ISO-10303-21;
HEADER;
FILE_DESCRIPTION (( 'STEP AP214' ),
    '1' );
FILE_NAME ('92000A010(Mirror).step.STEP',
    '2026-08-20T17:33:10',
    ( '' ),
    ( '' ),
    'SwSTEP 2.0',
    'SolidWorks 2026',
    '' );
FILE_SCHEMA (( 'AUTOMOTIVE_DESIGN' ));
ENDSEC;

DATA;
#1 = CARTESIAN_POINT ( 'NONE',  ( -1.154716704595970533, 7.070600581027142701E-17, -0.9249919168916415080 ) ) ;
#2 = VERTEX_POINT ( 'NONE', #1913 ) ;
#3 = CARTESIAN_POINT ( 'NONE',  ( 0.9999999999999995559, -1.189502530748162176E-08, -1.524999999206998691 ) ) ;
#4 = DIRECTION ( 'NONE',  ( 0.08715574274765507112, 0.000000000000000000, -0.9961946980917458783 ) ) ;
#5 = CYLINDRICAL_SURFACE ( 'NONE', #2582, 0.7401923788646699309 ) ;
#6 = CARTESIAN_POINT ( 'NONE',  ( 0.000000000000000000, 0.7401923788646699309, -0.9749999999999999778 ) ) ;
#7 = CARTESIAN_POINT ( 'NONE',  ( 0.001598050487010649638, -0.8000952482808779687, -0.05962796207218930972 ) ) ;
#8 = EDGE_CURVE ( 'NONE', #1887, #2831, #2334, .T. ) ;
#9 = FACE_OUTER_BOUND ( 'NONE', #3628, .T. ) ;
#10 = ORIENTED_EDGE ( 'NONE', *, *, #713, .T. ) ;
#11 = CARTESIAN_POINT ( 'NONE',  ( -0.9364095863158214961, 0.3515327833846150218, -1.701484794574161574 ) ) ;
#12 = CARTESIAN_POINT ( 'NONE',  ( 0.4061699515778752767, -0.6188260037170635330, -2.862147004517392013 ) ) ;
#13 = CARTESIAN_POINT ( 'NONE',  ( -0.3885489136734340265, 0.7477222373097309749, -4.569113484364081046 ) ) ;
#14 = CARTESIAN_POINT ( 'NONE',  ( 1.000000000000000000, 0.000000000000000000, 0.000000000000000000 ) ) ;
#15 = CARTESIAN_POINT ( 'NONE',  ( 0.03219584520683518858, 0.9996097066239079121, -0.4231473631656809120 ) ) ;
#16 = CARTESIAN_POINT ( 'NONE',  ( -0.0002343657602608242624, 0.7594951433116773343, -0.6250040431686340048 ) ) ;
#17 = ORIENTED_EDGE ( 'NONE', *, *, #1003, .F. ) ;
#18 = CARTESIAN_POINT ( 'NONE',  ( -0.4273502691896271521, 0.7401923788646699309, 0.1916666666666632934 ) ) ;
#19 = CARTESIAN_POINT ( 'NONE',  ( -1.154716704595970533, 7.070600581027142701E-17, -0.5249919168916421519 ) ) ;
#20 = ORIENTED_EDGE ( 'NONE', *, *, #3374, .T. ) ;
#21 = AXIS2_PLACEMENT_3D ( 'NONE', #2346, #1818, #3046 ) ;
#22 = EDGE_LOOP ( 'NONE', ( #2373, #2171, #3045, #540 ) ) ;
#23 = AXIS2_PLACEMENT_3D ( 'NONE', #1047, #435, #1645 ) ;
#24 = CARTESIAN_POINT ( 'NONE',  ( 0.6494955049438105865, 0.4899163171876539380, -0.07334858290186717367 ) ) ;
#25 = DIRECTION ( 'NONE',  ( 0.9203638919632285420, -0.3812272063696441338, -0.08715574274765663931 ) ) ;
#26 = CARTESIAN_POINT ( 'NONE',  ( -0.5219866587632733257, -0.8922269036098179340, -2.591666666666665897 ) ) ;
#27 = EDGE_CURVE ( 'NONE', #849, #1840, #243, .T. ) ;
#28 = DIRECTION ( 'NONE',  ( 0.000000000000000000, 3.239995458127760343E-15, -1.000000000000000000 ) ) ;
#29 = CARTESIAN_POINT ( 'NONE',  ( 0.5772994778541334915, 1.000087973173660716, 0.008327468455089562585 ) ) ;
#30 = VERTEX_POINT ( 'NONE', #1010 ) ;
#31 = CARTESIAN_POINT ( 'NONE',  ( -0.4897885150504149854, 0.2028770456284549883, -3.254999999999999893 ) ) ;
#32 = EDGE_CURVE ( 'NONE', #2831, #1161, #635, .T. ) ;
#33 = CARTESIAN_POINT ( 'NONE',  ( 0.6696248457101426910, -0.3160764840948965260, -2.896563997752295894 ) ) ;
#34 = CARTESIAN_POINT ( 'NONE',  ( 0.4990824237483523773, -0.8591582843658936985, -3.000000000000005329 ) ) ;
#35 = CARTESIAN_POINT ( 'NONE',  ( -0.4273502691896271521, -0.7401923788646699309, -1.991666666666658037 ) ) ;
#36 = DIRECTION ( 'NONE',  ( 0.9961946980917458783, 3.760579408893949336E-15, -0.08715574274765508500 ) ) ;
#37 = CARTESIAN_POINT ( 'NONE',  ( -0.7530789954423091626, 0.6611787125850800972, -0.4798845567541344392 ) ) ;
#38 = CARTESIAN_POINT ( 'NONE',  ( -0.7287192430168178969, 0.1342709915379345087, -0.7129644351042261352 ) ) ;
#39 = VERTEX_POINT ( 'NONE', #1851 ) ;
#40 = DIRECTION ( 'NONE',  ( 0.000000000000000000, 0.2228687765782410568, -0.9748484540822321964 ) ) ;
#41 = CARTESIAN_POINT ( 'NONE',  ( 0.000000000000000000, 1.000014000354360055, -0.4249919168916420631 ) ) ;
#42 = EDGE_LOOP ( 'NONE', ( #1166, #3402, #2707, #686 ) ) ;
#43 = CARTESIAN_POINT ( 'NONE',  ( 0.000000000000000000, 0.000000000000000000, 0.000000000000000000 ) ) ;
#44 = CARTESIAN_POINT ( 'NONE',  ( -0.8835971528893241667, -0.4716684582455083485, -1.356560993518715730 ) ) ;
#45 = CARTESIAN_POINT ( 'NONE',  ( 0.6331287876236050272, 0.5129888888066234109, -0.07465467407825719659 ) ) ;
#46 = CARTESIAN_POINT ( 'NONE',  ( -0.4936104769611185938, -0.8697686715193588824, -0.9921532123105605283 ) ) ;
#47 = AXIS2_PLACEMENT_3D ( 'NONE', #3856, #2694, #3230 ) ;
#48 = CARTESIAN_POINT ( 'NONE',  ( 0.3038024303812789095, -0.6749982082482367529, -0.8516295367485365864 ) ) ;
#49 = FACE_OUTER_BOUND ( 'NONE', #2961, .T. ) ;
#50 = CARTESIAN_POINT ( 'NONE',  ( 0.6090800958996804848, 0.4208359636890025568, -0.1631134770413156243 ) ) ;
#51 = ORIENTED_EDGE ( 'NONE', *, *, #2227, .T. ) ;
#52 = EDGE_CURVE ( 'NONE', #806, #1489, #2894, .T. ) ;
#53 = DIRECTION ( 'NONE',  ( 1.000000000000000000, 0.000000000000000000, 0.000000000000000000 ) ) ;
#54 = CARTESIAN_POINT ( 'NONE',  ( -0.3545085315830903139, -0.6498026370629395032, -2.793277882784565236 ) ) ;
#55 = CARTESIAN_POINT ( 'NONE',  ( 0.2617993877991412477, 1.000000000000002442, -2.408333333333333659 ) ) ;
#56 = CARTESIAN_POINT ( 'NONE',  ( -0.4273502691896260419, 0.7401923788646699309, -1.458333333333330151 ) ) ;
#57 = EDGE_CURVE ( 'NONE', #1339, #39, #454, .T. ) ;
#58 = CARTESIAN_POINT ( 'NONE',  ( -0.3797216870751279338, 0.6356287331951679942, -1.059269923547249137 ) ) ;
#59 = CARTESIAN_POINT ( 'NONE',  ( 0.3652900473107895674, -0.6438970808553234892, -0.05783164702470144219 ) ) ;
#60 = VERTEX_POINT ( 'NONE', #449 ) ;
#61 = DIRECTION ( 'NONE',  ( 0.2228687765782394192, 0.000000000000000000, -0.9748484540822326405 ) ) ;
#62 = CARTESIAN_POINT ( 'NONE',  ( -0.5773583522979830462, -1.000014000354360499, -0.1916585835583088648 ) ) ;
#63 = ORIENTED_EDGE ( 'NONE', *, *, #885, .F. ) ;
#64 = CARTESIAN_POINT ( 'NONE',  ( 1.000000000000001554, -0.2617993877991436347, -2.308333333333333126 ) ) ;
#65 = EDGE_CURVE ( 'NONE', #3370, #3896, #2881, .T. ) ;
#66 = ORIENTED_EDGE ( 'NONE', *, *, #1256, .T. ) ;
#67 = CARTESIAN_POINT ( 'NONE',  ( 0.6037179204332405735, 0.7992869112101418372, -1.183453724849003796 ) ) ;
#68 =( BOUNDED_SURFACE ( )  B_SPLINE_SURFACE ( 1, 2, ( 
 ( #1302, #3076, #3627, #3686, #912, #62, #3413, #3035, #2142, #1262, #2766, #2723, #41, #933, #3373, #19, #1868, #330, #3354, #2438, #2103, #640, #1848, #350, #1558, #1282, #3334, #1, #1221, #1583, #2161, #2418, #2461, #3393, #2481, #987, #2182, #3806, #160, #728, #2830, #3488, #2542, #785, #1944, #1692, #2560, #3726, #2888, #2274, #1908, #1040, #143, #1653, #3142, #2869, #3747, #2237, #1637, #766, #1925, #1025, #3449, #480, #3764, #3468, #3159, #428, #1378, #182, #2910, #408, #1962, #3786, #2201, #1621, #2218, #2577, #2850, #1058, #102, #1007, #121, #1078, #1319, #3504, #1337, #747, #3173, #2524, #444, #3192, #463, #1357, #2255, #1675, #1981, #3211, #2501, #3432, #706, #1727, #3823, #1413, #1114, #2653, #1133, #2051, #3859 ),
 ( #1765, #1173, #2930, #3840, #500, #3264, #2991, #2076, #2671, #1455, #2312, #3305, #570, #1785, #3558, #3541, #3599, #3902, #824, #2017, #860, #1474, #3879, #3249, #2369, #517, #883, #3011, #2952, #224, #1434, #2330, #242, #2633, #3282, #1395, #2595, #264, #3520, #1151, #2971, #1097, #840, #804, #532, #1745, #2350, #3577, #2539, #1037, #2845, #2866, #1053, #78, #1298, #3118, #1922, #139, #1958, #2555, #3761, #386, #3187, #458, #1670, #723, #3722, #3482, #3779, #1597, #2497, #742, #1353, #2232, #2197, #762, #1001, #2884, #1277, #702, #405, #1616, #1022, #118, #1905, #1939, #3703, #983, #2177, #3409, #3462, #3170, #679, #2826, #98, #3155, #441, #424, #2517, #3743, #2215, #2628, #156, #3819, #1093, #2325, #2924, #800, #1706 ) ),
 .UNSPECIFIED., .F., .F., .F. ) 
 B_SPLINE_SURFACE_WITH_KNOTS ( ( 2, 2 ),
 ( 3, 2, 2, 2, 2, 2, 2, 2, 2, 2, 2, 2, 2, 2, 2, 2, 2, 2, 2, 2, 2, 2, 2, 2, 2, 2, 2, 2, 2, 2, 2, 2, 2, 2, 2, 2, 2, 2, 2, 2, 2, 2, 2, 2, 2, 2, 2, 2, 2, 2, 2, 2, 2, 2, 3 ),
 ( -5.388738904565929579E-05, 1.000000000000000000 ),
 ( 0.000000000000000000, 0.01851851851851849667, 0.03703703703703700029, 0.05555555555555560104, 0.07407407407407409772, 0.09259259259259260133, 0.1111111111111110078, 0.1296296296296299833, 0.1481481481481480011, 0.1666666666666670182, 0.1851851851851850084, 0.2037037037037039977, 0.2222222222222219878, 0.2407407407407410049, 0.2592592592592590228, 0.2777777777777780122, 0.2962962962962960023, 0.3148148148148149916, 0.3333333333333329818, 0.3518518518518519711, 0.3703703703703700167, 0.3888888888888890061, 0.4074074074074069962, 0.4259259259259259855, 0.4444444444444439757, 0.4629629629629629650, 0.4814814814814810107, 0.5000000000000000000, 0.5185185185185180456, 0.5370370370370370905, 0.5555555555555560243, 0.5740740740740739589, 0.5925925925925930038, 0.6111111111111110494, 0.6296296296296299833, 0.6481481481481480289, 0.6666666666666670737, 0.6851851851851850084, 0.7037037037037039422, 0.7222222222222219878, 0.7407407407407410327, 0.7592592592592589673, 0.7777777777777779011, 0.7962962962962959468, 0.8148148148148149916, 0.8333333333333330373, 0.8518518518518520821, 0.8703703703703699057, 0.8888888888888889506, 0.9074074074074069962, 0.9259259259259260411, 0.9444444444444440867, 0.9629629629629630205, 0.9814814814814819544, 1.000000000000000000 ),
 .UNSPECIFIED. ) 
 GEOMETRIC_REPRESENTATION_ITEM ( )  RATIONAL_B_SPLINE_SURFACE ( (
 ( 1.000000000000000000, 0.8660254037844389297, 1.000000000000000000, 0.8660254037844389297, 1.000000000000000000, 0.8660254037844389297, 1.000000000000000000, 0.8660254037844389297, 1.000000000000000000, 0.8660254037844389297, 1.000000000000000000, 0.8660254037844389297, 1.000000000000000000, 0.8660254037844389297, 1.000000000000000000, 0.8660254037844389297, 1.000000000000000000, 0.8660254037844389297, 1.000000000000000000, 0.8660254037844389297, 1.000000000000000000, 0.8660254037844389297, 1.000000000000000000, 0.8660254037844389297, 1.000000000000000000, 0.8660254037844389297, 1.000000000000000000, 0.8660254037844389297, 1.000000000000000000, 0.8660254037844389297, 1.000000000000000000, 0.8660254037844389297, 1.000000000000000000, 0.8660254037844389297, 1.000000000000000000, 0.8660254037844389297, 1.000000000000000000, 0.8660254037844389297, 1.000000000000000000, 0.8660254037844389297, 1.000000000000000000, 0.8660254037844389297, 1.000000000000000000, 0.8660254037844389297, 1.000000000000000000, 0.8660254037844389297, 1.000000000000000000, 0.8660254037844389297, 1.000000000000000000, 0.8660254037844389297, 1.000000000000000000, 0.8660254037844389297, 1.000000000000000000, 0.8660254037844389297, 1.000000000000000000, 0.8660254037844389297, 1.000000000000000000, 0.8660254037844389297, 1.000000000000000000, 0.8660254037844389297, 1.000000000000000000, 0.8660254037844389297, 1.000000000000000000, 0.8660254037844389297, 1.000000000000000000, 0.8660254037844389297, 1.000000000000000000, 0.8660254037844389297, 1.000000000000000000, 0.8660254037844389297, 1.000000000000000000, 0.8660254037844389297, 1.000000000000000000, 0.8660254037844389297, 1.000000000000000000, 0.8660254037844389297, 1.000000000000000000, 0.8660254037844389297, 1.000000000000000000, 0.8660254037844389297, 1.000000000000000000, 0.8660254037844389297, 1.000000000000000000, 0.8660254037844389297, 1.000000000000000000, 0.8660254037844389297, 1.000000000000000000, 0.8660254037844389297, 1.000000000000000000, 0.8660254037844389297, 1.000000000000000000, 0.8660254037844389297, 1.000000000000000000, 0.8660254037844389297, 1.000000000000000000, 0.8660254037844389297, 1.000000000000000000, 0.8660254037844389297, 1.000000000000000000, 0.8660254037844389297, 1.000000000000000000, 0.8660254037844389297, 1.000000000000000000, 0.8660254037844389297, 1.000000000000000000, 0.8660254037844389297, 1.000000000000000000, 0.8660254037844389297, 1.000000000000000000),
 ( 1.000000000000000000, 0.8660254037844389297, 1.000000000000000000, 0.8660254037844389297, 1.000000000000000000, 0.8660254037844389297, 1.000000000000000000, 0.8660254037844389297, 1.000000000000000000, 0.8660254037844389297, 1.000000000000000000, 0.8660254037844389297, 1.000000000000000000, 0.8660254037844389297, 1.000000000000000000, 0.8660254037844389297, 1.000000000000000000, 0.8660254037844389297, 1.000000000000000000, 0.8660254037844389297, 1.000000000000000000, 0.8660254037844389297, 1.000000000000000000, 0.8660254037844389297, 1.000000000000000000, 0.8660254037844389297, 1.000000000000000000, 0.8660254037844389297, 1.000000000000000000, 0.8660254037844389297, 1.000000000000000000, 0.8660254037844389297, 1.000000000000000000, 0.8660254037844389297, 1.000000000000000000, 0.8660254037844389297, 1.000000000000000000, 0.8660254037844389297, 1.000000000000000000, 0.8660254037844389297, 1.000000000000000000, 0.8660254037844389297, 1.000000000000000000, 0.8660254037844389297, 1.000000000000000000, 0.8660254037844389297, 1.000000000000000000, 0.8660254037844389297, 1.000000000000000000, 0.8660254037844389297, 1.000000000000000000, 0.8660254037844389297, 1.000000000000000000, 0.8660254037844389297, 1.000000000000000000, 0.8660254037844389297, 1.000000000000000000, 0.8660254037844389297, 1.000000000000000000, 0.8660254037844389297, 1.000000000000000000, 0.8660254037844389297, 1.000000000000000000, 0.8660254037844389297, 1.000000000000000000, 0.8660254037844389297, 1.000000000000000000, 0.8660254037844389297, 1.000000000000000000, 0.8660254037844389297, 1.000000000000000000, 0.8660254037844389297, 1.000000000000000000, 0.8660254037844389297, 1.000000000000000000, 0.8660254037844389297, 1.000000000000000000, 0.8660254037844389297, 1.000000000000000000, 0.8660254037844389297, 1.000000000000000000, 0.8660254037844389297, 1.000000000000000000, 0.8660254037844389297, 1.000000000000000000, 0.8660254037844389297, 1.000000000000000000, 0.8660254037844389297, 1.000000000000000000, 0.8660254037844389297, 1.000000000000000000, 0.8660254037844389297, 1.000000000000000000, 0.8660254037844389297, 1.000000000000000000, 0.8660254037844389297, 1.000000000000000000, 0.8660254037844389297, 1.000000000000000000, 0.8660254037844389297, 1.000000000000000000, 0.8660254037844389297, 1.000000000000000000, 0.8660254037844389297, 1.000000000000000000, 0.8660254037844389297, 1.000000000000000000, 0.8660254037844389297, 1.000000000000000000) ) ) 
 REPRESENTATION_ITEM ( '' )  SURFACE ( )  );
#69 = CARTESIAN_POINT ( 'NONE',  ( 0.6854892196841703145, -0.2792734461188240980, -0.8999644938115836101 ) ) ;
#70 = CARTESIAN_POINT ( 'NONE',  ( 0.1937819116403652897, -0.7401923788646703750, -2.441666666666666874 ) ) ;
#71 = CONICAL_SURFACE ( 'NONE', #456, 1.500000000000000000, 0.2617993877991502405 ) ;
#72 = ORIENTED_EDGE ( 'NONE', *, *, #2634, .F. ) ;
#73 = CARTESIAN_POINT ( 'NONE',  ( -1.000000000000000000, -4.341978872923810008E-16, -1.724999999999999867 ) ) ;
#74 = FACE_OUTER_BOUND ( 'NONE', #1609, .T. ) ;
#75 = CARTESIAN_POINT ( 'NONE',  ( 0.5705936030086782296, -0.7924814208523049963, -3.000167805165483426 ) ) ;
#76 = CARTESIAN_POINT ( 'NONE',  ( 0.8660254037844390407, 0.5000000000000000000, -0.7083333333333319271 ) ) ;
#77 = CARTESIAN_POINT ( 'NONE',  ( -0.5562029450903620553, 0.4886243982268271835, -1.079614268120036913 ) ) ;
#78 = CARTESIAN_POINT ( 'NONE',  ( -0.4273502691896271521, -0.7401923788646699309, -1.941666666666672203 ) ) ;
#79 =( BOUNDED_CURVE ( )  B_SPLINE_CURVE ( 2, ( #3348, #1823, #1513, #2032, #904, #2695, #3049, #1453, #2412 ),
 .UNSPECIFIED., .F., .T. ) 
 B_SPLINE_CURVE_WITH_KNOTS ( ( 3, 2, 2, 2, 3 ),
 ( 0.5000000000000000000, 0.5833333333333250437, 0.7500000000000000000, 0.9166666666666660745, 1.000000000000000000 ),
 .UNSPECIFIED. ) 
 CURVE ( )  GEOMETRIC_REPRESENTATION_ITEM ( )  RATIONAL_B_SPLINE_CURVE ( ( 0.9330127018922194093, 0.9330127018922298454, 1.000000000000000000, 0.8660254037844389297, 1.000000000000000000, 0.8660254037844389297, 1.000000000000000000, 0.9330127018922227400, 0.9330127018922195203 ) ) 
 REPRESENTATION_ITEM ( '' )  );
#80 = CARTESIAN_POINT ( 'NONE',  ( 0.3324440440377450234, -0.6618064384615155449, -0.05446916232939554708 ) ) ;
#81 = ORIENTED_EDGE ( 'NONE', *, *, #1769, .F. ) ;
#82 = CARTESIAN_POINT ( 'NONE',  ( 0.7401923788501801882, -4.631459306556437138E-06, -0.07499968226472029931 ) ) ;
#83 = CARTESIAN_POINT ( 'NONE',  ( -0.9253751042460509613, -0.3832526995279638138, -0.5504540216290966237 ) ) ;
#84 = EDGE_CURVE ( 'NONE', #787, #3727, #2674, .T. ) ;
#85 = ORIENTED_EDGE ( 'NONE', *, *, #3229, .F. ) ;
#86 = CARTESIAN_POINT ( 'NONE',  ( 0.6990267820382002339, 0.2460725123458605834, -2.946886044362367674 ) ) ;
#87 = DIRECTION ( 'NONE',  ( 0.000000000000000000, 3.239995458127760343E-15, -1.000000000000000000 ) ) ;
#88 = CARTESIAN_POINT ( 'NONE',  ( 0.6951813402148737664, 0.7188514585972682891, -1.175461566814185455 ) ) ;
#89 = CARTESIAN_POINT ( 'NONE',  ( 0.5231268632796886031, -0.5236665622687083355, -0.8755535242584072675 ) ) ;
#90 = CARTESIAN_POINT ( 'NONE',  ( 0.2735788812050340413, -0.7248532759736970865, -3.254999999999999893 ) ) ;
#91 = ORIENTED_EDGE ( 'NONE', *, *, #1619, .T. ) ;
#92 = FACE_OUTER_BOUND ( 'NONE', #601, .T. ) ;
#93 = CARTESIAN_POINT ( 'NONE',  ( -0.9999999999994338973, 0.2679491924321038554, -2.857136720504519278 ) ) ;
#94 = CARTESIAN_POINT ( 'NONE',  ( 0.7088025530347920045, 0.3993656951584350634, -3.000035025506400999 ) ) ;
#95 = CARTESIAN_POINT ( 'NONE',  ( 0.000000000000000000, 1.000000000000000000, -0.3750000000000000000 ) ) ;
#96 = CARTESIAN_POINT ( 'NONE',  ( 0.5773502691896256200, -1.000000000000000222, -2.608333333333331616 ) ) ;
#97 = CARTESIAN_POINT ( 'NONE',  ( -0.3348111765054085920, 0.6602251707713485684, -1.054697109563091262 ) ) ;
#98 = CARTESIAN_POINT ( 'NONE',  ( 0.6410254037844400621, 0.3700961894323349655, -3.308333333333330017 ) ) ;
#99 = CARTESIAN_POINT ( 'NONE',  ( 0.1666378078145176744, -0.7212310144538836010, -0.03892439694630348695 ) ) ;
#100 = CARTESIAN_POINT ( 'NONE',  ( 0.7401924162542404817, 0.005961784408149455559, -0.07553715628326043707 ) ) ;
#101 = CARTESIAN_POINT ( 'NONE',  ( -0.6410254037844400621, 0.3700961894323349655, -0.2416666666666699992 ) ) ;
#102 = CARTESIAN_POINT ( 'NONE',  ( 0.8660375284469739032, -0.5000070001771790285, -2.691658583558299789 ) ) ;
#103 = EDGE_CURVE ( 'NONE', #2111, #749, #2489, .T. ) ;
#104 = ORIENTED_EDGE ( 'NONE', *, *, #2962, .T. ) ;
#105 = CARTESIAN_POINT ( 'NONE',  ( 0.9999999999994653166, -1.033991371917369617E-06, -1.874999964246994555 ) ) ;
#106 = CARTESIAN_POINT ( 'NONE',  ( -0.4908824529936980929, -0.8206468717903194765, -0.2159561915513599217 ) ) ;
#107 = CARTESIAN_POINT ( 'NONE',  ( 0.9999999999997326583, 7.312167016741102211E-07, -1.125000048747759385 ) ) ;
#108 = CARTESIAN_POINT ( 'NONE',  ( -0.3934743026487137474, -0.6273112067561824601, -0.7892256387471834334 ) ) ;
#109 = CARTESIAN_POINT ( 'NONE',  ( -0.6800984079220997458, 0.5732503333142359159, -0.1465295457680704239 ) ) ;
#110 = VECTOR ( 'NONE', #1966, 1000.000000000000114 ) ;
#111 = EDGE_LOOP ( 'NONE', ( #3775, #1439, #3132, #3470 ) ) ;
#112 = CIRCLE ( 'NONE', #3803, 0.7401923788646690427 ) ;
#113 = B_SPLINE_CURVE_WITH_KNOTS ( 'NONE', 3,
 ( #943, #2095, #2716, #1213 ),
 .UNSPECIFIED., .F., .F.,
 ( 4, 4 ),
 ( 0.000000000000000000, 0.001105000282511270100 ),
 .UNSPECIFIED. ) ;
#114 = DIRECTION ( 'NONE',  ( -0.3826834323650799563, -0.9238795325112908463, 0.000000000000000000 ) ) ;
#115 = CARTESIAN_POINT ( 'NONE',  ( 0.9989760320981260211, -0.04876261360010950702, -0.3217550403460774366 ) ) ;
#116 = CARTESIAN_POINT ( 'NONE',  ( 0.8481619342027744146, 0.1178340107977903090, -2.999999741219721461 ) ) ;
#117 = CARTESIAN_POINT ( 'NONE',  ( 0.5773502691896256200, 1.000000000000000222, -0.3416666666666663410 ) ) ;
#118 = CARTESIAN_POINT ( 'NONE',  ( 0.4273502691896271521, 0.7401923788646699309, -2.941666666666661545 ) ) ;
#119 = FACE_OUTER_BOUND ( 'NONE', #1177, .T. ) ;
#120 = CARTESIAN_POINT ( 'NONE',  ( 0.5802041665019774808, 0.4621147640629303388, -1.367815826722318162 ) ) ;
#121 = CARTESIAN_POINT ( 'NONE',  ( 0.8660375284469739032, 0.5000070001771780293, -2.758325250224970215 ) ) ;
#122 = CARTESIAN_POINT ( 'NONE',  ( 0.5970370076798776626, 0.5205596941040853132, -3.000008747870547499 ) ) ;
#123 = ORIENTED_EDGE ( 'NONE', *, *, #1941, .F. ) ;
#124 = CARTESIAN_POINT ( 'NONE',  ( 0.000000000000000000, -1.259922254300260102E-14, -3.306000000000000050 ) ) ;
#125 = CARTESIAN_POINT ( 'NONE',  ( -0.1937819116403658448, 0.7401923788646701530, -2.641666666666666607 ) ) ;
#126 = CARTESIAN_POINT ( 'NONE',  ( 0.9999999999853641519, 5.410279810787185758E-06, -0.2750006004528414705 ) ) ;
#127 = CARTESIAN_POINT ( 'NONE',  ( 0.1409200560601456820, 0.9921791596660437529, -1.216420549085476921 ) ) ;
#128 = DIRECTION ( 'NONE',  ( -2.262476735997910160E-29, 6.479990916255510431E-15, -1.000000000000000000 ) ) ;
#129 = CLOSED_SHELL ( 'NONE', ( #3372, #3461, #3423, #3183, #2016, #3598, #2670, #2306, #3070, #1780, #1324, #3020, #2394, #2468, #588, #3696, #2934, #1184, #3774, #259, #3552, #2945, #135, #1128, #1006, #3615, #797, #3657, #2880, #1346, #1979, #1077, #499, #1886, #2772, #637, #2649, #2724, #2486, #462, #2459, #1893, #2523, #1830, #2379, #1951, #662, #409, #1242, #1753, #1712, #169, #2768, #2908, #2192, #616, #3536, #1730, #181, #2856, #2861, #645, #132, #1657, #2876, #312, #3660, #3129 ) ) ;
#130 = CARTESIAN_POINT ( 'NONE',  ( -0.1004152928057337746, -0.7349459605143864316, -0.8167840930267514787 ) ) ;
#131 = CARTESIAN_POINT ( 'NONE',  ( -0.7401923788646705971, -0.1937819116403644293, -2.341666666666666341 ) ) ;
#132 = ADVANCED_FACE ( 'NONE', ( #140 ), #2519, .T. ) ;
#133 = VERTEX_POINT ( 'NONE', #1023 ) ;
#134 = CARTESIAN_POINT ( 'NONE',  ( -9.064742275298830802E-17, -0.7401923788646699309, -1.574999999999999956 ) ) ;
#135 = ADVANCED_FACE ( 'NONE', ( #1354 ), #3390, .F. ) ;
#136 = CARTESIAN_POINT ( 'NONE',  ( 0.000000000000000000, 1.999999999999988676, -3.722296913319433909 ) ) ;
#137 = AXIS2_PLACEMENT_3D ( 'NONE', #1281, #3157, #40 ) ;
#138 = CARTESIAN_POINT ( 'NONE',  ( 0.4273502691896271521, 0.7401923788646699309, -3.391666666666658170 ) ) ;
#139 = CARTESIAN_POINT ( 'NONE',  ( 0.8547005383792529720, -1.570059417833509065E-16, -2.074999999999998845 ) ) ;
#140 = FACE_OUTER_BOUND ( 'NONE', #2345, .T. ) ;
#141 = FACE_OUTER_BOUND ( 'NONE', #908, .T. ) ;
#142 = CARTESIAN_POINT ( 'NONE',  ( -0.8626343091483429371, -0.2737700356140101432, -3.000000388718765620 ) ) ;
#143 = CARTESIAN_POINT ( 'NONE',  ( -0.8660375284469739032, -0.5000070001771780293, -1.758325250224969993 ) ) ;
#144 = CARTESIAN_POINT ( 'NONE',  ( -0.7059751205914976957, -0.7082368576175448460, -0.9745107361383533728 ) ) ;
#145 = VERTEX_POINT ( 'NONE', #1635 ) ;
#146 = LINE ( 'NONE', #2914, #1819 ) ;
#147 = CARTESIAN_POINT ( 'NONE',  ( 0.7248902354926733960, 0.1803135638469747504, -0.1408868014125374823 ) ) ;
#148 = CARTESIAN_POINT ( 'NONE',  ( -0.4507913274160323946, -0.8458209262484720492, -0.2180495145921036992 ) ) ;
#149 = CARTESIAN_POINT ( 'NONE',  ( -0.8287518106185273181, 0.5634206025003709595, -1.287183335523414351 ) ) ;
#150 = CARTESIAN_POINT ( 'NONE',  ( -0.8368374293180419476, -0.5474607003477324207, -2.961606687837800234 ) ) ;
#151 = DIRECTION ( 'NONE',  ( 0.000000000000000000, 0.000000000000000000, 1.000000000000000000 ) ) ;
#152 = ORIENTED_EDGE ( 'NONE', *, *, #759, .F. ) ;
#153 = CYLINDRICAL_SURFACE ( 'NONE', #3463, 0.7401923788646699309 ) ;
#154 = CARTESIAN_POINT ( 'NONE',  ( 0.7401924412350978644, -0.005912121165521735423, -2.924467516001439726 ) ) ;
#155 = CARTESIAN_POINT ( 'NONE',  ( 1.154700538379251240, -2.121150477449807913E-16, -0.2749999999999991895 ) ) ;
#156 = CARTESIAN_POINT ( 'NONE',  ( -9.064742275298830802E-17, -0.7401923788646699309, -3.575000000000000178 ) ) ;
#157 = DIRECTION ( 'NONE',  ( -3.239995458127760343E-15, 3.239995458127720111E-15, -1.000000000000000000 ) ) ;
#158 = FACE_OUTER_BOUND ( 'NONE', #1729, .T. ) ;
#159 = CARTESIAN_POINT ( 'NONE',  ( -0.7908511548828528470, -0.4915707286999547732, -2.999997542911911896 ) ) ;
#160 = CARTESIAN_POINT ( 'NONE',  ( -0.8660375284469739032, 0.5000070001771790285, -1.291658583558309870 ) ) ;
#161 = B_SPLINE_CURVE_WITH_KNOTS ( 'NONE', 3,
 ( #3659, #612, #3878, #2718, #593, #944, #549, #2740, #2097, #926, #3622, #569, #3940, #3901, #2413, #2136, #1764, #3050, #3327, #1784, #858, #3010, #241, #2392, #2652, #3028, #1171, #1824, #1494, #2696, #3922, #1803, #2825, #2176, #982, #1615, #3444, #655, #345, #363, #97, #3092, #58, #2787, #3389, #1596, #3427, #701, #3702, #1921, #3069, #1315, #77, #3742, #1020, #3408, #678, #1883, #1552, #722, #1296, #3679, #2214, #1904, #1577, #3138, #3721, #2761 ),
 .UNSPECIFIED., .F., .F.,
 ( 4, 2, 2, 2, 1, 2, 2, 2, 2, 2, 2, 2, 1, 1, 1, 2, 2, 2, 1, 2, 2, 2, 1, 2, 2, 2, 2, 2, 1, 2, 2, 2, 2, 1, 1, 1, 2, 2, 4 ),
 ( 0.4995428445222013236, 0.5620999889569363583, 0.6246571333916713931, 0.6266120441552568421, 0.6285669549188422911, 0.6324767764460133002, 0.6402964195003550962, 0.6559357056090386884, 0.6637553486633804845, 0.6715749917177222805, 0.6872142778264058727, 0.6891691885899912107, 0.6911240993535765487, 0.6950339208807472247, 0.7028535639350884656, 0.7184928500437710586, 0.7497714222611363555, 0.7575910653154775964, 0.7654107083698189484, 0.7810499944785016524, 0.8123285666958667273, 0.8142834774594520653, 0.8162383882230372922, 0.8201482097502079682, 0.8279678528045493202, 0.8436071389132320242, 0.8748857111305974321, 0.8787955326577661097, 0.8827053541849350093, 0.8905249972392725866, 0.9061642833479478520, 0.9374428555652983830, 0.9384203109470905524, 0.9393977663288828328, 0.9413526770924672826, 0.9452624986196360712, 0.9530821416739738705, 0.9687214277826492470, 1.000000000000000000 ),
 .UNSPECIFIED. ) ;
#162 = CARTESIAN_POINT ( 'NONE',  ( 0.7401923788152368067, -8.554523263483964349E-06, -2.874999229522811728 ) ) ;
#163 = ORIENTED_EDGE ( 'NONE', *, *, #2788, .T. ) ;
#164 = CARTESIAN_POINT ( 'NONE',  ( -0.6410254037844400621, -0.3700961894323349655, 0.04166666666666429819 ) ) ;
#165 = AXIS2_PLACEMENT_3D ( 'NONE', #1312, #3441, #3739 ) ;
#166 = CARTESIAN_POINT ( 'NONE',  ( 0.7401923788139170846, 8.667967984544521661E-06, -0.1250007806943874977 ) ) ;
#167 = CARTESIAN_POINT ( 'NONE',  ( -0.5755396943746432514, -0.7604657631224442937, -0.2113664162336624242 ) ) ;
#168 = CARTESIAN_POINT ( 'NONE',  ( 0.07209588275485213915, 1.000021287781707846, -1.220623010455056612 ) ) ;
#169 = ADVANCED_FACE ( 'NONE', ( #119 ), #3690, .T. ) ;
#170 = CIRCLE ( 'NONE', #3415, 2.000000000000000000 ) ;
#171 = DIRECTION ( 'NONE',  ( 0.000000000000000000, 0.000000000000000000, 1.000000000000000000 ) ) ;
#172 = ORIENTED_EDGE ( 'NONE', *, *, #314, .T. ) ;
#173 = EDGE_CURVE ( 'NONE', #1734, #3308, #1673, .T. ) ;
#174 =( BOUNDED_CURVE ( )  B_SPLINE_CURVE ( 2, ( #2863, #2879, #796, #1369, #134, #2569, #3798, #3530, #1123 ),
 .UNSPECIFIED., .F., .F. ) 
 B_SPLINE_CURVE_WITH_KNOTS ( ( 3, 2, 2, 2, 3 ),
 ( 0.000000000000000000, 0.08333333333325289305, 0.2499999999999380496, 0.4166666666666142271, 0.5000000000000000000 ),
 .UNSPECIFIED. ) 
 CURVE ( )  GEOMETRIC_REPRESENTATION_ITEM ( )  RATIONAL_B_SPLINE_CURVE ( ( 0.9330127018922194093, 0.9330127018922881321, 1.000000000000000000, 0.8660254037844389297, 1.000000000000000000, 0.8660254037844389297, 1.000000000000000000, 0.9330127018921847704, 0.9330127018922195203 ) ) 
 REPRESENTATION_ITEM ( '' )  );
#175 = CARTESIAN_POINT ( 'NONE',  ( -1.000000000000000000, -1.132740442366720088E-16, -2.125000000000000000 ) ) ;
#176 = CARTESIAN_POINT ( 'NONE',  ( 0.8660254037844380415, -0.5000000000000000000, -3.441666666666659768 ) ) ;
#177 = VECTOR ( 'NONE', #846, 1000.000000000000000 ) ;
#178 = CARTESIAN_POINT ( 'NONE',  ( 0.4964731665138469863, 0.4964731665138450434, -4.609806201873260179 ) ) ;
#179 = CARTESIAN_POINT ( 'NONE',  ( 0.000000000000000000, 0.000000000000000000, 0.000000000000000000 ) ) ;
#180 = CARTESIAN_POINT ( 'NONE',  ( -0.8623794961904318601, 0.04847383021739211373, -2.999985871992183029 ) ) ;
#181 = ADVANCED_FACE ( 'NONE', ( #2291 ), #2307, .T. ) ;
#182 = CARTESIAN_POINT ( 'NONE',  ( 1.154716704595970533, -2.121180174308142071E-16, -2.324991916891640642 ) ) ;
#183 = CARTESIAN_POINT ( 'NONE',  ( 0.9665689781046686857, -0.2584847332342508075, -1.107841390494262779 ) ) ;
#184 = EDGE_CURVE ( 'NONE', #3716, #252, #2061, .T. ) ;
#185 = VERTEX_POINT ( 'NONE', #1723 ) ;
#186 = CARTESIAN_POINT ( 'NONE',  ( -0.4273502691896260419, 0.7401923788646699309, 0.1416666666666639984 ) ) ;
#187 = CARTESIAN_POINT ( 'NONE',  ( 0.6678199061330487574, 0.3202766743073358624, -0.1535461200190540998 ) ) ;
#188 = CARTESIAN_POINT ( 'NONE',  ( 0.01750289222712930054, -0.9805577904993734162, -0.2385508305277188046 ) ) ;
#189 = CARTESIAN_POINT ( 'NONE',  ( -1.000000000000000000, 0.08887051946375995604, -1.319075298702413468 ) ) ;
#190 = DIRECTION ( 'NONE',  ( 0.000000000000000000, 0.000000000000000000, 1.000000000000000000 ) ) ;
#191 = CARTESIAN_POINT ( 'NONE',  ( 0.8635814197573222772, 0.04159120670912507672, -2.999998561002945152 ) ) ;
#192 = B_SPLINE_CURVE_WITH_KNOTS ( 'NONE', 3,
 ( #537, #3607, #3584, #1772, #3545, #865, #828, #2638, #229, #1418, #2024, #522, #1732, #890, #2957, #1438, #3864 ),
 .UNSPECIFIED., .F., .F.,
 ( 4, 2, 2, 1, 1, 1, 2, 2, 2, 4 ),
 ( 0.5726036378285827011, 0.6794527283714353327, 0.7328772736428617041, 0.7595895462785747787, 0.7729456825964313715, 0.7796237507553597235, 0.7829627848348238439, 0.7863018189142879644, 0.8931509094571439267, 1.000000000000000000 ),
 .UNSPECIFIED. ) ;
#193 = VERTEX_POINT ( 'NONE', #1451 ) ;
#194 = DIRECTION ( 'NONE',  ( -1.000000000000000000, 0.000000000000000000, 0.000000000000000000 ) ) ;
#195 = CARTESIAN_POINT ( 'NONE',  ( 0.6622241662809968954, -0.3862411230925588690, -0.02617334097094323186 ) ) ;
#196 = CARTESIAN_POINT ( 'NONE',  ( -0.5773502691896256200, -1.000000000000000222, -2.941666666666661545 ) ) ;
#197 = FACE_OUTER_BOUND ( 'NONE', #1719, .T. ) ;
#198 = CARTESIAN_POINT ( 'NONE',  ( 0.7401923788152368067, -8.554523263483964349E-06, -2.874999229522811728 ) ) ;
#199 = FACE_OUTER_BOUND ( 'NONE', #2039, .T. ) ;
#200 =( BOUNDED_SURFACE ( )  B_SPLINE_SURFACE ( 1, 2, ( 
 ( #2278, #186, #1947, #3176, #164, #521, #788, #1985, #1437, #2956, #1714, #227, #503, #483, #1658, #2872, #447, #1062, #1696, #2022, #2637, #207, #3523, #2598, #1043, #3826, #750, #1416, #1360, #2617, #3471, #807, #2563, #3789, #2001, #3235, #2933, #3844, #2316, #3544, #827, #2259, #1178, #2333, #1749, #1136, #2656, #2786, #1479, #56, #248, #3883, #535, #2175, #845, #3267, #1275, #1576, #2055, #1458, #962, #3285, #3561, #2475, #2677, #35, #2036, #362, #3701, #2976, #2375, #1550, #3068, #1155, #343, #2354, #3603, #2995, #2155, #554, #3582, #1254, #863, #981, #1770, #3407, #676, #268, #3908, #888, #3863, #2080, #3310, #654, #1882, #3116, #384, #576, #2452, #2760, #1595, #1789, #3678, #3388, #1861, #3091, #3154, #138, #2516 ),
 ( #3169, #1634, #3720, #457, #1614, #699, #402, #2823, #2212, #155, #1669, #117, #95, #3760, #3186, #1314, #1957, #1352, #1902, #3443, #3741, #3800, #76, #1372, #422, #2883, #1295, #3481, #440, #2865, #1334, #2572, #474, #2538, #1073, #2231, #3778, #3137, #1938, #1017, #721, #1920, #2495, #2844, #999, #1036, #2269, #3460, #741, #1649, #2554, #3500, #1052, #2251, #761, #780, #1976, #3206, #2805, #2195, #3426, #2324, #3516, #1722, #2363, #3894, #3532, #1687, #2943, #3243, #2965, #1705, #1448, #3259, #2044, #1466, #3226, #493, #2290, #3551, #3276, #3590, #2986, #1737, #799, #873, #2068, #3296, #3854, #196, #1164, #255, #1994, #2923, #1143, #1758, #2646, #1406, #834, #2609, #817, #1108, #1391, #3834, #176, #2304, #543, #2011, #512 ) ),
 .UNSPECIFIED., .F., .F., .F. ) 
 B_SPLINE_SURFACE_WITH_KNOTS ( ( 2, 2 ),
 ( 3, 2, 2, 2, 2, 2, 2, 2, 2, 2, 2, 2, 2, 2, 2, 2, 2, 2, 2, 2, 2, 2, 2, 2, 2, 2, 2, 2, 2, 2, 2, 2, 2, 2, 2, 2, 2, 2, 2, 2, 2, 2, 2, 2, 2, 2, 2, 2, 2, 2, 2, 2, 2, 2, 3 ),
 ( 0.000000000000000000, 1.000000000000000000 ),
 ( 0.000000000000000000, 0.01851851851851849667, 0.03703703703703700029, 0.05555555555555560104, 0.07407407407407409772, 0.09259259259259260133, 0.1111111111111110078, 0.1296296296296299833, 0.1481481481481480011, 0.1666666666666670182, 0.1851851851851850084, 0.2037037037037039977, 0.2222222222222219878, 0.2407407407407410049, 0.2592592592592590228, 0.2777777777777780122, 0.2962962962962960023, 0.3148148148148149916, 0.3333333333333329818, 0.3518518518518519711, 0.3703703703703700167, 0.3888888888888890061, 0.4074074074074069962, 0.4259259259259259855, 0.4444444444444439757, 0.4629629629629629650, 0.4814814814814810107, 0.5000000000000000000, 0.5185185185185180456, 0.5370370370370370905, 0.5555555555555560243, 0.5740740740740739589, 0.5925925925925930038, 0.6111111111111110494, 0.6296296296296299833, 0.6481481481481480289, 0.6666666666666670737, 0.6851851851851850084, 0.7037037037037039422, 0.7222222222222219878, 0.7407407407407410327, 0.7592592592592589673, 0.7777777777777779011, 0.7962962962962959468, 0.8148148148148149916, 0.8333333333333330373, 0.8518518518518520821, 0.8703703703703699057, 0.8888888888888889506, 0.9074074074074069962, 0.9259259259259260411, 0.9444444444444440867, 0.9629629629629630205, 0.9814814814814819544, 1.000000000000000000 ),
 .UNSPECIFIED. ) 
 GEOMETRIC_REPRESENTATION_ITEM ( )  RATIONAL_B_SPLINE_SURFACE ( (
 ( 1.000000000000000000, 0.8660254037844389297, 1.000000000000000000, 0.8660254037844389297, 1.000000000000000000, 0.8660254037844389297, 1.000000000000000000, 0.8660254037844389297, 1.000000000000000000, 0.8660254037844389297, 1.000000000000000000, 0.8660254037844389297, 1.000000000000000000, 0.8660254037844389297, 1.000000000000000000, 0.8660254037844389297, 1.000000000000000000, 0.8660254037844389297, 1.000000000000000000, 0.8660254037844389297, 1.000000000000000000, 0.8660254037844389297, 1.000000000000000000, 0.8660254037844389297, 1.000000000000000000, 0.8660254037844389297, 1.000000000000000000, 0.8660254037844389297, 1.000000000000000000, 0.8660254037844389297, 1.000000000000000000, 0.8660254037844389297, 1.000000000000000000, 0.8660254037844389297, 1.000000000000000000, 0.8660254037844389297, 1.000000000000000000, 0.8660254037844389297, 1.000000000000000000, 0.8660254037844389297, 1.000000000000000000, 0.8660254037844389297, 1.000000000000000000, 0.8660254037844389297, 1.000000000000000000, 0.8660254037844389297, 1.000000000000000000, 0.8660254037844389297, 1.000000000000000000, 0.8660254037844389297, 1.000000000000000000, 0.8660254037844389297, 1.000000000000000000, 0.8660254037844389297, 1.000000000000000000, 0.8660254037844389297, 1.000000000000000000, 0.8660254037844389297, 1.000000000000000000, 0.8660254037844389297, 1.000000000000000000, 0.8660254037844389297, 1.000000000000000000, 0.8660254037844389297, 1.000000000000000000, 0.8660254037844389297, 1.000000000000000000, 0.8660254037844389297, 1.000000000000000000, 0.8660254037844389297, 1.000000000000000000, 0.8660254037844389297, 1.000000000000000000, 0.8660254037844389297, 1.000000000000000000, 0.8660254037844389297, 1.000000000000000000, 0.8660254037844389297, 1.000000000000000000, 0.8660254037844389297, 1.000000000000000000, 0.8660254037844389297, 1.000000000000000000, 0.8660254037844389297, 1.000000000000000000, 0.8660254037844389297, 1.000000000000000000, 0.8660254037844389297, 1.000000000000000000, 0.8660254037844389297, 1.000000000000000000, 0.8660254037844389297, 1.000000000000000000, 0.8660254037844389297, 1.000000000000000000, 0.8660254037844389297, 1.000000000000000000, 0.8660254037844389297, 1.000000000000000000, 0.8660254037844389297, 1.000000000000000000, 0.8660254037844389297, 1.000000000000000000, 0.8660254037844389297, 1.000000000000000000, 0.8660254037844389297, 1.000000000000000000, 0.8660254037844389297, 1.000000000000000000),
 ( 1.000000000000000000, 0.8660254037844389297, 1.000000000000000000, 0.8660254037844389297, 1.000000000000000000, 0.8660254037844389297, 1.000000000000000000, 0.8660254037844389297, 1.000000000000000000, 0.8660254037844389297, 1.000000000000000000, 0.8660254037844389297, 1.000000000000000000, 0.8660254037844389297, 1.000000000000000000, 0.8660254037844389297, 1.000000000000000000, 0.8660254037844389297, 1.000000000000000000, 0.8660254037844389297, 1.000000000000000000, 0.8660254037844389297, 1.000000000000000000, 0.8660254037844389297, 1.000000000000000000, 0.8660254037844389297, 1.000000000000000000, 0.8660254037844389297, 1.000000000000000000, 0.8660254037844389297, 1.000000000000000000, 0.8660254037844389297, 1.000000000000000000, 0.8660254037844389297, 1.000000000000000000, 0.8660254037844389297, 1.000000000000000000, 0.8660254037844389297, 1.000000000000000000, 0.8660254037844389297, 1.000000000000000000, 0.8660254037844389297, 1.000000000000000000, 0.8660254037844389297, 1.000000000000000000, 0.8660254037844389297, 1.000000000000000000, 0.8660254037844389297, 1.000000000000000000, 0.8660254037844389297, 1.000000000000000000, 0.8660254037844389297, 1.000000000000000000, 0.8660254037844389297, 1.000000000000000000, 0.8660254037844389297, 1.000000000000000000, 0.8660254037844389297, 1.000000000000000000, 0.8660254037844389297, 1.000000000000000000, 0.8660254037844389297, 1.000000000000000000, 0.8660254037844389297, 1.000000000000000000, 0.8660254037844389297, 1.000000000000000000, 0.8660254037844389297, 1.000000000000000000, 0.8660254037844389297, 1.000000000000000000, 0.8660254037844389297, 1.000000000000000000, 0.8660254037844389297, 1.000000000000000000, 0.8660254037844389297, 1.000000000000000000, 0.8660254037844389297, 1.000000000000000000, 0.8660254037844389297, 1.000000000000000000, 0.8660254037844389297, 1.000000000000000000, 0.8660254037844389297, 1.000000000000000000, 0.8660254037844389297, 1.000000000000000000, 0.8660254037844389297, 1.000000000000000000, 0.8660254037844389297, 1.000000000000000000, 0.8660254037844389297, 1.000000000000000000, 0.8660254037844389297, 1.000000000000000000, 0.8660254037844389297, 1.000000000000000000, 0.8660254037844389297, 1.000000000000000000, 0.8660254037844389297, 1.000000000000000000, 0.8660254037844389297, 1.000000000000000000, 0.8660254037844389297, 1.000000000000000000, 0.8660254037844389297, 1.000000000000000000, 0.8660254037844389297, 1.000000000000000000) ) ) 
 REPRESENTATION_ITEM ( '' )  SURFACE ( )  );
#201 = CARTESIAN_POINT ( 'NONE',  ( 0.3046986221720310306, 1.169094900404459958, -3.610700266901099909 ) ) ;
#202 = CARTESIAN_POINT ( 'NONE',  ( -0.7957230853611112487, -0.4811116289211579966, -3.000017611766345293 ) ) ;
#203 = CONICAL_SURFACE ( 'NONE', #642, 1.500000000000000000, 0.2617993877991502405 ) ;
#204 = CARTESIAN_POINT ( 'NONE',  ( 0.3893394043739450416, -0.9211030695847353122, -1.050108326139086889 ) ) ;
#205 = VERTEX_POINT ( 'NONE', #3261 ) ;
#206 = EDGE_CURVE ( 'NONE', #133, #622, #2030, .T. ) ;
#207 = CARTESIAN_POINT ( 'NONE',  ( 0.8547005383792529720, -1.570059417833509065E-16, -0.5250000000000007994 ) ) ;
#208 = CARTESIAN_POINT ( 'NONE',  ( -0.4495092174304448074, 0.5883737250744061065, -0.2668971610061859345 ) ) ;
#209 =( BOUNDED_CURVE ( )  B_SPLINE_CURVE ( 2, ( #3196, #2037, #3309, #2700, #909, #1807, #2315, #2021, #3121 ),
 .UNSPECIFIED., .F., .T. ) 
 B_SPLINE_CURVE_WITH_KNOTS ( ( 3, 2, 2, 2, 3 ),
 ( 0.000000000000000000, 0.08333333333333124704, 0.2500000000000022204, 0.4166666666666642427, 0.5000004175940537809 ),
 .UNSPECIFIED. ) 
 CURVE ( )  GEOMETRIC_REPRESENTATION_ITEM ( )  RATIONAL_B_SPLINE_CURVE ( ( 0.9330127018922194093, 0.9330127018922194093, 1.000000000000000000, 0.8660254037844389297, 1.000000000000000000, 0.8660254037844389297, 1.000000000000000000, 0.9330123662102507431, 0.9330127018939015082 ) ) 
 REPRESENTATION_ITEM ( '' )  );
#210 = CARTESIAN_POINT ( 'NONE',  ( -0.03231741607406551919, 0.9996063142136597524, -1.226854228871570474 ) ) ;
#211 = CARTESIAN_POINT ( 'NONE',  ( 0.5773502691896256200, -1.000000000000000222, -0.6083333333333326154 ) ) ;
#212 = CARTESIAN_POINT ( 'NONE',  ( 0.8776202197978708597, -0.09474397489249034021, -2.999952319167146442 ) ) ;
#213 = EDGE_LOOP ( 'NONE', ( #2699, #3293, #298, #3439, #1241, #934, #2208, #2320, #2019, #2562, #328, #3831, #3433, #3014, #995, #586, #2400, #1229, #666, #2288, #72 ) ) ;
#214 = CARTESIAN_POINT ( 'NONE',  ( -0.6280291143270482213, -0.3946773140221124243, -0.3609035387070149703 ) ) ;
#215 = CARTESIAN_POINT ( 'NONE',  ( -2.000000000000000000, 0.000000000000000000, -3.306000000000000050 ) ) ;
#216 = CARTESIAN_POINT ( 'NONE',  ( 0.9972171768463937713, 0.09814498130170279389, -1.531516685379402443 ) ) ;
#217 = CARTESIAN_POINT ( 'NONE',  ( -0.5276317405245103398, -0.5210765547132480968, -1.173827076509936784 ) ) ;
#218 = DIRECTION ( 'NONE',  ( 1.000000000000000000, 0.000000000000000000, 0.000000000000000000 ) ) ;
#219 = CARTESIAN_POINT ( 'NONE',  ( -1.000000000000000000, 0.2617993877991492413, -2.908333333333333659 ) ) ;
#220 = B_SPLINE_CURVE_WITH_KNOTS ( 'NONE', 3,
 ( #3817, #1992, #1124, #832, #2626, #3853, #195, #1107, #2608, #3531, #1975, #1757, #1704, #3225, #254, #2985, #1736, #1465, #3258, #3799, #1072, #1090, #2303, #852, #2267 ),
 .UNSPECIFIED., .F., .F.,
 ( 4, 2, 2, 2, 2, 2, 1, 2, 2, 2, 2, 2, 4 ),
 ( 0.000000000000000000, 0.06531524668976025627, 0.09797287003464040522, 0.1143016817070804797, 0.1224660875433005169, 0.1265482904614105286, 0.1306304933795205681, 0.1959457400692816154, 0.2286033634141621529, 0.2449321750866024217, 0.2490143780047125166, 0.2530965809228225560, 0.2612609867590426904 ),
 .UNSPECIFIED. ) ;
#221 = CARTESIAN_POINT ( 'NONE',  ( -0.7179642660153913170, 0.3869843805035532713, -2.999842404429801324 ) ) ;
#222 = AXIS2_PLACEMENT_3D ( 'NONE', #921, #1146, #3345 ) ;
#223 = CONICAL_SURFACE ( 'NONE', #932, 1.500000000000000000, 0.2617993877991502405 ) ;
#224 = CARTESIAN_POINT ( 'NONE',  ( -0.4273502691896271521, -0.7401923788646699309, -1.141666666666669716 ) ) ;
#225 = CARTESIAN_POINT ( 'NONE',  ( 0.7511443159562424254, -0.6604530777149487664, -1.079589273249374815 ) ) ;
#226 = EDGE_LOOP ( 'NONE', ( #940, #237, #3411, #370 ) ) ;
#227 = CARTESIAN_POINT ( 'NONE',  ( 0.4273502691896271521, 0.7401923788646699309, -0.1916666666666678731 ) ) ;
#228 = EDGE_CURVE ( 'NONE', #1849, #3457, #2275, .T. ) ;
#229 = CARTESIAN_POINT ( 'NONE',  ( 0.6253206500912505961, -0.3961005164611157703, -0.03927891692350262559 ) ) ;
#230 = EDGE_LOOP ( 'NONE', ( #920, #672, #3687, #3322, #2104, #2588, #1559, #953, #1990, #2691, #3862, #85, #538, #1263, #1140, #3736, #3513, #502, #1788, #2396, #3095, #3331, #3273, #1265, #3667, #3150, #615, #2046, #366, #1482, #1503, #2624, #2643 ) ) ;
#231 = DIRECTION ( 'NONE',  ( -1.087222386500129677E-14, 0.9961946980917458783, -0.08715574274765508500 ) ) ;
#232 = ORIENTED_EDGE ( 'NONE', *, *, #2283, .F. ) ;
#233 = CARTESIAN_POINT ( 'NONE',  ( -0.7401923788646699309, -9.064742275298830802E-17, 0.000000000000000000 ) ) ;
#234 = CARTESIAN_POINT ( 'NONE',  ( 0.2617993877991486862, 1.000000000000000000, -2.008333333333333304 ) ) ;
#235 = CARTESIAN_POINT ( 'NONE',  ( -2.390326343468428721E-16, -1.903699164743130723, -3.945147222509356677 ) ) ;
#236 = EDGE_CURVE ( 'NONE', #3317, #3666, #2800, .T. ) ;
#237 = ORIENTED_EDGE ( 'NONE', *, *, #3229, .T. ) ;
#238 = CYLINDRICAL_SURFACE ( 'NONE', #1683, 1.000000000000000000 ) ;
#239 = CARTESIAN_POINT ( 'NONE',  ( -1.169094900404459958, -0.3046986221720139887, -3.610700266901109678 ) ) ;
#240 = CARTESIAN_POINT ( 'NONE',  ( -0.7374076147621958510, 0.08263972585358302092, -1.917569706657567874 ) ) ;
#241 = CARTESIAN_POINT ( 'NONE',  ( 0.2725118809054339897, 0.6882074441423635669, -1.001401952825297315 ) ) ;
#242 = CARTESIAN_POINT ( 'NONE',  ( 0.6410254037844400621, -0.3700961894323349655, -1.241666666666670027 ) ) ;
#243 = B_SPLINE_CURVE_WITH_KNOTS ( 'NONE', 3,
 ( #3713, #991, #3435, #1243, #3691, #2185, #44, #2441, #2145, #3356, #3398, #1306, #3145, #2506, #3729, #3378, #413, #2729, #3 ),
 .UNSPECIFIED., .F., .F.,
 ( 4, 1, 1, 1, 1, 1, 1, 1, 1, 1, 1, 1, 1, 1, 1, 1, 4 ),
 ( 0.000000000000000000, 0.01568015902793781433, 0.03135935763135024729, 0.04703760941636415255, 0.06271492799157124542, 0.07839132696799377964, 0.09406681995904953020, 0.1097414205805168352, 0.1254151424504995338, 0.1412914762195548180, 0.1880518272888595521, 0.2504475067355205198, 0.3128392528806381856, 0.3752227970771634391, 0.4376060787635697724, 0.5000046807994409370, 0.5002136191560885292 ),
 .UNSPECIFIED. ) ;
#244 = AXIS2_PLACEMENT_3D ( 'NONE', #1358, #1945, #375 ) ;
#245 = CARTESIAN_POINT ( 'NONE',  ( 1.000000003071000121, -0.004199483224214057425, -1.124720034679082659 ) ) ;
#246 = ORIENTED_EDGE ( 'NONE', *, *, #1176, .F. ) ;
#247 = EDGE_CURVE ( 'NONE', #471, #2974, #3874, .T. ) ;
#248 = CARTESIAN_POINT ( 'NONE',  ( -0.6410254037844400621, 0.3700961894323349655, -1.491666666666670027 ) ) ;
#249 = CARTESIAN_POINT ( 'NONE',  ( 0.4319316254474099281, 0.6011715827252778199, -0.1350273418633645972 ) ) ;
#250 = CARTESIAN_POINT ( 'NONE',  ( -0.5881314659784929733, 0.4520367088912886078, -0.2838028635602355965 ) ) ;
#251 = VERTEX_POINT ( 'NONE', #2925 ) ;
#252 = VERTEX_POINT ( 'NONE', #3208 ) ;
#253 = CARTESIAN_POINT ( 'NONE',  ( 0.1557693391224090063, -6.652494113069469813E-15, -1.908430772231270112 ) ) ;
#254 = CARTESIAN_POINT ( 'NONE',  ( 0.7629488282130515442, -0.1603153044523592530, -0.03887395721771330637 ) ) ;
#255 = CARTESIAN_POINT ( 'NONE',  ( 0.5773502691896256200, -1.000000000000000222, -3.008333333333331527 ) ) ;
#256 = CARTESIAN_POINT ( 'NONE',  ( 0.4273126738301833427, 0.7402574959373542374, -0.1416725315449138822 ) ) ;
#257 = ORIENTED_EDGE ( 'NONE', *, *, #968, .T. ) ;
#258 = CARTESIAN_POINT ( 'NONE',  ( -1.000000000000000000, -4.341978872923810008E-16, -1.724999999999999867 ) ) ;
#259 = ADVANCED_FACE ( 'NONE', ( #2967 ), #476, .T. ) ;
#260 = AXIS2_PLACEMENT_3D ( 'NONE', #3802, #801, #3245 ) ;
#261 = CARTESIAN_POINT ( 'NONE',  ( 0.1937819116403677877, -0.7401923788646698199, -2.041666666666666519 ) ) ;
#262 = CARTESIAN_POINT ( 'NONE',  ( -0.2910835950163238040, 0.7015400922035265330, -1.849249464422428213 ) ) ;
#263 = DIRECTION ( 'NONE',  ( 0.000000000000000000, 0.000000000000000000, 1.000000000000000000 ) ) ;
#264 = CARTESIAN_POINT ( 'NONE',  ( -0.4273502691896260419, 0.7401923788646699309, -1.408333333333330106 ) ) ;
#265 = CARTESIAN_POINT ( 'NONE',  ( 0.01809710891428418372, 0.9999934945156343513, -0.4239935924529649736 ) ) ;
#266 = CARTESIAN_POINT ( 'NONE',  ( -0.7401923788646699309, 1.181795160448849902E-15, -2.725000000000000089 ) ) ;
#267 = ORIENTED_EDGE ( 'NONE', *, *, #955, .T. ) ;
#268 = CARTESIAN_POINT ( 'NONE',  ( -0.8547005383792529720, 5.233531392778363755E-17, -2.724999999999998757 ) ) ;
#269 = CARTESIAN_POINT ( 'NONE',  ( 0.7325436623924737045, 0.1088902657199189855, -0.08480315979657068737 ) ) ;
#270 = AXIS2_PLACEMENT_3D ( 'NONE', #2651, #1214, #1493 ) ;
#271 = CARTESIAN_POINT ( 'NONE',  ( -0.3347220378451519762, 0.6648998953241781473, -0.2545235195075259416 ) ) ;
#272 = ORIENTED_EDGE ( 'NONE', *, *, #539, .F. ) ;
#273 = CARTESIAN_POINT ( 'NONE',  ( 0.3669424536064250231, -1.349766751978800139, -4.322150515720509567 ) ) ;
#274 = CARTESIAN_POINT ( 'NONE',  ( 0.7401923788660828007, 2.281986405686666353E-08, -1.325000315221997571 ) ) ;
#275 = ORIENTED_EDGE ( 'NONE', *, *, #2834, .T. ) ;
#276 = DIRECTION ( 'NONE',  ( -0.9961946980917458783, -1.015220138407319900E-14, -0.08715574274765508500 ) ) ;
#277 = DIRECTION ( 'NONE',  ( 0.000000000000000000, 3.239995458127760343E-15, -1.000000000000000000 ) ) ;
#278 = CARTESIAN_POINT ( 'NONE',  ( 0.08083362590757545152, -0.8093498194279525881, -0.07315534736671176763 ) ) ;
#279 = DIRECTION ( 'NONE',  ( 0.000000000000000000, 0.000000000000000000, -1.000000000000000000 ) ) ;
#280 = EDGE_LOOP ( 'NONE', ( #1182, #2647, #1695, #519 ) ) ;
#281 = CARTESIAN_POINT ( 'NONE',  ( 0.5866964717543730057, 0.8183246473763936546, -1.585361520645723665 ) ) ;
#282 = CARTESIAN_POINT ( 'NONE',  ( -0.3284256901166975884, -0.6637631036127802364, -2.795940427365057879 ) ) ;
#283 = CYLINDRICAL_SURFACE ( 'NONE', #2641, 1.000000000000000000 ) ;
#284 = CARTESIAN_POINT ( 'NONE',  ( -0.6195204602739603494, 0.4136852198432270367, -1.888081033200736503 ) ) ;
#285 = LINE ( 'NONE', #3640, #1284 ) ;
#286 = CARTESIAN_POINT ( 'NONE',  ( 0.7466381953133991445, 0.6655824217819387156, -0.3710063104899417596 ) ) ;
#287 = CARTESIAN_POINT ( 'NONE',  ( 0.6279407898419957501, 0.3948205055873989511, -0.5609199549325273315 ) ) ;
#288 = ORIENTED_EDGE ( 'NONE', *, *, #3683, .T. ) ;
#289 = CARTESIAN_POINT ( 'NONE',  ( 0.6717457816586922537, 0.3148787460406541339, -0.1031742354278480933 ) ) ;
#290 = CARTESIAN_POINT ( 'NONE',  ( -0.5018585599700791100, 0.5018585599701070876, -4.690232114873239766 ) ) ;
#291 = ORIENTED_EDGE ( 'NONE', *, *, #2535, .T. ) ;
#292 = ORIENTED_EDGE ( 'NONE', *, *, #2788, .F. ) ;
#293 = EDGE_CURVE ( 'NONE', #1849, #1638, #1110, .T. ) ;
#294 = CARTESIAN_POINT ( 'NONE',  ( -0.7401923788646699309, 3.598847483741179307E-15, -2.674999999999999822 ) ) ;
#295 = DIRECTION ( 'NONE',  ( 0.000000000000000000, 1.000000000000000000, 3.252606517456513302E-15 ) ) ;
#296 = PLANE ( 'NONE',  #1429 ) ;
#297 = LINE ( 'NONE', #2364, #3109 ) ;
#298 = ORIENTED_EDGE ( 'NONE', *, *, #2428, .F. ) ;
#299 = CARTESIAN_POINT ( 'NONE',  ( 0.9990714697794293997, 0.03273144972363567495, -0.7271732375808601656 ) ) ;
#300 = CARTESIAN_POINT ( 'NONE',  ( 0.000000000000000000, 1.999999999999987566, -3.305999999999993388 ) ) ;
#301 = DIRECTION ( 'NONE',  ( -0.9238795325112920676, 0.3826834323650770697, 0.000000000000000000 ) ) ;
#302 = DIRECTION ( 'NONE',  ( 0.000000000000000000, 0.000000000000000000, 1.000000000000000000 ) ) ;
#303 = CARTESIAN_POINT ( 'NONE',  ( -0.4978542620717212319, -0.8598490421578235399, -3.000000000000002220 ) ) ;
#304 = CARTESIAN_POINT ( 'NONE',  ( -0.8691729611421232793, -0.3292973994086882961, -0.1893707001892031005 ) ) ;
#305 = LINE ( 'NONE', #3924, #1389 ) ;
#306 = VERTEX_POINT ( 'NONE', #178 ) ;
#307 = VECTOR ( 'NONE', #1850, 1000.000000000000000 ) ;
#308 = CARTESIAN_POINT ( 'NONE',  ( 0.4885464083833941373, 0.5565959663661309564, -0.1286257026912297485 ) ) ;
#309 = VECTOR ( 'NONE', #2804, 1000.000000000000114 ) ;
#310 = B_SPLINE_CURVE_WITH_KNOTS ( 'NONE', 3,
 ( #1431, #1130, #2650, #1148, #2347, #261, #1169, #590, #3658, #2474 ),
 .UNSPECIFIED., .F., .F.,
 ( 4, 2, 2, 2, 4 ),
 ( 0.000000000000000000, 0.1249999999999999722, 0.2499999999999999445, 0.3749999999999999445, 0.5000000000000000000 ),
 .UNSPECIFIED. ) ;
#311 = CARTESIAN_POINT ( 'NONE',  ( -0.3606320413992916696, -0.9541430797418274379, -0.6026476271044587385 ) ) ;
#312 = ADVANCED_FACE ( 'NONE', ( #513 ), #238, .T. ) ;
#313 = FACE_OUTER_BOUND ( 'NONE', #528, .T. ) ;
#314 = EDGE_CURVE ( 'NONE', #3362, #1638, #3780, .T. ) ;
#315 = ORIENTED_EDGE ( 'NONE', *, *, #3769, .T. ) ;
#316 = DIRECTION ( 'NONE',  ( 0.3826834323650811776, 0.9238795325112904022, 1.065564151129125748E-14 ) ) ;
#317 = FACE_OUTER_BOUND ( 'NONE', #1740, .T. ) ;
#318 = DIRECTION ( 'NONE',  ( 0.09427528220697961592, 0.000000000000000000, 0.9955461672694011499 ) ) ;
#319 = DIRECTION ( 'NONE',  ( -0.3826834323650741276, -0.9238795325112932888, 0.000000000000000000 ) ) ;
#320 = ORIENTED_EDGE ( 'NONE', *, *, #3125, .F. ) ;
#321 = FACE_OUTER_BOUND ( 'NONE', #3023, .T. ) ;
#322 = CARTESIAN_POINT ( 'NONE',  ( 0.3096406507524410157, -0.6729157377089479697, -2.852260217812645049 ) ) ;
#323 = CARTESIAN_POINT ( 'NONE',  ( -0.4000000000000000222, 2.760043339336259818E-14, -4.700000000000000178 ) ) ;
#324 = DIRECTION ( 'NONE',  ( 0.000000000000000000, 0.000000000000000000, 1.000000000000000000 ) ) ;
#325 = DIRECTION ( 'NONE',  ( 0.000000000000000000, 0.000000000000000000, 1.000000000000000000 ) ) ;
#326 = CARTESIAN_POINT ( 'NONE',  ( 0.7271515510817935235, 0.6865622606929540073, -0.3727102161289116977 ) ) ;
#327 = CARTESIAN_POINT ( 'NONE',  ( 0.6682100318180551612, 0.3219878953292178436, -0.5539966629973921419 ) ) ;
#328 = ORIENTED_EDGE ( 'NONE', *, *, #3199, .F. ) ;
#329 = CARTESIAN_POINT ( 'NONE',  ( -0.4273502691896271521, -0.7401923788646698199, -1.941666666666672203 ) ) ;
#330 = CARTESIAN_POINT ( 'NONE',  ( -0.5773583522979830462, -1.000014000354360499, -0.5916585835583081376 ) ) ;
#331 = EDGE_CURVE ( 'NONE', #1840, #534, #710, .T. ) ;
#332 = ORIENTED_EDGE ( 'NONE', *, *, #1371, .T. ) ;
#333 = ORIENTED_EDGE ( 'NONE', *, *, #3084, .F. ) ;
#334 = CARTESIAN_POINT ( 'NONE',  ( -0.7054432881530169341, -0.7087693233635938839, -0.9745549562455693149 ) ) ;
#335 = DIRECTION ( 'NONE',  ( 0.000000000000000000, 0.000000000000000000, 1.000000000000000000 ) ) ;
#336 = CARTESIAN_POINT ( 'NONE',  ( 0.8000561840837078220, -0.5137267048939294645, -0.2102908299439372741 ) ) ;
#337 = B_SPLINE_CURVE_WITH_KNOTS ( 'NONE', 3,
 ( #552, #2742, #3351, #2371, #2763, #327, #287, #861, #3904, #1175, #2993, #3031, #16, #3072, #3662, #2415, #1476, #347, #1554, #38, #595, #3369, #2351 ),
 .UNSPECIFIED., .F., .F.,
 ( 4, 1, 1, 1, 1, 1, 1, 1, 1, 1, 1, 1, 1, 1, 1, 1, 1, 1, 1, 1, 4 ),
 ( 0.5000447610263987208, 0.5179592559835320964, 0.5358717399940200465, 0.5537819772085098569, 0.5716900046858813811, 0.5895958594987337209, 0.6074995787331621822, 0.6254011994885364523, 0.6350444511224854205, 0.6567284750631775525, 0.6880044427033562560, 0.7502584010389028446, 0.8125148125248533582, 0.8747818734039733979, 0.8925884306396019152, 0.9372923158546311306, 0.9468367685232377262, 0.9578799884641666651, 0.9704217724213235474, 0.9844618723285691875, 1.000000000000000000 ),
 .UNSPECIFIED. ) ;
#338 = CARTESIAN_POINT ( 'NONE',  ( 0.3863705466856141579, 0.6604195542700058708, -2.191666666666665986 ) ) ;
#339 = ORIENTED_EDGE ( 'NONE', *, *, #3808, .F. ) ;
#340 = CARTESIAN_POINT ( 'NONE',  ( 0.000000000000000000, 0.000000000000000000, -3.174999999999999822 ) ) ;
#341 = CARTESIAN_POINT ( 'NONE',  ( 0.6506219320728491295, -0.3529813606413246263, -2.893196785909757374 ) ) ;
#342 = CARTESIAN_POINT ( 'NONE',  ( -1.000000000000002887, 0.2617993877991395268, -2.508333333333333304 ) ) ;
#343 = CARTESIAN_POINT ( 'NONE',  ( -0.6410254037844400621, 0.3700961894323349655, -2.291666666666659857 ) ) ;
#344 = CARTESIAN_POINT ( 'NONE',  ( 0.8660254037844380415, -0.5000000000000000000, -2.641666666666659946 ) ) ;
#345 = CARTESIAN_POINT ( 'NONE',  ( -0.3045171011496072833, 0.6746762472335948724, -1.051699434322227011 ) ) ;
#346 = CARTESIAN_POINT ( 'NONE',  ( 0.7172173843598268483, 0.6968705053072710154, -0.3735596502433796706 ) ) ;
#347 = CARTESIAN_POINT ( 'NONE',  ( -0.7007378543593106857, 0.2400103255993888129, -0.7034800622836071549 ) ) ;
#348 = ORIENTED_EDGE ( 'NONE', *, *, #1329, .T. ) ;
#349 = CARTESIAN_POINT ( 'NONE',  ( -0.7380575532477650080, 0.07285579021496324525, -1.518452163822073597 ) ) ;
#350 = CARTESIAN_POINT ( 'NONE',  ( 0.5773583522979830462, 1.000014000354360499, -0.7916585835583083153 ) ) ;
#351 = ORIENTED_EDGE ( 'NONE', *, *, #3738, .T. ) ;
#352 = FACE_BOUND ( 'NONE', #213, .T. ) ;
#353 = CARTESIAN_POINT ( 'NONE',  ( 0.9999999508084693733, 0.06727389810541982429, -1.129484922898099430 ) ) ;
#354 = CARTESIAN_POINT ( 'NONE',  ( 0.5730346924452184298, 0.5405457929775275838, -3.000000365191288321 ) ) ;
#355 = EDGE_CURVE ( 'NONE', #869, #1630, #3036, .T. ) ;
#356 = DIRECTION ( 'NONE',  ( 1.000000000000000000, 0.000000000000000000, 0.000000000000000000 ) ) ;
#357 = DIRECTION ( 'NONE',  ( 1.000000000000000000, 0.000000000000000000, 0.000000000000000000 ) ) ;
#358 = EDGE_LOOP ( 'NONE', ( #2071, #2026, #446, #2655, #3592, #977, #3298, #658, #81, #482, #524, #3053, #2504, #2479, #3004, #2748, #1702, #2746, #1042, #1469, #1116 ) ) ;
#359 = DIRECTION ( 'NONE',  ( 0.000000000000000000, 0.000000000000000000, 1.000000000000000000 ) ) ;
#360 = CARTESIAN_POINT ( 'NONE',  ( -0.5092369729696416547, -0.5392605647321029316, -2.776372937009714992 ) ) ;
#361 = PLANE ( 'NONE',  #3041 ) ;
#362 = CARTESIAN_POINT ( 'NONE',  ( 0.4273502691896260419, -0.7401923788646699309, -2.058333333333333570 ) ) ;
#363 = CARTESIAN_POINT ( 'NONE',  ( -0.3201661706036794119, 0.6675350575784979590, -1.053235622950066341 ) ) ;
#364 = AXIS2_PLACEMENT_3D ( 'NONE', #1035, #3459, #760 ) ;
#365 = CARTESIAN_POINT ( 'NONE',  ( 0.7398606577602097056, -0.02245405251094803253, -0.1229777381631627226 ) ) ;
#366 = ORIENTED_EDGE ( 'NONE', *, *, #539, .T. ) ;
#367 = PLANE ( 'NONE',  #1147 ) ;
#368 = DIRECTION ( 'NONE',  ( 1.000000000000000000, 0.000000000000000000, 0.000000000000000000 ) ) ;
#369 = CARTESIAN_POINT ( 'NONE',  ( -0.8328446597032286292, -0.5564034258282470891, -0.5626085135036036355 ) ) ;
#370 = ORIENTED_EDGE ( 'NONE', *, *, #1304, .F. ) ;
#371 = CARTESIAN_POINT ( 'NONE',  ( 0.6255974705152228532, 0.3956636595261581735, -2.960698517129810359 ) ) ;
#372 = CIRCLE ( 'NONE', #1755, 1.693999999999999950 ) ;
#373 = EDGE_LOOP ( 'NONE', ( #2277, #2079, #2387, #1154 ) ) ;
#374 = CARTESIAN_POINT ( 'NONE',  ( 0.6996519725605240270, 0.7144962442450533135, -1.175063259346188049 ) ) ;
#375 = DIRECTION ( 'NONE',  ( 1.000000000000000000, 0.000000000000000000, 0.000000000000000000 ) ) ;
#376 = CIRCLE ( 'NONE', #3115, 1.693999999999999950 ) ;
#377 = CARTESIAN_POINT ( 'NONE',  ( 0.7401923788646112001, 0.1983339501605612398, -0.4928632794954200258 ) ) ;
#378 = CARTESIAN_POINT ( 'NONE',  ( 0.5363240712556228695, -0.5101648006084318343, -0.8771658533088830811 ) ) ;
#379 = CYLINDRICAL_SURFACE ( 'NONE', #23, 1.000000000000000000 ) ;
#380 = VERTEX_POINT ( 'NONE', #2132 ) ;
#381 = CARTESIAN_POINT ( 'NONE',  ( -0.9999999999999995559, -0.2617993877991516283, -1.741666666666666030 ) ) ;
#382 = FACE_OUTER_BOUND ( 'NONE', #3055, .T. ) ;
#383 = CARTESIAN_POINT ( 'NONE',  ( -0.5219866587632906452, 0.8922269036098080530, -2.458333333333333037 ) ) ;
#384 = CARTESIAN_POINT ( 'NONE',  ( 0.000000000000000000, 0.7401923788646699309, -3.024999999999999911 ) ) ;
#385 = CARTESIAN_POINT ( 'NONE',  ( 1.000000000000000000, -8.715332896486792014E-16, -1.074999999999998623 ) ) ;
#386 = CARTESIAN_POINT ( 'NONE',  ( -0.4273502691896260419, 0.7401923788646699309, -2.208333333333332593 ) ) ;
#387 = CARTESIAN_POINT ( 'NONE',  ( -0.9830981071428197549, 0.1944496626520657856, -0.5120491029963417651 ) ) ;
#388 = VERTEX_POINT ( 'NONE', #1799 ) ;
#389 = FACE_OUTER_BOUND ( 'NONE', #2919, .T. ) ;
#390 = CARTESIAN_POINT ( 'NONE',  ( -0.7743116194527452922, -0.6353441617330259916, -0.5686196656739982425 ) ) ;
#391 = B_SPLINE_CURVE_WITH_KNOTS ( 'NONE', 3,
 ( #3719, #34, #75, #3677, #3090, #3347, #1575, #2784, #1274, #1512, #698, #2515, #2194, #2211, #3528, #1016, #720, #1613, #794, #3239, #3442, #1402, #1633, #3849, #1121, #2300, #3512, #811, #508, #3153, #421, #2843, #998, #212, #1989, #1086, #2006, #3759, #1333, #191, #1421, #116, #3136, #3740, #1919, #2822, #3222, #1718, #3425, #2623, #3830, #2537, #401, #94, #1313, #2286, #2939, #490, #1701, #2918, #2604, #3787, #122, #3650, #3469, #354, #1041, #3040, #1873, #1059, #668, #1564, #2127 ),
 .UNSPECIFIED., .F., .F.,
 ( 4, 2, 2, 2, 1, 1, 2, 2, 2, 1, 1, 2, 2, 2, 2, 1, 1, 2, 2, 2, 2, 2, 2, 2, 2, 2, 1, 2, 2, 2, 2, 2, 2, 2, 2, 1, 1, 2, 2, 2, 4 ),
 ( 0.000000000000000000, 0.1249999999999943379, 0.1874999999999915901, 0.2187499999999900913, 0.2343749999999893141, 0.2421874999999892586, 0.2460937499999892031, 0.2499999999999891753, 0.3124999999999880651, 0.3437499999999875100, 0.3593749999999873435, 0.3671874999999871769, 0.3749999999999870104, 0.4374999999999851230, 0.4687499999999841238, 0.4843749999999837352, 0.4921874999999835132, 0.4960937499999834022, 0.4999999999999833467, 0.5624999999999811262, 0.5937499999999801270, 0.6093749999999794609, 0.6171874999999792388, 0.6249999999999790168, 0.6874999999999765743, 0.7187499999999754641, 0.7343749999999749090, 0.7421874999999746869, 0.7499999999999744649, 0.7812499999999732436, 0.7968749999999726885, 0.8046874999999724665, 0.8124999999999721334, 0.8437499999999711342, 0.8593749999999705791, 0.8671874999999704681, 0.8710937499999704681, 0.8730468749999703570, 0.8749999999999702460, 0.9374999999999850120, 1.000000000000000000 ),
 .UNSPECIFIED. ) ;
#392 = ORIENTED_EDGE ( 'NONE', *, *, #2460, .T. ) ;
#393 = CARTESIAN_POINT ( 'NONE',  ( 0.5991388716600630771, 0.4358191520118461781, -2.964588099838976198 ) ) ;
#394 = VERTEX_POINT ( 'NONE', #1509 ) ;
#395 = CARTESIAN_POINT ( 'NONE',  ( 0.4441784089058308793, 0.8960904859221079377, -1.195879204209536750 ) ) ;
#396 = CARTESIAN_POINT ( 'NONE',  ( 0.7092845221707316794, -0.2126237756704269510, -0.9059290437679975438 ) ) ;
#397 = FACE_OUTER_BOUND ( 'NONE', #3654, .T. ) ;
#398 = ORIENTED_EDGE ( 'NONE', *, *, #3893, .T. ) ;
#399 = CARTESIAN_POINT ( 'NONE',  ( 0.3669424536064270215, 1.349766751978790147, -4.322150515720509567 ) ) ;
#400 = CARTESIAN_POINT ( 'NONE',  ( 0.7366374740505026164, -0.07380104593795104584, -2.918377743801999102 ) ) ;
#401 = CARTESIAN_POINT ( 'NONE',  ( 0.7160170925498809957, 0.3895110463651765276, -3.000059330285316683 ) ) ;
#402 = CARTESIAN_POINT ( 'NONE',  ( -1.224646799147350002E-16, -1.000000000000000000, -0.1749999999999999889 ) ) ;
#403 = CARTESIAN_POINT ( 'NONE',  ( -0.5773502691896256200, 1.000000000000000222, -1.208333333333329707 ) ) ;
#404 = EDGE_CURVE ( 'NONE', #2568, #711, #629, .T. ) ;
#405 = CARTESIAN_POINT ( 'NONE',  ( 0.6410254037844400621, -0.3700961894323349655, -2.841666666666659680 ) ) ;
#406 = CARTESIAN_POINT ( 'NONE',  ( 0.1784275408948456376, -0.7183670217125984747, -0.03988393719367519519 ) ) ;
#407 = CARTESIAN_POINT ( 'NONE',  ( -0.7394520402506061796, 0.02526574270383678128, -1.522729268412980952 ) ) ;
#408 = CARTESIAN_POINT ( 'NONE',  ( 0.5773583522979830462, 1.000014000354360499, -2.391658583558298634 ) ) ;
#409 = ADVANCED_FACE ( 'NONE', ( #3936 ), #1426, .T. ) ;
#410 = VERTEX_POINT ( 'NONE', #3278 ) ;
#411 = CARTESIAN_POINT ( 'NONE',  ( 0.000000000000000000, 0.000000000000000000, 0.000000000000000000 ) ) ;
#412 = DIRECTION ( 'NONE',  ( -0.9238795325112888479, -0.3826834323650849523, 0.000000000000000000 ) ) ;
#413 = CARTESIAN_POINT ( 'NONE',  ( 0.9999437914711581943, -0.1308962469743668311, -1.516273476604275583 ) ) ;
#414 = CARTESIAN_POINT ( 'NONE',  ( 0.3891059288973984787, 0.7351825446890729587, -0.09137181610526159958 ) ) ;
#415 = CARTESIAN_POINT ( 'NONE',  ( 0.5248064460652546170, -0.5219800556628680921, -0.8757620311556383319 ) ) ;
#416 = CARTESIAN_POINT ( 'NONE',  ( -0.7401923788646703750, 0.1983339501604587940, -1.857136720504594551 ) ) ;
#417 = PRESENTATION_LAYER_ASSIGNMENT (  '', '', ( #3404 ) ) ;
#418 = AXIS2_PLACEMENT_3D ( 'NONE', #1187, #1269, #357 ) ;
#419 = VERTEX_POINT ( 'NONE', #2755 ) ;
#420 = CARTESIAN_POINT ( 'NONE',  ( 0.9794456920412467626, -0.2077263526867863530, -0.3112178591915621961 ) ) ;
#421 = CARTESIAN_POINT ( 'NONE',  ( 0.8714147776260696698, -0.2167680799462848029, -2.999999947088527019 ) ) ;
#422 = CARTESIAN_POINT ( 'NONE',  ( 0.000000000000000000, 1.000000000000000000, -0.7750000000000000222 ) ) ;
#423 = CARTESIAN_POINT ( 'NONE',  ( -1.000000000000000000, -2.653787043783149998E-17, -0.4749999999999999778 ) ) ;
#424 = CARTESIAN_POINT ( 'NONE',  ( -0.4273502691896260419, 0.7401923788646699309, -3.408333333333330106 ) ) ;
#425 = CARTESIAN_POINT ( 'NONE',  ( 0.6882515506534362393, -0.2724075119631130248, -0.1005118054172424863 ) ) ;
#426 =( NAMED_UNIT ( * ) SI_UNIT ( $, .STERADIAN. ) SOLID_ANGLE_UNIT ( ) );
#427 = CARTESIAN_POINT ( 'NONE',  ( 1.910391116857789977E-15, -0.2735788812050160557, -3.254999999999999893 ) ) ;
#428 = CARTESIAN_POINT ( 'NONE',  ( 0.5773583522979818250, -1.000014000354360499, -2.258325250224971992 ) ) ;
#429 = ORIENTED_EDGE ( 'NONE', *, *, #1362, .T. ) ;
#430 = CARTESIAN_POINT ( 'NONE',  ( -0.5219866587632794319, -0.8922269036098144923, -2.191666666666666430 ) ) ;
#431 = CARTESIAN_POINT ( 'NONE',  ( 0.009825526073095239288, 0.7401699998612568665, -0.2242655124630993924 ) ) ;
#432 = CARTESIAN_POINT ( 'NONE',  ( -0.7301929749862485775, 0.6833174238290601332, -1.277669091036913951 ) ) ;
#433 = EDGE_CURVE ( 'NONE', #581, #491, #665, .T. ) ;
#434 = CARTESIAN_POINT ( 'NONE',  ( 0.3194140070022438715, -0.6678943636331039491, -0.8531613778373474677 ) ) ;
#435 = DIRECTION ( 'NONE',  ( 0.000000000000000000, 0.000000000000000000, 1.000000000000000000 ) ) ;
#436 = EDGE_LOOP ( 'NONE', ( #3756, #3522, #63, #847, #2754 ) ) ;
#437 = AXIS2_PLACEMENT_3D ( 'NONE', #2667, #3302, #880 ) ;
#438 = DIRECTION ( 'NONE',  ( -0.000000000000000000, 0.9961946980917455452, 0.08715574274765836016 ) ) ;
#439 = CARTESIAN_POINT ( 'NONE',  ( 0.8999430534698021900, -0.4397645056435914301, -0.2956822756569633670 ) ) ;
#440 = CARTESIAN_POINT ( 'NONE',  ( -0.8660254037844390407, -0.5000000000000000000, -0.9083333333333309945 ) ) ;
#441 = CARTESIAN_POINT ( 'NONE',  ( 0.000000000000000000, 0.7401923788646699309, -3.375000000000000000 ) ) ;
#442 = CARTESIAN_POINT ( 'NONE',  ( 0.1295861296217646341, -0.7293925090951131063, -0.03592722351853080281 ) ) ;
#443 = DIRECTION ( 'NONE',  ( -3.239995458127760343E-15, 3.239995458127720111E-15, -1.000000000000000000 ) ) ;
#444 = CARTESIAN_POINT ( 'NONE',  ( -1.224663944636500236E-16, -1.000014000354360055, -3.024991916891640376 ) ) ;
#445 = LINE ( 'NONE', #937, #1582 ) ;
#446 = ORIENTED_EDGE ( 'NONE', *, *, #3612, .F. ) ;
#447 = CARTESIAN_POINT ( 'NONE',  ( -0.6410254037844400621, -0.3700961894323349655, -0.3583333333333349469 ) ) ;
#448 = CARTESIAN_POINT ( 'NONE',  ( 0.000000000000000000, 0.000000000000000000, 0.000000000000000000 ) ) ;
#449 = CARTESIAN_POINT ( 'NONE',  ( -2.000000000000000000, 2.157041537713704155E-29, -3.722296913319440570 ) ) ;
#450 = CARTESIAN_POINT ( 'NONE',  ( -0.7509158574160684774, 0.6607142383751816173, -1.279563105822959956 ) ) ;
#451 = CARTESIAN_POINT ( 'NONE',  ( -0.5092981106664826729, 0.7194971361270942056, -0.1360253023550341556 ) ) ;
#452 = EDGE_CURVE ( 'NONE', #2533, #2980, #3337, .T. ) ;
#453 = ORIENTED_EDGE ( 'NONE', *, *, #3605, .F. ) ;
#454 =( BOUNDED_CURVE ( )  B_SPLINE_CURVE ( 2, ( #1626, #1065, #126 ),
 .UNSPECIFIED., .F., .T. ) 
 B_SPLINE_CURVE_WITH_KNOTS ( ( 3, 3 ),
 ( 0.000000000000000000, 0.06700757721357973595 ),
 .UNSPECIFIED. ) 
 CURVE ( )  GEOMETRIC_REPRESENTATION_ITEM ( )  RATIONAL_B_SPLINE_CURVE ( ( 0.9454511066202069269, 0.9330124096173962878, 0.9330127018990872489 ) ) 
 REPRESENTATION_ITEM ( '' )  );
#455 = CARTESIAN_POINT ( 'NONE',  ( 0.000000000000000000, -1.259922254300260102E-14, -3.306000000000000050 ) ) ;
#456 = AXIS2_PLACEMENT_3D ( 'NONE', #1618, #2521, #684 ) ;
#457 = CARTESIAN_POINT ( 'NONE',  ( -1.154700538379251240, 7.070501591499382719E-17, -0.07499999999999985845 ) ) ;
#458 = CARTESIAN_POINT ( 'NONE',  ( -0.8547005383792529720, 5.233531392778363755E-17, -2.275000000000002576 ) ) ;
#459 = CARTESIAN_POINT ( 'NONE',  ( -0.6410254037844400621, -0.3700961894323349655, -2.708333333333329929 ) ) ;
#460 = CARTESIAN_POINT ( 'NONE',  ( 0.2617993877991464657, 1.000000000000000888, -2.808333333333333126 ) ) ;
#461 = CARTESIAN_POINT ( 'NONE',  ( -0.6953616874228851774, 0.4172881300129855919, -2.999913515866292624 ) ) ;
#462 = ADVANCED_FACE ( 'NONE', ( #321 ), #2619, .F. ) ;
#463 = CARTESIAN_POINT ( 'NONE',  ( 0.8660375284469739032, -0.5000070001771790285, -3.091658583558300144 ) ) ;
#464 = CARTESIAN_POINT ( 'NONE',  ( 0.9999556741305383190, -0.01083048159142074342, -1.124278224409097637 ) ) ;
#465 = ORIENTED_EDGE ( 'NONE', *, *, #3199, .T. ) ;
#466 = DIRECTION ( 'NONE',  ( 0.08714264840443966542, 0.01733375049385979527, -0.9960450290638855897 ) ) ;
#467 = CARTESIAN_POINT ( 'NONE',  ( 0.1937819116403675379, 0.7401923788646697089, -2.608333333333332948 ) ) ;
#468 = CARTESIAN_POINT ( 'NONE',  ( 0.3685702795027941403, 0.9296071650731895231, -1.201372961876823187 ) ) ;
#469 = DIRECTION ( 'NONE',  ( -0.01733375049385690522, 0.08714264840444292670, -0.9960450290638853676 ) ) ;
#470 = CARTESIAN_POINT ( 'NONE',  ( -0.2735788812050399810, -2.108126504480589959E-15, -3.254999999999999893 ) ) ;
#471 = VERTEX_POINT ( 'NONE', #3675 ) ;
#472 =( NAMED_UNIT ( * ) PLANE_ANGLE_UNIT ( ) SI_UNIT ( $, .RADIAN. ) );
#473 = DIRECTION ( 'NONE',  ( 0.000000000000000000, 1.000000000000000000, 3.108624468950430425E-15 ) ) ;
#474 = CARTESIAN_POINT ( 'NONE',  ( 0.8660254037844380415, -0.5000000000000000000, -1.041666666666660079 ) ) ;
#475 = VECTOR ( 'NONE', #2589, 1000.000000000000000 ) ;
#476 = CYLINDRICAL_SURFACE ( 'NONE', #3312, 1.000000000000000000 ) ;
#477 =( BOUNDED_CURVE ( )  B_SPLINE_CURVE ( 2, ( #1916, #3796, #3149, #670, #3456, #1876, #3108, #416, #1629 ),
 .UNSPECIFIED., .F., .F. ) 
 B_SPLINE_CURVE_WITH_KNOTS ( ( 3, 2, 2, 2, 3 ),
 ( 0.5000000000000000000, 0.5833333333332993975, 0.7499999999999757971, 0.9166666666666610785, 1.000000000000000000 ),
 .UNSPECIFIED. ) 
 CURVE ( )  GEOMETRIC_REPRESENTATION_ITEM ( )  RATIONAL_B_SPLINE_CURVE ( ( 0.9330127018922195203, 0.9330127018922542703, 1.000000000000000000, 0.8660254037844389297, 1.000000000000000000, 0.8660254037844389297, 1.000000000000000000, 0.9330127018922190762, 0.9330127018922194093 ) ) 
 REPRESENTATION_ITEM ( '' )  );
#478 = DIRECTION ( 'NONE',  ( 1.000000000000000000, 0.000000000000000000, 0.000000000000000000 ) ) ;
#479 = CARTESIAN_POINT ( 'NONE',  ( -0.7920359445590418046, 0.2611075990152270654, -3.000003878396664714 ) ) ;
#480 = CARTESIAN_POINT ( 'NONE',  ( -1.154716704595970533, 7.070600581027142701E-17, -2.124991916891638244 ) ) ;
#481 = CARTESIAN_POINT ( 'NONE',  ( 0.3847048666920623305, -0.9230420335407704124, -1.049776202291664129 ) ) ;
#482 = ORIENTED_EDGE ( 'NONE', *, *, #844, .F. ) ;
#483 = CARTESIAN_POINT ( 'NONE',  ( -0.4273502691896260419, 0.7401923788646699309, -0.2583333333333350246 ) ) ;
#484 = CARTESIAN_POINT ( 'NONE',  ( 0.6297728366611565765, 0.3889927253496692772, -0.1600129136708715316 ) ) ;
#485 = CARTESIAN_POINT ( 'NONE',  ( -0.2871808359095247010, -0.9238798257533827885, -0.2259369008843653270 ) ) ;
#486 =( BOUNDED_CURVE ( )  B_SPLINE_CURVE ( 2, ( #2391, #677, #2806, #1903, #2824, #96, #344, #1018, #2213 ),
 .UNSPECIFIED., .F., .F. ) 
 B_SPLINE_CURVE_WITH_KNOTS ( ( 3, 2, 2, 2, 3 ),
 ( 0.000000000000000000, 0.08333333333306820745, 0.2499999999998391287, 0.4166666666666190566, 0.5000000645752001871 ),
 .UNSPECIFIED. ) 
 CURVE ( )  GEOMETRIC_REPRESENTATION_ITEM ( )  RATIONAL_B_SPLINE_CURVE ( ( 0.9330127018922194093, 0.9330127018924776472, 1.000000000000000000, 0.8660254037844389297, 1.000000000000000000, 0.8660254037844389297, 1.000000000000000000, 0.9330126499836044474, 0.9330127018922597104 ) ) 
 REPRESENTATION_ITEM ( '' )  );
#487 = CARTESIAN_POINT ( 'NONE',  ( -1.000000000000000000, 4.331638506960219548E-16, -1.324999999999999956 ) ) ;
#488 = LINE ( 'NONE', #2642, #489 ) ;
#489 = VECTOR ( 'NONE', #469, 1000.000000000000114 ) ;
#490 = CARTESIAN_POINT ( 'NONE',  ( 0.6811146279982681628, 0.4345175853042341774, -3.000010194654510354 ) ) ;
#491 = VERTEX_POINT ( 'NONE', #399 ) ;
#492 = CARTESIAN_POINT ( 'NONE',  ( -0.7401923788646690427, 5.969418031585589354E-15, -2.274999999999999467 ) ) ;
#493 = CARTESIAN_POINT ( 'NONE',  ( -0.5773502691896256200, -1.000000000000000222, -2.541666666666662078 ) ) ;
#494 = B_SPLINE_CURVE_WITH_KNOTS ( 'NONE', 3,
 ( #3554, #239, #1762, #821 ),
 .UNSPECIFIED., .F., .F.,
 ( 4, 4 ),
 ( 0.000000000000000000, 0.001105000282511280074 ),
 .UNSPECIFIED. ) ;
#495 = CARTESIAN_POINT ( 'NONE',  ( 0.6410254037844400621, -0.3700961894323349655, -2.841666666666659680 ) ) ;
#496 = CYLINDRICAL_SURFACE ( 'NONE', #2135, 1.000000000000000000 ) ;
#497 = CARTESIAN_POINT ( 'NONE',  ( 0.9999999999999983347, 0.2617993877991550145, -2.741666666666666252 ) ) ;
#498 = CARTESIAN_POINT ( 'NONE',  ( -0.8061588274511004570, 0.2302278153403556349, -3.000000038827302706 ) ) ;
#499 = ADVANCED_FACE ( 'NONE', ( #92 ), #1250, .F. ) ;
#500 = CARTESIAN_POINT ( 'NONE',  ( -0.6410254037844400621, -0.3700961894323349655, -0.3083333333333360127 ) ) ;
#501 = CARTESIAN_POINT ( 'NONE',  ( 0.8287875271455283910, -0.5633516665759406017, -1.087200949130029626 ) ) ;
#502 = ORIENTED_EDGE ( 'NONE', *, *, #1995, .T. ) ;
#503 = CARTESIAN_POINT ( 'NONE',  ( 0.000000000000000000, 0.7401923788646699309, -0.2250000000000000056 ) ) ;
#504 = CARTESIAN_POINT ( 'NONE',  ( -0.4200290057256890197, 0.6095193951436477242, -0.2636469646299820502 ) ) ;
#505 = CARTESIAN_POINT ( 'NONE',  ( -0.3972621128608095353, 0.9177139543667368615, -1.250677938327711125 ) ) ;
#506 = CARTESIAN_POINT ( 'NONE',  ( -0.8454535335212955971, -0.5341150426909698767, -2.960652658638674772 ) ) ;
#507 = CARTESIAN_POINT ( 'NONE',  ( -0.001703964193639206535, -0.7594777638485927795, -1.224774557832741806 ) ) ;
#508 = CARTESIAN_POINT ( 'NONE',  ( 0.8701979755494488877, -0.2264467287243549787, -2.999999222642312890 ) ) ;
#509 = ORIENTED_EDGE ( 'NONE', *, *, #3557, .T. ) ;
#510 = DIRECTION ( 'NONE',  ( 1.000000000000000000, 0.000000000000000000, 0.000000000000000000 ) ) ;
#511 = CARTESIAN_POINT ( 'NONE',  ( 0.2903734293286614476, -0.7017396750316380327, -0.4490671557401357816 ) ) ;
#512 = CARTESIAN_POINT ( 'NONE',  ( 0.000000000000000000, 1.000000000000000000, -3.575000000000000178 ) ) ;
#513 = FACE_OUTER_BOUND ( 'NONE', #1498, .T. ) ;
#514 = CARTESIAN_POINT ( 'NONE',  ( -0.3791461463968189838, -0.1570474759590649860, -1.886154803078720077 ) ) ;
#515 = CARTESIAN_POINT ( 'NONE',  ( 0.3358201048381979636, 1.259450488053270201, -3.966420441514869832 ) ) ;
#516 = CARTESIAN_POINT ( 'NONE',  ( -0.6734663571571812835, -0.6786667890600812658, -3.000000001383752224 ) ) ;
#517 = CARTESIAN_POINT ( 'NONE',  ( -0.4273502691896260419, 0.7401923788646699309, -1.008333333333330861 ) ) ;
#518 = CARTESIAN_POINT ( 'NONE',  ( 0.6077818967094774649, -0.7947851321891851173, -1.066827411701491091 ) ) ;
#519 = ORIENTED_EDGE ( 'NONE', *, *, #3033, .F. ) ;
#520 = B_SPLINE_CURVE_WITH_KNOTS ( 'NONE', 3,
 ( #3043, #3083, #2170, #1524, #2149, #7, #1544, #3617, #2129, #2088, #2405, #3933, #278, #3021, #1487, #1506, #3381, #2711, #3633, #584, #3360, #2424, #2752, #1247, #3341, #605, #918, #1568, #2445, #3672, #1815, #2733, #1227, #3695, #626, #956, #976, #1838, #3060, #2688, #336, #561, #1777, #3438, #1012, #736, #3419, #3165, #1032, #3773 ),
 .UNSPECIFIED., .F., .F.,
 ( 4, 2, 2, 2, 1, 1, 2, 2, 2, 2, 2, 2, 2, 2, 1, 1, 2, 2, 2, 1, 1, 1, 2, 2, 2, 1, 2, 2, 4 ),
 ( 0.000000000000000000, 0.1249999999999990841, 0.1874999999999986122, 0.2187499999999983624, 0.2343749999999982514, 0.2421874999999981959, 0.2460937499999981959, 0.2499999999999981681, 0.3749999999999970579, 0.4374999999999964473, 0.4999999999999958922, 0.6249999999999946709, 0.6874999999999942268, 0.7187499999999938938, 0.7343749999999936717, 0.7421874999999937828, 0.7460937499999938938, 0.7499999999999940048, 0.8124999999999955591, 0.8437499999999964473, 0.8593749999999970024, 0.8671874999999972244, 0.8710937499999972244, 0.8749999999999971134, 0.9062499999999977796, 0.9218749999999981126, 0.9296874999999983347, 0.9374999999999984457, 1.000000000000000000 ),
 .UNSPECIFIED. ) ;
#521 = CARTESIAN_POINT ( 'NONE',  ( -0.4273502691896271521, -0.7401923788646699309, 0.008333333333331088486 ) ) ;
#522 = CARTESIAN_POINT ( 'NONE',  ( 0.6170898640636134358, -0.4087612468661154241, -0.03805847493797136910 ) ) ;
#523 = CARTESIAN_POINT ( 'NONE',  ( -0.6288164798593803839, -0.7836810255767504563, -2.981704522533841217 ) ) ;
#524 = ORIENTED_EDGE ( 'NONE', *, *, #2535, .F. ) ;
#525 = DIRECTION ( 'NONE',  ( 0.000000000000000000, 0.000000000000000000, 1.000000000000000000 ) ) ;
#526 = CARTESIAN_POINT ( 'NONE',  ( 0.9999999999999995559, 0.2617993877991500740, -1.941666666666666874 ) ) ;
#527 = CARTESIAN_POINT ( 'NONE',  ( 1.112813416937029842, 0.000000000000000000, -3.254999999999999893 ) ) ;
#528 = EDGE_LOOP ( 'NONE', ( #621, #1444, #3343, #315 ) ) ;
#529 = CARTESIAN_POINT ( 'NONE',  ( -1.000000000000008438, 0.2679491924311078743, -2.057136720504588734 ) ) ;
#530 = CARTESIAN_POINT ( 'NONE',  ( -0.5019350358330112449, 0.5919797134948864281, -2.999964400101047257 ) ) ;
#531 = AXIS2_PLACEMENT_3D ( 'NONE', #2246, #1069, #2567 ) ;
#532 = CARTESIAN_POINT ( 'NONE',  ( 0.6410254037844400621, -0.3700961894323349655, -1.641666666666669938 ) ) ;
#533 = CARTESIAN_POINT ( 'NONE',  ( 0.9813948527210025752, -0.1947667574361877374, -1.112071304229343971 ) ) ;
#534 = VERTEX_POINT ( 'NONE', #696 ) ;
#535 = CARTESIAN_POINT ( 'NONE',  ( -0.6410254037844400621, -0.3700961894323349655, -1.558333333333330017 ) ) ;
#536 = CARTESIAN_POINT ( 'NONE',  ( 0.5065579659098001786, 0.5402518958533822913, -0.1264957550859241719 ) ) ;
#537 = CARTESIAN_POINT ( 'NONE',  ( 0.7401923788501801882, -4.631459306556437138E-06, -0.07499968226472029931 ) ) ;
#538 = ORIENTED_EDGE ( 'NONE', *, *, #1423, .F. ) ;
#539 = EDGE_CURVE ( 'NONE', #3308, #3214, #3708, .T. ) ;
#540 = ORIENTED_EDGE ( 'NONE', *, *, #1769, .T. ) ;
#541 = FACE_OUTER_BOUND ( 'NONE', #1359, .T. ) ;
#542 = CARTESIAN_POINT ( 'NONE',  ( -1.000000000000000000, 0.2617993877991497409, -2.108333333333333393 ) ) ;
#543 = CARTESIAN_POINT ( 'NONE',  ( 0.8660254037844390407, 0.5000000000000000000, -3.508333333333330195 ) ) ;
#544 = VERTEX_POINT ( 'NONE', #3111 ) ;
#545 = CARTESIAN_POINT ( 'NONE',  ( -0.0001153857093238566710, 1.026042711585962275, -1.624882599557788243 ) ) ;
#546 = AXIS2_PLACEMENT_3D ( 'NONE', #3895, #279, #1507 ) ;
#547 = DIRECTION ( 'NONE',  ( 0.000000000000000000, 0.000000000000000000, 1.000000000000000000 ) ) ;
#548 = LINE ( 'NONE', #1743, #716 ) ;
#549 = CARTESIAN_POINT ( 'NONE',  ( 0.5210457954661144031, 0.5257346221935083053, -0.9746936952200363491 ) ) ;
#550 = CARTESIAN_POINT ( 'NONE',  ( -0.8747094412892857385, 0.4865800380544343384, -0.4929712813766503055 ) ) ;
#551 = CIRCLE ( 'NONE', #2520, 2.773536978145061394 ) ;
#552 = CARTESIAN_POINT ( 'NONE',  ( 0.7401923788565921702, -3.458077436983249262E-06, -0.5249996885425338711 ) ) ;
#553 = ORIENTED_EDGE ( 'NONE', *, *, #1611, .F. ) ;
#554 = CARTESIAN_POINT ( 'NONE',  ( 0.4273502691896260419, -0.7401923788646699309, -2.458333333333333037 ) ) ;
#555 = CARTESIAN_POINT ( 'NONE',  ( 1.000000000000000000, -8.715332896486792014E-16, -1.074999999999998623 ) ) ;
#556 = DIRECTION ( 'NONE',  ( 0.000000000000000000, 3.239995458127760343E-15, -1.000000000000000000 ) ) ;
#557 = ORIENTED_EDGE ( 'NONE', *, *, #2105, .F. ) ;
#558 = ORIENTED_EDGE ( 'NONE', *, *, #3907, .T. ) ;
#559 = CARTESIAN_POINT ( 'NONE',  ( 0.6410254037844400621, -0.3700961894323349655, -1.241666666666670027 ) ) ;
#560 = DIRECTION ( 'NONE',  ( 1.000000000000000000, 0.000000000000000000, 0.000000000000000000 ) ) ;
#561 = CARTESIAN_POINT ( 'NONE',  ( 0.8177042131977141359, -0.4929441637457616654, -0.2142533210154851098 ) ) ;
#562 = CARTESIAN_POINT ( 'NONE',  ( 0.4273502691896271521, -0.7401923788646699309, -0.008333333333337000423 ) ) ;
#563 = ORIENTED_EDGE ( 'NONE', *, *, #2834, .F. ) ;
#564 = CARTESIAN_POINT ( 'NONE',  ( -0.9839369586742446883, 0.1840061469584286791, -1.712741786277524048 ) ) ;
#565 = CARTESIAN_POINT ( 'NONE',  ( -0.6404364800467203800, -0.3717222562727720003, -2.758484511579235576 ) ) ;
#566 = AXIS2_PLACEMENT_3D ( 'NONE', #1707, #3836, #1409 ) ;
#567 = DIRECTION ( 'NONE',  ( 0.000000000000000000, 0.000000000000000000, 1.000000000000000000 ) ) ;
#568 = DIRECTION ( 'NONE',  ( 1.000000000000000000, 0.000000000000000000, 0.000000000000000000 ) ) ;
#569 = CARTESIAN_POINT ( 'NONE',  ( 0.4993672080109050615, 0.5464973125359460226, -0.9772948366656999397 ) ) ;
#570 = CARTESIAN_POINT ( 'NONE',  ( 0.000000000000000000, 0.7401923788646699309, -0.5749999999999999556 ) ) ;
#571 = CARTESIAN_POINT ( 'NONE',  ( 0.7129194693469894650, 0.7012488949525188531, -0.3739231537127909455 ) ) ;
#572 = CARTESIAN_POINT ( 'NONE',  ( -0.3358201048381889708, -1.259450488053249995, -3.966420441514880046 ) ) ;
#573 = EDGE_LOOP ( 'NONE', ( #1946, #1381, #2295, #1104 ) ) ;
#574 =( BOUNDED_CURVE ( )  B_SPLINE_CURVE ( 2, ( #492, #2920, #3776, #1720, #1666, #758, #1974, #1404, #2607 ),
 .UNSPECIFIED., .F., .F. ) 
 B_SPLINE_CURVE_WITH_KNOTS ( ( 3, 2, 2, 2, 3 ),
 ( 0.000000000000000000, 0.08333333333333965698, 0.2500000000000019984, 0.4166666666666723473, 0.5000000000000000000 ),
 .UNSPECIFIED. ) 
 CURVE ( )  GEOMETRIC_REPRESENTATION_ITEM ( )  RATIONAL_B_SPLINE_CURVE ( ( 0.9330127018922195203, 0.9330127018922163007, 1.000000000000000000, 0.8660254037844389297, 1.000000000000000000, 0.8660254037844389297, 1.000000000000000000, 0.9330127018922222959, 0.9330127018922194093 ) ) 
 REPRESENTATION_ITEM ( '' )  );
#575 = EDGE_CURVE ( 'NONE', #2878, #2471, #2172, .T. ) ;
#576 = CARTESIAN_POINT ( 'NONE',  ( -0.4273502691896260419, 0.7401923788646699309, -3.058333333333329129 ) ) ;
#577 = CARTESIAN_POINT ( 'NONE',  ( -0.2028770456284479939, -0.4897885150504019403, -3.254999999999999893 ) ) ;
#578 = AXIS2_PLACEMENT_3D ( 'NONE', #3015, #3626, #910 ) ;
#579 = EDGE_CURVE ( 'NONE', #534, #205, #3227, .T. ) ;
#580 = CARTESIAN_POINT ( 'NONE',  ( -0.7033518142728597544, 0.2306220055284166071, -0.3042802797802663384 ) ) ;
#581 = VERTEX_POINT ( 'NONE', #1291 ) ;
#582 = CARTESIAN_POINT ( 'NONE',  ( 0.7401947473429458801, -0.1983298478357495009, -1.257137089987341971 ) ) ;
#583 = CARTESIAN_POINT ( 'NONE',  ( 0.000000000000000000, 0.000000000000000000, 0.000000000000000000 ) ) ;
#584 = CARTESIAN_POINT ( 'NONE',  ( 0.4569589799515966777, -0.7574571402336082171, -0.1412707744037228486 ) ) ;
#585 = DIRECTION ( 'NONE',  ( -0.3812272063696550695, 0.9203638919632242121, -0.08715574274765411356 ) ) ;
#586 = ORIENTED_EDGE ( 'NONE', *, *, #1019, .F. ) ;
#587 = CARTESIAN_POINT ( 'NONE',  ( -1.000000000000000000, 6.912039677475719115E-16, -0.9250000000000000444 ) ) ;
#588 = ADVANCED_FACE ( 'NONE', ( #3458 ), #3088, .T. ) ;
#589 = CARTESIAN_POINT ( 'NONE',  ( -0.3753722033148719772, -0.6379942255844059940, -2.791124085289590884 ) ) ;
#590 = CARTESIAN_POINT ( 'NONE',  ( 0.6604195542700064259, -0.3863705466856142134, -2.091666666666666785 ) ) ;
#591 = DIRECTION ( 'NONE',  ( 0.000000000000000000, 0.000000000000000000, 1.000000000000000000 ) ) ;
#592 = EDGE_CURVE ( 'NONE', #3063, #806, #3717, .T. ) ;
#593 = CARTESIAN_POINT ( 'NONE',  ( 0.5915763003530700725, 0.4553350346587423103, -0.9667277049606213257 ) ) ;
#594 = CARTESIAN_POINT ( 'NONE',  ( -0.8812540437089008138, -0.2908270485830624086, -0.1875506362338306976 ) ) ;
#595 = CARTESIAN_POINT ( 'NONE',  ( -0.7382463059779325043, 0.06974397748913314932, -0.7187345842206065427 ) ) ;
#596 = EDGE_CURVE ( 'NONE', #2358, #2533, #2191, .T. ) ;
#597 = ORIENTED_EDGE ( 'NONE', *, *, #3785, .F. ) ;
#598 = CARTESIAN_POINT ( 'NONE',  ( 0.4089440554590090260, 0.6172513994062314158, -0.1375156781089701963 ) ) ;
#599 = CARTESIAN_POINT ( 'NONE',  ( 0.3921718441266592303, -0.9481143125862749876, -0.6490480608558747422 ) ) ;
#600 =( BOUNDED_CURVE ( )  B_SPLINE_CURVE ( 2, ( #3085, #3218, #3473, #3508, #1569, #2583, #1967, #3197, #2873 ),
 .UNSPECIFIED., .F., .T. ) 
 B_SPLINE_CURVE_WITH_KNOTS ( ( 3, 2, 2, 2, 3 ),
 ( 0.000000000000000000, 0.08333333333333010906, 0.2499999999999998335, 0.4166666666666610785, 0.4999998395545952046 ),
 .UNSPECIFIED. ) 
 CURVE ( )  GEOMETRIC_REPRESENTATION_ITEM ( )  RATIONAL_B_SPLINE_CURVE ( ( 0.9330127018922194093, 0.9330127018922198534, 1.000000000000000000, 0.8660254037844389297, 1.000000000000000000, 0.8660254037844389297, 1.000000000000000000, 0.9330128308658662828, 0.9330127018924676552 ) ) 
 REPRESENTATION_ITEM ( '' )  );
#601 = EDGE_LOOP ( 'NONE', ( #3290, #3674, #862, #1415 ) ) ;
#602 = CARTESIAN_POINT ( 'NONE',  ( -9.064742275298830802E-17, -0.7401923788646699309, -1.175000000000000044 ) ) ;
#603 = CARTESIAN_POINT ( 'NONE',  ( -0.6751104396176318412, -0.7378969968866523343, -0.9772539136622473421 ) ) ;
#604 = DIRECTION ( 'NONE',  ( 0.000000000000000000, 0.000000000000000000, 1.000000000000000000 ) ) ;
#605 = CARTESIAN_POINT ( 'NONE',  ( 0.6426459826241583961, -0.6549544451644560006, -0.1773888412787451019 ) ) ;
#606 = LINE ( 'NONE', #3916, #3287 ) ;
#607 = EDGE_LOOP ( 'NONE', ( #1546, #1290, #2773, #1099, #947, #3602 ) ) ;
#608 = CARTESIAN_POINT ( 'NONE',  ( -0.8982022621787770778, 0.4521062887533311980, -0.8950604843059661864 ) ) ;
#609 = CARTESIAN_POINT ( 'NONE',  ( 1.078660417681890138, 0.2735788812050370389, -3.254999999999999893 ) ) ;
#610 = B_SPLINE_CURVE_WITH_KNOTS ( 'NONE', 3,
 ( #1881, #2738, #1293, #3938, #55, #1594, #383, #1232, #342, #961 ),
 .UNSPECIFIED., .F., .F.,
 ( 4, 2, 2, 2, 4 ),
 ( 0.5000000000000000000, 0.6250000000000000000, 0.7500000000000000000, 0.8750000000000000000, 1.000000000000000000 ),
 .UNSPECIFIED. ) ;
#611 = CARTESIAN_POINT ( 'NONE',  ( 0.4897885150504199814, 0.2028770456284570145, -3.254999999999999893 ) ) ;
#612 = CARTESIAN_POINT ( 'NONE',  ( 0.7401919948655140136, 0.09871966590870691338, -0.9338913363379738319 ) ) ;
#613 = CARTESIAN_POINT ( 'NONE',  ( -0.8743524413719248045, -0.3132225621630553847, -0.1886128192203530007 ) ) ;
#614 = CARTESIAN_POINT ( 'NONE',  ( 0.7249731076156684662, -0.1536930169159367032, -1.711162447272178477 ) ) ;
#615 = ORIENTED_EDGE ( 'NONE', *, *, #2234, .T. ) ;
#616 = ADVANCED_FACE ( 'NONE', ( #2229 ), #1937, .T. ) ;
#617 = AXIS2_PLACEMENT_3D ( 'NONE', #1100, #3507, #1117 ) ;
#618 = CARTESIAN_POINT ( 'NONE',  ( 0.4626021642590593119, 0.5778475734895720528, -0.1316056072342482175 ) ) ;
#619 = AXIS2_PLACEMENT_3D ( 'NONE', #709, #2184, #3396 ) ;
#620 = CARTESIAN_POINT ( 'NONE',  ( 1.349766751978810131, -0.3669424536063989883, -4.322150515720509567 ) ) ;
#621 = ORIENTED_EDGE ( 'NONE', *, *, #1087, .T. ) ;
#622 = VERTEX_POINT ( 'NONE', #1647 ) ;
#623 = CARTESIAN_POINT ( 'NONE',  ( 0.3831406481556003385, 0.9236919819527044107, -1.200335610502755834 ) ) ;
#624 = CARTESIAN_POINT ( 'NONE',  ( -0.8660254037844390407, 0.5000000000000000000, -0.8416666666666648977 ) ) ;
#625 = CARTESIAN_POINT ( 'NONE',  ( -0.5203562253811353511, -0.5264172258750674516, -0.7747690561614450910 ) ) ;
#626 = CARTESIAN_POINT ( 'NONE',  ( 0.7505011262260830041, -0.5658841807418409919, -0.1996028570722425677 ) ) ;
#627 = DIRECTION ( 'NONE',  ( 0.000000000000000000, -1.000000000000000000, 1.781340560349285292E-15 ) ) ;
#628 = ORIENTED_EDGE ( 'NONE', *, *, #1443, .T. ) ;
#629 = LINE ( 'NONE', #3064, #859 ) ;
#630 = CARTESIAN_POINT ( 'NONE',  ( 0.6314689708612258867, -0.3865226368775763754, -2.890074000030645518 ) ) ;
#631 = CARTESIAN_POINT ( 'NONE',  ( -0.2512563132923439913, -0.6065863991822330048, -4.700000000000000178 ) ) ;
#632 = CARTESIAN_POINT ( 'NONE',  ( 0.2018101405848141960, -1.000000000000000000, -2.986651513899182930 ) ) ;
#633 = CARTESIAN_POINT ( 'NONE',  ( 0.7100452654904304550, 0.7041590043454291070, -0.3741653694207311420 ) ) ;
#634 = CARTESIAN_POINT ( 'NONE',  ( -0.2735788812050309882, -1.078660417681859940, -3.254999999999999893 ) ) ;
#635 = CIRCLE ( 'NONE', #3377, 0.3060000000000002718 ) ;
#636 = EDGE_LOOP ( 'NONE', ( #2819, #2239, #3890, #429 ) ) ;
#637 = ADVANCED_FACE ( 'NONE', ( #3737 ), #1014, .F. ) ;
#638 = PLANE ( 'NONE',  #3885 ) ;
#639 = B_SPLINE_CURVE_WITH_KNOTS ( 'NONE', 3,
 ( #1260, #2829, #1636, #3141, #2480, #2849, #2457, #120, #2540, #3707, #986, #2180, #1600, #3430, #966, #1317, #3763, #1039, #2217, #349, #407, #2160 ),
 .UNSPECIFIED., .F., .F.,
 ( 4, 1, 1, 1, 1, 1, 1, 1, 1, 1, 1, 1, 1, 1, 1, 1, 1, 1, 1, 4 ),
 ( 0.5005187977144224254, 0.5183958709311731194, 0.5362704373217573872, 0.5541425412245686299, 0.5720122270009462273, 0.5898795390302427055, 0.6077445217094997743, 0.6256072194531280273, 0.6415713078437270678, 0.6881334818397515374, 0.7503998044391849698, 0.8126512300037329606, 0.8748949325615043016, 0.8915906130241091354, 0.9373595374042398287, 0.9460832209967640072, 0.9567094856367964750, 0.9692379951251026693, 0.9836683310719198658, 1.000000000000000000 ),
 .UNSPECIFIED. ) ;
#640 = CARTESIAN_POINT ( 'NONE',  ( 1.154716704595970533, -2.121180174308142071E-16, -0.7249919168916425516 ) ) ;
#641 = ORIENTED_EDGE ( 'NONE', *, *, #656, .F. ) ;
#642 = AXIS2_PLACEMENT_3D ( 'NONE', #2868, #443, #1651 ) ;
#643 = CARTESIAN_POINT ( 'NONE',  ( 0.6173548570482462194, 0.4083610354117080399, -2.961924459674419197 ) ) ;
#644 = DIRECTION ( 'NONE',  ( 0.000000000000000000, 0.000000000000000000, -1.000000000000000000 ) ) ;
#645 = ADVANCED_FACE ( 'NONE', ( #2152 ), #3385, .T. ) ;
#646 = CARTESIAN_POINT ( 'NONE',  ( -0.5435407774780350865, -0.8395071689306394802, -0.9882689144716562124 ) ) ;
#647 = CARTESIAN_POINT ( 'NONE',  ( -0.5179764465069369717, -0.5287675521898338449, -0.7750508211153993576 ) ) ;
#648 = DIRECTION ( 'NONE',  ( 0.000000000000000000, 1.000000000000000000, 3.189333839277121588E-15 ) ) ;
#649 = FACE_BOUND ( 'NONE', #373, .T. ) ;
#650 = EDGE_LOOP ( 'NONE', ( #1283, #1810, #272, #1591 ) ) ;
#651 = CARTESIAN_POINT ( 'NONE',  ( -0.5219866587632806532, -0.8922269036098134931, -1.791666666666666519 ) ) ;
#652 = CARTESIAN_POINT ( 'NONE',  ( 0.000000000000000000, -1.259922254300260102E-14, -3.306000000000000050 ) ) ;
#653 = CARTESIAN_POINT ( 'NONE',  ( -1.078660417681879924, -0.2735788812050239938, -3.254999999999999893 ) ) ;
#654 = CARTESIAN_POINT ( 'NONE',  ( 0.8547005383792529720, -1.570059417833509065E-16, -2.924999999999989164 ) ) ;
#655 = CARTESIAN_POINT ( 'NONE',  ( -0.2938588298015598066, 0.6793862609895968685, -1.050658708122597096 ) ) ;
#656 = EDGE_CURVE ( 'NONE', #3338, #731, #174, .T. ) ;
#657 = CARTESIAN_POINT ( 'NONE',  ( 0.5196811661177787034, -0.5293532955755306801, -0.07501672458632628604 ) ) ;
#658 = ORIENTED_EDGE ( 'NONE', *, *, #3912, .F. ) ;
#659 = DIRECTION ( 'NONE',  ( 1.000000000000000000, 0.000000000000000000, 0.000000000000000000 ) ) ;
#660 = FACE_OUTER_BOUND ( 'NONE', #2228, .T. ) ;
#661 = ORIENTED_EDGE ( 'NONE', *, *, #236, .T. ) ;
#662 = ADVANCED_FACE ( 'NONE', ( #3851 ), #153, .T. ) ;
#663 = MANIFOLD_SOLID_BREP ( 'Body1[1]', #129 ) ;
#664 = DIRECTION ( 'NONE',  ( 0.000000000000000000, 0.000000000000000000, 1.000000000000000000 ) ) ;
#665 = CIRCLE ( 'NONE', #222, 1.398755535826790020 ) ;
#666 = ORIENTED_EDGE ( 'NONE', *, *, #452, .F. ) ;
#667 = CARTESIAN_POINT ( 'NONE',  ( 0.5271407987934656481, 0.6336881160477584318, -0.08269077711690127341 ) ) ;
#668 = CARTESIAN_POINT ( 'NONE',  ( 0.4474410174426398656, 0.6237047986386990983, -2.999833586687140397 ) ) ;
#669 = CARTESIAN_POINT ( 'NONE',  ( 0.5059013399337883854, -0.5425299633998479365, -0.8732875676265138276 ) ) ;
#670 = CARTESIAN_POINT ( 'NONE',  ( 0.4273502691896271521, 0.7401923788646698199, -1.741666666666669361 ) ) ;
#671 = EDGE_CURVE ( 'NONE', #2183, #2878, #2900, .T. ) ;
#672 = ORIENTED_EDGE ( 'NONE', *, *, #1667, .F. ) ;
#673 = CARTESIAN_POINT ( 'NONE',  ( 0.9999999999998187006, 6.017595787446686063E-07, -2.275000040117295175 ) ) ;
#674 = CARTESIAN_POINT ( 'NONE',  ( 0.6095563181796952446, -0.7997862013301502149, -0.2668665437277226160 ) ) ;
#675 = CARTESIAN_POINT ( 'NONE',  ( -0.3669424536064170295, -1.349766751978800139, -4.322150515720509567 ) ) ;
#676 = CARTESIAN_POINT ( 'NONE',  ( -0.6410254037844400621, 0.3700961894323349655, -2.691666666666659768 ) ) ;
#677 = CARTESIAN_POINT ( 'NONE',  ( -0.9999999999994464428, -0.2679491924320814289, -2.492863279495467488 ) ) ;
#678 = CARTESIAN_POINT ( 'NONE',  ( -0.6847911391224432709, 0.2809853775155197186, -1.099791900773394948 ) ) ;
#679 = CARTESIAN_POINT ( 'NONE',  ( 0.6410254037844400621, -0.3700961894323349655, -3.241666666666659591 ) ) ;
#680 = CARTESIAN_POINT ( 'NONE',  ( -0.9324404399088490614, 0.3620395400501906225, -0.5007981433607330279 ) ) ;
#681 = DIRECTION ( 'NONE',  ( 1.000000000000000000, 0.000000000000000000, 0.000000000000000000 ) ) ;
#682 = ORIENTED_EDGE ( 'NONE', *, *, #2140, .T. ) ;
#683 = VECTOR ( 'NONE', #2087, 1000.000000000000000 ) ;
#684 = DIRECTION ( 'NONE',  ( 1.000000000000000000, 0.000000000000000000, 0.000000000000000000 ) ) ;
#685 = CARTESIAN_POINT ( 'NONE',  ( 0.9999803895808835330, -0.1304212762694664796, -0.7163051955787101965 ) ) ;
#686 = ORIENTED_EDGE ( 'NONE', *, *, #3207, .F. ) ;
#687 = VECTOR ( 'NONE', #2586, 1000.000000000000000 ) ;
#688 = DIRECTION ( 'NONE',  ( 0.000000000000000000, 0.000000000000000000, 1.000000000000000000 ) ) ;
#689 = AXIS2_PLACEMENT_3D ( 'NONE', #1791, #2997, #2679 ) ;
#690 = ORIENTED_EDGE ( 'NONE', *, *, #2601, .T. ) ;
#691 = CARTESIAN_POINT ( 'NONE',  ( 0.4820535867817312137, 0.6746806809358806278, -0.08575948921425319282 ) ) ;
#692 = AXIS2_PLACEMENT_3D ( 'NONE', #1910, #1928, #3688 ) ;
#693 = CARTESIAN_POINT ( 'NONE',  ( 0.6131275985235977721, -0.4174648408704207947, -0.8871524999913816822 ) ) ;
#694 = CARTESIAN_POINT ( 'NONE',  ( 0.7401923788646697089, -0.1937819116403683151, -2.508333333333333748 ) ) ;
#695 = ORIENTED_EDGE ( 'NONE', *, *, #1367, .T. ) ;
#696 = CARTESIAN_POINT ( 'NONE',  ( -1.000000000000000000, -4.341978872923810008E-16, -1.724999999999999867 ) ) ;
#697 = CARTESIAN_POINT ( 'NONE',  ( 0.9977065221288229369, -0.06897927013889607051, -0.3204135010119964488 ) ) ;
#698 = CARTESIAN_POINT ( 'NONE',  ( 0.6875950906257241035, -0.6605103722400119670, -3.000000464391134880 ) ) ;
#699 = CARTESIAN_POINT ( 'NONE',  ( -0.5773502691896256200, -1.000000000000000222, -0.1416666666666660801 ) ) ;
#700 = EDGE_CURVE ( 'NONE', #1638, #2365, #2686, .T. ) ;
#701 = CARTESIAN_POINT ( 'NONE',  ( -0.5239378905303849754, 0.5228516633969489957, -1.075654792532835247 ) ) ;
#702 = CARTESIAN_POINT ( 'NONE',  ( 0.4273502691896260419, -0.7401923788646699309, -2.808333333333327797 ) ) ;
#703 = CARTESIAN_POINT ( 'NONE',  ( 0.7345235170993458240, -0.09363845341000560929, -0.1165669713689912596 ) ) ;
#704 = APPLICATION_PROTOCOL_DEFINITION ( 'draft international standard', 'automotive_design', 1998, #2499 ) ;
#705 = CYLINDRICAL_SURFACE ( 'NONE', #1845, 0.7401923788646699309 ) ;
#706 = CARTESIAN_POINT ( 'NONE',  ( -0.8660375284469739032, -0.5000070001771780293, -3.358325250224970304 ) ) ;
#707 = ORIENTED_EDGE ( 'NONE', *, *, #3204, .T. ) ;
#708 = CARTESIAN_POINT ( 'NONE',  ( -1.000000000000000000, 2.521020878909429608E-16, -2.475000000000000089 ) ) ;
#709 = CARTESIAN_POINT ( 'NONE',  ( 0.000000000000000000, 0.000000000000000000, 0.000000000000000000 ) ) ;
#710 = B_SPLINE_CURVE_WITH_KNOTS ( 'NONE', 3,
 ( #2648, #2012, #216, #2989, #2112, #2408, #3005, #2366, #1528, #3897, #281, #1211, #545, #3572, #2692, #2736, #1167, #11, #876, #1490, #564, #2427, #2388, #258 ),
 .UNSPECIFIED., .F., .F.,
 ( 4, 1, 1, 1, 1, 1, 1, 1, 1, 1, 1, 1, 1, 1, 1, 1, 1, 1, 1, 1, 1, 4 ),
 ( 0.5002136191560885292, 0.5158721050462983237, 0.5315296376094168496, 0.5471862301651477800, 0.5628418961408812038, 0.5784966489663915246, 0.5941505020738034881, 0.6098034688975569884, 0.6254555628743754259, 0.6414518877201922376, 0.6879830601988840000, 0.7502601798087626950, 0.8125305200512293879, 0.8747892608900305067, 0.9060727308379339373, 0.9373463633669065764, 0.9419186939749422116, 0.9488395910569942249, 0.9581087209647187741, 0.9697255996334186445, 0.9836896086912656489, 1.000000000000000000 ),
 .UNSPECIFIED. ) ;
#711 = VERTEX_POINT ( 'NONE', #2625 ) ;
#712 = CARTESIAN_POINT ( 'NONE',  ( 0.7777814342794227009, 0.1882189681950148796, -0.05751203762078416909 ) ) ;
#713 = EDGE_CURVE ( 'NONE', #394, #306, #3224, .T. ) ;
#714 = CARTESIAN_POINT ( 'NONE',  ( 0.5291256297798452302, -0.5176269903107152404, -0.8762894675515254805 ) ) ;
#715 = CARTESIAN_POINT ( 'NONE',  ( 0.7401923788646700419, 1.111204519654868666E-14, -2.525000000000000355 ) ) ;
#716 = VECTOR ( 'NONE', #324, 1000.000000000000000 ) ;
#717 = ORIENTED_EDGE ( 'NONE', *, *, #27, .F. ) ;
#718 = DIRECTION ( 'NONE',  ( 1.000000000000000000, 0.000000000000000000, 0.000000000000000000 ) ) ;
#719 = CARTESIAN_POINT ( 'NONE',  ( 0.8364899527443735439, -0.5482637485251057319, -0.2883048262958550212 ) ) ;
#720 = CARTESIAN_POINT ( 'NONE',  ( 0.7714405071715854101, -0.5303854590823587900, -3.000023885161846149 ) ) ;
#721 = CARTESIAN_POINT ( 'NONE',  ( -0.8660254037844390407, -0.5000000000000000000, -1.308333333333330017 ) ) ;
#722 = CARTESIAN_POINT ( 'NONE',  ( -0.6865373777191958737, 0.2766917800784327031, -1.100173267209585637 ) ) ;
#723 = CARTESIAN_POINT ( 'NONE',  ( -0.4273502691896271521, -0.7401923788646699309, -2.341666666666659236 ) ) ;
#724 = CARTESIAN_POINT ( 'NONE',  ( 0.6943638885553667928, -0.2567571170247779366, -0.1018382220777476338 ) ) ;
#725 = APPLICATION_PROTOCOL_DEFINITION ( 'draft international standard', 'automotive_design', 1998, #2702 ) ;
#726 = CARTESIAN_POINT ( 'NONE',  ( 0.000000000000000000, 0.000000000000000000, 0.000000000000000000 ) ) ;
#727 = EDGE_CURVE ( 'NONE', #3079, #1538, #574, .T. ) ;
#728 = CARTESIAN_POINT ( 'NONE',  ( -1.154716704595970533, 7.070600581027142701E-17, -1.324991916891640198 ) ) ;
#729 = EDGE_CURVE ( 'NONE', #2358, #3077, #1050, .T. ) ;
#730 = AXIS2_PLACEMENT_3D ( 'NONE', #2478, #2455, #681 ) ;
#731 = VERTEX_POINT ( 'NONE', #2302 ) ;
#732 = CARTESIAN_POINT ( 'NONE',  ( 0.6503866483904463536, 0.3542211081462046662, -2.956761612474534839 ) ) ;
#733 = CARTESIAN_POINT ( 'NONE',  ( 0.1424323891848536250, 0.7275765811480469081, -0.2132882293690316622 ) ) ;
#734 = CARTESIAN_POINT ( 'NONE',  ( -0.9447444677210625752, 0.3280826306878724674, -1.303193533203837129 ) ) ;
#735 = CARTESIAN_POINT ( 'NONE',  ( -0.9454431942986248893, -0.3294226890292654142, -2.946668539441825274 ) ) ;
#736 = CARTESIAN_POINT ( 'NONE',  ( 0.8750711890330956644, -0.4149188521207070601, -0.2282111768542453289 ) ) ;
#737 = CIRCLE ( 'NONE', #531, 2.747226305059998985 ) ;
#738 = ORIENTED_EDGE ( 'NONE', *, *, #2682, .T. ) ;
#739 = CARTESIAN_POINT ( 'NONE',  ( 0.5219866587632830957, -0.8922269036098124939, -1.858333333333333837 ) ) ;
#740 = CARTESIAN_POINT ( 'NONE',  ( 0.9996314251253383132, -0.02802823951963480387, -0.3231336362164749509 ) ) ;
#741 = CARTESIAN_POINT ( 'NONE',  ( 0.000000000000000000, 1.000000000000000000, -1.574999999999999956 ) ) ;
#742 = CARTESIAN_POINT ( 'NONE',  ( 0.4273502691896271521, 0.7401923788646699309, -2.541666666666662078 ) ) ;
#743 = CARTESIAN_POINT ( 'NONE',  ( 0.6592745332451110940, -0.3368569258235546426, -0.09490964272553806258 ) ) ;
#744 = AXIS2_PLACEMENT_3D ( 'NONE', #652, #960, #3346 ) ;
#745 = CARTESIAN_POINT ( 'NONE',  ( 0.7401923788542624782, -3.925142550763007590E-06, -0.8749998659196788209 ) ) ;
#746 = CARTESIAN_POINT ( 'NONE',  ( 0.000000000000000000, 0.000000000000000000, 0.000000000000000000 ) ) ;
#747 = CARTESIAN_POINT ( 'NONE',  ( -1.154716704595970533, 7.070600581027142701E-17, -2.924991916891642951 ) ) ;
#748 = DIRECTION ( 'NONE',  ( -1.224646799147352714E-16, -1.000000000000000000, 0.000000000000000000 ) ) ;
#749 = VERTEX_POINT ( 'NONE', #813 ) ;
#750 = CARTESIAN_POINT ( 'NONE',  ( -0.6410254037844400621, 0.3700961894323349655, -0.6916666666666669849 ) ) ;
#751 = CARTESIAN_POINT ( 'NONE',  ( 0.7401913670025634939, 0.08641127683763195899, -0.1327827525520685892 ) ) ;
#752 = CARTESIAN_POINT ( 'NONE',  ( -0.7276599328184042426, -0.5981613357218629190, -0.2017513811827420511 ) ) ;
#753 = CARTESIAN_POINT ( 'NONE',  ( -1.000000000000000222, -0.2679491924311221962, -0.8928632794954063367 ) ) ;
#754 = CARTESIAN_POINT ( 'NONE',  ( 0.4490878970940381798, -0.5888992789212939005, -0.8667399060075108297 ) ) ;
#755 = CARTESIAN_POINT ( 'NONE',  ( 0.7401923788646698199, 2.536815002063137769E-14, -2.075000000000002842 ) ) ;
#756 = VERTEX_POINT ( 'NONE', #2008 ) ;
#757 = AXIS2_PLACEMENT_3D ( 'NONE', #3067, #2494, #3114 ) ;
#758 = CARTESIAN_POINT ( 'NONE',  ( 0.4273502691896260419, -0.7401923788646698199, -2.408333333333329218 ) ) ;
#759 = EDGE_CURVE ( 'NONE', #2680, #30, #1237, .T. ) ;
#760 = DIRECTION ( 'NONE',  ( -1.000000000000000000, -1.091375399390050102E-14, 0.000000000000000000 ) ) ;
#761 = CARTESIAN_POINT ( 'NONE',  ( -1.224646799147350002E-16, -1.000000000000000000, -1.775000000000000133 ) ) ;
#762 = CARTESIAN_POINT ( 'NONE',  ( -0.8547005383792529720, 5.233531392778363755E-17, -2.675000000000001599 ) ) ;
#763 = DIRECTION ( 'NONE',  ( 0.000000000000000000, -3.108624468950430425E-15, 1.000000000000000000 ) ) ;
#764 = FACE_OUTER_BOUND ( 'NONE', #1585, .T. ) ;
#765 = CARTESIAN_POINT ( 'NONE',  ( -0.7386761466107182317, 0.3562340317826593883, -2.999914431422974648 ) ) ;
#766 = CARTESIAN_POINT ( 'NONE',  ( 0.5773583522979830462, 1.000014000354360499, -1.991658583558299611 ) ) ;
#767 = EDGE_CURVE ( 'NONE', #205, #1734, #2027, .T. ) ;
#768 = CARTESIAN_POINT ( 'NONE',  ( 0.9249980289669628153, -0.3799744497718628988, -1.099787634292863192 ) ) ;
#769 = ORIENTED_EDGE ( 'NONE', *, *, #814, .F. ) ;
#770 = DIRECTION ( 'NONE',  ( -1.000000000000000000, 0.000000000000000000, 0.000000000000000000 ) ) ;
#771 = EDGE_CURVE ( 'NONE', #3647, #2340, #1021, .T. ) ;
#772 = CARTESIAN_POINT ( 'NONE',  ( 0.3878251953516899664, -0.9217329428041640682, -3.000000000000000000 ) ) ;
#773 = CARTESIAN_POINT ( 'NONE',  ( -0.7336058956124772434, -0.5901880984765398575, -0.2013351469740485289 ) ) ;
#774 = CARTESIAN_POINT ( 'NONE',  ( -0.3898874942516521447, 0.9208712343103327980, -1.250147651537068638 ) ) ;
#775 = CARTESIAN_POINT ( 'NONE',  ( -1.000000000000000000, -1.132740442366720088E-16, -2.125000000000000000 ) ) ;
#776 = ORIENTED_EDGE ( 'NONE', *, *, #2585, .T. ) ;
#777 = CARTESIAN_POINT ( 'NONE',  ( 0.5018585599700940980, 0.5018585599700919886, -4.690232114873239766 ) ) ;
#778 = CARTESIAN_POINT ( 'NONE',  ( -0.2617993877991499074, 1.000000000000000000, -2.041666666666666075 ) ) ;
#779 = VECTOR ( 'NONE', #591, 1000.000000000000000 ) ;
#780 = CARTESIAN_POINT ( 'NONE',  ( 0.5773502691896256200, -1.000000000000000222, -1.808333333333332904 ) ) ;
#781 = EDGE_CURVE ( 'NONE', #1538, #3716, #1297, .T. ) ;
#782 = CARTESIAN_POINT ( 'NONE',  ( 1.000000000000000000, 0.000000000000000000, 0.000000000000000000 ) ) ;
#783 = CARTESIAN_POINT ( 'NONE',  ( -0.4964731665138319983, 0.4964731665138589767, -4.609806201873260179 ) ) ;
#784 = CARTESIAN_POINT ( 'NONE',  ( -0.7502918403358994626, -0.5683431690415987614, -2.999996970551772169 ) ) ;
#785 = CARTESIAN_POINT ( 'NONE',  ( 0.5773583522979818250, -1.000014000354360499, -1.458325250224969505 ) ) ;
#786 = CARTESIAN_POINT ( 'NONE',  ( 0.7108940008854505166, -0.7033047786613801922, -1.075932072792498140 ) ) ;
#787 = VERTEX_POINT ( 'NONE', #2360 ) ;
#788 = CARTESIAN_POINT ( 'NONE',  ( -9.064742275298830802E-17, -0.7401923788646699309, -0.02500000000000220102 ) ) ;
#789 = CARTESIAN_POINT ( 'NONE',  ( -0.7401923788646699309, 1.181795160448849902E-15, -2.725000000000000089 ) ) ;
#790 = CARTESIAN_POINT ( 'NONE',  ( -0.6183948821102083215, -0.7217057488391610542, -0.2088251250810721493 ) ) ;
#791 = CARTESIAN_POINT ( 'NONE',  ( -0.4527776799202596347, 0.8917376714050018194, -1.254729894848219285 ) ) ;
#792 = CARTESIAN_POINT ( 'NONE',  ( 0.000000000000000000, 0.7401923788646699309, -0.5749999999999999556 ) ) ;
#793 = CARTESIAN_POINT ( 'NONE',  ( -0.3878251953514110228, -0.9217329428042809747, -3.000000000000000000 ) ) ;
#794 = CARTESIAN_POINT ( 'NONE',  ( 0.7904457374432947159, -0.4923782923877205175, -3.000020722500622128 ) ) ;
#795 = EDGE_LOOP ( 'NONE', ( #1665, #348, #2151, #2265 ) ) ;
#796 = CARTESIAN_POINT ( 'NONE',  ( -0.6410254037844400621, -0.3700961894323349655, -1.508333333333329751 ) ) ;
#797 = ADVANCED_FACE ( 'NONE', ( #541 ), #1463, .F. ) ;
#798 = CARTESIAN_POINT ( 'NONE',  ( 0.9999999999999995559, 1.298790833949613044E-14, -1.925000000000000711 ) ) ;
#799 = CARTESIAN_POINT ( 'NONE',  ( 0.000000000000000000, 1.000000000000000000, -2.774999999999999911 ) ) ;
#800 = CARTESIAN_POINT ( 'NONE',  ( 0.4273502691896271521, 0.7401923788646699309, -3.741666666666660479 ) ) ;
#801 = DIRECTION ( 'NONE',  ( 0.000000000000000000, 0.000000000000000000, 1.000000000000000000 ) ) ;
#802 = DIRECTION ( 'NONE',  ( 0.9203638919632312065, -0.3812272063696379720, 0.08715574274765415519 ) ) ;
#803 = CARTESIAN_POINT ( 'NONE',  ( -0.8714578648857722598, -0.009885743793356580739, -3.000000041005408402 ) ) ;
#804 = CARTESIAN_POINT ( 'NONE',  ( 0.4273502691896260419, -0.7401923788646699309, -1.608333333333330728 ) ) ;
#805 = CARTESIAN_POINT ( 'NONE',  ( -0.3570290631976066886, -0.9341508874495283443, -1.002188813615438878 ) ) ;
#806 = VERTEX_POINT ( 'NONE', #870 ) ;
#807 = CARTESIAN_POINT ( 'NONE',  ( 0.4273502691896260419, -0.7401923788646699309, -0.8583333333333329485 ) ) ;
#808 = DIRECTION ( 'NONE',  ( -0.06666269134682947795, 0.06666269134683569519, -0.9955461672694008168 ) ) ;
#809 = CARTESIAN_POINT ( 'NONE',  ( -0.06435476203390974592, 0.9980559420198257259, -1.228793014996946376 ) ) ;
#810 = DIRECTION ( 'NONE',  ( 3.552713678800499352E-15, -0.08715574274765508500, -0.9961946980917458783 ) ) ;
#811 = CARTESIAN_POINT ( 'NONE',  ( 0.8691088707534224689, -0.2346014501597559199, -2.999997974550537183 ) ) ;
#812 = ORIENTED_EDGE ( 'NONE', *, *, #2062, .T. ) ;
#813 = CARTESIAN_POINT ( 'NONE',  ( 0.7401923788139170846, 8.667967984544521661E-06, -0.1250007806943874977 ) ) ;
#814 = EDGE_CURVE ( 'NONE', #2406, #3391, #2092, .T. ) ;
#815 = VECTOR ( 'NONE', #2299, 1000.000000000000114 ) ;
#816 = CARTESIAN_POINT ( 'NONE',  ( 0.7477222373097059949, -0.3885489136734259774, -4.569113484364089928 ) ) ;
#817 = CARTESIAN_POINT ( 'NONE',  ( -0.8660254037844390407, -0.5000000000000000000, -3.308333333333330017 ) ) ;
#818 = AXIS2_PLACEMENT_3D ( 'NONE', #631, #1860, #301 ) ;
#819 = CARTESIAN_POINT ( 'NONE',  ( 0.7401923788646698199, 1.090708404669663923E-14, -2.125000000000000000 ) ) ;
#820 = DIRECTION ( 'NONE',  ( 0.000000000000000000, 0.000000000000000000, -1.000000000000000000 ) ) ;
#821 = CARTESIAN_POINT ( 'NONE',  ( -1.349766751978800139, -0.3669424536064059827, -4.322150515720509567 ) ) ;
#822 = CARTESIAN_POINT ( 'NONE',  ( 0.6410254037844400621, -0.3700961894323349655, -0.8416666666666680063 ) ) ;
#823 = CARTESIAN_POINT ( 'NONE',  ( -0.8176587239579050648, 0.2034377887454449363, -3.000000052510152226 ) ) ;
#824 = CARTESIAN_POINT ( 'NONE',  ( -9.064742275298830802E-17, -0.7401923788646699309, -0.7750000000000000222 ) ) ;
#825 = CARTESIAN_POINT ( 'NONE',  ( 0.6841650771301189815, -0.7322889515092646517, -1.073350198582057047 ) ) ;
#826 = ORIENTED_EDGE ( 'NONE', *, *, #1652, .F. ) ;
#827 = CARTESIAN_POINT ( 'NONE',  ( -0.6410254037844400621, -0.3700961894323349655, -1.158333333333330106 ) ) ;
#828 = CARTESIAN_POINT ( 'NONE',  ( 0.6500286435363633597, -0.3548707688023505225, -0.04319044741312704633 ) ) ;
#829 = CARTESIAN_POINT ( 'NONE',  ( 0.6410254037844400621, 0.3700961894323349655, -0.5083333333333359683 ) ) ;
#830 = EDGE_CURVE ( 'NONE', #1811, #3317, #3839, .T. ) ;
#831 = ORIENTED_EDGE ( 'NONE', *, *, #1573, .T. ) ;
#832 = CARTESIAN_POINT ( 'NONE',  ( 0.5831016385386985634, -0.4892258415796123527, -0.01949600281832275517 ) ) ;
#833 = EDGE_CURVE ( 'NONE', #985, #3079, #1775, .T. ) ;
#834 = CARTESIAN_POINT ( 'NONE',  ( -0.8660254037844390407, 0.5000000000000000000, -3.241666666666659591 ) ) ;
#835 = UNCERTAINTY_MEASURE_WITH_UNIT (LENGTH_MEASURE( 1.000000000000000082E-05 ), #1089, 'distance_accuracy_value', 'NONE');
#836 = CARTESIAN_POINT ( 'NONE',  ( 0.4273502691896260419, -0.7401923788646698199, -2.808333333333328241 ) ) ;
#837 = VECTOR ( 'NONE', #3412, 1000.000000000000000 ) ;
#838 = CARTESIAN_POINT ( 'NONE',  ( 0.7401923785340227546, 2.044705493063098286E-05, -1.725001841599788976 ) ) ;
#839 = CARTESIAN_POINT ( 'NONE',  ( -0.8692957919865799132, 0.006763601812664427233, -2.999997178599294934 ) ) ;
#840 = CARTESIAN_POINT ( 'NONE',  ( -9.064742275298830802E-17, -0.7401923788646699309, -1.574999999999999956 ) ) ;
#841 = EDGE_CURVE ( 'NONE', #1013, #1508, #1055, .T. ) ;
#842 = CARTESIAN_POINT ( 'NONE',  ( -0.3752221525944151037, -0.9269369711247399390, -1.000900846587239323 ) ) ;
#843 = EDGE_LOOP ( 'NONE', ( #695, #2332, #333, #3017 ) ) ;
#844 = EDGE_CURVE ( 'NONE', #2041, #3635, #1504, .T. ) ;
#845 = CARTESIAN_POINT ( 'NONE',  ( -9.064742275298830802E-17, -0.7401923788646699309, -1.625000000000000000 ) ) ;
#846 = DIRECTION ( 'NONE',  ( 0.000000000000000000, 0.000000000000000000, 1.000000000000000000 ) ) ;
#847 = ORIENTED_EDGE ( 'NONE', *, *, #1206, .F. ) ;
#848 = CARTESIAN_POINT ( 'NONE',  ( 0.000000000000000000, -1.125042243461499945E-14, -3.722296913319440570 ) ) ;
#849 = VERTEX_POINT ( 'NONE', #2342 ) ;
#850 = CARTESIAN_POINT ( 'NONE',  ( -0.4273502691896271521, -0.7401923788646698199, -1.141666666666669716 ) ) ;
#851 = VECTOR ( 'NONE', #2099, 1000.000000000000000 ) ;
#852 = CARTESIAN_POINT ( 'NONE',  ( 0.7872470916302721777, -0.009189297517942007776, -0.04705471274859772401 ) ) ;
#853 = FACE_OUTER_BOUND ( 'NONE', #111, .T. ) ;
#854 = ORIENTED_EDGE ( 'NONE', *, *, #814, .T. ) ;
#855 = CARTESIAN_POINT ( 'NONE',  ( 0.7165622612584053863, 0.6990526092647515455, -0.7735404521256618038 ) ) ;
#856 = PLANE ( 'NONE',  #1323 ) ;
#857 = CARTESIAN_POINT ( 'NONE',  ( 0.9999999999999137357, 4.152689208112992067E-07, -2.675000027684575787 ) ) ;
#858 = CARTESIAN_POINT ( 'NONE',  ( 0.2813454494703145348, 0.6846382844513599908, -1.000553283153077011 ) ) ;
#859 = VECTOR ( 'NONE', #2714, 1000.000000000000227 ) ;
#860 = CARTESIAN_POINT ( 'NONE',  ( 0.6410254037844400621, -0.3700961894323349655, -0.8416666666666680063 ) ) ;
#861 = CARTESIAN_POINT ( 'NONE',  ( 0.5797637770263365242, 0.4626736386088666220, -0.5678141471342397217 ) ) ;
#862 = ORIENTED_EDGE ( 'NONE', *, *, #1443, .F. ) ;
#863 = CARTESIAN_POINT ( 'NONE',  ( 0.6410254037844400621, 0.3700961894323349655, -2.558333333333330017 ) ) ;
#864 = CARTESIAN_POINT ( 'NONE',  ( 0.2735788812050270469, 2.788037219775579670E-15, -3.254999999999999893 ) ) ;
#865 = CARTESIAN_POINT ( 'NONE',  ( 0.6625567322740149034, -0.3305075121195460985, -0.04544594921423979195 ) ) ;
#866 = ORIENTED_EDGE ( 'NONE', *, *, #729, .T. ) ;
#867 = CARTESIAN_POINT ( 'NONE',  ( 0.8660254037844390407, 0.5000000000000000000, -2.308333333333330017 ) ) ;
#868 = AXIS2_PLACEMENT_3D ( 'NONE', #2715, #1859, #2153 ) ;
#869 = VERTEX_POINT ( 'NONE', #3931 ) ;
#870 = CARTESIAN_POINT ( 'NONE',  ( -0.7401923788646699309, -4.674908545990279514E-15, -0.2750000000000040190 ) ) ;
#871 = CIRCLE ( 'NONE', #3795, 2.773536978145060505 ) ;
#872 = CARTESIAN_POINT ( 'NONE',  ( 7.796578988081699676E-15, 1.338634555848799848E-14, -3.254999999999999893 ) ) ;
#873 = CARTESIAN_POINT ( 'NONE',  ( -0.5773502691896256200, 1.000000000000000222, -2.808333333333327797 ) ) ;
#874 = CARTESIAN_POINT ( 'NONE',  ( -0.1937819116403670106, 0.7401923788646699309, -2.241666666666667584 ) ) ;
#875 = ORIENTED_EDGE ( 'NONE', *, *, #3738, .F. ) ;
#876 = CARTESIAN_POINT ( 'NONE',  ( -0.9509716075723502193, 0.3106645869881263788, -1.704238914508490188 ) ) ;
#877 = EDGE_CURVE ( 'NONE', #388, #969, #2685, .T. ) ;
#878 = EDGE_CURVE ( 'NONE', #39, #3110, #2502, .T. ) ;
#879 = VECTOR ( 'NONE', #2280, 1000.000000000000000 ) ;
#880 = DIRECTION ( 'NONE',  ( 0.000000000000000000, -0.08715574274765833240, 0.9961946980917455452 ) ) ;
#881 = CARTESIAN_POINT ( 'NONE',  ( -0.7401923788646699309, -9.064742275298830802E-17, 0.000000000000000000 ) ) ;
#882 = CARTESIAN_POINT ( 'NONE',  ( -0.5773502691896256200, -1.000000000000000222, -2.941666666666661545 ) ) ;
#883 = CARTESIAN_POINT ( 'NONE',  ( -0.6410254037844400621, 0.3700961894323349655, -1.041666666666670071 ) ) ;
#884 = CARTESIAN_POINT ( 'NONE',  ( -0.8545076063113814513, -0.3701192228645837634, -0.1912636095574648809 ) ) ;
#885 = EDGE_CURVE ( 'NONE', #3788, #185, #2747, .T. ) ;
#886 = CARTESIAN_POINT ( 'NONE',  ( -0.6683316222374980908, -0.3217292408425578287, -1.553980470944048786 ) ) ;
#887 = ORIENTED_EDGE ( 'NONE', *, *, #1541, .F. ) ;
#888 = CARTESIAN_POINT ( 'NONE',  ( -0.4273502691896271521, -0.7401923788646699309, -2.791666666666662522 ) ) ;
#889 = LINE ( 'NONE', #577, #1220 ) ;
#890 = CARTESIAN_POINT ( 'NONE',  ( 0.5702659554141759068, -0.4774004795453702377, -0.03114442382453904215 ) ) ;
#891 = ORIENTED_EDGE ( 'NONE', *, *, #1294, .T. ) ;
#892 =( BOUNDED_CURVE ( )  B_SPLINE_CURVE ( 2, ( #3424, #1901, #3135, #2821, #2250, #3777, #3168, #93, #1648 ),
 .UNSPECIFIED., .F., .T. ) 
 B_SPLINE_CURVE_WITH_KNOTS ( ( 3, 2, 2, 2, 3 ),
 ( 0.5000000645752001871, 0.5833333333333889925, 0.7500000000001678657, 0.9166666666669387453, 1.000000000000000000 ),
 .UNSPECIFIED. ) 
 CURVE ( )  GEOMETRIC_REPRESENTATION_ITEM ( )  RATIONAL_B_SPLINE_CURVE ( ( 0.9330127018922597104, 0.9330127538008344823, 1.000000000000000000, 0.8660254037844389297, 1.000000000000000000, 0.8660254037844389297, 1.000000000000000000, 0.9330127018924836424, 0.9330127018922194093 ) ) 
 REPRESENTATION_ITEM ( '' )  );
#893 = EDGE_CURVE ( 'NONE', #2, #849, #1190, .T. ) ;
#894 = ORIENTED_EDGE ( 'NONE', *, *, #84, .F. ) ;
#895 = DIRECTION ( 'NONE',  ( -0.3826834323650886160, 0.9238795325112872936, 0.000000000000000000 ) ) ;
#896 = CARTESIAN_POINT ( 'NONE',  ( -0.4273502691896260419, 0.7401923788646698199, -1.008333333333330861 ) ) ;
#897 = CARTESIAN_POINT ( 'NONE',  ( 0.000000000000000000, -1.052838844499739929E-14, -3.945147222509350904 ) ) ;
#898 = CARTESIAN_POINT ( 'NONE',  ( -0.0001127811168183440502, 0.7401923702725918819, -0.1750087965434408976 ) ) ;
#899 = ORIENTED_EDGE ( 'NONE', *, *, #1501, .T. ) ;
#900 = CARTESIAN_POINT ( 'NONE',  ( 0.8832922766425691519, 0.4722482136891950066, -0.7565991369818994006 ) ) ;
#901 =( BOUNDED_CURVE ( )  B_SPLINE_CURVE ( 2, ( #3399, #3105, #1813, #2731, #2238, #1588, #624, #2257, #2543 ),
 .UNSPECIFIED., .F., .F. ) 
 B_SPLINE_CURVE_WITH_KNOTS ( ( 3, 2, 2, 2, 3 ),
 ( 0.5000000000000000000, 0.5833333333330649184, 0.7499999999998352429, 0.9166666666666147822, 1.000000000000000000 ),
 .UNSPECIFIED. ) 
 CURVE ( )  GEOMETRIC_REPRESENTATION_ITEM ( )  RATIONAL_B_SPLINE_CURVE ( ( 0.9330127018922194093, 0.9330127018924805338, 1.000000000000000000, 0.8660254037844389297, 1.000000000000000000, 0.8660254037844389297, 1.000000000000000000, 0.9330127018922196314, 0.9330127018922195203 ) ) 
 REPRESENTATION_ITEM ( '' )  );
#902 = PLANE ( 'NONE',  #868 ) ;
#903 = CARTESIAN_POINT ( 'NONE',  ( 0.2870652539214350041, -0.6822596996161810479, 0.000000000000000000 ) ) ;
#904 = CARTESIAN_POINT ( 'NONE',  ( 0.000000000000000000, 0.7401923788646699309, -2.174999999999999822 ) ) ;
#905 = CARTESIAN_POINT ( 'NONE',  ( 1.078660417681890138, -0.2735788812050169994, -3.254999999999999893 ) ) ;
#906 = CARTESIAN_POINT ( 'NONE',  ( 0.8133209481442729150, 0.5827347093804118305, -0.3646055551161440644 ) ) ;
#907 = CARTESIAN_POINT ( 'NONE',  ( -0.9145353925888880520, 2.543138227198659945E-09, -0.1743430137242199807 ) ) ;
#908 = EDGE_LOOP ( 'NONE', ( #3477, #1827, #2189, #2158, #2544 ) ) ;
#909 = CARTESIAN_POINT ( 'NONE',  ( -1.224646799147350002E-16, -1.000000000000000000, -1.375000000000000000 ) ) ;
#910 = DIRECTION ( 'NONE',  ( 0.08715574274765833240, -5.329070518200745872E-15, 0.9961946980917455452 ) ) ;
#911 = AXIS2_PLACEMENT_3D ( 'NONE', #1514, #325, #3281 ) ;
#912 = CARTESIAN_POINT ( 'NONE',  ( -0.8660375284469739032, -0.5000070001771780293, -0.1583252502249760107 ) ) ;
#913 = EDGE_CURVE ( 'NONE', #1520, #1138, #2407, .T. ) ;
#914 = VERTEX_POINT ( 'NONE', #2548 ) ;
#915 = ORIENTED_EDGE ( 'NONE', *, *, #433, .T. ) ;
#916 = CARTESIAN_POINT ( 'NONE',  ( 0.9999985460568737716, 0.2679517107344885907, -0.2928634473822988027 ) ) ;
#917 = CARTESIAN_POINT ( 'NONE',  ( -0.7401923788646697089, -0.1939267864943864661, -0.7424663409163829719 ) ) ;
#918 = CARTESIAN_POINT ( 'NONE',  ( 0.6471299444243462373, -0.6518046899214074985, -0.1782913319226371029 ) ) ;
#919 = CARTESIAN_POINT ( 'NONE',  ( 0.000000000000000000, -8.094915342364000235E-15, -3.000000000000000000 ) ) ;
#920 = ORIENTED_EDGE ( 'NONE', *, *, #3710, .T. ) ;
#921 = CARTESIAN_POINT ( 'NONE',  ( 0.000000000000000000, -8.239936510889830543E-15, -4.322150515720509567 ) ) ;
#922 = EDGE_CURVE ( 'NONE', #2597, #1520, #1400, .T. ) ;
#923 = CARTESIAN_POINT ( 'NONE',  ( 0.2114080966486152902, -0.7112726522123665740, -2.842988560005868415 ) ) ;
#924 = DIRECTION ( 'NONE',  ( 0.000000000000000000, 3.239995458127760343E-15, -1.000000000000000000 ) ) ;
#925 = DIRECTION ( 'NONE',  ( 1.000000000000000000, 0.000000000000000000, 0.000000000000000000 ) ) ;
#926 = CARTESIAN_POINT ( 'NONE',  ( 0.5141857982097279844, 0.5324572965957703463, -0.9755085168555631681 ) ) ;
#927 = CARTESIAN_POINT ( 'NONE',  ( 0.7071619704237873671, 0.7070515876423155710, -0.3744070473778062791 ) ) ;
#928 = DIRECTION ( 'NONE',  ( 0.000000000000000000, 3.239995458127760343E-15, -1.000000000000000000 ) ) ;
#929 = EDGE_LOOP ( 'NONE', ( #1965, #1754, #3917, #2483 ) ) ;
#930 = AXIS2_PLACEMENT_3D ( 'NONE', #1272, #2841, #1592 ) ;
#931 = CARTESIAN_POINT ( 'NONE',  ( -0.7248532759736999731, 0.2735788812050470309, -3.254999999999999893 ) ) ;
#932 = AXIS2_PLACEMENT_3D ( 'NONE', #3818, #1092, #3570 ) ;
#933 = CARTESIAN_POINT ( 'NONE',  ( -0.5773583522979830462, 1.000014000354360499, -0.4583252502249751115 ) ) ;
#934 = ORIENTED_EDGE ( 'NONE', *, *, #700, .F. ) ;
#935 = CARTESIAN_POINT ( 'NONE',  ( 0.000000000000000000, 1.693999999999988626, -3.722296913319435241 ) ) ;
#936 = DIRECTION ( 'NONE',  ( 0.000000000000000000, 0.000000000000000000, -1.000000000000000000 ) ) ;
#937 = CARTESIAN_POINT ( 'NONE',  ( 1.000000000000000000, 0.000000000000000000, 0.000000000000000000 ) ) ;
#938 = CARTESIAN_POINT ( 'NONE',  ( 0.5219866587632896460, -0.8922269036098082751, -2.658333333333333215 ) ) ;
#939 = CARTESIAN_POINT ( 'NONE',  ( -0.6065863991822469936, 0.2512563132923610332, -4.700000000000000178 ) ) ;
#940 = ORIENTED_EDGE ( 'NONE', *, *, #1329, .F. ) ;
#941 = CARTESIAN_POINT ( 'NONE',  ( 0.6450784622865191054, 0.7663211330805167476, -0.7799553591865427959 ) ) ;
#942 = CARTESIAN_POINT ( 'NONE',  ( 0.5872536351201022020, -0.4532570030822108409, -2.883504639177547180 ) ) ;
#943 = CARTESIAN_POINT ( 'NONE',  ( -0.2735788812050309882, 1.078660417681890138, -3.254999999999999893 ) ) ;
#944 = CARTESIAN_POINT ( 'NONE',  ( 0.5207855084990050676, 0.5260003793988244913, -0.9747228223138639791 ) ) ;
#945 = CARTESIAN_POINT ( 'NONE',  ( -0.8728227972148696612, -0.3180634420662308282, -0.1888416608971956179 ) ) ;
#946 = CARTESIAN_POINT ( 'NONE',  ( -0.4342658356278029652, -0.6057227306380276177, -1.585352451184037559 ) ) ;
#947 = ORIENTED_EDGE ( 'NONE', *, *, #1294, .F. ) ;
#948 = CARTESIAN_POINT ( 'NONE',  ( -0.6410254037844400621, 0.3700961894323349655, 0.1583333333333289961 ) ) ;
#949 = EDGE_CURVE ( 'NONE', #2940, #2580, #2921, .T. ) ;
#950 = CIRCLE ( 'NONE', #2915, 2.773536978145061838 ) ;
#951 = CARTESIAN_POINT ( 'NONE',  ( 0.9477353796948700948, -0.3935530486550835039, -0.6990531407431339606 ) ) ;
#952 = EDGE_LOOP ( 'NONE', ( #553, #3240, #3194, #1462 ) ) ;
#953 = ORIENTED_EDGE ( 'NONE', *, *, #3029, .F. ) ;
#954 = CARTESIAN_POINT ( 'NONE',  ( -0.7401923788646699309, -2.312508131682119882E-16, -0.7249999999999999778 ) ) ;
#955 = EDGE_CURVE ( 'NONE', #3457, #3362, #3147, .T. ) ;
#956 = CARTESIAN_POINT ( 'NONE',  ( 0.7664139335348022497, -0.5497726570738673546, -0.2030088645948850967 ) ) ;
#957 = CARTESIAN_POINT ( 'NONE',  ( -0.3863705466856151016, 0.6604195542700057597, -2.258333333333333304 ) ) ;
#958 = ORIENTED_EDGE ( 'NONE', *, *, #592, .T. ) ;
#959 = CARTESIAN_POINT ( 'NONE',  ( -0.8660254037844390407, -0.5000000000000000000, -2.108333333333330284 ) ) ;
#960 = DIRECTION ( 'NONE',  ( 0.000000000000000000, 3.239995458127760343E-15, -1.000000000000000000 ) ) ;
#961 = CARTESIAN_POINT ( 'NONE',  ( -1.000000000000000000, -4.883763603172890508E-15, -2.524999999999999911 ) ) ;
#962 = CARTESIAN_POINT ( 'NONE',  ( 0.000000000000000000, 0.7401923788646699309, -1.824999999999999956 ) ) ;
#963 = CARTESIAN_POINT ( 'NONE',  ( 1.000000000000560219, 0.2679491924301526384, -1.092863279495341677 ) ) ;
#964 = CARTESIAN_POINT ( 'NONE',  ( -0.07057283852817303194, 1.000025692298157631, -0.4292722673602650807 ) ) ;
#965 = ORIENTED_EDGE ( 'NONE', *, *, #2283, .T. ) ;
#966 = CARTESIAN_POINT ( 'NONE',  ( -0.6063152162160008185, 0.4333584117772015243, -1.485677997057528454 ) ) ;
#967 = DIRECTION ( 'NONE',  ( 1.000000000000000000, 0.000000000000000000, 0.000000000000000000 ) ) ;
#968 = EDGE_CURVE ( 'NONE', #388, #2680, #1565, .T. ) ;
#969 = VERTEX_POINT ( 'NONE', #1820 ) ;
#970 = CIRCLE ( 'NONE', #270, 0.7401923788646699309 ) ;
#971 = CARTESIAN_POINT ( 'NONE',  ( -0.9999999999999993339, -0.2617993877991519058, -2.141666666666666607 ) ) ;
#972 = CARTESIAN_POINT ( 'NONE',  ( -0.6410254037844400621, -0.3700961894323349655, -0.3083333333333360127 ) ) ;
#973 = CARTESIAN_POINT ( 'NONE',  ( 0.7038445060821025834, 0.7103658666899276275, -1.174694022902920354 ) ) ;
#974 = CARTESIAN_POINT ( 'NONE',  ( -0.3828744187673157051, -0.9238009740980728246, -1.000354674742951033 ) ) ;
#975 = CARTESIAN_POINT ( 'NONE',  ( -0.1715745899110700523, -0.7204393988187148823, -0.8106423401367431891 ) ) ;
#976 = CARTESIAN_POINT ( 'NONE',  ( 0.7740420536044747557, -0.5417870799994349840, -0.2046524489185495010 ) ) ;
#977 = ORIENTED_EDGE ( 'NONE', *, *, #228, .F. ) ;
#978 = CARTESIAN_POINT ( 'NONE',  ( 0.5773502691896256200, -1.000000000000000222, -2.208333333333332593 ) ) ;
#979 = DIRECTION ( 'NONE',  ( 0.000000000000000000, 1.000000000000000000, 3.252606517456513302E-15 ) ) ;
#980 = DIRECTION ( 'NONE',  ( 0.000000000000000000, 1.000000000000000000, 3.252606517456513302E-15 ) ) ;
#981 = CARTESIAN_POINT ( 'NONE',  ( 0.4273502691896271521, 0.7401923788646699309, -2.591666666666660124 ) ) ;
#982 = CARTESIAN_POINT ( 'NONE',  ( -0.1901586394281522263, 0.7169856964971312863, -1.040921436878574857 ) ) ;
#983 = CARTESIAN_POINT ( 'NONE',  ( -0.8547005383792529720, 5.233531392778363755E-17, -3.075000000000000178 ) ) ;
#984 = CARTESIAN_POINT ( 'NONE',  ( -0.2870652539304310302, -0.6822596996123959645, 0.000000000000000000 ) ) ;
#985 = VERTEX_POINT ( 'NONE', #1212 ) ;
#986 = CARTESIAN_POINT ( 'NONE',  ( 0.2666449245881200580, 0.7063244230803323864, -1.402724208055546651 ) ) ;
#987 = CARTESIAN_POINT ( 'NONE',  ( 0.5773583522979830462, 1.000014000354360499, -1.191658583558309781 ) ) ;
#988 = ORIENTED_EDGE ( 'NONE', *, *, #3479, .T. ) ;
#989 = CARTESIAN_POINT ( 'NONE',  ( -1.000000000000000000, -1.224646799147350002E-16, 0.000000000000000000 ) ) ;
#990 = VECTOR ( 'NONE', #1034, 1000.000000000000000 ) ;
#991 = CARTESIAN_POINT ( 'NONE',  ( -0.9990739347411727866, -0.03268813483786024709, -1.327170391916312697 ) ) ;
#992 = CARTESIAN_POINT ( 'NONE',  ( 0.2814142255300636219, 0.7893526699415041037, -0.09742108721539206873 ) ) ;
#993 = CARTESIAN_POINT ( 'NONE',  ( 0.1185427483490323897, -0.7310392752531791327, -0.8347265997147446104 ) ) ;
#994 = CARTESIAN_POINT ( 'NONE',  ( -0.7924581044412972730, 0.4182715780350697021, -0.1544762955645281322 ) ) ;
#995 = ORIENTED_EDGE ( 'NONE', *, *, #2062, .F. ) ;
#996 = CARTESIAN_POINT ( 'NONE',  ( -0.7401923788646699309, -9.064742275298830802E-17, 0.000000000000000000 ) ) ;
#997 = CARTESIAN_POINT ( 'NONE',  ( 0.9944301811726672380, -0.1086940237641485368, -0.3177798310589238784 ) ) ;
#998 = CARTESIAN_POINT ( 'NONE',  ( 0.8772890545841405263, -0.1641320244867979783, -2.999960874901677066 ) ) ;
#999 = CARTESIAN_POINT ( 'NONE',  ( 0.8660254037844380415, -0.5000000000000000000, -1.441666666666660213 ) ) ;
#1000 = CARTESIAN_POINT ( 'NONE',  ( -1.000000000000000000, 0.2679491924311227513, -1.257136720504588467 ) ) ;
#1001 = CARTESIAN_POINT ( 'NONE',  ( -0.6410254037844400621, -0.3700961894323349655, -2.708333333333329929 ) ) ;
#1002 = CARTESIAN_POINT ( 'NONE',  ( 0.4056100946199319157, -0.6192345708186887121, -0.06208417277091965447 ) ) ;
#1003 = EDGE_CURVE ( 'NONE', #410, #3338, #1782, .T. ) ;
#1004 = AXIS2_PLACEMENT_3D ( 'NONE', #1663, #231, #810 ) ;
#1005 = DIRECTION ( 'NONE',  ( 1.000000000000000000, 6.982962677686270655E-15, 0.000000000000000000 ) ) ;
#1006 = ADVANCED_FACE ( 'NONE', ( #1574 ), #902, .F. ) ;
#1007 = CARTESIAN_POINT ( 'NONE',  ( 1.154716704595970533, -2.121180174308142071E-16, -2.724991916891640997 ) ) ;
#1008 = ORIENTED_EDGE ( 'NONE', *, *, #2167, .F. ) ;
#1009 = DIRECTION ( 'NONE',  ( 0.000000000000000000, -1.000000000000000000, -3.278434520506709697E-15 ) ) ;
#1010 = CARTESIAN_POINT ( 'NONE',  ( -2.261922638025161172E-16, -1.694000000000013717, -3.000000000000005773 ) ) ;
#1011 = CARTESIAN_POINT ( 'NONE',  ( 0.7400612936660084795, -0.01596324478773634981, -0.9235632648669767075 ) ) ;
#1012 = CARTESIAN_POINT ( 'NONE',  ( 0.8672136843536381035, -0.4265822014892400316, -0.2261910517036898327 ) ) ;
#1013 = VERTEX_POINT ( 'NONE', #300 ) ;
#1014 = PLANE ( 'NONE',  #1048 ) ;
#1015 = CARTESIAN_POINT ( 'NONE',  ( 0.7268997454967166538, -0.1419573655777828236, -2.912281206383890986 ) ) ;
#1016 = CARTESIAN_POINT ( 'NONE',  ( 0.7586663966633860889, -0.5532812666509209221, -3.000020347324647840 ) ) ;
#1017 = CARTESIAN_POINT ( 'NONE',  ( -1.154700538379251240, 7.070501591499382719E-17, -1.275000000000000355 ) ) ;
#1018 = CARTESIAN_POINT ( 'NONE',  ( 1.000000111270977543, -0.2679489997041355487, -2.657136733353049340 ) ) ;
#1019 = EDGE_CURVE ( 'NONE', #1138, #2000, #3790, .T. ) ;
#1020 = CARTESIAN_POINT ( 'NONE',  ( -0.6137251391371173481, 0.4166079635059666275, -1.087232022893589223 ) ) ;
#1021 =( BOUNDED_CURVE ( )  B_SPLINE_CURVE ( 2, ( #3039, #3339, #3891, #2042, #2708, #1162, #2963, #1812, #3294 ),
 .UNSPECIFIED., .F., .T. ) 
 B_SPLINE_CURVE_WITH_KNOTS ( ( 3, 2, 2, 2, 3 ),
 ( 0.5000004175940537809, 0.5833333333333352577, 0.7499999999999972244, 0.9166666666666682950, 1.000000000000000000 ),
 .UNSPECIFIED. ) 
 CURVE ( )  GEOMETRIC_REPRESENTATION_ITEM ( )  RATIONAL_B_SPLINE_CURVE ( ( 0.9330127018939015082, 0.9330130375741880755, 1.000000000000000000, 0.8660254037844389297, 1.000000000000000000, 0.8660254037844389297, 1.000000000000000000, 0.9330127018922190762, 0.9330127018922194093 ) ) 
 REPRESENTATION_ITEM ( '' )  );
#1022 = CARTESIAN_POINT ( 'NONE',  ( 0.6410254037844400621, 0.3700961894323349655, -2.908333333333330106 ) ) ;
#1023 = CARTESIAN_POINT ( 'NONE',  ( -0.7401923788646699309, -2.312508131682119882E-16, -0.7249999999999999778 ) ) ;
#1024 = CARTESIAN_POINT ( 'NONE',  ( 0.2512563132923479881, 0.6065863991822619816, -4.700000000000000178 ) ) ;
#1025 = CARTESIAN_POINT ( 'NONE',  ( -0.5773583522979830462, 1.000014000354360499, -2.058325250224969150 ) ) ;
#1026 = ORIENTED_EDGE ( 'NONE', *, *, #3579, .T. ) ;
#1027 = CYLINDRICAL_SURFACE ( 'NONE', #2003, 2.000000000000000000 ) ;
#1028 = CARTESIAN_POINT ( 'NONE',  ( 0.03019316736767976156, 0.7395995047486154661, -0.2226238207623299770 ) ) ;
#1029 = CARTESIAN_POINT ( 'NONE',  ( -0.7084451447585243811, -0.6228869304062747414, -0.2030695258686751048 ) ) ;
#1030 = CARTESIAN_POINT ( 'NONE',  ( 0.4624444579731457616, 0.8869809101010530661, -1.194522048665498382 ) ) ;
#1031 = CARTESIAN_POINT ( 'NONE',  ( 0.7401924028148214596, -0.006155648005231315924, -0.9244455822323861538 ) ) ;
#1032 = CARTESIAN_POINT ( 'NONE',  ( 0.9404457451458223538, -0.3105608139826712133, -0.2462806216235423895 ) ) ;
#1033 = EDGE_LOOP ( 'NONE', ( #2913, #3103, #3868, #292 ) ) ;
#1034 = DIRECTION ( 'NONE',  ( 0.000000000000000000, 0.000000000000000000, 1.000000000000000000 ) ) ;
#1035 = CARTESIAN_POINT ( 'NONE',  ( -1.097586220462490022E-14, -0.3999999999999849787, -4.700000000000000178 ) ) ;
#1036 = CARTESIAN_POINT ( 'NONE',  ( 1.154700538379251240, -2.121150477449807913E-16, -1.475000000000000977 ) ) ;
#1037 = CARTESIAN_POINT ( 'NONE',  ( -0.4273502691896260419, 0.7401923788646699309, -1.808333333333332904 ) ) ;
#1038 = CARTESIAN_POINT ( 'NONE',  ( -1.000000000000000222, 0.1082799809863477097, -0.5177813346009093598 ) ) ;
#1039 = CARTESIAN_POINT ( 'NONE',  ( -0.7145184093504690637, 0.1957932717338349282, -1.507406052149798059 ) ) ;
#1040 = CARTESIAN_POINT ( 'NONE',  ( -1.154716704595970533, 7.070600581027142701E-17, -1.724991916891640109 ) ) ;
#1041 = CARTESIAN_POINT ( 'NONE',  ( 0.5698578611306006625, 0.5430741774424101553, -3.000000068213143578 ) ) ;
#1042 = ORIENTED_EDGE ( 'NONE', *, *, #3374, .F. ) ;
#1043 = CARTESIAN_POINT ( 'NONE',  ( 0.000000000000000000, 0.7401923788646699309, -0.6250000000000000000 ) ) ;
#1044 = CARTESIAN_POINT ( 'NONE',  ( -0.2508066197317231905, -0.9346564232153998786, -0.2275333060160019960 ) ) ;
#1045 = CARTESIAN_POINT ( 'NONE',  ( 0.2831792233081489862, 0.9599343065922719687, -1.207262969911788719 ) ) ;
#1046 = CARTESIAN_POINT ( 'NONE',  ( -0.4995713568073629207, -0.5463132511496295862, -0.7772706322333846618 ) ) ;
#1047 = CARTESIAN_POINT ( 'NONE',  ( 0.000000000000000000, 0.000000000000000000, 0.000000000000000000 ) ) ;
#1048 = AXIS2_PLACEMENT_3D ( 'NONE', #3087, #438, #2209 ) ;
#1049 = ORIENTED_EDGE ( 'NONE', *, *, #700, .T. ) ;
#1050 = LINE ( 'NONE', #2248, #2240 ) ;
#1051 = CARTESIAN_POINT ( 'NONE',  ( -0.7248532759737079667, -0.2735788812050209962, -3.254999999999999893 ) ) ;
#1052 = CARTESIAN_POINT ( 'NONE',  ( -0.8660254037844390407, -0.5000000000000000000, -1.708333333333329929 ) ) ;
#1053 = CARTESIAN_POINT ( 'NONE',  ( -0.6410254037844400621, -0.3700961894323349655, -1.908333333333330106 ) ) ;
#1054 = CARTESIAN_POINT ( 'NONE',  ( 0.6694377860728136787, -0.3164518430078624989, -0.09673347544994523317 ) ) ;
#1055 = CIRCLE ( 'NONE', #3472, 0.3059999999999998277 ) ;
#1056 = CYLINDRICAL_SURFACE ( 'NONE', #3630, 0.7401923788646699309 ) ;
#1057 = CARTESIAN_POINT ( 'NONE',  ( -0.7967172086194963532, 0.2513140669071490807, -3.000001918485799113 ) ) ;
#1058 = CARTESIAN_POINT ( 'NONE',  ( 0.5773583522979818250, -1.000014000354360499, -2.658325250224971015 ) ) ;
#1059 = CARTESIAN_POINT ( 'NONE',  ( 0.5378529396675399976, 0.5690918816192355179, -2.999887716546150607 ) ) ;
#1060 = VECTOR ( 'NONE', #190, 1000.000000000000000 ) ;
#1061 = ORIENTED_EDGE ( 'NONE', *, *, #2639, .T. ) ;
#1062 = CARTESIAN_POINT ( 'NONE',  ( -0.4273502691896271521, -0.7401923788646699309, -0.3916666666666681063 ) ) ;
#1063 = EDGE_CURVE ( 'NONE', #3882, #3394, #3845, .T. ) ;
#1064 = DIRECTION ( 'NONE',  ( 0.01733375049385750197, -0.08714264840443629312, -0.9960450290638859228 ) ) ;
#1065 = CARTESIAN_POINT ( 'NONE',  ( 1.000000626518618541, -0.1154591869403492899, -0.2673027208706427738 ) ) ;
#1066 = CARTESIAN_POINT ( 'NONE',  ( -1.224646799147350002E-16, -1.000000000000000000, -0.9749999999999999778 ) ) ;
#1067 = CONICAL_SURFACE ( 'NONE', #546, 1.500000000000000000, 0.2617993877991502405 ) ;
#1068 = CARTESIAN_POINT ( 'NONE',  ( -0.8403004663463999879, -0.5421302682851065757, -2.961225112136605997 ) ) ;
#1069 = DIRECTION ( 'NONE',  ( 0.3812272063696489632, -0.9203638919632260995, -0.08715574274766009488 ) ) ;
#1070 = ORIENTED_EDGE ( 'NONE', *, *, #893, .T. ) ;
#1071 = DIRECTION ( 'NONE',  ( 0.000000000000000000, 0.000000000000000000, 1.000000000000000000 ) ) ;
#1072 = CARTESIAN_POINT ( 'NONE',  ( 0.7857745962192067557, -0.02771755062738742725, -0.04605791829851798441 ) ) ;
#1073 = CARTESIAN_POINT ( 'NONE',  ( 0.8660254037844390407, 0.5000000000000000000, -1.108333333333329840 ) ) ;
#1074 = CARTESIAN_POINT ( 'NONE',  ( 0.9999999999994653166, -1.033991371917369617E-06, -1.874999964246994777 ) ) ;
#1075 = CARTESIAN_POINT ( 'NONE',  ( 0.8922269036098102735, 0.5219866587632863153, -2.758333333333333748 ) ) ;
#1076 = CARTESIAN_POINT ( 'NONE',  ( -0.7311704364197908479, 0.3677475221915196268, -2.999872320685692539 ) ) ;
#1077 = ADVANCED_FACE ( 'NONE', ( #74 ), #3758, .F. ) ;
#1078 = CARTESIAN_POINT ( 'NONE',  ( 0.5773583522979830462, 1.000014000354360499, -2.791658583558298989 ) ) ;
#1079 = EDGE_LOOP ( 'NONE', ( #3905, #3175, #3567, #2314 ) ) ;
#1080 = CARTESIAN_POINT ( 'NONE',  ( 0.3988671183063869918, 0.7497746558203620681, -4.687051102989169493 ) ) ;
#1081 = CARTESIAN_POINT ( 'NONE',  ( 0.3863705466856159343, 0.6604195542700050936, -2.591666666666665897 ) ) ;
#1082 = CARTESIAN_POINT ( 'NONE',  ( 0.7401923788647284397, -0.1983339501603585686, -0.4571367205046035220 ) ) ;
#1083 = CARTESIAN_POINT ( 'NONE',  ( -0.7075279429928591490, 0.7066853752977136915, -1.275626321951886855 ) ) ;
#1084 = VECTOR ( 'NONE', #1689, 1000.000000000000227 ) ;
#1085 = CARTESIAN_POINT ( 'NONE',  ( 0.7401915249977518707, -0.0008010418005417058998, -1.324928266739789695 ) ) ;
#1086 = CARTESIAN_POINT ( 'NONE',  ( 0.8730022585414703995, -0.02376846519011284117, -2.999975555473254119 ) ) ;
#1087 = EDGE_CURVE ( 'NONE', #3370, #787, #2356, .T. ) ;
#1088 = ORIENTED_EDGE ( 'NONE', *, *, #575, .T. ) ;
#1089 =( LENGTH_UNIT ( ) NAMED_UNIT ( * ) SI_UNIT ( .MILLI., .METRE. ) );
#1090 = CARTESIAN_POINT ( 'NONE',  ( 0.7859326351991805515, -0.02583778750118867484, -0.04615913909070749888 ) ) ;
#1091 = AXIS2_PLACEMENT_3D ( 'NONE', #746, #2458, #368 ) ;
#1092 = DIRECTION ( 'NONE',  ( -2.262476735997910160E-29, 6.479990916255510431E-15, -1.000000000000000000 ) ) ;
#1093 = CARTESIAN_POINT ( 'NONE',  ( 0.6410254037844400621, -0.3700961894323349655, -3.641666666666659946 ) ) ;
#1094 = CARTESIAN_POINT ( 'NONE',  ( 0.000000000000000000, -8.239936510889830543E-15, -4.322150515720509567 ) ) ;
#1095 = FACE_OUTER_BOUND ( 'NONE', #3930, .T. ) ;
#1096 = CARTESIAN_POINT ( 'NONE',  ( -0.8743008861868524217, -0.1917100675900748064, -3.000016934208651342 ) ) ;
#1097 = CARTESIAN_POINT ( 'NONE',  ( -0.4273502691896271521, -0.7401923788646699309, -1.541666666666668961 ) ) ;
#1098 = CARTESIAN_POINT ( 'NONE',  ( 0.3205362004653765085, -0.9496278256139286666, -1.045185768236253532 ) ) ;
#1099 = ORIENTED_EDGE ( 'NONE', *, *, #1377, .F. ) ;
#1100 = CARTESIAN_POINT ( 'NONE',  ( 0.000000000000000000, 0.000000000000000000, 0.000000000000000000 ) ) ;
#1101 = CARTESIAN_POINT ( 'NONE',  ( -0.3863705466856149351, 0.6604195542700057597, -2.658333333333333659 ) ) ;
#1102 = CARTESIAN_POINT ( 'NONE',  ( -0.01839230597513726723, 0.9999946237862188392, -1.226017972361253205 ) ) ;
#1103 = CARTESIAN_POINT ( 'NONE',  ( 0.7401923788646698199, -1.296141708455227137E-14, -2.474999999999996980 ) ) ;
#1104 = ORIENTED_EDGE ( 'NONE', *, *, #3852, .F. ) ;
#1105 = CARTESIAN_POINT ( 'NONE',  ( -0.2735788812050270469, -1.032745013940160028E-15, -3.254999999999999893 ) ) ;
#1106 = AXIS2_PLACEMENT_3D ( 'NONE', #3588, #3568, #895 ) ;
#1107 = CARTESIAN_POINT ( 'NONE',  ( 0.6781018427532798931, -0.3604509617437715030, -0.02769130126440175199 ) ) ;
#1108 = CARTESIAN_POINT ( 'NONE',  ( -0.5773502691896256200, -1.000000000000000222, -3.341666666666660568 ) ) ;
#1109 = DIRECTION ( 'NONE',  ( 1.000000000000000000, 0.000000000000000000, 0.000000000000000000 ) ) ;
#1110 = LINE ( 'NONE', #2252, #1084 ) ;
#1111 = CARTESIAN_POINT ( 'NONE',  ( 0.000000000000000000, 0.000000000000000000, -3.000000000000000000 ) ) ;
#1112 = CARTESIAN_POINT ( 'NONE',  ( 0.000000000000000000, 0.000000000000000000, 0.000000000000000000 ) ) ;
#1113 = CARTESIAN_POINT ( 'NONE',  ( -0.6790105059836470947, -0.6716504971163219651, -2.999999959722937426 ) ) ;
#1114 = CARTESIAN_POINT ( 'NONE',  ( 0.8660375284469739032, -0.5000070001771790285, -3.491658583558300055 ) ) ;
#1115 = CARTESIAN_POINT ( 'NONE',  ( 0.9388792839211945740, -0.3446247973384509167, -1.102120247372855300 ) ) ;
#1116 = ORIENTED_EDGE ( 'NONE', *, *, #671, .F. ) ;
#1117 = DIRECTION ( 'NONE',  ( 1.000000000000000000, 0.000000000000000000, 0.000000000000000000 ) ) ;
#1118 = CARTESIAN_POINT ( 'NONE',  ( -0.2809178245203319269, 0.6857147958525461329, -0.2494115861102711995 ) ) ;
#1119 = B_SPLINE_CURVE_WITH_KNOTS ( 'NONE', 3,
 ( #2463, #971, #2770, #430, #3078, #1560, #3451, #3689, #64, #2794 ),
 .UNSPECIFIED., .F., .F.,
 ( 4, 2, 2, 2, 4 ),
 ( 0.000000000000000000, 0.1250000000000000000, 0.2500000000000000000, 0.3750000000000000000, 0.5000000000000000000 ),
 .UNSPECIFIED. ) ;
#1120 = CARTESIAN_POINT ( 'NONE',  ( -0.4082082985816071763, 0.9129488288166446308, -1.251467093640993733 ) ) ;
#1121 = CARTESIAN_POINT ( 'NONE',  ( 0.8568344006975309179, -0.3029848489590466487, -2.999967751771489777 ) ) ;
#1122 = ORIENTED_EDGE ( 'NONE', *, *, #3852, .T. ) ;
#1123 = CARTESIAN_POINT ( 'NONE',  ( 0.7401923788646700419, 1.028336654011303983E-13, -1.674999999999949196 ) ) ;
#1124 = CARTESIAN_POINT ( 'NONE',  ( 0.4801958988696493624, -0.5865608503036532362, -0.01197096889540144593 ) ) ;
#1125 = CARTESIAN_POINT ( 'NONE',  ( 0.7401923788501801882, -4.631459306556437138E-06, -0.07499968226472029931 ) ) ;
#1126 = AXIS2_PLACEMENT_3D ( 'NONE', #514, #1724, #1452 ) ;
#1127 = CARTESIAN_POINT ( 'NONE',  ( 1.000000276467114535, 0.2679487135760338923, -1.892863247571735075 ) ) ;
#1128 = ADVANCED_FACE ( 'NONE', ( #1880 ), #2536, .F. ) ;
#1129 = EDGE_CURVE ( 'NONE', #2974, #251, #892, .T. ) ;
#1130 = CARTESIAN_POINT ( 'NONE',  ( -0.7401923788646697089, -0.1937819116403682318, -1.941666666666667096 ) ) ;
#1131 = CARTESIAN_POINT ( 'NONE',  ( -0.6699819018431488749, 0.3192303460770793411, -1.896361287183790489 ) ) ;
#1132 = CARTESIAN_POINT ( 'NONE',  ( -0.8301779181757880099, 0.1719642111182348443, -2.999974541079946988 ) ) ;
#1133 = CARTESIAN_POINT ( 'NONE',  ( 0.8660375284469739032, 0.5000070001771780293, -3.558325250224970482 ) ) ;
#1134 = CARTESIAN_POINT ( 'NONE',  ( 0.7148343411032747063, -0.6992994758773264374, -1.076287513846998944 ) ) ;
#1135 = ORIENTED_EDGE ( 'NONE', *, *, #2428, .T. ) ;
#1136 = CARTESIAN_POINT ( 'NONE',  ( 0.8547005383792529720, -1.570059417833509065E-16, -1.325000000000000622 ) ) ;
#1137 = CARTESIAN_POINT ( 'NONE',  ( 0.000000000000000000, -1.359066115318970033E-14, -3.000000000000000000 ) ) ;
#1138 = VERTEX_POINT ( 'NONE', #2864 ) ;
#1139 = CARTESIAN_POINT ( 'NONE',  ( -1.000000000000000000, -2.653787043783149998E-17, -0.4749999999999999778 ) ) ;
#1140 = ORIENTED_EDGE ( 'NONE', *, *, #1256, .F. ) ;
#1141 = CARTESIAN_POINT ( 'NONE',  ( 0.4897885150504089902, -0.2028770456284479939, -3.254999999999999893 ) ) ;
#1142 = CARTESIAN_POINT ( 'NONE',  ( -0.7230349757653251608, -0.1650708576406682837, -0.3397397879116838548 ) ) ;
#1143 = CARTESIAN_POINT ( 'NONE',  ( 0.8660254037844390407, 0.5000000000000000000, -3.108333333333330284 ) ) ;
#1144 = UNCERTAINTY_MEASURE_WITH_UNIT (LENGTH_MEASURE( 1.000000000000000082E-05 ), #3094, 'distance_accuracy_value', 'NONE');
#1145 = VERTEX_POINT ( 'NONE', #1051 ) ;
#1146 = DIRECTION ( 'NONE',  ( 0.000000000000000000, 0.000000000000000000, -1.000000000000000000 ) ) ;
#1147 = AXIS2_PLACEMENT_3D ( 'NONE', #1024, #3096, #61 ) ;
#1148 = CARTESIAN_POINT ( 'NONE',  ( -0.3863705466856136583, -0.6604195542700065369, -1.991666666666667140 ) ) ;
#1149 = CARTESIAN_POINT ( 'NONE',  ( -0.7477222373097138775, -0.3885489136734219806, -4.569113484364089928 ) ) ;
#1150 = DIRECTION ( 'NONE',  ( 0.08714264840443669558, -0.01733375049385580194, -0.9960450290638859228 ) ) ;
#1151 = CARTESIAN_POINT ( 'NONE',  ( -0.8547005383792529720, 5.233531392778363755E-17, -1.475000000000000977 ) ) ;
#1152 = CARTESIAN_POINT ( 'NONE',  ( -0.4338656490703339252, -0.8555239910940285464, -0.2189099279823360777 ) ) ;
#1153 = CARTESIAN_POINT ( 'NONE',  ( 0.000000000000000000, 0.7401923788646699309, -2.975000000000000089 ) ) ;
#1154 = ORIENTED_EDGE ( 'NONE', *, *, #3710, .F. ) ;
#1155 = CARTESIAN_POINT ( 'NONE',  ( -0.4273502691896260419, 0.7401923788646699309, -2.258333333333330195 ) ) ;
#1156 = CARTESIAN_POINT ( 'NONE',  ( 0.7178976887267087825, 0.1815673643978168161, -0.09133292214278763976 ) ) ;
#1157 = CARTESIAN_POINT ( 'NONE',  ( -0.4094436554976049192, 0.6167156911898585836, -0.2624986113229555995 ) ) ;
#1158 = ORIENTED_EDGE ( 'NONE', *, *, #404, .F. ) ;
#1159 = B_SPLINE_CURVE_WITH_KNOTS ( 'NONE', 3,
 ( #1536, #3664, #3644, #3034, #2678, #2141, #598, #249, #2122, #3884, #618, #1459, #308, #536, #3927, #1518, #2657, #289, #2722, #3944, #1156, #3583, #2996, #269, #1480, #1179, #3604, #1790, #1499, #100, #82 ),
 .UNSPECIFIED., .F., .F.,
 ( 4, 2, 2, 2, 1, 2, 2, 2, 2, 2, 2, 2, 2, 2, 2, 4 ),
 ( 0.000000000000000000, 0.1431509094571465912, 0.2147263641857198591, 0.2326202278678631274, 0.2415671597089347478, 0.2460406256294705163, 0.2505140915500063126, 0.2863018189142926273, 0.3578772736428651458, 0.4294527283714376642, 0.4652404557357239789, 0.5010281831000102937, 0.5368159104642964419, 0.5547097741464396270, 0.5636567059875112751, 0.5726036378285827011 ),
 .UNSPECIFIED. ) ;
#1160 = DIRECTION ( 'NONE',  ( 0.000000000000000000, 1.000000000000000000, 3.252606517456513302E-15 ) ) ;
#1161 = VERTEX_POINT ( 'NONE', #136 ) ;
#1162 = CARTESIAN_POINT ( 'NONE',  ( -0.5773502691896256200, 1.000000000000000222, -1.608333333333330728 ) ) ;
#1163 = DIRECTION ( 'NONE',  ( -6.956390396483600594E-15, 0.9961946980917461003, -0.08715574274765189311 ) ) ;
#1164 = CARTESIAN_POINT ( 'NONE',  ( -1.224646799147350002E-16, -1.000000000000000000, -2.975000000000000089 ) ) ;
#1165 = CARTESIAN_POINT ( 'NONE',  ( 0.8547005383792529720, 5.233531392778363755E-17, -0.07500000000000356382 ) ) ;
#1166 = ORIENTED_EDGE ( 'NONE', *, *, #1688, .F. ) ;
#1167 = CARTESIAN_POINT ( 'NONE',  ( -0.9034038482967757799, 0.4345732604528890208, -1.696238906639745858 ) ) ;
#1168 = B_SPLINE_CURVE_WITH_KNOTS ( 'NONE', 3,
 ( #954, #917, #2108, #3340, #2662, #625, #647, #3892, #1485, #1046, #1934, #2467, #108, #3148, #2245, #1875, #2859, #3437, #2225, #2206, #1897, #2169, #3772, #3694, #975, #130, #3164, #3714, #3106, #2531, #993, #2776, #1644, #3130, #1628, #48, #434, #1345, #3400, #2187, #2549, #754, #669, #89, #415, #714, #378, #1915, #2797, #1307, #693, #3754, #3418, #69, #2490, #1953, #1607, #2817, #396, #2509, #3181, #1566, #1268, #3732, #1589, #1011, #1031, #1288 ),
 .UNSPECIFIED., .F., .F.,
 ( 4, 2, 2, 1, 2, 2, 2, 2, 2, 2, 2, 1, 1, 1, 2, 2, 2, 2, 2, 2, 1, 2, 2, 2, 2, 2, 2, 2, 2, 2, 1, 1, 2, 2, 2, 1, 2, 4 ),
 ( 0.000000000000000000, 0.1248857111305648332, 0.1268370503669799254, 0.1287883896033950315, 0.1326910680762252714, 0.1404964250218858623, 0.1561071389132070997, 0.1639124958588676906, 0.1717178528045283092, 0.1873285666958495188, 0.1892799059322642363, 0.1912312451686789816, 0.1951339236415084999, 0.2029392805871675087, 0.2185499944784855542, 0.2497714222611216173, 0.2653821361524397182, 0.2809928500437577359, 0.3122142778263937712, 0.3141656170628085443, 0.3161169562992232618, 0.3200196347720527523, 0.3278249917177117334, 0.3434357056090298066, 0.3746571333916659530, 0.3824624903373245455, 0.3902678472829830270, 0.4058785611743000454, 0.4370999889569340824, 0.4390513281933486889, 0.4410026674297633509, 0.4449053459025926194, 0.4527107028482509898, 0.4683214167395677863, 0.4839321306308845272, 0.4917374875765430087, 0.4956401660493721661, 0.4995428445222013236 ),
 .UNSPECIFIED. ) ;
#1169 = CARTESIAN_POINT ( 'NONE',  ( 0.3863705466856152126, -0.6604195542700056487, -2.058333333333333570 ) ) ;
#1170 = EDGE_CURVE ( 'NONE', #193, #3317, #2948, .T. ) ;
#1171 = CARTESIAN_POINT ( 'NONE',  ( 0.1749409631349287952, 0.7196289245035992765, -1.010328872317790116 ) ) ;
#1172 = COLOUR_RGB ( '',0.7921568627450980005, 0.8196078431372548767, 0.9333333333333333481 ) ;
#1173 = CARTESIAN_POINT ( 'NONE',  ( -0.4273502691896260419, 0.7401923788646699309, -0.2083333333333372839 ) ) ;
#1174 = CARTESIAN_POINT ( 'NONE',  ( -0.9181576501768442533, 0.3962522223118298825, -0.4987219210174976824 ) ) ;
#1175 = CARTESIAN_POINT ( 'NONE',  ( 0.4773438040102745417, 0.5673411968037485043, -0.5799680256692431035 ) ) ;
#1176 = EDGE_CURVE ( 'NONE', #1831, #1013, #2901, .T. ) ;
#1177 = EDGE_LOOP ( 'NONE', ( #875, #123, #3375, #332, #2616 ) ) ;
#1178 = CARTESIAN_POINT ( 'NONE',  ( -9.064742275298830802E-17, -0.7401923788646699309, -1.224999999999999867 ) ) ;
#1179 = CARTESIAN_POINT ( 'NONE',  ( 0.7379321788840174090, 0.05950697569755043076, -0.08035586355911171486 ) ) ;
#1180 = EDGE_CURVE ( 'NONE', #1145, #2980, #3113, .T. ) ;
#1181 = CARTESIAN_POINT ( 'NONE',  ( -0.4319921086260989362, 0.6010998891964348667, -0.2649591357915431211 ) ) ;
#1182 = ORIENTED_EDGE ( 'NONE', *, *, #2353, .T. ) ;
#1183 = CARTESIAN_POINT ( 'NONE',  ( 0.5773502691896256200, 1.000000000000000222, -0.3416666666666664520 ) ) ;
#1184 = ADVANCED_FACE ( 'NONE', ( #382 ), #1571, .T. ) ;
#1185 = AXIS2_PLACEMENT_3D ( 'NONE', #3515, #1721, #3499 ) ;
#1186 = DIRECTION ( 'NONE',  ( 0.000000000000000000, 0.000000000000000000, 1.000000000000000000 ) ) ;
#1187 = CARTESIAN_POINT ( 'NONE',  ( 0.000000000000000000, 0.000000000000000000, 0.000000000000000000 ) ) ;
#1188 = CARTESIAN_POINT ( 'NONE',  ( 0.000000000000000000, 1.000000000000000000, 0.3750000000000000000 ) ) ;
#1189 = ORIENTED_EDGE ( 'NONE', *, *, #878, .F. ) ;
#1190 = B_SPLINE_CURVE_WITH_KNOTS ( 'NONE', 3,
 ( #107, #353, #2465, #3692, #1563, #1895, #3128, #973, #1872, #2816, #374, #88, #2796, #1326, #2529, #67, #1287, #2507, #2488, #3417, #1030, #395, #2224, #623, #2749, #3180, #468, #3220, #3495, #1045, #2244, #127, #168, #1102, #210, #809, #3510, #1343, #1419, #2620, #3847, #774, #505, #1120, #2602, #791, #1661, #3453, #3812, #3163, #3828, #2858, #1083, #1952, #1969, #2298, #432, #450, #2875, #149, #2584, #1716, #2936, #3525, #1643, #1987, #2282, #734, #3771, #2004, #1384, #189, #487 ),
 .UNSPECIFIED., .F., .F.,
 ( 4, 2, 2, 2, 2, 1, 2, 2, 2, 2, 2, 2, 2, 2, 1, 1, 1, 2, 2, 2, 1, 2, 2, 2, 1, 1, 2, 2, 2, 2, 2, 1, 2, 2, 2, 2, 1, 1, 1, 2, 2, 4 ),
 ( 0.4997407138672184113, 0.5310069192505144642, 0.5622731246338105171, 0.6248055354004026229, 0.6267596732368586609, 0.6287138110733145879, 0.6326220867462266639, 0.6404386380920504829, 0.6560717407836981208, 0.6599800164566100857, 0.6638882921295219397, 0.6717048434753458697, 0.6873379461669935075, 0.6892920840034496566, 0.6912462218399059166, 0.6951544975128184367, 0.7029710488586435879, 0.7186041515502936683, 0.7498703569335938290, 0.7576869082794188692, 0.7655034596252439094, 0.7811365623168939898, 0.8124027677001941505, 0.8133798366184221695, 0.8143569055366502996, 0.8163110433731066706, 0.8202193190460191907, 0.8280358703918442309, 0.8436689730834943113, 0.8749351784667944720, 0.8788434541397072142, 0.8827517298126199563, 0.8905682811584454406, 0.9062013838500962981, 0.9374675892333981242, 0.9384446581516261432, 0.9394217270698543842, 0.9413758649063106443, 0.9452841405792232754, 0.9531006919250485376, 0.9687337946166989511, 1.000000000000000000 ),
 .UNSPECIFIED. ) ;
#1191 = CARTESIAN_POINT ( 'NONE',  ( -0.9672129068510937344, 0.2576165287821944871, -0.9079142637685720940 ) ) ;
#1192 = AXIS2_PLACEMENT_3D ( 'NONE', #848, #1971, #1160 ) ;
#1193 = CARTESIAN_POINT ( 'NONE',  ( -0.6307619759807724380, -0.3877985183337256947, -2.759974533118257689 ) ) ;
#1194 = AXIS2_PLACEMENT_3D ( 'NONE', #2610, #3835, #1109 ) ;
#1195 = CARTESIAN_POINT ( 'NONE',  ( 1.078660417681890138, 0.2735788812050370389, -3.254999999999999893 ) ) ;
#1196 = CARTESIAN_POINT ( 'NONE',  ( 0.7401923788646698199, 1.090708404669663923E-14, -2.125000000000000000 ) ) ;
#1197 = CARTESIAN_POINT ( 'NONE',  ( 0.1283340686683970000, 0.9922550145161372903, -0.4172750930929116087 ) ) ;
#1198 = LINE ( 'NONE', #2395, #851 ) ;
#1199 = VERTEX_POINT ( 'NONE', #3833 ) ;
#1200 = CARTESIAN_POINT ( 'NONE',  ( 0.6410254037844400621, -0.3700961894323349655, -2.041666666666670071 ) ) ;
#1201 = CARTESIAN_POINT ( 'NONE',  ( -0.1845110893773551086, 0.7169313484127926017, -0.2404568941210515343 ) ) ;
#1202 = ORIENTED_EDGE ( 'NONE', *, *, #52, .F. ) ;
#1203 = EDGE_CURVE ( 'NONE', #205, #2124, #3074, .T. ) ;
#1204 = ORIENTED_EDGE ( 'NONE', *, *, #2605, .F. ) ;
#1205 = CARTESIAN_POINT ( 'NONE',  ( 0.8660254037844390407, 0.5000000000000000000, -0.3083333333333330151 ) ) ;
#1206 = EDGE_CURVE ( 'NONE', #3498, #3788, #220, .T. ) ;
#1207 = CARTESIAN_POINT ( 'NONE',  ( -0.3885489136734439630, -0.7477222373096890085, -4.569113484364089928 ) ) ;
#1208 = CARTESIAN_POINT ( 'NONE',  ( 0.000000000000000000, 0.000000000000000000, -9.567359577593730826E-18 ) ) ;
#1209 = CARTESIAN_POINT ( 'NONE',  ( -0.7401923788646699309, 1.181795160448849902E-15, -2.324999999999999734 ) ) ;
#1210 = VERTEX_POINT ( 'NONE', #816 ) ;
#1211 = CARTESIAN_POINT ( 'NONE',  ( 0.3597943591102539251, 0.9543805223572194851, -1.602760934179312091 ) ) ;
#1212 = CARTESIAN_POINT ( 'NONE',  ( -0.7401923788646699309, 1.181795160448849902E-15, -2.324999999999999734 ) ) ;
#1213 = CARTESIAN_POINT ( 'NONE',  ( -0.3669424536064160303, 1.349766751978790147, -4.322150515720509567 ) ) ;
#1214 = DIRECTION ( 'NONE',  ( 0.000000000000000000, 0.000000000000000000, 1.000000000000000000 ) ) ;
#1215 = LINE ( 'NONE', #14, #2603 ) ;
#1216 = CARTESIAN_POINT ( 'NONE',  ( 0.8678541947179372329, 0.5011106879107330991, -0.3586139098843894035 ) ) ;
#1217 = CARTESIAN_POINT ( 'NONE',  ( -0.7375018699804559708, -0.08301664095747318672, -1.532442565233577803 ) ) ;
#1218 = ORIENTED_EDGE ( 'NONE', *, *, #1486, .F. ) ;
#1219 = CARTESIAN_POINT ( 'NONE',  ( 0.000000000000000000, 0.7401923788646699309, 0.2249999999999960087 ) ) ;
#1220 = VECTOR ( 'NONE', #3333, 1000.000000000000114 ) ;
#1221 = CARTESIAN_POINT ( 'NONE',  ( -0.8660375284469739032, -0.5000070001771780293, -0.9583252502249749449 ) ) ;
#1222 = CARTESIAN_POINT ( 'NONE',  ( 1.000000000000000000, -8.715332896486792014E-16, -1.074999999999998623 ) ) ;
#1223 = CARTESIAN_POINT ( 'NONE',  ( 0.000000000000000000, -1.052838844499739929E-14, -3.945147222509350904 ) ) ;
#1224 = DIRECTION ( 'NONE',  ( 0.000000000000000000, 0.000000000000000000, 1.000000000000000000 ) ) ;
#1225 = CARTESIAN_POINT ( 'NONE',  ( -0.7401923788646699309, 3.598847483741179307E-15, -2.674999999999999822 ) ) ;
#1226 = CARTESIAN_POINT ( 'NONE',  ( 0.9736878942953440808, -0.2278856829699919817, -0.2598076211353329557 ) ) ;
#1227 = CARTESIAN_POINT ( 'NONE',  ( 0.7045013194633151787, -0.6079540323968822824, -0.1899520696456837021 ) ) ;
#1228 = DIRECTION ( 'NONE',  ( 0.7071067811865441310, 8.659560562354890950E-17, 0.7071067811865510144 ) ) ;
#1229 = ORIENTED_EDGE ( 'NONE', *, *, #1280, .F. ) ;
#1230 = CARTESIAN_POINT ( 'NONE',  ( 0.9253248837578785801, 0.3833768081242472370, -0.7504628618094889569 ) ) ;
#1231 = CARTESIAN_POINT ( 'NONE',  ( 0.4503817054775552942, -0.5892998715932645792, -2.866922946808224015 ) ) ;
#1232 = CARTESIAN_POINT ( 'NONE',  ( -0.8922269036098178230, 0.5219866587632735477, -2.491666666666666696 ) ) ;
#1233 = CARTESIAN_POINT ( 'NONE',  ( -0.8660254037844390407, -0.5000000000000000000, -2.908333333333330106 ) ) ;
#1234 = CARTESIAN_POINT ( 'NONE',  ( 0.8988499566773823224, 0.4431157638901421780, -0.3545580713028090858 ) ) ;
#1235 = LINE ( 'NONE', #2434, #3455 ) ;
#1236 = ORIENTED_EDGE ( 'NONE', *, *, #1442, .F. ) ;
#1237 = CIRCLE ( 'NONE', #2756, 0.3060000000000000497 ) ;
#1238 = CARTESIAN_POINT ( 'NONE',  ( 0.3791461463968299750, 0.1570474759590499703, -1.886154803078710085 ) ) ;
#1239 = AXIS2_PLACEMENT_3D ( 'NONE', #2898, #171, #2587 ) ;
#1240 = DIRECTION ( 'NONE',  ( 0.000000000000000000, 0.000000000000000000, 1.000000000000000000 ) ) ;
#1241 = ORIENTED_EDGE ( 'NONE', *, *, #1468, .F. ) ;
#1242 = ADVANCED_FACE ( 'NONE', ( #3205 ), #2573, .T. ) ;
#1243 = CARTESIAN_POINT ( 'NONE',  ( -0.9822865795935675770, -0.1951861790634119853, -1.337905949251116944 ) ) ;
#1244 = CARTESIAN_POINT ( 'NONE',  ( -0.6847099232100646304, -0.7288845184847217995, -0.9763955673954215486 ) ) ;
#1245 = CARTESIAN_POINT ( 'NONE',  ( -0.7401923788646699309, -9.064742275298830802E-17, 0.000000000000000000 ) ) ;
#1246 = CARTESIAN_POINT ( 'NONE',  ( 1.000000000000001332, 2.811853131105967561E-15, -2.724999999999997424 ) ) ;
#1247 = CARTESIAN_POINT ( 'NONE',  ( 0.6259865306967223875, -0.6663520664783285641, -0.1740458374208848358 ) ) ;
#1248 = CARTESIAN_POINT ( 'NONE',  ( 0.2028770456284590129, 0.4897885150504189822, -3.254999999999999893 ) ) ;
#1249 = ORIENTED_EDGE ( 'NONE', *, *, #355, .F. ) ;
#1250 = PLANE ( 'NONE',  #930 ) ;
#1251 = CARTESIAN_POINT ( 'NONE',  ( 0.6942376419934425114, -0.2599748726547677080, -2.901668011175320583 ) ) ;
#1252 = EDGE_CURVE ( 'NONE', #3394, #252, #3550, .T. ) ;
#1253 = CARTESIAN_POINT ( 'NONE',  ( 0.000000000000000000, 0.000000000000000000, 0.000000000000000000 ) ) ;
#1254 = CARTESIAN_POINT ( 'NONE',  ( 0.8547005383792529720, -1.570059417833509065E-16, -2.525000000000001688 ) ) ;
#1255 = CARTESIAN_POINT ( 'NONE',  ( -0.7401923788646699309, -1.160886322126799853E-15, -1.925000000000000044 ) ) ;
#1256 = EDGE_CURVE ( 'NONE', #3063, #145, #2009, .T. ) ;
#1257 = CARTESIAN_POINT ( 'NONE',  ( -0.7948309904811228233, 0.6103515052209810277, -0.4840456237763075542 ) ) ;
#1258 = CIRCLE ( 'NONE', #2064, 2.747226305060009199 ) ;
#1259 = VERTEX_POINT ( 'NONE', #1207 ) ;
#1260 = CARTESIAN_POINT ( 'NONE',  ( 0.7401923788660828007, 2.281986405686666353E-08, -1.325000315221997571 ) ) ;
#1261 = DIRECTION ( 'NONE',  ( 0.000000000000000000, 0.000000000000000000, 1.000000000000000000 ) ) ;
#1262 = CARTESIAN_POINT ( 'NONE',  ( 1.154716704595970533, -2.121180174308142071E-16, -0.3249919168916420298 ) ) ;
#1263 = ORIENTED_EDGE ( 'NONE', *, *, #3887, .F. ) ;
#1264 = CARTESIAN_POINT ( 'NONE',  ( 0.7299900498390377024, 0.1421996740626492450, -2.937634879353313799 ) ) ;
#1265 = ORIENTED_EDGE ( 'NONE', *, *, #3269, .T. ) ;
#1266 = CARTESIAN_POINT ( 'NONE',  ( 0.000000000000000000, 0.8511379332023930600, -0.1109455543377250025 ) ) ;
#1267 = CARTESIAN_POINT ( 'NONE',  ( -0.4615607733958470571, -0.8874441008601968717, -0.9945880983211509152 ) ) ;
#1268 = CARTESIAN_POINT ( 'NONE',  ( 0.7363796003367009124, -0.07634505306504035804, -0.9181458784403127016 ) ) ;
#1269 = DIRECTION ( 'NONE',  ( 0.000000000000000000, 0.000000000000000000, 1.000000000000000000 ) ) ;
#1270 = CARTESIAN_POINT ( 'NONE',  ( 0.2554290380296311280, 0.6947518953728204494, -0.2030303041331794900 ) ) ;
#1271 = ORIENTED_EDGE ( 'NONE', *, *, #1486, .T. ) ;
#1272 = CARTESIAN_POINT ( 'NONE',  ( 1.376904727569939902E-14, 0.4000000000000150102, -4.700000000000000178 ) ) ;
#1273 = CARTESIAN_POINT ( 'NONE',  ( -0.1967604172469254453, -0.7199230716934601482, -2.808604503242843276 ) ) ;
#1274 = CARTESIAN_POINT ( 'NONE',  ( 0.6850626750976656076, -0.6638486863224137835, -3.000005129314611718 ) ) ;
#1275 = CARTESIAN_POINT ( 'NONE',  ( 0.6410254037844400621, -0.3700961894323349655, -1.691666666666660213 ) ) ;
#1276 = DIRECTION ( 'NONE',  ( 0.08715574274765505725, 0.000000000000000000, 0.9961946980917458783 ) ) ;
#1277 = CARTESIAN_POINT ( 'NONE',  ( -9.064742275298830802E-17, -0.7401923788646699309, -2.774999999999999911 ) ) ;
#1278 = CARTESIAN_POINT ( 'NONE',  ( 0.6845679165266531641, -0.2816189102751885387, -0.09973498198558423955 ) ) ;
#1279 = ORIENTED_EDGE ( 'NONE', *, *, #3241, .T. ) ;
#1280 = EDGE_CURVE ( 'NONE', #2980, #380, #871, .T. ) ;
#1281 = CARTESIAN_POINT ( 'NONE',  ( 0.6065863991822619816, 0.2512563132923469889, -4.700000000000000178 ) ) ;
#1282 = CARTESIAN_POINT ( 'NONE',  ( -0.5773583522979830462, 1.000014000354360499, -0.8583252502249756333 ) ) ;
#1283 = ORIENTED_EDGE ( 'NONE', *, *, #1622, .T. ) ;
#1284 = VECTOR ( 'NONE', #1150, 1000.000000000000000 ) ;
#1285 = CARTESIAN_POINT ( 'NONE',  ( 0.5689726766834212190, 0.4789519176791683930, -2.969045797066690806 ) ) ;
#1286 = ORIENTED_EDGE ( 'NONE', *, *, #173, .F. ) ;
#1287 = CARTESIAN_POINT ( 'NONE',  ( 0.5437043250968031094, 0.8394009993672780778, -1.188255955316523504 ) ) ;
#1288 = CARTESIAN_POINT ( 'NONE',  ( 0.7401923788590699660, 2.879237779070567833E-06, -0.9250002593231441139 ) ) ;
#1289 = CARTESIAN_POINT ( 'NONE',  ( 0.3863705466856132142, -0.6604195542700068700, -2.458333333333333037 ) ) ;
#1290 = ORIENTED_EDGE ( 'NONE', *, *, #877, .T. ) ;
#1291 = CARTESIAN_POINT ( 'NONE',  ( -0.3669424536064160303, 1.349766751978790147, -4.322150515720509567 ) ) ;
#1292 = CARTESIAN_POINT ( 'NONE',  ( 0.8263887933856080004, -0.5634150209922752506, -0.2872045039291149515 ) ) ;
#1293 = CARTESIAN_POINT ( 'NONE',  ( 0.8922269036098089412, 0.5219866587632890909, -2.358333333333333837 ) ) ;
#1294 = EDGE_CURVE ( 'NONE', #1831, #60, #2148, .T. ) ;
#1295 = CARTESIAN_POINT ( 'NONE',  ( -0.8660254037844390407, 0.5000000000000000000, -0.8416666666666648977 ) ) ;
#1296 = CARTESIAN_POINT ( 'NONE',  ( -0.6892148084040935485, 0.2699964553363505271, -1.100769255743689001 ) ) ;
#1297 =( BOUNDED_CURVE ( )  B_SPLINE_CURVE ( 2, ( #3318, #2421, #3274, #1521, #3614, #2402, #2382, #2065, #294 ),
 .UNSPECIFIED., .F., .F. ) 
 B_SPLINE_CURVE_WITH_KNOTS ( ( 3, 2, 2, 2, 3 ),
 ( 0.5000000000000000000, 0.5833333333332798576, 0.7499999999998416822, 0.9166666666663934038, 1.000000000000000000 ),
 .UNSPECIFIED. ) 
 CURVE ( )  GEOMETRIC_REPRESENTATION_ITEM ( )  RATIONAL_B_SPLINE_CURVE ( ( 0.9330127018922194093, 0.9330127018922166338, 1.000000000000000000, 0.8660254037844389297, 1.000000000000000000, 0.8660254037844389297, 1.000000000000000000, 0.9330127018919571746, 0.9330127018922194093 ) ) 
 REPRESENTATION_ITEM ( '' )  );
#1298 = CARTESIAN_POINT ( 'NONE',  ( -9.064742275298830802E-17, -0.7401923788646699309, -1.975000000000000089 ) ) ;
#1299 = CARTESIAN_POINT ( 'NONE',  ( -0.9205605989766904029, 0.3906051310968330914, -0.4990666894464091952 ) ) ;
#1300 = PRODUCT_CONTEXT ( 'NONE', #2499, 'mechanical' ) ;
#1301 = FACE_OUTER_BOUND ( 'NONE', #3825, .T. ) ;
#1302 = CARTESIAN_POINT ( 'NONE',  ( 0.000000000000000000, 1.000014000354360055, -0.02499191689164320315 ) ) ;
#1303 = EDGE_LOOP ( 'NONE', ( #66, #1368, #1202, #1656 ) ) ;
#1304 = EDGE_CURVE ( 'NONE', #2100, #2406, #1417, .T. ) ;
#1305 = DIRECTION ( 'NONE',  ( 2.007462170876365915E-31, -3.278434520506709697E-15, 1.000000000000000000 ) ) ;
#1306 = CARTESIAN_POINT ( 'NONE',  ( -0.3608885570601493287, -0.9539968486536002379, -1.402677408019972427 ) ) ;
#1307 = CARTESIAN_POINT ( 'NONE',  ( 0.5686979765279810417, -0.4743909423129350489, -0.8811856965040018030 ) ) ;
#1308 = CARTESIAN_POINT ( 'NONE',  ( -0.2681161463763108710, -0.7057730307658409696, -1.202586626081612931 ) ) ;
#1309 = CARTESIAN_POINT ( 'NONE',  ( -0.3360624791231063835, 0.8048718774447634061, -0.1266719851228702287 ) ) ;
#1310 = ORIENTED_EDGE ( 'NONE', *, *, #656, .T. ) ;
#1311 = CARTESIAN_POINT ( 'NONE',  ( 1.000000000000000222, -0.2617993877991486307, -1.908333333333333437 ) ) ;
#1312 = CARTESIAN_POINT ( 'NONE',  ( -0.2512563132923339437, 0.6065863991822770807, -4.700000000000000178 ) ) ;
#1313 = CARTESIAN_POINT ( 'NONE',  ( 0.6976181877360573269, 0.4139589482569587253, -3.000002779124575802 ) ) ;
#1314 = CARTESIAN_POINT ( 'NONE',  ( -1.154700538379251240, 7.070501591499382719E-17, -0.4749999999999988676 ) ) ;
#1315 = CARTESIAN_POINT ( 'NONE',  ( -0.5408161204310634185, 0.5054308774168118079, -1.077712003572969479 ) ) ;
#1316 = CARTESIAN_POINT ( 'NONE',  ( 0.2565902967307164828, -0.6954632716608865062, -0.04703502655501694968 ) ) ;
#1317 = CARTESIAN_POINT ( 'NONE',  ( -0.6637152337602469920, 0.3369758155135970101, -1.494752152490890440 ) ) ;
#1318 = CARTESIAN_POINT ( 'NONE',  ( 0.7401923788646699309, 0.000000000000000000, 0.000000000000000000 ) ) ;
#1319 = CARTESIAN_POINT ( 'NONE',  ( 0.000000000000000000, 1.000014000354360055, -2.824991916891640198 ) ) ;
#1320 = EDGE_LOOP ( 'NONE', ( #2764, #3865 ) ) ;
#1321 = VECTOR ( 'NONE', #466, 1000.000000000000227 ) ;
#1322 = CARTESIAN_POINT ( 'NONE',  ( 0.7248532759737020825, -0.2735788812050209962, -3.254999999999999893 ) ) ;
#1323 = AXIS2_PLACEMENT_3D ( 'NONE', #1410, #2612, #3246 ) ;
#1324 = ADVANCED_FACE ( 'NONE', ( #3295 ), #3319, .T. ) ;
#1325 = CARTESIAN_POINT ( 'NONE',  ( -0.5048043485489692728, -0.8111706427327970426, -0.2152112946215047062 ) ) ;
#1326 = CARTESIAN_POINT ( 'NONE',  ( 0.6749233882119112238, 0.7380662021491584124, -1.177270348376759479 ) ) ;
#1327 = CARTESIAN_POINT ( 'NONE',  ( -0.9868226698507264194, -0.1889697992805295379, -2.937421496043612468 ) ) ;
#1328 = LINE ( 'NONE', #2532, #3271 ) ;
#1329 = EDGE_CURVE ( 'NONE', #3352, #2100, #1794, .T. ) ;
#1330 = ORIENTED_EDGE ( 'NONE', *, *, #1573, .F. ) ;
#1331 = CARTESIAN_POINT ( 'NONE',  ( 0.2617993877991508511, -0.9999999999999995559, -1.841666666666666563 ) ) ;
#1332 = CARTESIAN_POINT ( 'NONE',  ( 0.9999249730755239707, -0.01409313764203572704, -0.3240609349159215280 ) ) ;
#1333 = CARTESIAN_POINT ( 'NONE',  ( 0.8665035159858771596, 0.02460374620900537476, -2.999994511783754092 ) ) ;
#1334 = CARTESIAN_POINT ( 'NONE',  ( -1.224646799147350002E-16, -1.000000000000000000, -0.9749999999999999778 ) ) ;
#1335 = CARTESIAN_POINT ( 'NONE',  ( -0.7003544944589523702, -0.2443810561005155257, -1.146861470284888718 ) ) ;
#1336 = LINE ( 'NONE', #3746, #837 ) ;
#1337 = CARTESIAN_POINT ( 'NONE',  ( -0.8660375284469739032, 0.5000070001771790285, -2.891658583558299966 ) ) ;
#1338 = FACE_OUTER_BOUND ( 'NONE', #2359, .T. ) ;
#1339 = VERTEX_POINT ( 'NONE', #1226 ) ;
#1340 = DIRECTION ( 'NONE',  ( 0.000000000000000000, 3.239995458127760343E-15, -1.000000000000000000 ) ) ;
#1341 = CARTESIAN_POINT ( 'NONE',  ( 0.002010820551914433395, 0.7402293310518185399, -0.2248959343099501684 ) ) ;
#1342 = CARTESIAN_POINT ( 'NONE',  ( 0.2788811519500861702, -0.9581903819420805046, -0.2485880229058075597 ) ) ;
#1343 = CARTESIAN_POINT ( 'NONE',  ( -0.1608140414696312692, 0.9875267543118406710, -1.234759287170324571 ) ) ;
#1344 = VECTOR ( 'NONE', #2717, 1000.000000000000000 ) ;
#1345 = CARTESIAN_POINT ( 'NONE',  ( 0.3340323705608238547, -0.6606191944590852350, -0.8546194206448030073 ) ) ;
#1346 = ADVANCED_FACE ( 'NONE', ( #317 ), #1523, .F. ) ;
#1347 = CARTESIAN_POINT ( 'NONE',  ( 0.7401923788646700419, 1.111204519654868666E-14, -2.525000000000000355 ) ) ;
#1348 = EDGE_LOOP ( 'NONE', ( #2813, #104, #1388, #2852 ) ) ;
#1349 = B_SPLINE_CURVE_WITH_KNOTS ( 'NONE', 3,
 ( #3685, #2033, #3263, #530, #2293, #2576, #2329, #2632, #1961, #461, #3539, #221, #1412, #1076, #1433, #765, #3556, #3858, #3503, #3210, #479, #1057, #2594, #3232, #498, #2614, #823, #1132, #1691, #2907, #180, #1744, #839, #803, #3822, #2015, #1096, #1394, #1710, #2254, #3487, #142, #1674, #2887, #3191, #1998, #1726, #1356, #2559, #202, #159, #3784, #1376, #3805, #3519, #2273, #784, #1980, #2929, #3838, #3248, #1113, #2311, #516, #2950, #3349, #1454, #303, #3367 ),
 .UNSPECIFIED., .F., .F.,
 ( 4, 2, 2, 2, 2, 2, 1, 2, 2, 2, 2, 1, 1, 2, 2, 2, 2, 2, 2, 2, 2, 1, 2, 2, 2, 2, 2, 1, 1, 2, 2, 2, 1, 1, 1, 2, 2, 2, 4 ),
 ( 0.000000000000000000, 0.06250000000000144329, 0.09375000000000223432, 0.1250000000000030254, 0.1562500000000038303, 0.1718750000000041911, 0.1796875000000043854, 0.1835937500000044409, 0.1875000000000044964, 0.2187500000000049682, 0.2343750000000051903, 0.2421875000000053013, 0.2460937500000053846, 0.2480468750000053846, 0.2500000000000053846, 0.3125000000000078826, 0.3437500000000091593, 0.3593750000000098255, 0.3750000000000103806, 0.4375000000000128231, 0.4687500000000140443, 0.4843750000000146549, 0.4921875000000148770, 0.5000000000000150990, 0.5625000000000186517, 0.5937500000000205391, 0.6093750000000214273, 0.6171875000000218714, 0.6210937500000220934, 0.6230468750000223155, 0.6250000000000224265, 0.6875000000000286438, 0.7187500000000317524, 0.7343750000000333067, 0.7421875000000339728, 0.7460937500000343059, 0.7500000000000346390, 0.8750000000000173195, 1.000000000000000000 ),
 .UNSPECIFIED. ) ;
#1350 = CARTESIAN_POINT ( 'NONE',  ( 0.000000000000000000, 0.000000000000000000, 0.000000000000000000 ) ) ;
#1351 = CARTESIAN_POINT ( 'NONE',  ( 0.2735788812050380381, -1.078660417681859940, -3.254999999999999893 ) ) ;
#1352 = CARTESIAN_POINT ( 'NONE',  ( -0.5773502691896256200, -1.000000000000000222, -0.5416666666666654084 ) ) ;
#1353 = CARTESIAN_POINT ( 'NONE',  ( 0.000000000000000000, 0.7401923788646699309, -2.575000000000000178 ) ) ;
#1354 = FACE_OUTER_BOUND ( 'NONE', #22, .T. ) ;
#1355 = DIRECTION ( 'NONE',  ( 0.000000000000000000, 0.000000000000000000, -1.000000000000000000 ) ) ;
#1356 = CARTESIAN_POINT ( 'NONE',  ( -0.8103865267891059432, -0.4477062743095198138, -3.000118377347516407 ) ) ;
#1357 = CARTESIAN_POINT ( 'NONE',  ( 1.154716704595970533, -2.121180174308142071E-16, -3.124991916891639132 ) ) ;
#1358 = CARTESIAN_POINT ( 'NONE',  ( 0.000000000000000000, 0.000000000000000000, -0.2598076211353329557 ) ) ;
#1359 = EDGE_LOOP ( 'NONE', ( #1450, #509, #3935, #866 ) ) ;
#1360 = CARTESIAN_POINT ( 'NONE',  ( -0.6410254037844400621, -0.3700961894323349655, -0.7583333333333339699 ) ) ;
#1361 = CARTESIAN_POINT ( 'NONE',  ( 0.6178018883407833117, 0.4076869609705843778, -0.1618237584359188408 ) ) ;
#1362 = EDGE_CURVE ( 'NONE', #1520, #3580, #1380, .T. ) ;
#1363 = CARTESIAN_POINT ( 'NONE',  ( -0.2589184234426442077, -0.9321432607207318366, -0.2271535448850147132 ) ) ;
#1364 = CARTESIAN_POINT ( 'NONE',  ( -1.075381490540429931E-15, 0.2735788812050500285, -3.254999999999999893 ) ) ;
#1365 = CARTESIAN_POINT ( 'NONE',  ( 0.000000000000000000, -1.259922254300260102E-14, -3.306000000000000050 ) ) ;
#1366 = CARTESIAN_POINT ( 'NONE',  ( -0.5759583991561465499, 0.6692176169056611723, -0.1400132552156690691 ) ) ;
#1367 = EDGE_CURVE ( 'NONE', #2994, #471, #3257, .T. ) ;
#1368 = ORIENTED_EDGE ( 'NONE', *, *, #1446, .T. ) ;
#1369 = CARTESIAN_POINT ( 'NONE',  ( -0.4273502691896271521, -0.7401923788646698199, -1.541666666666669405 ) ) ;
#1370 = DIRECTION ( 'NONE',  ( 0.000000000000000000, 3.239995458127760343E-15, -1.000000000000000000 ) ) ;
#1371 = EDGE_CURVE ( 'NONE', #1161, #969, #3596, .T. ) ;
#1372 = CARTESIAN_POINT ( 'NONE',  ( 0.5773502691896256200, 1.000000000000000222, -0.7416666666666658081 ) ) ;
#1373 = CARTESIAN_POINT ( 'NONE',  ( -9.064742275298830802E-17, -0.7401923788646699309, -2.774999999999999911 ) ) ;
#1374 = CARTESIAN_POINT ( 'NONE',  ( -0.6686428555293268960, -0.3210662019676490675, -1.153907275792135589 ) ) ;
#1375 = CARTESIAN_POINT ( 'NONE',  ( -1.000000000000000000, 5.112264071149789643E-16, -2.925000000000000266 ) ) ;
#1376 = CARTESIAN_POINT ( 'NONE',  ( -0.7818912625506458935, -0.5096898299573189295, -2.999986423138986780 ) ) ;
#1377 = EDGE_CURVE ( 'NONE', #60, #1161, #170, .T. ) ;
#1378 = CARTESIAN_POINT ( 'NONE',  ( 0.8660375284469739032, -0.5000070001771790285, -2.291658583558299878 ) ) ;
#1379 = CARTESIAN_POINT ( 'NONE',  ( 0.5750772516736527562, -0.8195645127611320691, -1.064121194718101293 ) ) ;
#1380 = CIRCLE ( 'NONE', #3280, 1.112813416937029842 ) ;
#1381 = ORIENTED_EDGE ( 'NONE', *, *, #1667, .T. ) ;
#1382 = CARTESIAN_POINT ( 'NONE',  ( 0.000000000000000000, 0.000000000000000000, 0.000000000000000000 ) ) ;
#1383 = CARTESIAN_POINT ( 'NONE',  ( 0.6497337986991804648, 0.3548234813370833574, -0.1567663066554227658 ) ) ;
#1384 = CARTESIAN_POINT ( 'NONE',  ( -0.9883435546506550429, 0.1657058797915805792, -1.313995379320477497 ) ) ;
#1385 = VECTOR ( 'NONE', #3353, 1000.000000000000000 ) ;
#1386 = CARTESIAN_POINT ( 'NONE',  ( -0.5283656393648796801, -0.8625996270433827773, -2.989914783156330191 ) ) ;
#1387 = CARTESIAN_POINT ( 'NONE',  ( 0.1570474759590609892, 0.3791461463968249790, -1.886154803078710085 ) ) ;
#1388 = ORIENTED_EDGE ( 'NONE', *, *, #949, .F. ) ;
#1389 = VECTOR ( 'NONE', #1516, 999.9999999999998863 ) ;
#1390 = CARTESIAN_POINT ( 'NONE',  ( -0.7001435771572896982, -0.2450101058622281558, -0.3469202290886504447 ) ) ;
#1391 = CARTESIAN_POINT ( 'NONE',  ( -1.224646799147350002E-16, -1.000000000000000000, -3.375000000000000000 ) ) ;
#1392 = DIRECTION ( 'NONE',  ( 1.000000000000000000, 0.000000000000000000, 0.000000000000000000 ) ) ;
#1393 = PLANE ( 'NONE',  #3061 ) ;
#1394 = CARTESIAN_POINT ( 'NONE',  ( -0.8721733339045808497, -0.2118476402575873996, -3.000013242480263020 ) ) ;
#1395 = CARTESIAN_POINT ( 'NONE',  ( 0.4273502691896271521, 0.7401923788646699309, -1.341666666666668561 ) ) ;
#1396 = CARTESIAN_POINT ( 'NONE',  ( -0.2870652539315530216, 0.6822596996119240087, -3.000000000000059952 ) ) ;
#1397 = ORIENTED_EDGE ( 'NONE', *, *, #2159, .T. ) ;
#1398 = CYLINDRICAL_SURFACE ( 'NONE', #617, 0.7401923788646699309 ) ;
#1399 = CARTESIAN_POINT ( 'NONE',  ( 0.3756551571861770911, 0.6425771810003558793, -0.1914153132766451826 ) ) ;
#1400 = LINE ( 'NONE', #1364, #2053 ) ;
#1401 = CARTESIAN_POINT ( 'NONE',  ( 0.4964731665138359951, -0.4964731665138270023, -4.609806201873269949 ) ) ;
#1402 = CARTESIAN_POINT ( 'NONE',  ( 0.8172918270010625097, -0.4342616063123379555, -3.000004160914561790 ) ) ;
#1403 = ORIENTED_EDGE ( 'NONE', *, *, #3314, .T. ) ;
#1404 = CARTESIAN_POINT ( 'NONE',  ( 0.7401923788646653790, -0.1983339501604677868, -2.457136720504586869 ) ) ;
#1405 = CARTESIAN_POINT ( 'NONE',  ( -0.7401923788646699309, -2.312508131682119882E-16, -0.3250000000000000111 ) ) ;
#1406 = CARTESIAN_POINT ( 'NONE',  ( -0.5773502691896256200, 1.000000000000000222, -3.208333333333333481 ) ) ;
#1407 = EDGE_CURVE ( 'NONE', #1806, #2219, #1694, .T. ) ;
#1408 = CYLINDRICAL_SURFACE ( 'NONE', #1194, 0.7401923788646699309 ) ;
#1409 = DIRECTION ( 'NONE',  ( 1.000000000000000000, 0.000000000000000000, 0.000000000000000000 ) ) ;
#1410 = CARTESIAN_POINT ( 'NONE',  ( 0.3999999999999829803, 1.941775625981210052E-14, -4.700000000000000178 ) ) ;
#1411 = CARTESIAN_POINT ( 'NONE',  ( -0.8922269036098134931, 0.5219866587632806532, -2.891666666666667496 ) ) ;
#1412 = CARTESIAN_POINT ( 'NONE',  ( -0.7246263934913187432, 0.3775214970160697958, -2.999846873438350769 ) ) ;
#1413 = CARTESIAN_POINT ( 'NONE',  ( 0.5773583522979818250, -1.000014000354360499, -3.458325250224969949 ) ) ;
#1414 = CARTESIAN_POINT ( 'NONE',  ( 0.9276365055243722679, -0.3735029021679885930, -1.100213314114291352 ) ) ;
#1415 = ORIENTED_EDGE ( 'NONE', *, *, #922, .T. ) ;
#1416 = CARTESIAN_POINT ( 'NONE',  ( -0.8547005383792529720, 5.233531392778363755E-17, -0.7250000000000009770 ) ) ;
#1417 =( BOUNDED_CURVE ( )  B_SPLINE_CURVE ( 2, ( #2710, #3671, #3380, #1837, #6, #896, #3082, #3042, #3589 ),
 .UNSPECIFIED., .F., .T. ) 
 B_SPLINE_CURVE_WITH_KNOTS ( ( 3, 2, 2, 2, 3 ),
 ( 0.4999991795116000559, 0.5833333333330158466, 0.7499999999998057110, 0.9166666666666050123, 1.000000000000000000 ),
 .UNSPECIFIED. ) 
 CURVE ( )  GEOMETRIC_REPRESENTATION_ITEM ( )  RATIONAL_B_SPLINE_CURVE ( ( 0.9330127018987131038, 0.9330120423449153044, 1.000000000000000000, 0.8660254037844389297, 1.000000000000000000, 0.8660254037844389297, 1.000000000000000000, 0.9330127018922196314, 0.9330127018922195203 ) ) 
 REPRESENTATION_ITEM ( '' )  );
#1418 = CARTESIAN_POINT ( 'NONE',  ( 0.6215955659112283316, -0.4018817835452465626, -0.03872266954372217268 ) ) ;
#1419 = CARTESIAN_POINT ( 'NONE',  ( -0.2571143344262915020, 0.9685934155745776764, -1.240935438659854562 ) ) ;
#1420 = CARTESIAN_POINT ( 'NONE',  ( -0.4008154275134839795, 0.7501621986171510548, -4.709320379128399736 ) ) ;
#1421 = CARTESIAN_POINT ( 'NONE',  ( 0.8616597617071009019, 0.05171868315731144999, -2.999999852750686369 ) ) ;
#1422 = ORIENTED_EDGE ( 'NONE', *, *, #404, .T. ) ;
#1423 = EDGE_CURVE ( 'NONE', #133, #3352, #1168, .T. ) ;
#1424 = B_SPLINE_CURVE_WITH_KNOTS ( 'NONE', 3,
 ( #634, #1826, #572, #2673 ),
 .UNSPECIFIED., .F., .F.,
 ( 4, 4 ),
 ( 0.003033331547149929752, 0.004138332743302280611 ),
 .UNSPECIFIED. ) ;
#1425 = PRESENTATION_STYLE_ASSIGNMENT (( #2266 ) ) ;
#1426 = CONICAL_SURFACE ( 'NONE', #2361, 3.915192378864670086, 0.7853981633974433940 ) ;
#1427 = CARTESIAN_POINT ( 'NONE',  ( -0.8922269036098128270, 0.5219866587632819854, -2.091666666666666785 ) ) ;
#1428 = DIRECTION ( 'NONE',  ( 0.000000000000000000, 0.000000000000000000, 1.000000000000000000 ) ) ;
#1429 = AXIS2_PLACEMENT_3D ( 'NONE', #1208, #2384, #3652 ) ;
#1430 = CARTESIAN_POINT ( 'NONE',  ( 0.000000000000000000, 0.000000000000000000, 0.000000000000000000 ) ) ;
#1431 = CARTESIAN_POINT ( 'NONE',  ( -0.7401923788646699309, -1.160886322126799853E-15, -1.925000000000000044 ) ) ;
#1432 = CARTESIAN_POINT ( 'NONE',  ( 0.2735788812050390373, 0.7248532759737089659, -3.254999999999999893 ) ) ;
#1433 = CARTESIAN_POINT ( 'NONE',  ( -0.7355049274061934428, 0.3611622293970979114, -2.999893937547355449 ) ) ;
#1434 = CARTESIAN_POINT ( 'NONE',  ( -9.064742275298830802E-17, -0.7401923788646699309, -1.175000000000000044 ) ) ;
#1435 = CARTESIAN_POINT ( 'NONE',  ( 0.2566071515532098446, -0.9687280394057644628, -1.040904239213682470 ) ) ;
#1436 = ORIENTED_EDGE ( 'NONE', *, *, #331, .T. ) ;
#1437 = CARTESIAN_POINT ( 'NONE',  ( 0.6410254037844400621, -0.3700961894323349655, -0.09166666666666870023 ) ) ;
#1438 = CARTESIAN_POINT ( 'NONE',  ( 0.3924041170219005337, -0.6379376804484810926, -0.01021240281689753462 ) ) ;
#1439 = ORIENTED_EDGE ( 'NONE', *, *, #3009, .T. ) ;
#1440 = CARTESIAN_POINT ( 'NONE',  ( 0.4273502691896271521, 0.7401923788646698199, -0.5416666666666689611 ) ) ;
#1441 = CARTESIAN_POINT ( 'NONE',  ( 0.7401923788646698199, 1.092249095252206943E-13, -0.4750000000000656475 ) ) ;
#1442 = EDGE_CURVE ( 'NONE', #1555, #1806, #2727, .T. ) ;
#1443 = EDGE_CURVE ( 'NONE', #2597, #2000, #488, .T. ) ;
#1444 = ORIENTED_EDGE ( 'NONE', *, *, #2048, .T. ) ;
#1445 = CARTESIAN_POINT ( 'NONE',  ( 0.7401923788123035974, 8.804604399837502897E-06, -1.275001191980702719 ) ) ;
#1446 = EDGE_CURVE ( 'NONE', #145, #1489, #3547, .T. ) ;
#1447 = DIRECTION ( 'NONE',  ( 0.000000000000000000, -3.108624468950430425E-15, 1.000000000000000000 ) ) ;
#1448 = CARTESIAN_POINT ( 'NONE',  ( 0.000000000000000000, 1.000000000000000000, -2.375000000000000000 ) ) ;
#1449 = CIRCLE ( 'NONE', #2785, 2.747226305059998541 ) ;
#1450 = ORIENTED_EDGE ( 'NONE', *, *, #1805, .T. ) ;
#1451 = CARTESIAN_POINT ( 'NONE',  ( 0.2735788812050380381, -1.078660417681859940, -3.254999999999999893 ) ) ;
#1452 = DIRECTION ( 'NONE',  ( -0.3826834323650861736, 0.9238795325112882928, 3.007258826519976339E-14 ) ) ;
#1453 = CARTESIAN_POINT ( 'NONE',  ( -0.7401923788646648239, 0.1983339501604687583, -2.257136720504594241 ) ) ;
#1454 = CARTESIAN_POINT ( 'NONE',  ( -0.5672586272938419105, -0.7951326044089914724, -2.999845007013329568 ) ) ;
#1455 = CARTESIAN_POINT ( 'NONE',  ( 0.8547005383792529720, -1.570059417833509065E-16, -0.4750000000000029199 ) ) ;
#1456 = CARTESIAN_POINT ( 'NONE',  ( 0.9999999999997326583, 7.312167016741102211E-07, -1.125000048747759385 ) ) ;
#1457 = ORIENTED_EDGE ( 'NONE', *, *, #206, .T. ) ;
#1458 = CARTESIAN_POINT ( 'NONE',  ( 0.4273502691896271521, 0.7401923788646699309, -1.791666666666661412 ) ) ;
#1459 = CARTESIAN_POINT ( 'NONE',  ( 0.4673941273248770067, 0.5739657968817915012, -0.1310574782475666111 ) ) ;
#1460 = CARTESIAN_POINT ( 'NONE',  ( -0.6420754218607165331, 0.3714498083209379353, -0.2917934903533488389 ) ) ;
#1461 = VERTEX_POINT ( 'NONE', #2960 ) ;
#1462 = ORIENTED_EDGE ( 'NONE', *, *, #3479, .F. ) ;
#1463 = PLANE ( 'NONE',  #1106 ) ;
#1464 = AXIS2_PLACEMENT_3D ( 'NONE', #1223, #87, #2487 ) ;
#1465 = CARTESIAN_POINT ( 'NONE',  ( 0.7819683300556747874, -0.06336262642183797256, -0.04413664204712980377 ) ) ;
#1466 = CARTESIAN_POINT ( 'NONE',  ( -1.154700538379251240, 7.070501591499382719E-17, -2.474999999999992539 ) ) ;
#1467 = CARTESIAN_POINT ( 'NONE',  ( 0.6410254037844400621, 0.3700961894323349655, -0.1083333333333369869 ) ) ;
#1468 = EDGE_CURVE ( 'NONE', #2365, #1210, #2704, .T. ) ;
#1469 = ORIENTED_EDGE ( 'NONE', *, *, #575, .F. ) ;
#1470 = CARTESIAN_POINT ( 'NONE',  ( 0.9999999999999549249, -3.008167345604772287E-07, -0.7249999799455516536 ) ) ;
#1471 = VECTOR ( 'NONE', #2367, 1000.000000000000000 ) ;
#1472 = CARTESIAN_POINT ( 'NONE',  ( -0.6963368343676851202, 0.2518613770631194515, -1.902226138157053548 ) ) ;
#1473 = CARTESIAN_POINT ( 'NONE',  ( -1.000000000000566658, -0.2679491924301415362, -2.892863279495337281 ) ) ;
#1474 = CARTESIAN_POINT ( 'NONE',  ( 0.8547005383792529720, -1.570059417833509065E-16, -0.8750000000000024425 ) ) ;
#1475 = CARTESIAN_POINT ( 'NONE',  ( 0.7071367082455570774, 0.7070768537096908668, -0.3744091729230002996 ) ) ;
#1476 = CARTESIAN_POINT ( 'NONE',  ( -0.6649187880909013248, 0.3343917628413780041, -0.6950845387491294547 ) ) ;
#1477 = ORIENTED_EDGE ( 'NONE', *, *, #1367, .F. ) ;
#1478 = CARTESIAN_POINT ( 'NONE',  ( 0.7401923788590699660, 2.879237779070567833E-06, -0.9250002593231441139 ) ) ;
#1479 = CARTESIAN_POINT ( 'NONE',  ( 0.000000000000000000, 0.7401923788646699309, -1.425000000000000044 ) ) ;
#1480 = CARTESIAN_POINT ( 'NONE',  ( 0.7367222802045930719, 0.07261664387131205878, -0.08153585762427599526 ) ) ;
#1481 = CARTESIAN_POINT ( 'NONE',  ( -0.7022425158808602852, 0.2339692035397868408, -0.3039953747161964204 ) ) ;
#1482 = ORIENTED_EDGE ( 'NONE', *, *, #1584, .T. ) ;
#1483 = EDGE_LOOP ( 'NONE', ( #597, #1752, #3120, #3127 ) ) ;
#1484 = CARTESIAN_POINT ( 'NONE',  ( 0.4273502691896260419, -0.7401923788646698199, -1.208333333333329707 ) ) ;
#1485 = CARTESIAN_POINT ( 'NONE',  ( -0.5066519342306682328, -0.5396693119719123688, -0.7764155073957044184 ) ) ;
#1486 = EDGE_CURVE ( 'NONE', #2680, #1831, #2771, .T. ) ;
#1487 = CARTESIAN_POINT ( 'NONE',  ( 0.1442764406366732477, -0.8130234234175311991, -0.08412516995174849910 ) ) ;
#1488 = CARTESIAN_POINT ( 'NONE',  ( -0.8660254037844380415, -0.5000000000000000000, 0.2416666666666660024 ) ) ;
#1489 = VERTEX_POINT ( 'NONE', #1441 ) ;
#1490 = CARTESIAN_POINT ( 'NONE',  ( -0.9676973422797450208, 0.2550039703655236911, -1.707975538568803353 ) ) ;
#1491 = CARTESIAN_POINT ( 'NONE',  ( -0.3069319764542791651, -0.6739788315560132359, -2.798059905019580018 ) ) ;
#1492 = CARTESIAN_POINT ( 'NONE',  ( 0.6410254037844400621, 0.3700961894323349655, -1.308333333333330017 ) ) ;
#1493 = DIRECTION ( 'NONE',  ( 1.000000000000000000, 0.000000000000000000, 0.000000000000000000 ) ) ;
#1494 = CARTESIAN_POINT ( 'NONE',  ( 0.05304199382104172328, 0.7402187927866603623, -1.020653519692804823 ) ) ;
#1495 = VECTOR ( 'NONE', #3816, 1000.000000000000114 ) ;
#1496 = CARTESIAN_POINT ( 'NONE',  ( 0.4914406430946293147, 0.8713811122501365913, -0.3923823181759626966 ) ) ;
#1497 = CARTESIAN_POINT ( 'NONE',  ( -0.7392955047957091574, -0.02767337919002576738, -1.527480959570031382 ) ) ;
#1498 = EDGE_LOOP ( 'NONE', ( #1605, #1070, #163, #1847 ) ) ;
#1499 = CARTESIAN_POINT ( 'NONE',  ( 0.7400608346997499254, 0.01587511788261252235, -0.07642958466408825147 ) ) ;
#1500 = CYLINDRICAL_SURFACE ( 'NONE', #689, 0.7401923788646699309 ) ;
#1501 = EDGE_CURVE ( 'NONE', #1936, #731, #2566, .T. ) ;
#1502 = CARTESIAN_POINT ( 'NONE',  ( -0.7401923788646699309, -8.138291018150500576E-18, -1.125000000000000000 ) ) ;
#1503 = ORIENTED_EDGE ( 'NONE', *, *, #3084, .T. ) ;
#1504 = LINE ( 'NONE', #1141, #2372 ) ;
#1505 = CARTESIAN_POINT ( 'NONE',  ( 0.8922269036098164907, -0.5219866587632757682, -2.691666666666666430 ) ) ;
#1506 = CARTESIAN_POINT ( 'NONE',  ( 0.2197133551565144116, -0.8088995990640317491, -0.09767994168825638868 ) ) ;
#1507 = DIRECTION ( 'NONE',  ( 1.000000000000000000, 0.000000000000000000, 0.000000000000000000 ) ) ;
#1508 = VERTEX_POINT ( 'NONE', #3221 ) ;
#1509 = CARTESIAN_POINT ( 'NONE',  ( 0.4057540912569259639, 0.4057540912569239655, -3.254999999999999893 ) ) ;
#1510 = AXIS2_PLACEMENT_3D ( 'NONE', #43, #1892, #3728 ) ;
#1511 = CARTESIAN_POINT ( 'NONE',  ( -0.7401923788646699309, -9.064742275298830802E-17, 0.000000000000000000 ) ) ;
#1512 = CARTESIAN_POINT ( 'NONE',  ( 0.6869392733911363624, -0.6613760842276371621, -3.000001300538070126 ) ) ;
#1513 = CARTESIAN_POINT ( 'NONE',  ( 0.6410254037844400621, 0.3700961894323349655, -2.108333333333330284 ) ) ;
#1514 = CARTESIAN_POINT ( 'NONE',  ( 0.000000000000000000, 0.000000000000000000, 0.000000000000000000 ) ) ;
#1515 = CARTESIAN_POINT ( 'NONE',  ( -0.2658714650102704802, 0.9645180584959377468, -0.4415989501924206806 ) ) ;
#1516 = DIRECTION ( 'NONE',  ( 0.7071067811865441310, 0.000000000000000000, -0.7071067811865510144 ) ) ;
#1517 = ORIENTED_EDGE ( 'NONE', *, *, #759, .T. ) ;
#1518 = CARTESIAN_POINT ( 'NONE',  ( 0.5887723944245221164, 0.4511725023378800326, -0.1161306930623408756 ) ) ;
#1519 = CARTESIAN_POINT ( 'NONE',  ( -0.0003759125058236846974, -1.026054385270783742, -0.6251031503529845823 ) ) ;
#1520 = VERTEX_POINT ( 'NONE', #2263 ) ;
#1521 = CARTESIAN_POINT ( 'NONE',  ( 0.4273502691896271521, 0.7401923788646698199, -2.541666666666662966 ) ) ;
#1522 = CARTESIAN_POINT ( 'NONE',  ( -2.074551677755616177E-16, -1.694000000000011275, -3.722296913319445455 ) ) ;
#1523 = PLANE ( 'NONE',  #2058 ) ;
#1524 = CARTESIAN_POINT ( 'NONE',  ( -0.07305152316290809689, -0.7835402422047486048, -0.04620976826443568691 ) ) ;
#1525 = DIRECTION ( 'NONE',  ( -0.9238795325112890700, 0.3826834323650840641, 0.000000000000000000 ) ) ;
#1526 = AXIS2_PLACEMENT_3D ( 'NONE', #2216, #1923, #3156 ) ;
#1527 = VERTEX_POINT ( 'NONE', #1401 ) ;
#1528 = CARTESIAN_POINT ( 'NONE',  ( 0.7743767091846660566, 0.6352638766035306750, -1.568631351423672271 ) ) ;
#1529 = CARTESIAN_POINT ( 'NONE',  ( 0.3476660175599982083, -0.6536169667279670970, -2.856052691060624760 ) ) ;
#1530 = FACE_OUTER_BOUND ( 'NONE', #1483, .T. ) ;
#1531 = CARTESIAN_POINT ( 'NONE',  ( -1.000000000000000000, -4.883763603172890508E-15, -2.524999999999999911 ) ) ;
#1532 = CARTESIAN_POINT ( 'NONE',  ( 1.259450488053280193, -0.3358201048381709852, -3.966420441514869832 ) ) ;
#1533 = CARTESIAN_POINT ( 'NONE',  ( -0.8911517024861657088, -0.2582173239463898540, -0.1861037124953259236 ) ) ;
#1534 = CARTESIAN_POINT ( 'NONE',  ( 0.7104104741433673320, -0.2099799150068689113, -1.706065386225123381 ) ) ;
#1535 = ORIENTED_EDGE ( 'NONE', *, *, #781, .T. ) ;
#1536 = CARTESIAN_POINT ( 'NONE',  ( 0.000000000000000000, 0.7401923788646699309, -0.1750000000000030143 ) ) ;
#1537 = CARTESIAN_POINT ( 'NONE',  ( -0.9822514503475630043, -0.1953781081920841489, -0.5379181791218431430 ) ) ;
#1538 = VERTEX_POINT ( 'NONE', #1103 ) ;
#1539 = ORIENTED_EDGE ( 'NONE', *, *, #3029, .T. ) ;
#1540 = CARTESIAN_POINT ( 'NONE',  ( 0.6680959862365821733, 0.4625160734162788723, -0.07184738414881254587 ) ) ;
#1541 = EDGE_CURVE ( 'NONE', #2878, #3663, #3496, .T. ) ;
#1542 = CARTESIAN_POINT ( 'NONE',  ( -0.7000894500998643410, -0.7140681153411013726, -0.9750231573646714889 ) ) ;
#1543 = CARTESIAN_POINT ( 'NONE',  ( 0.7401923751756316339, -5.427411722394398735E-05, -0.5249951116985532851 ) ) ;
#1544 = CARTESIAN_POINT ( 'NONE',  ( 0.01694650943700658913, -0.8026394567029851990, -0.06229168080707077337 ) ) ;
#1545 = PLANE ( 'NONE',  #2911 ) ;
#1546 = ORIENTED_EDGE ( 'NONE', *, *, #1652, .T. ) ;
#1547 = DIRECTION ( 'NONE',  ( 0.000000000000000000, 0.000000000000000000, -1.000000000000000000 ) ) ;
#1548 = CARTESIAN_POINT ( 'NONE',  ( 0.6611613449135158582, -0.3332718729844921790, -2.894994316580258520 ) ) ;
#1549 = DIRECTION ( 'NONE',  ( 0.000000000000000000, 0.000000000000000000, -1.000000000000000000 ) ) ;
#1550 = CARTESIAN_POINT ( 'NONE',  ( 0.4273502691896271521, 0.7401923788646699309, -2.191666666666660657 ) ) ;
#1551 = LINE ( 'NONE', #1318, #1970 ) ;
#1552 = CARTESIAN_POINT ( 'NONE',  ( -0.6854006620971618835, 0.2794846752681096613, -1.099925159967843236 ) ) ;
#1553 = CARTESIAN_POINT ( 'NONE',  ( 0.2568152198254822771, 0.9686726045743867530, -0.4090847710483924704 ) ) ;
#1554 = CARTESIAN_POINT ( 'NONE',  ( -0.7158335578760932627, 0.1910189837792536927, -0.7078832280560708456 ) ) ;
#1555 = VERTEX_POINT ( 'NONE', #3527 ) ;
#1556 = CARTESIAN_POINT ( 'NONE',  ( -0.7401923788646699309, -4.990984619036200170E-15, -0.6750000000000000444 ) ) ;
#1557 = CIRCLE ( 'NONE', #3782, 2.747226305060000762 ) ;
#1558 = CARTESIAN_POINT ( 'NONE',  ( 0.000000000000000000, 1.000014000354360055, -0.8249919168916409751 ) ) ;
#1559 = ORIENTED_EDGE ( 'NONE', *, *, #3579, .F. ) ;
#1560 = CARTESIAN_POINT ( 'NONE',  ( 0.2617993877991539042, -0.9999999999999991118, -2.241666666666666696 ) ) ;
#1561 = CYLINDRICAL_SURFACE ( 'NONE', #619, 1.000000000000000000 ) ;
#1562 = CARTESIAN_POINT ( 'NONE',  ( -0.7401923788646699309, -4.674908545990279514E-15, -0.2750000000000040190 ) ) ;
#1563 = CARTESIAN_POINT ( 'NONE',  ( 0.9488504076708291768, 0.3224465051510146951, -1.146345374050140364 ) ) ;
#1564 = CARTESIAN_POINT ( 'NONE',  ( 0.3790824947232956932, 0.6592813709697619151, -3.000000000000002665 ) ) ;
#1565 = CIRCLE ( 'NONE', #744, 2.000000000000000000 ) ;
#1566 = CARTESIAN_POINT ( 'NONE',  ( 0.7312182046200838004, -0.1183198872647172883, -0.9143861721312861457 ) ) ;
#1567 = EDGE_CURVE ( 'NONE', #3110, #2743, #3332, .T. ) ;
#1568 = CARTESIAN_POINT ( 'NONE',  ( 0.6518715078478827252, -0.6484092901150150245, -0.1792470867155637193 ) ) ;
#1569 = CARTESIAN_POINT ( 'NONE',  ( -1.224646799147350002E-16, -1.000000000000000000, -1.775000000000000133 ) ) ;
#1570 = ORIENTED_EDGE ( 'NONE', *, *, #2181, .F. ) ;
#1571 = CONICAL_SURFACE ( 'NONE', #1185, 3.915192378864670086, 0.7853981633974433940 ) ;
#1572 = CARTESIAN_POINT ( 'NONE',  ( 0.000000000000000000, 0.000000000000000000, -4.700000000000000178 ) ) ;
#1573 = EDGE_CURVE ( 'NONE', #1587, #60, #2318, .T. ) ;
#1574 = FACE_OUTER_BOUND ( 'NONE', #929, .T. ) ;
#1575 = CARTESIAN_POINT ( 'NONE',  ( 0.6776038734333377223, -0.6735427404633765880, -3.000027190332088978 ) ) ;
#1576 = CARTESIAN_POINT ( 'NONE',  ( 0.8547005383792529720, -1.570059417833509065E-16, -1.725000000000000977 ) ) ;
#1577 = CARTESIAN_POINT ( 'NONE',  ( -0.7150178140381264758, 0.1929262641865384653, -1.107686020597647758 ) ) ;
#1578 = DIRECTION ( 'NONE',  ( 1.000000000000000000, 0.000000000000000000, 0.000000000000000000 ) ) ;
#1579 = VECTOR ( 'NONE', #1525, 1000.000000000000114 ) ;
#1580 = ORIENTED_EDGE ( 'NONE', *, *, #1468, .T. ) ;
#1581 = LINE ( 'NONE', #427, #1781 ) ;
#1582 = VECTOR ( 'NONE', #1655, 1000.000000000000000 ) ;
#1583 = CARTESIAN_POINT ( 'NONE',  ( -0.5773583522979830462, -1.000014000354360499, -0.9916585835583077158 ) ) ;
#1584 = EDGE_CURVE ( 'NONE', #3214, #1713, #3731, .T. ) ;
#1585 = EDGE_LOOP ( 'NONE', ( #1218, #1517, #965, #2247, #246 ) ) ;
#1586 = LINE ( 'NONE', #2545, #3420 ) ;
#1587 = VERTEX_POINT ( 'NONE', #3292 ) ;
#1588 = CARTESIAN_POINT ( 'NONE',  ( -0.5773502691896256200, 1.000000000000000222, -0.8083333333333317938 ) ) ;
#1589 = CARTESIAN_POINT ( 'NONE',  ( 0.7395608497209544829, -0.03154826662082523686, -0.9221629586374363585 ) ) ;
#1590 = CARTESIAN_POINT ( 'NONE',  ( 0.6604195542700054267, -0.3863705466856158788, -2.491666666666666252 ) ) ;
#1591 = ORIENTED_EDGE ( 'NONE', *, *, #2682, .F. ) ;
#1592 = DIRECTION ( 'NONE',  ( 1.000000000000000000, 0.000000000000000000, 4.492915033556755064E-14 ) ) ;
#1593 = CARTESIAN_POINT ( 'NONE',  ( 0.7686536668727259602, -0.6410935079243741397, -0.2812429171313798326 ) ) ;
#1594 = CARTESIAN_POINT ( 'NONE',  ( -0.2617993877991582341, 0.9999999999999978906, -2.441666666666666874 ) ) ;
#1595 = CARTESIAN_POINT ( 'NONE',  ( -0.6410254037844400621, -0.3700961894323349655, -3.158333333333330106 ) ) ;
#1596 = CARTESIAN_POINT ( 'NONE',  ( -0.5062740760315626032, 0.5421582356572924866, -1.073334461743227441 ) ) ;
#1597 = CARTESIAN_POINT ( 'NONE',  ( 0.8547005383792529720, -1.570059417833509065E-16, -2.474999999999998757 ) ) ;
#1598 = CARTESIAN_POINT ( 'NONE',  ( 0.1889917645753967090, -0.7156814465578069662, -0.04080968386413977994 ) ) ;
#1599 = EDGE_LOOP ( 'NONE', ( #3037, #2204, #887, #1088 ) ) ;
#1600 = CARTESIAN_POINT ( 'NONE',  ( -0.2904693682895257423, 0.7018286645570803728, -1.449061349498200757 ) ) ;
#1601 = CARTESIAN_POINT ( 'NONE',  ( 0.9999999771342210630, -0.0001523715732738110127, -0.7249898418337032968 ) ) ;
#1602 = VERTEX_POINT ( 'NONE', #1502 ) ;
#1603 = AXIS2_PLACEMENT_3D ( 'NONE', #2631, #3857, #2235 ) ;
#1604 = CARTESIAN_POINT ( 'NONE',  ( 0.000000000000000000, -8.239936510889830543E-15, -1.922058823529410265 ) ) ;
#1605 = ORIENTED_EDGE ( 'NONE', *, *, #2962, .F. ) ;
#1606 = CARTESIAN_POINT ( 'NONE',  ( 0.6375958810038627744, 0.5068380975019837198, -0.07429112886283453787 ) ) ;
#1607 = CARTESIAN_POINT ( 'NONE',  ( 0.6949796457585374343, -0.2550112424464968108, -0.9021278692194367732 ) ) ;
#1608 = CARTESIAN_POINT ( 'NONE',  ( -0.2870652539315530216, 0.6822596996119240087, -3.000000000000059952 ) ) ;
#1609 = EDGE_LOOP ( 'NONE', ( #628, #812, #3056, #20 ) ) ;
#1610 = DIRECTION ( 'NONE',  ( 1.000000000000000000, 0.000000000000000000, 0.000000000000000000 ) ) ;
#1611 = EDGE_CURVE ( 'NONE', #2399, #3391, #1586, .T. ) ;
#1612 = CARTESIAN_POINT ( 'NONE',  ( 0.7385933733912846133, -0.05237226706440367002, -2.920295573256485699 ) ) ;
#1613 = CARTESIAN_POINT ( 'NONE',  ( 0.7849481611316071472, -0.5037596490892899403, -3.000022628746756848 ) ) ;
#1614 = CARTESIAN_POINT ( 'NONE',  ( -0.8660254037844390407, -0.5000000000000000000, -0.1083333333333329901 ) ) ;
#1615 = CARTESIAN_POINT ( 'NONE',  ( -0.2374823328671729628, 0.7028339147105919782, -1.045206543398830012 ) ) ;
#1616 = CARTESIAN_POINT ( 'NONE',  ( 0.8547005383792529720, -1.570059417833509065E-16, -2.875000000000003553 ) ) ;
#1617 = CARTESIAN_POINT ( 'NONE',  ( 0.7401924185216220975, -0.003382131401647551616, -0.1246953836042402758 ) ) ;
#1618 = CARTESIAN_POINT ( 'NONE',  ( 0.000000000000000000, 0.000000000000000000, -4.700000000000000178 ) ) ;
#1619 = EDGE_CURVE ( 'NONE', #756, #1849, #2518, .T. ) ;
#1620 = B_SPLINE_CURVE_WITH_KNOTS ( 'NONE', 3,
 ( #3395, #3101, #1264, #86, #3749, #2853, #732, #3434, #371, #2144, #3376, #643, #393, #1285, #1639, #3161, #2485 ),
 .UNSPECIFIED., .F., .F.,
 ( 4, 2, 2, 1, 1, 1, 2, 2, 2, 4 ),
 ( 0.7282434666980983629, 0.7961826000235736611, 0.8301521666863114213, 0.8471369500176801903, 0.8556293416833646859, 0.8598755375162068226, 0.8619986354326280020, 0.8641217333490491814, 0.9320608666745245907, 1.000000000000000000 ),
 .UNSPECIFIED. ) ;
#1621 = CARTESIAN_POINT ( 'NONE',  ( -1.154716704595970533, 7.070600581027142701E-17, -2.524991916891637711 ) ) ;
#1622 = EDGE_CURVE ( 'NONE', #2124, #544, #1119, .T. ) ;
#1623 = EDGE_LOOP ( 'NONE', ( #3929, #3815, #2721, #1397 ) ) ;
#1624 = AXIS2_PLACEMENT_3D ( 'NONE', #3440, #359, #718 ) ;
#1625 = DIRECTION ( 'NONE',  ( 0.000000000000000000, 0.000000000000000000, 1.000000000000000000 ) ) ;
#1626 = CARTESIAN_POINT ( 'NONE',  ( 0.9736878942953440808, -0.2278856829699919817, -0.2598076211353329557 ) ) ;
#1627 = CARTESIAN_POINT ( 'NONE',  ( 0.1596880776975767580, 0.8352388566147519455, -0.1037979437727742510 ) ) ;
#1628 = CARTESIAN_POINT ( 'NONE',  ( 0.2931716351637251305, -0.6796829335648566506, -0.8505919097379170957 ) ) ;
#1629 = CARTESIAN_POINT ( 'NONE',  ( -0.7401923788646690427, 4.779484580118589535E-15, -1.875000000000000000 ) ) ;
#1630 = VERTEX_POINT ( 'NONE', #2814 ) ;
#1631 = CARTESIAN_POINT ( 'NONE',  ( 0.8660254037844380415, -0.5000000000000000000, -2.241666666666660035 ) ) ;
#1632 = CARTESIAN_POINT ( 'NONE',  ( 0.7936772533809869357, -0.6095048091014549918, -0.2837502118408831153 ) ) ;
#1633 = CARTESIAN_POINT ( 'NONE',  ( 0.8331070324790340598, -0.3908247909000994724, -2.999931597220022450 ) ) ;
#1634 = CARTESIAN_POINT ( 'NONE',  ( -0.5773502691896256200, 1.000000000000000222, -0.008333333333333270768 ) ) ;
#1635 = CARTESIAN_POINT ( 'NONE',  ( 0.7401923788565921702, -3.458077436983249262E-06, -0.5249996885425338711 ) ) ;
#1636 = CARTESIAN_POINT ( 'NONE',  ( 0.7375049454369642099, 0.08296941923341820402, -1.332478596305264995 ) ) ;
#1637 = CARTESIAN_POINT ( 'NONE',  ( 0.8660375284469739032, 0.5000070001771780293, -1.958325250224970393 ) ) ;
#1638 = VERTEX_POINT ( 'NONE', #2163 ) ;
#1639 = CARTESIAN_POINT ( 'NONE',  ( 0.4653997720437362817, 0.5801102468001132495, -2.981710738385676240 ) ) ;
#1640 = AXIS2_PLACEMENT_3D ( 'NONE', #1522, #3358, #748 ) ;
#1641 = CARTESIAN_POINT ( 'NONE',  ( 0.5503043795245619041, 0.4962938300579035622, -0.1713805648624728561 ) ) ;
#1642 = CARTESIAN_POINT ( 'NONE',  ( -0.08182729612004853437, -0.9715523825183576268, -0.2348212791653216391 ) ) ;
#1643 = CARTESIAN_POINT ( 'NONE',  ( -0.9274606252809880491, 0.3739380096747149662, -1.300157569187683215 ) ) ;
#1644 = CARTESIAN_POINT ( 'NONE',  ( 0.2371914917891110308, -0.7029387863041220985, -0.8451795101324154347 ) ) ;
#1645 = DIRECTION ( 'NONE',  ( 1.000000000000000000, 0.000000000000000000, 0.000000000000000000 ) ) ;
#1646 = ORIENTED_EDGE ( 'NONE', *, *, #2339, .T. ) ;
#1647 = CARTESIAN_POINT ( 'NONE',  ( -0.7401923788646699309, -4.990984619036200170E-15, -0.6750000000000000444 ) ) ;
#1648 = CARTESIAN_POINT ( 'NONE',  ( -1.000000000000000000, 6.586779025730069757E-16, -2.875000000000000000 ) ) ;
#1649 = CARTESIAN_POINT ( 'NONE',  ( -0.5773502691896256200, 1.000000000000000222, -1.608333333333330728 ) ) ;
#1650 = CARTESIAN_POINT ( 'NONE',  ( 0.7401923788139170846, 8.667967984544521661E-06, -0.1250007806943874977 ) ) ;
#1651 = DIRECTION ( 'NONE',  ( 1.000000000000000000, 0.000000000000000000, -3.469446951953614189E-15 ) ) ;
#1652 = EDGE_CURVE ( 'NONE', #1013, #388, #1699, .T. ) ;
#1653 = CARTESIAN_POINT ( 'NONE',  ( -0.5773583522979830462, -1.000014000354360499, -1.791658583558308981 ) ) ;
#1654 = AXIS2_PLACEMENT_3D ( 'NONE', #2477, #3704, #1578 ) ;
#1655 = DIRECTION ( 'NONE',  ( 0.000000000000000000, 0.000000000000000000, 1.000000000000000000 ) ) ;
#1656 = ORIENTED_EDGE ( 'NONE', *, *, #592, .F. ) ;
#1657 = ADVANCED_FACE ( 'NONE', ( #1870 ), #1930, .T. ) ;
#1658 = CARTESIAN_POINT ( 'NONE',  ( -0.6410254037844400621, 0.3700961894323349655, -0.2916666666666680174 ) ) ;
#1659 = CARTESIAN_POINT ( 'NONE',  ( 0.7401923788646699309, 0.000000000000000000, 0.000000000000000000 ) ) ;
#1660 = CARTESIAN_POINT ( 'NONE',  ( -0.7688747114526055526, -0.5414219527554438027, -0.1988269716737593173 ) ) ;
#1661 = CARTESIAN_POINT ( 'NONE',  ( -0.4906750346837950860, 0.8718100816606836334, -1.257560222721988197 ) ) ;
#1662 = CONICAL_SURFACE ( 'NONE', #2409, 3.915192378864670086, 0.7853981633974433940 ) ;
#1663 = CARTESIAN_POINT ( 'NONE',  ( 1.700028246974379865E-15, -0.1557693391224110047, -1.908430772231270112 ) ) ;
#1664 = CARTESIAN_POINT ( 'NONE',  ( -0.6604195542700072030, -0.3863705466856128812, -2.358333333333333393 ) ) ;
#1665 = ORIENTED_EDGE ( 'NONE', *, *, #1423, .T. ) ;
#1666 = CARTESIAN_POINT ( 'NONE',  ( -9.064742275298830802E-17, -0.7401923788646699309, -2.375000000000000000 ) ) ;
#1667 = EDGE_CURVE ( 'NONE', #3394, #1760, #1620, .T. ) ;
#1668 = CARTESIAN_POINT ( 'NONE',  ( 0.3046986221720299759, -1.169094900404429982, -3.610700266901109678 ) ) ;
#1669 = CARTESIAN_POINT ( 'NONE',  ( 0.8660254037844390407, 0.5000000000000000000, -0.3083333333333330151 ) ) ;
#1670 = CARTESIAN_POINT ( 'NONE',  ( -0.6410254037844400621, -0.3700961894323349655, -2.308333333333330017 ) ) ;
#1671 = CARTESIAN_POINT ( 'NONE',  ( -0.7401923788646699309, -9.064742275298830802E-17, 0.000000000000000000 ) ) ;
#1672 = FACE_OUTER_BOUND ( 'NONE', #2665, .T. ) ;
#1673 =( BOUNDED_CURVE ( )  B_SPLINE_CURVE ( 2, ( #1074, #1127, #3820, #2326, #2574, #2270, #2885, #529, #3188 ),
 .UNSPECIFIED., .F., .T. ) 
 B_SPLINE_CURVE_WITH_KNOTS ( ( 3, 2, 2, 2, 3 ),
 ( 0.4999998395545952046, 0.5833333333333311499, 0.7500000000000000000, 0.9166666666666599683, 1.000000000000000000 ),
 .UNSPECIFIED. ) 
 CURVE ( )  GEOMETRIC_REPRESENTATION_ITEM ( )  RATIONAL_B_SPLINE_CURVE ( ( 0.9330127018924676552, 0.9330125729185725358, 1.000000000000000000, 0.8660254037844389297, 1.000000000000000000, 0.8660254037844389297, 1.000000000000000000, 0.9330127018922154125, 0.9330127018922194093 ) ) 
 REPRESENTATION_ITEM ( '' )  );
#1674 = CARTESIAN_POINT ( 'NONE',  ( -0.8615263205627712306, -0.2795061340582131182, -3.000000082373853516 ) ) ;
#1675 = CARTESIAN_POINT ( 'NONE',  ( 0.5773583522979830462, 1.000014000354360499, -3.191658583558303786 ) ) ;
#1676 = CARTESIAN_POINT ( 'NONE',  ( -0.2784773255680954018, -0.9613702477393937240, -1.007589898371110460 ) ) ;
#1677 = EDGE_LOOP ( 'NONE', ( #2301, #1894, #769, #3260 ) ) ;
#1678 = FACE_OUTER_BOUND ( 'NONE', #1677, .T. ) ;
#1679 = FACE_OUTER_BOUND ( 'NONE', #573, .T. ) ;
#1680 = CARTESIAN_POINT ( 'NONE',  ( -0.8660254037844390407, -0.5000000000000000000, -0.9083333333333309945 ) ) ;
#1681 = CARTESIAN_POINT ( 'NONE',  ( -0.8965793803220800662, -0.4435842561450200616, -2.954343707325008062 ) ) ;
#1682 = DIRECTION ( 'NONE',  ( 7.705735527519069208E-15, -1.000000000000000000, 0.000000000000000000 ) ) ;
#1683 = AXIS2_PLACEMENT_3D ( 'NONE', #1430, #3535, #1392 ) ;
#1684 = ORIENTED_EDGE ( 'NONE', *, *, #184, .F. ) ;
#1685 =( NAMED_UNIT ( * ) SI_UNIT ( $, .STERADIAN. ) SOLID_ANGLE_UNIT ( ) );
#1686 = CARTESIAN_POINT ( 'NONE',  ( -0.5267239766394061773, -0.5219856967862914754, -0.3739370937031131215 ) ) ;
#1687 = CARTESIAN_POINT ( 'NONE',  ( 0.5773502691896256200, -1.000000000000000222, -2.208333333333332593 ) ) ;
#1688 = EDGE_CURVE ( 'NONE', #1555, #251, #3711, .T. ) ;
#1689 = DIRECTION ( 'NONE',  ( 0.2588190451025215166, 0.000000000000000000, -0.9659258262890680902 ) ) ;
#1690 = CARTESIAN_POINT ( 'NONE',  ( -1.000000000000000000, -2.693991570745850171E-16, -0.8750000000000000000 ) ) ;
#1691 = CARTESIAN_POINT ( 'NONE',  ( -0.8484559353699455686, 0.1100548579407806121, -2.999970939945213022 ) ) ;
#1692 = CARTESIAN_POINT ( 'NONE',  ( 1.154716704595970533, -2.121180174308142071E-16, -1.524991916891642374 ) ) ;
#1693 = CARTESIAN_POINT ( 'NONE',  ( 0.4521602215526614454, -0.8920506908762004805, -1.054684267926777386 ) ) ;
#1694 = CIRCLE ( 'NONE', #2190, 1.000000000000000000 ) ;
#1695 = ORIENTED_EDGE ( 'NONE', *, *, #1567, .F. ) ;
#1696 = CARTESIAN_POINT ( 'NONE',  ( -9.064742275298830802E-17, -0.7401923788646699309, -0.4249999999999999889 ) ) ;
#1697 = CARTESIAN_POINT ( 'NONE',  ( 0.4319060387839016579, 0.6038045234803741668, -0.1854410585317489424 ) ) ;
#1698 = CARTESIAN_POINT ( 'NONE',  ( -0.1917211291842994825, -0.9512048716425682837, -0.2302310960415450414 ) ) ;
#1699 = CIRCLE ( 'NONE', #3926, 2.000000000000000000 ) ;
#1700 = CARTESIAN_POINT ( 'NONE',  ( -1.169094900404449966, 0.3046986221720389687, -3.610700266901109678 ) ) ;
#1701 = CARTESIAN_POINT ( 'NONE',  ( 0.6660537115182856294, 0.4525182067120238627, -3.000058215176904408 ) ) ;
#1702 = ORIENTED_EDGE ( 'NONE', *, *, #1362, .F. ) ;
#1703 =( BOUNDED_CURVE ( )  B_SPLINE_CURVE ( 2, ( #385, #963, #2476, #3117, #2807, #403, #2496, #1000, #2156 ),
 .UNSPECIFIED., .F., .F. ) 
 B_SPLINE_CURVE_WITH_KNOTS ( ( 3, 2, 2, 2, 3 ),
 ( 0.5000000000000000000, 0.5833333333336063742, 0.7500000000001600942, 0.9166666666667229180, 1.000000000000000000 ),
 .UNSPECIFIED. ) 
 CURVE ( )  GEOMETRIC_REPRESENTATION_ITEM ( )  RATIONAL_B_SPLINE_CURVE ( ( 0.9330127018922196314, 0.9330127018919582849, 1.000000000000000000, 0.8660254037844389297, 1.000000000000000000, 0.8660254037844389297, 1.000000000000000000, 0.9330127018922194093, 0.9330127018922194093 ) ) 
 REPRESENTATION_ITEM ( '' )  );
#1704 = CARTESIAN_POINT ( 'NONE',  ( 0.7154638335924078385, -0.2923444287804075614, -0.03154615596878511397 ) ) ;
#1705 = CARTESIAN_POINT ( 'NONE',  ( 0.5773502691896256200, 1.000000000000000222, -2.341666666666659236 ) ) ;
#1706 = CARTESIAN_POINT ( 'NONE',  ( 0.000000000000000000, 0.7401923788646699309, -3.775000000000000355 ) ) ;
#1707 = CARTESIAN_POINT ( 'NONE',  ( 0.000000000000000000, 0.000000000000000000, -3.254999999999999893 ) ) ;
#1708 = CARTESIAN_POINT ( 'NONE',  ( 0.000000000000000000, 0.000000000000000000, 0.000000000000000000 ) ) ;
#1709 = CARTESIAN_POINT ( 'NONE',  ( 0.3669424536064270215, 1.349766751978790147, -4.322150515720509567 ) ) ;
#1710 = CARTESIAN_POINT ( 'NONE',  ( -0.8683781528954533924, -0.2397448796677138505, -3.000006888512253944 ) ) ;
#1711 = CARTESIAN_POINT ( 'NONE',  ( 0.000000000000000000, -1.359066115318970033E-14, -3.000000000000000000 ) ) ;
#1712 = ADVANCED_FACE ( 'NONE', ( #352, #2505 ), #3126, .T. ) ;
#1713 = VERTEX_POINT ( 'NONE', #708 ) ;
#1714 = CARTESIAN_POINT ( 'NONE',  ( 0.6410254037844400621, 0.3700961894323349655, -0.1583333333333349913 ) ) ;
#1715 = CARTESIAN_POINT ( 'NONE',  ( -0.6650747957589356885, 0.3284985898078489619, -0.2957592587191547051 ) ) ;
#1716 = CARTESIAN_POINT ( 'NONE',  ( -0.9252006118533325774, 0.3794951774482682172, -1.299792107964897081 ) ) ;
#1717 = CARTESIAN_POINT ( 'NONE',  ( -0.5773502691896256200, -1.000000000000000222, -0.5416666666666654084 ) ) ;
#1718 = CARTESIAN_POINT ( 'NONE',  ( 0.7706358552611395352, 0.3027385365001212802, -3.000046703023146133 ) ) ;
#1719 = EDGE_LOOP ( 'NONE', ( #2735, #3797, #1684, #3414 ) ) ;
#1720 = CARTESIAN_POINT ( 'NONE',  ( -0.4273502691896271521, -0.7401923788646698199, -2.341666666666659236 ) ) ;
#1721 = DIRECTION ( 'NONE',  ( 0.000000000000000000, 0.000000000000000000, -1.000000000000000000 ) ) ;
#1722 = CARTESIAN_POINT ( 'NONE',  ( -1.154700538379251240, 7.070501591499382719E-17, -2.074999999999998845 ) ) ;
#1723 = CARTESIAN_POINT ( 'NONE',  ( 0.000000000000000000, 0.8511379332023930600, -0.1109455543377250025 ) ) ;
#1724 = DIRECTION ( 'NONE',  ( 0.9203638919632251003, 0.3812272063696524604, -0.08715574274765588991 ) ) ;
#1725 = CARTESIAN_POINT ( 'NONE',  ( 0.2735788812050390373, 1.078660417681890138, -3.254999999999999893 ) ) ;
#1726 = CARTESIAN_POINT ( 'NONE',  ( -0.8252290724622485252, -0.4103040801502425006, -3.000183464181500170 ) ) ;
#1727 = CARTESIAN_POINT ( 'NONE',  ( -0.5773583522979830462, -1.000014000354360499, -3.391658583558300855 ) ) ;
#1728 = CARTESIAN_POINT ( 'NONE',  ( 0.03200967238644476104, -0.9996155752792467153, -1.026863405533393614 ) ) ;
#1729 = EDGE_LOOP ( 'NONE', ( #3277, #1135, #2551, #3842 ) ) ;
#1730 = ADVANCED_FACE ( 'NONE', ( #1912 ), #3144, .T. ) ;
#1731 = CARTESIAN_POINT ( 'NONE',  ( 0.3885489136734399662, -0.7477222373096980013, -4.569113484364089928 ) ) ;
#1732 = CARTESIAN_POINT ( 'NONE',  ( 0.5997722555549036549, -0.4348322991832465623, -0.03553371417487751621 ) ) ;
#1733 = CARTESIAN_POINT ( 'NONE',  ( 0.7401923788646699309, 0.000000000000000000, 0.000000000000000000 ) ) ;
#1734 = VERTEX_POINT ( 'NONE', #105 ) ;
#1735 = CARTESIAN_POINT ( 'NONE',  ( -1.000000000000000000, -2.653787043783149998E-17, -0.4749999999999999778 ) ) ;
#1736 = CARTESIAN_POINT ( 'NONE',  ( 0.7794399424368553264, -0.08047231271779205219, -0.04321236142185908014 ) ) ;
#1737 = CARTESIAN_POINT ( 'NONE',  ( 0.5773502691896256200, 1.000000000000000222, -2.741666666666659591 ) ) ;
#1738 = AXIS2_PLACEMENT_3D ( 'NONE', #897, #28, #648 ) ;
#1739 = PRODUCT_DEFINITION_CONTEXT ( 'detailed design', #2702, 'design' ) ;
#1740 = EDGE_LOOP ( 'NONE', ( #3166, #1279, #453, #3613 ) ) ;
#1741 = DIRECTION ( 'NONE',  ( -1.000000000000000000, -4.819108580950805755E-31, 3.100476515632572256E-15 ) ) ;
#1742 = DIRECTION ( 'NONE',  ( 1.000000000000000000, 0.000000000000000000, 0.000000000000000000 ) ) ;
#1743 = CARTESIAN_POINT ( 'NONE',  ( -1.000000000000000000, -1.224646799147350002E-16, 0.000000000000000000 ) ) ;
#1744 = CARTESIAN_POINT ( 'NONE',  ( -0.8648554998535588068, 0.03500112743843978441, -2.999990098134331262 ) ) ;
#1745 = CARTESIAN_POINT ( 'NONE',  ( 0.8547005383792529720, -1.570059417833509065E-16, -1.674999999999998490 ) ) ;
#1746 = CARTESIAN_POINT ( 'NONE',  ( 0.9878674226559027716, -0.1599053727831301341, -1.114382425641242014 ) ) ;
#1747 = VECTOR ( 'NONE', #936, 1000.000000000000000 ) ;
#1748 = VERTEX_POINT ( 'NONE', #1322 ) ;
#1749 = CARTESIAN_POINT ( 'NONE',  ( 0.6410254037844400621, -0.3700961894323349655, -1.291666666666670071 ) ) ;
#1750 = LINE ( 'NONE', #864, #1385 ) ;
#1751 = FACE_OUTER_BOUND ( 'NONE', #1303, .T. ) ;
#1752 = ORIENTED_EDGE ( 'NONE', *, *, #355, .T. ) ;
#1753 = ADVANCED_FACE ( 'NONE', ( #2526 ), #1027, .T. ) ;
#1754 = ORIENTED_EDGE ( 'NONE', *, *, #1280, .T. ) ;
#1755 = AXIS2_PLACEMENT_3D ( 'NONE', #1137, #556, #2335 ) ;
#1756 = DIRECTION ( 'NONE',  ( 0.3826834323650740721, 0.9238795325112931778, 0.000000000000000000 ) ) ;
#1757 = CARTESIAN_POINT ( 'NONE',  ( 0.6949310224255277335, -0.3306542409119015979, -0.02938867184549586245 ) ) ;
#1758 = CARTESIAN_POINT ( 'NONE',  ( 0.5773502691896256200, 1.000000000000000222, -3.141666666666658170 ) ) ;
#1759 = CIRCLE ( 'NONE', #1889, 0.7401923788646699309 ) ;
#1760 = VERTEX_POINT ( 'NONE', #2581 ) ;
#1761 = CARTESIAN_POINT ( 'NONE',  ( -0.3924047187276930582, 0.9481382782314904389, -0.8490583010884144022 ) ) ;
#1762 = CARTESIAN_POINT ( 'NONE',  ( -1.259450488053259987, -0.3358201048381790343, -3.966420441514869832 ) ) ;
#1763 = CARTESIAN_POINT ( 'NONE',  ( 0.7401923787691839784, 1.188931730761724649E-05, -1.725001070832277827 ) ) ;
#1764 = CARTESIAN_POINT ( 'NONE',  ( 0.3431695615724950632, 0.6560785897752703377, -0.9944339461680855585 ) ) ;
#1765 = CARTESIAN_POINT ( 'NONE',  ( 0.000000000000000000, 0.7401923788646699309, -0.1750000000000030143 ) ) ;
#1766 = CARTESIAN_POINT ( 'NONE',  ( -0.9004916359197743247, 0.4354120294344674402, -0.4962846576213919558 ) ) ;
#1767 = DIRECTION ( 'NONE',  ( -1.000000000000000000, 0.000000000000000000, 0.000000000000000000 ) ) ;
#1768 = ORIENTED_EDGE ( 'NONE', *, *, #2453, .T. ) ;
#1769 = EDGE_CURVE ( 'NONE', #3635, #1748, #3195, .T. ) ;
#1770 = CARTESIAN_POINT ( 'NONE',  ( 0.000000000000000000, 0.7401923788646699309, -2.625000000000000000 ) ) ;
#1771 = CARTESIAN_POINT ( 'NONE',  ( 0.2735788812050399810, 4.263647660017989871E-17, -3.254999999999999893 ) ) ;
#1772 = CARTESIAN_POINT ( 'NONE',  ( 0.6987005694008678880, -0.2470025127801322440, -0.05303403091011874709 ) ) ;
#1773 = EDGE_CURVE ( 'NONE', #2840, #419, #3810, .T. ) ;
#1774 = ORIENTED_EDGE ( 'NONE', *, *, #833, .T. ) ;
#1775 = LINE ( 'NONE', #233, #3593 ) ;
#1776 = CARTESIAN_POINT ( 'NONE',  ( 1.000000000000001554, -0.2617993877991429130, -2.708333333333333481 ) ) ;
#1777 = CARTESIAN_POINT ( 'NONE',  ( 0.8429200754841332799, -0.4605160031078106564, -0.2201836357999218119 ) ) ;
#1778 = ORIENTED_EDGE ( 'NONE', *, *, #767, .T. ) ;
#1779 = CARTESIAN_POINT ( 'NONE',  ( -0.9991005644771977501, 0.03234030353566100940, -0.9228495604713843337 ) ) ;
#1780 = ADVANCED_FACE ( 'NONE', ( #1678 ), #1398, .T. ) ;
#1781 = VECTOR ( 'NONE', #1005, 1000.000000000000000 ) ;
#1782 = LINE ( 'NONE', #1511, #1874 ) ;
#1783 = CARTESIAN_POINT ( 'NONE',  ( -0.2735788812050340413, -0.7248532759736899811, -3.254999999999999893 ) ) ;
#1784 = CARTESIAN_POINT ( 'NONE',  ( 0.2837684046886816969, 0.6836414805276004314, -1.000319107694226828 ) ) ;
#1785 = CARTESIAN_POINT ( 'NONE',  ( -0.4273502691896260419, 0.7401923788646699309, -0.6083333333333360571 ) ) ;
#1786 = CARTESIAN_POINT ( 'NONE',  ( 0.6091544013915733968, 0.7937260534504577691, -0.3830590900132012644 ) ) ;
#1787 = CARTESIAN_POINT ( 'NONE',  ( -0.7401923788646699309, -8.138291018150500576E-18, -1.525000000000000133 ) ) ;
#1788 = ORIENTED_EDGE ( 'NONE', *, *, #57, .T. ) ;
#1789 = CARTESIAN_POINT ( 'NONE',  ( -0.4273502691896271521, -0.7401923788646699309, -3.191666666666661989 ) ) ;
#1790 = CARTESIAN_POINT ( 'NONE',  ( 0.7395813858646861361, 0.03100696868040356963, -0.07779136541138459426 ) ) ;
#1791 = CARTESIAN_POINT ( 'NONE',  ( 0.000000000000000000, 0.000000000000000000, 0.000000000000000000 ) ) ;
#1792 = ORIENTED_EDGE ( 'NONE', *, *, #1688, .T. ) ;
#1793 = CARTESIAN_POINT ( 'NONE',  ( -0.5773502691896256200, 1.000000000000000222, -0.4083333333333323267 ) ) ;
#1794 = LINE ( 'NONE', #1814, #3921 ) ;
#1795 = B_SPLINE_CURVE_WITH_KNOTS ( 'NONE', 3,
 ( #3178, #2916, #2599, #1081, #467, #125, #1101, #2893, #2780, #789 ),
 .UNSPECIFIED., .F., .F.,
 ( 4, 2, 2, 2, 4 ),
 ( 0.5000000000000000000, 0.6250000000000000000, 0.7500000000000000000, 0.8750000000000000000, 1.000000000000000000 ),
 .UNSPECIFIED. ) ;
#1796 = DIRECTION ( 'NONE',  ( -0.9203638919632285420, 0.3812272063696440783, 0.08715574274765663931 ) ) ;
#1797 = CARTESIAN_POINT ( 'NONE',  ( 0.6410254037844400621, -0.3700961894323349655, -0.04166666666667030727 ) ) ;
#1798 = EDGE_LOOP ( 'NONE', ( #10, #682, #1158, #1768 ) ) ;
#1799 = CARTESIAN_POINT ( 'NONE',  ( 2.000000000000000000, 2.449293598294700991E-16, -3.306000000000000050 ) ) ;
#1800 = CARTESIAN_POINT ( 'NONE',  ( 0.08103400686500945860, -0.7369798290126972073, -2.831666000444065912 ) ) ;
#1801 = CYLINDRICAL_SURFACE ( 'NONE', #2069, 1.000000000000000000 ) ;
#1802 = CARTESIAN_POINT ( 'NONE',  ( 0.000000000000000000, 0.000000000000000000, 0.000000000000000000 ) ) ;
#1803 = CARTESIAN_POINT ( 'NONE',  ( -0.04765581483293412218, 0.7387513682426006811, -1.028796001430757334 ) ) ;
#1804 = CARTESIAN_POINT ( 'NONE',  ( 0.06416729560768175133, 0.9980674807845981711, -0.4212142128878902936 ) ) ;
#1805 = EDGE_CURVE ( 'NONE', #3077, #1259, #146, .T. ) ;
#1806 = VERTEX_POINT ( 'NONE', #3491 ) ;
#1807 = CARTESIAN_POINT ( 'NONE',  ( 0.5773502691896256200, -1.000000000000000222, -1.408333333333330328 ) ) ;
#1808 = CARTESIAN_POINT ( 'NONE',  ( 0.7401923788646698199, 2.536815002063137769E-14, -2.075000000000002842 ) ) ;
#1809 = CARTESIAN_POINT ( 'NONE',  ( -1.000000000000000000, 9.947805760435139419E-16, -0.5250000000000000222 ) ) ;
#1810 = ORIENTED_EDGE ( 'NONE', *, *, #3190, .T. ) ;
#1811 = VERTEX_POINT ( 'NONE', #1731 ) ;
#1812 = CARTESIAN_POINT ( 'NONE',  ( -1.000000000000000888, 0.2679491924311212525, -1.657136720504587490 ) ) ;
#1813 = CARTESIAN_POINT ( 'NONE',  ( 0.8660254037844390407, 0.5000000000000000000, -0.7083333333333319271 ) ) ;
#1814 = CARTESIAN_POINT ( 'NONE',  ( 0.7401923788646699309, 0.000000000000000000, 0.000000000000000000 ) ) ;
#1815 = CARTESIAN_POINT ( 'NONE',  ( 0.6547119427322241059, -0.6463571095846494252, -0.1798199041313882918 ) ) ;
#1816 = CARTESIAN_POINT ( 'NONE',  ( 1.154700538379251240, 7.070501591499382719E-17, 0.07499999999999985845 ) ) ;
#1817 = ORIENTED_EDGE ( 'NONE', *, *, #3033, .T. ) ;
#1818 = DIRECTION ( 'NONE',  ( 0.3812272063696409696, 0.9203638919632300963, -0.08715574274765239271 ) ) ;
#1819 = VECTOR ( 'NONE', #2892, 1000.000000000000114 ) ;
#1820 = CARTESIAN_POINT ( 'NONE',  ( 2.000000000000000000, 2.449293598294916942E-16, -3.722296913319440570 ) ) ;
#1821 = DIRECTION ( 'NONE',  ( 1.000000000000000000, 0.000000000000000000, 0.000000000000000000 ) ) ;
#1822 = CIRCLE ( 'NONE', #2385, 2.000000000000000000 ) ;
#1823 = CARTESIAN_POINT ( 'NONE',  ( 0.7401923788646533886, 0.1983339501604885480, -2.092863279495408957 ) ) ;
#1824 = CARTESIAN_POINT ( 'NONE',  ( 0.1038892234082183924, 0.7344612136326562624, -1.016459570705016136 ) ) ;
#1825 = CARTESIAN_POINT ( 'NONE',  ( -0.8753644481438002112, -0.3099895064660912469, -0.1884597922377843349 ) ) ;
#1826 = CARTESIAN_POINT ( 'NONE',  ( -0.3046986221720229815, -1.169094900404439974, -3.610700266901109678 ) ) ;
#1827 = ORIENTED_EDGE ( 'NONE', *, *, #65, .F. ) ;
#1828 = DIRECTION ( 'NONE',  ( 0.3826834323650811776, -0.9238795325112904022, 9.708473376954256111E-15 ) ) ;
#1829 = CARTESIAN_POINT ( 'NONE',  ( -0.5872756373692873400, -0.8179203609511356277, -0.5853361967627261908 ) ) ;
#1830 = ADVANCED_FACE ( 'NONE', ( #3217 ), #200, .T. ) ;
#1831 = VERTEX_POINT ( 'NONE', #215 ) ;
#1832 = CARTESIAN_POINT ( 'NONE',  ( -0.7401923788646722624, 0.1983339501604557964, -0.6571367205045942628 ) ) ;
#1833 = EDGE_CURVE ( 'NONE', #2063, #1538, #2591, .T. ) ;
#1834 = EDGE_LOOP ( 'NONE', ( #275, #465, #3100, #2659 ) ) ;
#1835 = CARTESIAN_POINT ( 'NONE',  ( 0.6157210926138185769, 0.5363880830024746471, -0.07606834321199455740 ) ) ;
#1836 = CARTESIAN_POINT ( 'NONE',  ( -1.000000000000000666, -0.2619013071337989440, -0.9424600871422497139 ) ) ;
#1837 = CARTESIAN_POINT ( 'NONE',  ( 0.4273502691896271521, 0.7401923788646698199, -0.9416666666666682062 ) ) ;
#1838 = CARTESIAN_POINT ( 'NONE',  ( 0.7772418553439890410, -0.5383813902394223305, -0.2053441570726967091 ) ) ;
#1839 = CARTESIAN_POINT ( 'NONE',  ( 0.5773502691896256200, -1.000000000000000222, 0.1416666666666660801 ) ) ;
#1840 = VERTEX_POINT ( 'NONE', #2029 ) ;
#1841 = CARTESIAN_POINT ( 'NONE',  ( 0.3279446661752979386, 0.9605749300892958420, -0.8048578478284922344 ) ) ;
#1842 = CARTESIAN_POINT ( 'NONE',  ( 0.6408357339988736134, -0.3704764052927855822, -2.891579384366286476 ) ) ;
#1843 = CARTESIAN_POINT ( 'NONE',  ( 0.4057540912569180258, -0.4057540912569109759, -3.254999999999999893 ) ) ;
#1844 = CARTESIAN_POINT ( 'NONE',  ( -0.8397721472186330249, -0.4067098422835169202, -0.1929246394955217714 ) ) ;
#1845 = AXIS2_PLACEMENT_3D ( 'NONE', #726, #3684, #3448 ) ;
#1846 = CARTESIAN_POINT ( 'NONE',  ( -0.5800304274889882539, -0.4623355517879164656, -1.567799365876000550 ) ) ;
#1847 = ORIENTED_EDGE ( 'NONE', *, *, #3269, .F. ) ;
#1848 = CARTESIAN_POINT ( 'NONE',  ( 0.8660375284469739032, 0.5000070001771780293, -0.7583252502249749893 ) ) ;
#1849 = VERTEX_POINT ( 'NONE', #527 ) ;
#1850 = DIRECTION ( 'NONE',  ( 0.000000000000000000, 0.000000000000000000, 1.000000000000000000 ) ) ;
#1851 = CARTESIAN_POINT ( 'NONE',  ( 0.9999999999853641519, 5.410279810787185758E-06, -0.2750006004528414705 ) ) ;
#1852 = CARTESIAN_POINT ( 'NONE',  ( 0.7443204674179584313, 0.3047399101662018328, -0.06356875095460078062 ) ) ;
#1853 = DIRECTION ( 'NONE',  ( 0.000000000000000000, 0.000000000000000000, 1.000000000000000000 ) ) ;
#1854 = CYLINDRICAL_SURFACE ( 'NONE', #418, 1.000000000000000000 ) ;
#1855 = CYLINDRICAL_SURFACE ( 'NONE', #2578, 0.7401923788646699309 ) ;
#1856 = EDGE_LOOP ( 'NONE', ( #2790, #2131, #2982, #776 ) ) ;
#1857 = PRODUCT_DEFINITION_FORMATION_WITH_SPECIFIED_SOURCE ( 'Symmetric', '', #2287, .NOT_KNOWN. ) ;
#1858 = CARTESIAN_POINT ( 'NONE',  ( 0.9999999999999995559, 1.298790833949613044E-14, -1.925000000000000711 ) ) ;
#1859 = DIRECTION ( 'NONE',  ( 6.956390396483605327E-15, -0.9961946980917461003, 0.08715574274765189311 ) ) ;
#1860 = DIRECTION ( 'NONE',  ( -0.3812272063696410807, -0.9203638919632300963, 0.08715574274765239271 ) ) ;
#1861 = CARTESIAN_POINT ( 'NONE',  ( 0.6410254037844400621, -0.3700961894323349655, -3.291666666666659857 ) ) ;
#1862 = LINE ( 'NONE', #1245, #3485 ) ;
#1863 = CARTESIAN_POINT ( 'NONE',  ( -0.9493233117728568926, 0.3210573302354443048, -0.5035575073762538212 ) ) ;
#1864 = EDGE_CURVE ( 'NONE', #914, #193, #2909, .T. ) ;
#1865 = ORIENTED_EDGE ( 'NONE', *, *, #2503, .T. ) ;
#1866 = AXIS2_PLACEMENT_3D ( 'NONE', #3167, #3422, #1610 ) ;
#1867 = CARTESIAN_POINT ( 'NONE',  ( -0.4273502691896271521, -0.7401923788646698199, -0.7416666666666693608 ) ) ;
#1868 = CARTESIAN_POINT ( 'NONE',  ( -0.8660375284469739032, -0.5000070001771780293, -0.5583252502249750338 ) ) ;
#1869 = ORIENTED_EDGE ( 'NONE', *, *, #1129, .F. ) ;
#1870 = FACE_OUTER_BOUND ( 'NONE', #3038, .T. ) ;
#1871 = EDGE_LOOP ( 'NONE', ( #707, #1580, #1570, #2998 ) ) ;
#1872 = CARTESIAN_POINT ( 'NONE',  ( 0.7046606809080743217, 0.7095456212727938583, -1.174626594956298398 ) ) ;
#1873 = CARTESIAN_POINT ( 'NONE',  ( 0.5611796265225896807, 0.5498782772016622689, -3.000000013547392097 ) ) ;
#1874 = VECTOR ( 'NONE', #3919, 1000.000000000000000 ) ;
#1875 = CARTESIAN_POINT ( 'NONE',  ( -0.3285861726490350576, -0.6633740065228143079, -0.7958982725461408725 ) ) ;
#1876 = CARTESIAN_POINT ( 'NONE',  ( -0.4273502691896260419, 0.7401923788646698199, -1.808333333333332904 ) ) ;
#1877 = VERTEX_POINT ( 'NONE', #1125 ) ;
#1878 = AXIS2_PLACEMENT_3D ( 'NONE', #2128, #277, #295 ) ;
#1879 = CARTESIAN_POINT ( 'NONE',  ( -1.000000000000000000, -1.180128981962409728E-15, -2.075000000000000178 ) ) ;
#1880 = FACE_OUTER_BOUND ( 'NONE', #1871, .T. ) ;
#1881 = CARTESIAN_POINT ( 'NONE',  ( 0.9999999999999995559, 1.727930573927403844E-14, -2.324999999999998845 ) ) ;
#1882 = CARTESIAN_POINT ( 'NONE',  ( 0.6410254037844400621, 0.3700961894323349655, -2.958333333333330373 ) ) ;
#1883 = CARTESIAN_POINT ( 'NONE',  ( -0.6846454364910329327, 0.2813296600164152950, -1.099761381010177397 ) ) ;
#1884 = CARTESIAN_POINT ( 'NONE',  ( 0.1751734183325664995, -0.7191674622392858485, -0.03961262511841424222 ) ) ;
#1885 = VECTOR ( 'NONE', #808, 1000.000000000000114 ) ;
#1886 = ADVANCED_FACE ( 'NONE', ( #2663 ), #223, .F. ) ;
#1887 = VERTEX_POINT ( 'NONE', #235 ) ;
#1888 = CARTESIAN_POINT ( 'NONE',  ( -2.449293598294706414E-16, -2.000000000000012434, -3.306000000000006267 ) ) ;
#1889 = AXIS2_PLACEMENT_3D ( 'NONE', #3843, #2020, #3581 ) ;
#1890 = CARTESIAN_POINT ( 'NONE',  ( -0.9972163375045802747, -0.09815976272937587677, -0.5315174166323900495 ) ) ;
#1891 = ORIENTED_EDGE ( 'NONE', *, *, #955, .F. ) ;
#1892 = DIRECTION ( 'NONE',  ( 0.000000000000000000, 0.000000000000000000, 1.000000000000000000 ) ) ;
#1893 = ADVANCED_FACE ( 'NONE', ( #853 ), #296, .T. ) ;
#1894 = ORIENTED_EDGE ( 'NONE', *, *, #1611, .T. ) ;
#1895 = CARTESIAN_POINT ( 'NONE',  ( 0.8736143059736516392, 0.5039379164966482083, -1.158707591829137407 ) ) ;
#1896 = DIRECTION ( 'NONE',  ( 7.826703074362879428E-45, 1.000000000000000000, 6.200953031265144513E-15 ) ) ;
#1897 = CARTESIAN_POINT ( 'NONE',  ( -0.2722584908197251408, -0.6883083254004727092, -0.8014262759839433370 ) ) ;
#1898 = CARTESIAN_POINT ( 'NONE',  ( -0.9145353925888880520, 2.543138227198659945E-09, -0.1743430137242199807 ) ) ;
#1899 = ORIENTED_EDGE ( 'NONE', *, *, #247, .F. ) ;
#1900 = CARTESIAN_POINT ( 'NONE',  ( -0.2617993877991476870, -1.000000000000000444, -1.808333333333333126 ) ) ;
#1901 = CARTESIAN_POINT ( 'NONE',  ( 0.9999998887290344474, 0.2679493851580883601, -2.692863292343866011 ) ) ;
#1902 = CARTESIAN_POINT ( 'NONE',  ( -1.224646799147350002E-16, -1.000000000000000000, -0.5749999999999999556 ) ) ;
#1903 = CARTESIAN_POINT ( 'NONE',  ( -0.5773502691896256200, -1.000000000000000222, -2.541666666666662966 ) ) ;
#1904 = CARTESIAN_POINT ( 'NONE',  ( -0.7088198904186575611, 0.2141425216386945163, -1.105777468716575784 ) ) ;
#1905 = CARTESIAN_POINT ( 'NONE',  ( 0.000000000000000000, 0.7401923788646699309, -2.975000000000000089 ) ) ;
#1906 = CARTESIAN_POINT ( 'NONE',  ( 0.7370715092421257220, -0.07187570933485520897, -0.1185266923879288170 ) ) ;
#1907 = PLANE ( 'NONE',  #137 ) ;
#1908 = CARTESIAN_POINT ( 'NONE',  ( -0.8660375284469739032, 0.5000070001771790285, -1.691658583558310003 ) ) ;
#1909 = ORIENTED_EDGE ( 'NONE', *, *, #877, .F. ) ;
#1910 = CARTESIAN_POINT ( 'NONE',  ( 0.000000000000000000, 0.000000000000000000, -1.913471915518750479E-17 ) ) ;
#1911 = AXIS2_PLACEMENT_3D ( 'NONE', #179, #3466, #1942 ) ;
#1912 = FACE_OUTER_BOUND ( 'NONE', #952, .T. ) ;
#1913 = CARTESIAN_POINT ( 'NONE',  ( 0.9999999999997326583, 7.312167016741102211E-07, -1.125000048747759385 ) ) ;
#1914 = CARTESIAN_POINT ( 'NONE',  ( 0.6474072561450410213, 0.4929475248771171270, -0.07351511690409509581 ) ) ;
#1915 = CARTESIAN_POINT ( 'NONE',  ( 0.5406790160860963645, -0.5055756407641925909, -0.8776967585824320128 ) ) ;
#1916 = CARTESIAN_POINT ( 'NONE',  ( 0.7401923788646700419, 1.028336654011303983E-13, -1.674999999999949196 ) ) ;
#1917 = ORIENTED_EDGE ( 'NONE', *, *, #2040, .T. ) ;
#1918 = CARTESIAN_POINT ( 'NONE',  ( 0.9684921211732545610, -0.2526703790782370285, -0.3082333255484160373 ) ) ;
#1919 = CARTESIAN_POINT ( 'NONE',  ( 0.7966987383146617585, 0.2518853079364616887, -3.000030912476983502 ) ) ;
#1920 = CARTESIAN_POINT ( 'NONE',  ( -0.5773502691896256200, -1.000000000000000222, -1.341666666666659458 ) ) ;
#1921 = CARTESIAN_POINT ( 'NONE',  ( -0.5291129489449714063, 0.5176183126631298537, -1.076286935772409858 ) ) ;
#1922 = CARTESIAN_POINT ( 'NONE',  ( 0.6410254037844400621, -0.3700961894323349655, -2.041666666666670071 ) ) ;
#1923 = DIRECTION ( 'NONE',  ( 0.3812272063696550140, -0.9203638919632241011, 0.08715574274765419682 ) ) ;
#1924 = FACE_OUTER_BOUND ( 'NONE', #2890, .T. ) ;
#1925 = CARTESIAN_POINT ( 'NONE',  ( 0.000000000000000000, 1.000014000354360055, -2.024991916891640376 ) ) ;
#1926 = ORIENTED_EDGE ( 'NONE', *, *, #2279, .T. ) ;
#1927 = MECHANICAL_DESIGN_GEOMETRIC_PRESENTATION_REPRESENTATION (  '', ( #3404 ), #2958 ) ;
#1928 = DIRECTION ( 'NONE',  ( 0.000000000000000000, 0.000000000000000000, 1.000000000000000000 ) ) ;
#1929 = VECTOR ( 'NONE', #151, 1000.000000000000000 ) ;
#1930 = CYLINDRICAL_SURFACE ( 'NONE', #1510, 1.000000000000000000 ) ;
#1931 = CARTESIAN_POINT ( 'NONE',  ( 0.5952318608881008721, 0.4414085496013244736, -0.1652254612207992301 ) ) ;
#1932 = CARTESIAN_POINT ( 'NONE',  ( 0.4273502691896260419, -0.7401923788646698199, -0.4083333333333363235 ) ) ;
#1933 = DIRECTION ( 'NONE',  ( -1.000000000000000000, -3.930791316214280852E-15, 0.000000000000000000 ) ) ;
#1934 = CARTESIAN_POINT ( 'NONE',  ( -0.4725238998158656223, -0.5702505822977305128, -0.7804752577229711052 ) ) ;
#1935 = CARTESIAN_POINT ( 'NONE',  ( 1.000000000000000000, 0.000000000000000000, 0.000000000000000000 ) ) ;
#1936 = VERTEX_POINT ( 'NONE', #2777 ) ;
#1937 = CYLINDRICAL_SURFACE ( 'NONE', #1866, 0.7401923788646699309 ) ;
#1938 = CARTESIAN_POINT ( 'NONE',  ( -0.8660254037844390407, 0.5000000000000000000, -1.241666666666660035 ) ) ;
#1939 = CARTESIAN_POINT ( 'NONE',  ( -0.4273502691896260419, 0.7401923788646699309, -3.008333333333331527 ) ) ;
#1940 = CARTESIAN_POINT ( 'NONE',  ( 0.7252209519516216174, -0.1535321665919227585, -0.1111641930970903996 ) ) ;
#1941 = EDGE_CURVE ( 'NONE', #2831, #1887, #2621, .T. ) ;
#1942 = DIRECTION ( 'NONE',  ( 1.000000000000000000, 0.000000000000000000, 0.000000000000000000 ) ) ;
#1943 = CYLINDRICAL_SURFACE ( 'NONE', #1091, 1.000000000000000000 ) ;
#1944 = CARTESIAN_POINT ( 'NONE',  ( 0.8660375284469739032, -0.5000070001771790285, -1.491658583558309825 ) ) ;
#1945 = DIRECTION ( 'NONE',  ( 0.000000000000000000, 0.000000000000000000, -1.000000000000000000 ) ) ;
#1946 = ORIENTED_EDGE ( 'NONE', *, *, #1252, .F. ) ;
#1947 = CARTESIAN_POINT ( 'NONE',  ( -0.6410254037844400621, 0.3700961894323349655, 0.1083333333333309917 ) ) ;
#1948 = CIRCLE ( 'NONE', #244, 1.000000000000000000 ) ;
#1949 = CARTESIAN_POINT ( 'NONE',  ( -0.2735788812050309882, 1.078660417681890138, -3.254999999999999893 ) ) ;
#1950 = CARTESIAN_POINT ( 'NONE',  ( -0.7355886568496677880, -0.5875038578827550539, -0.2011956940394118154 ) ) ;
#1951 = ADVANCED_FACE ( 'NONE', ( #49 ), #1854, .T. ) ;
#1952 = CARTESIAN_POINT ( 'NONE',  ( -0.7105546852638804367, 0.7036476177914192665, -1.275900829765129085 ) ) ;
#1953 = CARTESIAN_POINT ( 'NONE',  ( 0.6894159956183435467, -0.2694856204834850666, -0.9008355158141779784 ) ) ;
#1954 = ORIENTED_EDGE ( 'NONE', *, *, #2268, .T. ) ;
#1955 = FILL_AREA_STYLE_COLOUR ( '', #1172 ) ;
#1956 = CARTESIAN_POINT ( 'NONE',  ( 0.3358201048381959652, -1.259450488053249995, -3.966420441514880046 ) ) ;
#1957 = CARTESIAN_POINT ( 'NONE',  ( -0.8660254037844390407, -0.5000000000000000000, -0.5083333333333319715 ) ) ;
#1958 = CARTESIAN_POINT ( 'NONE',  ( 0.6410254037844400621, 0.3700961894323349655, -2.108333333333330284 ) ) ;
#1959 = CARTESIAN_POINT ( 'NONE',  ( -0.7401923788642538193, -0.1983339501611805777, -2.692863279495471662 ) ) ;
#1960 = DIRECTION ( 'NONE',  ( 0.000000000000000000, -3.108624468950430425E-15, 1.000000000000000000 ) ) ;
#1961 = CARTESIAN_POINT ( 'NONE',  ( -0.6670918797565129621, 0.4517497029043630041, -2.999990340600580119 ) ) ;
#1962 = CARTESIAN_POINT ( 'NONE',  ( 0.000000000000000000, 1.000014000354360055, -2.424991916891639843 ) ) ;
#1963 = AXIS2_PLACEMENT_3D ( 'NONE', #3501, #157, #1741 ) ;
#1964 = CARTESIAN_POINT ( 'NONE',  ( 0.8799920983417076625, -0.4884947914654074186, -1.092657299647350477 ) ) ;
#1965 = ORIENTED_EDGE ( 'NONE', *, *, #1180, .T. ) ;
#1966 = DIRECTION ( 'NONE',  ( 0.9238795325112862944, 0.3826834323650911140, 0.000000000000000000 ) ) ;
#1967 = CARTESIAN_POINT ( 'NONE',  ( 0.8660254037844380415, -0.5000000000000000000, -1.841666666666660124 ) ) ;
#1968 = CARTESIAN_POINT ( 'NONE',  ( -0.8290993264556977271, -0.4302798219786191369, -0.1939671401473230528 ) ) ;
#1969 = CARTESIAN_POINT ( 'NONE',  ( -0.7145065561849428537, 0.6996344130635117065, -1.276256861926679642 ) ) ;
#1970 = VECTOR ( 'NONE', #1261, 1000.000000000000000 ) ;
#1971 = DIRECTION ( 'NONE',  ( 0.000000000000000000, 3.239995458127760343E-15, -1.000000000000000000 ) ) ;
#1972 = DIRECTION ( 'NONE',  ( -0.3812272063696473534, -0.9203638919632268767, -0.08715574274765838791 ) ) ;
#1973 = EDGE_LOOP ( 'NONE', ( #1909, #257, #1271, #891, #1330, #2426 ) ) ;
#1974 = CARTESIAN_POINT ( 'NONE',  ( 0.6410254037844400621, -0.3700961894323349655, -2.441666666666659768 ) ) ;
#1975 = CARTESIAN_POINT ( 'NONE',  ( 0.6925238389924619486, -0.3350933077401572757, -0.02913878072451865295 ) ) ;
#1976 = CARTESIAN_POINT ( 'NONE',  ( 0.8660254037844380415, -0.5000000000000000000, -1.841666666666660124 ) ) ;
#1977 = CARTESIAN_POINT ( 'NONE',  ( 0.7401900866906256926, -0.1983379203223643861, -2.857136362925306816 ) ) ;
#1978 = CARTESIAN_POINT ( 'NONE',  ( 1.000000000000000000, 0.000000000000000000, 0.000000000000000000 ) ) ;
#1979 = ADVANCED_FACE ( 'NONE', ( #2469 ), #3915, .F. ) ;
#1980 = CARTESIAN_POINT ( 'NONE',  ( -0.7243517979421176811, -0.6089456146795827474, -2.999998377959732121 ) ) ;
#1981 = CARTESIAN_POINT ( 'NONE',  ( 0.000000000000000000, 1.000014000354360055, -3.224991916891639665 ) ) ;
#1982 = CARTESIAN_POINT ( 'NONE',  ( 0.06396765178568492027, -0.9980801856525217675, -1.028791918831486019 ) ) ;
#1983 = ORIENTED_EDGE ( 'NONE', *, *, #3177, .T. ) ;
#1984 = B_SPLINE_CURVE_WITH_KNOTS ( 'NONE', 3,
 ( #166, #751, #147, #2855, #187, #1383, #1986, #484, #2242, #1361, #50, #1931, #1641, #3811, #1697, #1399, #3827, #2564, #2297, #1270, #2527, #3524, #733, #3162, #3750, #3791, #1028, #2222, #431, #1341, #2546, #2703, #3928, #1201, #2979, #3253, #3016, #3313, #2618, #1118, #271, #1157, #504, #1181, #208, #2377, #3236, #2057, #2398, #250, #1460, #1715, #3268, #3886, #2357, #3289, #1481, #580, #2038, #2935, #3846, #2317, #2082, #2658 ),
 .UNSPECIFIED., .F., .F.,
 ( 4, 2, 2, 1, 2, 2, 2, 2, 2, 2, 2, 1, 1, 2, 2, 2, 2, 2, 1, 2, 2, 2, 2, 2, 1, 2, 2, 2, 2, 1, 2, 2, 2, 2, 4 ),
 ( 0.3857142376606272904, 0.4624999579530484906, 0.4816963880261537767, 0.4912946030627063920, 0.4960937105809827274, 0.5008928180992590073, 0.5392856782454700237, 0.5776785383916810401, 0.6160713985378920565, 0.6208705060561683364, 0.6256696135744447274, 0.6352678286109975092, 0.6544642586841029619, 0.6736606887572085256, 0.6832589037937613075, 0.6880580113120376984, 0.6928571188303140893, 0.7312499789765251057, 0.7408481940130778876, 0.7456473015313542785, 0.7504464090496306694, 0.7696428391227361221, 0.8080356992689470275, 0.8128348067872234184, 0.8176339143054996983, 0.8272321293420523691, 0.8464285594151575998, 0.8848214195613679500, 0.9232142797075783003, 0.9328124947441309711, 0.9352120485032691111, 0.9376116022624073620, 0.9424107097806836419, 0.9616071398537890946, 1.000000000000000000 ),
 .UNSPECIFIED. ) ;
#1985 = CARTESIAN_POINT ( 'NONE',  ( 0.4273502691896260419, -0.7401923788646699309, -0.05833333333333556858 ) ) ;
#1986 = CARTESIAN_POINT ( 'NONE',  ( 0.6401591045671902735, 0.3720048851472309015, -0.1583839486533443197 ) ) ;
#1987 = CARTESIAN_POINT ( 'NONE',  ( -0.9310515088602000500, 0.3649626266061293256, -1.300749062678596246 ) ) ;
#1988 = CARTESIAN_POINT ( 'NONE',  ( -0.8340781189802727313, -0.5516479935483782349, -2.961907380094146891 ) ) ;
#1989 = CARTESIAN_POINT ( 'NONE',  ( 0.8768473529932964139, -0.06822252067774556283, -2.999958042850951578 ) ) ;
#1990 = ORIENTED_EDGE ( 'NONE', *, *, #3907, .F. ) ;
#1991 = FILL_AREA_STYLE ('',( #1955 ) ) ;
#1992 = CARTESIAN_POINT ( 'NONE',  ( 0.3921500505612767196, -0.6448886629365687684, -0.006308416169414993169 ) ) ;
#1993 = EDGE_CURVE ( 'NONE', #1630, #2940, #2109, .T. ) ;
#1994 = CARTESIAN_POINT ( 'NONE',  ( 0.8660254037844380415, -0.5000000000000000000, -3.041666666666659857 ) ) ;
#1995 = EDGE_CURVE ( 'NONE', #2111, #1339, #520, .T. ) ;
#1996 = CARTESIAN_POINT ( 'NONE',  ( -0.7401923788646699309, 3.598847483741179307E-15, -2.674999999999999822 ) ) ;
#1997 = DIRECTION ( 'NONE',  ( 0.000000000000000000, -0.2228687765782349228, -0.9748484540822336397 ) ) ;
#1998 = CARTESIAN_POINT ( 'NONE',  ( -0.8329842288420097329, -0.3876496776736939598, -3.000173804218978280 ) ) ;
#1999 = CARTESIAN_POINT ( 'NONE',  ( -0.1352600067707379061, -0.9929681225496546082, -1.016811635057507601 ) ) ;
#2000 = VERTEX_POINT ( 'NONE', #3715 ) ;
#2001 = CARTESIAN_POINT ( 'NONE',  ( 0.6410254037844400621, 0.3700961894323349655, -0.9583333333333329263 ) ) ;
#2002 = CARTESIAN_POINT ( 'NONE',  ( -1.000000000000000000, -1.224646799147350002E-16, 0.000000000000000000 ) ) ;
#2003 = AXIS2_PLACEMENT_3D ( 'NONE', #1382, #2296, #770 ) ;
#2004 = CARTESIAN_POINT ( 'NONE',  ( -0.9658288366919187684, 0.2612374654764954562, -1.307642673121045984 ) ) ;
#2005 = CARTESIAN_POINT ( 'NONE',  ( -0.9999999999999997780, -0.2679491924311229734, -0.4928632794954069252 ) ) ;
#2006 = CARTESIAN_POINT ( 'NONE',  ( 0.8712697467420789099, -0.008175904005410723416, -2.999982648272622843 ) ) ;
#2007 = ORIENTED_EDGE ( 'NONE', *, *, #2836, .F. ) ;
#2008 = CARTESIAN_POINT ( 'NONE',  ( 1.078660417681890138, -0.2735788812050169994, -3.254999999999999893 ) ) ;
#2009 = B_SPLINE_CURVE_WITH_KNOTS ( 'NONE', 3,
 ( #1405, #2010, #2964, #1142, #1390, #3870, #214, #3242, #1686, #2645, #2590, #2289, #511, #2942, #2343, #3569, #1543, #3932 ),
 .UNSPECIFIED., .F., .F.,
 ( 4, 1, 1, 1, 1, 1, 1, 1, 1, 1, 1, 1, 1, 1, 1, 4 ),
 ( 0.000000000000000000, 0.01793688806473426461, 0.03587148911001115242, 0.05380384023840614066, 0.07173397856646213100, 0.08966194122446481674, 0.1075877653562201525, 0.1255114881188292564, 0.1411978955907347288, 0.1881036227968711227, 0.2504550062172893332, 0.3128127230579036411, 0.3751852168233651419, 0.4375606242537643520, 0.5000118205351592460, 0.5000447610263987208 ),
 .UNSPECIFIED. ) ;
#2010 = CARTESIAN_POINT ( 'NONE',  ( -0.7392946839134896253, -0.02768603551475133304, -0.3274819866103785282 ) ) ;
#2011 = CARTESIAN_POINT ( 'NONE',  ( 0.5773502691896256200, 1.000000000000000222, -3.541666666666658081 ) ) ;
#2012 = CARTESIAN_POINT ( 'NONE',  ( 0.9990723734567368286, 0.03271564184389991886, -1.527172271486906485 ) ) ;
#2013 = FACE_OUTER_BOUND ( 'NONE', #2801, .T. ) ;
#2014 = CARTESIAN_POINT ( 'NONE',  ( 0.000000000000000000, 1.903699164743109407, -3.945147222509344687 ) ) ;
#2015 = CARTESIAN_POINT ( 'NONE',  ( -0.8785509004789006093, -0.1268195623493506285, -3.000018463878505237 ) ) ;
#2016 = ADVANCED_FACE ( 'NONE', ( #397 ), #379, .T. ) ;
#2017 = CARTESIAN_POINT ( 'NONE',  ( 0.4273502691896260419, -0.7401923788646699309, -0.8083333333333352355 ) ) ;
#2018 = CARTESIAN_POINT ( 'NONE',  ( -0.2314331842865174071, -0.9734006994392673251, -1.010667237335716395 ) ) ;
#2019 = ORIENTED_EDGE ( 'NONE', *, *, #2140, .F. ) ;
#2020 = DIRECTION ( 'NONE',  ( 0.000000000000000000, 0.000000000000000000, 1.000000000000000000 ) ) ;
#2021 = CARTESIAN_POINT ( 'NONE',  ( 1.000000719565957930, -0.2679479461063237755, -1.457136803592908647 ) ) ;
#2022 = CARTESIAN_POINT ( 'NONE',  ( 0.4273502691896260419, -0.7401923788646699309, -0.4583333333333353132 ) ) ;
#2023 = CARTESIAN_POINT ( 'NONE',  ( 0.7401923788235348356, 7.803572740048279107E-06, -2.925000702841469291 ) ) ;
#2024 = CARTESIAN_POINT ( 'NONE',  ( 0.6190937431822067794, -0.4057252181694557258, -0.03835208011817007462 ) ) ;
#2025 = CARTESIAN_POINT ( 'NONE',  ( -0.8794835770015307919, -0.4770973252633496364, -2.956641076792372758 ) ) ;
#2026 = ORIENTED_EDGE ( 'NONE', *, *, #2556, .F. ) ;
#2027 = LINE ( 'NONE', #3256, #2827 ) ;
#2028 = CARTESIAN_POINT ( 'NONE',  ( 0.7401923788646699309, 0.000000000000000000, 0.000000000000000000 ) ) ;
#2029 = CARTESIAN_POINT ( 'NONE',  ( 0.9999999999999995559, -1.189502530748162176E-08, -1.524999999206998691 ) ) ;
#2030 = LINE ( 'NONE', #1671, #3753 ) ;
#2031 = CARTESIAN_POINT ( 'NONE',  ( 0.000000000000000000, 0.7401923788646699309, -1.375000000000000000 ) ) ;
#2032 = CARTESIAN_POINT ( 'NONE',  ( 0.4273502691896271521, 0.7401923788646698199, -2.141666666666663055 ) ) ;
#2033 = CARTESIAN_POINT ( 'NONE',  ( -0.3500490719066937095, 0.6665315289329099002, -3.000000000000057732 ) ) ;
#2034 = CARTESIAN_POINT ( 'NONE',  ( 0.7686409574757152585, -0.6405111590263578014, -1.081217106790039351 ) ) ;
#2035 = VERTEX_POINT ( 'NONE', #1608 ) ;
#2036 = CARTESIAN_POINT ( 'NONE',  ( -9.064742275298830802E-17, -0.7401923788646699309, -2.024999999999999911 ) ) ;
#2037 = CARTESIAN_POINT ( 'NONE',  ( -1.000000000000000000, -0.2679491924311226403, -1.292863279495406914 ) ) ;
#2038 = CARTESIAN_POINT ( 'NONE',  ( -0.7041709692249672470, 0.2281152145859810521, -0.3044968479004221407 ) ) ;
#2039 = EDGE_LOOP ( 'NONE', ( #1983, #3587, #3643, #291 ) ) ;
#2040 = EDGE_CURVE ( 'NONE', #985, #2063, #3553, .T. ) ;
#2041 = VERTEX_POINT ( 'NONE', #90 ) ;
#2042 = CARTESIAN_POINT ( 'NONE',  ( 0.5773502691896256200, 1.000000000000000222, -1.541666666666659635 ) ) ;
#2043 = CARTESIAN_POINT ( 'NONE',  ( 0.8922269036098124939, 0.5219866587632829846, -1.958333333333333703 ) ) ;
#2044 = CARTESIAN_POINT ( 'NONE',  ( -0.8660254037844390407, 0.5000000000000000000, -2.441666666666659768 ) ) ;
#2045 = VECTOR ( 'NONE', #1682, 1000.000000000000000 ) ;
#2046 = ORIENTED_EDGE ( 'NONE', *, *, #173, .T. ) ;
#2047 = CARTESIAN_POINT ( 'NONE',  ( -0.0002054748966500422242, 1.026077451192116685, -0.8250168830294879463 ) ) ;
#2048 = EDGE_CURVE ( 'NONE', #787, #39, #2188, .T. ) ;
#2049 = CARTESIAN_POINT ( 'NONE',  ( 1.000000000000000000, 0.000000000000000000, 0.000000000000000000 ) ) ;
#2050 = DIRECTION ( 'NONE',  ( 0.08715574274765834628, -8.881784197001244435E-15, -0.9961946980917455452 ) ) ;
#2051 = CARTESIAN_POINT ( 'NONE',  ( 0.5773583522979830462, 1.000014000354360499, -3.591658583558302364 ) ) ;
#2052 = CARTESIAN_POINT ( 'NONE',  ( 0.4964549130186929893, -0.5638794541218852263, -1.671655989889842431 ) ) ;
#2053 = VECTOR ( 'NONE', #1933, 1000.000000000000000 ) ;
#2054 = ORIENTED_EDGE ( 'NONE', *, *, #84, .T. ) ;
#2055 = CARTESIAN_POINT ( 'NONE',  ( 0.6410254037844400621, 0.3700961894323349655, -1.758333333333329751 ) ) ;
#2056 = DIRECTION ( 'NONE',  ( -0.9203638919632276538, -0.3812272063696452995, -0.08715574274765824914 ) ) ;
#2057 = CARTESIAN_POINT ( 'NONE',  ( -0.5151246943262347555, 0.5320679876145286702, -0.2745394820771695499 ) ) ;
#2058 = AXIS2_PLACEMENT_3D ( 'NONE', #2067, #2732, #3914 ) ;
#2059 = CARTESIAN_POINT ( 'NONE',  ( -0.7401923788646699309, -4.990984619036200170E-15, -0.6750000000000000444 ) ) ;
#2060 = CARTESIAN_POINT ( 'NONE',  ( -1.000000000000000000, 2.521020878909429608E-16, -2.474999999999999645 ) ) ;
#2061 =( BOUNDED_CURVE ( )  B_SPLINE_CURVE ( 2, ( #1996, #1959, #459, #3228, #1373, #836, #495, #1977, #198 ),
 .UNSPECIFIED., .F., .T. ) 
 B_SPLINE_CURVE_WITH_KNOTS ( ( 3, 2, 2, 2, 3 ),
 ( 0.000000000000000000, 0.1023978662894263758, 0.3071935988690711050, 0.5119893314487268254, 0.6143849894304751480 ),
 .UNSPECIFIED. ) 
 CURVE ( )  GEOMETRIC_REPRESENTATION_ITEM ( )  RATIONAL_B_SPLINE_CURVE ( ( 0.9330127018922194093, 0.9330127018924816440, 1.000000000000000000, 0.8660254037844389297, 1.000000000000000000, 0.8660254037844389297, 1.000000000000000000, 0.9330141465374702792, 0.9330127019233745989 ) ) 
 REPRESENTATION_ITEM ( '' )  );
#2062 = EDGE_CURVE ( 'NONE', #2000, #2781, #737, .T. ) ;
#2063 = VERTEX_POINT ( 'NONE', #1347 ) ;
#2064 = AXIS2_PLACEMENT_3D ( 'NONE', #3653, #3342, #319 ) ;
#2065 = CARTESIAN_POINT ( 'NONE',  ( -0.7401923788650860425, 0.1983339501597392307, -2.657136720504653216 ) ) ;
#2066 = DIRECTION ( 'NONE',  ( 0.000000000000000000, 0.000000000000000000, 1.000000000000000000 ) ) ;
#2067 = CARTESIAN_POINT ( 'NONE',  ( -0.3999999999999829803, 1.383138611766330014E-14, -4.700000000000000178 ) ) ;
#2068 = CARTESIAN_POINT ( 'NONE',  ( -0.8660254037844390407, 0.5000000000000000000, -2.841666666666659680 ) ) ;
#2069 = AXIS2_PLACEMENT_3D ( 'NONE', #3048, #3700, #1821 ) ;
#2070 = CARTESIAN_POINT ( 'NONE',  ( 0.8660254037844390407, 0.5000000000000000000, 0.04166666666666650476 ) ) ;
#2071 = ORIENTED_EDGE ( 'NONE', *, *, #2339, .F. ) ;
#2072 = CARTESIAN_POINT ( 'NONE',  ( 0.8327339552361212593, 0.5565712675589915559, -0.7626227061835590959 ) ) ;
#2073 = CARTESIAN_POINT ( 'NONE',  ( 0.3988025611275602400, -0.6236170954296895719, -2.861357294720419997 ) ) ;
#2074 = FACE_OUTER_BOUND ( 'NONE', #795, .T. ) ;
#2075 = CARTESIAN_POINT ( 'NONE',  ( 1.349766751978810131, -0.3669424536063989883, -4.322150515720509567 ) ) ;
#2076 = CARTESIAN_POINT ( 'NONE',  ( 0.4273502691896260419, -0.7401923788646699309, -0.4083333333333363235 ) ) ;
#2077 = CARTESIAN_POINT ( 'NONE',  ( -0.8762119948742549402, -0.3072452939459208721, -0.1883296752945694541 ) ) ;
#2078 = CARTESIAN_POINT ( 'NONE',  ( 0.6194039924551222320, -0.4138644707899681863, -1.688062962734219186 ) ) ;
#2079 = ORIENTED_EDGE ( 'NONE', *, *, #3158, .F. ) ;
#2080 = CARTESIAN_POINT ( 'NONE',  ( 0.4273502691896260419, -0.7401923788646699309, -2.858333333333332060 ) ) ;
#2081 = DIRECTION ( 'NONE',  ( -1.558471049094799730E-16, 1.000000000000000000, 0.000000000000000000 ) ) ;
#2082 = CARTESIAN_POINT ( 'NONE',  ( -0.7401923788646700419, 0.07837335052915883615, -0.3179411728836089579 ) ) ;
#2083 = ORIENTED_EDGE ( 'NONE', *, *, #833, .F. ) ;
#2084 = CARTESIAN_POINT ( 'NONE',  ( -0.5773502691896256200, 1.000000000000000222, -2.408333333333329218 ) ) ;
#2085 = ORIENTED_EDGE ( 'NONE', *, *, #893, .F. ) ;
#2086 = CARTESIAN_POINT ( 'NONE',  ( -0.7401923788646699309, -4.990984619036200170E-15, -1.074999999999999956 ) ) ;
#2087 = DIRECTION ( 'NONE',  ( 0.000000000000000000, 0.000000000000000000, -1.000000000000000000 ) ) ;
#2088 = CARTESIAN_POINT ( 'NONE',  ( 0.06711562039415937264, -0.8083702170768113371, -0.07084912300832732490 ) ) ;
#2089 = EDGE_CURVE ( 'NONE', #3896, #185, #3752, .T. ) ;
#2090 = CARTESIAN_POINT ( 'NONE',  ( -0.8660254037844390407, 0.5000000000000000000, 0.3083333333333330151 ) ) ;
#2091 = VERTEX_POINT ( 'NONE', #755 ) ;
#2092 =( BOUNDED_CURVE ( )  B_SPLINE_CURVE ( 2, ( #2086, #2730, #3000, #850, #602, #1484, #559, #582, #1445 ),
 .UNSPECIFIED., .F., .F. ) 
 B_SPLINE_CURVE_WITH_KNOTS ( ( 3, 2, 2, 2, 3 ),
 ( 0.000000000000000000, 0.08333333333330776582, 0.2500000000001116329, 0.4166666666669065489, 0.5000018569834240312 ),
 .UNSPECIFIED. ) 
 CURVE ( )  GEOMETRIC_REPRESENTATION_ITEM ( )  RATIONAL_B_SPLINE_CURVE ( ( 0.9330127018922194093, 0.9330127018922915738, 1.000000000000000000, 0.8660254037844389297, 1.000000000000000000, 0.8660254037844389297, 1.000000000000000000, 0.9330112091608409042, 0.9330127019254831344 ) ) 
 REPRESENTATION_ITEM ( '' )  );
#2093 = CARTESIAN_POINT ( 'NONE',  ( -0.9845791508227147437, 0.1809552997150993825, -0.9129945550457929659 ) ) ;
#2094 = CARTESIAN_POINT ( 'NONE',  ( -0.5737640970586538325, -0.4700202253530560981, -2.768235564860627829 ) ) ;
#2095 = CARTESIAN_POINT ( 'NONE',  ( -0.3046986221720220378, 1.169094900404459958, -3.610700266901099909 ) ) ;
#2096 = CARTESIAN_POINT ( 'NONE',  ( -0.7101767126347676706, 0.2107530422840141471, -1.905986023718845068 ) ) ;
#2097 = CARTESIAN_POINT ( 'NONE',  ( 0.5174386339714041050, 0.5292931816649025789, -0.9751174621678914134 ) ) ;
#2098 = CARTESIAN_POINT ( 'NONE',  ( 0.4335813802522502369, 0.9013446309800259293, -0.3966889753857515410 ) ) ;
#2099 = DIRECTION ( 'NONE',  ( 1.000000000000000000, 1.091375399390050102E-14, 0.000000000000000000 ) ) ;
#2100 = VERTEX_POINT ( 'NONE', #2799 ) ;
#2101 = CARTESIAN_POINT ( 'NONE',  ( -0.7401923788646690427, 4.779484580118588746E-15, -1.875000000000000000 ) ) ;
#2102 = B_SPLINE_CURVE_WITH_KNOTS ( 'NONE', 3,
 ( #819, #3244, #3673, #338, #3044, #874, #957, #2150, #3383, #1209 ),
 .UNSPECIFIED., .F., .F.,
 ( 4, 2, 2, 2, 4 ),
 ( 0.5000000000000000000, 0.6250000000000000000, 0.7500000000000000000, 0.8750000000000000000, 1.000000000000000000 ),
 .UNSPECIFIED. ) ;
#2103 = CARTESIAN_POINT ( 'NONE',  ( 0.8660375284469739032, -0.5000070001771790285, -0.6916585835583080044 ) ) ;
#2104 = ORIENTED_EDGE ( 'NONE', *, *, #2040, .F. ) ;
#2105 = EDGE_CURVE ( 'NONE', #731, #2179, #477, .T. ) ;
#2106 = ORIENTED_EDGE ( 'NONE', *, *, #727, .F. ) ;
#2107 = CARTESIAN_POINT ( 'NONE',  ( -1.000000000000000222, 0.2679491924311223627, -0.4571367205045909210 ) ) ;
#2108 = CARTESIAN_POINT ( 'NONE',  ( -0.6602950743298268144, -0.3866558820199340052, -0.7589508922294161408 ) ) ;
#2109 = LINE ( 'NONE', #3002, #3648 ) ;
#2110 = CARTESIAN_POINT ( 'NONE',  ( 0.1570474759590549940, -0.3791461463968199830, -1.886154803078720077 ) ) ;
#2111 = VERTEX_POINT ( 'NONE', #2839 ) ;
#2112 = CARTESIAN_POINT ( 'NONE',  ( 0.9585328086711756290, 0.2906721720042209078, -1.544234679317755043 ) ) ;
#2113 = VECTOR ( 'NONE', #2081, 1000.000000000000000 ) ;
#2114 = CARTESIAN_POINT ( 'NONE',  ( 0.2846103490722247664, -0.6837843664317294623, -2.849852131483681550 ) ) ;
#2115 = CARTESIAN_POINT ( 'NONE',  ( 0.9999999999963942177, 2.685455749881947485E-06, -1.475000179030371505 ) ) ;
#2116 = CYLINDRICAL_SURFACE ( 'NONE', #2937, 0.7401923788646699309 ) ;
#2117 = CARTESIAN_POINT ( 'NONE',  ( 1.169094900404469950, -0.3046986221720069943, -3.610700266901099909 ) ) ;
#2118 = EDGE_CURVE ( 'NONE', #3635, #1527, #1328, .T. ) ;
#2119 = CARTESIAN_POINT ( 'NONE',  ( 0.4087775930132115376, 0.9126944502449642060, -0.3984918258371912270 ) ) ;
#2120 = CARTESIAN_POINT ( 'NONE',  ( 0.0002395707586460858241, -0.7594796178157668942, -1.624916958868347860 ) ) ;
#2121 = ORIENTED_EDGE ( 'NONE', *, *, #579, .F. ) ;
#2122 = CARTESIAN_POINT ( 'NONE',  ( 0.4434414265901478469, 0.5927961161925046074, -0.1337642732008692270 ) ) ;
#2123 = CARTESIAN_POINT ( 'NONE',  ( -0.9990720934922158181, -0.03272059123151479371, -0.5271725167174848847 ) ) ;
#2124 = VERTEX_POINT ( 'NONE', #775 ) ;
#2125 = DIRECTION ( 'NONE',  ( 1.000000000000000000, 0.000000000000000000, -0.000000000000000000 ) ) ;
#2126 = CARTESIAN_POINT ( 'NONE',  ( 0.9999999999853641519, 5.410279810787185758E-06, -0.2750006004528414705 ) ) ;
#2127 = CARTESIAN_POINT ( 'NONE',  ( 0.2870652539308480300, 0.6822596996122199942, -3.000000000000000000 ) ) ;
#2128 = CARTESIAN_POINT ( 'NONE',  ( 0.000000000000000000, -1.125042243461499945E-14, -3.722296913319440570 ) ) ;
#2129 = CARTESIAN_POINT ( 'NONE',  ( 0.05278097614971381801, -0.8071086772325394287, -0.06842649818896083536 ) ) ;
#2130 = DIRECTION ( 'NONE',  ( 0.000000000000000000, 0.000000000000000000, -1.000000000000000000 ) ) ;
#2131 = ORIENTED_EDGE ( 'NONE', *, *, #452, .T. ) ;
#2132 = CARTESIAN_POINT ( 'NONE',  ( -1.349766751978800139, -0.3669424536064059827, -4.322150515720509567 ) ) ;
#2133 = CARTESIAN_POINT ( 'NONE',  ( 0.6215397935706727939, -0.4021498996701151074, -2.888561594363005636 ) ) ;
#2134 = LINE ( 'NONE', #611, #309 ) ;
#2135 = AXIS2_PLACEMENT_3D ( 'NONE', #3573, #547, #1742 ) ;
#2136 = CARTESIAN_POINT ( 'NONE',  ( 0.3744477121001840714, 0.6387435908518408478, -0.9912196795555929807 ) ) ;
#2137 = CARTESIAN_POINT ( 'NONE',  ( 0.6850127954034096467, 0.7314629182512717431, -0.3765724251210755824 ) ) ;
#2138 = CARTESIAN_POINT ( 'NONE',  ( 0.6700167955355469385, -0.3191853535671790865, -1.696387092321487877 ) ) ;
#2139 = ORIENTED_EDGE ( 'NONE', *, *, #1446, .F. ) ;
#2140 = EDGE_CURVE ( 'NONE', #306, #711, #1557, .T. ) ;
#2141 = CARTESIAN_POINT ( 'NONE',  ( 0.3936627730296246019, 0.6270760665465739958, -0.1391241675001939071 ) ) ;
#2142 = CARTESIAN_POINT ( 'NONE',  ( 0.8660375284469739032, -0.5000070001771790285, -0.2916585835583089814 ) ) ;
#2143 = ORIENTED_EDGE ( 'NONE', *, *, #3112, .F. ) ;
#2144 = CARTESIAN_POINT ( 'NONE',  ( 0.6218561339910326780, 0.4014785449274323459, -2.961258886153966596 ) ) ;
#2145 = CARTESIAN_POINT ( 'NONE',  ( -0.7747418696332663002, -0.6348143227820767232, -1.368582614968247846 ) ) ;
#2146 = CARTESIAN_POINT ( 'NONE',  ( 0.7526381570959452816, 0.2802861909268410390, -0.06231309992446738139 ) ) ;
#2147 = CARTESIAN_POINT ( 'NONE',  ( -0.7051766784494218898, -0.7090318536943138739, -0.9745789522344481259 ) ) ;
#2148 = LINE ( 'NONE', #2362, #683 ) ;
#2149 = CARTESIAN_POINT ( 'NONE',  ( -0.04373126745171256741, -0.7911943186869967448, -0.05160841325403112828 ) ) ;
#2150 = CARTESIAN_POINT ( 'NONE',  ( -0.6604195542700063148, 0.3863705466856142690, -2.291666666666666963 ) ) ;
#2151 = ORIENTED_EDGE ( 'NONE', *, *, #2778, .F. ) ;
#2152 = FACE_OUTER_BOUND ( 'NONE', #42, .T. ) ;
#2153 = DIRECTION ( 'NONE',  ( -1.000000000000000000, -6.982962677686270655E-15, 0.000000000000000000 ) ) ;
#2154 = CYLINDRICAL_SURFACE ( 'NONE', #3291, 2.000000000000000000 ) ;
#2155 = CARTESIAN_POINT ( 'NONE',  ( -9.064742275298830802E-17, -0.7401923788646699309, -2.425000000000000266 ) ) ;
#2156 = CARTESIAN_POINT ( 'NONE',  ( -1.000000000000000000, -1.739893658958600106E-16, -1.275000000000000133 ) ) ;
#2157 = CARTESIAN_POINT ( 'NONE',  ( -0.6141468410967386715, 0.7999779440579238843, -0.4669022206024185384 ) ) ;
#2158 = ORIENTED_EDGE ( 'NONE', *, *, #1995, .F. ) ;
#2159 = EDGE_CURVE ( 'NONE', #3077, #914, #3497, .T. ) ;
#2160 = CARTESIAN_POINT ( 'NONE',  ( -0.7401923788646699309, -8.138291018150500576E-18, -1.525000000000000133 ) ) ;
#2161 = CARTESIAN_POINT ( 'NONE',  ( -1.224663944636500236E-16, -1.000014000354360055, -1.024991916891640154 ) ) ;
#2162 = ORIENTED_EDGE ( 'NONE', *, *, #2689, .F. ) ;
#2163 = CARTESIAN_POINT ( 'NONE',  ( 1.398755535826794238, 0.000000000000000000, -4.322150515720509567 ) ) ;
#2164 = CARTESIAN_POINT ( 'NONE',  ( -0.4273502691896271521, -0.7401923788646698199, -0.3416666666666703933 ) ) ;
#2165 = CARTESIAN_POINT ( 'NONE',  ( 0.7933160711722616609, 0.1039342893850418587, -0.05312369249953755035 ) ) ;
#2166 = CARTESIAN_POINT ( 'NONE',  ( -0.3818632940528823294, -0.9242188208410626604, -1.000427074113810377 ) ) ;
#2167 = EDGE_CURVE ( 'NONE', #3498, #1461, #2959, .T. ) ;
#2168 = CARTESIAN_POINT ( 'NONE',  ( 0.7401923788646698199, 1.092249095252206943E-13, -0.4750000000000655920 ) ) ;
#2169 = CARTESIAN_POINT ( 'NONE',  ( -0.2642115890848008575, -0.6914732763600681675, -0.8021944583961981845 ) ) ;
#2170 = CARTESIAN_POINT ( 'NONE',  ( -0.1574506228945803943, -0.7561105562474643715, -0.02994241301103411912 ) ) ;
#2171 = ORIENTED_EDGE ( 'NONE', *, *, #2482, .T. ) ;
#2172 = LINE ( 'NONE', #31, #3646 ) ;
#2173 = CARTESIAN_POINT ( 'NONE',  ( -0.7501621986171339573, -0.4008154275134709899, -4.709320379128409506 ) ) ;
#2174 = PLANE ( 'NONE',  #818 ) ;
#2175 = CARTESIAN_POINT ( 'NONE',  ( -0.4273502691896271521, -0.7401923788646699309, -1.591666666666659902 ) ) ;
#2176 = CARTESIAN_POINT ( 'NONE',  ( -0.1188971441314205235, 0.7309816938180169199, -1.034747649833130057 ) ) ;
#2177 = CARTESIAN_POINT ( 'NONE',  ( -0.6410254037844400621, -0.3700961894323349655, -3.108333333333330284 ) ) ;
#2178 = CARTESIAN_POINT ( 'NONE',  ( -0.1751597631793486154, -0.7293446705361062987, -0.01084902490354997147 ) ) ;
#2179 = VERTEX_POINT ( 'NONE', #3814 ) ;
#2180 = CARTESIAN_POINT ( 'NONE',  ( 9.195278044439146191E-05, 0.7594704718330934634, -1.424906871857308355 ) ) ;
#2181 = EDGE_CURVE ( 'NONE', #1748, #1210, #2264, .T. ) ;
#2182 = CARTESIAN_POINT ( 'NONE',  ( 0.000000000000000000, 1.000014000354360055, -1.224991916891640109 ) ) ;
#2183 = VERTEX_POINT ( 'NONE', #1949 ) ;
#2184 = DIRECTION ( 'NONE',  ( 0.000000000000000000, 0.000000000000000000, 1.000000000000000000 ) ) ;
#2185 = CARTESIAN_POINT ( 'NONE',  ( -0.9255213784099506347, -0.3828910233289030129, -1.350431271367518615 ) ) ;
#2186 = CARTESIAN_POINT ( 'NONE',  ( 0.3062644834890222434, 0.7786775232162355120, -0.09608206257210465118 ) ) ;
#2187 = CARTESIAN_POINT ( 'NONE',  ( 0.3788946896892854688, -0.6361218582994224713, -0.8591843702108993286 ) ) ;
#2188 = LINE ( 'NONE', #1935, #1929 ) ;
#2189 = ORIENTED_EDGE ( 'NONE', *, *, #3769, .F. ) ;
#2190 = AXIS2_PLACEMENT_3D ( 'NONE', #3059, #2444, #2404 ) ;
#2191 = LINE ( 'NONE', #2820, #3585 ) ;
#2192 = ADVANCED_FACE ( 'NONE', ( #1679 ), #1855, .T. ) ;
#2193 = CARTESIAN_POINT ( 'NONE',  ( 0.9999999999781099547, 6.616764702185728042E-06, -0.3250004411174612362 ) ) ;
#2194 = CARTESIAN_POINT ( 'NONE',  ( 0.6869342659721916489, -0.6613827848272161303, -2.999999998509184529 ) ) ;
#2195 = CARTESIAN_POINT ( 'NONE',  ( 0.5773502691896256200, 1.000000000000000222, -1.941666666666660657 ) ) ;
#2196 = CARTESIAN_POINT ( 'NONE',  ( -0.1557693391224090063, -8.827957075908740658E-15, -1.908430772231270112 ) ) ;
#2197 = CARTESIAN_POINT ( 'NONE',  ( -0.6410254037844400621, 0.3700961894323349655, -2.641666666666659946 ) ) ;
#2198 = AXIS2_PLACEMENT_3D ( 'NONE', #411, #1625, #2832 ) ;
#2199 = CARTESIAN_POINT ( 'NONE',  ( 0.7014582751772902025, -0.2378360366664486192, -0.1035345351193675961 ) ) ;
#2200 = LINE ( 'NONE', #2791, #3140 ) ;
#2201 = CARTESIAN_POINT ( 'NONE',  ( -0.8660375284469739032, 0.5000070001771790285, -2.491658583558300055 ) ) ;
#2202 = ORIENTED_EDGE ( 'NONE', *, *, #767, .F. ) ;
#2203 = CARTESIAN_POINT ( 'NONE',  ( 0.000000000000000000, 0.000000000000000000, -3.254999999999999893 ) ) ;
#2204 = ORIENTED_EDGE ( 'NONE', *, *, #3712, .T. ) ;
#2205 = CARTESIAN_POINT ( 'NONE',  ( 0.6431880493564493539, 0.4989828011807961317, -0.07384765319010323792 ) ) ;
#2206 = CARTESIAN_POINT ( 'NONE',  ( -0.2776014288722257750, -0.6861708849311053404, -0.8009141437251756646 ) ) ;
#2207 = CARTESIAN_POINT ( 'NONE',  ( 0.000000000000000000, 0.8511379332023930600, -0.1109455543377250025 ) ) ;
#2208 = ORIENTED_EDGE ( 'NONE', *, *, #314, .F. ) ;
#2209 = DIRECTION ( 'NONE',  ( 1.000000000000000000, 0.000000000000000000, 0.000000000000000000 ) ) ;
#2210 = CARTESIAN_POINT ( 'NONE',  ( 0.7316521749425219934, -0.1155693382434158506, -2.914640827369750831 ) ) ;
#2211 = CARTESIAN_POINT ( 'NONE',  ( 0.7110828588502485781, -0.6294989402995827543, -2.999999957673072259 ) ) ;
#2212 = CARTESIAN_POINT ( 'NONE',  ( 0.8660254037844380415, -0.5000000000000000000, -0.2416666666666660024 ) ) ;
#2213 = CARTESIAN_POINT ( 'NONE',  ( 0.9999999999999137357, 4.152689208112992067E-07, -2.675000027684575787 ) ) ;
#2214 = CARTESIAN_POINT ( 'NONE',  ( -0.6993981945176791504, 0.2425415386261472739, -1.103226807966138923 ) ) ;
#2215 = CARTESIAN_POINT ( 'NONE',  ( -0.6410254037844400621, -0.3700961894323349655, -3.508333333333330195 ) ) ;
#2216 = CARTESIAN_POINT ( 'NONE',  ( 0.2512563132923379960, -0.6065863991822439960, -4.700000000000000178 ) ) ;
#2217 = CARTESIAN_POINT ( 'NONE',  ( -0.7278246477160975614, 0.1391660880322444505, -1.512502955830955731 ) ) ;
#2218 = CARTESIAN_POINT ( 'NONE',  ( -0.8660375284469739032, -0.5000070001771780293, -2.558325250224970482 ) ) ;
#2219 = VERTEX_POINT ( 'NONE', #772 ) ;
#2220 = DIRECTION ( 'NONE',  ( 1.000000000000000000, 0.000000000000000000, 0.000000000000000000 ) ) ;
#2221 = LINE ( 'NONE', #2854, #2451 ) ;
#2222 = CARTESIAN_POINT ( 'NONE',  ( 0.02574724872348504306, 0.7397872997290482200, -0.2229829045122909414 ) ) ;
#2223 = CARTESIAN_POINT ( 'NONE',  ( -9.064742275298830802E-17, -0.7401923788646699309, -0.3750000000000000000 ) ) ;
#2224 = CARTESIAN_POINT ( 'NONE',  ( 0.3994408932554786018, 0.9173535002321655529, -1.199174213699328639 ) ) ;
#2225 = CARTESIAN_POINT ( 'NONE',  ( -0.2820969827697569765, -0.6843289247499491079, -0.8004807228977732780 ) ) ;
#2226 = CARTESIAN_POINT ( 'NONE',  ( -0.8941022558055758962, 0.1741436265820865137, -0.1661428803594725279 ) ) ;
#2227 = EDGE_CURVE ( 'NONE', #3223, #2091, #3452, .T. ) ;
#2228 = EDGE_LOOP ( 'NONE', ( #2435, #1236, #2007, #1477, #3266, #2258, #3032, #2121, #3608, #717, #2085, #339, #1249, #3682, #894, #3548, #3543, #3766, #392, #2705, #3943, #1403, #2683, #3284, #854, #988, #1310, #2512, #3629, #2456, #3564, #1535, #3202, #1122 ) ) ;
#2229 = FACE_OUTER_BOUND ( 'NONE', #2420, .T. ) ;
#2230 = CARTESIAN_POINT ( 'NONE',  ( 0.9912636067307721843, -0.1342106079480308856, -0.3160899293769943719 ) ) ;
#2231 = CARTESIAN_POINT ( 'NONE',  ( 0.5773502691896256200, 1.000000000000000222, -1.141666666666660390 ) ) ;
#2232 = CARTESIAN_POINT ( 'NONE',  ( -0.4273502691896260419, 0.7401923788646699309, -2.608333333333331616 ) ) ;
#2233 = CARTESIAN_POINT ( 'NONE',  ( 0.3766154227209367877, -0.6373636687337682627, -0.05900720704503328168 ) ) ;
#2234 = EDGE_CURVE ( 'NONE', #2340, #1734, #600, .T. ) ;
#2235 = DIRECTION ( 'NONE',  ( 1.000000000000000000, 0.000000000000000000, 0.000000000000000000 ) ) ;
#2236 = EDGE_CURVE ( 'NONE', #2063, #3882, #1795, .T. ) ;
#2237 = CARTESIAN_POINT ( 'NONE',  ( 1.154716704595970533, -2.121180174308142071E-16, -1.924991916891642063 ) ) ;
#2238 = CARTESIAN_POINT ( 'NONE',  ( 0.000000000000000000, 1.000000000000000000, -0.7750000000000000222 ) ) ;
#2239 = ORIENTED_EDGE ( 'NONE', *, *, #3301, .T. ) ;
#2240 = VECTOR ( 'NONE', #3478, 1000.000000000000000 ) ;
#2241 = CARTESIAN_POINT ( 'NONE',  ( 0.2028770456284570145, -0.4897885150504049934, -3.254999999999999893 ) ) ;
#2242 = CARTESIAN_POINT ( 'NONE',  ( 0.6226671032947574957, 0.4002684657148491421, -0.1611014065758022140 ) ) ;
#2243 = CARTESIAN_POINT ( 'NONE',  ( -0.3859109214545258792, -0.8813619280052212845, -0.2213032124099701681 ) ) ;
#2244 = CARTESIAN_POINT ( 'NONE',  ( 0.2369467169306006260, 0.9720729088420851927, -1.210287119264173539 ) ) ;
#2245 = CARTESIAN_POINT ( 'NONE',  ( -0.3421108695706547853, -0.6566342996028766699, -0.7945409082831331737 ) ) ;
#2246 = CARTESIAN_POINT ( 'NONE',  ( -0.1570474759590619884, 0.3791461463968279766, -1.886154803078710085 ) ) ;
#2247 = ORIENTED_EDGE ( 'NONE', *, *, #841, .F. ) ;
#2248 = CARTESIAN_POINT ( 'NONE',  ( -0.4897885150504109886, -0.2028770456284580137, -3.254999999999999893 ) ) ;
#2249 = VECTOR ( 'NONE', #3405, 1000.000000000000000 ) ;
#2250 = CARTESIAN_POINT ( 'NONE',  ( 0.000000000000000000, 1.000000000000000000, -2.774999999999999911 ) ) ;
#2251 = CARTESIAN_POINT ( 'NONE',  ( -0.5773502691896256200, -1.000000000000000222, -1.741666666666657814 ) ) ;
#2252 = CARTESIAN_POINT ( 'NONE',  ( 1.500000000000000000, 0.000000000000000000, -4.700000000000000178 ) ) ;
#2253 = CYLINDRICAL_SURFACE ( 'NONE', #1911, 1.000000000000000000 ) ;
#2254 = CARTESIAN_POINT ( 'NONE',  ( -0.8663285533493477741, -0.2531176622268703214, -3.000003588924872400 ) ) ;
#2255 = CARTESIAN_POINT ( 'NONE',  ( 0.8660375284469739032, 0.5000070001771780293, -3.158325250224970127 ) ) ;
#2256 = CIRCLE ( 'NONE', #2779, 2.747226305060010088 ) ;
#2257 = CARTESIAN_POINT ( 'NONE',  ( -0.9999999999999997780, 0.2679491924311230844, -0.8571367205045903326 ) ) ;
#2258 = ORIENTED_EDGE ( 'NONE', *, *, #1622, .F. ) ;
#2259 = CARTESIAN_POINT ( 'NONE',  ( -0.4273502691896271521, -0.7401923788646699309, -1.191666666666671093 ) ) ;
#2260 = DIRECTION ( 'NONE',  ( 0.000000000000000000, 0.000000000000000000, 1.000000000000000000 ) ) ;
#2261 = CARTESIAN_POINT ( 'NONE',  ( 0.4072301655820678712, -0.9163395175749424748, -0.2544191225982023741 ) ) ;
#2262 = CARTESIAN_POINT ( 'NONE',  ( 0.8660254037844380415, -0.5000000000000000000, -1.041666666666660079 ) ) ;
#2263 = CARTESIAN_POINT ( 'NONE',  ( -1.078660417681879924, 0.2735788812050460317, -3.254999999999999893 ) ) ;
#2264 = LINE ( 'NONE', #3768, #3465 ) ;
#2265 = ORIENTED_EDGE ( 'NONE', *, *, #206, .F. ) ;
#2266 = SURFACE_STYLE_USAGE ( .BOTH. , #2552 ) ;
#2267 = CARTESIAN_POINT ( 'NONE',  ( 0.7877390909829895538, 7.570971989410919955E-09, -0.04754859048490400059 ) ) ;
#2268 = EDGE_CURVE ( 'NONE', #749, #3063, #1984, .T. ) ;
#2269 = CARTESIAN_POINT ( 'NONE',  ( 0.8660254037844390407, 0.5000000000000000000, -1.508333333333329751 ) ) ;
#2270 = CARTESIAN_POINT ( 'NONE',  ( -0.5773502691896256200, 1.000000000000000222, -2.008333333333329751 ) ) ;
#2271 = CARTESIAN_POINT ( 'NONE',  ( -0.6286098243225786142, -0.3937362091120609198, -1.160806876372095342 ) ) ;
#2272 = DIRECTION ( 'NONE',  ( 0.000000000000000000, 0.000000000000000000, 1.000000000000000000 ) ) ;
#2273 = CARTESIAN_POINT ( 'NONE',  ( -0.7651733670302853785, -0.5421327902845387570, -2.999995956603768388 ) ) ;
#2274 = CARTESIAN_POINT ( 'NONE',  ( -0.5773583522979830462, 1.000014000354360499, -1.658325250224969460 ) ) ;
#2275 = CIRCLE ( 'NONE', #566, 1.112813416937029842 ) ;
#2276 = CARTESIAN_POINT ( 'NONE',  ( -0.1493783280407092739, 0.7401923788646698199, -2.986651513899357013 ) ) ;
#2277 = ORIENTED_EDGE ( 'NONE', *, *, #1407, .F. ) ;
#2278 = CARTESIAN_POINT ( 'NONE',  ( 0.000000000000000000, 0.7401923788646699309, 0.1749999999999969913 ) ) ;
#2279 = EDGE_CURVE ( 'NONE', #1877, #3498, #192, .T. ) ;
#2280 = DIRECTION ( 'NONE',  ( 0.000000000000000000, 0.000000000000000000, 1.000000000000000000 ) ) ;
#2281 = CARTESIAN_POINT ( 'NONE',  ( -0.1662372830351520336, -0.9568847240313341773, -0.2313362983049456201 ) ) ;
#2282 = CARTESIAN_POINT ( 'NONE',  ( -0.9383555045356521962, 0.3460266031350135441, -1.302001348176939688 ) ) ;
#2283 = EDGE_CURVE ( 'NONE', #30, #1508, #372, .T. ) ;
#2284 = CIRCLE ( 'NONE', #2341, 2.747226305059998541 ) ;
#2285 = EDGE_CURVE ( 'NONE', #534, #2340, #3563, .T. ) ;
#2286 = CARTESIAN_POINT ( 'NONE',  ( 0.6938177581493283341, 0.4188117825673198236, -2.999997932958412328 ) ) ;
#2287 = PRODUCT ( '92000A010(Mirror).step', '92000A010(Mirror).step', '', ( #1300 ) ) ;
#2288 = ORIENTED_EDGE ( 'NONE', *, *, #3557, .F. ) ;
#2289 = CARTESIAN_POINT ( 'NONE',  ( -0.0001879891782139525797, -0.7594805777860039742, -0.4250778397298817790 ) ) ;
#2290 = CARTESIAN_POINT ( 'NONE',  ( -1.224646799147350002E-16, -1.000000000000000000, -2.575000000000000178 ) ) ;
#2291 = FACE_OUTER_BOUND ( 'NONE', #226, .T. ) ;
#2292 = CARTESIAN_POINT ( 'NONE',  ( 0.6065863991822489920, -0.2512563132923269493, -4.700000000000000178 ) ) ;
#2293 = CARTESIAN_POINT ( 'NONE',  ( -0.5300065740486815669, 0.5734337263471374069, -2.999973938553293529 ) ) ;
#2294 = CARTESIAN_POINT ( 'NONE',  ( 0.9997824416039676754, -0.02153413610459606331, -1.123565580931877417 ) ) ;
#2295 = ORIENTED_EDGE ( 'NONE', *, *, #3484, .T. ) ;
#2296 = DIRECTION ( 'NONE',  ( 0.000000000000000000, 0.000000000000000000, -1.000000000000000000 ) ) ;
#2297 = CARTESIAN_POINT ( 'NONE',  ( 0.2673629863426876807, 0.6902929539579559792, -0.2019004818280001612 ) ) ;
#2298 = CARTESIAN_POINT ( 'NONE',  ( -0.7212133570549270623, 0.6927717289987751492, -1.276859736694122560 ) ) ;
#2299 = DIRECTION ( 'NONE',  ( -0.08714264840443648741, 0.01733375049386290043, -0.9960450290638858117 ) ) ;
#2300 = CARTESIAN_POINT ( 'NONE',  ( 0.8633558582369899037, -0.2700964429613342821, -2.999984794899098084 ) ) ;
#2301 = ORIENTED_EDGE ( 'NONE', *, *, #3364, .T. ) ;
#2302 = CARTESIAN_POINT ( 'NONE',  ( 0.7401923788646700419, 1.028336654011303983E-13, -1.674999999999949196 ) ) ;
#2303 = CARTESIAN_POINT ( 'NONE',  ( 0.7866767795813500719, -0.01686134507780737840, -0.04664223292933990239 ) ) ;
#2304 = CARTESIAN_POINT ( 'NONE',  ( 1.154700538379251240, -2.121150477449807913E-16, -3.474999999999987654 ) ) ;
#2305 = CARTESIAN_POINT ( 'NONE',  ( 0.7401923788660828007, 2.281986405686666353E-08, -1.325000315221997571 ) ) ;
#2306 = ADVANCED_FACE ( 'NONE', ( #1751 ), #1500, .T. ) ;
#2307 = CYLINDRICAL_SURFACE ( 'NONE', #260, 0.7401923788646699309 ) ;
#2308 = CARTESIAN_POINT ( 'NONE',  ( -0.7231258167903906742, -0.1646377776238840684, -1.139700390882022019 ) ) ;
#2309 = DIRECTION ( 'NONE',  ( 1.000000000000000000, 0.000000000000000000, 0.000000000000000000 ) ) ;
#2310 = DIRECTION ( 'NONE',  ( 1.000000000000000000, 0.000000000000000000, 0.000000000000000000 ) ) ;
#2311 = CARTESIAN_POINT ( 'NONE',  ( -0.6762333286674877542, -0.6751836241524221682, -2.999999991001164545 ) ) ;
#2312 = CARTESIAN_POINT ( 'NONE',  ( 0.6410254037844400621, 0.3700961894323349655, -0.5083333333333359683 ) ) ;
#2313 = CARTESIAN_POINT ( 'NONE',  ( 0.9993957247073645966, -0.03746118463936339016, -1.122505810929064429 ) ) ;
#2314 = ORIENTED_EDGE ( 'NONE', *, *, #781, .F. ) ;
#2315 = CARTESIAN_POINT ( 'NONE',  ( 0.8660254037844380415, -0.5000000000000000000, -1.441666666666660213 ) ) ;
#2316 = CARTESIAN_POINT ( 'NONE',  ( -0.6410254037844400621, 0.3700961894323349655, -1.091666666666670116 ) ) ;
#2317 = CARTESIAN_POINT ( 'NONE',  ( -0.7284336428866728941, 0.1378748765653235453, -0.3125867560568643677 ) ) ;
#2318 = CIRCLE ( 'NONE', #1192, 2.000000000000000000 ) ;
#2319 = CIRCLE ( 'NONE', #692, 0.7401923788646699309 ) ;
#2320 = ORIENTED_EDGE ( 'NONE', *, *, #3445, .F. ) ;
#2321 = DIRECTION ( 'NONE',  ( -1.000000000000000000, 1.224646799147353207E-16, 3.806967005651285212E-31 ) ) ;
#2322 = EDGE_CURVE ( 'NONE', #2471, #2781, #3910, .T. ) ;
#2323 = CARTESIAN_POINT ( 'NONE',  ( -0.5219866587632828736, 0.8922269036098126049, -2.058333333333333570 ) ) ;
#2324 = CARTESIAN_POINT ( 'NONE',  ( -0.5773502691896256200, 1.000000000000000222, -2.008333333333329751 ) ) ;
#2325 = CARTESIAN_POINT ( 'NONE',  ( 0.8547005383792529720, -1.570059417833509065E-16, -3.674999999999990941 ) ) ;
#2326 = CARTESIAN_POINT ( 'NONE',  ( 0.5773502691896256200, 1.000000000000000222, -1.941666666666660657 ) ) ;
#2327 = CARTESIAN_POINT ( 'NONE',  ( -0.7401923788646700419, 0.1983339501604599597, -1.457136720504593974 ) ) ;
#2328 = CARTESIAN_POINT ( 'NONE',  ( -0.7401923788646699309, -1.160886322126799853E-15, -1.925000000000000044 ) ) ;
#2329 = CARTESIAN_POINT ( 'NONE',  ( -0.6062660079411970049, 0.5130490304687703729, -2.999999055732293307 ) ) ;
#2330 = CARTESIAN_POINT ( 'NONE',  ( 0.4273502691896260419, -0.7401923788646699309, -1.208333333333329707 ) ) ;
#2331 = CARTESIAN_POINT ( 'NONE',  ( -0.3697863477484850669, -0.9291312139423653083, -1.001287321025525312 ) ) ;
#2332 = ORIENTED_EDGE ( 'NONE', *, *, #247, .T. ) ;
#2333 = CARTESIAN_POINT ( 'NONE',  ( 0.4273502691896260419, -0.7401923788646699309, -1.258333333333329973 ) ) ;
#2334 = CIRCLE ( 'NONE', #1464, 1.903699164743120065 ) ;
#2335 = DIRECTION ( 'NONE',  ( 0.000000000000000000, 1.000000000000000000, 3.328129455091277128E-15 ) ) ;
#2336 = ORIENTED_EDGE ( 'NONE', *, *, #2234, .F. ) ;
#2337 = CARTESIAN_POINT ( 'NONE',  ( 1.000000000000559330, -0.2679491924301535821, -0.6571367205046548809 ) ) ;
#2338 = CARTESIAN_POINT ( 'NONE',  ( 0.2888958232371602874, -0.7023326060836724283, -1.248969083664527968 ) ) ;
#2339 = EDGE_CURVE ( 'NONE', #1199, #2183, #2978, .T. ) ;
#2340 = VERTEX_POINT ( 'NONE', #2812 ) ;
#2341 = AXIS2_PLACEMENT_3D ( 'NONE', #1238, #2056, #1828 ) ;
#2342 = CARTESIAN_POINT ( 'NONE',  ( -1.000000000000000000, 4.331638506960219548E-16, -1.324999999999999956 ) ) ;
#2343 = CARTESIAN_POINT ( 'NONE',  ( 0.7015730756725776507, -0.2911928931996108916, -0.4990829277747184656 ) ) ;
#2344 = DIRECTION ( 'NONE',  ( 0.000000000000000000, 0.000000000000000000, 1.000000000000000000 ) ) ;
#2345 = EDGE_LOOP ( 'NONE', ( #3315, #288, #3421, #3416 ) ) ;
#2346 = CARTESIAN_POINT ( 'NONE',  ( -0.1570474759590479996, -0.3791461463968189838, -1.886154803078720077 ) ) ;
#2347 = CARTESIAN_POINT ( 'NONE',  ( -0.1937819116403655118, -0.7401923788646703750, -2.008333333333333748 ) ) ;
#2348 = CARTESIAN_POINT ( 'NONE',  ( 0.7401897331082861742, 0.09629860605170018073, -1.733673290073141526 ) ) ;
#2349 = CARTESIAN_POINT ( 'NONE',  ( -1.000000000000000000, 6.586779025730069757E-16, -2.875000000000000000 ) ) ;
#2350 = CARTESIAN_POINT ( 'NONE',  ( 0.6410254037844400621, 0.3700961894323349655, -1.708333333333329929 ) ) ;
#2351 = CARTESIAN_POINT ( 'NONE',  ( -0.7401923788646699309, -2.312508131682119882E-16, -0.7249999999999999778 ) ) ;
#2352 = ORIENTED_EDGE ( 'NONE', *, *, #3889, .T. ) ;
#2353 = EDGE_CURVE ( 'NONE', #3727, #869, #2972, .T. ) ;
#2354 = CARTESIAN_POINT ( 'NONE',  ( -0.8547005383792529720, 5.233531392778363755E-17, -2.324999999999999734 ) ) ;
#2355 = CARTESIAN_POINT ( 'NONE',  ( 0.7248532759737100761, 0.2735788812050370389, -3.254999999999999893 ) ) ;
#2356 = B_SPLINE_CURVE_WITH_KNOTS ( 'NONE', 3,
 ( #2842, #674, #3480, #1593, #1632, #1292, #719, #2493, #3152, #439, #2514, #1918, #420, #2230, #997, #697, #115, #740, #1332, #3718, #2193 ),
 .UNSPECIFIED., .F., .F.,
 ( 4, 2, 2, 2, 2, 2, 2, 2, 1, 2, 4 ),
 ( 0.000000000000000000, 0.06143228196325112300, 0.09214842294487662899, 0.1075064934356893959, 0.1228645639265021905, 0.1842968458897529804, 0.2150129868713783476, 0.2303710573621910451, 0.2380500926075973800, 0.2418896102303005613, 0.2457291278530037149 ),
 .UNSPECIFIED. ) ;
#2357 = CARTESIAN_POINT ( 'NONE',  ( -0.6987962758952006581, 0.2440854487927264782, -0.3031321758044194792 ) ) ;
#2358 = VERTEX_POINT ( 'NONE', #2745 ) ;
#2359 = EDGE_LOOP ( 'NONE', ( #1917, #2492, #2106, #2083 ) ) ;
#2360 = CARTESIAN_POINT ( 'NONE',  ( 0.9999999999781099547, 6.616764702185728042E-06, -0.3250004411174612362 ) ) ;
#2361 = AXIS2_PLACEMENT_3D ( 'NONE', #340, #1547, #3636 ) ;
#2362 = CARTESIAN_POINT ( 'NONE',  ( -2.000000000000000000, 0.000000000000000000, 0.000000000000000000 ) ) ;
#2363 = CARTESIAN_POINT ( 'NONE',  ( -0.8660254037844390407, -0.5000000000000000000, -2.108333333333330284 ) ) ;
#2364 = CARTESIAN_POINT ( 'NONE',  ( 0.000000000000000000, 1.000000000000000000, -0.02500000000000000139 ) ) ;
#2365 = VERTEX_POINT ( 'NONE', #620 ) ;
#2366 = CARTESIAN_POINT ( 'NONE',  ( 0.8328937039940932374, 0.5563292075794127323, -1.562619046572605308 ) ) ;
#2367 = DIRECTION ( 'NONE',  ( 0.000000000000000000, 0.000000000000000000, 1.000000000000000000 ) ) ;
#2368 = FACE_OUTER_BOUND ( 'NONE', #1033, .T. ) ;
#2369 = CARTESIAN_POINT ( 'NONE',  ( 0.000000000000000000, 0.7401923788646699309, -0.9749999999999999778 ) ) ;
#2370 = CARTESIAN_POINT ( 'NONE',  ( 0.5765443271511624390, 0.8185374685128609107, -0.3857616094097450765 ) ) ;
#2371 = CARTESIAN_POINT ( 'NONE',  ( 0.7230218017638786465, 0.1651339603476128237, -0.5397454979487642523 ) ) ;
#2372 = VECTOR ( 'NONE', #1756, 1000.000000000000227 ) ;
#2373 = ORIENTED_EDGE ( 'NONE', *, *, #2181, .T. ) ;
#2374 =( BOUNDED_CURVE ( )  B_SPLINE_CURVE ( 2, ( #3007, #2926, #1492, #2968, #2031, #3595, #2390, #2327, #3899 ),
 .UNSPECIFIED., .F., .F. ) 
 B_SPLINE_CURVE_WITH_KNOTS ( ( 3, 2, 2, 2, 3 ),
 ( 0.5000018569834240312, 0.5833333333335926074, 0.7500000000001518785, 0.9166666666667201424, 1.000000000000000000 ),
 .UNSPECIFIED. ) 
 CURVE ( )  GEOMETRIC_REPRESENTATION_ITEM ( )  RATIONAL_B_SPLINE_CURVE ( ( 0.9330127019254831344, 0.9330141946235979145, 1.000000000000000000, 0.8660254037844389297, 1.000000000000000000, 0.8660254037844389297, 1.000000000000000000, 0.9330127018922194093, 0.9330127018922194093 ) ) 
 REPRESENTATION_ITEM ( '' )  );
#2375 = CARTESIAN_POINT ( 'NONE',  ( 0.6410254037844400621, 0.3700961894323349655, -2.158333333333330106 ) ) ;
#2376 = CARTESIAN_POINT ( 'NONE',  ( -0.6410254037844400621, -0.3700961894323349655, 0.09166666666666278829 ) ) ;
#2377 = CARTESIAN_POINT ( 'NONE',  ( -0.4657657632821270433, 0.5754372212370805206, -0.2687444916377325077 ) ) ;
#2378 = AXIS2_PLACEMENT_3D ( 'NONE', #2922, #1447, #473 ) ;
#2379 = ADVANCED_FACE ( 'NONE', ( #660 ), #68, .T. ) ;
#2380 = CARTESIAN_POINT ( 'NONE',  ( 0.5190292846295579965, -0.8547564575345011351, -0.2598076211353340104 ) ) ;
#2381 = EDGE_LOOP ( 'NONE', ( #2143, #1954, #958, #320, #1061 ) ) ;
#2382 = CARTESIAN_POINT ( 'NONE',  ( -0.6410254037844400621, 0.3700961894323349655, -2.641666666666659946 ) ) ;
#2383 = CARTESIAN_POINT ( 'NONE',  ( -0.9999999999999967804, -0.2617993877991606766, -2.541666666666666963 ) ) ;
#2384 = DIRECTION ( 'NONE',  ( 0.000000000000000000, 0.000000000000000000, 1.000000000000000000 ) ) ;
#2385 = AXIS2_PLACEMENT_3D ( 'NONE', #3325, #924, #980 ) ;
#2386 = PLANE ( 'NONE',  #3801 ) ;
#2387 = ORIENTED_EDGE ( 'NONE', *, *, #3484, .F. ) ;
#2388 = CARTESIAN_POINT ( 'NONE',  ( -0.9990053764755287835, 0.03407936450415475355, -1.722731060334897757 ) ) ;
#2389 = CARTESIAN_POINT ( 'NONE',  ( -0.3945076769221433355, -0.6266010143521587583, -2.789128120757843554 ) ) ;
#2390 = CARTESIAN_POINT ( 'NONE',  ( -0.6410254037844400621, 0.3700961894323349655, -1.441666666666669983 ) ) ;
#2391 = CARTESIAN_POINT ( 'NONE',  ( -1.000000000000000000, 2.521020878909429608E-16, -2.474999999999999645 ) ) ;
#2392 = CARTESIAN_POINT ( 'NONE',  ( 0.2648637593743212171, 0.6912197681171419195, -1.002131989125737865 ) ) ;
#2393 = CARTESIAN_POINT ( 'NONE',  ( 0.08019323721693526197, 0.9969097032620460874, -0.4202372350005098567 ) ) ;
#2394 = ADVANCED_FACE ( 'NONE', ( #197 ), #1408, .T. ) ;
#2395 = CARTESIAN_POINT ( 'NONE',  ( 2.985772607398229768E-15, -0.2735788812050289898, -3.254999999999999893 ) ) ;
#2396 = ORIENTED_EDGE ( 'NONE', *, *, #878, .T. ) ;
#2397 = CARTESIAN_POINT ( 'NONE',  ( -9.064742275298830802E-17, -0.7401923788646699309, -1.975000000000000089 ) ) ;
#2398 = CARTESIAN_POINT ( 'NONE',  ( -0.5647401738644786118, 0.4808465861696290533, -0.2807195434954060653 ) ) ;
#2399 = VERTEX_POINT ( 'NONE', #2305 ) ;
#2400 = ORIENTED_EDGE ( 'NONE', *, *, #3301, .F. ) ;
#2401 = B_SPLINE_CURVE_WITH_KNOTS ( 'NONE', 3,
 ( #1787, #1497, #1217, #3942, #3601, #886, #3052, #1846, #3578, #946, #3283, #2120, #3642, #2052, #2078, #2138, #2720, #1534, #614, #2698, #3307, #3013 ),
 .UNSPECIFIED., .F., .F.,
 ( 4, 1, 1, 1, 1, 1, 1, 1, 1, 1, 1, 1, 1, 1, 1, 1, 1, 1, 1, 4 ),
 ( 0.000000000000000000, 0.01790251970455452105, 0.03580277737325288784, 0.05370080936120416593, 0.07159665203708193149, 0.08949034178290844743, 0.1073819149938404216, 0.1252714080779518124, 0.1412762537423190023, 0.1878625482711782646, 0.2501816699325477567, 0.3124779217636525774, 0.3747631872541882792, 0.4060532318782890671, 0.4373312276500532225, 0.4436557521074561139, 0.4530855232083490503, 0.4656197335172890250, 0.4812572389350490143, 0.4999965891676458885 ),
 .UNSPECIFIED. ) ;
#2402 = CARTESIAN_POINT ( 'NONE',  ( -0.4273502691896260419, 0.7401923788646698199, -2.608333333333331616 ) ) ;
#2403 = EDGE_CURVE ( 'NONE', #3223, #985, #2102, .T. ) ;
#2404 = DIRECTION ( 'NONE',  ( 1.000000000000000000, 0.000000000000000000, 0.000000000000000000 ) ) ;
#2405 = CARTESIAN_POINT ( 'NONE',  ( 0.07331654386631705766, -0.8088365228964990994, -0.07189282342182166941 ) ) ;
#2406 = VERTEX_POINT ( 'NONE', #3321 ) ;
#2407 = B_SPLINE_CURVE_WITH_KNOTS ( 'NONE', 3,
 ( #3198, #1700, #2917, #3237 ),
 .UNSPECIFIED., .F., .F.,
 ( 4, 4 ),
 ( 0.003033331547149929752, 0.004138332743302270203 ),
 .UNSPECIFIED. ) ;
#2408 = CARTESIAN_POINT ( 'NONE',  ( 0.9253973331496286869, 0.3831977719546728611, -1.550457027665023357 ) ) ;
#2409 = AXIS2_PLACEMENT_3D ( 'NONE', #2906, #1355, #478 ) ;
#2410 = CARTESIAN_POINT ( 'NONE',  ( 0.04838692255408752474, -0.7402591742419197818, -2.829017987057659056 ) ) ;
#2411 = FACE_OUTER_BOUND ( 'NONE', #607, .T. ) ;
#2412 = CARTESIAN_POINT ( 'NONE',  ( -0.7401923788646690427, 5.969418031585589354E-15, -2.274999999999999467 ) ) ;
#2413 = CARTESIAN_POINT ( 'NONE',  ( 0.3938007361581244981, 0.6271046715776941172, -0.9891909536205336639 ) ) ;
#2414 = CARTESIAN_POINT ( 'NONE',  ( 0.9739762199467925097, 0.2617281457651460808, -0.3422063302768357240 ) ) ;
#2415 = CARTESIAN_POINT ( 'NONE',  ( -0.6072455040503446089, 0.4319694732539571813, -0.6859101335202700822 ) ) ;
#2416 = ORIENTED_EDGE ( 'NONE', *, *, #3872, .T. ) ;
#2417 = CARTESIAN_POINT ( 'NONE',  ( 0.4273502691896260419, -0.7401923788646698199, -2.008333333333329751 ) ) ;
#2418 = CARTESIAN_POINT ( 'NONE',  ( 0.5773583522979818250, -1.000014000354360499, -1.058325250224970038 ) ) ;
#2419 = EDGE_LOOP ( 'NONE', ( #1026, #51, #1204, #2162 ) ) ;
#2420 = EDGE_LOOP ( 'NONE', ( #3619, #3748, #1774, #3251 ) ) ;
#2421 = CARTESIAN_POINT ( 'NONE',  ( 0.7401923788646743718, 0.1983339501604520771, -2.492863279495405315 ) ) ;
#2422 = CARTESIAN_POINT ( 'NONE',  ( -1.000000000000000000, 6.912039677475719115E-16, -0.9250000000000000444 ) ) ;
#2423 = CARTESIAN_POINT ( 'NONE',  ( -1.000000000000000000, -4.883763603172890508E-15, -2.524999999999999911 ) ) ;
#2424 = CARTESIAN_POINT ( 'NONE',  ( 0.5832364021987338498, -0.6933772771582089600, -0.1655611961091575102 ) ) ;
#2425 = CARTESIAN_POINT ( 'NONE',  ( 0.8660254037844390407, -0.5000000000000000000, 0.1083333333333329901 ) ) ;
#2426 = ORIENTED_EDGE ( 'NONE', *, *, #3586, .F. ) ;
#2427 = CARTESIAN_POINT ( 'NONE',  ( -0.9971592140981893060, 0.09733550016074900280, -1.718519586402193822 ) ) ;
#2428 = EDGE_CURVE ( 'NONE', #1527, #1811, #1258, .T. ) ;
#2429 = AXIS2_PLACEMENT_3D ( 'NONE', #3871, #2344, #2627 ) ;
#2430 = CARTESIAN_POINT ( 'NONE',  ( -0.7401923788646699309, 1.181795160448849902E-15, -2.725000000000000089 ) ) ;
#2431 = CYLINDRICAL_SURFACE ( 'NONE', #757, 1.000000000000000000 ) ;
#2432 = CARTESIAN_POINT ( 'NONE',  ( 0.3878251953516899664, -0.9217329428041640682, -3.000000000000000000 ) ) ;
#2433 = CARTESIAN_POINT ( 'NONE',  ( -0.3543251992678593254, 0.9352479293692002038, -0.4476197345479298040 ) ) ;
#2434 = CARTESIAN_POINT ( 'NONE',  ( 0.000000000000000000, 0.2735788812050370389, -3.254999999999999893 ) ) ;
#2435 = ORIENTED_EDGE ( 'NONE', *, *, #3158, .T. ) ;
#2436 = CARTESIAN_POINT ( 'NONE',  ( -0.7392994531599264008, -0.02761247190236583438, -1.127475380342429778 ) ) ;
#2437 = CARTESIAN_POINT ( 'NONE',  ( -0.7401923788646348479, -0.1983339501605205779, -1.892863279495412998 ) ) ;
#2438 = CARTESIAN_POINT ( 'NONE',  ( 0.5773583522979818250, -1.000014000354360499, -0.6583252502249753446 ) ) ;
#2439 = ORIENTED_EDGE ( 'NONE', *, *, #1206, .T. ) ;
#2440 = CARTESIAN_POINT ( 'NONE',  ( 0.5773502691896256200, 1.000000000000000222, -2.341666666666659236 ) ) ;
#2441 = CARTESIAN_POINT ( 'NONE',  ( -0.8331669811726365449, -0.5559149503494715816, -1.362577222129995214 ) ) ;
#2442 = CARTESIAN_POINT ( 'NONE',  ( 0.7228808722543023091, 0.3589421273765944220, -0.06637366866010253885 ) ) ;
#2443 = CARTESIAN_POINT ( 'NONE',  ( -0.3791461463968269774, 0.1570474759590479996, -1.886154803078720077 ) ) ;
#2444 = DIRECTION ( 'NONE',  ( 0.000000000000000000, 0.000000000000000000, 1.000000000000000000 ) ) ;
#2445 = CARTESIAN_POINT ( 'NONE',  ( 0.6537996578946784210, -0.6470156216175056985, -0.1796359261383598249 ) ) ;
#2446 = CARTESIAN_POINT ( 'NONE',  ( -1.154700538379251240, -2.121150477449807913E-16, 0.2749999999999991895 ) ) ;
#2447 = ORIENTED_EDGE ( 'NONE', *, *, #1773, .T. ) ;
#2448 = CARTESIAN_POINT ( 'NONE',  ( -1.224646799147350002E-16, -1.000000000000000000, -2.174999999999999822 ) ) ;
#2449 = CARTESIAN_POINT ( 'NONE',  ( 0.5560147593160726931, -0.4909786062002630680, -2.879409145557197736 ) ) ;
#2450 = DIRECTION ( 'NONE',  ( -7.705735527519069208E-15, 1.000000000000000000, 0.000000000000000000 ) ) ;
#2451 = VECTOR ( 'NONE', #412, 999.9999999999998863 ) ;
#2452 = CARTESIAN_POINT ( 'NONE',  ( -0.6410254037844400621, 0.3700961894323349655, -3.091666666666659680 ) ) ;
#2453 = EDGE_CURVE ( 'NONE', #2568, #394, #3003, .T. ) ;
#2454 = CARTESIAN_POINT ( 'NONE',  ( -0.2348310065710432770, 0.9725868086081718156, -0.4395689414069684497 ) ) ;
#2455 = DIRECTION ( 'NONE',  ( 0.000000000000000000, 0.000000000000000000, 1.000000000000000000 ) ) ;
#2456 = ORIENTED_EDGE ( 'NONE', *, *, #2951, .T. ) ;
#2457 = CARTESIAN_POINT ( 'NONE',  ( 0.6282521141019965505, 0.3943163321912060981, -1.360942731012215967 ) ) ;
#2458 = DIRECTION ( 'NONE',  ( 0.000000000000000000, 0.000000000000000000, 1.000000000000000000 ) ) ;
#2459 = ADVANCED_FACE ( 'NONE', ( #649, #3022 ), #1545, .F. ) ;
#2460 = EDGE_CURVE ( 'NONE', #185, #2871, #297, .T. ) ;
#2461 = CARTESIAN_POINT ( 'NONE',  ( 0.8660375284469739032, -0.5000070001771790285, -1.091658583558309914 ) ) ;
#2462 = EDGE_LOOP ( 'NONE', ( #2525, #2054, #1817, #1189 ) ) ;
#2463 = CARTESIAN_POINT ( 'NONE',  ( -1.000000000000000000, -1.132740442366720088E-16, -2.125000000000000000 ) ) ;
#2464 = CARTESIAN_POINT ( 'NONE',  ( -0.7401923788645556890, -0.1983339501606577182, -0.2928632794954289520 ) ) ;
#2465 = CARTESIAN_POINT ( 'NONE',  ( 0.9935402094562327813, 0.1310217425233403121, -1.133675371712527857 ) ) ;
#2466 = CARTESIAN_POINT ( 'NONE',  ( -0.4432669576513353915, -0.8965403673456140421, -0.9959464911535066411 ) ) ;
#2467 = CARTESIAN_POINT ( 'NONE',  ( -0.4467757254078429385, -0.5916947573415173300, -0.7834640093514207981 ) ) ;
#2468 = ADVANCED_FACE ( 'NONE', ( #9 ), #1067, .F. ) ;
#2469 = FACE_OUTER_BOUND ( 'NONE', #1599, .T. ) ;
#2470 = VECTOR ( 'NONE', #3855, 1000.000000000000000 ) ;
#2471 = VERTEX_POINT ( 'NONE', #3591 ) ;
#2472 = CARTESIAN_POINT ( 'NONE',  ( -0.5773502691896256200, -1.000000000000000222, -2.141666666666663055 ) ) ;
#2473 = CARTESIAN_POINT ( 'NONE',  ( 0.1651920426442419765, -0.7227844545140724719, -2.838893762366091700 ) ) ;
#2474 = CARTESIAN_POINT ( 'NONE',  ( 0.7401923788646698199, 1.090708404669663923E-14, -2.125000000000000000 ) ) ;
#2475 = CARTESIAN_POINT ( 'NONE',  ( -0.8547005383792529720, 5.233531392778363755E-17, -1.925000000000000266 ) ) ;
#2476 = CARTESIAN_POINT ( 'NONE',  ( 0.8660254037844390407, 0.5000000000000000000, -1.108333333333329840 ) ) ;
#2477 = CARTESIAN_POINT ( 'NONE',  ( 0.000000000000000000, 0.000000000000000000, 0.000000000000000000 ) ) ;
#2478 = CARTESIAN_POINT ( 'NONE',  ( 0.000000000000000000, 0.000000000000000000, 0.000000000000000000 ) ) ;
#2479 = ORIENTED_EDGE ( 'NONE', *, *, #729, .F. ) ;
#2480 = CARTESIAN_POINT ( 'NONE',  ( 0.7002246423617464188, 0.2447685631515729709, -1.346978761318591511 ) ) ;
#2481 = CARTESIAN_POINT ( 'NONE',  ( 0.8660375284469739032, 0.5000070001771780293, -1.158325250224970127 ) ) ;
#2482 = EDGE_CURVE ( 'NONE', #1210, #1527, #2256, .T. ) ;
#2483 = ORIENTED_EDGE ( 'NONE', *, *, #2684, .T. ) ;
#2484 = CARTESIAN_POINT ( 'NONE',  ( -0.7401923788646690427, 4.779484580118589535E-15, -1.474999999999999867 ) ) ;
#2485 = CARTESIAN_POINT ( 'NONE',  ( 0.2870652539308480300, 0.6822596996122199942, -3.000000000000000000 ) ) ;
#2486 = ADVANCED_FACE ( 'NONE', ( #2712 ), #2386, .F. ) ;
#2487 = DIRECTION ( 'NONE',  ( 0.000000000000000000, 1.000000000000000000, 3.189333839277121588E-15 ) ) ;
#2488 = CARTESIAN_POINT ( 'NONE',  ( 0.5057088387326847956, 0.8628192706028772196, -1.191225394720677011 ) ) ;
#2489 = B_SPLINE_CURVE_WITH_KNOTS ( 'NONE', 3,
 ( #984, #2178, #3410, #2557, #442, #99, #1884, #406, #3762, #1598, #3745, #2828, #1316, #2867, #80, #59, #2233, #2847, #1002, #3464, #657, #2498, #3723, #743, #1054, #3781, #1278, #425, #724, #2199, #3428, #1940, #703, #1906, #3446, #2789, #365, #3139, #3171, #1617, #1650 ),
 .UNSPECIFIED., .F., .F.,
 ( 4, 2, 2, 2, 2, 2, 2, 2, 2, 2, 2, 2, 1, 2, 2, 2, 2, 2, 2, 2, 4 ),
 ( 0.000000000000000000, 0.09642855941515598994, 0.1205356992689449736, 0.1265624842323922472, 0.1325892691958395209, 0.1446428391227340959, 0.1687499789765233293, 0.1808035489034179599, 0.1868303338668652613, 0.1928571188303125628, 0.2410713985378911683, 0.2892856782454698017, 0.3013392481723644600, 0.3073660331358118447, 0.3133928180992592294, 0.3374999579530486016, 0.3616070978068379738, 0.3736606677337325766, 0.3796874526971799613, 0.3827008451789036259, 0.3857142376606272904 ),
 .UNSPECIFIED. ) ;
#2490 = CARTESIAN_POINT ( 'NONE',  ( 0.6870557726237633833, -0.2753969740477557049, -0.9003092258427913830 ) ) ;
#2491 = CARTESIAN_POINT ( 'NONE',  ( -0.7169121301492470399, 0.5280834366074835806, -0.1490304593730661931 ) ) ;
#2492 = ORIENTED_EDGE ( 'NONE', *, *, #1833, .T. ) ;
#2493 = CARTESIAN_POINT ( 'NONE',  ( 0.8552299822474067614, -0.5185462915248592042, -0.2904032543706607239 ) ) ;
#2494 = DIRECTION ( 'NONE',  ( 0.000000000000000000, 0.000000000000000000, 1.000000000000000000 ) ) ;
#2495 = CARTESIAN_POINT ( 'NONE',  ( -1.224646799147350002E-16, -1.000000000000000000, -1.375000000000000000 ) ) ;
#2496 = CARTESIAN_POINT ( 'NONE',  ( -0.8660254037844390407, 0.5000000000000000000, -1.241666666666660035 ) ) ;
#2497 = CARTESIAN_POINT ( 'NONE',  ( 0.6410254037844400621, 0.3700961894323349655, -2.508333333333330195 ) ) ;
#2498 = CARTESIAN_POINT ( 'NONE',  ( 0.5848965506768201150, -0.4562668637547196981, -0.08341476839123602993 ) ) ;
#2499 = APPLICATION_CONTEXT ( 'automotive_design' ) ;
#2500 = DIRECTION ( 'NONE',  ( 0.000000000000000000, 0.000000000000000000, 1.000000000000000000 ) ) ;
#2501 = CARTESIAN_POINT ( 'NONE',  ( -0.8660375284469739032, 0.5000070001771790285, -3.291658583558299878 ) ) ;
#2502 =( BOUNDED_CURVE ( )  B_SPLINE_CURVE ( 2, ( #2126, #916, #1205, #1183, #3357, #1793, #3631, #2107, #1735 ),
 .UNSPECIFIED., .F., .T. ) 
 B_SPLINE_CURVE_WITH_KNOTS ( ( 3, 2, 2, 2, 3 ),
 ( 0.06700757721357973595, 0.2225050022680594153, 0.5335030013608329513, 0.8445010004536162018, 1.000000000000000000 ),
 .UNSPECIFIED. ) 
 CURVE ( )  GEOMETRIC_REPRESENTATION_ITEM ( )  RATIONAL_B_SPLINE_CURVE ( ( 0.9330127018990872489, 0.9330133801664148852, 1.000000000000000000, 0.8660254037844389297, 1.000000000000000000, 0.8660254037844389297, 1.000000000000000000, 0.9330127018922194093, 0.9330127018922195203 ) ) 
 REPRESENTATION_ITEM ( '' )  );
#2503 = EDGE_CURVE ( 'NONE', #3896, #3925, #606, .T. ) ;
#2504 = ORIENTED_EDGE ( 'NONE', *, *, #2159, .F. ) ;
#2505 = FACE_OUTER_BOUND ( 'NONE', #1320, .T. ) ;
#2506 = CARTESIAN_POINT ( 'NONE',  ( 0.3917035912742206638, -0.9483051117086350734, -1.449067760252442216 ) ) ;
#2507 = CARTESIAN_POINT ( 'NONE',  ( 0.5298172155544604855, 0.8482288850293646654, -1.189350601081755388 ) ) ;
#2508 = ADVANCED_BREP_SHAPE_REPRESENTATION ( '92000A010(Mirror).step', ( #663, #730 ), #3575 ) ;
#2509 = CARTESIAN_POINT ( 'NONE',  ( 0.7154632671451934822, -0.1912666416048473539, -0.9078472314678882604 ) ) ;
#2510 =( BOUNDED_CURVE ( )  B_SPLINE_CURVE ( 2, ( #2349, #1473, #1233, #882, #3597, #632, #2432 ),
 .UNSPECIFIED., .F., .T. ) 
 B_SPLINE_CURVE_WITH_KNOTS ( ( 3, 2, 2, 3 ),
 ( 0.000000000000000000, 0.2655458161385514937, 0.7966374484135307910, 1.000000000000000000 ),
 .UNSPECIFIED. ) 
 CURVE ( )  GEOMETRIC_REPRESENTATION_ITEM ( )  RATIONAL_B_SPLINE_CURVE ( ( 0.9330127018922194093, 0.9330127018919551762, 1.000000000000000000, 0.8660254037844389297, 1.000000000000000000, 0.9486992185934963739, 0.9366860371836880361 ) ) 
 REPRESENTATION_ITEM ( '' )  );
#2511 = CARTESIAN_POINT ( 'NONE',  ( -0.2534210136708330841, 0.8279517673925654853, -0.1225234063231267073 ) ) ;
#2512 = ORIENTED_EDGE ( 'NONE', *, *, #2105, .T. ) ;
#2513 = DIRECTION ( 'NONE',  ( -0.06666269134683221187, -0.06666269134682650810, -0.9955461672694012609 ) ) ;
#2514 = CARTESIAN_POINT ( 'NONE',  ( 0.9309427521205363432, -0.3749971056249387091, -0.3000702640604036020 ) ) ;
#2515 = CARTESIAN_POINT ( 'NONE',  ( 0.6879994949053080955, -0.6599764135918662067, -3.000000091004115355 ) ) ;
#2516 = CARTESIAN_POINT ( 'NONE',  ( 0.000000000000000000, 0.7401923788646699309, -3.425000000000000266 ) ) ;
#2517 = CARTESIAN_POINT ( 'NONE',  ( -0.6410254037844400621, 0.3700961894323349655, -3.441666666666659768 ) ) ;
#2518 = CIRCLE ( 'NONE', #2706, 1.112813416937029842 ) ;
#2519 = CYLINDRICAL_SURFACE ( 'NONE', #1654, 1.000000000000000000 ) ;
#2520 = AXIS2_PLACEMENT_3D ( 'NONE', #2196, #36, #1276 ) ;
#2521 = DIRECTION ( 'NONE',  ( 0.000000000000000000, 0.000000000000000000, -1.000000000000000000 ) ) ;
#2522 = CARTESIAN_POINT ( 'NONE',  ( -0.7401923788646769253, 0.1983339501604479971, -0.2571367205045961835 ) ) ;
#2523 = ADVANCED_FACE ( 'NONE', ( #2753 ), #2928, .F. ) ;
#2524 = CARTESIAN_POINT ( 'NONE',  ( -0.5773583522979830462, -1.000014000354360499, -2.991658583558300499 ) ) ;
#2525 = ORIENTED_EDGE ( 'NONE', *, *, #2048, .F. ) ;
#2526 = FACE_OUTER_BOUND ( 'NONE', #1973, .T. ) ;
#2527 = CARTESIAN_POINT ( 'NONE',  ( 0.2376932189172205334, 0.7011022884460086368, -0.2046992343059736708 ) ) ;
#2528 = CARTESIAN_POINT ( 'NONE',  ( -0.5203772751293637144, -0.8002587935245351058, -0.2143706858244215918 ) ) ;
#2529 = CARTESIAN_POINT ( 'NONE',  ( 0.6384712133475433093, 0.7703296077445216383, -1.180467211590686682 ) ) ;
#2530 = CARTESIAN_POINT ( 'NONE',  ( -1.000000000000000000, -1.180128981962409925E-15, -2.075000000000000178 ) ) ;
#2531 = CARTESIAN_POINT ( 'NONE',  ( 0.09475010008282890028, -0.7344892494314210207, -0.8327150584151975510 ) ) ;
#2532 = CARTESIAN_POINT ( 'NONE',  ( 0.5018585599700819966, -0.5018585599700730038, -4.690232114873239766 ) ) ;
#2533 = VERTEX_POINT ( 'NONE', #2701 ) ;
#2534 = CARTESIAN_POINT ( 'NONE',  ( 0.8922269036098131600, -0.5219866587632817634, -1.891666666666667052 ) ) ;
#2535 = EDGE_CURVE ( 'NONE', #193, #2041, #1750, .T. ) ;
#2536 = PLANE ( 'NONE',  #364 ) ;
#2537 = CARTESIAN_POINT ( 'NONE',  ( 0.7370231038173493676, 0.3594223220732192248, -3.000092952255579704 ) ) ;
#2538 = CARTESIAN_POINT ( 'NONE',  ( 1.154700538379251240, -2.121150477449807913E-16, -1.075000000000000178 ) ) ;
#2539 = CARTESIAN_POINT ( 'NONE',  ( 0.000000000000000000, 0.7401923788646699309, -1.775000000000000133 ) ) ;
#2540 = CARTESIAN_POINT ( 'NONE',  ( 0.5267954714537133043, 0.5219477161345864591, -1.373951288331707321 ) ) ;
#2541 = CARTESIAN_POINT ( 'NONE',  ( -0.7401923788646699309, -4.674908545990279514E-15, -0.2750000000000040745 ) ) ;
#2542 = CARTESIAN_POINT ( 'NONE',  ( -1.224663944636500236E-16, -1.000014000354360055, -1.424991916891640065 ) ) ;
#2543 = CARTESIAN_POINT ( 'NONE',  ( -1.000000000000000000, -2.693991570745850171E-16, -0.8750000000000000000 ) ) ;
#2544 = ORIENTED_EDGE ( 'NONE', *, *, #3328, .F. ) ;
#2545 = CARTESIAN_POINT ( 'NONE',  ( 0.7401923788646699309, 0.000000000000000000, 0.000000000000000000 ) ) ;
#2546 = CARTESIAN_POINT ( 'NONE',  ( -0.06696981547430681803, 0.7397024317823442940, -0.2304717917746277600 ) ) ;
#2547 = CARTESIAN_POINT ( 'NONE',  ( -0.2363974271488054335, -0.9390096388713752296, -0.2282036146093691653 ) ) ;
#2548 = CARTESIAN_POINT ( 'NONE',  ( -0.2735788812050309882, -1.078660417681859940, -3.254999999999999893 ) ) ;
#2549 = CARTESIAN_POINT ( 'NONE',  ( 0.4248417133837218973, -0.6072100652207341742, -0.8640325643559823021 ) ) ;
#2550 = CARTESIAN_POINT ( 'NONE',  ( -0.9105456862469659685, 0.08632981792426634715, -0.1703533078624303310 ) ) ;
#2551 = ORIENTED_EDGE ( 'NONE', *, *, #3177, .F. ) ;
#2552 = SURFACE_SIDE_STYLE ('',( #3832 ) ) ;
#2553 = CARTESIAN_POINT ( 'NONE',  ( 0.7396151719602188646, -0.03016973485428165597, -2.922287459568519985 ) ) ;
#2554 = CARTESIAN_POINT ( 'NONE',  ( -0.8660254037844390407, 0.5000000000000000000, -1.641666666666659946 ) ) ;
#2555 = CARTESIAN_POINT ( 'NONE',  ( 0.4273502691896271521, 0.7401923788646699309, -2.141666666666663055 ) ) ;
#2556 = EDGE_CURVE ( 'NONE', #2840, #1199, #2977, .T. ) ;
#2557 = CARTESIAN_POINT ( 'NONE',  ( 0.09954279542938596070, -0.7340961988679279848, -0.03349803302794693988 ) ) ;
#2558 = CARTESIAN_POINT ( 'NONE',  ( 0.000000000000000000, -1.257674520083189877E-14, -3.306000000000000050 ) ) ;
#2559 = CARTESIAN_POINT ( 'NONE',  ( -0.8049341677888708357, -0.4606896336752918653, -3.000071482339934814 ) ) ;
#2560 = CARTESIAN_POINT ( 'NONE',  ( 0.8660375284469739032, 0.5000070001771780293, -1.558325250224970038 ) ) ;
#2561 = CARTESIAN_POINT ( 'NONE',  ( -0.7038734312233698720, -0.7103274453129347910, -0.9746912561834047972 ) ) ;
#2562 = ORIENTED_EDGE ( 'NONE', *, *, #2601, .F. ) ;
#2563 = CARTESIAN_POINT ( 'NONE',  ( 0.6410254037844400621, -0.3700961894323349655, -0.8916666666666670515 ) ) ;
#2564 = CARTESIAN_POINT ( 'NONE',  ( 0.2861493273087773459, 0.6827194820940845066, -0.2001051782538532386 ) ) ;
#2565 = CARTESIAN_POINT ( 'NONE',  ( -0.3577418812795787884, -0.8942465494044722352, -0.2226468250117953629 ) ) ;
#2566 = LINE ( 'NONE', #2897, #687 ) ;
#2567 = DIRECTION ( 'NONE',  ( 0.9238795325112882928, 0.3826834323650861736, -9.708473376954254533E-15 ) ) ;
#2568 = VERTEX_POINT ( 'NONE', #2355 ) ;
#2569 = CARTESIAN_POINT ( 'NONE',  ( 0.4273502691896260419, -0.7401923788646698199, -1.608333333333330728 ) ) ;
#2570 = AXIS2_PLACEMENT_3D ( 'NONE', #455, #1370, #979 ) ;
#2571 = CARTESIAN_POINT ( 'NONE',  ( 0.7400741191499692340, -0.01520242281081097581, -2.923631840855996256 ) ) ;
#2572 = CARTESIAN_POINT ( 'NONE',  ( 0.5773502691896256200, -1.000000000000000222, -1.008333333333330861 ) ) ;
#2573 = TOROIDAL_SURFACE ( 'NONE', #2378, 1.693999999999999950, 0.3059999999999999942 ) ;
#2574 = CARTESIAN_POINT ( 'NONE',  ( 0.000000000000000000, 1.000000000000000000, -1.975000000000000089 ) ) ;
#2575 = FACE_OUTER_BOUND ( 'NONE', #1348, .T. ) ;
#2576 = CARTESIAN_POINT ( 'NONE',  ( -0.5816962115820211165, 0.5344267575246948176, -2.999991101872011789 ) ) ;
#2577 = CARTESIAN_POINT ( 'NONE',  ( -0.5773583522979830462, -1.000014000354360499, -2.591658583558301920 ) ) ;
#2578 = AXIS2_PLACEMENT_3D ( 'NONE', #448, #2260, #3493 ) ;
#2579 = CARTESIAN_POINT ( 'NONE',  ( 0.9250629372004838258, -0.3798305812784110724, -1.099797130980581406 ) ) ;
#2580 = VERTEX_POINT ( 'NONE', #555 ) ;
#2581 = CARTESIAN_POINT ( 'NONE',  ( 0.2870652539308480300, 0.6822596996122199942, -3.000000000000000000 ) ) ;
#2582 = AXIS2_PLACEMENT_3D ( 'NONE', #2851, #1853, #3174 ) ;
#2583 = CARTESIAN_POINT ( 'NONE',  ( 0.5773502691896256200, -1.000000000000000222, -1.808333333333332904 ) ) ;
#2584 = CARTESIAN_POINT ( 'NONE',  ( -0.8800734470577235014, 0.4884044360822258901, -1.292645286976426444 ) ) ;
#2585 = EDGE_CURVE ( 'NONE', #1145, #2358, #889, .T. ) ;
#2586 = DIRECTION ( 'NONE',  ( 0.000000000000000000, 0.000000000000000000, 1.000000000000000000 ) ) ;
#2587 = DIRECTION ( 'NONE',  ( 1.000000000000000000, 0.000000000000000000, 0.000000000000000000 ) ) ;
#2588 = ORIENTED_EDGE ( 'NONE', *, *, #2403, .F. ) ;
#2589 = DIRECTION ( 'NONE',  ( 3.774944211304780467E-15, -1.000000000000000000, 0.000000000000000000 ) ) ;
#2590 = CARTESIAN_POINT ( 'NONE',  ( -0.2668652627497153373, -0.7062760620946022527, -0.4026661512977729451 ) ) ;
#2591 = LINE ( 'NONE', #2903, #2846 ) ;
#2592 = DIRECTION ( 'NONE',  ( 1.000000000000000000, 0.000000000000000000, 0.000000000000000000 ) ) ;
#2593 = CARTESIAN_POINT ( 'NONE',  ( -0.5219866587632847610, 0.8922269036098112727, -2.858333333333333837 ) ) ;
#2594 = CARTESIAN_POINT ( 'NONE',  ( -0.8022209263783450783, 0.2391833376775533704, -3.000000508510731745 ) ) ;
#2595 = CARTESIAN_POINT ( 'NONE',  ( 0.000000000000000000, 0.7401923788646699309, -1.375000000000000000 ) ) ;
#2596 = CARTESIAN_POINT ( 'NONE',  ( 0.7215219449976101318, -0.6924500505117940907, -1.076889446786125637 ) ) ;
#2597 = VERTEX_POINT ( 'NONE', #931 ) ;
#2598 = CARTESIAN_POINT ( 'NONE',  ( 0.4273502691896271521, 0.7401923788646699309, -0.5916666666666677843 ) ) ;
#2599 = CARTESIAN_POINT ( 'NONE',  ( 0.6604195542700068700, 0.3863705466856134918, -2.558333333333333570 ) ) ;
#2600 = CARTESIAN_POINT ( 'NONE',  ( -0.2427780993838097034, -0.9371041089225352616, -0.2279076431816057235 ) ) ;
#2601 = EDGE_CURVE ( 'NONE', #419, #306, #2284, .T. ) ;
#2602 = CARTESIAN_POINT ( 'NONE',  ( -0.4329432074468325120, 0.9016499615894120190, -1.253264531929893844 ) ) ;
#2603 = VECTOR ( 'NONE', #263, 1000.000000000000000 ) ;
#2604 = CARTESIAN_POINT ( 'NONE',  ( 0.6235878767312542648, 0.4964381530325389646, -3.000029145720774615 ) ) ;
#2605 = EDGE_CURVE ( 'NONE', #2179, #2091, #3611, .T. ) ;
#2606 = ORIENTED_EDGE ( 'NONE', *, *, #2833, .F. ) ;
#2607 = CARTESIAN_POINT ( 'NONE',  ( 0.7401923788646698199, -1.296141708455227137E-14, -2.474999999999996980 ) ) ;
#2608 = CARTESIAN_POINT ( 'NONE',  ( 0.6831461910673083393, -0.3518725858765157088, -0.02818719641257500311 ) ) ;
#2609 = CARTESIAN_POINT ( 'NONE',  ( -1.154700538379251240, 7.070501591499382719E-17, -3.274999999999991473 ) ) ;
#2610 = CARTESIAN_POINT ( 'NONE',  ( 0.000000000000000000, 0.000000000000000000, 0.000000000000000000 ) ) ;
#2611 = DIRECTION ( 'NONE',  ( 0.000000000000000000, 0.000000000000000000, 1.000000000000000000 ) ) ;
#2612 = DIRECTION ( 'NONE',  ( 0.9961946980917458783, 1.015220138407319742E-14, 0.08715574274765508500 ) ) ;
#2613 = DIRECTION ( 'NONE',  ( 0.000000000000000000, 0.000000000000000000, 1.000000000000000000 ) ) ;
#2614 = CARTESIAN_POINT ( 'NONE',  ( -0.8074240994244462621, 0.2272960709023590653, -3.000000004469359105 ) ) ;
#2615 = CARTESIAN_POINT ( 'NONE',  ( 0.4323423095976388075, -0.9019376160936396492, -1.053220599788429634 ) ) ;
#2616 = ORIENTED_EDGE ( 'NONE', *, *, #3586, .T. ) ;
#2617 = CARTESIAN_POINT ( 'NONE',  ( -0.4273502691896271521, -0.7401923788646699309, -0.7916666666666669627 ) ) ;
#2618 = CARTESIAN_POINT ( 'NONE',  ( -0.2312489127384130816, 0.7033615073348765678, -0.2447092416724126751 ) ) ;
#2619 = CONICAL_SURFACE ( 'NONE', #3911, 1.500000000000000000, 0.2617993877991502405 ) ;
#2620 = CARTESIAN_POINT ( 'NONE',  ( -0.3209233814124041184, 0.9494816143154020116, -1.245212781036608929 ) ) ;
#2621 = CIRCLE ( 'NONE', #1738, 1.903699164743120065 ) ;
#2622 = CARTESIAN_POINT ( 'NONE',  ( 0.8660254037844380415, -0.5000000000000000000, -0.6416666666666649421 ) ) ;
#2623 = CARTESIAN_POINT ( 'NONE',  ( 0.7653003677702062690, 0.3123306825599512782, -3.000054212688691990 ) ) ;
#2624 = ORIENTED_EDGE ( 'NONE', *, *, #1129, .T. ) ;
#2625 = CARTESIAN_POINT ( 'NONE',  ( 0.7477222373097169861, 0.3885489136734460169, -4.569113484364081046 ) ) ;
#2626 = CARTESIAN_POINT ( 'NONE',  ( 0.6126995609565318857, -0.4550989406006748506, -0.02184288159828701517 ) ) ;
#2627 = DIRECTION ( 'NONE',  ( 1.000000000000000000, 0.000000000000000000, 0.000000000000000000 ) ) ;
#2628 = CARTESIAN_POINT ( 'NONE',  ( -0.4273502691896271521, -0.7401923788646699309, -3.541666666666658081 ) ) ;
#2629 = DIRECTION ( 'NONE',  ( -1.000000000000000000, 0.000000000000000000, 0.000000000000000000 ) ) ;
#2630 = CYLINDRICAL_SURFACE ( 'NONE', #47, 0.7401923788646699309 ) ;
#2631 = CARTESIAN_POINT ( 'NONE',  ( 0.000000000000000000, 0.000000000000000000, 0.000000000000000000 ) ) ;
#2632 = CARTESIAN_POINT ( 'NONE',  ( -0.6472634511877236596, 0.4732465450688617681, -3.000002104793852986 ) ) ;
#2633 = CARTESIAN_POINT ( 'NONE',  ( 0.8547005383792529720, -1.570059417833509065E-16, -1.275000000000000355 ) ) ;
#2634 = EDGE_CURVE ( 'NONE', #3666, #1259, #3562, .T. ) ;
#2635 = CARTESIAN_POINT ( 'NONE',  ( -0.06834023945068228023, -1.000009110801132639, -1.020894193262141147 ) ) ;
#2636 = EDGE_LOOP ( 'NONE', ( #3873, #232 ) ) ;
#2637 = CARTESIAN_POINT ( 'NONE',  ( 0.6410254037844400621, -0.3700961894323349655, -0.4916666666666680285 ) ) ;
#2638 = CARTESIAN_POINT ( 'NONE',  ( 0.6338180969881318516, -0.3825000005443481288, -0.04057937016648954093 ) ) ;
#2639 = EDGE_CURVE ( 'NONE', #2871, #1877, #1159, .T. ) ;
#2640 = ORIENTED_EDGE ( 'NONE', *, *, #2689, .T. ) ;
#2641 = AXIS2_PLACEMENT_3D ( 'NONE', #1708, #567, #218 ) ;
#2642 = CARTESIAN_POINT ( 'NONE',  ( -0.7497746558203480793, 0.3988671183063999814, -4.687051102989169493 ) ) ;
#2643 = ORIENTED_EDGE ( 'NONE', *, *, #3207, .T. ) ;
#2644 = CARTESIAN_POINT ( 'NONE',  ( 0.000000000000000000, 1.693999999999987294, -3.305999999999994721 ) ) ;
#2645 = CARTESIAN_POINT ( 'NONE',  ( -0.4346037912151327065, -0.6054814651109949875, -0.3853352451303104775 ) ) ;
#2646 = CARTESIAN_POINT ( 'NONE',  ( 0.000000000000000000, 1.000000000000000000, -3.174999999999999822 ) ) ;
#2647 = ORIENTED_EDGE ( 'NONE', *, *, #3785, .T. ) ;
#2648 = CARTESIAN_POINT ( 'NONE',  ( 0.9999999999999995559, -1.189502530748162176E-08, -1.524999999206998691 ) ) ;
#2649 = ADVANCED_FACE ( 'NONE', ( #3725 ), #367, .F. ) ;
#2650 = CARTESIAN_POINT ( 'NONE',  ( -0.6604195542700053156, -0.3863705466856157122, -1.958333333333333703 ) ) ;
#2651 = CARTESIAN_POINT ( 'NONE',  ( 0.000000000000000000, 0.000000000000000000, -1.913471915518750479E-17 ) ) ;
#2652 = CARTESIAN_POINT ( 'NONE',  ( 0.2467099050561308016, 0.6980228648447250883, -1.003844169469951808 ) ) ;
#2653 = CARTESIAN_POINT ( 'NONE',  ( 1.154716704595970533, -2.121180174308142071E-16, -3.524991916891639487 ) ) ;
#2654 = CARTESIAN_POINT ( 'NONE',  ( 0.5129328634893485228, -0.8587781066987538736, -1.059263937208215545 ) ) ;
#2655 = ORIENTED_EDGE ( 'NONE', *, *, #2453, .F. ) ;
#2656 = CARTESIAN_POINT ( 'NONE',  ( 0.6410254037844400621, 0.3700961894323349655, -1.358333333333329840 ) ) ;
#2657 = CARTESIAN_POINT ( 'NONE',  ( 0.6423273860733135221, 0.3709785551786432545, -0.1082435159809958664 ) ) ;
#2658 = CARTESIAN_POINT ( 'NONE',  ( -0.7401923788646699309, -2.312508131682119882E-16, -0.3250000000000000111 ) ) ;
#2659 = ORIENTED_EDGE ( 'NONE', *, *, #2556, .T. ) ;
#2660 = ORIENTED_EDGE ( 'NONE', *, *, #1501, .F. ) ;
#2661 = TOROIDAL_SURFACE ( 'NONE', #2809, 1.693999999999999950, 0.3059999999999999942 ) ;
#2662 = CARTESIAN_POINT ( 'NONE',  ( -0.5217329451814788355, -0.5250527886823996848, -0.7746078483161648043 ) ) ;
#2663 = FACE_OUTER_BOUND ( 'NONE', #636, .T. ) ;
#2664 = CARTESIAN_POINT ( 'NONE',  ( 0.4000000000000000222, 6.233884196379200648E-17, -4.700000000000000178 ) ) ;
#2665 = EDGE_LOOP ( 'NONE', ( #2139, #2862, #1457, #3850 ) ) ;
#2666 = CARTESIAN_POINT ( 'NONE',  ( 0.9584923350052212410, 0.2908111514191748515, -0.7442404078973503534 ) ) ;
#2667 = CARTESIAN_POINT ( 'NONE',  ( 0.000000000000000000, 0.1557693391224150015, -1.908430772231270112 ) ) ;
#2668 = CARTESIAN_POINT ( 'NONE',  ( -0.7248013079492923172, 0.1545193123842968641, -1.911083508122000785 ) ) ;
#2669 = CYLINDRICAL_SURFACE ( 'NONE', #911, 1.000000000000000000 ) ;
#2670 = ADVANCED_FACE ( 'NONE', ( #1924 ), #705, .T. ) ;
#2671 = CARTESIAN_POINT ( 'NONE',  ( 0.6410254037844400621, -0.3700961894323349655, -0.4416666666666689833 ) ) ;
#2672 = CARTESIAN_POINT ( 'NONE',  ( -0.9124296317047377869, 0.4093767823445177423, -0.4979140492937908502 ) ) ;
#2673 = CARTESIAN_POINT ( 'NONE',  ( -0.3669424536064170295, -1.349766751978800139, -4.322150515720509567 ) ) ;
#2674 = B_SPLINE_CURVE_WITH_KNOTS ( 'NONE', 3,
 ( #3306, #3071, #2414, #1234, #1216, #906, #3051, #286, #326, #346, #571, #633, #927, #3329, #1475, #2137, #1786, #2370, #3012, #1496, #2697, #2098, #2119, #3903, #3030, #3350, #3641, #1553, #3661, #1197, #2393, #1804, #15, #265, #964, #3623, #2454, #1515, #2719, #3941, #2433, #3368, #2762, #2157, #37, #1257, #3680, #550, #1766, #2672, #1174, #1299, #2808, #3093, #680, #1863, #387, #1038, #3119 ),
 .UNSPECIFIED., .F., .F.,
 ( 4, 2, 2, 1, 1, 1, 1, 2, 3, 2, 2, 2, 1, 1, 2, 2, 2, 2, 2, 2, 2, 2, 2, 2, 2, 2, 1, 1, 1, 1, 2, 2, 2, 4 ),
 ( 0.2457291278530037149, 0.2996056187206455057, 0.3265438641544663456, 0.3400129868713768211, 0.3467475482298320033, 0.3501148289090596499, 0.3517984692486734732, 0.3526402894184803571, 0.3534821095882872966, 0.4073586004559290874, 0.4342968458897499828, 0.4477659686066604028, 0.4545005299651156960, 0.4578678106443433427, 0.4595514509839571105, 0.4612350913235709338, 0.5151115821912137793, 0.5420498276250351743, 0.5555189503419458719, 0.5689880730588565694, 0.6228645639264993594, 0.6498028093603208655, 0.6632719320772315630, 0.6767410547941422605, 0.7844940365294278406, 0.8383705273970706306, 0.8653087728308919147, 0.8787778955478025011, 0.8855124569062577944, 0.8888797375854855520, 0.8905633779250993198, 0.8922470182647130876, 0.9461235091323565438, 1.000000000000000000 ),
 .UNSPECIFIED. ) ;
#2675 = ORIENTED_EDGE ( 'NONE', *, *, #103, .T. ) ;
#2676 = CARTESIAN_POINT ( 'NONE',  ( 1.349766751978800139, 0.3669424536064250231, -4.322150515720509567 ) ) ;
#2677 = CARTESIAN_POINT ( 'NONE',  ( -0.6410254037844400621, -0.3700961894323349655, -1.958333333333330151 ) ) ;
#2678 = CARTESIAN_POINT ( 'NONE',  ( 0.3180094012138775517, 0.6720974694773492741, -0.1469146072604117503 ) ) ;
#2679 = DIRECTION ( 'NONE',  ( 1.000000000000000000, 0.000000000000000000, 0.000000000000000000 ) ) ;
#2680 = VERTEX_POINT ( 'NONE', #1888 ) ;
#2681 = CARTESIAN_POINT ( 'NONE',  ( 0.9999999999998187006, 6.017595787446686063E-07, -2.275000040117295175 ) ) ;
#2682 = EDGE_CURVE ( 'NONE', #2124, #3308, #1336, .T. ) ;
#2683 = ORIENTED_EDGE ( 'NONE', *, *, #2778, .T. ) ;
#2684 = EDGE_CURVE ( 'NONE', #3580, #1145, #1581, .T. ) ;
#2685 = LINE ( 'NONE', #3649, #1747 ) ;
#2686 = CIRCLE ( 'NONE', #3215, 1.398755535826790020 ) ;
#2687 = DIRECTION ( 'NONE',  ( 0.000000000000000000, -0.08715574274765189311, -0.9961946980917459893 ) ) ;
#2688 = CARTESIAN_POINT ( 'NONE',  ( 0.7791295344590122296, -0.5363701080325494752, -0.2057523104079189424 ) ) ;
#2689 = EDGE_CURVE ( 'NONE', #3255, #2179, #2200, .T. ) ;
#2690 = CARTESIAN_POINT ( 'NONE',  ( 9.064742275298830802E-17, -0.7401923788646699309, 0.02499999999999619887 ) ) ;
#2691 = ORIENTED_EDGE ( 'NONE', *, *, #2728, .F. ) ;
#2692 = CARTESIAN_POINT ( 'NONE',  ( -0.6706149350072986293, 0.7618895982827864621, -1.671493986964467382 ) ) ;
#2693 = CARTESIAN_POINT ( 'NONE',  ( 1.349766751978800139, 0.3669424536064250231, -4.322150515720509567 ) ) ;
#2694 = DIRECTION ( 'NONE',  ( 0.000000000000000000, 0.000000000000000000, 1.000000000000000000 ) ) ;
#2695 = CARTESIAN_POINT ( 'NONE',  ( -0.4273502691896260419, 0.7401923788646698199, -2.208333333333332593 ) ) ;
#2696 = CARTESIAN_POINT ( 'NONE',  ( -0.01371966095728834566, 0.7401856614515126553, -1.026029476839588783 ) ) ;
#2697 = CARTESIAN_POINT ( 'NONE',  ( 0.4534632174406501015, 0.8913898403876169274, -0.3952196543721237521 ) ) ;
#2698 = CARTESIAN_POINT ( 'NONE',  ( 0.7374463643399359336, -0.08209954969792004897, -1.717618743191966058 ) ) ;
#2699 = ORIENTED_EDGE ( 'NONE', *, *, #236, .F. ) ;
#2700 = CARTESIAN_POINT ( 'NONE',  ( -0.5773502691896256200, -1.000000000000000222, -1.341666666666659458 ) ) ;
#2701 = CARTESIAN_POINT ( 'NONE',  ( -0.4964731665138429340, -0.4964731665138190086, -4.609806201873269949 ) ) ;
#2702 = APPLICATION_CONTEXT ( 'automotive_design' ) ;
#2703 = CARTESIAN_POINT ( 'NONE',  ( -0.1184687929211877544, 0.7318690720693152851, -0.2347316532935952438 ) ) ;
#2704 = CIRCLE ( 'NONE', #1004, 2.773536978145060949 ) ;
#2705 = ORIENTED_EDGE ( 'NONE', *, *, #3125, .T. ) ;
#2706 = AXIS2_PLACEMENT_3D ( 'NONE', #2203, #688, #2220 ) ;
#2707 = ORIENTED_EDGE ( 'NONE', *, *, #1407, .T. ) ;
#2708 = CARTESIAN_POINT ( 'NONE',  ( 0.000000000000000000, 1.000000000000000000, -1.574999999999999956 ) ) ;
#2709 = CARTESIAN_POINT ( 'NONE',  ( -5.430151617844229668E-29, 7.312635852688820954E-15, -4.322150515720509567 ) ) ;
#2710 = CARTESIAN_POINT ( 'NONE',  ( 0.7401923788542624782, -3.925142550763007590E-06, -0.8749998659196788209 ) ) ;
#2711 = CARTESIAN_POINT ( 'NONE',  ( 0.3114084853244040163, -0.7963923013948280838, -0.1143376948769862927 ) ) ;
#2712 = FACE_OUTER_BOUND ( 'NONE', #1834, .T. ) ;
#2713 = ORIENTED_EDGE ( 'NONE', *, *, #293, .F. ) ;
#2714 = DIRECTION ( 'NONE',  ( 0.01733375049385989242, 0.08714264840443966542, -0.9960450290638855897 ) ) ;
#2715 = CARTESIAN_POINT ( 'NONE',  ( 2.793185071074389933E-15, -0.3999999999999669931, -4.700000000000000178 ) ) ;
#2716 = CARTESIAN_POINT ( 'NONE',  ( -0.3358201048381880272, 1.259450488053280193, -3.966420441514869832 ) ) ;
#2717 = DIRECTION ( 'NONE',  ( 0.000000000000000000, 0.000000000000000000, 1.000000000000000000 ) ) ;
#2718 = CARTESIAN_POINT ( 'NONE',  ( 0.6465551038835369857, 0.3731742362017999026, -0.9587282074778552543 ) ) ;
#2719 = CARTESIAN_POINT ( 'NONE',  ( -0.3107895280651616909, 0.9506079894009435982, -0.4446195250173587965 ) ) ;
#2720 = CARTESIAN_POINT ( 'NONE',  ( 0.6964921380694668596, -0.2514569449280105173, -1.702278517404492986 ) ) ;
#2721 = ORIENTED_EDGE ( 'NONE', *, *, #1805, .F. ) ;
#2722 = CARTESIAN_POINT ( 'NONE',  ( 0.6989570473117653338, 0.2448884833578716946, -0.09693898946377896286 ) ) ;
#2723 = CARTESIAN_POINT ( 'NONE',  ( 0.5773583522979830462, 1.000014000354360499, -0.3916585835583091257 ) ) ;
#2724 = ADVANCED_FACE ( 'NONE', ( #389 ), #1907, .F. ) ;
#2725 = ORIENTED_EDGE ( 'NONE', *, *, #1377, .T. ) ;
#2726 = CARTESIAN_POINT ( 'NONE',  ( -0.6410254037844400621, 0.3700961894323349655, -0.6416666666666689389 ) ) ;
#2727 = B_SPLINE_CURVE_WITH_KNOTS ( 'NONE', 3,
 ( #2838, #3454, #1327, #735, #3794, #1681, #2025, #3511, #506, #1068, #150, #1988, #3254, #3200, #523, #1386, #793 ),
 .UNSPECIFIED., .F., .F.,
 ( 4, 2, 2, 1, 1, 1, 2, 2, 2, 4 ),
 ( 0.000000000000000000, 0.2499999999999994449, 0.3749999999999992228, 0.4374999999999990008, 0.4687499999999989453, 0.4843749999999990008, 0.4921874999999990008, 0.4999999999999991118, 0.7499999999999995559, 1.000000000000000000 ),
 .UNSPECIFIED. ) ;
#2728 = EDGE_CURVE ( 'NONE', #2399, #410, #639, .T. ) ;
#2729 = CARTESIAN_POINT ( 'NONE',  ( 0.9999998130408148667, -0.0004354070255994264556, -1.524970972509290590 ) ) ;
#2730 = CARTESIAN_POINT ( 'NONE',  ( -0.7401923788645552449, -0.1983339501606582733, -1.092863279495424500 ) ) ;
#2731 = CARTESIAN_POINT ( 'NONE',  ( 0.5773502691896256200, 1.000000000000000222, -0.7416666666666658081 ) ) ;
#2732 = DIRECTION ( 'NONE',  ( -0.9961946980917458783, -3.760579408893950125E-15, 0.08715574274765508500 ) ) ;
#2733 = CARTESIAN_POINT ( 'NONE',  ( 0.6815407144617010582, -0.6267872418980958704, -0.1852317060412637939 ) ) ;
#2734 = DIRECTION ( 'NONE',  ( -0.9238795325112858503, -0.3826834323650919467, -9.708473376954216668E-15 ) ) ;
#2735 = ORIENTED_EDGE ( 'NONE', *, *, #1063, .T. ) ;
#2736 = CARTESIAN_POINT ( 'NONE',  ( -0.8367433885435889840, 0.5592402514979871730, -1.688322083854000066 ) ) ;
#2737 = CARTESIAN_POINT ( 'NONE',  ( 0.3667966924907812842, -0.6432190469142059497, -2.857994013623249341 ) ) ;
#2738 = CARTESIAN_POINT ( 'NONE',  ( 0.9999999999999985567, 0.2617993877991559026, -2.341666666666666341 ) ) ;
#2739 = FACE_OUTER_BOUND ( 'NONE', #2419, .T. ) ;
#2740 = CARTESIAN_POINT ( 'NONE',  ( 0.5197297198914261340, 0.5270357029722433362, -0.9748471085263595848 ) ) ;
#2741 = CARTESIAN_POINT ( 'NONE',  ( -0.9185447669604276388, -0.08675538727318711507, -0.1783523876132619146 ) ) ;
#2742 = CARTESIAN_POINT ( 'NONE',  ( 0.7392940929605380518, 0.02769366313444961147, -0.5274826738598549225 ) ) ;
#2743 = VERTEX_POINT ( 'NONE', #2811 ) ;
#2744 = CARTESIAN_POINT ( 'NONE',  ( -0.4273502691896260419, -0.7401923788646699309, 0.05833333333332955950 ) ) ;
#2745 = CARTESIAN_POINT ( 'NONE',  ( -0.4057540912569230218, -0.4057540912569059799, -3.254999999999999893 ) ) ;
#2746 = ORIENTED_EDGE ( 'NONE', *, *, #922, .F. ) ;
#2747 = B_SPLINE_CURVE_WITH_KNOTS ( 'NONE', 3,
 ( #3436, #2165, #712, #2146, #1852, #2442, #2837, #1540, #24, #1914, #2205, #2774, #3080, #1606, #45, #1835, #3146, #667, #691, #3057, #414, #3668, #3104, #2186, #992, #1627, #3730, #1266 ),
 .UNSPECIFIED., .F., .F.,
 ( 4, 2, 2, 1, 2, 2, 2, 1, 2, 2, 2, 2, 2, 2, 4 ),
 ( 0.2612609867590426904, 0.3536033634141633186, 0.3997745517417237160, 0.4459457400692840023, 0.4921169283968443442, 0.4978883269377892828, 0.5036597254787342770, 0.5152025225606237102, 0.5382881167244031317, 0.6306304933795224832, 0.7229728700346417236, 0.7460584641984215892, 0.7691440583622013438, 0.8153152466897610751, 1.000000000000000000 ),
 .UNSPECIFIED. ) ;
#2748 = ORIENTED_EDGE ( 'NONE', *, *, #2684, .F. ) ;
#2749 = CARTESIAN_POINT ( 'NONE',  ( 0.3811582017321233917, 0.9245098604289445632, -1.200477496193125493 ) ) ;
#2750 = CARTESIAN_POINT ( 'NONE',  ( -0.6955565592226821137, -0.7184887980891302428, -0.9754274017492444715 ) ) ;
#2751 = CARTESIAN_POINT ( 'NONE',  ( 0.2617993877991575125, -0.9999999999999981126, -2.641666666666666607 ) ) ;
#2752 = CARTESIAN_POINT ( 'NONE',  ( 0.6022436468431243695, -0.6817530685977402083, -0.1693158393049233879 ) ) ;
#2753 = FACE_OUTER_BOUND ( 'NONE', #436, .T. ) ;
#2754 = ORIENTED_EDGE ( 'NONE', *, *, #2279, .F. ) ;
#2755 = CARTESIAN_POINT ( 'NONE',  ( 0.3885489136734480153, 0.7477222373097159869, -4.569113484364081046 ) ) ;
#2756 = AXIS2_PLACEMENT_3D ( 'NONE', #2941, #2321, #3549 ) ;
#2757 = AXIS2_PLACEMENT_3D ( 'NONE', #939, #1796, #318 ) ;
#2758 = CARTESIAN_POINT ( 'NONE',  ( -0.7151595595881629075, -0.2111341947967987909, -2.743801554966915468 ) ) ;
#2759 = DIRECTION ( 'NONE',  ( -1.000000000000000000, 0.000000000000000000, 0.000000000000000000 ) ) ;
#2760 = CARTESIAN_POINT ( 'NONE',  ( -0.8547005383792529720, 5.233531392778363755E-17, -3.124999999999999112 ) ) ;
#2761 = CARTESIAN_POINT ( 'NONE',  ( -0.7401923788646699309, -8.138291018150500576E-18, -1.125000000000000000 ) ) ;
#2762 = CARTESIAN_POINT ( 'NONE',  ( -0.5032435116014571941, 0.8739989140572659299, -0.4582547579754135403 ) ) ;
#2763 = CARTESIAN_POINT ( 'NONE',  ( 0.7001121160913448271, 0.2451039983840502257, -0.5469291259185107279 ) ) ;
#2764 = ORIENTED_EDGE ( 'NONE', *, *, #1941, .T. ) ;
#2765 = CARTESIAN_POINT ( 'NONE',  ( -0.6410254037844400621, -0.3700961894323349655, -0.7083333333333350357 ) ) ;
#2766 = CARTESIAN_POINT ( 'NONE',  ( 0.8660375284469739032, 0.5000070001771780293, -0.3583252502249760219 ) ) ;
#2767 = AXIS2_PLACEMENT_3D ( 'NONE', #253, #276, #4 ) ;
#2768 = ADVANCED_FACE ( 'NONE', ( #1301 ), #71, .F. ) ;
#2769 = ORIENTED_EDGE ( 'NONE', *, *, #771, .F. ) ;
#2770 = CARTESIAN_POINT ( 'NONE',  ( -0.8922269036098116057, -0.5219866587632846500, -2.158333333333334103 ) ) ;
#2771 = CIRCLE ( 'NONE', #3540, 2.000000000000000000 ) ;
#2772 = ADVANCED_FACE ( 'NONE', ( #3371 ), #638, .F. ) ;
#2773 = ORIENTED_EDGE ( 'NONE', *, *, #1371, .F. ) ;
#2774 = CARTESIAN_POINT ( 'NONE',  ( 0.6425456476227004998, 0.4998777003568666832, -0.07389719985144840853 ) ) ;
#2775 = CARTESIAN_POINT ( 'NONE',  ( -0.5050587526442307240, -0.8632016168497043118, -0.9912753675133548770 ) ) ;
#2776 = CARTESIAN_POINT ( 'NONE',  ( 0.1898132904960788403, -0.7170773055664058093, -0.8408929582533637426 ) ) ;
#2777 = CARTESIAN_POINT ( 'NONE',  ( 0.7401923787691839784, 1.188931730761724649E-05, -1.725001070832277827 ) ) ;
#2778 = EDGE_CURVE ( 'NONE', #622, #2100, #2798, .T. ) ;
#2779 = AXIS2_PLACEMENT_3D ( 'NONE', #2110, #585, #2734 ) ;
#2780 = CARTESIAN_POINT ( 'NONE',  ( -0.7401923788646698199, 0.1937819116403671493, -2.708333333333333481 ) ) ;
#2781 = VERTEX_POINT ( 'NONE', #783 ) ;
#2782 = DIRECTION ( 'NONE',  ( 0.000000000000000000, 0.000000000000000000, -1.000000000000000000 ) ) ;
#2783 = CARTESIAN_POINT ( 'NONE',  ( -0.4125756735191732361, -0.6147077811344850984, -2.787199328690924016 ) ) ;
#2784 = CARTESIAN_POINT ( 'NONE',  ( 0.6828530958793396222, -0.6667408422717686634, -3.000011416580337542 ) ) ;
#2785 = AXIS2_PLACEMENT_3D ( 'NONE', #2443, #25, #316 ) ;
#2786 = CARTESIAN_POINT ( 'NONE',  ( 0.4273502691896271521, 0.7401923788646699309, -1.391666666666668828 ) ) ;
#2787 = CARTESIAN_POINT ( 'NONE',  ( -0.4256477476121653392, 0.6066461127861724201, -1.064119843135152621 ) ) ;
#2788 = EDGE_CURVE ( 'NONE', #849, #3697, #3538, .T. ) ;
#2789 = CARTESIAN_POINT ( 'NONE',  ( 0.7394762236047235371, -0.03335492523480251825, -0.1219958969338974242 ) ) ;
#2790 = ORIENTED_EDGE ( 'NONE', *, *, #596, .T. ) ;
#2791 = CARTESIAN_POINT ( 'NONE',  ( -0.7401923788646699309, -9.064742275298830802E-17, 0.000000000000000000 ) ) ;
#2792 = CARTESIAN_POINT ( 'NONE',  ( 0.9999999999999549249, -3.008167345604772287E-07, -0.7249999799455516536 ) ) ;
#2793 = ORIENTED_EDGE ( 'NONE', *, *, #3898, .F. ) ;
#2794 = CARTESIAN_POINT ( 'NONE',  ( 0.9999999999999995559, 1.727930573927403844E-14, -2.324999999999998845 ) ) ;
#2795 = ORIENTED_EDGE ( 'NONE', *, *, #3112, .T. ) ;
#2796 = CARTESIAN_POINT ( 'NONE',  ( 0.6844527411443821485, 0.7291244793458901974, -1.176418545084375378 ) ) ;
#2797 = CARTESIAN_POINT ( 'NONE',  ( 0.5558147893170077847, -0.4890580279151809373, -0.8795676115876864820 ) ) ;
#2798 =( BOUNDED_CURVE ( )  B_SPLINE_CURVE ( 2, ( #1556, #3075, #2765, #1867, #3518, #2927, #822, #3502, #745 ),
 .UNSPECIFIED., .F., .F. ) 
 B_SPLINE_CURVE_WITH_KNOTS ( ( 3, 2, 2, 2, 3 ),
 ( 0.000000000000000000, 0.08333333333319362102, 0.2499999999997664368, 0.4166666666663300655, 0.4999991795116000559 ),
 .UNSPECIFIED. ) 
 CURVE ( )  GEOMETRIC_REPRESENTATION_ITEM ( )  RATIONAL_B_SPLINE_CURVE ( ( 0.9330127018922194093, 0.9330127018922904636, 1.000000000000000000, 0.8660254037844389297, 1.000000000000000000, 0.8660254037844389297, 1.000000000000000000, 0.9330133614395235142, 0.9330127018987131038 ) ) 
 REPRESENTATION_ITEM ( '' )  );
#2799 = CARTESIAN_POINT ( 'NONE',  ( 0.7401923788542624782, -3.925142550763007590E-06, -0.8749998659196788209 ) ) ;
#2800 = CIRCLE ( 'NONE', #1963, 1.398755535826790020 ) ;
#2801 = EDGE_LOOP ( 'NONE', ( #2660, #1539, #2640, #557 ) ) ;
#2802 = CARTESIAN_POINT ( 'NONE',  ( -0.8922269036098117168, -0.5219866587632839838, -1.758333333333333304 ) ) ;
#2803 = CARTESIAN_POINT ( 'NONE',  ( 0.7401923788235348356, 7.803572740048279107E-06, -2.925000702841469291 ) ) ;
#2804 = DIRECTION ( 'NONE',  ( -0.3826834323650811220, 0.9238795325112902912, 0.000000000000000000 ) ) ;
#2805 = CARTESIAN_POINT ( 'NONE',  ( 0.8660254037844390407, 0.5000000000000000000, -1.908333333333330106 ) ) ;
#2806 = CARTESIAN_POINT ( 'NONE',  ( -0.8660254037844390407, -0.5000000000000000000, -2.508333333333330195 ) ) ;
#2807 = CARTESIAN_POINT ( 'NONE',  ( 0.000000000000000000, 1.000000000000000000, -1.175000000000000044 ) ) ;
#2808 = CARTESIAN_POINT ( 'NONE',  ( -0.9221509977339479303, 0.3868355234538085052, -0.4992962101079457815 ) ) ;
#2809 = AXIS2_PLACEMENT_3D ( 'NONE', #2558, #1960, #2886 ) ;
#2810 = EDGE_LOOP ( 'NONE', ( #152, #3529, #826, #3124, #2416 ) ) ;
#2811 = CARTESIAN_POINT ( 'NONE',  ( 1.000000000000000000, -4.357666448243395637E-17, -0.6749999999999992673 ) ) ;
#2812 = CARTESIAN_POINT ( 'NONE',  ( -1.000000000000000000, 5.459208766345149090E-16, -1.675000000000000044 ) ) ;
#2813 = ORIENTED_EDGE ( 'NONE', *, *, #3808, .T. ) ;
#2814 = CARTESIAN_POINT ( 'NONE',  ( -1.000000000000000000, 6.912039677475719115E-16, -0.9250000000000000444 ) ) ;
#2815 = ORIENTED_EDGE ( 'NONE', *, *, #1170, .T. ) ;
#2816 = CARTESIAN_POINT ( 'NONE',  ( 0.7028278294431037354, 0.7113611642798060020, -1.174785224378835258 ) ) ;
#2817 = CARTESIAN_POINT ( 'NONE',  ( 0.6997877884653822544, -0.2414207328597974545, -0.9033459038045572598 ) ) ;
#2818 = CARTESIAN_POINT ( 'NONE',  ( -0.1937819116403682873, -0.7401923788646697089, -2.408333333333333659 ) ) ;
#2819 = ORIENTED_EDGE ( 'NONE', *, *, #3534, .T. ) ;
#2820 = CARTESIAN_POINT ( 'NONE',  ( -0.5018585599700899902, -0.5018585599700650102, -4.690232114873239766 ) ) ;
#2821 = CARTESIAN_POINT ( 'NONE',  ( 0.5773502691896256200, 1.000000000000000222, -2.741666666666659147 ) ) ;
#2822 = CARTESIAN_POINT ( 'NONE',  ( 0.7835505174868798717, 0.2784354381733690764, -3.000035830699969264 ) ) ;
#2823 = CARTESIAN_POINT ( 'NONE',  ( 0.5773502691896256200, -1.000000000000000222, -0.2083333333333332593 ) ) ;
#2824 = CARTESIAN_POINT ( 'NONE',  ( -1.224646799147350002E-16, -1.000000000000000000, -2.575000000000000178 ) ) ;
#2825 = CARTESIAN_POINT ( 'NONE',  ( -0.08319478203678373762, 0.7361771393525686769, -1.031724224494142250 ) ) ;
#2826 = CARTESIAN_POINT ( 'NONE',  ( 0.8547005383792529720, -1.570059417833509065E-16, -3.275000000000003020 ) ) ;
#2827 = VECTOR ( 'NONE', #525, 1000.000000000000000 ) ;
#2828 = CARTESIAN_POINT ( 'NONE',  ( 0.2272545338746684018, -0.7047589308957009635, -0.04430313086196580041 ) ) ;
#2829 = CARTESIAN_POINT ( 'NONE',  ( 0.7392965258482114832, 0.02765776241568766031, -1.327493399196831847 ) ) ;
#2830 = CARTESIAN_POINT ( 'NONE',  ( -0.8660375284469739032, -0.5000070001771780293, -1.358325250224969860 ) ) ;
#2831 = VERTEX_POINT ( 'NONE', #2014 ) ;
#2832 = DIRECTION ( 'NONE',  ( 1.000000000000000000, 0.000000000000000000, 0.000000000000000000 ) ) ;
#2833 = EDGE_CURVE ( 'NONE', #1840, #3647, #3247, .T. ) ;
#2834 = EDGE_CURVE ( 'NONE', #1199, #491, #3492, .T. ) ;
#2835 = CARTESIAN_POINT ( 'NONE',  ( 0.5190292846295579965, -0.8547564575345011351, -0.2598076211353340104 ) ) ;
#2836 = EDGE_CURVE ( 'NONE', #471, #1555, #3533, .T. ) ;
#2837 = CARTESIAN_POINT ( 'NONE',  ( 0.6984048213162514784, 0.4121053850299264409, -0.06914455638503194668 ) ) ;
#2838 = CARTESIAN_POINT ( 'NONE',  ( -1.000000000000000000, 5.112264071149789643E-16, -2.925000000000000266 ) ) ;
#2839 = CARTESIAN_POINT ( 'NONE',  ( -0.2870652539304310302, -0.6822596996123959645, 0.000000000000000000 ) ) ;
#2840 = VERTEX_POINT ( 'NONE', #1432 ) ;
#2841 = DIRECTION ( 'NONE',  ( -3.915833468517740355E-15, 0.9961946980917453232, 0.08715574274766162144 ) ) ;
#2842 = CARTESIAN_POINT ( 'NONE',  ( 0.5190292846295579965, -0.8547564575345011351, -0.2598076211353340104 ) ) ;
#2843 = CARTESIAN_POINT ( 'NONE',  ( 0.8737920117279323051, -0.1967660955747648766, -2.999999993826427680 ) ) ;
#2844 = CARTESIAN_POINT ( 'NONE',  ( 0.5773502691896256200, -1.000000000000000222, -1.408333333333330106 ) ) ;
#2845 = CARTESIAN_POINT ( 'NONE',  ( -0.6410254037844400621, 0.3700961894323349655, -1.841666666666670116 ) ) ;
#2846 = VECTOR ( 'NONE', #1428, 1000.000000000000000 ) ;
#2847 = CARTESIAN_POINT ( 'NONE',  ( 0.3998922275567463047, -0.6230231369642238448, -0.06146779066282343634 ) ) ;
#2848 = CIRCLE ( 'NONE', #437, 2.773536978145062282 ) ;
#2849 = CARTESIAN_POINT ( 'NONE',  ( 0.6684112903402429362, 0.3215597051467073975, -1.354039910823409354 ) ) ;
#2850 = CARTESIAN_POINT ( 'NONE',  ( -1.224663944636500236E-16, -1.000014000354360055, -2.624991916891640020 ) ) ;
#2851 = CARTESIAN_POINT ( 'NONE',  ( 0.000000000000000000, 0.000000000000000000, 0.000000000000000000 ) ) ;
#2852 = ORIENTED_EDGE ( 'NONE', *, *, #1993, .F. ) ;
#2853 = CARTESIAN_POINT ( 'NONE',  ( 0.6629275885778922461, 0.3297654172274073758, -2.954495585258753554 ) ) ;
#2854 = CARTESIAN_POINT ( 'NONE',  ( -0.2028770456284619828, 0.4897885150504239782, -3.254999999999999893 ) ) ;
#2855 = CARTESIAN_POINT ( 'NONE',  ( 0.6784583570702041877, 0.2970015071832020070, -0.1514194587407742820 ) ) ;
#2856 = ADVANCED_FACE ( 'NONE', ( #1672 ), #1056, .T. ) ;
#2857 = CARTESIAN_POINT ( 'NONE',  ( -0.1154470858169488190, -0.9668235783687372242, -0.2334804662834931710 ) ) ;
#2858 = CARTESIAN_POINT ( 'NONE',  ( -0.7068990476761539687, 0.7073148959400558100, -1.275568767212602372 ) ) ;
#2859 = CARTESIAN_POINT ( 'NONE',  ( -0.2954868873586382061, -0.6790942554286364397, -0.7991913371047674186 ) ) ;
#2860 = CARTESIAN_POINT ( 'NONE',  ( -0.3863705466856162674, -0.6604195542700048716, -2.391666666666666607 ) ) ;
#2861 = ADVANCED_FACE ( 'NONE', ( #3837 ), #3172, .T. ) ;
#2862 = ORIENTED_EDGE ( 'NONE', *, *, #3887, .T. ) ;
#2863 = CARTESIAN_POINT ( 'NONE',  ( -0.7401923788646690427, 4.779484580118589535E-15, -1.474999999999999867 ) ) ;
#2864 = CARTESIAN_POINT ( 'NONE',  ( -1.349766751978800139, 0.3669424536064360143, -4.322150515720509567 ) ) ;
#2865 = CARTESIAN_POINT ( 'NONE',  ( -0.5773502691896256200, -1.000000000000000222, -0.9416666666666649865 ) ) ;
#2866 = CARTESIAN_POINT ( 'NONE',  ( -0.8547005383792529720, 5.233531392778363755E-17, -1.875000000000002665 ) ) ;
#2867 = CARTESIAN_POINT ( 'NONE',  ( 0.3120635713454925075, -0.6714959652801396617, -0.05244643302011121194 ) ) ;
#2868 = CARTESIAN_POINT ( 'NONE',  ( 1.841633094712369624E-15, 3.045595730640089556E-14, -4.700000000000000178 ) ) ;
#2869 = CARTESIAN_POINT ( 'NONE',  ( 0.5773583522979818250, -1.000014000354360499, -1.858325250224972081 ) ) ;
#2870 = CARTESIAN_POINT ( 'NONE',  ( 0.7877390909829895538, 7.570971989410919955E-09, -0.04754859048490400059 ) ) ;
#2871 = VERTEX_POINT ( 'NONE', #3821 ) ;
#2872 = CARTESIAN_POINT ( 'NONE',  ( -0.8547005383792529720, 5.233531392778363755E-17, -0.3250000000000021760 ) ) ;
#2873 = CARTESIAN_POINT ( 'NONE',  ( 0.9999999999994653166, -1.033991371917369617E-06, -1.874999964246994777 ) ) ;
#2874 = CARTESIAN_POINT ( 'NONE',  ( -0.7949958035212869589, -0.4983597056560518102, -0.1968907543578927999 ) ) ;
#2875 = CARTESIAN_POINT ( 'NONE',  ( -0.7684579413571768214, 0.6407343264539770988, -1.281192857147609443 ) ) ;
#2876 = ADVANCED_FACE ( 'NONE', ( #3486 ), #2253, .T. ) ;
#2877 = CARTESIAN_POINT ( 'NONE',  ( -0.7401923788646699309, 1.181795160448849902E-15, -2.324999999999999734 ) ) ;
#2878 = VERTEX_POINT ( 'NONE', #3783 ) ;
#2879 = CARTESIAN_POINT ( 'NONE',  ( -0.7401923788645606850, -0.1983339501606485866, -1.492863279495423967 ) ) ;
#2880 = ADVANCED_FACE ( 'NONE', ( #1095 ), #203, .F. ) ;
#2881 = B_SPLINE_CURVE_WITH_KNOTS ( 'NONE', 3,
 ( #2835, #2261, #1342, #3880, #188, #1642, #2857, #2281, #1698, #2895, #2547, #2600, #3770, #1044, #1363, #485, #2565, #2243, #1152, #148, #3509, #106, #1325, #3219, #2528, #167, #790, #3751, #3474, #1029, #3494, #752, #773, #1950, #1660, #2874, #1968, #1844, #884, #2992, #304, #945, #613, #1825, #2077, #594, #1533, #3600, #2741, #3923 ),
 .UNSPECIFIED., .F., .F.,
 ( 4, 2, 2, 2, 1, 1, 1, 2, 2, 2, 2, 2, 1, 2, 2, 2, 2, 1, 2, 2, 2, 2, 1, 1, 1, 2, 2, 2, 4 ),
 ( 0.000000000000000000, 0.2499999999999941713, 0.3749999999999912292, 0.4374999999999897859, 0.4687499999999890643, 0.4843749999999887312, 0.4921874999999885092, 0.4960937499999884537, 0.4999999999999883427, 0.5624999999999887867, 0.5937499999999888978, 0.6093749999999891198, 0.6171874999999891198, 0.6210937499999892308, 0.6249999999999892308, 0.6874999999999898970, 0.7187499999999902300, 0.7343749999999904521, 0.7421874999999904521, 0.7499999999999904521, 0.8124999999999903411, 0.8437499999999903411, 0.8593749999999903411, 0.8671874999999902300, 0.8710937499999902300, 0.8730468749999903411, 0.8749999999999903411, 0.9374999999999952260, 1.000000000000000000 ),
 .UNSPECIFIED. ) ;
#2882 = CARTESIAN_POINT ( 'NONE',  ( 0.7096586472155108627, -0.2164968032653973029, -2.905597313333219578 ) ) ;
#2883 = CARTESIAN_POINT ( 'NONE',  ( -0.5773502691896256200, 1.000000000000000222, -0.8083333333333315718 ) ) ;
#2884 = CARTESIAN_POINT ( 'NONE',  ( -0.4273502691896271521, -0.7401923788646699309, -2.741666666666659591 ) ) ;
#2885 = CARTESIAN_POINT ( 'NONE',  ( -0.8660254037844390407, 0.5000000000000000000, -2.041666666666659857 ) ) ;
#2886 = DIRECTION ( 'NONE',  ( 0.000000000000000000, 1.000000000000000000, 3.108624468950430425E-15 ) ) ;
#2887 = CARTESIAN_POINT ( 'NONE',  ( -0.8577445610677817411, -0.2985995907354092038, -3.000000052394780070 ) ) ;
#2888 = CARTESIAN_POINT ( 'NONE',  ( 0.000000000000000000, 1.000014000354360055, -1.624991916891640020 ) ) ;
#2889 = CARTESIAN_POINT ( 'NONE',  ( 0.7080659377984288572, -0.7061463444446894888, -1.075675402361249589 ) ) ;
#2890 = EDGE_LOOP ( 'NONE', ( #2675, #2795, #1926, #3625 ) ) ;
#2891 = AXIS2_PLACEMENT_3D ( 'NONE', #3134, #3757, #3151 ) ;
#2892 = DIRECTION ( 'NONE',  ( -0.08714264840443947113, -0.01733375049385399436, -0.9960450290638857007 ) ) ;
#2893 = CARTESIAN_POINT ( 'NONE',  ( -0.6604195542700060928, 0.3863705466856141024, -2.691666666666667318 ) ) ;
#2894 =( BOUNDED_CURVE ( )  B_SPLINE_CURVE ( 2, ( #1562, #2464, #972, #2164, #2223, #1932, #3792, #1082, #3179 ),
 .UNSPECIFIED., .F., .F. ) 
 B_SPLINE_CURVE_WITH_KNOTS ( ( 3, 2, 2, 2, 3 ),
 ( 0.000000000000000000, 0.08333333333325092240, 0.2499999999999327482, 0.4166666666666136165, 0.5000000000000000000 ),
 .UNSPECIFIED. ) 
 CURVE ( )  GEOMETRIC_REPRESENTATION_ITEM ( )  RATIONAL_B_SPLINE_CURVE ( ( 0.9330127018922194093, 0.9330127018922914628, 1.000000000000000000, 0.8660254037844389297, 1.000000000000000000, 0.8660254037844389297, 1.000000000000000000, 0.9330127018921825499, 0.9330127018922194093 ) ) 
 REPRESENTATION_ITEM ( '' )  );
#2895 = CARTESIAN_POINT ( 'NONE',  ( -0.2215055613061162609, -0.9432919592788310270, -0.2288879761370718469 ) ) ;
#2896 = CARTESIAN_POINT ( 'NONE',  ( 0.5773502691896256200, -1.000000000000000222, -1.008333333333330861 ) ) ;
#2897 = CARTESIAN_POINT ( 'NONE',  ( 0.7401923788646699309, 0.000000000000000000, 0.000000000000000000 ) ) ;
#2898 = CARTESIAN_POINT ( 'NONE',  ( 0.000000000000000000, 0.000000000000000000, -1.913471915518750479E-17 ) ) ;
#2899 = ORIENTED_EDGE ( 'NONE', *, *, #228, .T. ) ;
#2900 = LINE ( 'NONE', #1105, #475 ) ;
#2901 = CIRCLE ( 'NONE', #2570, 2.000000000000000000 ) ;
#2902 = DIRECTION ( 'NONE',  ( 0.000000000000000000, 0.000000000000000000, 1.000000000000000000 ) ) ;
#2903 = CARTESIAN_POINT ( 'NONE',  ( 0.7401923788646699309, 0.000000000000000000, 0.000000000000000000 ) ) ;
#2904 = AXIS2_PLACEMENT_3D ( 'NONE', #583, #335, #356 ) ;
#2905 = DIRECTION ( 'NONE',  ( 0.000000000000000000, 0.000000000000000000, 1.000000000000000000 ) ) ;
#2906 = CARTESIAN_POINT ( 'NONE',  ( 0.000000000000000000, 0.000000000000000000, -3.174999999999999822 ) ) ;
#2907 = CARTESIAN_POINT ( 'NONE',  ( -0.8544340325842723072, 0.08696616103143002541, -2.999975079317263038 ) ) ;
#2908 = ADVANCED_FACE ( 'NONE', ( #141 ), #1662, .T. ) ;
#2909 = CIRCLE ( 'NONE', #2429, 1.112813416937029842 ) ;
#2910 = CARTESIAN_POINT ( 'NONE',  ( 0.8660375284469739032, 0.5000070001771780293, -2.358325250224970304 ) ) ;
#2911 = AXIS2_PLACEMENT_3D ( 'NONE', #919, #2130, #3634 ) ;
#2912 = CARTESIAN_POINT ( 'NONE',  ( -0.3788389569539648560, -0.9254646708165175095, -1.000643170190341547 ) ) ;
#2913 = ORIENTED_EDGE ( 'NONE', *, *, #27, .T. ) ;
#2914 = CARTESIAN_POINT ( 'NONE',  ( -0.3988671183063819403, -0.7497746558203340905, -4.687051102989180151 ) ) ;
#2915 = AXIS2_PLACEMENT_3D ( 'NONE', #2970, #3576, #2050 ) ;
#2916 = CARTESIAN_POINT ( 'NONE',  ( 0.7401923788646702640, 0.1937819116403651787, -2.541666666666666963 ) ) ;
#2917 = CARTESIAN_POINT ( 'NONE',  ( -1.259450488053259987, 0.3358201048382060128, -3.966420441514869832 ) ) ;
#2918 = CARTESIAN_POINT ( 'NONE',  ( 0.6511454031831015454, 0.4691412535457221700, -3.000051460730744690 ) ) ;
#2919 = EDGE_LOOP ( 'NONE', ( #2447, #690, #3160, #3184 ) ) ;
#2920 = CARTESIAN_POINT ( 'NONE',  ( -0.7401923788646749269, -0.1983339501604510502, -2.292863279495406914 ) ) ;
#2921 =( BOUNDED_CURVE ( )  B_SPLINE_CURVE ( 2, ( #3475, #753, #1680, #3793, #1066, #2896, #2262, #3546, #1222 ),
 .UNSPECIFIED., .F., .T. ) 
 B_SPLINE_CURVE_WITH_KNOTS ( ( 3, 2, 2, 2, 3 ),
 ( 0.000000000000000000, 0.08333333333338545368, 0.2500000000001648681, 0.4166666666669353036, 0.5000000000000000000 ),
 .UNSPECIFIED. ) 
 CURVE ( )  GEOMETRIC_REPRESENTATION_ITEM ( )  RATIONAL_B_SPLINE_CURVE ( ( 0.9330127018922195203, 0.9330127018922194093, 1.000000000000000000, 0.8660254037844389297, 1.000000000000000000, 0.8660254037844389297, 1.000000000000000000, 0.9330127018924807558, 0.9330127018922196314 ) ) 
 REPRESENTATION_ITEM ( '' )  );
#2922 = CARTESIAN_POINT ( 'NONE',  ( 0.000000000000000000, -1.257674520083189877E-14, -3.306000000000000050 ) ) ;
#2923 = CARTESIAN_POINT ( 'NONE',  ( 1.154700538379251240, -2.121150477449807913E-16, -3.074999999999989519 ) ) ;
#2924 = CARTESIAN_POINT ( 'NONE',  ( 0.6410254037844400621, 0.3700961894323349655, -3.708333333333329929 ) ) ;
#2925 = CARTESIAN_POINT ( 'NONE',  ( -1.000000000000000000, 6.586779025730069757E-16, -2.875000000000000000 ) ) ;
#2926 = CARTESIAN_POINT ( 'NONE',  ( 0.7401900103939726971, 0.1983380524720437521, -1.292863648976972257 ) ) ;
#2927 = CARTESIAN_POINT ( 'NONE',  ( 0.4273502691896260419, -0.7401923788646698199, -0.8083333333333351245 ) ) ;
#2928 =( BOUNDED_SURFACE ( )  B_SPLINE_SURFACE ( 1, 2, ( 
 ( #3361, #29, #2070, #1816, #2425, #1839, #3297, #3062, #1488, #2446, #2090, #2987, #1188 ),
 ( #898, #256, #1467, #1165, #1797, #562, #2690, #2744, #2376, #3909, #948, #18, #1219 ) ),
 .UNSPECIFIED., .F., .F., .F. ) 
 B_SPLINE_SURFACE_WITH_KNOTS ( ( 2, 2 ),
 ( 3, 2, 2, 2, 2, 2, 3 ),
 ( 0.000000000000000000, 1.000000000000000000 ),
 ( -2.539506912448800065E-05, 0.1666666666666670182, 0.3333333333333329818, 0.5000000000000000000, 0.6666666666666670737, 0.8333333333333330373, 1.000000000000000000 ),
 .UNSPECIFIED. ) 
 GEOMETRIC_REPRESENTATION_ITEM ( )  RATIONAL_B_SPLINE_SURFACE ( (
 ( 1.000040833750489799, 0.8660049900196479244, 1.000000000000000000, 0.8660254037844389297, 1.000000000000000000, 0.8660254037844389297, 1.000000000000000000, 0.8660254037844389297, 1.000000000000000000, 0.8660254037844389297, 1.000000000000000000, 0.8660254037844389297, 1.000000000000000000),
 ( 1.000040833750489799, 0.8660049900196479244, 1.000000000000000000, 0.8660254037844389297, 1.000000000000000000, 0.8660254037844389297, 1.000000000000000000, 0.8660254037844389297, 1.000000000000000000, 0.8660254037844389297, 1.000000000000000000, 0.8660254037844389297, 1.000000000000000000) ) ) 
 REPRESENTATION_ITEM ( '' )  SURFACE ( )  );
#2929 = CARTESIAN_POINT ( 'NONE',  ( -0.7104770064106806782, -0.6295650492891438077, -2.999998901049020450 ) ) ;
#2930 = CARTESIAN_POINT ( 'NONE',  ( -0.6410254037844400621, 0.3700961894323349655, -0.2416666666666699992 ) ) ;
#2931 = CARTESIAN_POINT ( 'NONE',  ( 0.3967040459839971112, -0.9179553020145410080, -1.050637774478681896 ) ) ;
#2932 = ORIENTED_EDGE ( 'NONE', *, *, #293, .T. ) ;
#2933 = CARTESIAN_POINT ( 'NONE',  ( 0.000000000000000000, 0.7401923788646699309, -1.025000000000000133 ) ) ;
#2934 = ADVANCED_FACE ( 'NONE', ( #764 ), #2661, .T. ) ;
#2935 = CARTESIAN_POINT ( 'NONE',  ( -0.7086209644034365818, 0.2141911372238958222, -0.3057128455550794377 ) ) ;
#2936 = CARTESIAN_POINT ( 'NONE',  ( -0.9249253632564450323, 0.3801510952476689909, -1.299749098536802761 ) ) ;
#2937 = AXIS2_PLACEMENT_3D ( 'NONE', #3920, #302, #925 ) ;
#2938 = CARTESIAN_POINT ( 'NONE',  ( -1.224646799147350002E-16, -1.000000000000000000, -0.5749999999999999556 ) ) ;
#2939 = CARTESIAN_POINT ( 'NONE',  ( 0.6860703917633648175, 0.4284882329114665378, -3.000000032414364082 ) ) ;
#2940 = VERTEX_POINT ( 'NONE', #1690 ) ;
#2941 = CARTESIAN_POINT ( 'NONE',  ( -2.074551677755616177E-16, -1.694000000000012607, -3.306000000000004935 ) ) ;
#2942 = CARTESIAN_POINT ( 'NONE',  ( 0.5366372709822129217, -0.5373212067841138806, -0.4762869097317390943 ) ) ;
#2943 = CARTESIAN_POINT ( 'NONE',  ( 0.8660254037844380415, -0.5000000000000000000, -2.241666666666660035 ) ) ;
#2944 = B_SPLINE_CURVE_WITH_KNOTS ( 'NONE', 3,
 ( #2422, #1836, #3058, #334, #144, #2147, #2561, #1542, #2750, #1244, #603, #3669, #3379, #646, #3081, #2775, #46, #1267, #2466, #3693, #974, #2166, #2912, #842, #2331, #805, #3250, #1676, #2018, #1999, #2635, #3213, #1728, #1982, #3489, #3841, #1435, #1098, #481, #204, #2931, #3542, #2615, #1693, #3233, #2654, #1379, #518, #825, #3193, #2889, #786, #1134, #2596, #2954, #225, #2034, #501, #1964, #2579, #768, #3265, #1414, #3861, #1115, #3824, #3559, #183, #533, #1746, #3807, #2973, #2313, #2294, #464, #245, #1456 ),
 .UNSPECIFIED., .F., .F.,
 ( 4, 2, 2, 1, 1, 2, 2, 2, 2, 2, 2, 2, 2, 1, 1, 1, 1, 2, 2, 2, 1, 2, 2, 2, 1, 1, 2, 2, 2, 2, 2, 1, 2, 2, 2, 2, 1, 1, 1, 2, 2, 2, 1, 1, 2, 4 ),
 ( 0.000000000000000000, 0.1249351784667726423, 0.1259112345485442763, 0.1268872906303159243, 0.1288394027938590536, 0.1327436271209453955, 0.1405520757751181904, 0.1561689730834637801, 0.1600731974105501498, 0.1639774217376365195, 0.1717858703918092866, 0.1874027677001547931, 0.1883788237819270517, 0.1893548798636992825, 0.1913069920272437996, 0.1952112163543328338, 0.2030196650085109578, 0.2186365623168672057, 0.2498703569335796459, 0.2576788055877577421, 0.2654872542419358661, 0.2811041515502921140, 0.3123379461670046098, 0.3133140022487768683, 0.3142900583305491824, 0.3162421704940937550, 0.3201463948211829003, 0.3279548434753611907, 0.3435717407837177717, 0.3748055354004308781, 0.3787097597275180250, 0.3826139840546051718, 0.3904224327087794100, 0.4060393300171278863, 0.4372731246338247280, 0.4382491807155964314, 0.4392252367973682459, 0.4411773489609118193, 0.4450815732879989106, 0.4528900219421730933, 0.4685069192505215141, 0.4841238165588699904, 0.4919322652130442286, 0.4958364895401313199, 0.4977886017036748934, 0.4997407138672184113 ),
 .UNSPECIFIED. ) ;
#2945 = ADVANCED_FACE ( 'NONE', ( #158 ), #1393, .F. ) ;
#2946 = CARTESIAN_POINT ( 'NONE',  ( 0.000000000000000000, 0.000000000000000000, 0.000000000000000000 ) ) ;
#2947 = CARTESIAN_POINT ( 'NONE',  ( -0.5807094071422789217, -0.4614715808752048454, -1.167685760682347862 ) ) ;
#2948 = B_SPLINE_CURVE_WITH_KNOTS ( 'NONE', 3,
 ( #1351, #1668, #1956, #3185 ),
 .UNSPECIFIED., .F., .F.,
 ( 4, 4 ),
 ( 0.000000000000000000, 0.001105000282511290049 ),
 .UNSPECIFIED. ) ;
#2949 = CARTESIAN_POINT ( 'NONE',  ( -0.2617993877991512397, 0.9999999999999993339, -2.841666666666666341 ) ) ;
#2950 = CARTESIAN_POINT ( 'NONE',  ( -0.6720305275801211620, -0.6804677442782033348, -3.000000002581598046 ) ) ;
#2951 = EDGE_CURVE ( 'NONE', #2091, #3079, #79, .T. ) ;
#2952 = CARTESIAN_POINT ( 'NONE',  ( -0.6410254037844400621, -0.3700961894323349655, -1.108333333333329840 ) ) ;
#2953 = PRODUCT_DEFINITION ( 'General', '', #1857, #1739 ) ;
#2954 = CARTESIAN_POINT ( 'NONE',  ( 0.7304769192822473389, -0.6830135307664463307, -1.077697693797375456 ) ) ;
#2955 = EDGE_LOOP ( 'NONE', ( #3571, #351, #831, #2725, #3450 ) ) ;
#2956 = CARTESIAN_POINT ( 'NONE',  ( 0.8547005383792529720, -1.570059417833509065E-16, -0.1250000000000019984 ) ) ;
#2957 = CARTESIAN_POINT ( 'NONE',  ( 0.4670801201967827443, -0.5787492022383714518, -0.01848376814554907044 ) ) ;
#2958 =( GEOMETRIC_REPRESENTATION_CONTEXT ( 3 ) GLOBAL_UNCERTAINTY_ASSIGNED_CONTEXT ( ( #835 ) ) GLOBAL_UNIT_ASSIGNED_CONTEXT ( ( #1089, #472, #1685 ) ) REPRESENTATION_CONTEXT ( 'NONE', 'WORKASPACE' ) );
#2959 = CIRCLE ( 'NONE', #1239, 0.7401923788646699309 ) ;
#2960 = CARTESIAN_POINT ( 'NONE',  ( 0.7401923788647019053, 0.000000000000000000, -1.913471915518750479E-17 ) ) ;
#2961 = EDGE_LOOP ( 'NONE', ( #1899, #2988, #1792, #1869 ) ) ;
#2962 = EDGE_CURVE ( 'NONE', #2, #2580, #3639, .T. ) ;
#2963 = CARTESIAN_POINT ( 'NONE',  ( -0.8660254037844390407, 0.5000000000000000000, -1.641666666666659946 ) ) ;
#2964 = CARTESIAN_POINT ( 'NONE',  ( -0.7374994084705495112, -0.08305457647249644970, -0.3324456433686784895 ) ) ;
#2965 = CARTESIAN_POINT ( 'NONE',  ( 0.8660254037844390407, 0.5000000000000000000, -2.308333333333330017 ) ) ;
#2966 = ORIENTED_EDGE ( 'NONE', *, *, #1864, .T. ) ;
#2967 = FACE_OUTER_BOUND ( 'NONE', #843, .T. ) ;
#2968 = CARTESIAN_POINT ( 'NONE',  ( 0.4273502691896271521, 0.7401923788646698199, -1.341666666666668561 ) ) ;
#2969 = CARTESIAN_POINT ( 'NONE',  ( -0.4966445334574852710, 0.5637053039341382021, -1.871677704065467962 ) ) ;
#2970 = CARTESIAN_POINT ( 'NONE',  ( 0.1557693391224169999, -8.215660310353938825E-15, -1.908430772231270112 ) ) ;
#2971 = CARTESIAN_POINT ( 'NONE',  ( -0.6410254037844400621, -0.3700961894323349655, -1.508333333333329751 ) ) ;
#2972 = B_SPLINE_CURVE_WITH_KNOTS ( 'NONE', 3,
 ( #1809, #2123, #1890, #1537, #3054, #83, #3123, #369, #390, #3098, #1829, #311, #1519, #599, #3645, #951, #685, #1601, #2792 ),
 .UNSPECIFIED., .F., .F.,
 ( 4, 1, 1, 1, 1, 1, 1, 1, 1, 1, 1, 1, 1, 1, 1, 1, 4 ),
 ( 0.000000000000000000, 0.01569147669633975950, 0.03138198901483692932, 0.04707155066529121468, 0.06276017535999479924, 0.07844787681369620735, 0.09413466874356614389, 0.1098205648691610165, 0.1255055789123879773, 0.1412016194001270708, 0.1881001647100402907, 0.2504597441594373919, 0.3128271181406521717, 0.3752011814276736690, 0.4375781827708107308, 0.5000032859126812834, 0.5000762436720610493 ),
 .UNSPECIFIED. ) ;
#2973 = CARTESIAN_POINT ( 'NONE',  ( 0.9976478887153475972, -0.07371206749119317558, -1.120097380746950311 ) ) ;
#2974 = VERTEX_POINT ( 'NONE', #857 ) ;
#2975 = PRODUCT_DEFINITION_SHAPE ( 'NONE', 'NONE',  #2953 ) ;
#2976 = CARTESIAN_POINT ( 'NONE',  ( 0.8547005383792529720, -1.570059417833509065E-16, -2.125000000000002665 ) ) ;
#2977 = LINE ( 'NONE', #1771, #2113 ) ;
#2978 = CIRCLE ( 'NONE', #3606, 1.112813416937029842 ) ;
#2979 = CARTESIAN_POINT ( 'NONE',  ( -0.1976216082327057200, 0.7133369894119485632, -0.2416299391770846405 ) ) ;
#2980 = VERTEX_POINT ( 'NONE', #1149 ) ;
#2981 = CIRCLE ( 'NONE', #1126, 2.747226305059998985 ) ;
#2982 = ORIENTED_EDGE ( 'NONE', *, *, #1180, .F. ) ;
#2983 = DIRECTION ( 'NONE',  ( 1.000000000000000000, 0.000000000000000000, -0.000000000000000000 ) ) ;
#2984 = EDGE_CURVE ( 'NONE', #2994, #1713, #548, .T. ) ;
#2985 = CARTESIAN_POINT ( 'NONE',  ( 0.7705689421489189117, -0.1299025529945242730, -0.04053385252011561246 ) ) ;
#2986 = CARTESIAN_POINT ( 'NONE',  ( 0.8660254037844390407, 0.5000000000000000000, -2.708333333333329929 ) ) ;
#2987 = CARTESIAN_POINT ( 'NONE',  ( -0.5773502691896256200, 1.000000000000000222, 0.3416666666666663410 ) ) ;
#2988 = ORIENTED_EDGE ( 'NONE', *, *, #2836, .T. ) ;
#2989 = CARTESIAN_POINT ( 'NONE',  ( 0.9822567875473074972, 0.1953489606691355407, -1.537917836830341667 ) ) ;
#2990 = CARTESIAN_POINT ( 'NONE',  ( -0.0005500930729275837648, 0.7594459287648481771, -1.824930019740150566 ) ) ;
#2991 = CARTESIAN_POINT ( 'NONE',  ( -9.064742275298830802E-17, -0.7401923788646699309, -0.3750000000000000000 ) ) ;
#2992 = CARTESIAN_POINT ( 'NONE',  ( -0.8615568234405300840, -0.3515157080383639610, -0.1904088262789841446 ) ) ;
#2993 = CARTESIAN_POINT ( 'NONE',  ( 0.4004560409597936466, 0.6265854538612668501, -0.5886422367825214774 ) ) ;
#2994 = VERTEX_POINT ( 'NONE', #1531 ) ;
#2995 = CARTESIAN_POINT ( 'NONE',  ( -0.4273502691896271521, -0.7401923788646699309, -2.391666666666663055 ) ) ;
#2996 = CARTESIAN_POINT ( 'NONE',  ( 0.7290508987627775106, 0.1289937564285537908, -0.08661778788050303324 ) ) ;
#2997 = DIRECTION ( 'NONE',  ( 0.000000000000000000, 0.000000000000000000, 1.000000000000000000 ) ) ;
#2998 = ORIENTED_EDGE ( 'NONE', *, *, #3912, .T. ) ;
#2999 = AXIS2_PLACEMENT_3D ( 'NONE', #1802, #3027, #568 ) ;
#3000 = CARTESIAN_POINT ( 'NONE',  ( -0.6410254037844400621, -0.3700961894323349655, -1.108333333333329840 ) ) ;
#3001 = CARTESIAN_POINT ( 'NONE',  ( -0.2617993877991402485, -1.000000000000002220, -2.608333333333333393 ) ) ;
#3002 = CARTESIAN_POINT ( 'NONE',  ( -1.000000000000000000, -1.224646799147350002E-16, 0.000000000000000000 ) ) ;
#3003 = LINE ( 'NONE', #1248, #1579 ) ;
#3004 = ORIENTED_EDGE ( 'NONE', *, *, #2585, .F. ) ;
#3005 = CARTESIAN_POINT ( 'NONE',  ( 0.8834046946563778313, 0.4720345541915521581, -1.556594263860674232 ) ) ;
#3006 = DIRECTION ( 'NONE',  ( 3.915833468517741143E-15, -0.9961946980917452121, -0.08715574274766160756 ) ) ;
#3007 = CARTESIAN_POINT ( 'NONE',  ( 0.7401923788123035974, 8.804604399837502897E-06, -1.275001191980702719 ) ) ;
#3008 = CARTESIAN_POINT ( 'NONE',  ( -0.7401923788646690427, 5.969418031585589354E-15, -2.274999999999999911 ) ) ;
#3009 = EDGE_CURVE ( 'NONE', #1461, #3925, #970, .T. ) ;
#3010 = CARTESIAN_POINT ( 'NONE',  ( 0.2775811973985107817, 0.6861784682270286595, -1.000916096464037786 ) ) ;
#3011 = CARTESIAN_POINT ( 'NONE',  ( -0.8547005383792529720, 5.233531392778363755E-17, -1.075000000000000178 ) ) ;
#3012 = CARTESIAN_POINT ( 'NONE',  ( 0.5143754109647065142, 0.8579158896577779858, -0.3906258351533142825 ) ) ;
#3013 = CARTESIAN_POINT ( 'NONE',  ( 0.7401923787691839784, 1.188931730761724649E-05, -1.725001070832277827 ) ) ;
#3014 = ORIENTED_EDGE ( 'NONE', *, *, #3712, .F. ) ;
#3015 = CARTESIAN_POINT ( 'NONE',  ( -0.1557693391224169999, -9.440253841463610332E-15, -1.908430772231270112 ) ) ;
#3016 = CARTESIAN_POINT ( 'NONE',  ( -0.2117827960109616992, 0.7092499738792681363, -0.2429123908111995300 ) ) ;
#3017 = ORIENTED_EDGE ( 'NONE', *, *, #2984, .F. ) ;
#3018 = ORIENTED_EDGE ( 'NONE', *, *, #2285, .T. ) ;
#3019 = CARTESIAN_POINT ( 'NONE',  ( 1.087731481419539773E-15, -0.1557693391224030111, -1.908430772231270112 ) ) ;
#3020 = ADVANCED_FACE ( 'NONE', ( #2739 ), #2116, .T. ) ;
#3021 = CARTESIAN_POINT ( 'NONE',  ( 0.1070696088045920563, -0.8109867807021107211, -0.07755388118356165705 ) ) ;
#3022 = FACE_OUTER_BOUND ( 'NONE', #2636, .T. ) ;
#3023 = EDGE_LOOP ( 'NONE', ( #915, #563, #1646, #3086 ) ) ;
#3024 = CARTESIAN_POINT ( 'NONE',  ( 0.7741635545170180155, 0.6355256075223307821, -0.7686304867153425091 ) ) ;
#3025 = CARTESIAN_POINT ( 'NONE',  ( 1.169094900404459958, 0.3046986221720290322, -3.610700266901099909 ) ) ;
#3026 = DIRECTION ( 'NONE',  ( -0.9961946980917455452, -7.676412877411696002E-15, 0.08715574274765836016 ) ) ;
#3027 = DIRECTION ( 'NONE',  ( 0.000000000000000000, 0.000000000000000000, 1.000000000000000000 ) ) ;
#3028 = CARTESIAN_POINT ( 'NONE',  ( 0.2091775173711075131, 0.7106642396346573021, -1.007303579397791360 ) ) ;
#3029 = EDGE_CURVE ( 'NONE', #1936, #3255, #3212, .T. ) ;
#3030 = CARTESIAN_POINT ( 'NONE',  ( 0.3904019310499861617, 0.9206533148634806762, -0.3998154553081604279 ) ) ;
#3031 = CARTESIAN_POINT ( 'NONE',  ( 0.2426384046302343112, 0.7110377949207176140, -0.6048685522651436886 ) ) ;
#3032 = ORIENTED_EDGE ( 'NONE', *, *, #1203, .F. ) ;
#3033 = EDGE_CURVE ( 'NONE', #3727, #3110, #3262, .T. ) ;
#3034 = CARTESIAN_POINT ( 'NONE',  ( 0.2601820877953342492, 0.6949743939535152348, -0.1523405360417044163 ) ) ;
#3035 = CARTESIAN_POINT ( 'NONE',  ( 0.5773583522979818250, -1.000014000354360499, -0.2583252502249759330 ) ) ;
#3036 = B_SPLINE_CURVE_WITH_KNOTS ( 'NONE', 3,
 ( #1470, #299, #3655, #3620, #2666, #1230, #900, #2072, #3024, #855, #941, #3363, #1841, #2047, #1761, #3594, #3323, #608, #3918, #1191, #2093, #3299, #1779, #587 ),
 .UNSPECIFIED., .F., .F.,
 ( 4, 1, 1, 1, 1, 1, 1, 1, 1, 1, 1, 1, 1, 1, 1, 1, 1, 1, 1, 1, 1, 4 ),
 ( 0.5000762436720610493, 0.5157453001134967296, 0.5314133961087420532, 0.5470805429241331064, 0.5627467542485116159, 0.5784120437731714581, 0.5940764251918239092, 0.6097399122005613403, 0.6254025184978228014, 0.6350484767664995589, 0.6567247524193482455, 0.6880050851514427634, 0.7502660199646224992, 0.8125306396180924651, 0.8747991325785453576, 0.8923519172673765043, 0.9373119779499374804, 0.9469049786330956398, 0.9579705135763569857, 0.9705083689558405835, 0.9845182933075660170, 1.000000000000000000 ),
 .UNSPECIFIED. ) ;
#3037 = ORIENTED_EDGE ( 'NONE', *, *, #2322, .T. ) ;
#3038 = EDGE_LOOP ( 'NONE', ( #2202, #3705, #738, #1286 ) ) ;
#3039 = CARTESIAN_POINT ( 'NONE',  ( 0.9999999999963942177, 2.685455749881947485E-06, -1.475000179030371505 ) ) ;
#3040 = CARTESIAN_POINT ( 'NONE',  ( 0.5668041442153618492, 0.5454752772041806530, -2.999999997997047085 ) ) ;
#3041 = AXIS2_PLACEMENT_3D ( 'NONE', #323, #3026, #2450 ) ;
#3042 = CARTESIAN_POINT ( 'NONE',  ( -0.7401923788646695979, 0.1983339501604602373, -1.057136720504593397 ) ) ;
#3043 = CARTESIAN_POINT ( 'NONE',  ( -0.2870652539304310302, -0.6822596996123959645, 0.000000000000000000 ) ) ;
#3044 = CARTESIAN_POINT ( 'NONE',  ( 0.1937819116403661224, 0.7401923788646700419, -2.208333333333333481 ) ) ;
#3045 = ORIENTED_EDGE ( 'NONE', *, *, #2118, .F. ) ;
#3046 = DIRECTION ( 'NONE',  ( -0.9238795325112919565, 0.3826834323650770697, 0.000000000000000000 ) ) ;
#3047 = CARTESIAN_POINT ( 'NONE',  ( -0.6607074634612435382, -0.3343680135864722791, -2.755027473284176853 ) ) ;
#3048 = CARTESIAN_POINT ( 'NONE',  ( 0.000000000000000000, 0.000000000000000000, 0.000000000000000000 ) ) ;
#3049 = CARTESIAN_POINT ( 'NONE',  ( -0.6410254037844400621, 0.3700961894323349655, -2.241666666666669805 ) ) ;
#3050 = CARTESIAN_POINT ( 'NONE',  ( 0.3296653579938069178, 0.6628401054218384658, -0.9957905702535762016 ) ) ;
#3051 = CARTESIAN_POINT ( 'NONE',  ( 0.7840496056580075201, 0.6222072700641188003, -0.3675783495718674132 ) ) ;
#3052 = CARTESIAN_POINT ( 'NONE',  ( -0.6281292469016585001, -0.3945153460256056732, -1.560901627973181993 ) ) ;
#3053 = ORIENTED_EDGE ( 'NONE', *, *, #1864, .F. ) ;
#3054 = CARTESIAN_POINT ( 'NONE',  ( -0.9585203873430171440, -0.2907148328431193862, -0.5442338392644797684 ) ) ;
#3055 = EDGE_LOOP ( 'NONE', ( #3335, #2352, #3143, #3560, #1865 ) ) ;
#3056 = ORIENTED_EDGE ( 'NONE', *, *, #2322, .F. ) ;
#3057 = CARTESIAN_POINT ( 'NONE',  ( 0.4054381950369970733, 0.7251510346397080919, -0.09040278633192749824 ) ) ;
#3058 = CARTESIAN_POINT ( 'NONE',  ( -0.8921393501824240735, -0.5221873941404633346, -0.9589380521333773499 ) ) ;
#3059 = CARTESIAN_POINT ( 'NONE',  ( 0.000000000000000000, 0.000000000000000000, -3.000000000000000000 ) ) ;
#3060 = CARTESIAN_POINT ( 'NONE',  ( 0.7793597438963799640, -0.5361148204568858544, -0.2058024824076134796 ) ) ;
#3061 = AXIS2_PLACEMENT_3D ( 'NONE', #2292, #802, #1997 ) ;
#3062 = CARTESIAN_POINT ( 'NONE',  ( -0.5773502691896256200, -1.000000000000000222, 0.2083333333333332593 ) ) ;
#3063 = VERTEX_POINT ( 'NONE', #3574 ) ;
#3064 = CARTESIAN_POINT ( 'NONE',  ( 0.7501621986171370660, 0.4008154275134969691, -4.709320379128399736 ) ) ;
#3065 = CARTESIAN_POINT ( 'NONE',  ( 0.6469523093244379242, -0.3596886352226268402, -2.892581413627381970 ) ) ;
#3066 = EDGE_CURVE ( 'NONE', #3882, #3716, #3900, .T. ) ;
#3067 = CARTESIAN_POINT ( 'NONE',  ( 0.000000000000000000, 0.000000000000000000, 0.000000000000000000 ) ) ;
#3068 = CARTESIAN_POINT ( 'NONE',  ( 0.000000000000000000, 0.7401923788646699309, -2.225000000000000089 ) ) ;
#3069 = CARTESIAN_POINT ( 'NONE',  ( -0.5341329508376562174, 0.5124766325001652856, -1.076897213227008709 ) ) ;
#3070 = ADVANCED_FACE ( 'NONE', ( #2074 ), #3303, .T. ) ;
#3071 = CARTESIAN_POINT ( 'NONE',  ( 0.9999991339323418549, 0.1308932062178101152, -0.3337262025512108266 ) ) ;
#3072 = CARTESIAN_POINT ( 'NONE',  ( -0.2905069413169677484, 0.7017683117051126684, -0.6490733810902223899 ) ) ;
#3073 = EDGE_LOOP ( 'NONE', ( #2606, #1436, #3018, #2769 ) ) ;
#3074 = B_SPLINE_CURVE_WITH_KNOTS ( 'NONE', 3,
 ( #798, #526, #2043, #3275, #234, #778, #2323, #1427, #542, #175 ),
 .UNSPECIFIED., .F., .F.,
 ( 4, 2, 2, 2, 4 ),
 ( 0.5000000000000000000, 0.6250000000000000000, 0.7500000000000000000, 0.8750000000000000000, 1.000000000000000000 ),
 .UNSPECIFIED. ) ;
#3075 = CARTESIAN_POINT ( 'NONE',  ( -0.7401923788645572433, -0.1983339501606549427, -0.6928632794954274754 ) ) ;
#3076 = CARTESIAN_POINT ( 'NONE',  ( -0.5773583522979830462, 1.000014000354360499, -0.05832525022497637296 ) ) ;
#3077 = VERTEX_POINT ( 'NONE', #1783 ) ;
#3078 = CARTESIAN_POINT ( 'NONE',  ( -0.2617993877991455220, -1.000000000000001332, -2.208333333333333481 ) ) ;
#3079 = VERTEX_POINT ( 'NONE', #3008 ) ;
#3080 = CARTESIAN_POINT ( 'NONE',  ( 0.6410095494868591759, 0.5020449254174241815, -0.07401841693446077619 ) ) ;
#3081 = CARTESIAN_POINT ( 'NONE',  ( -0.5293492575880038853, -0.8485226799829920230, -0.9893872456649244196 ) ) ;
#3082 = CARTESIAN_POINT ( 'NONE',  ( -0.6410254037844400621, 0.3700961894323349655, -1.041666666666670071 ) ) ;
#3083 = CARTESIAN_POINT ( 'NONE',  ( -0.2216780173696822065, -0.7276329477440742766, -0.01646319973242609674 ) ) ;
#3084 = EDGE_CURVE ( 'NONE', #1713, #2974, #486, .T. ) ;
#3085 = CARTESIAN_POINT ( 'NONE',  ( -1.000000000000000000, 5.459208766345149090E-16, -1.675000000000000044 ) ) ;
#3086 = ORIENTED_EDGE ( 'NONE', *, *, #3605, .T. ) ;
#3087 = CARTESIAN_POINT ( 'NONE',  ( 0.000000000000000000, 0.4000000000000000222, -4.700000000000000178 ) ) ;
#3088 = TOROIDAL_SURFACE ( 'NONE', #2891, 1.693999999999999950, 0.3059999999999999942 ) ;
#3089 = CARTESIAN_POINT ( 'NONE',  ( -0.6703533657733443674, -0.3146748371101212305, -2.753221244733731421 ) ) ;
#3090 = CARTESIAN_POINT ( 'NONE',  ( 0.6555322852887157659, -0.7010221354800439952, -3.000090405565837059 ) ) ;
#3091 = CARTESIAN_POINT ( 'NONE',  ( 0.8547005383792529720, -1.570059417833509065E-16, -3.325000000000000178 ) ) ;
#3092 = CARTESIAN_POINT ( 'NONE',  ( -0.3627995833703136497, 0.6455272180553489614, -1.057520480102721594 ) ) ;
#3093 = CARTESIAN_POINT ( 'NONE',  ( -0.9234514298555096534, 0.3837159918016905813, -0.4994854340703296369 ) ) ;
#3094 =( LENGTH_UNIT ( ) NAMED_UNIT ( * ) SI_UNIT ( .MILLI., .METRE. ) );
#3095 = ORIENTED_EDGE ( 'NONE', *, *, #1567, .T. ) ;
#3096 = DIRECTION ( 'NONE',  ( 0.3812272063696477975, 0.9203638919632267656, 0.08715574274765824914 ) ) ;
#3097 = CARTESIAN_POINT ( 'NONE',  ( -0.4273502691896260419, 0.7401923788646698199, -0.2083333333333372839 ) ) ;
#3098 = CARTESIAN_POINT ( 'NONE',  ( -0.7082764444968756568, -0.7082061983221454859, -0.5742294097997401314 ) ) ;
#3099 = AXIS2_PLACEMENT_3D ( 'NONE', #3937, #3006, #3324 ) ;
#3100 = ORIENTED_EDGE ( 'NONE', *, *, #1773, .F. ) ;
#3101 = CARTESIAN_POINT ( 'NONE',  ( 0.7401916335453039286, 0.07069968826704772780, -2.931367672736119090 ) ) ;
#3102 = VECTOR ( 'NONE', #2902, 1000.000000000000000 ) ;
#3103 = ORIENTED_EDGE ( 'NONE', *, *, #2833, .T. ) ;
#3104 = CARTESIAN_POINT ( 'NONE',  ( 0.3439222380860391670, 0.7601007897768697896, -0.09397804560945868801 ) ) ;
#3105 = CARTESIAN_POINT ( 'NONE',  ( 0.9999999999994405586, 0.2679491924320918095, -0.6928632794954714402 ) ) ;
#3106 = CARTESIAN_POINT ( 'NONE',  ( 0.04733467776730516940, -0.7390612067188374601, -0.8287797989094244366 ) ) ;
#3107 = CARTESIAN_POINT ( 'NONE',  ( -0.4356904004750389858, -0.6046952545276190749, -1.185204319817858565 ) ) ;
#3108 = CARTESIAN_POINT ( 'NONE',  ( -0.6410254037844400621, 0.3700961894323349655, -1.841666666666670116 ) ) ;
#3109 = VECTOR ( 'NONE', #3934, 1000.000000000000114 ) ;
#3110 = VERTEX_POINT ( 'NONE', #423 ) ;
#3111 = CARTESIAN_POINT ( 'NONE',  ( 0.9999999999999995559, 1.727930573927403844E-14, -2.324999999999998845 ) ) ;
#3112 = EDGE_CURVE ( 'NONE', #749, #1877, #1551, .T. ) ;
#3113 = LINE ( 'NONE', #2173, #2249 ) ;
#3114 = DIRECTION ( 'NONE',  ( 1.000000000000000000, 0.000000000000000000, 0.000000000000000000 ) ) ;
#3115 = AXIS2_PLACEMENT_3D ( 'NONE', #1711, #928, #3624 ) ;
#3116 = CARTESIAN_POINT ( 'NONE',  ( 0.4273502691896271521, 0.7401923788646699309, -2.991666666666659591 ) ) ;
#3117 = CARTESIAN_POINT ( 'NONE',  ( 0.5773502691896256200, 1.000000000000000222, -1.141666666666660390 ) ) ;
#3118 = CARTESIAN_POINT ( 'NONE',  ( 0.4273502691896260419, -0.7401923788646699309, -2.008333333333329751 ) ) ;
#3119 = CARTESIAN_POINT ( 'NONE',  ( -1.000000000000000000, 9.947805760435139419E-16, -0.5250000000000000222 ) ) ;
#3120 = ORIENTED_EDGE ( 'NONE', *, *, #1993, .T. ) ;
#3121 = CARTESIAN_POINT ( 'NONE',  ( 0.9999999999963942177, 2.685455749881947485E-06, -1.475000179030371505 ) ) ;
#3122 = DIRECTION ( 'NONE',  ( 0.000000000000000000, 0.000000000000000000, 1.000000000000000000 ) ) ;
#3123 = CARTESIAN_POINT ( 'NONE',  ( -0.8833702394116034196, -0.4721000877303064280, -0.5565885427581745981 ) ) ;
#3124 = ORIENTED_EDGE ( 'NONE', *, *, #841, .T. ) ;
#3125 = EDGE_CURVE ( 'NONE', #2871, #806, #3336, .T. ) ;
#3126 = SPHERICAL_SURFACE ( 'NONE', #3735, 2.777941176470600126 ) ;
#3127 = ORIENTED_EDGE ( 'NONE', *, *, #3734, .F. ) ;
#3128 = CARTESIAN_POINT ( 'NONE',  ( 0.7994040501873788118, 0.6149053129034895981, -1.166702842701575760 ) ) ;
#3129 = ADVANCED_FACE ( 'NONE', ( #3467 ), #1943, .T. ) ;
#3130 = CARTESIAN_POINT ( 'NONE',  ( 0.2862496844460286072, -0.6826094297849276682, -0.8499205955772125565 ) ) ;
#3131 = CARTESIAN_POINT ( 'NONE',  ( -0.7702260013329087496, 0.4543998569730485215, -0.1528785489528610986 ) ) ;
#3132 = ORIENTED_EDGE ( 'NONE', *, *, #3328, .T. ) ;
#3133 = PRODUCT_RELATED_PRODUCT_CATEGORY ( 'part', '', ( #2287 ) ) ;
#3134 = CARTESIAN_POINT ( 'NONE',  ( 0.000000000000000000, -1.127570259384920036E-14, -3.722296913319440570 ) ) ;
#3135 = CARTESIAN_POINT ( 'NONE',  ( 0.8660254037844390407, 0.5000000000000000000, -2.708333333333329929 ) ) ;
#3136 = CARTESIAN_POINT ( 'NONE',  ( 0.8316041466704151564, 0.1683296825265044872, -3.000022342417498766 ) ) ;
#3137 = CARTESIAN_POINT ( 'NONE',  ( -0.5773502691896256200, 1.000000000000000222, -1.208333333333329707 ) ) ;
#3138 = CARTESIAN_POINT ( 'NONE',  ( -0.7316374580219773271, 0.1222146801757561518, -1.114036010383208763 ) ) ;
#3139 = CARTESIAN_POINT ( 'NONE',  ( 0.7399748911682929586, -0.01846210754880576316, -0.1233372707514156508 ) ) ;
#3140 = VECTOR ( 'NONE', #3122, 1000.000000000000000 ) ;
#3141 = CARTESIAN_POINT ( 'NONE',  ( 0.7230699392767494516, 0.1649043914478053041, -1.339790791278138382 ) ) ;
#3142 = CARTESIAN_POINT ( 'NONE',  ( -1.224663944636500236E-16, -1.000014000354360055, -1.824991916891639976 ) ) ;
#3143 = ORIENTED_EDGE ( 'NONE', *, *, #885, .T. ) ;
#3144 = CYLINDRICAL_SURFACE ( 'NONE', #2198, 0.7401923788646699309 ) ;
#3145 = CARTESIAN_POINT ( 'NONE',  ( -0.0009047135768704361002, -1.026066870880541382, -1.424848231470831728 ) ) ;
#3146 = CARTESIAN_POINT ( 'NONE',  ( 0.5938947539346335347, 0.5646024000940697007, -0.07784520411577182386 ) ) ;
#3147 = B_SPLINE_CURVE_WITH_KNOTS ( 'NONE', 3,
 ( #609, #3025, #3386, #2693 ),
 .UNSPECIFIED., .F., .F.,
 ( 4, 4 ),
 ( 0.000000000000000000, 0.001105000282511270100 ),
 .UNSPECIFIED. ) ;
#3148 = CARTESIAN_POINT ( 'NONE',  ( -0.3736089425452586155, -0.6392376776626699231, -0.7913068276035206683 ) ) ;
#3149 = CARTESIAN_POINT ( 'NONE',  ( 0.6410254037844400621, 0.3700961894323349655, -1.708333333333329929 ) ) ;
#3150 = ORIENTED_EDGE ( 'NONE', *, *, #771, .T. ) ;
#3151 = DIRECTION ( 'NONE',  ( 0.000000000000000000, 1.000000000000000000, 3.108624468950430425E-15 ) ) ;
#3152 = CARTESIAN_POINT ( 'NONE',  ( 0.8648253908270772117, -0.5022775013628659746, -0.2915148558883726704 ) ) ;
#3153 = CARTESIAN_POINT ( 'NONE',  ( 0.8708967399629686801, -0.2210152547387759514, -2.999999791094697166 ) ) ;
#3154 = CARTESIAN_POINT ( 'NONE',  ( 0.6410254037844400621, 0.3700961894323349655, -3.358333333333329840 ) ) ;
#3155 = CARTESIAN_POINT ( 'NONE',  ( 0.4273502691896271521, 0.7401923788646699309, -3.341666666666660568 ) ) ;
#3156 = DIRECTION ( 'NONE',  ( 0.000000000000000000, -0.09427528220697745098, -0.9955461672694013719 ) ) ;
#3157 = DIRECTION ( 'NONE',  ( 0.9203638919632278759, 0.3812272063696449109, 0.08715574274765827689 ) ) ;
#3158 = EDGE_CURVE ( 'NONE', #2035, #1806, #1349, .T. ) ;
#3159 = CARTESIAN_POINT ( 'NONE',  ( -1.224663944636500236E-16, -1.000014000354360055, -2.224991916891640109 ) ) ;
#3160 = ORIENTED_EDGE ( 'NONE', *, *, #713, .F. ) ;
#3161 = CARTESIAN_POINT ( 'NONE',  ( 0.3910592191686020347, 0.6385035550601978471, -2.989917982476949732 ) ) ;
#3162 = CARTESIAN_POINT ( 'NONE',  ( 0.09489322242936133744, 0.7344672095358534269, -0.2173046703744967723 ) ) ;
#3163 = CARTESIAN_POINT ( 'NONE',  ( -0.6083368438513012677, 0.7943560983206028325, -1.266873574959439086 ) ) ;
#3164 = CARTESIAN_POINT ( 'NONE',  ( -0.05075719127009660492, -0.7402057725739376037, -0.8208772316769068489 ) ) ;
#3165 = CARTESIAN_POINT ( 'NONE',  ( 0.9064060724095466259, -0.3661819519001110468, -0.2365207433264536196 ) ) ;
#3166 = ORIENTED_EDGE ( 'NONE', *, *, #1541, .T. ) ;
#3167 = CARTESIAN_POINT ( 'NONE',  ( 0.000000000000000000, 0.000000000000000000, 0.000000000000000000 ) ) ;
#3168 = CARTESIAN_POINT ( 'NONE',  ( -0.8660254037844390407, 0.5000000000000000000, -2.841666666666659680 ) ) ;
#3169 = CARTESIAN_POINT ( 'NONE',  ( 0.000000000000000000, 1.000000000000000000, 0.02500000000000000139 ) ) ;
#3170 = CARTESIAN_POINT ( 'NONE',  ( 0.4273502691896260419, -0.7401923788646699309, -3.208333333333333481 ) ) ;
#3171 = CARTESIAN_POINT ( 'NONE',  ( 0.7401407964688719865, -0.009761679010038762025, -0.1241208402849174330 ) ) ;
#3172 = CYLINDRICAL_SURFACE ( 'NONE', #1603, 0.7401923788646699309 ) ;
#3173 = CARTESIAN_POINT ( 'NONE',  ( -0.8660375284469739032, -0.5000070001771780293, -2.958325250224969949 ) ) ;
#3174 = DIRECTION ( 'NONE',  ( 1.000000000000000000, 0.000000000000000000, 0.000000000000000000 ) ) ;
#3175 = ORIENTED_EDGE ( 'NONE', *, *, #2236, .T. ) ;
#3176 = CARTESIAN_POINT ( 'NONE',  ( -0.8547005383792529720, 5.233531392778363755E-17, 0.07499999999999756861 ) ) ;
#3177 = EDGE_CURVE ( 'NONE', #2041, #1811, #285, .T. ) ;
#3178 = CARTESIAN_POINT ( 'NONE',  ( 0.7401923788646700419, 1.111204519654868666E-14, -2.525000000000000355 ) ) ;
#3179 = CARTESIAN_POINT ( 'NONE',  ( 0.7401923788646698199, 1.092249095252206943E-13, -0.4750000000000655920 ) ) ;
#3180 = CARTESIAN_POINT ( 'NONE',  ( 0.3753995657930512819, 0.9268703783650490413, -1.200888446198964843 ) ) ;
#3181 = CARTESIAN_POINT ( 'NONE',  ( 0.7264303786873727020, -0.1441163410061188643, -0.9120757956495327834 ) ) ;
#3182 = CARTESIAN_POINT ( 'NONE',  ( -0.8330967158382696081, 0.3402695758765086342, -0.1581764774873014312 ) ) ;
#3183 = ADVANCED_FACE ( 'NONE', ( #2368 ), #2669, .T. ) ;
#3184 = ORIENTED_EDGE ( 'NONE', *, *, #3612, .T. ) ;
#3185 = CARTESIAN_POINT ( 'NONE',  ( 0.3669424536064250231, -1.349766751978800139, -4.322150515720509567 ) ) ;
#3186 = CARTESIAN_POINT ( 'NONE',  ( -0.8660254037844390407, 0.5000000000000000000, -0.4416666666666659857 ) ) ;
#3187 = CARTESIAN_POINT ( 'NONE',  ( -0.6410254037844400621, 0.3700961894323349655, -2.241666666666669805 ) ) ;
#3188 = CARTESIAN_POINT ( 'NONE',  ( -1.000000000000000000, -1.180128981962409728E-15, -2.075000000000000178 ) ) ;
#3189 = CARTESIAN_POINT ( 'NONE',  ( -1.000000000000000000, -1.224646799147350002E-16, 0.000000000000000000 ) ) ;
#3190 = EDGE_CURVE ( 'NONE', #544, #3214, #1215, .T. ) ;
#3191 = CARTESIAN_POINT ( 'NONE',  ( -0.8515245962940238833, -0.3277252261060235594, -3.000099623798837545 ) ) ;
#3192 = CARTESIAN_POINT ( 'NONE',  ( 0.5773583522979818250, -1.000014000354360499, -3.058325250224970482 ) ) ;
#3193 = CARTESIAN_POINT ( 'NONE',  ( 0.7069280969636380085, -0.7072868699991825547, -1.075570904409632433 ) ) ;
#3194 = ORIENTED_EDGE ( 'NONE', *, *, #1003, .T. ) ;
#3195 = LINE ( 'NONE', #2241, #110 ) ;
#3196 = CARTESIAN_POINT ( 'NONE',  ( -1.000000000000000000, -1.739893658958600106E-16, -1.275000000000000133 ) ) ;
#3197 = CARTESIAN_POINT ( 'NONE',  ( 0.9999997235329615153, -0.2679496712860791052, -1.857136688580925732 ) ) ;
#3198 = CARTESIAN_POINT ( 'NONE',  ( -1.078660417681879924, 0.2735788812050460317, -3.254999999999999893 ) ) ;
#3199 = EDGE_CURVE ( 'NONE', #491, #419, #950, .T. ) ;
#3200 = CARTESIAN_POINT ( 'NONE',  ( -0.7687454677800426017, -0.6469903561564215311, -2.969033913731426111 ) ) ;
#3201 = DIRECTION ( 'NONE',  ( 0.9238795325112896251, -0.3826834323650828984, -1.065564151129124801E-14 ) ) ;
#3202 = ORIENTED_EDGE ( 'NONE', *, *, #184, .T. ) ;
#3203 = DIRECTION ( 'NONE',  ( 0.000000000000000000, 0.000000000000000000, -1.000000000000000000 ) ) ;
#3204 = EDGE_CURVE ( 'NONE', #756, #2365, #3724, .T. ) ;
#3205 = FACE_OUTER_BOUND ( 'NONE', #2810, .T. ) ;
#3206 = CARTESIAN_POINT ( 'NONE',  ( 1.154700538379251240, -2.121150477449807913E-16, -1.875000000000002665 ) ) ;
#3207 = EDGE_CURVE ( 'NONE', #251, #2219, #2510, .T. ) ;
#3208 = CARTESIAN_POINT ( 'NONE',  ( 0.7401923788152369177, -8.554523263483964349E-06, -2.874999229522811728 ) ) ;
#3209 = DIRECTION ( 'NONE',  ( 0.000000000000000000, 0.000000000000000000, 1.000000000000000000 ) ) ;
#3210 = CARTESIAN_POINT ( 'NONE',  ( -0.7827721501897845213, 0.2799187726971880119, -3.000007646164191577 ) ) ;
#3211 = CARTESIAN_POINT ( 'NONE',  ( -0.5773583522979830462, 1.000014000354360499, -3.258325250224972880 ) ) ;
#3212 = B_SPLINE_CURVE_WITH_KNOTS ( 'NONE', 3,
 ( #1763, #838, #2348, #3555, #3279, #3939, #2990, #262, #2969, #284, #1131, #1472, #2096, #2668, #240, #3326, #2328 ),
 .UNSPECIFIED., .F., .F.,
 ( 4, 1, 1, 1, 1, 1, 1, 1, 1, 1, 1, 1, 1, 1, 4 ),
 ( 0.4999965891676458885, 0.5000021404548361525, 0.5624372916768525243, 0.6248455490554180036, 0.6873403228053407421, 0.7497765130864091354, 0.8121808259247618178, 0.8745812732294790948, 0.9059221360656816158, 0.9372507815890925853, 0.9434338992426548609, 0.9528014001013588308, 0.9653524402458626419, 0.9810858169476321944, 1.000000000000000000 ),
 .UNSPECIFIED. ) ;
#3213 = CARTESIAN_POINT ( 'NONE',  ( 0.01725154179064222748, -0.9999977112132240054, -1.025980257338899415 ) ) ;
#3214 = VERTEX_POINT ( 'NONE', #3304 ) ;
#3215 = AXIS2_PLACEMENT_3D ( 'NONE', #3514, #3203, #194 ) ;
#3216 =( BOUNDED_CURVE ( )  B_SPLINE_CURVE ( 2, ( #162, #3505, #3521, #3881, #1153, #2276, #1396 ),
 .UNSPECIFIED., .F., .F. ) 
 B_SPLINE_CURVE_WITH_KNOTS ( ( 3, 2, 2, 3 ),
 ( 0.6143849894304751480, 0.7167850640279429530, 0.9215807966067428580, 1.000000000000000000 ),
 .UNSPECIFIED. ) 
 CURVE ( )  GEOMETRIC_REPRESENTATION_ITEM ( )  RATIONAL_B_SPLINE_CURVE ( ( 0.9330127019233745989, 0.9330112572469686505, 1.000000000000000000, 0.8660254037844389297, 1.000000000000000000, 0.9486992185927722865, 0.9366860371833489740 ) ) 
 REPRESENTATION_ITEM ( '' )  );
#3217 = FACE_OUTER_BOUND ( 'NONE', #230, .T. ) ;
#3218 = CARTESIAN_POINT ( 'NONE',  ( -0.9999999999999988898, -0.2679491924311241391, -1.692863279495405715 ) ) ;
#3219 = CARTESIAN_POINT ( 'NONE',  ( -0.5141596442587500482, -0.8046774418654718541, -0.2147077684363207228 ) ) ;
#3220 = CARTESIAN_POINT ( 'NONE',  ( 0.3582657121901455799, 0.9336710422383075469, -1.202101065567307003 ) ) ;
#3221 = CARTESIAN_POINT ( 'NONE',  ( 0.000000000000000000, 1.693999999999986406, -2.999999999999994227 ) ) ;
#3222 = CARTESIAN_POINT ( 'NONE',  ( 0.7770208060538152939, 0.2910540721649256257, -3.000039401390379279 ) ) ;
#3223 = VERTEX_POINT ( 'NONE', #1196 ) ;
#3224 = LINE ( 'NONE', #777, #1495 ) ;
#3225 = CARTESIAN_POINT ( 'NONE',  ( 0.7373442312713717195, -0.2439429550584258088, -0.03427160320679029787 ) ) ;
#3226 = CARTESIAN_POINT ( 'NONE',  ( -0.8660254037844390407, -0.5000000000000000000, -2.508333333333330195 ) ) ;
#3227 = B_SPLINE_CURVE_WITH_KNOTS ( 'NONE', 3,
 ( #73, #381, #2802, #651, #1900, #1331, #739, #2534, #1311, #1858 ),
 .UNSPECIFIED., .F., .F.,
 ( 4, 2, 2, 2, 4 ),
 ( 0.000000000000000000, 0.1250000000000000000, 0.2500000000000000000, 0.3750000000000000000, 0.5000000000000000000 ),
 .UNSPECIFIED. ) ;
#3228 = CARTESIAN_POINT ( 'NONE',  ( -0.4273502691896271521, -0.7401923788646698199, -2.741666666666659147 ) ) ;
#3229 = EDGE_CURVE ( 'NONE', #3352, #1602, #161, .T. ) ;
#3230 = DIRECTION ( 'NONE',  ( 1.000000000000000000, 0.000000000000000000, 0.000000000000000000 ) ) ;
#3231 = CARTESIAN_POINT ( 'NONE',  ( 1.000000000000001332, 2.811853131105967561E-15, -2.724999999999997424 ) ) ;
#3232 = CARTESIAN_POINT ( 'NONE',  ( -0.8045835094439800494, 0.2338307008685001631, -3.000000183734647052 ) ) ;
#3233 = CARTESIAN_POINT ( 'NONE',  ( 0.4900343078367572769, -0.8721694682411107458, -1.057511862699119787 ) ) ;
#3234 = EDGE_LOOP ( 'NONE', ( #558, #899, #641, #17 ) ) ;
#3235 = CARTESIAN_POINT ( 'NONE',  ( 0.4273502691896271521, 0.7401923788646699309, -0.9916666666666672514 ) ) ;
#3236 = CARTESIAN_POINT ( 'NONE',  ( -0.4966697821246410238, 0.5494795916679581227, -0.2723182267900307041 ) ) ;
#3237 = CARTESIAN_POINT ( 'NONE',  ( -1.349766751978800139, 0.3669424536064360143, -4.322150515720509567 ) ) ;
#3238 = CARTESIAN_POINT ( 'NONE',  ( -0.8660254037844390407, -0.5000000000000000000, -0.5083333333333319715 ) ) ;
#3239 = CARTESIAN_POINT ( 'NONE',  ( 0.7940468894651835363, -0.4847985402647916886, -3.000019126484195997 ) ) ;
#3240 = ORIENTED_EDGE ( 'NONE', *, *, #2728, .T. ) ;
#3241 = EDGE_CURVE ( 'NONE', #3663, #581, #551, .T. ) ;
#3242 = CARTESIAN_POINT ( 'NONE',  ( -0.5798895415179675661, -0.4625147445627088016, -0.3678026405535342880 ) ) ;
#3243 = CARTESIAN_POINT ( 'NONE',  ( 1.154700538379251240, -2.121150477449807913E-16, -2.275000000000002576 ) ) ;
#3244 = CARTESIAN_POINT ( 'NONE',  ( 0.7401923788646695979, 0.1937819116403669828, -2.141666666666667052 ) ) ;
#3245 = DIRECTION ( 'NONE',  ( 1.000000000000000000, 0.000000000000000000, 0.000000000000000000 ) ) ;
#3246 = DIRECTION ( 'NONE',  ( 0.000000000000000000, -1.000000000000000000, 1.164834474931526120E-13 ) ) ;
#3247 = LINE ( 'NONE', #1978, #3382 ) ;
#3248 = CARTESIAN_POINT ( 'NONE',  ( -0.6831430705950390925, -0.6663555542783573538, -2.999999893519519123 ) ) ;
#3249 = CARTESIAN_POINT ( 'NONE',  ( 0.4273502691896271521, 0.7401923788646699309, -0.9416666666666682062 ) ) ;
#3250 = CARTESIAN_POINT ( 'NONE',  ( -0.3312232156007696160, -0.9437831569681817134, -1.003990674397577720 ) ) ;
#3251 = ORIENTED_EDGE ( 'NONE', *, *, #2951, .F. ) ;
#3252 = CARTESIAN_POINT ( 'NONE',  ( 0.7401923788123035974, 8.804604399837502897E-06, -1.275001191980702719 ) ) ;
#3253 = CARTESIAN_POINT ( 'NONE',  ( -0.2060536746333500313, 0.7109471454854273675, -0.2423902049573335715 ) ) ;
#3254 = CARTESIAN_POINT ( 'NONE',  ( -0.8094869876320460733, -0.5887204606763112302, -2.964573565551499978 ) ) ;
#3255 = VERTEX_POINT ( 'NONE', #1255 ) ;
#3256 = CARTESIAN_POINT ( 'NONE',  ( 1.000000000000000000, 0.000000000000000000, 0.000000000000000000 ) ) ;
#3257 = B_SPLINE_CURVE_WITH_KNOTS ( 'NONE', 3,
 ( #2423, #2383, #3651, #26, #3001, #2751, #938, #1505, #1776, #1246 ),
 .UNSPECIFIED., .F., .F.,
 ( 4, 2, 2, 2, 4 ),
 ( 0.000000000000000000, 0.1250000000000000000, 0.2500000000000000000, 0.3750000000000000000, 0.5000000000000000000 ),
 .UNSPECIFIED. ) ;
#3258 = CARTESIAN_POINT ( 'NONE',  ( 0.7844548960305545160, -0.04120428726854841184, -0.04533129823458154767 ) ) ;
#3259 = CARTESIAN_POINT ( 'NONE',  ( -0.5773502691896256200, 1.000000000000000222, -2.408333333333329218 ) ) ;
#3260 = ORIENTED_EDGE ( 'NONE', *, *, #3288, .F. ) ;
#3261 = CARTESIAN_POINT ( 'NONE',  ( 0.9999999999999995559, 1.298790833949613044E-14, -1.925000000000000711 ) ) ;
#3262 = LINE ( 'NONE', #3877, #1471 ) ;
#3263 = CARTESIAN_POINT ( 'NONE',  ( -0.4114409251785312027, 0.6427414293208670859, -2.999996057702512875 ) ) ;
#3264 = CARTESIAN_POINT ( 'NONE',  ( -0.4273502691896271521, -0.7401923788646699309, -0.3416666666666703933 ) ) ;
#3265 = CARTESIAN_POINT ( 'NONE',  ( 0.9260518594647721979, -0.3773988469166724147, -1.099956986700131978 ) ) ;
#3266 = ORIENTED_EDGE ( 'NONE', *, *, #3683, .F. ) ;
#3267 = CARTESIAN_POINT ( 'NONE',  ( 0.4273502691896260419, -0.7401923788646699309, -1.658333333333330328 ) ) ;
#3268 = CARTESIAN_POINT ( 'NONE',  ( -0.6883063044533523911, 0.2725181270800993150, -0.3006795378879739133 ) ) ;
#3269 = EDGE_CURVE ( 'NONE', #2580, #3697, #1703, .T. ) ;
#3270 = AXIS2_PLACEMENT_3D ( 'NONE', #1094, #820, #2629 ) ;
#3271 = VECTOR ( 'NONE', #3755, 1000.000000000000114 ) ;
#3272 = CARTESIAN_POINT ( 'NONE',  ( 0.000000000000000000, 1.000000000000000000, -2.375000000000000000 ) ) ;
#3273 = ORIENTED_EDGE ( 'NONE', *, *, #949, .T. ) ;
#3274 = CARTESIAN_POINT ( 'NONE',  ( 0.6410254037844400621, 0.3700961894323349655, -2.508333333333330195 ) ) ;
#3275 = CARTESIAN_POINT ( 'NONE',  ( 0.5219866587632817634, 0.8922269036098130490, -1.991666666666666696 ) ) ;
#3276 = CARTESIAN_POINT ( 'NONE',  ( 0.8660254037844380415, -0.5000000000000000000, -2.641666666666659946 ) ) ;
#3277 = ORIENTED_EDGE ( 'NONE', *, *, #2118, .T. ) ;
#3278 = CARTESIAN_POINT ( 'NONE',  ( -0.7401923788646699309, -8.138291018150500576E-18, -1.525000000000000133 ) ) ;
#3279 = CARTESIAN_POINT ( 'NONE',  ( 0.5367945686402801897, 0.5371996296692269635, -1.773694567751596729 ) ) ;
#3280 = AXIS2_PLACEMENT_3D ( 'NONE', #872, #1186, #560 ) ;
#3281 = DIRECTION ( 'NONE',  ( 1.000000000000000000, 0.000000000000000000, 0.000000000000000000 ) ) ;
#3282 = CARTESIAN_POINT ( 'NONE',  ( 0.6410254037844400621, 0.3700961894323349655, -1.308333333333330017 ) ) ;
#3283 = CARTESIAN_POINT ( 'NONE',  ( -0.2662708334249931363, -0.7064553895423396623, -1.602766371456442407 ) ) ;
#3284 = ORIENTED_EDGE ( 'NONE', *, *, #1304, .T. ) ;
#3285 = CARTESIAN_POINT ( 'NONE',  ( -0.4273502691896260419, 0.7401923788646699309, -1.858333333333330728 ) ) ;
#3286 = CARTESIAN_POINT ( 'NONE',  ( -0.6410254037844400621, -0.3700961894323349655, -1.908333333333330106 ) ) ;
#3287 = VECTOR ( 'NONE', #1228, 999.9999999999998863 ) ;
#3288 = EDGE_CURVE ( 'NONE', #1602, #2406, #1862, .T. ) ;
#3289 = CARTESIAN_POINT ( 'NONE',  ( -0.7007714726617132461, 0.2383553746423223985, -0.3036218955157739541 ) ) ;
#3290 = ORIENTED_EDGE ( 'NONE', *, *, #913, .T. ) ;
#3291 = AXIS2_PLACEMENT_3D ( 'NONE', #1253, #1549, #2759 ) ;
#3292 = CARTESIAN_POINT ( 'NONE',  ( -2.449293598294706414E-16, -2.000000000000011102, -3.722296913319446787 ) ) ;
#3293 = ORIENTED_EDGE ( 'NONE', *, *, #830, .F. ) ;
#3294 = CARTESIAN_POINT ( 'NONE',  ( -1.000000000000000000, 5.459208766345149090E-16, -1.675000000000000044 ) ) ;
#3295 = FACE_OUTER_BOUND ( 'NONE', #3234, .T. ) ;
#3296 = CARTESIAN_POINT ( 'NONE',  ( -1.154700538379251240, 7.070501591499382719E-17, -2.874999999999992006 ) ) ;
#3297 = CARTESIAN_POINT ( 'NONE',  ( 1.224646799147350002E-16, -1.000000000000000000, 0.1749999999999999889 ) ) ;
#3298 = ORIENTED_EDGE ( 'NONE', *, *, #1619, .F. ) ;
#3299 = CARTESIAN_POINT ( 'NONE',  ( -0.9973871990767626539, 0.09394645062769572952, -0.9187531148778440571 ) ) ;
#3300 = CARTESIAN_POINT ( 'NONE',  ( -0.5995561784646592507, -0.4357425390489684802, -2.764644549647082172 ) ) ;
#3301 = EDGE_CURVE ( 'NONE', #380, #1138, #3609, .T. ) ;
#3302 = DIRECTION ( 'NONE',  ( 0.000000000000000000, -0.9961946980917456562, -0.08715574274765836016 ) ) ;
#3303 = CYLINDRICAL_SURFACE ( 'NONE', #2999, 0.7401923788646699309 ) ;
#3304 = CARTESIAN_POINT ( 'NONE',  ( 0.9999999999998187006, 6.017595787446686063E-07, -2.275000040117295175 ) ) ;
#3305 = CARTESIAN_POINT ( 'NONE',  ( 0.4273502691896271521, 0.7401923788646699309, -0.5416666666666689611 ) ) ;
#3306 = CARTESIAN_POINT ( 'NONE',  ( 0.9999999999781099547, 6.616764702185728042E-06, -0.3250004411174612362 ) ) ;
#3307 = CARTESIAN_POINT ( 'NONE',  ( 0.7392235873188720552, -0.02895695460525778489, -1.722396592093077716 ) ) ;
#3308 = VERTEX_POINT ( 'NONE', #2530 ) ;
#3309 = CARTESIAN_POINT ( 'NONE',  ( -0.8660254037844390407, -0.5000000000000000000, -1.308333333333330017 ) ) ;
#3310 = CARTESIAN_POINT ( 'NONE',  ( 0.6410254037844400621, -0.3700961894323349655, -2.891666666666659946 ) ) ;
#3311 = CARTESIAN_POINT ( 'NONE',  ( 0.7401923788646864732, -0.1983339501604313160, -2.057136720504595839 ) ) ;
#3312 = AXIS2_PLACEMENT_3D ( 'NONE', #2946, #2611, #2592 ) ;
#3313 = CARTESIAN_POINT ( 'NONE',  ( -0.2196795799659996828, 0.7068728077591341918, -0.2436360528027971539 ) ) ;
#3314 = EDGE_CURVE ( 'NONE', #1489, #622, #3744, .T. ) ;
#3315 = ORIENTED_EDGE ( 'NONE', *, *, #3190, .F. ) ;
#3316 = CARTESIAN_POINT ( 'NONE',  ( -1.000000000000553557, 0.2679491924301640182, -2.457136720504648597 ) ) ;
#3317 = VERTEX_POINT ( 'NONE', #273 ) ;
#3318 = CARTESIAN_POINT ( 'NONE',  ( 0.7401923788646698199, -1.296141708455227137E-14, -2.474999999999996980 ) ) ;
#3319 = CYLINDRICAL_SURFACE ( 'NONE', #2904, 0.7401923788646699309 ) ;
#3320 = DIRECTION ( 'NONE',  ( 0.000000000000000000, 0.000000000000000000, 1.000000000000000000 ) ) ;
#3321 = CARTESIAN_POINT ( 'NONE',  ( -0.7401923788646699309, -4.990984619036200170E-15, -1.074999999999999956 ) ) ;
#3322 = ORIENTED_EDGE ( 'NONE', *, *, #2236, .F. ) ;
#3323 = CARTESIAN_POINT ( 'NONE',  ( -0.8201215891250982493, 0.5839891886121858500, -0.8858668726015732631 ) ) ;
#3324 = DIRECTION ( 'NONE',  ( 3.471974521275892830E-32, -0.08715574274766160756, 0.9961946980917452121 ) ) ;
#3325 = CARTESIAN_POINT ( 'NONE',  ( 0.000000000000000000, -1.125042243461499945E-14, -3.722296913319440570 ) ) ;
#3326 = CARTESIAN_POINT ( 'NONE',  ( -0.7392089990261508925, 0.02918245038886842571, -1.922376150941927930 ) ) ;
#3327 = CARTESIAN_POINT ( 'NONE',  ( 0.2963347879188821810, 0.6787314894332880932, -0.9991089148477803050 ) ) ;
#3328 = EDGE_CURVE ( 'NONE', #3925, #2111, #2319, .T. ) ;
#3329 = CARTESIAN_POINT ( 'NONE',  ( 0.7071612049032347525, 0.7070523532807208023, -0.3744071117882666888 ) ) ;
#3330 = CARTESIAN_POINT ( 'NONE',  ( -0.7401923788640939472, -9.064742275291770497E-17, 5.762057497804560425E-13 ) ) ;
#3331 = ORIENTED_EDGE ( 'NONE', *, *, #3734, .T. ) ;
#3332 =( BOUNDED_CURVE ( )  B_SPLINE_CURVE ( 2, ( #1139, #2005, #3238, #1717, #2938, #211, #2622, #2337, #3565 ),
 .UNSPECIFIED., .F., .F. ) 
 B_SPLINE_CURVE_WITH_KNOTS ( ( 3, 2, 2, 2, 3 ),
 ( 0.000000000000000000, 0.08333333333327691550, 0.2499999999998400169, 0.4166666666663938479, 0.5000000000000000000 ),
 .UNSPECIFIED. ) 
 CURVE ( )  GEOMETRIC_REPRESENTATION_ITEM ( )  RATIONAL_B_SPLINE_CURVE ( ( 0.9330127018922195203, 0.9330127018922196314, 1.000000000000000000, 0.8660254037844389297, 1.000000000000000000, 0.8660254037844389297, 1.000000000000000000, 0.9330127018919583959, 0.9330127018922194093 ) ) 
 REPRESENTATION_ITEM ( '' )  );
#3333 = DIRECTION ( 'NONE',  ( 0.9238795325112920676, -0.3826834323650770697, 0.000000000000000000 ) ) ;
#3334 = CARTESIAN_POINT ( 'NONE',  ( -0.8660375284469739032, 0.5000070001771790285, -0.8916585835583079600 ) ) ;
#3335 = ORIENTED_EDGE ( 'NONE', *, *, #3009, .F. ) ;
#3336 =( BOUNDED_CURVE ( )  B_SPLINE_CURVE ( 2, ( #3431, #3097, #101, #2522, #2541 ),
 .UNSPECIFIED., .F., .F. ) 
 B_SPLINE_CURVE_WITH_KNOTS ( ( 3, 2, 3 ),
 ( 0.000000000000000000, 0.6666666666666521968, 1.000000000000000000 ),
 .UNSPECIFIED. ) 
 CURVE ( )  GEOMETRIC_REPRESENTATION_ITEM ( )  RATIONAL_B_SPLINE_CURVE ( ( 1.000000000000000000, 0.8660254037844389297, 1.000000000000000000, 0.9330127018922151905, 0.9330127018922195203 ) ) 
 REPRESENTATION_ITEM ( '' )  );
#3337 = CIRCLE ( 'NONE', #21, 2.747226305060009643 ) ;
#3338 = VERTEX_POINT ( 'NONE', #2484 ) ;
#3339 = CARTESIAN_POINT ( 'NONE',  ( 0.9999992804345597674, 0.2679504387550247779, -1.492863362583666476 ) ) ;
#3340 = CARTESIAN_POINT ( 'NONE',  ( -0.5209437679437300961, -0.5258436363716351147, -0.7746958845908130664 ) ) ;
#3341 = CARTESIAN_POINT ( 'NONE',  ( 0.6331070470488304736, -0.6615531002450194542, -0.1754722940153709276 ) ) ;
#3342 = DIRECTION ( 'NONE',  ( -0.9203638919632313176, 0.3812272063696380830, -0.08715574274765411356 ) ) ;
#3343 = ORIENTED_EDGE ( 'NONE', *, *, #57, .F. ) ;
#3344 = EDGE_CURVE ( 'NONE', #2111, #3498, #1759, .T. ) ;
#3345 = DIRECTION ( 'NONE',  ( -1.000000000000000000, 0.000000000000000000, 0.000000000000000000 ) ) ;
#3346 = DIRECTION ( 'NONE',  ( 0.000000000000000000, 1.000000000000000000, 3.252606517456513302E-15 ) ) ;
#3347 = CARTESIAN_POINT ( 'NONE',  ( 0.6730008647906441377, -0.6794362721903323132, -3.000042030165455120 ) ) ;
#3348 = CARTESIAN_POINT ( 'NONE',  ( 0.7401923788646698199, 2.536815002063137769E-14, -2.075000000000002842 ) ) ;
#3349 = CARTESIAN_POINT ( 'NONE',  ( -0.6536936045482711899, -0.7059741228030809168, -2.999900396502940048 ) ) ;
#3350 = CARTESIAN_POINT ( 'NONE',  ( 0.3848347721949068601, 0.9229878775330552232, -0.4002144793804231493 ) ) ;
#3351 = CARTESIAN_POINT ( 'NONE',  ( 0.7374976220032574137, 0.08308479648744582224, -0.5324483657730743058 ) ) ;
#3352 = VERTEX_POINT ( 'NONE', #1478 ) ;
#3353 = DIRECTION ( 'NONE',  ( -1.019098114406770010E-14, 1.000000000000000000, 0.000000000000000000 ) ) ;
#3354 = CARTESIAN_POINT ( 'NONE',  ( -1.224663944636500236E-16, -1.000014000354360055, -0.6249919168916420187 ) ) ;
#3355 = EDGE_LOOP ( 'NONE', ( #1422, #3809, #1891, #398 ) ) ;
#3356 = CARTESIAN_POINT ( 'NONE',  ( -0.7085577661467227228, -0.7079482570482370507, -1.374218918983952209 ) ) ;
#3357 = CARTESIAN_POINT ( 'NONE',  ( 0.000000000000000000, 1.000000000000000000, -0.3750000000000000000 ) ) ;
#3358 = DIRECTION ( 'NONE',  ( -1.000000000000000000, 1.224646799147353207E-16, 3.806967005651285212E-31 ) ) ;
#3359 = DIRECTION ( 'NONE',  ( 0.000000000000000000, 1.000000000000000000, 3.252606517456513302E-15 ) ) ;
#3360 = CARTESIAN_POINT ( 'NONE',  ( 0.5159121215410690242, -0.7301462576791337700, -0.1524671176237896719 ) ) ;
#3361 = CARTESIAN_POINT ( 'NONE',  ( -0.0001523673034722832051, 0.9999999883921021349, -0.02500879654343759681 ) ) ;
#3362 = VERTEX_POINT ( 'NONE', #2676 ) ;
#3363 = CARTESIAN_POINT ( 'NONE',  ( 0.5412011182733187376, 0.8464010960762119451, -0.7886262959477240431 ) ) ;
#3364 = EDGE_CURVE ( 'NONE', #1602, #2399, #3526, .T. ) ;
#3365 = CARTESIAN_POINT ( 'NONE',  ( -0.7401923788646704860, -0.1112781466665597047, -2.735022452706793672 ) ) ;
#3366 = FACE_OUTER_BOUND ( 'NONE', #650, .T. ) ;
#3367 = CARTESIAN_POINT ( 'NONE',  ( -0.3878251953514110228, -0.9217329428042809747, -3.000000000000000000 ) ) ;
#3368 = CARTESIAN_POINT ( 'NONE',  ( -0.3671945136399725751, 0.9302880286461966408, -0.4485237278676632577 ) ) ;
#3369 = CARTESIAN_POINT ( 'NONE',  ( -0.7395221489933869741, 0.02401991075147801372, -0.7228421831782482210 ) ) ;
#3370 = VERTEX_POINT ( 'NONE', #2380 ) ;
#3371 = FACE_OUTER_BOUND ( 'NONE', #358, .T. ) ;
#3372 = ADVANCED_FACE ( 'NONE', ( #313 ), #1561, .T. ) ;
#3373 = CARTESIAN_POINT ( 'NONE',  ( -0.8660375284469739032, 0.5000070001771790285, -0.4916585835583090480 ) ) ;
#3374 = EDGE_CURVE ( 'NONE', #2471, #2597, #2221, .T. ) ;
#3375 = ORIENTED_EDGE ( 'NONE', *, *, #32, .T. ) ;
#3376 = CARTESIAN_POINT ( 'NONE',  ( 0.6193430118145771823, 0.4053446769550205220, -2.961632270653253407 ) ) ;
#3377 = AXIS2_PLACEMENT_3D ( 'NONE', #935, #2125, #644 ) ;
#3378 = CARTESIAN_POINT ( 'NONE',  ( 0.9474561776067127461, -0.3941427664345658055, -1.498917240660563310 ) ) ;
#3379 = CARTESIAN_POINT ( 'NONE',  ( -0.6036238466822470006, -0.7993622878234601936, -0.9834617675207452114 ) ) ;
#3380 = CARTESIAN_POINT ( 'NONE',  ( 0.6410254037844400621, 0.3700961894323349655, -0.9083333333333349913 ) ) ;
#3381 = CARTESIAN_POINT ( 'NONE',  ( 0.2481274368151182574, -0.8062649081088316683, -0.1028150017721184556 ) ) ;
#3382 = VECTOR ( 'NONE', #3209, 1000.000000000000000 ) ;
#3383 = CARTESIAN_POINT ( 'NONE',  ( -0.7401923788646698199, 0.1937819116403668995, -2.308333333333333126 ) ) ;
#3384 = ORIENTED_EDGE ( 'NONE', *, *, #579, .T. ) ;
#3385 = CYLINDRICAL_SURFACE ( 'NONE', #1624, 1.000000000000000000 ) ;
#3386 = CARTESIAN_POINT ( 'NONE',  ( 1.259450488053270201, 0.3358201048381959652, -3.966420441514869832 ) ) ;
#3387 = FACE_OUTER_BOUND ( 'NONE', #1856, .T. ) ;
#3388 = CARTESIAN_POINT ( 'NONE',  ( 0.4273502691896260419, -0.7401923788646699309, -3.258333333333331527 ) ) ;
#3389 = CARTESIAN_POINT ( 'NONE',  ( -0.4498189390459111370, 0.5883355662466578373, -1.066821908532849639 ) ) ;
#3390 = PLANE ( 'NONE',  #1526 ) ;
#3391 = VERTEX_POINT ( 'NONE', #3252 ) ;
#3392 = CARTESIAN_POINT ( 'NONE',  ( 0.000000000000000000, 0.000000000000000000, -3.254999999999999893 ) ) ;
#3393 = CARTESIAN_POINT ( 'NONE',  ( 1.154716704595970533, -2.121180174308142071E-16, -1.124991916891640686 ) ) ;
#3394 = VERTEX_POINT ( 'NONE', #2023 ) ;
#3395 = CARTESIAN_POINT ( 'NONE',  ( 0.7401923788235348356, 7.803572740048279107E-06, -2.925000702841469291 ) ) ;
#3396 = DIRECTION ( 'NONE',  ( 1.000000000000000000, 0.000000000000000000, 0.000000000000000000 ) ) ;
#3397 = EDGE_CURVE ( 'NONE', #3697, #3647, #209, .T. ) ;
#3398 = CARTESIAN_POINT ( 'NONE',  ( -0.5875605635976908214, -0.8177088565099970285, -1.385299198983123148 ) ) ;
#3399 = CARTESIAN_POINT ( 'NONE',  ( 1.000000000000000000, -4.357666448243395637E-17, -0.6749999999999991562 ) ) ;
#3400 = CARTESIAN_POINT ( 'NONE',  ( 0.3619810330678207011, -0.6459851679351099607, -0.8574371085512398905 ) ) ;
#3401 = CARTESIAN_POINT ( 'NONE',  ( -0.04939711920976348758, 0.8532622187969169936, -0.1130698399322484504 ) ) ;
#3402 = ORIENTED_EDGE ( 'NONE', *, *, #1442, .T. ) ;
#3403 = CARTESIAN_POINT ( 'NONE',  ( -0.9999999999999915623, -0.2679491924311375173, -2.092863279495407181 ) ) ;
#3404 = STYLED_ITEM ( 'NONE', ( #1425 ), #663 ) ;
#3405 = DIRECTION ( 'NONE',  ( -0.01733375049385930261, -0.08714264840443340654, -0.9960450290638862558 ) ) ;
#3406 = FACE_OUTER_BOUND ( 'NONE', #1623, .T. ) ;
#3407 = CARTESIAN_POINT ( 'NONE',  ( -0.4273502691896260419, 0.7401923788646699309, -2.658333333333329662 ) ) ;
#3408 = CARTESIAN_POINT ( 'NONE',  ( -0.6515308153307245442, 0.3612305580492638502, -1.092677003411249181 ) ) ;
#3409 = CARTESIAN_POINT ( 'NONE',  ( -0.4273502691896271521, -0.7401923788646699309, -3.141666666666658170 ) ) ;
#3410 = CARTESIAN_POINT ( 'NONE',  ( -0.05154979125156337189, -0.7483095683670176745, -0.02119482183319923788 ) ) ;
#3411 = ORIENTED_EDGE ( 'NONE', *, *, #3288, .T. ) ;
#3412 = DIRECTION ( 'NONE',  ( 0.000000000000000000, 0.000000000000000000, 1.000000000000000000 ) ) ;
#3413 = CARTESIAN_POINT ( 'NONE',  ( -1.224663944636500236E-16, -1.000014000354360055, -0.2249919168916429679 ) ) ;
#3414 = ORIENTED_EDGE ( 'NONE', *, *, #3066, .F. ) ;
#3415 = AXIS2_PLACEMENT_3D ( 'NONE', #3616, #3632, #3359 ) ;
#3416 = ORIENTED_EDGE ( 'NONE', *, *, #1584, .F. ) ;
#3417 = CARTESIAN_POINT ( 'NONE',  ( 0.4943337262400344656, 0.8693570440274149824, -1.192098086778277777 ) ) ;
#3418 = CARTESIAN_POINT ( 'NONE',  ( 0.6856341637613525553, -0.2789597863406724221, -0.8999924745300116324 ) ) ;
#3419 = CARTESIAN_POINT ( 'NONE',  ( 0.8798233204038128363, -0.4076552232129880271, -0.2294567163016164313 ) ) ;
#3420 = VECTOR ( 'NONE', #664, 1000.000000000000000 ) ;
#3421 = ORIENTED_EDGE ( 'NONE', *, *, #2984, .T. ) ;
#3422 = DIRECTION ( 'NONE',  ( 0.000000000000000000, 0.000000000000000000, 1.000000000000000000 ) ) ;
#3423 = ADVANCED_FACE ( 'NONE', ( #2575 ), #496, .T. ) ;
#3424 = CARTESIAN_POINT ( 'NONE',  ( 0.9999999999999137357, 4.152689208112992067E-07, -2.675000027684575787 ) ) ;
#3425 = CARTESIAN_POINT ( 'NONE',  ( 0.7664189250355172289, 0.3103263183351736565, -3.000052662291361028 ) ) ;
#3426 = CARTESIAN_POINT ( 'NONE',  ( 0.000000000000000000, 1.000000000000000000, -1.975000000000000089 ) ) ;
#3427 = CARTESIAN_POINT ( 'NONE',  ( -0.5231010536286759827, 0.5236899406795134659, -1.075551306573193866 ) ) ;
#3428 = CARTESIAN_POINT ( 'NONE',  ( 0.7168842348423293265, -0.1862436199885274257, -0.1081975206290389097 ) ) ;
#3429 =( NAMED_UNIT ( * ) PLANE_ANGLE_UNIT ( ) SI_UNIT ( $, .RADIAN. ) );
#3430 = CARTESIAN_POINT ( 'NONE',  ( -0.4771510246045085335, 0.5767997908302865406, -1.469882442754215868 ) ) ;
#3431 = CARTESIAN_POINT ( 'NONE',  ( 0.000000000000000000, 0.7401923788646699309, -0.1750000000000030143 ) ) ;
#3432 = CARTESIAN_POINT ( 'NONE',  ( -1.154716704595970533, 7.070600581027142701E-17, -3.324991916891642862 ) ) ;
#3433 = ORIENTED_EDGE ( 'NONE', *, *, #3241, .F. ) ;
#3434 = CARTESIAN_POINT ( 'NONE',  ( 0.6341280645741198541, 0.3819878014935330635, -2.959388943480179446 ) ) ;
#3435 = CARTESIAN_POINT ( 'NONE',  ( -0.9972218609458882721, -0.09806240233449585453, -1.331511042810386014 ) ) ;
#3436 = CARTESIAN_POINT ( 'NONE',  ( 0.7877390909829895538, 7.570971989410919955E-09, -0.04754859048490400059 ) ) ;
#3437 = CARTESIAN_POINT ( 'NONE',  ( -0.2834693497293023778, -0.6837628439728891117, -0.8003480091699908261 ) ) ;
#3438 = CARTESIAN_POINT ( 'NONE',  ( 0.8552783684303741918, -0.4438677837635964796, -0.2231712727310305733 ) ) ;
#3439 = ORIENTED_EDGE ( 'NONE', *, *, #2482, .F. ) ;
#3440 = CARTESIAN_POINT ( 'NONE',  ( 0.000000000000000000, 0.000000000000000000, 0.000000000000000000 ) ) ;
#3441 = DIRECTION ( 'NONE',  ( -0.3812272063696489077, 0.9203638919632260995, 0.08715574274766017815 ) ) ;
#3442 = CARTESIAN_POINT ( 'NONE',  ( 0.7950852297290347259, -0.4826023048498147561, -3.000018641832074007 ) ) ;
#3443 = CARTESIAN_POINT ( 'NONE',  ( 0.5773502691896256200, -1.000000000000000222, -0.6083333333333325044 ) ) ;
#3444 = CARTESIAN_POINT ( 'NONE',  ( -0.2864425243974487723, 0.6825285042312851935, -1.049939295597182243 ) ) ;
#3445 = EDGE_CURVE ( 'NONE', #711, #3362, #2848, .T. ) ;
#3446 = CARTESIAN_POINT ( 'NONE',  ( 0.7393814569404434378, -0.03658908664950178552, -0.1217044663087911288 ) ) ;
#3447 = VECTOR ( 'NONE', #2613, 1000.000000000000000 ) ;
#3448 = DIRECTION ( 'NONE',  ( 1.000000000000000000, 0.000000000000000000, 0.000000000000000000 ) ) ;
#3449 = CARTESIAN_POINT ( 'NONE',  ( -0.8660375284469739032, 0.5000070001771790285, -2.091658583558309914 ) ) ;
#3450 = ORIENTED_EDGE ( 'NONE', *, *, #32, .F. ) ;
#3451 = CARTESIAN_POINT ( 'NONE',  ( 0.5219866587632865373, -0.8922269036098103845, -2.258333333333333748 ) ) ;
#3452 = LINE ( 'NONE', #1659, #879 ) ;
#3453 = CARTESIAN_POINT ( 'NONE',  ( -0.5135759711138161432, 0.8583936973049214325, -1.259313244020659139 ) ) ;
#3454 = CARTESIAN_POINT ( 'NONE',  ( -1.000000000000000444, -0.09339148244209344307, -2.931226098829472271 ) ) ;
#3455 = VECTOR ( 'NONE', #1767, 1000.000000000000000 ) ;
#3456 = CARTESIAN_POINT ( 'NONE',  ( 0.000000000000000000, 0.7401923788646699309, -1.775000000000000133 ) ) ;
#3457 = VERTEX_POINT ( 'NONE', #1195 ) ;
#3458 = FACE_OUTER_BOUND ( 'NONE', #2955, .T. ) ;
#3459 = DIRECTION ( 'NONE',  ( 1.087222386500129519E-14, -0.9961946980917458783, 0.08715574274765508500 ) ) ;
#3460 = CARTESIAN_POINT ( 'NONE',  ( 0.5773502691896256200, 1.000000000000000222, -1.541666666666659635 ) ) ;
#3461 = ADVANCED_FACE ( 'NONE', ( #3537 ), #283, .T. ) ;
#3462 = CARTESIAN_POINT ( 'NONE',  ( -9.064742275298830802E-17, -0.7401923788646699309, -3.174999999999999822 ) ) ;
#3463 = AXIS2_PLACEMENT_3D ( 'NONE', #1350, #1071, #510 ) ;
#3464 = CARTESIAN_POINT ( 'NONE',  ( 0.4749474708479789475, -0.5725638186969882470, -0.06958397029227446351 ) ) ;
#3465 = VECTOR ( 'NONE', #1064, 1000.000000000000000 ) ;
#3466 = DIRECTION ( 'NONE',  ( 0.000000000000000000, 0.000000000000000000, 1.000000000000000000 ) ) ;
#3467 = FACE_OUTER_BOUND ( 'NONE', #2462, .T. ) ;
#3468 = CARTESIAN_POINT ( 'NONE',  ( -0.5773583522979830462, -1.000014000354360499, -2.191658583558301565 ) ) ;
#3469 = CARTESIAN_POINT ( 'NONE',  ( 0.5777527416704314467, 0.5367596705483628217, -3.000001033255320415 ) ) ;
#3470 = ORIENTED_EDGE ( 'NONE', *, *, #3344, .T. ) ;
#3471 = CARTESIAN_POINT ( 'NONE',  ( -9.064742275298830802E-17, -0.7401923788646699309, -0.8249999999999999556 ) ) ;
#3472 = AXIS2_PLACEMENT_3D ( 'NONE', #2644, #2983, #3869 ) ;
#3473 = CARTESIAN_POINT ( 'NONE',  ( -0.8660254037844390407, -0.5000000000000000000, -1.708333333333329929 ) ) ;
#3474 = CARTESIAN_POINT ( 'NONE',  ( -0.6871774882002865681, -0.6486396901398238102, -0.2044879423522131534 ) ) ;
#3475 = CARTESIAN_POINT ( 'NONE',  ( -1.000000000000000000, -2.693991570745850171E-16, -0.8750000000000000000 ) ) ;
#3476 = CARTESIAN_POINT ( 'NONE',  ( -0.8506546354739192850, 0.2995370395582455658, -0.1601294460478260850 ) ) ;
#3477 = ORIENTED_EDGE ( 'NONE', *, *, #2503, .F. ) ;
#3478 = DIRECTION ( 'NONE',  ( 0.3826834323650881720, -0.9238795325112874046, 0.000000000000000000 ) ) ;
#3479 = EDGE_CURVE ( 'NONE', #3391, #3338, #2374, .T. ) ;
#3480 = CARTESIAN_POINT ( 'NONE',  ( 0.6823328377982518234, -0.7360294018997147747, -0.2731077330508228651 ) ) ;
#3481 = CARTESIAN_POINT ( 'NONE',  ( -1.154700538379251240, 7.070501591499382719E-17, -0.8749999999999987788 ) ) ;
#3482 = CARTESIAN_POINT ( 'NONE',  ( 0.4273502691896260419, -0.7401923788646699309, -2.408333333333329218 ) ) ;
#3483 = CARTESIAN_POINT ( 'NONE',  ( 0.000000000000000000, -1.127570259384920036E-14, -3.722296913319440570 ) ) ;
#3484 = EDGE_CURVE ( 'NONE', #1760, #2035, #112, .T. ) ;
#3485 = VECTOR ( 'NONE', #2066, 1000.000000000000000 ) ;
#3486 = FACE_OUTER_BOUND ( 'NONE', #3073, .T. ) ;
#3487 = CARTESIAN_POINT ( 'NONE',  ( -0.8641275339847181991, -0.2656243704418211893, -3.000001415513313230 ) ) ;
#3488 = CARTESIAN_POINT ( 'NONE',  ( -0.5773583522979830462, -1.000014000354360499, -1.391658583558310180 ) ) ;
#3489 = CARTESIAN_POINT ( 'NONE',  ( 0.1120291780264097287, -0.9946184315631606543, -1.031716526460603411 ) ) ;
#3490 = ORIENTED_EDGE ( 'NONE', *, *, #2285, .F. ) ;
#3491 = CARTESIAN_POINT ( 'NONE',  ( -0.3878251953514110228, -0.9217329428042809747, -3.000000000000000000 ) ) ;
#3492 = B_SPLINE_CURVE_WITH_KNOTS ( 'NONE', 3,
 ( #1725, #201, #515, #1709 ),
 .UNSPECIFIED., .F., .F.,
 ( 4, 4 ),
 ( 0.003033331547149929752, 0.004138332743302270203 ),
 .UNSPECIFIED. ) ;
#3493 = DIRECTION ( 'NONE',  ( 1.000000000000000000, 0.000000000000000000, 0.000000000000000000 ) ) ;
#3494 = CARTESIAN_POINT ( 'NONE',  ( -0.7184724664340240707, -0.6102872597318632630, -0.2023894276168344553 ) ) ;
#3495 = CARTESIAN_POINT ( 'NONE',  ( 0.3337981935721864857, 0.9428537052209492453, -1.203809285394306983 ) ) ;
#3496 = LINE ( 'NONE', #1420, #815 ) ;
#3497 = LINE ( 'NONE', #470, #2045 ) ;
#3498 = VERTEX_POINT ( 'NONE', #903 ) ;
#3499 = DIRECTION ( 'NONE',  ( 1.000000000000000000, 0.000000000000000000, 0.000000000000000000 ) ) ;
#3500 = CARTESIAN_POINT ( 'NONE',  ( -1.154700538379251240, 7.070501591499382719E-17, -1.674999999999998490 ) ) ;
#3501 = CARTESIAN_POINT ( 'NONE',  ( -7.776286181789329693E-15, -4.636503291005881178E-16, -4.322150515720509567 ) ) ;
#3502 = CARTESIAN_POINT ( 'NONE',  ( 0.7401913323804324429, -0.1983357627243283738, -0.8571365572529919818 ) ) ;
#3503 = CARTESIAN_POINT ( 'NONE',  ( -0.7767295995812357745, 0.2914250985013064899, -3.000009984683408071 ) ) ;
#3504 = CARTESIAN_POINT ( 'NONE',  ( -0.5773583522979830462, 1.000014000354360499, -2.858325250224968084 ) ) ;
#3505 = CARTESIAN_POINT ( 'NONE',  ( 0.7401946710458122691, 0.1983299799862608681, -2.892862921915017260 ) ) ;
#3506 = EDGE_LOOP ( 'NONE', ( #3709, #1008, #2439 ) ) ;
#3507 = DIRECTION ( 'NONE',  ( 0.000000000000000000, 0.000000000000000000, 1.000000000000000000 ) ) ;
#3508 = CARTESIAN_POINT ( 'NONE',  ( -0.5773502691896256200, -1.000000000000000222, -1.741666666666657814 ) ) ;
#3509 = CARTESIAN_POINT ( 'NONE',  ( -0.4773281805115980880, -0.8293565567364911129, -0.2166689168391696951 ) ) ;
#3510 = CARTESIAN_POINT ( 'NONE',  ( -0.1125144592788361736, 0.9945668870948033424, -1.231731176944460548 ) ) ;
#3511 = CARTESIAN_POINT ( 'NONE',  ( -0.8571863414332147046, -0.5152790232233432910, -2.959316304187201485 ) ) ;
#3512 = CARTESIAN_POINT ( 'NONE',  ( 0.8662795147472276414, -0.2536774567218582077, -2.999992595496140169 ) ) ;
#3513 = ORIENTED_EDGE ( 'NONE', *, *, #103, .F. ) ;
#3514 = CARTESIAN_POINT ( 'NONE',  ( 0.000000000000000000, -8.239936510889830543E-15, -4.322150515720509567 ) ) ;
#3515 = CARTESIAN_POINT ( 'NONE',  ( 0.000000000000000000, 0.000000000000000000, -3.174999999999999822 ) ) ;
#3516 = CARTESIAN_POINT ( 'NONE',  ( -0.8660254037844390407, 0.5000000000000000000, -2.041666666666659857 ) ) ;
#3517 = DIRECTION ( 'NONE',  ( 0.000000000000000000, 1.000000000000000000, 3.108624468950430425E-15 ) ) ;
#3518 = CARTESIAN_POINT ( 'NONE',  ( -9.064742275298830802E-17, -0.7401923788646699309, -0.7750000000000000222 ) ) ;
#3519 = CARTESIAN_POINT ( 'NONE',  ( -0.7785149927187591246, -0.5163044169165234010, -2.999986980452225449 ) ) ;
#3520 = CARTESIAN_POINT ( 'NONE',  ( -0.6410254037844400621, 0.3700961894323349655, -1.441666666666669983 ) ) ;
#3521 = CARTESIAN_POINT ( 'NONE',  ( 0.6410254037844400621, 0.3700961894323349655, -2.908333333333330106 ) ) ;
#3522 = ORIENTED_EDGE ( 'NONE', *, *, #2460, .F. ) ;
#3523 = CARTESIAN_POINT ( 'NONE',  ( 0.6410254037844400621, 0.3700961894323349655, -0.5583333333333340143 ) ) ;
#3524 = CARTESIAN_POINT ( 'NONE',  ( 0.2020972765970989460, 0.7128291561270581056, -0.2079964034526257943 ) ) ;
#3525 = CARTESIAN_POINT ( 'NONE',  ( -0.9259372343818230711, 0.3776797860601092682, -1.299911496818347834 ) ) ;
#3526 = B_SPLINE_CURVE_WITH_KNOTS ( 'NONE', 3,
 ( #3906, #2436, #3706, #2308, #1335, #1374, #2271, #2947, #217, #3107, #1308, #507, #2338, #3848, #3566, #3813, #1085, #274 ),
 .UNSPECIFIED., .F., .F.,
 ( 4, 1, 1, 1, 1, 1, 1, 1, 1, 1, 1, 1, 1, 1, 1, 4 ),
 ( 0.000000000000000000, 0.01790603961074717018, 0.03580979384112338570, 0.05371129980583204400, 0.07161059463356228560, 0.08950771546676396240, 0.1074026994614245001, 0.1252955837868428846, 0.1411197897597171458, 0.1879585636629156342, 0.2503733214587992584, 0.3127788981778851785, 0.3751808554030224285, 0.4375733058493658234, 0.4999990283442831140, 0.5005187977144224254 ),
 .UNSPECIFIED. ) ;
#3527 = CARTESIAN_POINT ( 'NONE',  ( -1.000000000000000000, 5.112264071149789643E-16, -2.925000000000000266 ) ) ;
#3528 = CARTESIAN_POINT ( 'NONE',  ( 0.7314523196615326794, -0.5990376305554668823, -3.000010565471802781 ) ) ;
#3529 = ORIENTED_EDGE ( 'NONE', *, *, #968, .F. ) ;
#3530 = CARTESIAN_POINT ( 'NONE',  ( 0.7401923788647248870, -0.1983339501603645083, -1.657136720504601479 ) ) ;
#3531 = CARTESIAN_POINT ( 'NONE',  ( 0.6903563041386279187, -0.3390570548221444325, -0.02891590171036494128 ) ) ;
#3532 = CARTESIAN_POINT ( 'NONE',  ( -1.224646799147350002E-16, -1.000000000000000000, -2.174999999999999822 ) ) ;
#3533 = B_SPLINE_CURVE_WITH_KNOTS ( 'NONE', 3,
 ( #3231, #497, #1075, #3804, #460, #2949, #2593, #1411, #219, #1375 ),
 .UNSPECIFIED., .F., .F.,
 ( 4, 2, 2, 2, 4 ),
 ( 0.5000000000000000000, 0.6250000000000000000, 0.7500000000000000000, 0.8750000000000000000, 1.000000000000000000 ),
 .UNSPECIFIED. ) ;
#3534 = EDGE_CURVE ( 'NONE', #3580, #380, #494, .T. ) ;
#3535 = DIRECTION ( 'NONE',  ( 0.000000000000000000, 0.000000000000000000, 1.000000000000000000 ) ) ;
#3536 = ADVANCED_FACE ( 'NONE', ( #2013 ), #2630, .T. ) ;
#3537 = FACE_OUTER_BOUND ( 'NONE', #280, .T. ) ;
#3538 = LINE ( 'NONE', #3189, #3447 ) ;
#3539 = CARTESIAN_POINT ( 'NONE',  ( -0.7045052444572462713, 0.4054987196347918932, -2.999861455826813739 ) ) ;
#3540 = AXIS2_PLACEMENT_3D ( 'NONE', #1365, #3829, #3867 ) ;
#3541 = CARTESIAN_POINT ( 'NONE',  ( -0.8547005383792529720, 5.233531392778363755E-17, -0.6750000000000018208 ) ) ;
#3542 = CARTESIAN_POINT ( 'NONE',  ( 0.4076359552877968362, -0.9132043417534134733, -1.051425713144052310 ) ) ;
#3543 = ORIENTED_EDGE ( 'NONE', *, *, #65, .T. ) ;
#3544 = CARTESIAN_POINT ( 'NONE',  ( -0.8547005383792529720, 5.233531392778363755E-17, -1.125000000000000222 ) ) ;
#3545 = CARTESIAN_POINT ( 'NONE',  ( 0.6857420025093849958, -0.2810163500629306310, -0.04998020026941075999 ) ) ;
#3546 = CARTESIAN_POINT ( 'NONE',  ( 0.9999999999994396704, -0.2679491924320928087, -1.057136720504523897 ) ) ;
#3547 = LINE ( 'NONE', #1733, #1060 ) ;
#3548 = ORIENTED_EDGE ( 'NONE', *, *, #1087, .F. ) ;
#3549 = DIRECTION ( 'NONE',  ( -1.224646799147352714E-16, -1.000000000000000000, 0.000000000000000000 ) ) ;
#3550 = LINE ( 'NONE', #2028, #3102 ) ;
#3551 = CARTESIAN_POINT ( 'NONE',  ( 0.5773502691896256200, -1.000000000000000222, -2.608333333333331616 ) ) ;
#3552 = ADVANCED_FACE ( 'NONE', ( #199 ), #856, .F. ) ;
#3553 = B_SPLINE_CURVE_WITH_KNOTS ( 'NONE', 3,
 ( #2877, #131, #1664, #2860, #2818, #70, #1289, #1590, #694, #715 ),
 .UNSPECIFIED., .F., .F.,
 ( 4, 2, 2, 2, 4 ),
 ( 0.000000000000000000, 0.1250000000000000278, 0.2500000000000000000, 0.3750000000000000000, 0.5000000000000000000 ),
 .UNSPECIFIED. ) ;
#3554 = CARTESIAN_POINT ( 'NONE',  ( -1.078660417681879924, -0.2735788812050239938, -3.254999999999999893 ) ) ;
#3555 = CARTESIAN_POINT ( 'NONE',  ( 0.7016694560655645230, 0.2909288326346709530, -1.751004258828335658 ) ) ;
#3556 = CARTESIAN_POINT ( 'NONE',  ( -0.7487559918917118251, 0.3403837439099468565, -2.999987292887164703 ) ) ;
#3557 = EDGE_CURVE ( 'NONE', #1259, #2533, #2981, .T. ) ;
#3558 = CARTESIAN_POINT ( 'NONE',  ( -0.6410254037844400621, 0.3700961894323349655, -0.6416666666666689389 ) ) ;
#3559 = CARTESIAN_POINT ( 'NONE',  ( 0.9582164046251331335, -0.2873457705746175761, -1.105922598171079407 ) ) ;
#3560 = ORIENTED_EDGE ( 'NONE', *, *, #2089, .F. ) ;
#3561 = CARTESIAN_POINT ( 'NONE',  ( -0.6410254037844400621, 0.3700961894323349655, -1.891666666666659946 ) ) ;
#3562 = CIRCLE ( 'NONE', #578, 2.773536978145062282 ) ;
#3563 = LINE ( 'NONE', #2002, #177 ) ;
#3564 = ORIENTED_EDGE ( 'NONE', *, *, #727, .T. ) ;
#3565 = CARTESIAN_POINT ( 'NONE',  ( 1.000000000000000000, -4.357666448243395637E-17, -0.6749999999999991562 ) ) ;
#3566 = CARTESIAN_POINT ( 'NONE',  ( 0.7007614283687221279, -0.2929836304861826446, -1.298855866039494433 ) ) ;
#3567 = ORIENTED_EDGE ( 'NONE', *, *, #3066, .T. ) ;
#3568 = DIRECTION ( 'NONE',  ( -0.9203638919632251003, -0.3812272063696524604, 0.08715574274765588991 ) ) ;
#3569 = CARTESIAN_POINT ( 'NONE',  ( 0.7401853928377714054, -0.09644616933236815903, -0.5163133908464397903 ) ) ;
#3570 = DIRECTION ( 'NONE',  ( 0.000000000000000000, -1.000000000000000000, -6.360652745248292417E-15 ) ) ;
#3571 = ORIENTED_EDGE ( 'NONE', *, *, #8, .F. ) ;
#3572 = CARTESIAN_POINT ( 'NONE',  ( -0.3926188903760304272, 0.9480491686534719964, -1.649254657625739862 ) ) ;
#3573 = CARTESIAN_POINT ( 'NONE',  ( 0.000000000000000000, 0.000000000000000000, 0.000000000000000000 ) ) ;
#3574 = CARTESIAN_POINT ( 'NONE',  ( -0.7401923788646699309, -2.312508131682119882E-16, -0.3250000000000000111 ) ) ;
#3575 =( GEOMETRIC_REPRESENTATION_CONTEXT ( 3 ) GLOBAL_UNCERTAINTY_ASSIGNED_CONTEXT ( ( #1144 ) ) GLOBAL_UNIT_ASSIGNED_CONTEXT ( ( #3094, #3429, #426 ) ) REPRESENTATION_CONTEXT ( 'NONE', 'WORKASPACE' ) );
#3576 = DIRECTION ( 'NONE',  ( -0.9961946980917456562, -1.552540596237719133E-16, -0.08715574274765836016 ) ) ;
#3577 = CARTESIAN_POINT ( 'NONE',  ( 0.4273502691896271521, 0.7401923788646699309, -1.741666666666669361 ) ) ;
#3578 = CARTESIAN_POINT ( 'NONE',  ( -0.5265510118857570365, -0.5221984905414829292, -1.573994852779424747 ) ) ;
#3579 = EDGE_CURVE ( 'NONE', #3255, #3223, #310, .T. ) ;
#3580 = VERTEX_POINT ( 'NONE', #653 ) ;
#3581 = DIRECTION ( 'NONE',  ( 1.000000000000000000, 0.000000000000000000, 0.000000000000000000 ) ) ;
#3582 = CARTESIAN_POINT ( 'NONE',  ( 0.6410254037844400621, -0.3700961894323349655, -2.491666666666660035 ) ) ;
#3583 = CARTESIAN_POINT ( 'NONE',  ( 0.7226104600267160283, 0.1612101896417872104, -0.08951989731983955867 ) ) ;
#3584 = CARTESIAN_POINT ( 'NONE',  ( 0.7298279065823092271, -0.1430659344108631825, -0.06228851264402480298 ) ) ;
#3585 = VECTOR ( 'NONE', #2513, 1000.000000000000114 ) ;
#3586 = EDGE_CURVE ( 'NONE', #969, #1587, #1822, .T. ) ;
#3587 = ORIENTED_EDGE ( 'NONE', *, *, #830, .T. ) ;
#3588 = CARTESIAN_POINT ( 'NONE',  ( -0.6065863991822609824, -0.2512563132923199549, -4.700000000000000178 ) ) ;
#3589 = CARTESIAN_POINT ( 'NONE',  ( -0.7401923788646699309, -4.990984619036200170E-15, -1.074999999999999956 ) ) ;
#3590 = CARTESIAN_POINT ( 'NONE',  ( 1.154700538379251240, -2.121150477449807913E-16, -2.674999999999989164 ) ) ;
#3591 = CARTESIAN_POINT ( 'NONE',  ( -0.4057540912569160274, 0.4057540912569349567, -3.254999999999999893 ) ) ;
#3592 = ORIENTED_EDGE ( 'NONE', *, *, #3893, .F. ) ;
#3593 = VECTOR ( 'NONE', #1224, 1000.000000000000000 ) ;
#3594 = CARTESIAN_POINT ( 'NONE',  ( -0.6461521239108274361, 0.7782305437751986243, -0.8699465019099327234 ) ) ;
#3595 = CARTESIAN_POINT ( 'NONE',  ( -0.4273502691896260419, 0.7401923788646698199, -1.408333333333330328 ) ) ;
#3596 = CIRCLE ( 'NONE', #1878, 2.000000000000000000 ) ;
#3597 = CARTESIAN_POINT ( 'NONE',  ( -1.224646799147350002E-16, -1.000000000000000000, -2.975000000000000089 ) ) ;
#3598 = ADVANCED_FACE ( 'NONE', ( #3366 ), #1801, .T. ) ;
#3599 = CARTESIAN_POINT ( 'NONE',  ( -0.6410254037844400621, -0.3700961894323349655, -0.7083333333333350357 ) ) ;
#3600 = CARTESIAN_POINT ( 'NONE',  ( -0.9098080464974925841, -0.1564455959639162452, -0.1815237370109728521 ) ) ;
#3601 = CARTESIAN_POINT ( 'NONE',  ( -0.7001799145488805109, -0.2449018738703567788, -1.546915048143158833 ) ) ;
#3602 = ORIENTED_EDGE ( 'NONE', *, *, #1176, .T. ) ;
#3603 = CARTESIAN_POINT ( 'NONE',  ( -0.6410254037844400621, -0.3700961894323349655, -2.358333333333330284 ) ) ;
#3604 = CARTESIAN_POINT ( 'NONE',  ( 0.7392335537965664116, 0.03832187933281130943, -0.07844953244976624052 ) ) ;
#3605 = EDGE_CURVE ( 'NONE', #2183, #581, #113, .T. ) ;
#3606 = AXIS2_PLACEMENT_3D ( 'NONE', #3665, #1240, #967 ) ;
#3607 = CARTESIAN_POINT ( 'NONE',  ( 0.7401919321499801363, -0.07125890599156850524, -0.06858215354900494554 ) ) ;
#3608 = ORIENTED_EDGE ( 'NONE', *, *, #331, .F. ) ;
#3609 = CIRCLE ( 'NONE', #3860, 1.398755535826790020 ) ;
#3610 = CARTESIAN_POINT ( 'NONE',  ( 0.9999998387590197657, 0.2679494717086922662, -2.292863298113911874 ) ) ;
#3611 =( BOUNDED_CURVE ( )  B_SPLINE_CURVE ( 2, ( #2101, #2437, #3286, #329, #2397, #2417, #1200, #3311, #1808 ),
 .UNSPECIFIED., .F., .F. ) 
 B_SPLINE_CURVE_WITH_KNOTS ( ( 3, 2, 2, 2, 3 ),
 ( 0.000000000000000000, 0.08333333333330610049, 0.2499999999999817646, 0.4166666666666489216, 0.5000000000000000000 ),
 .UNSPECIFIED. ) 
 CURVE ( )  GEOMETRIC_REPRESENTATION_ITEM ( )  RATIONAL_B_SPLINE_CURVE ( ( 0.9330127018922195203, 0.9330127018922416138, 1.000000000000000000, 0.8660254037844389297, 1.000000000000000000, 0.8660254037844389297, 1.000000000000000000, 0.9330127018922089732, 0.9330127018922194093 ) ) 
 REPRESENTATION_ITEM ( '' )  );
#3612 = EDGE_CURVE ( 'NONE', #394, #2840, #2134, .T. ) ;
#3613 = ORIENTED_EDGE ( 'NONE', *, *, #671, .T. ) ;
#3614 = CARTESIAN_POINT ( 'NONE',  ( 0.000000000000000000, 0.7401923788646699309, -2.575000000000000178 ) ) ;
#3615 = ADVANCED_FACE ( 'NONE', ( #3387 ), #2174, .F. ) ;
#3616 = CARTESIAN_POINT ( 'NONE',  ( 0.000000000000000000, -1.125042243461499945E-14, -3.722296913319440570 ) ) ;
#3617 = CARTESIAN_POINT ( 'NONE',  ( 0.04072858511166270457, -0.8057390319850809002, -0.06637179852141231184 ) ) ;
#3618 = DIRECTION ( 'NONE',  ( 0.9961946980917455452, 1.552540596237719133E-16, 0.08715574274765836016 ) ) ;
#3619 = ORIENTED_EDGE ( 'NONE', *, *, #2227, .F. ) ;
#3620 = CARTESIAN_POINT ( 'NONE',  ( 0.9822394206626410273, 0.1954438161410838037, -0.7379225911590611142 ) ) ;
#3621 = CARTESIAN_POINT ( 'NONE',  ( -0.3623773729051746884, -0.6454638351657294715, -2.792469655525162686 ) ) ;
#3622 = CARTESIAN_POINT ( 'NONE',  ( 0.5063533202975877279, 0.5399474723991178893, -0.9764515609590952439 ) ) ;
#3623 = CARTESIAN_POINT ( 'NONE',  ( -0.1387058889808220341, 0.9924935687777693971, -0.4334300383441311300 ) ) ;
#3624 = DIRECTION ( 'NONE',  ( 0.000000000000000000, 1.000000000000000000, 3.328129455091277128E-15 ) ) ;
#3625 = ORIENTED_EDGE ( 'NONE', *, *, #3344, .F. ) ;
#3626 = DIRECTION ( 'NONE',  ( 0.9961946980917456562, 7.676412877411697579E-15, -0.08715574274765836016 ) ) ;
#3627 = CARTESIAN_POINT ( 'NONE',  ( -0.8660375284469739032, 0.5000070001771790285, -0.09165858355830969195 ) ) ;
#3628 = EDGE_LOOP ( 'NONE', ( #91, #2932, #1049, #3913 ) ) ;
#3629 = ORIENTED_EDGE ( 'NONE', *, *, #2605, .T. ) ;
#3630 = AXIS2_PLACEMENT_3D ( 'NONE', #1112, #2272, #2310 ) ;
#3631 = CARTESIAN_POINT ( 'NONE',  ( -0.8660254037844390407, 0.5000000000000000000, -0.4416666666666659857 ) ) ;
#3632 = DIRECTION ( 'NONE',  ( 0.000000000000000000, 3.239995458127760343E-15, -1.000000000000000000 ) ) ;
#3633 = CARTESIAN_POINT ( 'NONE',  ( 0.3475350716313301835, -0.7887903803434377359, -0.1209577815623704561 ) ) ;
#3634 = DIRECTION ( 'NONE',  ( 0.000000000000000000, -1.000000000000000000, 0.000000000000000000 ) ) ;
#3635 = VERTEX_POINT ( 'NONE', #1843 ) ;
#3636 = DIRECTION ( 'NONE',  ( 1.000000000000000000, 0.000000000000000000, 0.000000000000000000 ) ) ;
#3637 = CARTESIAN_POINT ( 'NONE',  ( -0.4704652516358995284, -0.5742304085786348322, -2.780919293945254722 ) ) ;
#3638 = CARTESIAN_POINT ( 'NONE',  ( -1.000000000000000000, -1.739893658958600106E-16, -1.275000000000000133 ) ) ;
#3639 = LINE ( 'NONE', #2049, #1344 ) ;
#3640 = CARTESIAN_POINT ( 'NONE',  ( 0.4008154275134889755, -0.7501621986171170819, -4.709320379128409506 ) ) ;
#3641 = CARTESIAN_POINT ( 'NONE',  ( 0.3207146312738136662, 0.9495642493720855004, -0.4048023605533966340 ) ) ;
#3642 = CARTESIAN_POINT ( 'NONE',  ( 0.2907908594768353616, -0.7016563502231477623, -1.649217789010869017 ) ) ;
#3643 = ORIENTED_EDGE ( 'NONE', *, *, #1170, .F. ) ;
#3644 = CARTESIAN_POINT ( 'NONE',  ( 0.1079411823812219812, 0.7398857588847780331, -0.1661990533049376717 ) ) ;
#3645 = CARTESIAN_POINT ( 'NONE',  ( 0.7249965360148855620, -0.7259236435411252630, -0.6762941844594434482 ) ) ;
#3646 = VECTOR ( 'NONE', #114, 1000.000000000000114 ) ;
#3647 = VERTEX_POINT ( 'NONE', #2115 ) ;
#3648 = VECTOR ( 'NONE', #3320, 1000.000000000000000 ) ;
#3649 = CARTESIAN_POINT ( 'NONE',  ( 2.000000000000000000, 2.449293598294706414E-16, 0.000000000000000000 ) ) ;
#3650 = CARTESIAN_POINT ( 'NONE',  ( 0.5884338594742414275, 0.5279770939703974930, -3.000004048422332037 ) ) ;
#3651 = CARTESIAN_POINT ( 'NONE',  ( -0.8922269036098068318, -0.5219866587632921995, -2.558333333333333570 ) ) ;
#3652 = DIRECTION ( 'NONE',  ( 1.000000000000000000, 0.000000000000000000, 0.000000000000000000 ) ) ;
#3653 = CARTESIAN_POINT ( 'NONE',  ( 0.3791461463968179846, -0.1570474759590579916, -1.886154803078720077 ) ) ;
#3654 = EDGE_LOOP ( 'NONE', ( #3384, #1778, #2336, #3490 ) ) ;
#3655 = CARTESIAN_POINT ( 'NONE',  ( 0.9972144662533130033, 0.09819294448796314634, -0.7315196196400709505 ) ) ;
#3656 = CARTESIAN_POINT ( 'NONE',  ( 0.4875772327200085798, -0.5589998626625609646, -2.871118299372537486 ) ) ;
#3657 = ADVANCED_FACE ( 'NONE', ( #3406 ), #361, .F. ) ;
#3658 = CARTESIAN_POINT ( 'NONE',  ( 0.7401923788646701530, -0.1937819116403662612, -2.108333333333333837 ) ) ;
#3659 = CARTESIAN_POINT ( 'NONE',  ( 0.7401923788590699660, 2.879237779070567833E-06, -0.9250002593231441139 ) ) ;
#3660 = ADVANCED_FACE ( 'NONE', ( #1530 ), #2431, .T. ) ;
#3661 = CARTESIAN_POINT ( 'NONE',  ( 0.1605126590539084908, 0.9875757460975729263, -0.4152587208272378039 ) ) ;
#3662 = CARTESIAN_POINT ( 'NONE',  ( -0.4785701209433123604, 0.5758487819604440894, -0.6699672656113762059 ) ) ;
#3663 = VERTEX_POINT ( 'NONE', #13 ) ;
#3664 = CARTESIAN_POINT ( 'NONE',  ( 0.03573879823178368470, 0.7401923788646699309, -0.1722123727062335186 ) ) ;
#3665 = CARTESIAN_POINT ( 'NONE',  ( 0.000000000000000000, 0.000000000000000000, -3.254999999999999893 ) ) ;
#3666 = VERTEX_POINT ( 'NONE', #675 ) ;
#3667 = ORIENTED_EDGE ( 'NONE', *, *, #3397, .T. ) ;
#3668 = CARTESIAN_POINT ( 'NONE',  ( 0.3543142013331669893, 0.7547978830189349120, -0.09339061635152820506 ) ) ;
#3669 = CARTESIAN_POINT ( 'NONE',  ( -0.6384713940600629245, -0.7703366885636487860, -0.9804676599708475049 ) ) ;
#3670 = CIRCLE ( 'NONE', #1640, 0.3060000000000000497 ) ;
#3671 = CARTESIAN_POINT ( 'NONE',  ( 0.7401934253503867911, 0.1983321375940288178, -0.8928631162435779478 ) ) ;
#3672 = CARTESIAN_POINT ( 'NONE',  ( 0.6550620992409131871, -0.6461003541090349911, -0.1798905421671443128 ) ) ;
#3673 = CARTESIAN_POINT ( 'NONE',  ( 0.6604195542700058708, 0.3863705466856151571, -2.158333333333333659 ) ) ;
#3674 = ORIENTED_EDGE ( 'NONE', *, *, #1019, .T. ) ;
#3675 = CARTESIAN_POINT ( 'NONE',  ( 1.000000000000001332, 2.811853131105967561E-15, -2.724999999999997424 ) ) ;
#3676 = CARTESIAN_POINT ( 'NONE',  ( -0.09980752187218722149, -0.7400567158563283732, -2.816871253663525199 ) ) ;
#3677 = CARTESIAN_POINT ( 'NONE',  ( 0.6390477696089844617, -0.7206753109061806439, -3.000127250161003900 ) ) ;
#3678 = CARTESIAN_POINT ( 'NONE',  ( -9.064742275298830802E-17, -0.7401923788646699309, -3.225000000000000089 ) ) ;
#3679 = CARTESIAN_POINT ( 'NONE',  ( -0.6946531638137384279, 0.2558864614146066918, -1.102029519358713516 ) ) ;
#3680 = CARTESIAN_POINT ( 'NONE',  ( -0.8494201461971684353, 0.5287312465450293431, -0.4900376567669690875 ) ) ;
#3681 = SHAPE_DEFINITION_REPRESENTATION ( #2975, #2508 ) ;
#3682 = ORIENTED_EDGE ( 'NONE', *, *, #2353, .F. ) ;
#3683 = EDGE_CURVE ( 'NONE', #544, #2994, #610, .T. ) ;
#3684 = DIRECTION ( 'NONE',  ( 0.000000000000000000, 0.000000000000000000, 1.000000000000000000 ) ) ;
#3685 = CARTESIAN_POINT ( 'NONE',  ( -0.2870652539315530216, 0.6822596996119240087, -3.000000000000059952 ) ) ;
#3686 = CARTESIAN_POINT ( 'NONE',  ( -1.154716704595970533, 7.070600581027142701E-17, -0.1249919168916430456 ) ) ;
#3687 = ORIENTED_EDGE ( 'NONE', *, *, #1063, .F. ) ;
#3688 = DIRECTION ( 'NONE',  ( 1.000000000000000000, 0.000000000000000000, 0.000000000000000000 ) ) ;
#3689 = CARTESIAN_POINT ( 'NONE',  ( 0.8922269036098157136, -0.5219866587632775445, -2.291666666666667407 ) ) ;
#3690 = TOROIDAL_SURFACE ( 'NONE', #3875, 1.693999999999999950, 0.3059999999999999942 ) ;
#3691 = CARTESIAN_POINT ( 'NONE',  ( -0.9586021530408979086, -0.2904339093760244794, -1.344216118609392385 ) ) ;
#3692 = CARTESIAN_POINT ( 'NONE',  ( 0.9679665740338054825, 0.2594793948918589499, -1.142163077878751487 ) ) ;
#3693 = CARTESIAN_POINT ( 'NONE',  ( -0.3987061732171034434, -0.9176678546954172289, -0.9992270761264628876 ) ) ;
#3694 = CARTESIAN_POINT ( 'NONE',  ( -0.2063299091179787159, -0.7115352083782072734, -0.8075709524630451108 ) ) ;
#3695 = CARTESIAN_POINT ( 'NONE',  ( 0.7357056570609417090, -0.5798800229179145171, -0.1964782005395505904 ) ) ;
#3696 = ADVANCED_FACE ( 'NONE', ( #2411 ), #2154, .T. ) ;
#3697 = VERTEX_POINT ( 'NONE', #3638 ) ;
#3698 = CARTESIAN_POINT ( 'NONE',  ( 1.000000161241005658, -0.2679489131535079949, -2.257136739123096536 ) ) ;
#3699 = CARTESIAN_POINT ( 'NONE',  ( 0.3859985775276326692, -0.6316224050971497306, -2.860002965093823679 ) ) ;
#3700 = DIRECTION ( 'NONE',  ( 0.000000000000000000, 0.000000000000000000, 1.000000000000000000 ) ) ;
#3701 = CARTESIAN_POINT ( 'NONE',  ( 0.6410254037844400621, -0.3700961894323349655, -2.091666666666660124 ) ) ;
#3702 = CARTESIAN_POINT ( 'NONE',  ( -0.5261464865525673495, 0.5206333691129090280, -1.075925531445201644 ) ) ;
#3703 = CARTESIAN_POINT ( 'NONE',  ( -0.6410254037844400621, 0.3700961894323349655, -3.041666666666659857 ) ) ;
#3704 = DIRECTION ( 'NONE',  ( 0.000000000000000000, 0.000000000000000000, 1.000000000000000000 ) ) ;
#3705 = ORIENTED_EDGE ( 'NONE', *, *, #1203, .T. ) ;
#3706 = CARTESIAN_POINT ( 'NONE',  ( -0.7375137157161693047, -0.08283389147713339506, -1.132425825089998783 ) ) ;
#3707 = CARTESIAN_POINT ( 'NONE',  ( 0.4345773930430359422, 0.6054984071920939126, -1.385326459997734183 ) ) ;
#3708 =( BOUNDED_CURVE ( )  B_SPLINE_CURVE ( 2, ( #1879, #3403, #959, #2472, #2448, #978, #1631, #3698, #673 ),
 .UNSPECIFIED., .F., .F. ) 
 B_SPLINE_CURVE_WITH_KNOTS ( ( 3, 2, 2, 2, 3 ),
 ( 0.000000000000000000, 0.08333333333333156623, 0.2499999999999956701, 0.4166666666666677399, 0.5000000935748881714 ),
 .UNSPECIFIED. ) 
 CURVE ( )  GEOMETRIC_REPRESENTATION_ITEM ( )  RATIONAL_B_SPLINE_CURVE ( ( 0.9330127018922194093, 0.9330127018922234061, 1.000000000000000000, 0.8660254037844389297, 1.000000000000000000, 0.8660254037844389297, 1.000000000000000000, 0.9330126266722722495, 0.9330127018923040083 ) ) 
 REPRESENTATION_ITEM ( '' )  );
#3709 = ORIENTED_EDGE ( 'NONE', *, *, #3889, .F. ) ;
#3710 = EDGE_CURVE ( 'NONE', #2219, #1760, #391, .T. ) ;
#3711 = LINE ( 'NONE', #989, #307 ) ;
#3712 = EDGE_CURVE ( 'NONE', #2781, #3663, #1449, .T. ) ;
#3713 = CARTESIAN_POINT ( 'NONE',  ( -1.000000000000000000, 4.331638506960219548E-16, -1.324999999999999956 ) ) ;
#3714 = CARTESIAN_POINT ( 'NONE',  ( 0.02567101486466356192, -0.7401856435024761760, -0.8270148947373643367 ) ) ;
#3715 = CARTESIAN_POINT ( 'NONE',  ( -0.7477222373097019981, 0.3885489136734599502, -4.569113484364081046 ) ) ;
#3716 = VERTEX_POINT ( 'NONE', #1225 ) ;
#3717 = LINE ( 'NONE', #996, #990 ) ;
#3718 = CARTESIAN_POINT ( 'NONE',  ( 1.000000035246054297, -0.005323472308991495684, -0.3246451023016415083 ) ) ;
#3719 = CARTESIAN_POINT ( 'NONE',  ( 0.3878251953516899664, -0.9217329428041640682, -3.000000000000000000 ) ) ;
#3720 = CARTESIAN_POINT ( 'NONE',  ( -0.8660254037844390407, 0.5000000000000000000, -0.04166666666666650476 ) ) ;
#3721 = CARTESIAN_POINT ( 'NONE',  ( -0.7401923788646699309, 0.06548723541249353020, -1.119101782430041769 ) ) ;
#3722 = CARTESIAN_POINT ( 'NONE',  ( -9.064742275298830802E-17, -0.7401923788646699309, -2.375000000000000000 ) ) ;
#3723 = CARTESIAN_POINT ( 'NONE',  ( 0.6233366732619350925, -0.4037672651421050363, -0.08878524187354579211 ) ) ;
#3724 = B_SPLINE_CURVE_WITH_KNOTS ( 'NONE', 3,
 ( #905, #2117, #1532, #2075 ),
 .UNSPECIFIED., .F., .F.,
 ( 4, 4 ),
 ( 0.003033331547149929752, 0.004138332743302270203 ),
 .UNSPECIFIED. ) ;
#3725 = FACE_OUTER_BOUND ( 'NONE', #1798, .T. ) ;
#3726 = CARTESIAN_POINT ( 'NONE',  ( 0.5773583522979830462, 1.000014000354360499, -1.591658583558310358 ) ) ;
#3727 = VERTEX_POINT ( 'NONE', #3765 ) ;
#3728 = DIRECTION ( 'NONE',  ( 1.000000000000000000, 0.000000000000000000, 0.000000000000000000 ) ) ;
#3729 = CARTESIAN_POINT ( 'NONE',  ( 0.7246216850427020795, -0.7262918242445319805, -1.476272078062861537 ) ) ;
#3730 = CARTESIAN_POINT ( 'NONE',  ( 0.07126224280017177948, 0.8480733545744156832, -0.1078809757097149574 ) ) ;
#3731 =( BOUNDED_CURVE ( )  B_SPLINE_CURVE ( 2, ( #2681, #3610, #867, #2440, #3272, #2084, #3888, #3316, #2060 ),
 .UNSPECIFIED., .F., .T. ) 
 B_SPLINE_CURVE_WITH_KNOTS ( ( 3, 2, 2, 2, 3 ),
 ( 0.5000000935748881714, 0.5833333333332776371, 0.7499999999998423483, 0.9166666666663969565, 1.000000000000000000 ),
 .UNSPECIFIED. ) 
 CURVE ( )  GEOMETRIC_REPRESENTATION_ITEM ( )  RATIONAL_B_SPLINE_CURVE ( ( 0.9330127018923040083, 0.9330127771121667912, 1.000000000000000000, 0.8660254037844389297, 1.000000000000000000, 0.8660254037844389297, 1.000000000000000000, 0.9330127018919611714, 0.9330127018922194093 ) ) 
 REPRESENTATION_ITEM ( '' )  );
#3732 = CARTESIAN_POINT ( 'NONE',  ( 0.7384527287644783167, -0.05454024423907312402, -0.9200992669914249689 ) ) ;
#3733 = CARTESIAN_POINT ( 'NONE',  ( -0.1102382785820581745, 0.8519881902207702140, -0.1157377547956395941 ) ) ;
#3734 = EDGE_CURVE ( 'NONE', #2743, #2940, #901, .T. ) ;
#3735 = AXIS2_PLACEMENT_3D ( 'NONE', #1604, #1305, #1009 ) ;
#3736 = ORIENTED_EDGE ( 'NONE', *, *, #2268, .F. ) ;
#3737 = FACE_OUTER_BOUND ( 'NONE', #3355, .T. ) ;
#3738 = EDGE_CURVE ( 'NONE', #1887, #1587, #3670, .T. ) ;
#3739 = DIRECTION ( 'NONE',  ( 0.2228687765782434438, 0.000000000000000000, 0.9748484540822316413 ) ) ;
#3740 = CARTESIAN_POINT ( 'NONE',  ( 0.8055881367765879153, 0.2324324231966333476, -3.000030316105771089 ) ) ;
#3741 = CARTESIAN_POINT ( 'NONE',  ( 0.8660254037844380415, -0.5000000000000000000, -0.6416666666666649421 ) ) ;
#3742 = CARTESIAN_POINT ( 'NONE',  ( -0.5691853834272483370, 0.4738108831655797881, -1.081246022958277875 ) ) ;
#3743 = CARTESIAN_POINT ( 'NONE',  ( -0.8547005383792529720, 5.233531392778363755E-17, -3.475000000000000089 ) ) ;
#3744 =( BOUNDED_CURVE ( )  B_SPLINE_CURVE ( 2, ( #2168, #377, #829, #1440, #792, #3866, #2726, #1832, #2059 ),
 .UNSPECIFIED., .F., .T. ) 
 B_SPLINE_CURVE_WITH_KNOTS ( ( 3, 2, 2, 2, 3 ),
 ( 0.5000000000000000000, 0.5833333333332946236, 0.7499999999999746869, 0.9166666666666598573, 1.000000000000000000 ),
 .UNSPECIFIED. ) 
 CURVE ( )  GEOMETRIC_REPRESENTATION_ITEM ( )  RATIONAL_B_SPLINE_CURVE ( ( 0.9330127018922194093, 0.9330127018922563797, 1.000000000000000000, 0.8660254037844389297, 1.000000000000000000, 0.8660254037844389297, 1.000000000000000000, 0.9330127018922179660, 0.9330127018922194093 ) ) 
 REPRESENTATION_ITEM ( '' )  );
#3745 = CARTESIAN_POINT ( 'NONE',  ( 0.1968739978146157033, -0.7136081843297875649, -0.04151885024790659406 ) ) ;
#3746 = CARTESIAN_POINT ( 'NONE',  ( -1.000000000000000000, -1.224646799147350002E-16, 0.000000000000000000 ) ) ;
#3747 = CARTESIAN_POINT ( 'NONE',  ( 0.8660375284469739032, -0.5000070001771790285, -1.891658583558309736 ) ) ;
#3748 = ORIENTED_EDGE ( 'NONE', *, *, #2403, .T. ) ;
#3749 = CARTESIAN_POINT ( 'NONE',  ( 0.6861094498679395359, 0.2801292951502148965, -2.949944825212596378 ) ) ;
#3750 = CARTESIAN_POINT ( 'NONE',  ( 0.05949724881557642842, 0.7378925037341036441, -0.2202356187307230040 ) ) ;
#3751 = CARTESIAN_POINT ( 'NONE',  ( -0.6713809054768884454, -0.6665516603502628090, -0.2055114502976078117 ) ) ;
#3752 = B_SPLINE_CURVE_WITH_KNOTS ( 'NONE', 3,
 ( #1898, #2550, #2226, #3476, #3182, #994, #3131, #2491, #109, #1366, #451, #1309, #2511, #3733, #3401, #2207 ),
 .UNSPECIFIED., .F., .F.,
 ( 4, 2, 2, 2, 2, 2, 2, 4 ),
 ( 0.000000000000000000, 0.2500000000000000000, 0.3750000000000000000, 0.5000000000000000000, 0.6250000000000000000, 0.7500000000000000000, 0.8750000000000000000, 1.000000000000000000 ),
 .UNSPECIFIED. ) ;
#3753 = VECTOR ( 'NONE', #2905, 1000.000000000000000 ) ;
#3754 = CARTESIAN_POINT ( 'NONE',  ( 0.6511312749892125273, -0.3620548069173147310, -0.8926137673008828211 ) ) ;
#3755 = DIRECTION ( 'NONE',  ( 0.06666269134682990816, -0.06666269134682870079, -0.9955461672694012609 ) ) ;
#3756 = ORIENTED_EDGE ( 'NONE', *, *, #2639, .F. ) ;
#3757 = DIRECTION ( 'NONE',  ( 0.000000000000000000, -3.108624468950430425E-15, 1.000000000000000000 ) ) ;
#3758 = PLANE ( 'NONE',  #165 ) ;
#3759 = CARTESIAN_POINT ( 'NONE',  ( 0.8678035771096869189, 0.01627620655034507646, -2.999991755970476071 ) ) ;
#3760 = CARTESIAN_POINT ( 'NONE',  ( -0.5773502691896256200, 1.000000000000000222, -0.4083333333333323267 ) ) ;
#3761 = CARTESIAN_POINT ( 'NONE',  ( 0.000000000000000000, 0.7401923788646699309, -2.174999999999999822 ) ) ;
#3762 = CARTESIAN_POINT ( 'NONE',  ( 0.1806357981077802710, -0.7178187318153995689, -0.04007432501986891299 ) ) ;
#3763 = CARTESIAN_POINT ( 'NONE',  ( -0.6996893045564159808, 0.2428723502382780508, -1.503145998363056846 ) ) ;
#3764 = CARTESIAN_POINT ( 'NONE',  ( -0.8660375284469739032, -0.5000070001771780293, -2.158325250224970127 ) ) ;
#3765 = CARTESIAN_POINT ( 'NONE',  ( -1.000000000000000000, 9.947805760435139419E-16, -0.5250000000000000222 ) ) ;
#3766 = ORIENTED_EDGE ( 'NONE', *, *, #2089, .T. ) ;
#3767 = DIRECTION ( 'NONE',  ( 0.000000000000000000, 1.000000000000000000, 3.252606517456513302E-15 ) ) ;
#3768 = CARTESIAN_POINT ( 'NONE',  ( 0.7497746558203509659, -0.3988671183063639547, -4.687051102989180151 ) ) ;
#3769 = EDGE_CURVE ( 'NONE', #1339, #3370, #1948, .T. ) ;
#3770 = CARTESIAN_POINT ( 'NONE',  ( -0.2470313683040038233, -0.9358181010584083470, -0.2277097427477950964 ) ) ;
#3771 = CARTESIAN_POINT ( 'NONE',  ( -0.9574479743323036640, 0.2898528313497748532, -1.305736299866814276 ) ) ;
#3772 = CARTESIAN_POINT ( 'NONE',  ( -0.2452105313064286973, -0.6985647905450558248, -0.8039867721935164413 ) ) ;
#3773 = CARTESIAN_POINT ( 'NONE',  ( 0.9736878942953440808, -0.2278856829699919817, -0.2598076211353329557 ) ) ;
#3774 = ADVANCED_FACE ( 'NONE', ( #1338 ), #5, .T. ) ;
#3775 = ORIENTED_EDGE ( 'NONE', *, *, #2167, .T. ) ;
#3776 = CARTESIAN_POINT ( 'NONE',  ( -0.6410254037844400621, -0.3700961894323349655, -2.308333333333330017 ) ) ;
#3777 = CARTESIAN_POINT ( 'NONE',  ( -0.5773502691896256200, 1.000000000000000222, -2.808333333333328241 ) ) ;
#3778 = CARTESIAN_POINT ( 'NONE',  ( 0.000000000000000000, 1.000000000000000000, -1.175000000000000044 ) ) ;
#3779 = CARTESIAN_POINT ( 'NONE',  ( 0.6410254037844400621, -0.3700961894323349655, -2.441666666666659768 ) ) ;
#3780 = CIRCLE ( 'NONE', #3270, 1.398755535826790020 ) ;
#3781 = CARTESIAN_POINT ( 'NONE',  ( 0.6786450306614992822, -0.2956067748220260194, -0.09853707687756674272 ) ) ;
#3782 = AXIS2_PLACEMENT_3D ( 'NONE', #1387, #1972, #3201 ) ;
#3783 = CARTESIAN_POINT ( 'NONE',  ( -0.2735788812050300445, 0.7248532759737200681, -3.254999999999999893 ) ) ;
#3784 = CARTESIAN_POINT ( 'NONE',  ( -0.7846587955348600651, -0.5041925197024100802, -2.999987627437291859 ) ) ;
#3785 = EDGE_CURVE ( 'NONE', #869, #2743, #445, .T. ) ;
#3786 = CARTESIAN_POINT ( 'NONE',  ( -0.5773583522979830462, 1.000014000354360499, -2.458325250224968617 ) ) ;
#3787 = CARTESIAN_POINT ( 'NONE',  ( 0.6135345917377468261, 0.5059253473579192750, -3.000019709672239188 ) ) ;
#3788 = VERTEX_POINT ( 'NONE', #2870 ) ;
#3789 = CARTESIAN_POINT ( 'NONE',  ( 0.8547005383792529720, -1.570059417833509065E-16, -0.9250000000000000444 ) ) ;
#3790 = CIRCLE ( 'NONE', #3099, 2.773536978145059617 ) ;
#3791 = CARTESIAN_POINT ( 'NONE',  ( 0.04774143147415584043, 0.7387440027865816994, -0.2211990377831530297 ) ) ;
#3792 = CARTESIAN_POINT ( 'NONE',  ( 0.6410254037844400621, -0.3700961894323349655, -0.4416666666666689833 ) ) ;
#3793 = CARTESIAN_POINT ( 'NONE',  ( -0.5773502691896256200, -1.000000000000000222, -0.9416666666666648755 ) ) ;
#3794 = CARTESIAN_POINT ( 'NONE',  ( -0.9280655331099679772, -0.3757401712981076614, -2.949743211837397183 ) ) ;
#3795 = AXIS2_PLACEMENT_3D ( 'NONE', #3019, #1163, #2687 ) ;
#3796 = CARTESIAN_POINT ( 'NONE',  ( 0.7401923788646144198, 0.1983339501605552446, -1.692863279495414153 ) ) ;
#3797 = ORIENTED_EDGE ( 'NONE', *, *, #1252, .T. ) ;
#3798 = CARTESIAN_POINT ( 'NONE',  ( 0.6410254037844400621, -0.3700961894323349655, -1.641666666666669938 ) ) ;
#3799 = CARTESIAN_POINT ( 'NONE',  ( 0.7849184788175855854, -0.03673412083567802189, -0.04557219474236477719 ) ) ;
#3800 = CARTESIAN_POINT ( 'NONE',  ( 1.154700538379251240, -2.121150477449807913E-16, -0.6749999999999987121 ) ) ;
#3801 = AXIS2_PLACEMENT_3D ( 'NONE', #2664, #3618, #627 ) ;
#3802 = CARTESIAN_POINT ( 'NONE',  ( 0.000000000000000000, 0.000000000000000000, 0.000000000000000000 ) ) ;
#3803 = AXIS2_PLACEMENT_3D ( 'NONE', #1111, #3876, #2309 ) ;
#3804 = CARTESIAN_POINT ( 'NONE',  ( 0.5219866587632787658, 0.8922269036098143813, -2.791666666666665630 ) ) ;
#3805 = CARTESIAN_POINT ( 'NONE',  ( -0.7800204541322180996, -0.5133740273292435319, -2.999986313641144875 ) ) ;
#3806 = CARTESIAN_POINT ( 'NONE',  ( -0.5773583522979830462, 1.000014000354360499, -1.258325250224969105 ) ) ;
#3807 = CARTESIAN_POINT ( 'NONE',  ( 0.9948451587946023356, -0.1031797134633271606, -1.118143354575624748 ) ) ;
#3808 = EDGE_CURVE ( 'NONE', #1630, #2, #2944, .T. ) ;
#3809 = ORIENTED_EDGE ( 'NONE', *, *, #3445, .T. ) ;
#3810 = LINE ( 'NONE', #1080, #1321 ) ;
#3811 = CARTESIAN_POINT ( 'NONE',  ( 0.5191219005537908160, 0.5306931140299288030, -0.1754236843246627098 ) ) ;
#3812 = CARTESIAN_POINT ( 'NONE',  ( -0.5756939612060516520, 0.8191315729137372825, -1.264170716065147193 ) ) ;
#3813 = CARTESIAN_POINT ( 'NONE',  ( 0.7400881193793412693, -0.09780876927799581066, -1.316165378580073098 ) ) ;
#3814 = CARTESIAN_POINT ( 'NONE',  ( -0.7401923788646690427, 4.779484580118589535E-15, -1.875000000000000000 ) ) ;
#3815 = ORIENTED_EDGE ( 'NONE', *, *, #2634, .T. ) ;
#3816 = DIRECTION ( 'NONE',  ( 0.06666269134683269759, 0.06666269134683247555, -0.9955461672694008168 ) ) ;
#3817 = CARTESIAN_POINT ( 'NONE',  ( 0.2870652539214350041, -0.6822596996161810479, 0.000000000000000000 ) ) ;
#3818 = CARTESIAN_POINT ( 'NONE',  ( 1.522797865320049827E-14, 1.338634555848799848E-14, -4.700000000000000178 ) ) ;
#3819 = CARTESIAN_POINT ( 'NONE',  ( 0.4273502691896260419, -0.7401923788646699309, -3.608333333333333393 ) ) ;
#3820 = CARTESIAN_POINT ( 'NONE',  ( 0.8660254037844390407, 0.5000000000000000000, -1.908333333333330106 ) ) ;
#3821 = CARTESIAN_POINT ( 'NONE',  ( 0.000000000000000000, 0.7401923788646699309, -0.1750000000000030143 ) ) ;
#3822 = CARTESIAN_POINT ( 'NONE',  ( -0.8785565692723946718, -0.07748823779349081620, -2.999999955122618633 ) ) ;
#3823 = CARTESIAN_POINT ( 'NONE',  ( -1.224663944636500236E-16, -1.000014000354360055, -3.424991916891639843 ) ) ;
#3824 = CARTESIAN_POINT ( 'NONE',  ( 0.9453788100805982086, -0.3262598242820477501, -1.103338656502840687 ) ) ;
#3825 = EDGE_LOOP ( 'NONE', ( #2713, #2899, #267, #172 ) ) ;
#3826 = CARTESIAN_POINT ( 'NONE',  ( -0.4273502691896260419, 0.7401923788646699309, -0.6583333333333336590 ) ) ;
#3827 = CARTESIAN_POINT ( 'NONE',  ( 0.2953093212289965575, 0.6788026668621711668, -0.1992226134611758959 ) ) ;
#3828 = CARTESIAN_POINT ( 'NONE',  ( -0.6844385122217800932, 0.7320145006022839018, -1.273375784236217001 ) ) ;
#3829 = DIRECTION ( 'NONE',  ( 0.000000000000000000, 3.239995458127760343E-15, -1.000000000000000000 ) ) ;
#3830 = CARTESIAN_POINT ( 'NONE',  ( 0.7501250663975815858, 0.3387479354571963364, -3.000085085724969680 ) ) ;
#3831 = ORIENTED_EDGE ( 'NONE', *, *, #433, .F. ) ;
#3832 = SURFACE_STYLE_FILL_AREA ( #1991 ) ;
#3833 = CARTESIAN_POINT ( 'NONE',  ( 0.2735788812050390373, 1.078660417681890138, -3.254999999999999893 ) ) ;
#3834 = CARTESIAN_POINT ( 'NONE',  ( 0.5773502691896256200, -1.000000000000000222, -3.408333333333330106 ) ) ;
#3835 = DIRECTION ( 'NONE',  ( 0.000000000000000000, 0.000000000000000000, 1.000000000000000000 ) ) ;
#3836 = DIRECTION ( 'NONE',  ( 0.000000000000000000, 0.000000000000000000, 1.000000000000000000 ) ) ;
#3837 = FACE_OUTER_BOUND ( 'NONE', #2381, .T. ) ;
#3838 = CARTESIAN_POINT ( 'NONE',  ( -0.6925554836129417247, -0.6540367366286993223, -2.999999635081246119 ) ) ;
#3839 = CIRCLE ( 'NONE', #2767, 2.773536978145060949 ) ;
#3840 = CARTESIAN_POINT ( 'NONE',  ( -0.8547005383792529720, 5.233531392778363755E-17, -0.2750000000000032419 ) ) ;
#3841 = CARTESIAN_POINT ( 'NONE',  ( 0.1602940084219000028, -0.9876113314476687721, -1.034736647135657384 ) ) ;
#3842 = ORIENTED_EDGE ( 'NONE', *, *, #844, .T. ) ;
#3843 = CARTESIAN_POINT ( 'NONE',  ( 0.000000000000000000, 0.000000000000000000, -1.913471915518750479E-17 ) ) ;
#3844 = CARTESIAN_POINT ( 'NONE',  ( -0.4273502691896260419, 0.7401923788646699309, -1.058333333333329795 ) ) ;
#3845 = B_SPLINE_CURVE_WITH_KNOTS ( 'NONE', 3,
 ( #2430, #3365, #2758, #3089, #3047, #565, #1193, #3300, #2094, #360, #3637, #2783, #2389, #589, #3621, #54, #282, #1491, #1273, #3676, #2410, #1800, #2473, #923, #2114, #322, #1529, #2737, #3699, #2073, #12, #1231, #3656, #2449, #942, #2133, #630, #1842, #3065, #341, #1548, #33, #1251, #2882, #1015, #2210, #400, #1612, #2553, #2571, #154, #2803 ),
 .UNSPECIFIED., .F., .F.,
 ( 4, 2, 2, 2, 2, 2, 1, 2, 2, 2, 2, 2, 2, 2, 1, 2, 2, 2, 2, 1, 2, 2, 2, 2, 2, 1, 2, 4 ),
 ( 0.000000000000000000, 0.09103043333726261455, 0.1137880416715781884, 0.1365456500058937761, 0.1820608666745249515, 0.2275760833431561547, 0.2389548875103139625, 0.2446442895938928108, 0.2503336916774717147, 0.2730913000117873302, 0.3641217333490500141, 0.4096369500176813006, 0.4551521666863125870, 0.4779097750206282580, 0.4892885791877860657, 0.4949779812713649974, 0.5006673833549438735, 0.5461826000235751044, 0.5916978166922064464, 0.6030766208593641986, 0.6087660229429432412, 0.6144554250265220618, 0.6372130333608373443, 0.6827282500294679091, 0.7054858583637830804, 0.7168646625309407217, 0.7225540646145196533, 0.7282434666980983629 ),
 .UNSPECIFIED. ) ;
#3846 = CARTESIAN_POINT ( 'NONE',  ( -0.7133550202512634053, 0.1986062607235404842, -0.3071117462512170104 ) ) ;
#3847 = CARTESIAN_POINT ( 'NONE',  ( -0.3848792253759006909, 0.9229693296043569584, -1.249788695539613581 ) ) ;
#3848 = CARTESIAN_POINT ( 'NONE',  ( 0.5354102608009345676, -0.5385209809051993979, -1.276147067683285563 ) ) ;
#3849 = CARTESIAN_POINT ( 'NONE',  ( 0.8515867885617517397, -0.3249779237175667301, -2.999954466593363289 ) ) ;
#3850 = ORIENTED_EDGE ( 'NONE', *, *, #3314, .F. ) ;
#3851 = FACE_OUTER_BOUND ( 'NONE', #1079, .T. ) ;
#3852 = EDGE_CURVE ( 'NONE', #252, #2035, #3216, .T. ) ;
#3853 = CARTESIAN_POINT ( 'NONE',  ( 0.6506453528605614656, -0.4035092428322742397, -0.02512100097671870688 ) ) ;
#3854 = CARTESIAN_POINT ( 'NONE',  ( -0.8660254037844390407, -0.5000000000000000000, -2.908333333333330106 ) ) ;
#3855 = DIRECTION ( 'NONE',  ( 0.000000000000000000, 0.000000000000000000, 1.000000000000000000 ) ) ;
#3856 = CARTESIAN_POINT ( 'NONE',  ( 0.000000000000000000, 0.000000000000000000, 0.000000000000000000 ) ) ;
#3857 = DIRECTION ( 'NONE',  ( 0.000000000000000000, 0.000000000000000000, 1.000000000000000000 ) ) ;
#3858 = CARTESIAN_POINT ( 'NONE',  ( -0.7593415508609580034, 0.3230835085525196049, -3.000005606983006778 ) ) ;
#3859 = CARTESIAN_POINT ( 'NONE',  ( 0.000000000000000000, 1.000014000354360055, -3.624991916891640020 ) ) ;
#3860 = AXIS2_PLACEMENT_3D ( 'NONE', #2709, #128, #1896 ) ;
#3861 = CARTESIAN_POINT ( 'NONE',  ( 0.9313586323538234346, -0.3641837721355499768, -1.100827503036772903 ) ) ;
#3862 = ORIENTED_EDGE ( 'NONE', *, *, #3364, .F. ) ;
#3863 = CARTESIAN_POINT ( 'NONE',  ( -9.064742275298830802E-17, -0.7401923788646699309, -2.824999999999999734 ) ) ;
#3864 = CARTESIAN_POINT ( 'NONE',  ( 0.2870652539214350041, -0.6822596996161810479, 0.000000000000000000 ) ) ;
#3865 = ORIENTED_EDGE ( 'NONE', *, *, #8, .T. ) ;
#3866 = CARTESIAN_POINT ( 'NONE',  ( -0.4273502691896260419, 0.7401923788646698199, -0.6083333333333360571 ) ) ;
#3867 = DIRECTION ( 'NONE',  ( 0.000000000000000000, 1.000000000000000000, 3.252606517456513302E-15 ) ) ;
#3868 = ORIENTED_EDGE ( 'NONE', *, *, #3397, .F. ) ;
#3869 = DIRECTION ( 'NONE',  ( 0.000000000000000000, 0.000000000000000000, -1.000000000000000000 ) ) ;
#3870 = CARTESIAN_POINT ( 'NONE',  ( -0.6682668801380811097, -0.3218670010872620724, -0.3539853255034428603 ) ) ;
#3871 = CARTESIAN_POINT ( 'NONE',  ( -3.413160002200520029E-15, 3.045595730640089556E-14, -3.254999999999999893 ) ) ;
#3872 = EDGE_CURVE ( 'NONE', #1508, #30, #376, .T. ) ;
#3873 = ORIENTED_EDGE ( 'NONE', *, *, #3872, .F. ) ;
#3874 = LINE ( 'NONE', #782, #2470 ) ;
#3875 = AXIS2_PLACEMENT_3D ( 'NONE', #3483, #763, #3517 ) ;
#3876 = DIRECTION ( 'NONE',  ( 0.000000000000000000, 0.000000000000000000, 1.000000000000000000 ) ) ;
#3877 = CARTESIAN_POINT ( 'NONE',  ( -1.000000000000000000, -1.224646799147350002E-16, 0.000000000000000000 ) ) ;
#3878 = CARTESIAN_POINT ( 'NONE',  ( 0.7208751614192304702, 0.1939884392726702322, -0.9422358996864138581 ) ) ;
#3879 = CARTESIAN_POINT ( 'NONE',  ( 0.6410254037844400621, 0.3700961894323349655, -0.9083333333333349913 ) ) ;
#3880 = CARTESIAN_POINT ( 'NONE',  ( 0.08241421114798842817, -0.9798982124015009898, -0.2407856385743117333 ) ) ;
#3881 = CARTESIAN_POINT ( 'NONE',  ( 0.4273502691896271521, 0.7401923788646698199, -2.941666666666661545 ) ) ;
#3882 = VERTEX_POINT ( 'NONE', #266 ) ;
#3883 = CARTESIAN_POINT ( 'NONE',  ( -0.8547005383792529720, 5.233531392778363755E-17, -1.525000000000001021 ) ) ;
#3884 = CARTESIAN_POINT ( 'NONE',  ( 0.4549415585967759856, 0.5838979010293563476, -0.1324728537288351049 ) ) ;
#3885 = AXIS2_PLACEMENT_3D ( 'NONE', #3392, #2500, #659 ) ;
#3886 = CARTESIAN_POINT ( 'NONE',  ( -0.6937703212789869678, 0.2583803133011424169, -0.3019072994746514471 ) ) ;
#3887 = EDGE_CURVE ( 'NONE', #145, #133, #337, .T. ) ;
#3888 = CARTESIAN_POINT ( 'NONE',  ( -0.8660254037844390407, 0.5000000000000000000, -2.441666666666659768 ) ) ;
#3889 = EDGE_CURVE ( 'NONE', #1461, #3788, #305, .T. ) ;
#3890 = ORIENTED_EDGE ( 'NONE', *, *, #913, .F. ) ;
#3891 = CARTESIAN_POINT ( 'NONE',  ( 0.8660254037844390407, 0.5000000000000000000, -1.508333333333329751 ) ) ;
#3892 = CARTESIAN_POINT ( 'NONE',  ( -0.5146413182548376097, -0.5320175457895219839, -0.7754524456274553001 ) ) ;
#3893 = EDGE_CURVE ( 'NONE', #3457, #2568, #1235, .T. ) ;
#3894 = CARTESIAN_POINT ( 'NONE',  ( -0.5773502691896256200, -1.000000000000000222, -2.141666666666663055 ) ) ;
#3895 = CARTESIAN_POINT ( 'NONE',  ( 0.000000000000000000, 0.000000000000000000, -4.700000000000000178 ) ) ;
#3896 = VERTEX_POINT ( 'NONE', #907 ) ;
#3897 = CARTESIAN_POINT ( 'NONE',  ( 0.7078926559647357175, 0.7086382699503834814, -1.574300002241538543 ) ) ;
#3898 = EDGE_CURVE ( 'NONE', #914, #3666, #1424, .T. ) ;
#3899 = CARTESIAN_POINT ( 'NONE',  ( -0.7401923788646690427, 4.779484580118589535E-15, -1.474999999999999867 ) ) ;
#3900 = LINE ( 'NONE', #881, #779 ) ;
#3901 = CARTESIAN_POINT ( 'NONE',  ( 0.4469639534181551466, 0.5915455238692877149, -0.9834424319369717837 ) ) ;
#3902 = CARTESIAN_POINT ( 'NONE',  ( -0.4273502691896271521, -0.7401923788646699309, -0.7416666666666691388 ) ) ;
#3903 = CARTESIAN_POINT ( 'NONE',  ( 0.3977988961564699610, 0.9174814614766712006, -0.3992834708739955163 ) ) ;
#3904 = CARTESIAN_POINT ( 'NONE',  ( 0.5327863055227382016, 0.5151943316593140532, -0.5732579486658254675 ) ) ;
#3905 = ORIENTED_EDGE ( 'NONE', *, *, #1833, .F. ) ;
#3906 = CARTESIAN_POINT ( 'NONE',  ( -0.7401923788646699309, -8.138291018150500576E-18, -1.125000000000000000 ) ) ;
#3907 = EDGE_CURVE ( 'NONE', #410, #1936, #2401, .T. ) ;
#3908 = CARTESIAN_POINT ( 'NONE',  ( -0.6410254037844400621, -0.3700961894323349655, -2.758333333333330195 ) ) ;
#3909 = CARTESIAN_POINT ( 'NONE',  ( -0.8547005383792529720, -1.570059417833509065E-16, 0.1249999999999959893 ) ) ;
#3910 = LINE ( 'NONE', #290, #1885 ) ;
#3911 = AXIS2_PLACEMENT_3D ( 'NONE', #1572, #2782, #53 ) ;
#3912 = EDGE_CURVE ( 'NONE', #1748, #756, #1198, .T. ) ;
#3913 = ORIENTED_EDGE ( 'NONE', *, *, #3204, .F. ) ;
#3914 = DIRECTION ( 'NONE',  ( -3.774944211304780467E-15, 1.000000000000000000, 0.000000000000000000 ) ) ;
#3915 = PLANE ( 'NONE',  #2757 ) ;
#3916 = CARTESIAN_POINT ( 'NONE',  ( -3.915192378864670086, -4.794727814822729655E-16, -3.174999999999999822 ) ) ;
#3917 = ORIENTED_EDGE ( 'NONE', *, *, #3534, .F. ) ;
#3918 = CARTESIAN_POINT ( 'NONE',  ( -0.9468053039875399257, 0.3239518237858823313, -0.9035015100468758442 ) ) ;
#3919 = DIRECTION ( 'NONE',  ( 0.000000000000000000, 0.000000000000000000, 1.000000000000000000 ) ) ;
#3920 = CARTESIAN_POINT ( 'NONE',  ( 0.000000000000000000, 0.000000000000000000, 0.000000000000000000 ) ) ;
#3921 = VECTOR ( 'NONE', #604, 1000.000000000000000 ) ;
#3922 = CARTESIAN_POINT ( 'NONE',  ( -0.02402744133831406087, 0.7398968460741260911, -1.026865008783078181 ) ) ;
#3923 = CARTESIAN_POINT ( 'NONE',  ( -0.9145353925888880520, 2.543138227198659945E-09, -0.1743430137242199807 ) ) ;
#3924 = CARTESIAN_POINT ( 'NONE',  ( 3.915192378864670086, 0.000000000000000000, -3.174999999999999822 ) ) ;
#3925 = VERTEX_POINT ( 'NONE', #3330 ) ;
#3926 = AXIS2_PLACEMENT_3D ( 'NONE', #124, #1340, #3767 ) ;
#3927 = CARTESIAN_POINT ( 'NONE',  ( 0.5579815960143272857, 0.4887684528697381348, -0.1202008042709888785 ) ) ;
#3928 = CARTESIAN_POINT ( 'NONE',  ( -0.1699995799603433444, 0.7204833813359612371, -0.2391859099080385909 ) ) ;
#3929 = ORIENTED_EDGE ( 'NONE', *, *, #3898, .T. ) ;
#3930 = EDGE_LOOP ( 'NONE', ( #2815, #661, #2793, #2966 ) ) ;
#3931 = CARTESIAN_POINT ( 'NONE',  ( 0.9999999999999549249, -3.008167345604772287E-07, -0.7249999799455516536 ) ) ;
#3932 = CARTESIAN_POINT ( 'NONE',  ( 0.7401923788565921702, -3.458077436983249262E-06, -0.5249996885425338711 ) ) ;
#3933 = CARTESIAN_POINT ( 'NONE',  ( 0.07746314397366618754, -0.8091306181280367715, -0.07258982769965689752 ) ) ;
#3934 = DIRECTION ( 'NONE',  ( 0.000000000000000000, -0.8660254037844328234, -0.5000000000000099920 ) ) ;
#3935 = ORIENTED_EDGE ( 'NONE', *, *, #596, .F. ) ;
#3936 = FACE_OUTER_BOUND ( 'NONE', #3506, .T. ) ;
#3937 = CARTESIAN_POINT ( 'NONE',  ( -6.122967655548909736E-16, 0.1557693391224229951, -1.908430772231270112 ) ) ;
#3938 = CARTESIAN_POINT ( 'NONE',  ( 0.5219866587632749910, 0.8922269036098169348, -2.391666666666666607 ) ) ;
#3939 = CARTESIAN_POINT ( 'NONE',  ( 0.2903661591711425571, 0.7018125535454247110, -1.800941857505804711 ) ) ;
#3940 = CARTESIAN_POINT ( 'NONE',  ( 0.4725760424616364253, 0.5701975930199565390, -0.9804684026982636302 ) ) ;
#3941 = CARTESIAN_POINT ( 'NONE',  ( -0.3254890497557732520, 0.9456700876704671188, -0.4456223102334647690 ) ) ;
#3942 = CARTESIAN_POINT ( 'NONE',  ( -0.7230506171841687424, -0.1649963574272506894, -1.539735068184168165 ) ) ;
#3943 = ORIENTED_EDGE ( 'NONE', *, *, #52, .T. ) ;
#3944 = CARTESIAN_POINT ( 'NONE',  ( 0.7061933990467251787, 0.2227884252746376303, -0.09498640987103815214 ) ) ;
ENDSEC;
END-ISO-10303-21;
