ISO-10303-21;
HEADER;
FILE_DESCRIPTION (( 'STEP AP214' ),
    '1' );
FILE_NAME ('92000A010.step.STEP',
    '2026-08-20T17:33:10',
    ( '' ),
    ( '' ),
    'SwSTEP 2.0',
    'SolidWorks 2026',
    '' );
FILE_SCHEMA (( 'AUTOMOTIVE_DESIGN' ));
ENDSEC;

DATA;
#1 = DIRECTION ( 'NONE',  ( 0.000000000000000000, 0.000000000000000000, 1.000000000000000000 ) ) ;
#2 = DIRECTION ( 'NONE',  ( 1.000000000000000000, 0.000000000000000000, 0.000000000000000000 ) ) ;
#3 = LINE ( 'NONE', #1228, #3945 ) ;
#4 = CARTESIAN_POINT ( 'NONE',  ( 0.8547005383792529720, -1.570059417833509065E-16, 0.4750000000000029199 ) ) ;
#5 = CARTESIAN_POINT ( 'NONE',  ( 0.5438496281347594552, 0.8393066422540067517, 2.738244429836261151 ) ) ;
#6 = CARTESIAN_POINT ( 'NONE',  ( 0.3116648534904613022, -0.7963379872792583081, 0.1143830370889241388 ) ) ;
#7 = CARTESIAN_POINT ( 'NONE',  ( 0.9679958340675592909, 0.2593658465028504390, 2.292151883790881417 ) ) ;
#8 = CARTESIAN_POINT ( 'NONE',  ( -0.7315623484720020775, 0.1226556020829009802, 1.863995080094744905 ) ) ;
#9 = EDGE_CURVE ( 'NONE', #385, #3455, #1691, .T. ) ;
#10 = CARTESIAN_POINT ( 'NONE',  ( 0.7401923788646700419, 5.737594156853803855E-16, 1.325000000000000178 ) ) ;
#11 = CARTESIAN_POINT ( 'NONE',  ( 0.000000000000000000, 0.7401923788646699309, 2.625000000000000000 ) ) ;
#12 = CARTESIAN_POINT ( 'NONE',  ( 0.7828056725004008953, -0.09305144691931503675, 0.04252236164706692245 ) ) ;
#13 = CARTESIAN_POINT ( 'NONE',  ( 0.6221050036273753081, -0.7841304728916612676, 2.218004712641475695 ) ) ;
#14 = CARTESIAN_POINT ( 'NONE',  ( -0.6131763173035527092, 0.4174246965484099126, 1.437162887643428588 ) ) ;
#15 = VERTEX_POINT ( 'NONE', #3960 ) ;
#16 = CARTESIAN_POINT ( 'NONE',  ( 0.6410254037844400621, -0.3700961894323349655, 3.641666666666659946 ) ) ;
#17 = CARTESIAN_POINT ( 'NONE',  ( -0.3922907472476396817, 0.9481812449425355283, 1.999159234760683468 ) ) ;
#18 = CARTESIAN_POINT ( 'NONE',  ( 2.985772607398229768E-15, -0.2735788812050289898, 3.254999999999999893 ) ) ;
#19 = AXIS2_PLACEMENT_3D ( 'NONE', #2703, #1792, #3334 ) ;
#20 = ORIENTED_EDGE ( 'NONE', *, *, #1454, .T. ) ;
#21 = CARTESIAN_POINT ( 'NONE',  ( 0.9999999999999995559, 0.2617993877991500740, 1.091666666666666563 ) ) ;
#22 = CARTESIAN_POINT ( 'NONE',  ( 0.03740902952670648735, 0.9994679699809212448, 0.3726733217707836054 ) ) ;
#23 = VECTOR ( 'NONE', #2887, 1000.000000000000000 ) ;
#24 = CARTESIAN_POINT ( 'NONE',  ( -0.6410254037844400621, 0.3700961894323349655, 0.6416666666666689389 ) ) ;
#25 = CARTESIAN_POINT ( 'NONE',  ( 0.7401923788637346791, -1.176726234335890042E-06, 0.5249998940162049488 ) ) ;
#26 = CARTESIAN_POINT ( 'NONE',  ( 0.6256531710746252584, -0.6665915026029440860, 0.1739730210023760770 ) ) ;
#27 = CARTESIAN_POINT ( 'NONE',  ( 0.3750277703732026180, 0.9270157985747899954, 2.350914684393763388 ) ) ;
#28 = CARTESIAN_POINT ( 'NONE',  ( -1.000000000000000000, 5.112264071149789643E-16, 2.925000000000000266 ) ) ;
#29 = ADVANCED_FACE ( 'NONE', ( #3006 ), #1763, .T. ) ;
#30 = LINE ( 'NONE', #1605, #3180 ) ;
#31 = CARTESIAN_POINT ( 'NONE',  ( 0.8660254037844380415, -0.5000000000000000000, 1.841666666666660124 ) ) ;
#32 = EDGE_CURVE ( 'NONE', #933, #2112, #3220, .T. ) ;
#33 = CARTESIAN_POINT ( 'NONE',  ( 0.1599550802075419276, -0.9876660823053018401, 2.584710901153827400 ) ) ;
#34 = CARTESIAN_POINT ( 'NONE',  ( 0.4430207453812226026, -0.8988962382820733232, 2.203947847424732931 ) ) ;
#35 = CARTESIAN_POINT ( 'NONE',  ( -0.6848025627456306719, 0.2809577216793965881, 1.449835118277437829 ) ) ;
#36 = EDGE_LOOP ( 'NONE', ( #2697, #1196, #709, #359 ) ) ;
#37 = CYLINDRICAL_SURFACE ( 'NONE', #3495, 0.7401923788646699309 ) ;
#38 = DIRECTION ( 'NONE',  ( 0.000000000000000000, 0.000000000000000000, -1.000000000000000000 ) ) ;
#39 = ORIENTED_EDGE ( 'NONE', *, *, #1265, .T. ) ;
#40 = CARTESIAN_POINT ( 'NONE',  ( -0.3863705466856255932, -0.6604195542699994315, 2.341666666666667229 ) ) ;
#41 = CARTESIAN_POINT ( 'NONE',  ( -0.3569636198746185540, 0.9341781103928282759, 0.3978059959941556145 ) ) ;
#42 = CARTESIAN_POINT ( 'NONE',  ( 0.5773583522979818250, -1.000014000354360499, 2.658325250224971015 ) ) ;
#43 = CARTESIAN_POINT ( 'NONE',  ( -0.4997303825138972866, -0.5461688013040940648, 1.127251717149472254 ) ) ;
#44 = CARTESIAN_POINT ( 'NONE',  ( -0.0001523673034722832051, 0.9999999883921021349, 0.02500879654343759681 ) ) ;
#45 = CARTESIAN_POINT ( 'NONE',  ( 0.3693802802636909077, 0.9292938483788936166, 2.351316199127701179 ) ) ;
#46 = CARTESIAN_POINT ( 'NONE',  ( -1.000000000000000000, 4.331638506960219548E-16, 1.324999999999999956 ) ) ;
#47 = PRESENTATION_LAYER_ASSIGNMENT (  '', '', ( #1462 ) ) ;
#48 = CARTESIAN_POINT ( 'NONE',  ( 0.5219866587632830957, -0.8922269036098124939, 1.008333333333333526 ) ) ;
#49 = CARTESIAN_POINT ( 'NONE',  ( 0.5773502691896256200, -1.000000000000000222, 0.6083333333333325044 ) ) ;
#50 = CARTESIAN_POINT ( 'NONE',  ( -0.3316497823748930096, -0.9436292261702219353, 2.553960573459542527 ) ) ;
#51 = CARTESIAN_POINT ( 'NONE',  ( 0.1874141003054122789, 0.8430783321596957425, 0.1028859532950257422 ) ) ;
#52 = CARTESIAN_POINT ( 'NONE',  ( -0.5233116451849566531, 0.5234784775721990080, 1.425577544954725662 ) ) ;
#53 = EDGE_CURVE ( 'NONE', #3160, #525, #1486, .T. ) ;
#54 = VERTEX_POINT ( 'NONE', #3821 ) ;
#55 = CARTESIAN_POINT ( 'NONE',  ( -0.5754722482028906683, -0.7605145358321359073, 0.2113701178300714523 ) ) ;
#56 = CARTESIAN_POINT ( 'NONE',  ( -0.4658228986226750079, 0.7409224016522698575, 0.1336777730308725542 ) ) ;
#57 = DIRECTION ( 'NONE',  ( 1.000000000000000000, 0.000000000000000000, 0.000000000000000000 ) ) ;
#58 = VERTEX_POINT ( 'NONE', #3265 ) ;
#59 = CARTESIAN_POINT ( 'NONE',  ( -0.4273502691896260419, 0.7401923788646698199, 2.658333333333329662 ) ) ;
#60 = DIRECTION ( 'NONE',  ( 0.000000000000000000, 0.000000000000000000, 1.000000000000000000 ) ) ;
#61 = CARTESIAN_POINT ( 'NONE',  ( -0.3307049303637399906, 0.9439725630739993489, 0.3959706864247098390 ) ) ;
#62 = AXIS2_PLACEMENT_3D ( 'NONE', #761, #1386, #1403 ) ;
#63 = EDGE_CURVE ( 'NONE', #3298, #1949, #2976, .T. ) ;
#64 = CARTESIAN_POINT ( 'NONE',  ( 0.5773583522979818250, -1.000014000354360499, 3.458325250224969949 ) ) ;
#65 = VECTOR ( 'NONE', #1476, 1000.000000000000000 ) ;
#66 = CARTESIAN_POINT ( 'NONE',  ( -0.9252106976488799761, 0.3794706646629432134, 2.849792712050256416 ) ) ;
#67 = CARTESIAN_POINT ( 'NONE',  ( 1.000000072483891778, -0.2679490668853404811, 1.107136728874310361 ) ) ;
#68 = CARTESIAN_POINT ( 'NONE',  ( 0.9991876818297021901, -0.04333010918299914915, 0.2721136713898232307 ) ) ;
#69 =( BOUNDED_CURVE ( )  B_SPLINE_CURVE ( 2, ( #3364, #2421, #2098, #3648, #1149, #2710, #3059, #2381, #3624 ),
 .UNSPECIFIED., .F., .T. ) 
 B_SPLINE_CURVE_WITH_KNOTS ( ( 3, 2, 2, 2, 3 ),
 ( 0.5000000000000000000, 0.5833333333336101489, 0.7500000000001623146, 0.9166666666667235841, 1.000000000000000000 ),
 .UNSPECIFIED. ) 
 CURVE ( )  GEOMETRIC_REPRESENTATION_ITEM ( )  RATIONAL_B_SPLINE_CURVE ( ( 0.9330127018922194093, 0.9330127018919545101, 1.000000000000000000, 0.8660254037844389297, 1.000000000000000000, 0.8660254037844389297, 1.000000000000000000, 0.9330127018922194093, 0.9330127018922194093 ) ) 
 REPRESENTATION_ITEM ( '' )  );
#70 = VECTOR ( 'NONE', #3387, 1000.000000000000000 ) ;
#71 = CARTESIAN_POINT ( 'NONE',  ( 0.7401241895908660107, -0.09726257435092348913, 2.066239703357412250 ) ) ;
#72 = ORIENTED_EDGE ( 'NONE', *, *, #890, .F. ) ;
#73 = CARTESIAN_POINT ( 'NONE',  ( 1.154700538379251240, -2.121150477449807913E-16, 2.275000000000002576 ) ) ;
#74 = CARTESIAN_POINT ( 'NONE',  ( 0.7083493133177828360, -0.7058620992402702132, 2.625701256527839256 ) ) ;
#75 = CARTESIAN_POINT ( 'NONE',  ( -0.7401923788646699309, -9.064742275298830802E-17, 0.000000000000000000 ) ) ;
#76 = CARTESIAN_POINT ( 'NONE',  ( 0.5210021746971160717, 0.5257857571497335236, 1.324695340135132016 ) ) ;
#77 = ORIENTED_EDGE ( 'NONE', *, *, #2733, .T. ) ;
#78 =( BOUNDED_SURFACE ( )  B_SPLINE_SURFACE ( 1, 2, ( 
 ( #2629, #1684, #2264, #3505, #2920, #1094, #3266, #1718, #151, #1380, #1073, #2301, #3057, #847, #1837, #295, #3646, #3928, #1166, #2397, #1496, #3383, #3017, #3361, #2997, #1755, #1796, #232, #3600, #2728, #3975, #891, #867, #2749, #2076, #1472, #3302, #1186, #591, #276, #2419, #2096, #3991, #1533, #3338, #1516, #568, #3035, #3077, #1776, #3668, #1207, #2438, #2116, #3686, #314, #1817, #916, #2358, #2138, #1147, #2377, #253, #612, #3912, #2706, #1128, #829, #531, #2058, #1456, #2687, #3622, #3321, #3951, #549, #2197, #2832, #690, #42, #957, #3483, #670, #710, #937, #1319, #3166, #2812, #2790, #1939, #1601, #398, #3186, #88, #3463, #1858, #2460, #2157, #2855, #1920, #421, #1553, #2549, #64, #3791, #3400, #1015, #1275, #1229 ),
 ( #2481, #2770, #3706, #3096, #3752, #977, #1298, #2240, #335, #4, #1898, #1622, #3726, #631, #24, #2505, #1252, #3444, #3142, #377, #2177, #1878, #2222, #3422, #651, #2531, #3119, #354, #3776, #997, #1577, #2916, #492, #3830, #3221, #1034, #2935, #1085, #1996, #165, #147, #1713, #1645, #1375, #3261, #1069, #2605, #2877, #3522, #2296, #789, #186, #2315, #2643, #108, #3561, #3850, #1337, #3941, #2896, #125, #750, #3542, #1159, #455, #2569, #3813, #2259, #3501, #1959, #1660, #769, #1356, #1678, #2587, #1051, #2279, #1977, #1828, #2740, #1266, #2453, #2495, #2719, #3111, #948, #603, #580, #3739, #3394, #2168, #968, #1869, #623, #2473, #3697, #1849, #3719, #2760, #3049, #2803, #346, #2408, #879, #16, #642, #1177, #1810, #2781 ) ),
 .UNSPECIFIED., .F., .F., .T. ) 
 B_SPLINE_SURFACE_WITH_KNOTS ( ( 2, 2 ),
 ( 3, 2, 2, 2, 2, 2, 2, 2, 2, 2, 2, 2, 2, 2, 2, 2, 2, 2, 2, 2, 2, 2, 2, 2, 2, 2, 2, 2, 2, 2, 2, 2, 2, 2, 2, 2, 2, 2, 2, 2, 2, 2, 2, 2, 2, 2, 2, 2, 2, 2, 2, 2, 2, 2, 3 ),
 ( -5.388738904565929579E-05, 1.000000000000000000 ),
 ( 0.000000000000000000, 0.01851851851851849667, 0.03703703703703700029, 0.05555555555555560104, 0.07407407407407409772, 0.09259259259259260133, 0.1111111111111110078, 0.1296296296296299833, 0.1481481481481480011, 0.1666666666666670182, 0.1851851851851850084, 0.2037037037037039977, 0.2222222222222219878, 0.2407407407407410049, 0.2592592592592590228, 0.2777777777777780122, 0.2962962962962960023, 0.3148148148148149916, 0.3333333333333329818, 0.3518518518518519711, 0.3703703703703700167, 0.3888888888888890061, 0.4074074074074069962, 0.4259259259259259855, 0.4444444444444439757, 0.4629629629629629650, 0.4814814814814810107, 0.5000000000000000000, 0.5185185185185180456, 0.5370370370370370905, 0.5555555555555560243, 0.5740740740740739589, 0.5925925925925930038, 0.6111111111111110494, 0.6296296296296299833, 0.6481481481481480289, 0.6666666666666670737, 0.6851851851851850084, 0.7037037037037039422, 0.7222222222222219878, 0.7407407407407410327, 0.7592592592592589673, 0.7777777777777779011, 0.7962962962962959468, 0.8148148148148149916, 0.8333333333333330373, 0.8518518518518520821, 0.8703703703703699057, 0.8888888888888889506, 0.9074074074074069962, 0.9259259259259260411, 0.9444444444444440867, 0.9629629629629630205, 0.9814814814814819544, 1.000000000000000000 ),
 .UNSPECIFIED. ) 
 GEOMETRIC_REPRESENTATION_ITEM ( )  RATIONAL_B_SPLINE_SURFACE ( (
 ( 1.000000000000000000, 0.8660254037844389297, 1.000000000000000000, 0.8660254037844389297, 1.000000000000000000, 0.8660254037844389297, 1.000000000000000000, 0.8660254037844389297, 1.000000000000000000, 0.8660254037844389297, 1.000000000000000000, 0.8660254037844389297, 1.000000000000000000, 0.8660254037844389297, 1.000000000000000000, 0.8660254037844389297, 1.000000000000000000, 0.8660254037844389297, 1.000000000000000000, 0.8660254037844389297, 1.000000000000000000, 0.8660254037844389297, 1.000000000000000000, 0.8660254037844389297, 1.000000000000000000, 0.8660254037844389297, 1.000000000000000000, 0.8660254037844389297, 1.000000000000000000, 0.8660254037844389297, 1.000000000000000000, 0.8660254037844389297, 1.000000000000000000, 0.8660254037844389297, 1.000000000000000000, 0.8660254037844389297, 1.000000000000000000, 0.8660254037844389297, 1.000000000000000000, 0.8660254037844389297, 1.000000000000000000, 0.8660254037844389297, 1.000000000000000000, 0.8660254037844389297, 1.000000000000000000, 0.8660254037844389297, 1.000000000000000000, 0.8660254037844389297, 1.000000000000000000, 0.8660254037844389297, 1.000000000000000000, 0.8660254037844389297, 1.000000000000000000, 0.8660254037844389297, 1.000000000000000000, 0.8660254037844389297, 1.000000000000000000, 0.8660254037844389297, 1.000000000000000000, 0.8660254037844389297, 1.000000000000000000, 0.8660254037844389297, 1.000000000000000000, 0.8660254037844389297, 1.000000000000000000, 0.8660254037844389297, 1.000000000000000000, 0.8660254037844389297, 1.000000000000000000, 0.8660254037844389297, 1.000000000000000000, 0.8660254037844389297, 1.000000000000000000, 0.8660254037844389297, 1.000000000000000000, 0.8660254037844389297, 1.000000000000000000, 0.8660254037844389297, 1.000000000000000000, 0.8660254037844389297, 1.000000000000000000, 0.8660254037844389297, 1.000000000000000000, 0.8660254037844389297, 1.000000000000000000, 0.8660254037844389297, 1.000000000000000000, 0.8660254037844389297, 1.000000000000000000, 0.8660254037844389297, 1.000000000000000000, 0.8660254037844389297, 1.000000000000000000, 0.8660254037844389297, 1.000000000000000000, 0.8660254037844389297, 1.000000000000000000, 0.8660254037844389297, 1.000000000000000000, 0.8660254037844389297, 1.000000000000000000, 0.8660254037844389297, 1.000000000000000000, 0.8660254037844389297, 1.000000000000000000, 0.8660254037844389297, 1.000000000000000000, 0.8660254037844389297, 1.000000000000000000),
 ( 1.000000000000000000, 0.8660254037844389297, 1.000000000000000000, 0.8660254037844389297, 1.000000000000000000, 0.8660254037844389297, 1.000000000000000000, 0.8660254037844389297, 1.000000000000000000, 0.8660254037844389297, 1.000000000000000000, 0.8660254037844389297, 1.000000000000000000, 0.8660254037844389297, 1.000000000000000000, 0.8660254037844389297, 1.000000000000000000, 0.8660254037844389297, 1.000000000000000000, 0.8660254037844389297, 1.000000000000000000, 0.8660254037844389297, 1.000000000000000000, 0.8660254037844389297, 1.000000000000000000, 0.8660254037844389297, 1.000000000000000000, 0.8660254037844389297, 1.000000000000000000, 0.8660254037844389297, 1.000000000000000000, 0.8660254037844389297, 1.000000000000000000, 0.8660254037844389297, 1.000000000000000000, 0.8660254037844389297, 1.000000000000000000, 0.8660254037844389297, 1.000000000000000000, 0.8660254037844389297, 1.000000000000000000, 0.8660254037844389297, 1.000000000000000000, 0.8660254037844389297, 1.000000000000000000, 0.8660254037844389297, 1.000000000000000000, 0.8660254037844389297, 1.000000000000000000, 0.8660254037844389297, 1.000000000000000000, 0.8660254037844389297, 1.000000000000000000, 0.8660254037844389297, 1.000000000000000000, 0.8660254037844389297, 1.000000000000000000, 0.8660254037844389297, 1.000000000000000000, 0.8660254037844389297, 1.000000000000000000, 0.8660254037844389297, 1.000000000000000000, 0.8660254037844389297, 1.000000000000000000, 0.8660254037844389297, 1.000000000000000000, 0.8660254037844389297, 1.000000000000000000, 0.8660254037844389297, 1.000000000000000000, 0.8660254037844389297, 1.000000000000000000, 0.8660254037844389297, 1.000000000000000000, 0.8660254037844389297, 1.000000000000000000, 0.8660254037844389297, 1.000000000000000000, 0.8660254037844389297, 1.000000000000000000, 0.8660254037844389297, 1.000000000000000000, 0.8660254037844389297, 1.000000000000000000, 0.8660254037844389297, 1.000000000000000000, 0.8660254037844389297, 1.000000000000000000, 0.8660254037844389297, 1.000000000000000000, 0.8660254037844389297, 1.000000000000000000, 0.8660254037844389297, 1.000000000000000000, 0.8660254037844389297, 1.000000000000000000, 0.8660254037844389297, 1.000000000000000000, 0.8660254037844389297, 1.000000000000000000, 0.8660254037844389297, 1.000000000000000000, 0.8660254037844389297, 1.000000000000000000, 0.8660254037844389297, 1.000000000000000000, 0.8660254037844389297, 1.000000000000000000) ) ) 
 REPRESENTATION_ITEM ( '' )  SURFACE ( )  );
#79 = DIRECTION ( 'NONE',  ( 0.000000000000000000, 0.000000000000000000, 1.000000000000000000 ) ) ;
#80 = LINE ( 'NONE', #663, #3750 ) ;
#81 = DIRECTION ( 'NONE',  ( 0.000000000000000000, 0.000000000000000000, 1.000000000000000000 ) ) ;
#82 = ORIENTED_EDGE ( 'NONE', *, *, #2082, .T. ) ;
#83 = AXIS2_PLACEMENT_3D ( 'NONE', #3972, #1, #2355 ) ;
#84 = CARTESIAN_POINT ( 'NONE',  ( -0.6756778777292492544, 0.3023379513435860977, 0.2478524321881830916 ) ) ;
#85 = ADVANCED_FACE ( 'NONE', ( #2885 ), #3840, .T. ) ;
#86 = CARTESIAN_POINT ( 'NONE',  ( 0.000000000000000000, 0.000000000000000000, 3.000000000000000000 ) ) ;
#87 = CARTESIAN_POINT ( 'NONE',  ( 0.2735788812050390373, 1.078660417681890138, 3.254999999999999893 ) ) ;
#88 = CARTESIAN_POINT ( 'NONE',  ( 1.154716704595970533, -2.121180174308142071E-16, 3.124991916891639132 ) ) ;
#89 = CARTESIAN_POINT ( 'NONE',  ( 0.4057540912569180258, -0.4057540912569109759, 3.254999999999999893 ) ) ;
#90 = CARTESIAN_POINT ( 'NONE',  ( -0.5052495073647171875, 0.8731084542562249640, 2.408400253586902906 ) ) ;
#91 = CARTESIAN_POINT ( 'NONE',  ( 0.9999999999999995559, 1.266628380956080297E-14, 1.925000000000000933 ) ) ;
#92 = CARTESIAN_POINT ( 'NONE',  ( -0.8922269036098117168, -0.5219866587632839838, 1.308333333333333348 ) ) ;
#93 = CARTESIAN_POINT ( 'NONE',  ( 0.8660254037844380415, -0.5000000000000000000, 1.041666666666660079 ) ) ;
#94 = CARTESIAN_POINT ( 'NONE',  ( -3.413160002200520029E-15, 3.045595730640089556E-14, 3.254999999999999893 ) ) ;
#95 = CARTESIAN_POINT ( 'NONE',  ( -0.3885489136734340265, 0.7477222373097309749, 4.569113484364081046 ) ) ;
#96 = CARTESIAN_POINT ( 'NONE',  ( -0.9999999999994338973, -0.2679491924321080187, 2.542863279495467754 ) ) ;
#97 = ORIENTED_EDGE ( 'NONE', *, *, #3532, .T. ) ;
#98 = ORIENTED_EDGE ( 'NONE', *, *, #2876, .F. ) ;
#99 = B_SPLINE_CURVE_WITH_KNOTS ( 'NONE', 3,
 ( #1961, #2261, #1662, #2319, #476, #2607, #1377, #127, #771, #1395, #3263, #168, #3814, #188, #2035, #3281, #3503, #3889, #1411, #2974, #2571, #3563, #808, #2017, #3580, #791, #3205, #2626, #2647, #1698, #1359, #3852, #2337, #512, #1111, #1735, #3524, #1339, #2937, #3832, #1053, #2281, #752, #1071, #1980, #2299, #457, #2918, #1681, #149, #3544, #1999, #864, #210, #230, #3925, #3947, #2704 ),
 .UNSPECIFIED., .F., .F.,
 ( 4, 2, 2, 2, 2, 1, 2, 2, 1, 2, 2, 2, 2, 2, 2, 1, 1, 2, 2, 2, 2, 2, 2, 2, 2, 2, 2, 2, 1, 1, 2, 4 ),
 ( 0.000000000000000000, 0.07684134584441547344, 0.1152620187666231755, 0.1248671869971751253, 0.1296697711124510932, 0.1344723552277270473, 0.1536826916888310857, 0.1728930281499350130, 0.1824981963804870044, 0.1873007804957630140, 0.1897020725534010188, 0.1921033646110390791, 0.2305240375332472669, 0.2497343739943513607, 0.2521356660519892823, 0.2545369581096272316, 0.2593395422249029636, 0.2689447104554546497, 0.3073653833776610611, 0.3265757198387642668, 0.3457860562998674170, 0.3649963927609705672, 0.3746015609915221978, 0.3794041451067980408, 0.3842067292220738284, 0.4610480750664867622, 0.4994687479886931736, 0.5042713321039690166, 0.5090739162192449152, 0.5186790844497963793, 0.5378894209108996405, 0.6147307667553125743 ),
 .UNSPECIFIED. ) ;
#100 = CARTESIAN_POINT ( 'NONE',  ( -0.7354888550958428306, -0.5876417260836465095, 0.2012026780485110800 ) ) ;
#101 = CARTESIAN_POINT ( 'NONE',  ( 0.4273502691896271521, 0.7401923788646698199, 2.191666666666660657 ) ) ;
#102 = B_SPLINE_CURVE_WITH_KNOTS ( 'NONE', 3,
 ( #3094, #21, #1249, #2479, #3724, #955, #2175, #3419, #648, #3116 ),
 .UNSPECIFIED., .F., .F.,
 ( 4, 2, 2, 2, 4 ),
 ( 0.5000000000000000000, 0.6250000000000000000, 0.7500000000000000000, 0.8750000000000000000, 1.000000000000000000 ),
 .UNSPECIFIED. ) ;
#103 = VERTEX_POINT ( 'NONE', #3891 ) ;
#104 = ORIENTED_EDGE ( 'NONE', *, *, #2627, .F. ) ;
#105 = CARTESIAN_POINT ( 'NONE',  ( 0.2383079136030614720, 0.7014372747368401440, 2.954572261280625334 ) ) ;
#106 = CARTESIAN_POINT ( 'NONE',  ( -1.000000000000000000, -1.180128981962409925E-15, 2.075000000000000178 ) ) ;
#107 = CARTESIAN_POINT ( 'NONE',  ( -0.2614621396896871786, 0.9657538951615262102, 0.3912798495571722657 ) ) ;
#108 = CARTESIAN_POINT ( 'NONE',  ( -9.064742275298830802E-17, -0.7401923788646699309, 1.975000000000000089 ) ) ;
#109 = DIRECTION ( 'NONE',  ( -0.9203638919632285420, 0.3812272063696441338, -0.08715574274765663931 ) ) ;
#110 = CARTESIAN_POINT ( 'NONE',  ( -0.9258040675001358855, 0.3780088017823279301, 2.449942550847404643 ) ) ;
#111 = CARTESIAN_POINT ( 'NONE',  ( -0.5773502691896263972, 1.000000000000003775, 2.858333333333324067 ) ) ;
#112 = LINE ( 'NONE', #3448, #2707 ) ;
#113 = EDGE_CURVE ( 'NONE', #1524, #3274, #482, .T. ) ;
#114 = CARTESIAN_POINT ( 'NONE',  ( -1.154700538379251240, 7.070501591499382719E-17, 0.8749999999999987788 ) ) ;
#115 = CARTESIAN_POINT ( 'NONE',  ( 0.9999999999996855848, 7.926835048062503557E-07, 2.675000052845534881 ) ) ;
#116 = DIRECTION ( 'NONE',  ( 0.000000000000000000, -3.108624468950430425E-15, -1.000000000000000000 ) ) ;
#117 = LINE ( 'NONE', #2322, #3317 ) ;
#118 = CARTESIAN_POINT ( 'NONE',  ( 0.6410254037844400621, 0.3700961894323349655, 2.158333333333330106 ) ) ;
#119 = VERTEX_POINT ( 'NONE', #3492 ) ;
#120 = CARTESIAN_POINT ( 'NONE',  ( -0.2218800467476133575, -0.7234110509901037211, 0.01571153902421183399 ) ) ;
#121 = CARTESIAN_POINT ( 'NONE',  ( -0.03452216017572670714, 0.7396276632703563392, 2.977993478705108998 ) ) ;
#122 = DIRECTION ( 'NONE',  ( 0.08715574274765834628, -8.881784197001244435E-15, 0.9961946980917455452 ) ) ;
#123 = CARTESIAN_POINT ( 'NONE',  ( -0.6410254037844400621, -0.3700961894323349655, 2.358333333333330284 ) ) ;
#124 = CIRCLE ( 'NONE', #3288, 1.398755535826790020 ) ;
#125 = CARTESIAN_POINT ( 'NONE',  ( 0.000000000000000000, 0.7401923788646699309, 2.174999999999999822 ) ) ;
#126 = CARTESIAN_POINT ( 'NONE',  ( -0.2733767060382933933, -0.6878705633453514601, 1.151319693997523652 ) ) ;
#127 = CARTESIAN_POINT ( 'NONE',  ( -0.5901670503320121108, -0.4468056032185347970, 2.715895316965194706 ) ) ;
#128 = ORIENTED_EDGE ( 'NONE', *, *, #1793, .T. ) ;
#129 = AXIS2_PLACEMENT_3D ( 'NONE', #1366, #2328, #3271 ) ;
#130 = CARTESIAN_POINT ( 'NONE',  ( 0.9999999999999995559, 1.806790423396386751E-14, 2.324999999999998845 ) ) ;
#131 = ADVANCED_FACE ( 'NONE', ( #3473 ), #1175, .T. ) ;
#132 = CARTESIAN_POINT ( 'NONE',  ( 0.000000000000000000, 0.000000000000000000, 0.000000000000000000 ) ) ;
#133 = ORIENTED_EDGE ( 'NONE', *, *, #2047, .T. ) ;
#134 = CARTESIAN_POINT ( 'NONE',  ( 1.112813416937029842, 0.000000000000000000, 3.254999999999999893 ) ) ;
#135 = CARTESIAN_POINT ( 'NONE',  ( 0.7401924085070168413, -0.006170669678975443731, 1.674444229987755106 ) ) ;
#136 = CARTESIAN_POINT ( 'NONE',  ( 0.7754456921260672875, 0.1926114550049944640, 0.05776885225648676486 ) ) ;
#137 = EDGE_CURVE ( 'NONE', #2434, #3429, #3177, .T. ) ;
#138 = VECTOR ( 'NONE', #214, 1000.000000000000000 ) ;
#139 = CARTESIAN_POINT ( 'NONE',  ( -0.8623797209915622375, -0.3493393719470505032, 0.1901030987565439090 ) ) ;
#140 = FACE_OUTER_BOUND ( 'NONE', #1745, .T. ) ;
#141 = ORIENTED_EDGE ( 'NONE', *, *, #1206, .F. ) ;
#142 = ORIENTED_EDGE ( 'NONE', *, *, #953, .F. ) ;
#143 = CARTESIAN_POINT ( 'NONE',  ( 0.4273502691896271521, -0.7401923788646699309, 0.008333333333337000423 ) ) ;
#144 = DIRECTION ( 'NONE',  ( -2.262476735997910160E-29, 6.479990916255510431E-15, 1.000000000000000000 ) ) ;
#145 = CARTESIAN_POINT ( 'NONE',  ( 0.7951560180533692179, -0.4824663502740845766, 2.999999999999999556 ) ) ;
#146 = CARTESIAN_POINT ( 'NONE',  ( -0.7401923788646699309, -8.138291018150500576E-18, 1.525000000000000133 ) ) ;
#147 = CARTESIAN_POINT ( 'NONE',  ( -0.6410254037844400621, -0.3700961894323349655, 1.508333333333329751 ) ) ;
#148 = CARTESIAN_POINT ( 'NONE',  ( 0.3863705466856072190, 0.6604195542700103116, 0.5416666666666680729 ) ) ;
#149 = CARTESIAN_POINT ( 'NONE',  ( 0.6176436199164738738, -0.4079276232446495398, 2.838016329406153559 ) ) ;
#150 = CARTESIAN_POINT ( 'NONE',  ( 0.2028770456284570145, -0.4897885150504049934, 3.254999999999999893 ) ) ;
#151 = CARTESIAN_POINT ( 'NONE',  ( 0.8660375284469739032, -0.5000070001771790285, 0.2916585835583089814 ) ) ;
#152 = CARTESIAN_POINT ( 'NONE',  ( 0.8660254037844390407, 0.5000000000000000000, 3.108333333333330284 ) ) ;
#153 = FACE_OUTER_BOUND ( 'NONE', #1616, .T. ) ;
#154 = CARTESIAN_POINT ( 'NONE',  ( 0.2649369065323488037, 0.6911905143909227167, 1.752125058893470255 ) ) ;
#155 = CIRCLE ( 'NONE', #2468, 1.693999999999999950 ) ;
#156 = CARTESIAN_POINT ( 'NONE',  ( 0.4273502691896271521, 0.7401923788646699309, 0.5916666666666677843 ) ) ;
#157 = CARTESIAN_POINT ( 'NONE',  ( -0.9990737828992448666, -0.03269081513414410362, 1.677170536498657771 ) ) ;
#158 = ORIENTED_EDGE ( 'NONE', *, *, #1374, .F. ) ;
#159 = ORIENTED_EDGE ( 'NONE', *, *, #2718, .T. ) ;
#160 = CARTESIAN_POINT ( 'NONE',  ( 0.6550452799889039390, -0.6461123706842779590, 0.1798863714451046092 ) ) ;
#161 = CARTESIAN_POINT ( 'NONE',  ( 0.7348870125791888697, 0.09007715687886579115, 2.883077864564576487 ) ) ;
#162 = CARTESIAN_POINT ( 'NONE',  ( 0.4832337733266178215, 0.6109936843038268339, 3.000000000000000888 ) ) ;
#163 = CARTESIAN_POINT ( 'NONE',  ( 0.1099157783139406985, -0.9973244429666633382, 2.981690326706003535 ) ) ;
#164 = AXIS2_PLACEMENT_3D ( 'NONE', #3300, #2056, #2091 ) ;
#165 = CARTESIAN_POINT ( 'NONE',  ( -0.8547005383792529720, 5.233531392778363755E-17, 1.475000000000000977 ) ) ;
#166 = CARTESIAN_POINT ( 'NONE',  ( -0.7248532759736999731, 0.2735788812050470309, 3.254999999999999893 ) ) ;
#167 = EDGE_CURVE ( 'NONE', #2618, #3459, #117, .T. ) ;
#168 = CARTESIAN_POINT ( 'NONE',  ( -0.5459979774439213118, -0.5003449023602212220, 2.721693560578543725 ) ) ;
#169 = CARTESIAN_POINT ( 'NONE',  ( -0.2870652539315530216, 0.6822596996119240087, 3.000000000000059952 ) ) ;
#170 = CARTESIAN_POINT ( 'NONE',  ( 0.000000000000000000, -1.257674520083189877E-14, 3.306000000000000050 ) ) ;
#171 = EDGE_CURVE ( 'NONE', #641, #2203, #1643, .T. ) ;
#172 = CYLINDRICAL_SURFACE ( 'NONE', #2137, 0.7401923788646699309 ) ;
#173 = CARTESIAN_POINT ( 'NONE',  ( 0.2370602141652763950, -0.7030023154435627308, 1.595166687665182659 ) ) ;
#174 = CARTESIAN_POINT ( 'NONE',  ( 0.1048787555497169011, 0.7343192422619370108, 1.766368366059662742 ) ) ;
#175 = CARTESIAN_POINT ( 'NONE',  ( 0.4273502691896271521, 0.7401923788646699309, 1.391666666666668828 ) ) ;
#176 = CARTESIAN_POINT ( 'NONE',  ( -0.9972214056418763350, -0.09807043555999352125, 1.681511476050651099 ) ) ;
#177 = ORIENTED_EDGE ( 'NONE', *, *, #2875, .T. ) ;
#178 = ORIENTED_EDGE ( 'NONE', *, *, #2694, .T. ) ;
#179 = EDGE_CURVE ( 'NONE', #3943, #248, #583, .T. ) ;
#180 = CARTESIAN_POINT ( 'NONE',  ( 0.7401923788646749269, -0.1983339501604511890, 1.707136720504589755 ) ) ;
#181 = CARTESIAN_POINT ( 'NONE',  ( -0.7401923788642558177, 0.1983339501611773026, 2.707136720504522920 ) ) ;
#182 = EDGE_CURVE ( 'NONE', #725, #2514, #2187, .T. ) ;
#183 = CARTESIAN_POINT ( 'NONE',  ( 0.6411532120850199634, 0.4794172342383183349, 3.000000000000000444 ) ) ;
#184 = DIRECTION ( 'NONE',  ( 0.000000000000000000, -1.000000000000000000, 8.807696011078900772E-14 ) ) ;
#185 = PRODUCT_DEFINITION ( 'General', '', #3407, #2402 ) ;
#186 = CARTESIAN_POINT ( 'NONE',  ( -0.8547005383792529720, 5.233531392778363755E-17, 1.875000000000002665 ) ) ;
#187 = CARTESIAN_POINT ( 'NONE',  ( 0.5334812085304025953, -0.5131304257787122625, 1.226807833818796434 ) ) ;
#188 = CARTESIAN_POINT ( 'NONE',  ( -0.4941147390725031951, -0.5517462782403759203, 2.728002780118264692 ) ) ;
#189 = CARTESIAN_POINT ( 'NONE',  ( -0.8774328930958004147, -0.06653446983608915510, 3.000000000000000444 ) ) ;
#190 = CARTESIAN_POINT ( 'NONE',  ( -0.8922269036098128270, 0.5219866587632819854, 0.8416666666666667851 ) ) ;
#191 = DIRECTION ( 'NONE',  ( 0.000000000000000000, 1.000000000000000000, -3.108624468950430425E-15 ) ) ;
#192 = B_SPLINE_CURVE_WITH_KNOTS ( 'NONE', 3,
 ( #1934, #1875, #3745, #954, #1226, #3702, #331, #3439, #666, #2525, #2546, #1550, #1315, #374, #1618, #2173, #3183, #2852, #971, #1248, #2502, #2872, #3397, #2154, #3771, #3162, #628, #2478, #84, #2218, #706, #3479, #1895, #2785, #1916, #1271, #417 ),
 .UNSPECIFIED., .F., .F.,
 ( 4, 2, 2, 1, 1, 2, 2, 2, 2, 2, 1, 1, 2, 2, 2, 1, 1, 1, 2, 2, 2, 4 ),
 ( 0.000000000000000000, 0.1250000000000049405, 0.1875000000000074662, 0.2187500000000087708, 0.2343750000000092981, 0.2421875000000095202, 0.2500000000000097145, 0.3750000000000128786, 0.4375000000000143219, 0.4687500000000149325, 0.4843750000000155431, 0.4921875000000167644, 0.4960937500000167644, 0.5000000000000167644, 0.6250000000000153211, 0.6875000000000146549, 0.7187500000000142109, 0.7343750000000139888, 0.7421875000000138778, 0.7500000000000137668, 0.8750000000000068834, 1.000000000000000000 ),
 .UNSPECIFIED. ) ;
#193 = CARTESIAN_POINT ( 'NONE',  ( 1.154700538379251240, -2.121150477449807913E-16, 3.474999999999987654 ) ) ;
#194 = CARTESIAN_POINT ( 'NONE',  ( -0.2775334480750971666, -0.6861981071549978495, 1.550920691226317372 ) ) ;
#195 = CARTESIAN_POINT ( 'NONE',  ( 0.3940560540300626080, 0.6269427013560399109, 1.739163792836294631 ) ) ;
#196 = CARTESIAN_POINT ( 'NONE',  ( -0.6410254037844400621, 0.3700961894323349655, -0.1083333333333309917 ) ) ;
#197 = CYLINDRICAL_SURFACE ( 'NONE', #1030, 0.7401923788646699309 ) ;
#198 = AXIS2_PLACEMENT_3D ( 'NONE', #2448, #842, #1467 ) ;
#199 = CARTESIAN_POINT ( 'NONE',  ( 0.7401923788637345680, -1.176726234335890042E-06, 0.5249998940162049488 ) ) ;
#200 =( BOUNDED_CURVE ( )  B_SPLINE_CURVE ( 2, ( #3670, #1819, #278, #2140, #3019, #2399, #3000 ),
 .UNSPECIFIED., .F., .F. ) 
 B_SPLINE_CURVE_WITH_KNOTS ( ( 3, 2, 2, 3 ),
 ( 0.000000000000000000, 0.07841920339193779455, 0.2832149359715068759, 0.3856135602084636016 ),
 .UNSPECIFIED. ) 
 CURVE ( )  GEOMETRIC_REPRESENTATION_ITEM ( )  RATIONAL_B_SPLINE_CURVE ( ( 0.9366860371838447996, 0.9486992185938307731, 1.000000000000000000, 0.8660254037844389297, 1.000000000000000000, 0.9330122060534387085, 0.9330127018958895846 ) ) 
 REPRESENTATION_ITEM ( '' )  );
#201 = ORIENTED_EDGE ( 'NONE', *, *, #3346, .F. ) ;
#202 = ORIENTED_EDGE ( 'NONE', *, *, #2171, .F. ) ;
#203 = TOROIDAL_SURFACE ( 'NONE', #586, 1.693999999999999950, 0.3059999999999999942 ) ;
#204 = DIRECTION ( 'NONE',  ( 0.000000000000000000, 1.000000000000000000, -3.108624468950430425E-15 ) ) ;
#205 = CARTESIAN_POINT ( 'NONE',  ( 0.9129384488427548794, -0.4082287930405948950, 2.247928498169768474 ) ) ;
#206 = ADVANCED_FACE ( 'NONE', ( #1602 ), #3825, .T. ) ;
#207 = CARTESIAN_POINT ( 'NONE',  ( -0.4581917047710660218, -0.8961955768683277368, 2.945086119658505641 ) ) ;
#208 =( BOUNDED_CURVE ( )  B_SPLINE_CURVE ( 2, ( #717, #1302, #1649, #1904, #3148 ),
 .UNSPECIFIED., .F., .F. ) 
 B_SPLINE_CURVE_WITH_KNOTS ( ( 3, 2, 3 ),
 ( 0.5731568844547444419, 0.7642088137311495721, 1.000000000000000000 ),
 .UNSPECIFIED. ) 
 CURVE ( )  GEOMETRIC_REPRESENTATION_ITEM ( )  RATIONAL_B_SPLINE_CURVE ( ( 0.9330127018923574100, 0.9330127980179674374, 1.000000000000000000, 0.9173261851895618824, 0.9366860371843346300 ) ) 
 REPRESENTATION_ITEM ( '' )  );
#209 = CARTESIAN_POINT ( 'NONE',  ( -0.1682395607616386790, -0.7212257259553435107, 1.160955043523830499 ) ) ;
#210 = CARTESIAN_POINT ( 'NONE',  ( 0.6575532522878151376, -0.3412618140936163891, 2.844346938543502290 ) ) ;
#211 = CARTESIAN_POINT ( 'NONE',  ( -0.8531480346846539442, -0.3219339278933430193, 3.000000000000000444 ) ) ;
#212 = CARTESIAN_POINT ( 'NONE',  ( 0.000000000000000000, -1.127570259384920036E-14, 3.722296913319440570 ) ) ;
#213 = B_SPLINE_CURVE_WITH_KNOTS ( 'NONE', 3,
 ( #2335, #3238, #2623, #2915, #2604, #3540, #749, #3578, #2933, #3279 ),
 .UNSPECIFIED., .F., .F.,
 ( 4, 2, 2, 2, 4 ),
 ( 0.000000000000000000, 0.1250000000000000000, 0.2500000000000000000, 0.3750000000000000000, 0.5000000000000000000 ),
 .UNSPECIFIED. ) ;
#214 = DIRECTION ( 'NONE',  ( 0.000000000000000000, 0.000000000000000000, -1.000000000000000000 ) ) ;
#215 = DIRECTION ( 'NONE',  ( 1.000000000000000000, 0.000000000000000000, 0.000000000000000000 ) ) ;
#216 = CARTESIAN_POINT ( 'NONE',  ( -0.2835019795516454666, -0.6837503760379133322, 1.550344842128636325 ) ) ;
#217 = AXIS2_PLACEMENT_3D ( 'NONE', #1012, #1852, #934 ) ;
#218 = CARTESIAN_POINT ( 'NONE',  ( 0.7401188392709855401, -0.09746782550429489156, 0.8661963409311684847 ) ) ;
#219 = CARTESIAN_POINT ( 'NONE',  ( -0.8547005383792529720, 5.233531392778363755E-17, 0.3250000000000021760 ) ) ;
#220 = CARTESIAN_POINT ( 'NONE',  ( 0.5773502691896230665, -1.000000000000000000, 2.258333333333330195 ) ) ;
#221 = VERTEX_POINT ( 'NONE', #3846 ) ;
#222 = CARTESIAN_POINT ( 'NONE',  ( 0.6474506361782774722, 0.3601674814660682511, 1.307417933222945416 ) ) ;
#223 = VERTEX_POINT ( 'NONE', #2792 ) ;
#224 = ORIENTED_EDGE ( 'NONE', *, *, #2926, .F. ) ;
#225 = AXIS2_PLACEMENT_3D ( 'NONE', #905, #3413, #2169 ) ;
#226 = CARTESIAN_POINT ( 'NONE',  ( 0.6815729486055998043, -0.6267635175997021690, 0.1852377190998331091 ) ) ;
#227 = CARTESIAN_POINT ( 'NONE',  ( 0.6410254037844400621, -0.3700961894323349655, 0.8916666666666670515 ) ) ;
#228 = CARTESIAN_POINT ( 'NONE',  ( 0.9953321174218413558, -0.09825664715696610929, 2.268473805025245760 ) ) ;
#229 = DIRECTION ( 'NONE',  ( 0.3826834323650881720, -0.9238795325112874046, 0.000000000000000000 ) ) ;
#230 = CARTESIAN_POINT ( 'NONE',  ( 0.6728519518645623698, -0.3093855174458458590, 2.847282936086759531 ) ) ;
#231 = CARTESIAN_POINT ( 'NONE',  ( 0.4964731665138469863, 0.4964731665138450434, 4.609806201873260179 ) ) ;
#232 = CARTESIAN_POINT ( 'NONE',  ( -1.154716704595970533, 7.070600581027142701E-17, 0.9249919168916415080 ) ) ;
#233 = LINE ( 'NONE', #892, #2789 ) ;
#234 = CARTESIAN_POINT ( 'NONE',  ( 0.000000000000000000, 0.9999999999999995559, 2.424999999999998490 ) ) ;
#235 = CARTESIAN_POINT ( 'NONE',  ( 0.4470919832786494630, 0.5914421216867750131, 1.733427670460679471 ) ) ;
#236 = ADVANCED_FACE ( 'NONE', ( #672 ), #2934, .T. ) ;
#237 = EDGE_CURVE ( 'NONE', #2106, #1444, #1568, .T. ) ;
#238 = CARTESIAN_POINT ( 'NONE',  ( 0.7248532759737020825, -0.2735788812050209962, 3.254999999999999893 ) ) ;
#239 = CARTESIAN_POINT ( 'NONE',  ( -0.8547005383792529720, 5.233531392778363755E-17, -0.07499999999999756861 ) ) ;
#240 = CARTESIAN_POINT ( 'NONE',  ( -0.6036235513304777367, -0.7993603531225191849, 2.533461700842532860 ) ) ;
#241 = EDGE_LOOP ( 'NONE', ( #3768, #1670, #468, #928 ) ) ;
#242 = EDGE_LOOP ( 'NONE', ( #877, #818, #2354, #141 ) ) ;
#243 = ORIENTED_EDGE ( 'NONE', *, *, #2769, .F. ) ;
#244 = CARTESIAN_POINT ( 'NONE',  ( 0.6410254037844400621, 0.3700961894323349655, 2.958333333333330373 ) ) ;
#245 = PLANE ( 'NONE',  #1077 ) ;
#246 = CARTESIAN_POINT ( 'NONE',  ( 0.9999999999975083265, -2.232297275513582505E-06, 2.274999851180213195 ) ) ;
#247 = ADVANCED_FACE ( 'NONE', ( #1139 ), #1441, .T. ) ;
#248 = VERTEX_POINT ( 'NONE', #2367 ) ;
#249 = AXIS2_PLACEMENT_3D ( 'NONE', #1831, #1528, #3986 ) ;
#250 = CARTESIAN_POINT ( 'NONE',  ( -1.000000000000000000, -1.224646799147350002E-16, 0.000000000000000000 ) ) ;
#251 = CARTESIAN_POINT ( 'NONE',  ( -0.7057060411639348718, 0.2262908650454300841, 1.054710590409074333 ) ) ;
#252 = CARTESIAN_POINT ( 'NONE',  ( 0.8132859783878471083, 0.5827837015040167046, 0.3146269797066187923 ) ) ;
#253 = CARTESIAN_POINT ( 'NONE',  ( -0.8660375284469739032, 0.5000070001771790285, 2.091658583558309914 ) ) ;
#254 = CARTESIAN_POINT ( 'NONE',  ( -0.1608287117757438989, 0.9875241591687115017, 2.784759786335401888 ) ) ;
#255 = CARTESIAN_POINT ( 'NONE',  ( 0.7040881184574250273, 0.7101146929976864808, 2.324671391538565057 ) ) ;
#256 = CARTESIAN_POINT ( 'NONE',  ( 0.7401923788646699309, 0.000000000000000000, 0.000000000000000000 ) ) ;
#257 = CARTESIAN_POINT ( 'NONE',  ( -0.5219866587632806532, -0.8922269036098134931, 0.9416666666666667629 ) ) ;
#258 = CARTESIAN_POINT ( 'NONE',  ( 0.4273502691896271521, 0.7401923788646699309, 2.991666666666659591 ) ) ;
#259 = EDGE_CURVE ( 'NONE', #3159, #2498, #996, .T. ) ;
#260 = CARTESIAN_POINT ( 'NONE',  ( 0.5396088860683901922, -0.5336520812675832337, 0.01656349742273358766 ) ) ;
#261 = AXIS2_PLACEMENT_3D ( 'NONE', #2736, #1503, #3653 ) ;
#262 = CARTESIAN_POINT ( 'NONE',  ( 0.7401335986981900650, 0.01088075436743296889, 1.275954052357968438 ) ) ;
#263 = ORIENTED_EDGE ( 'NONE', *, *, #1341, .F. ) ;
#264 = ORIENTED_EDGE ( 'NONE', *, *, #2047, .F. ) ;
#265 = DIRECTION ( 'NONE',  ( 0.000000000000000000, 0.000000000000000000, 1.000000000000000000 ) ) ;
#266 = CARTESIAN_POINT ( 'NONE',  ( -0.9687566219469677664, 0.2509520627915894364, 2.058272707550905078 ) ) ;
#267 = CARTESIAN_POINT ( 'NONE',  ( 0.3365271608390372760, -0.9433169280695911096, 2.996318840421009710 ) ) ;
#268 = ORIENTED_EDGE ( 'NONE', *, *, #3219, .F. ) ;
#269 = CIRCLE ( 'NONE', #3735, 2.747226305059998985 ) ;
#270 = AXIS2_PLACEMENT_3D ( 'NONE', #2899, #2590, #2919 ) ;
#271 = FACE_OUTER_BOUND ( 'NONE', #1971, .T. ) ;
#272 = CARTESIAN_POINT ( 'NONE',  ( -0.2028770456284479939, -0.4897885150504019403, 3.254999999999999893 ) ) ;
#273 = ORIENTED_EDGE ( 'NONE', *, *, #2644, .T. ) ;
#274 = CARTESIAN_POINT ( 'NONE',  ( 0.000000000000000000, 1.693999999999988626, 3.722296913319435241 ) ) ;
#275 = ORIENTED_EDGE ( 'NONE', *, *, #1206, .T. ) ;
#276 = CARTESIAN_POINT ( 'NONE',  ( -1.154716704595970533, 7.070600581027142701E-17, 1.324991916891640198 ) ) ;
#277 = CARTESIAN_POINT ( 'NONE',  ( 0.3582462839962635148, 0.9336781895236817563, 2.752102476793107044 ) ) ;
#278 = CARTESIAN_POINT ( 'NONE',  ( -9.064742275298830802E-17, -0.7401923788646699309, 0.02500000000000220102 ) ) ;
#279 = CARTESIAN_POINT ( 'NONE',  ( -0.2865503587272534292, 0.6824832235490116972, 1.799949739027790541 ) ) ;
#280 = CARTESIAN_POINT ( 'NONE',  ( 0.7001931655293988088, 0.2448623945143853509, 2.096913660519561518 ) ) ;
#281 = AXIS2_PLACEMENT_3D ( 'NONE', #3352, #2050, #3313 ) ;
#282 = CARTESIAN_POINT ( 'NONE',  ( -0.8547005383792529720, 5.233531392778363755E-17, 2.724999999999998757 ) ) ;
#283 = CARTESIAN_POINT ( 'NONE',  ( 0.000000000000000000, -1.125042243461499945E-14, 3.722296913319440570 ) ) ;
#284 = CARTESIAN_POINT ( 'NONE',  ( 0.6790047221479954542, 0.2946973290706347837, 1.301406958307127937 ) ) ;
#285 = ORIENTED_EDGE ( 'NONE', *, *, #923, .F. ) ;
#286 = ORIENTED_EDGE ( 'NONE', *, *, #179, .F. ) ;
#287 = CARTESIAN_POINT ( 'NONE',  ( 0.000000000000000000, 0.000000000000000000, 0.000000000000000000 ) ) ;
#288 = DIRECTION ( 'NONE',  ( -0.9238795325112890700, 0.3826834323650840641, 0.000000000000000000 ) ) ;
#289 = CARTESIAN_POINT ( 'NONE',  ( 0.7497746558203509659, -0.3988671183063639547, 4.687051102989180151 ) ) ;
#290 = CARTESIAN_POINT ( 'NONE',  ( -1.169094900404459958, -0.3046986221720139887, 3.610700266901109678 ) ) ;
#291 = ORIENTED_EDGE ( 'NONE', *, *, #2321, .F. ) ;
#292 = PLANE ( 'NONE',  #2071 ) ;
#293 = CARTESIAN_POINT ( 'NONE',  ( 0.2906560859491887361, 0.7017542356791011127, 0.9508893271738586561 ) ) ;
#294 = CARTESIAN_POINT ( 'NONE',  ( 0.9999999278624797094, -0.2679493173769733616, 0.7071367121748680651 ) ) ;
#295 = CARTESIAN_POINT ( 'NONE',  ( -1.154716704595970533, 7.070600581027142701E-17, 0.5249919168916421519 ) ) ;
#296 = EDGE_CURVE ( 'NONE', #3415, #1026, #1105, .T. ) ;
#297 = CARTESIAN_POINT ( 'NONE',  ( -0.7145170978302536335, 0.6996235107804186226, 2.826257857130452855 ) ) ;
#298 = CARTESIAN_POINT ( 'NONE',  ( -0.6410254037844400621, -0.3700961894323349655, 1.158333333333330106 ) ) ;
#299 = CARTESIAN_POINT ( 'NONE',  ( -0.4494292146749083172, 0.5886349505472973087, 1.816778854143539013 ) ) ;
#300 = CARTESIAN_POINT ( 'NONE',  ( -0.3669424536064170295, -1.349766751978800139, 4.322150515720509567 ) ) ;
#301 = CARTESIAN_POINT ( 'NONE',  ( -0.4273502691896271521, -0.7401923788646699309, 3.191666666666661989 ) ) ;
#302 = CARTESIAN_POINT ( 'NONE',  ( 0.7131923622292767329, -0.2945138176152759524, 0.03141567956028486208 ) ) ;
#303 = CARTESIAN_POINT ( 'NONE',  ( -0.09516720803703479503, 0.7344384539328308037, 1.382758809870697991 ) ) ;
#304 = ORIENTED_EDGE ( 'NONE', *, *, #3316, .T. ) ;
#305 = ORIENTED_EDGE ( 'NONE', *, *, #3532, .F. ) ;
#306 = CARTESIAN_POINT ( 'NONE',  ( -0.1242571805978585908, -0.9654108062647999144, 0.2326318520711875559 ) ) ;
#307 = CARTESIAN_POINT ( 'NONE',  ( 0.000000000000000000, -1.359066115318970033E-14, 3.000000000000000000 ) ) ;
#308 = CARTESIAN_POINT ( 'NONE',  ( 0.9999999999999995559, 1.266628380956080297E-14, 1.925000000000000933 ) ) ;
#309 = ORIENTED_EDGE ( 'NONE', *, *, #3110, .F. ) ;
#310 = EDGE_CURVE ( 'NONE', #103, #119, #3344, .T. ) ;
#311 = CARTESIAN_POINT ( 'NONE',  ( 0.3955196744135229814, 0.9184726918426613373, 0.3494478050908524369 ) ) ;
#312 = ORIENTED_EDGE ( 'NONE', *, *, #1240, .F. ) ;
#313 = EDGE_CURVE ( 'NONE', #1484, #2070, #3936, .T. ) ;
#314 = CARTESIAN_POINT ( 'NONE',  ( 0.5773583522979818250, -1.000014000354360499, 1.858325250224972081 ) ) ;
#315 = CARTESIAN_POINT ( 'NONE',  ( 0.9739282359136357536, 0.2619595741467806160, 2.692226109756290953 ) ) ;
#316 = CARTESIAN_POINT ( 'NONE',  ( 0.6410254037844400621, 0.3700961894323349655, 0.1083333333333369869 ) ) ;
#317 = CARTESIAN_POINT ( 'NONE',  ( 0.9943774008148099641, 0.1144154745447932831, 2.282584467947394113 ) ) ;
#318 = CARTESIAN_POINT ( 'NONE',  ( -0.6848015735050592134, 0.2809601498942180808, 1.849786441119351643 ) ) ;
#319 = CARTESIAN_POINT ( 'NONE',  ( -1.000000000000000000, 5.459208766345149090E-16, 1.675000000000000044 ) ) ;
#320 = CARTESIAN_POINT ( 'NONE',  ( -0.6410254037844400621, -0.3700961894323349655, 2.358333333333330284 ) ) ;
#321 = CARTESIAN_POINT ( 'NONE',  ( -0.6750505514243942962, -0.7379514157505910887, 2.527259198732445533 ) ) ;
#322 = CARTESIAN_POINT ( 'NONE',  ( 0.7877484689439299137, -3.639563677455661703E-07, 0.04754314467516186637 ) ) ;
#323 = CARTESIAN_POINT ( 'NONE',  ( -0.4506126269129376860, 0.5877250866713039645, 1.416909584466541361 ) ) ;
#324 = ORIENTED_EDGE ( 'NONE', *, *, #1135, .F. ) ;
#325 = CIRCLE ( 'NONE', #3417, 2.000000000000000000 ) ;
#326 = ORIENTED_EDGE ( 'NONE', *, *, #2082, .F. ) ;
#327 = PLANE ( 'NONE',  #1482 ) ;
#328 = CARTESIAN_POINT ( 'NONE',  ( 0.7401923788561345363, 3.554674325752656078E-06, 1.675000320157151057 ) ) ;
#329 = SURFACE_STYLE_USAGE ( .BOTH. , #3437 ) ;
#330 = VERTEX_POINT ( 'NONE', #1766 ) ;
#331 = CARTESIAN_POINT ( 'NONE',  ( -0.2372828210071729893, 0.7013711529960898750, 0.1952616099147411743 ) ) ;
#332 = EDGE_CURVE ( 'NONE', #2658, #2738, #3009, .T. ) ;
#333 = CARTESIAN_POINT ( 'NONE',  ( 0.000000000000000000, 1.999999999999988676, 3.722296913319433909 ) ) ;
#334 = DIRECTION ( 'NONE',  ( 1.000000000000000000, 0.000000000000000000, 0.000000000000000000 ) ) ;
#335 = CARTESIAN_POINT ( 'NONE',  ( 0.6410254037844400621, -0.3700961894323349655, 0.4416666666666689833 ) ) ;
#336 = CARTESIAN_POINT ( 'NONE',  ( 0.08083819743775978728, -0.8093407003971611058, 0.07317505164313302390 ) ) ;
#337 = CARTESIAN_POINT ( 'NONE',  ( -0.9245707523275185080, 0.3810151285334626992, 2.449744375137052010 ) ) ;
#338 = CARTESIAN_POINT ( 'NONE',  ( -0.5773502691896243988, -1.000000000000000000, 1.791666666666667407 ) ) ;
#339 = CARTESIAN_POINT ( 'NONE',  ( 2.261922638025161172E-16, -1.694000000000013717, 3.000000000000005773 ) ) ;
#340 = CARTESIAN_POINT ( 'NONE',  ( 0.6410254037844400621, -0.3700961894323349655, 2.491666666666660035 ) ) ;
#341 = CARTESIAN_POINT ( 'NONE',  ( 0.9879021461187387221, -0.1596803825231222218, 2.664398119068956738 ) ) ;
#342 = CARTESIAN_POINT ( 'NONE',  ( -0.5948166070374436565, -0.8040448891737982384, 2.134124334563758829 ) ) ;
#343 = CARTESIAN_POINT ( 'NONE',  ( 0.5046005132175520602, 0.5415956229234223374, 1.326668601103945466 ) ) ;
#344 = VERTEX_POINT ( 'NONE', #3575 ) ;
#345 = ORIENTED_EDGE ( 'NONE', *, *, #668, .T. ) ;
#346 = CARTESIAN_POINT ( 'NONE',  ( -0.4273502691896271521, -0.7401923788646699309, 3.541666666666658081 ) ) ;
#347 = CARTESIAN_POINT ( 'NONE',  ( 0.000000000000000000, 0.000000000000000000, 0.000000000000000000 ) ) ;
#348 = DIRECTION ( 'NONE',  ( 0.000000000000000000, -3.239995458127760343E-15, -1.000000000000000000 ) ) ;
#349 = AXIS2_PLACEMENT_3D ( 'NONE', #863, #564, #3032 ) ;
#350 = ORIENTED_EDGE ( 'NONE', *, *, #2765, .T. ) ;
#351 = FACE_OUTER_BOUND ( 'NONE', #3962, .T. ) ;
#352 = CARTESIAN_POINT ( 'NONE',  ( 0.1557693391224169999, -8.215660310353938825E-15, 1.908430772231270112 ) ) ;
#353 = CARTESIAN_POINT ( 'NONE',  ( -1.000000000000000000, -1.224646799147350002E-16, 0.000000000000000000 ) ) ;
#354 = CARTESIAN_POINT ( 'NONE',  ( -0.8547005383792529720, 5.233531392778363755E-17, 1.075000000000000178 ) ) ;
#355 = LINE ( 'NONE', #1646, #1046 ) ;
#356 = CARTESIAN_POINT ( 'NONE',  ( 0.8660254037844390407, -0.5000000000000000000, -0.1083333333333329901 ) ) ;
#357 = CARTESIAN_POINT ( 'NONE',  ( -0.8660254037844370423, -0.4999999999999986122, 0.9583333333333327042 ) ) ;
#358 = EDGE_CURVE ( 'NONE', #2406, #2413, #3628, .T. ) ;
#359 = ORIENTED_EDGE ( 'NONE', *, *, #584, .F. ) ;
#360 = CARTESIAN_POINT ( 'NONE',  ( 0.000000000000000000, -1.259922254300260102E-14, 3.306000000000000050 ) ) ;
#361 = CARTESIAN_POINT ( 'NONE',  ( -0.5804768878225677886, -0.4617676576571088654, 1.917734606277804010 ) ) ;
#362 = ORIENTED_EDGE ( 'NONE', *, *, #63, .F. ) ;
#363 = CARTESIAN_POINT ( 'NONE',  ( -0.8660254037844390407, -0.5000000000000000000, 1.308333333333330017 ) ) ;
#364 = CARTESIAN_POINT ( 'NONE',  ( -0.1362510662399314121, -0.9928324832133010869, 2.566741854721415805 ) ) ;
#365 = CARTESIAN_POINT ( 'NONE',  ( 0.6338046155465554277, 0.5144904886552570389, 0.07467774263703914894 ) ) ;
#366 = CARTESIAN_POINT ( 'NONE',  ( 0.5214784293648920821, 0.5253060599221017757, 1.324640370690162827 ) ) ;
#367 = EDGE_CURVE ( 'NONE', #681, #2851, #425, .T. ) ;
#368 = ORIENTED_EDGE ( 'NONE', *, *, #332, .T. ) ;
#369 = AXIS2_PLACEMENT_3D ( 'NONE', #2725, #3335, #1470 ) ;
#370 = CARTESIAN_POINT ( 'NONE',  ( 0.7401923788353873546, -6.583920756346896506E-06, 1.274999817019558446 ) ) ;
#371 = CARTESIAN_POINT ( 'NONE',  ( -0.04982260501373577538, 0.8532805164907588669, 0.1130881376260580579 ) ) ;
#372 = EDGE_LOOP ( 'NONE', ( #3722, #3497, #1905, #2619 ) ) ;
#373 = ORIENTED_EDGE ( 'NONE', *, *, #1453, .T. ) ;
#374 = CARTESIAN_POINT ( 'NONE',  ( -0.4836858608801920534, 0.5608211189552072540, 0.2207029937217465099 ) ) ;
#375 = CARTESIAN_POINT ( 'NONE',  ( -0.7401923788646699309, -4.990984619036200170E-15, 1.074999999999999956 ) ) ;
#376 = CARTESIAN_POINT ( 'NONE',  ( -0.5838325875916891006, 0.8145059730292774081, 0.4147756182966040317 ) ) ;
#377 = CARTESIAN_POINT ( 'NONE',  ( 0.4273502691896260419, -0.7401923788646699309, 0.8083333333333352355 ) ) ;
#378 = CARTESIAN_POINT ( 'NONE',  ( 0.7401923788646700419, 1.087398117063462739E-14, 2.525000000000000355 ) ) ;
#379 = CARTESIAN_POINT ( 'NONE',  ( -0.5773502691896256200, 1.000000000000000222, -0.3416666666666663410 ) ) ;
#380 = CARTESIAN_POINT ( 'NONE',  ( -0.5773502691896250649, -1.000000000000001554, 0.9916666666666654750 ) ) ;
#381 = ORIENTED_EDGE ( 'NONE', *, *, #1454, .F. ) ;
#382 = CARTESIAN_POINT ( 'NONE',  ( 0.9982199281238590682, -0.06067957609405053021, 0.2709585627784984463 ) ) ;
#383 = AXIS2_PLACEMENT_3D ( 'NONE', #2762, #607, #2411 ) ;
#384 = CARTESIAN_POINT ( 'NONE',  ( -0.8660254037844360431, -0.4999999999999980571, 1.358333333333328286 ) ) ;
#385 = VERTEX_POINT ( 'NONE', #3276 ) ;
#386 = CARTESIAN_POINT ( 'NONE',  ( -1.224646799147350002E-16, -1.000000000000000000, 2.174999999999999822 ) ) ;
#387 = CARTESIAN_POINT ( 'NONE',  ( 0.6839473500385251370, -0.7325000050700152254, 2.623330487317537596 ) ) ;
#388 = CARTESIAN_POINT ( 'NONE',  ( 1.000000000000000000, 0.000000000000000000, 0.000000000000000000 ) ) ;
#389 = CARTESIAN_POINT ( 'NONE',  ( -0.2941285192381937197, 0.6792510848748820607, 1.400685474659436380 ) ) ;
#390 = ORIENTED_EDGE ( 'NONE', *, *, #912, .F. ) ;
#391 = CARTESIAN_POINT ( 'NONE',  ( -0.4772042241523231088, -0.8294377277571407525, 0.2166682649183453990 ) ) ;
#392 = CARTESIAN_POINT ( 'NONE',  ( 0.7401915921317758773, 0.1983353128218043604, 0.1428634022257868619 ) ) ;
#393 = PRESENTATION_STYLE_ASSIGNMENT (( #329 ) ) ;
#394 = ORIENTED_EDGE ( 'NONE', *, *, #1790, .F. ) ;
#395 = CARTESIAN_POINT ( 'NONE',  ( 0.1570474759590609892, 0.3791461463968249790, 1.886154803078710085 ) ) ;
#396 = CARTESIAN_POINT ( 'NONE',  ( 0.3863705466856051096, -0.6604195542700117549, 2.408333333333333659 ) ) ;
#397 = CARTESIAN_POINT ( 'NONE',  ( 0.01658302274263830436, 1.000003505953570571, 0.3739266379712766208 ) ) ;
#398 = CARTESIAN_POINT ( 'NONE',  ( 0.5773583522979818250, -1.000014000354360499, 3.058325250224970482 ) ) ;
#399 = CIRCLE ( 'NONE', #3880, 2.747226305059998985 ) ;
#400 = CARTESIAN_POINT ( 'NONE',  ( -0.7401923788646678215, -0.1938574186863963045, 1.092460093188544201 ) ) ;
#401 = CARTESIAN_POINT ( 'NONE',  ( -0.3214249838239287560, 0.9492548863030852990, 2.395249019058200091 ) ) ;
#402 = CARTESIAN_POINT ( 'NONE',  ( 0.9736878942953440808, -0.2278856829699919817, 0.2598076211353329557 ) ) ;
#403 = CIRCLE ( 'NONE', #2646, 1.903699164743120065 ) ;
#404 = CARTESIAN_POINT ( 'NONE',  ( -0.5219866587632806532, -0.8922269036098134931, 1.341666666666666563 ) ) ;
#405 = ORIENTED_EDGE ( 'NONE', *, *, #2565, .T. ) ;
#406 = CARTESIAN_POINT ( 'NONE',  ( -0.5773502691896256200, -1.000000000000000222, 2.541666666666662078 ) ) ;
#407 = CARTESIAN_POINT ( 'NONE',  ( 0.8295727025992747361, -0.5621884702696750002, 2.637293770791254044 ) ) ;
#408 = CARTESIAN_POINT ( 'NONE',  ( -1.000000000000000000, 4.331638506960219548E-16, 1.324999999999999956 ) ) ;
#409 = CARTESIAN_POINT ( 'NONE',  ( -1.000000000000000000, -1.224646799147350002E-16, 0.000000000000000000 ) ) ;
#410 = VERTEX_POINT ( 'NONE', #507 ) ;
#411 = FACE_OUTER_BOUND ( 'NONE', #2009, .T. ) ;
#412 = CARTESIAN_POINT ( 'NONE',  ( 0.000000000000000000, 0.1557693391224150015, 1.908430772231270112 ) ) ;
#413 = EDGE_LOOP ( 'NONE', ( #1746, #3137, #3031, #3178, #1405 ) ) ;
#414 = B_SPLINE_CURVE_WITH_KNOTS ( 'NONE', 3,
 ( #169, #1396, #477, #2975, #3909, #2666, #753, #1663, #772, #1072, #3545, #495, #1112, #2628, #809, #2338, #1054, #3282, #189, #1126, #2036, #513, #1716, #211, #2320, #1412, #1434, #3870, #1683, #2357, #827, #2282, #3525, #2648, #3206 ),
 .UNSPECIFIED., .F., .F.,
 ( 4, 2, 1, 1, 2, 2, 1, 1, 1, 2, 2, 2, 1, 2, 2, 1, 1, 1, 2, 2, 2, 4 ),
 ( 0.000000000000000000, 0.06249999999999937550, 0.09374999999999908407, 0.1093749999999989314, 0.1171874999999989037, 0.1249999999999988620, 0.1874999999999988898, 0.2187499999999989730, 0.2343749999999990286, 0.2421874999999989730, 0.2499999999999989453, 0.3749999999999982792, 0.4374999999999979461, 0.4687499999999978351, 0.4999999999999976685, 0.5624999999999972244, 0.5937499999999971134, 0.6093749999999970024, 0.6171874999999970024, 0.6249999999999971134, 0.7499999999999980016, 1.000000000000000000 ),
 .UNSPECIFIED. ) ;
#415 = ADVANCED_FACE ( 'NONE', ( #3374 ), #3705, .F. ) ;
#416 = CONICAL_SURFACE ( 'NONE', #3770, 1.500000000000000000, 0.2617993877991502405 ) ;
#417 = CARTESIAN_POINT ( 'NONE',  ( -0.7401923788646699309, -4.674908545990279514E-15, 0.2750000000000040190 ) ) ;
#418 = CARTESIAN_POINT ( 'NONE',  ( 0.8825284338071973655, -0.1237317916694625902, 3.000000000000000000 ) ) ;
#419 = CARTESIAN_POINT ( 'NONE',  ( 0.1446214472119357330, 0.9901178880184718922, 0.3661219656691609980 ) ) ;
#420 = VERTEX_POINT ( 'NONE', #3698 ) ;
#421 = CARTESIAN_POINT ( 'NONE',  ( -0.8660375284469739032, -0.5000070001771780293, 3.358325250224970304 ) ) ;
#422 = CARTESIAN_POINT ( 'NONE',  ( -1.097586220462490022E-14, -0.3999999999999849787, 4.700000000000000178 ) ) ;
#423 = CARTESIAN_POINT ( 'NONE',  ( -0.7084868954014283959, 0.7057269301689875762, 2.425717086902992037 ) ) ;
#424 = CARTESIAN_POINT ( 'NONE',  ( -1.000000000000000000, -1.180128981962409925E-15, 2.075000000000000178 ) ) ;
#425 = CIRCLE ( 'NONE', #3127, 1.112813416937029842 ) ;
#426 = CARTESIAN_POINT ( 'NONE',  ( -1.224646799147346058E-16, -1.000000000000000000, 1.424999999999998712 ) ) ;
#427 = ORIENTED_EDGE ( 'NONE', *, *, #179, .T. ) ;
#428 = CARTESIAN_POINT ( 'NONE',  ( -0.8660254037844390407, -0.5000000000000000000, 0.9083333333333309945 ) ) ;
#429 = CARTESIAN_POINT ( 'NONE',  ( 0.9260902804639066233, -0.3773045712141467889, 2.649968591869899193 ) ) ;
#430 = CARTESIAN_POINT ( 'NONE',  ( 0.7889868849098389259, 0.03188572903435765021, 0.04925418079785525566 ) ) ;
#431 = CARTESIAN_POINT ( 'NONE',  ( 1.000000000000000000, 2.780478654528933699E-16, 0.6749999999999992673 ) ) ;
#432 = VERTEX_POINT ( 'NONE', #3090 ) ;
#433 = CARTESIAN_POINT ( 'NONE',  ( 1.169094900404459958, 0.3046986221720290322, 3.610700266901099909 ) ) ;
#434 = CARTESIAN_POINT ( 'NONE',  ( 0.000000000000000000, 0.7401923788646699309, 2.225000000000000089 ) ) ;
#435 = ORIENTED_EDGE ( 'NONE', *, *, #3959, .T. ) ;
#436 = CARTESIAN_POINT ( 'NONE',  ( 0.4073816058309040478, 0.6180100067951916909, 2.937721943435011696 ) ) ;
#437 = CARTESIAN_POINT ( 'NONE',  ( -0.7465249830896658612, -0.6657095704505680001, 2.121017114672566262 ) ) ;
#438 = CARTESIAN_POINT ( 'NONE',  ( -0.8004984435124954389, -0.6049251118169443053, 2.915769047383880430 ) ) ;
#439 = CARTESIAN_POINT ( 'NONE',  ( -0.09699370670938324557, -0.7354062401224794598, 1.167109675287081760 ) ) ;
#440 = CARTESIAN_POINT ( 'NONE',  ( 0.000000000000000000, 0.000000000000000000, 0.000000000000000000 ) ) ;
#441 = EDGE_CURVE ( 'NONE', #2065, #3355, #2129, .T. ) ;
#442 = CARTESIAN_POINT ( 'NONE',  ( 0.7248532759737100761, 0.2735788812050370389, 3.254999999999999893 ) ) ;
#443 = CARTESIAN_POINT ( 'NONE',  ( -0.2735788812050309882, -1.078660417681859940, 3.254999999999999893 ) ) ;
#444 = B_SPLINE_CURVE_WITH_KNOTS ( 'NONE', 3,
 ( #3075, #1531, #2155, #40, #1272, #1598, #396, #3398, #973, #1551 ),
 .UNSPECIFIED., .F., .F.,
 ( 4, 2, 2, 2, 4 ),
 ( 0.000000000000000000, 0.1250000000000000555, 0.2500000000000000555, 0.3750000000000000555, 0.5000000000000000000 ),
 .UNSPECIFIED. ) ;
#445 = CARTESIAN_POINT ( 'NONE',  ( -0.5773502691896256200, -1.000000000000000222, 0.9416666666666649865 ) ) ;
#446 = CARTESIAN_POINT ( 'NONE',  ( 0.1182956441863366320, -0.7310790499531414355, 1.584698964889050599 ) ) ;
#447 = CARTESIAN_POINT ( 'NONE',  ( 0.3648760667643971001, 0.7718021415843844268, 0.09355590021756791941 ) ) ;
#448 = DIRECTION ( 'NONE',  ( -0.9961946980917455452, -1.552540596237719872E-16, 0.08715574274765836016 ) ) ;
#449 = CARTESIAN_POINT ( 'NONE',  ( -0.7401923788646699309, -1.160886322126799853E-15, 1.925000000000000044 ) ) ;
#450 = ORIENTED_EDGE ( 'NONE', *, *, #1585, .F. ) ;
#451 = CARTESIAN_POINT ( 'NONE',  ( -0.07216775057730112630, -0.7838284648310598346, 0.04637967430232496635 ) ) ;
#452 = CARTESIAN_POINT ( 'NONE',  ( 0.7205909228272168177, 0.1719120046055837570, 2.890400037539523126 ) ) ;
#453 = CARTESIAN_POINT ( 'NONE',  ( 0.4469338620339913248, -0.8884883196755024581, 3.000000000000000000 ) ) ;
#454 = CARTESIAN_POINT ( 'NONE',  ( -0.2122530925469162111, -0.9777693021159969966, 2.961872402724582631 ) ) ;
#455 = CARTESIAN_POINT ( 'NONE',  ( -0.6410254037844400621, -0.3700961894323349655, 2.308333333333330017 ) ) ;
#456 = CARTESIAN_POINT ( 'NONE',  ( -0.2948659578807965587, -0.6793587342902710491, 1.149251705785058419 ) ) ;
#457 = CARTESIAN_POINT ( 'NONE',  ( 0.5245967280510610564, -0.5271202856308784268, 2.825099665074652489 ) ) ;
#458 = CARTESIAN_POINT ( 'NONE',  ( -0.2735788812050309882, 1.078660417681890138, 3.254999999999999893 ) ) ;
#459 = ADVANCED_FACE ( 'NONE', ( #560 ), #3112, .T. ) ;
#460 = FACE_OUTER_BOUND ( 'NONE', #2779, .T. ) ;
#461 = CARTESIAN_POINT ( 'NONE',  ( -0.5773502691896256200, -1.000000000000000222, 3.341666666666660568 ) ) ;
#462 = CARTESIAN_POINT ( 'NONE',  ( 0.6871028954737267158, -0.2752792408940810120, 1.650318881787520731 ) ) ;
#463 = CARTESIAN_POINT ( 'NONE',  ( 0.2724587246733065071, 0.6882283061236995625, 1.751407111154967611 ) ) ;
#464 = AXIS2_PLACEMENT_3D ( 'NONE', #2192, #991, #3458 ) ;
#465 = CIRCLE ( 'NONE', #1297, 0.7401923788646699309 ) ;
#466 = CARTESIAN_POINT ( 'NONE',  ( -0.6410254037844400621, -0.3700961894323349655, -0.04166666666666429819 ) ) ;
#467 = CYLINDRICAL_SURFACE ( 'NONE', #1474, 1.000000000000000000 ) ;
#468 = ORIENTED_EDGE ( 'NONE', *, *, #1500, .F. ) ;
#469 = VERTEX_POINT ( 'NONE', #328 ) ;
#470 = EDGE_CURVE ( 'NONE', #3681, #505, #4005, .T. ) ;
#471 = CARTESIAN_POINT ( 'NONE',  ( 0.6537659731130276430, -0.6470399703973565009, 0.1796282902207954613 ) ) ;
#472 = CARTESIAN_POINT ( 'NONE',  ( 0.06960042662909744771, 0.7369135895946967718, 2.969423511064554599 ) ) ;
#473 = CARTESIAN_POINT ( 'NONE',  ( -0.9739651547740715287, -0.2617852152021374890, 2.092210091256495375 ) ) ;
#474 = CARTESIAN_POINT ( 'NONE',  ( 0.01394541346305577627, -1.005773407406315156, 2.975858146140303973 ) ) ;
#475 = CARTESIAN_POINT ( 'NONE',  ( -0.3863705466856220405, 0.6604195542700015409, 0.6083333333333339477 ) ) ;
#476 = CARTESIAN_POINT ( 'NONE',  ( -0.6476529725130152348, -0.3624443463428743128, 2.707514943868169155 ) ) ;
#477 = CARTESIAN_POINT ( 'NONE',  ( -0.4122271475284109976, 0.6419709265316660973, 3.000000000000000444 ) ) ;
#478 = DIRECTION ( 'NONE',  ( 0.000000000000000000, 0.000000000000000000, 1.000000000000000000 ) ) ;
#479 = LINE ( 'NONE', #1398, #921 ) ;
#480 = CARTESIAN_POINT ( 'NONE',  ( -0.3935181952765161029, -0.6272829338016473466, 1.539220965940714558 ) ) ;
#481 = PLANE ( 'NONE',  #2844 ) ;
#482 = CIRCLE ( 'NONE', #2932, 1.112813416937029842 ) ;
#483 = CARTESIAN_POINT ( 'NONE',  ( 0.000000000000000000, 0.7401923788646699309, -0.1749999999999969913 ) ) ;
#484 = DIRECTION ( 'NONE',  ( 0.000000000000000000, 0.000000000000000000, -1.000000000000000000 ) ) ;
#485 =( BOUNDED_CURVE ( )  B_SPLINE_CURVE ( 2, ( #2312, #3848, #3202, #3217, #1066, #766, #1107, #1049, #2622 ),
 .UNSPECIFIED., .F., .F. ) 
 B_SPLINE_CURVE_WITH_KNOTS ( ( 3, 2, 2, 2, 3 ),
 ( 0.4999999581352545519, 0.5833333333330644743, 0.7499999999998350209, 0.9166666666666147822, 1.000000000000000000 ),
 .UNSPECIFIED. ) 
 CURVE ( )  GEOMETRIC_REPRESENTATION_ITEM ( )  RATIONAL_B_SPLINE_CURVE ( ( 0.9330127018922365068, 0.9330126682396067128, 1.000000000000000000, 0.8660254037844389297, 1.000000000000000000, 0.8660254037844389297, 1.000000000000000000, 0.9330127018922196314, 0.9330127018922195203 ) ) 
 REPRESENTATION_ITEM ( '' )  );
#486 = VERTEX_POINT ( 'NONE', #1198 ) ;
#487 = ORIENTED_EDGE ( 'NONE', *, *, #2271, .F. ) ;
#488 = DIRECTION ( 'NONE',  ( 0.000000000000000000, 0.000000000000000000, -1.000000000000000000 ) ) ;
#489 = CARTESIAN_POINT ( 'NONE',  ( 0.6484680042221738772, 0.3569194426066939485, 2.907199323218650822 ) ) ;
#490 = CARTESIAN_POINT ( 'NONE',  ( 0.7098601156603947526, -0.6311441038674959758, 2.999999999999999112 ) ) ;
#491 = CARTESIAN_POINT ( 'NONE',  ( -0.5716990127415585432, -0.8204817402290820461, 2.936010840828003676 ) ) ;
#492 = CARTESIAN_POINT ( 'NONE',  ( 0.6410254037844400621, -0.3700961894323349655, 1.241666666666670027 ) ) ;
#493 =( BOUNDED_CURVE ( )  B_SPLINE_CURVE ( 2, ( #3841, #1590, #989, #2212, #2579 ),
 .UNSPECIFIED., .F., .T. ) 
 B_SPLINE_CURVE_WITH_KNOTS ( ( 3, 2, 3 ),
 ( 0.000000000000000000, 0.3821044068651711090, 0.5731568844547444419 ),
 .UNSPECIFIED. ) 
 CURVE ( )  GEOMETRIC_REPRESENTATION_ITEM ( )  RATIONAL_B_SPLINE_CURVE ( ( 1.000000000000000222, 0.8660254037844388186, 1.000000000000000000, 0.9330126057664714923, 0.9330127018923574100 ) ) 
 REPRESENTATION_ITEM ( '' )  );
#494 = CARTESIAN_POINT ( 'NONE',  ( 0.7002860597392690511, -0.2399818041854062944, 1.253491998829571186 ) ) ;
#495 = CARTESIAN_POINT ( 'NONE',  ( -0.7651760908771948477, 0.3143432729217366384, 3.000000000000000000 ) ) ;
#496 = CARTESIAN_POINT ( 'NONE',  ( -0.7501621986171339573, -0.4008154275134709899, 4.709320379128409506 ) ) ;
#497 = CARTESIAN_POINT ( 'NONE',  ( -0.3358201048381889708, -1.259450488053249995, 3.966420441514880046 ) ) ;
#498 = CARTESIAN_POINT ( 'NONE',  ( 0.000000000000000000, 0.000000000000000000, 0.000000000000000000 ) ) ;
#499 = CARTESIAN_POINT ( 'NONE',  ( 0.7153826259237535679, -0.1915659005698643058, 1.657818691746666406 ) ) ;
#500 = CARTESIAN_POINT ( 'NONE',  ( 0.5914939456728752765, 0.4554468637922466923, 1.716743843402916081 ) ) ;
#501 = CARTESIAN_POINT ( 'NONE',  ( 0.4273502691896260419, -0.7401923788646699309, 0.4583333333333353132 ) ) ;
#502 = CARTESIAN_POINT ( 'NONE',  ( -1.000000000000000000, 5.459208766345149090E-16, 1.675000000000000044 ) ) ;
#503 = CARTESIAN_POINT ( 'NONE',  ( 0.6834166272970373379, 0.2843001388685236219, 1.300472833821828100 ) ) ;
#504 = EDGE_LOOP ( 'NONE', ( #3982, #3149, #1633, #2888 ) ) ;
#505 = VERTEX_POINT ( 'NONE', #604 ) ;
#506 = EDGE_CURVE ( 'NONE', #1576, #2839, #1055, .T. ) ;
#507 = CARTESIAN_POINT ( 'NONE',  ( 0.9999999999949840124, 3.167219454753375230E-06, 0.2750004509155761778 ) ) ;
#508 = CARTESIAN_POINT ( 'NONE',  ( 0.4996284972820268511, 0.5494857492529153786, 2.927565427142095444 ) ) ;
#509 = CARTESIAN_POINT ( 'NONE',  ( 0.9017540928848143400, -0.4327169041743818001, 2.246282394239120350 ) ) ;
#510 = CARTESIAN_POINT ( 'NONE',  ( -0.5851368426904031139, -0.8110633018089269397, 2.934924255329725007 ) ) ;
#511 = CARTESIAN_POINT ( 'NONE',  ( 0.4262262043908056075, -0.6062476348553230698, 1.214180885118632869 ) ) ;
#512 = CARTESIAN_POINT ( 'NONE',  ( 0.02566778211591949285, -0.7401797975506562155, 2.777030113055058980 ) ) ;
#513 = CARTESIAN_POINT ( 'NONE',  ( -0.8687705659782842815, -0.2386706378014851748, 3.000000000000000000 ) ) ;
#514 = ORIENTED_EDGE ( 'NONE', *, *, #2510, .F. ) ;
#515 = VECTOR ( 'NONE', #3827, 1000.000000000000000 ) ;
#516 = CARTESIAN_POINT ( 'NONE',  ( 0.8660254037844390407, -0.5000000000000006661, 2.691666666666656660 ) ) ;
#517 = CARTESIAN_POINT ( 'NONE',  ( -1.000000000000000000, 5.112264071149789643E-16, 2.925000000000000266 ) ) ;
#518 = CARTESIAN_POINT ( 'NONE',  ( 0.5773502691896256200, -1.000000000000000222, 3.408333333333330106 ) ) ;
#519 = CARTESIAN_POINT ( 'NONE',  ( 0.7263628618472817156, -0.1444534134720748819, 1.662044527407434913 ) ) ;
#520 = CARTESIAN_POINT ( 'NONE',  ( -0.5270677255652602700, -0.5216417024268819036, 0.7238952828627208680 ) ) ;
#521 = CARTESIAN_POINT ( 'NONE',  ( -0.4273502691896271521, -0.7401923788646699309, 0.7916666666666669627 ) ) ;
#522 = DIRECTION ( 'NONE',  ( 1.000000000000000000, 0.000000000000000000, 0.000000000000000000 ) ) ;
#523 = CARTESIAN_POINT ( 'NONE',  ( 0.6665342323324042750, 0.3222944641997438353, 1.303911604303489069 ) ) ;
#524 = VERTEX_POINT ( 'NONE', #1829 ) ;
#525 = VERTEX_POINT ( 'NONE', #3070 ) ;
#526 = CARTESIAN_POINT ( 'NONE',  ( -0.6410254037844400621, -0.3700961894323349655, 1.558333333333330017 ) ) ;
#527 = DIRECTION ( 'NONE',  ( 0.000000000000000000, 0.000000000000000000, 1.000000000000000000 ) ) ;
#528 = CARTESIAN_POINT ( 'NONE',  ( 0.9827977377985963603, -0.1875661847013194716, 2.262563300081825712 ) ) ;
#529 = PLANE ( 'NONE',  #369 ) ;
#530 = CARTESIAN_POINT ( 'NONE',  ( -1.000000000000000000, 9.947805760435139419E-16, 0.5250000000000000222 ) ) ;
#531 = CARTESIAN_POINT ( 'NONE',  ( 0.8660375284469739032, -0.5000070001771790285, 2.291658583558299878 ) ) ;
#532 = CARTESIAN_POINT ( 'NONE',  ( 0.7054739397064752060, 0.7087388140249419877, 2.324550036963005439 ) ) ;
#533 = AXIS2_PLACEMENT_3D ( 'NONE', #3660, #1199, #882 ) ;
#534 = CARTESIAN_POINT ( 'NONE',  ( 0.7401919032547614741, 0.09903836759075490548, 1.683920029367885984 ) ) ;
#535 = CARTESIAN_POINT ( 'NONE',  ( 0.4964731665138359951, -0.4964731665138270023, 4.609806201873269949 ) ) ;
#536 = CARTESIAN_POINT ( 'NONE',  ( 0.8547005383792529720, -1.570059417833509065E-16, 0.5250000000000007994 ) ) ;
#537 = B_SPLINE_CURVE_WITH_KNOTS ( 'NONE', 3,
 ( #3626, #852, #2080, #257, #2712, #3342, #48, #3427, #2555, #962 ),
 .UNSPECIFIED., .F., .F.,
 ( 4, 2, 2, 2, 4 ),
 ( 0.000000000000000000, 0.1250000000000000000, 0.2500000000000000000, 0.3750000000000000000, 0.5000000000000000000 ),
 .UNSPECIFIED. ) ;
#538 = CARTESIAN_POINT ( 'NONE',  ( -0.7747064420191303036, -0.6348580347973642457, 1.718578942519366937 ) ) ;
#539 = ORIENTED_EDGE ( 'NONE', *, *, #1180, .F. ) ;
#540 = CARTESIAN_POINT ( 'NONE',  ( -0.7401923788646699309, -4.674908545990279514E-15, 0.2750000000000040190 ) ) ;
#541 = APPLICATION_PROTOCOL_DEFINITION ( 'draft international standard', 'automotive_design', 1998, #3586 ) ;
#542 = CYLINDRICAL_SURFACE ( 'NONE', #2624, 0.7401923788646699309 ) ;
#543 = CARTESIAN_POINT ( 'NONE',  ( -0.6875322756450310546, -0.7268900723728316526, 2.126164127924865532 ) ) ;
#544 = ORIENTED_EDGE ( 'NONE', *, *, #3357, .F. ) ;
#545 = LINE ( 'NONE', #250, #1751 ) ;
#546 = DIRECTION ( 'NONE',  ( 0.000000000000000000, 0.000000000000000000, 1.000000000000000000 ) ) ;
#547 = CARTESIAN_POINT ( 'NONE',  ( 0.8678294439946104832, 0.5011544249630118797, 0.3086295893715077510 ) ) ;
#548 = EDGE_CURVE ( 'NONE', #2839, #221, #155, .T. ) ;
#549 = CARTESIAN_POINT ( 'NONE',  ( -1.154716704595970533, 7.070600581027142701E-17, 2.524991916891637711 ) ) ;
#550 = CARTESIAN_POINT ( 'NONE',  ( -0.03240586044234575885, 0.9996032589546881564, 2.776858720837016126 ) ) ;
#551 = CARTESIAN_POINT ( 'NONE',  ( 0.7054071169926647844, 0.7088025997276319323, 2.324557580111190180 ) ) ;
#552 = CARTESIAN_POINT ( 'NONE',  ( -0.1903575084869883471, 0.7169319947127954507, 1.790939327024518635 ) ) ;
#553 = CARTESIAN_POINT ( 'NONE',  ( -0.7145472234961496305, 0.1956868646069659934, 2.257411804213596440 ) ) ;
#554 = CARTESIAN_POINT ( 'NONE',  ( -0.4273502691896260419, 0.7401923788646699309, 1.858333333333330728 ) ) ;
#555 = CARTESIAN_POINT ( 'NONE',  ( 0.3774904922151542941, -0.6501020040689927670, 0.005428378353229422471 ) ) ;
#556 = ORIENTED_EDGE ( 'NONE', *, *, #1009, .F. ) ;
#557 = ORIENTED_EDGE ( 'NONE', *, *, #2727, .T. ) ;
#558 = ORIENTED_EDGE ( 'NONE', *, *, #704, .F. ) ;
#559 = DIRECTION ( 'NONE',  ( 1.000000000000000000, 0.000000000000000000, 0.000000000000000000 ) ) ;
#560 = FACE_OUTER_BOUND ( 'NONE', #608, .T. ) ;
#561 =( NAMED_UNIT ( * ) SI_UNIT ( $, .STERADIAN. ) SOLID_ANGLE_UNIT ( ) );
#562 = DIRECTION ( 'NONE',  ( -0.9961946980917458783, -3.760579408893949336E-15, -0.08715574274765508500 ) ) ;
#563 = ORIENTED_EDGE ( 'NONE', *, *, #2217, .F. ) ;
#564 = DIRECTION ( 'NONE',  ( 0.000000000000000000, -3.239995458127760343E-15, -1.000000000000000000 ) ) ;
#565 =( GEOMETRIC_REPRESENTATION_CONTEXT ( 3 ) GLOBAL_UNCERTAINTY_ASSIGNED_CONTEXT ( ( #2691 ) ) GLOBAL_UNIT_ASSIGNED_CONTEXT ( ( #2742, #605, #561 ) ) REPRESENTATION_CONTEXT ( 'NONE', 'WORKASPACE' ) );
#566 = CARTESIAN_POINT ( 'NONE',  ( 0.3791461463968299750, 0.1570474759590499703, 1.886154803078710085 ) ) ;
#567 = DIRECTION ( 'NONE',  ( 0.000000000000000000, 0.000000000000000000, 1.000000000000000000 ) ) ;
#568 = CARTESIAN_POINT ( 'NONE',  ( 0.8660375284469739032, 0.5000070001771780293, 1.558325250224970038 ) ) ;
#569 = CARTESIAN_POINT ( 'NONE',  ( -0.7682476728106267805, 0.6409858314956983216, 2.831171662996005534 ) ) ;
#570 = CARTESIAN_POINT ( 'NONE',  ( -9.064742275298830802E-17, -0.7401923788646699309, 1.224999999999999867 ) ) ;
#571 = CARTESIAN_POINT ( 'NONE',  ( -0.6131544690469264980, 0.4174419293168388223, 1.837141324282751675 ) ) ;
#572 = B_SPLINE_CURVE_WITH_KNOTS ( 'NONE', 3,
 ( #443, #3873, #497, #1397 ),
 .UNSPECIFIED., .F., .F.,
 ( 4, 4 ),
 ( 0.003033331547149929752, 0.004138332743302280611 ),
 .UNSPECIFIED. ) ;
#573 = DIRECTION ( 'NONE',  ( -0.3826834323650741276, -0.9238795325112932888, 0.000000000000000000 ) ) ;
#574 = CARTESIAN_POINT ( 'NONE',  ( -0.5773502691896256200, 1.000000000000000222, 0.4083333333333323267 ) ) ;
#575 = CARTESIAN_POINT ( 'NONE',  ( -0.3752040272384581376, -0.9269442614116238932, 2.550902139277373415 ) ) ;
#576 = AXIS2_PLACEMENT_3D ( 'NONE', #1804, #1824, #898 ) ;
#577 = CARTESIAN_POINT ( 'NONE',  ( 0.6854554604786240457, 0.2793932353488922105, 1.300032427074207186 ) ) ;
#578 = ORIENTED_EDGE ( 'NONE', *, *, #1317, .T. ) ;
#579 = EDGE_LOOP ( 'NONE', ( #3053, #744, #2701, #2599 ) ) ;
#580 = CARTESIAN_POINT ( 'NONE',  ( -0.8547005383792529720, 5.233531392778363755E-17, 3.075000000000000178 ) ) ;
#581 = CARTESIAN_POINT ( 'NONE',  ( -0.8004522176706128089, 0.4126868342221495234, 0.1551536588929142424 ) ) ;
#582 = CARTESIAN_POINT ( 'NONE',  ( -1.349766751978800139, -0.3669424536064059827, 4.322150515720509567 ) ) ;
#583 =( BOUNDED_CURVE ( )  B_SPLINE_CURVE ( 2, ( #2865, #96, #3196, #3565, #1327, #3803, #516, #1023, #2249 ),
 .UNSPECIFIED., .F., .T. ) 
 B_SPLINE_CURVE_WITH_KNOTS ( ( 3, 2, 2, 2, 3 ),
 ( 0.000000000000000000, 0.08333333333306004731, 0.2499999999998326339, 0.4166666666666142271, 0.5000000000000000000 ),
 .UNSPECIFIED. ) 
 CURVE ( )  GEOMETRIC_REPRESENTATION_ITEM ( )  RATIONAL_B_SPLINE_CURVE ( ( 0.9330127018922195203, 0.9330127018924849747, 1.000000000000000000, 0.8660254037844389297, 1.000000000000000000, 0.8660254037844389297, 1.000000000000000000, 0.9330127018922194093, 0.9330127018922194093 ) ) 
 REPRESENTATION_ITEM ( '' )  );
#584 = EDGE_CURVE ( 'NONE', #1444, #933, #735, .T. ) ;
#585 = ORIENTED_EDGE ( 'NONE', *, *, #3588, .T. ) ;
#586 = AXIS2_PLACEMENT_3D ( 'NONE', #170, #2020, #191 ) ;
#587 = EDGE_CURVE ( 'NONE', #2053, #1923, #2346, .T. ) ;
#588 = FACE_BOUND ( 'NONE', #3882, .T. ) ;
#589 = DIRECTION ( 'NONE',  ( 1.000000000000000000, 0.000000000000000000, 0.000000000000000000 ) ) ;
#590 = CARTESIAN_POINT ( 'NONE',  ( 0.5130557392354090362, 0.8587016855549807204, 0.3407288742281829319 ) ) ;
#591 = CARTESIAN_POINT ( 'NONE',  ( -0.8660375284469739032, 0.5000070001771790285, 1.291658583558309870 ) ) ;
#592 = CARTESIAN_POINT ( 'NONE',  ( -0.2571105305321043089, 0.9685935850410944958, 2.790935115044407944 ) ) ;
#593 = CARTESIAN_POINT ( 'NONE',  ( -0.3624722482942098756, 0.6457095349047330402, 1.807487530729870118 ) ) ;
#594 = CARTESIAN_POINT ( 'NONE',  ( -0.4763358269734056516, 0.5773252823617681662, 2.219838434061914167 ) ) ;
#595 = AXIS2_PLACEMENT_3D ( 'NONE', #2394, #1163, #3641 ) ;
#596 = CARTESIAN_POINT ( 'NONE',  ( 0.4273502691896271521, 0.7401923788646699309, 2.191666666666660657 ) ) ;
#597 = CARTESIAN_POINT ( 'NONE',  ( 3.915192378864670086, 0.000000000000000000, 3.174999999999999822 ) ) ;
#598 = EDGE_CURVE ( 'NONE', #3442, #1956, #1436, .T. ) ;
#599 = CARTESIAN_POINT ( 'NONE',  ( 0.2444564794080847925, 0.6988358549764913663, 1.354058384817299343 ) ) ;
#600 = ORIENTED_EDGE ( 'NONE', *, *, #839, .T. ) ;
#601 = EDGE_CURVE ( 'NONE', #1506, #3328, #3510, .T. ) ;
#602 = EDGE_LOOP ( 'NONE', ( #3514, #763, #2824, #3192 ) ) ;
#603 = CARTESIAN_POINT ( 'NONE',  ( -0.6410254037844400621, 0.3700961894323349655, 3.041666666666659857 ) ) ;
#604 = CARTESIAN_POINT ( 'NONE',  ( 2.000000000000000000, 2.449293598294700991E-16, 3.306000000000000050 ) ) ;
#605 =( NAMED_UNIT ( * ) PLANE_ANGLE_UNIT ( ) SI_UNIT ( $, .RADIAN. ) );
#606 = EDGE_CURVE ( 'NONE', #3662, #3695, #3476, .T. ) ;
#607 = DIRECTION ( 'NONE',  ( 0.000000000000000000, 0.000000000000000000, 1.000000000000000000 ) ) ;
#608 = EDGE_LOOP ( 'NONE', ( #2272, #622, #1964, #3967 ) ) ;
#609 = PLANE ( 'NONE',  #2330 ) ;
#610 = CARTESIAN_POINT ( 'NONE',  ( 0.7243288381452764879, 0.1577105857474830342, 0.8891615497334985907 ) ) ;
#611 =( BOUNDED_CURVE ( )  B_SPLINE_CURVE ( 2, ( #1854, #2853, #3140, #2219, #2195, #2527, #3461, #3747, #2786 ),
 .UNSPECIFIED., .F., .F. ) 
 B_SPLINE_CURVE_WITH_KNOTS ( ( 3, 2, 2, 2, 3 ),
 ( 0.2461107869675034643, 0.3717589891395859381, 0.6230553934837494978, 0.8743517978279207181, 1.000000000000000000 ),
 .UNSPECIFIED. ) 
 CURVE ( )  GEOMETRIC_REPRESENTATION_ITEM ( )  RATIONAL_B_SPLINE_CURVE ( ( 0.9330127018922195203, 0.9330127018922194093, 1.000000000000000000, 0.8660254037844389297, 1.000000000000000000, 0.8660254037844389297, 1.000000000000000000, 0.9330127018922194093, 0.9330127018922195203 ) ) 
 REPRESENTATION_ITEM ( '' )  );
#612 = CARTESIAN_POINT ( 'NONE',  ( -1.154716704595970533, 7.070600581027142701E-17, 2.124991916891638244 ) ) ;
#613 = CARTESIAN_POINT ( 'NONE',  ( -0.3971619108418185662, 0.9177573075111131740, 2.800670745751665969 ) ) ;
#614 = CARTESIAN_POINT ( 'NONE',  ( 0.1443444205229910682, -0.8130952196037877222, 0.08411889406607657438 ) ) ;
#615 = CARTESIAN_POINT ( 'NONE',  ( 0.8660254037844359321, 0.4999999999999978351, 2.358333333333328508 ) ) ;
#616 = CARTESIAN_POINT ( 'NONE',  ( -0.6846827935019565992, 0.2812386938088632382, 1.849761727126704836 ) ) ;
#617 = CARTESIAN_POINT ( 'NONE',  ( -0.0001426349644486872711, 0.7594674843295478039, 2.174944292886354269 ) ) ;
#618 = CARTESIAN_POINT ( 'NONE',  ( -0.8547005383792529720, 5.233531392778363755E-17, 1.925000000000000266 ) ) ;
#619 = CARTESIAN_POINT ( 'NONE',  ( 0.2870652539214350041, -0.6822596996161810479, 0.000000000000000000 ) ) ;
#620 = CARTESIAN_POINT ( 'NONE',  ( 0.9978890189433020641, -0.06990727035597767147, 2.270351737479909371 ) ) ;
#621 = CARTESIAN_POINT ( 'NONE',  ( 0.5883262657377384963, 0.4517794483884479129, 1.316433074081254873 ) ) ;
#622 = ORIENTED_EDGE ( 'NONE', *, *, #3357, .T. ) ;
#623 = CARTESIAN_POINT ( 'NONE',  ( 0.8547005383792529720, -1.570059417833509065E-16, 3.275000000000003020 ) ) ;
#624 = CARTESIAN_POINT ( 'NONE',  ( 0.0001738143152619781983, 1.026021350690480505, 1.975128093454292522 ) ) ;
#625 = CARTESIAN_POINT ( 'NONE',  ( -0.6410254037844400621, -0.3700961894323349655, 1.958333333333330151 ) ) ;
#626 = EDGE_CURVE ( 'NONE', #695, #330, #2797, .T. ) ;
#627 = ORIENTED_EDGE ( 'NONE', *, *, #53, .F. ) ;
#628 = CARTESIAN_POINT ( 'NONE',  ( -0.6478450904613962669, 0.3594546763913619714, 0.2427820651934171348 ) ) ;
#629 = DIRECTION ( 'NONE',  ( 0.000000000000000000, 0.000000000000000000, 1.000000000000000000 ) ) ;
#630 = CARTESIAN_POINT ( 'NONE',  ( 0.3833503856690681499, 0.9236033895594275567, 0.3503207001336732240 ) ) ;
#631 = CARTESIAN_POINT ( 'NONE',  ( -0.4273502691896260419, 0.7401923788646699309, 0.6083333333333360571 ) ) ;
#632 = CARTESIAN_POINT ( 'NONE',  ( -0.5148905563840059374, -0.5317765245775460947, 1.125421871971270749 ) ) ;
#633 = CARTESIAN_POINT ( 'NONE',  ( 0.5826491467881389497, -0.6937648975425364517, 0.1654314442050980882 ) ) ;
#634 = CARTESIAN_POINT ( 'NONE',  ( -0.9462479091909301587, 0.3237463871331574539, 2.453532429586790631 ) ) ;
#635 = CARTESIAN_POINT ( 'NONE',  ( -0.3199278229683857333, 0.6676484448833638341, 1.803212298591884588 ) ) ;
#636 = CARTESIAN_POINT ( 'NONE',  ( 0.9999999999999995559, 6.681755220639873681E-16, 1.524999999999999911 ) ) ;
#637 = CARTESIAN_POINT ( 'NONE',  ( -1.154700538379251240, 7.070501591499382719E-17, 0.07499999999999985845 ) ) ;
#638 = LINE ( 'NONE', #597, #3815 ) ;
#639 = CARTESIAN_POINT ( 'NONE',  ( -0.4117167215404682334, -0.9118530358391920831, 2.148277895718613273 ) ) ;
#640 = CARTESIAN_POINT ( 'NONE',  ( -0.6866699091515028330, 0.2763647355513501047, 1.450243891311478350 ) ) ;
#641 = VERTEX_POINT ( 'NONE', #2213 ) ;
#642 = CARTESIAN_POINT ( 'NONE',  ( 0.8547005383792529720, -1.570059417833509065E-16, 3.674999999999990941 ) ) ;
#643 = CARTESIAN_POINT ( 'NONE',  ( 0.2028770456284590129, 0.4897885150504189822, 3.254999999999999893 ) ) ;
#644 = VECTOR ( 'NONE', #484, 1000.000000000000000 ) ;
#645 = CARTESIAN_POINT ( 'NONE',  ( 0.7401923788646698199, -1.338077595597230934E-14, 2.474999999999996980 ) ) ;
#646 = ORIENTED_EDGE ( 'NONE', *, *, #3025, .T. ) ;
#647 = CARTESIAN_POINT ( 'NONE',  ( 0.7401923788646636027, 0.1983339501604708677, 2.542863279495408246 ) ) ;
#648 = CARTESIAN_POINT ( 'NONE',  ( -1.000000000000000000, 0.2617993877991497409, 1.258333333333333526 ) ) ;
#649 = DIRECTION ( 'NONE',  ( 0.06666269134682990816, -0.06666269134682870079, 0.9955461672694012609 ) ) ;
#650 = VECTOR ( 'NONE', #2480, 1000.000000000000000 ) ;
#651 = CARTESIAN_POINT ( 'NONE',  ( 0.000000000000000000, 0.7401923788646699309, 0.9749999999999999778 ) ) ;
#652 = EDGE_CURVE ( 'NONE', #486, #3013, #1614, .T. ) ;
#653 = CARTESIAN_POINT ( 'NONE',  ( 0.07373134770567570107, -0.8088334613277644580, 0.07199237598623306478 ) ) ;
#654 = EDGE_CURVE ( 'NONE', #3455, #1832, #2094, .T. ) ;
#655 = CARTESIAN_POINT ( 'NONE',  ( 0.000000000000000000, 0.8511379332023930600, 0.1109455543377250025 ) ) ;
#656 = CARTESIAN_POINT ( 'NONE',  ( 0.8660254037844390407, 0.5000000000000000000, 1.508333333333329751 ) ) ;
#657 = CARTESIAN_POINT ( 'NONE',  ( 0.9250301622143651814, -0.3799101154991398333, 2.649797403671006357 ) ) ;
#658 = CARTESIAN_POINT ( 'NONE',  ( -0.3988671183063819403, -0.7497746558203340905, 4.687051102989180151 ) ) ;
#659 = CARTESIAN_POINT ( 'NONE',  ( -0.5684797582669045557, 0.4746593263440908039, 1.431156279297592260 ) ) ;
#660 = ORIENTED_EDGE ( 'NONE', *, *, #2392, .F. ) ;
#661 = EDGE_CURVE ( 'NONE', #2745, #2894, #1310, .T. ) ;
#662 = CARTESIAN_POINT ( 'NONE',  ( 1.349766751978800139, 0.3669424536064250231, 4.322150515720509567 ) ) ;
#663 = CARTESIAN_POINT ( 'NONE',  ( -1.000000000000000000, -1.224646799147350002E-16, 0.000000000000000000 ) ) ;
#664 = DIRECTION ( 'NONE',  ( 0.000000000000000000, 0.000000000000000000, 1.000000000000000000 ) ) ;
#665 = ORIENTED_EDGE ( 'NONE', *, *, #700, .T. ) ;
#666 = CARTESIAN_POINT ( 'NONE',  ( -0.2703370334654625062, 0.6890685666821276811, 0.1983891385520833162 ) ) ;
#667 = DIRECTION ( 'NONE',  ( 0.000000000000000000, 1.000000000000000000, -3.252606517456513302E-15 ) ) ;
#668 = EDGE_CURVE ( 'NONE', #3200, #385, #889, .T. ) ;
#669 = CARTESIAN_POINT ( 'NONE',  ( -0.7534358415681444709, 0.6607703826223062515, 0.4298073496162634899 ) ) ;
#670 = CARTESIAN_POINT ( 'NONE',  ( 0.8660375284469739032, 0.5000070001771780293, 2.758325250224970215 ) ) ;
#671 = DIRECTION ( 'NONE',  ( 0.2588190451025215166, 0.000000000000000000, 0.9659258262890680902 ) ) ;
#672 = FACE_OUTER_BOUND ( 'NONE', #1744, .T. ) ;
#673 = CARTESIAN_POINT ( 'NONE',  ( 0.3980247078156426421, 0.9179579749227128049, 2.349276126899507933 ) ) ;
#674 = DIRECTION ( 'NONE',  ( 0.000000000000000000, 0.000000000000000000, 1.000000000000000000 ) ) ;
#675 = ADVANCED_FACE ( 'NONE', ( #1613 ), #899, .F. ) ;
#676 = VERTEX_POINT ( 'NONE', #2849 ) ;
#677 = CARTESIAN_POINT ( 'NONE',  ( 0.5773502691896256200, -1.000000000000000222, 1.808333333333332904 ) ) ;
#678 = CARTESIAN_POINT ( 'NONE',  ( -0.5177955020923846741, -0.5289446056156243969, 1.525073125949530262 ) ) ;
#679 = CARTESIAN_POINT ( 'NONE',  ( 0.5773502691896250649, 1.000000000000001554, 1.191666666666667762 ) ) ;
#680 = CARTESIAN_POINT ( 'NONE',  ( 0.2049258496381172190, 0.7119599541829922940, 1.357702599512450536 ) ) ;
#681 = VERTEX_POINT ( 'NONE', #2270 ) ;
#682 = VERTEX_POINT ( 'NONE', #449 ) ;
#683 = CARTESIAN_POINT ( 'NONE',  ( -0.2434861169971378470, -0.9369003551076262593, 0.2278280818295320975 ) ) ;
#684 = CARTESIAN_POINT ( 'NONE',  ( -0.7401923788650974778, 0.1983339501597193855, 2.307136720504654015 ) ) ;
#685 = DIRECTION ( 'NONE',  ( 1.000000000000000000, 0.000000000000000000, 0.000000000000000000 ) ) ;
#686 = ORIENTED_EDGE ( 'NONE', *, *, #2765, .F. ) ;
#687 = CARTESIAN_POINT ( 'NONE',  ( 0.000000000000000000, -8.239936510889830543E-15, 4.322150515720509567 ) ) ;
#688 = CARTESIAN_POINT ( 'NONE',  ( 0.9736878942953440808, -0.2278856829699919817, 0.2598076211353329557 ) ) ;
#689 = CARTESIAN_POINT ( 'NONE',  ( -0.9505288920278711640, 0.3174545654724301169, 0.4537932845822363337 ) ) ;
#690 = CARTESIAN_POINT ( 'NONE',  ( -1.224663944636500236E-16, -1.000014000354360055, 2.624991916891640020 ) ) ;
#691 = CARTESIAN_POINT ( 'NONE',  ( -0.9883355556974241507, 0.1657488141447478469, 2.863992349622737521 ) ) ;
#692 = CARTESIAN_POINT ( 'NONE',  ( 0.5773502691896239547, -1.000000000000001554, 1.058333333333327797 ) ) ;
#693 = CARTESIAN_POINT ( 'NONE',  ( 0.000000000000000000, 1.000000000000003331, 2.824999999999996625 ) ) ;
#694 = CARTESIAN_POINT ( 'NONE',  ( -0.3885489136734439630, -0.7477222373096890085, 4.569113484364089928 ) ) ;
#695 = VERTEX_POINT ( 'NONE', #3512 ) ;
#696 = CARTESIAN_POINT ( 'NONE',  ( -0.8660254037844390407, 0.5000000000000000000, 2.441666666666659768 ) ) ;
#697 = DIRECTION ( 'NONE',  ( 1.000000000000000000, 0.000000000000000000, 0.000000000000000000 ) ) ;
#698 = CARTESIAN_POINT ( 'NONE',  ( 0.000000000000000000, 1.000000000000001110, 1.224999999999998090 ) ) ;
#699 = DIRECTION ( 'NONE',  ( 1.000000000000000000, 0.000000000000000000, 0.000000000000000000 ) ) ;
#700 = EDGE_CURVE ( 'NONE', #2291, #2514, #80, .T. ) ;
#701 = EDGE_LOOP ( 'NONE', ( #3147, #97, #3631, #1270 ) ) ;
#702 = CARTESIAN_POINT ( 'NONE',  ( -0.7184151787577481851, -0.6103598328618410340, 0.2023966076146448134 ) ) ;
#703 = CARTESIAN_POINT ( 'NONE',  ( -0.7401923788646699309, -9.064742275298830802E-17, 0.000000000000000000 ) ) ;
#704 = EDGE_CURVE ( 'NONE', #837, #2046, #2959, .T. ) ;
#705 = EDGE_LOOP ( 'NONE', ( #2676, #2866, #2149, #2310 ) ) ;
#706 = CARTESIAN_POINT ( 'NONE',  ( -0.6816807817930857771, 0.2884531543201427350, 0.2490467093686582756 ) ) ;
#707 = CARTESIAN_POINT ( 'NONE',  ( 0.000000000000000000, -8.094915342364000235E-15, 3.000000000000000000 ) ) ;
#708 = CARTESIAN_POINT ( 'NONE',  ( 0.000000000000000000, 0.000000000000000000, 1.913471915518750479E-17 ) ) ;
#709 = ORIENTED_EDGE ( 'NONE', *, *, #32, .F. ) ;
#710 = CARTESIAN_POINT ( 'NONE',  ( 0.5773583522979830462, 1.000014000354360499, 2.791658583558298989 ) ) ;
#711 = VECTOR ( 'NONE', #1625, 1000.000000000000000 ) ;
#712 = CARTESIAN_POINT ( 'NONE',  ( -0.9310692058739545862, 0.3649173023170668162, 2.850751055268966994 ) ) ;
#713 = ADVANCED_FACE ( 'NONE', ( #1743 ), #197, .T. ) ;
#714 = CARTESIAN_POINT ( 'NONE',  ( -0.8226260511330214520, 0.5723373660058727053, 2.436533189076050210 ) ) ;
#715 = DIRECTION ( 'NONE',  ( -1.000000000000000000, 0.000000000000000000, 0.000000000000000000 ) ) ;
#716 = AXIS2_PLACEMENT_3D ( 'NONE', #287, #3412, #3350 ) ;
#717 = CARTESIAN_POINT ( 'NONE',  ( 0.7401923788644442226, -5.780933788917500749E-07, 0.07500004733779316868 ) ) ;
#718 = CARTESIAN_POINT ( 'NONE',  ( 0.5773502691896256200, 1.000000000000000222, 0.7416666666666658081 ) ) ;
#719 = CARTESIAN_POINT ( 'NONE',  ( 0.7312294184763942217, -0.6822093312178698632, 2.627769017600650958 ) ) ;
#720 = LINE ( 'NONE', #658, #903 ) ;
#721 = CARTESIAN_POINT ( 'NONE',  ( -0.2617993877991499074, 1.000000000000000000, 0.7916666666666666297 ) ) ;
#722 = ORIENTED_EDGE ( 'NONE', *, *, #3124, .T. ) ;
#723 = CARTESIAN_POINT ( 'NONE',  ( -0.7696720189799215461, -0.5403182530048787902, 0.1987702219806730675 ) ) ;
#724 = CARTESIAN_POINT ( 'NONE',  ( 0.6410254037844400621, 0.3700961894323349655, 0.1583333333333349913 ) ) ;
#725 = VERTEX_POINT ( 'NONE', #1422 ) ;
#726 = EDGE_CURVE ( 'NONE', #3442, #2847, #2307, .T. ) ;
#727 = ADVANCED_FACE ( 'NONE', ( #835 ), #467, .T. ) ;
#728 = AXIS2_PLACEMENT_3D ( 'NONE', #1694, #2130, #820 ) ;
#729 = CARTESIAN_POINT ( 'NONE',  ( -0.004846284320987916984, 0.7406883866095607116, 2.975545533393274322 ) ) ;
#730 = CARTESIAN_POINT ( 'NONE',  ( -0.7401923788646699309, -4.674908545990279514E-15, 0.2750000000000040190 ) ) ;
#731 = DIRECTION ( 'NONE',  ( 0.9961946980917455452, 7.676412877411694424E-15, 0.08715574274765836016 ) ) ;
#732 = CARTESIAN_POINT ( 'NONE',  ( 0.7161054981734562563, -0.1888515921773044060, 1.258077351561350588 ) ) ;
#733 = FACE_OUTER_BOUND ( 'NONE', #701, .T. ) ;
#734 = CARTESIAN_POINT ( 'NONE',  ( 0.9999999999999995559, 1.266628380956080297E-14, 1.925000000000000711 ) ) ;
#735 = CIRCLE ( 'NONE', #2993, 1.000000000000000000 ) ;
#736 = CARTESIAN_POINT ( 'NONE',  ( -1.078660417681879924, -0.2735788812050239938, 3.254999999999999893 ) ) ;
#737 = ORIENTED_EDGE ( 'NONE', *, *, #3124, .F. ) ;
#738 = CARTESIAN_POINT ( 'NONE',  ( -1.154700538379251240, 7.070501591499382719E-17, 1.275000000000000355 ) ) ;
#739 = CARTESIAN_POINT ( 'NONE',  ( 0.7363550263120748340, -0.07658673842335254889, 1.668123922744731535 ) ) ;
#740 = CARTESIAN_POINT ( 'NONE',  ( 0.7108810235906716235, 0.3850529544419170613, 0.06767975087106907484 ) ) ;
#741 = DIRECTION ( 'NONE',  ( 1.000000000000000000, 0.000000000000000000, 0.000000000000000000 ) ) ;
#742 = CARTESIAN_POINT ( 'NONE',  ( -0.1112573511893630990, 0.8518846336582084344, 0.1158596800086254958 ) ) ;
#743 = CIRCLE ( 'NONE', #2410, 2.747226305059998541 ) ;
#744 = ORIENTED_EDGE ( 'NONE', *, *, #1857, .F. ) ;
#745 = ORIENTED_EDGE ( 'NONE', *, *, #332, .F. ) ;
#746 = CARTESIAN_POINT ( 'NONE',  ( -0.1592178461533927114, -0.7536199273375602248, 0.02930729407510856629 ) ) ;
#747 = CARTESIAN_POINT ( 'NONE',  ( -0.6410254037844400621, 0.3700961894323349655, 2.691666666666659768 ) ) ;
#748 = CARTESIAN_POINT ( 'NONE',  ( -0.7170914981791791654, -0.6970000538432199466, 2.123571079405960571 ) ) ;
#749 = CARTESIAN_POINT ( 'NONE',  ( 0.5219866587632830957, -0.8922269036098124939, 0.6083333333333333925 ) ) ;
#750 = CARTESIAN_POINT ( 'NONE',  ( -0.4273502691896260419, 0.7401923788646699309, 2.208333333333332593 ) ) ;
#751 = CARTESIAN_POINT ( 'NONE',  ( 0.5233121262096557258, -0.5234780891654943202, 1.225577349325042809 ) ) ;
#752 = CARTESIAN_POINT ( 'NONE',  ( 0.2683543198341385438, -0.6899047090828750450, 2.798193690847563087 ) ) ;
#753 = CARTESIAN_POINT ( 'NONE',  ( -0.6025877005254949292, 0.5156629482737753456, 3.000000000000000888 ) ) ;
#754 = CARTESIAN_POINT ( 'NONE',  ( -1.000000000000553113, -0.2679491924301679595, 2.942863279495340656 ) ) ;
#755 = CARTESIAN_POINT ( 'NONE',  ( 0.7401923788646698199, 9.477924524929385872E-15, 1.724999999999999867 ) ) ;
#756 = CARTESIAN_POINT ( 'NONE',  ( -0.3738829175173921104, -0.6390759357407980179, 1.541278362968587112 ) ) ;
#757 = EDGE_CURVE ( 'NONE', #2065, #1506, #2656, .T. ) ;
#758 = CARTESIAN_POINT ( 'NONE',  ( 0.2968435304280624409, 0.6785144136131177062, 1.749059454181926876 ) ) ;
#759 = CONICAL_SURFACE ( 'NONE', #383, 3.915192378864670086, 0.7853981633974433940 ) ;
#760 = CARTESIAN_POINT ( 'NONE',  ( -9.064742275298830802E-17, -0.7401923788646699309, 1.224999999999999867 ) ) ;
#761 = CARTESIAN_POINT ( 'NONE',  ( -5.430151617844229668E-29, 7.312635852688820954E-15, 4.322150515720509567 ) ) ;
#762 = ORIENTED_EDGE ( 'NONE', *, *, #3845, .F. ) ;
#763 = ORIENTED_EDGE ( 'NONE', *, *, #1830, .T. ) ;
#764 = CARTESIAN_POINT ( 'NONE',  ( 0.7401923788646648239, -8.718891277757927552E-08, 2.924999992147181427 ) ) ;
#765 = CARTESIAN_POINT ( 'NONE',  ( 0.3470260620959547126, 0.6543571806698157411, 2.944040684482659209 ) ) ;
#766 = CARTESIAN_POINT ( 'NONE',  ( -0.5773502691896250649, 1.000000000000001554, 0.8583333333333335036 ) ) ;
#767 = CARTESIAN_POINT ( 'NONE',  ( -0.1003392420963624965, -0.9949545429512982597, 2.968928780948816293 ) ) ;
#768 = EDGE_CURVE ( 'NONE', #2715, #2053, #1142, .T. ) ;
#769 = CARTESIAN_POINT ( 'NONE',  ( 0.4273502691896271521, 0.7401923788646699309, 2.541666666666662078 ) ) ;
#770 = CARTESIAN_POINT ( 'NONE',  ( 0.6854422138209509408, -0.2793830864207421660, 1.249967119765031498 ) ) ;
#771 = CARTESIAN_POINT ( 'NONE',  ( -0.5879854912023213531, -0.4496506047299166364, 2.716190089025209087 ) ) ;
#772 = CARTESIAN_POINT ( 'NONE',  ( -0.6220205106018147356, 0.4977469607092347981, 3.000000000000000000 ) ) ;
#773 = CARTESIAN_POINT ( 'NONE',  ( -0.8660254037844383745, -0.4999999999999993339, 2.958333333333326820 ) ) ;
#774 = ADVANCED_FACE ( 'NONE', ( #140 ), #3533, .T. ) ;
#775 = CARTESIAN_POINT ( 'NONE',  ( 1.349766751978800139, 0.3669424536064250231, 4.322150515720509567 ) ) ;
#776 = CARTESIAN_POINT ( 'NONE',  ( 0.3034213542446798639, -0.6751693599108716803, 1.601592422488200329 ) ) ;
#777 = CARTESIAN_POINT ( 'NONE',  ( 0.1758813798488026992, 0.7193993218303280646, 1.760241952285238387 ) ) ;
#778 = CIRCLE ( 'NONE', #1680, 2.000000000000000000 ) ;
#779 = EDGE_CURVE ( 'NONE', #3744, #641, #3937, .T. ) ;
#780 = AXIS2_PLACEMENT_3D ( 'NONE', #1452, #3320, #3380 ) ;
#781 = CARTESIAN_POINT ( 'NONE',  ( 0.6410254037844400621, -0.3700961894323349655, 0.4916666666666680285 ) ) ;
#782 = CARTESIAN_POINT ( 'NONE',  ( -0.8331403367485259448, -0.5559553302175236356, 1.712573761460513433 ) ) ;
#783 = ORIENTED_EDGE ( 'NONE', *, *, #2271, .T. ) ;
#784 = ORIENTED_EDGE ( 'NONE', *, *, #3718, .T. ) ;
#785 = CARTESIAN_POINT ( 'NONE',  ( 0.1937819116403749486, -0.7401923788646678215, 0.3916666666666696606 ) ) ;
#786 = CARTESIAN_POINT ( 'NONE',  ( 0.6743005439590714634, 0.3087739264423129404, 2.902777222495678267 ) ) ;
#787 = CARTESIAN_POINT ( 'NONE',  ( 0.000000000000000000, 0.000000000000000000, 0.000000000000000000 ) ) ;
#788 = CARTESIAN_POINT ( 'NONE',  ( 0.6410254037844400621, -0.3700961894323349655, 2.491666666666660035 ) ) ;
#789 = CARTESIAN_POINT ( 'NONE',  ( -0.6410254037844400621, 0.3700961894323349655, 1.841666666666670116 ) ) ;
#790 = CARTESIAN_POINT ( 'NONE',  ( 0.3203276054348488944, -0.6674594783246508012, 1.203251038061172062 ) ) ;
#791 = CARTESIAN_POINT ( 'NONE',  ( -0.2121917920480301534, -0.7091262626922165691, 2.757038649950344755 ) ) ;
#792 = VERTEX_POINT ( 'NONE', #1987 ) ;
#793 = CARTESIAN_POINT ( 'NONE',  ( 1.000000000000000888, -3.921899803419056012E-16, 0.3249999999999929612 ) ) ;
#794 = CARTESIAN_POINT ( 'NONE',  ( -6.122967655548909736E-16, 0.1557693391224229951, 1.908430772231270112 ) ) ;
#795 = CYLINDRICAL_SURFACE ( 'NONE', #2318, 0.7401923788646699309 ) ;
#796 = DIRECTION ( 'NONE',  ( 0.000000000000000000, 0.000000000000000000, 1.000000000000000000 ) ) ;
#797 = CARTESIAN_POINT ( 'NONE',  ( 0.5369398525699642377, -0.5095173677700911563, 1.627243996811009286 ) ) ;
#798 = CARTESIAN_POINT ( 'NONE',  ( 0.5356207208153651589, -0.5383090496512046297, 0.8261892441946054877 ) ) ;
#799 = CARTESIAN_POINT ( 'NONE',  ( -0.4273502691896260419, 0.7401923788646699309, 1.058333333333329795 ) ) ;
#800 = LINE ( 'NONE', #3253, #644 ) ;
#801 = VERTEX_POINT ( 'NONE', #2925 ) ;
#802 = EDGE_LOOP ( 'NONE', ( #1451, #3239, #2805, #368, #1368, #1269 ) ) ;
#803 = DIRECTION ( 'NONE',  ( 1.000000000000000000, 0.000000000000000000, 0.000000000000000000 ) ) ;
#804 = CARTESIAN_POINT ( 'NONE',  ( 0.7401923817861039145, 0.007975918919949011310, 2.875718364457261700 ) ) ;
#805 = CARTESIAN_POINT ( 'NONE',  ( 0.8200429524690603378, -0.5743644109157890476, 2.236274255760395846 ) ) ;
#806 = CARTESIAN_POINT ( 'NONE',  ( -0.9477335076012314286, -0.3216853761959567182, 2.896380944581852912 ) ) ;
#807 = CARTESIAN_POINT ( 'NONE',  ( 0.1557693391224090063, -6.652494113069469813E-15, 1.908430772231270112 ) ) ;
#808 = CARTESIAN_POINT ( 'NONE',  ( -0.2801423453617822301, -0.6860249628703745106, 2.750660606110091333 ) ) ;
#809 = CARTESIAN_POINT ( 'NONE',  ( -0.8020805303162656941, 0.2395291594712866401, 3.000000000000000000 ) ) ;
#810 = CARTESIAN_POINT ( 'NONE',  ( 0.000000000000000000, 0.000000000000000000, 3.174999999999999822 ) ) ;
#811 = CARTESIAN_POINT ( 'NONE',  ( 0.6410254037844400621, 0.3700961894323349655, 1.758333333333329751 ) ) ;
#812 = CARTESIAN_POINT ( 'NONE',  ( 0.6136268056755700417, -0.4167177458106232635, 1.637231364829813574 ) ) ;
#813 = CARTESIAN_POINT ( 'NONE',  ( -0.02424124835543981296, 0.7398899324872321159, 1.776878264585828981 ) ) ;
#814 = CARTESIAN_POINT ( 'NONE',  ( 0.6410254037844400621, -0.3700961894323349655, 1.291666666666670071 ) ) ;
#815 = CARTESIAN_POINT ( 'NONE',  ( 0.000000000000000000, 0.000000000000000000, 0.000000000000000000 ) ) ;
#816 = CARTESIAN_POINT ( 'NONE',  ( 0.4273502691896260419, -0.7401923788646698199, 0.4583333333333353132 ) ) ;
#817 = ORIENTED_EDGE ( 'NONE', *, *, #1676, .F. ) ;
#818 = ORIENTED_EDGE ( 'NONE', *, *, #2733, .F. ) ;
#819 = CARTESIAN_POINT ( 'NONE',  ( 0.000000000000000000, -1.257674520083189877E-14, 3.306000000000000050 ) ) ;
#820 = DIRECTION ( 'NONE',  ( 1.000000000000000000, 0.000000000000000000, 0.000000000000000000 ) ) ;
#821 = CARTESIAN_POINT ( 'NONE',  ( 0.3988671183063869918, 0.7497746558203620681, 4.687051102989169493 ) ) ;
#822 = CARTESIAN_POINT ( 'NONE',  ( 0.9425210377309501952, -0.3377049846505638664, 2.252605063024144538 ) ) ;
#823 = DIRECTION ( 'NONE',  ( 0.000000000000000000, -1.000000000000000000, 3.278434520506709697E-15 ) ) ;
#824 = CARTESIAN_POINT ( 'NONE',  ( 0.7375027967782608052, 0.08199058505440609546, 0.8823981554337573252 ) ) ;
#825 = VERTEX_POINT ( 'NONE', #2008 ) ;
#826 = EDGE_CURVE ( 'NONE', #385, #1484, #800, .T. ) ;
#827 = CARTESIAN_POINT ( 'NONE',  ( -0.7486225517944600227, -0.5742411634062652981, 3.000000000000001332 ) ) ;
#828 = AXIS2_PLACEMENT_3D ( 'NONE', #707, #3703, #935 ) ;
#829 = CARTESIAN_POINT ( 'NONE',  ( 0.5773583522979818250, -1.000014000354360499, 2.258325250224971992 ) ) ;
#830 = CARTESIAN_POINT ( 'NONE',  ( -0.8660254037844390407, -0.5000000000000000000, 3.308333333333330017 ) ) ;
#831 = CARTESIAN_POINT ( 'NONE',  ( 0.7401923788646701530, -0.1983339501604594324, 1.307136720504593841 ) ) ;
#832 = CARTESIAN_POINT ( 'NONE',  ( 0.9999999999999995559, 6.681755220639873681E-16, 1.524999999999999911 ) ) ;
#833 = EDGE_CURVE ( 'NONE', #1576, #2738, #3421, .T. ) ;
#834 = CARTESIAN_POINT ( 'NONE',  ( -0.4273502691896271521, -0.7401923788646699309, -0.008333333333331088486 ) ) ;
#835 = FACE_OUTER_BOUND ( 'NONE', #36, .T. ) ;
#836 = AXIS2_PLACEMENT_3D ( 'NONE', #3028, #265, #1485 ) ;
#837 = VERTEX_POINT ( 'NONE', #1844 ) ;
#838 = ORIENTED_EDGE ( 'NONE', *, *, #1969, .T. ) ;
#839 = EDGE_CURVE ( 'NONE', #344, #2375, #638, .T. ) ;
#840 = DIRECTION ( 'NONE',  ( 0.000000000000000000, -3.108624468950430425E-15, -1.000000000000000000 ) ) ;
#841 = FACE_OUTER_BOUND ( 'NONE', #862, .T. ) ;
#842 = DIRECTION ( 'NONE',  ( 0.000000000000000000, 0.000000000000000000, 1.000000000000000000 ) ) ;
#843 = ADVANCED_FACE ( 'NONE', ( #924 ), #3981, .F. ) ;
#844 = CARTESIAN_POINT ( 'NONE',  ( -0.7401923788646699309, 3.598847483741179307E-15, 2.674999999999999822 ) ) ;
#845 = CARTESIAN_POINT ( 'NONE',  ( 0.000000000000000000, -8.239936510889830543E-15, 4.322150515720509567 ) ) ;
#846 = DIRECTION ( 'NONE',  ( 0.000000000000000000, 0.000000000000000000, 1.000000000000000000 ) ) ;
#847 = CARTESIAN_POINT ( 'NONE',  ( -0.5773583522979830462, 1.000014000354360499, 0.4583252502249751115 ) ) ;
#848 = CARTESIAN_POINT ( 'NONE',  ( 0.4628036020613721657, 0.8867928546794431321, 2.744495183100459368 ) ) ;
#849 = CARTESIAN_POINT ( 'NONE',  ( 0.9999999999999995559, 1.806790423396386751E-14, 2.324999999999998845 ) ) ;
#850 = AXIS2_PLACEMENT_3D ( 'NONE', #687, #3093, #1293 ) ;
#851 = CARTESIAN_POINT ( 'NONE',  ( -0.4273502691896260419, 0.7401923788646698199, 1.458333333333330151 ) ) ;
#852 = CARTESIAN_POINT ( 'NONE',  ( -0.9999999999999995559, -0.2617993877991516283, 0.8916666666666668295 ) ) ;
#853 = CARTESIAN_POINT ( 'NONE',  ( 0.6410254037844400621, 0.3700961894323349655, 2.958333333333330373 ) ) ;
#854 = CARTESIAN_POINT ( 'NONE',  ( -0.4617519268206978222, -0.8873440171981707980, 2.544573805559611657 ) ) ;
#855 = CARTESIAN_POINT ( 'NONE',  ( 0.000000000000000000, 0.000000000000000000, 0.000000000000000000 ) ) ;
#856 = ORIENTED_EDGE ( 'NONE', *, *, #3742, .T. ) ;
#857 = ORIENTED_EDGE ( 'NONE', *, *, #3865, .T. ) ;
#858 = AXIS2_PLACEMENT_3D ( 'NONE', #810, #1091, #2037 ) ;
#859 = CARTESIAN_POINT ( 'NONE',  ( 1.000000000000000000, -1.314567325861946720E-09, 1.875000033092045548 ) ) ;
#860 = CARTESIAN_POINT ( 'NONE',  ( -0.3791461463968189838, -0.1570474759590649860, 1.886154803078720077 ) ) ;
#861 = CYLINDRICAL_SURFACE ( 'NONE', #249, 2.000000000000000000 ) ;
#862 = EDGE_LOOP ( 'NONE', ( #2752, #3656, #2556, #2677, #2221 ) ) ;
#863 = CARTESIAN_POINT ( 'NONE',  ( 0.000000000000000000, -1.359066115318970033E-14, 3.000000000000000000 ) ) ;
#864 = CARTESIAN_POINT ( 'NONE',  ( 0.6374189178636399111, -0.3765839876359679539, 2.841019366839725890 ) ) ;
#865 = CARTESIAN_POINT ( 'NONE',  ( 0.3669424536064250231, -1.349766751978800139, 4.322150515720509567 ) ) ;
#866 = CIRCLE ( 'NONE', #2494, 2.773536978145061394 ) ;
#867 = CARTESIAN_POINT ( 'NONE',  ( 0.8660375284469739032, -0.5000070001771790285, 1.091658583558309914 ) ) ;
#868 = CARTESIAN_POINT ( 'NONE',  ( 0.1411224472776534400, 0.9921502231057505172, 2.766406649998562894 ) ) ;
#869 = CARTESIAN_POINT ( 'NONE',  ( 0.9999999999999915623, 0.2679491924311348527, 2.342863279495406292 ) ) ;
#870 = CARTESIAN_POINT ( 'NONE',  ( 0.2870652539214350041, -0.6822596996161810479, 0.000000000000000000 ) ) ;
#871 = CARTESIAN_POINT ( 'NONE',  ( -0.7401923788646690427, 5.969418031585589354E-15, 2.274999999999999911 ) ) ;
#872 = CARTESIAN_POINT ( 'NONE',  ( -0.5773502691896256200, 1.000000000000000222, 0.008333333333333270768 ) ) ;
#873 = EDGE_CURVE ( 'NONE', #3681, #330, #2906, .T. ) ;
#874 = CARTESIAN_POINT ( 'NONE',  ( 0.4450349128808102073, -0.6066089092298996288, 0.01000204288935634470 ) ) ;
#875 = ADVANCED_FACE ( 'NONE', ( #2756 ), #2714, .T. ) ;
#876 = EDGE_LOOP ( 'NONE', ( #902, #3784, #908, #268 ) ) ;
#877 = ORIENTED_EDGE ( 'NONE', *, *, #2500, .F. ) ;
#878 = ORIENTED_EDGE ( 'NONE', *, *, #2825, .T. ) ;
#879 = CARTESIAN_POINT ( 'NONE',  ( 0.4273502691896260419, -0.7401923788646699309, 3.608333333333333393 ) ) ;
#880 = EDGE_CURVE ( 'NONE', #1848, #2375, #3906, .T. ) ;
#881 = CARTESIAN_POINT ( 'NONE',  ( -0.9145353925888880520, 2.543138227198659945E-09, 0.1743430137242199807 ) ) ;
#882 = DIRECTION ( 'NONE',  ( 1.000000000000000000, 0.000000000000000000, 0.000000000000000000 ) ) ;
#883 = CARTESIAN_POINT ( 'NONE',  ( -0.1557693391224090063, -8.827957075908740658E-15, 1.908430772231270112 ) ) ;
#884 = ORIENTED_EDGE ( 'NONE', *, *, #237, .T. ) ;
#885 = VECTOR ( 'NONE', #1268, 1000.000000000000000 ) ;
#886 = LINE ( 'NONE', #2055, #1311 ) ;
#887 = DIRECTION ( 'NONE',  ( 0.000000000000000000, 0.000000000000000000, -1.000000000000000000 ) ) ;
#888 = CARTESIAN_POINT ( 'NONE',  ( -0.7477222373097019981, 0.3885489136734599502, 4.569113484364081046 ) ) ;
#889 =( BOUNDED_CURVE ( )  B_SPLINE_CURVE ( 2, ( #3212, #392, #724, #1912, #3133, #1952, #3157, #3436, #1655 ),
 .UNSPECIFIED., .F., .F. ) 
 B_SPLINE_CURVE_WITH_KNOTS ( ( 3, 2, 2, 2, 3 ),
 ( 0.3856135602084636016, 0.4880106685510759434, 0.6928064011306438452, 0.8976021337102180198, 1.000000000000000000 ),
 .UNSPECIFIED. ) 
 CURVE ( )  GEOMETRIC_REPRESENTATION_ITEM ( )  RATIONAL_B_SPLINE_CURVE ( ( 0.9330127018958895846, 0.9330131977310001101, 1.000000000000000000, 0.8660254037844389297, 1.000000000000000000, 0.8660254037844389297, 1.000000000000000000, 0.9330127018922194093, 0.9330127018922195203 ) ) 
 REPRESENTATION_ITEM ( '' )  );
#890 = EDGE_CURVE ( 'NONE', #1491, #223, #2254, .T. ) ;
#891 = CARTESIAN_POINT ( 'NONE',  ( 0.5773583522979818250, -1.000014000354360499, 1.058325250224970038 ) ) ;
#892 = CARTESIAN_POINT ( 'NONE',  ( 0.7401923788646699309, 0.000000000000000000, 0.000000000000000000 ) ) ;
#893 = LINE ( 'NONE', #3080, #1768 ) ;
#894 = CARTESIAN_POINT ( 'NONE',  ( -0.5290605418087420686, 0.5176715309223336448, 1.826280464939247006 ) ) ;
#895 = CARTESIAN_POINT ( 'NONE',  ( -1.000000000000000000, 5.459208766345149090E-16, 1.675000000000000044 ) ) ;
#896 = CARTESIAN_POINT ( 'NONE',  ( 0.8547005383792529720, -1.570059417833509065E-16, 2.125000000000002665 ) ) ;
#897 =( BOUNDED_CURVE ( )  B_SPLINE_CURVE ( 2, ( #1659, #1696, #123, #3500, #3867, #2313, #788, #1067, #2640 ),
 .UNSPECIFIED., .F., .F. ) 
 B_SPLINE_CURVE_WITH_KNOTS ( ( 3, 2, 2, 2, 3 ),
 ( 0.000000000000000000, 0.08333333333305505131, 0.2499999999998276379, 0.4166666666666092311, 0.5000000000000000000 ),
 .UNSPECIFIED. ) 
 CURVE ( )  GEOMETRIC_REPRESENTATION_ITEM ( )  RATIONAL_B_SPLINE_CURVE ( ( 0.9330127018922195203, 0.9330127018924889715, 1.000000000000000000, 0.8660254037844389297, 1.000000000000000000, 0.8660254037844389297, 1.000000000000000000, 0.9330127018922154125, 0.9330127018922194093 ) ) 
 REPRESENTATION_ITEM ( '' )  );
#898 = DIRECTION ( 'NONE',  ( 1.000000000000000000, 0.000000000000000000, 0.000000000000000000 ) ) ;
#899 = CONICAL_SURFACE ( 'NONE', #2837, 1.500000000000000000, 0.2617993877991502405 ) ;
#900 = DIRECTION ( 'NONE',  ( 0.000000000000000000, 0.000000000000000000, 1.000000000000000000 ) ) ;
#901 = ORIENTED_EDGE ( 'NONE', *, *, #1630, .T. ) ;
#902 = ORIENTED_EDGE ( 'NONE', *, *, #2305, .F. ) ;
#903 = VECTOR ( 'NONE', #3210, 1000.000000000000114 ) ;
#904 = CARTESIAN_POINT ( 'NONE',  ( 0.4009108490990971330, -0.9198204291393695664, 0.2541145439224666847 ) ) ;
#905 = CARTESIAN_POINT ( 'NONE',  ( 2.074551677755616177E-16, -1.694000000000012607, 3.306000000000004935 ) ) ;
#906 = DIRECTION ( 'NONE',  ( 1.000000000000000000, 0.000000000000000000, 0.000000000000000000 ) ) ;
#907 = DIRECTION ( 'NONE',  ( 0.08715574274765505725, 0.000000000000000000, -0.9961946980917458783 ) ) ;
#908 = ORIENTED_EDGE ( 'NONE', *, *, #3242, .F. ) ;
#909 = ORIENTED_EDGE ( 'NONE', *, *, #3470, .F. ) ;
#910 = CIRCLE ( 'NONE', #1419, 2.747226305060009199 ) ;
#911 = FACE_OUTER_BOUND ( 'NONE', #3938, .T. ) ;
#912 = EDGE_CURVE ( 'NONE', #1565, #2085, #1991, .T. ) ;
#913 = B_SPLINE_CURVE_WITH_KNOTS ( 'NONE', 3,
 ( #3579, #1086, #1110, #148, #1960, #2336, #475, #1376, #1997, #1697 ),
 .UNSPECIFIED., .F., .F.,
 ( 4, 2, 2, 2, 4 ),
 ( 0.5000000000000000000, 0.6250000000000000000, 0.7500000000000000000, 0.8750000000000000000, 1.000000000000000000 ),
 .UNSPECIFIED. ) ;
#914 = DIRECTION ( 'NONE',  ( 0.9238795325112920676, -0.3826834323650770697, 0.000000000000000000 ) ) ;
#915 = CARTESIAN_POINT ( 'NONE',  ( 0.4082180014306364124, 0.9129438197726466031, 0.3485324369287319257 ) ) ;
#916 = CARTESIAN_POINT ( 'NONE',  ( 1.154716704595970533, -2.121180174308142071E-16, 1.924991916891642063 ) ) ;
#917 = CARTESIAN_POINT ( 'NONE',  ( 0.6843733026055467406, 0.7291984523487445857, 2.726425649652073790 ) ) ;
#918 = CARTESIAN_POINT ( 'NONE',  ( 0.4273502691896260419, -0.7401923788646698199, 1.258333333333329973 ) ) ;
#919 = CARTESIAN_POINT ( 'NONE',  ( -0.2376447574503157134, 0.7027753037012092197, 1.795222030978229411 ) ) ;
#920 = CARTESIAN_POINT ( 'NONE',  ( 0.7375027683835945203, 0.08300279928156320541, 2.082441479763494918 ) ) ;
#921 = VECTOR ( 'NONE', #1187, 1000.000000000000000 ) ;
#922 = CARTESIAN_POINT ( 'NONE',  ( -9.064742275298830802E-17, -0.7401923788646699309, 3.225000000000000089 ) ) ;
#923 = EDGE_CURVE ( 'NONE', #525, #469, #2642, .T. ) ;
#924 = FACE_OUTER_BOUND ( 'NONE', #876, .T. ) ;
#925 = CARTESIAN_POINT ( 'NONE',  ( 0.5826333473715137323, -0.8133934100665060063, 2.214760733855334340 ) ) ;
#926 = CARTESIAN_POINT ( 'NONE',  ( -0.3022529793803141462, 0.6757131516831160756, 1.401476780171209580 ) ) ;
#927 = ORIENTED_EDGE ( 'NONE', *, *, #3796, .T. ) ;
#928 = ORIENTED_EDGE ( 'NONE', *, *, #1803, .F. ) ;
#929 = CARTESIAN_POINT ( 'NONE',  ( -0.4008154275134839795, 0.7501621986171510548, 4.709320379128399736 ) ) ;
#930 = DIRECTION ( 'NONE',  ( 0.000000000000000000, -3.239995458127760343E-15, -1.000000000000000000 ) ) ;
#931 = SURFACE_STYLE_FILL_AREA ( #3134 ) ;
#932 = VECTOR ( 'NONE', #3911, 1000.000000000000000 ) ;
#933 = VERTEX_POINT ( 'NONE', #2286 ) ;
#934 = DIRECTION ( 'NONE',  ( 1.000000000000000000, 0.000000000000000000, 0.000000000000000000 ) ) ;
#935 = DIRECTION ( 'NONE',  ( 0.000000000000000000, -1.000000000000000000, 0.000000000000000000 ) ) ;
#936 = CARTESIAN_POINT ( 'NONE',  ( -0.7071367900091236613, 0.7070767741592471900, 0.4255906131699431216 ) ) ;
#937 = CARTESIAN_POINT ( 'NONE',  ( 0.000000000000000000, 1.000014000354360055, 2.824991916891640198 ) ) ;
#938 = CARTESIAN_POINT ( 'NONE',  ( 0.7044711101567933120, 0.7097338149098724180, 2.724644126377586240 ) ) ;
#939 = CARTESIAN_POINT ( 'NONE',  ( 0.3476822171221037872, -0.7887476648840393567, 0.1209832113664183612 ) ) ;
#940 = CARTESIAN_POINT ( 'NONE',  ( -0.9395674587085379725, 0.3427802958915416309, 2.452270659312752787 ) ) ;
#941 = CARTESIAN_POINT ( 'NONE',  ( -0.5685841695722897438, 0.4745309813118522846, 1.831163437869425037 ) ) ;
#942 = DIRECTION ( 'NONE',  ( 0.000000000000000000, 0.000000000000000000, 1.000000000000000000 ) ) ;
#943 = CARTESIAN_POINT ( 'NONE',  ( 0.6410254037844400621, -0.3700961894323349655, 2.891666666666659946 ) ) ;
#944 = CARTESIAN_POINT ( 'NONE',  ( -0.7037642330310704963, -0.7104356201337370669, 2.524701269220990252 ) ) ;
#945 = CARTESIAN_POINT ( 'NONE',  ( 0.6967687148782424345, -0.7173162682860685369, 2.224628076013488442 ) ) ;
#946 = CARTESIAN_POINT ( 'NONE',  ( -0.6846322888162067466, 0.2813619424139787717, 1.449799218463445838 ) ) ;
#947 = VERTEX_POINT ( 'NONE', #3528 ) ;
#948 = CARTESIAN_POINT ( 'NONE',  ( -0.4273502691896260419, 0.7401923788646699309, 3.008333333333331527 ) ) ;
#949 = CARTESIAN_POINT ( 'NONE',  ( -0.9371385026576423138, 0.3496589218273241095, 2.051672370698897296 ) ) ;
#950 = CARTESIAN_POINT ( 'NONE',  ( 0.7401923788646703750, -0.1983339501604588495, 2.107136720504589000 ) ) ;
#951 = ORIENTED_EDGE ( 'NONE', *, *, #171, .T. ) ;
#952 = ADVANCED_FACE ( 'NONE', ( #153 ), #2285, .T. ) ;
#953 = EDGE_CURVE ( 'NONE', #2046, #3943, #3376, .T. ) ;
#954 = CARTESIAN_POINT ( 'NONE',  ( -0.1546408736882981250, 0.7242648206819035650, 0.1878003049150264170 ) ) ;
#955 = CARTESIAN_POINT ( 'NONE',  ( -0.2617993877991499074, 1.000000000000000000, 1.191666666666667096 ) ) ;
#956 = CARTESIAN_POINT ( 'NONE',  ( 0.5018585599700819966, -0.5018585599700730038, 4.690232114873239766 ) ) ;
#957 = CARTESIAN_POINT ( 'NONE',  ( 0.8660375284469739032, -0.5000070001771790285, 2.691658583558299789 ) ) ;
#958 = CARTESIAN_POINT ( 'NONE',  ( -0.4273502691896260419, -0.7401923788646699309, -0.05833333333332955950 ) ) ;
#959 = CARTESIAN_POINT ( 'NONE',  ( 0.6751693859150400545, 0.7378440498750321597, 2.327248785618592386 ) ) ;
#960 = CARTESIAN_POINT ( 'NONE',  ( 0.000000000000000000, 0.000000000000000000, 0.000000000000000000 ) ) ;
#961 = EDGE_CURVE ( 'NONE', #3355, #2127, #3688, .T. ) ;
#962 = CARTESIAN_POINT ( 'NONE',  ( 1.000000000000000000, -5.499087597133518320E-16, 1.074999999999998623 ) ) ;
#963 = CARTESIAN_POINT ( 'NONE',  ( 0.000000000000000000, 1.000000000000000000, 1.574999999999999956 ) ) ;
#964 = CARTESIAN_POINT ( 'NONE',  ( 0.06383566467902036801, -0.9980877061697664976, 2.578776653125071316 ) ) ;
#965 = CARTESIAN_POINT ( 'NONE',  ( 0.1570474759590549940, -0.3791461463968199830, 1.886154803078720077 ) ) ;
#966 = CARTESIAN_POINT ( 'NONE',  ( -0.7001845881327825039, 0.2402756940768618066, 1.453468953810090225 ) ) ;
#967 = EDGE_LOOP ( 'NONE', ( #1809, #2290, #2388, #3983 ) ) ;
#968 = CARTESIAN_POINT ( 'NONE',  ( 0.4273502691896260419, -0.7401923788646699309, 3.208333333333333481 ) ) ;
#969 = DIRECTION ( 'NONE',  ( 0.000000000000000000, -0.08715574274765833240, -0.9961946980917455452 ) ) ;
#970 = ORIENTED_EDGE ( 'NONE', *, *, #1212, .T. ) ;
#971 = CARTESIAN_POINT ( 'NONE',  ( -0.5216212099808690272, 0.5251651524115992231, 0.2253280749440476349 ) ) ;
#972 = EDGE_CURVE ( 'NONE', #3415, #2717, #1430, .T. ) ;
#973 = CARTESIAN_POINT ( 'NONE',  ( 0.7401923788646670443, -0.1937819116403768360, 2.458333333333332149 ) ) ;
#974 = CIRCLE ( 'NONE', #3555, 2.747226305060009643 ) ;
#975 = CARTESIAN_POINT ( 'NONE',  ( -0.3699693268175592853, 0.9290589597670245725, 0.3987255711075060605 ) ) ;
#976 = CIRCLE ( 'NONE', #2380, 0.3060000000000002718 ) ;
#977 = CARTESIAN_POINT ( 'NONE',  ( -0.4273502691896271521, -0.7401923788646699309, 0.3416666666666703933 ) ) ;
#978 = CARTESIAN_POINT ( 'NONE',  ( -0.4467799057817746777, -0.5916957257963763039, 1.133463827476407504 ) ) ;
#979 = CARTESIAN_POINT ( 'NONE',  ( 0.6424766426231182104, -0.6550778745698762062, 0.1773523934068794161 ) ) ;
#980 = CARTESIAN_POINT ( 'NONE',  ( 0.4607043585081071480, 0.8878918166508884546, 2.344652124888987998 ) ) ;
#981 = FACE_OUTER_BOUND ( 'NONE', #1692, .T. ) ;
#982 = CARTESIAN_POINT ( 'NONE',  ( 1.000000000000000000, 1.120530045446616637E-15, 1.474999999999998979 ) ) ;
#983 = ORIENTED_EDGE ( 'NONE', *, *, #296, .T. ) ;
#984 = CARTESIAN_POINT ( 'NONE',  ( -0.8660254037844390407, 0.5000000000000000000, 2.041666666666659857 ) ) ;
#985 = CARTESIAN_POINT ( 'NONE',  ( 1.000000003282629057, -0.004140763220948943599, 2.674723949414627988 ) ) ;
#986 = CARTESIAN_POINT ( 'NONE',  ( 0.9999999999999635847, 2.705156463175255980E-07, 1.125000018034368443 ) ) ;
#987 = CARTESIAN_POINT ( 'NONE',  ( 0.5197658348648829252, 0.5270006506551665471, 1.324843898104802742 ) ) ;
#988 = ORIENTED_EDGE ( 'NONE', *, *, #1597, .F. ) ;
#989 = CARTESIAN_POINT ( 'NONE',  ( 0.6410254037844400621, 0.3700961894323349655, 0.1083333333333369869 ) ) ;
#990 = DIRECTION ( 'NONE',  ( -1.224646799147352714E-16, 1.000000000000000000, 0.000000000000000000 ) ) ;
#991 = DIRECTION ( 'NONE',  ( 3.915833468517744299E-15, -0.9961946980917453232, 0.08715574274766162144 ) ) ;
#992 = ORIENTED_EDGE ( 'NONE', *, *, #2727, .F. ) ;
#993 = DIRECTION ( 'NONE',  ( 0.3812272063696473534, 0.9203638919632268767, -0.08715574274765838791 ) ) ;
#994 = CARTESIAN_POINT ( 'NONE',  ( 0.000000000000000000, 1.999999999999987566, 3.305999999999993388 ) ) ;
#995 = CARTESIAN_POINT ( 'NONE',  ( -0.9235999717264211650, 0.3833584520254790795, 0.4494700734322331082 ) ) ;
#996 = CIRCLE ( 'NONE', #3451, 2.773536978145060949 ) ;
#997 = CARTESIAN_POINT ( 'NONE',  ( -0.4273502691896271521, -0.7401923788646699309, 1.141666666666669716 ) ) ;
#998 = LINE ( 'NONE', #2551, #1431 ) ;
#999 = CARTESIAN_POINT ( 'NONE',  ( 0.5288868581774126554, 0.8488125916894269096, 2.339423456039615878 ) ) ;
#1000 = DIRECTION ( 'NONE',  ( 0.000000000000000000, 0.000000000000000000, 1.000000000000000000 ) ) ;
#1001 = CARTESIAN_POINT ( 'NONE',  ( 0.7401920098136601789, -0.0005264126422996199314, 2.074952586789492681 ) ) ;
#1002 = ORIENTED_EDGE ( 'NONE', *, *, #1025, .F. ) ;
#1003 = CARTESIAN_POINT ( 'NONE',  ( 1.154700538379251240, -2.121150477449807913E-16, 1.475000000000000977 ) ) ;
#1004 = CARTESIAN_POINT ( 'NONE',  ( 0.7520693116251576660, -0.6594057072060378610, 2.629680074391686162 ) ) ;
#1005 = FACE_OUTER_BOUND ( 'NONE', #1915, .T. ) ;
#1006 = DIRECTION ( 'NONE',  ( -3.915833468517741143E-15, 0.9961946980917452121, -0.08715574274766160756 ) ) ;
#1007 = EDGE_LOOP ( 'NONE', ( #1264, #2251, #2172, #2232, #1808 ) ) ;
#1008 = CARTESIAN_POINT ( 'NONE',  ( -0.5047441377573620436, -0.8112124132338625060, 0.2152131247536283876 ) ) ;
#1009 = EDGE_CURVE ( 'NONE', #676, #3415, #69, .T. ) ;
#1010 = VERTEX_POINT ( 'NONE', #3039 ) ;
#1011 = EDGE_CURVE ( 'NONE', #2106, #3200, #200, .T. ) ;
#1012 = CARTESIAN_POINT ( 'NONE',  ( 0.000000000000000000, 0.000000000000000000, 0.000000000000000000 ) ) ;
#1013 = CYLINDRICAL_SURFACE ( 'NONE', #1862, 1.000000000000000000 ) ;
#1014 = CARTESIAN_POINT ( 'NONE',  ( -0.8496836955400727254, 0.5283070925242252525, 0.4398884848032124095 ) ) ;
#1015 = CARTESIAN_POINT ( 'NONE',  ( 0.8660375284469739032, 0.5000070001771780293, 3.558325250224970482 ) ) ;
#1016 = CARTESIAN_POINT ( 'NONE',  ( 0.3826723219651506080, 0.9238841459037218096, 2.350369204360663211 ) ) ;
#1017 = CARTESIAN_POINT ( 'NONE',  ( -0.8660254037844390407, 0.5000000000000006661, 2.891666666666656393 ) ) ;
#1018 = CARTESIAN_POINT ( 'NONE',  ( -0.7375096608657966124, -0.08289648726750496743, 1.882431752399556180 ) ) ;
#1019 = ORIENTED_EDGE ( 'NONE', *, *, #1068, .F. ) ;
#1020 = CARTESIAN_POINT ( 'NONE',  ( 0.8660254037844380415, -0.5000000000000000000, 1.441666666666660213 ) ) ;
#1021 = CARTESIAN_POINT ( 'NONE',  ( -0.3698291254187646149, -0.9291138706084823840, 2.551284269161764762 ) ) ;
#1022 = CARTESIAN_POINT ( 'NONE',  ( 0.000000000000000000, 0.000000000000000000, 0.000000000000000000 ) ) ;
#1023 = CARTESIAN_POINT ( 'NONE',  ( 1.000000000000002887, -0.2679491924311231954, 2.707136720504585536 ) ) ;
#1024 = ORIENTED_EDGE ( 'NONE', *, *, #1512, .T. ) ;
#1025 = EDGE_CURVE ( 'NONE', #2894, #3092, #893, .T. ) ;
#1026 = VERTEX_POINT ( 'NONE', #2751 ) ;
#1027 =( BOUNDED_CURVE ( )  B_SPLINE_CURVE ( 2, ( #832, #3530, #1985, #1131, #1059, #3603, #3587, #2361, #2005 ),
 .UNSPECIFIED., .F., .T. ) 
 B_SPLINE_CURVE_WITH_KNOTS ( ( 3, 2, 2, 2, 3 ),
 ( 0.5000000000000000000, 0.5833333333333352577, 0.7499999999999972244, 0.9166666666666682950, 1.000000000000000000 ),
 .UNSPECIFIED. ) 
 CURVE ( )  GEOMETRIC_REPRESENTATION_ITEM ( )  RATIONAL_B_SPLINE_CURVE ( ( 0.9330127018922194093, 0.9330127018922196314, 1.000000000000000000, 0.8660254037844389297, 1.000000000000000000, 0.8660254037844389297, 1.000000000000000000, 0.9330127018922190762, 0.9330127018922194093 ) ) 
 REPRESENTATION_ITEM ( '' )  );
#1028 = CARTESIAN_POINT ( 'NONE',  ( 1.259450488053270201, 0.3358201048381959652, 3.966420441514869832 ) ) ;
#1029 = ORIENTED_EDGE ( 'NONE', *, *, #2811, .F. ) ;
#1030 = AXIS2_PLACEMENT_3D ( 'NONE', #815, #3572, #522 ) ;
#1031 = CARTESIAN_POINT ( 'NONE',  ( -0.7401923788650842662, -0.1983339501597425059, 2.742863279495341366 ) ) ;
#1032 = CARTESIAN_POINT ( 'NONE',  ( 0.8786208888353737034, -0.03164254972241259400, 3.000000000000000000 ) ) ;
#1033 = CARTESIAN_POINT ( 'NONE',  ( -0.2483651062469602322, -0.9695351307533179863, 2.959507877286724042 ) ) ;
#1034 = CARTESIAN_POINT ( 'NONE',  ( 0.4273502691896271521, 0.7401923788646699309, 1.341666666666668561 ) ) ;
#1035 = DIRECTION ( 'NONE',  ( 0.3826834323650811776, 0.9238795325112904022, -1.065564151129125748E-14 ) ) ;
#1036 = CYLINDRICAL_SURFACE ( 'NONE', #2941, 0.7401923788646699309 ) ;
#1037 = LINE ( 'NONE', #2262, #711 ) ;
#1038 = CARTESIAN_POINT ( 'NONE',  ( 0.000000000000000000, 0.000000000000000000, 0.000000000000000000 ) ) ;
#1039 = ORIENTED_EDGE ( 'NONE', *, *, #3800, .F. ) ;
#1040 = CARTESIAN_POINT ( 'NONE',  ( 1.154700538379251240, -2.121150477449807913E-16, 1.075000000000000178 ) ) ;
#1041 = CARTESIAN_POINT ( 'NONE',  ( -0.2792971055600007024, -0.9611209138360282678, 2.557532699475368876 ) ) ;
#1042 = DIRECTION ( 'NONE',  ( -0.9238795325112858503, -0.3826834323650919467, 9.708473376954216668E-15 ) ) ;
#1043 = CARTESIAN_POINT ( 'NONE',  ( -0.8760686873580461054, -0.3077158528855328812, 0.1883464560136916266 ) ) ;
#1044 = CARTESIAN_POINT ( 'NONE',  ( 0.000000000000000000, 0.000000000000000000, 4.700000000000000178 ) ) ;
#1045 = EDGE_LOOP ( 'NONE', ( #1281, #783, #291, #2418 ) ) ;
#1046 = VECTOR ( 'NONE', #3097, 1000.000000000000000 ) ;
#1047 = CARTESIAN_POINT ( 'NONE',  ( -0.8660254037844380415, -0.5000000000000000000, -0.2416666666666660024 ) ) ;
#1048 = CARTESIAN_POINT ( 'NONE',  ( -0.09098695776182844086, 0.7355477819972635611, 2.982676752336926196 ) ) ;
#1049 = CARTESIAN_POINT ( 'NONE',  ( -1.000000000000000444, 0.2679491924311228068, 0.9071367205045912652 ) ) ;
#1050 = CARTESIAN_POINT ( 'NONE',  ( -0.6157455384314785007, -0.7884665807185882169, 2.932417462908585293 ) ) ;
#1051 = CARTESIAN_POINT ( 'NONE',  ( -0.8547005383792529720, 5.233531392778363755E-17, 2.675000000000001599 ) ) ;
#1052 = CARTESIAN_POINT ( 'NONE',  ( 0.4504168570319671550, -0.5878767974357163029, 1.216887437414307271 ) ) ;
#1053 = CARTESIAN_POINT ( 'NONE',  ( 0.2370087350189123976, -0.7013597011692620509, 2.795235574448157401 ) ) ;
#1054 = CARTESIAN_POINT ( 'NONE',  ( -0.8419782220397705741, 0.1468802523453738018, 3.000000000000000444 ) ) ;
#1055 = CIRCLE ( 'NONE', #225, 0.3060000000000000497 ) ;
#1056 = FACE_OUTER_BOUND ( 'NONE', #3493, .T. ) ;
#1057 = DIRECTION ( 'NONE',  ( 0.000000000000000000, 0.000000000000000000, 1.000000000000000000 ) ) ;
#1058 = CARTESIAN_POINT ( 'NONE',  ( 0.01335138310551638695, -0.7401864132574106359, 1.576011903683176785 ) ) ;
#1059 = CARTESIAN_POINT ( 'NONE',  ( 0.000000000000000000, 1.000000000000000000, 1.624999999999998668 ) ) ;
#1060 = CARTESIAN_POINT ( 'NONE',  ( -0.2376268147337704528, -0.9386624762793593924, 0.2280661966065716528 ) ) ;
#1061 = CARTESIAN_POINT ( 'NONE',  ( 0.9470165315926627470, -0.3952009846369768931, 1.848759823971619420 ) ) ;
#1062 = ORIENTED_EDGE ( 'NONE', *, *, #1969, .F. ) ;
#1063 = VERTEX_POINT ( 'NONE', #3993 ) ;
#1064 = CARTESIAN_POINT ( 'NONE',  ( 0.000000000000000000, 1.000000000000000000, -0.3750000000000000000 ) ) ;
#1065 = CYLINDRICAL_SURFACE ( 'NONE', #728, 0.7401923788646699309 ) ;
#1066 = CARTESIAN_POINT ( 'NONE',  ( 0.000000000000000000, 1.000000000000000888, 0.8249999999999989564 ) ) ;
#1067 = CARTESIAN_POINT ( 'NONE',  ( 0.7401923788646762592, -0.1983339501604489685, 2.507136720504589800 ) ) ;
#1068 = EDGE_CURVE ( 'NONE', #792, #1491, #2788, .T. ) ;
#1069 = CARTESIAN_POINT ( 'NONE',  ( 0.8547005383792529720, -1.570059417833509065E-16, 1.674999999999998490 ) ) ;
#1070 = CARTESIAN_POINT ( 'NONE',  ( 0.3019684558308348699, -0.6758403432536633781, 1.201448953648444506 ) ) ;
#1071 = CARTESIAN_POINT ( 'NONE',  ( 0.2866894227993764255, -0.6824893577509689724, 2.799946207813180266 ) ) ;
#1072 = CARTESIAN_POINT ( 'NONE',  ( -0.6647163623986996894, 0.4563522213657450477, 3.000000000000000444 ) ) ;
#1073 = CARTESIAN_POINT ( 'NONE',  ( 0.8660375284469739032, 0.5000070001771780293, 0.3583252502249760219 ) ) ;
#1074 = CYLINDRICAL_SURFACE ( 'NONE', #3052, 0.7401923788646699309 ) ;
#1075 = CARTESIAN_POINT ( 'NONE',  ( 0.2928378525737459492, -0.6798265770578033607, 1.600559540725135177 ) ) ;
#1076 = CARTESIAN_POINT ( 'NONE',  ( 0.7401923788638029578, -1.132728162466058342E-06, 0.8750001171265002764 ) ) ;
#1077 = AXIS2_PLACEMENT_3D ( 'NONE', #1466, #81, #685 ) ;
#1078 = CARTESIAN_POINT ( 'NONE',  ( -0.6410254037844400621, -0.3700961894323349655, 1.158333333333330106 ) ) ;
#1079 = CARTESIAN_POINT ( 'NONE',  ( 0.9999994211116401965, -0.0007664125369647072430, 1.874948949407554633 ) ) ;
#1080 = ORIENTED_EDGE ( 'NONE', *, *, #3645, .T. ) ;
#1081 = EDGE_LOOP ( 'NONE', ( #2451, #1833, #2265, #2365 ) ) ;
#1082 = EDGE_CURVE ( 'NONE', #2291, #3088, #2122, .T. ) ;
#1083 = CARTESIAN_POINT ( 'NONE',  ( 0.6410254037844400621, -0.3700961894323349655, 2.891666666666659946 ) ) ;
#1084 = CYLINDRICAL_SURFACE ( 'NONE', #2764, 1.000000000000000000 ) ;
#1085 = CARTESIAN_POINT ( 'NONE',  ( -0.4273502691896260419, 0.7401923788646699309, 1.408333333333330106 ) ) ;
#1086 = CARTESIAN_POINT ( 'NONE',  ( 0.7401923788646677105, 0.1937819116403750042, 0.4916666666666685837 ) ) ;
#1087 = FACE_OUTER_BOUND ( 'NONE', #372, .T. ) ;
#1088 = VECTOR ( 'NONE', #3860, 999.9999999999998863 ) ;
#1089 = CARTESIAN_POINT ( 'NONE',  ( 0.7401923788646698199, 9.041399499710039031E-15, 0.4750000000000027534 ) ) ;
#1090 = ORIENTED_EDGE ( 'NONE', *, *, #182, .T. ) ;
#1091 = DIRECTION ( 'NONE',  ( 0.000000000000000000, 0.000000000000000000, 1.000000000000000000 ) ) ;
#1092 = ADVANCED_FACE ( 'NONE', ( #733 ), #1036, .T. ) ;
#1093 = AXIS2_PLACEMENT_3D ( 'NONE', #1927, #116, #2539 ) ;
#1094 = CARTESIAN_POINT ( 'NONE',  ( -0.5773583522979830462, -1.000014000354360499, 0.1916585835583088648 ) ) ;
#1095 = EDGE_LOOP ( 'NONE', ( #3701, #3610, #2928, #665 ) ) ;
#1096 = CARTESIAN_POINT ( 'NONE',  ( 0.5773502691896256200, -1.000000000000000222, 3.008333333333331527 ) ) ;
#1097 = CARTESIAN_POINT ( 'NONE',  ( 0.5254281886403908697, -0.5213544231981674937, 1.625838800537834583 ) ) ;
#1098 = CARTESIAN_POINT ( 'NONE',  ( -0.5801994985816260053, -0.4621208187801681411, 0.7177585087953431975 ) ) ;
#1099 = VECTOR ( 'NONE', #2383, 1000.000000000000114 ) ;
#1100 = CARTESIAN_POINT ( 'NONE',  ( 0.6410254037844400621, 0.3700961894323349655, 1.758333333333329751 ) ) ;
#1101 = B_SPLINE_CURVE_WITH_KNOTS ( 'NONE', 3,
 ( #3792, #400, #2506, #1578, #1338, #2813, #2570, #632, #1859, #43, #1276, #978, #3143, #2223, #3464, #2606, #2298, #3241, #456, #2034, #2625, #1124, #3280, #126, #3204, #2588, #1734, #209, #439, #1357, #3831, #2936, #3562, #1410, #3543, #1070, #790, #3523, #1432, #1661, #511, #1052, #3851, #751, #3262, #2973, #187, #2664, #2953, #2280, #2016, #2645, #3868, #1979, #770, #3907, #3502, #3888, #494, #1679, #732, #3222, #2917, #1714 ),
 .UNSPECIFIED., .F., .F.,
 ( 4, 2, 2, 1, 2, 2, 2, 2, 2, 2, 2, 2, 1, 1, 1, 1, 2, 2, 2, 2, 1, 1, 2, 2, 2, 2, 2, 2, 2, 2, 2, 1, 1, 1, 2, 2, 4 ),
 ( 0.000000000000000000, 0.1249653924665562882, 0.1269179767238462209, 0.1288705609811361674, 0.1327757294957162271, 0.1405860665248762909, 0.1562067405831964739, 0.1601119090977765058, 0.1640170776123565377, 0.1718274146415166015, 0.1874480886998367291, 0.1884243808284815358, 0.1894006729571263148, 0.1913532572144159838, 0.1952584257289953218, 0.2030687627581539700, 0.2186894368164713498, 0.2499307849331060261, 0.3124134811663754063, 0.3133897732950202686, 0.3143660654236651864, 0.3163186496809547998, 0.3202238181955341378, 0.3280341552246928138, 0.3436548292830102769, 0.3748961773996452584, 0.3827065144287990495, 0.3905168514579528960, 0.4061375255162604780, 0.4373788736328758087, 0.4383551657615200048, 0.4393314578901642564, 0.4412840421474525932, 0.4451892106620293221, 0.4529995476911827246, 0.4686202217494896960, 0.4998615698661035278 ),
 .UNSPECIFIED. ) ;
#1102 = DIRECTION ( 'NONE',  ( 0.000000000000000000, 1.000000000000000000, -3.252606517456513302E-15 ) ) ;
#1103 = ORIENTED_EDGE ( 'NONE', *, *, #3416, .F. ) ;
#1104 = EDGE_LOOP ( 'NONE', ( #309, #2524, #3329, #3969 ) ) ;
#1105 = LINE ( 'NONE', #1693, #2144 ) ;
#1106 = CARTESIAN_POINT ( 'NONE',  ( 0.4273502691896260419, -0.7401923788646698199, 2.858333333333332060 ) ) ;
#1107 = CARTESIAN_POINT ( 'NONE',  ( -0.8660254037844370423, 0.4999999999999994449, 0.8916666666666658303 ) ) ;
#1108 = CARTESIAN_POINT ( 'NONE',  ( -1.000000000000000444, -0.1088545396210968408, 2.882256969308082617 ) ) ;
#1109 = AXIS2_PLACEMENT_3D ( 'NONE', #3723, #3460, #2457 ) ;
#1110 = CARTESIAN_POINT ( 'NONE',  ( 0.6604195542700018740, 0.3863705466856219850, 0.5083333333333351911 ) ) ;
#1111 = CARTESIAN_POINT ( 'NONE',  ( 0.04545782235990804970, -0.7391274752436416406, 2.778594940258284574 ) ) ;
#1112 = CARTESIAN_POINT ( 'NONE',  ( -0.7873072216320164962, 0.2712931237107565341, 3.000000000000000000 ) ) ;
#1113 = DIRECTION ( 'NONE',  ( -0.3812272063696409696, -0.9203638919632300963, -0.08715574274765239271 ) ) ;
#1114 = CARTESIAN_POINT ( 'NONE',  ( -0.6410254037844400621, 0.3700961894323349655, 1.891666666666659946 ) ) ;
#1115 = CARTESIAN_POINT ( 'NONE',  ( -0.4467639673324813598, -0.5917004989986723862, 1.533465132494109318 ) ) ;
#1116 = CARTESIAN_POINT ( 'NONE',  ( 0.05367093774641711751, 0.7402284947978503560, 1.770593453630253000 ) ) ;
#1117 = CARTESIAN_POINT ( 'NONE',  ( 0.6410254037844400621, 0.3700961894323349655, 0.1583333333333349913 ) ) ;
#1118 = CARTESIAN_POINT ( 'NONE',  ( 0.8660254037844359321, -0.4999999999999988343, 2.291666666666658525 ) ) ;
#1119 = CARTESIAN_POINT ( 'NONE',  ( 0.7171736754570047223, 0.1847675655559025409, 1.291326542840031344 ) ) ;
#1120 = VERTEX_POINT ( 'NONE', #1715 ) ;
#1121 = ORIENTED_EDGE ( 'NONE', *, *, #1592, .F. ) ;
#1122 = CARTESIAN_POINT ( 'NONE',  ( -0.7401923788646691538, -0.1983339501604609312, 1.542863279495406692 ) ) ;
#1123 = CARTESIAN_POINT ( 'NONE',  ( -0.7073884312500952065, -0.7068251778680605391, 2.124388841139210449 ) ) ;
#1124 = CARTESIAN_POINT ( 'NONE',  ( -0.2803785691631940358, -0.6850364208821154710, 1.150646562117858762 ) ) ;
#1125 = CARTESIAN_POINT ( 'NONE',  ( 0.000000000000000000, 0.000000000000000000, 4.700000000000000178 ) ) ;
#1126 = CARTESIAN_POINT ( 'NONE',  ( -0.8793779299507831215, -0.1311583112156999575, 3.000000000000000000 ) ) ;
#1127 = DIRECTION ( 'NONE',  ( 0.000000000000000000, 0.000000000000000000, 1.000000000000000000 ) ) ;
#1128 = CARTESIAN_POINT ( 'NONE',  ( -1.224663944636500236E-16, -1.000014000354360055, 2.224991916891640109 ) ) ;
#1129 = CARTESIAN_POINT ( 'NONE',  ( 0.5773502691896256200, 1.000000000000000222, 3.141666666666658170 ) ) ;
#1130 = CARTESIAN_POINT ( 'NONE',  ( 0.5054634049971317156, -0.5429528288194046537, 1.623234129836568007 ) ) ;
#1131 = CARTESIAN_POINT ( 'NONE',  ( 0.5773502691896245098, 1.000000000000000222, 1.591666666666669006 ) ) ;
#1132 = CARTESIAN_POINT ( 'NONE',  ( 0.8547005383792529720, -1.570059417833509065E-16, 0.9250000000000000444 ) ) ;
#1133 = ADVANCED_FACE ( 'NONE', ( #1087 ), #2954, .T. ) ;
#1134 = CARTESIAN_POINT ( 'NONE',  ( -0.9822836802103634968, -0.1952020282010543673, 1.687906362828653473 ) ) ;
#1135 = EDGE_CURVE ( 'NONE', #3695, #2028, #99, .T. ) ;
#1136 = ORIENTED_EDGE ( 'NONE', *, *, #2150, .F. ) ;
#1137 = ORIENTED_EDGE ( 'NONE', *, *, #1958, .F. ) ;
#1138 = ORIENTED_EDGE ( 'NONE', *, *, #652, .T. ) ;
#1139 = FACE_OUTER_BOUND ( 'NONE', #3534, .T. ) ;
#1140 = FACE_OUTER_BOUND ( 'NONE', #2476, .T. ) ;
#1141 = CARTESIAN_POINT ( 'NONE',  ( 0.9999999924443483401, -0.003385813877116073886, 2.274774279175054037 ) ) ;
#1142 = B_SPLINE_CURVE_WITH_KNOTS ( 'NONE', 3,
 ( #502, #157, #176, #1134, #3308, #2983, #3898, #782, #538, #2027, #2615, #2347, #2363, #2674, #1689, #1061, #2289, #1079, #3607 ),
 .UNSPECIFIED., .F., .F.,
 ( 4, 1, 1, 1, 1, 1, 1, 1, 1, 1, 1, 1, 1, 1, 1, 1, 4 ),
 ( 0.000000000000000000, 0.01568618142398041718, 0.03137139845619106582, 0.04705566481161690962, 0.06273899420773697277, 0.07842140036448895513, 0.09410289700423396519, 0.1097834978517206878, 0.1254632166340501620, 0.1412098865132011549, 0.1880527246076749148, 0.2504135227238953876, 0.3127767983414647679, 0.3751562564928954124, 0.4375463154270866073, 0.4999982988482132851, 0.5003662105187481890 ),
 .UNSPECIFIED. ) ;
#1143 = CARTESIAN_POINT ( 'NONE',  ( 2.000000000000000000, 2.449293598294916942E-16, 3.722296913319440570 ) ) ;
#1144 = CARTESIAN_POINT ( 'NONE',  ( 1.349766751978810131, -0.3669424536063989883, 4.322150515720509567 ) ) ;
#1145 = CYLINDRICAL_SURFACE ( 'NONE', #780, 0.7401923788646699309 ) ;
#1146 = VECTOR ( 'NONE', #3789, 1000.000000000000000 ) ;
#1147 = CARTESIAN_POINT ( 'NONE',  ( 0.000000000000000000, 1.000014000354360055, 2.024991916891640376 ) ) ;
#1148 = CARTESIAN_POINT ( 'NONE',  ( 0.5060059254609644563, 0.8626445895205070435, 2.741202531956876687 ) ) ;
#1149 = CARTESIAN_POINT ( 'NONE',  ( 0.000000000000000000, 0.7401923788646699309, 1.025000000000000133 ) ) ;
#1150 = CARTESIAN_POINT ( 'NONE',  ( -0.3043183863662013433, 0.6747657644182908365, 1.801680108544303716 ) ) ;
#1151 = LINE ( 'NONE', #1479, #1099 ) ;
#1152 = CARTESIAN_POINT ( 'NONE',  ( 0.4273502691896260419, -0.7401923788646699309, 2.858333333333332060 ) ) ;
#1153 = CARTESIAN_POINT ( 'NONE',  ( -0.6954671013638207278, -0.7185753286414185981, 2.525435518837148674 ) ) ;
#1154 = VECTOR ( 'NONE', #2108, 1000.000000000000114 ) ;
#1155 = VECTOR ( 'NONE', #649, 1000.000000000000114 ) ;
#1156 = ORIENTED_EDGE ( 'NONE', *, *, #3099, .T. ) ;
#1157 = VERTEX_POINT ( 'NONE', #3033 ) ;
#1158 = ORIENTED_EDGE ( 'NONE', *, *, #890, .T. ) ;
#1159 = CARTESIAN_POINT ( 'NONE',  ( -0.8547005383792529720, 5.233531392778363755E-17, 2.275000000000002576 ) ) ;
#1160 = CARTESIAN_POINT ( 'NONE',  ( -0.4273502691896271521, -0.7401923788646698199, 1.591666666666659902 ) ) ;
#1161 = CARTESIAN_POINT ( 'NONE',  ( -1.000000000000000000, 5.112264071149789643E-16, 2.925000000000000266 ) ) ;
#1162 = ORIENTED_EDGE ( 'NONE', *, *, #9, .T. ) ;
#1163 = DIRECTION ( 'NONE',  ( -0.9961946980917456562, -7.676412877411697579E-15, -0.08715574274765836016 ) ) ;
#1164 = DIRECTION ( 'NONE',  ( 0.000000000000000000, 0.000000000000000000, 1.000000000000000000 ) ) ;
#1165 = CARTESIAN_POINT ( 'NONE',  ( 0.3885489136734480153, 0.7477222373097159869, 4.569113484364081046 ) ) ;
#1166 = CARTESIAN_POINT ( 'NONE',  ( -1.224663944636500236E-16, -1.000014000354360055, 0.6249919168916420187 ) ) ;
#1167 = CARTESIAN_POINT ( 'NONE',  ( -0.5133992897321966176, 0.8584991046630003897, 2.809299847917895221 ) ) ;
#1168 = CARTESIAN_POINT ( 'NONE',  ( 0.7401923788646700419, 5.737594156853803855E-16, 1.325000000000000178 ) ) ;
#1169 = CARTESIAN_POINT ( 'NONE',  ( -0.7401923788646699309, -2.312508131682119882E-16, 0.7249999999999999778 ) ) ;
#1170 = CARTESIAN_POINT ( 'NONE',  ( 0.6281657685068774422, 0.3944562595516933889, 2.110902394793331638 ) ) ;
#1171 = CARTESIAN_POINT ( 'NONE',  ( 0.8660254037844390407, 0.5000000000000000000, 0.3083333333333330151 ) ) ;
#1172 = CARTESIAN_POINT ( 'NONE',  ( -0.3816377224602168772, -0.9243119900949038348, 2.550443204468341385 ) ) ;
#1173 = CARTESIAN_POINT ( 'NONE',  ( 0.7244657249972344948, 0.1558117173429173774, 1.288722532273574473 ) ) ;
#1174 = ORIENTED_EDGE ( 'NONE', *, *, #2876, .T. ) ;
#1175 = CONICAL_SURFACE ( 'NONE', #858, 3.915192378864670086, 0.7853981633974433940 ) ;
#1176 =( BOUNDED_CURVE ( )  B_SPLINE_CURVE ( 2, ( #755, #3226, #811, #2978, #1983, #2921, #1114, #2903, #2610 ),
 .UNSPECIFIED., .F., .T. ) 
 B_SPLINE_CURVE_WITH_KNOTS ( ( 3, 2, 2, 2, 3 ),
 ( 0.5000000000000000000, 0.5833333333333310389, 0.7500000000000000000, 0.9166666666666600793, 1.000000000000000000 ),
 .UNSPECIFIED. ) 
 CURVE ( )  GEOMETRIC_REPRESENTATION_ITEM ( )  RATIONAL_B_SPLINE_CURVE ( ( 0.9330127018922195203, 0.9330127018922227400, 1.000000000000000000, 0.8660254037844389297, 1.000000000000000000, 0.8660254037844389297, 1.000000000000000000, 0.9330127018922154125, 0.9330127018922194093 ) ) 
 REPRESENTATION_ITEM ( '' )  );
#1177 = CARTESIAN_POINT ( 'NONE',  ( 0.6410254037844400621, 0.3700961894323349655, 3.708333333333329929 ) ) ;
#1178 = CARTESIAN_POINT ( 'NONE',  ( -0.9972912423401858462, 0.09513175276275440129, 2.068667639438913852 ) ) ;
#1179 = DIRECTION ( 'NONE',  ( -0.3826834323650861736, 0.9238795325112882928, -3.007258826519976339E-14 ) ) ;
#1180 = EDGE_CURVE ( 'NONE', #3298, #801, #1433, .T. ) ;
#1181 = CYLINDRICAL_SURFACE ( 'NONE', #1783, 0.7401923788646699309 ) ;
#1182 = ORIENTED_EDGE ( 'NONE', *, *, #3316, .F. ) ;
#1183 = EDGE_CURVE ( 'NONE', #330, #2658, #3138, .T. ) ;
#1184 = CARTESIAN_POINT ( 'NONE',  ( -1.000000000000000000, -1.224646799147350002E-16, 0.000000000000000000 ) ) ;
#1185 = CARTESIAN_POINT ( 'NONE',  ( 0.3046986221720299759, -1.169094900404429982, 3.610700266901109678 ) ) ;
#1186 = CARTESIAN_POINT ( 'NONE',  ( -0.5773583522979830462, 1.000014000354360499, 1.258325250224969105 ) ) ;
#1187 = DIRECTION ( 'NONE',  ( 0.000000000000000000, 0.000000000000000000, 1.000000000000000000 ) ) ;
#1188 = ADVANCED_FACE ( 'NONE', ( #1493 ), #529, .T. ) ;
#1189 = CARTESIAN_POINT ( 'NONE',  ( -0.7401923788646699309, -8.138291018150500576E-18, 1.125000000000000000 ) ) ;
#1190 = CARTESIAN_POINT ( 'NONE',  ( -0.7087116003389614116, 0.2144921935045302486, 1.855740703561178373 ) ) ;
#1191 = CARTESIAN_POINT ( 'NONE',  ( 0.3791461463968179846, -0.1570474759590579916, 1.886154803078720077 ) ) ;
#1192 = CARTESIAN_POINT ( 'NONE',  ( 0.000000000000000000, 1.000000000000000000, 0.3750000000000000000 ) ) ;
#1193 = CARTESIAN_POINT ( 'NONE',  ( 0.6031728651498841076, -0.4652610702278134336, 0.02136319762771839159 ) ) ;
#1194 = CARTESIAN_POINT ( 'NONE',  ( -0.4273502691896271521, -0.7401923788646698199, 0.3916666666666681618 ) ) ;
#1195 = ORIENTED_EDGE ( 'NONE', *, *, #3242, .T. ) ;
#1196 = ORIENTED_EDGE ( 'NONE', *, *, #1262, .T. ) ;
#1197 = LINE ( 'NONE', #929, #1154 ) ;
#1198 = CARTESIAN_POINT ( 'NONE',  ( -1.078660417681879924, 0.2735788812050460317, 3.254999999999999893 ) ) ;
#1199 = DIRECTION ( 'NONE',  ( 0.000000000000000000, 0.000000000000000000, 1.000000000000000000 ) ) ;
#1200 = LINE ( 'NONE', #821, #2686 ) ;
#1201 = B_SPLINE_CURVE_WITH_KNOTS ( 'NONE', 3,
 ( #2369, #3613, #1769, #3011 ),
 .UNSPECIFIED., .F., .F.,
 ( 4, 4 ),
 ( 0.003033331547149929752, 0.004138332743302270203 ),
 .UNSPECIFIED. ) ;
#1202 = ORIENTED_EDGE ( 'NONE', *, *, #2683, .T. ) ;
#1203 = DIRECTION ( 'NONE',  ( -2.007462170876365915E-31, 3.278434520506709697E-15, 1.000000000000000000 ) ) ;
#1204 = CARTESIAN_POINT ( 'NONE',  ( 0.4809225844965821506, 0.5742584577911458155, 0.9297957447009107534 ) ) ;
#1205 = CARTESIAN_POINT ( 'NONE',  ( 0.8660254037844370423, -0.4999999999999994449, 0.6916666666666658747 ) ) ;
#1206 = EDGE_CURVE ( 'NONE', #2216, #2127, #743, .T. ) ;
#1207 = CARTESIAN_POINT ( 'NONE',  ( -1.154716704595970533, 7.070600581027142701E-17, 1.724991916891640109 ) ) ;
#1208 = CARTESIAN_POINT ( 'NONE',  ( 0.3996951385841285287, 0.9172456874977502617, 2.749155927412613831 ) ) ;
#1209 = CARTESIAN_POINT ( 'NONE',  ( 1.000000015102010309, 0.006764116468931673579, 2.275450940897759011 ) ) ;
#1210 = CIRCLE ( 'NONE', #3604, 0.7401923788646690427 ) ;
#1211 = CARTESIAN_POINT ( 'NONE',  ( -0.1937819116403587949, 0.7401923788646719293, 2.591666666666666341 ) ) ;
#1212 = EDGE_CURVE ( 'NONE', #837, #1923, #3973, .T. ) ;
#1213 = CARTESIAN_POINT ( 'NONE',  ( 0.7401923788646699309, 0.000000000000000000, 0.000000000000000000 ) ) ;
#1214 = CARTESIAN_POINT ( 'NONE',  ( -0.4273502691896271521, -0.7401923788646699309, 1.991666666666658037 ) ) ;
#1215 = CARTESIAN_POINT ( 'NONE',  ( -1.000000000000000000, 2.521020878909429608E-16, 2.475000000000000089 ) ) ;
#1216 = CARTESIAN_POINT ( 'NONE',  ( 0.8919440200108533778, -0.4523669589998295937, 2.244939619963767452 ) ) ;
#1217 = CARTESIAN_POINT ( 'NONE',  ( 0.2775786178173983987, 0.6861804132053326288, 1.350916326609500562 ) ) ;
#1218 = ORIENTED_EDGE ( 'NONE', *, *, #1082, .T. ) ;
#1219 = EDGE_LOOP ( 'NONE', ( #2780, #390, #3765, #3114 ) ) ;
#1220 = AXIS2_PLACEMENT_3D ( 'NONE', #3730, #1648, #2794 ) ;
#1221 = CARTESIAN_POINT ( 'NONE',  ( -0.1963138457590570263, -0.9501018722973644248, 0.2297385678824017952 ) ) ;
#1222 = CARTESIAN_POINT ( 'NONE',  ( 0.8328112899338371289, 0.5564539742165329761, 1.912621081368478748 ) ) ;
#1223 = FACE_OUTER_BOUND ( 'NONE', #2581, .T. ) ;
#1224 = EDGE_LOOP ( 'NONE', ( #2696, #2045, #224, #142 ) ) ;
#1225 = VECTOR ( 'NONE', #3995, 1000.000000000000114 ) ;
#1226 = CARTESIAN_POINT ( 'NONE',  ( -0.1794729060549367927, 0.7185975600056700996, 0.1899889550915820902 ) ) ;
#1227 = CARTESIAN_POINT ( 'NONE',  ( -0.7373441440519971080, 0.08417434775392525215, 1.067441840587612045 ) ) ;
#1228 = CARTESIAN_POINT ( 'NONE',  ( 1.000000000000000000, 0.000000000000000000, 0.000000000000000000 ) ) ;
#1229 = CARTESIAN_POINT ( 'NONE',  ( 0.000000000000000000, 1.000014000354360055, 3.624991916891640020 ) ) ;
#1230 = CARTESIAN_POINT ( 'NONE',  ( 0.4445353292487760344, 0.8959142284894987540, 2.745852824975999695 ) ) ;
#1231 = CARTESIAN_POINT ( 'NONE',  ( -0.6410254037844400621, 0.3700961894323349655, -0.1583333333333289961 ) ) ;
#1232 = CARTESIAN_POINT ( 'NONE',  ( 0.9488926857201464005, 0.3223185506484371188, 2.296332406353605027 ) ) ;
#1233 = CARTESIAN_POINT ( 'NONE',  ( 0.1937819116403750874, 0.7401923788646679325, 2.558333333333333570 ) ) ;
#1234 = CARTESIAN_POINT ( 'NONE',  ( 0.6683552259419359709, 0.3216789938691016482, 2.103979575459430151 ) ) ;
#1235 = VECTOR ( 'NONE', #1554, 1000.000000000000114 ) ;
#1236 = CARTESIAN_POINT ( 'NONE',  ( 0.4273502691896260419, -0.7401923788646699309, 2.058333333333333570 ) ) ;
#1237 = CARTESIAN_POINT ( 'NONE',  ( -0.6846383209373932965, -0.7289515330597058362, 2.526401969658351732 ) ) ;
#1238 = CARTESIAN_POINT ( 'NONE',  ( -0.5573307994046133862, -0.8302930602185299991, 2.137165594294800020 ) ) ;
#1239 = CARTESIAN_POINT ( 'NONE',  ( 0.3918560156658371096, 0.6280476500952438812, 1.339383471976586248 ) ) ;
#1240 = EDGE_CURVE ( 'NONE', #1524, #3159, #2110, .T. ) ;
#1241 = ORIENTED_EDGE ( 'NONE', *, *, #2430, .T. ) ;
#1242 = CARTESIAN_POINT ( 'NONE',  ( 0.000000000000000000, 0.000000000000000000, 0.000000000000000000 ) ) ;
#1243 = DIRECTION ( 'NONE',  ( 1.000000000000000000, 0.000000000000000000, 0.000000000000000000 ) ) ;
#1244 = ADVANCED_BREP_SHAPE_REPRESENTATION ( '92000A010.step', ( #2617, #1402 ), #565 ) ;
#1245 = CARTESIAN_POINT ( 'NONE',  ( -9.064742275298830802E-17, -0.7401923788646699309, 2.024999999999999911 ) ) ;
#1246 = AXIS2_PLACEMENT_3D ( 'NONE', #2152, #3050, #1850 ) ;
#1247 = ORIENTED_EDGE ( 'NONE', *, *, #2202, .T. ) ;
#1248 = CARTESIAN_POINT ( 'NONE',  ( -0.5229555350188638263, 0.5238345118085540042, 0.2254933190008825972 ) ) ;
#1249 = CARTESIAN_POINT ( 'NONE',  ( 0.8922269036098124939, 0.5219866587632829846, 1.108333333333333837 ) ) ;
#1250 = CARTESIAN_POINT ( 'NONE',  ( -1.000000000000000000, -1.224646799147350002E-16, 0.000000000000000000 ) ) ;
#1251 = ADVANCED_FACE ( 'NONE', ( #1753 ), #3521, .F. ) ;
#1252 = CARTESIAN_POINT ( 'NONE',  ( -0.6410254037844400621, -0.3700961894323349655, 0.7083333333333350357 ) ) ;
#1253 = CARTESIAN_POINT ( 'NONE',  ( 0.6328378451335107124, -0.6617480915091897842, 0.1754139115635906798 ) ) ;
#1254 = CARTESIAN_POINT ( 'NONE',  ( -0.9593126587141507233, 0.2837367409249351713, 2.456185540535073653 ) ) ;
#1255 = VERTEX_POINT ( 'NONE', #2416 ) ;
#1256 = PLANE ( 'NONE',  #1220 ) ;
#1257 = B_SPLINE_CURVE_WITH_KNOTS ( 'NONE', 3,
 ( #3158, #1801, #920, #2734, #280, #1234, #1170, #3979, #2444, #3690, #3366, #617, #2465, #594, #3042, #1760, #2142, #553, #1780, #2403, #1501, #871 ),
 .UNSPECIFIED., .F., .F.,
 ( 4, 1, 1, 1, 1, 1, 1, 1, 1, 1, 1, 1, 1, 1, 1, 1, 1, 1, 1, 4 ),
 ( 0.5003509493811244546, 0.5182405412180792759, 0.5361278823332427113, 0.5540130086522756514, 0.5718959562046996847, 0.5897767610332074195, 0.6076554591934505423, 0.6255320867538272100, 0.6416864853802033419, 0.6880818419765856175, 0.7503778143846142612, 0.8126310883259082463, 0.8748951931038047025, 0.8908740887568450395, 0.9373615331031354136, 0.9460905949957222338, 0.9567193488832123061, 0.9692474584653179015, 0.9836745061737834916, 1.000000000000000000 ),
 .UNSPECIFIED. ) ;
#1258 = CARTESIAN_POINT ( 'NONE',  ( -1.000000000000000000, -1.739893658958600106E-16, 1.275000000000000133 ) ) ;
#1259 = CARTESIAN_POINT ( 'NONE',  ( 0.5773502691896256200, 1.000000000000000222, 1.941666666666660657 ) ) ;
#1260 = CARTESIAN_POINT ( 'NONE',  ( 0.4321098954131519787, -0.9020482520134864846, 2.603203721133739101 ) ) ;
#1261 = CARTESIAN_POINT ( 'NONE',  ( 0.7068128200980724474, -0.7074006228885433289, 2.225561071767722776 ) ) ;
#1262 = EDGE_CURVE ( 'NONE', #410, #2112, #3665, .T. ) ;
#1263 = CARTESIAN_POINT ( 'NONE',  ( -0.6952792185339824460, 0.2542118108369106899, 1.452220931277164784 ) ) ;
#1264 = ORIENTED_EDGE ( 'NONE', *, *, #3606, .F. ) ;
#1265 = EDGE_CURVE ( 'NONE', #3328, #1255, #124, .T. ) ;
#1266 = CARTESIAN_POINT ( 'NONE',  ( 0.6410254037844400621, -0.3700961894323349655, 2.841666666666659680 ) ) ;
#1267 = CARTESIAN_POINT ( 'NONE',  ( 0.7401923788646698199, 1.154781608784499952E-15, 2.124999999999998668 ) ) ;
#1268 = DIRECTION ( 'NONE',  ( 1.000000000000000000, 1.091375399390050102E-14, 0.000000000000000000 ) ) ;
#1269 = ORIENTED_EDGE ( 'NONE', *, *, #1384, .F. ) ;
#1270 = ORIENTED_EDGE ( 'NONE', *, *, #654, .F. ) ;
#1271 = CARTESIAN_POINT ( 'NONE',  ( -0.7401923788646707081, 0.07733874894342310236, 0.2680343560087246058 ) ) ;
#1272 = CARTESIAN_POINT ( 'NONE',  ( -0.1937819116403788622, -0.7401923788646667113, 2.358333333333332948 ) ) ;
#1273 = MECHANICAL_DESIGN_GEOMETRIC_PRESENTATION_REPRESENTATION (  '', ( #1462 ), #2105 ) ;
#1274 = CARTESIAN_POINT ( 'NONE',  ( -0.7058776184888899685, 0.7083347044684514815, 0.4254730087130109140 ) ) ;
#1275 = CARTESIAN_POINT ( 'NONE',  ( 0.5773583522979830462, 1.000014000354360499, 3.591658583558302364 ) ) ;
#1276 = CARTESIAN_POINT ( 'NONE',  ( -0.4725854382413024468, -0.5702034630515722124, 1.130468499351526379 ) ) ;
#1277 = CARTESIAN_POINT ( 'NONE',  ( -0.8660254037844390407, 0.5000000000000000000, -0.3083333333333330151 ) ) ;
#1278 = CARTESIAN_POINT ( 'NONE',  ( -1.224646799147347537E-16, -1.000000000000001110, 1.024999999999997913 ) ) ;
#1279 = CARTESIAN_POINT ( 'NONE',  ( 0.9997050878892738135, -0.02506145170146525589, 0.2733304412352077772 ) ) ;
#1280 = DIRECTION ( 'NONE',  ( 0.000000000000000000, 0.000000000000000000, 1.000000000000000000 ) ) ;
#1281 = ORIENTED_EDGE ( 'NONE', *, *, #1262, .F. ) ;
#1282 = CARTESIAN_POINT ( 'NONE',  ( -1.154700538379251240, 7.070501591499382719E-17, 1.674999999999998490 ) ) ;
#1283 = CARTESIAN_POINT ( 'NONE',  ( 0.7112283680458715285, -0.7029670138881337627, 2.625962718518325634 ) ) ;
#1284 = CYLINDRICAL_SURFACE ( 'NONE', #3552, 1.000000000000000000 ) ;
#1285 = CARTESIAN_POINT ( 'NONE',  ( 0.5169150317886491708, 0.5298089309088824805, 1.325184691492132805 ) ) ;
#1286 = ORIENTED_EDGE ( 'NONE', *, *, #470, .T. ) ;
#1287 = CARTESIAN_POINT ( 'NONE',  ( -0.8811003627323106269, -0.2912579354425541833, 0.1876584133757895623 ) ) ;
#1288 = CARTESIAN_POINT ( 'NONE',  ( -0.6410254037844400621, 0.3700961894323349655, 0.6916666666666669849 ) ) ;
#1289 = LINE ( 'NONE', #18, #885 ) ;
#1290 = ADVANCED_FACE ( 'NONE', ( #2114 ), #4001, .F. ) ;
#1291 = EDGE_LOOP ( 'NONE', ( #1182, #557, #3008, #3881 ) ) ;
#1292 = CIRCLE ( 'NONE', #3176, 2.747226305060010088 ) ;
#1293 = DIRECTION ( 'NONE',  ( -1.000000000000000000, 0.000000000000000000, 0.000000000000000000 ) ) ;
#1294 = DIRECTION ( 'NONE',  ( 0.000000000000000000, -3.239995458127760343E-15, -1.000000000000000000 ) ) ;
#1295 = VECTOR ( 'NONE', #1280, 1000.000000000000000 ) ;
#1296 = CARTESIAN_POINT ( 'NONE',  ( -0.9006968588064279135, 0.4349870685485552890, 0.4462004025409174179 ) ) ;
#1297 = AXIS2_PLACEMENT_3D ( 'NONE', #708, #1938, #334 ) ;
#1298 = CARTESIAN_POINT ( 'NONE',  ( -9.064742275298830802E-17, -0.7401923788646699309, 0.3750000000000000000 ) ) ;
#1299 = CARTESIAN_POINT ( 'NONE',  ( -1.000000000000000000, 6.586779025730069757E-16, 2.875000000000000000 ) ) ;
#1300 = CARTESIAN_POINT ( 'NONE',  ( 0.9999999999999635847, 2.705156463175255980E-07, 1.125000018034368443 ) ) ;
#1301 = CARTESIAN_POINT ( 'NONE',  ( -0.9999999999999981126, -0.2679491924311229178, 1.742863279495405093 ) ) ;
#1302 = CARTESIAN_POINT ( 'NONE',  ( 0.7401922263446912842, -0.1983342143328122031, 0.05713669671146993229 ) ) ;
#1303 = EDGE_LOOP ( 'NONE', ( #201, #3748, #909, #2698 ) ) ;
#1304 = CARTESIAN_POINT ( 'NONE',  ( 0.000000000000000000, 1.000000000000000000, 1.175000000000000044 ) ) ;
#1305 = CARTESIAN_POINT ( 'NONE',  ( 0.4109658472270882879, -0.9116847091993979246, 2.601667733937061744 ) ) ;
#1306 = DIRECTION ( 'NONE',  ( -0.3826834323650799563, -0.9238795325112908463, 0.000000000000000000 ) ) ;
#1307 = CARTESIAN_POINT ( 'NONE',  ( -0.3206093334190519561, 0.6673242036912080399, 1.403278934780600951 ) ) ;
#1308 = ADVANCED_FACE ( 'NONE', ( #2995 ), #1814, .T. ) ;
#1309 = ORIENTED_EDGE ( 'NONE', *, *, #3408, .T. ) ;
#1310 =( BOUNDED_CURVE ( )  B_SPLINE_CURVE ( 2, ( #1267, #3457, #118, #101, #434, #2562, #2580, #684, #3823 ),
 .UNSPECIFIED., .F., .F. ) 
 B_SPLINE_CURVE_WITH_KNOTS ( ( 3, 2, 2, 2, 3 ),
 ( 0.5000000000000000000, 0.5833333333332750836, 0.7499999999998351319, 0.9166666666663851881, 1.000000000000000000 ),
 .UNSPECIFIED. ) 
 CURVE ( )  GEOMETRIC_REPRESENTATION_ITEM ( )  RATIONAL_B_SPLINE_CURVE ( ( 0.9330127018922194093, 0.9330127018922198534, 1.000000000000000000, 0.8660254037844389297, 1.000000000000000000, 0.8660254037844389297, 1.000000000000000000, 0.9330127018919500692, 0.9330127018922195203 ) ) 
 REPRESENTATION_ITEM ( '' )  );
#1311 = VECTOR ( 'NONE', #3617, 1000.000000000000000 ) ;
#1312 = CARTESIAN_POINT ( 'NONE',  ( -0.7401923788646699309, -4.990984619036200170E-15, 0.6750000000000000444 ) ) ;
#1313 = CARTESIAN_POINT ( 'NONE',  ( -0.4273502691896260419, 0.7401923788646698199, 0.6583333333333336590 ) ) ;
#1314 = ORIENTED_EDGE ( 'NONE', *, *, #2376, .F. ) ;
#1315 = CARTESIAN_POINT ( 'NONE',  ( -0.4270924470195662237, 0.6064875319717248914, 0.2142198219004850523 ) ) ;
#1316 = CARTESIAN_POINT ( 'NONE',  ( 1.000000000000000000, -5.499087597133518320E-16, 1.074999999999998623 ) ) ;
#1317 = EDGE_CURVE ( 'NONE', #947, #1026, #3961, .T. ) ;
#1318 = CARTESIAN_POINT ( 'NONE',  ( 0.3669424536064270215, 1.349766751978790147, 4.322150515720509567 ) ) ;
#1319 = CARTESIAN_POINT ( 'NONE',  ( -0.5773583522979830462, 1.000014000354360499, 2.858325250224968084 ) ) ;
#1320 = CARTESIAN_POINT ( 'NONE',  ( -0.6144983774860249826, 0.7996979415361169519, 2.416931993179723737 ) ) ;
#1321 = DIRECTION ( 'NONE',  ( 1.000000000000000000, 0.000000000000000000, 0.000000000000000000 ) ) ;
#1322 = ORIENTED_EDGE ( 'NONE', *, *, #2672, .T. ) ;
#1323 = CARTESIAN_POINT ( 'NONE',  ( -1.000000000000000000, 4.331638506960219548E-16, 1.324999999999999956 ) ) ;
#1324 = CARTESIAN_POINT ( 'NONE',  ( -0.8660254037844390407, -0.5000000000000000000, 0.5083333333333319715 ) ) ;
#1325 = CARTESIAN_POINT ( 'NONE',  ( -0.7401923788646727065, -0.1939805367215904630, 1.492471182020636222 ) ) ;
#1326 = FACE_OUTER_BOUND ( 'NONE', #1104, .T. ) ;
#1327 = CARTESIAN_POINT ( 'NONE',  ( -1.224646799147350002E-16, -1.000000000000003331, 2.624999999999996891 ) ) ;
#1328 = VERTEX_POINT ( 'NONE', #333 ) ;
#1329 = CARTESIAN_POINT ( 'NONE',  ( -0.7083605037384385072, -0.6229891814420869256, 0.2030816463297247798 ) ) ;
#1330 = CARTESIAN_POINT ( 'NONE',  ( -0.7401923788646699309, -2.312508131682119882E-16, 0.7249999999999999778 ) ) ;
#1331 = ORIENTED_EDGE ( 'NONE', *, *, #3225, .T. ) ;
#1332 = EDGE_LOOP ( 'NONE', ( #3231, #2366, #3939, #133 ) ) ;
#1333 = CARTESIAN_POINT ( 'NONE',  ( 0.1040560522473356342, 0.7336100375274511309, 2.966587112748159338 ) ) ;
#1334 = CARTESIAN_POINT ( 'NONE',  ( -1.000000000000000000, -0.1309183776420106970, 2.083727891842797941 ) ) ;
#1335 = CARTESIAN_POINT ( 'NONE',  ( -0.7042404428839178498, 0.7099645089269356335, 0.4253203351668387033 ) ) ;
#1336 = EDGE_CURVE ( 'NONE', #3092, #2618, #444, .T. ) ;
#1337 = CARTESIAN_POINT ( 'NONE',  ( 0.8547005383792529720, -1.570059417833509065E-16, 2.074999999999998845 ) ) ;
#1338 = CARTESIAN_POINT ( 'NONE',  ( -0.5220624220228727852, -0.5247252178823065272, 1.124566854342514022 ) ) ;
#1339 = CARTESIAN_POINT ( 'NONE',  ( 0.1607340925356726680, -0.7229428106054812675, 2.788322440347951847 ) ) ;
#1340 = CARTESIAN_POINT ( 'NONE',  ( 0.9794988408149227777, -0.2030572329911638496, 0.2614628511339214811 ) ) ;
#1341 = EDGE_CURVE ( 'NONE', #119, #1826, #1210, .T. ) ;
#1342 = CARTESIAN_POINT ( 'NONE',  ( 0.2617993877991508511, -0.9999999999999995559, 1.391666666666666829 ) ) ;
#1343 = ORIENTED_EDGE ( 'NONE', *, *, #2922, .F. ) ;
#1344 = CARTESIAN_POINT ( 'NONE',  ( -1.224646799147350002E-16, -1.000000000000000000, 1.375000000000000000 ) ) ;
#1345 = DIRECTION ( 'NONE',  ( 0.000000000000000000, 0.000000000000000000, 1.000000000000000000 ) ) ;
#1346 = DIRECTION ( 'NONE',  ( 0.000000000000000000, -3.239995458127760343E-15, -1.000000000000000000 ) ) ;
#1347 = CARTESIAN_POINT ( 'NONE',  ( -0.5219866587632828736, 0.8922269036098126049, 0.8083333333333333481 ) ) ;
#1348 = CARTESIAN_POINT ( 'NONE',  ( -0.7964845153910828923, -0.4958963589228632118, 0.1966369285420724033 ) ) ;
#1349 = CARTESIAN_POINT ( 'NONE',  ( -0.2544419625606810231, 0.8276685289097606146, 0.1226606829621588873 ) ) ;
#1350 = EDGE_LOOP ( 'NONE', ( #3760, #2616, #660, #4006 ) ) ;
#1351 = ORIENTED_EDGE ( 'NONE', *, *, #441, .T. ) ;
#1352 = CARTESIAN_POINT ( 'NONE',  ( 0.000000000000000000, 0.7401923788646699309, -0.2249999999999960087 ) ) ;
#1353 = CARTESIAN_POINT ( 'NONE',  ( 0.6232815146507949544, 0.3998477054204990777, 2.911253133641446667 ) ) ;
#1354 = CARTESIAN_POINT ( 'NONE',  ( 0.6051614792506467833, 0.5138494495192761358, 3.000000000000001332 ) ) ;
#1355 = CARTESIAN_POINT ( 'NONE',  ( -0.1483979578116676190, -0.9890331044029622154, 2.965951670990570666 ) ) ;
#1356 = CARTESIAN_POINT ( 'NONE',  ( 0.000000000000000000, 0.7401923788646699309, 2.575000000000000178 ) ) ;
#1357 = CARTESIAN_POINT ( 'NONE',  ( -0.04852243421775177812, -0.7401920755197096691, 1.171105945572147533 ) ) ;
#1358 = CIRCLE ( 'NONE', #1998, 0.7401923788646699309 ) ;
#1359 = CARTESIAN_POINT ( 'NONE',  ( -0.1573871076556977722, -0.7233635127386384145, 2.761920860919099496 ) ) ;
#1360 = CARTESIAN_POINT ( 'NONE',  ( 1.000000000000000000, -1.314567325861946720E-09, 1.875000033092045548 ) ) ;
#1361 = DIRECTION ( 'NONE',  ( 0.000000000000000000, 0.000000000000000000, 1.000000000000000000 ) ) ;
#1362 = FACE_OUTER_BOUND ( 'NONE', #1637, .T. ) ;
#1363 = CARTESIAN_POINT ( 'NONE',  ( 0.7401923788561345363, 3.554674325752656078E-06, 1.675000320157151057 ) ) ;
#1364 = CARTESIAN_POINT ( 'NONE',  ( 0.6622291248434285516, 0.4735503410741360719, 0.07226564768866471089 ) ) ;
#1365 = CARTESIAN_POINT ( 'NONE',  ( -0.8725434152202040661, -0.3189653257858405810, 0.1888182032299805246 ) ) ;
#1366 = CARTESIAN_POINT ( 'NONE',  ( -0.6065863991822609824, -0.2512563132923199549, 4.700000000000000178 ) ) ;
#1367 = ORIENTED_EDGE ( 'NONE', *, *, #3971, .T. ) ;
#1368 = ORIENTED_EDGE ( 'NONE', *, *, #833, .F. ) ;
#1369 = CIRCLE ( 'NONE', #3248, 2.747226305060000762 ) ;
#1370 = CARTESIAN_POINT ( 'NONE',  ( -0.0001127811168183440502, 0.7401923702725918819, 0.1750087965434408976 ) ) ;
#1371 = CARTESIAN_POINT ( 'NONE',  ( -1.000000000000000000, -4.883763603172890508E-15, 2.524999999999999911 ) ) ;
#1372 = CARTESIAN_POINT ( 'NONE',  ( 0.8509294235621277513, 0.1044184929703322329, 3.000000000000001332 ) ) ;
#1373 = CARTESIAN_POINT ( 'NONE',  ( -0.1636681571305983462, -0.9866528164483733265, 2.964986002474884863 ) ) ;
#1374 = EDGE_CURVE ( 'NONE', #3274, #1120, #2575, .T. ) ;
#1375 = CARTESIAN_POINT ( 'NONE',  ( 0.4273502691896260419, -0.7401923788646699309, 1.608333333333330728 ) ) ;
#1376 = CARTESIAN_POINT ( 'NONE',  ( -0.6604195542700103116, 0.3863705466856073301, 0.6416666666666670515 ) ) ;
#1377 = CARTESIAN_POINT ( 'NONE',  ( -0.6025107657372845704, -0.4301814517653210213, 2.714203362983494738 ) ) ;
#1378 = LINE ( 'NONE', #3564, #1872 ) ;
#1379 = EDGE_CURVE ( 'NONE', #2851, #825, #3772, .T. ) ;
#1380 = CARTESIAN_POINT ( 'NONE',  ( 1.154716704595970533, -2.121180174308142071E-16, 0.3249919168916420298 ) ) ;
#1381 = LINE ( 'NONE', #2302, #1634 ) ;
#1382 = CARTESIAN_POINT ( 'NONE',  ( 0.000000000000000000, 0.000000000000000000, 3.174999999999999822 ) ) ;
#1383 = CARTESIAN_POINT ( 'NONE',  ( 0.2470516893768578137, 0.6978976840221129407, 1.753811821244796398 ) ) ;
#1384 = EDGE_CURVE ( 'NONE', #505, #1576, #325, .T. ) ;
#1385 = FACE_OUTER_BOUND ( 'NONE', #2236, .T. ) ;
#1386 = DIRECTION ( 'NONE',  ( 2.262476735997910160E-29, -6.479990916255510431E-15, -1.000000000000000000 ) ) ;
#1387 = ORIENTED_EDGE ( 'NONE', *, *, #626, .T. ) ;
#1388 = ORIENTED_EDGE ( 'NONE', *, *, #1750, .F. ) ;
#1389 = VERTEX_POINT ( 'NONE', #1896 ) ;
#1390 = ADVANCED_FACE ( 'NONE', ( #2503 ), #1013, .T. ) ;
#1391 = CARTESIAN_POINT ( 'NONE',  ( 0.7664540762119438355, -0.5497282803638307014, 0.2029854012468234603 ) ) ;
#1392 = CARTESIAN_POINT ( 'NONE',  ( 0.7275354672321978633, 0.1404604304670513393, 2.887584526399231688 ) ) ;
#1393 = CARTESIAN_POINT ( 'NONE',  ( -0.8879889946283399116, -0.4598784007405741225, 2.905657220203166968 ) ) ;
#1394 = LINE ( 'NONE', #2897, #3190 ) ;
#1395 = CARTESIAN_POINT ( 'NONE',  ( -0.5815147577111563493, -0.4579881993704096321, 2.717060797684224926 ) ) ;
#1396 = CARTESIAN_POINT ( 'NONE',  ( -0.3508504134044529987, 0.6663314198215791739, 3.000000000000000000 ) ) ;
#1397 = CARTESIAN_POINT ( 'NONE',  ( -0.3669424536064170295, -1.349766751978800139, 4.322150515720509567 ) ) ;
#1398 = CARTESIAN_POINT ( 'NONE',  ( 0.7401923788646699309, 0.000000000000000000, 0.000000000000000000 ) ) ;
#1399 = CARTESIAN_POINT ( 'NONE',  ( -0.05173087977603366139, -0.7402158624109047569, 1.570779762742008367 ) ) ;
#1400 = CARTESIAN_POINT ( 'NONE',  ( 0.7401923788561345363, 3.554674325752656078E-06, 1.675000320157151057 ) ) ;
#1401 = CARTESIAN_POINT ( 'NONE',  ( -0.6410254037844400621, -0.3700961894323349655, 1.558333333333330017 ) ) ;
#1402 = AXIS2_PLACEMENT_3D ( 'NONE', #2990, #3331, #906 ) ;
#1403 = DIRECTION ( 'NONE',  ( 7.826703074362879428E-45, 1.000000000000000000, -6.200953031265144513E-15 ) ) ;
#1404 = VERTEX_POINT ( 'NONE', #994 ) ;
#1405 = ORIENTED_EDGE ( 'NONE', *, *, #2120, .F. ) ;
#1406 = CARTESIAN_POINT ( 'NONE',  ( 0.7401923788646698199, 9.477924524929385872E-15, 1.724999999999999867 ) ) ;
#1407 = CARTESIAN_POINT ( 'NONE',  ( -0.4273502691896271521, -0.7401923788646698199, 2.791666666666662522 ) ) ;
#1408 = CARTESIAN_POINT ( 'NONE',  ( 0.5874836863447105983, 0.5292624548631957859, 3.000000000000000444 ) ) ;
#1409 = CARTESIAN_POINT ( 'NONE',  ( 0.7401923788646698199, 9.477924524929385872E-15, 1.724999999999999867 ) ) ;
#1410 = CARTESIAN_POINT ( 'NONE',  ( 0.2883689663733361996, -0.6817161869793670892, 1.200126017665485101 ) ) ;
#1411 = CARTESIAN_POINT ( 'NONE',  ( -0.4173273883502272019, -0.6113499697887055939, 2.736645904340408109 ) ) ;
#1412 = CARTESIAN_POINT ( 'NONE',  ( -0.8100312130481301942, -0.4498083454937284453, 3.000000000000000000 ) ) ;
#1413 = CARTESIAN_POINT ( 'NONE',  ( -1.000000000000000000, 0.2617993877991497409, 0.8583333333333335036 ) ) ;
#1414 = VECTOR ( 'NONE', #1609, 1000.000000000000000 ) ;
#1415 = FACE_OUTER_BOUND ( 'NONE', #1350, .T. ) ;
#1416 = CARTESIAN_POINT ( 'NONE',  ( 0.8660254037844380415, -0.5000000000000000000, 3.041666666666659857 ) ) ;
#1417 = CARTESIAN_POINT ( 'NONE',  ( 0.02383508266781050530, -0.7399018853443547483, 1.576859803070842725 ) ) ;
#1418 = CARTESIAN_POINT ( 'NONE',  ( 0.5139052802416574917, 0.5327277503499100453, 1.725543016044962075 ) ) ;
#1419 = AXIS2_PLACEMENT_3D ( 'NONE', #1191, #3325, #573 ) ;
#1420 = EDGE_CURVE ( 'NONE', #2112, #420, #611, .T. ) ;
#1421 = CARTESIAN_POINT ( 'NONE',  ( 1.910391116857789977E-15, -0.2735788812050160557, 3.254999999999999893 ) ) ;
#1422 = CARTESIAN_POINT ( 'NONE',  ( 1.000000000000000000, 2.780478654528933699E-16, 0.6749999999999992673 ) ) ;
#1423 = CARTESIAN_POINT ( 'NONE',  ( 1.000000000000000888, -3.921899803419056012E-16, 0.3249999999999929057 ) ) ;
#1424 = VERTEX_POINT ( 'NONE', #1316 ) ;
#1425 = ORIENTED_EDGE ( 'NONE', *, *, #1919, .F. ) ;
#1426 = CARTESIAN_POINT ( 'NONE',  ( 0.6604195542700104227, -0.3863705466856071080, 0.4416666666666690388 ) ) ;
#1427 = PRODUCT_CONTEXT ( 'NONE', #3586, 'mechanical' ) ;
#1428 = CARTESIAN_POINT ( 'NONE',  ( 0.9207821955033173023, -0.3900973040273746362, 2.249136479001816014 ) ) ;
#1429 = CARTESIAN_POINT ( 'NONE',  ( -0.8847021022134164969, -0.4661703426730617328, 2.906077732429609206 ) ) ;
#1430 =( BOUNDED_CURVE ( )  B_SPLINE_CURVE ( 2, ( #1189, #1778, #298, #3323, #570, #918, #1798, #831, #1168 ),
 .UNSPECIFIED., .F., .T. ) 
 B_SPLINE_CURVE_WITH_KNOTS ( ( 3, 2, 2, 2, 3 ),
 ( 0.000000000000000000, 0.08333333333333124704, 0.2500000000000022760, 0.4166666666666642427, 0.5000000000000000000 ),
 .UNSPECIFIED. ) 
 CURVE ( )  GEOMETRIC_REPRESENTATION_ITEM ( )  RATIONAL_B_SPLINE_CURVE ( ( 0.9330127018922194093, 0.9330127018922194093, 1.000000000000000000, 0.8660254037844389297, 1.000000000000000000, 0.8660254037844389297, 1.000000000000000000, 0.9330127018922192983, 0.9330127018922194093 ) ) 
 REPRESENTATION_ITEM ( '' )  );
#1431 = VECTOR ( 'NONE', #671, 1000.000000000000227 ) ;
#1432 = CARTESIAN_POINT ( 'NONE',  ( 0.3631682987507547367, -0.6453232824596839556, 1.207557068135376444 ) ) ;
#1433 = LINE ( 'NONE', #272, #2087 ) ;
#1434 = CARTESIAN_POINT ( 'NONE',  ( -0.7947166528264141272, -0.4835656281129554479, 3.000000000000000888 ) ) ;
#1435 = CARTESIAN_POINT ( 'NONE',  ( -0.7401923788646693758, 0.06296710416476508643, 1.469328762272918532 ) ) ;
#1436 = B_SPLINE_CURVE_WITH_KNOTS ( 'NONE', 3,
 ( #881, #2761, #2109, #3351, #581, #2741, #3985, #2431, #2454, #2234, #56, #2543, #1349, #742, #371, #1669 ),
 .UNSPECIFIED., .F., .F.,
 ( 4, 2, 2, 2, 2, 2, 2, 4 ),
 ( 0.000000000000000000, 0.2499999999999997224, 0.4999999999999994449, 0.6249999999999995559, 0.6874999999999995559, 0.7499999999999995559, 0.8749999999999997780, 1.000000000000000000 ),
 .UNSPECIFIED. ) ;
#1437 = ADVANCED_FACE ( 'NONE', ( #3480, #3440 ), #1876, .T. ) ;
#1438 = CARTESIAN_POINT ( 'NONE',  ( 0.8660254037844380415, -0.5000000000000000000, 2.641666666666659946 ) ) ;
#1439 = CARTESIAN_POINT ( 'NONE',  ( -0.1730400952073952170, -0.7200886035668897511, 1.560505426133213414 ) ) ;
#1440 = CARTESIAN_POINT ( 'NONE',  ( -0.7230693229969060720, -0.1649072482867984524, 0.6897249023953478941 ) ) ;
#1441 = TOROIDAL_SURFACE ( 'NONE', #3901, 1.693999999999999950, 0.3059999999999999942 ) ;
#1442 = CARTESIAN_POINT ( 'NONE',  ( -9.064742275298830802E-17, -0.7401923788646699309, 0.4249999999999999889 ) ) ;
#1443 = CARTESIAN_POINT ( 'NONE',  ( 1.000000000000001332, -0.2679491924311229734, 0.3071367205045913429 ) ) ;
#1444 = VERTEX_POINT ( 'NONE', #688 ) ;
#1445 = VERTEX_POINT ( 'NONE', #1917 ) ;
#1446 = CARTESIAN_POINT ( 'NONE',  ( 0.9390872794206938101, -0.3139393961343812101, 0.2457278304932499768 ) ) ;
#1447 = CARTESIAN_POINT ( 'NONE',  ( 0.7401923788646700419, -6.391244124090313355E-16, 0.9250000000000001554 ) ) ;
#1448 = CARTESIAN_POINT ( 'NONE',  ( 0.9994617928809881313, -0.03538190469483185746, 2.272644529066114583 ) ) ;
#1449 = DIRECTION ( 'NONE',  ( -6.956390396483599805E-15, 0.9961946980917461003, 0.08715574274765189311 ) ) ;
#1450 = CARTESIAN_POINT ( 'NONE',  ( 1.078660417681890138, -0.2735788812050169994, 3.254999999999999893 ) ) ;
#1451 = ORIENTED_EDGE ( 'NONE', *, *, #470, .F. ) ;
#1452 = CARTESIAN_POINT ( 'NONE',  ( 0.000000000000000000, 0.000000000000000000, 0.000000000000000000 ) ) ;
#1453 = EDGE_CURVE ( 'NONE', #1424, #3392, #102, .T. ) ;
#1454 = EDGE_CURVE ( 'NONE', #54, #2216, #2245, .T. ) ;
#1455 = B_SPLINE_CURVE_WITH_KNOTS ( 'NONE', 3,
 ( #458, #2300, #2938, #3581 ),
 .UNSPECIFIED., .F., .F.,
 ( 4, 4 ),
 ( 0.000000000000000000, 0.001105000282511270100 ),
 .UNSPECIFIED. ) ;
#1456 = CARTESIAN_POINT ( 'NONE',  ( 0.8660375284469739032, 0.5000070001771780293, 2.358325250224970304 ) ) ;
#1457 = CARTESIAN_POINT ( 'NONE',  ( 0.7993736478989325045, 0.6149478012399774984, 2.716707667949988192 ) ) ;
#1458 = EDGE_CURVE ( 'NONE', #58, #119, #2450, .T. ) ;
#1459 = CARTESIAN_POINT ( 'NONE',  ( 0.7401923788646698199, 1.154781608784499755E-15, 2.124999999999999112 ) ) ;
#1460 = CARTESIAN_POINT ( 'NONE',  ( 0.8547005383792529720, -1.570059417833509065E-16, 0.1250000000000019984 ) ) ;
#1461 = CARTESIAN_POINT ( 'NONE',  ( 0.7385856363169863714, -0.2357747923335305196, 0.03468948794365440264 ) ) ;
#1462 = STYLED_ITEM ( 'NONE', ( #393 ), #2617 ) ;
#1463 = ORIENTED_EDGE ( 'NONE', *, *, #2200, .T. ) ;
#1464 = ORIENTED_EDGE ( 'NONE', *, *, #972, .F. ) ;
#1465 = CARTESIAN_POINT ( 'NONE',  ( 0.5165434637530575968, 0.5857052341914317228, 2.977752523165193566 ) ) ;
#1466 = CARTESIAN_POINT ( 'NONE',  ( 0.000000000000000000, 0.000000000000000000, 3.254999999999999893 ) ) ;
#1467 = DIRECTION ( 'NONE',  ( 1.000000000000000000, 0.000000000000000000, 0.000000000000000000 ) ) ;
#1468 = ORIENTED_EDGE ( 'NONE', *, *, #2317, .F. ) ;
#1469 = DIRECTION ( 'NONE',  ( 0.000000000000000000, 0.000000000000000000, -1.000000000000000000 ) ) ;
#1470 = DIRECTION ( 'NONE',  ( -1.019098114406770010E-14, 1.000000000000000000, 0.000000000000000000 ) ) ;
#1471 = CARTESIAN_POINT ( 'NONE',  ( 0.7128661230026495099, 0.7013031256007931091, 0.3239552265902660433 ) ) ;
#1472 = CARTESIAN_POINT ( 'NONE',  ( 0.5773583522979830462, 1.000014000354360499, 1.191658583558309781 ) ) ;
#1473 = CARTESIAN_POINT ( 'NONE',  ( -0.4328138039225504219, 0.9017117019015740143, 2.803255140533682077 ) ) ;
#1474 = AXIS2_PLACEMENT_3D ( 'NONE', #3590, #2945, #2063 ) ;
#1475 = CARTESIAN_POINT ( 'NONE',  ( 0.9994977904422257531, 0.03272834655690583239, 2.277177419656961632 ) ) ;
#1476 = DIRECTION ( 'NONE',  ( 0.000000000000000000, 0.000000000000000000, 1.000000000000000000 ) ) ;
#1477 = UNCERTAINTY_MEASURE_WITH_UNIT (LENGTH_MEASURE( 1.000000000000000082E-05 ), #1548, 'distance_accuracy_value', 'NONE');
#1478 = EDGE_CURVE ( 'NONE', #2544, #2291, #485, .T. ) ;
#1479 = CARTESIAN_POINT ( 'NONE',  ( -0.7497746558203480793, 0.3988671183063999814, 4.687051102989169493 ) ) ;
#1480 = CARTESIAN_POINT ( 'NONE',  ( -0.6410254037844400621, -0.3700961894323349655, 3.158333333333330106 ) ) ;
#1481 = CARTESIAN_POINT ( 'NONE',  ( -0.3828787169790018319, -0.9237994830953182301, 2.550354355800798611 ) ) ;
#1482 = AXIS2_PLACEMENT_3D ( 'NONE', #3964, #3658, #1546 ) ;
#1483 = ORIENTED_EDGE ( 'NONE', *, *, #1374, .T. ) ;
#1484 = VERTEX_POINT ( 'NONE', #730 ) ;
#1485 = DIRECTION ( 'NONE',  ( 1.000000000000000000, 0.000000000000000000, 0.000000000000000000 ) ) ;
#1486 = B_SPLINE_CURVE_WITH_KNOTS ( 'NONE', 3,
 ( #2964, #1784, #262, #3273, #3291, #3347, #3630, #1173, #1119, #3654, #577, #503, #3045, #284, #1504, #523, #222, #2675, #621, #3108, #76, #366, #987, #1285, #2518, #343, #2210, #3764, #3391, #1846, #1239, #1825, #3086, #3410, #3154, #1909, #2757, #3065, #1217, #1564, #2778, #599, #680, #2845, #1610, #3694, #2471, #2449, #303, #3999, #2186, #2823, #2800, #3454, #389, #926, #1307, #1889, #1523, #2147, #2540, #323, #3433, #52, #2491, #1543, #2166, #3783, #2125, #3369, #659, #14, #3716, #35, #946, #3737, #640, #1868, #1263, #966, #3130, #1588, #1653, #1435, #2667 ),
 .UNSPECIFIED., .F., .F.,
 ( 4, 2, 1, 1, 2, 2, 2, 2, 1, 1, 1, 2, 2, 2, 1, 2, 2, 2, 2, 2, 2, 2, 2, 1, 1, 1, 2, 2, 2, 2, 2, 2, 1, 1, 2, 2, 2, 2, 2, 1, 2, 2, 2, 2, 1, 1, 1, 2, 2, 4 ),
 ( 0.4998615698661035278, 0.5018152356088148025, 0.5037689013515261882, 0.5076762328369487376, 0.5154908958077939474, 0.5311202217494843669, 0.5623788736328653171, 0.5643325393755767028, 0.5662862051182880885, 0.5701935366037107489, 0.5780081995745561807, 0.5936375255162469333, 0.6248961773996284386, 0.6268498431423397133, 0.6288035088850510990, 0.6327108403704738704, 0.6405255033413194132, 0.6561548292830106099, 0.6600621607684333814, 0.6639694922538561528, 0.6717841552247016956, 0.6874134811663930034, 0.6893671469091031678, 0.6913208126518133323, 0.6952281441372337722, 0.7030428071080745411, 0.7186721330497561899, 0.7499307849331193765, 0.7655601108748009143, 0.7811894368164826741, 0.8124480886998458606, 0.8134249215712009429, 0.8144017544425560251, 0.8163554201852663006, 0.8202627516706866295, 0.8280774146415273984, 0.8437067405832089362, 0.8749653924665721227, 0.8788727239519917855, 0.8827800554374113373, 0.8905947184082504409, 0.9062240443499285369, 0.9374826962332846181, 0.9384595291046394783, 0.9394363619759943385, 0.9413900277187041699, 0.9452973592041239437, 0.9531120221749633803, 0.9687413481166422535, 1.000000000000000000 ),
 .UNSPECIFIED. ) ;
#1487 = ADVANCED_FACE ( 'NONE', ( #2294 ), #1084, .T. ) ;
#1488 = DIRECTION ( 'NONE',  ( 0.000000000000000000, 0.000000000000000000, -1.000000000000000000 ) ) ;
#1489 = CARTESIAN_POINT ( 'NONE',  ( -1.000000000000007550, 0.2679491924311072082, 2.107136720504592553 ) ) ;
#1490 = ORIENTED_EDGE ( 'NONE', *, *, #32, .T. ) ;
#1491 = VERTEX_POINT ( 'NONE', #1994 ) ;
#1492 = CYLINDRICAL_SURFACE ( 'NONE', #217, 1.000000000000000000 ) ;
#1493 = FACE_OUTER_BOUND ( 'NONE', #1936, .T. ) ;
#1494 = CARTESIAN_POINT ( 'NONE',  ( 0.9999999999999640288, -2.692229938332743024E-07, 0.7249999820518004956 ) ) ;
#1495 = AXIS2_PLACEMENT_3D ( 'NONE', #3115, #3139, #2237 ) ;
#1496 = CARTESIAN_POINT ( 'NONE',  ( 0.8660375284469739032, -0.5000070001771790285, 0.6916585835583080044 ) ) ;
#1497 = CARTESIAN_POINT ( 'NONE',  ( 0.3753269876055659315, 0.9268997240027022633, 2.750893632632172903 ) ) ;
#1498 = CARTESIAN_POINT ( 'NONE',  ( -1.000000000000000000, -4.883763603172890508E-15, 2.524999999999999911 ) ) ;
#1499 = CARTESIAN_POINT ( 'NONE',  ( -0.4252482012874225226, 0.6069232717662823573, 1.814077239267912978 ) ) ;
#1500 = EDGE_CURVE ( 'NONE', #2406, #525, #3517, .T. ) ;
#1501 = CARTESIAN_POINT ( 'NONE',  ( -0.7394531054755362209, 0.02524744359085217757, 2.272730831892720182 ) ) ;
#1502 = CARTESIAN_POINT ( 'NONE',  ( 0.000000000000000000, 1.000000000000000000, -0.02500000000000000139 ) ) ;
#1503 = DIRECTION ( 'NONE',  ( 0.000000000000000000, 0.000000000000000000, 1.000000000000000000 ) ) ;
#1504 = CARTESIAN_POINT ( 'NONE',  ( 0.6753705919358555798, 0.3030239603420146755, 1.302158363550087072 ) ) ;
#1505 = ORIENTED_EDGE ( 'NONE', *, *, #1135, .T. ) ;
#1506 = VERTEX_POINT ( 'NONE', #3184 ) ;
#1507 = CARTESIAN_POINT ( 'NONE',  ( -0.7401923788646690427, 5.969418031585589354E-15, 2.274999999999999911 ) ) ;
#1508 = DIRECTION ( 'NONE',  ( 0.000000000000000000, 0.000000000000000000, 1.000000000000000000 ) ) ;
#1509 = DIRECTION ( 'NONE',  ( 0.01733375049385750197, -0.08714264840443629312, 0.9960450290638859228 ) ) ;
#1510 = CARTESIAN_POINT ( 'NONE',  ( -9.064742275298830802E-17, -0.7401923788646699309, 0.8249999999999999556 ) ) ;
#1511 = ORIENTED_EDGE ( 'NONE', *, *, #3591, .F. ) ;
#1512 = EDGE_CURVE ( 'NONE', #1923, #792, #3040, .T. ) ;
#1513 = CARTESIAN_POINT ( 'NONE',  ( 0.000000000000000000, -8.239936510889830543E-15, 1.922058823529410265 ) ) ;
#1514 = CARTESIAN_POINT ( 'NONE',  ( 0.6686688520884013220, 0.3270363460635780095, 0.9042279291277990350 ) ) ;
#1515 = CARTESIAN_POINT ( 'NONE',  ( 0.4328166281725374098, 0.9017082337654344082, 0.3467452296255142952 ) ) ;
#1516 = CARTESIAN_POINT ( 'NONE',  ( 1.154716704595970533, -2.121180174308142071E-16, 1.524991916891642374 ) ) ;
#1517 = CARTESIAN_POINT ( 'NONE',  ( 0.6995034795755959989, 0.7146414351631444895, 2.725076885118407954 ) ) ;
#1518 = DIRECTION ( 'NONE',  ( 0.000000000000000000, 0.000000000000000000, -1.000000000000000000 ) ) ;
#1519 = CARTESIAN_POINT ( 'NONE',  ( -0.6865547148339256056, 0.2766484998444371790, 1.850169398986996283 ) ) ;
#1520 = CARTESIAN_POINT ( 'NONE',  ( 1.000000000000000000, 1.120530045446616637E-15, 1.474999999999998979 ) ) ;
#1521 = CARTESIAN_POINT ( 'NONE',  ( -0.6410254037844400621, -0.3700961894323349655, 1.958333333333330151 ) ) ;
#1522 = CARTESIAN_POINT ( 'NONE',  ( 0.7308322096362548370, -0.2547457848820479653, 0.03364946712481558383 ) ) ;
#1523 = CARTESIAN_POINT ( 'NONE',  ( -0.3634362847843215505, 0.6451723059737859423, 1.407584518670446538 ) ) ;
#1524 = VERTEX_POINT ( 'NONE', #2370 ) ;
#1525 = ORIENTED_EDGE ( 'NONE', *, *, #2900, .F. ) ;
#1526 = CARTESIAN_POINT ( 'NONE',  ( -0.1723932174765747116, -0.9556052648419108841, 0.2307005718532257332 ) ) ;
#1527 = CARTESIAN_POINT ( 'NONE',  ( -1.000000000000000000, -1.180128981962409925E-15, 2.075000000000000178 ) ) ;
#1528 = DIRECTION ( 'NONE',  ( 0.000000000000000000, 0.000000000000000000, -1.000000000000000000 ) ) ;
#1529 = ORIENTED_EDGE ( 'NONE', *, *, #700, .F. ) ;
#1530 = DIRECTION ( 'NONE',  ( 0.000000000000000000, -0.09427528220698358496, -0.9955461672694007058 ) ) ;
#1531 = CARTESIAN_POINT ( 'NONE',  ( -0.7401923788646734836, -0.1937819116403536324, 2.291666666666666963 ) ) ;
#1532 = CARTESIAN_POINT ( 'NONE',  ( 0.3899916051929931959, 0.9208206053783395406, 0.3498447695554425807 ) ) ;
#1533 = CARTESIAN_POINT ( 'NONE',  ( 0.5773583522979818250, -1.000014000354360499, 1.458325250224969505 ) ) ;
#1534 = CARTESIAN_POINT ( 'NONE',  ( -0.7106132604893875548, 0.7035883270387082167, 2.825906208574100464 ) ) ;
#1535 = CARTESIAN_POINT ( 'NONE',  ( -0.8547005383792529720, -1.570059417833509065E-16, -0.1249999999999959893 ) ) ;
#1536 = CARTESIAN_POINT ( 'NONE',  ( 0.9998995724925187067, 0.01636528938085253862, 2.276090059472211991 ) ) ;
#1537 = CARTESIAN_POINT ( 'NONE',  ( -0.6892064293979107692, 0.2700168113503084721, 1.850759809943642864 ) ) ;
#1538 = AXIS2_PLACEMENT_3D ( 'NONE', #1706, #3879, #1102 ) ;
#1539 = FACE_OUTER_BOUND ( 'NONE', #1928, .T. ) ;
#1540 = CARTESIAN_POINT ( 'NONE',  ( -0.4273502691896271521, -0.7401923788646699309, 2.391666666666663055 ) ) ;
#1541 = DIRECTION ( 'NONE',  ( 0.000000000000000000, -3.239995458127760343E-15, -1.000000000000000000 ) ) ;
#1542 = CARTESIAN_POINT ( 'NONE',  ( 0.1331737101119044031, -0.9932506968660459457, 2.183043209610607605 ) ) ;
#1543 = CARTESIAN_POINT ( 'NONE',  ( -0.5257316914519923889, 0.5210520207993007968, 1.425874241141127596 ) ) ;
#1544 = ORIENTED_EDGE ( 'NONE', *, *, #3751, .T. ) ;
#1545 = ORIENTED_EDGE ( 'NONE', *, *, #661, .F. ) ;
#1546 = DIRECTION ( 'NONE',  ( 0.2228687765782254304, 0.000000000000000000, 0.9748484540822357491 ) ) ;
#1547 = CARTESIAN_POINT ( 'NONE',  ( 0.9990719037642147304, 0.03272394311665506594, 1.877174559839921875 ) ) ;
#1548 =( LENGTH_UNIT ( ) NAMED_UNIT ( * ) SI_UNIT ( .MILLI., .METRE. ) );
#1549 = ORIENTED_EDGE ( 'NONE', *, *, #63, .T. ) ;
#1550 = CARTESIAN_POINT ( 'NONE',  ( -0.3690874600610708489, 0.6482359796892689374, 0.2079298656178969473 ) ) ;
#1551 = CARTESIAN_POINT ( 'NONE',  ( 0.7401923788646698199, -1.338077595597230934E-14, 2.474999999999996980 ) ) ;
#1552 = CARTESIAN_POINT ( 'NONE',  ( 0.3046986221720310306, 1.169094900404459958, 3.610700266901099909 ) ) ;
#1553 = CARTESIAN_POINT ( 'NONE',  ( -0.5773583522979830462, -1.000014000354360499, 3.391658583558300855 ) ) ;
#1554 = DIRECTION ( 'NONE',  ( -0.06666269134683221187, -0.06666269134682650810, 0.9955461672694012609 ) ) ;
#1555 = ADVANCED_FACE ( 'NONE', ( #3693 ), #3614, .T. ) ;
#1556 = CARTESIAN_POINT ( 'NONE',  ( 0.6017397416832709345, -0.6821020434062657900, 0.1692046413216633238 ) ) ;
#1557 = CARTESIAN_POINT ( 'NONE',  ( 0.3561497555837984108, 0.9344906925623812644, 2.352251124908670388 ) ) ;
#1558 = CARTESIAN_POINT ( 'NONE',  ( 1.000000000000005995, -0.2679491924311102613, 1.907136720504593708 ) ) ;
#1559 = CARTESIAN_POINT ( 'NONE',  ( 0.8660254037844360431, -0.4999999999999990563, 1.491666666666668473 ) ) ;
#1560 = CIRCLE ( 'NONE', #1816, 2.773536978145060949 ) ;
#1561 = CARTESIAN_POINT ( 'NONE',  ( 0.6410254037844400621, 0.3700961894323349655, 3.358333333333329840 ) ) ;
#1562 = CARTESIAN_POINT ( 'NONE',  ( 0.1117511771145065363, -0.9946448927899277370, 2.581693520828623356 ) ) ;
#1563 = CARTESIAN_POINT ( 'NONE',  ( -0.6092642469447664411, -0.7930480184917918507, 2.132920611154524249 ) ) ;
#1564 = CARTESIAN_POINT ( 'NONE',  ( 0.2721040983274931602, 0.6883696740919372781, 1.351441073790145442 ) ) ;
#1565 = VERTEX_POINT ( 'NONE', #1845 ) ;
#1566 = ORIENTED_EDGE ( 'NONE', *, *, #2683, .F. ) ;
#1567 = FACE_OUTER_BOUND ( 'NONE', #3639, .T. ) ;
#1568 = B_SPLINE_CURVE_WITH_KNOTS ( 'NONE', 3,
 ( #2292, #2179, #120, #746, #1973, #451, #2507, #1673, #2912, #1860, #3098, #653, #2772, #336, #1880, #614, #1839, #2462, #6, #939, #3754, #3121, #633, #1556, #26, #1253, #979, #2199, #2583, #471, #160, #3595, #226, #2968, #3921, #2679, #1391, #3612, #3294, #2929, #2620, #2989, #2949, #1446, #2661 ),
 .UNSPECIFIED., .F., .F.,
 ( 4, 2, 2, 2, 1, 1, 1, 2, 2, 2, 2, 2, 2, 2, 2, 1, 1, 2, 2, 2, 1, 1, 1, 1, 2, 2, 4 ),
 ( 0.000000000000000000, 0.06250000000000123512, 0.1250000000000024702, 0.1875000000000037192, 0.2187500000000043576, 0.2343750000000046629, 0.2421875000000047740, 0.2460937500000048572, 0.2500000000000049405, 0.3750000000000068834, 0.4375000000000078826, 0.5000000000000087708, 0.6250000000000106581, 0.6875000000000115463, 0.7187500000000121014, 0.7343750000000121014, 0.7421875000000116573, 0.7460937500000117684, 0.7500000000000117684, 0.8125000000000121014, 0.8437500000000121014, 0.8593750000000122125, 0.8671875000000123235, 0.8710937500000124345, 0.8730468750000122125, 0.8750000000000121014, 1.000000000000000000 ),
 .UNSPECIFIED. ) ;
#1569 = DIRECTION ( 'NONE',  ( 0.000000000000000000, 1.000000000000000000, -3.328129455091277128E-15 ) ) ;
#1570 = FILL_AREA_STYLE_COLOUR ( '', #3214 ) ;
#1571 = AXIS2_PLACEMENT_3D ( 'NONE', #212, #1948, #2231 ) ;
#1572 = ORIENTED_EDGE ( 'NONE', *, *, #3168, .T. ) ;
#1573 = PLANE ( 'NONE',  #1109 ) ;
#1574 = DIRECTION ( 'NONE',  ( 0.9961946980917456562, 1.552540596237719133E-16, -0.08715574274765836016 ) ) ;
#1575 = DIRECTION ( 'NONE',  ( 0.000000000000000000, 0.000000000000000000, -1.000000000000000000 ) ) ;
#1576 = VERTEX_POINT ( 'NONE', #3085 ) ;
#1577 = CARTESIAN_POINT ( 'NONE',  ( -9.064742275298830802E-17, -0.7401923788646699309, 1.175000000000000044 ) ) ;
#1578 = CARTESIAN_POINT ( 'NONE',  ( -0.5210923537574232434, -0.5256963872428499496, 1.124675028677146749 ) ) ;
#1579 = CARTESIAN_POINT ( 'NONE',  ( -0.6065863991822469936, 0.2512563132923610332, 4.700000000000000178 ) ) ;
#1580 = CARTESIAN_POINT ( 'NONE',  ( 0.6957065569616093237, 0.7183437447272562615, 2.325413722582044151 ) ) ;
#1581 = CARTESIAN_POINT ( 'NONE',  ( -1.000000000000000000, -4.341978872923810008E-16, 1.724999999999999867 ) ) ;
#1582 = EDGE_CURVE ( 'NONE', #2375, #1956, #3520, .T. ) ;
#1583 = CARTESIAN_POINT ( 'NONE',  ( -0.001049861801202034211, -0.7594902807088061980, 1.974825208024777012 ) ) ;
#1584 = CARTESIAN_POINT ( 'NONE',  ( -0.5773502691896256200, 1.000000000000000222, 1.608333333333330728 ) ) ;
#1585 = EDGE_CURVE ( 'NONE', #3862, #2867, #720, .T. ) ;
#1586 = CARTESIAN_POINT ( 'NONE',  ( 0.5747211289662652600, -0.8198120477153139074, 2.614092961637777268 ) ) ;
#1587 = FACE_OUTER_BOUND ( 'NONE', #1932, .T. ) ;
#1588 = CARTESIAN_POINT ( 'NONE',  ( -0.7159776479023391982, 0.1893351880582661018, 1.458034578895869737 ) ) ;
#1589 = ORIENTED_EDGE ( 'NONE', *, *, #1478, .F. ) ;
#1590 = CARTESIAN_POINT ( 'NONE',  ( 0.4273502691896264305, 0.7401923788646699309, 0.1416666666666701602 ) ) ;
#1591 = CARTESIAN_POINT ( 'NONE',  ( 0.7401926941671566063, 0.1983334040405330956, 0.5428632303082027155 ) ) ;
#1592 = EDGE_CURVE ( 'NONE', #825, #1445, #3472, .T. ) ;
#1593 = B_SPLINE_CURVE_WITH_KNOTS ( 'NONE', 3,
 ( #3287, #2304, #2326, #1440, #3570, #3249, #2671, #1098, #520, #3305, #3228, #1741, #2980, #798, #3915, #218, #3858, #1076 ),
 .UNSPECIFIED., .F., .F.,
 ( 4, 1, 1, 1, 1, 1, 1, 1, 1, 1, 1, 1, 1, 1, 1, 4 ),
 ( 0.000000000000000000, 0.01793024211098564330, 0.03585819716503197557, 0.05378390228024527292, 0.07170739458871011607, 0.08962871123626545145, 0.1075478893822803261, 0.1254649661994294285, 0.1412071924374403986, 0.1880480731175031561, 0.2503919308283483192, 0.3127491822771780172, 0.3751267772182132476, 0.4375092479555343639, 0.4999991597770330198, 0.5003659623586356187 ),
 .UNSPECIFIED. ) ;
#1594 = ORIENTED_EDGE ( 'NONE', *, *, #3775, .T. ) ;
#1595 = CARTESIAN_POINT ( 'NONE',  ( 0.4273502691896271521, 0.7401923788646698199, 2.591666666666660124 ) ) ;
#1597 = EDGE_CURVE ( 'NONE', #2203, #1791, #399, .T. ) ;
#1596 = B_SPLINE_CURVE_WITH_KNOTS ( 'NONE', 3,
 ( #2111, #290, #3353, #582 ),
 .UNSPECIFIED., .F., .F.,
 ( 4, 4 ),
 ( 0.000000000000000000, 0.001105000282511280074 ),
 .UNSPECIFIED. ) ;
#1598 = CARTESIAN_POINT ( 'NONE',  ( 0.1937819116403548814, -0.7401923788646729285, 2.391666666666666163 ) ) ;
#1599 = CIRCLE ( 'NONE', #3337, 1.000000000000000000 ) ;
#1600 = CARTESIAN_POINT ( 'NONE',  ( 0.07399411238881740960, 0.9974269546386368424, 0.3704563469455244840 ) ) ;
#1601 = CARTESIAN_POINT ( 'NONE',  ( -1.224663944636500236E-16, -1.000014000354360055, 3.024991916891640376 ) ) ;
#1602 = FACE_OUTER_BOUND ( 'NONE', #2909, .T. ) ;
#1603 = CARTESIAN_POINT ( 'NONE',  ( -0.7110235680914276379, 0.7031729193644696840, 2.425946317812831321 ) ) ;
#1604 = DIRECTION ( 'NONE',  ( 0.000000000000000000, -3.239995458127760343E-15, -1.000000000000000000 ) ) ;
#1605 = CARTESIAN_POINT ( 'NONE',  ( 0.4008154275134889755, -0.7501621986171170819, 4.709320379128409506 ) ) ;
#1606 = VERTEX_POINT ( 'NONE', #3736 ) ;
#1607 = CARTESIAN_POINT ( 'NONE',  ( 0.5773502691896256200, -1.000000000000000222, 2.208333333333332593 ) ) ;
#1608 = CARTESIAN_POINT ( 'NONE',  ( 0.6074405130201774305, -0.7950478488146845990, 2.616799361821687597 ) ) ;
#1609 = DIRECTION ( 'NONE',  ( 0.000000000000000000, 0.000000000000000000, 1.000000000000000000 ) ) ;
#1610 = CARTESIAN_POINT ( 'NONE',  ( 0.09870392066184439928, 0.7351787725599151502, 1.366944110762222886 ) ) ;
#1611 = ORIENTED_EDGE ( 'NONE', *, *, #601, .F. ) ;
#1612 = CARTESIAN_POINT ( 'NONE',  ( -0.8466274227023508070, -0.3914010257549160321, 0.1919128538538488471 ) ) ;
#1613 = FACE_OUTER_BOUND ( 'NONE', #3633, .T. ) ;
#1614 = CIRCLE ( 'NONE', #2702, 1.112813416937029842 ) ;
#1615 = CARTESIAN_POINT ( 'NONE',  ( 0.000000000000000000, -1.125042243461499945E-14, 3.722296913319440570 ) ) ;
#1616 = EDGE_LOOP ( 'NONE', ( #2193, #1195, #884, #2967, #722 ) ) ;
#1617 = TOROIDAL_SURFACE ( 'NONE', #1093, 1.693999999999999950, 0.3059999999999999942 ) ;
#1618 = CARTESIAN_POINT ( 'NONE',  ( -0.4975494601681819118, 0.5481830536817746680, 0.2223720905617301569 ) ) ;
#1619 = CARTESIAN_POINT ( 'NONE',  ( 0.000000000000000000, -1.259922254300260102E-14, 3.306000000000000050 ) ) ;
#1620 = VECTOR ( 'NONE', #3125, 1000.000000000000114 ) ;
#1621 = CARTESIAN_POINT ( 'NONE',  ( -1.000000000000000000, -2.653787043783149998E-17, 0.4749999999999999778 ) ) ;
#1622 = CARTESIAN_POINT ( 'NONE',  ( 0.4273502691896271521, 0.7401923788646699309, 0.5416666666666689611 ) ) ;
#1623 = CARTESIAN_POINT ( 'NONE',  ( -1.000000000000000000, 6.586779025730069757E-16, 2.875000000000000000 ) ) ;
#1624 = CARTESIAN_POINT ( 'NONE',  ( -0.1296485692062494810, 0.9937167835118927428, 2.382790405773009379 ) ) ;
#1625 = DIRECTION ( 'NONE',  ( 0.000000000000000000, 0.000000000000000000, 1.000000000000000000 ) ) ;
#1626 = CARTESIAN_POINT ( 'NONE',  ( 1.000000000000000222, -0.2617993877991486307, 1.458333333333333925 ) ) ;
#1627 = EDGE_LOOP ( 'NONE', ( #3824, #3292, #1286, #1137, #686, #745 ) ) ;
#1628 = CARTESIAN_POINT ( 'NONE',  ( 0.8660254037844390407, 0.5000000000000000000, 1.908333333333330106 ) ) ;
#1629 = CARTESIAN_POINT ( 'NONE',  ( 0.9993978547763182618, -0.03739554781979091691, 2.672510211646576206 ) ) ;
#1630 = EDGE_CURVE ( 'NONE', #2498, #2737, #1292, .T. ) ;
#1631 = CARTESIAN_POINT ( 'NONE',  ( -1.000000000000000888, 0.2679491924311225848, 1.307136720504591620 ) ) ;
#1632 = DIRECTION ( 'NONE',  ( 0.000000000000000000, 0.000000000000000000, 1.000000000000000000 ) ) ;
#1633 = ORIENTED_EDGE ( 'NONE', *, *, #1212, .F. ) ;
#1634 = VECTOR ( 'NONE', #3547, 1000.000000000000000 ) ;
#1635 = PLANE ( 'NONE',  #3362 ) ;
#1636 = CARTESIAN_POINT ( 'NONE',  ( -0.7401923788646695979, 0.1983339501604602373, 0.7071367205045924198 ) ) ;
#1637 = EDGE_LOOP ( 'NONE', ( #3255, #2253, #263, #3900 ) ) ;
#1638 = ADVANCED_FACE ( 'NONE', ( #1005 ), #1617, .T. ) ;
#1639 = B_SPLINE_CURVE_WITH_KNOTS ( 'NONE', 3,
 ( #3885, #804, #2031, #1657, #2311, #161, #1392, #452, #2621, #786, #3538, #489, #1954, #1674, #1353, #3864, #3277, #2013, #508, #3257, #436, #3236, #1710, #2950, #765, #2584, #1730, #105, #2891, #1333, #472, #3809, #2255, #1993, #3826, #729, #121, #1048, #2275, #1974, #3216, #2913 ),
 .UNSPECIFIED., .F., .F.,
 ( 4, 2, 1, 2, 2, 2, 2, 1, 1, 2, 2, 2, 2, 1, 1, 2, 2, 2, 2, 1, 1, 1, 2, 2, 4 ),
 ( 0.6147307667553125743, 0.6207505985247607772, 0.6267704302942090910, 0.6388100938331054968, 0.6628894209108985303, 0.7110480750664844862, 0.7140579909512085877, 0.7170679068359325781, 0.7230877386053807809, 0.7351274021442771867, 0.7592067292220698871, 0.8073653833776553990, 0.8103752992623795004, 0.8133852151471037129, 0.8194050469165519157, 0.8314447104554485435, 0.8555240375332416880, 0.9036826916888280881, 0.9051876496311901388, 0.9066926075735521895, 0.9097025234582762909, 0.9157223552277244938, 0.9277620187666210105, 0.9518413458444140440, 1.000000000000000000 ),
 .UNSPECIFIED. ) ;
#1640 = PLANE ( 'NONE',  #1495 ) ;
#1641 = EDGE_CURVE ( 'NONE', #2658, #1328, #2443, .T. ) ;
#1642 = CARTESIAN_POINT ( 'NONE',  ( 0.7687576498792995094, 0.3063506788051302276, 2.999999999999999556 ) ) ;
#1643 = CIRCLE ( 'NONE', #3970, 2.773536978145059617 ) ;
#1644 = CARTESIAN_POINT ( 'NONE',  ( -0.1336747548977216815, 0.9931843014933563474, 0.3830303212764619714 ) ) ;
#1645 = CARTESIAN_POINT ( 'NONE',  ( -9.064742275298830802E-17, -0.7401923788646699309, 1.574999999999999956 ) ) ;
#1646 = CARTESIAN_POINT ( 'NONE',  ( -0.7401923788646699309, -9.064742275298830802E-17, 0.000000000000000000 ) ) ;
#1647 = CARTESIAN_POINT ( 'NONE',  ( 0.5044215955357878034, 0.8635756935674056001, 2.341324354263642160 ) ) ;
#1648 = DIRECTION ( 'NONE',  ( -0.9203638919632278759, -0.3812272063696449109, 0.08715574274765827689 ) ) ;
#1649 = CARTESIAN_POINT ( 'NONE',  ( 0.6410254037844400621, -0.3700961894323349655, 0.04166666666667030727 ) ) ;
#1650 = CARTESIAN_POINT ( 'NONE',  ( 0.5773502691896256200, -1.000000000000000222, 1.408333333333330106 ) ) ;
#1651 = CARTESIAN_POINT ( 'NONE',  ( 0.01753159046860076897, -0.9999959858012206215, 2.575988668367174217 ) ) ;
#1652 = CARTESIAN_POINT ( 'NONE',  ( 0.000000000000000000, -1.125042243461499945E-14, 3.722296913319440570 ) ) ;
#1653 = CARTESIAN_POINT ( 'NONE',  ( -0.7322515414184654903, 0.1184931636575033281, 1.464378502281001193 ) ) ;
#1654 = CARTESIAN_POINT ( 'NONE',  ( -0.2473881051773679229, -0.9357134863420325521, 0.2276694143977174012 ) ) ;
#1655 = CARTESIAN_POINT ( 'NONE',  ( -0.7401923788646699309, -2.312508131682119882E-16, 0.3250000000000000111 ) ) ;
#1656 = ORIENTED_EDGE ( 'NONE', *, *, #1676, .T. ) ;
#1657 = CARTESIAN_POINT ( 'NONE',  ( 0.7393250187206262813, 0.03697608569390829075, 2.878323231996230191 ) ) ;
#1658 = CARTESIAN_POINT ( 'NONE',  ( 0.7700463882304722230, -0.5330432765465479283, 3.000000000000000000 ) ) ;
#1659 = CARTESIAN_POINT ( 'NONE',  ( -0.7401923788646699309, 1.181795160448849902E-15, 2.324999999999999734 ) ) ;
#1660 = CARTESIAN_POINT ( 'NONE',  ( 0.6410254037844400621, 0.3700961894323349655, 2.508333333333330195 ) ) ;
#1661 = CARTESIAN_POINT ( 'NONE',  ( 0.3801571666384714887, -0.6353702384985309148, 1.209313915080516333 ) ) ;
#1662 = CARTESIAN_POINT ( 'NONE',  ( -0.7259301460977954923, -0.1758588928745543623, 2.690506811171102353 ) ) ;
#1663 = CARTESIAN_POINT ( 'NONE',  ( -0.6147892562465694377, 0.5045729244809437075, 3.000000000000000000 ) ) ;
#1664 = DIRECTION ( 'NONE',  ( 0.000000000000000000, 0.000000000000000000, 1.000000000000000000 ) ) ;
#1665 = CARTESIAN_POINT ( 'NONE',  ( -1.224646799147350002E-16, -1.000000000000000000, 1.775000000000000133 ) ) ;
#1666 = CARTESIAN_POINT ( 'NONE',  ( 0.6997466341246912913, -0.2415381443077005974, 1.653333497932041096 ) ) ;
#1667 = DIRECTION ( 'NONE',  ( -0.3812272063696489632, 0.9203638919632260995, -0.08715574274766009488 ) ) ;
#1668 = LINE ( 'NONE', #1421, #3615 ) ;
#1669 = CARTESIAN_POINT ( 'NONE',  ( 0.000000000000000000, 0.8511379332023930600, 0.1109455543377250025 ) ) ;
#1670 = ORIENTED_EDGE ( 'NONE', *, *, #53, .T. ) ;
#1671 = ADVANCED_FACE ( 'NONE', ( #1587 ), #1284, .T. ) ;
#1672 = AXIS2_PLACEMENT_3D ( 'NONE', #283, #1541, #3713 ) ;
#1673 = CARTESIAN_POINT ( 'NONE',  ( 0.003543004009300427821, -0.8003464692299571137, 0.06001540416695548552 ) ) ;
#1674 = CARTESIAN_POINT ( 'NONE',  ( 0.6382099865795990423, 0.3750918038349926875, 2.908894178310468703 ) ) ;
#1675 = CARTESIAN_POINT ( 'NONE',  ( 0.7841653996008549621, -0.5053597093948937191, 3.000000000000000444 ) ) ;
#1676 = EDGE_CURVE ( 'NONE', #3088, #1990, #2545, .T. ) ;
#1677 = CARTESIAN_POINT ( 'NONE',  ( -0.4000000000000000222, 2.760043339336259818E-14, 4.700000000000000178 ) ) ;
#1678 = CARTESIAN_POINT ( 'NONE',  ( -0.4273502691896260419, 0.7401923788646699309, 2.608333333333331616 ) ) ;
#1679 = CARTESIAN_POINT ( 'NONE',  ( 0.7099382130990015138, -0.2104775228253930874, 1.256137592765499411 ) ) ;
#1680 = AXIS2_PLACEMENT_3D ( 'NONE', #2692, #2101, #3933 ) ;
#1681 = CARTESIAN_POINT ( 'NONE',  ( 0.6078988265159117610, -0.4225977397759158039, 2.836593467516958622 ) ) ;
#1682 = CIRCLE ( 'NONE', #2000, 0.3059999999999998277 ) ;
#1683 = CARTESIAN_POINT ( 'NONE',  ( -0.7829976175045926245, -0.5075368600901420946, 3.000000000000000444 ) ) ;
#1684 = CARTESIAN_POINT ( 'NONE',  ( -0.5773583522979830462, 1.000014000354360499, 0.05832525022497637296 ) ) ;
#1685 = CARTESIAN_POINT ( 'NONE',  ( -0.7248532759737079667, -0.2735788812050209962, 3.254999999999999893 ) ) ;
#1686 = CARTESIAN_POINT ( 'NONE',  ( 0.6894418157198953789, -0.2694185609787357882, 1.650840336262054064 ) ) ;
#1687 = EDGE_CURVE ( 'NONE', #792, #2046, #3153, .T. ) ;
#1688 = CARTESIAN_POINT ( 'NONE',  ( -0.6410254037844400621, 0.3700961894323349655, 1.491666666666670027 ) ) ;
#1689 = CARTESIAN_POINT ( 'NONE',  ( 0.7238019858393717199, -0.7270892258714027889, 1.826245111461392234 ) ) ;
#1690 = ORIENTED_EDGE ( 'NONE', *, *, #601, .T. ) ;
#1691 =( BOUNDED_CURVE ( )  B_SPLINE_CURVE ( 2, ( #2364, #1725, #1807, #1194, #2426, #816, #3608, #3592, #199 ),
 .UNSPECIFIED., .F., .T. ) 
 B_SPLINE_CURVE_WITH_KNOTS ( ( 3, 2, 2, 2, 3 ),
 ( 0.000000000000000000, 0.08333333333327563874, 0.2499999999998361588, 0.4166666666663874641, 0.4999997527893755844 ),
 .UNSPECIFIED. ) 
 CURVE ( )  GEOMETRIC_REPRESENTATION_ITEM ( )  RATIONAL_B_SPLINE_CURVE ( ( 0.9330127018922195203, 0.9330127018922196314, 1.000000000000000000, 0.8660254037844389297, 1.000000000000000000, 0.8660254037844389297, 1.000000000000000000, 0.9330129006116136825, 0.9330127018928089377 ) ) 
 REPRESENTATION_ITEM ( '' )  );
#1692 = EDGE_LOOP ( 'NONE', ( #2350, #128, #2472, #762 ) ) ;
#1693 = CARTESIAN_POINT ( 'NONE',  ( -0.7401923788646699309, -9.064742275298830802E-17, 0.000000000000000000 ) ) ;
#1694 = CARTESIAN_POINT ( 'NONE',  ( 0.000000000000000000, 0.000000000000000000, 0.000000000000000000 ) ) ;
#1695 = CARTESIAN_POINT ( 'NONE',  ( -0.8677946514699498293, -0.5012158699445663501, 2.108621682118414498 ) ) ;
#1696 = CARTESIAN_POINT ( 'NONE',  ( -0.7401923788642422730, -0.1983339501612004507, 2.342863279495472906 ) ) ;
#1697 = CARTESIAN_POINT ( 'NONE',  ( -0.7401923788646699309, -4.990984619036200170E-15, 0.6750000000000000444 ) ) ;
#1698 = CARTESIAN_POINT ( 'NONE',  ( -0.1746028295679207809, -0.7194693974243753232, 2.760415526440672895 ) ) ;
#1699 = CARTESIAN_POINT ( 'NONE',  ( 0.7401923788646203040, -2.711144121194150893E-07, 2.874999975581563838 ) ) ;
#1700 = LINE ( 'NONE', #2939, #1805 ) ;
#1701 = CARTESIAN_POINT ( 'NONE',  ( 0.000000000000000000, 1.000000000000000000, 2.774999999999999911 ) ) ;
#1702 = CARTESIAN_POINT ( 'NONE',  ( 0.4484104915791058965, -0.5894186596701541658, 1.616664844603067142 ) ) ;
#1703 = DIRECTION ( 'NONE',  ( 0.000000000000000000, -1.000000000000000000, 4.314780977522134979E-14 ) ) ;
#1704 = EDGE_CURVE ( 'NONE', #1832, #3172, #2842, .T. ) ;
#1705 = CARTESIAN_POINT ( 'NONE',  ( -0.8547005383792529720, 5.233531392778363755E-17, 1.525000000000001021 ) ) ;
#1706 = CARTESIAN_POINT ( 'NONE',  ( 0.000000000000000000, -1.259922254300260102E-14, 3.306000000000000050 ) ) ;
#1707 = VERTEX_POINT ( 'NONE', #95 ) ;
#1708 = ORIENTED_EDGE ( 'NONE', *, *, #1512, .F. ) ;
#1709 = CARTESIAN_POINT ( 'NONE',  ( -0.7401923788646699309, -8.138291018150500576E-18, 1.525000000000000133 ) ) ;
#1710 = CARTESIAN_POINT ( 'NONE',  ( 0.3919822295224112962, 0.6279041584345754767, 2.939365879297239470 ) ) ;
#1711 = CARTESIAN_POINT ( 'NONE',  ( 0.7737699508753812516, 0.2971434563520672922, 2.999999999999999112 ) ) ;
#1712 = PLANE ( 'NONE',  #3234 ) ;
#1713 = CARTESIAN_POINT ( 'NONE',  ( -0.4273502691896271521, -0.7401923788646699309, 1.541666666666668961 ) ) ;
#1714 = CARTESIAN_POINT ( 'NONE',  ( 0.7401923788353873546, -6.583920756346896506E-06, 1.274999817019558446 ) ) ;
#1715 = CARTESIAN_POINT ( 'NONE',  ( 1.078660417681890138, 0.2735788812050370389, 3.254999999999999893 ) ) ;
#1716 = CARTESIAN_POINT ( 'NONE',  ( -0.8650851026531249932, -0.2614744665308236238, 3.000000000000000000 ) ) ;
#1717 = CARTESIAN_POINT ( 'NONE',  ( 0.5219866587632817634, 0.8922269036098130490, 0.7416666666666664742 ) ) ;
#1718 = CARTESIAN_POINT ( 'NONE',  ( 0.5773583522979818250, -1.000014000354360499, 0.2583252502249759330 ) ) ;
#1719 = CARTESIAN_POINT ( 'NONE',  ( 0.8660254037844390407, 0.5000000000000000000, 2.708333333333329929 ) ) ;
#1720 = CARTESIAN_POINT ( 'NONE',  ( -0.2075607439471186533, -0.7111593252259150733, 1.557455178415485975 ) ) ;
#1721 =( BOUNDED_CURVE ( )  B_SPLINE_CURVE ( 2, ( #2509, #3504, #2225, #2816, #693, #111, #1017, #3425, #28 ),
 .UNSPECIFIED., .F., .F. ) 
 B_SPLINE_CURVE_WITH_KNOTS ( ( 3, 2, 2, 2, 3 ),
 ( 0.5000000000000000000, 0.5833333333333856618, 0.7500000000001658673, 0.9166666666669380792, 1.000000000000000000 ),
 .UNSPECIFIED. ) 
 CURVE ( )  GEOMETRIC_REPRESENTATION_ITEM ( )  RATIONAL_B_SPLINE_CURVE ( ( 0.9330127018922194093, 0.9330127018922194093, 1.000000000000000000, 0.8660254037844389297, 1.000000000000000000, 0.8660254037844389297, 1.000000000000000000, 0.9330127018924836424, 0.9330127018922194093 ) ) 
 REPRESENTATION_ITEM ( '' )  );
#1722 = CARTESIAN_POINT ( 'NONE',  ( 0.5185250974058612794, 0.5282549075978455466, 1.724983359330313215 ) ) ;
#1723 = CARTESIAN_POINT ( 'NONE',  ( 0.000000000000000000, 0.7401923788646699309, 1.425000000000000044 ) ) ;
#1724 = CARTESIAN_POINT ( 'NONE',  ( 1.000000000000006883, -0.2679491924311087070, 2.307136720504588290 ) ) ;
#1725 = CARTESIAN_POINT ( 'NONE',  ( -0.7401923788646695979, -0.1983339501604601818, 0.3428632794954100671 ) ) ;
#1726 = ORIENTED_EDGE ( 'NONE', *, *, #441, .F. ) ;
#1727 = ORIENTED_EDGE ( 'NONE', *, *, #2718, .F. ) ;
#1728 = CARTESIAN_POINT ( 'NONE',  ( -0.3863705466856068305, -0.6604195542700104227, 0.3416666666666700047 ) ) ;
#1729 = AXIS2_PLACEMENT_3D ( 'NONE', #2747, #2373, #3618 ) ;
#1730 = CARTESIAN_POINT ( 'NONE',  ( 0.2701630939469810144, 0.6901259334209629559, 2.951591183374220329 ) ) ;
#1731 = ADVANCED_FACE ( 'NONE', ( #1326 ), #481, .T. ) ;
#1732 = CARTESIAN_POINT ( 'NONE',  ( -0.5615508811606209072, -0.8274496795371324431, 2.136827138974624951 ) ) ;
#1733 = CARTESIAN_POINT ( 'NONE',  ( -0.5626699303966360421, -0.8266998225755586294, 2.936737952468902346 ) ) ;
#1734 = CARTESIAN_POINT ( 'NONE',  ( -0.2034978059575447973, -0.7123893145967520324, 1.157837671058291384 ) ) ;
#1735 = CARTESIAN_POINT ( 'NONE',  ( 0.08959368377110575599, -0.7350842197340848871, 2.782224938101083733 ) ) ;
#1736 = DIRECTION ( 'NONE',  ( 0.000000000000000000, 0.000000000000000000, 1.000000000000000000 ) ) ;
#1737 = CARTESIAN_POINT ( 'NONE',  ( 0.2617993877991486862, 1.000000000000000000, 0.7583333333333335258 ) ) ;
#1738 = LINE ( 'NONE', #2609, #138 ) ;
#1739 = CARTESIAN_POINT ( 'NONE',  ( 0.000000000000000000, 0.000000000000000000, 0.000000000000000000 ) ) ;
#1740 = CARTESIAN_POINT ( 'NONE',  ( 0.7311682858549419795, -0.1186409612295127036, 1.664356720428153524 ) ) ;
#1741 = CARTESIAN_POINT ( 'NONE',  ( -0.001245560241328516355, -0.7594524177143050503, 0.7750730903049938281 ) ) ;
#1742 = CARTESIAN_POINT ( 'NONE',  ( -0.4273502691896260419, 0.7401923788646699309, 0.6583333333333336590 ) ) ;
#1743 = FACE_OUTER_BOUND ( 'NONE', #1827, .T. ) ;
#1744 = EDGE_LOOP ( 'NONE', ( #1572, #2387, #2258, #2477, #1764 ) ) ;
#1745 = EDGE_LOOP ( 'NONE', ( #450, #3861, #2099, #3872 ) ) ;
#1746 = ORIENTED_EDGE ( 'NONE', *, *, #1958, .T. ) ;
#1747 = CARTESIAN_POINT ( 'NONE',  ( -9.064742275298830802E-17, -0.7401923788646699309, 1.625000000000000000 ) ) ;
#1748 = CARTESIAN_POINT ( 'NONE',  ( -0.6410254037844400621, -0.3700961894323349655, 0.7583333333333339699 ) ) ;
#1749 = CARTESIAN_POINT ( 'NONE',  ( 0.9888794755574007445, -0.1532284358375414768, 2.264834363417736807 ) ) ;
#1750 = EDGE_CURVE ( 'NONE', #3172, #947, #1593, .T. ) ;
#1751 = VECTOR ( 'NONE', #1469, 1000.000000000000000 ) ;
#1752 = CARTESIAN_POINT ( 'NONE',  ( -0.7401923788646699309, 1.181795160448849902E-15, 2.725000000000000089 ) ) ;
#1753 = FACE_OUTER_BOUND ( 'NONE', #1219, .T. ) ;
#1754 = FACE_OUTER_BOUND ( 'NONE', #2132, .T. ) ;
#1755 = CARTESIAN_POINT ( 'NONE',  ( -0.5773583522979830462, 1.000014000354360499, 0.8583252502249756333 ) ) ;
#1756 = CARTESIAN_POINT ( 'NONE',  ( -0.4080987512937531148, 0.9129976959635782707, 2.801459208063849626 ) ) ;
#1757 = CARTESIAN_POINT ( 'NONE',  ( 0.7062161633140817685, 0.7079965090016271390, 2.324488349778047525 ) ) ;
#1758 = CARTESIAN_POINT ( 'NONE',  ( 0.6465001268117240851, 0.3732753936891925473, 1.708742008381214150 ) ) ;
#1759 = AXIS2_PLACEMENT_3D ( 'NONE', #412, #1970, #969 ) ;
#1760 = CARTESIAN_POINT ( 'NONE',  ( -0.6633808007263334305, 0.3378869951066308941, 2.244653575555424219 ) ) ;
#1761 = CARTESIAN_POINT ( 'NONE',  ( -9.064742275298830802E-17, -0.7401923788646699309, 0.8249999999999999556 ) ) ;
#1762 = CARTESIAN_POINT ( 'NONE',  ( 0.9999999999999995559, 1.806790423396386751E-14, 2.324999999999998845 ) ) ;
#1763 = CYLINDRICAL_SURFACE ( 'NONE', #3382, 1.000000000000000000 ) ;
#1764 = ORIENTED_EDGE ( 'NONE', *, *, #2217, .T. ) ;
#1765 = ORIENTED_EDGE ( 'NONE', *, *, #2510, .T. ) ;
#1766 = CARTESIAN_POINT ( 'NONE',  ( 2.449293598294706414E-16, -2.000000000000011102, 3.722296913319446787 ) ) ;
#1767 = SHAPE_DEFINITION_REPRESENTATION ( #3240, #1244 ) ;
#1768 = VECTOR ( 'NONE', #1518, 1000.000000000000000 ) ;
#1769 = CARTESIAN_POINT ( 'NONE',  ( -1.259450488053259987, 0.3358201048382060128, 3.966420441514869832 ) ) ;
#1770 = CARTESIAN_POINT ( 'NONE',  ( -0.5284130567466968076, -0.8496182727208024810, 2.139479318098639116 ) ) ;
#1771 = ORIENTED_EDGE ( 'NONE', *, *, #1775, .T. ) ;
#1772 = LINE ( 'NONE', #2724, #2986 ) ;
#1773 = DIRECTION ( 'NONE',  ( -1.000000000000000000, 0.000000000000000000, 0.000000000000000000 ) ) ;
#1774 = DIRECTION ( 'NONE',  ( -1.000000000000000000, 0.000000000000000000, -0.000000000000000000 ) ) ;
#1775 = EDGE_CURVE ( 'NONE', #1389, #432, #1027, .T. ) ;
#1776 = CARTESIAN_POINT ( 'NONE',  ( -0.5773583522979830462, 1.000014000354360499, 1.658325250224969460 ) ) ;
#1777 = CARTESIAN_POINT ( 'NONE',  ( 0.3685193327135992125, 0.9296273164003292511, 2.751376608461044704 ) ) ;
#1778 = CARTESIAN_POINT ( 'NONE',  ( -0.7401923788646700419, -0.1983339501604599042, 1.142863279495406781 ) ) ;
#1779 = LINE ( 'NONE', #256, #65 ) ;
#1780 = CARTESIAN_POINT ( 'NONE',  ( -0.7278403862368659771, 0.1390794516936806613, 2.262509133996311483 ) ) ;
#1781 = CARTESIAN_POINT ( 'NONE',  ( 0.8547005383792529720, -1.570059417833509065E-16, 2.924999999999989164 ) ) ;
#1782 = CARTESIAN_POINT ( 'NONE',  ( 0.5901719554624736963, -0.4798502229540566044, 0.02034996976420460138 ) ) ;
#1783 = AXIS2_PLACEMENT_3D ( 'NONE', #3295, #2131, #2068 ) ;
#1784 = CARTESIAN_POINT ( 'NONE',  ( 0.7401924138594846436, 0.003909187570794325599, 1.275352907256027235 ) ) ;
#1785 = VERTEX_POINT ( 'NONE', #3269 ) ;
#1786 = ORIENTED_EDGE ( 'NONE', *, *, #296, .F. ) ;
#1787 = CARTESIAN_POINT ( 'NONE',  ( 0.9999999999999635847, 2.705156463175255980E-07, 1.125000018034368443 ) ) ;
#1788 = CARTESIAN_POINT ( 'NONE',  ( 0.5872129534563751418, 0.8179657854830063579, 1.935343269705664282 ) ) ;
#1789 = CARTESIAN_POINT ( 'NONE',  ( 0.3878251953516899664, -0.9217329428041640682, 3.000000000000000000 ) ) ;
#1790 = EDGE_CURVE ( 'NONE', #469, #1010, #2850, .T. ) ;
#1791 = VERTEX_POINT ( 'NONE', #2773 ) ;
#1792 = DIRECTION ( 'NONE',  ( 3.239995458127760343E-15, -3.239995458127720111E-15, -1.000000000000000000 ) ) ;
#1793 = EDGE_CURVE ( 'NONE', #2618, #3695, #3297, .T. ) ;
#1794 = DIRECTION ( 'NONE',  ( 0.3826834323650811776, -0.9238795325112904022, -9.708473376954256111E-15 ) ) ;
#1795 = CARTESIAN_POINT ( 'NONE',  ( 0.9999995874891687286, 0.1309031363469424225, 0.2837273513855200213 ) ) ;
#1796 = CARTESIAN_POINT ( 'NONE',  ( -0.8660375284469739032, 0.5000070001771790285, 0.8916585835583079600 ) ) ;
#1797 = CARTESIAN_POINT ( 'NONE',  ( -0.8285462560616694283, 0.5637201374750514526, 2.837159617253628419 ) ) ;
#1798 = CARTESIAN_POINT ( 'NONE',  ( 0.6410254037844400621, -0.3700961894323349655, 1.291666666666670071 ) ) ;
#1799 = CARTESIAN_POINT ( 'NONE',  ( 0.7401923788646698199, -1.338077595597230934E-14, 2.474999999999996980 ) ) ;
#1800 = VECTOR ( 'NONE', #1902, 1000.000000000000000 ) ;
#1801 = CARTESIAN_POINT ( 'NONE',  ( 0.7392958044377632154, 0.02766875181116004723, 2.077480596536197766 ) ) ;
#1802 = CARTESIAN_POINT ( 'NONE',  ( -0.8660254037844390407, 0.5000000000000000000, 0.4416666666666659857 ) ) ;
#1803 = EDGE_CURVE ( 'NONE', #2717, #2406, #3795, .T. ) ;
#1804 = CARTESIAN_POINT ( 'NONE',  ( 0.000000000000000000, 0.000000000000000000, 9.567359577593730826E-18 ) ) ;
#1805 = VECTOR ( 'NONE', #2977, 1000.000000000000000 ) ;
#1806 = AXIS2_PLACEMENT_3D ( 'NONE', #2181, #2243, #715 ) ;
#1807 = CARTESIAN_POINT ( 'NONE',  ( -0.6410254037844400621, -0.3700961894323349655, 0.3583333333333349469 ) ) ;
#1808 = ORIENTED_EDGE ( 'NONE', *, *, #668, .F. ) ;
#1809 = ORIENTED_EDGE ( 'NONE', *, *, #2200, .F. ) ;
#1810 = CARTESIAN_POINT ( 'NONE',  ( 0.4273502691896271521, 0.7401923788646699309, 3.741666666666660479 ) ) ;
#1811 = CARTESIAN_POINT ( 'NONE',  ( 0.9585119287914757313, 0.2907438780884715746, 1.894246762645245497 ) ) ;
#1812 = CARTESIAN_POINT ( 'NONE',  ( -0.7401923788646700419, -0.1983339501604595989, 0.7428632794954088681 ) ) ;
#1813 = ORIENTED_EDGE ( 'NONE', *, *, #1011, .T. ) ;
#1814 = CYLINDRICAL_SURFACE ( 'NONE', #3812, 1.000000000000000000 ) ;
#1815 = LINE ( 'NONE', #2748, #3556 ) ;
#1816 = AXIS2_PLACEMENT_3D ( 'NONE', #807, #2415, #3054 ) ;
#1817 = CARTESIAN_POINT ( 'NONE',  ( 0.8660375284469739032, -0.5000070001771790285, 1.891658583558309736 ) ) ;
#1818 = CARTESIAN_POINT ( 'NONE',  ( -0.3209313145312585602, 0.9494813938777488804, 2.795213312905502789 ) ) ;
#1819 = CARTESIAN_POINT ( 'NONE',  ( -0.1493783280374608724, -0.7401923788646698199, 0.01334848610089840737 ) ) ;
#1820 = CARTESIAN_POINT ( 'NONE',  ( -0.5230189807081917497, 0.5237729645297272141, 1.825541013374500476 ) ) ;
#1821 = B_SPLINE_CURVE_WITH_KNOTS ( 'NONE', 3,
 ( #2860, #2574, #1018, #3731, #2226, #3817, #3779, #361, #2205, #2162, #3404, #1583, #2818, #2513, #3758, #71, #1001, #2323 ),
 .UNSPECIFIED., .F., .F.,
 ( 4, 1, 1, 1, 1, 1, 1, 1, 1, 1, 1, 1, 1, 1, 1, 4 ),
 ( 0.000000000000000000, 0.01791351443031871660, 0.03582476277070471143, 0.05373378148584189579, 0.07164060705403443863, 0.08954527596699141112, 0.1074478247296101474, 0.1253482898597588213, 0.1414307096700060939, 0.1880146796755072791, 0.2504345320122398078, 0.3128246393051634100, 0.3752260607379860891, 0.4376049355636721372, 0.5000095102233826916, 0.5003509493811244546 ),
 .UNSPECIFIED. ) ;
#1822 = CARTESIAN_POINT ( 'NONE',  ( -1.000000000000000000, 0.2617993877991497409, 1.658333333333333215 ) ) ;
#1823 = CARTESIAN_POINT ( 'NONE',  ( -0.8547005383792529720, 5.233531392778363755E-17, 2.324999999999999734 ) ) ;
#1824 = DIRECTION ( 'NONE',  ( 0.000000000000000000, 0.000000000000000000, 1.000000000000000000 ) ) ;
#1825 = CARTESIAN_POINT ( 'NONE',  ( 0.3738852232415355581, 0.6389090918474157332, 1.341270748307058724 ) ) ;
#1826 = VERTEX_POINT ( 'NONE', #3324 ) ;
#1827 = EDGE_LOOP ( 'NONE', ( #2927, #178, #1464, #983 ) ) ;
#1828 = CARTESIAN_POINT ( 'NONE',  ( -9.064742275298830802E-17, -0.7401923788646699309, 2.774999999999999911 ) ) ;
#1829 = CARTESIAN_POINT ( 'NONE',  ( -1.000000000000000000, -2.653787043783149998E-17, 0.4749999999999999778 ) ) ;
#1830 = EDGE_CURVE ( 'NONE', #2070, #3455, #1779, .T. ) ;
#1831 = CARTESIAN_POINT ( 'NONE',  ( 0.000000000000000000, 0.000000000000000000, 0.000000000000000000 ) ) ;
#1832 = VERTEX_POINT ( 'NONE', #1169 ) ;
#1833 = ORIENTED_EDGE ( 'NONE', *, *, #3588, .F. ) ;
#1834 = CARTESIAN_POINT ( 'NONE',  ( 0.2512563132923479881, 0.6065863991822619816, 4.700000000000000178 ) ) ;
#1835 = CARTESIAN_POINT ( 'NONE',  ( -0.6053073959819386118, 0.4348452591705277981, 1.035501078453539225 ) ) ;
#1836 = CARTESIAN_POINT ( 'NONE',  ( 0.7171648105208463519, 0.6969246143873775168, 0.3235912633809189809 ) ) ;
#1837 = CARTESIAN_POINT ( 'NONE',  ( -0.8660375284469739032, 0.5000070001771790285, 0.4916585835583090480 ) ) ;
#1838 = CARTESIAN_POINT ( 'NONE',  ( 0.6950562528671615503, 0.7189722563541774969, 2.725472971061536853 ) ) ;
#1839 = CARTESIAN_POINT ( 'NONE',  ( 0.2200092576612076301, -0.8088992174397444668, 0.09772438259301932661 ) ) ;
#1840 = CARTESIAN_POINT ( 'NONE',  ( 0.9985938232916437007, 0.05726553576787364597, 2.278805580646992901 ) ) ;
#1841 = CARTESIAN_POINT ( 'NONE',  ( -0.6854298938326957025, 0.2794129403829714864, 1.849923804088355661 ) ) ;
#1842 = CARTESIAN_POINT ( 'NONE',  ( 0.2617993877991486862, 1.000000000000000000, 1.558333333333333570 ) ) ;
#1843 = CARTESIAN_POINT ( 'NONE',  ( -0.8660254037844390407, -0.5000000000000000000, 0.1083333333333329901 ) ) ;
#1844 = CARTESIAN_POINT ( 'NONE',  ( -1.000000000000000000, -1.132740442366720088E-16, 2.125000000000000000 ) ) ;
#1845 = CARTESIAN_POINT ( 'NONE',  ( -0.2735788812050309882, -1.078660417681859940, 3.254999999999999893 ) ) ;
#1846 = CARTESIAN_POINT ( 'NONE',  ( 0.4027485605390736523, 0.6211132581187549517, 1.338223083657386958 ) ) ;
#1847 = ORIENTED_EDGE ( 'NONE', *, *, #2500, .T. ) ;
#1848 = VERTEX_POINT ( 'NONE', #870 ) ;
#1849 = CARTESIAN_POINT ( 'NONE',  ( 0.000000000000000000, 0.7401923788646699309, 3.375000000000000000 ) ) ;
#1850 = DIRECTION ( 'NONE',  ( 1.000000000000000000, 0.000000000000000000, 0.000000000000000000 ) ) ;
#1851 = ORIENTED_EDGE ( 'NONE', *, *, #704, .T. ) ;
#1852 = DIRECTION ( 'NONE',  ( 0.000000000000000000, 0.000000000000000000, 1.000000000000000000 ) ) ;
#1853 = ADVANCED_FACE ( 'NONE', ( #2100 ), #1256, .T. ) ;
#1854 = CARTESIAN_POINT ( 'NONE',  ( 1.000000000000000888, -3.921899803419056012E-16, 0.3249999999999929057 ) ) ;
#1855 = ORIENTED_EDGE ( 'NONE', *, *, #2120, .T. ) ;
#1856 = CARTESIAN_POINT ( 'NONE',  ( -0.2299126970365261702, 0.9737613418845727509, 0.3892086888418404000 ) ) ;
#1857 = EDGE_CURVE ( 'NONE', #3862, #1565, #3189, .T. ) ;
#1858 = CARTESIAN_POINT ( 'NONE',  ( 0.5773583522979830462, 1.000014000354360499, 3.191658583558303786 ) ) ;
#1859 = CARTESIAN_POINT ( 'NONE',  ( -0.5068454745580497356, -0.5394882948802743883, 1.126392158079664307 ) ) ;
#1860 = CARTESIAN_POINT ( 'NONE',  ( 0.05405974867612749202, -0.8071451750933582581, 0.06869573118812423440 ) ) ;
#1861 = CARTESIAN_POINT ( 'NONE',  ( -0.9676347973559137339, 0.2544687070221282599, 2.458127041700869597 ) ) ;
#1862 = AXIS2_PLACEMENT_3D ( 'NONE', #2238, #629, #2458 ) ;
#1863 = CARTESIAN_POINT ( 'NONE',  ( -0.7401923788646690427, 4.779484580118589535E-15, 1.875000000000000000 ) ) ;
#1864 = DIRECTION ( 'NONE',  ( -0.9238795325112888479, -0.3826834323650849523, 0.000000000000000000 ) ) ;
#1865 = CARTESIAN_POINT ( 'NONE',  ( -0.4273502691896260419, 0.7401923788646699309, 3.058333333333329129 ) ) ;
#1866 = CARTESIAN_POINT ( 'NONE',  ( 0.4897299287173550453, -0.8723391490417604643, 2.607489104978044647 ) ) ;
#1867 = CARTESIAN_POINT ( 'NONE',  ( 0.7040573885954176658, -0.7101460237422249078, 2.225303941991112033 ) ) ;
#1868 = CARTESIAN_POINT ( 'NONE',  ( -0.6895329532803350370, 0.2691909509658805821, 1.450883190398428280 ) ) ;
#1869 = CARTESIAN_POINT ( 'NONE',  ( 0.6410254037844400621, -0.3700961894323349655, 3.241666666666659591 ) ) ;
#1870 = CIRCLE ( 'NONE', #3944, 0.7401923788646699309 ) ;
#1871 = CARTESIAN_POINT ( 'NONE',  ( 0.000000000000000000, 0.000000000000000000, 0.2598076211353329557 ) ) ;
#1872 = VECTOR ( 'NONE', #2018, 1000.000000000000000 ) ;
#1873 = CARTESIAN_POINT ( 'NONE',  ( -2.000000000000000000, 2.157041537713704155E-29, 3.722296913319440570 ) ) ;
#1874 = ORIENTED_EDGE ( 'NONE', *, *, #137, .T. ) ;
#1875 = CARTESIAN_POINT ( 'NONE',  ( -0.03911351015341473641, 0.7401923788646703750, 0.1780508549210797486 ) ) ;
#1876 = PLANE ( 'NONE',  #828 ) ;
#1877 = CARTESIAN_POINT ( 'NONE',  ( -0.9126196475985737244, 0.4089529330602115764, 0.4478639042842739171 ) ) ;
#1878 = CARTESIAN_POINT ( 'NONE',  ( 0.8547005383792529720, -1.570059417833509065E-16, 0.8750000000000024425 ) ) ;
#1879 = CARTESIAN_POINT ( 'NONE',  ( -0.9274831404399204171, 0.3738821182473964222, 2.850160233890250971 ) ) ;
#1880 = CARTESIAN_POINT ( 'NONE',  ( 0.1068407841687821352, -0.8110563168718566418, 0.07749110115661791975 ) ) ;
#1881 = CARTESIAN_POINT ( 'NONE',  ( -1.000000000000000000, 6.912039677475719115E-16, 0.9250000000000000444 ) ) ;
#1882 = CARTESIAN_POINT ( 'NONE',  ( 0.2735788812050340413, -0.7248532759736970865, 3.254999999999999893 ) ) ;
#1883 = CARTESIAN_POINT ( 'NONE',  ( -0.9999999999999995559, -0.2617993877991516283, 1.291666666666666519 ) ) ;
#1884 = ORIENTED_EDGE ( 'NONE', *, *, #548, .F. ) ;
#1885 = AXIS2_PLACEMENT_3D ( 'NONE', #3167, #109, #1035 ) ;
#1886 = CARTESIAN_POINT ( 'NONE',  ( -0.8660254037844390407, 0.5000000000000000000, 1.241666666666660035 ) ) ;
#1887 = CARTESIAN_POINT ( 'NONE',  ( 0.5126087236449597961, -0.8589710931445506681, 2.609239323833971280 ) ) ;
#1888 = CARTESIAN_POINT ( 'NONE',  ( 0.7881579147350569192, 0.07607781631564575209, 0.05160928822129730309 ) ) ;
#1889 = CARTESIAN_POINT ( 'NONE',  ( -0.3353249103122939445, 0.6599652128668581641, 1.404747824586229488 ) ) ;
#1890 = ORIENTED_EDGE ( 'NONE', *, *, #1597, .T. ) ;
#1891 = CARTESIAN_POINT ( 'NONE',  ( 1.349766751978810131, -0.3669424536063989883, 4.322150515720509567 ) ) ;
#1892 = EDGE_CURVE ( 'NONE', #248, #2434, #1721, .T. ) ;
#1893 = VECTOR ( 'NONE', #38, 1000.000000000000000 ) ;
#1894 = ORIENTED_EDGE ( 'NONE', *, *, #873, .F. ) ;
#1895 = CARTESIAN_POINT ( 'NONE',  ( -0.6914283797628368866, 0.2649308443249687728, 0.2510496559379943871 ) ) ;
#1896 = CARTESIAN_POINT ( 'NONE',  ( 0.9999999999999995559, 6.681755220639873681E-16, 1.524999999999999911 ) ) ;
#1897 = CARTESIAN_POINT ( 'NONE',  ( -0.6596932029072388737, 0.7522466321935801226, 0.4212622383287745742 ) ) ;
#1898 = CARTESIAN_POINT ( 'NONE',  ( 0.6410254037844400621, 0.3700961894323349655, 0.5083333333333359683 ) ) ;
#1899 = FACE_OUTER_BOUND ( 'NONE', #3717, .T. ) ;
#1900 = CARTESIAN_POINT ( 'NONE',  ( -0.5773502691896256200, -1.000000000000000222, -0.2083333333333332593 ) ) ;
#1901 = CARTESIAN_POINT ( 'NONE',  ( 0.06584652453541588180, 1.000006862160821131, 2.371079652005484650 ) ) ;
#1902 = DIRECTION ( 'NONE',  ( 7.705735527519069208E-15, -1.000000000000000000, 0.000000000000000000 ) ) ;
#1903 = AXIS2_PLACEMENT_3D ( 'NONE', #1382, #2689, #2440 ) ;
#1904 = CARTESIAN_POINT ( 'NONE',  ( 0.5165434637512776872, -0.5857052341945144791, 0.02224747683452716479 ) ) ;
#1905 = ORIENTED_EDGE ( 'NONE', *, *, #358, .F. ) ;
#1906 = CARTESIAN_POINT ( 'NONE',  ( -0.5773502691896256200, -1.000000000000000222, 2.141666666666663055 ) ) ;
#1907 = CARTESIAN_POINT ( 'NONE',  ( -0.5144771180893803475, -0.5321762226167694454, 1.525472568605411805 ) ) ;
#1908 = CARTESIAN_POINT ( 'NONE',  ( -0.8660254037844370423, 0.4999999999999995559, 1.291666666666667851 ) ) ;
#1909 = CARTESIAN_POINT ( 'NONE',  ( 0.2951655636282078388, 0.6792309420455044933, 1.349222597319858830 ) ) ;
#1910 = ORIENTED_EDGE ( 'NONE', *, *, #2875, .F. ) ;
#1911 = CARTESIAN_POINT ( 'NONE',  ( -0.9098312441782810955, -0.1563442465082447164, 0.1815167247745285428 ) ) ;
#1912 = CARTESIAN_POINT ( 'NONE',  ( 0.4273502691896271521, 0.7401923788646698199, 0.1916666666666678731 ) ) ;
#1913 = EDGE_CURVE ( 'NONE', #1444, #410, #2174, .T. ) ;
#1914 =( NAMED_UNIT ( * ) SI_UNIT ( $, .STERADIAN. ) SOLID_ANGLE_UNIT ( ) );
#1915 = EDGE_LOOP ( 'NONE', ( #2393, #3309, #2092, #3919, #1944 ) ) ;
#1916 = CARTESIAN_POINT ( 'NONE',  ( -0.7284930709731601839, 0.1397238228212320799, 0.2624284465042436842 ) ) ;
#1917 = CARTESIAN_POINT ( 'NONE',  ( -0.4057540912569160274, 0.4057540912569349567, 3.254999999999999893 ) ) ;
#1918 = CARTESIAN_POINT ( 'NONE',  ( 0.1782396505250476160, 0.9845313310553446273, 0.3640187832715076621 ) ) ;
#1919 = EDGE_CURVE ( 'NONE', #2499, #2745, #1037, .T. ) ;
#1920 = CARTESIAN_POINT ( 'NONE',  ( -1.154716704595970533, 7.070600581027142701E-17, 3.324991916891642862 ) ) ;
#1921 = CARTESIAN_POINT ( 'NONE',  ( -1.000000000000000000, -1.739893658958600106E-16, 1.275000000000000133 ) ) ;
#1922 = CARTESIAN_POINT ( 'NONE',  ( -0.9249637702722592891, 0.3800560017246558120, 2.449807605610061056 ) ) ;
#1923 = VERTEX_POINT ( 'NONE', #424 ) ;
#1924 = CARTESIAN_POINT ( 'NONE',  ( -0.9999999999999995559, -0.2679491924311216411, 1.342863279495404960 ) ) ;
#1925 = CARTESIAN_POINT ( 'NONE',  ( -1.154700538379251240, 7.070501591499382719E-17, 2.474999999999992539 ) ) ;
#1926 = CARTESIAN_POINT ( 'NONE',  ( 0.3203286504769359833, -0.9497178921710803801, 2.595170886057779125 ) ) ;
#1927 = CARTESIAN_POINT ( 'NONE',  ( 0.000000000000000000, -1.127570259384920036E-14, 3.722296913319440570 ) ) ;
#1928 = EDGE_LOOP ( 'NONE', ( #1874, #2148, #3477, #1525 ) ) ;
#1929 = VERTEX_POINT ( 'NONE', #734 ) ;
#1930 = CARTESIAN_POINT ( 'NONE',  ( -0.8308817551485523367, -0.4266651272909296466, 0.1934803229833873817 ) ) ;
#1931 = DIRECTION ( 'NONE',  ( 1.000000000000000000, 1.224646799147353207E-16, -3.806967005651285212E-31 ) ) ;
#1932 = EDGE_LOOP ( 'NONE', ( #3899, #3804, #3007, #3798 ) ) ;
#1933 = CIRCLE ( 'NONE', #3491, 2.000000000000000000 ) ;
#1934 = CARTESIAN_POINT ( 'NONE',  ( 0.000000000000000000, 0.7401923788646699309, 0.1750000000000030143 ) ) ;
#1935 = CARTESIAN_POINT ( 'NONE',  ( 0.8605807381115907484, -0.3074511867060257253, 3.000000000000000888 ) ) ;
#1936 = EDGE_LOOP ( 'NONE', ( #98, #3254, #2965, #1511 ) ) ;
#1937 = AXIS2_PLACEMENT_3D ( 'NONE', #3283, #3583, #2901 ) ;
#1938 = DIRECTION ( 'NONE',  ( 0.000000000000000000, 0.000000000000000000, 1.000000000000000000 ) ) ;
#1939 = CARTESIAN_POINT ( 'NONE',  ( -0.5773583522979830462, -1.000014000354360499, 2.991658583558300499 ) ) ;
#1940 = CARTESIAN_POINT ( 'NONE',  ( -0.9383647251249186416, 0.3460008925807533942, 2.852002110145039904 ) ) ;
#1941 = CARTESIAN_POINT ( 'NONE',  ( 0.3787876452075128464, 0.9254858395440196395, 2.350646822958611271 ) ) ;
#1942 = CYLINDRICAL_SURFACE ( 'NONE', #3616, 0.7401923788646699309 ) ;
#1943 = CARTESIAN_POINT ( 'NONE',  ( -0.7401923788646699309, 1.181795160448849902E-15, 2.324999999999999734 ) ) ;
#1944 = ORIENTED_EDGE ( 'NONE', *, *, #1183, .F. ) ;
#1945 = CARTESIAN_POINT ( 'NONE',  ( -1.154700538379251240, 7.070501591499382719E-17, 2.074999999999998845 ) ) ;
#1946 = CARTESIAN_POINT ( 'NONE',  ( 0.9250337250541096346, -0.3798875551282601681, 2.649798818299883063 ) ) ;
#1947 = DIRECTION ( 'NONE',  ( 0.3812272063696550695, -0.9203638919632242121, -0.08715574274765411356 ) ) ;
#1948 = DIRECTION ( 'NONE',  ( 0.000000000000000000, -3.108624468950430425E-15, -1.000000000000000000 ) ) ;
#1949 = VERTEX_POINT ( 'NONE', #2485 ) ;
#1950 = CIRCLE ( 'NONE', #19, 1.398755535826790020 ) ;
#1951 = CARTESIAN_POINT ( 'NONE',  ( -0.6870431096437246143, -0.6487910873549886936, 0.2045092471338656459 ) ) ;
#1952 = CARTESIAN_POINT ( 'NONE',  ( -0.4273502691896260419, 0.7401923788646698199, 0.2583333333333350246 ) ) ;
#1953 = ORIENTED_EDGE ( 'NONE', *, *, #2644, .F. ) ;
#1954 = CARTESIAN_POINT ( 'NONE',  ( 0.6443943162192987684, 0.3642227426106512400, 2.907877963161137558 ) ) ;
#1955 = CARTESIAN_POINT ( 'NONE',  ( 0.7396399809952831639, -0.5870877326620015380, 3.000000000000000000 ) ) ;
#1956 = VERTEX_POINT ( 'NONE', #655 ) ;
#1957 = CARTESIAN_POINT ( 'NONE',  ( -0.8455364435008339008, -0.5393021690515573674, 2.910953595863777110 ) ) ;
#1958 = EDGE_CURVE ( 'NONE', #1404, #505, #1933, .T. ) ;
#1959 = CARTESIAN_POINT ( 'NONE',  ( 0.8547005383792529720, -1.570059417833509065E-16, 2.474999999999998757 ) ) ;
#1960 = CARTESIAN_POINT ( 'NONE',  ( 0.1937819116403588782, 0.7401923788646719293, 0.5583333333333344584 ) ) ;
#1961 = CARTESIAN_POINT ( 'NONE',  ( -0.7401923788646699309, 3.598847483741179307E-15, 2.674999999999999822 ) ) ;
#1962 = CARTESIAN_POINT ( 'NONE',  ( -0.8660254037844358210, -0.4999999999999978351, 1.758333333333328641 ) ) ;
#1963 = DIRECTION ( 'NONE',  ( 1.000000000000000000, 0.000000000000000000, 0.000000000000000000 ) ) ;
#1964 = ORIENTED_EDGE ( 'NONE', *, *, #2530, .F. ) ;
#1965 = CARTESIAN_POINT ( 'NONE',  ( -0.8660254037844390407, -0.5000000000000000000, 1.708333333333329929 ) ) ;
#1966 = CARTESIAN_POINT ( 'NONE',  ( 0.7384404711902536889, -0.05472842748280885850, 1.670082252099395648 ) ) ;
#1967 = CARTESIAN_POINT ( 'NONE',  ( 0.5401909994755952349, 0.6211862743504299456, 0.08174067443458371551 ) ) ;
#1968 = CARTESIAN_POINT ( 'NONE',  ( -0.2583284261795620318, -0.9323171761693559434, 0.2272240493970482111 ) ) ;
#1969 = EDGE_CURVE ( 'NONE', #432, #1929, #2554, .T. ) ;
#1970 = DIRECTION ( 'NONE',  ( 0.000000000000000000, 0.9961946980917456562, -0.08715574274765836016 ) ) ;
#1971 = EDGE_LOOP ( 'NONE', ( #3573, #304, #1029, #784 ) ) ;
#1972 = VERTEX_POINT ( 'NONE', #1882 ) ;
#1973 = CARTESIAN_POINT ( 'NONE',  ( -0.1302014057856948903, -0.7649657571466549344, 0.03519485600321504287 ) ) ;
#1974 = CARTESIAN_POINT ( 'NONE',  ( -0.2141321844113603379, 0.7111568103352357006, 2.993181056764518289 ) ) ;
#1975 = CARTESIAN_POINT ( 'NONE',  ( -0.7127917428779693143, -0.7013787249146655745, 2.123934671857165668 ) ) ;
#1976 = CARTESIAN_POINT ( 'NONE',  ( 0.7877484689439299137, -3.639563677455661703E-07, 0.04754314467516186637 ) ) ;
#1977 = CARTESIAN_POINT ( 'NONE',  ( -0.4273502691896271521, -0.7401923788646699309, 2.741666666666659591 ) ) ;
#1978 = ADVANCED_FACE ( 'NONE', ( #2534 ), #3794, .T. ) ;
#1979 = CARTESIAN_POINT ( 'NONE',  ( 0.6846193314400755847, -0.2813935118020486903, 1.249787910518992184 ) ) ;
#1980 = CARTESIAN_POINT ( 'NONE',  ( 0.2956354996836024762, -0.6786575170246740285, 2.800808103041644070 ) ) ;
#1981 = CARTESIAN_POINT ( 'NONE',  ( 0.000000000000000000, 0.000000000000000000, 0.000000000000000000 ) ) ;
#1982 = PLANE ( 'NONE',  #1937 ) ;
#1983 = CARTESIAN_POINT ( 'NONE',  ( 0.000000000000000000, 0.7401923788646699309, 1.824999999999999956 ) ) ;
#1984 = CARTESIAN_POINT ( 'NONE',  ( -0.2644480948196642478, -0.6913810410847588406, 1.552171779978232635 ) ) ;
#1985 = CARTESIAN_POINT ( 'NONE',  ( 0.8660254037844360431, 0.4999999999999980571, 1.558333333333328685 ) ) ;
#1986 = CARTESIAN_POINT ( 'NONE',  ( 0.6410254037844400621, 0.3700961894323349655, 1.358333333333329840 ) ) ;
#1987 = CARTESIAN_POINT ( 'NONE',  ( 0.9999999999975083265, -2.232297275513582505E-06, 2.274999851180213195 ) ) ;
#1988 = PRODUCT_RELATED_PRODUCT_CATEGORY ( 'part', '', ( #3857 ) ) ;
#1989 = ORIENTED_EDGE ( 'NONE', *, *, #3715, .F. ) ;
#1990 = VERTEX_POINT ( 'NONE', #46 ) ;
#1991 = CIRCLE ( 'NONE', #2512, 1.112813416937029842 ) ;
#1992 = CARTESIAN_POINT ( 'NONE',  ( 0.4273502691896260419, -0.7401923788646698199, 1.658333333333330328 ) ) ;
#1993 = CARTESIAN_POINT ( 'NONE',  ( 0.05121663882725509265, 0.7384544484832722411, 2.970936059328797452 ) ) ;
#1994 = CARTESIAN_POINT ( 'NONE',  ( -1.000000000000000000, 2.521020878909429608E-16, 2.475000000000000089 ) ) ;
#1995 = CARTESIAN_POINT ( 'NONE',  ( -0.09746011214417586721, -0.9952452085766368972, 2.969104296467792281 ) ) ;
#1996 = CARTESIAN_POINT ( 'NONE',  ( -0.6410254037844400621, 0.3700961894323349655, 1.441666666666669983 ) ) ;
#1997 = CARTESIAN_POINT ( 'NONE',  ( -0.7401923788646719293, 0.1937819116403588504, 0.6583333333333334370 ) ) ;
#1998 = AXIS2_PLACEMENT_3D ( 'NONE', #2848, #79, #741 ) ;
#1999 = CARTESIAN_POINT ( 'NONE',  ( 0.6283292044682550204, -0.3913058563299043890, 2.839614212987398023 ) ) ;
#2000 = AXIS2_PLACEMENT_3D ( 'NONE', #3244, #3853, #2768 ) ;
#2001 = LINE ( 'NONE', #150, #2911 ) ;
#2002 = CARTESIAN_POINT ( 'NONE',  ( -0.3878251953514110228, -0.9217329428042809747, 3.000000000000000444 ) ) ;
#2003 = CARTESIAN_POINT ( 'NONE',  ( 0.5773502691896256200, 1.000000000000000222, 2.741666666666659591 ) ) ;
#2004 = CARTESIAN_POINT ( 'NONE',  ( -0.3424892261914544989, -0.6564355395597289977, 1.544502675704850780 ) ) ;
#2005 = CARTESIAN_POINT ( 'NONE',  ( -1.000000000000000000, -4.341978872923810008E-16, 1.724999999999999867 ) ) ;
#2006 = ADVANCED_FACE ( 'NONE', ( #3123 ), #2553, .T. ) ;
#2007 = CARTESIAN_POINT ( 'NONE',  ( 0.4273502691896260419, -0.7401923788646699309, 0.8583333333333329485 ) ) ;
#2008 = CARTESIAN_POINT ( 'NONE',  ( -0.2735788812050300445, 0.7248532759737200681, 3.254999999999999893 ) ) ;
#2009 = EDGE_LOOP ( 'NONE', ( #2763, #1989, #1847, #381 ) ) ;
#2010 = ADVANCED_FACE ( 'NONE', ( #981 ), #1942, .T. ) ;
#2011 = ORIENTED_EDGE ( 'NONE', *, *, #1857, .T. ) ;
#2012 = CARTESIAN_POINT ( 'NONE',  ( 0.3863705466856222071, -0.6604195542700014299, 0.4083333333333360460 ) ) ;
#2013 = CARTESIAN_POINT ( 'NONE',  ( 0.5617161062401051508, 0.4829900519364170863, 2.919840491288031803 ) ) ;
#2014 = CARTESIAN_POINT ( 'NONE',  ( 0.3878251953516899664, -0.9217329428041640682, 3.000000000000000000 ) ) ;
#2015 = CARTESIAN_POINT ( 'NONE',  ( -0.9347106359744308257, -0.3570583735514591961, 2.898753664237007754 ) ) ;
#2016 = CARTESIAN_POINT ( 'NONE',  ( 0.6097048797508327622, -0.4224717061014092168, 1.236628497962765971 ) ) ;
#2017 = CARTESIAN_POINT ( 'NONE',  ( -0.2306507851116645080, -0.7035561665289428168, 2.755339536791309385 ) ) ;
#2018 = DIRECTION ( 'NONE',  ( -1.019098114406770010E-14, 1.000000000000000000, 0.000000000000000000 ) ) ;
#2019 = CARTESIAN_POINT ( 'NONE',  ( 0.8922269036098124939, 0.5219866587632829846, 0.7083333333333334814 ) ) ;
#2020 = DIRECTION ( 'NONE',  ( 0.000000000000000000, -3.108624468950430425E-15, -1.000000000000000000 ) ) ;
#2021 = CARTESIAN_POINT ( 'NONE',  ( -0.8660254037844390407, -0.5000000000000000000, 2.908333333333330106 ) ) ;
#2022 = CARTESIAN_POINT ( 'NONE',  ( 0.6513214695637091767, -0.3615655150994490086, 1.642660141759632930 ) ) ;
#2023 = CARTESIAN_POINT ( 'NONE',  ( -0.3999999999999829803, 1.383138611766330014E-14, 4.700000000000000178 ) ) ;
#2024 = EDGE_CURVE ( 'NONE', #2851, #3478, #1455, .T. ) ;
#2025 = ADVANCED_FACE ( 'NONE', ( #3890 ), #3599, .T. ) ;
#2026 = CARTESIAN_POINT ( 'NONE',  ( 0.6410254037844400621, -0.3700961894323349655, 0.8916666666666670515 ) ) ;
#2027 = CARTESIAN_POINT ( 'NONE',  ( -0.7087021158337619697, -0.7077842398114532196, 1.724191066445899034 ) ) ;
#2028 = VERTEX_POINT ( 'NONE', #1699 ) ;
#2029 = ORIENTED_EDGE ( 'NONE', *, *, #2988, .F. ) ;
#2030 = CARTESIAN_POINT ( 'NONE',  ( -0.6604195542700014299, -0.3863705466856226511, 0.3083333333333371229 ) ) ;
#2031 = CARTESIAN_POINT ( 'NONE',  ( 0.7400137760753647820, 0.01866347872657458246, 2.876679313822569917 ) ) ;
#2032 = CARTESIAN_POINT ( 'NONE',  ( 0.06695934748431825456, -1.000004336891740397, 2.179004030053000029 ) ) ;
#2033 = CARTESIAN_POINT ( 'NONE',  ( -0.8979486116706717480, -0.4401681740299326906, 2.904336819539519166 ) ) ;
#2034 = CARTESIAN_POINT ( 'NONE',  ( -0.2833339427964958745, -0.6838178155870787700, 1.150361158510563087 ) ) ;
#2035 = CARTESIAN_POINT ( 'NONE',  ( -0.4638811742942355876, -0.5769498740467876585, 2.731476498001545128 ) ) ;
#2036 = CARTESIAN_POINT ( 'NONE',  ( -0.8739910945365172434, -0.1956794066293051360, 3.000000000000000888 ) ) ;
#2037 = DIRECTION ( 'NONE',  ( 1.000000000000000000, 0.000000000000000000, 0.000000000000000000 ) ) ;
#2038 = CYLINDRICAL_SURFACE ( 'NONE', #2447, 1.000000000000000000 ) ;
#2039 = CARTESIAN_POINT ( 'NONE',  ( 0.000000000000000000, -1.052838844499739929E-14, 3.945147222509350904 ) ) ;
#2040 = CARTESIAN_POINT ( 'NONE',  ( 0.6855793148211349886, -0.2790938132647956538, 1.649980135611350152 ) ) ;
#2041 = CARTESIAN_POINT ( 'NONE',  ( -0.04787684475383546107, 0.7387371373189571822, 1.778810987034752156 ) ) ;
#2042 = CARTESIAN_POINT ( 'NONE',  ( -9.064742275298830802E-17, -0.7401923788646699309, 1.625000000000000000 ) ) ;
#2043 = CARTESIAN_POINT ( 'NONE',  ( -0.9999999999999906741, -0.2679491924311363515, 2.142863279495405227 ) ) ;
#2044 = CARTESIAN_POINT ( 'NONE',  ( 0.5190292846295579965, -0.8547564575345011351, 0.2598076211353340104 ) ) ;
#2045 = ORIENTED_EDGE ( 'NONE', *, *, #1068, .T. ) ;
#2046 = VERTEX_POINT ( 'NONE', #130 ) ;
#2047 = EDGE_CURVE ( 'NONE', #1826, #1785, #414, .T. ) ;
#2048 = CARTESIAN_POINT ( 'NONE',  ( 0.7401923788646722624, -0.1937819116403582953, 0.4583333333333354798 ) ) ;
#2049 = AXIS2_PLACEMENT_3D ( 'NONE', #2809, #2830, #2 ) ;
#2050 = DIRECTION ( 'NONE',  ( 0.000000000000000000, 0.000000000000000000, 1.000000000000000000 ) ) ;
#2051 = CARTESIAN_POINT ( 'NONE',  ( 0.000000000000000000, 0.000000000000000000, 0.000000000000000000 ) ) ;
#2052 = CARTESIAN_POINT ( 'NONE',  ( 0.9612312547561807641, -0.2834154955919857555, 2.256215803281385934 ) ) ;
#2053 = VERTEX_POINT ( 'NONE', #1360 ) ;
#2054 = ORIENTED_EDGE ( 'NONE', *, *, #779, .F. ) ;
#2055 = CARTESIAN_POINT ( 'NONE',  ( 0.7401923788646699309, 0.000000000000000000, 0.000000000000000000 ) ) ;
#2056 = DIRECTION ( 'NONE',  ( 0.000000000000000000, -3.239995458127760343E-15, -1.000000000000000000 ) ) ;
#2057 = CARTESIAN_POINT ( 'NONE',  ( 0.8988311211258914746, 0.4431549584722842550, 0.3045704840383974266 ) ) ;
#2058 = CARTESIAN_POINT ( 'NONE',  ( 1.154716704595970533, -2.121180174308142071E-16, 2.324991916891640642 ) ) ;
#2059 = CARTESIAN_POINT ( 'NONE',  ( 1.154700538379251240, -2.121150477449807913E-16, 3.074999999999989519 ) ) ;
#2060 = CARTESIAN_POINT ( 'NONE',  ( 0.7995367009466559649, 0.6147254446243782811, 2.316682196044862252 ) ) ;
#2061 = DIRECTION ( 'NONE',  ( 0.9961946980917458783, 3.760579408893949336E-15, 0.08715574274765508500 ) ) ;
#2062 = CARTESIAN_POINT ( 'NONE',  ( 0.6410254037844400621, 0.3700961894323349655, 0.5583333333333340143 ) ) ;
#2063 = DIRECTION ( 'NONE',  ( 1.000000000000000000, 0.000000000000000000, 0.000000000000000000 ) ) ;
#2064 = DIRECTION ( 'NONE',  ( 1.000000000000000000, 0.000000000000000000, 0.000000000000000000 ) ) ;
#2065 = VERTEX_POINT ( 'NONE', #442 ) ;
#2066 = ORIENTED_EDGE ( 'NONE', *, *, #3110, .T. ) ;
#2067 = CARTESIAN_POINT ( 'NONE',  ( 1.700028246974379865E-15, -0.1557693391224110047, 1.908430772231270112 ) ) ;
#2068 = DIRECTION ( 'NONE',  ( 1.000000000000000000, 0.000000000000000000, 0.000000000000000000 ) ) ;
#2069 = CARTESIAN_POINT ( 'NONE',  ( -0.6508056929179776295, -0.7594204381681503024, 2.129386081737651981 ) ) ;
#2070 = VERTEX_POINT ( 'NONE', #1089 ) ;
#2071 = AXIS2_PLACEMENT_3D ( 'NONE', #3074, #2994, #1530 ) ;
#2072 = LINE ( 'NONE', #3014, #3569 ) ;
#2073 = DIRECTION ( 'NONE',  ( 0.000000000000000000, 0.000000000000000000, -1.000000000000000000 ) ) ;
#2074 = EDGE_CURVE ( 'NONE', #3478, #54, #3759, .T. ) ;
#2075 = DIRECTION ( 'NONE',  ( 0.000000000000000000, -0.8660254037844328234, 0.5000000000000099920 ) ) ;
#2076 = CARTESIAN_POINT ( 'NONE',  ( 0.8660375284469739032, 0.5000070001771780293, 1.158325250224970127 ) ) ;
#2077 = CARTESIAN_POINT ( 'NONE',  ( 0.7026548502884422120, 0.7115320052100210235, 2.724801179203487411 ) ) ;
#2078 = CARTESIAN_POINT ( 'NONE',  ( 0.9999999999975083265, -2.232297275513582505E-06, 2.274999851180213195 ) ) ;
#2079 = CARTESIAN_POINT ( 'NONE',  ( -0.7401923788646703750, 0.1983339501604587940, 1.507136720504594019 ) ) ;
#2080 = CARTESIAN_POINT ( 'NONE',  ( -0.8922269036098117168, -0.5219866587632839838, 0.9083333333333335480 ) ) ;
#2081 = CARTESIAN_POINT ( 'NONE',  ( -0.6410254037844400621, 0.3700961894323349655, 3.091666666666659680 ) ) ;
#2082 = EDGE_CURVE ( 'NONE', #3513, #2739, #2001, .T. ) ;
#2083 = CARTESIAN_POINT ( 'NONE',  ( -0.4434603851421013432, -0.8964451385236447134, 2.545932207986607576 ) ) ;
#2084 = ORIENTED_EDGE ( 'NONE', *, *, #113, .T. ) ;
#2085 = VERTEX_POINT ( 'NONE', #3224 ) ;
#2086 = CARTESIAN_POINT ( 'NONE',  ( 0.3605334992896047086, 0.9541993988777003333, 1.952651432958619759 ) ) ;
#2087 = VECTOR ( 'NONE', #914, 1000.000000000000114 ) ;
#2088 = CARTESIAN_POINT ( 'NONE',  ( 0.7401923788646699309, -6.226295592251546642E-09, 2.074999999439159026 ) ) ;
#2089 = ORIENTED_EDGE ( 'NONE', *, *, #3845, .T. ) ;
#2090 = CARTESIAN_POINT ( 'NONE',  ( -0.4897885150504109886, -0.2028770456284580137, 3.254999999999999893 ) ) ;
#2091 = DIRECTION ( 'NONE',  ( 0.000000000000000000, 1.000000000000000000, -3.252606517456513302E-15 ) ) ;
#2092 = ORIENTED_EDGE ( 'NONE', *, *, #2150, .T. ) ;
#2093 = CARTESIAN_POINT ( 'NONE',  ( 0.4902569546912878273, 0.8720404590799957223, 0.3424729121448427116 ) ) ;
#2094 =( BOUNDED_CURVE ( )  B_SPLINE_CURVE ( 2, ( #2191, #1591, #3807, #3181, #3786, #1313, #1288, #1636, #1330 ),
 .UNSPECIFIED., .F., .F. ) 
 B_SPLINE_CURVE_WITH_KNOTS ( ( 3, 2, 2, 2, 3 ),
 ( 0.4999997527893755844, 0.5833333333330584791, 0.7499999999998314681, 0.9166666666666134500, 1.000000000000000000 ),
 .UNSPECIFIED. ) 
 CURVE ( )  GEOMETRIC_REPRESENTATION_ITEM ( )  RATIONAL_B_SPLINE_CURVE ( ( 0.9330127018928089377, 0.9330125031728251361, 1.000000000000000000, 0.8660254037844389297, 1.000000000000000000, 0.8660254037844389297, 1.000000000000000000, 0.9330127018922196314, 0.9330127018922195203 ) ) 
 REPRESENTATION_ITEM ( '' )  );
#2095 = EDGE_CURVE ( 'NONE', #2085, #1972, #1378, .T. ) ;
#2096 = CARTESIAN_POINT ( 'NONE',  ( -0.5773583522979830462, -1.000014000354360499, 1.391658583558310180 ) ) ;
#2097 = CARTESIAN_POINT ( 'NONE',  ( -0.7300860746169608451, 0.6834310208453623359, 2.827659058417322679 ) ) ;
#2098 = CARTESIAN_POINT ( 'NONE',  ( 0.6410254037844400621, 0.3700961894323349655, 0.9583333333333329263 ) ) ;
#2099 = ORIENTED_EDGE ( 'NONE', *, *, #3416, .T. ) ;
#2100 = FACE_OUTER_BOUND ( 'NONE', #242, .T. ) ;
#2101 = DIRECTION ( 'NONE',  ( 0.000000000000000000, -3.239995458127760343E-15, -1.000000000000000000 ) ) ;
#2102 =( BOUNDED_CURVE ( )  B_SPLINE_CURVE ( 2, ( #2333, #1031, #3498, #1407, #2566, #1106, #1083, #2638, #3516 ),
 .UNSPECIFIED., .F., .T. ) 
 B_SPLINE_CURVE_WITH_KNOTS ( ( 3, 2, 2, 2, 3 ),
 ( 0.000000000000000000, 0.1214451264312744888, 0.3643353792928638035, 0.6072256321544663438, 0.7286707318912202247 ),
 .UNSPECIFIED. ) 
 CURVE ( )  GEOMETRIC_REPRESENTATION_ITEM ( )  RATIONAL_B_SPLINE_CURVE ( ( 0.9330127018922194093, 0.9330127018919583959, 1.000000000000000000, 0.8660254037844389297, 1.000000000000000000, 0.8660254037844389297, 1.000000000000000000, 0.9330127166162485164, 0.9330127018922227400 ) ) 
 REPRESENTATION_ITEM ( '' )  );
#2103 = CARTESIAN_POINT ( 'NONE',  ( 0.5773502691896256200, 1.000000000000000222, 0.3416666666666663410 ) ) ;
#2104 = CARTESIAN_POINT ( 'NONE',  ( 0.7145146631062178066, -0.2916804879935670503, 0.03158153479152112086 ) ) ;
#2105 =( GEOMETRIC_REPRESENTATION_CONTEXT ( 3 ) GLOBAL_UNCERTAINTY_ASSIGNED_CONTEXT ( ( #1477 ) ) GLOBAL_UNIT_ASSIGNED_CONTEXT ( ( #1548, #2214, #1914 ) ) REPRESENTATION_CONTEXT ( 'NONE', 'WORKASPACE' ) );
#2106 = VERTEX_POINT ( 'NONE', #2608 ) ;
#2107 = ORIENTED_EDGE ( 'NONE', *, *, #2817, .F. ) ;
#2108 = DIRECTION ( 'NONE',  ( -0.08714264840443648741, 0.01733375049386290043, 0.9960450290638858117 ) ) ;
#2109 = CARTESIAN_POINT ( 'NONE',  ( -0.8972092770711480592, 0.1604604722076874990, 0.1670045636910289788 ) ) ;
#2110 = B_SPLINE_CURVE_WITH_KNOTS ( 'NONE', 3,
 ( #1450, #3319, #3908, #1144 ),
 .UNSPECIFIED., .F., .F.,
 ( 4, 4 ),
 ( 0.003033331547149929752, 0.004138332743302270203 ),
 .UNSPECIFIED. ) ;
#2111 = CARTESIAN_POINT ( 'NONE',  ( -1.078660417681879924, -0.2735788812050239938, 3.254999999999999893 ) ) ;
#2112 = VERTEX_POINT ( 'NONE', #793 ) ;
#2113 = FACE_OUTER_BOUND ( 'NONE', #3574, .T. ) ;
#2114 = FACE_OUTER_BOUND ( 'NONE', #2493, .T. ) ;
#2115 = CARTESIAN_POINT ( 'NONE',  ( 0.7071339928430906419, 0.7070795696752569803, 0.3244375253132406600 ) ) ;
#2116 = CARTESIAN_POINT ( 'NONE',  ( -0.5773583522979830462, -1.000014000354360499, 1.791658583558308981 ) ) ;
#2117 = CARTESIAN_POINT ( 'NONE',  ( -0.4905084738315683701, 0.8719031444726538238, 2.807547785154165698 ) ) ;
#2118 = CARTESIAN_POINT ( 'NONE',  ( -1.000000000000568212, 0.2679491924301365402, 2.507136720504651528 ) ) ;
#2119 = CARTESIAN_POINT ( 'NONE',  ( -0.1191203962766550356, 0.7309451183282895670, 1.784765626527470506 ) ) ;
#2120 = EDGE_CURVE ( 'NONE', #1404, #221, #1682, .T. ) ;
#2121 = CARTESIAN_POINT ( 'NONE',  ( -0.2617993877991499074, 1.000000000000000000, 1.591666666666666785 ) ) ;
#2122 =( BOUNDED_CURVE ( )  B_SPLINE_CURVE ( 2, ( #1881, #3122, #357, #380, #1278, #692, #2508, #67, #1300 ),
 .UNSPECIFIED., .F., .T. ) 
 B_SPLINE_CURVE_WITH_KNOTS ( ( 3, 2, 2, 2, 3 ),
 ( 0.000000000000000000, 0.08333333333338552307, 0.2500000000001650347, 0.4166666666669356367, 0.5000000420657557676 ),
 .UNSPECIFIED. ) 
 CURVE ( )  GEOMETRIC_REPRESENTATION_ITEM ( )  RATIONAL_B_SPLINE_CURVE ( ( 0.9330127018922195203, 0.9330127018922194093, 1.000000000000000000, 0.8660254037844389297, 1.000000000000000000, 0.8660254037844389297, 1.000000000000000000, 0.9330126680780251869, 0.9330127018922365068 ) ) 
 REPRESENTATION_ITEM ( '' )  );
#2123 = CARTESIAN_POINT ( 'NONE',  ( 0.000000000000000000, 0.7401923788646699309, 2.225000000000000089 ) ) ;
#2124 = CARTESIAN_POINT ( 'NONE',  ( 0.7109446375510931615, -0.2993089026021585330, 0.03113348461011569007 ) ) ;
#2125 = CARTESIAN_POINT ( 'NONE',  ( -0.5401819387530624184, 0.5061078743237917843, 1.427632660287985855 ) ) ;
#2126 = ORIENTED_EDGE ( 'NONE', *, *, #237, .F. ) ;
#2127 = VERTEX_POINT ( 'NONE', #231 ) ;
#2128 = CARTESIAN_POINT ( 'NONE',  ( 0.2706307762791853033, -0.9601967514391097636, 0.2485766086043766088 ) ) ;
#2129 = LINE ( 'NONE', #643, #2663 ) ;
#2130 = DIRECTION ( 'NONE',  ( 0.000000000000000000, 0.000000000000000000, 1.000000000000000000 ) ) ;
#2131 = DIRECTION ( 'NONE',  ( 0.000000000000000000, 0.000000000000000000, 1.000000000000000000 ) ) ;
#2132 = EDGE_LOOP ( 'NONE', ( #1505, #3620, #3910, #2456 ) ) ;
#2133 = CARTESIAN_POINT ( 'NONE',  ( 2.793185071074389933E-15, -0.3999999999999669931, 4.700000000000000178 ) ) ;
#2134 = CARTESIAN_POINT ( 'NONE',  ( 0.7401923788638029578, -1.132728162466058342E-06, 0.8750001171265002764 ) ) ;
#2135 = CARTESIAN_POINT ( 'NONE',  ( 0.5773502691896238437, -1.000000000000001554, 0.6583333333333332149 ) ) ;
#2136 = EDGE_CURVE ( 'NONE', #2028, #103, #2685, .T. ) ;
#2137 = AXIS2_PLACEMENT_3D ( 'NONE', #1739, #3246, #215 ) ;
#2138 = CARTESIAN_POINT ( 'NONE',  ( 0.5773583522979830462, 1.000014000354360499, 1.991658583558299611 ) ) ;
#2139 = CARTESIAN_POINT ( 'NONE',  ( 0.3808514765387781553, 0.9246362702609092210, 2.750499422041125630 ) ) ;
#2140 = CARTESIAN_POINT ( 'NONE',  ( 0.4273502691896260419, -0.7401923788646698199, 0.05833333333333557552 ) ) ;
#2141 = CARTESIAN_POINT ( 'NONE',  ( -0.7401923788646682656, 0.1937819116403737552, 2.658333333333333215 ) ) ;
#2142 = CARTESIAN_POINT ( 'NONE',  ( -0.6997272357049184599, 0.2427629556064101746, 2.253148789143245789 ) ) ;
#2143 = CARTESIAN_POINT ( 'NONE',  ( -0.8660254037844390407, 0.5000000000000000000, 0.04166666666666650476 ) ) ;
#2144 = VECTOR ( 'NONE', #2351, 1000.000000000000000 ) ;
#2145 = CARTESIAN_POINT ( 'NONE',  ( -0.8921120494808397750, -0.5222499675401093278, 2.508942384690878047 ) ) ;
#2146 = CARTESIAN_POINT ( 'NONE',  ( 0.6864602651867809380, -0.7272478209720520947, 2.223681867530801881 ) ) ;
#2147 = CARTESIAN_POINT ( 'NONE',  ( -0.3804161220908811591, 0.6352149838305846119, 1.409340867357206983 ) ) ;
#2148 = ORIENTED_EDGE ( 'NONE', *, *, #2414, .T. ) ;
#2149 = ORIENTED_EDGE ( 'NONE', *, *, #2650, .F. ) ;
#2150 = EDGE_CURVE ( 'NONE', #1157, #1328, #976, .T. ) ;
#2151 = CARTESIAN_POINT ( 'NONE',  ( -0.2239116561781944459, -0.9426465119042931606, 0.2286225931582190340 ) ) ;
#2152 = CARTESIAN_POINT ( 'NONE',  ( 0.000000000000000000, 0.000000000000000000, 4.700000000000000178 ) ) ;
#2153 = ORIENTED_EDGE ( 'NONE', *, *, #833, .T. ) ;
#2154 = CARTESIAN_POINT ( 'NONE',  ( -0.5580599543366406845, 0.4886685535417633619, 0.2297703630136544162 ) ) ;
#2155 = CARTESIAN_POINT ( 'NONE',  ( -0.6604195542700128652, -0.3863705466856032777, 2.308333333333333570 ) ) ;
#2156 = CARTESIAN_POINT ( 'NONE',  ( -0.9223281370245127730, 0.3864129789932628234, 0.4492798841456674963 ) ) ;
#2157 = CARTESIAN_POINT ( 'NONE',  ( -0.5773583522979830462, 1.000014000354360499, 3.258325250224972880 ) ) ;
#2158 = CARTESIAN_POINT ( 'NONE',  ( 0.3831970420094612528, 0.9236693741142498748, 2.750331564783682126 ) ) ;
#2159 = CARTESIAN_POINT ( 'NONE',  ( 9.064742275298830802E-17, -0.7401923788646699309, -0.02499999999999619887 ) ) ;
#2160 = CARTESIAN_POINT ( 'NONE',  ( 0.6848038234059488083, 0.7287970358070960941, 2.326387196529913215 ) ) ;
#2161 = CARTESIAN_POINT ( 'NONE',  ( -0.2936881312805948996, 0.6794599316048305360, 1.800642169640544132 ) ) ;
#2162 = CARTESIAN_POINT ( 'NONE',  ( -0.4349568267086821871, -0.6052131283813164675, 1.935271042597302316 ) ) ;
#2163 = CARTESIAN_POINT ( 'NONE',  ( -1.224646799147350002E-16, -1.000000000000000000, 0.1749999999999999889 ) ) ;
#2164 = CARTESIAN_POINT ( 'NONE',  ( -0.6999909914923844179, -0.7141645595874981378, 2.525032141624030224 ) ) ;
#2165 = CARTESIAN_POINT ( 'NONE',  ( 0.5010122427509082765, -0.8679104565849639075, 2.208272901679675826 ) ) ;
#2166 = CARTESIAN_POINT ( 'NONE',  ( -0.5286300245702322265, 0.5181112977912015749, 1.426227016556049554 ) ) ;
#2167 = VERTEX_POINT ( 'NONE', #3619 ) ;
#2168 = CARTESIAN_POINT ( 'NONE',  ( -9.064742275298830802E-17, -0.7401923788646699309, 3.174999999999999822 ) ) ;
#2169 = DIRECTION ( 'NONE',  ( -1.224646799147352714E-16, 1.000000000000000000, 0.000000000000000000 ) ) ;
#2170 = CARTESIAN_POINT ( 'NONE',  ( -0.4273502691896271521, -0.7401923788646698199, 1.991666666666658037 ) ) ;
#2171 = EDGE_CURVE ( 'NONE', #1424, #3088, #1815, .T. ) ;
#2172 = ORIENTED_EDGE ( 'NONE', *, *, #3800, .T. ) ;
#2173 = CARTESIAN_POINT ( 'NONE',  ( -0.5120171188643998228, 0.5345718564432512254, 0.2241377951710503968 ) ) ;
#2174 = B_SPLINE_CURVE_WITH_KNOTS ( 'NONE', 3,
 ( #402, #1340, #3778, #3170, #3447, #382, #68, #1279, #2573, #3466, #3816 ),
 .UNSPECIFIED., .F., .F.,
 ( 4, 2, 2, 1, 2, 4 ),
 ( 0.000000000000000000, 0.03411149027709956677, 0.05116723541564933975, 0.05969510798492421583, 0.06395904426956167121, 0.06822298055419910578 ),
 .UNSPECIFIED. ) ;
#2175 = CARTESIAN_POINT ( 'NONE',  ( -0.5219866587632828736, 0.8922269036098126049, 1.208333333333333703 ) ) ;
#2176 = CARTESIAN_POINT ( 'NONE',  ( 0.3317096112097139282, 0.9449853486771928601, 0.3540149372074690715 ) ) ;
#2177 = CARTESIAN_POINT ( 'NONE',  ( 0.6410254037844400621, -0.3700961894323349655, 0.8416666666666680063 ) ) ;
#2178 = DIRECTION ( 'NONE',  ( 1.000000000000000000, 0.000000000000000000, 1.247447789697575829E-13 ) ) ;
#2179 = CARTESIAN_POINT ( 'NONE',  ( -0.2544637783543353682, -0.7048823843837204173, 0.008208400174351553405 ) ) ;
#2180 = CARTESIAN_POINT ( 'NONE',  ( -0.7614133890122203319, 0.6490921130049552845, 2.430521472485553947 ) ) ;
#2181 = CARTESIAN_POINT ( 'NONE',  ( 0.000000000000000000, 0.000000000000000000, 0.000000000000000000 ) ) ;
#2182 = CARTESIAN_POINT ( 'NONE',  ( -0.2735788812050309882, 1.078660417681890138, 3.254999999999999893 ) ) ;
#2183 = CARTESIAN_POINT ( 'NONE',  ( -0.8660254037844390407, 0.5000000000000000000, 0.8416666666666648977 ) ) ;
#2184 = CARTESIAN_POINT ( 'NONE',  ( 0.7221540883650056086, -0.6917936579854541135, 2.626948357684961266 ) ) ;
#2185 = DIRECTION ( 'NONE',  ( 0.000000000000000000, 1.000000000000000000, -3.252606517456513302E-15 ) ) ;
#2186 = CARTESIAN_POINT ( 'NONE',  ( -0.1902803771746721662, 0.7169540365262822013, 1.390936383015209277 ) ) ;
#2187 = B_SPLINE_CURVE_WITH_KNOTS ( 'NONE', 3,
 ( #431, #2956, #2019, #1717, #1737, #721, #1347, #190, #1413, #2649 ),
 .UNSPECIFIED., .F., .F.,
 ( 4, 2, 2, 2, 4 ),
 ( 0.5000000000000000000, 0.6250000000000000000, 0.7500000000000000000, 0.8750000000000000000, 1.000000000000000000 ),
 .UNSPECIFIED. ) ;
#2188 = ORIENTED_EDGE ( 'NONE', *, *, #1317, .F. ) ;
#2189 = DIRECTION ( 'NONE',  ( 0.000000000000000000, 0.000000000000000000, 1.000000000000000000 ) ) ;
#2190 = CIRCLE ( 'NONE', #3426, 1.903699164743120065 ) ;
#2191 = CARTESIAN_POINT ( 'NONE',  ( 0.7401923788637345680, -1.176726234335890042E-06, 0.5249998940162049488 ) ) ;
#2192 = CARTESIAN_POINT ( 'NONE',  ( 1.376904727569939902E-14, 0.4000000000000150102, 4.700000000000000178 ) ) ;
#2193 = ORIENTED_EDGE ( 'NONE', *, *, #726, .T. ) ;
#2194 = DIRECTION ( 'NONE',  ( 0.9238795325112896251, -0.3826834323650828984, 1.065564151129124801E-14 ) ) ;
#2195 = CARTESIAN_POINT ( 'NONE',  ( 0.000000000000000000, 1.000000000000001998, 0.4249999999999993783 ) ) ;
#2196 = CARTESIAN_POINT ( 'NONE',  ( 0.3358201048381979636, 1.259450488053270201, 3.966420441514869832 ) ) ;
#2197 = CARTESIAN_POINT ( 'NONE',  ( -0.8660375284469739032, -0.5000070001771780293, 2.558325250224970482 ) ) ;
#2198 = CARTESIAN_POINT ( 'NONE',  ( -0.9145353925888880520, 2.543138227198659945E-09, 0.1743430137242199807 ) ) ;
#2199 = CARTESIAN_POINT ( 'NONE',  ( 0.6470114494229380897, -0.6518911407629346400, 0.1782659208288898123 ) ) ;
#2200 = EDGE_CURVE ( 'NONE', #223, #248, #3, .T. ) ;
#2201 = CARTESIAN_POINT ( 'NONE',  ( 0.4423896337237169796, 0.8969721511355741583, 2.346011279315634912 ) ) ;
#2202 = EDGE_CURVE ( 'NONE', #420, #2544, #3667, .T. ) ;
#2203 = VERTEX_POINT ( 'NONE', #888 ) ;
#2204 = CARTESIAN_POINT ( 'NONE',  ( 0.000000000000000000, 0.000000000000000000, 0.000000000000000000 ) ) ;
#2205 = CARTESIAN_POINT ( 'NONE',  ( -0.5270686538917070951, -0.5216779805145670412, 1.923929560820064610 ) ) ;
#2206 = ORIENTED_EDGE ( 'NONE', *, *, #3932, .F. ) ;
#2207 = CARTESIAN_POINT ( 'NONE',  ( -0.5773502691896256200, -1.000000000000000222, 0.5416666666666654084 ) ) ;
#2208 = CARTESIAN_POINT ( 'NONE',  ( -0.5215226652566001819, -0.5252616393854175891, 1.524633949305088665 ) ) ;
#2209 = CARTESIAN_POINT ( 'NONE',  ( -0.1570474759590619884, 0.3791461463968279766, 1.886154803078710085 ) ) ;
#2210 = CARTESIAN_POINT ( 'NONE',  ( 0.4972823915745497314, 0.5483979893640767989, 1.327549019471503611 ) ) ;
#2211 = ORIENTED_EDGE ( 'NONE', *, *, #2988, .T. ) ;
#2212 = CARTESIAN_POINT ( 'NONE',  ( 0.7401925313846801080, 0.1983336859880532321, 0.09286325570228140536 ) ) ;
#2213 = CARTESIAN_POINT ( 'NONE',  ( -1.349766751978800139, 0.3669424536064360143, 4.322150515720509567 ) ) ;
#2214 =( NAMED_UNIT ( * ) PLANE_ANGLE_UNIT ( ) SI_UNIT ( $, .RADIAN. ) );
#2215 = VECTOR ( 'NONE', #488, 1000.000000000000000 ) ;
#2216 = VERTEX_POINT ( 'NONE', #1165 ) ;
#2217 = EDGE_CURVE ( 'NONE', #1956, #2985, #2726, .T. ) ;
#2218 = CARTESIAN_POINT ( 'NONE',  ( -0.6793000823862392901, 0.2940158304808110912, 0.2485694185955939217 ) ) ;
#2219 = CARTESIAN_POINT ( 'NONE',  ( 0.5773502691896256200, 1.000000000000002442, 0.3916666666666664409 ) ) ;
#2220 = CARTESIAN_POINT ( 'NONE',  ( -0.7057167763902718605, 0.7084970107226113978, 0.4254613400085017205 ) ) ;
#2221 = ORIENTED_EDGE ( 'NONE', *, *, #1582, .F. ) ;
#2222 = CARTESIAN_POINT ( 'NONE',  ( 0.6410254037844400621, 0.3700961894323349655, 0.9083333333333349913 ) ) ;
#2223 = CARTESIAN_POINT ( 'NONE',  ( -0.3916757556042020916, -0.6281608469253672222, 1.139402534512754972 ) ) ;
#2224 = CARTESIAN_POINT ( 'NONE',  ( -0.7171363180040861707, 0.6969695030605755903, 2.426495875068685137 ) ) ;
#2225 = CARTESIAN_POINT ( 'NONE',  ( 0.8660254037844390407, 0.4999999999999996669, 2.758333333333327086 ) ) ;
#2226 = CARTESIAN_POINT ( 'NONE',  ( -0.7002947635320582176, -0.2445593953490609318, 1.896882717835742804 ) ) ;
#2227 = ORIENTED_EDGE ( 'NONE', *, *, #3718, .F. ) ;
#2228 = CARTESIAN_POINT ( 'NONE',  ( 0.000000000000000000, 1.000000000000000000, 2.375000000000000000 ) ) ;
#2229 = EDGE_CURVE ( 'NONE', #2085, #3609, #2614, .T. ) ;
#2230 = CARTESIAN_POINT ( 'NONE',  ( -0.06897393926976431999, -1.000015923987329636, 2.570846150621363790 ) ) ;
#2231 = DIRECTION ( 'NONE',  ( 0.000000000000000000, 1.000000000000000000, -3.108624468950430425E-15 ) ) ;
#2232 = ORIENTED_EDGE ( 'NONE', *, *, #826, .F. ) ;
#2233 = CARTESIAN_POINT ( 'NONE',  ( -0.4336709789805980320, -0.8556398946704856234, 0.2189009862454355526 ) ) ;
#2234 = CARTESIAN_POINT ( 'NONE',  ( -0.5015051002890661414, 0.7192322416888060621, 0.1356713353802030952 ) ) ;
#2235 = ORIENTED_EDGE ( 'NONE', *, *, #2808, .F. ) ;
#2236 = EDGE_LOOP ( 'NONE', ( #2600, #2428, #2759, #72, #1019, #1708, #2536, #3553, #992, #3046, #2349, #2348, #2563, #1314, #487, #2582, #2126, #1813, #345, #1162, #3696, #3411, #2987, #3213, #3732, #2528, #2946, #2250, #3554, #4002, #2089, #857, #3434 ) ) ;
#2237 = DIRECTION ( 'NONE',  ( 0.09427528220697664607, 0.000000000000000000, 0.9955461672694013719 ) ) ;
#2238 = CARTESIAN_POINT ( 'NONE',  ( 0.000000000000000000, 0.000000000000000000, 0.000000000000000000 ) ) ;
#2239 = CARTESIAN_POINT ( 'NONE',  ( -1.000000000000000000, 6.912039677475719115E-16, 0.9250000000000000444 ) ) ;
#2240 = CARTESIAN_POINT ( 'NONE',  ( 0.4273502691896260419, -0.7401923788646699309, 0.4083333333333363235 ) ) ;
#2241 = CARTESIAN_POINT ( 'NONE',  ( -0.8799822151068037446, 0.4886300993251031510, 2.842628944061381002 ) ) ;
#2242 = CARTESIAN_POINT ( 'NONE',  ( -0.7250529475286222603, 0.6887566732711078998, 2.427205050315404566 ) ) ;
#2243 = DIRECTION ( 'NONE',  ( 0.000000000000000000, 0.000000000000000000, -1.000000000000000000 ) ) ;
#2244 = CARTESIAN_POINT ( 'NONE',  ( -0.7401923788640939472, -9.064742275291770497E-17, -5.762057497804560425E-13 ) ) ;
#2245 = CIRCLE ( 'NONE', #2368, 2.773536978145061838 ) ;
#2246 = CARTESIAN_POINT ( 'NONE',  ( -0.5773502691896256200, -1.000000000000000222, 1.741666666666657814 ) ) ;
#2247 = CARTESIAN_POINT ( 'NONE',  ( 0.7695887136262692385, -0.6393707047633397922, 2.631313761531921092 ) ) ;
#2248 = CARTESIAN_POINT ( 'NONE',  ( 0.9999999275161147727, 0.2679493179768948075, 1.142863287865122812 ) ) ;
#2249 = CARTESIAN_POINT ( 'NONE',  ( 1.000000000000001332, 5.623369999853989444E-14, 2.724999999999148326 ) ) ;
#2250 = ORIENTED_EDGE ( 'NONE', *, *, #2650, .T. ) ;
#2251 = ORIENTED_EDGE ( 'NONE', *, *, #3168, .F. ) ;
#2252 = CARTESIAN_POINT ( 'NONE',  ( -0.3573983223060636649, -0.8944096649428812107, 0.2226416767837688382 ) ) ;
#2253 = ORIENTED_EDGE ( 'NONE', *, *, #3932, .T. ) ;
#2254 = B_SPLINE_CURVE_WITH_KNOTS ( 'NONE', 3,
 ( #1215, #2446, #2145, #3692, #3935, #3084, #944, #2164, #1153, #1237, #321, #3005, #240, #2469, #3406, #2385, #3345, #854, #2083, #3327, #1481, #1172, #2405, #575, #1021, #3174, #50, #1041, #3781, #364, #2230, #1651, #2558, #964, #1562, #33, #2821, #1926, #2841, #3431, #1305, #1260, #2538, #1866, #1887, #1586, #1608, #387, #2516, #74, #1283, #3105, #2184, #719, #1004, #2247, #407, #3194, #657, #1946, #429, #3489, #3128, #3762, #2883, #2863, #3471, #3508, #341, #2489, #2798, #1629, #3801, #3734, #985, #115 ),
 .UNSPECIFIED., .F., .F.,
 ( 4, 2, 2, 1, 1, 2, 2, 2, 2, 2, 2, 2, 2, 1, 1, 1, 1, 2, 2, 2, 1, 2, 2, 2, 1, 2, 2, 2, 2, 2, 1, 2, 2, 2, 2, 1, 1, 1, 2, 2, 2, 1, 1, 2, 4 ),
 ( 0.000000000000000000, 0.1249199224893710325, 0.1258958593838192530, 0.1268717962782674458, 0.1288236700671638313, 0.1327274176449567411, 0.1405349128005424497, 0.1561499031117140057, 0.1600536506895068878, 0.1639573982672997421, 0.1717648934228854785, 0.1873798837340569512, 0.1883558206285058101, 0.1893317575229546690, 0.1912836313118523035, 0.1951873788896475448, 0.2029948740452380829, 0.2186098643564190480, 0.2498398449787810061, 0.2576473401343715164, 0.2654548352899620545, 0.2810698256011429641, 0.3122998062235049499, 0.3142516800124025567, 0.3162035538013002189, 0.3201073013790954880, 0.3279147965346859706, 0.3435297868458669357, 0.3747597674682288660, 0.3786635150460224142, 0.3825672626238159624, 0.3903747577794029477, 0.4059897480905769185, 0.4372197287129249710, 0.4381956656073733858, 0.4391716025018217451, 0.4411234762907183526, 0.4450272238685116788, 0.4528347190240982201, 0.4684497093352714137, 0.4840646996464445517, 0.4918721948020312040, 0.4957759423798244747, 0.4977278161687210822, 0.4996796899576178008 ),
 .UNSPECIFIED. ) ;
#2255 = CARTESIAN_POINT ( 'NONE',  ( 0.05950447208366081014, 0.7378019609608608143, 2.970254308050388925 ) ) ;
#2256 = CARTESIAN_POINT ( 'NONE',  ( -0.8132370223385911867, -0.5828522727491906030, 2.114614793035036300 ) ) ;
#2257 = CARTESIAN_POINT ( 'NONE',  ( -0.9824566406518397965, -0.2037156842095726172, 2.888509326617056949 ) ) ;
#2258 = ORIENTED_EDGE ( 'NONE', *, *, #880, .T. ) ;
#2259 = CARTESIAN_POINT ( 'NONE',  ( 0.4273502691896260419, -0.7401923788646699309, 2.408333333333329218 ) ) ;
#2260 = CARTESIAN_POINT ( 'NONE',  ( -0.9447483555499612828, 0.3280710804193709973, 2.853193435099337094 ) ) ;
#2261 = CARTESIAN_POINT ( 'NONE',  ( -0.7401923788646708191, -0.08352071413605299810, 2.682522433043094789 ) ) ;
#2262 = CARTESIAN_POINT ( 'NONE',  ( 0.7401923788646699309, 0.000000000000000000, 0.000000000000000000 ) ) ;
#2263 = ADVANCED_FACE ( 'NONE', ( #1754 ), #1145, .T. ) ;
#2264 = CARTESIAN_POINT ( 'NONE',  ( -0.8660375284469739032, 0.5000070001771790285, 0.09165858355830969195 ) ) ;
#2265 = ORIENTED_EDGE ( 'NONE', *, *, #2769, .T. ) ;
#2266 = CARTESIAN_POINT ( 'NONE',  ( 0.5773502691896256200, 1.000000000000000222, 1.541666666666659635 ) ) ;
#2267 = CARTESIAN_POINT ( 'NONE',  ( -0.5208286063693228218, -0.5259577047156002161, 1.524711391098848567 ) ) ;
#2268 = CARTESIAN_POINT ( 'NONE',  ( 0.7465174195696432369, 0.2992766589708427682, 0.06330127071209722123 ) ) ;
#2269 = CARTESIAN_POINT ( 'NONE',  ( 0.4897885150504089902, -0.2028770456284479939, 3.254999999999999893 ) ) ;
#2270 = CARTESIAN_POINT ( 'NONE',  ( 0.2735788812050390373, 1.078660417681890138, 3.254999999999999893 ) ) ;
#2271 = EDGE_CURVE ( 'NONE', #410, #524, #3161, .T. ) ;
#2272 = ORIENTED_EDGE ( 'NONE', *, *, #1750, .T. ) ;
#2273 = EDGE_CURVE ( 'NONE', #681, #54, #3878, .T. ) ;
#2274 = DIRECTION ( 'NONE',  ( 0.000000000000000000, -0.2228687765782375318, -0.9748484540822330846 ) ) ;
#2275 = CARTESIAN_POINT ( 'NONE',  ( -0.1247591060966413284, 0.7302382378817978692, 2.985515445435673154 ) ) ;
#2276 = CARTESIAN_POINT ( 'NONE',  ( -0.7270299297703896046, -0.6866910907858355673, 2.122721437366253294 ) ) ;
#2277 = AXIS2_PLACEMENT_3D ( 'NONE', #347, #1508, #1243 ) ;
#2278 = CARTESIAN_POINT ( 'NONE',  ( -0.1165682622987167794, -0.9932219065379962464, 2.967934905223026387 ) ) ;
#2279 = CARTESIAN_POINT ( 'NONE',  ( -0.6410254037844400621, -0.3700961894323349655, 2.708333333333329929 ) ) ;
#2280 = CARTESIAN_POINT ( 'NONE',  ( 0.5646017764175939035, -0.4792640170878207928, 1.230632167842613311 ) ) ;
#2281 = CARTESIAN_POINT ( 'NONE',  ( 0.2566629814428434408, -0.6943034819002065205, 2.797086202751208894 ) ) ;
#2282 = CARTESIAN_POINT ( 'NONE',  ( -0.7130383003285267751, -0.6289796065927049096, 3.000000000000000888 ) ) ;
#2283 = CARTESIAN_POINT ( 'NONE',  ( -0.1570474759590479996, -0.3791461463968189838, 1.886154803078720077 ) ) ;
#2284 = DIRECTION ( 'NONE',  ( 1.000000000000000000, 0.000000000000000000, 0.000000000000000000 ) ) ;
#2285 = CONICAL_SURFACE ( 'NONE', #1903, 3.915192378864670086, 0.7853981633974433940 ) ;
#2286 = CARTESIAN_POINT ( 'NONE',  ( 0.5190292846295579965, -0.8547564575345011351, 0.2598076211353340104 ) ) ;
#2287 = CARTESIAN_POINT ( 'NONE',  ( 0.7208598508585594145, 0.1940567157342720783, 1.692244345334213529 ) ) ;
#2288 = CARTESIAN_POINT ( 'NONE',  ( -0.8547005383792529720, 5.233531392778363755E-17, 1.125000000000000222 ) ) ;
#2289 = CARTESIAN_POINT ( 'NONE',  ( 0.9999005775332546753, -0.1316287739713989380, 1.866220901898933526 ) ) ;
#2290 = ORIENTED_EDGE ( 'NONE', *, *, #3372, .T. ) ;
#2291 = VERTEX_POINT ( 'NONE', #2239 ) ;
#2292 = CARTESIAN_POINT ( 'NONE',  ( -0.2870652539304310302, -0.6822596996123959645, 0.000000000000000000 ) ) ;
#2293 = FACE_OUTER_BOUND ( 'NONE', #3073, .T. ) ;
#2294 = FACE_OUTER_BOUND ( 'NONE', #3333, .T. ) ;
#2295 = CARTESIAN_POINT ( 'NONE',  ( -0.3662570440084116363, -0.9341253453246459726, 2.951547924160172975 ) ) ;
#2296 = CARTESIAN_POINT ( 'NONE',  ( -0.4273502691896260419, 0.7401923788646699309, 1.808333333333332904 ) ) ;
#2297 = AXIS2_PLACEMENT_3D ( 'NONE', #1615, #2783, #2827 ) ;
#2298 = CARTESIAN_POINT ( 'NONE',  ( -0.3413323364797565818, -0.6570424804658051565, 1.144619551767876331 ) ) ;
#2299 = CARTESIAN_POINT ( 'NONE',  ( 0.4439608999092404806, -0.6117493479449949145, 2.815216146601604574 ) ) ;
#2300 = CARTESIAN_POINT ( 'NONE',  ( -0.3046986221720220378, 1.169094900404459958, 3.610700266901099909 ) ) ;
#2301 = CARTESIAN_POINT ( 'NONE',  ( 0.5773583522979830462, 1.000014000354360499, 0.3916585835583091257 ) ) ;
#2302 = CARTESIAN_POINT ( 'NONE',  ( 1.000000000000000000, 0.000000000000000000, 0.000000000000000000 ) ) ;
#2303 = CARTESIAN_POINT ( 'NONE',  ( 0.3613861578181458145, -0.6463155910360777190, 1.607377087938696825 ) ) ;
#2304 = CARTESIAN_POINT ( 'NONE',  ( -0.7392964871994958109, -0.02765824370233288185, 0.6774794906965991848 ) ) ;
#2305 = EDGE_CURVE ( 'NONE', #1848, #344, #465, .T. ) ;
#2306 = CARTESIAN_POINT ( 'NONE',  ( 0.6410254037844400621, -0.3700961894323349655, 0.09166666666666870023 ) ) ;
#2307 = LINE ( 'NONE', #3917, #1088 ) ;
#2308 = EDGE_LOOP ( 'NONE', ( #3808, #1726, #2802, #3926 ) ) ;
#2309 = ORIENTED_EDGE ( 'NONE', *, *, #2811, .T. ) ;
#2310 = ORIENTED_EDGE ( 'NONE', *, *, #3470, .T. ) ;
#2311 = CARTESIAN_POINT ( 'NONE',  ( 0.7377944686211778125, 0.06408790889390732215, 2.880753684866192987 ) ) ;
#2312 = CARTESIAN_POINT ( 'NONE',  ( 0.9999999999999640288, -2.692229938332743024E-07, 0.7249999820518004956 ) ) ;
#2313 = CARTESIAN_POINT ( 'NONE',  ( 0.4273502691896260419, -0.7401923788646698199, 2.458333333333333037 ) ) ;
#2314 = EDGE_CURVE ( 'NONE', #432, #2715, #2787, .T. ) ;
#2315 = CARTESIAN_POINT ( 'NONE',  ( -0.6410254037844400621, -0.3700961894323349655, 1.908333333333330106 ) ) ;
#2316 = DIRECTION ( 'NONE',  ( -1.000000000000000000, -3.930791316214280852E-15, 0.000000000000000000 ) ) ;
#2317 = EDGE_CURVE ( 'NONE', #3513, #2737, #3725, .T. ) ;
#2318 = AXIS2_PLACEMENT_3D ( 'NONE', #2957, #478, #3526 ) ;
#2319 = CARTESIAN_POINT ( 'NONE',  ( -0.6713545954191910692, -0.3157084213490289892, 2.703176295990481925 ) ) ;
#2320 = CARTESIAN_POINT ( 'NONE',  ( -0.8368059009192037045, -0.3815965172511630032, 3.000000000000000444 ) ) ;
#2321 = EDGE_CURVE ( 'NONE', #420, #524, #3117, .T. ) ;
#2322 = CARTESIAN_POINT ( 'NONE',  ( 0.7401923788646699309, 0.000000000000000000, 0.000000000000000000 ) ) ;
#2323 = CARTESIAN_POINT ( 'NONE',  ( 0.7401923788646699309, -6.226295592251546642E-09, 2.074999999439159026 ) ) ;
#2324 = CARTESIAN_POINT ( 'NONE',  ( 1.154700538379251240, -2.121150477449807913E-16, 2.674999999999989164 ) ) ;
#2325 = CARTESIAN_POINT ( 'NONE',  ( -0.2957722119688590001, -0.6789730172835197752, 1.549163607677708887 ) ) ;
#2326 = CARTESIAN_POINT ( 'NONE',  ( -0.7375048181428551786, -0.08297120321383846808, 0.6824381558232145428 ) ) ;
#2327 = CARTESIAN_POINT ( 'NONE',  ( 0.4273502691896260419, -0.7401923788646699309, 0.05833333333333556858 ) ) ;
#2328 = DIRECTION ( 'NONE',  ( 0.9203638919632252113, 0.3812272063696520163, 0.08715574274765590379 ) ) ;
#2329 = ORIENTED_EDGE ( 'NONE', *, *, #1892, .T. ) ;
#2330 = AXIS2_PLACEMENT_3D ( 'NONE', #1834, #2682, #3924 ) ;
#2331 = ORIENTED_EDGE ( 'NONE', *, *, #1592, .T. ) ;
#2332 = CARTESIAN_POINT ( 'NONE',  ( 0.7401924022268689951, 0.1983339096959440551, 2.942863275850896798 ) ) ;
#2333 = CARTESIAN_POINT ( 'NONE',  ( -0.7401923788646699309, 1.181795160448850099E-15, 2.725000000000000089 ) ) ;
#2334 = DIRECTION ( 'NONE',  ( 1.000000000000000000, 0.000000000000000000, 0.000000000000000000 ) ) ;
#2335 = CARTESIAN_POINT ( 'NONE',  ( -1.000000000000000000, -2.653787043783149998E-17, 0.4749999999999999778 ) ) ;
#2336 = CARTESIAN_POINT ( 'NONE',  ( -0.1937819116403742270, 0.7401923788646677105, 0.5916666666666672292 ) ) ;
#2337 = CARTESIAN_POINT ( 'NONE',  ( -0.05023932360959008914, -0.7402172709000763851, 2.770970559989558435 ) ) ;
#2338 = CARTESIAN_POINT ( 'NONE',  ( -0.8055939872874388064, 0.2315538937290795574, 3.000000000000000888 ) ) ;
#2339 = DIRECTION ( 'NONE',  ( -0.01733375049385930261, -0.08714264840443340654, 0.9960450290638862558 ) ) ;
#2340 = DIRECTION ( 'NONE',  ( 0.000000000000000000, -0.08715574274765189311, 0.9961946980917459893 ) ) ;
#2341 = CARTESIAN_POINT ( 'NONE',  ( -0.5773502691896256200, 1.000000000000000222, 3.208333333333333481 ) ) ;
#2342 = CARTESIAN_POINT ( 'NONE',  ( 0.3782588475290948882, -0.6364990538286673383, 1.609119223913535013 ) ) ;
#2343 = CARTESIAN_POINT ( 'NONE',  ( -0.01403747919192356065, 0.7401831423225747608, 1.776050827744712901 ) ) ;
#2344 = ADVANCED_FACE ( 'NONE', ( #2586 ), #1712, .T. ) ;
#2345 = CARTESIAN_POINT ( 'NONE',  ( -0.6410254037844400621, 0.3700961894323349655, 0.2916666666666680174 ) ) ;
#2346 = B_SPLINE_CURVE_WITH_KNOTS ( 'NONE', 3,
 ( #859, #1547, #2782, #2720, #1811, #2474, #3395, #1222, #2389, #3634, #1788, #2086, #624, #17, #3330, #3659, #3720, #949, #3029, #266, #3965, #1178, #2409, #1527 ),
 .UNSPECIFIED., .F., .F.,
 ( 4, 1, 1, 1, 1, 1, 1, 1, 1, 1, 1, 1, 1, 1, 1, 1, 1, 1, 1, 1, 1, 4 ),
 ( 0.5003662105187481890, 0.5160239697300577077, 0.5316807512047151407, 0.5473365690461478028, 0.5629914373609955502, 0.5786453702584657410, 0.5942983818502950433, 0.6099504862507120206, 0.6256016975763989407, 0.6412575942898552928, 0.6880582960146520710, 0.7502907027097551751, 0.8125232663755280749, 0.8747683527721834551, 0.9060485941193275883, 0.9373193224116940225, 0.9423121279350963331, 0.9494870342622188097, 0.9588437473401600908, 0.9703818488869244696, 0.9841008108567729229, 1.000000000000000000 ),
 .UNSPECIFIED. ) ;
#2347 = CARTESIAN_POINT ( 'NONE',  ( -0.3614521178866730300, -0.9537862071205774894, 1.752570470685678394 ) ) ;
#2348 = ORIENTED_EDGE ( 'NONE', *, *, #2801, .F. ) ;
#2349 = ORIENTED_EDGE ( 'NONE', *, *, #1453, .F. ) ;
#2350 = ORIENTED_EDGE ( 'NONE', *, *, #167, .F. ) ;
#2351 = DIRECTION ( 'NONE',  ( 0.000000000000000000, 0.000000000000000000, -1.000000000000000000 ) ) ;
#2352 = APPLICATION_PROTOCOL_DEFINITION ( 'draft international standard', 'automotive_design', 1998, #3746 ) ;
#2353 = CARTESIAN_POINT ( 'NONE',  ( -0.5759108335236222675, -0.8175629176384238139, 2.135668060775814947 ) ) ;
#2354 = ORIENTED_EDGE ( 'NONE', *, *, #961, .T. ) ;
#2355 = DIRECTION ( 'NONE',  ( 1.000000000000000000, 0.000000000000000000, 0.000000000000000000 ) ) ;
#2356 = CARTESIAN_POINT ( 'NONE',  ( 1.000000000000000000, 0.000000000000000000, 0.000000000000000000 ) ) ;
#2357 = CARTESIAN_POINT ( 'NONE',  ( -0.7799607023692952668, -0.5135185726260952377, 2.999999999999999556 ) ) ;
#2358 = CARTESIAN_POINT ( 'NONE',  ( 0.8660375284469739032, 0.5000070001771780293, 1.958325250224970393 ) ) ;
#2359 = CARTESIAN_POINT ( 'NONE',  ( -0.5773502691896256200, -1.000000000000000222, 2.941666666666661545 ) ) ;
#2360 = CARTESIAN_POINT ( 'NONE',  ( 0.5296540318799068947, -0.5170869944705391852, 1.626355394656433528 ) ) ;
#2361 = CARTESIAN_POINT ( 'NONE',  ( -1.000000000000000222, 0.2679491924311206419, 1.707136720504591976 ) ) ;
#2362 = CARTESIAN_POINT ( 'NONE',  ( -0.6410254037844400621, 0.3700961894323349655, 0.6916666666666669849 ) ) ;
#2363 = CARTESIAN_POINT ( 'NONE',  ( -0.001618984122694910833, -1.026021922546643594, 1.775126953784108119 ) ) ;
#2364 = CARTESIAN_POINT ( 'NONE',  ( -0.7401923788646699309, -2.312508131682119882E-16, 0.3250000000000000111 ) ) ;
#2365 = ORIENTED_EDGE ( 'NONE', *, *, #171, .F. ) ;
#2366 = ORIENTED_EDGE ( 'NONE', *, *, #1458, .T. ) ;
#2367 = CARTESIAN_POINT ( 'NONE',  ( 1.000000000000001332, 5.623369999853989444E-14, 2.724999999999148326 ) ) ;
#2368 = AXIS2_PLACEMENT_3D ( 'NONE', #352, #1574, #122 ) ;
#2369 = CARTESIAN_POINT ( 'NONE',  ( -1.078660417681879924, 0.2735788812050460317, 3.254999999999999893 ) ) ;
#2370 = CARTESIAN_POINT ( 'NONE',  ( 1.078660417681890138, -0.2735788812050169994, 3.254999999999999893 ) ) ;
#2371 = VECTOR ( 'NONE', #2963, 1000.000000000000227 ) ;
#2372 = DIRECTION ( 'NONE',  ( 1.000000000000000000, 0.000000000000000000, 7.981562863419020892E-14 ) ) ;
#2373 = DIRECTION ( 'NONE',  ( -3.239995458127760343E-15, 3.239995458127720111E-15, 1.000000000000000000 ) ) ;
#2374 = CARTESIAN_POINT ( 'NONE',  ( -0.5773502691896250649, -1.000000000000001554, 0.5916666666666661190 ) ) ;
#2375 = VERTEX_POINT ( 'NONE', #1976 ) ;
#2376 = EDGE_CURVE ( 'NONE', #524, #725, #213, .T. ) ;
#2377 = CARTESIAN_POINT ( 'NONE',  ( -0.5773583522979830462, 1.000014000354360499, 2.058325250224969150 ) ) ;
#2378 = AXIS2_PLACEMENT_3D ( 'NONE', #3245, #3566, #2340 ) ;
#2379 = CARTESIAN_POINT ( 'NONE',  ( 0.6038030583553835040, 0.7992188628810390494, 2.733446498099793232 ) ) ;
#2380 = AXIS2_PLACEMENT_3D ( 'NONE', #274, #1774, #846 ) ;
#2381 = CARTESIAN_POINT ( 'NONE',  ( -0.7401923788646700419, 0.1983339501604599597, 1.107136720504594107 ) ) ;
#2382 = CARTESIAN_POINT ( 'NONE',  ( 0.4273502691896271521, 0.7401923788646698199, 1.391666666666668828 ) ) ;
#2383 = DIRECTION ( 'NONE',  ( -0.01733375049385690522, 0.08714264840444292670, 0.9960450290638853676 ) ) ;
#2384 = CARTESIAN_POINT ( 'NONE',  ( 0.000000000000000000, 0.7401923788646699309, 3.425000000000000266 ) ) ;
#2385 = CARTESIAN_POINT ( 'NONE',  ( -0.5051996427965346204, -0.8631187839478120516, 2.541264534625418570 ) ) ;
#2386 = CARTESIAN_POINT ( 'NONE',  ( 0.7379595373232733513, -0.7218165874260686898, 0.2768788941715953356 ) ) ;
#2387 = ORIENTED_EDGE ( 'NONE', *, *, #2808, .T. ) ;
#2388 = ORIENTED_EDGE ( 'NONE', *, *, #137, .F. ) ;
#2389 = CARTESIAN_POINT ( 'NONE',  ( 0.7742670624464279561, 0.6353989500283305780, 1.918629943323176823 ) ) ;
#2390 = CYLINDRICAL_SURFACE ( 'NONE', #281, 1.000000000000000000 ) ;
#2391 = CARTESIAN_POINT ( 'NONE',  ( 0.7477222373097059949, -0.3885489136734259774, 4.569113484364089928 ) ) ;
#2392 = EDGE_CURVE ( 'NONE', #2894, #3459, #897, .T. ) ;
#2393 = ORIENTED_EDGE ( 'NONE', *, *, #626, .F. ) ;
#2394 = CARTESIAN_POINT ( 'NONE',  ( -0.1557693391224169999, -9.440253841463610332E-15, 1.908430772231270112 ) ) ;
#2395 = DIRECTION ( 'NONE',  ( 1.000000000000000000, 0.000000000000000000, 0.000000000000000000 ) ) ;
#2396 = CARTESIAN_POINT ( 'NONE',  ( 0.3358201048381959652, -1.259450488053249995, 3.966420441514880046 ) ) ;
#2397 = CARTESIAN_POINT ( 'NONE',  ( 0.5773583522979818250, -1.000014000354360499, 0.6583252502249753446 ) ) ;
#2398 = CARTESIAN_POINT ( 'NONE',  ( -0.5755011752627495758, 0.8192658731388628990, 2.814155460892403315 ) ) ;
#2399 = CARTESIAN_POINT ( 'NONE',  ( 0.7401931655984002045, -0.1983325874976671344, 0.1071368432351012118 ) ) ;
#2400 = CARTESIAN_POINT ( 'NONE',  ( -0.7149088304374312530, 0.1933284745339806376, 1.857645612500048893 ) ) ;
#2401 = AXIS2_PLACEMENT_3D ( 'NONE', #3199, #1931, #990 ) ;
#2402 = PRODUCT_DEFINITION_CONTEXT ( 'detailed design', #3746, 'design' ) ;
#2403 = CARTESIAN_POINT ( 'NONE',  ( -0.7380605267366124878, 0.07280637601499405365, 2.268456370904825548 ) ) ;
#2404 = CARTESIAN_POINT ( 'NONE',  ( -0.4273502691896260419, 0.7401923788646699309, 2.658333333333329662 ) ) ;
#2405 = CARTESIAN_POINT ( 'NONE',  ( -0.3787796646635763764, -0.9254888932111760003, 2.550647405002162582 ) ) ;
#2406 = VERTEX_POINT ( 'NONE', #146 ) ;
#2407 = ORIENTED_EDGE ( 'NONE', *, *, #912, .T. ) ;
#2408 = CARTESIAN_POINT ( 'NONE',  ( -9.064742275298830802E-17, -0.7401923788646699309, 3.575000000000000178 ) ) ;
#2409 = CARTESIAN_POINT ( 'NONE',  ( -0.9990538320092069435, 0.03322948402048434696, 2.072788108933498297 ) ) ;
#2410 = AXIS2_PLACEMENT_3D ( 'NONE', #566, #2684, #1794 ) ;
#2411 = DIRECTION ( 'NONE',  ( 1.000000000000000000, 0.000000000000000000, 0.000000000000000000 ) ) ;
#2412 =( BOUNDED_CURVE ( )  B_SPLINE_CURVE ( 2, ( #1323, #1924, #384, #2795, #426, #3103, #1559, #3487, #636 ),
 .UNSPECIFIED., .F., .T. ) 
 B_SPLINE_CURVE_WITH_KNOTS ( ( 3, 2, 2, 2, 3 ),
 ( 0.000000000000000000, 0.08333333333333124704, 0.2500000000000022760, 0.4166666666666642427, 0.5000000000000000000 ),
 .UNSPECIFIED. ) 
 CURVE ( )  GEOMETRIC_REPRESENTATION_ITEM ( )  RATIONAL_B_SPLINE_CURVE ( ( 0.9330127018922194093, 0.9330127018922194093, 1.000000000000000000, 0.8660254037844389297, 1.000000000000000000, 0.8660254037844389297, 1.000000000000000000, 0.9330127018922192983, 0.9330127018922194093 ) ) 
 REPRESENTATION_ITEM ( '' )  );
#2413 = VERTEX_POINT ( 'NONE', #1409 ) ;
#2414 = EDGE_CURVE ( 'NONE', #3429, #58, #3968, .T. ) ;
#2415 = DIRECTION ( 'NONE',  ( 0.9961946980917458783, 1.015220138407319900E-14, -0.08715574274765508500 ) ) ;
#2416 = CARTESIAN_POINT ( 'NONE',  ( 1.398755535826794238, 0.000000000000000000, 4.322150515720509567 ) ) ;
#2417 = CARTESIAN_POINT ( 'NONE',  ( 0.7840091918216310907, 0.6222585013797226061, 0.3176028579580358335 ) ) ;
#2418 = ORIENTED_EDGE ( 'NONE', *, *, #1420, .F. ) ;
#2419 = CARTESIAN_POINT ( 'NONE',  ( -0.8660375284469739032, -0.5000070001771780293, 1.358325250224969860 ) ) ;
#2420 = CARTESIAN_POINT ( 'NONE',  ( -0.3897937100589023984, 0.9209109199657093958, 2.800140931550661794 ) ) ;
#2421 = CARTESIAN_POINT ( 'NONE',  ( 0.7401923788650901503, 0.1983339501597319587, 0.9428632794953423213 ) ) ;
#2422 = CARTESIAN_POINT ( 'NONE',  ( -0.3793685845130190804, 0.6358388302148679783, 1.809233831096613399 ) ) ;
#2423 = LINE ( 'NONE', #1213, #70 ) ;
#2424 = CARTESIAN_POINT ( 'NONE',  ( 0.6410254037844400621, -0.3700961894323349655, 3.291666666666659857 ) ) ;
#2425 = CARTESIAN_POINT ( 'NONE',  ( 0.6256938512250186379, -0.4376939023481641877, 0.02315575176113504954 ) ) ;
#2426 = CARTESIAN_POINT ( 'NONE',  ( -9.064742275298830802E-17, -0.7401923788646699309, 0.4249999999999999889 ) ) ;
#2427 = ORIENTED_EDGE ( 'NONE', *, *, #313, .F. ) ;
#2428 = ORIENTED_EDGE ( 'NONE', *, *, #2414, .F. ) ;
#2429 = CYLINDRICAL_SURFACE ( 'NONE', #716, 1.000000000000000000 ) ;
#2430 = EDGE_CURVE ( 'NONE', #1929, #837, #2966, .T. ) ;
#2431 = CARTESIAN_POINT ( 'NONE',  ( -0.5982310938834224379, 0.6484261196964983265, 0.1413322443519094695 ) ) ;
#2432 = CYLINDRICAL_SURFACE ( 'NONE', #533, 0.7401923788646699309 ) ;
#2433 = CARTESIAN_POINT ( 'NONE',  ( 0.2710744457122028495, -0.9660518452665706191, 2.991920673846357737 ) ) ;
#2434 = VERTEX_POINT ( 'NONE', #1161 ) ;
#2435 = PLANE ( 'NONE',  #3632 ) ;
#2436 = CARTESIAN_POINT ( 'NONE',  ( 0.0001934145809367898456, 0.7593703495335772935, 0.9750539146445704741 ) ) ;
#2437 = CARTESIAN_POINT ( 'NONE',  ( 0.7061757512709219142, 0.7080378062984968857, 0.3245177959979224092 ) ) ;
#2438 = CARTESIAN_POINT ( 'NONE',  ( -0.8660375284469739032, -0.5000070001771780293, 1.758325250224969993 ) ) ;
#2439 = CARTESIAN_POINT ( 'NONE',  ( 0.07220358878919556911, 1.000027666828840145, 2.770615049071207814 ) ) ;
#2440 = DIRECTION ( 'NONE',  ( 1.000000000000000000, 0.000000000000000000, 0.000000000000000000 ) ) ;
#2441 = EDGE_CURVE ( 'NONE', #1707, #3478, #866, .T. ) ;
#2442 = CARTESIAN_POINT ( 'NONE',  ( -0.6604195542700015409, 0.3863705466856223736, 2.641666666666665719 ) ) ;
#2443 = CIRCLE ( 'NONE', #3684, 2.000000000000000000 ) ;
#2444 = CARTESIAN_POINT ( 'NONE',  ( 0.5264529991051927205, 0.5223153857160401925, 2.124023661506925009 ) ) ;
#2445 = CARTESIAN_POINT ( 'NONE',  ( -9.064742275298830802E-17, -0.7401923788646699309, 2.425000000000000266 ) ) ;
#2446 = CARTESIAN_POINT ( 'NONE',  ( -1.000000000000001110, -0.2619330780176784557, 2.492462205201171788 ) ) ;
#2447 = AXIS2_PLACEMENT_3D ( 'NONE', #132, #1361, #2591 ) ;
#2448 = CARTESIAN_POINT ( 'NONE',  ( 0.000000000000000000, 0.000000000000000000, 0.000000000000000000 ) ) ;
#2449 = CARTESIAN_POINT ( 'NONE',  ( -0.04756189738093156288, 0.7390497317625768225, 1.378810741997002376 ) ) ;
#2450 = B_SPLINE_CURVE_WITH_KNOTS ( 'NONE', 3,
 ( #2014, #453, #3866, #2639, #2567, #3886, #490, #1955, #1658, #1675, #2914, #2585, #145, #2892, #1935, #418, #1032, #1372, #2603, #3237, #3258, #1711, #1642, #2951, #2931, #183, #1354, #1408, #162, #3539, #3577 ),
 .UNSPECIFIED., .F., .F.,
 ( 4, 1, 2, 2, 1, 1, 1, 2, 2, 2, 2, 1, 1, 2, 2, 1, 2, 2, 4 ),
 ( 0.000000000000000000, 0.1250000000000005829, 0.1875000000000008049, 0.2500000000000010547, 0.3125000000000012768, 0.3437500000000013878, 0.3593750000000014433, 0.3671875000000014433, 0.3750000000000013878, 0.5000000000000014433, 0.6250000000000015543, 0.6875000000000016653, 0.7187500000000016653, 0.7343750000000016653, 0.7500000000000015543, 0.8125000000000013323, 0.8437500000000011102, 0.8750000000000009992, 1.000000000000000000 ),
 .UNSPECIFIED. ) ;
#2451 = ORIENTED_EDGE ( 'NONE', *, *, #2565, .F. ) ;
#2452 = ORIENTED_EDGE ( 'NONE', *, *, #1630, .F. ) ;
#2453 = CARTESIAN_POINT ( 'NONE',  ( 0.8547005383792529720, -1.570059417833509065E-16, 2.875000000000003553 ) ) ;
#2454 = CARTESIAN_POINT ( 'NONE',  ( -0.5685660583243746791, 0.6725590979314606255, 0.1395450624887542568 ) ) ;
#2455 = CARTESIAN_POINT ( 'NONE',  ( 0.000000000000000000, 0.9999999999999995559, 2.024999999999998579 ) ) ;
#2456 = ORIENTED_EDGE ( 'NONE', *, *, #606, .T. ) ;
#2457 = DIRECTION ( 'NONE',  ( -1.000000000000000000, 0.000000000000000000, 0.000000000000000000 ) ) ;
#2458 = DIRECTION ( 'NONE',  ( 1.000000000000000000, 0.000000000000000000, 0.000000000000000000 ) ) ;
#2459 = CARTESIAN_POINT ( 'NONE',  ( -0.8660254037844370423, -0.4999999999999985012, 0.5583333333333330151 ) ) ;
#2460 = CARTESIAN_POINT ( 'NONE',  ( 0.000000000000000000, 1.000014000354360055, 3.224991916891639665 ) ) ;
#2461 = CARTESIAN_POINT ( 'NONE',  ( 0.7401923788644441116, -5.780933788917499690E-07, 0.07500004733779316868 ) ) ;
#2462 = CARTESIAN_POINT ( 'NONE',  ( 0.2484608110586042085, -0.8062330497747115521, 0.1028701786291257581 ) ) ;
#2463 = CARTESIAN_POINT ( 'NONE',  ( -0.9277669464193980531, 0.3731811187133345920, 2.450260966008503516 ) ) ;
#2464 = CARTESIAN_POINT ( 'NONE',  ( -0.7401923788646699309, 3.598847483741179307E-15, 2.674999999999999822 ) ) ;
#2465 = CARTESIAN_POINT ( 'NONE',  ( -0.2906590844714520561, 0.7017427134338855010, 2.199058034435218190 ) ) ;
#2466 = CARTESIAN_POINT ( 'NONE',  ( 0.4273502691896260419, -0.7401923788646699309, 2.458333333333333037 ) ) ;
#2467 = ADVANCED_FACE ( 'NONE', ( #3966 ), #861, .T. ) ;
#2468 = AXIS2_PLACEMENT_3D ( 'NONE', #307, #930, #1569 ) ;
#2469 = CARTESIAN_POINT ( 'NONE',  ( -0.5435727315009769578, -0.8394863509522522138, 2.538266380110571596 ) ) ;
#2470 = CARTESIAN_POINT ( 'NONE',  ( -0.2666201689564786093, -0.9719565678303446754, 2.158725610636405445 ) ) ;
#2471 = CARTESIAN_POINT ( 'NONE',  ( -0.02505258999046188276, 0.7401868483967891654, 1.376978121330308946 ) ) ;
#2472 = ORIENTED_EDGE ( 'NONE', *, *, #606, .F. ) ;
#2473 = CARTESIAN_POINT ( 'NONE',  ( 0.6410254037844400621, 0.3700961894323349655, 3.308333333333330017 ) ) ;
#2474 = CARTESIAN_POINT ( 'NONE',  ( 0.9253599660744674660, 0.3832901096141598241, 1.900468281152868366 ) ) ;
#2475 = CARTESIAN_POINT ( 'NONE',  ( 0.4273502691896260419, -0.7401923788646698199, 2.058333333333333570 ) ) ;
#2476 = EDGE_LOOP ( 'NONE', ( #2767, #3438, #2331, #878, #585, #1138, #1331, #3087, #1080, #2011, #2407, #3468, #2744, #82, #273, #2084, #1483, #646, #1351, #77, #2947 ) ) ;
#2477 = ORIENTED_EDGE ( 'NONE', *, *, #1582, .T. ) ;
#2478 = CARTESIAN_POINT ( 'NONE',  ( -0.6668698832978641189, 0.3215986010684532825, 0.2461721121695261694 ) ) ;
#2479 = CARTESIAN_POINT ( 'NONE',  ( 0.5219866587632817634, 0.8922269036098130490, 1.141666666666665941 ) ) ;
#2480 = DIRECTION ( 'NONE',  ( 0.000000000000000000, 0.000000000000000000, -1.000000000000000000 ) ) ;
#2481 = CARTESIAN_POINT ( 'NONE',  ( 0.000000000000000000, 0.7401923788646699309, 0.1750000000000030143 ) ) ;
#2482 = LINE ( 'NONE', #2532, #1235 ) ;
#2483 = CARTESIAN_POINT ( 'NONE',  ( 0.4273126738301833427, 0.7402574959373542374, 0.1416725315449138822 ) ) ;
#2484 = CARTESIAN_POINT ( 'NONE',  ( -0.9894894172098546159, 0.1587337042339752036, 2.464469826799082774 ) ) ;
#2485 = CARTESIAN_POINT ( 'NONE',  ( -0.7477222373097138775, -0.3885489136734219806, 4.569113484364089928 ) ) ;
#2486 = CARTESIAN_POINT ( 'NONE',  ( 0.8922269036098131600, -0.5219866587632817634, 1.441666666666666652 ) ) ;
#2487 = ORIENTED_EDGE ( 'NONE', *, *, #779, .T. ) ;
#2488 = CARTESIAN_POINT ( 'NONE',  ( -0.5773502691896256200, 1.000000000000000222, 1.208333333333329707 ) ) ;
#2489 = CARTESIAN_POINT ( 'NONE',  ( 0.9948615123351071121, -0.1030179110227372047, 2.668154403387913209 ) ) ;
#2490 = CARTESIAN_POINT ( 'NONE',  ( -0.1341129081624947705, -0.9999913199300582978, 2.167067710168144146 ) ) ;
#2491 = CARTESIAN_POINT ( 'NONE',  ( -0.5234641041408175655, 0.5233259882515141070, 1.425596442936118091 ) ) ;
#2492 = ADVANCED_FACE ( 'NONE', ( #3071 ), #1181, .T. ) ;
#2493 = EDGE_LOOP ( 'NONE', ( #3354, #3135, #3348, #3844 ) ) ;
#2494 = AXIS2_PLACEMENT_3D ( 'NONE', #883, #562, #907 ) ;
#2495 = CARTESIAN_POINT ( 'NONE',  ( 0.6410254037844400621, 0.3700961894323349655, 2.908333333333330106 ) ) ;
#2496 = DIRECTION ( 'NONE',  ( 0.000000000000000000, 0.000000000000000000, 1.000000000000000000 ) ) ;
#2497 = DIRECTION ( 'NONE',  ( 0.000000000000000000, 1.000000000000000000, -3.189333839277121588E-15 ) ) ;
#2498 = VERTEX_POINT ( 'NONE', #2391 ) ;
#2499 = VERTEX_POINT ( 'NONE', #2088 ) ;
#2500 = EDGE_CURVE ( 'NONE', #15, #2216, #1200, .T. ) ;
#2501 = ADVANCED_FACE ( 'NONE', ( #841 ), #759, .T. ) ;
#2502 = CARTESIAN_POINT ( 'NONE',  ( -0.5233899495317134720, 0.5234001834658020824, 0.2255468423983835180 ) ) ;
#2503 = FACE_OUTER_BOUND ( 'NONE', #967, .T. ) ;
#2504 = CARTESIAN_POINT ( 'NONE',  ( -0.9999999999999997780, 0.1058794888734944928, 0.4679413674084331176 ) ) ;
#2505 = CARTESIAN_POINT ( 'NONE',  ( -0.8547005383792529720, 5.233531392778363755E-17, 0.6750000000000018208 ) ) ;
#2506 = CARTESIAN_POINT ( 'NONE',  ( -0.6603546902084842518, -0.3865192616988484264, 1.108937731995378817 ) ) ;
#2507 = CARTESIAN_POINT ( 'NONE',  ( -0.04227534162698808745, -0.7915419663676398487, 0.05188576019956568641 ) ) ;
#2508 = CARTESIAN_POINT ( 'NONE',  ( 0.8660254037844370423, -0.4999999999999995559, 1.091666666666667895 ) ) ;
#2509 = CARTESIAN_POINT ( 'NONE',  ( 1.000000000000001332, 5.623369999853989444E-14, 2.724999999999148326 ) ) ;
#2510 = EDGE_CURVE ( 'NONE', #3013, #3744, #1596, .T. ) ;
#2511 = B_SPLINE_CURVE_WITH_KNOTS ( 'NONE', 3,
 ( #1258, #1883, #92, #404, #2881, #1342, #2838, #2486, #1626, #982 ),
 .UNSPECIFIED., .F., .F.,
 ( 4, 2, 2, 2, 4 ),
 ( 0.000000000000000000, 0.1250000000000000000, 0.2500000000000000000, 0.3750000000000000000, 0.5000000000000000000 ),
 .UNSPECIFIED. ) ;
#2512 = AXIS2_PLACEMENT_3D ( 'NONE', #94, #1345, #697 ) ;
#2513 = CARTESIAN_POINT ( 'NONE',  ( 0.5359743502120353220, -0.5379708706439156884, 2.026225768287450268 ) ) ;
#2514 = VERTEX_POINT ( 'NONE', #3314 ) ;
#2515 = CARTESIAN_POINT ( 'NONE',  ( 0.000000000000000000, 1.000000000000000000, 1.975000000000000089 ) ) ;
#2516 = CARTESIAN_POINT ( 'NONE',  ( 0.7068889244669966931, -0.7073269605011924810, 2.625567137573596721 ) ) ;
#2517 = CARTESIAN_POINT ( 'NONE',  ( 0.7667967299200354470, 0.2305307747278713681, 0.05974716515920301674 ) ) ;
#2518 = CARTESIAN_POINT ( 'NONE',  ( 0.5132062712932732307, 0.5334039422234956307, 1.325631991675575660 ) ) ;
#2519 = ORIENTED_EDGE ( 'NONE', *, *, #1478, .T. ) ;
#2520 = CARTESIAN_POINT ( 'NONE',  ( -0.6712206821397476153, -0.6667210150517259848, 0.2055376788352688555 ) ) ;
#2521 = AXIS2_PLACEMENT_3D ( 'NONE', #1038, #1664, #1963 ) ;
#2522 = VECTOR ( 'NONE', #2996, 1000.000000000000000 ) ;
#2523 = CARTESIAN_POINT ( 'NONE',  ( -0.7401923788646749269, -0.1983339501604510502, 1.942863279495405715 ) ) ;
#2524 = ORIENTED_EDGE ( 'NONE', *, *, #1379, .F. ) ;
#2525 = CARTESIAN_POINT ( 'NONE',  ( -0.2769967232285215908, 0.6864185432904112982, 0.1990274942196745556 ) ) ;
#2526 = ADVANCED_FACE ( 'NONE', ( #1223 ), #542, .T. ) ;
#2527 = CARTESIAN_POINT ( 'NONE',  ( -0.5773502691896256200, 1.000000000000002442, 0.4583333333333325377 ) ) ;
#2528 = ORIENTED_EDGE ( 'NONE', *, *, #358, .T. ) ;
#2529 = CARTESIAN_POINT ( 'NONE',  ( -0.9207398749190760512, 0.3901823489287543079, 0.4490444609890846261 ) ) ;
#2530 = EDGE_CURVE ( 'NONE', #1832, #676, #3381, .T. ) ;
#2531 = CARTESIAN_POINT ( 'NONE',  ( -0.4273502691896260419, 0.7401923788646699309, 1.008333333333330861 ) ) ;
#2532 = CARTESIAN_POINT ( 'NONE',  ( -0.5018585599700899902, -0.5018585599700650102, 4.690232114873239766 ) ) ;
#2533 = CARTESIAN_POINT ( 'NONE',  ( 0.2278002224034710310, 0.9742575118532817990, 2.360918552617383703 ) ) ;
#2534 = FACE_OUTER_BOUND ( 'NONE', #3131, .T. ) ;
#2535 = LINE ( 'NONE', #3191, #1620 ) ;
#2536 = ORIENTED_EDGE ( 'NONE', *, *, #587, .F. ) ;
#2537 = CARTESIAN_POINT ( 'NONE',  ( 0.8660254037844390407, 0.5000000000000000000, 2.308333333333330017 ) ) ;
#2538 = CARTESIAN_POINT ( 'NONE',  ( 0.4519012004091118029, -0.8921816258906622998, 2.604665267312171295 ) ) ;
#2539 = DIRECTION ( 'NONE',  ( 0.000000000000000000, 1.000000000000000000, -3.108624468950430425E-15 ) ) ;
#2540 = CARTESIAN_POINT ( 'NONE',  ( -0.4264520029146083857, 0.6060878010159234108, 1.414205571309332221 ) ) ;
#2541 = ORIENTED_EDGE ( 'NONE', *, *, #367, .F. ) ;
#2542 = CARTESIAN_POINT ( 'NONE',  ( -0.3856373962456622340, -0.8815061519255023015, 0.2212903509916049893 ) ) ;
#2543 = CARTESIAN_POINT ( 'NONE',  ( -0.3363949145800010920, 0.8047083398307470770, 0.1266901435331248271 ) ) ;
#2544 = VERTEX_POINT ( 'NONE', #3922 ) ;
#2545 =( BOUNDED_CURVE ( )  B_SPLINE_CURVE ( 2, ( #986, #2248, #3453, #679, #698, #3175, #1908, #1631, #408 ),
 .UNSPECIFIED., .F., .T. ) 
 B_SPLINE_CURVE_WITH_KNOTS ( ( 3, 2, 2, 2, 3 ),
 ( 0.5000000420657557676, 0.5833333333336067072, 0.7500000000001603162, 0.9166666666667229180, 1.000000000000000000 ),
 .UNSPECIFIED. ) 
 CURVE ( )  GEOMETRIC_REPRESENTATION_ITEM ( )  RATIONAL_B_SPLINE_CURVE ( ( 0.9330127018922365068, 0.9330127357064137428, 1.000000000000000000, 0.8660254037844389297, 1.000000000000000000, 0.8660254037844389297, 1.000000000000000000, 0.9330127018922194093, 0.9330127018922194093 ) ) 
 REPRESENTATION_ITEM ( '' )  );
#2546 = CARTESIAN_POINT ( 'NONE',  ( -0.2783400229534671588, 0.6858899258981073777, 0.1991559552241242148 ) ) ;
#2547 = CARTESIAN_POINT ( 'NONE',  ( -0.2735788812050270469, -1.032745013940160028E-15, 3.254999999999999893 ) ) ;
#2548 = CARTESIAN_POINT ( 'NONE',  ( -0.5037102499938789224, 0.8737166043931129389, 0.4082911099006774625 ) ) ;
#2549 = CARTESIAN_POINT ( 'NONE',  ( -1.224663944636500236E-16, -1.000014000354360055, 3.424991916891639843 ) ) ;
#2550 = ORIENTED_EDGE ( 'NONE', *, *, #2926, .T. ) ;
#2551 = CARTESIAN_POINT ( 'NONE',  ( 1.500000000000000000, 0.000000000000000000, 4.700000000000000178 ) ) ;
#2552 = CARTESIAN_POINT ( 'NONE',  ( -0.7087642131900112608, 0.7054462194853398094, 2.425740992651232109 ) ) ;
#2553 = CYLINDRICAL_SURFACE ( 'NONE', #1806, 2.000000000000000000 ) ;
#2554 =( BOUNDED_CURVE ( )  B_SPLINE_CURVE ( 2, ( #1581, #1301, #1962, #338, #3486, #2858, #3756, #1558, #91 ),
 .UNSPECIFIED., .F., .F. ) 
 B_SPLINE_CURVE_WITH_KNOTS ( ( 3, 2, 2, 2, 3 ),
 ( 0.000000000000000000, 0.08333333333333008131, 0.2499999999999997502, 0.4166666666666609120, 0.5000000000000000000 ),
 .UNSPECIFIED. ) 
 CURVE ( )  GEOMETRIC_REPRESENTATION_ITEM ( )  RATIONAL_B_SPLINE_CURVE ( ( 0.9330127018922194093, 0.9330127018922198534, 1.000000000000000000, 0.8660254037844389297, 1.000000000000000000, 0.8660254037844389297, 1.000000000000000000, 0.9330127018922163007, 0.9330127018922195203 ) ) 
 REPRESENTATION_ITEM ( '' )  );
#2555 = CARTESIAN_POINT ( 'NONE',  ( 1.000000000000000222, -0.2617993877991486307, 1.058333333333333348 ) ) ;
#2556 = ORIENTED_EDGE ( 'NONE', *, *, #726, .F. ) ;
#2557 = CARTESIAN_POINT ( 'NONE',  ( 1.154700538379251240, -2.121150477449807913E-16, 0.6749999999999987121 ) ) ;
#2558 = CARTESIAN_POINT ( 'NONE',  ( 0.03199367891704105876, -0.9996151588494408546, 2.576854410794183092 ) ) ;
#2559 = CARTESIAN_POINT ( 'NONE',  ( 0.7885887267261815214, 0.01563330410379931354, 0.04838138489863357677 ) ) ;
#2560 = DIRECTION ( 'NONE',  ( 3.471974521275892830E-32, -0.08715574274766160756, -0.9961946980917452121 ) ) ;
#2561 = CARTESIAN_POINT ( 'NONE',  ( -0.8695940917704787498, -0.3281058810714624907, 0.1892029609296806414 ) ) ;
#2562 = CARTESIAN_POINT ( 'NONE',  ( -0.4273502691896260419, 0.7401923788646698199, 2.258333333333330195 ) ) ;
#2563 = ORIENTED_EDGE ( 'NONE', *, *, #182, .F. ) ;
#2564 = ORIENTED_EDGE ( 'NONE', *, *, #1793, .F. ) ;
#2565 = EDGE_CURVE ( 'NONE', #486, #641, #1201, .T. ) ;
#2566 = CARTESIAN_POINT ( 'NONE',  ( -9.064742275298830802E-17, -0.7401923788646699309, 2.824999999999999734 ) ) ;
#2567 = CARTESIAN_POINT ( 'NONE',  ( 0.6461593610163218759, -0.7123637428350774181, 3.000000000000000000 ) ) ;
#2568 = CARTESIAN_POINT ( 'NONE',  ( -0.3792080724153557014, 0.9253135744633654847, 0.3993831877500581551 ) ) ;
#2569 = CARTESIAN_POINT ( 'NONE',  ( -0.4273502691896271521, -0.7401923788646699309, 2.341666666666659236 ) ) ;
#2570 = CARTESIAN_POINT ( 'NONE',  ( -0.5182545253467610857, -0.5284952466665251425, 1.125016492041152949 ) ) ;
#2571 = CARTESIAN_POINT ( 'NONE',  ( -0.4046328056912382176, -0.6198237604791626554, 2.738015040243300113 ) ) ;
#2572 = ORIENTED_EDGE ( 'NONE', *, *, #2074, .F. ) ;
#2573 = CARTESIAN_POINT ( 'NONE',  ( 0.9999387772481509451, -0.01267993961178888289, 0.2741553236285886319 ) ) ;
#2574 = CARTESIAN_POINT ( 'NONE',  ( -0.7392981018225250889, -0.02763332764342055214, 1.877477355263064807 ) ) ;
#2575 = CIRCLE ( 'NONE', #2049, 1.112813416937029842 ) ;
#2576 = CARTESIAN_POINT ( 'NONE',  ( 0.5773502691896256200, -1.000000000000000222, 1.008333333333330861 ) ) ;
#2577 = CARTESIAN_POINT ( 'NONE',  ( -0.7401923788646690427, 4.779484580118589535E-15, 1.474999999999999867 ) ) ;
#2578 = ADVANCED_FACE ( 'NONE', ( #1140 ), #245, .T. ) ;
#2579 = CARTESIAN_POINT ( 'NONE',  ( 0.7401923788644442226, -5.780933788917500749E-07, 0.07500004733779316868 ) ) ;
#2580 = CARTESIAN_POINT ( 'NONE',  ( -0.6410254037844400621, 0.3700961894323349655, 2.291666666666659857 ) ) ;
#2581 = EDGE_LOOP ( 'NONE', ( #544, #578, #1786, #556 ) ) ;
#2582 = ORIENTED_EDGE ( 'NONE', *, *, #1913, .F. ) ;
#2583 = CARTESIAN_POINT ( 'NONE',  ( 0.6518124621277873176, -0.6484522004048670629, 0.1792342041968781330 ) ) ;
#2584 = CARTESIAN_POINT ( 'NONE',  ( 0.3209165847642189706, 0.6672642574333385035, 2.946637810170528837 ) ) ;
#2585 = CARTESIAN_POINT ( 'NONE',  ( 0.7938115680034470989, -0.4853180479866457953, 2.999999999999999112 ) ) ;
#2586 = FACE_OUTER_BOUND ( 'NONE', #579, .T. ) ;
#2587 = CARTESIAN_POINT ( 'NONE',  ( -0.6410254037844400621, 0.3700961894323349655, 2.641666666666659946 ) ) ;
#2588 = CARTESIAN_POINT ( 'NONE',  ( -0.2436999450936843670, -0.6991072603224757209, 1.154130637493314682 ) ) ;
#2589 = DIRECTION ( 'NONE',  ( 1.000000000000000000, 0.000000000000000000, 0.000000000000000000 ) ) ;
#2590 = DIRECTION ( 'NONE',  ( 0.000000000000000000, 0.000000000000000000, -1.000000000000000000 ) ) ;
#2591 = DIRECTION ( 'NONE',  ( 1.000000000000000000, 0.000000000000000000, 0.000000000000000000 ) ) ;
#2592 = CARTESIAN_POINT ( 'NONE',  ( 0.8660254037844380415, -0.5000000000000000000, 3.441666666666659768 ) ) ;
#2593 = CARTESIAN_POINT ( 'NONE',  ( -0.4994606554739396409, -0.5464138284446609095, 1.527283820604603104 ) ) ;
#2594 = CARTESIAN_POINT ( 'NONE',  ( 0.3750006699380768471, 0.6384172751777250632, 1.741162178756096468 ) ) ;
#2595 = CIRCLE ( 'NONE', #850, 1.398755535826790020 ) ;
#2596 = EDGE_CURVE ( 'NONE', #1785, #58, #1599, .T. ) ;
#2597 = DIRECTION ( 'NONE',  ( -1.558471049094799730E-16, 1.000000000000000000, 0.000000000000000000 ) ) ;
#2598 = CARTESIAN_POINT ( 'NONE',  ( -1.000000000000000000, -1.132740442366720088E-16, 2.125000000000000000 ) ) ;
#2599 = ORIENTED_EDGE ( 'NONE', *, *, #3751, .F. ) ;
#2600 = ORIENTED_EDGE ( 'NONE', *, *, #1458, .F. ) ;
#2601 = CARTESIAN_POINT ( 'NONE',  ( 0.6410254037844400621, -0.3700961894323349655, 0.04166666666667030727 ) ) ;
#2602 = CARTESIAN_POINT ( 'NONE',  ( -0.7401923788646699309, 1.181795160448850099E-15, 2.725000000000000089 ) ) ;
#2603 = CARTESIAN_POINT ( 'NONE',  ( 0.8317735381637342273, 0.1707546142187096883, 3.000000000000000444 ) ) ;
#2604 = CARTESIAN_POINT ( 'NONE',  ( -0.2617993877991476870, -1.000000000000000444, 0.5583333333333334592 ) ) ;
#2605 = CARTESIAN_POINT ( 'NONE',  ( 0.6410254037844400621, 0.3700961894323349655, 1.708333333333329929 ) ) ;
#2606 = CARTESIAN_POINT ( 'NONE',  ( -0.3651198315697330998, -0.6439365055324486331, 1.142178629846299698 ) ) ;
#2607 = CARTESIAN_POINT ( 'NONE',  ( -0.6103525907721595312, -0.4189724843250707265, 2.713082611554313850 ) ) ;
#2608 = CARTESIAN_POINT ( 'NONE',  ( -0.2870652539304310302, -0.6822596996123959645, 0.000000000000000000 ) ) ;
#2609 = CARTESIAN_POINT ( 'NONE',  ( -1.000000000000000000, -1.224646799147350002E-16, 0.000000000000000000 ) ) ;
#2610 = CARTESIAN_POINT ( 'NONE',  ( -0.7401923788646699309, -1.160886322126799853E-15, 1.925000000000000044 ) ) ;
#2611 = CARTESIAN_POINT ( 'NONE',  ( 0.5230419043577642091, -0.5237549583967384681, 1.625542436997286844 ) ) ;
#2612 = CARTESIAN_POINT ( 'NONE',  ( 0.2807417985584816367, 0.6848860805571810317, 1.750611533180838064 ) ) ;
#2613 = CARTESIAN_POINT ( 'NONE',  ( 0.000000000000000000, 0.7401923788646699309, 0.6250000000000000000 ) ) ;
#2614 = B_SPLINE_CURVE_WITH_KNOTS ( 'NONE', 3,
 ( #3974, #1185, #2396, #865 ),
 .UNSPECIFIED., .F., .F.,
 ( 4, 4 ),
 ( 0.000000000000000000, 0.001105000282511290049 ),
 .UNSPECIFIED. ) ;
#2615 = CARTESIAN_POINT ( 'NONE',  ( -0.5878490841312270510, -0.8174930487513933919, 1.735286066086606294 ) ) ;
#2616 = ORIENTED_EDGE ( 'NONE', *, *, #167, .T. ) ;
#2617 = MANIFOLD_SOLID_BREP ( 'Body1[1]', #3197 ) ;
#2618 = VERTEX_POINT ( 'NONE', #645 ) ;
#2619 = ORIENTED_EDGE ( 'NONE', *, *, #1500, .T. ) ;
#2620 = CARTESIAN_POINT ( 'NONE',  ( 0.7804180286446987802, -0.5349763192403580447, 0.2059848674974857630 ) ) ;
#2621 = CARTESIAN_POINT ( 'NONE',  ( 0.6958647019568354741, 0.2594958668966961812, 2.898279780711964904 ) ) ;
#2622 = CARTESIAN_POINT ( 'NONE',  ( -1.000000000000000000, 6.912039677475719115E-16, 0.9250000000000000444 ) ) ;
#2623 = CARTESIAN_POINT ( 'NONE',  ( -0.8922269036098117168, -0.5219866587632839838, 0.5083333333333334147 ) ) ;
#2624 = AXIS2_PLACEMENT_3D ( 'NONE', #2051, #527, #2680 ) ;
#2625 = CARTESIAN_POINT ( 'NONE',  ( -0.2829287470953469330, -0.6839854402410410206, 1.150400362430719525 ) ) ;
#2626 = CARTESIAN_POINT ( 'NONE',  ( -0.2025908963090254922, -0.7119339694748703096, 2.757909687547781985 ) ) ;
#2627 = EDGE_CURVE ( 'NONE', #1328, #3681, #3536, .T. ) ;
#2628 = CARTESIAN_POINT ( 'NONE',  ( -0.7962442403852655337, 0.2523063115901474363, 3.000000000000000444 ) ) ;
#2629 = CARTESIAN_POINT ( 'NONE',  ( 0.000000000000000000, 1.000014000354360055, 0.02499191689164320315 ) ) ;
#2630 = CARTESIAN_POINT ( 'NONE',  ( -0.5773502691896256200, 1.000000000000000222, 2.808333333333327797 ) ) ;
#2631 = CARTESIAN_POINT ( 'NONE',  ( 0.3335303322307638929, -0.6608721777687116550, 1.604569707445663296 ) ) ;
#2632 = CARTESIAN_POINT ( 'NONE',  ( 0.5160423270901766113, 0.5306512880503925222, 1.725286357897385825 ) ) ;
#2633 = CARTESIAN_POINT ( 'NONE',  ( -0.4273502691896271521, -0.7401923788646699309, 1.591666666666659902 ) ) ;
#2634 = DIRECTION ( 'NONE',  ( 0.000000000000000000, 0.000000000000000000, -1.000000000000000000 ) ) ;
#2635 = ORIENTED_EDGE ( 'NONE', *, *, #3519, .F. ) ;
#2636 = ORIENTED_EDGE ( 'NONE', *, *, #2895, .F. ) ;
#2637 = CARTESIAN_POINT ( 'NONE',  ( 0.000000000000000000, 0.000000000000000000, 3.254999999999999893 ) ) ;
#2638 = CARTESIAN_POINT ( 'NONE',  ( 0.7401923555024716439, -0.1983339906249744766, 2.907136716860079240 ) ) ;
#2639 = CARTESIAN_POINT ( 'NONE',  ( 0.6005813007874297726, -0.7612978511731127718, 2.999999999999999112 ) ) ;
#2640 = CARTESIAN_POINT ( 'NONE',  ( 0.7401923788646700419, 1.087398117063462896E-14, 2.524999999999999911 ) ) ;
#2641 = VECTOR ( 'NONE', #1306, 1000.000000000000114 ) ;
#2642 = B_SPLINE_CURVE_WITH_KNOTS ( 'NONE', 3,
 ( #2577, #1325, #3819, #2267, #2208, #3452, #678, #1907, #3152, #2593, #2942, #1115, #480, #756, #2004, #3247, #2325, #216, #3856, #194, #3838, #1984, #2653, #1720, #1439, #2979, #1399, #1058, #1417, #3548, #2670, #446, #3914, #173, #3875, #1075, #776, #3568, #2631, #2303, #2342, #3227, #1702, #1130, #2611, #1097, #2360, #797, #2960, #3585, #3894, #812, #2022, #2040, #3286, #462, #1686, #3268, #1666, #2923, #499, #519, #1740, #739, #1966, #3209, #2904, #135, #1363 ),
 .UNSPECIFIED., .F., .F.,
 ( 4, 2, 2, 1, 2, 2, 2, 2, 2, 2, 2, 1, 1, 1, 2, 2, 2, 1, 2, 2, 2, 1, 2, 2, 2, 2, 2, 2, 2, 2, 2, 1, 1, 2, 2, 2, 1, 2, 4 ),
 ( 0.000000000000000000, 0.1248437845893649450, 0.1267944687235737500, 0.1287451528577825410, 0.1326465211261999011, 0.1404492576630345935, 0.1560547307367039782, 0.1638574672735386428, 0.1716602038103733074, 0.1872656768840426922, 0.1892163610182518996, 0.1911670451524611625, 0.1950684134208796883, 0.2028711499577168231, 0.2184766230313910373, 0.2496875691787395213, 0.2574903057155766284, 0.2652930422524136800, 0.2808985153260878942, 0.3121094614734363781, 0.3140601456076456688, 0.3160108297418549039, 0.3199121980102734297, 0.3277149345471105368, 0.3433204076207846400, 0.3745313537681327909, 0.3823340903049703421, 0.3901368268418078933, 0.4057422999154829957, 0.4369532460628333115, 0.4389039301970427132, 0.4408546143312521148, 0.4447559825996708627, 0.4525587191365084139, 0.4681641922101836273, 0.4837696652838587852, 0.4915724018206963919, 0.4954737700891151397, 0.4993751383575339431 ),
 .UNSPECIFIED. ) ;
#2643 = CARTESIAN_POINT ( 'NONE',  ( -0.4273502691896271521, -0.7401923788646699309, 1.941666666666672203 ) ) ;
#2644 = EDGE_CURVE ( 'NONE', #2739, #1524, #1289, .T. ) ;
#2645 = CARTESIAN_POINT ( 'NONE',  ( 0.6496655533795502313, -0.3656564989166539159, 1.242280905544837832 ) ) ;
#2646 = AXIS2_PLACEMENT_3D ( 'NONE', #3113, #348, #2497 ) ;
#2647 = CARTESIAN_POINT ( 'NONE',  ( -0.1942603133159725992, -0.7142871626889474301, 2.758661160563500747 ) ) ;
#2648 = CARTESIAN_POINT ( 'NONE',  ( -0.4989927218589237379, -0.8592087356055519987, 3.000000000000000000 ) ) ;
#2649 = CARTESIAN_POINT ( 'NONE',  ( -1.000000000000000000, -2.693991570745850171E-16, 0.8750000000000000000 ) ) ;
#2650 = EDGE_CURVE ( 'NONE', #682, #2745, #3805, .T. ) ;
#2651 = CARTESIAN_POINT ( 'NONE',  ( 0.000000000000000000, 0.7401923788646699309, 0.1750000000000030143 ) ) ;
#2652 = CARTESIAN_POINT ( 'NONE',  ( 0.8660254037844390407, 0.5000000000000000000, 3.508333333333330195 ) ) ;
#2653 = CARTESIAN_POINT ( 'NONE',  ( -0.2458307293844311514, -0.6983404497374038344, 1.553927718974576822 ) ) ;
#2654 = CARTESIAN_POINT ( 'NONE',  ( 0.2838909870783047351, 0.6835933159652398672, 1.750307274482132858 ) ) ;
#2655 = CARTESIAN_POINT ( 'NONE',  ( -0.6410254037844400621, -0.3700961894323349655, 0.3583333333333349469 ) ) ;
#2656 = LINE ( 'NONE', #3842, #2371 ) ;
#2657 = ORIENTED_EDGE ( 'NONE', *, *, #1687, .T. ) ;
#2658 = VERTEX_POINT ( 'NONE', #1873 ) ;
#2659 = AXIS2_PLACEMENT_3D ( 'NONE', #1513, #1203, #823 ) ;
#2660 = ORIENTED_EDGE ( 'NONE', *, *, #1011, .F. ) ;
#2661 = CARTESIAN_POINT ( 'NONE',  ( 0.9736878942953440808, -0.2278856829699919817, 0.2598076211353329557 ) ) ;
#2662 = CARTESIAN_POINT ( 'NONE',  ( -0.7099163094368453608, -0.7042890160108303821, 2.124176946857628145 ) ) ;
#2663 = VECTOR ( 'NONE', #288, 1000.000000000000114 ) ;
#2664 = CARTESIAN_POINT ( 'NONE',  ( 0.5374773354825718163, -0.5089718131990366157, 1.227290080244456183 ) ) ;
#2665 = CARTESIAN_POINT ( 'NONE',  ( 0.6088550193491408802, 0.4295892873662732758, 0.9138370002662851155 ) ) ;
#2666 = CARTESIAN_POINT ( 'NONE',  ( -0.5840590491110406735, 0.5319626285015347511, 3.000000000000000888 ) ) ;
#2667 = CARTESIAN_POINT ( 'NONE',  ( -0.7401923788646690427, 4.779484580118589535E-15, 1.474999999999999867 ) ) ;
#2668 = CYLINDRICAL_SURFACE ( 'NONE', #2521, 0.7401923788646699309 ) ;
#2669 = CARTESIAN_POINT ( 'NONE',  ( -1.154700538379251240, 7.070501591499382719E-17, 2.874999999999992006 ) ) ;
#2670 = CARTESIAN_POINT ( 'NONE',  ( 0.08266902593753752693, -0.7362302448957271928, 1.581684809129335845 ) ) ;
#2671 = CARTESIAN_POINT ( 'NONE',  ( -0.6282486660594803762, -0.3943218692405558445, 0.7108669969452964255 ) ) ;
#2672 = EDGE_CURVE ( 'NONE', #1157, #695, #403, .T. ) ;
#2673 = CARTESIAN_POINT ( 'NONE',  ( -9.064742275298830802E-17, -0.7401923788646699309, 0.02500000000000220102 ) ) ;
#2674 = CARTESIAN_POINT ( 'NONE',  ( 0.3908053913278910496, -0.9486451788023373410, 1.798913145661270807 ) ) ;
#2675 = CARTESIAN_POINT ( 'NONE',  ( 0.6287319873753481891, 0.3913665450492928022, 1.310423096432741685 ) ) ;
#2676 = ORIENTED_EDGE ( 'NONE', *, *, #2895, .T. ) ;
#2677 = ORIENTED_EDGE ( 'NONE', *, *, #598, .T. ) ;
#2678 = ADVANCED_FACE ( 'NONE', ( #3741 ), #3767, .T. ) ;
#2679 = CARTESIAN_POINT ( 'NONE',  ( 0.7505614547212487997, -0.5658199899376850084, 0.1995960327637406051 ) ) ;
#2680 = DIRECTION ( 'NONE',  ( 1.000000000000000000, 0.000000000000000000, 0.000000000000000000 ) ) ;
#2681 = CARTESIAN_POINT ( 'NONE',  ( 0.9998071083413982985, -0.02028336592710738850, 2.273648983400721413 ) ) ;
#2682 = DIRECTION ( 'NONE',  ( -0.3812272063696478530, -0.9203638919632267656, 0.08715574274765838791 ) ) ;
#2683 = EDGE_CURVE ( 'NONE', #2499, #3092, #1257, .T. ) ;
#2684 = DIRECTION ( 'NONE',  ( 0.9203638919632276538, 0.3812272063696452995, -0.08715574274765824914 ) ) ;
#2685 = LINE ( 'NONE', #3034, #2522 ) ;
#2686 = VECTOR ( 'NONE', #3375, 1000.000000000000227 ) ;
#2687 = CARTESIAN_POINT ( 'NONE',  ( 0.5773583522979830462, 1.000014000354360499, 2.391658583558298634 ) ) ;
#2688 = CARTESIAN_POINT ( 'NONE',  ( 0.5300587284287852086, 0.8480774898834841924, 2.739331674621334756 ) ) ;
#2689 = DIRECTION ( 'NONE',  ( 0.000000000000000000, 0.000000000000000000, 1.000000000000000000 ) ) ;
#2690 = CARTESIAN_POINT ( 'NONE',  ( 0.7401923788646695979, 0.1983339501604603761, 1.342863279495406736 ) ) ;
#2691 = UNCERTAINTY_MEASURE_WITH_UNIT (LENGTH_MEASURE( 1.000000000000000082E-05 ), #2742, 'distance_accuracy_value', 'NONE');
#2692 = CARTESIAN_POINT ( 'NONE',  ( 0.000000000000000000, -1.259922254300260102E-14, 3.306000000000000050 ) ) ;
#2693 = CARTESIAN_POINT ( 'NONE',  ( 0.000000000000000000, 0.7401923788646699309, 0.2250000000000000056 ) ) ;
#2694 = EDGE_CURVE ( 'NONE', #3160, #2717, #2423, .T. ) ;
#2695 = DIRECTION ( 'NONE',  ( 0.7071067811865441310, 0.000000000000000000, 0.7071067811865510144 ) ) ;
#2696 = ORIENTED_EDGE ( 'NONE', *, *, #1687, .F. ) ;
#2697 = ORIENTED_EDGE ( 'NONE', *, *, #1913, .T. ) ;
#2698 = ORIENTED_EDGE ( 'NONE', *, *, #3250, .F. ) ;
#2699 = CARTESIAN_POINT ( 'NONE',  ( -2.000000000000000000, 0.000000000000000000, 0.000000000000000000 ) ) ;
#2700 = CARTESIAN_POINT ( 'NONE',  ( 0.8589393585453773960, -0.5126542777026825704, 2.240736393516255642 ) ) ;
#2701 = ORIENTED_EDGE ( 'NONE', *, *, #1585, .T. ) ;
#2702 = AXIS2_PLACEMENT_3D ( 'NONE', #3496, #2870, #2908 ) ;
#2703 = CARTESIAN_POINT ( 'NONE',  ( -7.776286181789329693E-15, -4.636503291005881178E-16, 4.322150515720509567 ) ) ;
#2704 = CARTESIAN_POINT ( 'NONE',  ( 0.7401923788646203040, -2.711144121194150893E-07, 2.874999975581563838 ) ) ;
#2705 = CARTESIAN_POINT ( 'NONE',  ( 0.9999999999949840124, 3.167219454753375230E-06, 0.2750004509155761778 ) ) ;
#2706 = CARTESIAN_POINT ( 'NONE',  ( -0.5773583522979830462, -1.000014000354360499, 2.191658583558301565 ) ) ;
#2707 = VECTOR ( 'NONE', #1864, 999.9999999999998863 ) ;
#2708 = CARTESIAN_POINT ( 'NONE',  ( -0.6843194860595164242, 0.7321298303324272894, 2.823365059202092464 ) ) ;
#2709 = AXIS2_PLACEMENT_3D ( 'NONE', #1981, #1736, #3264 ) ;
#2710 = CARTESIAN_POINT ( 'NONE',  ( -0.4273502691896260419, 0.7401923788646698199, 1.058333333333329795 ) ) ;
#2711 = CARTESIAN_POINT ( 'NONE',  ( -0.7401923788646699309, -8.138291018150500576E-18, 1.525000000000000133 ) ) ;
#2712 = CARTESIAN_POINT ( 'NONE',  ( -0.2617993877991476870, -1.000000000000000444, 0.9583333333333333703 ) ) ;
#2713 = CARTESIAN_POINT ( 'NONE',  ( 0.5773502691896256200, -1.000000000000000222, 0.2083333333333332593 ) ) ;
#2714 = CYLINDRICAL_SURFACE ( 'NONE', #261, 1.000000000000000000 ) ;
#2715 = VERTEX_POINT ( 'NONE', #895 ) ;
#2716 = EDGE_LOOP ( 'NONE', ( #3905, #600, #3109 ) ) ;
#2717 = VERTEX_POINT ( 'NONE', #10 ) ;
#2718 = EDGE_CURVE ( 'NONE', #2737, #2167, #910, .T. ) ;
#2719 = CARTESIAN_POINT ( 'NONE',  ( 0.4273502691896271521, 0.7401923788646699309, 2.941666666666661545 ) ) ;
#2720 = CARTESIAN_POINT ( 'NONE',  ( 0.9822478203331466151, 0.1953979374331983876, 1.887928298025748131 ) ) ;
#2721 = CARTESIAN_POINT ( 'NONE',  ( -1.000000000000000000, -1.132740442366720088E-16, 2.125000000000000000 ) ) ;
#2722 = VERTEX_POINT ( 'NONE', #300 ) ;
#2723 = ORIENTED_EDGE ( 'NONE', *, *, #2314, .T. ) ;
#2724 = CARTESIAN_POINT ( 'NONE',  ( 1.000000000000000000, 0.000000000000000000, 0.000000000000000000 ) ) ;
#2725 = CARTESIAN_POINT ( 'NONE',  ( 0.3999999999999829803, 1.941775625981210052E-14, 4.700000000000000178 ) ) ;
#2726 = LINE ( 'NONE', #3949, #3038 ) ;
#2727 = EDGE_CURVE ( 'NONE', #1063, #2715, #3621, .T. ) ;
#2728 = CARTESIAN_POINT ( 'NONE',  ( -0.5773583522979830462, -1.000014000354360499, 0.9916585835583077158 ) ) ;
#2729 = ADVANCED_FACE ( 'NONE', ( #1539 ), #3711, .T. ) ;
#2730 = CARTESIAN_POINT ( 'NONE',  ( 0.6385043181549642233, 0.7702989983233943239, 2.730464188466771525 ) ) ;
#2731 = CARTESIAN_POINT ( 'NONE',  ( 0.5018585599700940980, 0.5018585599700919886, 4.690232114873239766 ) ) ;
#2732 = CARTESIAN_POINT ( 'NONE',  ( -0.6993223969678210583, 0.2427581343200159170, 1.853200710541912599 ) ) ;
#2733 = EDGE_CURVE ( 'NONE', #3355, #15, #3650, .T. ) ;
#2734 = CARTESIAN_POINT ( 'NONE',  ( 0.7230563210484177716, 0.1649691806011933937, 2.089733560963442649 ) ) ;
#2735 = CARTESIAN_POINT ( 'NONE',  ( 0.000000000000000000, 0.7401923788646699309, 1.824999999999999956 ) ) ;
#2736 = CARTESIAN_POINT ( 'NONE',  ( 0.000000000000000000, 0.000000000000000000, 0.000000000000000000 ) ) ;
#2737 = VERTEX_POINT ( 'NONE', #535 ) ;
#2738 = VERTEX_POINT ( 'NONE', #3002 ) ;
#2739 = VERTEX_POINT ( 'NONE', #238 ) ;
#2740 = CARTESIAN_POINT ( 'NONE',  ( 0.4273502691896260419, -0.7401923788646699309, 2.808333333333327797 ) ) ;
#2741 = CARTESIAN_POINT ( 'NONE',  ( -0.7151313958563200179, 0.5305253359522724699, 0.1489210184475997234 ) ) ;
#2742 =( LENGTH_UNIT ( ) NAMED_UNIT ( * ) SI_UNIT ( .MILLI., .METRE. ) );
#2743 = CARTESIAN_POINT ( 'NONE',  ( 0.7401923788642496005, -0.1983339501611878219, 0.9071367205045263171 ) ) ;
#2744 = ORIENTED_EDGE ( 'NONE', *, *, #3201, .T. ) ;
#2745 = VERTEX_POINT ( 'NONE', #1459 ) ;
#2746 = CARTESIAN_POINT ( 'NONE',  ( 0.3669424536064250231, -1.349766751978800139, 4.322150515720509567 ) ) ;
#2747 = CARTESIAN_POINT ( 'NONE',  ( 1.841633094712369624E-15, 3.045595730640089556E-14, 4.700000000000000178 ) ) ;
#2748 = CARTESIAN_POINT ( 'NONE',  ( 1.000000000000000000, 0.000000000000000000, 0.000000000000000000 ) ) ;
#2749 = CARTESIAN_POINT ( 'NONE',  ( 1.154716704595970533, -2.121180174308142071E-16, 1.124991916891640686 ) ) ;
#2750 = DIRECTION ( 'NONE',  ( 0.000000000000000000, 0.000000000000000000, 1.000000000000000000 ) ) ;
#2751 = CARTESIAN_POINT ( 'NONE',  ( -0.7401923788646699309, -4.990984619036200170E-15, 1.074999999999999956 ) ) ;
#2752 = ORIENTED_EDGE ( 'NONE', *, *, #839, .F. ) ;
#2753 = CARTESIAN_POINT ( 'NONE',  ( -0.7401923788646693758, 0.06579148669403778182, 1.869074379528651297 ) ) ;
#2754 = DIRECTION ( 'NONE',  ( 1.000000000000000000, 0.000000000000000000, 0.000000000000000000 ) ) ;
#2755 = CARTESIAN_POINT ( 'NONE',  ( 0.4273502691896271521, 0.7401923788646699309, 3.391666666666658170 ) ) ;
#2756 = FACE_OUTER_BOUND ( 'NONE', #504, .T. ) ;
#2757 = CARTESIAN_POINT ( 'NONE',  ( 0.2834223819037010594, 0.6837815171270751335, 1.350352593925875810 ) ) ;
#2758 = ORIENTED_EDGE ( 'NONE', *, *, #548, .T. ) ;
#2759 = ORIENTED_EDGE ( 'NONE', *, *, #3372, .F. ) ;
#2760 = CARTESIAN_POINT ( 'NONE',  ( -0.6410254037844400621, 0.3700961894323349655, 3.441666666666659768 ) ) ;
#2761 = CARTESIAN_POINT ( 'NONE',  ( -0.9109400059375184489, 0.07779747439655887442, 0.1707476275054966575 ) ) ;
#2762 = CARTESIAN_POINT ( 'NONE',  ( 0.000000000000000000, 0.000000000000000000, 3.174999999999999822 ) ) ;
#2763 = ORIENTED_EDGE ( 'NONE', *, *, #2273, .F. ) ;
#2764 = AXIS2_PLACEMENT_3D ( 'NONE', #787, #3559, #2334 ) ;
#2765 = EDGE_CURVE ( 'NONE', #2738, #1404, #778, .T. ) ;
#2766 = CARTESIAN_POINT ( 'NONE',  ( -0.7392061604605926206, 0.02914587327447937248, 1.072382941925896338 ) ) ;
#2767 = ORIENTED_EDGE ( 'NONE', *, *, #367, .T. ) ;
#2768 = DIRECTION ( 'NONE',  ( 0.000000000000000000, 0.000000000000000000, 1.000000000000000000 ) ) ;
#2769 = EDGE_CURVE ( 'NONE', #3535, #2203, #1151, .T. ) ;
#2770 = CARTESIAN_POINT ( 'NONE',  ( -0.4273502691896260419, 0.7401923788646699309, 0.2083333333333372839 ) ) ;
#2771 = CARTESIAN_POINT ( 'NONE',  ( 0.9999999999996855848, 7.926835048062503557E-07, 2.675000052845534881 ) ) ;
#2772 = CARTESIAN_POINT ( 'NONE',  ( 0.07767627553466585621, -0.8091244069141412254, 0.07264961430458770353 ) ) ;
#2773 = CARTESIAN_POINT ( 'NONE',  ( -0.4964731665138319983, 0.4964731665138589767, 4.609806201873260179 ) ) ;
#2774 = CARTESIAN_POINT ( 'NONE',  ( 0.9999999999999995559, 0.2617993877991500740, 1.491666666666666696 ) ) ;
#2775 = CARTESIAN_POINT ( 'NONE',  ( 0.6410254037844400621, 0.3700961894323349655, 2.158333333333330106 ) ) ;
#2776 = CARTESIAN_POINT ( 'NONE',  ( 0.7877484689439299137, -3.639563677455661703E-07, 0.04754314467516186637 ) ) ;
#2777 = CARTESIAN_POINT ( 'NONE',  ( 0.2614772104763095628, -0.9674253729830443183, 2.191242381251131910 ) ) ;
#2778 = CARTESIAN_POINT ( 'NONE',  ( 0.2638653752200480485, 0.6916074370593352505, 1.352227572798913480 ) ) ;
#2779 = EDGE_LOOP ( 'NONE', ( #1158, #1463, #286, #2550 ) ) ;
#2780 = ORIENTED_EDGE ( 'NONE', *, *, #2229, .F. ) ;
#2781 = CARTESIAN_POINT ( 'NONE',  ( 0.000000000000000000, 0.7401923788646699309, 3.775000000000000355 ) ) ;
#2782 = CARTESIAN_POINT ( 'NONE',  ( 0.9972157692468950341, 0.09816979118682772620, 1.881523411367011400 ) ) ;
#2783 = DIRECTION ( 'NONE',  ( 0.000000000000000000, -3.239995458127760343E-15, -1.000000000000000000 ) ) ;
#2784 = ORIENTED_EDGE ( 'NONE', *, *, #2922, .T. ) ;
#2785 = CARTESIAN_POINT ( 'NONE',  ( -0.7041108772539349525, 0.2333511809534699333, 0.2539360964688784916 ) ) ;
#2786 = CARTESIAN_POINT ( 'NONE',  ( -1.000000000000000000, 9.947805760435139419E-16, 0.5250000000000000222 ) ) ;
#2787 = LINE ( 'NONE', #1250, #650 ) ;
#2788 = B_SPLINE_CURVE_WITH_KNOTS ( 'NONE', 3,
 ( #2078, #1209, #1536, #1475, #1840, #317, #3953, #7, #1232, #3602, #2060, #532, #1757, #551, #255, #3729, #1580, #2160, #959, #3755, #3485, #3446, #999, #1647, #2815, #980, #2201, #673, #1016, #3188, #1941, #27, #45, #1557, #3402, #3100, #2533, #3169, #1901, #2857, #1624, #3709, #401, #90, #1320, #423, #3793, #3777, #2552, #1603, #2224, #2242, #3145, #2180, #714, #2880, #337, #2793, #1922, #110, #2463, #2834, #940, #634, #1254, #1861, #2484, #3424, #3465 ),
 .UNSPECIFIED., .F., .F.,
 ( 4, 2, 1, 1, 2, 2, 2, 2, 1, 1, 2, 2, 2, 2, 2, 2, 2, 2, 1, 1, 1, 1, 2, 2, 2, 2, 2, 2, 1, 1, 1, 2, 2, 2, 2, 1, 1, 1, 1, 2, 2, 4 ),
 ( 0.5000300880315147189, 0.5039361029687665638, 0.5078421179060182977, 0.5156541477805219875, 0.5312782075295292561, 0.5625263270275437932, 0.6250225660235729785, 0.6259990697578858843, 0.6269755734921989010, 0.6289285809608247124, 0.6328345958980764463, 0.6406466257725798030, 0.6562706855215864055, 0.6601767004588381393, 0.6640827153960897622, 0.6718947452705931189, 0.6875188050195999434, 0.6884953087539136263, 0.6894718124882274202, 0.6914248199568548969, 0.6953308348941098505, 0.7031428647686198685, 0.7187669245176397936, 0.7500150440156797549, 0.7812631635137197161, 0.8125112830117595664, 0.8750075220078393778, 0.8759840257421531717, 0.8769605294764668546, 0.8789135369450942203, 0.8828195518823493959, 0.8906315817568596360, 0.9062556415058802273, 0.9375037610039211877, 0.9379920128710781402, 0.9384802647382349816, 0.9394567684725487755, 0.9414097759411761412, 0.9453157908784310948, 0.9531278207529408908, 0.9687518805019605939, 1.000000000000000000 ),
 .UNSPECIFIED. ) ;
#2789 = VECTOR ( 'NONE', #2750, 1000.000000000000000 ) ;
#2790 = CARTESIAN_POINT ( 'NONE',  ( -0.8660375284469739032, -0.5000070001771780293, 2.958325250224969949 ) ) ;
#2791 = CARTESIAN_POINT ( 'NONE',  ( -0.7401923788646699309, -8.138291018150500576E-18, 1.125000000000000000 ) ) ;
#2792 = CARTESIAN_POINT ( 'NONE',  ( 0.9999999999996855848, 7.926835048062503557E-07, 2.675000052845534881 ) ) ;
#2793 = CARTESIAN_POINT ( 'NONE',  ( -0.9244038096527171788, 0.3814159638278762920, 2.449717979541417456 ) ) ;
#2794 = DIRECTION ( 'NONE',  ( -0.3826834323650811220, 0.9238795325112902912, 0.000000000000000000 ) ) ;
#2795 = CARTESIAN_POINT ( 'NONE',  ( -0.5773502691896245098, -1.000000000000000222, 1.391666666666668828 ) ) ;
#2796 = CARTESIAN_POINT ( 'NONE',  ( 0.6410254037844400621, -0.3700961894323349655, 2.091666666666660124 ) ) ;
#2797 = CIRCLE ( 'NONE', #2401, 0.3060000000000000497 ) ;
#2798 = CARTESIAN_POINT ( 'NONE',  ( 0.9976558548055894926, -0.07358895530063147561, 2.670105694546487829 ) ) ;
#2799 = CARTESIAN_POINT ( 'NONE',  ( -0.5003025903799682705, -0.8664692065737482629, 2.141656957128439842 ) ) ;
#2800 = CARTESIAN_POINT ( 'NONE',  ( -0.2847439300455252842, 0.6832335298202254492, 1.399775079735986472 ) ) ;
#2801 = EDGE_CURVE ( 'NONE', #2514, #1424, #537, .T. ) ;
#2802 = ORIENTED_EDGE ( 'NONE', *, *, #757, .T. ) ;
#2803 = CARTESIAN_POINT ( 'NONE',  ( -0.6410254037844400621, -0.3700961894323349655, 3.508333333333330195 ) ) ;
#2804 = DIRECTION ( 'NONE',  ( 1.000000000000000000, 0.000000000000000000, 0.000000000000000000 ) ) ;
#2805 = ORIENTED_EDGE ( 'NONE', *, *, #1183, .T. ) ;
#2806 = VECTOR ( 'NONE', #3977, 1000.000000000000114 ) ;
#2807 = CARTESIAN_POINT ( 'NONE',  ( 0.6410254037844400621, 0.3700961894323349655, 2.558333333333330017 ) ) ;
#2808 = EDGE_CURVE ( 'NONE', #3349, #1848, #208, .T. ) ;
#2809 = CARTESIAN_POINT ( 'NONE',  ( 0.000000000000000000, 0.000000000000000000, 3.254999999999999893 ) ) ;
#2810 = CARTESIAN_POINT ( 'NONE',  ( -0.6954794564055247763, 0.7185926121520667120, 0.4245076599811038465 ) ) ;
#2811 = EDGE_CURVE ( 'NONE', #1990, #1389, #2412, .T. ) ;
#2812 = CARTESIAN_POINT ( 'NONE',  ( -1.154716704595970533, 7.070600581027142701E-17, 2.924991916891642951 ) ) ;
#2813 = CARTESIAN_POINT ( 'NONE',  ( -0.5206648898094479172, -0.5261119645947407442, 1.124730756797154063 ) ) ;
#2814 = CARTESIAN_POINT ( 'NONE',  ( -1.154700538379251240, -2.121150477449807913E-16, -0.2749999999999991895 ) ) ;
#2815 = CARTESIAN_POINT ( 'NONE',  ( 0.4929037940553796515, 0.8701700671775643992, 2.342207085400982436 ) ) ;
#2816 = CARTESIAN_POINT ( 'NONE',  ( 0.5773502691896263972, 1.000000000000003775, 2.791666666666655860 ) ) ;
#2817 = EDGE_CURVE ( 'NONE', #725, #2544, #3171, .T. ) ;
#2818 = CARTESIAN_POINT ( 'NONE',  ( 0.2895772529965595088, -0.7020603013869813891, 1.999031953667699923 ) ) ;
#2819 = ORIENTED_EDGE ( 'NONE', *, *, #3959, .F. ) ;
#2820 = CARTESIAN_POINT ( 'NONE',  ( -1.224646799147350002E-16, -1.000000000000000000, 0.9749999999999999778 ) ) ;
#2821 = CARTESIAN_POINT ( 'NONE',  ( 0.2562571109764228972, -0.9688198823083850053, 2.590879678633102756 ) ) ;
#2822 = CARTESIAN_POINT ( 'NONE',  ( 0.7887724185597934090, 0.05713236782871656400, 0.05060190119977681783 ) ) ;
#2823 = CARTESIAN_POINT ( 'NONE',  ( -0.2374718834201782758, 0.7028184709350399073, 1.395206093628471145 ) ) ;
#2824 = ORIENTED_EDGE ( 'NONE', *, *, #9, .F. ) ;
#2825 = EDGE_CURVE ( 'NONE', #1445, #3535, #112, .T. ) ;
#2826 = LINE ( 'NONE', #2269, #3102 ) ;
#2827 = DIRECTION ( 'NONE',  ( 0.000000000000000000, 1.000000000000000000, -3.252606517456513302E-15 ) ) ;
#2828 = ORIENTED_EDGE ( 'NONE', *, *, #1336, .F. ) ;
#2829 = CARTESIAN_POINT ( 'NONE',  ( 0.000000000000000000, 0.7401923788646699309, 2.625000000000000000 ) ) ;
#2830 = DIRECTION ( 'NONE',  ( 0.000000000000000000, 0.000000000000000000, 1.000000000000000000 ) ) ;
#2831 = CARTESIAN_POINT ( 'NONE',  ( -0.6998638253866167336, 0.7142880702013834071, 0.4249137336194407366 ) ) ;
#2832 = CARTESIAN_POINT ( 'NONE',  ( -0.5773583522979830462, -1.000014000354360499, 2.591658583558301920 ) ) ;
#2833 = CARTESIAN_POINT ( 'NONE',  ( -0.9249515576720512833, 0.3800873506379663924, 2.849752266310413784 ) ) ;
#2834 = CARTESIAN_POINT ( 'NONE',  ( -0.9316989462358327145, 0.3633215429410659447, 2.450911968093222981 ) ) ;
#2835 = DIRECTION ( 'NONE',  ( 0.000000000000000000, 1.000000000000000000, -3.252606517456513302E-15 ) ) ;
#2836 =( BOUNDED_CURVE ( )  B_SPLINE_CURVE ( 2, ( #517, #754, #773, #3892, #2002 ),
 .UNSPECIFIED., .F., .T. ) 
 B_SPLINE_CURVE_WITH_KNOTS ( ( 3, 2, 3 ),
 ( 0.000000000000000000, 0.4475932111030664351, 1.000000000000000000 ),
 .UNSPECIFIED. ) 
 CURVE ( )  GEOMETRIC_REPRESENTATION_ITEM ( )  RATIONAL_B_SPLINE_CURVE ( ( 0.9330127018922195203, 0.9330127018919625037, 1.000000000000000000, 0.9173261851904546127, 0.9366860371839165200 ) ) 
 REPRESENTATION_ITEM ( '' )  );
#2837 = AXIS2_PLACEMENT_3D ( 'NONE', #1044, #2496, #3740 ) ;
#2838 = CARTESIAN_POINT ( 'NONE',  ( 0.5219866587632830957, -0.8922269036098124939, 1.408333333333333659 ) ) ;
#2839 = VERTEX_POINT ( 'NONE', #339 ) ;
#2840 = CARTESIAN_POINT ( 'NONE',  ( 0.8660254037844380415, -0.5000000000000000000, 2.241666666666660035 ) ) ;
#2841 = CARTESIAN_POINT ( 'NONE',  ( 0.3867170194783790538, -0.9222081197108954465, 2.599920151120728828 ) ) ;
#2842 = LINE ( 'NONE', #75, #2971 ) ;
#2843 =( BOUNDED_SURFACE ( )  B_SPLINE_SURFACE ( 1, 2, ( 
 ( #483, #3004, #196, #239, #466, #834, #2673, #2327, #2306, #1460, #1117, #3916, #2693, #3605, #2345, #219, #2655, #3589, #1442, #501, #781, #536, #2062, #156, #2613, #1742, #2362, #3859, #3550, #521, #1761, #2007, #2026, #1132, #3270, #2944, #3307, #799, #3934, #2288, #1078, #3531, #760, #3229, #814, #3897, #1986, #175, #1723, #3252, #1688, #1705, #1401, #2633, #2042, #2982, #3877, #3571, #1100, #2962, #2735, #554, #3996, #618, #1521, #1214, #3674, #1236, #2796, #896, #2775, #596, #2123, #3104, #3043, #1823, #320, #1540, #2445, #2466, #340, #3691, #3367, #3627, #11, #2404, #3652, #282, #3063, #3712, #3980, #1152, #943, #1781, #853, #258, #3405, #1865, #2081, #3023, #1480, #301, #922, #3083, #2424, #3343, #1561, #2755, #2384 ),
 ( #1502, #872, #2143, #637, #1843, #3326, #2163, #2713, #3388, #3957, #1171, #2103, #1192, #574, #1802, #3193, #1324, #2207, #3208, #49, #3450, #2557, #3150, #718, #3126, #3733, #2183, #114, #428, #445, #2820, #2576, #93, #1040, #3430, #3818, #1304, #2488, #1886, #738, #363, #3799, #1344, #1650, #1020, #1003, #656, #2266, #963, #1584, #3507, #1282, #1965, #2246, #1665, #677, #31, #3488, #1628, #1259, #2515, #3761, #984, #1945, #2882, #1906, #386, #1607, #2840, #73, #2537, #3780, #2228, #3469, #696, #1925, #3173, #406, #2862, #2958, #1438, #2324, #1719, #2003, #1701, #2630, #3855, #2669, #2021, #2359, #3874, #1096, #1416, #2059, #152, #1129, #2940, #2341, #3913, #3601, #830, #461, #3303, #518, #2592, #193, #2652, #3584, #3567 ) ),
 .UNSPECIFIED., .F., .F., .T. ) 
 B_SPLINE_SURFACE_WITH_KNOTS ( ( 2, 2 ),
 ( 3, 2, 2, 2, 2, 2, 2, 2, 2, 2, 2, 2, 2, 2, 2, 2, 2, 2, 2, 2, 2, 2, 2, 2, 2, 2, 2, 2, 2, 2, 2, 2, 2, 2, 2, 2, 2, 2, 2, 2, 2, 2, 2, 2, 2, 2, 2, 2, 2, 2, 2, 2, 2, 2, 3 ),
 ( 0.000000000000000000, 1.000000000000000000 ),
 ( 0.000000000000000000, 0.01851851851851849667, 0.03703703703703700029, 0.05555555555555560104, 0.07407407407407409772, 0.09259259259259260133, 0.1111111111111110078, 0.1296296296296299833, 0.1481481481481480011, 0.1666666666666670182, 0.1851851851851850084, 0.2037037037037039977, 0.2222222222222219878, 0.2407407407407410049, 0.2592592592592590228, 0.2777777777777780122, 0.2962962962962960023, 0.3148148148148149916, 0.3333333333333329818, 0.3518518518518519711, 0.3703703703703700167, 0.3888888888888890061, 0.4074074074074069962, 0.4259259259259259855, 0.4444444444444439757, 0.4629629629629629650, 0.4814814814814810107, 0.5000000000000000000, 0.5185185185185180456, 0.5370370370370370905, 0.5555555555555560243, 0.5740740740740739589, 0.5925925925925930038, 0.6111111111111110494, 0.6296296296296299833, 0.6481481481481480289, 0.6666666666666670737, 0.6851851851851850084, 0.7037037037037039422, 0.7222222222222219878, 0.7407407407407410327, 0.7592592592592589673, 0.7777777777777779011, 0.7962962962962959468, 0.8148148148148149916, 0.8333333333333330373, 0.8518518518518520821, 0.8703703703703699057, 0.8888888888888889506, 0.9074074074074069962, 0.9259259259259260411, 0.9444444444444440867, 0.9629629629629630205, 0.9814814814814819544, 1.000000000000000000 ),
 .UNSPECIFIED. ) 
 GEOMETRIC_REPRESENTATION_ITEM ( )  RATIONAL_B_SPLINE_SURFACE ( (
 ( 1.000000000000000000, 0.8660254037844389297, 1.000000000000000000, 0.8660254037844389297, 1.000000000000000000, 0.8660254037844389297, 1.000000000000000000, 0.8660254037844389297, 1.000000000000000000, 0.8660254037844389297, 1.000000000000000000, 0.8660254037844389297, 1.000000000000000000, 0.8660254037844389297, 1.000000000000000000, 0.8660254037844389297, 1.000000000000000000, 0.8660254037844389297, 1.000000000000000000, 0.8660254037844389297, 1.000000000000000000, 0.8660254037844389297, 1.000000000000000000, 0.8660254037844389297, 1.000000000000000000, 0.8660254037844389297, 1.000000000000000000, 0.8660254037844389297, 1.000000000000000000, 0.8660254037844389297, 1.000000000000000000, 0.8660254037844389297, 1.000000000000000000, 0.8660254037844389297, 1.000000000000000000, 0.8660254037844389297, 1.000000000000000000, 0.8660254037844389297, 1.000000000000000000, 0.8660254037844389297, 1.000000000000000000, 0.8660254037844389297, 1.000000000000000000, 0.8660254037844389297, 1.000000000000000000, 0.8660254037844389297, 1.000000000000000000, 0.8660254037844389297, 1.000000000000000000, 0.8660254037844389297, 1.000000000000000000, 0.8660254037844389297, 1.000000000000000000, 0.8660254037844389297, 1.000000000000000000, 0.8660254037844389297, 1.000000000000000000, 0.8660254037844389297, 1.000000000000000000, 0.8660254037844389297, 1.000000000000000000, 0.8660254037844389297, 1.000000000000000000, 0.8660254037844389297, 1.000000000000000000, 0.8660254037844389297, 1.000000000000000000, 0.8660254037844389297, 1.000000000000000000, 0.8660254037844389297, 1.000000000000000000, 0.8660254037844389297, 1.000000000000000000, 0.8660254037844389297, 1.000000000000000000, 0.8660254037844389297, 1.000000000000000000, 0.8660254037844389297, 1.000000000000000000, 0.8660254037844389297, 1.000000000000000000, 0.8660254037844389297, 1.000000000000000000, 0.8660254037844389297, 1.000000000000000000, 0.8660254037844389297, 1.000000000000000000, 0.8660254037844389297, 1.000000000000000000, 0.8660254037844389297, 1.000000000000000000, 0.8660254037844389297, 1.000000000000000000, 0.8660254037844389297, 1.000000000000000000, 0.8660254037844389297, 1.000000000000000000, 0.8660254037844389297, 1.000000000000000000, 0.8660254037844389297, 1.000000000000000000, 0.8660254037844389297, 1.000000000000000000, 0.8660254037844389297, 1.000000000000000000, 0.8660254037844389297, 1.000000000000000000, 0.8660254037844389297, 1.000000000000000000),
 ( 1.000000000000000000, 0.8660254037844389297, 1.000000000000000000, 0.8660254037844389297, 1.000000000000000000, 0.8660254037844389297, 1.000000000000000000, 0.8660254037844389297, 1.000000000000000000, 0.8660254037844389297, 1.000000000000000000, 0.8660254037844389297, 1.000000000000000000, 0.8660254037844389297, 1.000000000000000000, 0.8660254037844389297, 1.000000000000000000, 0.8660254037844389297, 1.000000000000000000, 0.8660254037844389297, 1.000000000000000000, 0.8660254037844389297, 1.000000000000000000, 0.8660254037844389297, 1.000000000000000000, 0.8660254037844389297, 1.000000000000000000, 0.8660254037844389297, 1.000000000000000000, 0.8660254037844389297, 1.000000000000000000, 0.8660254037844389297, 1.000000000000000000, 0.8660254037844389297, 1.000000000000000000, 0.8660254037844389297, 1.000000000000000000, 0.8660254037844389297, 1.000000000000000000, 0.8660254037844389297, 1.000000000000000000, 0.8660254037844389297, 1.000000000000000000, 0.8660254037844389297, 1.000000000000000000, 0.8660254037844389297, 1.000000000000000000, 0.8660254037844389297, 1.000000000000000000, 0.8660254037844389297, 1.000000000000000000, 0.8660254037844389297, 1.000000000000000000, 0.8660254037844389297, 1.000000000000000000, 0.8660254037844389297, 1.000000000000000000, 0.8660254037844389297, 1.000000000000000000, 0.8660254037844389297, 1.000000000000000000, 0.8660254037844389297, 1.000000000000000000, 0.8660254037844389297, 1.000000000000000000, 0.8660254037844389297, 1.000000000000000000, 0.8660254037844389297, 1.000000000000000000, 0.8660254037844389297, 1.000000000000000000, 0.8660254037844389297, 1.000000000000000000, 0.8660254037844389297, 1.000000000000000000, 0.8660254037844389297, 1.000000000000000000, 0.8660254037844389297, 1.000000000000000000, 0.8660254037844389297, 1.000000000000000000, 0.8660254037844389297, 1.000000000000000000, 0.8660254037844389297, 1.000000000000000000, 0.8660254037844389297, 1.000000000000000000, 0.8660254037844389297, 1.000000000000000000, 0.8660254037844389297, 1.000000000000000000, 0.8660254037844389297, 1.000000000000000000, 0.8660254037844389297, 1.000000000000000000, 0.8660254037844389297, 1.000000000000000000, 0.8660254037844389297, 1.000000000000000000, 0.8660254037844389297, 1.000000000000000000, 0.8660254037844389297, 1.000000000000000000, 0.8660254037844389297, 1.000000000000000000, 0.8660254037844389297, 1.000000000000000000, 0.8660254037844389297, 1.000000000000000000) ) ) 
 REPRESENTATION_ITEM ( '' )  SURFACE ( )  );
#2844 = AXIS2_PLACEMENT_3D ( 'NONE', #2023, #2061, #1703 ) ;
#2845 = CARTESIAN_POINT ( 'NONE',  ( 0.1699192131862921618, 0.7208318820511040448, 1.360796367522657313 ) ) ;
#2846 = EDGE_LOOP ( 'NONE', ( #2235, #3940, #2660, #1156 ) ) ;
#2847 = VERTEX_POINT ( 'NONE', #2244 ) ;
#2848 = CARTESIAN_POINT ( 'NONE',  ( 0.000000000000000000, 0.000000000000000000, 1.913471915518750479E-17 ) ) ;
#2849 = CARTESIAN_POINT ( 'NONE',  ( 0.7401923788646700419, -6.391244124090313355E-16, 0.9250000000000000444 ) ) ;
#2850 = B_SPLINE_CURVE_WITH_KNOTS ( 'NONE', 3,
 ( #1400, #534, #2287, #1758, #500, #1722, #2943, #2632, #1418, #2961, #3001, #2924, #235, #195, #2594, #3549, #3839, #758, #2654, #2612, #3876, #463, #154, #1383, #3896, #777, #174, #1116, #2343, #813, #2041, #3710, #2119, #552, #919, #279, #2161, #1150, #635, #3671, #593, #2422, #1499, #299, #3365, #1820, #3386, #3954, #894, #3403, #3341, #3060, #941, #571, #3689, #318, #616, #1841, #1519, #1537, #3081, #2732, #1190, #2400, #8, #2753, #1863 ),
 .UNSPECIFIED., .F., .F.,
 ( 4, 2, 2, 2, 2, 2, 2, 2, 2, 2, 2, 1, 1, 1, 2, 2, 2, 1, 2, 2, 2, 1, 2, 2, 2, 2, 2, 1, 2, 2, 2, 2, 1, 1, 1, 2, 2, 4 ),
 ( 0.4993751383575339431, 0.5619532460628293702, 0.6245313537681248528, 0.6284424854997058274, 0.6323536172312868020, 0.6401758806944488622, 0.6558204076207729827, 0.6636426710839350429, 0.6714649345470971031, 0.6871094614734213346, 0.6890650273392121550, 0.6910205932050028643, 0.6949317249365843940, 0.7027539883997474535, 0.7183985153260734613, 0.7496875691787256990, 0.7575098326418887584, 0.7653320961050517068, 0.7809766230313778257, 0.8122656768840299524, 0.8142212427498207727, 0.8161768086156115931, 0.8200879403471932338, 0.8279102038103565153, 0.8435547307366830783, 0.8748437845893362041, 0.8787549163209193992, 0.8826660480525025942, 0.8904883115156690954, 0.9061328384420019866, 0.9374218922946676580, 0.9383996752275635123, 0.9393774581604592555, 0.9413330240262509641, 0.9452441557578342701, 0.9530664192210007712, 0.9687109461473337735, 1.000000000000000000 ),
 .UNSPECIFIED. ) ;
#2851 = VERTEX_POINT ( 'NONE', #2182 ) ;
#2852 = CARTESIAN_POINT ( 'NONE',  ( -0.5199245290968422806, 0.5268462677207557121, 0.2251172552450473596 ) ) ;
#2853 = CARTESIAN_POINT ( 'NONE',  ( 1.000000000000001776, 0.2679491924311218631, 0.3428632794954079577 ) ) ;
#2854 = CARTESIAN_POINT ( 'NONE',  ( 0.2742378803701296386, 0.9638873608288980321, 0.3578799247199572209 ) ) ;
#2855 = CARTESIAN_POINT ( 'NONE',  ( -0.8660375284469739032, 0.5000070001771790285, 3.291658583558299878 ) ) ;
#2856 = CARTESIAN_POINT ( 'NONE',  ( -0.9658219809881647411, 0.2612620543661644534, 2.857640487093840775 ) ) ;
#2857 = CARTESIAN_POINT ( 'NONE',  ( -0.06605478880089858673, 0.9999931269956774393, 2.378905516216275551 ) ) ;
#2858 = CARTESIAN_POINT ( 'NONE',  ( 0.5773502691896230665, -1.000000000000000000, 1.858333333333330728 ) ) ;
#2859 = CIRCLE ( 'NONE', #349, 1.693999999999999950 ) ;
#2860 = CARTESIAN_POINT ( 'NONE',  ( -0.7401923788646690427, 4.779484580118589535E-15, 1.875000000000000000 ) ) ;
#2861 = EDGE_LOOP ( 'NONE', ( #2984, #2871, #1062, #2723 ) ) ;
#2862 = CARTESIAN_POINT ( 'NONE',  ( -1.224646799147350002E-16, -1.000000000000000000, 2.575000000000000178 ) ) ;
#2863 = CARTESIAN_POINT ( 'NONE',  ( 0.9582907261092727946, -0.2871005746914318535, 2.655941872865783093 ) ) ;
#2864 = DIRECTION ( 'NONE',  ( 0.000000000000000000, 0.000000000000000000, -1.000000000000000000 ) ) ;
#2865 = CARTESIAN_POINT ( 'NONE',  ( -1.000000000000000000, -4.883763603172890508E-15, 2.524999999999999911 ) ) ;
#2866 = ORIENTED_EDGE ( 'NONE', *, *, #1919, .T. ) ;
#2867 = VERTEX_POINT ( 'NONE', #694 ) ;
#2868 = VECTOR ( 'NONE', #2339, 1000.000000000000000 ) ;
#2869 = CARTESIAN_POINT ( 'NONE',  ( -0.2866446868063906583, -0.9240765510273051264, 0.2259709020444137795 ) ) ;
#2870 = DIRECTION ( 'NONE',  ( 0.000000000000000000, 0.000000000000000000, 1.000000000000000000 ) ) ;
#2871 = ORIENTED_EDGE ( 'NONE', *, *, #3644, .T. ) ;
#2872 = CARTESIAN_POINT ( 'NONE',  ( -0.5236490924486120191, 0.5231409172494443371, 0.2255786812224954418 ) ) ;
#2873 = CARTESIAN_POINT ( 'NONE',  ( -0.7401923788646699309, -9.064742275298830802E-17, 0.000000000000000000 ) ) ;
#2874 = CARTESIAN_POINT ( 'NONE',  ( -0.6776928449495914775, 0.7355273441489080799, 0.4228844212458781060 ) ) ;
#2875 = EDGE_CURVE ( 'NONE', #1445, #1791, #2535, .T. ) ;
#2876 = EDGE_CURVE ( 'NONE', #1972, #2167, #30, .T. ) ;
#2877 = CARTESIAN_POINT ( 'NONE',  ( 0.4273502691896271521, 0.7401923788646699309, 1.741666666666669361 ) ) ;
#2878 = EDGE_CURVE ( 'NONE', #3392, #1063, #2511, .T. ) ;
#2879 = PLANE ( 'NONE',  #3118 ) ;
#2880 = CARTESIAN_POINT ( 'NONE',  ( -0.8773365650996575171, 0.4950186674037950763, 2.442234341791646113 ) ) ;
#2881 = CARTESIAN_POINT ( 'NONE',  ( -0.2617993877991476870, -1.000000000000000444, 1.358333333333333393 ) ) ;
#2882 = CARTESIAN_POINT ( 'NONE',  ( -0.8660254037844390407, -0.5000000000000000000, 2.108333333333330284 ) ) ;
#2883 = CARTESIAN_POINT ( 'NONE',  ( 0.9454483474615709149, -0.3260588692490692386, 2.653355972532358109 ) ) ;
#2884 = CARTESIAN_POINT ( 'NONE',  ( 0.7841283777058174476, 0.1307835095386448154, 0.05451048891665422058 ) ) ;
#2885 = FACE_OUTER_BOUND ( 'NONE', #3593, .T. ) ;
#2886 = CARTESIAN_POINT ( 'NONE',  ( 0.4000000000000000222, 6.233884196379200648E-17, 4.700000000000000178 ) ) ;
#2887 = DIRECTION ( 'NONE',  ( 0.000000000000000000, 0.000000000000000000, -1.000000000000000000 ) ) ;
#2888 = ORIENTED_EDGE ( 'NONE', *, *, #2430, .F. ) ;
#2889 = B_SPLINE_CURVE_WITH_KNOTS ( 'NONE', 3,
 ( #3677, #904, #2128, #3089, #3373, #3069, #306, #1526, #1221, #2151, #1060, #683, #1654, #3494, #1968, #2869, #2252, #2542, #2233, #3179, #391, #3822, #1008, #3435, #3211, #55, #3132, #2520, #1951, #1329, #702, #3475, #3766, #100, #723, #1348, #1930, #1612, #139, #2561, #1365, #3806, #1043, #1287, #3785, #1911, #3198, #2907 ),
 .UNSPECIFIED., .F., .F.,
 ( 4, 2, 2, 2, 1, 1, 1, 2, 2, 2, 2, 2, 1, 2, 2, 2, 2, 1, 2, 2, 2, 1, 1, 1, 2, 2, 2, 4 ),
 ( 0.000000000000000000, 0.2500000000000007772, 0.3750000000000011657, 0.4375000000000013323, 0.4687500000000013878, 0.4843750000000014433, 0.4921875000000014988, 0.4960937500000014988, 0.5000000000000014433, 0.5625000000000017764, 0.5937500000000019984, 0.6093750000000021094, 0.6171875000000021094, 0.6210937500000021094, 0.6250000000000022204, 0.6875000000000034417, 0.7187500000000041078, 0.7343750000000044409, 0.7421875000000045519, 0.7500000000000046629, 0.8125000000000054401, 0.8437500000000058842, 0.8593750000000059952, 0.8671875000000059952, 0.8710937500000059952, 0.8750000000000061062, 0.9375000000000029976, 1.000000000000000000 ),
 .UNSPECIFIED. ) ;
#2890 = CARTESIAN_POINT ( 'NONE',  ( -0.4273502691896271521, 0.7401923788646699309, -0.1916666666666632934 ) ) ;
#2891 = CARTESIAN_POINT ( 'NONE',  ( 0.1510163916858818234, 0.7271584590434999607, 2.962551982311677712 ) ) ;
#2892 = CARTESIAN_POINT ( 'NONE',  ( 0.8360511855220629229, -0.3935376373518655879, 3.000000000000000000 ) ) ;
#2893 = CARTESIAN_POINT ( 'NONE',  ( -0.6406841985001727746, -0.7680989634435954061, 2.930317767247333727 ) ) ;
#2894 = VERTEX_POINT ( 'NONE', #1943 ) ;
#2895 = EDGE_CURVE ( 'NONE', #1010, #2499, #1821, .T. ) ;
#2896 = CARTESIAN_POINT ( 'NONE',  ( 0.4273502691896271521, 0.7401923788646699309, 2.141666666666663055 ) ) ;
#2897 = CARTESIAN_POINT ( 'NONE',  ( -1.075381490540429931E-15, 0.2735788812050500285, 3.254999999999999893 ) ) ;
#2898 = CARTESIAN_POINT ( 'NONE',  ( 0.000000000000000000, 0.000000000000000000, 0.000000000000000000 ) ) ;
#2899 = CARTESIAN_POINT ( 'NONE',  ( 0.000000000000000000, -8.239936510889830543E-15, 4.322150515720509567 ) ) ;
#2900 = EDGE_CURVE ( 'NONE', #2434, #1785, #2836, .T. ) ;
#2901 = DIRECTION ( 'NONE',  ( 0.2228687765782289831, 0.000000000000000000, -0.9748484540822349720 ) ) ;
#2902 = AXIS2_PLACEMENT_3D ( 'NONE', #1125, #3358, #589 ) ;
#2903 = CARTESIAN_POINT ( 'NONE',  ( -0.7401923788646762592, 0.1983339501604489130, 1.907136720504589267 ) ) ;
#2904 = CARTESIAN_POINT ( 'NONE',  ( 0.7400602840531950166, -0.01602317670808361266, 1.673557864246898674 ) ) ;
#2905 = DIRECTION ( 'NONE',  ( 0.9238795325112882928, 0.3826834323650861736, 9.708473376954254533E-15 ) ) ;
#2906 = CIRCLE ( 'NONE', #1672, 2.000000000000000000 ) ;
#2907 = CARTESIAN_POINT ( 'NONE',  ( -0.9145353925888880520, 2.543138227198659945E-09, 0.1743430137242199807 ) ) ;
#2908 = DIRECTION ( 'NONE',  ( 1.000000000000000000, 0.000000000000000000, 0.000000000000000000 ) ) ;
#2909 = EDGE_LOOP ( 'NONE', ( #1910, #1121, #2066, #2635 ) ) ;
#2910 = CIRCLE ( 'NONE', #836, 0.7401923788646699309 ) ;
#2911 = VECTOR ( 'NONE', #3833, 1000.000000000000114 ) ;
#2912 = CARTESIAN_POINT ( 'NONE',  ( 0.02669665591441856486, -0.8040579517053334513, 0.06404785493103315464 ) ) ;
#2913 = CARTESIAN_POINT ( 'NONE',  ( -0.2870652539315530216, 0.6822596996119240087, 3.000000000000059952 ) ) ;
#2914 = CARTESIAN_POINT ( 'NONE',  ( 0.7899840775637592127, -0.4933536079526284479, 3.000000000000000000 ) ) ;
#2915 = CARTESIAN_POINT ( 'NONE',  ( -0.5219866587632806532, -0.8922269036098134931, 0.5416666666666665186 ) ) ;
#2916 = CARTESIAN_POINT ( 'NONE',  ( 0.4273502691896260419, -0.7401923788646699309, 1.208333333333329707 ) ) ;
#2917 = CARTESIAN_POINT ( 'NONE',  ( 0.7401918187545033501, -0.06262486790448339169, 1.269360411087695262 ) ) ;
#2918 = CARTESIAN_POINT ( 'NONE',  ( 0.5933459863320921235, -0.4439802804764708122, 2.834409453115032118 ) ) ;
#2919 = DIRECTION ( 'NONE',  ( -1.000000000000000000, 0.000000000000000000, 0.000000000000000000 ) ) ;
#2920 = CARTESIAN_POINT ( 'NONE',  ( -0.8660375284469739032, -0.5000070001771780293, 0.1583252502249760107 ) ) ;
#2921 = CARTESIAN_POINT ( 'NONE',  ( -0.4273502691896260419, 0.7401923788646698199, 1.858333333333330728 ) ) ;
#2922 = EDGE_CURVE ( 'NONE', #1949, #3744, #3036, .T. ) ;
#2923 = CARTESIAN_POINT ( 'NONE',  ( 0.7092083479398064716, -0.2128693367355714294, 1.655905049106616067 ) ) ;
#2924 = CARTESIAN_POINT ( 'NONE',  ( 0.4726067803791602628, 0.5701659614543806986, 1.730464342413378986 ) ) ;
#2925 = CARTESIAN_POINT ( 'NONE',  ( -0.4057540912569230218, -0.4057540912569059799, 3.254999999999999893 ) ) ;
#2926 = EDGE_CURVE ( 'NONE', #3943, #1491, #1738, .T. ) ;
#2927 = ORIENTED_EDGE ( 'NONE', *, *, #3529, .T. ) ;
#2928 = ORIENTED_EDGE ( 'NONE', *, *, #1082, .F. ) ;
#2929 = CARTESIAN_POINT ( 'NONE',  ( 0.7793695727971386988, -0.5361041288276995331, 0.2057589876970224441 ) ) ;
#2930 = CARTESIAN_POINT ( 'NONE',  ( -0.2735788812050340413, -0.7248532759736899811, 3.254999999999999893 ) ) ;
#2931 = CARTESIAN_POINT ( 'NONE',  ( 0.6926047686613994170, 0.4250959472679699536, 3.000000000000000000 ) ) ;
#2932 = AXIS2_PLACEMENT_3D ( 'NONE', #3582, #1632, #699 ) ;
#2933 = CARTESIAN_POINT ( 'NONE',  ( 1.000000000000000222, -0.2617993877991486307, 0.6583333333333333259 ) ) ;
#2934 =( BOUNDED_SURFACE ( )  B_SPLINE_SURFACE ( 1, 2, ( 
 ( #44, #3445, #3728, #3423, #356, #3144, #3079, #1900, #1047, #2814, #1277, #379, #1064 ),
 ( #1370, #2483, #316, #3215, #2601, #143, #2159, #958, #3708, #1535, #1231, #2890, #1352 ) ),
 .UNSPECIFIED., .F., .F., .F. ) 
 B_SPLINE_SURFACE_WITH_KNOTS ( ( 2, 2 ),
 ( 3, 2, 2, 2, 2, 2, 3 ),
 ( 0.000000000000000000, 1.000000000000000000 ),
 ( -2.539506912448800065E-05, 0.1666666666666670182, 0.3333333333333329818, 0.5000000000000000000, 0.6666666666666670737, 0.8333333333333330373, 1.000000000000000000 ),
 .UNSPECIFIED. ) 
 GEOMETRIC_REPRESENTATION_ITEM ( )  RATIONAL_B_SPLINE_SURFACE ( (
 ( 1.000040833750489799, 0.8660049900196479244, 1.000000000000000000, 0.8660254037844389297, 1.000000000000000000, 0.8660254037844389297, 1.000000000000000000, 0.8660254037844389297, 1.000000000000000000, 0.8660254037844389297, 1.000000000000000000, 0.8660254037844389297, 1.000000000000000000),
 ( 1.000040833750489799, 0.8660049900196479244, 1.000000000000000000, 0.8660254037844389297, 1.000000000000000000, 0.8660254037844389297, 1.000000000000000000, 0.8660254037844389297, 1.000000000000000000, 0.8660254037844389297, 1.000000000000000000, 0.8660254037844389297, 1.000000000000000000) ) ) 
 REPRESENTATION_ITEM ( '' )  SURFACE ( )  );
#2935 = CARTESIAN_POINT ( 'NONE',  ( 0.000000000000000000, 0.7401923788646699309, 1.375000000000000000 ) ) ;
#2936 = CARTESIAN_POINT ( 'NONE',  ( 0.1929680908876446610, -0.7212355851727549894, 1.190905876658236107 ) ) ;
#2937 = CARTESIAN_POINT ( 'NONE',  ( 0.1856469647459378647, -0.7170308312646987980, 2.790528942558953229 ) ) ;
#2938 = CARTESIAN_POINT ( 'NONE',  ( -0.3358201048381880272, 1.259450488053280193, 3.966420441514869832 ) ) ;
#2939 = CARTESIAN_POINT ( 'NONE',  ( 0.000000000000000000, 0.2735788812050370389, 3.254999999999999893 ) ) ;
#2940 = CARTESIAN_POINT ( 'NONE',  ( 0.000000000000000000, 1.000000000000000000, 3.174999999999999822 ) ) ;
#2941 = AXIS2_PLACEMENT_3D ( 'NONE', #440, #3869, #3243 ) ;
#2942 = CARTESIAN_POINT ( 'NONE',  ( -0.4724738131195371227, -0.5702896596084311431, 1.530480846160080954 ) ) ;
#2943 = CARTESIAN_POINT ( 'NONE',  ( 0.5194592635267021308, 0.5273068806629415128, 1.724880635794288963 ) ) ;
#2944 = CARTESIAN_POINT ( 'NONE',  ( 0.4273502691896271521, 0.7401923788646699309, 0.9916666666666672514 ) ) ;
#2945 = DIRECTION ( 'NONE',  ( 0.000000000000000000, 0.000000000000000000, 1.000000000000000000 ) ) ;
#2946 = ORIENTED_EDGE ( 'NONE', *, *, #3250, .T. ) ;
#2947 = ORIENTED_EDGE ( 'NONE', *, *, #3715, .T. ) ;
#2948 = ADVANCED_FACE ( 'NONE', ( #1415 ), #795, .T. ) ;
#2949 = CARTESIAN_POINT ( 'NONE',  ( 0.8818746614805776929, -0.4252468496834121980, 0.2278618372910650169 ) ) ;
#2950 = CARTESIAN_POINT ( 'NONE',  ( 0.3783937338073235512, 0.6363165401066726012, 2.940799936112947321 ) ) ;
#2951 = CARTESIAN_POINT ( 'NONE',  ( 0.7364481972122365327, 0.3627557681508864484, 3.000000000000000444 ) ) ;
#2952 = CARTESIAN_POINT ( 'NONE',  ( -0.6887972754964488686, -0.7262006283888809977, 2.926183687333987926 ) ) ;
#2953 = CARTESIAN_POINT ( 'NONE',  ( 0.5518345558813211316, -0.4935191190840415576, 1.229047104678054447 ) ) ;
#2954 = CYLINDRICAL_SURFACE ( 'NONE', #3651, 0.7401923788646699309 ) ;
#2955 = DIRECTION ( 'NONE',  ( 1.000000000000000000, 0.000000000000000000, 0.000000000000000000 ) ) ;
#2956 = CARTESIAN_POINT ( 'NONE',  ( 0.9999999999999995559, 0.2617993877991500740, 0.6916666666666668739 ) ) ;
#2957 = CARTESIAN_POINT ( 'NONE',  ( 0.000000000000000000, 0.000000000000000000, 0.000000000000000000 ) ) ;
#2958 = CARTESIAN_POINT ( 'NONE',  ( 0.5773502691896256200, -1.000000000000000222, 2.608333333333331616 ) ) ;
#2959 =( BOUNDED_CURVE ( )  B_SPLINE_CURVE ( 2, ( #2598, #2043, #3290, #3230, #3551, #220, #1118, #1724, #1762 ),
 .UNSPECIFIED., .F., .T. ) 
 B_SPLINE_CURVE_WITH_KNOTS ( ( 3, 2, 2, 2, 3 ),
 ( 0.000000000000000000, 0.08333333333333083071, 0.2499999999999935052, 0.4166666666666641872, 0.5000000000000000000 ),
 .UNSPECIFIED. ) 
 CURVE ( )  GEOMETRIC_REPRESENTATION_ITEM ( )  RATIONAL_B_SPLINE_CURVE ( ( 0.9330127018922194093, 0.9330127018922234061, 1.000000000000000000, 0.8660254037844389297, 1.000000000000000000, 0.8660254037844389297, 1.000000000000000000, 0.9330127018922158566, 0.9330127018922194093 ) ) 
 REPRESENTATION_ITEM ( '' )  );
#2960 = CARTESIAN_POINT ( 'NONE',  ( 0.5413252039165125096, -0.5048842432131606106, 1.627779587203813882 ) ) ;
#2961 = CARTESIAN_POINT ( 'NONE',  ( 0.5061643696833855177, 0.5401234394909502079, 1.726474381775773503 ) ) ;
#2962 = CARTESIAN_POINT ( 'NONE',  ( 0.4273502691896271521, 0.7401923788646699309, 1.791666666666661412 ) ) ;
#2963 = DIRECTION ( 'NONE',  ( 0.01733375049385989242, 0.08714264840443966542, 0.9960450290638855897 ) ) ;
#2964 = CARTESIAN_POINT ( 'NONE',  ( 0.7401923788353873546, -6.583920756346896506E-06, 1.274999817019558446 ) ) ;
#2965 = ORIENTED_EDGE ( 'NONE', *, *, #2229, .T. ) ;
#2966 =( BOUNDED_CURVE ( )  B_SPLINE_CURVE ( 2, ( #308, #3030, #3637, #3661, #2455, #3332, #3680, #1489, #2721 ),
 .UNSPECIFIED., .F., .F. ) 
 B_SPLINE_CURVE_WITH_KNOTS ( ( 3, 2, 2, 2, 3 ),
 ( 0.5000000000000000000, 0.5833333333333310389, 0.7500000000000000000, 0.9166666666666600793, 1.000000000000000000 ),
 .UNSPECIFIED. ) 
 CURVE ( )  GEOMETRIC_REPRESENTATION_ITEM ( )  RATIONAL_B_SPLINE_CURVE ( ( 0.9330127018922195203, 0.9330127018922227400, 1.000000000000000000, 0.8660254037844389297, 1.000000000000000000, 0.8660254037844389297, 1.000000000000000000, 0.9330127018922154125, 0.9330127018922194093 ) ) 
 REPRESENTATION_ITEM ( '' )  );
#2967 = ORIENTED_EDGE ( 'NONE', *, *, #584, .T. ) ;
#2968 = CARTESIAN_POINT ( 'NONE',  ( 0.7045556020735391778, -0.6079067257686109338, 0.1899605138293349593 ) ) ;
#2969 = CARTESIAN_POINT ( 'NONE',  ( -0.4425648317045105529, -0.8973337938692633742, 2.146012268440420812 ) ) ;
#2970 = CARTESIAN_POINT ( 'NONE',  ( -0.5594943125052267430, -0.8288650735638393163, 2.936993085223773559 ) ) ;
#2971 = VECTOR ( 'NONE', #2864, 1000.000000000000000 ) ;
#2972 = ADVANCED_FACE ( 'NONE', ( #3546 ), #1982, .T. ) ;
#2973 = CARTESIAN_POINT ( 'NONE',  ( 0.5271987998213375493, -0.5195829666009491588, 1.226050197738557168 ) ) ;
#2974 = CARTESIAN_POINT ( 'NONE',  ( -0.4088364045080590814, -0.6170605553564377788, 2.737563838305819619 ) ) ;
#2975 = CARTESIAN_POINT ( 'NONE',  ( -0.4981102804940191198, 0.5942106896179741859, 3.000000000000000000 ) ) ;
#2976 = LINE ( 'NONE', #496, #2868 ) ;
#2977 = DIRECTION ( 'NONE',  ( -1.000000000000000000, 0.000000000000000000, 0.000000000000000000 ) ) ;
#2978 = CARTESIAN_POINT ( 'NONE',  ( 0.4273502691896271521, 0.7401923788646698199, 1.791666666666661412 ) ) ;
#2979 = CARTESIAN_POINT ( 'NONE',  ( -0.1019285337599697000, -0.7347368147593513754, 1.566641536307459059 ) ) ;
#2980 = CARTESIAN_POINT ( 'NONE',  ( 0.2892137826122070932, -0.7021929225184111445, 0.7989306114998435682 ) ) ;
#2981 = EDGE_CURVE ( 'NONE', #1565, #2722, #572, .T. ) ;
#2982 = CARTESIAN_POINT ( 'NONE',  ( 0.4273502691896260419, -0.7401923788646699309, 1.658333333333330328 ) ) ;
#2983 = CARTESIAN_POINT ( 'NONE',  ( -0.9255092991496771671, -0.3829209021546290947, 1.700430604035318760 ) ) ;
#2984 = ORIENTED_EDGE ( 'NONE', *, *, #768, .T. ) ;
#2985 = VERTEX_POINT ( 'NONE', #2651 ) ;
#2986 = VECTOR ( 'NONE', #3988, 1000.000000000000000 ) ;
#2987 = ORIENTED_EDGE ( 'NONE', *, *, #1009, .T. ) ;
#2988 = EDGE_CURVE ( 'NONE', #1606, #1949, #974, .T. ) ;
#2989 = CARTESIAN_POINT ( 'NONE',  ( 0.7798916960386294006, -0.5355471060720493615, 0.2058713259699585518 ) ) ;
#2990 = CARTESIAN_POINT ( 'NONE',  ( 0.000000000000000000, 0.000000000000000000, 0.000000000000000000 ) ) ;
#2991 = CARTESIAN_POINT ( 'NONE',  ( 0.4273502691896260419, -0.7401923788646698199, 0.8583333333333329485 ) ) ;
#2992 = CARTESIAN_POINT ( 'NONE',  ( 0.7954548145338607990, -0.6068974143012115796, 2.233784275574117739 ) ) ;
#2993 = AXIS2_PLACEMENT_3D ( 'NONE', #1871, #1488, #2804 ) ;
#2994 = DIRECTION ( 'NONE',  ( 0.3812272063696489632, -0.9203638919632260995, 0.08715574274766010876 ) ) ;
#2995 = FACE_OUTER_BOUND ( 'NONE', #1045, .T. ) ;
#2996 = DIRECTION ( 'NONE',  ( 0.000000000000000000, 0.000000000000000000, 1.000000000000000000 ) ) ;
#2997 = CARTESIAN_POINT ( 'NONE',  ( 0.000000000000000000, 1.000014000354360055, 0.8249919168916409751 ) ) ;
#2998 = ADVANCED_FACE ( 'NONE', ( #3854 ), #203, .T. ) ;
#2999 = CARTESIAN_POINT ( 'NONE',  ( -0.4526345208487032035, 0.8918101841740394553, 2.804719403350234508 ) ) ;
#3000 = CARTESIAN_POINT ( 'NONE',  ( 0.7401923788588465891, 2.936128703309503908E-06, 0.1250002644472429092 ) ) ;
#3001 = CARTESIAN_POINT ( 'NONE',  ( 0.4992353968387956420, 0.5466161221145995341, 1.727310480647092028 ) ) ;
#3002 = CARTESIAN_POINT ( 'NONE',  ( -2.000000000000000000, 0.000000000000000000, 3.306000000000000050 ) ) ;
#3003 = VECTOR ( 'NONE', #887, 1000.000000000000000 ) ;
#3004 = CARTESIAN_POINT ( 'NONE',  ( -0.4273502691896260419, 0.7401923788646699309, -0.1416666666666639984 ) ) ;
#3005 = CARTESIAN_POINT ( 'NONE',  ( -0.6384469468778435353, -0.7703555360799849705, 2.530469671534598675 ) ) ;
#3006 = FACE_OUTER_BOUND ( 'NONE', #2861, .T. ) ;
#3007 = ORIENTED_EDGE ( 'NONE', *, *, #2202, .F. ) ;
#3008 = ORIENTED_EDGE ( 'NONE', *, *, #2314, .F. ) ;
#3009 = LINE ( 'NONE', #2699, #2215 ) ;
#3010 = FACE_OUTER_BOUND ( 'NONE', #1291, .T. ) ;
#3011 = CARTESIAN_POINT ( 'NONE',  ( -1.349766751978800139, 0.3669424536064360143, 4.322150515720509567 ) ) ;
#3012 = CARTESIAN_POINT ( 'NONE',  ( 0.7011472073345574874, -0.7130194773774712891, 2.225033595404129372 ) ) ;
#3013 = VERTEX_POINT ( 'NONE', #736 ) ;
#3014 = CARTESIAN_POINT ( 'NONE',  ( 0.2735788812050399810, 4.263647660017989871E-17, 3.254999999999999893 ) ) ;
#3015 = CARTESIAN_POINT ( 'NONE',  ( -0.2903059173306523078, 0.7019086066133657376, 0.9989925078272262615 ) ) ;
#3016 = CARTESIAN_POINT ( 'NONE',  ( 0.9739717346112859442, 0.2617515353732973726, 0.2922106327099580070 ) ) ;
#3017 = CARTESIAN_POINT ( 'NONE',  ( 0.8660375284469739032, 0.5000070001771780293, 0.7583252502249749893 ) ) ;
#3018 = CARTESIAN_POINT ( 'NONE',  ( -0.1125472546292825282, 0.9945621024886940331, 2.781732614001556581 ) ) ;
#3019 = CARTESIAN_POINT ( 'NONE',  ( 0.6410254037844400621, -0.3700961894323349655, 0.09166666666666870023 ) ) ;
#3020 = CARTESIAN_POINT ( 'NONE',  ( -0.6410254037844400621, 0.3700961894323349655, 1.491666666666670027 ) ) ;
#3021 = ADVANCED_FACE ( 'NONE', ( #3207 ), #2668, .T. ) ;
#3022 = CARTESIAN_POINT ( 'NONE',  ( 0.8922269036098124939, 0.5219866587632829846, 1.508333333333333970 ) ) ;
#3023 = CARTESIAN_POINT ( 'NONE',  ( -0.8547005383792529720, 5.233531392778363755E-17, 3.124999999999999112 ) ) ;
#3024 = CARTESIAN_POINT ( 'NONE',  ( 0.6672555402540946146, -0.3798679032843097492, 0.02658994635656579744 ) ) ;
#3025 = EDGE_CURVE ( 'NONE', #1120, #2065, #1700, .T. ) ;
#3026 = ORIENTED_EDGE ( 'NONE', *, *, #2825, .F. ) ;
#3027 = ORIENTED_EDGE ( 'NONE', *, *, #598, .F. ) ;
#3028 = CARTESIAN_POINT ( 'NONE',  ( 0.000000000000000000, 0.000000000000000000, 1.913471915518750479E-17 ) ) ;
#3029 = CARTESIAN_POINT ( 'NONE',  ( -0.9521063648227845455, 0.3072282616348361306, 2.054511804787309881 ) ) ;
#3030 = CARTESIAN_POINT ( 'NONE',  ( 0.9999999999999922284, 0.2679491924311333539, 1.942863279495406825 ) ) ;
#3031 = ORIENTED_EDGE ( 'NONE', *, *, #506, .T. ) ;
#3032 = DIRECTION ( 'NONE',  ( 0.000000000000000000, 1.000000000000000000, -3.328129455091277128E-15 ) ) ;
#3033 = CARTESIAN_POINT ( 'NONE',  ( 0.000000000000000000, 1.903699164743109407, 3.945147222509344687 ) ) ;
#3034 = CARTESIAN_POINT ( 'NONE',  ( 0.7401923788646699309, 0.000000000000000000, 0.000000000000000000 ) ) ;
#3035 = CARTESIAN_POINT ( 'NONE',  ( 0.5773583522979830462, 1.000014000354360499, 1.591658583558310358 ) ) ;
#3036 = CIRCLE ( 'NONE', #2378, 2.773536978145060505 ) ;
#3037 = CARTESIAN_POINT ( 'NONE',  ( 0.8735970362062823735, 0.5039714729313639063, 2.708711382849175120 ) ) ;
#3038 = VECTOR ( 'NONE', #2075, 1000.000000000000114 ) ;
#3039 = CARTESIAN_POINT ( 'NONE',  ( -0.7401923788646690427, 4.779484580118589535E-15, 1.875000000000000000 ) ) ;
#3040 = B_SPLINE_CURVE_WITH_KNOTS ( 'NONE', 3,
 ( #106, #1334, #473, #3810, #1695, #2256, #3499, #437, #2276, #748, #1975, #2662, #1123, #3315, #543, #2069, #3409, #1563, #342, #2353, #3278, #1732, #1238, #1770, #2799, #2969, #639, #2470, #2490, #2032, #1542, #2777, #3714, #34, #2165, #925, #13, #3998, #2146, #945, #3012, #1867, #1261, #3106, #3390, #2992, #805, #2700, #3296, #1216, #509, #205, #3904, #1428, #3596, #822, #2052, #528, #1749, #228, #620, #1448, #2681, #3923, #1141, #246 ),
 .UNSPECIFIED., .F., .F.,
 ( 4, 2, 2, 1, 1, 1, 1, 2, 2, 2, 2, 1, 1, 2, 2, 2, 2, 2, 2, 2, 2, 1, 1, 1, 1, 2, 2, 2, 2, 2, 1, 1, 2, 2, 2, 2, 1, 1, 2, 4 ),
 ( 0.000000000000000000, 0.06250376100393152667, 0.09375564150589729695, 0.1093815817568802029, 0.1171945518823716559, 0.1211010369451174101, 0.1230542794764903081, 0.1240309007421767501, 0.1250075220078631921, 0.1406334622588482353, 0.1484464323843407152, 0.1523529174470869829, 0.1543061599784600890, 0.1552827812441466282, 0.1562594025098331674, 0.1718853427608182660, 0.1875112830118033647, 0.2500150440157437592, 0.2812669245177139565, 0.3125188050196841538, 0.3437706855216543511, 0.3593966257726394775, 0.3672095958981320130, 0.3711160809608782807, 0.3730693234922514701, 0.3740459447579380092, 0.3750225660236244929, 0.4062744465255974102, 0.4219003867765839244, 0.4297133569020771260, 0.4336198419648237823, 0.4355730844961970827, 0.4365497057618837329, 0.4375263270275703831, 0.4687782075295424677, 0.4844041477805285933, 0.4922171179060216839, 0.4961236029687682292, 0.4980768455001414741, 0.5000300880315147189 ),
 .UNSPECIFIED. ) ;
#3041 = CARTESIAN_POINT ( 'NONE',  ( 0.7401923788646700419, 5.737594156853803855E-16, 1.325000000000000178 ) ) ;
#3042 = CARTESIAN_POINT ( 'NONE',  ( -0.6057605774005463406, 0.4341856066634294797, 2.235539730453107499 ) ) ;
#3043 = CARTESIAN_POINT ( 'NONE',  ( -0.6410254037844400621, 0.3700961894323349655, 2.291666666666659857 ) ) ;
#3044 = CARTESIAN_POINT ( 'NONE',  ( 0.7175243485941751320, -0.2851955859392993897, 0.03195530770939007670 ) ) ;
#3045 = CARTESIAN_POINT ( 'NONE',  ( 0.6813933196487681476, 0.2891315831912427692, 1.300906017845456120 ) ) ;
#3046 = ORIENTED_EDGE ( 'NONE', *, *, #2878, .F. ) ;
#3047 = ADVANCED_FACE ( 'NONE', ( #460 ), #2038, .T. ) ;
#3048 = ORIENTED_EDGE ( 'NONE', *, *, #1420, .T. ) ;
#3049 = CARTESIAN_POINT ( 'NONE',  ( -0.8547005383792529720, 5.233531392778363755E-17, 3.475000000000000089 ) ) ;
#3050 = DIRECTION ( 'NONE',  ( 0.000000000000000000, 0.000000000000000000, 1.000000000000000000 ) ) ;
#3051 = CARTESIAN_POINT ( 'NONE',  ( -0.4273502691896271521, -0.7401923788646698199, 0.7916666666666669627 ) ) ;
#3052 = AXIS2_PLACEMENT_3D ( 'NONE', #498, #1057, #2284 ) ;
#3053 = ORIENTED_EDGE ( 'NONE', *, *, #2981, .F. ) ;
#3054 = DIRECTION ( 'NONE',  ( 0.08715574274765507112, 0.000000000000000000, 0.9961946980917458783 ) ) ;
#3055 = CARTESIAN_POINT ( 'NONE',  ( 0.000000000000000000, 0.000000000000000000, 0.000000000000000000 ) ) ;
#3056 = CARTESIAN_POINT ( 'NONE',  ( -1.224646799147347537E-16, -1.000000000000000888, 0.6249999999999998890 ) ) ;
#3057 = CARTESIAN_POINT ( 'NONE',  ( 0.000000000000000000, 1.000014000354360055, 0.4249919168916420631 ) ) ;
#3058 = CARTESIAN_POINT ( 'NONE',  ( -0.7076721629814481940, 0.7065409581190412736, 2.825639470218415550 ) ) ;
#3059 = CARTESIAN_POINT ( 'NONE',  ( -0.6410254037844400621, 0.3700961894323349655, 1.091666666666670116 ) ) ;
#3060 = CARTESIAN_POINT ( 'NONE',  ( -0.5556571905994702743, 0.4892385044015734596, 1.829542242723640966 ) ) ;
#3061 = ADVANCED_FACE ( 'NONE', ( #1056 ), #78, .F. ) ;
#3062 = CARTESIAN_POINT ( 'NONE',  ( 0.000000000000000000, 0.000000000000000000, 0.000000000000000000 ) ) ;
#3063 = CARTESIAN_POINT ( 'NONE',  ( -0.6410254037844400621, -0.3700961894323349655, 2.758333333333330195 ) ) ;
#3064 = CARTESIAN_POINT ( 'NONE',  ( 0.7068566224340419035, -0.3077541211224616990, 0.03063913769591318503 ) ) ;
#3065 = CARTESIAN_POINT ( 'NONE',  ( 0.2825828356577630429, 0.6841284301273005131, 1.350433789882926172 ) ) ;
#3066 = ORIENTED_EDGE ( 'NONE', *, *, #757, .F. ) ;
#3067 = EDGE_LOOP ( 'NONE', ( #2572, #3594, #2541, #3396 ) ) ;
#3068 = ADVANCED_FACE ( 'NONE', ( #1567 ), #2429, .T. ) ;
#3069 = CARTESIAN_POINT ( 'NONE',  ( -0.09177317909936806573, -0.9703451766663953038, 0.2339290685849167994 ) ) ;
#3070 = CARTESIAN_POINT ( 'NONE',  ( -0.7401923788646690427, 4.779484580118589535E-15, 1.474999999999999867 ) ) ;
#3071 = FACE_OUTER_BOUND ( 'NONE', #1303, .T. ) ;
#3072 = ADVANCED_FACE ( 'NONE', ( #4004 ), #37, .T. ) ;
#3073 = EDGE_LOOP ( 'NONE', ( #514, #3987, #405, #2054 ) ) ;
#3074 = CARTESIAN_POINT ( 'NONE',  ( -0.2512563132923339437, 0.6065863991822770807, 4.700000000000000178 ) ) ;
#3075 = CARTESIAN_POINT ( 'NONE',  ( -0.7401923788646690427, 5.969418031585589354E-15, 2.274999999999999911 ) ) ;
#3076 = CARTESIAN_POINT ( 'NONE',  ( 0.7099914029878544586, 0.7042133135532220312, 0.3241977498917259504 ) ) ;
#3077 = CARTESIAN_POINT ( 'NONE',  ( 0.000000000000000000, 1.000014000354360055, 1.624991916891640020 ) ) ;
#3078 = CARTESIAN_POINT ( 'NONE',  ( 0.4946518432838264978, 0.8691758966019403898, 2.742073808692147896 ) ) ;
#3079 = CARTESIAN_POINT ( 'NONE',  ( 1.224646799147350002E-16, -1.000000000000000000, -0.1749999999999999889 ) ) ;
#3080 = CARTESIAN_POINT ( 'NONE',  ( -0.7401923788646699309, -9.064742275298830802E-17, 0.000000000000000000 ) ) ;
#3081 = CARTESIAN_POINT ( 'NONE',  ( -0.6946013670317977562, 0.2560229591359390322, 1.852010056629538770 ) ) ;
#3082 = CARTESIAN_POINT ( 'NONE',  ( -0.8922269036098128270, 0.5219866587632819854, 1.641666666666666829 ) ) ;
#3083 = CARTESIAN_POINT ( 'NONE',  ( 0.4273502691896260419, -0.7401923788646699309, 3.258333333333331527 ) ) ;
#3084 = CARTESIAN_POINT ( 'NONE',  ( -0.7050628137498337056, -0.7091450792795656044, 2.524589409836601295 ) ) ;
#3085 = CARTESIAN_POINT ( 'NONE',  ( 2.449293598294706414E-16, -2.000000000000012434, 3.306000000000006267 ) ) ;
#3086 = CARTESIAN_POINT ( 'NONE',  ( 0.3654148061128754676, 0.6437688113233853704, 1.342148272570921508 ) ) ;
#3087 = ORIENTED_EDGE ( 'NONE', *, *, #1180, .T. ) ;
#3088 = VERTEX_POINT ( 'NONE', #1787 ) ;
#3089 = CARTESIAN_POINT ( 'NONE',  ( 0.07273746442258467726, -0.9802347799268429362, 0.2405024184693566325 ) ) ;
#3090 = CARTESIAN_POINT ( 'NONE',  ( -1.000000000000000000, -4.341978872923810008E-16, 1.724999999999999867 ) ) ;
#3091 = CARTESIAN_POINT ( 'NONE',  ( 0.000000000000000000, 0.000000000000000000, 3.000000000000000000 ) ) ;
#3092 = VERTEX_POINT ( 'NONE', #1507 ) ;
#3093 = DIRECTION ( 'NONE',  ( 0.000000000000000000, 0.000000000000000000, -1.000000000000000000 ) ) ;
#3094 = CARTESIAN_POINT ( 'NONE',  ( 1.000000000000000000, -5.499087597133518320E-16, 1.074999999999998623 ) ) ;
#3095 = CARTESIAN_POINT ( 'NONE',  ( -0.9837943433007912963, 0.1908697613777176338, 0.4622882978065673276 ) ) ;
#3096 = CARTESIAN_POINT ( 'NONE',  ( -0.8547005383792529720, 5.233531392778363755E-17, 0.2750000000000032419 ) ) ;
#3097 = DIRECTION ( 'NONE',  ( 0.000000000000000000, 0.000000000000000000, -1.000000000000000000 ) ) ;
#3098 = CARTESIAN_POINT ( 'NONE',  ( 0.06781896718825286552, -0.8083743992806668999, 0.07100550690808871135 ) ) ;
#3099 = EDGE_CURVE ( 'NONE', #2106, #1848, #2910, .T. ) ;
#3100 = CARTESIAN_POINT ( 'NONE',  ( 0.2753660210712248202, 0.9623063431229035292, 2.357806305511174205 ) ) ;
#3101 = CARTESIAN_POINT ( 'NONE',  ( -0.3863705466856066639, 0.6604195542700106447, 2.608333333333332948 ) ) ;
#3102 = VECTOR ( 'NONE', #3456, 1000.000000000000227 ) ;
#3103 = CARTESIAN_POINT ( 'NONE',  ( 0.5773502691896233996, -1.000000000000000222, 1.458333333333328152 ) ) ;
#3104 = CARTESIAN_POINT ( 'NONE',  ( -0.4273502691896260419, 0.7401923788646699309, 2.258333333333330195 ) ) ;
#3105 = CARTESIAN_POINT ( 'NONE',  ( 0.7152945742926302142, -0.6988290821907159334, 2.626330000489014438 ) ) ;
#3106 = CARTESIAN_POINT ( 'NONE',  ( 0.7082739517763533277, -0.7059405225358225122, 2.225697379501379469 ) ) ;
#3107 = ADVANCED_FACE ( 'NONE', ( #3984 ), #327, .T. ) ;
#3108 = CARTESIAN_POINT ( 'NONE',  ( 0.5574224830817695597, 0.4894002863689821958, 1.320439260818825566 ) ) ;
#3109 = ORIENTED_EDGE ( 'NONE', *, *, #880, .F. ) ;
#3110 = EDGE_CURVE ( 'NONE', #825, #1707, #1197, .T. ) ;
#3111 = CARTESIAN_POINT ( 'NONE',  ( 0.000000000000000000, 0.7401923788646699309, 2.975000000000000089 ) ) ;
#3112 = CYLINDRICAL_SURFACE ( 'NONE', #2277, 0.7401923788646699309 ) ;
#3113 = CARTESIAN_POINT ( 'NONE',  ( 0.000000000000000000, -1.052838844499739929E-14, 3.945147222509350904 ) ) ;
#3114 = ORIENTED_EDGE ( 'NONE', *, *, #3742, .F. ) ;
#3115 = CARTESIAN_POINT ( 'NONE',  ( 0.6065863991822489920, -0.2512563132923269493, 4.700000000000000178 ) ) ;
#3116 = CARTESIAN_POINT ( 'NONE',  ( -1.000000000000000000, -1.739893658958600106E-16, 1.275000000000000133 ) ) ;
#3117 = LINE ( 'NONE', #353, #3428 ) ;
#3118 = AXIS2_PLACEMENT_3D ( 'NONE', #422, #3727, #2178 ) ;
#3119 = CARTESIAN_POINT ( 'NONE',  ( -0.6410254037844400621, 0.3700961894323349655, 1.041666666666670071 ) ) ;
#3120 = CARTESIAN_POINT ( 'NONE',  ( -0.9574435273916006572, 0.2898659144216284012, 2.855734741279102984 ) ) ;
#3121 = CARTESIAN_POINT ( 'NONE',  ( 0.5152730786757390158, -0.7304992217556960377, 0.1523290208671330415 ) ) ;
#3122 = CARTESIAN_POINT ( 'NONE',  ( -1.000000000000000888, -0.2679491924311214746, 0.9428632794954074914 ) ) ;
#3123 = FACE_OUTER_BOUND ( 'NONE', #802, .T. ) ;
#3124 = EDGE_CURVE ( 'NONE', #933, #3442, #2889, .T. ) ;
#3125 = DIRECTION ( 'NONE',  ( -0.06666269134682947795, 0.06666269134683569519, 0.9955461672694008168 ) ) ;
#3126 = CARTESIAN_POINT ( 'NONE',  ( 0.000000000000000000, 1.000000000000000000, 0.7750000000000000222 ) ) ;
#3127 = AXIS2_PLACEMENT_3D ( 'NONE', #2637, #3884, #803 ) ;
#3128 = CARTESIAN_POINT ( 'NONE',  ( 0.9314093540641639191, -0.3640544269869160354, 2.650841080750942602 ) ) ;
#3129 = CARTESIAN_POINT ( 'NONE',  ( 0.6992996983002734979, 0.4076557309724423983, 0.06880440732689294125 ) ) ;
#3130 = CARTESIAN_POINT ( 'NONE',  ( -0.7098073292318574090, 0.2109093375644776891, 1.456100182201283566 ) ) ;
#3131 = EDGE_LOOP ( 'NONE', ( #202, #373, #2227, #817 ) ) ;
#3132 = CARTESIAN_POINT ( 'NONE',  ( -0.6182188422372795200, -0.7218641272926866748, 0.2088530674354076022 ) ) ;
#3133 = CARTESIAN_POINT ( 'NONE',  ( 0.000000000000000000, 0.7401923788646699309, 0.2250000000000000056 ) ) ;
#3134 = FILL_AREA_STYLE ('',( #1570 ) ) ;
#3135 = ORIENTED_EDGE ( 'NONE', *, *, #113, .F. ) ;
#3136 = B_SPLINE_CURVE_WITH_KNOTS ( 'NONE', 3,
 ( #2771, #3929, #315, #3037, #1457, #3623, #938, #2077, #1517, #1838, #917, #3992, #2730, #2379, #5, #2688, #1148, #3078, #848, #1230, #1208, #2158, #2139, #1497, #1777, #277, #3976, #3363, #3401, #868, #2439, #3322, #550, #3669, #3018, #254, #592, #1818, #3687, #2420, #613, #1756, #1473, #2999, #2117, #1167, #2398, #3384, #2708, #3952, #3058, #1534, #297, #3647, #2097, #3340, #569, #1797, #2241, #66, #2833, #3484, #1879, #712, #1940, #2260, #3120, #2856, #691, #3187, #1299 ),
 .UNSPECIFIED., .F., .F.,
 ( 4, 2, 2, 2, 1, 2, 2, 2, 2, 2, 2, 2, 2, 1, 1, 1, 2, 2, 2, 1, 2, 2, 2, 1, 1, 2, 2, 2, 2, 2, 1, 2, 2, 2, 2, 1, 1, 1, 2, 2, 4 ),
 ( 0.4996796899576178008, 0.5622197287129118148, 0.6247597674682057178, 0.6267141436793087772, 0.6286685198904117255, 0.6325772723126177333, 0.6403947771570296377, 0.6560297868458535575, 0.6599385392680594542, 0.6638472916902655729, 0.6716647965346774773, 0.6872998062235013972, 0.6892541824346043455, 0.6912085586457074049, 0.6951173110679135236, 0.7029348159123256501, 0.7185698256011497920, 0.7498398449787981868, 0.7576573498232104242, 0.7654748546676224397, 0.7811098643564466926, 0.8123798837340951984, 0.8133570718396467836, 0.8143342599451982577, 0.8162886361563010951, 0.8201973885785072138, 0.8280148934229194513, 0.8436499031117437042, 0.8749199224893922100, 0.8788286749115986618, 0.8827374273338051136, 0.8905549321782180172, 0.9061899418670438244, 0.9374599612446956609, 0.9384371493502472461, 0.9394143374557989423, 0.9413687136669022237, 0.9452774660891087866, 0.9530949709335218012, 0.9687299806223478305, 1.000000000000000000 ),
 .UNSPECIFIED. ) ;
#3137 = ORIENTED_EDGE ( 'NONE', *, *, #1384, .T. ) ;
#3138 = CIRCLE ( 'NONE', #164, 2.000000000000000000 ) ;
#3139 = DIRECTION ( 'NONE',  ( -0.9203638919632312065, 0.3812272063696380275, 0.08715574274765412743 ) ) ;
#3140 = CARTESIAN_POINT ( 'NONE',  ( 0.8660254037844379305, 0.4999999999999990563, 0.3583333333333334481 ) ) ;
#3141 = CARTESIAN_POINT ( 'NONE',  ( -0.3077898378462748386, 0.9515913906957418344, 0.3944041479204791201 ) ) ;
#3142 = CARTESIAN_POINT ( 'NONE',  ( -9.064742275298830802E-17, -0.7401923788646699309, 0.7750000000000000222 ) ) ;
#3143 = CARTESIAN_POINT ( 'NONE',  ( -0.4023005638766533609, -0.6214124829244154213, 1.138271495953563139 ) ) ;
#3144 = CARTESIAN_POINT ( 'NONE',  ( 0.5773502691896256200, -1.000000000000000222, -0.1416666666666660801 ) ) ;
#3145 = CARTESIAN_POINT ( 'NONE',  ( -0.7441925634118796706, 0.6682271734553779652, 2.428940902369204569 ) ) ;
#3146 = CARTESIAN_POINT ( 'NONE',  ( -0.2735788812050399810, -2.108126504480589959E-15, 3.254999999999999893 ) ) ;
#3147 = ORIENTED_EDGE ( 'NONE', *, *, #1830, .F. ) ;
#3148 = CARTESIAN_POINT ( 'NONE',  ( 0.2870652539214350041, -0.6822596996161810479, 0.000000000000000000 ) ) ;
#3149 = ORIENTED_EDGE ( 'NONE', *, *, #587, .T. ) ;
#3150 = CARTESIAN_POINT ( 'NONE',  ( 0.8660254037844390407, 0.5000000000000000000, 0.7083333333333319271 ) ) ;
#3151 = EDGE_CURVE ( 'NONE', #1120, #3328, #4003, .T. ) ;
#3152 = CARTESIAN_POINT ( 'NONE',  ( -0.5065204465284717239, -0.5397922858706022398, 1.526431379410370326 ) ) ;
#3153 = LINE ( 'NONE', #388, #1414 ) ;
#3154 = CARTESIAN_POINT ( 'NONE',  ( 0.3281593996024599891, 0.6635844500857087658, 1.345940868777877109 ) ) ;
#3155 = ORIENTED_EDGE ( 'NONE', *, *, #2317, .T. ) ;
#3156 = CARTESIAN_POINT ( 'NONE',  ( 0.7401923788588465891, 2.936128703309503908E-06, 0.1250002644472429092 ) ) ;
#3157 = CARTESIAN_POINT ( 'NONE',  ( -0.6410254037844400621, 0.3700961894323349655, 0.2916666666666680174 ) ) ;
#3158 = CARTESIAN_POINT ( 'NONE',  ( 0.7401923788646699309, -6.226295592251546642E-09, 2.074999999439159026 ) ) ;
#3159 = VERTEX_POINT ( 'NONE', #1891 ) ;
#3160 = VERTEX_POINT ( 'NONE', #370 ) ;
#3161 = B_SPLINE_CURVE_WITH_KNOTS ( 'NONE', 3,
 ( #2705, #1795, #3016, #2057, #547, #252, #2417, #3666, #3360, #1836, #1471, #3076, #2115, #2437, #3643, #3704, #3685, #590, #2093, #3336, #1515, #915, #311, #1532, #3301, #630, #2176, #2854, #1918, #419, #3185, #1600, #22, #397, #3749, #1644, #1856, #107, #3141, #61, #41, #975, #3774, #2568, #3441, #2548, #376, #1897, #2874, #2810, #2831, #1335, #1274, #3164, #3790, #936, #2220, #669, #3399, #1014, #3420, #1296, #1877, #3481, #2529, #2156, #995, #3462, #689, #3095, #2504, #1621 ),
 .UNSPECIFIED., .F., .F.,
 ( 4, 2, 2, 1, 1, 1, 1, 2, 2, 2, 2, 2, 1, 1, 1, 2, 2, 2, 2, 2, 2, 2, 2, 1, 1, 1, 2, 2, 2, 2, 2, 1, 1, 2, 2, 2, 1, 1, 1, 1, 2, 2, 2, 4 ),
 ( 0.06822298055419910578, 0.1846951079848102584, 0.2429311717001158555, 0.2720492035577686263, 0.2866082194865949839, 0.2938877274510081072, 0.2975274814332147244, 0.2993473584243179775, 0.3011672354154212861, 0.3594032991308000469, 0.3885213309884893995, 0.4030803469173340758, 0.4103598548817564140, 0.4139996088639675831, 0.4158194858550732231, 0.4167294243506259876, 0.4176393628461787522, 0.4758754265615573464, 0.5049934584192465881, 0.5195524743480912644, 0.5341114902769359407, 0.5923475539923144240, 0.6214655858500037766, 0.6360246017788484529, 0.6433041097432707911, 0.6469438637254820712, 0.6487637407165876002, 0.6505836177076931293, 0.7088196814230728338, 0.7379377132807626305, 0.7524967292096076399, 0.7597762371740302001, 0.7634159911562418133, 0.7652358681473476754, 0.7670557451384533154, 0.8252918088538394592, 0.8544098407115324756, 0.8689688566403789283, 0.8762483646048022656, 0.8798881185870138788, 0.8817079955781196299, 0.8835278725692253809, 0.9417639362846127460, 1.000000000000000000 ),
 .UNSPECIFIED. ) ;
#3162 = CARTESIAN_POINT ( 'NONE',  ( -0.6291801062884465612, 0.3906442487887950565, 0.2398258987473893267 ) ) ;
#3163 = DIRECTION ( 'NONE',  ( 1.000000000000000000, 0.000000000000000000, 0.000000000000000000 ) ) ;
#3164 = CARTESIAN_POINT ( 'NONE',  ( -0.7068361539055808551, 0.7073773620698359244, 0.4255625302020398237 ) ) ;
#3165 = ADVANCED_FACE ( 'NONE', ( #411 ), #1635, .T. ) ;
#3166 = CARTESIAN_POINT ( 'NONE',  ( -0.8660375284469739032, 0.5000070001771790285, 2.891658583558299966 ) ) ;
#3167 = CARTESIAN_POINT ( 'NONE',  ( -0.3791461463968269774, 0.1570474759590479996, 1.886154803078720077 ) ) ;
#3168 = EDGE_CURVE ( 'NONE', #2985, #3349, #493, .T. ) ;
#3169 = CARTESIAN_POINT ( 'NONE',  ( 0.1315366016383923697, 0.9934690157966160617, 2.367072027618936758 ) ) ;
#3170 = CARTESIAN_POINT ( 'NONE',  ( 0.9935745318323363495, -0.1147899079992197313, 0.2673548456769903048 ) ) ;
#3171 = LINE ( 'NONE', #3797, #1295 ) ;
#3172 = VERTEX_POINT ( 'NONE', #1312 ) ;
#3173 = CARTESIAN_POINT ( 'NONE',  ( -0.8660254037844390407, -0.5000000000000000000, 2.508333333333330195 ) ) ;
#3174 = CARTESIAN_POINT ( 'NONE',  ( -0.3572079479657438439, -0.9340813107490204548, 2.552176104859682049 ) ) ;
#3175 = CARTESIAN_POINT ( 'NONE',  ( -0.5773502691896250649, 1.000000000000001554, 1.258333333333327086 ) ) ;
#3176 = AXIS2_PLACEMENT_3D ( 'NONE', #965, #1947, #1042 ) ;
#3177 = LINE ( 'NONE', #409, #932 ) ;
#3178 = ORIENTED_EDGE ( 'NONE', *, *, #3757, .F. ) ;
#3179 = CARTESIAN_POINT ( 'NONE',  ( -0.4506202154045792496, -0.8459271453297334542, 0.2180441353203918520 ) ) ;
#3180 = VECTOR ( 'NONE', #3467, 1000.000000000000000 ) ;
#3181 = CARTESIAN_POINT ( 'NONE',  ( 0.4273502691896271521, 0.7401923788646698199, 0.5916666666666677843 ) ) ;
#3182 = ORIENTED_EDGE ( 'NONE', *, *, #259, .F. ) ;
#3183 = CARTESIAN_POINT ( 'NONE',  ( -0.5157799623155719937, 0.5309150406206076811, 0.2246033732657146398 ) ) ;
#3184 = CARTESIAN_POINT ( 'NONE',  ( 0.7477222373097169861, 0.3885489136734460169, 4.569113484364081046 ) ) ;
#3185 = CARTESIAN_POINT ( 'NONE',  ( 0.09193272221120607490, 0.9959219715313021304, 0.3693620835863455354 ) ) ;
#3186 = CARTESIAN_POINT ( 'NONE',  ( 0.8660375284469739032, -0.5000070001771790285, 3.091658583558300144 ) ) ;
#3187 = CARTESIAN_POINT ( 'NONE',  ( -0.9999999999999993339, 0.08890362867629364452, 2.869073091421578958 ) ) ;
#3188 = CARTESIAN_POINT ( 'NONE',  ( 0.3825298913917648536, 0.9239431163627078725, 2.350379393593708510 ) ) ;
#3189 = LINE ( 'NONE', #3146, #1800 ) ;
#3190 = VECTOR ( 'NONE', #2316, 1000.000000000000000 ) ;
#3191 = CARTESIAN_POINT ( 'NONE',  ( -0.5018585599700791100, 0.5018585599701070876, 4.690232114873239766 ) ) ;
#3192 = ORIENTED_EDGE ( 'NONE', *, *, #826, .T. ) ;
#3193 = CARTESIAN_POINT ( 'NONE',  ( -1.154700538379251240, 7.070501591499382719E-17, 0.4749999999999988676 ) ) ;
#3194 = CARTESIAN_POINT ( 'NONE',  ( 0.8803296923560873788, -0.4876642517332459570, 2.642719040748982895 ) ) ;
#3195 = DIRECTION ( 'NONE',  ( 0.000000000000000000, 0.000000000000000000, 1.000000000000000000 ) ) ;
#3196 = CARTESIAN_POINT ( 'NONE',  ( -0.8660254037844390407, -0.4999999999999996669, 2.558333333333326909 ) ) ;
#3197 = CLOSED_SHELL ( 'NONE', ( #727, #1671, #3636, #3773, #29, #1487, #3047, #3272, #3955, #459, #713, #1133, #3948, #2948, #131, #675, #85, #2467, #2998, #2263, #1188, #3829, #3107, #3443, #3663, #2972, #774, #2344, #1251, #1731, #206, #3611, #2678, #3871, #2578, #3835, #3672, #1853, #3165, #415, #1437, #843, #236, #3232, #3061, #2729, #3284, #952, #247, #2006, #3657, #1638, #1290, #2501, #2010, #1555, #2492, #3072, #2526, #1092, #3021, #1390, #2025, #875, #3950, #1978, #3068, #1308 ) ) ;
#3198 = CARTESIAN_POINT ( 'NONE',  ( -0.9185421465938996555, -0.08669868742307193510, 0.1783497672470165940 ) ) ;
#3199 = CARTESIAN_POINT ( 'NONE',  ( 2.074551677755616177E-16, -1.694000000000011275, 3.722296913319445455 ) ) ;
#3200 = VERTEX_POINT ( 'NONE', #3156 ) ;
#3201 = EDGE_CURVE ( 'NONE', #1972, #3513, #2826, .T. ) ;
#3202 = CARTESIAN_POINT ( 'NONE',  ( 0.8660254037844370423, 0.4999999999999985012, 0.7583333333333328596 ) ) ;
#3203 = CARTESIAN_POINT ( 'NONE',  ( -1.000000000000000000, 6.586779025730069757E-16, 2.875000000000000000 ) ) ;
#3204 = CARTESIAN_POINT ( 'NONE',  ( -0.2635321989542424026, -0.6917365574673680628, 1.152259595955364535 ) ) ;
#3205 = CARTESIAN_POINT ( 'NONE',  ( -0.2081234553819943933, -0.7103363115309526687, 2.757408793998301189 ) ) ;
#3206 = CARTESIAN_POINT ( 'NONE',  ( -0.3878251953514110228, -0.9217329428042809747, 3.000000000000000000 ) ) ;
#3207 = FACE_OUTER_BOUND ( 'NONE', #1007, .T. ) ;
#3208 = CARTESIAN_POINT ( 'NONE',  ( -1.224646799147350002E-16, -1.000000000000000000, 0.5749999999999999556 ) ) ;
#3209 = CARTESIAN_POINT ( 'NONE',  ( 0.7395562652697621475, -0.03166222867953745468, 1.672152673748622309 ) ) ;
#3210 = DIRECTION ( 'NONE',  ( -0.08714264840443947113, -0.01733375049385399436, 0.9960450290638857007 ) ) ;
#3211 = CARTESIAN_POINT ( 'NONE',  ( -0.5203814828616489807, -0.8002557349841743495, 0.2143704496603002774 ) ) ;
#3212 = CARTESIAN_POINT ( 'NONE',  ( 0.7401923788588465891, 2.936128703309503908E-06, 0.1250002644472429092 ) ) ;
#3213 = ORIENTED_EDGE ( 'NONE', *, *, #972, .T. ) ;
#3214 = COLOUR_RGB ( '',0.7921568627450980005, 0.8196078431372548767, 0.9333333333333333481 ) ;
#3215 = CARTESIAN_POINT ( 'NONE',  ( 0.8547005383792529720, 5.233531392778363755E-17, 0.07500000000000356382 ) ) ;
#3216 = CARTESIAN_POINT ( 'NONE',  ( -0.2577455156222462906, 0.6945961722597367993, 2.997157507027219392 ) ) ;
#3217 = CARTESIAN_POINT ( 'NONE',  ( 0.5773502691896250649, 1.000000000000001554, 0.7916666666666662966 ) ) ;
#3218 = CARTESIAN_POINT ( 'NONE',  ( -0.9079927042355936395, -0.4192710001603524583, 2.902934009297818641 ) ) ;
#3219 = EDGE_CURVE ( 'NONE', #344, #2847, #1358, .T. ) ;
#3220 =( BOUNDED_CURVE ( )  B_SPLINE_CURVE ( 2, ( #2044, #2386, #3918, #1443, #1423 ),
 .UNSPECIFIED., .F., .T. ) 
 B_SPLINE_CURVE_WITH_KNOTS ( ( 3, 2, 3 ),
 ( 0.000000000000000000, 0.1204625847954211015, 0.2461107869675034643 ),
 .UNSPECIFIED. ) 
 CURVE ( )  GEOMETRIC_REPRESENTATION_ITEM ( )  RATIONAL_B_SPLINE_CURVE ( ( 0.9331268006303269358, 0.9357773295675725356, 1.000000000000000000, 0.9330127018922196314, 0.9330127018922195203 ) ) 
 REPRESENTATION_ITEM ( '' )  );
#3221 = CARTESIAN_POINT ( 'NONE',  ( 0.6410254037844400621, 0.3700961894323349655, 1.308333333333330017 ) ) ;
#3222 = CARTESIAN_POINT ( 'NONE',  ( 0.7323339401295012596, -0.1179862724006962155, 1.264424716464600529 ) ) ;
#3223 = DIRECTION ( 'NONE',  ( 0.000000000000000000, 0.000000000000000000, 1.000000000000000000 ) ) ;
#3224 = CARTESIAN_POINT ( 'NONE',  ( 0.2735788812050380381, -1.078660417681859940, 3.254999999999999893 ) ) ;
#3225 = EDGE_CURVE ( 'NONE', #3013, #3298, #1668, .T. ) ;
#3226 = CARTESIAN_POINT ( 'NONE',  ( 0.7401923788646648239, 0.1983339501604686472, 1.742863279495407314 ) ) ;
#3227 = CARTESIAN_POINT ( 'NONE',  ( 0.4241376092866409597, -0.6076974742714549294, 1.613957278776496418 ) ) ;
#3228 = CARTESIAN_POINT ( 'NONE',  ( -0.2675567570320683819, -0.7059724784861992619, 0.7525843961331267762 ) ) ;
#3229 = CARTESIAN_POINT ( 'NONE',  ( 0.4273502691896260419, -0.7401923788646699309, 1.258333333333329973 ) ) ;
#3230 = CARTESIAN_POINT ( 'NONE',  ( -0.5773502691896243988, -1.000000000000000000, 2.191666666666660657 ) ) ;
#3231 = ORIENTED_EDGE ( 'NONE', *, *, #2596, .T. ) ;
#3232 = ADVANCED_FACE ( 'NONE', ( #1385 ), #2843, .F. ) ;
#3233 = ORIENTED_EDGE ( 'NONE', *, *, #3025, .F. ) ;
#3234 = AXIS2_PLACEMENT_3D ( 'NONE', #1677, #731, #184 ) ;
#3235 = DIRECTION ( 'NONE',  ( 3.552713678800499352E-15, -0.08715574274765508500, 0.9961946980917458783 ) ) ;
#3236 = CARTESIAN_POINT ( 'NONE',  ( 0.4010677623287974281, 0.6221401373174409999, 2.938399804829601614 ) ) ;
#3237 = CARTESIAN_POINT ( 'NONE',  ( 0.8001322378658431989, 0.2451815555036592764, 2.999999999999999556 ) ) ;
#3238 = CARTESIAN_POINT ( 'NONE',  ( -0.9999999999999995559, -0.2617993877991516283, 0.4916666666666667518 ) ) ;
#3239 = ORIENTED_EDGE ( 'NONE', *, *, #873, .T. ) ;
#3240 = PRODUCT_DEFINITION_SHAPE ( 'NONE', 'NONE',  #185 ) ;
#3241 = CARTESIAN_POINT ( 'NONE',  ( -0.3277799490276799288, -0.6637713680596470933, 1.145978694319353508 ) ) ;
#3242 = EDGE_CURVE ( 'NONE', #2847, #2106, #1870, .T. ) ;
#3243 = DIRECTION ( 'NONE',  ( 1.000000000000000000, 0.000000000000000000, 0.000000000000000000 ) ) ;
#3244 = CARTESIAN_POINT ( 'NONE',  ( 0.000000000000000000, 1.693999999999987294, 3.305999999999994721 ) ) ;
#3245 = CARTESIAN_POINT ( 'NONE',  ( 1.087731481419539773E-15, -0.1557693391224030111, 1.908430772231270112 ) ) ;
#3246 = DIRECTION ( 'NONE',  ( 0.000000000000000000, 0.000000000000000000, 1.000000000000000000 ) ) ;
#3247 = CARTESIAN_POINT ( 'NONE',  ( -0.3289752899483718296, -0.6631818881674910182, 1.545859447287315280 ) ) ;
#3248 = AXIS2_PLACEMENT_3D ( 'NONE', #395, #993, #2194 ) ;
#3249 = CARTESIAN_POINT ( 'NONE',  ( -0.6684090313351648271, -0.3215645157522116770, 0.7039558342049324624 ) ) ;
#3250 = EDGE_CURVE ( 'NONE', #2413, #682, #1176, .T. ) ;
#3251 = EDGE_CURVE ( 'NONE', #695, #1157, #2190, .T. ) ;
#3252 = CARTESIAN_POINT ( 'NONE',  ( -0.4273502691896260419, 0.7401923788646699309, 1.458333333333330151 ) ) ;
#3253 = CARTESIAN_POINT ( 'NONE',  ( -0.7401923788646699309, -9.064742275298830802E-17, 0.000000000000000000 ) ) ;
#3254 = ORIENTED_EDGE ( 'NONE', *, *, #2095, .F. ) ;
#3255 = ORIENTED_EDGE ( 'NONE', *, *, #2136, .F. ) ;
#3256 = CARTESIAN_POINT ( 'NONE',  ( -0.1937819116403581565, -0.7401923788646722624, 0.3583333333333366677 ) ) ;
#3257 = CARTESIAN_POINT ( 'NONE',  ( 0.4551260191138929434, 0.5862245733879311027, 2.932566497816083917 ) ) ;
#3258 = CARTESIAN_POINT ( 'NONE',  ( 0.7845803733096547994, 0.2764434160176038602, 3.000000000000000000 ) ) ;
#3259 = CARTESIAN_POINT ( 'NONE',  ( -0.8929419747305674671, -0.4502746854978407209, 2.905014679066639349 ) ) ;
#3260 =( BOUNDED_CURVE ( )  B_SPLINE_CURVE ( 2, ( #3418, #647, #2807, #1595, #2829, #59, #747, #181, #2602 ),
 .UNSPECIFIED., .F., .T. ) 
 B_SPLINE_CURVE_WITH_KNOTS ( ( 3, 2, 2, 2, 3 ),
 ( 0.5000000000000000000, 0.5833333333333807769, 0.7500000000001614264, 0.9166666666669339714, 1.000000000000000000 ),
 .UNSPECIFIED. ) 
 CURVE ( )  GEOMETRIC_REPRESENTATION_ITEM ( )  RATIONAL_B_SPLINE_CURVE ( ( 0.9330127018922194093, 0.9330127018922234061, 1.000000000000000000, 0.8660254037844389297, 1.000000000000000000, 0.8660254037844389297, 1.000000000000000000, 0.9330127018924805338, 0.9330127018922194093 ) ) 
 REPRESENTATION_ITEM ( '' )  );
#3261 = CARTESIAN_POINT ( 'NONE',  ( 0.6410254037844400621, -0.3700961894323349655, 1.641666666666669938 ) ) ;
#3262 = CARTESIAN_POINT ( 'NONE',  ( 0.5236350227317898565, -0.5231549761252254349, 1.225617550109180165 ) ) ;
#3263 = CARTESIAN_POINT ( 'NONE',  ( -0.5648968737834094700, -0.4789397319971033795, 2.719277457845940660 ) ) ;
#3264 = DIRECTION ( 'NONE',  ( 1.000000000000000000, 0.000000000000000000, 0.000000000000000000 ) ) ;
#3265 = CARTESIAN_POINT ( 'NONE',  ( 0.3878251953516899664, -0.9217329428041640682, 3.000000000000000000 ) ) ;
#3266 = CARTESIAN_POINT ( 'NONE',  ( -1.224663944636500236E-16, -1.000014000354360055, 0.2249919168916429679 ) ) ;
#3267 = FACE_OUTER_BOUND ( 'NONE', #2846, .T. ) ;
#3268 = CARTESIAN_POINT ( 'NONE',  ( 0.6949629910273695810, -0.2550526860909251847, 1.652122450541128273 ) ) ;
#3269 = CARTESIAN_POINT ( 'NONE',  ( -0.3878251953514110228, -0.9217329428042809747, 3.000000000000000000 ) ) ;
#3270 = CARTESIAN_POINT ( 'NONE',  ( 0.6410254037844400621, 0.3700961894323349655, 0.9583333333333329263 ) ) ;
#3271 = DIRECTION ( 'NONE',  ( 0.000000000000000000, 0.2228687765782313701, -0.9748484540822344169 ) ) ;
#3272 = ADVANCED_FACE ( 'NONE', ( #3267 ), #172, .T. ) ;
#3273 = CARTESIAN_POINT ( 'NONE',  ( 0.7398841555054562757, 0.02208101377917126226, 1.276934609545271382 ) ) ;
#3274 = VERTEX_POINT ( 'NONE', #134 ) ;
#3275 = ORIENTED_EDGE ( 'NONE', *, *, #2900, .T. ) ;
#3276 = CARTESIAN_POINT ( 'NONE',  ( -0.7401923788646699309, -2.312508131682119882E-16, 0.3250000000000000111 ) ) ;
#3277 = CARTESIAN_POINT ( 'NONE',  ( 0.5816219523832723004, 0.4589380659479955771, 2.917228291029497100 ) ) ;
#3278 = CARTESIAN_POINT ( 'NONE',  ( -0.5673560297940020147, -0.8234801149722803526, 2.136359525345541410 ) ) ;
#3279 = CARTESIAN_POINT ( 'NONE',  ( 1.000000000000000000, 2.780478654528933699E-16, 0.6749999999999992673 ) ) ;
#3280 = CARTESIAN_POINT ( 'NONE',  ( -0.2775799639453443990, -0.6861751989084713399, 1.150915940046549180 ) ) ;
#3281 = CARTESIAN_POINT ( 'NONE',  ( -0.4481003685228482358, -0.5894241059334901500, 2.733261223160196263 ) ) ;
#3282 = CARTESIAN_POINT ( 'NONE',  ( -0.8637669896935025182, 0.06285020754447287472, 3.000000000000000000 ) ) ;
#3283 = CARTESIAN_POINT ( 'NONE',  ( -0.2512563132923439913, -0.6065863991822330048, 4.700000000000000178 ) ) ;
#3284 = ADVANCED_FACE ( 'NONE', ( #1362 ), #1074, .T. ) ;
#3285 = DIRECTION ( 'NONE',  ( 0.000000000000000000, -3.239995458127760343E-15, -1.000000000000000000 ) ) ;
#3286 = CARTESIAN_POINT ( 'NONE',  ( 0.6855512453316190413, -0.2791210122148930495, 1.649977472820862934 ) ) ;
#3287 = CARTESIAN_POINT ( 'NONE',  ( -0.7401923788646699309, -4.990984619036200170E-15, 0.6750000000000000444 ) ) ;
#3288 = AXIS2_PLACEMENT_3D ( 'NONE', #845, #2073, #1773 ) ;
#3289 = DIRECTION ( 'NONE',  ( 1.000000000000000000, 6.982962677686270655E-15, 0.000000000000000000 ) ) ;
#3290 = CARTESIAN_POINT ( 'NONE',  ( -0.8660254037844359321, -0.4999999999999978351, 2.158333333333328330 ) ) ;
#3291 = CARTESIAN_POINT ( 'NONE',  ( 0.7393249339589706981, 0.03862134790300108395, 1.278382975698110657 ) ) ;
#3292 = ORIENTED_EDGE ( 'NONE', *, *, #2627, .T. ) ;
#3293 = ORIENTED_EDGE ( 'NONE', *, *, #3225, .F. ) ;
#3294 = CARTESIAN_POINT ( 'NONE',  ( 0.7777910630530415759, -0.5377975000201726807, 0.2054190622271230005 ) ) ;
#3295 = CARTESIAN_POINT ( 'NONE',  ( 0.000000000000000000, 0.000000000000000000, 0.000000000000000000 ) ) ;
#3296 = CARTESIAN_POINT ( 'NONE',  ( 0.8722204719846026189, -0.4899300459886666292, 2.242344967347616347 ) ) ;
#3297 = B_SPLINE_CURVE_WITH_KNOTS ( 'NONE', 3,
 ( #1799, #3978, #3994, #3649, #1233, #1211, #3101, #2442, #2141, #2464 ),
 .UNSPECIFIED., .F., .F.,
 ( 4, 2, 2, 2, 4 ),
 ( 0.5000000000000000000, 0.6250000000000000000, 0.7500000000000000000, 0.8750000000000000000, 1.000000000000000000 ),
 .UNSPECIFIED. ) ;
#3298 = VERTEX_POINT ( 'NONE', #1685 ) ;
#3299 = SPHERICAL_SURFACE ( 'NONE', #2659, 2.777941176470600126 ) ;
#3300 = CARTESIAN_POINT ( 'NONE',  ( 0.000000000000000000, -1.125042243461499945E-14, 3.722296913319440570 ) ) ;
#3301 = CARTESIAN_POINT ( 'NONE',  ( 0.3862870866121763669, 0.9223807923666966779, 0.3501104489370981954 ) ) ;
#3302 = CARTESIAN_POINT ( 'NONE',  ( 0.000000000000000000, 1.000014000354360055, 1.224991916891640109 ) ) ;
#3303 = CARTESIAN_POINT ( 'NONE',  ( -1.224646799147350002E-16, -1.000000000000000000, 3.375000000000000000 ) ) ;
#3304 = CARTESIAN_POINT ( 'NONE',  ( -0.5773502691896243988, 1.000000000000000000, 2.458333333333327264 ) ) ;
#3305 = CARTESIAN_POINT ( 'NONE',  ( -0.4350760920838392942, -0.6051290070079695660, 0.7352790348824748135 ) ) ;
#3306 = CARTESIAN_POINT ( 'NONE',  ( 0.4897885150504199814, 0.2028770456284570145, 3.254999999999999893 ) ) ;
#3307 = CARTESIAN_POINT ( 'NONE',  ( 0.000000000000000000, 0.7401923788646699309, 1.025000000000000133 ) ) ;
#3308 = CARTESIAN_POINT ( 'NONE',  ( -0.9585954033575054822, -0.2904571121988099303, 1.694216192200199256 ) ) ;
#3309 = ORIENTED_EDGE ( 'NONE', *, *, #3251, .T. ) ;
#3310 = CIRCLE ( 'NONE', #1885, 2.747226305059998541 ) ;
#3311 = ORIENTED_EDGE ( 'NONE', *, *, #3251, .F. ) ;
#3312 = CARTESIAN_POINT ( 'NONE',  ( 0.2870652539308480300, 0.6822596996122199942, 3.000000000000000444 ) ) ;
#3313 = DIRECTION ( 'NONE',  ( 1.000000000000000000, 0.000000000000000000, 0.000000000000000000 ) ) ;
#3314 = CARTESIAN_POINT ( 'NONE',  ( -1.000000000000000000, -2.693991570745850171E-16, 0.8750000000000000000 ) ) ;
#3315 = CARTESIAN_POINT ( 'NONE',  ( -0.7016893888683206626, -0.7125233565500247446, 2.124865726622557016 ) ) ;
#3316 = EDGE_CURVE ( 'NONE', #1063, #1389, #1381, .T. ) ;
#3317 = VECTOR ( 'NONE', #1127, 1000.000000000000000 ) ;
#3318 = DIRECTION ( 'NONE',  ( -1.558471049094799730E-16, 1.000000000000000000, 0.000000000000000000 ) ) ;
#3319 = CARTESIAN_POINT ( 'NONE',  ( 1.169094900404469950, -0.3046986221720069943, 3.610700266901099909 ) ) ;
#3320 = DIRECTION ( 'NONE',  ( 0.000000000000000000, 0.000000000000000000, 1.000000000000000000 ) ) ;
#3321 = CARTESIAN_POINT ( 'NONE',  ( -0.5773583522979830462, 1.000014000354360499, 2.458325250224968617 ) ) ;
#3322 = CARTESIAN_POINT ( 'NONE',  ( -0.01852860546670040409, 0.9999929920107109016, 2.776025370712744245 ) ) ;
#3323 = CARTESIAN_POINT ( 'NONE',  ( -0.4273502691896271521, -0.7401923788646698199, 1.191666666666670871 ) ) ;
#3324 = CARTESIAN_POINT ( 'NONE',  ( -0.2870652539315530216, 0.6822596996119240087, 3.000000000000059952 ) ) ;
#3325 = DIRECTION ( 'NONE',  ( 0.9203638919632313176, -0.3812272063696380830, -0.08715574274765411356 ) ) ;
#3326 = CARTESIAN_POINT ( 'NONE',  ( -0.5773502691896256200, -1.000000000000000222, 0.1416666666666660801 ) ) ;
#3327 = CARTESIAN_POINT ( 'NONE',  ( -0.3988399310221198979, -0.9176114143331588480, 2.549217460493999443 ) ) ;
#3328 = VERTEX_POINT ( 'NONE', #775 ) ;
#3329 = ORIENTED_EDGE ( 'NONE', *, *, #2024, .T. ) ;
#3330 = CARTESIAN_POINT ( 'NONE',  ( -0.6703402296829806817, 0.7621357449635765002, 2.021479939695840056 ) ) ;
#3331 = DIRECTION ( 'NONE',  ( 0.000000000000000000, 0.000000000000000000, 1.000000000000000000 ) ) ;
#3332 = CARTESIAN_POINT ( 'NONE',  ( -0.5773502691896243988, 1.000000000000000000, 2.058333333333327797 ) ) ;
#3333 = EDGE_LOOP ( 'NONE', ( #1024, #2657, #558, #970 ) ) ;
#3334 = DIRECTION ( 'NONE',  ( -1.000000000000000000, -4.819108580950805755E-31, -3.100476515632572256E-15 ) ) ;
#3335 = DIRECTION ( 'NONE',  ( -0.9961946980917458783, -1.015220138407319742E-14, 0.08715574274765508500 ) ) ;
#3336 = CARTESIAN_POINT ( 'NONE',  ( 0.4525480680347930273, 0.8918530468030496650, 0.3452879588302248393 ) ) ;
#3337 = AXIS2_PLACEMENT_3D ( 'NONE', #3091, #664, #57 ) ;
#3338 = CARTESIAN_POINT ( 'NONE',  ( 0.8660375284469739032, -0.5000070001771790285, 1.491658583558309825 ) ) ;
#3339 = ORIENTED_EDGE ( 'NONE', *, *, #3529, .F. ) ;
#3340 = CARTESIAN_POINT ( 'NONE',  ( -0.7507293509519388230, 0.6609235871359308012, 2.829545017569131904 ) ) ;
#3341 = CARTESIAN_POINT ( 'NONE',  ( -0.5404678316807409733, 0.5058017379653992895, 1.827667600492949740 ) ) ;
#3342 = CARTESIAN_POINT ( 'NONE',  ( 0.2617993877991508511, -0.9999999999999995559, 0.9916666666666664742 ) ) ;
#3343 = CARTESIAN_POINT ( 'NONE',  ( 0.8547005383792529720, -1.570059417833509065E-16, 3.325000000000000178 ) ) ;
#3344 =( BOUNDED_CURVE ( )  B_SPLINE_CURVE ( 2, ( #764, #2332, #244, #1465, #3312 ),
 .UNSPECIFIED., .F., .F. ) 
 B_SPLINE_CURVE_WITH_KNOTS ( ( 3, 2, 3 ),
 ( 0.7286707318912202247, 0.8501158850161323333, 1.000000000000000000 ),
 .UNSPECIFIED. ) 
 CURVE ( )  GEOMETRIC_REPRESENTATION_ITEM ( )  RATIONAL_B_SPLINE_CURVE ( ( 0.9330127018922227400, 0.9330126871681905243, 1.000000000000000000, 0.9173261851906462372, 0.9366860371838268140 ) ) 
 REPRESENTATION_ITEM ( '' )  );
#3345 = CARTESIAN_POINT ( 'NONE',  ( -0.4937677234814484839, -0.8696792494609442148, 2.542141224532316723 ) ) ;
#3346 = EDGE_CURVE ( 'NONE', #469, #2413, #479, .T. ) ;
#3347 = CARTESIAN_POINT ( 'NONE',  ( 0.7368456304939653423, 0.07536966002979209045, 1.281605209324596872 ) ) ;
#3348 = ORIENTED_EDGE ( 'NONE', *, *, #1240, .T. ) ;
#3349 = VERTEX_POINT ( 'NONE', #2461 ) ;
#3350 = DIRECTION ( 'NONE',  ( 1.000000000000000000, 0.000000000000000000, 0.000000000000000000 ) ) ;
#3351 = CARTESIAN_POINT ( 'NONE',  ( -0.8422250137854858654, 0.3276140302031757545, 0.1592230808705357992 ) ) ;
#3352 = CARTESIAN_POINT ( 'NONE',  ( 0.000000000000000000, 0.000000000000000000, 0.000000000000000000 ) ) ;
#3353 = CARTESIAN_POINT ( 'NONE',  ( -1.259450488053259987, -0.3358201048381790343, 3.966420441514869832 ) ) ;
#3354 = ORIENTED_EDGE ( 'NONE', *, *, #3408, .F. ) ;
#3355 = VERTEX_POINT ( 'NONE', #3707 ) ;
#3356 = CYLINDRICAL_SURFACE ( 'NONE', #83, 1.000000000000000000 ) ;
#3357 = EDGE_CURVE ( 'NONE', #947, #676, #233, .T. ) ;
#3358 = DIRECTION ( 'NONE',  ( 0.000000000000000000, 0.000000000000000000, 1.000000000000000000 ) ) ;
#3359 = AXIS2_PLACEMENT_3D ( 'NONE', #960, #1000, #1321 ) ;
#3360 = CARTESIAN_POINT ( 'NONE',  ( 0.7271007674136548138, 0.6866160601458468626, 0.3227407680923410904 ) ) ;
#3361 = CARTESIAN_POINT ( 'NONE',  ( 0.5773583522979830462, 1.000014000354360499, 0.7916585835583083153 ) ) ;
#3362 = AXIS2_PLACEMENT_3D ( 'NONE', #2886, #448, #2597 ) ;
#3363 = CARTESIAN_POINT ( 'NONE',  ( 0.2833330576103568754, 0.9598858326205446101, 2.757252379966637967 ) ) ;
#3364 = CARTESIAN_POINT ( 'NONE',  ( 0.7401923788646700419, -6.391244124090313355E-16, 0.9250000000000001554 ) ) ;
#3365 = CARTESIAN_POINT ( 'NONE',  ( -0.5060036138409093054, 0.5424177040145519157, 1.823301727054693178 ) ) ;
#3366 = CARTESIAN_POINT ( 'NONE',  ( 0.2661322007856715133, 0.7064678861370528029, 2.152773731767266163 ) ) ;
#3367 = CARTESIAN_POINT ( 'NONE',  ( 0.6410254037844400621, 0.3700961894323349655, 2.558333333333330017 ) ) ;
#3368 = CARTESIAN_POINT ( 'NONE',  ( 0.7215751681122143379, -0.2762117841243272864, 0.03245852092414395346 ) ) ;
#3369 = CARTESIAN_POINT ( 'NONE',  ( -0.5554917014875868642, 0.4894297968255158504, 1.429524548501960535 ) ) ;
#3370 = ORIENTED_EDGE ( 'NONE', *, *, #3201, .F. ) ;
#3371 = ORIENTED_EDGE ( 'NONE', *, *, #953, .T. ) ;
#3372 = EDGE_CURVE ( 'NONE', #223, #3429, #3136, .T. ) ;
#3373 = CARTESIAN_POINT ( 'NONE',  ( 0.006375119712061494241, -0.9802264081495992709, 0.2378498072313693645 ) ) ;
#3374 = FACE_OUTER_BOUND ( 'NONE', #3067, .T. ) ;
#3375 = DIRECTION ( 'NONE',  ( 0.08714264840443966542, 0.01733375049385979527, 0.9960450290638855897 ) ) ;
#3376 =( BOUNDED_CURVE ( )  B_SPLINE_CURVE ( 2, ( #849, #869, #615, #3385, #234, #3304, #3930, #2118, #1498 ),
 .UNSPECIFIED., .F., .F. ) 
 B_SPLINE_CURVE_WITH_KNOTS ( ( 3, 2, 2, 2, 3 ),
 ( 0.5000000000000000000, 0.5833333333332725301, 0.7499999999998356870, 0.9166666666663887408, 1.000000000000000000 ),
 .UNSPECIFIED. ) 
 CURVE ( )  GEOMETRIC_REPRESENTATION_ITEM ( )  RATIONAL_B_SPLINE_CURVE ( ( 0.9330127018922194093, 0.9330127018922230731, 1.000000000000000000, 0.8660254037844389297, 1.000000000000000000, 0.8660254037844389297, 1.000000000000000000, 0.9330127018919540660, 0.9330127018922195203 ) ) 
 REPRESENTATION_ITEM ( '' )  );
#3377 = ORIENTED_EDGE ( 'NONE', *, *, #1265, .F. ) ;
#3378 = FACE_OUTER_BOUND ( 'NONE', #2308, .T. ) ;
#3379 = CARTESIAN_POINT ( 'NONE',  ( 0.7392667831030431680, 0.02821557508904243630, 0.8775462288047584103 ) ) ;
#3380 = DIRECTION ( 'NONE',  ( 1.000000000000000000, 0.000000000000000000, 0.000000000000000000 ) ) ;
#3381 =( BOUNDED_CURVE ( )  B_SPLINE_CURVE ( 2, ( #3942, #1812, #1748, #3051, #1510, #2991, #227, #2743, #1447 ),
 .UNSPECIFIED., .F., .T. ) 
 B_SPLINE_CURVE_WITH_KNOTS ( ( 3, 2, 2, 2, 3 ),
 ( 0.000000000000000000, 0.08333333333338620308, 0.2500000000001671441, 0.4166666666669390229, 0.5000000000000000000 ),
 .UNSPECIFIED. ) 
 CURVE ( )  GEOMETRIC_REPRESENTATION_ITEM ( )  RATIONAL_B_SPLINE_CURVE ( ( 0.9330127018922195203, 0.9330127018922194093, 1.000000000000000000, 0.8660254037844389297, 1.000000000000000000, 0.8660254037844389297, 1.000000000000000000, 0.9330127018924843085, 0.9330127018922194093 ) ) 
 REPRESENTATION_ITEM ( '' )  );
#3382 = AXIS2_PLACEMENT_3D ( 'NONE', #855, #900, #2064 ) ;
#3383 = CARTESIAN_POINT ( 'NONE',  ( 1.154716704595970533, -2.121180174308142071E-16, 0.7249919168916425516 ) ) ;
#3384 = CARTESIAN_POINT ( 'NONE',  ( -0.6081521500375571820, 0.7944984419560143785, 2.816858435786504078 ) ) ;
#3385 = CARTESIAN_POINT ( 'NONE',  ( 0.5773502691896243988, 1.000000000000000000, 2.391666666666657282 ) ) ;
#3386 = CARTESIAN_POINT ( 'NONE',  ( -0.5242013306406302364, 0.5225875594487074949, 1.825687252910700886 ) ) ;
#3387 = DIRECTION ( 'NONE',  ( 0.000000000000000000, 0.000000000000000000, 1.000000000000000000 ) ) ;
#3388 = CARTESIAN_POINT ( 'NONE',  ( 0.8660254037844380415, -0.5000000000000000000, 0.2416666666666660024 ) ) ;
#3389 = CARTESIAN_POINT ( 'NONE',  ( 0.5677003140038946460, -0.5039681108355765771, 0.01864556889934659151 ) ) ;
#3390 = CARTESIAN_POINT ( 'NONE',  ( 0.7333260946557418336, -0.6830257481964646660, 2.227768669968166915 ) ) ;
#3391 = CARTESIAN_POINT ( 'NONE',  ( 0.4450087827141908647, 0.5928786859064889558, 1.333655220047097689 ) ) ;
#3392 = VERTEX_POINT ( 'NONE', #1921 ) ;
#3393 = EDGE_LOOP ( 'NONE', ( #1468, #3370, #1174, #1727 ) ) ;
#3394 = CARTESIAN_POINT ( 'NONE',  ( -0.4273502691896271521, -0.7401923788646699309, 3.141666666666658170 ) ) ;
#3395 = CARTESIAN_POINT ( 'NONE',  ( 0.8833467490793308619, 0.4721447391505781965, 1.906602777710951324 ) ) ;
#3396 = ORIENTED_EDGE ( 'NONE', *, *, #2273, .T. ) ;
#3397 = CARTESIAN_POINT ( 'NONE',  ( -0.5227939007182853537, 0.5239976939783044241, 0.2254745796312621342 ) ) ;
#3398 = CARTESIAN_POINT ( 'NONE',  ( 0.6604195542700005417, -0.3863705466856239834, 2.441666666666665986 ) ) ;
#3399 = CARTESIAN_POINT ( 'NONE',  ( -0.7951499551856306969, 0.6099341068348521633, 0.4339080005430958620 ) ) ;
#3400 = CARTESIAN_POINT ( 'NONE',  ( 1.154716704595970533, -2.121180174308142071E-16, 3.524991916891639487 ) ) ;
#3401 = CARTESIAN_POINT ( 'NONE',  ( 0.2371412764813418672, 0.9720254202295357526, 2.760273838750466613 ) ) ;
#3402 = CARTESIAN_POINT ( 'NONE',  ( 0.3294821297318938358, 0.9444069395730211314, 2.354113208744422980 ) ) ;
#3403 = CARTESIAN_POINT ( 'NONE',  ( -0.5339115746652027816, 0.5127045137383905438, 1.826869566999601568 ) ) ;
#3404 = CARTESIAN_POINT ( 'NONE',  ( -0.2671972469990885335, -0.7060612309016098820, 1.952676395131297316 ) ) ;
#3405 = CARTESIAN_POINT ( 'NONE',  ( 0.000000000000000000, 0.7401923788646699309, 3.024999999999999911 ) ) ;
#3406 = CARTESIAN_POINT ( 'NONE',  ( -0.5294482151975066220, -0.8484605481160985008, 2.539379495682689392 ) ) ;
#3407 = PRODUCT_DEFINITION_FORMATION_WITH_SPECIFIED_SOURCE ( 'Symmetric', '', #3857, .NOT_KNOWN. ) ;
#3408 = EDGE_CURVE ( 'NONE', #3274, #1255, #998, .T. ) ;
#3409 = CARTESIAN_POINT ( 'NONE',  ( -0.6359523087791109086, -0.7720602242793254133, 2.130672458318468632 ) ) ;
#3410 = CARTESIAN_POINT ( 'NONE',  ( 0.3416993739047378131, 0.6568502999329696168, 1.344582503658390271 ) ) ;
#3411 = ORIENTED_EDGE ( 'NONE', *, *, #2530, .T. ) ;
#3412 = DIRECTION ( 'NONE',  ( 0.000000000000000000, 0.000000000000000000, 1.000000000000000000 ) ) ;
#3413 = DIRECTION ( 'NONE',  ( 1.000000000000000000, 1.224646799147353207E-16, -3.806967005651285212E-31 ) ) ;
#3414 = CARTESIAN_POINT ( 'NONE',  ( 0.7401923788646698199, 1.154781608784499952E-15, 2.124999999999998668 ) ) ;
#3415 = VERTEX_POINT ( 'NONE', #2791 ) ;
#3416 = EDGE_CURVE ( 'NONE', #801, #1606, #2482, .T. ) ;
#3417 = AXIS2_PLACEMENT_3D ( 'NONE', #1619, #1294, #667 ) ;
#3418 = CARTESIAN_POINT ( 'NONE',  ( 0.7401923788646700419, 1.087398117063462896E-14, 2.524999999999999911 ) ) ;
#3419 = CARTESIAN_POINT ( 'NONE',  ( -0.8922269036098128270, 0.5219866587632819854, 1.241666666666667140 ) ) ;
#3420 = CARTESIAN_POINT ( 'NONE',  ( -0.8749456321314567075, 0.4861542117061860013, 0.4428361039007372990 ) ) ;
#3421 = CIRCLE ( 'NONE', #1538, 2.000000000000000000 ) ;
#3422 = CARTESIAN_POINT ( 'NONE',  ( 0.4273502691896271521, 0.7401923788646699309, 0.9416666666666682062 ) ) ;
#3423 = CARTESIAN_POINT ( 'NONE',  ( 1.154700538379251240, 7.070501591499382719E-17, -0.07499999999999985845 ) ) ;
#3424 = CARTESIAN_POINT ( 'NONE',  ( -1.000000000000000444, 0.08415911501510678350, 2.469389392332326238 ) ) ;
#3425 = CARTESIAN_POINT ( 'NONE',  ( -0.9999999999994366728, 0.2679491924321041885, 2.907136720504520877 ) ) ;
#3426 = AXIS2_PLACEMENT_3D ( 'NONE', #2039, #3285, #3837 ) ;
#3427 = CARTESIAN_POINT ( 'NONE',  ( 0.8922269036098131600, -0.5219866587632817634, 1.041666666666666741 ) ) ;
#3428 = VECTOR ( 'NONE', #1575, 1000.000000000000000 ) ;
#3429 = VERTEX_POINT ( 'NONE', #1623 ) ;
#3430 = CARTESIAN_POINT ( 'NONE',  ( 0.8660254037844390407, 0.5000000000000000000, 1.108333333333329840 ) ) ;
#3431 = CARTESIAN_POINT ( 'NONE',  ( 0.3965659517914477128, -0.9180399677872483899, 2.600627200024110852 ) ) ;
#3432 = CARTESIAN_POINT ( 'NONE',  ( 0.7885636481174662649, 0.06482182880158565697, 0.05101080935505606512 ) ) ;
#3433 = CARTESIAN_POINT ( 'NONE',  ( -0.5068518907564966147, 0.5416059045036593078, 1.423404255505548388 ) ) ;
#3434 = ORIENTED_EDGE ( 'NONE', *, *, #310, .T. ) ;
#3435 = CARTESIAN_POINT ( 'NONE',  ( -0.5141270851611967618, -0.8047005166116206754, 0.2147092042790392230 ) ) ;
#3436 = CARTESIAN_POINT ( 'NONE',  ( -0.7401923788646700419, 0.1983339501604596544, 0.3071367205045935633 ) ) ;
#3437 = SURFACE_SIDE_STYLE ('',( #931 ) ) ;
#3438 = ORIENTED_EDGE ( 'NONE', *, *, #1379, .T. ) ;
#3439 = CARTESIAN_POINT ( 'NONE',  ( -0.2603698409023952887, 0.6929506731762647975, 0.1974378227636590655 ) ) ;
#3440 = FACE_OUTER_BOUND ( 'NONE', #3963, .T. ) ;
#3441 = CARTESIAN_POINT ( 'NONE',  ( -0.3791163770346589468, 0.9253580261136569174, 0.3993763626061966332 ) ) ;
#3442 = VERTEX_POINT ( 'NONE', #2198 ) ;
#3443 = ADVANCED_FACE ( 'NONE', ( #1899 ), #2879, .T. ) ;
#3444 = CARTESIAN_POINT ( 'NONE',  ( -0.4273502691896271521, -0.7401923788646699309, 0.7416666666666691388 ) ) ;
#3445 = CARTESIAN_POINT ( 'NONE',  ( 0.5772994778541334915, 1.000087973173660716, -0.008327468455089562585 ) ) ;
#3446 = CARTESIAN_POINT ( 'NONE',  ( 0.5433788804936101613, 0.8396121978203787695, 2.338281742604185975 ) ) ;
#3447 = CARTESIAN_POINT ( 'NONE',  ( 0.9958102428045663146, -0.09413874738774005713, 0.2687305605345960968 ) ) ;
#3448 = CARTESIAN_POINT ( 'NONE',  ( -0.2028770456284619828, 0.4897885150504239782, 3.254999999999999893 ) ) ;
#3449 = EDGE_LOOP ( 'NONE', ( #3541, #3311 ) ) ;
#3450 = CARTESIAN_POINT ( 'NONE',  ( 0.8660254037844380415, -0.5000000000000000000, 0.6416666666666649421 ) ) ;
#3451 = AXIS2_PLACEMENT_3D ( 'NONE', #2067, #3863, #3235 ) ;
#3452 = CARTESIAN_POINT ( 'NONE',  ( -0.5201577913637104311, -0.5266132853145951698, 1.524793627413546293 ) ) ;
#3453 = CARTESIAN_POINT ( 'NONE',  ( 0.8660254037844370423, 0.4999999999999986122, 1.158333333333327886 ) ) ;
#3454 = CARTESIAN_POINT ( 'NONE',  ( -0.2886547152940639460, 0.6815952446074281523, 1.400153725754627487 ) ) ;
#3455 = VERTEX_POINT ( 'NONE', #25 ) ;
#3456 = DIRECTION ( 'NONE',  ( 0.3826834323650740721, 0.9238795325112931778, 0.000000000000000000 ) ) ;
#3457 = CARTESIAN_POINT ( 'NONE',  ( 0.7401923788646691538, 0.1983339501604609034, 2.142863279495407891 ) ) ;
#3458 = DIRECTION ( 'NONE',  ( -1.000000000000000000, -3.930791316214285585E-15, 0.000000000000000000 ) ) ;
#3459 = VERTEX_POINT ( 'NONE', #378 ) ;
#3460 = DIRECTION ( 'NONE',  ( 0.000000000000000000, -0.9961946980917455452, 0.08715574274765836016 ) ) ;
#3461 = CARTESIAN_POINT ( 'NONE',  ( -0.8660254037844379305, 0.5000000000000000000, 0.4916666666666665297 ) ) ;
#3462 = CARTESIAN_POINT ( 'NONE',  ( -0.9334661203890095571, 0.3595360438137018555, 0.4509513409597714073 ) ) ;
#3463 = CARTESIAN_POINT ( 'NONE',  ( 0.8660375284469739032, 0.5000070001771780293, 3.158325250224970127 ) ) ;
#3464 = CARTESIAN_POINT ( 'NONE',  ( -0.3736231252740607189, -0.6390631482088140469, 1.141297954523380564 ) ) ;
#3465 = CARTESIAN_POINT ( 'NONE',  ( -1.000000000000000000, 2.521020878909429608E-16, 2.475000000000000089 ) ) ;
#3466 = CARTESIAN_POINT ( 'NONE',  ( 1.000000015096490502, -0.004788975430464918054, 0.2746812146495291596 ) ) ;
#3467 = DIRECTION ( 'NONE',  ( 0.08714264840443669558, -0.01733375049385580194, 0.9960450290638859228 ) ) ;
#3468 = ORIENTED_EDGE ( 'NONE', *, *, #2095, .T. ) ;
#3469 = CARTESIAN_POINT ( 'NONE',  ( -0.5773502691896256200, 1.000000000000000222, 2.408333333333329218 ) ) ;
#3470 = EDGE_CURVE ( 'NONE', #682, #1010, #355, .T. ) ;
#3471 = CARTESIAN_POINT ( 'NONE',  ( 0.9666377488266646445, -0.2582265318182804248, 2.657860870418986554 ) ) ;
#3472 = LINE ( 'NONE', #3509, #2641 ) ;
#3473 = FACE_OUTER_BOUND ( 'NONE', #2716, .T. ) ;
#3474 = EDGE_LOOP ( 'NONE', ( #1103, #539, #1549, #2029 ) ) ;
#3475 = CARTESIAN_POINT ( 'NONE',  ( -0.7276286193143561842, -0.5982020841306266989, 0.2017547114300523303 ) ) ;
#3476 = LINE ( 'NONE', #703, #23 ) ;
#3477 = ORIENTED_EDGE ( 'NONE', *, *, #2596, .F. ) ;
#3478 = VERTEX_POINT ( 'NONE', #3753 ) ;
#3479 = CARTESIAN_POINT ( 'NONE',  ( -0.6835466022089138338, 0.2839899156812437653, 0.2494275307661531216 ) ) ;
#3480 = FACE_BOUND ( 'NONE', #1332, .T. ) ;
#3481 = CARTESIAN_POINT ( 'NONE',  ( -0.9183401366399621679, 0.3958290952915839434, 0.4486909932617689778 ) ) ;
#3482 = VECTOR ( 'NONE', #546, 1000.000000000000000 ) ;
#3483 = CARTESIAN_POINT ( 'NONE',  ( 1.154716704595970533, -2.121180174308142071E-16, 2.724991916891640997 ) ) ;
#3484 = CARTESIAN_POINT ( 'NONE',  ( -0.9259619402403048705, 0.3776192042009416938, 2.849914461740653326 ) ) ;
#3485 = CARTESIAN_POINT ( 'NONE',  ( 0.6035248063725855427, 0.7994409396678574531, 2.333470189172894838 ) ) ;
#3486 = CARTESIAN_POINT ( 'NONE',  ( -1.224646799147345565E-16, -0.9999999999999995559, 1.824999999999998623 ) ) ;
#3487 = CARTESIAN_POINT ( 'NONE',  ( 0.9999999999999997780, -0.2679491924311215301, 1.507136720504593130 ) ) ;
#3488 = CARTESIAN_POINT ( 'NONE',  ( 1.154700538379251240, -2.121150477449807913E-16, 1.875000000000002665 ) ) ;
#3489 = CARTESIAN_POINT ( 'NONE',  ( 0.9276788848706708501, -0.3733977319169842213, 2.650225538131147029 ) ) ;
#3490 = CARTESIAN_POINT ( 'NONE',  ( 0.000000000000000000, 0.8511379332023930600, 0.1109455543377250025 ) ) ;
#3491 = AXIS2_PLACEMENT_3D ( 'NONE', #360, #1604, #2835 ) ;
#3492 = CARTESIAN_POINT ( 'NONE',  ( 0.2870652539308480300, 0.6822596996122199942, 3.000000000000000000 ) ) ;
#3493 = EDGE_LOOP ( 'NONE', ( #264, #2206, #324, #2564, #2828, #1566, #2636, #394, #285, #627, #3339, #2188, #1388, #305, #2427, #1039, #563, #3027, #737, #1490, #3048, #1247, #2519, #1218, #1656, #2309, #1771, #838, #1241, #1851, #3371, #427, #2329, #3275 ) ) ;
#3494 = CARTESIAN_POINT ( 'NONE',  ( -0.2508434428141153583, -0.9346454049470857006, 0.2275287862951056173 ) ) ;
#3495 = AXIS2_PLACEMENT_3D ( 'NONE', #1242, #2189, #559 ) ;
#3496 = CARTESIAN_POINT ( 'NONE',  ( 7.796578988081699676E-15, 1.338634555848799848E-14, 3.254999999999999893 ) ) ;
#3497 = ORIENTED_EDGE ( 'NONE', *, *, #3346, .T. ) ;
#3498 = CARTESIAN_POINT ( 'NONE',  ( -0.6410254037844400621, -0.3700961894323349655, 2.758333333333330195 ) ) ;
#3499 = CARTESIAN_POINT ( 'NONE',  ( -0.7839526967894875353, -0.6223300992099709550, 2.117588314828119600 ) ) ;
#3500 = CARTESIAN_POINT ( 'NONE',  ( -0.4273502691896271521, -0.7401923788646698199, 2.391666666666663055 ) ) ;
#3501 = CARTESIAN_POINT ( 'NONE',  ( 0.6410254037844400621, -0.3700961894323349655, 2.441666666666659768 ) ) ;
#3502 = CARTESIAN_POINT ( 'NONE',  ( 0.6895673053953782494, -0.2691041218615481956, 1.250884482068124415 ) ) ;
#3503 = CARTESIAN_POINT ( 'NONE',  ( -0.4312937860593628048, -0.6015972561402035401, 2.735117747644370656 ) ) ;
#3504 = CARTESIAN_POINT ( 'NONE',  ( 1.000000000000002887, 0.2679491924311224182, 2.742863279495403539 ) ) ;
#3505 = CARTESIAN_POINT ( 'NONE',  ( -1.154716704595970533, 7.070600581027142701E-17, 0.1249919168916430456 ) ) ;
#3506 = ORIENTED_EDGE ( 'NONE', *, *, #2441, .T. ) ;
#3507 = CARTESIAN_POINT ( 'NONE',  ( -0.8660254037844390407, 0.5000000000000000000, 1.641666666666659946 ) ) ;
#3508 = CARTESIAN_POINT ( 'NONE',  ( 0.9814438252493682402, -0.1945186291116272059, 2.662088993520573155 ) ) ;
#3509 = CARTESIAN_POINT ( 'NONE',  ( -0.4897885150504149854, 0.2028770456284549883, 3.254999999999999893 ) ) ;
#3510 = CIRCLE ( 'NONE', #1759, 2.773536978145062282 ) ;
#3511 = CARTESIAN_POINT ( 'NONE',  ( 1.078660417681890138, 0.2735788812050370389, 3.254999999999999893 ) ) ;
#3512 = CARTESIAN_POINT ( 'NONE',  ( 2.390326343468428721E-16, -1.903699164743130723, 3.945147222509356677 ) ) ;
#3513 = VERTEX_POINT ( 'NONE', #89 ) ;
#3514 = ORIENTED_EDGE ( 'NONE', *, *, #313, .T. ) ;
#3515 = DIRECTION ( 'NONE',  ( 0.9203638919632284310, -0.3812272063696440783, 0.08715574274765662544 ) ) ;
#3516 = CARTESIAN_POINT ( 'NONE',  ( 0.7401923788646648239, -8.718891277757927552E-08, 2.924999992147181427 ) ) ;
#3517 = LINE ( 'NONE', #2873, #515 ) ;
#3518 = CARTESIAN_POINT ( 'NONE',  ( -0.1051113115603610482, -0.9944695853070825153, 2.968637725228372215 ) ) ;
#3519 = EDGE_CURVE ( 'NONE', #1791, #1707, #3310, .T. ) ;
#3520 = B_SPLINE_CURVE_WITH_KNOTS ( 'NONE', 3,
 ( #322, #2559, #430, #2822, #3432, #1888, #3820, #2884, #136, #2517, #2268, #3802, #740, #3129, #1364, #365, #3782, #1967, #447, #51, #3490 ),
 .UNSPECIFIED., .F., .F.,
 ( 4, 2, 2, 1, 2, 2, 2, 2, 2, 2, 4 ),
 ( 0.2711329099846057633, 0.2825214582660963147, 0.2882157324068415627, 0.2939100065475868662, 0.3166871031105679690, 0.3622412962365301747, 0.4077954893624924360, 0.4533496824884545862, 0.5444580687403788311, 0.6355664549923032425, 1.000000000000000000 ),
 .UNSPECIFIED. ) ;
#3521 = CONICAL_SURFACE ( 'NONE', #1729, 1.500000000000000000, 0.2617993877991502405 ) ;
#3522 = CARTESIAN_POINT ( 'NONE',  ( 0.000000000000000000, 0.7401923788646699309, 1.775000000000000133 ) ) ;
#3523 = CARTESIAN_POINT ( 'NONE',  ( 0.3350471355327741541, -0.6601062969657248702, 1.204720012319015154 ) ) ;
#3524 = CARTESIAN_POINT ( 'NONE',  ( 0.1127078533093515827, -0.7319690537938174923, 2.784170438119017099 ) ) ;
#3525 = CARTESIAN_POINT ( 'NONE',  ( -0.5941919389166414600, -0.7782048756528162636, 3.000000000000000888 ) ) ;
#3526 = DIRECTION ( 'NONE',  ( 1.000000000000000000, 0.000000000000000000, 0.000000000000000000 ) ) ;
#3527 = DIRECTION ( 'NONE',  ( 1.000000000000000000, 0.000000000000000000, 0.000000000000000000 ) ) ;
#3528 = CARTESIAN_POINT ( 'NONE',  ( 0.7401923788638029578, -1.132728162466058342E-06, 0.8750001171265002764 ) ) ;
#3529 = EDGE_CURVE ( 'NONE', #1026, #3160, #1101, .T. ) ;
#3530 = CARTESIAN_POINT ( 'NONE',  ( 0.9999999999999991118, 0.2679491924311221962, 1.542863279495406248 ) ) ;
#3531 = CARTESIAN_POINT ( 'NONE',  ( -0.4273502691896271521, -0.7401923788646699309, 1.191666666666671093 ) ) ;
#3532 = EDGE_CURVE ( 'NONE', #2070, #3172, #913, .T. ) ;
#3533 = PLANE ( 'NONE',  #129 ) ;
#3534 = EDGE_LOOP ( 'NONE', ( #3676, #2153, #350, #1855, #1884 ) ) ;
#3535 = VERTEX_POINT ( 'NONE', #166 ) ;
#3536 = CIRCLE ( 'NONE', #2297, 2.000000000000000000 ) ;
#3537 = CARTESIAN_POINT ( 'NONE',  ( 0.6410254037844400621, -0.3700961894323349655, 1.691666666666660213 ) ) ;
#3538 = CARTESIAN_POINT ( 'NONE',  ( 0.6511023957238080140, 0.3520778022071225366, 2.906752801538925457 ) ) ;
#3539 = CARTESIAN_POINT ( 'NONE',  ( 0.3900442900565367910, 0.6565440172574594779, 3.000000000000000444 ) ) ;
#3540 = CARTESIAN_POINT ( 'NONE',  ( 0.2617993877991508511, -0.9999999999999995559, 0.5916666666666668961 ) ) ;
#3541 = ORIENTED_EDGE ( 'NONE', *, *, #2672, .F. ) ;
#3542 = CARTESIAN_POINT ( 'NONE',  ( -0.6410254037844400621, 0.3700961894323349655, 2.241666666666669805 ) ) ;
#3543 = CARTESIAN_POINT ( 'NONE',  ( 0.2938432049635107401, -0.6793745588802140301, 1.200657714376151208 ) ) ;
#3544 = CARTESIAN_POINT ( 'NONE',  ( 0.6221702473150154677, -0.4010262407146974462, 2.838682098931719633 ) ) ;
#3545 = CARTESIAN_POINT ( 'NONE',  ( -0.7158014813785876784, 0.3954339217286001462, 3.000000000000000888 ) ) ;
#3546 = FACE_OUTER_BOUND ( 'NONE', #3474, .T. ) ;
#3547 = DIRECTION ( 'NONE',  ( 0.000000000000000000, 0.000000000000000000, 1.000000000000000000 ) ) ;
#3548 = CARTESIAN_POINT ( 'NONE',  ( 0.04731564825628881144, -0.7387720491003968437, 1.578775787597225699 ) ) ;
#3549 = CARTESIAN_POINT ( 'NONE',  ( 0.3438539271904018646, 0.6557183819713270356, 1.744364735303460368 ) ) ;
#3550 = CARTESIAN_POINT ( 'NONE',  ( -0.6410254037844400621, -0.3700961894323349655, 0.7583333333333339699 ) ) ;
#3551 = CARTESIAN_POINT ( 'NONE',  ( -1.224646799147345812E-16, -0.9999999999999995559, 2.224999999999998757 ) ) ;
#3552 = AXIS2_PLACEMENT_3D ( 'NONE', #1022, #3195, #3763 ) ;
#3553 = ORIENTED_EDGE ( 'NONE', *, *, #768, .F. ) ;
#3554 = ORIENTED_EDGE ( 'NONE', *, *, #661, .T. ) ;
#3555 = AXIS2_PLACEMENT_3D ( 'NONE', #2283, #1113, #3836 ) ;
#3556 = VECTOR ( 'NONE', #3990, 1000.000000000000000 ) ;
#3557 = CARTESIAN_POINT ( 'NONE',  ( -0.7401923788646677105, -0.1937819116403753927, 0.2916666666666705154 ) ) ;
#3558 = DIRECTION ( 'NONE',  ( 0.000000000000000000, -1.000000000000000000, 6.360652745248292417E-15 ) ) ;
#3559 = DIRECTION ( 'NONE',  ( 0.000000000000000000, 0.000000000000000000, 1.000000000000000000 ) ) ;
#3560 = CARTESIAN_POINT ( 'NONE',  ( -0.7185158879704061086, -0.6967194241423629864, 2.923514715937302721 ) ) ;
#3561 = CARTESIAN_POINT ( 'NONE',  ( 0.4273502691896260419, -0.7401923788646699309, 2.008333333333329751 ) ) ;
#3562 = CARTESIAN_POINT ( 'NONE',  ( 0.2845856022119127582, -0.6832994366025090249, 1.199759758553842648 ) ) ;
#3563 = CARTESIAN_POINT ( 'NONE',  ( -0.3339478761049971545, -0.6652978115577289353, 2.745553467411641968 ) ) ;
#3564 = CARTESIAN_POINT ( 'NONE',  ( 0.2735788812050270469, 2.788037219775579670E-15, 3.254999999999999893 ) ) ;
#3565 = CARTESIAN_POINT ( 'NONE',  ( -0.5773502691896263972, -1.000000000000003775, 2.591666666666658347 ) ) ;
#3566 = DIRECTION ( 'NONE',  ( 6.956390396483600594E-15, -0.9961946980917461003, -0.08715574274765189311 ) ) ;
#3567 = CARTESIAN_POINT ( 'NONE',  ( 0.000000000000000000, 1.000000000000000000, 3.575000000000000178 ) ) ;
#3568 = CARTESIAN_POINT ( 'NONE',  ( 0.3189662308752373998, -0.6681068472431989091, 1.603117473066451915 ) ) ;
#3569 = VECTOR ( 'NONE', #3318, 1000.000000000000000 ) ;
#3570 = CARTESIAN_POINT ( 'NONE',  ( -0.7002233241451729651, -0.2447724757672809781, 0.6968980253627017341 ) ) ;
#3571 = CARTESIAN_POINT ( 'NONE',  ( 0.8547005383792529720, -1.570059417833509065E-16, 1.725000000000000977 ) ) ;
#3572 = DIRECTION ( 'NONE',  ( 0.000000000000000000, 0.000000000000000000, 1.000000000000000000 ) ) ;
#3573 = ORIENTED_EDGE ( 'NONE', *, *, #2878, .T. ) ;
#3574 = EDGE_LOOP ( 'NONE', ( #243, #3026, #177, #988 ) ) ;
#3575 = CARTESIAN_POINT ( 'NONE',  ( 0.7401923788647019053, 0.000000000000000000, 1.913471915518750479E-17 ) ) ;
#3576 = CARTESIAN_POINT ( 'NONE',  ( 1.522797865320049827E-14, 1.338634555848799848E-14, 4.700000000000000178 ) ) ;
#3577 = CARTESIAN_POINT ( 'NONE',  ( 0.2870652539308480300, 0.6822596996122199942, 3.000000000000000000 ) ) ;
#3578 = CARTESIAN_POINT ( 'NONE',  ( 0.8922269036098131600, -0.5219866587632817634, 0.6416666666666668295 ) ) ;
#3579 = CARTESIAN_POINT ( 'NONE',  ( 0.7401923788646698199, 9.041399499710039031E-15, 0.4750000000000027534 ) ) ;
#3580 = CARTESIAN_POINT ( 'NONE',  ( -0.2191693993262860407, -0.7070300367051119972, 2.756402217457307735 ) ) ;
#3581 = CARTESIAN_POINT ( 'NONE',  ( -0.3669424536064160303, 1.349766751978790147, 4.322150515720509567 ) ) ;
#3582 = CARTESIAN_POINT ( 'NONE',  ( 0.000000000000000000, 0.000000000000000000, 3.254999999999999893 ) ) ;
#3583 = DIRECTION ( 'NONE',  ( 0.3812272063696409141, 0.9203638919632300963, 0.08715574274765239271 ) ) ;
#3584 = CARTESIAN_POINT ( 'NONE',  ( 0.5773502691896256200, 1.000000000000000222, 3.541666666666658081 ) ) ;
#3585 = CARTESIAN_POINT ( 'NONE',  ( 0.5565131669636800282, -0.4882654232779085057, 1.629660226328776496 ) ) ;
#3586 = APPLICATION_CONTEXT ( 'automotive_design' ) ;
#3587 = CARTESIAN_POINT ( 'NONE',  ( -0.8660254037844360431, 0.4999999999999990563, 1.691666666666668650 ) ) ;
#3588 = EDGE_CURVE ( 'NONE', #3535, #486, #1394, .T. ) ;
#3589 = CARTESIAN_POINT ( 'NONE',  ( -0.4273502691896271521, -0.7401923788646699309, 0.3916666666666681063 ) ) ;
#3590 = CARTESIAN_POINT ( 'NONE',  ( 0.000000000000000000, 0.000000000000000000, 0.000000000000000000 ) ) ;
#3591 = EDGE_CURVE ( 'NONE', #2167, #3609, #1560, .T. ) ;
#3592 = CARTESIAN_POINT ( 'NONE',  ( 0.7401920635623174816, -0.1983344962801540656, 0.5071366713174075835 ) ) ;
#3593 = EDGE_LOOP ( 'NONE', ( #1322, #1387, #1894, #104, #1136 ) ) ;
#3594 = ORIENTED_EDGE ( 'NONE', *, *, #2024, .F. ) ;
#3595 = CARTESIAN_POINT ( 'NONE',  ( 0.6547099024843729964, -0.6463583348537698114, 0.1798187240683425392 ) ) ;
#3596 = CARTESIAN_POINT ( 'NONE',  ( 0.9232160942586306041, -0.3842842409418283367, 2.249521815293887173 ) ) ;
#3597 = LINE ( 'NONE', #2090, #3700 ) ;
#3598 = CARTESIAN_POINT ( 'NONE',  ( -0.6660946248947773318, 0.3334984917137290839, 1.045150170185520588 ) ) ;
#3599 = CYLINDRICAL_SURFACE ( 'NONE', #2709, 1.000000000000000000 ) ;
#3600 = CARTESIAN_POINT ( 'NONE',  ( -0.8660375284469739032, -0.5000070001771780293, 0.9583252502249749449 ) ) ;
#3601 = CARTESIAN_POINT ( 'NONE',  ( -1.154700538379251240, 7.070501591499382719E-17, 3.274999999999991473 ) ) ;
#3602 = CARTESIAN_POINT ( 'NONE',  ( 0.8737040043046797599, 0.5037733828649286760, 2.308689699667657358 ) ) ;
#3603 = CARTESIAN_POINT ( 'NONE',  ( -0.5773502691896245098, 1.000000000000000222, 1.658333333333328108 ) ) ;
#3604 = AXIS2_PLACEMENT_3D ( 'NONE', #86, #60, #3163 ) ;
#3605 = CARTESIAN_POINT ( 'NONE',  ( -0.4273502691896260419, 0.7401923788646699309, 0.2583333333333350246 ) ) ;
#3606 = EDGE_CURVE ( 'NONE', #3349, #3200, #886, .T. ) ;
#3607 = CARTESIAN_POINT ( 'NONE',  ( 1.000000000000000000, -1.314567325861946720E-09, 1.875000033092045548 ) ) ;
#3608 = CARTESIAN_POINT ( 'NONE',  ( 0.6410254037844400621, -0.3700961894323349655, 0.4916666666666680285 ) ) ;
#3609 = VERTEX_POINT ( 'NONE', #2746 ) ;
#3610 = ORIENTED_EDGE ( 'NONE', *, *, #2171, .T. ) ;
#3611 = ADVANCED_FACE ( 'NONE', ( #2113 ), #292, .T. ) ;
#3612 = CARTESIAN_POINT ( 'NONE',  ( 0.7740669615451996055, -0.5417600319490398775, 0.2046181624129296828 ) ) ;
#3613 = CARTESIAN_POINT ( 'NONE',  ( -1.169094900404449966, 0.3046986221720389687, 3.610700266901109678 ) ) ;
#3614 = CYLINDRICAL_SURFACE ( 'NONE', #198, 0.7401923788646699309 ) ;
#3615 = VECTOR ( 'NONE', #3289, 1000.000000000000000 ) ;
#3616 = AXIS2_PLACEMENT_3D ( 'NONE', #2204, #674, #2955 ) ;
#3617 = DIRECTION ( 'NONE',  ( 0.000000000000000000, 0.000000000000000000, 1.000000000000000000 ) ) ;
#3618 = DIRECTION ( 'NONE',  ( 1.000000000000000000, 0.000000000000000000, 3.469446951953614189E-15 ) ) ;
#3619 = CARTESIAN_POINT ( 'NONE',  ( 0.3885489136734399662, -0.7477222373096980013, 4.569113484364089928 ) ) ;
#3620 = ORIENTED_EDGE ( 'NONE', *, *, #2136, .T. ) ;
#3621 = B_SPLINE_CURVE_WITH_KNOTS ( 'NONE', 3,
 ( #1520, #2774, #3022, #3673, #1842, #2121, #3956, #3082, #1822, #319 ),
 .UNSPECIFIED., .F., .F.,
 ( 4, 2, 2, 2, 4 ),
 ( 0.5000000000000000000, 0.6250000000000000000, 0.7500000000000000000, 0.8750000000000000000, 1.000000000000000000 ),
 .UNSPECIFIED. ) ;
#3622 = CARTESIAN_POINT ( 'NONE',  ( 0.000000000000000000, 1.000014000354360055, 2.424991916891639843 ) ) ;
#3623 = CARTESIAN_POINT ( 'NONE',  ( 0.7037976950032913681, 0.7104122474806854326, 2.724699787031898079 ) ) ;
#3624 = CARTESIAN_POINT ( 'NONE',  ( -0.7401923788646699309, -8.138291018150500576E-18, 1.125000000000000000 ) ) ;
#3625 = CARTESIAN_POINT ( 'NONE',  ( 0.000000000000000000, 0.7401923788646699309, 1.425000000000000044 ) ) ;
#3626 = CARTESIAN_POINT ( 'NONE',  ( -1.000000000000000000, -2.693991570745850171E-16, 0.8750000000000000000 ) ) ;
#3627 = CARTESIAN_POINT ( 'NONE',  ( 0.4273502691896271521, 0.7401923788646699309, 2.591666666666660124 ) ) ;
#3628 =( BOUNDED_CURVE ( )  B_SPLINE_CURVE ( 2, ( #1709, #1122, #526, #1160, #1747, #1992, #3537, #180, #1406 ),
 .UNSPECIFIED., .F., .T. ) 
 B_SPLINE_CURVE_WITH_KNOTS ( ( 3, 2, 2, 2, 3 ),
 ( 0.000000000000000000, 0.08333333333333008131, 0.2499999999999997502, 0.4166666666666609120, 0.5000000000000000000 ),
 .UNSPECIFIED. ) 
 CURVE ( )  GEOMETRIC_REPRESENTATION_ITEM ( )  RATIONAL_B_SPLINE_CURVE ( ( 0.9330127018922194093, 0.9330127018922198534, 1.000000000000000000, 0.8660254037844389297, 1.000000000000000000, 0.8660254037844389297, 1.000000000000000000, 0.9330127018922163007, 0.9330127018922195203 ) ) 
 REPRESENTATION_ITEM ( '' )  );
#3629 = CARTESIAN_POINT ( 'NONE',  ( 0.6858224893930510158, -0.3493072334923199018, 0.02822410372995856273 ) ) ;
#3630 = CARTESIAN_POINT ( 'NONE',  ( 0.7331132177040229347, 0.1036366142535410095, 1.284097488324203562 ) ) ;
#3631 = ORIENTED_EDGE ( 'NONE', *, *, #1704, .F. ) ;
#3632 = AXIS2_PLACEMENT_3D ( 'NONE', #2133, #1449, #2372 ) ;
#3633 = EDGE_LOOP ( 'NONE', ( #158, #1309, #3377, #4000 ) ) ;
#3634 = CARTESIAN_POINT ( 'NONE',  ( 0.7082283996381040225, 0.7082539240036783701, 1.924232225240728456 ) ) ;
#3635 = FACE_OUTER_BOUND ( 'NONE', #602, .T. ) ;
#3636 = ADVANCED_FACE ( 'NONE', ( #3664 ), #3356, .T. ) ;
#3637 = CARTESIAN_POINT ( 'NONE',  ( 0.8660254037844358210, 0.4999999999999978351, 1.958333333333328818 ) ) ;
#3638 = EDGE_LOOP ( 'NONE', ( #1425, #1202, #1002, #1545 ) ) ;
#3639 = EDGE_LOOP ( 'NONE', ( #2107, #1090, #1529, #1589 ) ) ;
#3640 = AXIS2_PLACEMENT_3D ( 'NONE', #1579, #3515, #2274 ) ;
#3641 = DIRECTION ( 'NONE',  ( 0.08715574274765833240, -5.329070518200745872E-15, -0.9961946980917455452 ) ) ;
#3642 = CARTESIAN_POINT ( 'NONE',  ( -0.7236528090552865056, 0.1607941943017674735, 1.060598069220140438 ) ) ;
#3643 = CARTESIAN_POINT ( 'NONE',  ( 0.6835341560368239922, 0.7328490597345046487, 0.3267181922151362605 ) ) ;
#3644 = EDGE_CURVE ( 'NONE', #2053, #1929, #1772, .T. ) ;
#3645 = EDGE_CURVE ( 'NONE', #801, #3862, #3597, .T. ) ;
#3646 = CARTESIAN_POINT ( 'NONE',  ( -0.8660375284469739032, -0.5000070001771780293, 0.5583252502249750338 ) ) ;
#3647 = CARTESIAN_POINT ( 'NONE',  ( -0.7211571005349519670, 0.6928292075873677680, 2.826854581088543483 ) ) ;
#3648 = CARTESIAN_POINT ( 'NONE',  ( 0.4273502691896271521, 0.7401923788646698199, 0.9916666666666671404 ) ) ;
#3649 = CARTESIAN_POINT ( 'NONE',  ( 0.3863705466856227622, 0.6604195542700010968, 2.541666666666666075 ) ) ;
#3650 = LINE ( 'NONE', #3306, #1225 ) ;
#3651 = AXIS2_PLACEMENT_3D ( 'NONE', #2898, #3223, #2589 ) ;
#3652 = CARTESIAN_POINT ( 'NONE',  ( -0.6410254037844400621, 0.3700961894323349655, 2.691666666666659768 ) ) ;
#3653 = DIRECTION ( 'NONE',  ( 1.000000000000000000, 0.000000000000000000, 0.000000000000000000 ) ) ;
#3654 = CARTESIAN_POINT ( 'NONE',  ( 0.6966432216846045744, 0.2548381539187804523, 1.297700518340032527 ) ) ;
#3655 = ORIENTED_EDGE ( 'NONE', *, *, #3591, .T. ) ;
#3656 = ORIENTED_EDGE ( 'NONE', *, *, #3219, .T. ) ;
#3657 = ADVANCED_FACE ( 'NONE', ( #588, #3682 ), #3299, .T. ) ;
#3658 = DIRECTION ( 'NONE',  ( -0.3812272063696550140, 0.9203638919632241011, 0.08715574274765415519 ) ) ;
#3659 = CARTESIAN_POINT ( 'NONE',  ( -0.8365638541654655258, 0.5595132546152603581, 2.038299105970156955 ) ) ;
#3660 = CARTESIAN_POINT ( 'NONE',  ( 0.000000000000000000, 0.000000000000000000, 0.000000000000000000 ) ) ;
#3661 = CARTESIAN_POINT ( 'NONE',  ( 0.5773502691896243988, 1.000000000000000000, 1.991666666666658037 ) ) ;
#3662 = VERTEX_POINT ( 'NONE', #1752 ) ;
#3663 = ADVANCED_FACE ( 'NONE', ( #911 ), #2435, .T. ) ;
#3664 = FACE_OUTER_BOUND ( 'NONE', #1095, .T. ) ;
#3665 = LINE ( 'NONE', #2356, #3482 ) ;
#3666 = CARTESIAN_POINT ( 'NONE',  ( 0.7465909408947536408, 0.6656354992020747652, 0.3210347863147796632 ) ) ;
#3667 =( BOUNDED_CURVE ( )  B_SPLINE_CURVE ( 2, ( #530, #3927, #2459, #2374, #3056, #2135, #1205, #294, #1494 ),
 .UNSPECIFIED., .F., .T. ) 
 B_SPLINE_CURVE_WITH_KNOTS ( ( 3, 2, 2, 2, 3 ),
 ( 0.000000000000000000, 0.08333333333327683223, 0.2499999999998397393, 0.4166666666663934038, 0.4999999581352545519 ),
 .UNSPECIFIED. ) 
 CURVE ( )  GEOMETRIC_REPRESENTATION_ITEM ( )  RATIONAL_B_SPLINE_CURVE ( ( 0.9330127018922195203, 0.9330127018922196314, 1.000000000000000000, 0.8660254037844389297, 1.000000000000000000, 0.8660254037844389297, 1.000000000000000000, 0.9330127355448323279, 0.9330127018922365068 ) ) 
 REPRESENTATION_ITEM ( '' )  );
#3668 = CARTESIAN_POINT ( 'NONE',  ( -0.8660375284469739032, 0.5000070001771790285, 1.691658583558310003 ) ) ;
#3669 = CARTESIAN_POINT ( 'NONE',  ( -0.06441918190321507809, 0.9980515939102361234, 2.778796179698700186 ) ) ;
#3670 = CARTESIAN_POINT ( 'NONE',  ( -0.2870652539304310302, -0.6822596996123959645, 0.000000000000000000 ) ) ;
#3671 = CARTESIAN_POINT ( 'NONE',  ( -0.3345402140966510229, 0.6603621332358161622, 1.804670333715290065 ) ) ;
#3672 = ADVANCED_FACE ( 'NONE', ( #3378 ), #609, .T. ) ;
#3673 = CARTESIAN_POINT ( 'NONE',  ( 0.5219866587632817634, 0.8922269036098130490, 1.541666666666666075 ) ) ;
#3674 = CARTESIAN_POINT ( 'NONE',  ( -9.064742275298830802E-17, -0.7401923788646699309, 2.024999999999999911 ) ) ;
#3675 = CARTESIAN_POINT ( 'NONE',  ( 0.7047807332818067927, -0.3119415613639101581, 0.03039492436385231658 ) ) ;
#3676 = ORIENTED_EDGE ( 'NONE', *, *, #506, .F. ) ;
#3677 = CARTESIAN_POINT ( 'NONE',  ( 0.5190292846295579965, -0.8547564575345011351, 0.2598076211353340104 ) ) ;
#3678 = CARTESIAN_POINT ( 'NONE',  ( 2.000000000000000000, 2.449293598294706414E-16, 0.000000000000000000 ) ) ;
#3679 = DIRECTION ( 'NONE',  ( -0.9203638919632251003, -0.3812272063696524604, -0.08715574274765588991 ) ) ;
#3680 = CARTESIAN_POINT ( 'NONE',  ( -0.8660254037844358210, 0.4999999999999988343, 2.091666666666668561 ) ) ;
#3681 = VERTEX_POINT ( 'NONE', #1143 ) ;
#3682 = FACE_OUTER_BOUND ( 'NONE', #3449, .T. ) ;
#3683 = CARTESIAN_POINT ( 'NONE',  ( -0.4756844626786719821, 0.5778085314013687857, 1.019749782044510056 ) ) ;
#3684 = AXIS2_PLACEMENT_3D ( 'NONE', #1652, #1346, #2185 ) ;
#3685 = CARTESIAN_POINT ( 'NONE',  ( 0.5749296227113418478, 0.8196554363135905019, 0.3358947400989890086 ) ) ;
#3686 = CARTESIAN_POINT ( 'NONE',  ( -1.224663944636500236E-16, -1.000014000354360055, 1.824991916891639976 ) ) ;
#3687 = CARTESIAN_POINT ( 'NONE',  ( -0.3849191869866378513, 0.9229526670255584486, 2.799791557506564388 ) ) ;
#3688 = LINE ( 'NONE', #2731, #2806 ) ;
#3689 = CARTESIAN_POINT ( 'NONE',  ( -0.6512686449391957844, 0.3618647817593756422, 1.842612316526266447 ) ) ;
#3690 = CARTESIAN_POINT ( 'NONE',  ( 0.4341427370611896097, 0.6058000220461519092, 2.135357205997437724 ) ) ;
#3691 = CARTESIAN_POINT ( 'NONE',  ( 0.8547005383792529720, -1.570059417833509065E-16, 2.525000000000001688 ) ) ;
#3692 = CARTESIAN_POINT ( 'NONE',  ( -0.7053755546838472723, -0.7088367332550359334, 2.524561617795516355 ) ) ;
#3693 = FACE_OUTER_BOUND ( 'NONE', #3638, .T. ) ;
#3694 = CARTESIAN_POINT ( 'NONE',  ( 0.04961336882406579968, 0.7402033853375141748, 1.370989549214136183 ) ) ;
#3695 = VERTEX_POINT ( 'NONE', #844 ) ;
#3696 = ORIENTED_EDGE ( 'NONE', *, *, #654, .T. ) ;
#3697 = CARTESIAN_POINT ( 'NONE',  ( 0.4273502691896271521, 0.7401923788646699309, 3.341666666666660568 ) ) ;
#3698 = CARTESIAN_POINT ( 'NONE',  ( -1.000000000000000000, 9.947805760435139419E-16, 0.5250000000000000222 ) ) ;
#3699 = CARTESIAN_POINT ( 'NONE',  ( -0.7401923788646699309, -1.160886322126799853E-15, 1.925000000000000044 ) ) ;
#3700 = VECTOR ( 'NONE', #229, 1000.000000000000000 ) ;
#3701 = ORIENTED_EDGE ( 'NONE', *, *, #2801, .T. ) ;
#3702 = CARTESIAN_POINT ( 'NONE',  ( -0.2178293154753573324, 0.7075395408950784226, 0.1934708971712206516 ) ) ;
#3703 = DIRECTION ( 'NONE',  ( 0.000000000000000000, 0.000000000000000000, -1.000000000000000000 ) ) ;
#3704 = CARTESIAN_POINT ( 'NONE',  ( 0.6074924638103839092, 0.7949997346661632491, 0.3332026235072405584 ) ) ;
#3705 = CONICAL_SURFACE ( 'NONE', #1246, 1.500000000000000000, 0.2617993877991502405 ) ;
#3706 = CARTESIAN_POINT ( 'NONE',  ( -0.6410254037844400621, 0.3700961894323349655, 0.2416666666666699992 ) ) ;
#3707 = CARTESIAN_POINT ( 'NONE',  ( 0.4057540912569259639, 0.4057540912569239655, 3.254999999999999893 ) ) ;
#3708 = CARTESIAN_POINT ( 'NONE',  ( -0.6410254037844400621, -0.3700961894323349655, -0.09166666666666278829 ) ) ;
#3709 = CARTESIAN_POINT ( 'NONE',  ( -0.2580371752835293186, 0.9683483946917794682, 2.391003798463999797 ) ) ;
#3710 = CARTESIAN_POINT ( 'NONE',  ( -0.08342276598481147831, 0.7361515355179262254, 1.781741365137326616 ) ) ;
#3711 = CYLINDRICAL_SURFACE ( 'NONE', #3883, 1.000000000000000000 ) ;
#3712 = CARTESIAN_POINT ( 'NONE',  ( -0.4273502691896271521, -0.7401923788646699309, 2.791666666666662522 ) ) ;
#3713 = DIRECTION ( 'NONE',  ( 0.000000000000000000, 1.000000000000000000, -3.252606517456513302E-15 ) ) ;
#3714 = CARTESIAN_POINT ( 'NONE',  ( 0.3221048384925044861, -0.9489627500884920686, 2.195298073305842923 ) ) ;
#3715 = EDGE_CURVE ( 'NONE', #15, #681, #2072, .T. ) ;
#3716 = CARTESIAN_POINT ( 'NONE',  ( -0.6512929533942423133, 0.3618074592208695428, 1.442649181152579452 ) ) ;
#3717 = EDGE_LOOP ( 'NONE', ( #312, #1953, #435, #3182 ) ) ;
#3718 = EDGE_CURVE ( 'NONE', #1990, #3392, #545, .T. ) ;
#3719 = CARTESIAN_POINT ( 'NONE',  ( -0.4273502691896260419, 0.7401923788646699309, 3.408333333333330106 ) ) ;
#3720 = CARTESIAN_POINT ( 'NONE',  ( -0.9036911594343541854, 0.4340654574074179206, 2.046353731171212775 ) ) ;
#3721 = CARTESIAN_POINT ( 'NONE',  ( 0.6410254037844400621, -0.3700961894323349655, 2.091666666666660124 ) ) ;
#3722 = ORIENTED_EDGE ( 'NONE', *, *, #923, .T. ) ;
#3723 = CARTESIAN_POINT ( 'NONE',  ( 0.000000000000000000, 0.4000000000000000222, 4.700000000000000178 ) ) ;
#3724 = CARTESIAN_POINT ( 'NONE',  ( 0.2617993877991486862, 1.000000000000000000, 1.158333333333333437 ) ) ;
#3725 = LINE ( 'NONE', #956, #1155 ) ;
#3726 = CARTESIAN_POINT ( 'NONE',  ( 0.000000000000000000, 0.7401923788646699309, 0.5749999999999999556 ) ) ;
#3727 = DIRECTION ( 'NONE',  ( -1.087222386500128573E-14, 0.9961946980917458783, 0.08715574274765508500 ) ) ;
#3728 = CARTESIAN_POINT ( 'NONE',  ( 0.8660254037844390407, 0.5000000000000000000, -0.04166666666666650476 ) ) ;
#3729 = CARTESIAN_POINT ( 'NONE',  ( 0.7002684242493929512, 0.7138928409556611898, 2.325006713029398320 ) ) ;
#3730 = CARTESIAN_POINT ( 'NONE',  ( 0.6065863991822619816, 0.2512563132923469889, 4.700000000000000178 ) ) ;
#3731 = CARTESIAN_POINT ( 'NONE',  ( -0.7231000829917897388, -0.1647605690376706955, 1.889713477305772438 ) ) ;
#3732 = ORIENTED_EDGE ( 'NONE', *, *, #1803, .T. ) ;
#3733 = CARTESIAN_POINT ( 'NONE',  ( -0.5773502691896256200, 1.000000000000000222, 0.8083333333333315718 ) ) ;
#3734 = CARTESIAN_POINT ( 'NONE',  ( 0.9999558369369206945, -0.01081080657706909830, 2.674279537735284151 ) ) ;
#3735 = AXIS2_PLACEMENT_3D ( 'NONE', #860, #3679, #1179 ) ;
#3736 = CARTESIAN_POINT ( 'NONE',  ( -0.4964731665138429340, -0.4964731665138190086, 4.609806201873269949 ) ) ;
#3737 = CARTESIAN_POINT ( 'NONE',  ( -0.6854467182342839360, 0.2793719921368908454, 1.449976242706875418 ) ) ;
#3738 = ORIENTED_EDGE ( 'NONE', *, *, #2074, .T. ) ;
#3739 = CARTESIAN_POINT ( 'NONE',  ( -0.6410254037844400621, -0.3700961894323349655, 3.108333333333330284 ) ) ;
#3740 = DIRECTION ( 'NONE',  ( 1.000000000000000000, 0.000000000000000000, 0.000000000000000000 ) ) ;
#3741 = FACE_OUTER_BOUND ( 'NONE', #1081, .T. ) ;
#3742 = EDGE_CURVE ( 'NONE', #3609, #2722, #1950, .T. ) ;
#3743 = ORIENTED_EDGE ( 'NONE', *, *, #3151, .T. ) ;
#3744 = VERTEX_POINT ( 'NONE', #3946 ) ;
#3745 = CARTESIAN_POINT ( 'NONE',  ( -0.08300403490178392962, 0.7371223630930531234, 0.1816322880149700836 ) ) ;
#3746 = APPLICATION_CONTEXT ( 'automotive_design' ) ;
#3747 = CARTESIAN_POINT ( 'NONE',  ( -1.000000000000001776, 0.2679491924311223627, 0.5071367205045915760 ) ) ;
#3748 = ORIENTED_EDGE ( 'NONE', *, *, #1790, .T. ) ;
#3749 = CARTESIAN_POINT ( 'NONE',  ( -0.06738252826922018490, 0.9999858658438641745, 0.3789582290070330761 ) ) ;
#3750 = VECTOR ( 'NONE', #2634, 1000.000000000000000 ) ;
#3751 = EDGE_CURVE ( 'NONE', #2722, #2867, #3834, .T. ) ;
#3752 = CARTESIAN_POINT ( 'NONE',  ( -0.6410254037844400621, -0.3700961894323349655, 0.3083333333333360127 ) ) ;
#3753 = CARTESIAN_POINT ( 'NONE',  ( -0.3669424536064160303, 1.349766751978790147, 4.322150515720509567 ) ) ;
#3754 = CARTESIAN_POINT ( 'NONE',  ( 0.4566649410707887546, -0.7575415380898605777, 0.1412169626574632519 ) ) ;
#3755 = CARTESIAN_POINT ( 'NONE',  ( 0.6384312273592528397, 0.7703737627827694778, 2.330471372254932838 ) ) ;
#3756 = CARTESIAN_POINT ( 'NONE',  ( 0.8660254037844358210, -0.4999999999999988343, 1.891666666666668384 ) ) ;
#3757 = EDGE_CURVE ( 'NONE', #221, #2839, #2859, .T. ) ;
#3758 = CARTESIAN_POINT ( 'NONE',  ( 0.7010938663736097087, -0.2922113009811164730, 2.048879685117698468 ) ) ;
#3759 = CIRCLE ( 'NONE', #270, 1.398755535826790020 ) ;
#3760 = ORIENTED_EDGE ( 'NONE', *, *, #1336, .T. ) ;
#3761 = CARTESIAN_POINT ( 'NONE',  ( -0.5773502691896256200, 1.000000000000000222, 2.008333333333329751 ) ) ;
#3762 = CARTESIAN_POINT ( 'NONE',  ( 0.9389431974388920965, -0.3444521388159617614, 2.652136171364742889 ) ) ;
#3763 = DIRECTION ( 'NONE',  ( 1.000000000000000000, 0.000000000000000000, 0.000000000000000000 ) ) ;
#3764 = CARTESIAN_POINT ( 'NONE',  ( 0.4700949331761686278, 0.5722560680750715667, 1.330758310820112422 ) ) ;
#3765 = ORIENTED_EDGE ( 'NONE', *, *, #2981, .T. ) ;
#3766 = CARTESIAN_POINT ( 'NONE',  ( -0.7335909966980035390, -0.5902079723952876611, 0.2013363678693207148 ) ) ;
#3767 = PLANE ( 'NONE',  #464 ) ;
#3768 = ORIENTED_EDGE ( 'NONE', *, *, #2694, .F. ) ;
#3769 = ORIENTED_EDGE ( 'NONE', *, *, #3757, .T. ) ;
#3770 = AXIS2_PLACEMENT_3D ( 'NONE', #3576, #144, #3558 ) ;
#3771 = CARTESIAN_POINT ( 'NONE',  ( -0.5888851957932129677, 0.4510455564920079485, 0.2338463499952307678 ) ) ;
#3772 = LINE ( 'NONE', #2547, #1146 ) ;
#3773 = ADVANCED_FACE ( 'NONE', ( #271 ), #1492, .T. ) ;
#3774 = CARTESIAN_POINT ( 'NONE',  ( -0.3755162064096597141, 0.9268179713378662532, 0.3991200862265050220 ) ) ;
#3775 = EDGE_CURVE ( 'NONE', #1255, #3159, #2595, .T. ) ;
#3776 = CARTESIAN_POINT ( 'NONE',  ( -0.6410254037844400621, -0.3700961894323349655, 1.108333333333329840 ) ) ;
#3777 = CARTESIAN_POINT ( 'NONE',  ( -0.7079681870468971239, 0.7062444106016406709, 2.425667879039046682 ) ) ;
#3778 = CARTESIAN_POINT ( 'NONE',  ( 0.9858853768213112767, -0.1717507406306198470, 0.2635565610191593633 ) ) ;
#3779 = CARTESIAN_POINT ( 'NONE',  ( -0.6284454442109024264, -0.3940029910701136617, 1.910847980507311084 ) ) ;
#3780 = CARTESIAN_POINT ( 'NONE',  ( 0.5773502691896256200, 1.000000000000000222, 2.341666666666659236 ) ) ;
#3781 = CARTESIAN_POINT ( 'NONE',  ( -0.2324016829522055627, -0.9731698880230187365, 2.560599988316544451 ) ) ;
#3782 = CARTESIAN_POINT ( 'NONE',  ( 0.5722148877049989535, 0.5888016247123937230, 0.07945272903228933759 ) ) ;
#3783 = CARTESIAN_POINT ( 'NONE',  ( -0.5335583687821109367, 0.5130732656328531593, 1.426825643175866798 ) ) ;
#3784 = ORIENTED_EDGE ( 'NONE', *, *, #3099, .F. ) ;
#3785 = CARTESIAN_POINT ( 'NONE',  ( -0.8910903213535045220, -0.2584491866730720400, 0.1861710478389154433 ) ) ;
#3786 = CARTESIAN_POINT ( 'NONE',  ( 0.000000000000000000, 0.7401923788646699309, 0.6250000000000000000 ) ) ;
#3787 = EDGE_LOOP ( 'NONE', ( #2819, #326, #3155, #2452 ) ) ;
#3788 = FACE_OUTER_BOUND ( 'NONE', #3393, .T. ) ;
#3789 = DIRECTION ( 'NONE',  ( 3.774944211304780467E-15, -1.000000000000000000, 0.000000000000000000 ) ) ;
#3790 = CARTESIAN_POINT ( 'NONE',  ( -0.7070436228724709116, 0.7071699369283348524, 0.4255819113441579593 ) ) ;
#3791 = CARTESIAN_POINT ( 'NONE',  ( 0.8660375284469739032, -0.5000070001771790285, 3.491658583558300055 ) ) ;
#3792 = CARTESIAN_POINT ( 'NONE',  ( -0.7401923788646699309, -4.990984619036200170E-15, 1.074999999999999956 ) ) ;
#3793 = CARTESIAN_POINT ( 'NONE',  ( -0.7074759163658532746, 0.7067375390757344444, 2.425622443938842743 ) ) ;
#3794 = CYLINDRICAL_SURFACE ( 'NONE', #3359, 1.000000000000000000 ) ;
#3795 =( BOUNDED_CURVE ( )  B_SPLINE_CURVE ( 2, ( #3041, #2690, #3931, #2382, #3625, #851, #3020, #2079, #2711 ),
 .UNSPECIFIED., .F., .T. ) 
 B_SPLINE_CURVE_WITH_KNOTS ( ( 3, 2, 2, 2, 3 ),
 ( 0.5000000000000000000, 0.5833333333333352577, 0.7499999999999972244, 0.9166666666666682950, 1.000000000000000000 ),
 .UNSPECIFIED. ) 
 CURVE ( )  GEOMETRIC_REPRESENTATION_ITEM ( )  RATIONAL_B_SPLINE_CURVE ( ( 0.9330127018922194093, 0.9330127018922196314, 1.000000000000000000, 0.8660254037844389297, 1.000000000000000000, 0.8660254037844389297, 1.000000000000000000, 0.9330127018922190762, 0.9330127018922194093 ) ) 
 REPRESENTATION_ITEM ( '' )  );
#3796 = EDGE_CURVE ( 'NONE', #2127, #1506, #1369, .T. ) ;
#3797 = CARTESIAN_POINT ( 'NONE',  ( 1.000000000000000000, 0.000000000000000000, 0.000000000000000000 ) ) ;
#3798 = ORIENTED_EDGE ( 'NONE', *, *, #2321, .T. ) ;
#3799 = CARTESIAN_POINT ( 'NONE',  ( -0.5773502691896256200, -1.000000000000000222, 1.341666666666659458 ) ) ;
#3800 = EDGE_CURVE ( 'NONE', #2985, #1484, #192, .T. ) ;
#3801 = CARTESIAN_POINT ( 'NONE',  ( 0.9997832179134127362, -0.02149573310603365706, 2.673568149849847142 ) ) ;
#3802 = CARTESIAN_POINT ( 'NONE',  ( 0.7348938691807641588, 0.3301189631349498721, 0.06487843235870244252 ) ) ;
#3803 = CARTESIAN_POINT ( 'NONE',  ( 0.5773502691896252870, -1.000000000000003775, 2.658333333333327886 ) ) ;
#3804 = ORIENTED_EDGE ( 'NONE', *, *, #2817, .T. ) ;
#3805 =( BOUNDED_CURVE ( )  B_SPLINE_CURVE ( 2, ( #3699, #2523, #625, #2170, #1245, #2475, #3721, #950, #3414 ),
 .UNSPECIFIED., .F., .F. ) 
 B_SPLINE_CURVE_WITH_KNOTS ( ( 3, 2, 2, 2, 3 ),
 ( 0.000000000000000000, 0.08333333333333899084, 0.2500000000000000000, 0.4166666666666690166, 0.5000000000000000000 ),
 .UNSPECIFIED. ) 
 CURVE ( )  GEOMETRIC_REPRESENTATION_ITEM ( )  RATIONAL_B_SPLINE_CURVE ( ( 0.9330127018922195203, 0.9330127018922163007, 1.000000000000000000, 0.8660254037844389297, 1.000000000000000000, 0.8660254037844389297, 1.000000000000000000, 0.9330127018922190762, 0.9330127018922194093 ) ) 
 REPRESENTATION_ITEM ( '' )  );
#3806 = CARTESIAN_POINT ( 'NONE',  ( -0.8744778763752787398, -0.3128629529016712096, 0.1885619237978843898 ) ) ;
#3807 = CARTESIAN_POINT ( 'NONE',  ( 0.6410254037844400621, 0.3700961894323349655, 0.5583333333333340143 ) ) ;
#3808 = ORIENTED_EDGE ( 'NONE', *, *, #961, .F. ) ;
#3809 = CARTESIAN_POINT ( 'NONE',  ( 0.06505537922565310383, 0.7373332444895271953, 2.969797592437785294 ) ) ;
#3810 = CARTESIAN_POINT ( 'NONE',  ( -0.8988045443622667552, -0.4432102169815869686, 2.104564851733390807 ) ) ;
#3811 = CARTESIAN_POINT ( 'NONE',  ( -0.8836833678360144217, -0.4681092591303460115, 2.906207276608898216 ) ) ;
#3812 = AXIS2_PLACEMENT_3D ( 'NONE', #3055, #1164, #2395 ) ;
#3813 = CARTESIAN_POINT ( 'NONE',  ( -9.064742275298830802E-17, -0.7401923788646699309, 2.375000000000000000 ) ) ;
#3814 = CARTESIAN_POINT ( 'NONE',  ( -0.5124973815899456220, -0.5346075631284705754, 2.725814611441446100 ) ) ;
#3815 = VECTOR ( 'NONE', #2695, 999.9999999999998863 ) ;
#3816 = CARTESIAN_POINT ( 'NONE',  ( 0.9999999999949840124, 3.167219454753375230E-06, 0.2750004509155761778 ) ) ;
#3817 = CARTESIAN_POINT ( 'NONE',  ( -0.6685363510109150198, -0.3212932633938061500, 1.903937390205555635 ) ) ;
#3818 = CARTESIAN_POINT ( 'NONE',  ( 0.5773502691896256200, 1.000000000000000222, 1.141666666666660390 ) ) ;
#3819 = CARTESIAN_POINT ( 'NONE',  ( -0.6602488635320925559, -0.3867617413811583194, 1.508960873836858063 ) ) ;
#3820 = CARTESIAN_POINT ( 'NONE',  ( 0.7868476128191755903, 0.1040006352147394703, 0.05309300153415313223 ) ) ;
#3821 = CARTESIAN_POINT ( 'NONE',  ( 0.3669424536064270215, 1.349766751978790147, 4.322150515720509567 ) ) ;
#3822 = CARTESIAN_POINT ( 'NONE',  ( -0.4907852862338021871, -0.8207126884368216579, 0.2159576812137022905 ) ) ;
#3823 = CARTESIAN_POINT ( 'NONE',  ( -0.7401923788646699309, 1.181795160448849902E-15, 2.324999999999999734 ) ) ;
#3824 = ORIENTED_EDGE ( 'NONE', *, *, #1641, .T. ) ;
#3825 = PLANE ( 'NONE',  #3640 ) ;
#3826 = CARTESIAN_POINT ( 'NONE',  ( 0.03215251039722293730, 0.7396325443897376894, 2.972503557328268542 ) ) ;
#3827 = DIRECTION ( 'NONE',  ( 0.000000000000000000, 0.000000000000000000, -1.000000000000000000 ) ) ;
#3828 = CARTESIAN_POINT ( 'NONE',  ( -0.1269375897365022376, -0.9919369723847359932, 2.967291876662478511 ) ) ;
#3829 = ADVANCED_FACE ( 'NONE', ( #3788 ), #1640, .T. ) ;
#3830 = CARTESIAN_POINT ( 'NONE',  ( 0.8547005383792529720, -1.570059417833509065E-16, 1.275000000000000355 ) ) ;
#3831 = CARTESIAN_POINT ( 'NONE',  ( 0.09703098551687200368, -0.7401929855111932799, 1.182774303756039425 ) ) ;
#3832 = CARTESIAN_POINT ( 'NONE',  ( 0.2240410631947558628, -0.7055980955370053653, 2.794034447520256315 ) ) ;
#3833 = DIRECTION ( 'NONE',  ( 0.9238795325112862944, 0.3826834323650911140, 0.000000000000000000 ) ) ;
#3834 = CIRCLE ( 'NONE', #595, 2.773536978145062282 ) ;
#3835 = ADVANCED_FACE ( 'NONE', ( #351 ), #1573, .T. ) ;
#3836 = DIRECTION ( 'NONE',  ( -0.9238795325112919565, 0.3826834323650770697, 0.000000000000000000 ) ) ;
#3837 = DIRECTION ( 'NONE',  ( 0.000000000000000000, 1.000000000000000000, -3.189333839277121588E-15 ) ) ;
#3838 = CARTESIAN_POINT ( 'NONE',  ( -0.2723144115655138364, -0.6882859277344574034, 1.551420904134966472 ) ) ;
#3839 = CARTESIAN_POINT ( 'NONE',  ( 0.3303550748145525073, 0.6624979740351760737, 1.745721671546248466 ) ) ;
#3840 = TOROIDAL_SURFACE ( 'NONE', #1571, 1.693999999999999950, 0.3059999999999999942 ) ;
#3841 = CARTESIAN_POINT ( 'NONE',  ( 0.000000000000000000, 0.7401923788646699309, 0.1750000000000030143 ) ) ;
#3842 = CARTESIAN_POINT ( 'NONE',  ( 0.7501621986171370660, 0.4008154275134969691, 4.709320379128399736 ) ) ;
#3843 = ORIENTED_EDGE ( 'NONE', *, *, #3519, .T. ) ;
#3844 = ORIENTED_EDGE ( 'NONE', *, *, #3775, .F. ) ;
#3845 = EDGE_CURVE ( 'NONE', #3459, #3662, #3260, .T. ) ;
#3846 = CARTESIAN_POINT ( 'NONE',  ( 0.000000000000000000, 1.693999999999986406, 2.999999999999994227 ) ) ;
#3847 = FACE_OUTER_BOUND ( 'NONE', #705, .T. ) ;
#3848 = CARTESIAN_POINT ( 'NONE',  ( 1.000000072137526175, 0.2679490674852618159, 0.7428632711656839582 ) ) ;
#3849 = CARTESIAN_POINT ( 'NONE',  ( -0.09718862364334406034, -0.9952672392268375745, 2.969120561906161360 ) ) ;
#3850 = CARTESIAN_POINT ( 'NONE',  ( 0.6410254037844400621, -0.3700961894323349655, 2.041666666666670071 ) ) ;
#3851 = CARTESIAN_POINT ( 'NONE',  ( 0.5067626037911506787, -0.5416966738481184818, 1.223392811112117506 ) ) ;
#3852 = CARTESIAN_POINT ( 'NONE',  ( -0.09923665187070832006, -0.7350430548412365539, 2.766942180953831709 ) ) ;
#3853 = DIRECTION ( 'NONE',  ( -1.000000000000000000, 0.000000000000000000, -0.000000000000000000 ) ) ;
#3854 = FACE_OUTER_BOUND ( 'NONE', #413, .T. ) ;
#3855 = CARTESIAN_POINT ( 'NONE',  ( -0.8660254037844390407, 0.5000000000000000000, 2.841666666666659680 ) ) ;
#3856 = CARTESIAN_POINT ( 'NONE',  ( -0.2816436240188968099, -0.6845156511319951953, 1.550524499350427909 ) ) ;
#3857 = PRODUCT ( '92000A010.step', '92000A010.step', '', ( #1427 ) ) ;
#3858 = CARTESIAN_POINT ( 'NONE',  ( 0.7401919522106260585, -0.0005666227058077185014, 0.8749492565616809880 ) ) ;
#3859 = CARTESIAN_POINT ( 'NONE',  ( -0.8547005383792529720, 5.233531392778363755E-17, 0.7250000000000009770 ) ) ;
#3860 = DIRECTION ( 'NONE',  ( 0.7071067811865441310, 8.659560562354890950E-17, -0.7071067811865510144 ) ) ;
#3861 = ORIENTED_EDGE ( 'NONE', *, *, #3645, .F. ) ;
#3862 = VERTEX_POINT ( 'NONE', #2930 ) ;
#3863 = DIRECTION ( 'NONE',  ( 1.087222386500129677E-14, -0.9961946980917458783, -0.08715574274765508500 ) ) ;
#3864 = CARTESIAN_POINT ( 'NONE',  ( 0.6096934988352039619, 0.4200172219595832424, 2.913254158180925923 ) ) ;
#3865 = EDGE_CURVE ( 'NONE', #3662, #103, #2102, .T. ) ;
#3866 = CARTESIAN_POINT ( 'NONE',  ( 0.5288315588307395121, -0.8307766423778231157, 3.000000000000000000 ) ) ;
#3867 = CARTESIAN_POINT ( 'NONE',  ( -9.064742275298830802E-17, -0.7401923788646699309, 2.425000000000000266 ) ) ;
#3868 = CARTESIAN_POINT ( 'NONE',  ( 0.6847559239718933322, -0.2810725578083706488, 1.249816519225257716 ) ) ;
#3869 = DIRECTION ( 'NONE',  ( 0.000000000000000000, 0.000000000000000000, 1.000000000000000000 ) ) ;
#3870 = CARTESIAN_POINT ( 'NONE',  ( -0.7877402949557837930, -0.4979583281993260613, 3.000000000000000444 ) ) ;
#3871 = ADVANCED_FACE ( 'NONE', ( #2293 ), #416, .F. ) ;
#3872 = ORIENTED_EDGE ( 'NONE', *, *, #3971, .F. ) ;
#3873 = CARTESIAN_POINT ( 'NONE',  ( -0.3046986221720229815, -1.169094900404439974, 3.610700266901109678 ) ) ;
#3874 = CARTESIAN_POINT ( 'NONE',  ( -1.224646799147350002E-16, -1.000000000000000000, 2.975000000000000089 ) ) ;
#3875 = CARTESIAN_POINT ( 'NONE',  ( 0.2863799691958303084, -0.6825548581774794066, 1.599933208844022570 ) ) ;
#3876 = CARTESIAN_POINT ( 'NONE',  ( 0.2774414036734140776, 0.6862348180675672538, 1.750929579420869908 ) ) ;
#3877 = CARTESIAN_POINT ( 'NONE',  ( 0.6410254037844400621, -0.3700961894323349655, 1.691666666666660213 ) ) ;
#3878 = B_SPLINE_CURVE_WITH_KNOTS ( 'NONE', 3,
 ( #87, #1552, #2196, #1318 ),
 .UNSPECIFIED., .F., .F.,
 ( 4, 4 ),
 ( 0.003033331547149929752, 0.004138332743302270203 ),
 .UNSPECIFIED. ) ;
#3879 = DIRECTION ( 'NONE',  ( 0.000000000000000000, -3.239995458127760343E-15, -1.000000000000000000 ) ) ;
#3880 = AXIS2_PLACEMENT_3D ( 'NONE', #2209, #1667, #2905 ) ;
#3881 = ORIENTED_EDGE ( 'NONE', *, *, #1775, .F. ) ;
#3882 = EDGE_LOOP ( 'NONE', ( #856, #1544, #1367, #2211, #2784, #2487, #951, #1890, #3843, #3506, #3738, #20, #275, #927, #1690, #39, #1594, #3920, #901, #159, #3655 ) ) ;
#3883 = AXIS2_PLACEMENT_3D ( 'NONE', #3062, #942, #2754 ) ;
#3884 = DIRECTION ( 'NONE',  ( 0.000000000000000000, 0.000000000000000000, 1.000000000000000000 ) ) ;
#3885 = CARTESIAN_POINT ( 'NONE',  ( 0.7401923788646203040, -2.711144121194150893E-07, 2.874999975581563838 ) ) ;
#3886 = CARTESIAN_POINT ( 'NONE',  ( 0.6668494236033272182, -0.6878704225219001156, 3.000000000000000888 ) ) ;
#3887 = CARTESIAN_POINT ( 'NONE',  ( -0.9147308392405203437, -0.4044269470795289756, 2.901936014220074078 ) ) ;
#3888 = CARTESIAN_POINT ( 'NONE',  ( 0.6953575961709854703, -0.2540019283201944700, 1.252235212926068098 ) ) ;
#3889 = CARTESIAN_POINT ( 'NONE',  ( -0.4227176829160920191, -0.6076238359127009714, 2.736057976440708916 ) ) ;
#3890 = FACE_OUTER_BOUND ( 'NONE', #1224, .T. ) ;
#3891 = CARTESIAN_POINT ( 'NONE',  ( 0.7401923788646648239, -8.718891277757927552E-08, 2.924999992147181427 ) ) ;
#3892 = CARTESIAN_POINT ( 'NONE',  ( -0.6978502866309340691, -0.7912878474787196081, 2.977752523165239751 ) ) ;
#3893 = CARTESIAN_POINT ( 'NONE',  ( 0.000000000000000000, 0.000000000000000000, 1.913471915518750479E-17 ) ) ;
#3894 = CARTESIAN_POINT ( 'NONE',  ( 0.5693783372069937121, -0.4735712844922881914, 1.631279143007484889 ) ) ;
#3895 = VECTOR ( 'NONE', #1509, 1000.000000000000000 ) ;
#3896 = CARTESIAN_POINT ( 'NONE',  ( 0.2099484582383585873, 0.7104245073174417779, 1.757231549793392356 ) ) ;
#3897 = CARTESIAN_POINT ( 'NONE',  ( 0.8547005383792529720, -1.570059417833509065E-16, 1.325000000000000622 ) ) ;
#3898 = CARTESIAN_POINT ( 'NONE',  ( -0.8835784234066410558, -0.4717041132558028038, 1.706559373679156000 ) ) ;
#3899 = ORIENTED_EDGE ( 'NONE', *, *, #2376, .T. ) ;
#3900 = ORIENTED_EDGE ( 'NONE', *, *, #310, .F. ) ;
#3901 = AXIS2_PLACEMENT_3D ( 'NONE', #819, #840, #204 ) ;
#3902 = CARTESIAN_POINT ( 'NONE',  ( 0.7401923788646698199, 9.041399499710039031E-15, 0.4750000000000027534 ) ) ;
#3903 = LINE ( 'NONE', #289, #3895 ) ;
#3904 = CARTESIAN_POINT ( 'NONE',  ( 0.9176561212176918003, -0.3973952709293812613, 2.248651014270633297 ) ) ;
#3905 = ORIENTED_EDGE ( 'NONE', *, *, #2305, .T. ) ;
#3906 = B_SPLINE_CURVE_WITH_KNOTS ( 'NONE', 3,
 ( #619, #555, #874, #260, #3389, #1782, #1193, #2425, #3958, #3024, #3629, #3675, #3064, #2124, #302, #2104, #3044, #3368, #1522, #1461, #3997, #12, #2776 ),
 .UNSPECIFIED., .F., .F.,
 ( 4, 2, 2, 2, 2, 2, 2, 2, 1, 2, 2, 4 ),
 ( 0.000000000000000000, 0.03389161374807601879, 0.06778322749615207921, 0.08472903437019009554, 0.1016748412442281257, 0.1355664549923041862, 0.1398029067108136347, 0.1440393584293231388, 0.1525122618663420360, 0.1694580687403797192, 0.2033496824884550858, 0.2711329099846057633 ),
 .UNSPECIFIED. ) ;
#3907 = CARTESIAN_POINT ( 'NONE',  ( 0.6866777519946936081, -0.2763455463808729418, 1.250237996479853564 ) ) ;
#3908 = CARTESIAN_POINT ( 'NONE',  ( 1.259450488053280193, -0.3358201048381709852, 3.966420441514869832 ) ) ;
#3909 = CARTESIAN_POINT ( 'NONE',  ( -0.5392413043140860118, 0.5676477274692289798, 3.000000000000000444 ) ) ;
#3910 = ORIENTED_EDGE ( 'NONE', *, *, #3865, .F. ) ;
#3911 = DIRECTION ( 'NONE',  ( 0.000000000000000000, 0.000000000000000000, -1.000000000000000000 ) ) ;
#3912 = CARTESIAN_POINT ( 'NONE',  ( -0.8660375284469739032, -0.5000070001771780293, 2.158325250224970127 ) ) ;
#3913 = CARTESIAN_POINT ( 'NONE',  ( -0.8660254037844390407, 0.5000000000000000000, 3.241666666666659591 ) ) ;
#3914 = CARTESIAN_POINT ( 'NONE',  ( 0.1895486357708182079, -0.7171462809948870865, 1.590867455378618622 ) ) ;
#3915 = CARTESIAN_POINT ( 'NONE',  ( 0.7009632865092940701, -0.2925949185777478867, 0.8488932094072042522 ) ) ;
#3916 = CARTESIAN_POINT ( 'NONE',  ( 0.4273502691896271521, 0.7401923788646699309, 0.1916666666666678731 ) ) ;
#3917 = CARTESIAN_POINT ( 'NONE',  ( -3.915192378864670086, -4.794727814822729655E-16, 3.174999999999999822 ) ) ;
#3918 = CARTESIAN_POINT ( 'NONE',  ( 0.8660254037844379305, -0.5000000000000000000, 0.2916666666666663521 ) ) ;
#3919 = ORIENTED_EDGE ( 'NONE', *, *, #1641, .F. ) ;
#3920 = ORIENTED_EDGE ( 'NONE', *, *, #259, .T. ) ;
#3921 = CARTESIAN_POINT ( 'NONE',  ( 0.7357684277764453551, -0.5798175993793770466, 0.1964785520910314331 ) ) ;
#3922 = CARTESIAN_POINT ( 'NONE',  ( 0.9999999999999640288, -2.692229938332743024E-07, 0.7249999820518006066 ) ) ;
#3923 = CARTESIAN_POINT ( 'NONE',  ( 0.9999613055884557511, -0.01015165745838850567, 2.274323470594703078 ) ) ;
#3924 = DIRECTION ( 'NONE',  ( -0.9238795325112891810, 0.3826834323650840641, 0.000000000000000000 ) ) ;
#3925 = CARTESIAN_POINT ( 'NONE',  ( 0.7189883260924779806, -0.1999269404897885682, 2.857255801732571321 ) ) ;
#3926 = ORIENTED_EDGE ( 'NONE', *, *, #3796, .F. ) ;
#3927 = CARTESIAN_POINT ( 'NONE',  ( -1.000000000000000444, -0.2679491924311221407, 0.5428632794954080243 ) ) ;
#3928 = CARTESIAN_POINT ( 'NONE',  ( -0.5773583522979830462, -1.000014000354360499, 0.5916585835583081376 ) ) ;
#3929 = CARTESIAN_POINT ( 'NONE',  ( 0.9999998948108225205, 0.1327004929639089836, 2.683846690044128458 ) ) ;
#3930 = CARTESIAN_POINT ( 'NONE',  ( -0.8660254037844359321, 0.4999999999999988343, 2.491666666666658703 ) ) ;
#3931 = CARTESIAN_POINT ( 'NONE',  ( 0.6410254037844400621, 0.3700961894323349655, 1.358333333333329840 ) ) ;
#3932 = EDGE_CURVE ( 'NONE', #2028, #1826, #1639, .T. ) ;
#3933 = DIRECTION ( 'NONE',  ( 0.000000000000000000, 1.000000000000000000, -3.252606517456513302E-15 ) ) ;
#3934 = CARTESIAN_POINT ( 'NONE',  ( -0.6410254037844400621, 0.3700961894323349655, 1.091666666666670116 ) ) ;
#3935 = CARTESIAN_POINT ( 'NONE',  ( -0.7058581292847742050, -0.7083534542316095584, 2.524521490930131673 ) ) ;
#3936 = B_SPLINE_CURVE_WITH_KNOTS ( 'NONE', 3,
 ( #540, #3557, #2030, #1728, #3256, #785, #2012, #1426, #2048, #3902 ),
 .UNSPECIFIED., .F., .F.,
 ( 4, 2, 2, 2, 4 ),
 ( 0.000000000000000000, 0.1250000000000000000, 0.2500000000000000000, 0.3750000000000000000, 0.5000000000000000000 ),
 .UNSPECIFIED. ) ;
#3937 = CIRCLE ( 'NONE', #62, 1.398755535826790020 ) ;
#3938 = EDGE_LOOP ( 'NONE', ( #362, #3293, #1765, #1343 ) ) ;
#3939 = ORIENTED_EDGE ( 'NONE', *, *, #1341, .T. ) ;
#3940 = ORIENTED_EDGE ( 'NONE', *, *, #3606, .T. ) ;
#3941 = CARTESIAN_POINT ( 'NONE',  ( 0.6410254037844400621, 0.3700961894323349655, 2.108333333333330284 ) ) ;
#3942 = CARTESIAN_POINT ( 'NONE',  ( -0.7401923788646699309, -2.312508131682119882E-16, 0.7249999999999999778 ) ) ;
#3943 = VERTEX_POINT ( 'NONE', #1371 ) ;
#3944 = AXIS2_PLACEMENT_3D ( 'NONE', #3893, #796, #3527 ) ;
#3945 = VECTOR ( 'NONE', #567, 1000.000000000000000 ) ;
#3946 = CARTESIAN_POINT ( 'NONE',  ( -1.349766751978800139, -0.3669424536064059827, 4.322150515720509567 ) ) ;
#3947 = CARTESIAN_POINT ( 'NONE',  ( 0.7401923415727565958, -0.1018139430613905910, 2.865829957187764787 ) ) ;
#3948 = ADVANCED_FACE ( 'NONE', ( #3847 ), #1065, .T. ) ;
#3949 = CARTESIAN_POINT ( 'NONE',  ( 0.000000000000000000, 1.000000000000000000, 0.02500000000000000139 ) ) ;
#3950 = ADVANCED_FACE ( 'NONE', ( #3010 ), #2390, .T. ) ;
#3951 = CARTESIAN_POINT ( 'NONE',  ( -0.8660375284469739032, 0.5000070001771790285, 2.491658583558300055 ) ) ;
#3952 = CARTESIAN_POINT ( 'NONE',  ( -0.7068738127282646611, 0.7073403858329816440, 2.825566406456865298 ) ) ;
#3953 = CARTESIAN_POINT ( 'NONE',  ( 0.9871613804843674123, 0.1630461687874640020, 2.285788962759733423 ) ) ;
#3954 = CARTESIAN_POINT ( 'NONE',  ( -0.5262158494515136731, 0.5205629170546577367, 1.825934159439676963 ) ) ;
#3955 = ADVANCED_FACE ( 'NONE', ( #3635 ), #2432, .T. ) ;
#3956 = CARTESIAN_POINT ( 'NONE',  ( -0.5219866587632828736, 0.8922269036098126049, 1.608333333333333615 ) ) ;
#3957 = CARTESIAN_POINT ( 'NONE',  ( 1.154700538379251240, -2.121150477449807913E-16, 0.2749999999999991895 ) ) ;
#3958 = CARTESIAN_POINT ( 'NONE',  ( 0.6364738186815543930, -0.4235015216223864676, 0.02403262100263355017 ) ) ;
#3959 = EDGE_CURVE ( 'NONE', #2739, #2498, #3903, .T. ) ;
#3960 = CARTESIAN_POINT ( 'NONE',  ( 0.2735788812050390373, 0.7248532759737089659, 3.254999999999999893 ) ) ;
#3961 = B_SPLINE_CURVE_WITH_KNOTS ( 'NONE', 3,
 ( #2134, #3379, #824, #610, #3989, #1514, #2665, #1204, #293, #2436, #3015, #3683, #1835, #3598, #251, #3642, #1227, #2766, #375 ),
 .UNSPECIFIED., .F., .F.,
 ( 4, 1, 1, 1, 1, 1, 1, 1, 1, 1, 1, 1, 1, 1, 1, 1, 4 ),
 ( 0.5003659623586356187, 0.5186217121125378249, 0.5351574926149404998, 0.5499728269256916047, 0.5630673645678513362, 0.6060513805315393965, 0.6256026219624208906, 0.6878877084470309544, 0.7501567075213689817, 0.8124333946001658369, 0.8747261133301674763, 0.8904845284282905116, 0.9372479177306091147, 0.9497679825923380781, 0.9644004208882458462, 0.9811446559034847636, 1.000000000000000000 ),
 .UNSPECIFIED. ) ;
#3962 = EDGE_LOOP ( 'NONE', ( #3066, #3233, #3743, #1611 ) ) ;
#3963 = EDGE_LOOP ( 'NONE', ( #3769, #2758 ) ) ;
#3964 = CARTESIAN_POINT ( 'NONE',  ( 0.2512563132923379960, -0.6065863991822439960, 4.700000000000000178 ) ) ;
#3965 = CARTESIAN_POINT ( 'NONE',  ( -0.9845894983454823723, 0.1803451804601599595, 2.062996654135066166 ) ) ;
#3966 = FACE_OUTER_BOUND ( 'NONE', #1627, .T. ) ;
#3967 = ORIENTED_EDGE ( 'NONE', *, *, #1704, .T. ) ;
#3968 = B_SPLINE_CURVE_WITH_KNOTS ( 'NONE', 3,
 ( #3203, #1108, #2257, #806, #2015, #3887, #3218, #2033, #3259, #1393, #1429, #3811, #1957, #438, #3560, #2952, #2893, #1050, #510, #491, #1733, #2970, #207, #2295, #1033, #454, #1373, #1355, #3828, #2278, #3518, #767, #3849, #1995, #474, #163, #2433, #267, #1789 ),
 .UNSPECIFIED., .F., .F.,
 ( 4, 2, 2, 2, 1, 2, 2, 2, 2, 1, 1, 2, 2, 2, 2, 2, 1, 1, 2, 2, 2, 4 ),
 ( 0.000000000000000000, 0.1250000000000008327, 0.1875000000000012212, 0.2187500000000015266, 0.2343750000000016931, 0.2421875000000016931, 0.2500000000000016653, 0.3750000000000010547, 0.4375000000000006661, 0.4687500000000005551, 0.4843750000000005551, 0.4921875000000006106, 0.5000000000000006661, 0.6249999999999991118, 0.6874999999999984457, 0.7187499999999981126, 0.7343749999999980016, 0.7421874999999981126, 0.7460937499999981126, 0.7499999999999981126, 0.8749999999999990008, 1.000000000000000000 ),
 .UNSPECIFIED. ) ;
#3969 = ORIENTED_EDGE ( 'NONE', *, *, #2441, .F. ) ;
#3970 = AXIS2_PLACEMENT_3D ( 'NONE', #794, #1006, #2560 ) ;
#3971 = EDGE_CURVE ( 'NONE', #2867, #1606, #269, .T. ) ;
#3972 = CARTESIAN_POINT ( 'NONE',  ( 0.000000000000000000, 0.000000000000000000, 0.000000000000000000 ) ) ;
#3973 = LINE ( 'NONE', #1184, #3003 ) ;
#3974 = CARTESIAN_POINT ( 'NONE',  ( 0.2735788812050380381, -1.078660417681859940, 3.254999999999999893 ) ) ;
#3975 = CARTESIAN_POINT ( 'NONE',  ( -1.224663944636500236E-16, -1.000014000354360055, 1.024991916891640154 ) ) ;
#3976 = CARTESIAN_POINT ( 'NONE',  ( 0.3338456814932041494, 0.9428358151198596993, 2.753806001689220295 ) ) ;
#3977 = DIRECTION ( 'NONE',  ( 0.06666269134683269759, 0.06666269134683247555, 0.9955461672694008168 ) ) ;
#3978 = CARTESIAN_POINT ( 'NONE',  ( 0.7401923788646728175, 0.1937819116403567410, 2.491666666666665808 ) ) ;
#3979 = CARTESIAN_POINT ( 'NONE',  ( 0.5800817553202084476, 0.4622702126488154595, 2.117799944058703421 ) ) ;
#3980 = CARTESIAN_POINT ( 'NONE',  ( -9.064742275298830802E-17, -0.7401923788646699309, 2.824999999999999734 ) ) ;
#3981 = PLANE ( 'NONE',  #576 ) ;
#3982 = ORIENTED_EDGE ( 'NONE', *, *, #3644, .F. ) ;
#3983 = ORIENTED_EDGE ( 'NONE', *, *, #1892, .F. ) ;
#3984 = FACE_OUTER_BOUND ( 'NONE', #3787, .T. ) ;
#3985 = CARTESIAN_POINT ( 'NONE',  ( -0.6767509412756296250, 0.5768741544217321771, 0.1462447448680129769 ) ) ;
#3986 = DIRECTION ( 'NONE',  ( -1.000000000000000000, 0.000000000000000000, 0.000000000000000000 ) ) ;
#3987 = ORIENTED_EDGE ( 'NONE', *, *, #652, .F. ) ;
#3988 = DIRECTION ( 'NONE',  ( 0.000000000000000000, 0.000000000000000000, 1.000000000000000000 ) ) ;
#3989 = CARTESIAN_POINT ( 'NONE',  ( 0.7064556255685480179, 0.2241099782114229222, 0.8951066262234058657 ) ) ;
#3990 = DIRECTION ( 'NONE',  ( 0.000000000000000000, 0.000000000000000000, 1.000000000000000000 ) ) ;
#3991 = CARTESIAN_POINT ( 'NONE',  ( -1.224663944636500236E-16, -1.000014000354360055, 1.424991916891640065 ) ) ;
#3992 = CARTESIAN_POINT ( 'NONE',  ( 0.6748728532847615424, 0.7381115834881776250, 2.727274777651469861 ) ) ;
#3993 = CARTESIAN_POINT ( 'NONE',  ( 1.000000000000000000, 1.120530045446616637E-15, 1.474999999999998979 ) ) ;
#3994 = CARTESIAN_POINT ( 'NONE',  ( 0.6604195542700110888, 0.3863705466856061643, 2.508333333333333748 ) ) ;
#3995 = DIRECTION ( 'NONE',  ( -0.3826834323650811220, 0.9238795325112902912, 0.000000000000000000 ) ) ;
#3996 = CARTESIAN_POINT ( 'NONE',  ( -0.6410254037844400621, 0.3700961894323349655, 1.891666666666659946 ) ) ;
#3997 = CARTESIAN_POINT ( 'NONE',  ( 0.7634022093682496513, -0.1631549378791808391, 0.03866387720461676725 ) ) ;
#3998 = CARTESIAN_POINT ( 'NONE',  ( 0.6654801543900386029, -0.7467292748503112643, 2.221789464280684356 ) ) ;
#3999 = CARTESIAN_POINT ( 'NONE',  ( -0.1190071668815121109, 0.7309639461937276206, 1.384773049149991220 ) ) ;
#4000 = ORIENTED_EDGE ( 'NONE', *, *, #3151, .F. ) ;
#4001 = CONICAL_SURFACE ( 'NONE', #2902, 1.500000000000000000, 0.2617993877991502405 ) ;
#4002 = ORIENTED_EDGE ( 'NONE', *, *, #2392, .T. ) ;
#4003 = B_SPLINE_CURVE_WITH_KNOTS ( 'NONE', 3,
 ( #3511, #433, #1028, #662 ),
 .UNSPECIFIED., .F., .F.,
 ( 4, 4 ),
 ( 0.000000000000000000, 0.001105000282511270100 ),
 .UNSPECIFIED. ) ;
#4004 = FACE_OUTER_BOUND ( 'NONE', #241, .T. ) ;
#4005 = LINE ( 'NONE', #3678, #1893 ) ;
#4006 = ORIENTED_EDGE ( 'NONE', *, *, #1025, .T. ) ;
ENDSEC;
END-ISO-10303-21;
