ISO-10303-21;
HEADER;
FILE_DESCRIPTION (( 'STEP AP214' ),
    '1' );
FILE_NAME ('94997A225.step.STEP',
    '2026-08-20T17:33:10',
    ( '' ),
    ( '' ),
    'SwSTEP 2.0',
    'SolidWorks 2026',
    '' );
FILE_SCHEMA (( 'AUTOMOTIVE_DESIGN' ));
ENDSEC;

DATA;
#1 = ORIENTED_EDGE ( 'NONE', *, *, #3353, .T. ) ;
#2 = CARTESIAN_POINT ( 'NONE',  ( -1.414999999999999591, -1.261686037953749544E-08, -2.583749998424750505 ) ) ;
#3 = CARTESIAN_POINT ( 'NONE',  ( 0.2663625100880249730, 1.079093568642502055, -4.123248702229057372 ) ) ;
#4 = ORIENTED_EDGE ( 'NONE', *, *, #2395, .F. ) ;
#5 = CARTESIAN_POINT ( 'NONE',  ( 0.1147204282942630021, -1.177171980481420022, 0.7333333333333339477 ) ) ;
#6 = CARTESIAN_POINT ( 'NONE',  ( 0.6771197249064797585, -0.8222245470513749321, -3.463367625663353433 ) ) ;
#7 = CARTESIAN_POINT ( 'NONE',  ( -1.080526239384721920, -0.9136287889536852669, -0.2143811726112287708 ) ) ;
#8 = CARTESIAN_POINT ( 'NONE',  ( 0.8169506309033202074, 1.414999999999998703, -3.864583333333330373 ) ) ;
#9 = ADVANCED_FACE ( 'NONE', ( #1132 ), #2638, .F. ) ;
#10 = ORIENTED_EDGE ( 'NONE', *, *, #2473, .F. ) ;
#11 = B_SPLINE_CURVE_WITH_KNOTS ( 'NONE', 3,
 ( #3503, #1520, #2654, #1501, #1557, #2634, #127, #392, #2130, #1259, #2693, #999, #88, #718, #2394, #1846, #2990, #1220, #2767, #1371, #2222, #3652, #223, #1354, #1087, #792, #739, #202, #3594, #1920, #240, #1644, #1037, #1314, #3614, #1334, #1298, #1019, #2729, #3061, #183, #2187, #2167, #2204, #3308, #3328, #3041, #2432, #774, #512, #2150, #3577 ),
 .UNSPECIFIED., .F., .F.,
 ( 4, 2, 2, 2, 2, 2, 2, 2, 2, 2, 2, 2, 2, 2, 2, 1, 2, 2, 2, 2, 2, 2, 2, 2, 1, 2, 4 ),
 ( 0.000000000000000000, 0.08603502031893588142, 0.1075437753986698275, 0.1290525304784038152, 0.1720700406378717628, 0.2150875507973397105, 0.2581050609568076304, 0.3441400812757435257, 0.3656488363554775689, 0.3871575914352116121, 0.4301751015946796430, 0.4731926117541476740, 0.4947013668338816061, 0.4973899612188483754, 0.5000785556038150892, 0.5054557443737485167, 0.5162101219136153718, 0.5592276320730826811, 0.5807363871528163912, 0.5914907646926832463, 0.6022451422325501014, 0.6452626523920174106, 0.6667714074717510098, 0.6775257850116179759, 0.6829029737815512924, 0.6855915681665180061, 0.6882801625514847199 ),
 .UNSPECIFIED. ) ;
#12 = CARTESIAN_POINT ( 'NONE',  ( -0.6768484950580082593, -1.249627445864691655, -1.209760742112252485 ) ) ;
#13 = CARTESIAN_POINT ( 'NONE',  ( -0.8169506309033202074, 1.414999999999998703, -0.6404166666666650798 ) ) ;
#14 = PLANE ( 'NONE',  #3285 ) ;
#15 = CARTESIAN_POINT ( 'NONE',  ( 0.6948197674099367838, 0.8094524193050143257, -0.5144897478122796297 ) ) ;
#16 = CARTESIAN_POINT ( 'NONE',  ( -0.7472751369474599503, -0.7589456528417097836, -1.056807321307660530 ) ) ;
#17 = CARTESIAN_POINT ( 'NONE',  ( 0.4857006309033200520, -0.8412581699928072254, -2.826666666666673322 ) ) ;
#18 = DIRECTION ( 'NONE',  ( -1.000000000000000000, 0.000000000000000000, 0.000000000000000000 ) ) ;
#19 = CARTESIAN_POINT ( 'NONE',  ( 1.114952802894055628, -0.8725320962483046339, -3.093101966426798466 ) ) ;
#20 = B_SPLINE_CURVE_WITH_KNOTS ( 'NONE', 3,
 ( #1608, #1643, #2128, #3040, #1297, #2746, #2431, #2785, #201, #1590, #239, #3273, #738, #1845, #1864, #3576, #1884, #2465, #182, #2989, #3613, #1155, #2871, #331, #584, #566, #1438, #2502, #2240, #2802, #3687, #1715, #2853, #3135, #7, #3650, #600, #3671, #2291, #882, #866, #1086, #2221, #3389, #3366, #1387, #1993, #1728, #2522, #809, #829, #1958, #848, #1122, #1942, #312, #26, #2012, #1138, #2272, #3154 ),
 .UNSPECIFIED., .F., .F.,
 ( 4, 2, 2, 2, 2, 1, 2, 2, 2, 2, 2, 2, 2, 2, 2, 2, 2, 2, 2, 1, 1, 2, 1, 2, 2, 2, 2, 2, 2, 1, 1, 1, 2, 4 ),
 ( 0.000000000000000000, 0.04827503328468681770, 0.06034379160585853774, 0.06185238639600499494, 0.06336098118615146602, 0.06637817076644438041, 0.07241254992703023696, 0.09655006656937363541, 0.1206875832117170061, 0.1267219623723028765, 0.1327563415328887331, 0.1448250998540604184, 0.1689626164964038169, 0.1810313748175755300, 0.1870657539781614420, 0.1931001331387473263, 0.2413751664234339844, 0.2474095455840197577, 0.2504267351643127415, 0.2534439247446056420, 0.2655126830657772441, 0.2896501997081203927, 0.3017189580292919948, 0.3077533371898777959, 0.3137877163504635414, 0.3379252329928065790, 0.3620627496351496721, 0.3741315079563212187, 0.3756401027464676412, 0.3771486975366140637, 0.3801658871169069087, 0.3831830766971998092, 0.3846916714873462317, 0.3862002662774926542 ),
 .UNSPECIFIED. ) ;
#21 = CIRCLE ( 'NONE', #2097, 3.057907220726911124 ) ;
#22 = CIRCLE ( 'NONE', #3539, 1.064999999999999947 ) ;
#23 = ORIENTED_EDGE ( 'NONE', *, *, #2395, .T. ) ;
#24 = CARTESIAN_POINT ( 'NONE',  ( 0.3329559662133250164, 1.011752264828429837, -4.163069045721489836 ) ) ;
#25 = CARTESIAN_POINT ( 'NONE',  ( -1.456140700027009556E-14, -1.415000000000000036, -1.258750000000000036 ) ) ;
#26 = CARTESIAN_POINT ( 'NONE',  ( -1.414689733493787349, -0.03167937844496120092, -0.3272949934731916866 ) ) ;
#27 = EDGE_CURVE ( 'NONE', #2795, #2705, #895, .T. ) ;
#28 = CARTESIAN_POINT ( 'NONE',  ( -0.1543492449175992987, 1.053847010484156410, -2.491062258888898651 ) ) ;
#29 = EDGE_CURVE ( 'NONE', #139, #1103, #3182, .T. ) ;
#30 = VERTEX_POINT ( 'NONE', #3201 ) ;
#31 = CARTESIAN_POINT ( 'NONE',  ( -1.043447075268223889, -0.9567413389646393096, -1.267450867833071149 ) ) ;
#32 = DIRECTION ( 'NONE',  ( 0.000000000000000000, -1.000000000000000000, -1.060872169790542267E-16 ) ) ;
#33 = CARTESIAN_POINT ( 'NONE',  ( -0.7285509463549789677, 0.4206290849964030021, -3.003333333333330302 ) ) ;
#34 = CARTESIAN_POINT ( 'NONE',  ( -2.964267656677819398E-14, -1.415000000000000036, -2.186249999999999805 ) ) ;
#35 = CARTESIAN_POINT ( 'NONE',  ( -1.043932362341589482, 0.2202840185806083095, -0.1657449614244443925 ) ) ;
#36 = CARTESIAN_POINT ( 'NONE',  ( 1.244849880763663208, -0.6920840289125369527, -0.9470573490687573814 ) ) ;
#37 = CARTESIAN_POINT ( 'NONE',  ( 0.9360878053724508430, 0.5089124740624283438, -1.634978575030097359 ) ) ;
#38 = ORIENTED_EDGE ( 'NONE', *, *, #272, .F. ) ;
#39 = SURFACE_STYLE_USAGE ( .BOTH. , #1229 ) ;
#40 = CARTESIAN_POINT ( 'NONE',  ( -0.6288561330050512765, -0.8602591083973017971, -3.687843003422231369 ) ) ;
#41 = CIRCLE ( 'NONE', #1701, 3.057907220726908015 ) ;
#42 = ORIENTED_EDGE ( 'NONE', *, *, #3019, .F. ) ;
#43 = CARTESIAN_POINT ( 'NONE',  ( -0.9114646118101665806, 0.5509362697288229249, -3.937473531781384040 ) ) ;
#44 = CARTESIAN_POINT ( 'NONE',  ( 1.064999999945229980, -1.080328690575672209E-05, -3.315824386310319838 ) ) ;
#45 = DIRECTION ( 'NONE',  ( 0.000000000000000000, 1.189524669241239855E-16, -1.000000000000000000 ) ) ;
#46 = CARTESIAN_POINT ( 'NONE',  ( -0.8169506309033202074, -1.414999999999998703, -4.394583333333333286 ) ) ;
#47 = ORIENTED_EDGE ( 'NONE', *, *, #2991, .F. ) ;
#48 = CARTESIAN_POINT ( 'NONE',  ( 0.8513405480425048077, -0.6398808881187910691, -3.946938689841206216 ) ) ;
#49 = DIRECTION ( 'NONE',  ( 1.814226921766479877E-14, 0.8660254037844387076, 0.4999999999999998890 ) ) ;
#50 = CARTESIAN_POINT ( 'NONE',  ( 1.041281755822818900, 0.2271094890186322879, -2.218342266055751466 ) ) ;
#51 = CARTESIAN_POINT ( 'NONE',  ( -0.7363191559133269726, -0.7694585908142963504, -2.651102816483779101 ) ) ;
#52 = EDGE_CURVE ( 'NONE', #250, #3363, #908, .T. ) ;
#53 = CARTESIAN_POINT ( 'NONE',  ( -0.2011855879319303930, 1.045892755410441355, -0.3634836829270753356 ) ) ;
#54 = CARTESIAN_POINT ( 'NONE',  ( 0.000000000000000000, 3.252606517456509851E-16, 2.200000000000000178 ) ) ;
#55 = CARTESIAN_POINT ( 'NONE',  ( 0.7156355515270138579, 0.7887453262902300866, -1.579887970974932720 ) ) ;
#56 =( BOUNDED_CURVE ( )  B_SPLINE_CURVE ( 2, ( #1935, #3072, #2515, #3382, #1953, #3093, #1742, #2307, #3184 ),
 .UNSPECIFIED., .F., .F. ) 
 B_SPLINE_CURVE_WITH_KNOTS ( ( 3, 2, 2, 2, 3 ),
 ( 0.000000000000000000, 0.1322285360733346238, 0.3966856082200004296, 0.6611426803666662355, 0.7933712168035934598 ),
 .UNSPECIFIED. ) 
 CURVE ( )  GEOMETRIC_REPRESENTATION_ITEM ( )  RATIONAL_B_SPLINE_CURVE ( ( 0.9330127018922194093, 0.9330127018922194093, 1.000000000000000000, 0.8660254037844388186, 1.000000000000000000, 0.8660254037844388186, 1.000000000000000000, 0.9330127017080221963, 0.9330127018922192983 ) ) 
 REPRESENTATION_ITEM ( '' )  );
#57 = EDGE_LOOP ( 'NONE', ( #2049, #549, #3095, #104, #708, #1725, #1384 ) ) ;
#58 = CARTESIAN_POINT ( 'NONE',  ( 1.067495163220468335, 0.4883238143678297338, -0.000000000000000000 ) ) ;
#59 = LINE ( 'NONE', #2887, #2231 ) ;
#60 = AXIS2_PLACEMENT_3D ( 'NONE', #1364, #1080, #1063 ) ;
#61 = EDGE_CURVE ( 'NONE', #1099, #139, #2937, .T. ) ;
#62 = VERTEX_POINT ( 'NONE', #288 ) ;
#63 = CARTESIAN_POINT ( 'NONE',  ( -1.618197816793849997, -0.2890648602567699732, 1.722089740673879987 ) ) ;
#64 = CARTESIAN_POINT ( 'NONE',  ( 0.1069791358012295995, -1.065000000000002611, -3.565453979469024315 ) ) ;
#65 = CARTESIAN_POINT ( 'NONE',  ( 1.225425946354979923, 0.7075000000000000178, -0.9054166666666639829 ) ) ;
#66 = CARTESIAN_POINT ( 'NONE',  ( 1.030244125138249994E-16, -0.8412581699928068923, -0.5300000000000000266 ) ) ;
#67 = ORIENTED_EDGE ( 'NONE', *, *, #3168, .T. ) ;
#68 = CARTESIAN_POINT ( 'NONE',  ( 0.07330109677492732678, -1.065000000000000835, -4.093646975635223839 ) ) ;
#69 = CARTESIAN_POINT ( 'NONE',  ( 1.269762234234565357, -0.6261532674620980954, -1.999195494495437764 ) ) ;
#70 = CYLINDRICAL_SURFACE ( 'NONE', #3071, 1.064999999999999947 ) ;
#71 = CARTESIAN_POINT ( 'NONE',  ( 1.732875220793510196E-16, -1.415000000000000036, -2.318750000000000089 ) ) ;
#72 = CARTESIAN_POINT ( 'NONE',  ( -0.8698608409620587345, -0.6144941369053585900, -2.682772655220387215 ) ) ;
#73 = CARTESIAN_POINT ( 'NONE',  ( -0.3839694830446129248, 0.9977132321037831542, -0.3333483953066396777 ) ) ;
#74 = CARTESIAN_POINT ( 'NONE',  ( 1.064998914487385928, 0.1813729149290937426, -1.689090539507142275 ) ) ;
#75 = ADVANCED_FACE ( 'NONE', ( #2006 ), #3414, .T. ) ;
#76 = CARTESIAN_POINT ( 'NONE',  ( -0.1147204282942509840, -4.964933143705410031E-17, 0.7333333333333339477 ) ) ;
#77 = CARTESIAN_POINT ( 'NONE',  ( -0.3440931015344267374, -1.008516587407287668, -3.634939884841303037 ) ) ;
#78 =( BOUNDED_SURFACE ( )  B_SPLINE_SURFACE ( 1, 2, ( 
 ( #1907, #449, #1058, #3044, #2696, #146, #3597, #498, #1871, #1301, #2453, #1631, #130, #1578, #2714, #984, #168, #1594, #2732, #1040, #2174, #3313, #3027, #266, #3430 ),
 ( #1113, #2529, #2490, #2208, #246, #572, #1376, #3411, #3104, #1128, #534, #3124, #1649, #1704, #3678, #2790, #1144, #2226, #517, #2772, #2001, #1428, #3142, #590, #855 ) ),
 .UNSPECIFIED., .F., .F., .T. ) 
 B_SPLINE_SURFACE_WITH_KNOTS ( ( 2, 2 ),
 ( 3, 2, 2, 2, 2, 2, 2, 2, 2, 2, 2, 2, 3 ),
 ( 0.000000000000000000, 1.000000000000000000 ),
 ( 0.000000000000000000, 0.08333333333333330095, 0.1666666666666670182, 0.2500000000000000000, 0.3333333333333329818, 0.4166666666666670182, 0.5000000000000000000, 0.5833333333333330373, 0.6666666666666670737, 0.7500000000000000000, 0.8333333333333330373, 0.9166666666666670737, 1.000000000000000000 ),
 .UNSPECIFIED. ) 
 GEOMETRIC_REPRESENTATION_ITEM ( )  RATIONAL_B_SPLINE_SURFACE ( (
 ( 1.000000000000000000, 0.8660254037844389297, 1.000000000000000000, 0.8660254037844389297, 1.000000000000000000, 0.8660254037844389297, 1.000000000000000000, 0.8660254037844389297, 1.000000000000000000, 0.8660254037844389297, 1.000000000000000000, 0.8660254037844389297, 1.000000000000000000, 0.8660254037844389297, 1.000000000000000000, 0.8660254037844389297, 1.000000000000000000, 0.8660254037844389297, 1.000000000000000000, 0.8660254037844389297, 1.000000000000000000, 0.8660254037844389297, 1.000000000000000000, 0.8660254037844389297, 1.000000000000000000),
 ( 1.000000000000000000, 0.8660254037844389297, 1.000000000000000000, 0.8660254037844389297, 1.000000000000000000, 0.8660254037844389297, 1.000000000000000000, 0.8660254037844389297, 1.000000000000000000, 0.8660254037844389297, 1.000000000000000000, 0.8660254037844389297, 1.000000000000000000, 0.8660254037844389297, 1.000000000000000000, 0.8660254037844389297, 1.000000000000000000, 0.8660254037844389297, 1.000000000000000000, 0.8660254037844389297, 1.000000000000000000, 0.8660254037844389297, 1.000000000000000000, 0.8660254037844389297, 1.000000000000000000) ) ) 
 REPRESENTATION_ITEM ( '' )  SURFACE ( )  );
#79 = EDGE_LOOP ( 'NONE', ( #2534, #1881, #4, #1955 ) ) ;
#80 = CARTESIAN_POINT ( 'NONE',  ( -0.2354380257286879385, 1.038735223665321117, -4.074816407751034930 ) ) ;
#81 = CARTESIAN_POINT ( 'NONE',  ( -1.049701532129460047, -0.1147204282942590053, 0.7333333333333339477 ) ) ;
#82 = DIRECTION ( 'NONE',  ( -1.000000000000000000, 0.000000000000000000, 0.000000000000000000 ) ) ;
#83 = CARTESIAN_POINT ( 'NONE',  ( -0.8169506309033202074, -1.414999999999998703, -5.454583333333333783 ) ) ;
#84 = ORIENTED_EDGE ( 'NONE', *, *, #423, .F. ) ;
#85 = CARTESIAN_POINT ( 'NONE',  ( 1.011187711748929186, -0.3342537469221236734, -3.894624845111893663 ) ) ;
#86 = CARTESIAN_POINT ( 'NONE',  ( 1.189371150583836245, -0.7665863870107435529, -2.017219294409677843 ) ) ;
#87 = CARTESIAN_POINT ( 'NONE',  ( -0.3084305798807776000, -1.019960536466267165, -1.508880302035803034 ) ) ;
#88 = CARTESIAN_POINT ( 'NONE',  ( -0.5679518721159396710, 0.9046702299691159466, -2.955966647483758702 ) ) ;
#89 = CARTESIAN_POINT ( 'NONE',  ( -1.064999999999999947, -1.088988693214989968E-14, -2.785822594216369907 ) ) ;
#90 = CARTESIAN_POINT ( 'NONE',  ( -0.2366979524634396648, -1.043706650658325907, -2.019477935078174635 ) ) ;
#91 = CARTESIAN_POINT ( 'NONE',  ( 0.6363230464037225032, 0.8588074002308321298, -0.5021240815544550928 ) ) ;
#92 = CARTESIAN_POINT ( 'NONE',  ( 0.9714012618066378835, 5.948117229796001962E-17, -3.710000000000002185 ) ) ;
#93 = CARTESIAN_POINT ( 'NONE',  ( -1.414999999999999591, -1.261682814403166563E-08, -1.523749998424742236 ) ) ;
#94 = AXIS2_PLACEMENT_3D ( 'NONE', #2946, #2666, #3109 ) ;
#95 = LINE ( 'NONE', #2995, #3598 ) ;
#96 = CARTESIAN_POINT ( 'NONE',  ( 0.9151460910840719665, 0.6570153317774288793, -0.000000000000000000 ) ) ;
#97 = CARTESIAN_POINT ( 'NONE',  ( -1.058946262067460120, -0.9385402570232950215, -3.390492931663389609 ) ) ;
#98 = VERTEX_POINT ( 'NONE', #3434 ) ;
#99 = CARTESIAN_POINT ( 'NONE',  ( -0.5859648841564423227, 0.8898148215876506839, -4.012231328456127954 ) ) ;
#100 = CARTESIAN_POINT ( 'NONE',  ( -0.7608262234860130313, -0.7452304728444550941, 4.012857225611320341E-13 ) ) ;
#101 = CARTESIAN_POINT ( 'NONE',  ( -1.414999980769368504, 0.3791481405984679087, -0.5110876948214791993 ) ) ;
#102 = CARTESIAN_POINT ( 'NONE',  ( 1.225425946354979923, -0.7075000000000000178, -5.189583333333329662 ) ) ;
#103 = VECTOR ( 'NONE', #1425, 1000.000000000000000 ) ;
#104 = ORIENTED_EDGE ( 'NONE', *, *, #3645, .F. ) ;
#105 = PLANE ( 'NONE',  #2035 ) ;
#106 = CARTESIAN_POINT ( 'NONE',  ( 1.289560039617584808, -0.5842935478520431269, -1.993977232809385658 ) ) ;
#107 = CARTESIAN_POINT ( 'NONE',  ( 1.225425946354979923, -0.7075000000000000178, -2.142083333333330231 ) ) ;
#108 = CARTESIAN_POINT ( 'NONE',  ( 0.9714012618066378835, 5.948117229796001962E-17, -3.444999999999998064 ) ) ;
#109 = CARTESIAN_POINT ( 'NONE',  ( -1.365098036107980084, -0.1881394730515090208, 1.149713427078810524 ) ) ;
#110 = CARTESIAN_POINT ( 'NONE',  ( 0.07352365472093204402, 1.062782336100465352, -1.465112179879816789 ) ) ;
#111 = CARTESIAN_POINT ( 'NONE',  ( 1.149353210467340958, -0.3173102295469124035, -3.954401819149970798 ) ) ;
#112 = CARTESIAN_POINT ( 'NONE',  ( 0.1420158375581411780, 1.057822733835187989, -3.595554244230986463 ) ) ;
#113 = CARTESIAN_POINT ( 'NONE',  ( -0.9392900818021995279, -0.5032271372015391098, -3.762348774939931140 ) ) ;
#114 = EDGE_LOOP ( 'NONE', ( #1287, #1622, #3075, #2505, #713, #2445, #2163, #841 ) ) ;
#115 = CARTESIAN_POINT ( 'NONE',  ( -1.414999996618568012, -0.3791481131468494858, -1.476412308605931534 ) ) ;
#116 = AXIS2_PLACEMENT_3D ( 'NONE', #1952, #1656, #3666 ) ;
#117 = CARTESIAN_POINT ( 'NONE',  ( -0.9714012618066378835, -3.082517903990523421E-16, -1.060000000000000719 ) ) ;
#118 = DIRECTION ( 'NONE',  ( 0.9238795325112829637, 0.3826834323650989966, 0.000000000000000000 ) ) ;
#119 = CARTESIAN_POINT ( 'NONE',  ( 1.732875220793510196E-16, -1.415000000000000036, -5.366249999999999964 ) ) ;
#120 = EDGE_CURVE ( 'NONE', #3324, #2213, #1738, .T. ) ;
#121 = CARTESIAN_POINT ( 'NONE',  ( -0.9641317833180321761, -0.4524218815718424880, -1.114450509147586477 ) ) ;
#122 = ORIENTED_EDGE ( 'NONE', *, *, #812, .F. ) ;
#123 = CARTESIAN_POINT ( 'NONE',  ( 1.045308699105898409, -0.2064363967876811923, -3.873370814045046906 ) ) ;
#124 = EDGE_CURVE ( 'NONE', #3457, #2014, #1024, .T. ) ;
#125 = CARTESIAN_POINT ( 'NONE',  ( -1.349042237203543104, 0.4387297075951689940, -2.505866649029637294 ) ) ;
#126 = CARTESIAN_POINT ( 'NONE',  ( -0.7539909802132249705, -0.7524610499542798703, -1.595160779430553788 ) ) ;
#127 = CARTESIAN_POINT ( 'NONE',  ( -0.9301558429153934382, 0.5195023902750079969, -2.872100209036904328 ) ) ;
#128 = CARTESIAN_POINT ( 'NONE',  ( -1.225444687817700107, -0.7075108203885459579, -3.555404172358190173 ) ) ;
#129 = CARTESIAN_POINT ( 'NONE',  ( 0.5961093553511941368, -0.8826571989499226722, -2.420061083283953529 ) ) ;
#130 = CARTESIAN_POINT ( 'NONE',  ( 0.000000000000000000, 0.8412581699928068923, -2.120000000000000107 ) ) ;
#131 = DIRECTION ( 'NONE',  ( -1.224646799147353207E-16, 1.000000000000000000, 0.000000000000000000 ) ) ;
#132 = CARTESIAN_POINT ( 'NONE',  ( 0.5342251522731550351, -1.310298206600103210, -3.181946566536539400 ) ) ;
#133 = CARTESIAN_POINT ( 'NONE',  ( 0.07998097617501578882, -1.064999999983763157, -3.032687344652656325 ) ) ;
#134 = ORIENTED_EDGE ( 'NONE', *, *, #3645, .T. ) ;
#135 = CARTESIAN_POINT ( 'NONE',  ( 0.000000000000000000, 1.415000000000000036, 0.4637500000000000511 ) ) ;
#136 = CARTESIAN_POINT ( 'NONE',  ( -0.4857006309033200520, 0.8412581699928072254, -2.296666666666659751 ) ) ;
#137 = CARTESIAN_POINT ( 'NONE',  ( -0.9714012618066378835, -3.082517903990523421E-16, -0.7949999999999979305 ) ) ;
#138 = CARTESIAN_POINT ( 'NONE',  ( 0.7107554593932762232, -1.237224448449245395, -1.037716187236194187 ) ) ;
#139 = VERTEX_POINT ( 'NONE', #3564 ) ;
#140 = CARTESIAN_POINT ( 'NONE',  ( 0.3433488878351934614, 1.372825134509162881, -0.6360709929181007638 ) ) ;
#141 = CARTESIAN_POINT ( 'NONE',  ( 0.5522706487052856383, -1.302777942631941244, -2.119530444801862590 ) ) ;
#142 = CARTESIAN_POINT ( 'NONE',  ( 1.415000000000000036, -2.042396486606979535E-15, -2.053749999999999964 ) ) ;
#143 = CARTESIAN_POINT ( 'NONE',  ( -0.9714012618066378835, -1.784435168938802561E-16, -3.975000000000000977 ) ) ;
#144 = CARTESIAN_POINT ( 'NONE',  ( -2.420238578916879776E-14, -1.064999999999999947, -3.580822594216369836 ) ) ;
#145 = CARTESIAN_POINT ( 'NONE',  ( 0.7414685578799316001, -0.7644961482195200553, -2.389439210409977754 ) ) ;
#146 = CARTESIAN_POINT ( 'NONE',  ( 0.4857006309033200520, -0.8412581699928072254, -1.501666666666670924 ) ) ;
#147 = CARTESIAN_POINT ( 'NONE',  ( -1.064999999999999947, 3.451912185043599670E-15, -0.1291774057836299894 ) ) ;
#148 = CARTESIAN_POINT ( 'NONE',  ( 0.2796978954550750074, 1.030012874489388830, -3.617760709557854781 ) ) ;
#149 = CARTESIAN_POINT ( 'NONE',  ( 1.012626969482528727, -0.3307177561613137140, -2.833962781377266094 ) ) ;
#150 =( GEOMETRIC_REPRESENTATION_CONTEXT ( 3 ) GLOBAL_UNCERTAINTY_ASSIGNED_CONTEXT ( ( #513 ) ) GLOBAL_UNIT_ASSIGNED_CONTEXT ( ( #2306, #1741, #3454 ) ) REPRESENTATION_CONTEXT ( 'NONE', 'WORKASPACE' ) );
#151 = VECTOR ( 'NONE', #689, 1000.000000000000114 ) ;
#152 = ADVANCED_FACE ( 'NONE', ( #964 ), #1302, .T. ) ;
#153 = VERTEX_POINT ( 'NONE', #171 ) ;
#154 = CARTESIAN_POINT ( 'NONE',  ( 1.225425946354979923, 0.7075000000000000178, -0.7729166666666639207 ) ) ;
#155 = AXIS2_PLACEMENT_3D ( 'NONE', #1530, #3225, #2667 ) ;
#156 = CARTESIAN_POINT ( 'NONE',  ( -0.4250033797434024652, 1.353445447467206630, -1.606411869917967250 ) ) ;
#157 = CARTESIAN_POINT ( 'NONE',  ( 1.633901261806640415, -2.976067598545578848E-17, 0.06625000000000037803 ) ) ;
#158 = EDGE_CURVE ( 'NONE', #3324, #811, #1331, .T. ) ;
#159 = DIRECTION ( 'NONE',  ( 0.000000000000000000, 1.000000000000000000, 1.174386600497492526E-16 ) ) ;
#160 = EDGE_LOOP ( 'NONE', ( #3515, #3526, #2889, #1109 ) ) ;
#161 = CARTESIAN_POINT ( 'NONE',  ( -1.200384646610917594, 0.7493882678283310117, -0.4248010369205537096 ) ) ;
#162 = CARTESIAN_POINT ( 'NONE',  ( 0.6702149079167033507, 1.246227593028097269, -2.799249681848990257 ) ) ;
#163 = CARTESIAN_POINT ( 'NONE',  ( -0.9084170524400014823, 0.5561680736174080542, -1.281386192603263252 ) ) ;
#164 = CARTESIAN_POINT ( 'NONE',  ( 0.6791619438891146610, 0.8205242065949325259, -2.632034345030386913 ) ) ;
#165 = AXIS2_PLACEMENT_3D ( 'NONE', #2530, #1076, #519 ) ;
#166 = CARTESIAN_POINT ( 'NONE',  ( 0.4857006309033189417, 0.8412581699928072254, -3.268333333333332646 ) ) ;
#167 = CARTESIAN_POINT ( 'NONE',  ( 0.6771271446739577371, -0.8222184358796317261, -2.403366047481187540 ) ) ;
#168 = CARTESIAN_POINT ( 'NONE',  ( 0.7285509463549789677, -0.4206290849964030021, -2.473333333333330053 ) ) ;
#169 = EDGE_CURVE ( 'NONE', #1490, #811, #3417, .T. ) ;
#170 = EDGE_CURVE ( 'NONE', #2630, #2237, #706, .T. ) ;
#171 = CARTESIAN_POINT ( 'NONE',  ( -1.064999999999999947, 1.125316009477719886E-16, -2.249177405783629791 ) ) ;
#172 = CARTESIAN_POINT ( 'NONE',  ( 0.5207332654608597400, -1.315698335387255336, -3.183746237499150755 ) ) ;
#173 = CARTESIAN_POINT ( 'NONE',  ( -1.093385693280159998, 0.3343355368274930073, 1.978832505671299868 ) ) ;
#174 = EDGE_LOOP ( 'NONE', ( #1342, #315, #1723, #581 ) ) ;
#175 = CARTESIAN_POINT ( 'NONE',  ( 0.2022231965969459866, -0.08376359065689309435, -0.9045693237702970846 ) ) ;
#176 = CARTESIAN_POINT ( 'NONE',  ( -1.225425946354979923, 0.7075000000000000178, -3.599583333333330248 ) ) ;
#177 = CARTESIAN_POINT ( 'NONE',  ( 0.000000000000000000, 1.065000000000000613, -0.9308225942163677047 ) ) ;
#178 = CARTESIAN_POINT ( 'NONE',  ( -1.002460420305915978, 0.6984290537149860922, -3.856941084777795847 ) ) ;
#179 = VERTEX_POINT ( 'NONE', #948 ) ;
#180 = CARTESIAN_POINT ( 'NONE',  ( 1.128456904988178966, 0.8537823799692957349, -0.7532992218352654312 ) ) ;
#181 = CARTESIAN_POINT ( 'NONE',  ( -1.317867792917294834, 0.5203808246437249263, -2.516155957911555330 ) ) ;
#182 = CARTESIAN_POINT ( 'NONE',  ( -0.3485440185164444538, -1.371426376403212188, -0.1066563167537621093 ) ) ;
#183 = CARTESIAN_POINT ( 'NONE',  ( 0.9845608854089444861, 0.4107858935001572065, -3.247821052617146265 ) ) ;
#184 = CARTESIAN_POINT ( 'NONE',  ( 0.4857006309033200520, -0.8412581699928072254, -4.681666666666664867 ) ) ;
#185 = CARTESIAN_POINT ( 'NONE',  ( 0.4818006162768710965, -0.9504580808024485350, -2.442083976126832034 ) ) ;
#186 = CARTESIAN_POINT ( 'NONE',  ( 1.197468887271536442, -7.742671801185181825E-06, -3.915659532405441290 ) ) ;
#187 = CARTESIAN_POINT ( 'NONE',  ( -0.9731437749478153432, -0.4327198049348984776, -1.654060488265018947 ) ) ;
#188 = CARTESIAN_POINT ( 'NONE',  ( -0.6196532889381188847, -0.8662908843370038525, -3.149683352132721215 ) ) ;
#189 = EDGE_CURVE ( 'NONE', #1583, #3128, #95, .T. ) ;
#190 = CARTESIAN_POINT ( 'NONE',  ( 0.7858863724081517343, -1.176860113075343772, -3.146409308024489704 ) ) ;
#191 = CARTESIAN_POINT ( 'NONE',  ( -1.122049531965840041E-14, -1.064999999999999947, -3.044177405783630164 ) ) ;
#192 = ORIENTED_EDGE ( 'NONE', *, *, #1232, .F. ) ;
#193 = CARTESIAN_POINT ( 'NONE',  ( 0.000000000000000000, 0.000000000000000000, -6.500000000000000000 ) ) ;
#194 = CARTESIAN_POINT ( 'NONE',  ( 0.4857006309033189417, 0.8412581699928072254, -1.413333333333330000 ) ) ;
#195 = CARTESIAN_POINT ( 'NONE',  ( -0.2724301741645809294, 1.388527906631295661, -1.625140111380263708 ) ) ;
#196 = AXIS2_PLACEMENT_3D ( 'NONE', #3512, #969, #1251 ) ;
#197 = CARTESIAN_POINT ( 'NONE',  ( -0.7946867034914091299, 0.8992927866991996533, -3.909384291576757597 ) ) ;
#198 = ORIENTED_EDGE ( 'NONE', *, *, #2553, .F. ) ;
#199 = CARTESIAN_POINT ( 'NONE',  ( 1.065000000000014824, 1.414675686897034871E-07, -3.839177382316288245 ) ) ;
#200 = CARTESIAN_POINT ( 'NONE',  ( 1.292855009493028451, 0.5766218677898844458, -2.909516289473294659 ) ) ;
#201 = CARTESIAN_POINT ( 'NONE',  ( 0.1088263294149171556, -1.410823383981605561, -0.05422197015704271345 ) ) ;
#202 = CARTESIAN_POINT ( 'NONE',  ( 0.5898944091705330406, 0.8867305937349685419, -3.150354022600274639 ) ) ;
#203 =( GEOMETRIC_REPRESENTATION_CONTEXT ( 3 ) GLOBAL_UNCERTAINTY_ASSIGNED_CONTEXT ( ( #2485 ) ) GLOBAL_UNIT_ASSIGNED_CONTEXT ( ( #2536, #862, #562 ) ) REPRESENTATION_CONTEXT ( 'NONE', 'WORKASPACE' ) );
#204 =( BOUNDED_CURVE ( )  B_SPLINE_CURVE ( 2, ( #3338, #1896, #1133, #561, #2267 ),
 .UNSPECIFIED., .F., .T. ) 
 B_SPLINE_CURVE_WITH_KNOTS ( ( 3, 2, 3 ),
 ( 0.000000000000000000, 0.3333333333333365900, 1.000000000000000000 ),
 .UNSPECIFIED. ) 
 CURVE ( )  GEOMETRIC_REPRESENTATION_ITEM ( )  RATIONAL_B_SPLINE_CURVE ( ( 0.9330127018922195203, 0.9330127018922194093, 1.000000000000000000, 0.8660254037844224984, 1.000000000000016431 ) ) 
 REPRESENTATION_ITEM ( '' )  );
#205 = CARTESIAN_POINT ( 'NONE',  ( 0.4857006309033189417, 0.8412581699928072254, -0.3533333333333331105 ) ) ;
#206 = CARTESIAN_POINT ( 'NONE',  ( 0.8169631252117997011, 1.415021640777091694, -2.937070839024848556 ) ) ;
#207 = CARTESIAN_POINT ( 'NONE',  ( -1.058946262067460120, -0.9385402570232950215, -3.390492931663389609 ) ) ;
#208 = CARTESIAN_POINT ( 'NONE',  ( -6.963900243245539595E-15, -1.064999999999999947, -4.104177405783629773 ) ) ;
#209 = AXIS2_PLACEMENT_3D ( 'NONE', #647, #2830, #2285 ) ;
#210 = AXIS2_PLACEMENT_3D ( 'NONE', #899, #3479, #1801 ) ;
#211 = DIRECTION ( 'NONE',  ( 0.000000000000000000, 0.000000000000000000, -1.000000000000000000 ) ) ;
#212 = CARTESIAN_POINT ( 'NONE',  ( -5.946740495865739917E-16, -2.694133978409249788E-16, 0.7333333333333339477 ) ) ;
#213 = CARTESIAN_POINT ( 'NONE',  ( 0.000000000000000000, 0.000000000000000000, -3.390492931663389609 ) ) ;
#214 = EDGE_LOOP ( 'NONE', ( #2250, #1636, #192, #2421 ) ) ;
#215 = DIRECTION ( 'NONE',  ( 0.000000000000000000, 0.000000000000000000, 1.000000000000000000 ) ) ;
#216 = CARTESIAN_POINT ( 'NONE',  ( 0.7285509463549789677, 0.4206290849964040013, -2.561666666666659875 ) ) ;
#217 = CARTESIAN_POINT ( 'NONE',  ( -0.7431779061152280486, 1.207076705153358853, -1.562914916843647362 ) ) ;
#218 = CARTESIAN_POINT ( 'NONE',  ( -1.056006497631871488, 0.6268467464871791961, -3.841987514328464748 ) ) ;
#219 = ORIENTED_EDGE ( 'NONE', *, *, #1651, .F. ) ;
#220 = CARTESIAN_POINT ( 'NONE',  ( 1.064206687878514135, -0.04656181452575816615, -3.846893742931306814 ) ) ;
#221 = CARTESIAN_POINT ( 'NONE',  ( -0.6710907683307607563, 1.247406567262426602, -2.632894912071767735 ) ) ;
#222 = CARTESIAN_POINT ( 'NONE',  ( -0.9525376036695686333, 0.4786532647790170958, -1.267939477522528779 ) ) ;
#223 = CARTESIAN_POINT ( 'NONE',  ( 0.3578712972807848725, 1.007218423156475584, -3.107427100399807518 ) ) ;
#224 = EDGE_LOOP ( 'NONE', ( #543, #1152, #425, #84, #3452, #2367, #2101, #1363 ) ) ;
#225 = CARTESIAN_POINT ( 'NONE',  ( -1.064999999999999947, 2.087289991298549817E-14, -3.309177405783630288 ) ) ;
#226 = CARTESIAN_POINT ( 'NONE',  ( -0.7089925505697214358, -0.7947082912560424761, -2.108448804656486431 ) ) ;
#227 = CARTESIAN_POINT ( 'NONE',  ( -3.625202995436170510E-17, -0.1622364820181710077, -0.8373673569389969984 ) ) ;
#228 = DIRECTION ( 'NONE',  ( 1.000000000000000000, 0.000000000000000000, 0.000000000000000000 ) ) ;
#229 = CARTESIAN_POINT ( 'NONE',  ( -0.7179556170105514390, -0.7874274950345697688, -3.170428153963474216 ) ) ;
#230 = EDGE_CURVE ( 'NONE', #2575, #30, #1508, .T. ) ;
#231 = CARTESIAN_POINT ( 'NONE',  ( 0.8529650602621453581, 0.6390146372417506715, -2.148027235397639512 ) ) ;
#232 = CARTESIAN_POINT ( 'NONE',  ( -1.064999999999999947, -1.304248841091929880E-16, -6.500000000000000000 ) ) ;
#233 = ORIENTED_EDGE ( 'NONE', *, *, #327, .T. ) ;
#234 = CARTESIAN_POINT ( 'NONE',  ( 0.8578376020409135272, -0.6314053012280607113, -1.824930715565367567 ) ) ;
#235 = CARTESIAN_POINT ( 'NONE',  ( -0.01329077471673633000, 1.416119657466415660, -1.654884082803661727 ) ) ;
#236 = ORIENTED_EDGE ( 'NONE', *, *, #27, .T. ) ;
#237 = DIRECTION ( 'NONE',  ( -0.03452018384113680199, -0.1735446834999980481, 0.9842208084248471600 ) ) ;
#238 = CARTESIAN_POINT ( 'NONE',  ( -0.1073567324479360041, 1.410922940920540158, -2.704386759766672643 ) ) ;
#239 = CARTESIAN_POINT ( 'NONE',  ( 0.05227903084226621921, -1.414408086021002875, -0.06061350495537337624 ) ) ;
#240 = CARTESIAN_POINT ( 'NONE',  ( 0.6287742447563405834, 0.8598810008839186114, -3.158152956874556327 ) ) ;
#241 = EDGE_CURVE ( 'NONE', #1099, #1015, #3395, .T. ) ;
#242 = ORIENTED_EDGE ( 'NONE', *, *, #3333, .T. ) ;
#243 = MECHANICAL_DESIGN_GEOMETRIC_PRESENTATION_REPRESENTATION (  '', ( #3456 ), #150 ) ;
#244 = CARTESIAN_POINT ( 'NONE',  ( -0.7855939091414364528, -1.177005460750035093, -2.286058179245209931 ) ) ;
#245 = CARTESIAN_POINT ( 'NONE',  ( -1.023458398429762051, -0.2971454322006303328, -2.200199862233022330 ) ) ;
#246 = CARTESIAN_POINT ( 'NONE',  ( 1.225425946354979923, -0.7075000000000000178, -1.082083333333329955 ) ) ;
#247 = CARTESIAN_POINT ( 'NONE',  ( -1.052078293908163875, -0.1830471749765749945, -1.159004258722471148 ) ) ;
#248 = CARTESIAN_POINT ( 'NONE',  ( 0.6075715013917644125, 0.8747313879262584857, -2.093887430710763109 ) ) ;
#249 = CARTESIAN_POINT ( 'NONE',  ( -0.7079727161450919404, 0.2932519008174110375, 2.200000000000000178 ) ) ;
#250 = VERTEX_POINT ( 'NONE', #2365 ) ;
#251 = CARTESIAN_POINT ( 'NONE',  ( 0.8169506309033202074, -1.414999999999998703, -1.037916666666670373 ) ) ;
#252 = CARTESIAN_POINT ( 'NONE',  ( 0.8468911020966229941, -0.6460135192730789289, -1.827741251713053572 ) ) ;
#253 = CARTESIAN_POINT ( 'NONE',  ( 0.000000000000000000, 0.8412581699928068923, -1.324999999999999956 ) ) ;
#254 = CARTESIAN_POINT ( 'NONE',  ( 1.183885066800384633, 0.7750164167218126510, -1.823985097180829129 ) ) ;
#255 = CARTESIAN_POINT ( 'NONE',  ( 0.4614298579442011605, 1.006694619936288726, -4.165268852473219319 ) ) ;
#256 = ORIENTED_EDGE ( 'NONE', *, *, #3019, .T. ) ;
#257 = CARTESIAN_POINT ( 'NONE',  ( -0.5061366423362393396, -0.9563453293709391900, -4.195437587047893935 ) ) ;
#258 = VECTOR ( 'NONE', #2018, 1000.000000000000000 ) ;
#259 = DIRECTION ( 'NONE',  ( 0.9238795325112854062, 0.3826834323650931680, 3.545569221775715433E-17 ) ) ;
#260 = CARTESIAN_POINT ( 'NONE',  ( -0.7608262234860130313, -0.7452304728444550941, 4.012857225611320341E-13 ) ) ;
#261 = CARTESIAN_POINT ( 'NONE',  ( -0.8424999574333229546, 0.6541813156438649468, -2.359327410023454252 ) ) ;
#262 = ORIENTED_EDGE ( 'NONE', *, *, #781, .T. ) ;
#263 = CARTESIAN_POINT ( 'NONE',  ( -0.8169506309033202074, 1.414999999999998703, -1.700416666666660026 ) ) ;
#264 = CARTESIAN_POINT ( 'NONE',  ( -1.182748768039330711, -7.973965116212857639E-15, 0.7333333333333339477 ) ) ;
#265 = CARTESIAN_POINT ( 'NONE',  ( -1.381601634525807976, -0.1621838261442875295, -3.471123731109990285 ) ) ;
#266 = CARTESIAN_POINT ( 'NONE',  ( -0.4857006309033200520, 0.8412581699928072254, -3.091666666666660568 ) ) ;
#267 = CARTESIAN_POINT ( 'NONE',  ( -0.9779432879204416063, -0.4217274787446102513, -1.655868144177538026 ) ) ;
#268 = DIRECTION ( 'NONE',  ( 0.000000000000000000, -0.4184786803821302081, -0.9082266204343664162 ) ) ;
#269 = CARTESIAN_POINT ( 'NONE',  ( -0.8423514668680744943, -0.6517538407335418116, -1.615821453281721665 ) ) ;
#270 = VERTEX_POINT ( 'NONE', #1228 ) ;
#271 = DIRECTION ( 'NONE',  ( 0.000000000000000000, 0.000000000000000000, 1.000000000000000000 ) ) ;
#272 = EDGE_CURVE ( 'NONE', #764, #1677, #344, .T. ) ;
#273 = DIRECTION ( 'NONE',  ( -0.3826834323650931680, 0.9238795325112854062, -1.574232734468417563E-14 ) ) ;
#274 = ORIENTED_EDGE ( 'NONE', *, *, #2248, .T. ) ;
#275 = CARTESIAN_POINT ( 'NONE',  ( 1.064999999980948076, 6.374111798305019433E-06, -1.719176348419649392 ) ) ;
#276 = CARTESIAN_POINT ( 'NONE',  ( 0.02637610771720449998, -1.305566952667510217, -8.174185033691460790E-18 ) ) ;
#277 = CARTESIAN_POINT ( 'NONE',  ( 0.1552233734525576836, 1.053636179765682357, -2.537450506027932207 ) ) ;
#278 = VECTOR ( 'NONE', #2648, 1000.000000000000000 ) ;
#279 = VERTEX_POINT ( 'NONE', #2716 ) ;
#280 = CARTESIAN_POINT ( 'NONE',  ( -0.8169506309033202074, -1.414999999999998703, -1.347083333333328747 ) ) ;
#281 = CARTESIAN_POINT ( 'NONE',  ( -0.9165507201655600511, -1.079776426769953224, -2.306233141713073032 ) ) ;
#282 = CARTESIAN_POINT ( 'NONE',  ( -1.173549438807726997, -0.6071998546908947691, -3.616647079990713998 ) ) ;
#283 = CARTESIAN_POINT ( 'NONE',  ( 1.060404711860081894, 0.1005133599772778663, -0.6425326490407394786 ) ) ;
#284 = CARTESIAN_POINT ( 'NONE',  ( 1.356388673390454880, -0.4049270442528970504, -0.9115732816884719591 ) ) ;
#285 = CARTESIAN_POINT ( 'NONE',  ( -1.225543596530749957, 0.7075679253606509400, -4.659661766783839809 ) ) ;
#286 = VECTOR ( 'NONE', #49, 1000.000000000000000 ) ;
#287 = ADVANCED_FACE ( 'NONE', ( #1284 ), #703, .T. ) ;
#288 = CARTESIAN_POINT ( 'NONE',  ( -1.581817946414579725E-14, -1.415000000000000036, -3.246249999999999858 ) ) ;
#289 = CARTESIAN_POINT ( 'NONE',  ( 1.064999999980948076, 6.374111798305019433E-06, -1.719176348419649392 ) ) ;
#290 = CARTESIAN_POINT ( 'NONE',  ( -0.7285509463549789677, 0.4206290849964030021, -1.148333333333329875 ) ) ;
#291 = EDGE_CURVE ( 'NONE', #2885, #2626, #1664, .T. ) ;
#292 = CARTESIAN_POINT ( 'NONE',  ( 0.2806464453571264062, 1.074170366842335245, -4.126260489938228027 ) ) ;
#293 = ORIENTED_EDGE ( 'NONE', *, *, #652, .F. ) ;
#294 = DIRECTION ( 'NONE',  ( 0.1736481776669310251, -1.953992523340279613E-14, 0.9848077530122080203 ) ) ;
#295 = CARTESIAN_POINT ( 'NONE',  ( 1.064998550721123705, -0.1428769187859996737, -3.339523583440072052 ) ) ;
#296 = DIRECTION ( 'NONE',  ( 0.000000000000000000, -0.1874711126310599496, -0.9822701165814179403 ) ) ;
#297 = CARTESIAN_POINT ( 'NONE',  ( -0.5827554283937401713, 0.8925951242212792902, -2.416357057818443899 ) ) ;
#298 = ORIENTED_EDGE ( 'NONE', *, *, #3360, .T. ) ;
#299 = CARTESIAN_POINT ( 'NONE',  ( -0.7446934560736336861, -0.7613551333887123018, -3.176225449344324492 ) ) ;
#300 = DIRECTION ( 'NONE',  ( 0.000000000000000000, 0.000000000000000000, 1.000000000000000000 ) ) ;
#301 = CARTESIAN_POINT ( 'NONE',  ( 0.4690455463361989930, -0.1942850266631459821, 0.7333333333333339477 ) ) ;
#302 = DIRECTION ( 'NONE',  ( 1.000000000000000000, 6.759514946740171108E-15, 0.000000000000000000 ) ) ;
#303 = CARTESIAN_POINT ( 'NONE',  ( 0.9804350842068274563, 0.4243430733746145767, -0.5892866477627008992 ) ) ;
#304 = CARTESIAN_POINT ( 'NONE',  ( 1.307855504983527872, -0.5401296016920832388, -0.9283422044413481844 ) ) ;
#305 = DIRECTION ( 'NONE',  ( -0.9848077530122080203, -6.876879767067290345E-15, -0.1736481776669309973 ) ) ;
#306 = ADVANCED_FACE ( 'NONE', ( #2734 ), #1092, .F. ) ;
#307 = DIRECTION ( 'NONE',  ( 0.000000000000000000, 0.000000000000000000, 1.000000000000000000 ) ) ;
#308 = DIRECTION ( 'NONE',  ( -1.000000000000000000, 0.000000000000000000, 0.000000000000000000 ) ) ;
#309 = ORIENTED_EDGE ( 'NONE', *, *, #423, .T. ) ;
#310 = CARTESIAN_POINT ( 'NONE',  ( 0.1270000000000000018, 0.000000000000000000, -6.500000000000000000 ) ) ;
#311 = CARTESIAN_POINT ( 'NONE',  ( 0.6604996127391498106, -0.8358186669527483126, -3.466900508808907766 ) ) ;
#312 = CARTESIAN_POINT ( 'NONE',  ( -1.414132584069021092, -0.05102821288797037419, -0.3248793236704397014 ) ) ;
#313 = B_SPLINE_CURVE_WITH_KNOTS ( 'NONE', 3,
 ( #1119, #1385, #3685, #1940, #257, #845, #3076, #3344, #864, #1660, #2519, #1972, #1991 ),
 .UNSPECIFIED., .F., .F.,
 ( 4, 2, 2, 1, 2, 2, 4 ),
 ( 0.000000000000000000, 0.2500000000000006106, 0.3750000000000005551, 0.4375000000000001110, 0.4687500000000001110, 0.5000000000000000000, 1.000000000000000000 ),
 .UNSPECIFIED. ) ;
#314 = CARTESIAN_POINT ( 'NONE',  ( -1.225425946354979923, 0.7075000000000000178, -4.659583333333329414 ) ) ;
#315 = ORIENTED_EDGE ( 'NONE', *, *, #1616, .F. ) ;
#316 = CARTESIAN_POINT ( 'NONE',  ( -0.7935700826632514637, -1.171554419079879006, -1.227252584321763873 ) ) ;
#317 = DIRECTION ( 'NONE',  ( 0.000000000000000000, 0.000000000000000000, -1.000000000000000000 ) ) ;
#318 = CARTESIAN_POINT ( 'NONE',  ( 0.4857006309033189417, 0.8412581699928072254, -2.208333333333332593 ) ) ;
#319 = CARTESIAN_POINT ( 'NONE',  ( -0.3954803234512408450, -0.9891296567324739941, -2.047497258289260103 ) ) ;
#320 = CARTESIAN_POINT ( 'NONE',  ( 0.3791623317950896799, 0.9953124676344543564, -0.4544301024017992630 ) ) ;
#321 = FACE_OUTER_BOUND ( 'NONE', #2009, .T. ) ;
#322 = CARTESIAN_POINT ( 'NONE',  ( 0.1564667651480237398, 1.053444489655043892, -1.477658945930943712 ) ) ;
#323 = VERTEX_POINT ( 'NONE', #2856 ) ;
#324 = SURFACE_STYLE_FILL_AREA ( #3183 ) ;
#325 = DIRECTION ( 'NONE',  ( 0.1736481776669310251, -3.774427523879661120E-31, 0.9848077530122080203 ) ) ;
#326 = VERTEX_POINT ( 'NONE', #869 ) ;
#327 = EDGE_CURVE ( 'NONE', #1118, #831, #2698, .T. ) ;
#328 = CARTESIAN_POINT ( 'NONE',  ( -1.414999999999999591, -1.261682814403166563E-08, -1.523749998424742236 ) ) ;
#329 = PLANE ( 'NONE',  #420 ) ;
#330 = DIRECTION ( 'NONE',  ( -1.025099830784960051E-14, 1.000000000000000000, 0.000000000000000000 ) ) ;
#331 = CARTESIAN_POINT ( 'NONE',  ( -0.5297764992216463797, -1.313880464761796318, -0.1299091640832614747 ) ) ;
#332 = DIRECTION ( 'NONE',  ( -0.9238795325112854062, -0.3826834323650927794, 0.000000000000000000 ) ) ;
#333 = ORIENTED_EDGE ( 'NONE', *, *, #2783, .F. ) ;
#334 = CARTESIAN_POINT ( 'NONE',  ( -1.359886183965502093, -0.3937770484624639744, -1.342036831206576686 ) ) ;
#335 = CARTESIAN_POINT ( 'NONE',  ( 0.5718502226665910237, 0.5718502226665910237, 2.091418638793319573 ) ) ;
#336 = CARTESIAN_POINT ( 'NONE',  ( 0.7203260891964895496, 0.7877437205683101018, -2.117053868017258811 ) ) ;
#337 = FACE_OUTER_BOUND ( 'NONE', #1971, .T. ) ;
#338 = CARTESIAN_POINT ( 'NONE',  ( -0.8189987937075704494, 0.6818965422612497385, -0.2449420242162689554 ) ) ;
#339 = AXIS2_PLACEMENT_3D ( 'NONE', #1524, #3261, #451 ) ;
#340 = CARTESIAN_POINT ( 'NONE',  ( 1.368216211880436628, -0.3638098695090786761, -0.9064581839915256678 ) ) ;
#341 = AXIS2_PLACEMENT_3D ( 'NONE', #2867, #3509, #325 ) ;
#342 = CARTESIAN_POINT ( 'NONE',  ( 0.9634657057734341556, 0.4538421905796988787, -1.644244584461601821 ) ) ;
#343 = CARTESIAN_POINT ( 'NONE',  ( -0.8169506309033202074, 1.414999999999998481, -1.700416666666669574 ) ) ;
#344 = B_SPLINE_CURVE_WITH_KNOTS ( 'NONE', 3,
 ( #147, #2697, #1813, #1246 ),
 .UNSPECIFIED., .F., .F.,
 ( 4, 4 ),
 ( 0.000000000000000000, 1.000000000000000000 ),
 .UNSPECIFIED. ) ;
#345 = ORIENTED_EDGE ( 'NONE', *, *, #3048, .T. ) ;
#346 = CARTESIAN_POINT ( 'NONE',  ( 1.136104513724499832, 0.3954646252515494065, -0.000000000000000000 ) ) ;
#347 = CARTESIAN_POINT ( 'NONE',  ( -0.7151936879583029594, -0.7892167524913574761, -3.706314672384664277 ) ) ;
#348 =( BOUNDED_SURFACE ( )  B_SPLINE_SURFACE ( 1, 2, ( 
 ( #135, #1547, #1857, #421, #730, #3320, #1028, #1528, #991, #2722, #2159, #2458, #3299, #2102, #154, #2999, #2142, #2683, #1288, #1268, #2403, #2423, #1010, #2665, #2385 ),
 ( #3549, #3585, #3282, #1306, #709, #748, #1819, #1877, #454, #2962, #1324, #2121, #688, #2945, #2179, #1601, #766, #402, #3016, #1584, #473, #117, #1838, #3244, #438 ) ),
 .UNSPECIFIED., .F., .F., .T. ) 
 B_SPLINE_SURFACE_WITH_KNOTS ( ( 2, 2 ),
 ( 3, 2, 2, 2, 2, 2, 2, 2, 2, 2, 2, 2, 3 ),
 ( 0.000000000000000000, 1.000000000000000000 ),
 ( 0.000000000000000000, 0.08333333333333330095, 0.1666666666666670182, 0.2500000000000000000, 0.3333333333333329818, 0.4166666666666670182, 0.5000000000000000000, 0.5833333333333330373, 0.6666666666666670737, 0.7500000000000000000, 0.8333333333333330373, 0.9166666666666670737, 1.000000000000000000 ),
 .UNSPECIFIED. ) 
 GEOMETRIC_REPRESENTATION_ITEM ( )  RATIONAL_B_SPLINE_SURFACE ( (
 ( 1.000000000000000000, 0.8660254037844389297, 1.000000000000000000, 0.8660254037844389297, 1.000000000000000000, 0.8660254037844389297, 1.000000000000000000, 0.8660254037844389297, 1.000000000000000000, 0.8660254037844389297, 1.000000000000000000, 0.8660254037844389297, 1.000000000000000000, 0.8660254037844389297, 1.000000000000000000, 0.8660254037844389297, 1.000000000000000000, 0.8660254037844389297, 1.000000000000000000, 0.8660254037844389297, 1.000000000000000000, 0.8660254037844389297, 1.000000000000000000, 0.8660254037844389297, 1.000000000000000000),
 ( 1.000000000000000000, 0.8660254037844389297, 1.000000000000000000, 0.8660254037844389297, 1.000000000000000000, 0.8660254037844389297, 1.000000000000000000, 0.8660254037844389297, 1.000000000000000000, 0.8660254037844389297, 1.000000000000000000, 0.8660254037844389297, 1.000000000000000000, 0.8660254037844389297, 1.000000000000000000, 0.8660254037844389297, 1.000000000000000000, 0.8660254037844389297, 1.000000000000000000, 0.8660254037844389297, 1.000000000000000000, 0.8660254037844389297, 1.000000000000000000, 0.8660254037844389297, 1.000000000000000000) ) ) 
 REPRESENTATION_ITEM ( '' )  SURFACE ( )  );
#349 = AXIS2_PLACEMENT_3D ( 'NONE', #3448, #956, #3413 ) ;
#350 = ORIENTED_EDGE ( 'NONE', *, *, #989, .F. ) ;
#351 = DIRECTION ( 'NONE',  ( 0.9848077530122080203, 6.876879767067293501E-15, 0.1736481776669309973 ) ) ;
#352 = CARTESIAN_POINT ( 'NONE',  ( 0.3852783273570070111, -0.9928718122100413934, -3.519490117740330604 ) ) ;
#353 = CYLINDRICAL_SURFACE ( 'NONE', #3185, 1.415000000000000036 ) ;
#354 = CARTESIAN_POINT ( 'NONE',  ( -0.4857006309033200520, 0.8412581699928072254, -0.9716666666666659014 ) ) ;
#355 = ORIENTED_EDGE ( 'NONE', *, *, #1434, .F. ) ;
#356 = CARTESIAN_POINT ( 'NONE',  ( -1.413861710914238401, -0.06110466945915674769, -1.383627369216655190 ) ) ;
#357 = CARTESIAN_POINT ( 'NONE',  ( 0.6952772325108292906, -1.233067164808834049, -2.099829260185354318 ) ) ;
#358 = CARTESIAN_POINT ( 'NONE',  ( 0.9663378481948640131, -0.4479278994538934966, -0.7334339300717517274 ) ) ;
#359 = FACE_OUTER_BOUND ( 'NONE', #936, .T. ) ;
#360 = CARTESIAN_POINT ( 'NONE',  ( -2.231056575520759816E-14, -1.064999999999999947, -2.520822594216369783 ) ) ;
#361 = CARTESIAN_POINT ( 'NONE',  ( 0.3288430476080001497, 1.013109786222880393, -0.4457280968505493157 ) ) ;
#362 = CARTESIAN_POINT ( 'NONE',  ( 0.5968071652542547012, 0.8827399921374021741, -1.555243230586648373 ) ) ;
#363 = ORIENTED_EDGE ( 'NONE', *, *, #291, .T. ) ;
#364 = CARTESIAN_POINT ( 'NONE',  ( 1.377079264105937062, -0.3757524276946685449, -3.027517050618948158 ) ) ;
#365 = DIRECTION ( 'NONE',  ( 1.506552891945109745E-14, 0.8660254037844387076, 0.4999999999999998890 ) ) ;
#366 = EDGE_LOOP ( 'NONE', ( #1477, #1938, #3069, #2848 ) ) ;
#367 = CARTESIAN_POINT ( 'NONE',  ( -0.6100281176067076094, 0.8734323763773574889, -4.007470890851774215 ) ) ;
#368 = CARTESIAN_POINT ( 'NONE',  ( 0.8169506309033202074, 1.414999999999998481, -0.8170833333333317183 ) ) ;
#369 = CARTESIAN_POINT ( 'NONE',  ( 0.9714012618066378835, 5.948117229796001962E-17, -3.710000000000002185 ) ) ;
#370 = ORIENTED_EDGE ( 'NONE', *, *, #1351, .T. ) ;
#371 = CARTESIAN_POINT ( 'NONE',  ( 0.8849384093927823436, -0.5927194283330271540, -3.938232343995595741 ) ) ;
#372 = CARTESIAN_POINT ( 'NONE',  ( 1.219963706735714970, -0.7175302278246379339, -2.010823587530493839 ) ) ;
#373 = FACE_OUTER_BOUND ( 'NONE', #522, .T. ) ;
#374 = CARTESIAN_POINT ( 'NONE',  ( 1.618197816793849997, -0.2890648602567419956, 1.722089740673879987 ) ) ;
#375 = CARTESIAN_POINT ( 'NONE',  ( -0.3084305799038715712, -1.019960536459046940, -2.568880302039276753 ) ) ;
#376 = CARTESIAN_POINT ( 'NONE',  ( -0.2187177260369013998, 1.042316233429249506, -0.3607932674086789526 ) ) ;
#377 = AXIS2_PLACEMENT_3D ( 'NONE', #599, #3097, #1679 ) ;
#378 = CARTESIAN_POINT ( 'NONE',  ( -0.7285509463549789677, -0.4206290849964040013, -3.091666666666669450 ) ) ;
#379 = CARTESIAN_POINT ( 'NONE',  ( 0.5721595270414365775, -0.9956790139035915921, -4.058440685868881737 ) ) ;
#380 = DIRECTION ( 'NONE',  ( -0.1325620950180080027, -0.1325620950180100011, 0.9822701165814180513 ) ) ;
#381 = CARTESIAN_POINT ( 'NONE',  ( -0.4857006309033189417, -0.8412581699928072254, -1.943333333333327806 ) ) ;
#382 = ORIENTED_EDGE ( 'NONE', *, *, #3374, .F. ) ;
#383 = CARTESIAN_POINT ( 'NONE',  ( 0.1739592663742183798, 1.052173526505603807, -4.136837774471673335 ) ) ;
#384 = CARTESIAN_POINT ( 'NONE',  ( 0.1881394730515092151, -1.365098036107970536, 1.149713427078789429 ) ) ;
#385 = CARTESIAN_POINT ( 'NONE',  ( 0.000000000000000000, 0.8412581699928068923, -5.564999999999999503 ) ) ;
#386 = VECTOR ( 'NONE', #2344, 1000.000000000000000 ) ;
#387 = AXIS2_PLACEMENT_3D ( 'NONE', #1696, #2836, #296 ) ;
#388 = EDGE_LOOP ( 'NONE', ( #1323, #2252, #1123, #568 ) ) ;
#389 = CARTESIAN_POINT ( 'NONE',  ( 1.003291934960007348, -0.3574225445407977486, -3.898390847504275669 ) ) ;
#390 = CARTESIAN_POINT ( 'NONE',  ( 0.5782904070166284827, -1.291520834350856850, -2.116021040374391760 ) ) ;
#391 = CARTESIAN_POINT ( 'NONE',  ( -0.8224916182449590885, -0.6768964385337443712, -1.610975905441918599 ) ) ;
#392 = CARTESIAN_POINT ( 'NONE',  ( -0.8854987870931020355, 0.5945648833399231892, -2.885116442111042012 ) ) ;
#393 = CARTESIAN_POINT ( 'NONE',  ( 0.6148780366869516234, 1.065000000000000391, -1.019155927549698637 ) ) ;
#394 = CARTESIAN_POINT ( 'NONE',  ( -1.405822537060029920E-14, -1.064999999999999947, -1.984177405783629888 ) ) ;
#395 = CARTESIAN_POINT ( 'NONE',  ( -1.177171980481420022, -0.1147204282942599907, 0.7333333333333339477 ) ) ;
#396 = CARTESIAN_POINT ( 'NONE',  ( 0.09513921554622234433, 1.060880816098503709, -1.468334406126442504 ) ) ;
#397 = CARTESIAN_POINT ( 'NONE',  ( -0.8565184741905392807, -0.6339374285881451687, -3.201561143207929394 ) ) ;
#398 = CARTESIAN_POINT ( 'NONE',  ( 0.5305439853168663067, 0.9250587675862425030, -3.662041754938800242 ) ) ;
#399 = CARTESIAN_POINT ( 'NONE',  ( -0.5088418913510074360, -0.9383112532638225867, -3.664269698461467328 ) ) ;
#400 = ORIENTED_EDGE ( 'NONE', *, *, #2825, .T. ) ;
#401 = EDGE_CURVE ( 'NONE', #769, #2737, #1997, .T. ) ;
#402 = CARTESIAN_POINT ( 'NONE',  ( 0.4857006309033189417, -0.8412581699928072254, -0.7066666666666637786 ) ) ;
#403 = B_SPLINE_CURVE_WITH_KNOTS ( 'NONE', 3,
 ( #1535, #3211, #660, #125, #181, #2202, #3365, #1589, #2464, #1332, #2988, #480, #3592, #1296, #1571, #2784, #3612, #2482, #1844, #2765, #3575, #3345, #461, #3629, #2185, #221, #3306, #790, #737, #1918, #1607, #1863, #238, #1312, #3289, #444, #1085, #510, #2220, #2708, #1069, #1017, #754, #3059, #1642, #162, #1035, #1883, #1369, #2430, #2745, #2148, #3023, #3006, #2727, #2165, #2447, #200, #1050, #3326, #771 ),
 .UNSPECIFIED., .F., .F.,
 ( 4, 2, 2, 2, 2, 1, 1, 2, 2, 2, 2, 2, 1, 2, 2, 2, 2, 1, 2, 2, 2, 2, 2, 2, 2, 1, 2, 2, 2, 2, 2, 2, 4 ),
 ( 0.3184672735603326088, 0.3610630689628139822, 0.4036588643652953001, 0.4089833387906054440, 0.4103144573969328968, 0.4116455760032603495, 0.4143078132159152549, 0.4249567620665348766, 0.4462546597677742310, 0.4888504551702528289, 0.4994994040208724506, 0.5021616412335273560, 0.5048238784461822615, 0.5101483528714921833, 0.5314462505727317598, 0.5740420459752109128, 0.6166378413776900658, 0.6219623158029998766, 0.6246245530156548931, 0.6272867902283099095, 0.6379357390789298643, 0.6592336367801697738, 0.7444252275851295231, 0.7497497020104394450, 0.7524119392230943504, 0.7550741764357492558, 0.7657231252863689885, 0.7870210229876081209, 0.8296168183900864967, 0.8722126137925649836, 0.8935105114938042270, 0.9148084091950432484, 1.000000000000000000 ),
 .UNSPECIFIED. ) ;
#404 = CARTESIAN_POINT ( 'NONE',  ( -1.866666666666670693, -1.044561243432319294E-14, 2.200000000000000178 ) ) ;
#405 = CARTESIAN_POINT ( 'NONE',  ( -0.8169506309033202074, 1.414999999999998703, -2.627916666666658685 ) ) ;
#406 = FACE_OUTER_BOUND ( 'NONE', #1209, .T. ) ;
#407 = VECTOR ( 'NONE', #332, 1000.000000000000114 ) ;
#408 = PLANE ( 'NONE',  #2242 ) ;
#409 = EDGE_LOOP ( 'NONE', ( #122, #504 ) ) ;
#410 = FACE_OUTER_BOUND ( 'NONE', #487, .T. ) ;
#411 = FACE_OUTER_BOUND ( 'NONE', #3156, .T. ) ;
#412 = CARTESIAN_POINT ( 'NONE',  ( -0.7154722692814784457, -0.7889639798547163352, -1.586379651823395021 ) ) ;
#413 = CARTESIAN_POINT ( 'NONE',  ( 0.8169506309033202074, -1.414999999999998703, -3.290416666666657886 ) ) ;
#414 = DIRECTION ( 'NONE',  ( 0.000000000000000000, 0.000000000000000000, 1.000000000000000000 ) ) ;
#415 = CARTESIAN_POINT ( 'NONE',  ( -0.7663164821247402392, -1.132125715520117426, -3.507651944418557211 ) ) ;
#416 = CARTESIAN_POINT ( 'NONE',  ( -0.8000793035391384755, -0.7031479204600185051, -3.188152324537266047 ) ) ;
#417 = CARTESIAN_POINT ( 'NONE',  ( 0.7202782575664998799, 0.7877872296167843791, -3.700398310240313293 ) ) ;
#418 = CARTESIAN_POINT ( 'NONE',  ( 0.8144842451843288256, -0.6862110668629938237, -2.895751374901251118 ) ) ;
#419 = VERTEX_POINT ( 'NONE', #3426 ) ;
#420 = AXIS2_PLACEMENT_3D ( 'NONE', #2591, #351, #2609 ) ;
#421 = CARTESIAN_POINT ( 'NONE',  ( 1.633901261806640415, -2.976067598545578848E-17, 0.1987500000000003153 ) ) ;
#422 = CARTESIAN_POINT ( 'NONE',  ( -0.7285509463549789677, -0.4206290849964040013, -0.7066666666666649999 ) ) ;
#423 = EDGE_CURVE ( 'NONE', #3609, #769, #2687, .T. ) ;
#424 = CARTESIAN_POINT ( 'NONE',  ( -0.4826230284462034170, 1.067530200692999198, -3.978476154078330662 ) ) ;
#425 = ORIENTED_EDGE ( 'NONE', *, *, #1282, .F. ) ;
#426 = CARTESIAN_POINT ( 'NONE',  ( 0.3250377108339537191, 1.377307677841225209, -0.6338481468060125357 ) ) ;
#427 = DIRECTION ( 'NONE',  ( -0.3768696111424566508, -0.9098437264664124280, -0.1736481776669310806 ) ) ;
#428 = CARTESIAN_POINT ( 'NONE',  ( 0.9476704818298743449, -0.4859954637570801372, -0.7398459780317206969 ) ) ;
#429 = CARTESIAN_POINT ( 'NONE',  ( 1.177171980481420022, -0.1147204282942389936, 0.7333333333333339477 ) ) ;
#430 = CARTESIAN_POINT ( 'NONE',  ( -0.4857006309033200520, 0.8412581699928072254, -5.211666666666666892 ) ) ;
#431 = CARTESIAN_POINT ( 'NONE',  ( -0.7958329420942835686, -1.108305602937413425, -3.514058526427061846 ) ) ;
#432 = CARTESIAN_POINT ( 'NONE',  ( 0.3667366130130469970, 1.099830668049869953, 2.162588139978459889 ) ) ;
#433 = ADVANCED_FACE ( 'NONE', ( #1731, #2337 ), #105, .F. ) ;
#434 = DIRECTION ( 'NONE',  ( 1.000000000000000000, 0.000000000000000000, 3.833511422688155224E-14 ) ) ;
#435 = CARTESIAN_POINT ( 'NONE',  ( 0.7027864938636055880, -1.230686800691283889, -3.158754714136497999 ) ) ;
#436 = CARTESIAN_POINT ( 'NONE',  ( 0.6869003502359463109, -0.8149056000613199569, -2.924791683325283831 ) ) ;
#437 = VERTEX_POINT ( 'NONE', #2876 ) ;
#438 = CARTESIAN_POINT ( 'NONE',  ( 0.000000000000000000, 0.8412581699928068923, -1.324999999999999956 ) ) ;
#439 = CARTESIAN_POINT ( 'NONE',  ( -0.8169506309033202074, 1.414999999999998703, -3.687916666666658738 ) ) ;
#440 = CARTESIAN_POINT ( 'NONE',  ( -0.7285509463549789677, -0.4206290849964040013, -1.766666666666660168 ) ) ;
#441 = CARTESIAN_POINT ( 'NONE',  ( -0.1298509916116528939, 1.135285600910585613, -4.048012022801539267 ) ) ;
#442 = VERTEX_POINT ( 'NONE', #2374 ) ;
#443 = CARTESIAN_POINT ( 'NONE',  ( -0.9907250299183449904, 1.016138959125431951, -0.4651454874901236325 ) ) ;
#444 = CARTESIAN_POINT ( 'NONE',  ( -0.06235331628536874837, 1.413858581502316358, -2.709463867585836017 ) ) ;
#445 = CARTESIAN_POINT ( 'NONE',  ( -0.2708361917654923956, 1.031793278553990056, -1.412508717670501124 ) ) ;
#446 = CARTESIAN_POINT ( 'NONE',  ( 1.225425946354979923, 0.7075000000000000178, -1.965416666666669920 ) ) ;
#447 = CARTESIAN_POINT ( 'NONE',  ( -1.633926250423599402, -3.001473828936138179E-16, -4.703737505691522713 ) ) ;
#448 = CARTESIAN_POINT ( 'NONE',  ( -0.9391022798681888384, -0.9708535890782787892, -3.547589232039679796 ) ) ;
#449 = CARTESIAN_POINT ( 'NONE',  ( 0.4857006309033189417, 0.8412581699928072254, -1.148333333333330097 ) ) ;
#450 = DIRECTION ( 'NONE',  ( 1.000000000000000000, 0.000000000000000000, 0.000000000000000000 ) ) ;
#451 = DIRECTION ( 'NONE',  ( 1.000000000000000000, 0.000000000000000000, 0.000000000000000000 ) ) ;
#452 = PLANE ( 'NONE',  #985 ) ;
#453 = VECTOR ( 'NONE', #1338, 1000.000000000000000 ) ;
#454 = CARTESIAN_POINT ( 'NONE',  ( -0.7285509463549789677, -0.4206290849964040013, 0.08833333333333479032 ) ) ;
#455 = CARTESIAN_POINT ( 'NONE',  ( 0.000000000000000000, 0.8412581699928068923, -2.384999999999999787 ) ) ;
#456 = VECTOR ( 'NONE', #2759, 1000.000000000000114 ) ;
#457 = CARTESIAN_POINT ( 'NONE',  ( 0.4538859132510090211, 1.343618887519081317, -1.709784219922235282 ) ) ;
#458 = CARTESIAN_POINT ( 'NONE',  ( -1.153063448223449639, 0.4601458356742132993, -3.809412912300468079 ) ) ;
#459 = ORIENTED_EDGE ( 'NONE', *, *, #1867, .T. ) ;
#460 = CARTESIAN_POINT ( 'NONE',  ( -0.09165295312404855843, 1.412205205967172805, -0.5861308934004230142 ) ) ;
#461 = CARTESIAN_POINT ( 'NONE',  ( -0.8341018429961368774, 1.143317108556245687, -2.609077962874938539 ) ) ;
#462 = CARTESIAN_POINT ( 'NONE',  ( -0.5235617054759479361, 0.9277038255087582952, -1.367655517824740929 ) ) ;
#463 = CARTESIAN_POINT ( 'NONE',  ( 0.7046007085974922424, 0.7986152963689374662, -2.637495908573329828 ) ) ;
#464 =( BOUNDED_SURFACE ( )  B_SPLINE_SURFACE ( 1, 2, ( 
 ( #1762, #729, #765, #1343, #3622, #251, #1933, #1709, #2552, #3453, #1777, #1794, #2327, #3602, #1892, #3354, #1378, #2510, #3659, #2283, #3469, #2170, #1244, #1278, #2131 ),
 ( #2748, #205, #1213, #2893, #3569, #2196, #475, #3606, #1011, #3340, #290, #1453, #253, #2235, #3167, #2662, #2040, #650, #2079, #381, #1894, #1911, #3031, #3263, #2978 ) ),
 .UNSPECIFIED., .F., .F., .F. ) 
 B_SPLINE_SURFACE_WITH_KNOTS ( ( 2, 2 ),
 ( 3, 2, 2, 2, 2, 2, 2, 2, 2, 2, 2, 2, 3 ),
 ( 0.000000000000000000, 1.000000000000000000 ),
 ( 0.000000000000000000, 0.08333333333333330095, 0.1666666666666670182, 0.2500000000000000000, 0.3333333333333329818, 0.4166666666666670182, 0.5000000000000000000, 0.5833333333333330373, 0.6666666666666670737, 0.7500000000000000000, 0.8333333333333330373, 0.9166666666666670737, 1.000000000000000000 ),
 .UNSPECIFIED. ) 
 GEOMETRIC_REPRESENTATION_ITEM ( )  RATIONAL_B_SPLINE_SURFACE ( (
 ( 1.000000000000000000, 0.8660254037844389297, 1.000000000000000000, 0.8660254037844389297, 1.000000000000000000, 0.8660254037844389297, 1.000000000000000000, 0.8660254037844389297, 1.000000000000000000, 0.8660254037844389297, 1.000000000000000000, 0.8660254037844389297, 1.000000000000000000, 0.8660254037844389297, 1.000000000000000000, 0.8660254037844389297, 1.000000000000000000, 0.8660254037844389297, 1.000000000000000000, 0.8660254037844389297, 1.000000000000000000, 0.8660254037844389297, 1.000000000000000000, 0.8660254037844389297, 1.000000000000000000),
 ( 1.000000000000000000, 0.8660254037844389297, 1.000000000000000000, 0.8660254037844389297, 1.000000000000000000, 0.8660254037844389297, 1.000000000000000000, 0.8660254037844389297, 1.000000000000000000, 0.8660254037844389297, 1.000000000000000000, 0.8660254037844389297, 1.000000000000000000, 0.8660254037844389297, 1.000000000000000000, 0.8660254037844389297, 1.000000000000000000, 0.8660254037844389297, 1.000000000000000000, 0.8660254037844389297, 1.000000000000000000, 0.8660254037844389297, 1.000000000000000000, 0.8660254037844389297, 1.000000000000000000) ) ) 
 REPRESENTATION_ITEM ( '' )  SURFACE ( )  );
#465 = CARTESIAN_POINT ( 'NONE',  ( 0.4857006309033189417, 0.8412581699928072254, -4.328333333333331367 ) ) ;
#466 = CARTESIAN_POINT ( 'NONE',  ( 0.4190862240188961141, -0.9791613177638145427, -2.453482590437337851 ) ) ;
#467 = CARTESIAN_POINT ( 'NONE',  ( -0.8164915235926508696, 1.055567946832233872, -3.610706753122586044 ) ) ;
#468 = ADVANCED_FACE ( 'NONE', ( #410 ), #3500, .T. ) ;
#469 = CARTESIAN_POINT ( 'NONE',  ( -0.5961352957508702088, -0.8826396795619591007, -3.144944097632894398 ) ) ;
#470 = CARTESIAN_POINT ( 'NONE',  ( 0.9085252594107766644, -1.085061560808774805, -3.127369947610440626 ) ) ;
#471 = CARTESIAN_POINT ( 'NONE',  ( 1.021585690160262905, -0.3029563459833178318, -2.829362397603596424 ) ) ;
#472 = EDGE_LOOP ( 'NONE', ( #1861, #2218 ) ) ;
#473 = CARTESIAN_POINT ( 'NONE',  ( -0.7285509463549789677, -0.4206290849964040013, -0.9716666666666630148 ) ) ;
#474 = FACE_OUTER_BOUND ( 'NONE', #57, .T. ) ;
#475 = CARTESIAN_POINT ( 'NONE',  ( 1.030244125138249994E-16, -0.8412581699928068923, -0.7950000000000000400 ) ) ;
#476 = CARTESIAN_POINT ( 'NONE',  ( -0.9310670673355520011, 1.066034750291628308, -1.533756962293961079 ) ) ;
#477 = CARTESIAN_POINT ( 'NONE',  ( 0.000000000000000000, -5.499581995895100111E-17, 0.4490897812778119613 ) ) ;
#478 = ORIENTED_EDGE ( 'NONE', *, *, #3611, .T. ) ;
#479 = CARTESIAN_POINT ( 'NONE',  ( -0.003527179396537307842, 1.415072114895892241, -0.5960079774606020786 ) ) ;
#480 = CARTESIAN_POINT ( 'NONE',  ( -1.240961216984099780, 0.6810616828844409110, -2.536437229109206992 ) ) ;
#481 = CARTESIAN_POINT ( 'NONE',  ( -0.1881394730514878710, -1.365098036107978974, 1.149713427078800310 ) ) ;
#482 = CARTESIAN_POINT ( 'NONE',  ( 0.5094729390388600399, 0.9377617173646022319, -2.598441254763894648 ) ) ;
#483 = CARTESIAN_POINT ( 'NONE',  ( 0.2373178195654992995, -1.049131345753327338, -2.485413659168103973 ) ) ;
#484 = CARTESIAN_POINT ( 'NONE',  ( -1.064999999999999947, -1.304248841091929880E-16, -6.500000000000000000 ) ) ;
#485 = CARTESIAN_POINT ( 'NONE',  ( -0.7385986086544895635, -0.7672661125251941661, -3.174973124770627653 ) ) ;
#486 = CARTESIAN_POINT ( 'NONE',  ( 0.5834851091991920535, 0.5834851091991920535, 2.177631830801459945 ) ) ;
#487 = EDGE_LOOP ( 'NONE', ( #2985, #2525, #333, #524, #3032 ) ) ;
#488 = CARTESIAN_POINT ( 'NONE',  ( 0.4714766951764153835, -0.9589594568867516600, -1.907610010203712347 ) ) ;
#489 = CARTESIAN_POINT ( 'NONE',  ( -0.9714012618066378835, -1.784435168938802561E-16, -2.119999999999999662 ) ) ;
#490 = CARTESIAN_POINT ( 'NONE',  ( 0.8198912646809523030, 1.154531460364606188, -1.760737178636200495 ) ) ;
#491 = CARTESIAN_POINT ( 'NONE',  ( 1.002203653159575936, -0.9989100089286234718, -0.9919110811732679833 ) ) ;
#492 = EDGE_LOOP ( 'NONE', ( #529, #2537, #1916, #47 ) ) ;
#493 = CARTESIAN_POINT ( 'NONE',  ( 1.047555644286213505, 0.9523204061624009897, -0.7383730997653422667 ) ) ;
#494 = CARTESIAN_POINT ( 'NONE',  ( 0.8169506309033202074, -1.414999999999998481, -0.1104166666666659830 ) ) ;
#495 = CARTESIAN_POINT ( 'NONE',  ( -1.040122865706863520, 0.2682699594375057006, -1.232833516916896910 ) ) ;
#496 = CARTESIAN_POINT ( 'NONE',  ( 0.9527709286242127540, 0.4760352339601102711, -2.700535270662782761 ) ) ;
#497 = CARTESIAN_POINT ( 'NONE',  ( -1.349772387894462744, -0.4252337718510131315, -2.397997022394479316 ) ) ;
#498 = CARTESIAN_POINT ( 'NONE',  ( -0.4857006309033189417, -0.8412581699928072254, -1.678333333333329680 ) ) ;
#499 = AXIS2_PLACEMENT_3D ( 'NONE', #3088, #305, #3640 ) ;
#500 = DIRECTION ( 'NONE',  ( 1.000000000000000000, 1.047445008332810045E-14, 0.000000000000000000 ) ) ;
#501 = DIRECTION ( 'NONE',  ( -1.000000000000000000, -5.451535198115490486E-15, 0.000000000000000000 ) ) ;
#502 = CARTESIAN_POINT ( 'NONE',  ( -0.7697234152682995711, 0.7386669952057662858, -1.853699488260736938 ) ) ;
#503 = CARTESIAN_POINT ( 'NONE',  ( 0.000000000000000000, 1.415135850721299882, -2.716328433450510005 ) ) ;
#504 = ORIENTED_EDGE ( 'NONE', *, *, #1754, .F. ) ;
#505 = CARTESIAN_POINT ( 'NONE',  ( 0.8299192510897311914, -0.6674895415990911296, -1.831978884132424934 ) ) ;
#506 = CARTESIAN_POINT ( 'NONE',  ( -0.5425478096804449146, 1.307098108393127456, -1.590828951856486650 ) ) ;
#507 = EDGE_CURVE ( 'NONE', #2086, #2141, #602, .T. ) ;
#508 = ORIENTED_EDGE ( 'NONE', *, *, #124, .F. ) ;
#509 = CARTESIAN_POINT ( 'NONE',  ( 1.271125758314432197, 0.6285395670089202191, -0.7837071164152047409 ) ) ;
#510 = CARTESIAN_POINT ( 'NONE',  ( 0.03809926510514848735, 1.415372964500023700, -2.720843907434298270 ) ) ;
#511 = CARTESIAN_POINT ( 'NONE',  ( -0.2890648602567469916, -1.618197816793849997, 1.722089740673879987 ) ) ;
#512 = CARTESIAN_POINT ( 'NONE',  ( 1.064946480077999524, 0.01229757556943240036, -3.313783504963510040 ) ) ;
#513 = UNCERTAINTY_MEASURE_WITH_UNIT (LENGTH_MEASURE( 1.000000000000000082E-05 ), #2306, 'distance_accuracy_value', 'NONE');
#514 = ORIENTED_EDGE ( 'NONE', *, *, #2553, .T. ) ;
#515 = CARTESIAN_POINT ( 'NONE',  ( -1.131771086870483556, -0.8692736631809759862, -2.342470439389886749 ) ) ;
#516 = CARTESIAN_POINT ( 'NONE',  ( -1.058946262067460120, -0.9385402570232950215, -3.390492931663389609 ) ) ;
#517 = CARTESIAN_POINT ( 'NONE',  ( 1.732875220793510196E-16, -1.415000000000000036, -2.318750000000000089 ) ) ;
#518 = AXIS2_PLACEMENT_3D ( 'NONE', #3196, #1771, #1828 ) ;
#519 = DIRECTION ( 'NONE',  ( 1.000000000000000000, 0.000000000000000000, 0.000000000000000000 ) ) ;
#520 = CARTESIAN_POINT ( 'NONE',  ( -0.9417855387228686315, 0.4980092146482720250, -1.808472041584060719 ) ) ;
#521 = CARTESIAN_POINT ( 'NONE',  ( -1.225543596530749957, 0.7075679253606509400, -3.599661766783849970 ) ) ;
#522 = EDGE_LOOP ( 'NONE', ( #1470, #2875, #1717 ) ) ;
#523 = FACE_OUTER_BOUND ( 'NONE', #388, .T. ) ;
#524 = ORIENTED_EDGE ( 'NONE', *, *, #3497, .T. ) ;
#525 = CARTESIAN_POINT ( 'NONE',  ( -0.7407823363673150530, -0.7651578465429050846, -4.235467678493999522 ) ) ;
#526 = CARTESIAN_POINT ( 'NONE',  ( 0.7385671610265464038, -0.7672963838827633332, -3.450033886887977630 ) ) ;
#527 = DIRECTION ( 'NONE',  ( 0.000000000000000000, 0.000000000000000000, -1.000000000000000000 ) ) ;
#528 = CARTESIAN_POINT ( 'NONE',  ( 0.1679796434259997195, 1.051704245167495166, -2.539555680042033803 ) ) ;
#529 = ORIENTED_EDGE ( 'NONE', *, *, #2473, .T. ) ;
#530 = CARTESIAN_POINT ( 'NONE',  ( 0.1622364820181710077, 6.747293052852870574E-16, -0.8373673569389969984 ) ) ;
#531 = CIRCLE ( 'NONE', #1485, 0.1270000000000000018 ) ;
#532 = DIRECTION ( 'NONE',  ( 0.1735446834999989918, -0.03452018384113619831, 0.9842208084248469380 ) ) ;
#533 = CARTESIAN_POINT ( 'NONE',  ( -0.9944642640259525601, -0.3815344872485277872, -2.186229737929480610 ) ) ;
#534 = CARTESIAN_POINT ( 'NONE',  ( -1.225425946354979923, 0.7075000000000000178, -1.612083333333329982 ) ) ;
#535 = CARTESIAN_POINT ( 'NONE',  ( 0.000000000000000000, 0.000000000000000000, 0.000000000000000000 ) ) ;
#536 = B_SPLINE_CURVE_WITH_KNOTS ( 'NONE', 3,
 ( #44, #295, #1973, #847, #1404, #2310, #1174, #808, #1941, #865, #3077, #2290, #1137, #526, #1386, #3686, #6, #311, #2239, #828, #2271, #3422, #2572, #1957, #2103, #933, #2891, #2610, #352, #2333, #2386, #1211, #3528, #64, #3478 ),
 .UNSPECIFIED., .F., .F.,
 ( 4, 2, 2, 2, 1, 1, 1, 2, 2, 2, 2, 2, 2, 2, 2, 1, 1, 2, 2, 4 ),
 ( 0.6882801625514847199, 0.7662101219136125962, 0.8051751015946765344, 0.8246575914352085590, 0.8343988363554745158, 0.8392694588156075497, 0.8417047700456741222, 0.8429224256607072974, 0.8441400812757405836, 0.8636225711162731633, 0.8733638160365394532, 0.8782344384966724871, 0.8831050609568056320, 0.9025875507973382117, 0.9123287957176043905, 0.9171994181777375355, 0.9196347294078041079, 0.9208523850228373941, 0.9220700406378706804, 1.000000000000000000 ),
 .UNSPECIFIED. ) ;
#537 = CARTESIAN_POINT ( 'NONE',  ( 0.000000000000000000, 0.8412581699928068923, -2.120000000000000107 ) ) ;
#538 = DIRECTION ( 'NONE',  ( 0.000000000000000000, -0.1736481776669310251, 0.9848077530122080203 ) ) ;
#539 = EDGE_CURVE ( 'NONE', #1674, #658, #2780, .T. ) ;
#540 = EDGE_LOOP ( 'NONE', ( #1990, #3633, #3647, #1587 ) ) ;
#541 = CARTESIAN_POINT ( 'NONE',  ( -1.064999999999999947, -1.088988693214989968E-14, -2.785822594216369907 ) ) ;
#542 = CARTESIAN_POINT ( 'NONE',  ( 1.618197816793849997, 0.2890648602567590375, 1.722089740673879987 ) ) ;
#543 = ORIENTED_EDGE ( 'NONE', *, *, #1184, .F. ) ;
#544 = CARTESIAN_POINT ( 'NONE',  ( 1.336640805555334266, 0.4644083667240128110, -0.8035963950793373334 ) ) ;
#545 = AXIS2_PLACEMENT_3D ( 'NONE', #938, #1787, #2691 ) ;
#546 = DIRECTION ( 'NONE',  ( 0.000000000000000000, 0.000000000000000000, 1.000000000000000000 ) ) ;
#547 = CARTESIAN_POINT ( 'NONE',  ( -0.3288252760604650216, -1.187835777786869995, -1.167672698919289747E-13 ) ) ;
#548 = CARTESIAN_POINT ( 'NONE',  ( -0.2708402839491260705, 1.031792185532623085, -2.472508039763723353 ) ) ;
#549 = ORIENTED_EDGE ( 'NONE', *, *, #1543, .T. ) ;
#550 = EDGE_CURVE ( 'NONE', #1583, #2022, #2219, .T. ) ;
#551 = CARTESIAN_POINT ( 'NONE',  ( -0.4690455463361979938, 0.1942850266631490075, 0.7333333333333339477 ) ) ;
#552 = CARTESIAN_POINT ( 'NONE',  ( -1.414649065024430996, -0.03396576910367013480, -2.447010751969375342 ) ) ;
#553 = CARTESIAN_POINT ( 'NONE',  ( -0.7983219693695914332, -0.7058330708676577858, -2.128299827860570925 ) ) ;
#554 = EDGE_CURVE ( 'NONE', #1015, #1693, #2275, .T. ) ;
#555 = CARTESIAN_POINT ( 'NONE',  ( 0.8445751113874510052, 0.6488298800953454792, -0.5497218685592210052 ) ) ;
#556 =( BOUNDED_CURVE ( )  B_SPLINE_CURVE ( 3, ( #670, #2383, #2008, #97 ),
 .UNSPECIFIED., .F., .T. ) 
 B_SPLINE_CURVE_WITH_KNOTS ( ( 4, 4 ),
 ( 1.047197551219305911, 1.892801622450214882 ),
 .UNSPECIFIED. ) 
 CURVE ( )  GEOMETRIC_REPRESENTATION_ITEM ( )  RATIONAL_B_SPLINE_CURVE ( ( 1.000000000000000000, 0.9412951986552198225, 0.9412951986552198225, 1.000000000000000000 ) ) 
 REPRESENTATION_ITEM ( '' )  );
#557 = DIRECTION ( 'NONE',  ( 1.000000000000000000, 0.000000000000000000, 0.000000000000000000 ) ) ;
#558 = EDGE_CURVE ( 'NONE', #1072, #1951, #1340, .T. ) ;
#559 = CARTESIAN_POINT ( 'NONE',  ( -0.8170290643538347108, -1.415135850721300992, -4.394661766783839241 ) ) ;
#560 = VERTEX_POINT ( 'NONE', #3116 ) ;
#561 = CARTESIAN_POINT ( 'NONE',  ( 0.8169506309032624758, -1.415000000000098401, -3.290416666666670320 ) ) ;
#562 =( NAMED_UNIT ( * ) SI_UNIT ( $, .STERADIAN. ) SOLID_ANGLE_UNIT ( ) );
#563 = VERTEX_POINT ( 'NONE', #827 ) ;
#564 = CARTESIAN_POINT ( 'NONE',  ( 1.227106476184087747, 0.7106563000824493992, -0.7731866083027520986 ) ) ;
#565 = CARTESIAN_POINT ( 'NONE',  ( 0.000000000000000000, 2.485714285714290206, 0.3142857142857142794 ) ) ;
#566 = CARTESIAN_POINT ( 'NONE',  ( -0.6563693586544455671, -1.254177103199262566, -0.1472811948455427511 ) ) ;
#567 = CARTESIAN_POINT ( 'NONE',  ( -0.6183748604431880125, 0.8680307411901777570, -2.409294048301013458 ) ) ;
#568 = ORIENTED_EDGE ( 'NONE', *, *, #781, .F. ) ;
#569 = CARTESIAN_POINT ( 'NONE',  ( -0.5680662896237248516, -1.300280467323440714, -1.195082740701407520 ) ) ;
#570 = CARTESIAN_POINT ( 'NONE',  ( -1.064999999999999947, -1.304248841091929880E-16, -6.500000000000000000 ) ) ;
#571 = CARTESIAN_POINT ( 'NONE',  ( -1.064999999999999947, -1.304248841091929880E-16, -6.500000000000000000 ) ) ;
#572 = CARTESIAN_POINT ( 'NONE',  ( 0.8169506309033202074, -1.414999999999998703, -1.170416666666669991 ) ) ;
#573 = CARTESIAN_POINT ( 'NONE',  ( -0.4689884575249336218, -0.9568427248075001001, -1.000821117782329184 ) ) ;
#574 = EDGE_CURVE ( 'NONE', #326, #2223, #21, .T. ) ;
#575 = CARTESIAN_POINT ( 'NONE',  ( 0.9714012618066378835, 5.948117229796001962E-17, -2.650000000000002576 ) ) ;
#576 = CIRCLE ( 'NONE', #3130, 1.064999999999999947 ) ;
#577 =( BOUNDED_CURVE ( )  B_SPLINE_CURVE ( 2, ( #395, #109, #874 ),
 .UNSPECIFIED., .F., .T. ) 
 B_SPLINE_CURVE_WITH_KNOTS ( ( 3, 3 ),
 ( -0.2029897669966680140, -0.09642865576424450302 ),
 .UNSPECIFIED. ) 
 CURVE ( )  GEOMETRIC_REPRESENTATION_ITEM ( )  RATIONAL_B_SPLINE_CURVE ( ( 1.070856349210919989, 1.076252293245040015, 1.056456288860209813 ) ) 
 REPRESENTATION_ITEM ( '' )  );
#578 = DIRECTION ( 'NONE',  ( 0.000000000000000000, 0.000000000000000000, -1.000000000000000000 ) ) ;
#579 = DIRECTION ( 'NONE',  ( 0.000000000000000000, 0.000000000000000000, -1.000000000000000000 ) ) ;
#580 = DIRECTION ( 'NONE',  ( 1.000000000000000000, 0.000000000000000000, 0.000000000000000000 ) ) ;
#581 = ORIENTED_EDGE ( 'NONE', *, *, #3384, .F. ) ;
#582 = CARTESIAN_POINT ( 'NONE',  ( 1.342549446305641991, 0.4469758252279923960, -0.8056593505811330269 ) ) ;
#583 = DIRECTION ( 'NONE',  ( -0.9848077530122080203, -1.009526260968531254E-14, 0.1736481776669309973 ) ) ;
#584 = CARTESIAN_POINT ( 'NONE',  ( -0.6233716036919438874, -1.270752866380040702, -0.1426936932359285926 ) ) ;
#585 = CARTESIAN_POINT ( 'NONE',  ( -1.064999999999999947, 1.125316009477719886E-16, -2.249177405783629791 ) ) ;
#586 = ORIENTED_EDGE ( 'NONE', *, *, #667, .F. ) ;
#587 = CARTESIAN_POINT ( 'NONE',  ( -1.101008496717136076, -0.8888741218603523064, -1.277799635090901109 ) ) ;
#588 = CARTESIAN_POINT ( 'NONE',  ( -1.633901261806640415, -4.299510660643208985E-16, -0.4637499999999982192 ) ) ;
#589 = CARTESIAN_POINT ( 'NONE',  ( -0.6292763824259325345, -0.8599498100205561490, -2.627932063138423313 ) ) ;
#590 = CARTESIAN_POINT ( 'NONE',  ( -0.8169506309033202074, 1.414999999999998703, -2.760416666666661190 ) ) ;
#591 = DIRECTION ( 'NONE',  ( 0.9098437264664070989, 0.3768696111424690298, 0.1736481776669311361 ) ) ;
#592 = CONICAL_SURFACE ( 'NONE', #3150, 1.866666666666670027, 0.4363323129985828830 ) ;
#593 = CARTESIAN_POINT ( 'NONE',  ( -0.7285509463549789677, -0.4206290849964040013, -4.151666666666660177 ) ) ;
#594 = VERTEX_POINT ( 'NONE', #525 ) ;
#595 = DIRECTION ( 'NONE',  ( -1.000000000000000000, 0.000000000000000000, 0.000000000000000000 ) ) ;
#596 = CARTESIAN_POINT ( 'NONE',  ( -0.3077681882472786956, -1.020157525411852228, -3.628768727858620480 ) ) ;
#597 = VERTEX_POINT ( 'NONE', #5 ) ;
#598 = CARTESIAN_POINT ( 'NONE',  ( -0.2081296310941134486, 1.044483521898661227, -4.079221014381887223 ) ) ;
#599 = CARTESIAN_POINT ( 'NONE',  ( 0.000000000000000000, 3.252606517456509851E-16, 0.7333333333333339477 ) ) ;
#600 = CARTESIAN_POINT ( 'NONE',  ( -1.092507685563097075, -0.8992801011670089606, -0.2165729569692301792 ) ) ;
#601 = CARTESIAN_POINT ( 'NONE',  ( -0.1817299455040509992, 1.049471980483577704, -2.486777408003876033 ) ) ;
#602 = B_SPLINE_CURVE_WITH_KNOTS ( 'NONE', 3,
 ( #1498, #68, #3193, #1749, #2030, #2354, #640, #1768, #3516, #1534, #2015, #1478, #659, #1517, #2951, #2652, #48, #2916, #937, #2631, #371, #2672, #1178, #389, #958, #3157, #2087, #85, #3229, #679, #1805, #887, #123, #1256, #2317, #3463, #220, #1016, #199 ),
 .UNSPECIFIED., .F., .F.,
 ( 4, 2, 2, 2, 2, 2, 2, 1, 2, 2, 1, 2, 2, 2, 2, 2, 1, 2, 2, 2, 4 ),
 ( 0.000000000000000000, 0.07793427027082959480, 0.1169014054062443991, 0.1266431891900980933, 0.1363849729739518013, 0.1558685405416592173, 0.1753521081093666611, 0.1850938918932203969, 0.1863116148662020688, 0.1875293378391837684, 0.1899647837851471122, 0.1948356756770737996, 0.2338028108124877713, 0.2435445945963413406, 0.2484154864882681113, 0.2508509324342314550, 0.2532863783801947433, 0.2727699459479013822, 0.2922535135156080210, 0.3019952972994613960, 0.3117370810833147154 ),
 .UNSPECIFIED. ) ;
#603 = ORIENTED_EDGE ( 'NONE', *, *, #1595, .T. ) ;
#604 = CARTESIAN_POINT ( 'NONE',  ( 0.000000000000000000, 0.000000000000000000, 0.000000000000000000 ) ) ;
#605 = FACE_OUTER_BOUND ( 'NONE', #3684, .T. ) ;
#606 = CARTESIAN_POINT ( 'NONE',  ( 0.6499564536993560626, 0.8438635322426557561, -2.102481129608378296 ) ) ;
#607 = CARTESIAN_POINT ( 'NONE',  ( 0.000000000000000000, -1.298082735051719874E-16, 0.3975000000000000200 ) ) ;
#608 = CARTESIAN_POINT ( 'NONE',  ( -0.8045432532733169939, 0.6985423707636050361, -0.2483276636292084116 ) ) ;
#609 = ADVANCED_FACE ( 'NONE', ( #1678 ), #2816, .T. ) ;
#610 = CARTESIAN_POINT ( 'NONE',  ( -0.7079727161450880546, -0.2932519008174189756, 2.200000000000000178 ) ) ;
#611 = CARTESIAN_POINT ( 'NONE',  ( 0.1518433224328797349, 1.054121777412486027, -1.476928641388846053 ) ) ;
#612 = DIRECTION ( 'NONE',  ( 0.03452018384113979266, -0.1735446834999980203, 0.9842208084248469380 ) ) ;
#613 = CARTESIAN_POINT ( 'NONE',  ( 0.000000000000000000, 1.445353577082829946E-16, 1.722089740673879987 ) ) ;
#614 = CARTESIAN_POINT ( 'NONE',  ( -0.9782079506842735750, -0.4211133178611529138, -3.775972390454563232 ) ) ;
#615 = AXIS2_PLACEMENT_3D ( 'NONE', #2136, #2640, #434 ) ;
#616 = ORIENTED_EDGE ( 'NONE', *, *, #1595, .F. ) ;
#617 = CARTESIAN_POINT ( 'NONE',  ( -0.9287435080054082803, 0.5213223369029720278, -3.932361611572071425 ) ) ;
#618 = CARTESIAN_POINT ( 'NONE',  ( 0.4857006309033200520, -0.8412581699928072254, -0.4416666666666658747 ) ) ;
#619 = EDGE_CURVE ( 'NONE', #3668, #2029, #3658, .T. ) ;
#620 = ORIENTED_EDGE ( 'NONE', *, *, #29, .F. ) ;
#621 = CARTESIAN_POINT ( 'NONE',  ( -1.323685905604587765, -0.5003872186142073186, -1.328671356276726723 ) ) ;
#622 = DIRECTION ( 'NONE',  ( 0.9098437264664094304, 0.3768696111424636452, -0.1736481776669310806 ) ) ;
#623 = CARTESIAN_POINT ( 'NONE',  ( 1.049708763023829761, 0.1853266723043437425, -2.225229726474112546 ) ) ;
#624 = CARTESIAN_POINT ( 'NONE',  ( -0.6714555409967200017, -0.8268565877908734540, -2.636781413883021674 ) ) ;
#625 = CARTESIAN_POINT ( 'NONE',  ( -0.4689884577878289385, -0.9568427246783119955, -2.060821117831315163 ) ) ;
#626 = CARTESIAN_POINT ( 'NONE',  ( -1.002676127950003826, 0.3590724555157044362, -0.1887319234876925489 ) ) ;
#627 = AXIS2_PLACEMENT_3D ( 'NONE', #1225, #945, #2074 ) ;
#628 = AXIS2_PLACEMENT_3D ( 'NONE', #2350, #2628, #1492 ) ;
#629 = CARTESIAN_POINT ( 'NONE',  ( 0.4857006309033200520, -0.8412581699928072254, -3.886666666666661829 ) ) ;
#630 = ORIENTED_EDGE ( 'NONE', *, *, #3497, .F. ) ;
#631 = CARTESIAN_POINT ( 'NONE',  ( 1.415000000000000036, -3.030957955845219716E-16, 0.3975000000000000200 ) ) ;
#632 = CARTESIAN_POINT ( 'NONE',  ( 1.049701532129470039, -0.1147204282942399928, 0.7333333333333339477 ) ) ;
#633 = AXIS2_PLACEMENT_3D ( 'NONE', #54, #3532, #2107 ) ;
#634 = ORIENTED_EDGE ( 'NONE', *, *, #924, .F. ) ;
#635 = CARTESIAN_POINT ( 'NONE',  ( -0.4255368505570046866, 0.9781624021120236545, -4.042487531416535163 ) ) ;
#636 = DIRECTION ( 'NONE',  ( 0.000000000000000000, 0.000000000000000000, 1.000000000000000000 ) ) ;
#637 = CARTESIAN_POINT ( 'NONE',  ( -1.929038874663569766E-14, -1.108886836485039940, -4.129515482642150737 ) ) ;
#638 = CARTESIAN_POINT ( 'NONE',  ( 0.4857006309033200520, -0.8412581699928072254, -1.501666666666659378 ) ) ;
#639 = VERTEX_POINT ( 'NONE', #3421 ) ;
#640 = CARTESIAN_POINT ( 'NONE',  ( 0.5984722748792864477, -0.8811958894108732343, -4.002953953184624325 ) ) ;
#641 = CARTESIAN_POINT ( 'NONE',  ( 1.005570617850784165, -0.9955179213006365435, -2.051335166712478397 ) ) ;
#642 = CARTESIAN_POINT ( 'NONE',  ( -0.2079157073828487023, -1.045004916857001032, -1.492388769132658943 ) ) ;
#643 = CARTESIAN_POINT ( 'NONE',  ( 1.225425946354979923, -0.7075000000000000178, -3.202083333333330284 ) ) ;
#644 = CARTESIAN_POINT ( 'NONE',  ( -0.7318233074566932173, -0.7737438895929430460, -2.650075036270115980 ) ) ;
#645 = CARTESIAN_POINT ( 'NONE',  ( -1.018517104203756185, 0.3128443941337671341, -0.1811881480337935446 ) ) ;
#646 = CARTESIAN_POINT ( 'NONE',  ( 1.030244125138249994E-16, -0.8412581699928068923, -2.915000000000000036 ) ) ;
#647 = CARTESIAN_POINT ( 'NONE',  ( 0.000000000000000000, 3.252606517456509851E-16, 0.7333333333333339477 ) ) ;
#648 = FILL_AREA_STYLE_COLOUR ( '', #1366 ) ;
#649 = CARTESIAN_POINT ( 'NONE',  ( -0.9687840266470806316, -0.4424716764164761673, -3.772466392769551202 ) ) ;
#650 = CARTESIAN_POINT ( 'NONE',  ( 0.4857006309033200520, -0.8412581699928072254, -1.766666666666662167 ) ) ;
#651 = PRODUCT_DEFINITION_SHAPE ( 'NONE', 'NONE',  #1855 ) ;
#652 = EDGE_CURVE ( 'NONE', #594, #2630, #313, .T. ) ;
#653 = ORIENTED_EDGE ( 'NONE', *, *, #1238, .F. ) ;
#654 = CARTESIAN_POINT ( 'NONE',  ( -0.8710171725197209947, 0.6166513162344580135, -3.948890829154172444 ) ) ;
#655 = CARTESIAN_POINT ( 'NONE',  ( -1.374634129061429899, 4.354512362060249175E-08, -3.487944764740300574 ) ) ;
#656 = CARTESIAN_POINT ( 'NONE',  ( -0.8169506309033202074, 1.414999999999998481, -0.6404166666666649688 ) ) ;
#657 = CARTESIAN_POINT ( 'NONE',  ( 0.9714012618066378835, -7.032710120721204173E-17, -0.2650000000000001799 ) ) ;
#658 = VERTEX_POINT ( 'NONE', #1694 ) ;
#659 = CARTESIAN_POINT ( 'NONE',  ( 0.7984685240171767173, -0.7054516557758351292, -3.959842340996311716 ) ) ;
#660 = CARTESIAN_POINT ( 'NONE',  ( -1.397633376131770300, 0.2429396221454856730, -2.481442835787146084 ) ) ;
#661 = CARTESIAN_POINT ( 'NONE',  ( 0.2022231965969449874, 0.08376359065689528705, -0.9045693237702970846 ) ) ;
#662 = CARTESIAN_POINT ( 'NONE',  ( -1.633901261806640415, -3.001427925591489111E-16, -3.643750000000001155 ) ) ;
#663 = CARTESIAN_POINT ( 'NONE',  ( -0.1125366186674881391, -1.060998294054313229, -2.537357954937806248 ) ) ;
#664 = CARTESIAN_POINT ( 'NONE',  ( -0.9725835165037591823, 0.4343794804500349938, -0.2008258528929948161 ) ) ;
#665 = CARTESIAN_POINT ( 'NONE',  ( 0.1552292726102415810, 1.053635310732343067, -1.477451415693815440 ) ) ;
#666 = EDGE_CURVE ( 'NONE', #687, #2237, #3133, .T. ) ;
#667 = EDGE_CURVE ( 'NONE', #3248, #1461, #2658, .T. ) ;
#668 = DIRECTION ( 'NONE',  ( -0.08100938893989291512, -0.9952832909568981590, 0.05337274253391503104 ) ) ;
#669 = CARTESIAN_POINT ( 'NONE',  ( -1.177171980481420022, 0.1147204282942459880, 0.7333333333333339477 ) ) ;
#670 = CARTESIAN_POINT ( 'NONE',  ( -1.581817946414579725E-14, -1.415000000000000036, -3.246249999999999858 ) ) ;
#671 = ORIENTED_EDGE ( 'NONE', *, *, #2939, .F. ) ;
#672 = CARTESIAN_POINT ( 'NONE',  ( -0.6780034660820745129, 0.8232314264413236327, -3.993702638133422855 ) ) ;
#673 = CARTESIAN_POINT ( 'NONE',  ( 0.000000000000000000, 1.415000000000000036, -0.7287500000000000089 ) ) ;
#674 = CARTESIAN_POINT ( 'NONE',  ( -0.4857006309033200520, 0.8412581699928072254, -4.416666666666658969 ) ) ;
#675 = AXIS2_PLACEMENT_3D ( 'NONE', #1988, #578, #18 ) ;
#676 = AXIS2_PLACEMENT_3D ( 'NONE', #1078, #2811, #538 ) ;
#677 = CARTESIAN_POINT ( 'NONE',  ( -0.4201667866180127109, -0.9787763609478202786, -0.9919434481651316915 ) ) ;
#678 = EDGE_LOOP ( 'NONE', ( #1785, #2555, #134, #586, #3481, #3689 ) ) ;
#679 = CARTESIAN_POINT ( 'NONE',  ( 1.013371635284321615, -0.3275852072486362676, -3.893518293707024291 ) ) ;
#680 = CARTESIAN_POINT ( 'NONE',  ( 0.1494531297712111406, -1.415000000000001368, -2.170090280391002491 ) ) ;
#681 = CARTESIAN_POINT ( 'NONE',  ( 1.064999931845409087, -0.1786853569386723239, -0.6888184810657375090 ) ) ;
#682 = CARTESIAN_POINT ( 'NONE',  ( -1.225425946354979923, -0.7075000000000000178, -2.495416666666669503 ) ) ;
#683 = CARTESIAN_POINT ( 'NONE',  ( 1.732901723101900034E-16, -1.415021640777090139, -4.438737505691519480 ) ) ;
#684 = CYLINDRICAL_SURFACE ( 'NONE', #923, 1.415000000000000036 ) ;
#685 = CARTESIAN_POINT ( 'NONE',  ( 0.8338075922341028345, -1.143389428771710126, -3.139131763908278749 ) ) ;
#686 = CARTESIAN_POINT ( 'NONE',  ( 0.8100104231535936172, -0.6914902291184286121, -2.896833269197402139 ) ) ;
#687 = VERTEX_POINT ( 'NONE', #310 ) ;
#688 = CARTESIAN_POINT ( 'NONE',  ( 0.000000000000000000, 0.8412581699928068923, -0.2650000000000000133 ) ) ;
#689 = DIRECTION ( 'NONE',  ( -0.4226182617406998299, -2.303918329245810398E-15, 0.9063077870366497146 ) ) ;
#690 = CARTESIAN_POINT ( 'NONE',  ( -0.9714012618066378835, -1.784435168938802561E-16, -4.239999999999999325 ) ) ;
#691 = CIRCLE ( 'NONE', #1469, 3.057907220726908459 ) ;
#692 = CARTESIAN_POINT ( 'NONE',  ( -1.178894369383146845, 0.4037139464794866073, -3.798566882752442808 ) ) ;
#693 = VERTEX_POINT ( 'NONE', #1436 ) ;
#694 = CARTESIAN_POINT ( 'NONE',  ( -0.3864792629423538517, 1.362654707393401443, -0.5511721098394586349 ) ) ;
#695 = CARTESIAN_POINT ( 'NONE',  ( 1.198737514113755287, -0.7519889264207658686, -2.015304819686867699 ) ) ;
#696 = CARTESIAN_POINT ( 'NONE',  ( 1.021172371181204186, -0.3251451152513883391, -0.7128066604167240250 ) ) ;
#697 = CARTESIAN_POINT ( 'NONE',  ( -1.225425946354979923, 0.7075000000000000178, -3.732083333333330089 ) ) ;
#698 = CARTESIAN_POINT ( 'NONE',  ( 0.4857006309033200520, -0.8412581699928072254, -3.621666666666669698 ) ) ;
#699 = CARTESIAN_POINT ( 'NONE',  ( 0.5226774282706095898, -0.9295961187468548825, -2.434504090160074075 ) ) ;
#700 = CARTESIAN_POINT ( 'NONE',  ( 0.3271989520212499336, 1.239972177461777569, -3.734695973548642911 ) ) ;
#701 = B_SPLINE_CURVE_WITH_KNOTS ( 'NONE', 3,
 ( #1207, #3165, #2886, #2924, #346, #58, #1509, #2866, #3473, #2641, #96, #1188, #2906 ),
 .UNSPECIFIED., .F., .F.,
 ( 4, 2, 1, 1, 1, 2, 2, 4 ),
 ( 0.000000000000000000, 0.4999999999999992228, 0.6249999999999990008, 0.6874999999999988898, 0.7187499999999987788, 0.7343749999999987788, 0.7499999999999987788, 1.000000000000000000 ),
 .UNSPECIFIED. ) ;
#702 = CARTESIAN_POINT ( 'NONE',  ( -0.9127346692110848148, -0.5523848422981424422, -1.634030312448449651 ) ) ;
#703 = CYLINDRICAL_SURFACE ( 'NONE', #857, 1.064999999999999947 ) ;
#704 = CARTESIAN_POINT ( 'NONE',  ( 0.1147204282942619891, -1.049701532129460047, 0.7333333333333339477 ) ) ;
#705 = CARTESIAN_POINT ( 'NONE',  ( 0.7152894805700112935, -0.7898043754352710444, -2.918635858065151023 ) ) ;
#706 = B_SPLINE_CURVE_WITH_KNOTS ( 'NONE', 3,
 ( #2659, #1523, #3278, #379, #2975, #1776, #1834, #1580, #986, #111, #2116, #3260 ),
 .UNSPECIFIED., .F., .F.,
 ( 4, 2, 2, 2, 2, 4 ),
 ( 0.000000000000000000, 0.08333299857016297774, 0.1666659971403259555, 0.2083324964254074652, 0.2499989957104889748, 0.3333319942806520775 ),
 .UNSPECIFIED. ) ;
#707 = EDGE_CURVE ( 'NONE', #1552, #563, #2289, .T. ) ;
#708 = ORIENTED_EDGE ( 'NONE', *, *, #2669, .F. ) ;
#709 = CARTESIAN_POINT ( 'NONE',  ( 0.7285509463549789677, -0.4206290849964040013, 0.4416666666666670404 ) ) ;
#710 = CARTESIAN_POINT ( 'NONE',  ( 0.000000000000000000, 0.8412581699928068923, -3.445000000000000284 ) ) ;
#711 = CARTESIAN_POINT ( 'NONE',  ( 0.8169506309033202074, 1.414999999999998703, 0.2429166666666673358 ) ) ;
#712 = CARTESIAN_POINT ( 'NONE',  ( -0.1484455911593599575, 1.134449887244686650, -4.044562757741464232 ) ) ;
#713 = ORIENTED_EDGE ( 'NONE', *, *, #1184, .T. ) ;
#714 = B_SPLINE_CURVE_WITH_KNOTS ( 'NONE', 3,
 ( #2749, #1538, #3009, #3579, #2750, #2397, #3616, #1831, #2713, #1576, #3236, #722, #145, #1539, #1811, #3026, #167, #2731, #2094, #3010, #129, #3596, #699, #185, #2434, #466, #3561, #2452, #983, #1039, #1849, #2114, #483, #1559, #3541 ),
 .UNSPECIFIED., .F., .F.,
 ( 4, 2, 2, 2, 1, 1, 1, 2, 2, 2, 2, 2, 2, 2, 2, 1, 1, 2, 2, 4 ),
 ( 0.6882801629599993865, 0.7662101222200001782, 0.8051751018500006296, 0.8246575916650008553, 0.8343988365725010237, 0.8392694590262510523, 0.8417047702531260667, 0.8429224258665635183, 0.8441400814800010810, 0.8636225712950010847, 0.8733638162025010310, 0.8782344386562509486, 0.8831050611100008663, 0.9025875509250008699, 0.9123287958325008162, 0.9171994182862507339, 0.9196347295131257482, 0.9208523851265633109, 0.9220700407400006515, 1.000000000000000000 ),
 .UNSPECIFIED. ) ;
#715 = CARTESIAN_POINT ( 'NONE',  ( 0.3930957455270876477, 1.359326586343307719, -0.6422313644751745931 ) ) ;
#716 = CARTESIAN_POINT ( 'NONE',  ( 0.9692041178584692718, -1.035103000172948207, -2.057932278760962408 ) ) ;
#717 = LINE ( 'NONE', #3307, #3599 ) ;
#718 = CARTESIAN_POINT ( 'NONE',  ( -0.3493640152330226845, 1.019441023791840317, -2.996740656449591977 ) ) ;
#719 = EDGE_CURVE ( 'NONE', #639, #3111, #2192, .T. ) ;
#720 =( BOUNDED_CURVE ( )  B_SPLINE_CURVE ( 2, ( #2592, #3134, #1714, #2557, #25 ),
 .UNSPECIFIED., .F., .F. ) 
 B_SPLINE_CURVE_WITH_KNOTS ( ( 3, 2, 3 ),
 ( 0.000000000000000000, 0.3333333333333365900, 1.000000000000000000 ),
 .UNSPECIFIED. ) 
 CURVE ( )  GEOMETRIC_REPRESENTATION_ITEM ( )  RATIONAL_B_SPLINE_CURVE ( ( 0.9330127018922195203, 0.9330127018922194093, 1.000000000000000000, 0.8660254037844224984, 1.000000000000016431 ) ) 
 REPRESENTATION_ITEM ( '' )  );
#721 = CARTESIAN_POINT ( 'NONE',  ( -0.4857006309033189417, -0.8412581699928084467, -3.798333333333329342 ) ) ;
#722 = CARTESIAN_POINT ( 'NONE',  ( 0.7446668197537315015, -0.7613811860854531322, -2.388780478961132214 ) ) ;
#723 = CARTESIAN_POINT ( 'NONE',  ( 1.064999999999996172, 7.135480345692781340E-08, -1.195822224777184140 ) ) ;
#725 = CARTESIAN_POINT ( 'NONE',  ( 0.000000000000000000, 5.719309383838548950E-32, -4.670324766801019203E-16 ) ) ;
#724 = CIRCLE ( 'NONE', #1673, 3.057907220726909792 ) ;
#726 = CARTESIAN_POINT ( 'NONE',  ( 1.064999973758894214, 0.1975491097498069115, -3.806407131397226529 ) ) ;
#727 = CARTESIAN_POINT ( 'NONE',  ( 0.7867324761920433396, -0.7183919349799660070, -2.902418533762335162 ) ) ;
#728 = VERTEX_POINT ( 'NONE', #898 ) ;
#729 = CARTESIAN_POINT ( 'NONE',  ( 0.8169506309033202074, 1.414999999999998703, -0.6845833333333330994 ) ) ;
#730 = CARTESIAN_POINT ( 'NONE',  ( 1.225425946354979923, -0.7075000000000000178, 0.1104166666666669960 ) ) ;
#731 = CARTESIAN_POINT ( 'NONE',  ( 0.9714012618066378835, 5.948117229796001962E-17, -1.590000000000000302 ) ) ;
#732 = CARTESIAN_POINT ( 'NONE',  ( -0.6148780366869524006, 1.065000000000000391, -0.8424892608830332197 ) ) ;
#733 = CARTESIAN_POINT ( 'NONE',  ( -0.5594362283382446899, 1.037327447058036256, -3.962224093570185790 ) ) ;
#734 = VERTEX_POINT ( 'NONE', #2027 ) ;
#735 = CARTESIAN_POINT ( 'NONE',  ( 0.6408224555626362839, 1.270490556171655738, -0.6746222723344718064 ) ) ;
#736 = ADVANCED_FACE ( 'NONE', ( #3170 ), #329, .T. ) ;
#737 = CARTESIAN_POINT ( 'NONE',  ( -0.2282252980570992906, 1.399039010001535521, -2.690178269454906790 ) ) ;
#738 = CARTESIAN_POINT ( 'NONE',  ( -0.09403753652108881589, -1.414675789463345934, -0.07713523649299544593 ) ) ;
#739 = CARTESIAN_POINT ( 'NONE',  ( 0.5791164030448190392, 0.8938068871745464827, -3.148223639102570637 ) ) ;
#740 = CARTESIAN_POINT ( 'NONE',  ( -0.8169631252117997011, 1.415021640777091694, -4.880404172358182358 ) ) ;
#741 = CARTESIAN_POINT ( 'NONE',  ( -0.9836126503014316347, -0.9216060602415558911, -3.558550889843111964 ) ) ;
#742 = CARTESIAN_POINT ( 'NONE',  ( -1.414999999999997593, 7.176968912615030782E-08, -0.4637500089606332865 ) ) ;
#743 = CARTESIAN_POINT ( 'NONE',  ( -1.315556335122865628, -0.5211502737668732843, -1.326118862632878370 ) ) ;
#744 = CARTESIAN_POINT ( 'NONE',  ( 0.6287213528130246587, 0.8599196785012116484, -3.681496996216216289 ) ) ;
#745 = CARTESIAN_POINT ( 'NONE',  ( 1.039081057097451355, -0.2360729266413821581, -2.818268611439749272 ) ) ;
#746 = VECTOR ( 'NONE', #2677, 1000.000000000000000 ) ;
#747 = VERTEX_POINT ( 'NONE', #63 ) ;
#748 = CARTESIAN_POINT ( 'NONE',  ( 0.4857006309033189417, -0.8412581699928072254, 0.3533333333333341653 ) ) ;
#749 = CARTESIAN_POINT ( 'NONE',  ( 1.225425946354979923, -0.7075000000000000178, -3.069583333333330000 ) ) ;
#750 = CARTESIAN_POINT ( 'NONE',  ( -0.3427521392197979133, 1.374541791459274798, -1.616663133571310418 ) ) ;
#751 = CARTESIAN_POINT ( 'NONE',  ( -1.277125249453009870, -1.240466096347109894E-15, -3.723352024342760025 ) ) ;
#752 = ORIENTED_EDGE ( 'NONE', *, *, #3360, .F. ) ;
#753 = CARTESIAN_POINT ( 'NONE',  ( -1.296455485831407239, 0.5689675026002728453, -0.4014226820675306229 ) ) ;
#754 = CARTESIAN_POINT ( 'NONE',  ( 0.6384557308302142298, 1.262807813050030648, -2.794784548274549696 ) ) ;
#755 = DIRECTION ( 'NONE',  ( 1.000000000000000000, 0.000000000000000000, 0.000000000000000000 ) ) ;
#756 = CARTESIAN_POINT ( 'NONE',  ( 0.9360844331139529517, 0.5089185899518066103, -2.694977540654122983 ) ) ;
#757 = VECTOR ( 'NONE', #1134, 1000.000000000000000 ) ;
#758 = CARTESIAN_POINT ( 'NONE',  ( 0.8169631252117997011, -1.415021640777091694, -4.350404172358190991 ) ) ;
#759 = CARTESIAN_POINT ( 'NONE',  ( -0.6745081578905529618, -1.200032798044881721, -3.488383218493077198 ) ) ;
#760 = CARTESIAN_POINT ( 'NONE',  ( -0.6613431628305290744, 1.150572744690220972, -3.630726874795640935 ) ) ;
#761 = LINE ( 'NONE', #837, #1053 ) ;
#762 = CARTESIAN_POINT ( 'NONE',  ( -0.8092572992174110746, -1.160763885670859308, -1.229620368256612473 ) ) ;
#763 = CARTESIAN_POINT ( 'NONE',  ( 0.9907111313710800227, -0.3907952634058441954, -2.843667322098490047 ) ) ;
#764 = VERTEX_POINT ( 'NONE', #1191 ) ;
#765 = CARTESIAN_POINT ( 'NONE',  ( 1.225425946354979923, 0.7075000000000000178, -0.7729166666666660301 ) ) ;
#766 = CARTESIAN_POINT ( 'NONE',  ( 0.7285509463549789677, -0.4206290849964040013, -0.6183333333333299597 ) ) ;
#767 = CARTESIAN_POINT ( 'NONE',  ( 0.7718998039992815974, 1.187537712495661646, -1.753602351965303230 ) ) ;
#768 = CARTESIAN_POINT ( 'NONE',  ( 1.004007456569232737, -0.9970952364430538672, -0.9916062719196321318 ) ) ;
#769 = VERTEX_POINT ( 'NONE', #2332 ) ;
#770 = CARTESIAN_POINT ( 'NONE',  ( 0.2272797343989126362, 1.398922502787269373, -0.6221360729759369823 ) ) ;
#771 = CARTESIAN_POINT ( 'NONE',  ( 1.415000000000000036, 1.392355995827100089E-15, -2.981250000000000178 ) ) ;
#772 = LINE ( 'NONE', #1370, #3418 ) ;
#773 = EDGE_CURVE ( 'NONE', #1951, #2927, #2314, .T. ) ;
#774 = CARTESIAN_POINT ( 'NONE',  ( 1.064735641680674583, 0.02449998224999200974, -3.311762563927333591 ) ) ;
#775 = CARTESIAN_POINT ( 'NONE',  ( -1.324643692479514856, -0.4980765993597288110, -2.389333506413752861 ) ) ;
#776 = CARTESIAN_POINT ( 'NONE',  ( 7.754544497514299248E-16, -0.1147204282942519971, 0.7333333333333339477 ) ) ;
#777 = CARTESIAN_POINT ( 'NONE',  ( 1.065000034588696964, -0.2853658300297663430, -1.243160274941178534 ) ) ;
#778 = ADVANCED_FACE ( 'NONE', ( #1564 ), #348, .T. ) ;
#779 = CARTESIAN_POINT ( 'NONE',  ( 0.3343355368275089945, -1.093385693280150006, 1.978832505671299868 ) ) ;
#780 = CARTESIAN_POINT ( 'NONE',  ( -1.123512711207125703, -0.8602778670079055390, -1.281986226955791341 ) ) ;
#781 = EDGE_CURVE ( 'NONE', #3402, #3437, #3089, .T. ) ;
#782 = CARTESIAN_POINT ( 'NONE',  ( 0.008633545565837544636, 1.065248877306136377, -1.992050895306825664 ) ) ;
#783 = ORIENTED_EDGE ( 'NONE', *, *, #1055, .T. ) ;
#784 = CARTESIAN_POINT ( 'NONE',  ( 0.7867234694148433904, -0.7184017781267978409, -1.842420644934670282 ) ) ;
#785 = CARTESIAN_POINT ( 'NONE',  ( -0.8169506309033202074, -1.414999999999998703, -3.334583333333333233 ) ) ;
#786 = CARTESIAN_POINT ( 'NONE',  ( -1.064999999999999947, -1.503587603973439922E-14, -0.6658225942163629174 ) ) ;
#787 = CARTESIAN_POINT ( 'NONE',  ( 0.2941505762629169629, 1.069323936736876313, -4.129138530469452562 ) ) ;
#788 = VERTEX_POINT ( 'NONE', #2441 ) ;
#789 = CARTESIAN_POINT ( 'NONE',  ( 1.392961015923901646, 0.2614117198993685665, -0.8286356343454202023 ) ) ;
#790 = CARTESIAN_POINT ( 'NONE',  ( -0.3934624948687591717, 1.361831194866301997, -2.669686537256730219 ) ) ;
#791 = CARTESIAN_POINT ( 'NONE',  ( -0.1147204282942429765, -1.177171980481420022, 0.7333333333333339477 ) ) ;
#792 = CARTESIAN_POINT ( 'NONE',  ( 0.5737296648597158821, 0.8972735243896928781, -3.147165870168688873 ) ) ;
#793 = ORIENTED_EDGE ( 'NONE', *, *, #1094, .T. ) ;
#794 = CARTESIAN_POINT ( 'NONE',  ( -1.407913288947297392, -0.1456315973791502127, -2.433079448752140550 ) ) ;
#795 = CARTESIAN_POINT ( 'NONE',  ( -1.164617042488805598, -0.6272358685088094132, -3.613234715070451131 ) ) ;
#796 = CARTESIAN_POINT ( 'NONE',  ( 0.8542456004947349690, 0.6360050398818160033, -0.5521711032296593435 ) ) ;
#797 = AXIS2_PLACEMENT_3D ( 'NONE', #1542, #2416, #2381 ) ;
#798 = CARTESIAN_POINT ( 'NONE',  ( -1.064999999999995950, -0.1897854211014357306, -1.694340192594013139 ) ) ;
#799 = CARTESIAN_POINT ( 'NONE',  ( 0.5898895483176775922, 0.8867338263577887458, -2.090353056107087326 ) ) ;
#800 = CARTESIAN_POINT ( 'NONE',  ( 1.733041589944510009E-16, -1.415135850721299882, -3.246328433450509809 ) ) ;
#801 = ORIENTED_EDGE ( 'NONE', *, *, #3428, .F. ) ;
#802 = CARTESIAN_POINT ( 'NONE',  ( 1.060057547299479763, -0.1055895479553761035, -1.736659147710255535 ) ) ;
#803 = CARTESIAN_POINT ( 'NONE',  ( 1.116135115361929442, 0.8731628256821433176, -1.810285993597222420 ) ) ;
#804 = VECTOR ( 'NONE', #2358, 1000.000000000000000 ) ;
#805 = VERTEX_POINT ( 'NONE', #1250 ) ;
#806 = VECTOR ( 'NONE', #1400, 1000.000000000000000 ) ;
#807 = CARTESIAN_POINT ( 'NONE',  ( -0.8169506309039383796, -1.414999999998928226, -2.407083333333463138 ) ) ;
#808 = CARTESIAN_POINT ( 'NONE',  ( 0.8000502318854787465, -0.7031810179964845808, -3.436854717993660380 ) ) ;
#809 = CARTESIAN_POINT ( 'NONE',  ( -1.404275476117589072, -0.1781988831071678325, -0.3090025031911534104 ) ) ;
#810 = CARTESIAN_POINT ( 'NONE',  ( 0.9187835405940252276, 0.5390303921274037791, -2.689729596366795761 ) ) ;
#811 = VERTEX_POINT ( 'NONE', #2980 ) ;
#812 = EDGE_CURVE ( 'NONE', #687, #1780, #531, .T. ) ;
#813 = CARTESIAN_POINT ( 'NONE',  ( -1.414999999965742328, 9.846213738595768593E-06, -2.451251229326852243 ) ) ;
#814 = CARTESIAN_POINT ( 'NONE',  ( -1.252946729451330787, -0.6509453058157803618, -3.421562168862348763 ) ) ;
#815 = CARTESIAN_POINT ( 'NONE',  ( 1.007836729439931522, 0.3442392508800000139, -0.6020951360732871294 ) ) ;
#816 = ADVANCED_FACE ( 'NONE', ( #968 ), #2794, .F. ) ;
#817 = VECTOR ( 'NONE', #852, 1000.000000000000114 ) ;
#818 = CARTESIAN_POINT ( 'NONE',  ( 1.201633399706159906E-15, -0.1147204282942509840, 0.7333333333333339477 ) ) ;
#819 = CARTESIAN_POINT ( 'NONE',  ( 0.08237014123064849425, 1.062948255879713422, -2.003007708597758896 ) ) ;
#820 = CARTESIAN_POINT ( 'NONE',  ( 0.8170290643538358211, -1.415135850721300992, -3.157995100117179543 ) ) ;
#821 = EDGE_LOOP ( 'NONE', ( #3091, #2041, #1900, #3228 ) ) ;
#822 = CARTESIAN_POINT ( 'NONE',  ( 0.9907062332780356417, -0.3908076812487454865, -1.783669352329111835 ) ) ;
#823 = CARTESIAN_POINT ( 'NONE',  ( 1.382251777676084981, 0.3565296850298326214, -1.877573834007835174 ) ) ;
#824 = EDGE_CURVE ( 'NONE', #250, #2575, #204, .T. ) ;
#825 = CARTESIAN_POINT ( 'NONE',  ( 0.2187747832942905646, 1.094026030900656643, -4.113422139838791125 ) ) ;
#826 = VERTEX_POINT ( 'NONE', #541 ) ;
#827 = CARTESIAN_POINT ( 'NONE',  ( 1.064999999999996172, 7.135480345692781340E-08, -1.195822224777184140 ) ) ;
#828 = CARTESIAN_POINT ( 'NONE',  ( 0.6196195423163384230, -0.8663150242938613133, -3.475323504179383072 ) ) ;
#829 = CARTESIAN_POINT ( 'NONE',  ( -1.409162639709019338, -0.1362116113478289703, -0.3142440310985738505 ) ) ;
#830 = CARTESIAN_POINT ( 'NONE',  ( 0.1564609951124194265, 1.053445346552980277, -2.537658056782122085 ) ) ;
#831 = VERTEX_POINT ( 'NONE', #3070 ) ;
#832 = SPHERICAL_SURFACE ( 'NONE', #2900, 3.065974025974029793 ) ;
#833 = AXIS2_PLACEMENT_3D ( 'NONE', #2194, #271, #2514 ) ;
#834 = CARTESIAN_POINT ( 'NONE',  ( -0.09760611854479815663, -1.414999999999999147, -2.196803726845470539 ) ) ;
#835 = CARTESIAN_POINT ( 'NONE',  ( -0.9851985772266177444, -0.4050540147490066523, -2.182325610421306905 ) ) ;
#836 = CARTESIAN_POINT ( 'NONE',  ( 1.048651046430361111, 0.1884065705281274816, -0.6279765155920701281 ) ) ;
#837 = CARTESIAN_POINT ( 'NONE',  ( -1.064999999999999947, -1.304248841091929880E-16, -6.500000000000000000 ) ) ;
#838 = CARTESIAN_POINT ( 'NONE',  ( -0.8698608409609998038, -0.6144941369068653847, -1.622772655220121596 ) ) ;
#839 = EDGE_CURVE ( 'NONE', #805, #1461, #1422, .T. ) ;
#840 =( BOUNDED_CURVE ( )  B_SPLINE_CURVE ( 2, ( #2549, #1635, #1096 ),
 .UNSPECIFIED., .F., .T. ) 
 B_SPLINE_CURVE_WITH_KNOTS ( ( 3, 3 ),
 ( -0.2029897669966539975, -0.09642865576422891827 ),
 .UNSPECIFIED. ) 
 CURVE ( )  GEOMETRIC_REPRESENTATION_ITEM ( )  RATIONAL_B_SPLINE_CURVE ( ( 1.070856349211030123, 1.076252293245149927, 1.056456288860289972 ) ) 
 REPRESENTATION_ITEM ( '' )  );
#841 = ORIENTED_EDGE ( 'NONE', *, *, #2873, .F. ) ;
#842 = CARTESIAN_POINT ( 'NONE',  ( 1.021583331548757245, -0.3029644380002229354, -1.769363722200559597 ) ) ;
#843 = CARTESIAN_POINT ( 'NONE',  ( 0.2872833728708238388, 1.071824647401667496, -4.127668752982103229 ) ) ;
#844 = ORIENTED_EDGE ( 'NONE', *, *, #3461, .T. ) ;
#845 = CARTESIAN_POINT ( 'NONE',  ( -0.4566289859577992161, -0.9838246109862324174, -4.188032335262481531 ) ) ;
#846 = AXIS2_PLACEMENT_3D ( 'NONE', #2835, #2540, #259 ) ;
#847 = CARTESIAN_POINT ( 'NONE',  ( 0.9519325159406143433, -0.4828583300013521984, -3.396131429609622110 ) ) ;
#848 = CARTESIAN_POINT ( 'NONE',  ( -1.412717927305821020, -0.08037174293236951095, -0.3212153614540794178 ) ) ;
#849 = CARTESIAN_POINT ( 'NONE',  ( -0.9084179920132937625, 0.5561665350469019442, -2.341385923922015611 ) ) ;
#850 = ADVANCED_FACE ( 'NONE', ( #1637 ), #592, .F. ) ;
#851 = CARTESIAN_POINT ( 'NONE',  ( -0.8626721520063803661, -1.122141808514357963, -1.237785584113992643 ) ) ;
#852 = DIRECTION ( 'NONE',  ( 0.3826834323650960545, -0.9238795325112840739, 0.000000000000000000 ) ) ;
#853 = DIRECTION ( 'NONE',  ( -1.000000000000000000, -3.491483361109380094E-15, 0.000000000000000000 ) ) ;
#854 = CARTESIAN_POINT ( 'NONE',  ( -0.7250227159124921217, -0.7801297062828232987, -2.111932682708283604 ) ) ;
#855 = CARTESIAN_POINT ( 'NONE',  ( 0.000000000000000000, 1.415000000000000036, -2.848750000000000338 ) ) ;
#856 = CARTESIAN_POINT ( 'NONE',  ( 1.328727287690596892, -0.4870850613437682775, -0.9217832218857396898 ) ) ;
#857 = AXIS2_PLACEMENT_3D ( 'NONE', #2436, #2076, #450 ) ;
#858 = CARTESIAN_POINT ( 'NONE',  ( 0.4857006309033189417, 0.8412581699928072254, -2.473333333333330053 ) ) ;
#859 = B_SPLINE_CURVE_WITH_KNOTS ( 'NONE', 3,
 ( #1875, #3661, #2792, #2017, #3445, #520, #3066, #1379, #3620, #502, #2775, #2511, #2878, #1464, #3336, #1652, #1095, #3465, #782, #819, #1061, #1077, #2319, #2032, #3159, #2598, #3177, #799, #1671, #248, #2191, #606, #336, #1733, #231, #1161, #904, #2229, #2297, #889, #3639, #1361, #50, #623, #3376, #1180, #1751, #2858, #2901, #1949, #1929, #1910 ),
 .UNSPECIFIED., .F., .F.,
 ( 4, 2, 2, 2, 2, 2, 2, 2, 2, 2, 2, 2, 2, 2, 2, 1, 2, 2, 2, 2, 2, 2, 2, 2, 1, 2, 4 ),
 ( 0.000000000000000000, 0.08603502036999960412, 0.1075437754624995051, 0.1290525305549994062, 0.1720700407399992637, 0.2150875509249991213, 0.2581050611099989234, 0.3441400814799986940, 0.3656488365724985812, 0.3871575916649985238, 0.4301751018499982981, 0.4731926120349981280, 0.4947013671274980151, 0.4973899615140604524, 0.5000785559006230008, 0.5054557446737479864, 0.5162101222199980688, 0.5592276324049983982, 0.5807363874974985629, 0.5914907650437487563, 0.6022451425899987276, 0.6452626527749990570, 0.6667714078674992217, 0.6775257854137493041, 0.6829029741868742898, 0.6855915685734368381, 0.6882801629599993865 ),
 .UNSPECIFIED. ) ;
#860 = ORIENTED_EDGE ( 'NONE', *, *, #3249, .T. ) ;
#861 = LINE ( 'NONE', #631, #2227 ) ;
#862 =( NAMED_UNIT ( * ) PLANE_ANGLE_UNIT ( ) SI_UNIT ( $, .RADIAN. ) );
#863 = ORIENTED_EDGE ( 'NONE', *, *, #124, .T. ) ;
#864 = CARTESIAN_POINT ( 'NONE',  ( -0.3891288998872375893, -1.016732346340895932, -4.178332027206009158 ) ) ;
#865 = CARTESIAN_POINT ( 'NONE',  ( 0.7604986707487975117, -0.7456583049238056926, -3.445483437893003931 ) ) ;
#866 = CARTESIAN_POINT ( 'NONE',  ( -1.259824340209187099, -0.6449120294494974370, -0.2513719165700410429 ) ) ;
#867 = CARTESIAN_POINT ( 'NONE',  ( -1.040122807985659037, 0.2682698360387777425, -2.292833506552902190 ) ) ;
#868 = ORIENTED_EDGE ( 'NONE', *, *, #2825, .F. ) ;
#869 = CARTESIAN_POINT ( 'NONE',  ( -0.5718502226665940213, 0.5718502226665890253, 2.091418638793319573 ) ) ;
#870 = CARTESIAN_POINT ( 'NONE',  ( 0.8169506309033202074, -1.414999999999998703, -1.170416666666661110 ) ) ;
#871 = CARTESIAN_POINT ( 'NONE',  ( -0.9127346692195210665, -0.5523848422859026774, -2.694030312450715670 ) ) ;
#872 = CARTESIAN_POINT ( 'NONE',  ( 1.062062347327070944, 0.08149721708334874137, -0.6456788539191363752 ) ) ;
#873 = CARTESIAN_POINT ( 'NONE',  ( -0.6517872042964576451, -0.8452757736717149140, -1.036037591495519550 ) ) ;
#874 = CARTESIAN_POINT ( 'NONE',  ( -1.618197816793849997, -0.2890648602567699732, 1.722089740673879987 ) ) ;
#875 = CARTESIAN_POINT ( 'NONE',  ( 0.3733333333333330728, 0.000000000000000000, 2.200000000000000178 ) ) ;
#876 = AXIS2_PLACEMENT_3D ( 'NONE', #530, #1390, #1110 ) ;
#877 = ORIENTED_EDGE ( 'NONE', *, *, #2752, .T. ) ;
#878 = CARTESIAN_POINT ( 'NONE',  ( 1.003677210360993000, -0.9974554658627591275, -3.111861860074113029 ) ) ;
#879 = ORIENTED_EDGE ( 'NONE', *, *, #1272, .T. ) ;
#880 = CARTESIAN_POINT ( 'NONE',  ( 0.000000000000000000, 3.252606517456509851E-16, 0.7333333333333339477 ) ) ;
#881 = CARTESIAN_POINT ( 'NONE',  ( -4.005444665687169940E-16, 0.1147204282942509840, 0.7333333333333339477 ) ) ;
#882 = CARTESIAN_POINT ( 'NONE',  ( -1.218528782261887544, -0.7216565543581573428, -0.2416411710657872247 ) ) ;
#883 = ADVANCED_FACE ( 'NONE', ( #3623 ), #3415, .T. ) ;
#884 = CARTESIAN_POINT ( 'NONE',  ( 0.1417947664394660634, 1.055549666824306954, -2.535367909892873417 ) ) ;
#885 = B_SPLINE_CURVE_WITH_KNOTS ( 'NONE', 3,
 ( #2958, #726, #3508, #949, #1561, #2996, #3582, #2156, #1581, #1264, #417, #1544, #744, #3220, #2717, #2942, #1874, #398, #2699, #2680, #148, #112, #1247, #3523, #965, #2098, #1285, #2400, #3545, #2976, #1688, #3103, #3083, #2788, #3675, #2206, #1111, #3692, #2770, #2545, #2806, #225 ),
 .UNSPECIFIED., .F., .F.,
 ( 4, 2, 2, 2, 2, 2, 1, 2, 2, 1, 2, 2, 2, 2, 2, 2, 2, 2, 2, 2, 2, 4 ),
 ( 0.3117370810833147154, 0.3977699459479009381, 0.4085240540559742506, 0.4192781621640475076, 0.4407863783801939661, 0.4838028108124871052, 0.4945569189205604177, 0.4999339729745970740, 0.5026225000016153466, 0.5053110270286337302, 0.5268192432447800222, 0.5698356756770727172, 0.6128521081093654121, 0.6343603243255118151, 0.6558685405416582181, 0.7419014054062436081, 0.7849178378385364141, 0.8279342702708289981, 0.8709507027031218040, 0.8924589189192682070, 0.9139671351354146100, 1.000000000000000000 ),
 .UNSPECIFIED. ) ;
#886 = ORIENTED_EDGE ( 'NONE', *, *, #539, .T. ) ;
#887 = CARTESIAN_POINT ( 'NONE',  ( 1.030736937930020858, -0.2699400435870738524, -3.883927563575653608 ) ) ;
#888 = CARTESIAN_POINT ( 'NONE',  ( 0.000000000000000000, 1.445353577082829946E-16, -0.8659740259740250634 ) ) ;
#889 = CARTESIAN_POINT ( 'NONE',  ( 0.9504311035506719518, 0.4807787858487683752, -2.176039645617391383 ) ) ;
#890 = CARTESIAN_POINT ( 'NONE',  ( -0.8524981022914284168, -0.6385200225869837043, -2.678333403836160809 ) ) ;
#891 = CARTESIAN_POINT ( 'NONE',  ( 0.4168950472497478521, 0.9801006005683502442, -0.4610948083318656687 ) ) ;
#892 = CARTESIAN_POINT ( 'NONE',  ( -0.9643592783550152259, -0.4519290373366908198, -1.114532470841751222 ) ) ;
#893 = CARTESIAN_POINT ( 'NONE',  ( 0.4476962209727619046, 0.9687764647206410507, -1.527235544964459457 ) ) ;
#894 = EDGE_CURVE ( 'NONE', #2833, #1552, #2169, .T. ) ;
#895 = LINE ( 'NONE', #2326, #3357 ) ;
#896 = CARTESIAN_POINT ( 'NONE',  ( -0.05339601611371825457, -1.064999999999998614, -3.588493461947242835 ) ) ;
#897 = ORIENTED_EDGE ( 'NONE', *, *, #2808, .F. ) ;
#898 = CARTESIAN_POINT ( 'NONE',  ( -0.2890648602567649772, 1.618197816793849997, 1.722089740673879987 ) ) ;
#899 = CARTESIAN_POINT ( 'NONE',  ( 0.000000000000000000, 0.000000000000000000, -6.500000000000000000 ) ) ;
#900 = CARTESIAN_POINT ( 'NONE',  ( -0.4270315360788771164, 0.9756933663282382208, -2.445422671195963016 ) ) ;
#901 = ORIENTED_EDGE ( 'NONE', *, *, #2198, .T. ) ;
#902 = DIRECTION ( 'NONE',  ( 1.000000000000000000, 0.000000000000000000, 0.000000000000000000 ) ) ;
#903 = CARTESIAN_POINT ( 'NONE',  ( -0.7253059701199388032, -0.7798565315028431755, -1.588596736432228651 ) ) ;
#904 = CARTESIAN_POINT ( 'NONE',  ( 0.9121678666719470474, 0.5501282552423730765, -2.164199378048809574 ) ) ;
#905 = CARTESIAN_POINT ( 'NONE',  ( -0.8628891082848383354, -0.6242461964110619377, -2.680979119339967021 ) ) ;
#906 = CARTESIAN_POINT ( 'NONE',  ( -0.9312576682567912378, 0.5225436145305838442, -0.2154173150418226546 ) ) ;
#907 = CARTESIAN_POINT ( 'NONE',  ( -0.4857006309033200520, 0.8412581699928072254, -4.416666666666658969 ) ) ;
#908 = LINE ( 'NONE', #1205, #386 ) ;
#909 = PRESENTATION_STYLE_ASSIGNMENT (( #39 ) ) ;
#910 = CARTESIAN_POINT ( 'NONE',  ( -0.9797478948551795463, -0.4175155105198663508, -3.776563564547111618 ) ) ;
#911 = ORIENTED_EDGE ( 'NONE', *, *, #1102, .T. ) ;
#912 = CARTESIAN_POINT ( 'NONE',  ( 0.008467324966427759031, 1.065476166337543384, -4.112433416029932509 ) ) ;
#913 = DIRECTION ( 'NONE',  ( -0.3826834323650898928, 0.9238795325112867385, 0.000000000000000000 ) ) ;
#914 = CARTESIAN_POINT ( 'NONE',  ( 1.633901261806640415, 1.000475975197160448E-16, -1.921250000000002123 ) ) ;
#915 = DIRECTION ( 'NONE',  ( 0.3768696111424569839, 0.9098437264664120949, 0.1736481776669311361 ) ) ;
#916 = ORIENTED_EDGE ( 'NONE', *, *, #2375, .F. ) ;
#917 = CARTESIAN_POINT ( 'NONE',  ( 0.000000000000000000, 0.000000000000000000, -6.500000000000000000 ) ) ;
#918 = DIRECTION ( 'NONE',  ( 1.000000000000000000, 0.000000000000000000, 0.000000000000000000 ) ) ;
#919 = CARTESIAN_POINT ( 'NONE',  ( -0.05348320219455270780, -1.064999999999998614, -1.468505987093176479 ) ) ;
#920 = CARTESIAN_POINT ( 'NONE',  ( 0.7285509463549789677, -0.4206290849964030021, -3.533333333333330106 ) ) ;
#921 = CARTESIAN_POINT ( 'NONE',  ( -0.9731437749538468518, -0.4327198049213111797, -2.714060488267283411 ) ) ;
#922 = CARTESIAN_POINT ( 'NONE',  ( -0.9803649320166535341, 0.4165199031053769541, -0.1979129008519291688 ) ) ;
#923 = AXIS2_PLACEMENT_3D ( 'NONE', #3258, #2172, #1001 ) ;
#924 = EDGE_CURVE ( 'NONE', #2029, #250, #2622, .T. ) ;
#925 = CARTESIAN_POINT ( 'NONE',  ( 0.03396066229869439124, 1.064482194844523555, -1.459250569081298021 ) ) ;
#926 = EDGE_CURVE ( 'NONE', #1381, #3057, #1541, .T. ) ;
#927 = B_SPLINE_CURVE_WITH_KNOTS ( 'NONE', 3,
 ( #360, #2071, #663, #3178, #3486, #375, #2635, #1483, #2600, #2298, #589, #624, #3446, #3429, #2618, #644, #51, #1181, #3504, #2320, #3466, #2936, #890, #905, #72, #2000, #871, #941, #1162, #1752, #921, #1502, #1772, #2902, #3214, #1426, #2920, #89 ),
 .UNSPECIFIED., .F., .F.,
 ( 4, 2, 2, 2, 2, 2, 1, 1, 2, 2, 2, 2, 1, 2, 2, 2, 2, 1, 2, 2, 4 ),
 ( 0.000000000000000000, 0.1249999999999993061, 0.1874999999999990563, 0.2499999999999988343, 0.3749999999999984457, 0.4374999999999982236, 0.4687499999999980571, 0.4843749999999979461, 0.4921874999999977796, 0.4999999999999976685, 0.5624999999999972244, 0.5937499999999968914, 0.6093749999999967804, 0.6171874999999966693, 0.6249999999999966693, 0.6874999999999964473, 0.7187499999999962252, 0.7343749999999961142, 0.7421874999999962252, 0.7499999999999962252, 1.000000000000000000 ),
 .UNSPECIFIED. ) ;
#928 = CARTESIAN_POINT ( 'NONE',  ( 4.152589098830120017E-30, -8.640874474274970477E-16, 2.200000000000000178 ) ) ;
#929 = CARTESIAN_POINT ( 'NONE',  ( 0.000000000000000000, 1.445353577082829946E-16, 1.722089740673879987 ) ) ;
#930 = CARTESIAN_POINT ( 'NONE',  ( -0.8719280239793786302, -0.6115862790679662542, -3.743252359448734357 ) ) ;
#931 = ORIENTED_EDGE ( 'NONE', *, *, #3472, .T. ) ;
#932 = CARTESIAN_POINT ( 'NONE',  ( -0.02891094935481372877, 1.064898817129599884, -4.106881151865570345 ) ) ;
#933 = CARTESIAN_POINT ( 'NONE',  ( 0.4190806605655580941, -0.9791637113052718000, -3.513483589871981838 ) ) ;
#934 = CARTESIAN_POINT ( 'NONE',  ( 0.8169506309033202074, 1.414999999999998703, -1.744583333333330710 ) ) ;
#935 = CARTESIAN_POINT ( 'NONE',  ( -0.9714012618066378835, -1.784435168938802561E-16, -5.300000000000005151 ) ) ;
#936 = EDGE_LOOP ( 'NONE', ( #916, #1563, #42, #653, #603, #2944, #2233, #3151 ) ) ;
#937 = CARTESIAN_POINT ( 'NONE',  ( 0.8583957914938720180, -0.6304333539702824396, -3.945166035092068757 ) ) ;
#938 = CARTESIAN_POINT ( 'NONE',  ( 0.7079727161450940498, -0.2932519008174069852, 2.200000000000000178 ) ) ;
#939 = CARTESIAN_POINT ( 'NONE',  ( 0.8961909764652856714, -0.5765093330101502822, -0.7554729297991870096 ) ) ;
#940 = CARTESIAN_POINT ( 'NONE',  ( -0.4857006309033189417, -0.8412581699928072254, -3.798333333333329342 ) ) ;
#941 = CARTESIAN_POINT ( 'NONE',  ( -0.9363068042165707539, -0.5087535133437401935, -2.701410769076133089 ) ) ;
#942 = CARTESIAN_POINT ( 'NONE',  ( -0.3536393482124998155, -1.004581557031966499, -2.040065795777908253 ) ) ;
#943 = EDGE_CURVE ( 'NONE', #1187, #788, #2135, .T. ) ;
#944 = CARTESIAN_POINT ( 'NONE',  ( -0.06886354489086024544, 1.064184784943696727, -0.3835432983152827768 ) ) ;
#945 = DIRECTION ( 'NONE',  ( 0.000000000000000000, 0.000000000000000000, 1.000000000000000000 ) ) ;
#946 = CARTESIAN_POINT ( 'NONE',  ( 0.9609767090165236558, 0.4591165592425589526, -1.643367194275016763 ) ) ;
#947 = AXIS2_PLACEMENT_3D ( 'NONE', #880, #3152, #2869 ) ;
#948 = CARTESIAN_POINT ( 'NONE',  ( -1.064999999999999947, 1.125316009477719886E-16, -1.189177405783629959 ) ) ;
#949 = CARTESIAN_POINT ( 'NONE',  ( 0.9504012708951720123, 0.4808378873874777915, -3.759384579218657763 ) ) ;
#950 = CARTESIAN_POINT ( 'NONE',  ( -0.1123306372931870273, -1.061011079850126659, -3.597326971494830605 ) ) ;
#951 = ORIENTED_EDGE ( 'NONE', *, *, #1969, .T. ) ;
#952 = CARTESIAN_POINT ( 'NONE',  ( -0.2113219037429508729, 1.043835154648718344, -4.078708226271128723 ) ) ;
#953 = CARTESIAN_POINT ( 'NONE',  ( -1.762342321007530046E-14, -0.8412581699928068923, -2.649999999999999911 ) ) ;
#954 = CARTESIAN_POINT ( 'NONE',  ( 1.415000000000000036, -1.372359544010939965E-15, -0.9937500000000000222 ) ) ;
#955 = CARTESIAN_POINT ( 'NONE',  ( -1.633901261806640415, -3.001427925591489111E-16, -5.631249999999997868 ) ) ;
#956 = DIRECTION ( 'NONE',  ( 0.000000000000000000, 0.000000000000000000, 1.000000000000000000 ) ) ;
#957 = VERTEX_POINT ( 'NONE', #3202 ) ;
#958 = CARTESIAN_POINT ( 'NONE',  ( 1.006161508134318705, -0.3491512893024389386, -3.897053872758135640 ) ) ;
#959 = CARTESIAN_POINT ( 'NONE',  ( 0.8157146610167532730, -1.158298121191025709, -2.082283187545744152 ) ) ;
#960 = CARTESIAN_POINT ( 'NONE',  ( 0.9370352236696961601, -0.5062328150498954793, -0.7432594536935572815 ) ) ;
#961 = CARTESIAN_POINT ( 'NONE',  ( -1.633901261806640415, -3.001427925591489111E-16, -2.583750000000001545 ) ) ;
#962 = CARTESIAN_POINT ( 'NONE',  ( 1.732901723101900034E-16, -1.415021640777090139, -3.378737505691519871 ) ) ;
#963 = CARTESIAN_POINT ( 'NONE',  ( -0.1034378807500740960, 1.060291004055884612, -1.438850320736731359 ) ) ;
#964 = FACE_OUTER_BOUND ( 'NONE', #1932, .T. ) ;
#965 = CARTESIAN_POINT ( 'NONE',  ( -0.01191434235467620298, 1.065178899102369625, -3.572486614926634552 ) ) ;
#966 = CARTESIAN_POINT ( 'NONE',  ( 1.062930489896504405, -0.06756704159888474170, -2.790368942570636168 ) ) ;
#967 = ORIENTED_EDGE ( 'NONE', *, *, #2991, .T. ) ;
#968 = FACE_OUTER_BOUND ( 'NONE', #821, .T. ) ;
#969 = DIRECTION ( 'NONE',  ( 0.3768696111424636452, 0.9098437264664094304, -0.1736481776669310806 ) ) ;
#970 = CARTESIAN_POINT ( 'NONE',  ( -1.122049531965840041E-14, -1.064999999999999947, -3.044177405783630164 ) ) ;
#971 = PLANE ( 'NONE',  #2656 ) ;
#972 = VECTOR ( 'NONE', #2238, 1000.000000000000114 ) ;
#973 = AXIS2_PLACEMENT_3D ( 'NONE', #3440, #527, #1662 ) ;
#974 = MANIFOLD_SOLID_BREP ( 'Body1[1]', #3538 ) ;
#975 = CARTESIAN_POINT ( 'NONE',  ( -0.9684065773996565207, -0.4432153035652235951, -1.115981532379168861 ) ) ;
#976 = EDGE_LOOP ( 'NONE', ( #2293, #3554, #863, #1367 ) ) ;
#977 = CARTESIAN_POINT ( 'NONE',  ( 1.149208719374722909, 0.8258823610897900735, -0.7572871448424274288 ) ) ;
#978 = CARTESIAN_POINT ( 'NONE',  ( 0.8618618296443796289, -1.123192613651931016, -2.075121336700104901 ) ) ;
#979 = CARTESIAN_POINT ( 'NONE',  ( -0.7743255875126773269, -0.7320673439437603847, -1.599719075031438731 ) ) ;
#980 = CARTESIAN_POINT ( 'NONE',  ( 0.000000000000000000, 0.8412581699928068923, -4.240000000000000213 ) ) ;
#981 = AXIS2_PLACEMENT_3D ( 'NONE', #2054, #2033, #1734 ) ;
#982 = CARTESIAN_POINT ( 'NONE',  ( -0.7285509463549789677, 0.4206290849964030021, -4.063333333333329911 ) ) ;
#983 = CARTESIAN_POINT ( 'NONE',  ( 0.3852873421469898418, -0.9928683123913499831, -2.459488532199682886 ) ) ;
#984 = CARTESIAN_POINT ( 'NONE',  ( 0.9714012618066378835, 5.948117229796001962E-17, -2.384999999999998010 ) ) ;
#985 = AXIS2_PLACEMENT_3D ( 'NONE', #1815, #2401, #1836 ) ;
#986 = CARTESIAN_POINT ( 'NONE',  ( 1.051434226659619053, -0.5224322432651525849, -3.979484507401414461 ) ) ;
#987 = CARTESIAN_POINT ( 'NONE',  ( 0.8868913184844973152, -1.103051100612101987, -3.130850842010732826 ) ) ;
#988 = CARTESIAN_POINT ( 'NONE',  ( -0.7407823363673150530, -0.7651578465429050846, -4.235467678493999522 ) ) ;
#989 = EDGE_CURVE ( 'NONE', #3128, #3204, #2345, .T. ) ;
#990 = ORIENTED_EDGE ( 'NONE', *, *, #120, .F. ) ;
#991 = CARTESIAN_POINT ( 'NONE',  ( -1.225425946354979923, -0.7075000000000000178, -0.2429166666666650043 ) ) ;
#992 = CARTESIAN_POINT ( 'NONE',  ( 1.030244125138249994E-16, -0.8412581699928068923, -1.855000000000000204 ) ) ;
#993 = CARTESIAN_POINT ( 'NONE',  ( 0.7285509463549789677, 0.4206290849964040013, -1.236666666666659919 ) ) ;
#994 = CARTESIAN_POINT ( 'NONE',  ( -0.1704703082879778231, 1.133140300537484046, -4.040450750887520037 ) ) ;
#995 = ORIENTED_EDGE ( 'NONE', *, *, #2048, .F. ) ;
#996 = CARTESIAN_POINT ( 'NONE',  ( 0.8588592587523046218, 1.125119181745944497, -0.7072067616823434211 ) ) ;
#997 = DIRECTION ( 'NONE',  ( 0.000000000000000000, 0.000000000000000000, 1.000000000000000000 ) ) ;
#998 = CARTESIAN_POINT ( 'NONE',  ( -1.064999999999999947, 1.125316009477719886E-16, -1.189177405783629959 ) ) ;
#999 = CARTESIAN_POINT ( 'NONE',  ( -0.6209381105933456935, 0.8677898601642566323, -2.945343632281368418 ) ) ;
#1000 = CARTESIAN_POINT ( 'NONE',  ( -1.633926250423599402, -3.001473828936138179E-16, -3.643737505691521772 ) ) ;
#1001 = DIRECTION ( 'NONE',  ( -1.000000000000000000, 0.000000000000000000, 0.000000000000000000 ) ) ;
#1002 = CARTESIAN_POINT ( 'NONE',  ( -0.3329479297172854846, 1.269531510513742578, -3.668908251635097262 ) ) ;
#1003 = EDGE_CURVE ( 'NONE', #2183, #437, #701, .T. ) ;
#1004 = CARTESIAN_POINT ( 'NONE',  ( 0.1881394730515000835, 1.365098036107988966, 1.149713427078819405 ) ) ;
#1005 = CARTESIAN_POINT ( 'NONE',  ( 0.5204598026864851734, -1.315807454718701308, -3.183782711837347179 ) ) ;
#1006 = CARTESIAN_POINT ( 'NONE',  ( 1.000830851455002835, -0.3642845867818043093, -2.839443593075389849 ) ) ;
#1007 = EDGE_CURVE ( 'NONE', #3391, #658, #861, .T. ) ;
#1008 = EDGE_LOOP ( 'NONE', ( #1527, #886, #1655, #3533 ) ) ;
#1009 = AXIS2_PLACEMENT_3D ( 'NONE', #929, #1710, #595 ) ;
#1010 = CARTESIAN_POINT ( 'NONE',  ( -1.225425946354979923, 0.7075000000000000178, -1.479583333333329920 ) ) ;
#1011 = CARTESIAN_POINT ( 'NONE',  ( -0.7285509463549789677, -0.4206290849964040013, -0.9716666666666649022 ) ) ;
#1012 = CARTESIAN_POINT ( 'NONE',  ( -0.9772372678848904037, 1.023393480660123034, -1.526064997675641743 ) ) ;
#1013 = EDGE_CURVE ( 'NONE', #3363, #62, #1416, .T. ) ;
#1014 = CARTESIAN_POINT ( 'NONE',  ( -1.211074758377156169, 0.3219610944850741507, -3.782982002121780596 ) ) ;
#1015 = VERTEX_POINT ( 'NONE', #2382 ) ;
#1016 = CARTESIAN_POINT ( 'NONE',  ( 1.065000002971356441, -0.02236897687761413983, -3.842888065431234512 ) ) ;
#1017 = CARTESIAN_POINT ( 'NONE',  ( 0.6301778092411172150, 1.266960206404514899, -2.793633366113747130 ) ) ;
#1018 = CARTESIAN_POINT ( 'NONE',  ( 0.000000000000000000, 1.445353577082829946E-16, 1.722089740673879987 ) ) ;
#1019 = CARTESIAN_POINT ( 'NONE',  ( 0.9233003672423604202, 0.5312569966874790550, -3.227486114414703788 ) ) ;
#1020 = CARTESIAN_POINT ( 'NONE',  ( 0.8169631252117997011, 1.415021640777091694, -3.997070839024847722 ) ) ;
#1021 = CARTESIAN_POINT ( 'NONE',  ( -0.1680209371732341028, -1.402532067658428527, -3.399688656528088604 ) ) ;
#1022 = CARTESIAN_POINT ( 'NONE',  ( 0.7722687574369376806, 0.9953223985833457021, -3.792897516111371825 ) ) ;
#1024 = LINE ( 'NONE', #3522, #1146 ) ;
#1023 = CIRCLE ( 'NONE', #1495, 3.057907220726908459 ) ;
#1025 = CARTESIAN_POINT ( 'NONE',  ( 0.5648821489168192045, -1.297448150841648440, -3.177817158535459985 ) ) ;
#1026 = DIRECTION ( 'NONE',  ( 0.9848077530122080203, 3.218382842617979205E-15, 0.1736481776669309973 ) ) ;
#1027 = ORIENTED_EDGE ( 'NONE', *, *, #1206, .F. ) ;
#1028 = CARTESIAN_POINT ( 'NONE',  ( 1.732875220793510196E-16, -1.415000000000000036, -0.06624999999999889311 ) ) ;
#1029 = CARTESIAN_POINT ( 'NONE',  ( 1.030244125138249994E-16, -0.8412581699928068923, -2.915000000000000036 ) ) ;
#1030 = CARTESIAN_POINT ( 'NONE',  ( -0.6595079995292421060, 1.251952670330841455, -1.574761657084787991 ) ) ;
#1031 = CARTESIAN_POINT ( 'NONE',  ( -0.8695547625144989246, 0.8386118957667829665, -3.891332928107640754 ) ) ;
#1032 = ORIENTED_EDGE ( 'NONE', *, *, #1665, .F. ) ;
#1033 = CARTESIAN_POINT ( 'NONE',  ( 1.162586103180219155, 0.8069423199575487260, -0.7599410121288699971 ) ) ;
#1034 = AXIS2_PLACEMENT_3D ( 'NONE', #928, #307, #2623 ) ;
#1035 = CARTESIAN_POINT ( 'NONE',  ( 0.6999933349664488880, 1.230119355092428979, -2.803463535735467360 ) ) ;
#1036 = CARTESIAN_POINT ( 'NONE',  ( -0.9265682871666927056, 0.5253719410970292270, -1.276010207531637963 ) ) ;
#1037 = CARTESIAN_POINT ( 'NONE',  ( 0.7203276429118810054, 0.7877421540338506167, -3.177054212943552614 ) ) ;
#1038 = CARTESIAN_POINT ( 'NONE',  ( -0.8169631252117997011, 1.415021640777091694, -3.820404172358194295 ) ) ;
#1039 = CARTESIAN_POINT ( 'NONE',  ( 0.3822172096837339050, -0.9940503622577843146, -2.460028239500557490 ) ) ;
#1040 = CARTESIAN_POINT ( 'NONE',  ( -0.4857006309033189417, -0.8412581699928072254, -2.738333333333329733 ) ) ;
#1041 = FACE_OUTER_BOUND ( 'NONE', #3115, .T. ) ;
#1042 = DIRECTION ( 'NONE',  ( 1.000000000000000000, 0.000000000000000000, 0.000000000000000000 ) ) ;
#1043 = CARTESIAN_POINT ( 'NONE',  ( 0.6222711126570835694, -0.8652640582608760456, -2.938228409584340728 ) ) ;
#1044 = EDGE_LOOP ( 'NONE', ( #2815, #2266, #1048, #2595 ) ) ;
#1045 = DIRECTION ( 'NONE',  ( 0.000000000000000000, 0.000000000000000000, 1.000000000000000000 ) ) ;
#1046 = CARTESIAN_POINT ( 'NONE',  ( -1.236408985108669700, 0.7126163846662432189, -1.480506278946504439 ) ) ;
#1047 = CARTESIAN_POINT ( 'NONE',  ( 0.1867356951565880552, -1.415000000000000258, -1.106059078074562718 ) ) ;
#1048 = ORIENTED_EDGE ( 'NONE', *, *, #2364, .T. ) ;
#1049 = CARTESIAN_POINT ( 'NONE',  ( 0.3772221444480225450, 1.363816881853748830, -0.6402476556709406630 ) ) ;
#1050 = CARTESIAN_POINT ( 'NONE',  ( 1.372199839607306959, 0.3836173405062612285, -2.933867109105771309 ) ) ;
#1051 = CARTESIAN_POINT ( 'NONE',  ( -1.064999999999999281, 0.1320203007250547456, -1.211077486968070493 ) ) ;
#1052 = LINE ( 'NONE', #2503, #2419 ) ;
#1053 = VECTOR ( 'NONE', #211, 1000.000000000000000 ) ;
#1054 = EDGE_CURVE ( 'NONE', #1674, #2120, #3279, .T. ) ;
#1055 = EDGE_CURVE ( 'NONE', #1876, #30, #2584, .T. ) ;
#1056 = DIRECTION ( 'NONE',  ( 0.3826834323650799563, 0.9238795325112908463, 0.000000000000000000 ) ) ;
#1057 = CARTESIAN_POINT ( 'NONE',  ( -1.160356613183951779, -0.6364317850128129450, -3.611666940030960227 ) ) ;
#1058 = CARTESIAN_POINT ( 'NONE',  ( 0.7285509463549789677, 0.4206290849964040013, -1.236666666666669911 ) ) ;
#1059 = CARTESIAN_POINT ( 'NONE',  ( -0.9363068042059184970, -0.5087535133633440676, -1.641410769072736420 ) ) ;
#1060 = DIRECTION ( 'NONE',  ( 0.000000000000000000, 0.000000000000000000, -1.000000000000000000 ) ) ;
#1061 = CARTESIAN_POINT ( 'NONE',  ( 0.1420978745381415720, 1.057812324858640185, -2.012212379582198007 ) ) ;
#1062 = ORIENTED_EDGE ( 'NONE', *, *, #1506, .F. ) ;
#1063 = DIRECTION ( 'NONE',  ( 1.000000000000000000, 0.000000000000000000, 0.000000000000000000 ) ) ;
#1064 = DIRECTION ( 'NONE',  ( 1.000000000000000000, 0.000000000000000000, 0.000000000000000000 ) ) ;
#1065 = CARTESIAN_POINT ( 'NONE',  ( -0.9964793016836103190, 1.004633018370193476, -1.522853224431606645 ) ) ;
#1066 = CARTESIAN_POINT ( 'NONE',  ( -0.4717753068114891590, 1.071358225123931529, -3.980744990259066363 ) ) ;
#1067 = ORIENTED_EDGE ( 'NONE', *, *, #1817, .T. ) ;
#1068 = CARTESIAN_POINT ( 'NONE',  ( 1.364063450495119678, 0.3783764961245266178, -0.8140373317767537475 ) ) ;
#1069 = CARTESIAN_POINT ( 'NONE',  ( 0.4875488841945854745, 1.336732384915558569, -2.773952125092304044 ) ) ;
#1070 = CARTESIAN_POINT ( 'NONE',  ( 4.152589098830120017E-30, -8.640874474274970477E-16, 0.7333333333333339477 ) ) ;
#1071 = CARTESIAN_POINT ( 'NONE',  ( 1.019848322979447275, 0.3298808492565835637, -2.724867816377339214 ) ) ;
#1072 = VERTEX_POINT ( 'NONE', #669 ) ;
#1073 = CARTESIAN_POINT ( 'NONE',  ( 0.3785720125235439992, -1.102184875385380014, 2.229710026050180094 ) ) ;
#1074 = CARTESIAN_POINT ( 'NONE',  ( -0.5935494968063189658, -0.8871396102503518177, -2.084357607918903454 ) ) ;
#1075 = CARTESIAN_POINT ( 'NONE',  ( 0.9212632323270498746, 0.5359783636757002867, -0.5702650907873394459 ) ) ;
#1076 = DIRECTION ( 'NONE',  ( 0.000000000000000000, 0.000000000000000000, 1.000000000000000000 ) ) ;
#1077 = CARTESIAN_POINT ( 'NONE',  ( 0.2797954894822221594, 1.029986992459857476, -2.034421979132047476 ) ) ;
#1078 = CARTESIAN_POINT ( 'NONE',  ( -1.096639925108369985E-15, 0.1622364820181710077, -0.8373673569389979976 ) ) ;
#1079 = ORIENTED_EDGE ( 'NONE', *, *, #1164, .F. ) ;
#1080 = DIRECTION ( 'NONE',  ( 0.000000000000000000, 0.000000000000000000, -1.000000000000000000 ) ) ;
#1081 = DIRECTION ( 'NONE',  ( -1.000000000000000000, 0.000000000000000000, 0.000000000000000000 ) ) ;
#1082 = CARTESIAN_POINT ( 'NONE',  ( 0.5733374984070342961, 1.293670472828250650, -1.725809730625510019 ) ) ;
#1083 = VERTEX_POINT ( 'NONE', #704 ) ;
#1084 = CARTESIAN_POINT ( 'NONE',  ( -1.414999996618559797, -0.3791481131468636412, -2.536412308605929589 ) ) ;
#1085 = CARTESIAN_POINT ( 'NONE',  ( -0.03700570945330460687, 1.414737563340862092, -2.712328491245800777 ) ) ;
#1086 = CARTESIAN_POINT ( 'NONE',  ( -1.279290070998128748, -0.6059037290557579558, -0.2562002988688162342 ) ) ;
#1087 = CARTESIAN_POINT ( 'NONE',  ( 0.5252881428186731982, 0.9278414440526208118, -3.137712755098482464 ) ) ;
#1088 = B_SPLINE_CURVE_WITH_KNOTS ( 'NONE', 3,
 ( #1504, #74, #2604, #1226, #2864, #342, #946, #2882, #37, #1755, #2904, #2324, #2639, #2922, #55, #1185, #2036, #3144, #2302, #3450, #362, #3470, #893, #1486, #2361, #3506, #3218, #665, #322, #1245, #611, #2938, #1522, #396, #110, #3163, #925, #2621, #1449, #2583, #2379, #2056, #963, #1739, #3199, #1353, #3290, #445, #2166, #3593, #2728, #1903, #3327, #462, #3007, #1313, #3557, #1572, #2709, #2448, #2766, #163, #1036, #222, #2483, #495, #1051, #998 ),
 .UNSPECIFIED., .F., .F.,
 ( 4, 2, 2, 2, 1, 2, 2, 2, 2, 2, 1, 2, 2, 2, 2, 2, 2, 2, 2, 2, 2, 2, 2, 2, 2, 2, 2, 1, 2, 2, 2, 2, 2, 1, 2, 4 ),
 ( 0.3234873187889664714, 0.4080514039403453364, 0.4106940316013258929, 0.4133366592623065050, 0.4186219145842677292, 0.4291924252281901775, 0.4503334465160350741, 0.4926154890917248674, 0.4979007444136861471, 0.5031859997356474823, 0.5137565103795700416, 0.5348975316674150493, 0.5771795742431051757, 0.6194616168187953020, 0.6247468721407565262, 0.6273894998017373048, 0.6300321274627178614, 0.6406026381066403097, 0.6511731487505627580, 0.6538157764115434256, 0.6564584040725240932, 0.6617436593944852063, 0.6828846806823299920, 0.6934551913262523293, 0.7040257019701747776, 0.7463077445458641268, 0.7515929998678254620, 0.7568782551897865751, 0.7674487658337089124, 0.7885897871215535870, 0.8308718296972428252, 0.8731538722729321744, 0.8837243829168544007, 0.8942948935607768490, 0.9154359148486215236, 1.000000000000000000 ),
 .UNSPECIFIED. ) ;
#1089 = VERTEX_POINT ( 'NONE', #2660 ) ;
#1090 = CARTESIAN_POINT ( 'NONE',  ( -1.414873748222210903, -0.01951516676350567234, -2.448814029918682689 ) ) ;
#1091 = DIRECTION ( 'NONE',  ( -0.9238795325112867385, 0.3826834323650898928, 0.000000000000000000 ) ) ;
#1092 = CONICAL_SURFACE ( 'NONE', #2520, 1.866666666666670027, 0.4363323129985828830 ) ;
#1093 = CARTESIAN_POINT ( 'NONE',  ( -0.9663635375074269840, -0.4477582590935157980, -1.651583760406605927 ) ) ;
#1094 = EDGE_CURVE ( 'NONE', #2141, #2885, #885, .T. ) ;
#1095 = CARTESIAN_POINT ( 'NONE',  ( -0.05761199101704542191, 1.063686552358254822, -1.982403672200636180 ) ) ;
#1096 = CARTESIAN_POINT ( 'NONE',  ( -0.2890648602567649772, 1.618197816793849997, 1.722089740673879987 ) ) ;
#1097 = EDGE_CURVE ( 'NONE', #1083, #3437, #1356, .T. ) ;
#1098 =( BOUNDED_CURVE ( )  B_SPLINE_CURVE ( 2, ( #1648, #2546, #2789, #1630, #3372 ),
 .UNSPECIFIED., .F., .F. ) 
 B_SPLINE_CURVE_WITH_KNOTS ( ( 3, 2, 3 ),
 ( 0.7933712168035934598, 0.9255997525133343728, 1.000000000000000000 ),
 .UNSPECIFIED. ) 
 CURVE ( )  GEOMETRIC_REPRESENTATION_ITEM ( )  RATIONAL_B_SPLINE_CURVE ( ( 0.9330127018922192983, 0.9330127020764165113, 1.000000000000000000, 0.9623086535956362209, 0.9458248739076966505 ) ) 
 REPRESENTATION_ITEM ( '' )  );
#1099 = VERTEX_POINT ( 'NONE', #1684 ) ;
#1100 = CARTESIAN_POINT ( 'NONE',  ( 0.8230749150282214988, -0.6758830490893876775, -1.833660145818038378 ) ) ;
#1101 = CARTESIAN_POINT ( 'NONE',  ( 1.414999999999995817, 0.1745803410684372281, -1.899453161185816086 ) ) ;
#1102 = EDGE_CURVE ( 'NONE', #2440, #1666, #3055, .T. ) ;
#1103 = VERTEX_POINT ( 'NONE', #1946 ) ;
#1104 = AXIS2_PLACEMENT_3D ( 'NONE', #1839, #3339, #1064 ) ;
#1105 = CARTESIAN_POINT ( 'NONE',  ( 1.341308812153657160, 0.4506928739302971665, -0.8052204161938646410 ) ) ;
#1106 = CARTESIAN_POINT ( 'NONE',  ( 1.093385693280150006, 0.3343355368274980033, 1.978832505671299868 ) ) ;
#1107 = CARTESIAN_POINT ( 'NONE',  ( -0.6316937384751759588, -0.9403720916590899703, -3.717581248399640026E-17 ) ) ;
#1108 = CARTESIAN_POINT ( 'NONE',  ( -0.3885700533262989587, -0.3885700533263050094, 0.7333333333333339477 ) ) ;
#1109 = ORIENTED_EDGE ( 'NONE', *, *, #943, .F. ) ;
#1110 = DIRECTION ( 'NONE',  ( 0.1736481776669310251, -1.887213761939830560E-31, -0.9848077530122080203 ) ) ;
#1111 = CARTESIAN_POINT ( 'NONE',  ( -0.9417897867077303919, 0.4980011136367179514, -3.391825500744453326 ) ) ;
#1112 = CARTESIAN_POINT ( 'NONE',  ( -1.374634129061429899, 4.354512362060249175E-08, -3.487944764740300574 ) ) ;
#1113 = CARTESIAN_POINT ( 'NONE',  ( 0.000000000000000000, 1.415000000000000036, -0.7287500000000000089 ) ) ;
#1114 = CARTESIAN_POINT ( 'NONE',  ( -0.9851985771716801343, -0.4050540148822640019, -1.122325610398710261 ) ) ;
#1115 = CARTESIAN_POINT ( 'NONE',  ( 1.634058128707669422, 1.000572028471280884E-16, -2.981328433450508353 ) ) ;
#1116 = ORIENTED_EDGE ( 'NONE', *, *, #2025, .T. ) ;
#1117 = CARTESIAN_POINT ( 'NONE',  ( 0.6868902002150181207, -0.8149141799649641804, -1.864793856451292253 ) ) ;
#1118 = VERTEX_POINT ( 'NONE', #264 ) ;
#1119 = CARTESIAN_POINT ( 'NONE',  ( -0.7407823363673150530, -0.7651578465429050846, -4.235467678493999522 ) ) ;
#1120 = DIRECTION ( 'NONE',  ( -1.000000000000000000, -3.491483361109380094E-15, 0.000000000000000000 ) ) ;
#1121 = ADVANCED_FACE ( 'NONE', ( #3393 ), #1962, .T. ) ;
#1122 = CARTESIAN_POINT ( 'NONE',  ( -1.412999609533481804, -0.07525730962153119596, -0.3218539444940171634 ) ) ;
#1123 = ORIENTED_EDGE ( 'NONE', *, *, #1097, .T. ) ;
#1124 = CARTESIAN_POINT ( 'NONE',  ( -0.3802578725485376565, -0.9948015217805309396, -3.104627701575743526 ) ) ;
#1125 = PLANE ( 'NONE',  #3381 ) ;
#1126 = DIRECTION ( 'NONE',  ( 3.438439883533640439E-15, -0.9848077530122080203, 0.1736481776669309973 ) ) ;
#1127 = CARTESIAN_POINT ( 'NONE',  ( -1.012363050760206828, -0.3325011323201659263, -2.194356781593483241 ) ) ;
#1128 = CARTESIAN_POINT ( 'NONE',  ( -1.633901261806640415, -3.001427925591489111E-16, -1.523750000000001270 ) ) ;
#1129 = CARTESIAN_POINT ( 'NONE',  ( -0.8670153848050683454, -0.6226415384056642743, -1.084880002676307909 ) ) ;
#1130 = CARTESIAN_POINT ( 'NONE',  ( -0.8170290643538358211, 1.415135850721300992, -4.747995100117182510 ) ) ;
#1131 = CARTESIAN_POINT ( 'NONE',  ( -0.8724141108784960741, -0.6108853745710240979, -1.623433337788777298 ) ) ;
#1132 = FACE_OUTER_BOUND ( 'NONE', #160, .T. ) ;
#1133 = CARTESIAN_POINT ( 'NONE',  ( 1.225425946354979923, -0.7075000000000000178, -3.202083333333330284 ) ) ;
#1134 = DIRECTION ( 'NONE',  ( 0.000000000000000000, 1.000000000000000000, 0.000000000000000000 ) ) ;
#1135 = ORIENTED_EDGE ( 'NONE', *, *, #719, .T. ) ;
#1136 = DIRECTION ( 'NONE',  ( 1.000000000000000000, 0.000000000000000000, 0.000000000000000000 ) ) ;
#1137 = CARTESIAN_POINT ( 'NONE',  ( 0.7414611495496280513, -0.7645033334107921297, -3.449440872653901646 ) ) ;
#1138 = CARTESIAN_POINT ( 'NONE',  ( -1.414975073710316167, -0.009540872695905188230, -0.3300588284621793211 ) ) ;
#1139 = CARTESIAN_POINT ( 'NONE',  ( 0.000000000000000000, 1.415000000000000036, -3.776250000000000107 ) ) ;
#1140 = VERTEX_POINT ( 'NONE', #1982 ) ;
#1141 = CARTESIAN_POINT ( 'NONE',  ( -0.1069847300551715202, -1.064999999996382840, -3.059546824201376136 ) ) ;
#1142 = CARTESIAN_POINT ( 'NONE',  ( -1.225425946354979923, 0.7075000000000000178, -1.612083333333329982 ) ) ;
#1143 = DIRECTION ( 'NONE',  ( 1.814226921766479877E-14, 0.8660254037844387076, 0.4999999999999998890 ) ) ;
#1144 = CARTESIAN_POINT ( 'NONE',  ( 1.225425946354979923, -0.7075000000000000178, -2.142083333333330231 ) ) ;
#1145 = CARTESIAN_POINT ( 'NONE',  ( 1.032143251100854808, -0.9680460906384592557, -0.9868638428572483745 ) ) ;
#1146 = VECTOR ( 'NONE', #2155, 1000.000000000000114 ) ;
#1147 = DIRECTION ( 'NONE',  ( -0.9098437264664096524, -0.3768696111424630901, 0.1736481776669309418 ) ) ;
#1148 = VECTOR ( 'NONE', #1362, 1000.000000000000000 ) ;
#1149 = ORIENTED_EDGE ( 'NONE', *, *, #3106, .T. ) ;
#1150 = CARTESIAN_POINT ( 'NONE',  ( -1.225425946354979923, 0.7075000000000000178, -2.672083333333330035 ) ) ;
#1151 = EDGE_CURVE ( 'NONE', #826, #2885, #3122, .T. ) ;
#1152 = ORIENTED_EDGE ( 'NONE', *, *, #1347, .F. ) ;
#1153 = CARTESIAN_POINT ( 'NONE',  ( -0.2507210742218601851, 1.035123735011698853, -4.072316936930487685 ) ) ;
#1154 = DIRECTION ( 'NONE',  ( -0.9238795325112834078, -0.3826834323650980529, -5.247442448228058544E-15 ) ) ;
#1155 = CARTESIAN_POINT ( 'NONE',  ( -0.4055730983717593663, -1.355846340195102417, -0.1138174857684195185 ) ) ;
#1156 = CARTESIAN_POINT ( 'NONE',  ( 0.1292694939814276467, 1.057264854339882820, -2.533461898196153417 ) ) ;
#1157 = ORIENTED_EDGE ( 'NONE', *, *, #3660, .F. ) ;
#1158 = CARTESIAN_POINT ( 'NONE',  ( -1.310227228229770446, -0.5343569852689027400, -1.324515790661592307 ) ) ;
#1159 = CARTESIAN_POINT ( 'NONE',  ( 0.000000000000000000, 1.415000000000000036, -0.7287500000000000089 ) ) ;
#1160 = EDGE_CURVE ( 'NONE', #1083, #3462, #2842, .T. ) ;
#1161 = CARTESIAN_POINT ( 'NONE',  ( 0.8775932477584256208, 0.6049135048155991345, -2.154427546562008633 ) ) ;
#1162 = CARTESIAN_POINT ( 'NONE',  ( -0.9602921621850046829, -0.4608501442839206819, -2.709422839402759742 ) ) ;
#1163 = CARTESIAN_POINT ( 'NONE',  ( -0.1789591760185514357, 1.050386992148418797, -0.3668879400234005828 ) ) ;
#1164 = EDGE_CURVE ( 'NONE', #594, #805, #2106, .T. ) ;
#1165 = CARTESIAN_POINT ( 'NONE',  ( 1.086265183389278022, -0.9079633964436910620, -0.9775313568800175767 ) ) ;
#1166 = CARTESIAN_POINT ( 'NONE',  ( -0.4857006309033189417, -0.8412581699928084467, -4.063333333333332575 ) ) ;
#1167 = CARTESIAN_POINT ( 'NONE',  ( 0.000000000000000000, 1.415000000000000036, -1.788750000000000062 ) ) ;
#1168 = VECTOR ( 'NONE', #1609, 1000.000000000000227 ) ;
#1169 = ORIENTED_EDGE ( 'NONE', *, *, #2084, .T. ) ;
#1170 = CARTESIAN_POINT ( 'NONE',  ( 1.414999999999999369, 0.3791481072900391158, -3.066412309337163578 ) ) ;
#1171 = CARTESIAN_POINT ( 'NONE',  ( -0.9748476384032153108, -0.4288609921396545621, -3.774702496100176496 ) ) ;
#1172 = ORIENTED_EDGE ( 'NONE', *, *, #52, .T. ) ;
#1173 = CARTESIAN_POINT ( 'NONE',  ( -0.9179876900920949101, 0.5400371130353428528, -3.935586513052517610 ) ) ;
#1174 = CARTESIAN_POINT ( 'NONE',  ( 0.8347391120885538918, -0.6623528404045193607, -3.428833817191360822 ) ) ;
#1175 = FACE_OUTER_BOUND ( 'NONE', #492, .T. ) ;
#1176 = CARTESIAN_POINT ( 'NONE',  ( -0.8707533154270169495, 0.6143703589254312369, -2.351767124206201931 ) ) ;
#1177 = ORIENTED_EDGE ( 'NONE', *, *, #2168, .F. ) ;
#1178 = CARTESIAN_POINT ( 'NONE',  ( 0.9843341001965447701, -0.4089507217493122959, -3.906739258442479379 ) ) ;
#1179 = LINE ( 'NONE', #570, #1999 ) ;
#1180 = CARTESIAN_POINT ( 'NONE',  ( 1.060943904111115055, 0.09580085145196609586, -2.239983484453794027 ) ) ;
#1181 = CARTESIAN_POINT ( 'NONE',  ( -0.7539909802187013677, -0.7524610499490121951, -2.655160779431655182 ) ) ;
#1182 = CARTESIAN_POINT ( 'NONE',  ( -0.2228089132129780769, 1.041432320739918538, -0.3601619012274103748 ) ) ;
#1183 = CARTESIAN_POINT ( 'NONE',  ( 1.415000000000003588, -0.1215742342886866195, -0.8764288796638406431 ) ) ;
#1184 = EDGE_CURVE ( 'NONE', #2440, #2833, #3160, .T. ) ;
#1185 = CARTESIAN_POINT ( 'NONE',  ( 0.7118544260054828765, 0.7921564374793781393, -1.579068091018922537 ) ) ;
#1186 = PRODUCT ( '94997A225.step', '94997A225.step', '', ( #3114 ) ) ;
#1187 = VERTEX_POINT ( 'NONE', #1202 ) ;
#1188 = CARTESIAN_POINT ( 'NONE',  ( 0.8284695298850731637, 0.7231000755189784801, -0.000000000000000000 ) ) ;
#1189 = CARTESIAN_POINT ( 'NONE',  ( -0.9150598429189211735, -0.5490454002569900016, -3.754619103130008906 ) ) ;
#1190 = ORIENTED_EDGE ( 'NONE', *, *, #2274, .F. ) ;
#1191 = CARTESIAN_POINT ( 'NONE',  ( -1.064999999999999947, 3.451912185043599670E-15, -0.1291774057836299894 ) ) ;
#1192 = CARTESIAN_POINT ( 'NONE',  ( 0.4690455463361969946, 0.1942850266631510059, 0.7333333333333339477 ) ) ;
#1193 = CARTESIAN_POINT ( 'NONE',  ( -1.581817946414579725E-14, -1.415000000000000036, -3.378749999999999698 ) ) ;
#1194 = CARTESIAN_POINT ( 'NONE',  ( 0.000000000000000000, 1.415000000000000036, -4.836250000000000604 ) ) ;
#1195 = CIRCLE ( 'NONE', #377, 1.182748768039330045 ) ;
#1196 = ORIENTED_EDGE ( 'NONE', *, *, #1497, .T. ) ;
#1197 = CARTESIAN_POINT ( 'NONE',  ( -1.414896191685801163, -0.01769999223851236037, -1.389040767075795602 ) ) ;
#1198 = CARTESIAN_POINT ( 'NONE',  ( 0.5469812535240937690, -1.305007565312508833, -2.120240996998067562 ) ) ;
#1199 = CARTESIAN_POINT ( 'NONE',  ( 0.000000000000000000, 0.000000000000000000, -6.500000000000000000 ) ) ;
#1200 = ADVANCED_FACE ( 'NONE', ( #337 ), #3197, .T. ) ;
#1201 = CARTESIAN_POINT ( 'NONE',  ( -0.7285509463549789677, -0.4206290849964040013, -3.886666666666659609 ) ) ;
#1202 = CARTESIAN_POINT ( 'NONE',  ( 0.2890648602567759684, -1.618197816793849997, 1.722089740673879987 ) ) ;
#1203 = CARTESIAN_POINT ( 'NONE',  ( -0.6740429602910091855, 0.8255672178783902693, -0.2775427312645783462 ) ) ;
#1204 = CARTESIAN_POINT ( 'NONE',  ( -0.4857006309033200520, 0.8412581699928072254, -3.356666666666670906 ) ) ;
#1205 = CARTESIAN_POINT ( 'NONE',  ( 1.415000000000000036, -3.030957955845219716E-16, 0.3975000000000000200 ) ) ;
#1206 = EDGE_CURVE ( 'NONE', #1666, #2029, #1790, .T. ) ;
#1207 = CARTESIAN_POINT ( 'NONE',  ( 1.311740107405039879, -0.5306249999999999023, -2.274277244236470136E-17 ) ) ;
#1208 = DIRECTION ( 'NONE',  ( -1.000000000000000000, 0.000000000000000000, 0.000000000000000000 ) ) ;
#1209 = EDGE_LOOP ( 'NONE', ( #350, #2812, #1267, #1310 ) ) ;
#1210 = CARTESIAN_POINT ( 'NONE',  ( -0.2208713840662850370, 1.041856328282696476, -4.077170837652325908 ) ) ;
#1211 = CARTESIAN_POINT ( 'NONE',  ( 0.3805680984126018074, -0.9946851167382730896, -3.520318148761401922 ) ) ;
#1212 = CARTESIAN_POINT ( 'NONE',  ( -1.414999999999997593, 7.176968912615030782E-08, -0.4637500089606332865 ) ) ;
#1213 = CARTESIAN_POINT ( 'NONE',  ( 0.7285509463549789677, 0.4206290849964040013, -0.4416666666666670404 ) ) ;
#1214 = CARTESIAN_POINT ( 'NONE',  ( 0.000000000000000000, 1.415000000000000036, -5.896249999999999325 ) ) ;
#1215 = B_SPLINE_CURVE_WITH_KNOTS ( 'NONE', 3,
 ( #751, #3002, #2444, #1014, #3269, #692, #1568, #2427, #2724, #458, #2965, #2742, #1899, #2762, #3020, #1604, #218, #3608, #3553, #1586, #3572, #178, #1309, #2479, #1621, #1031, #1328, #1823, #197, #1273, #2145, #3626, #2461, #2162, #3286, #2182, #733, #3302, #3323, #424, #1066, #3036, #1551, #2124, #2688, #2406, #994, #712, #1841, #2984, #441, #2268, #3342, #3074, #3646, #825, #2554, #3, #292, #843, #787, #1954, #1640, #3094, #255, #1658, #1915 ),
 .UNSPECIFIED., .F., .F.,
 ( 4, 2, 2, 2, 1, 1, 2, 2, 2, 2, 1, 2, 2, 2, 2, 2, 1, 2, 2, 2, 2, 2, 2, 2, 2, 1, 1, 1, 2, 2, 2, 2, 2, 1, 1, 2, 2, 4 ),
 ( 0.000000000000000000, 0.1249999999999978351, 0.1874999999999968636, 0.2187499999999963085, 0.2343749999999958922, 0.2421874999999955036, 0.2460937499999952538, 0.2499999999999950318, 0.3124999999999935052, 0.3437499999999927836, 0.3593749999999923395, 0.3671874999999922839, 0.3749999999999922839, 0.4374999999999921729, 0.4687499999999920619, 0.4843749999999920064, 0.4921874999999920064, 0.4960937499999920619, 0.4999999999999921174, 0.5624999999999911182, 0.5937499999999906741, 0.6093749999999904521, 0.6249999999999901190, 0.6874999999999885647, 0.7187499999999876765, 0.7343749999999871214, 0.7421874999999868994, 0.7460937499999870104, 0.7480468749999868994, 0.7499999999999868994, 0.8124999999999882316, 0.8437499999999888978, 0.8593749999999892308, 0.8671874999999892308, 0.8710937499999891198, 0.8730468749999892308, 0.8749999999999892308, 1.000000000000000000 ),
 .UNSPECIFIED. ) ;
#1216 = EDGE_LOOP ( 'NONE', ( #931, #2347, #2560, #967, #1423 ) ) ;
#1217 = DIRECTION ( 'NONE',  ( 1.000000000000000000, 0.000000000000000000, 0.000000000000000000 ) ) ;
#1218 = CARTESIAN_POINT ( 'NONE',  ( 1.312845230345741854, -0.5278981007145686632, -1.987029501681613741 ) ) ;
#1219 = CARTESIAN_POINT ( 'NONE',  ( -0.6714555409967277733, -0.8268565877908671258, -1.576781413882492933 ) ) ;
#1220 = CARTESIAN_POINT ( 'NONE',  ( -0.01188452312237155140, 1.065179321811488222, -3.049136078447549192 ) ) ;
#1221 = DIRECTION ( 'NONE',  ( -1.000000000000000000, 0.000000000000000000, 0.000000000000000000 ) ) ;
#1222 = CARTESIAN_POINT ( 'NONE',  ( -0.8904292599660774687, 0.5894305784106199653, -0.2271759309800826521 ) ) ;
#1223 = AXIS2_PLACEMENT_3D ( 'NONE', #3188, #636, #2063 ) ;
#1224 = B_SPLINE_CURVE_WITH_KNOTS ( 'NONE', 3,
 ( #3149, #896, #950, #3474, #1489, #596, #77, #2346, #399, #2588, #40, #3221, #2078, #347, #3455, #2925, #1724, #2607, #1797, #3492, #2060, #2366, #2943, #2023, #2661, #930, #1189, #113, #3203, #649, #1171, #3166, #614, #1472, #2328, #910, #1510, #1779, #2642, #1230 ),
 .UNSPECIFIED., .F., .F.,
 ( 4, 2, 2, 2, 2, 2, 1, 1, 2, 2, 2, 2, 1, 2, 2, 2, 2, 2, 1, 2, 2, 4 ),
 ( 0.000000000000000000, 0.1249999999999960032, 0.1874999999999939493, 0.2499999999999919231, 0.3749999999999878431, 0.4374999999999857891, 0.4687499999999847344, 0.4843749999999842348, 0.4921874999999839573, 0.4999999999999836242, 0.5624999999999835687, 0.5937499999999835687, 0.6093749999999834577, 0.6171874999999833467, 0.6249999999999832356, 0.6874999999999832356, 0.7187499999999833467, 0.7343749999999834577, 0.7421874999999833467, 0.7460937499999835687, 0.7499999999999837907, 1.000000000000000000 ),
 .UNSPECIFIED. ) ;
#1225 = CARTESIAN_POINT ( 'NONE',  ( 0.000000000000000000, 0.000000000000000000, -6.500000000000000000 ) ) ;
#1226 = CARTESIAN_POINT ( 'NONE',  ( 0.9681912697454068129, 0.4436721841838938696, -1.645937010651689514 ) ) ;
#1227 = CARTESIAN_POINT ( 'NONE',  ( 1.225425946354979923, 0.7075000000000000178, -1.965416666666659928 ) ) ;
#1228 = CARTESIAN_POINT ( 'NONE',  ( -1.064999999999999947, -1.062967841075340071E-14, -1.725822594216359862 ) ) ;
#1229 = SURFACE_SIDE_STYLE ('',( #324 ) ) ;
#1230 = CARTESIAN_POINT ( 'NONE',  ( -1.064999999999999947, -5.789799912778060004E-15, -3.845822594216369517 ) ) ;
#1231 = CONICAL_SURFACE ( 'NONE', #633, 1.866666666666670027, 0.4363323129985828830 ) ;
#1232 = EDGE_CURVE ( 'NONE', #2551, #1089, #2280, .T. ) ;
#1233 = ORIENTED_EDGE ( 'NONE', *, *, #3660, .T. ) ;
#1234 = CARTESIAN_POINT ( 'NONE',  ( 0.2556109699137064095, 1.034245870728496941, -4.150071110430217480 ) ) ;
#1235 = DIRECTION ( 'NONE',  ( 0.000000000000000000, 1.189524669241239855E-16, -1.000000000000000000 ) ) ;
#1236 = CARTESIAN_POINT ( 'NONE',  ( 0.1147204282942630021, -1.177171980481420022, 0.7333333333333339477 ) ) ;
#1237 = CARTESIAN_POINT ( 'NONE',  ( -1.225425946354979923, -0.7075000000000000178, -5.542916666666660497 ) ) ;
#1238 = EDGE_CURVE ( 'NONE', #279, #826, #927, .T. ) ;
#1239 = ORIENTED_EDGE ( 'NONE', *, *, #2003, .T. ) ;
#1240 = CARTESIAN_POINT ( 'NONE',  ( -1.331527829572382471, -0.4791010137588964102, -1.331325382081777642 ) ) ;
#1241 = CARTESIAN_POINT ( 'NONE',  ( 1.309473965432884857, -0.5362241662259612518, -1.988058261658906867 ) ) ;
#1242 = CARTESIAN_POINT ( 'NONE',  ( -2.231056575520759816E-14, -1.064999999999999947, -0.9241774057836309453 ) ) ;
#1243 = CARTESIAN_POINT ( 'NONE',  ( -0.7285509463549789677, 0.4206290849964030021, -4.063333333333329911 ) ) ;
#1244 = CARTESIAN_POINT ( 'NONE',  ( -1.225425946354979923, 0.7075000000000000178, -2.539583333333330195 ) ) ;
#1245 = CARTESIAN_POINT ( 'NONE',  ( 0.1535712438412622505, 1.053870492254864955, -1.477199496807641177 ) ) ;
#1246 = CARTESIAN_POINT ( 'NONE',  ( -0.7608262234860130313, -0.7452304728444550941, 4.012857225611320341E-13 ) ) ;
#1247 = CARTESIAN_POINT ( 'NONE',  ( 0.08230261550723448616, 1.062952536361744693, -3.586352032672601720 ) ) ;
#1248 = CARTESIAN_POINT ( 'NONE',  ( 0.000000000000000000, -1.298082735051719874E-16, 0.3975000000000000200 ) ) ;
#1249 = ORIENTED_EDGE ( 'NONE', *, *, #3082, .T. ) ;
#1250 = CARTESIAN_POINT ( 'NONE',  ( -1.064999999999999947, -1.304248841091929880E-16, -4.235467678493999522 ) ) ;
#1251 = DIRECTION ( 'NONE',  ( 0.9238795325112867385, -0.3826834323650899483, 0.000000000000000000 ) ) ;
#1252 = CARTESIAN_POINT ( 'NONE',  ( 0.000000000000000000, -1.298082735051719874E-16, 0.3975000000000000200 ) ) ;
#1253 = CARTESIAN_POINT ( 'NONE',  ( -0.2932519008174090391, -0.7079727161450930506, 2.200000000000000178 ) ) ;
#1254 = CARTESIAN_POINT ( 'NONE',  ( -0.7086025627023798679, -0.7950643379403909972, -1.048364216077622979 ) ) ;
#1255 = ORIENTED_EDGE ( 'NONE', *, *, #719, .F. ) ;
#1256 = CARTESIAN_POINT ( 'NONE',  ( 1.051993105410469642, -0.1706998610582018405, -3.867442309333982031 ) ) ;
#1257 = CARTESIAN_POINT ( 'NONE',  ( 1.157161315873583174, -0.8151300794649944947, -2.023633144196600675 ) ) ;
#1258 = CARTESIAN_POINT ( 'NONE',  ( -0.6292763824259416383, -0.8599498100205492657, -1.567932063137698506 ) ) ;
#1259 = CARTESIAN_POINT ( 'NONE',  ( -0.7697228681011286655, 0.7386675677904310788, -2.913699613844872527 ) ) ;
#1260 = CARTESIAN_POINT ( 'NONE',  ( 0.000000000000000000, 0.8412581699928068923, -5.299999999999999822 ) ) ;
#1261 = CARTESIAN_POINT ( 'NONE',  ( -0.4415166700354548612, -1.320811034039346854, -3.444797386581959220 ) ) ;
#1262 = CARTESIAN_POINT ( 'NONE',  ( -1.009218470427763137, 0.8768057281231548261, -3.583452273466904980 ) ) ;
#1263 = CARTESIAN_POINT ( 'NONE',  ( -0.9173379760972699692, -0.5457272923249505414, -3.217849733959962322 ) ) ;
#1264 = CARTESIAN_POINT ( 'NONE',  ( 0.7758467322308301162, 0.7341270054791884103, -3.712513066180715970 ) ) ;
#1265 = CARTESIAN_POINT ( 'NONE',  ( 1.064661929032452381, -0.02769622197618084800, -2.783768553448851879 ) ) ;
#1266 = ADVANCED_FACE ( 'NONE', ( #2562 ), #14, .T. ) ;
#1267 = ORIENTED_EDGE ( 'NONE', *, *, #550, .T. ) ;
#1268 = CARTESIAN_POINT ( 'NONE',  ( -0.8169506309033202074, -1.414999999999998703, -1.214583333333328907 ) ) ;
#1269 = DIRECTION ( 'NONE',  ( -1.814226921766479877E-14, -0.8660254037844387076, 0.4999999999999998890 ) ) ;
#1270 = CARTESIAN_POINT ( 'NONE',  ( 0.9714012618066378835, 5.948117229796001962E-17, -2.650000000000002576 ) ) ;
#1271 = CARTESIAN_POINT ( 'NONE',  ( -0.7285509463549789677, 0.4206290849964030021, -0.8833333333333309723 ) ) ;
#1272 = EDGE_CURVE ( 'NONE', #563, #2682, #1479, .T. ) ;
#1273 = CARTESIAN_POINT ( 'NONE',  ( -0.7833467150136782520, 0.9077617863949012378, -3.912064066069087520 ) ) ;
#1274 = VERTEX_POINT ( 'NONE', #2723 ) ;
#1275 = CARTESIAN_POINT ( 'NONE',  ( 0.4031387776465985562, 1.356361094566268743, -0.6434998621101724048 ) ) ;
#1276 = CARTESIAN_POINT ( 'NONE',  ( 1.017976759132672493, -0.9828707592473070465, -2.049203240404894100 ) ) ;
#1277 = CARTESIAN_POINT ( 'NONE',  ( 0.9152205704604436942, -0.5458049855974282938, -0.7500212830144284970 ) ) ;
#1278 = CARTESIAN_POINT ( 'NONE',  ( -0.8169506309033202074, 1.414999999999998703, -2.627916666666658685 ) ) ;
#1279 = LINE ( 'NONE', #1336, #1692 ) ;
#1280 = CARTESIAN_POINT ( 'NONE',  ( -0.8590531441519397848, -1.051999279497936035, -3.528365284934237511 ) ) ;
#1281 = CARTESIAN_POINT ( 'NONE',  ( 0.1607607706130706748, 1.278669149841707764, -3.716664907446385335 ) ) ;
#1282 = EDGE_CURVE ( 'NONE', #769, #1089, #3238, .T. ) ;
#1283 = VECTOR ( 'NONE', #118, 1000.000000000000000 ) ;
#1284 = FACE_OUTER_BOUND ( 'NONE', #2038, .T. ) ;
#1285 = CARTESIAN_POINT ( 'NONE',  ( -0.08229569286569765607, 1.062146920478249212, -3.562047559211451553 ) ) ;
#1286 = CARTESIAN_POINT ( 'NONE',  ( 0.9883396836492734927, -0.3967751031220326241, -2.844604722040653844 ) ) ;
#1287 = ORIENTED_EDGE ( 'NONE', *, *, #2752, .F. ) ;
#1288 = CARTESIAN_POINT ( 'NONE',  ( 1.732875220793510196E-16, -1.415000000000000036, -1.126249999999999973 ) ) ;
#1289 = DIRECTION ( 'NONE',  ( -1.000000000000000000, 0.000000000000000000, 0.000000000000000000 ) ) ;
#1290 = CARTESIAN_POINT ( 'NONE',  ( -0.2255625561532397239, 1.397011459797819377, -1.630636376137467591 ) ) ;
#1291 = CARTESIAN_POINT ( 'NONE',  ( 1.225425946354979923, -0.7075000000000000178, -0.02208333333333270185 ) ) ;
#1292 = CIRCLE ( 'NONE', #2296, 3.061544987475520063 ) ;
#1293 = DIRECTION ( 'NONE',  ( 0.000000000000000000, 1.224606353822379970E-16, -1.000000000000000000 ) ) ;
#1294 = EDGE_LOOP ( 'NONE', ( #2108, #3343, #2200, #10, #2500, #38, #1177, #2651 ) ) ;
#1295 = CARTESIAN_POINT ( 'NONE',  ( -1.181257847355591695, 0.7790093756819592707, -0.4287842802040424117 ) ) ;
#1296 = CARTESIAN_POINT ( 'NONE',  ( -1.169359632031402585, 0.7993469668151848007, -2.552174191530026004 ) ) ;
#1297 = CARTESIAN_POINT ( 'NONE',  ( 0.1501586315408148242, -1.407215961362868084, -0.04952603167928035233 ) ) ;
#1298 = CARTESIAN_POINT ( 'NONE',  ( 0.9121707001512029400, 0.5501235777092668977, -3.224200183833560995 ) ) ;
#1299 = CARTESIAN_POINT ( 'NONE',  ( 0.7285509463549789677, 0.4206290849964040013, -4.416666666666659857 ) ) ;
#1300 = FACE_OUTER_BOUND ( 'NONE', #214, .T. ) ;
#1301 = CARTESIAN_POINT ( 'NONE',  ( -0.9714012618066378835, -1.784435168938802561E-16, -1.855000000000001092 ) ) ;
#1302 = PLANE ( 'NONE',  #615 ) ;
#1303 = CARTESIAN_POINT ( 'NONE',  ( 0.9819806586415912308, -1.018841117632297566, -3.115242007996803952 ) ) ;
#1304 = CARTESIAN_POINT ( 'NONE',  ( 0.9106647027496076463, -0.5569944873291372556, -2.870948728209502310 ) ) ;
#1305 = ORIENTED_EDGE ( 'NONE', *, *, #3461, .F. ) ;
#1306 = CARTESIAN_POINT ( 'NONE',  ( 0.9714012618066378835, -7.032710120721204173E-17, 0.5300000000000003597 ) ) ;
#1307 = CARTESIAN_POINT ( 'NONE',  ( 0.4857006309033189417, 0.8412581699928072254, -2.473333333333330053 ) ) ;
#1308 = CARTESIAN_POINT ( 'NONE',  ( -0.9958997764768404704, 1.005191711458397030, -1.522954613656515965 ) ) ;
#1309 = CARTESIAN_POINT ( 'NONE',  ( -0.9801941440570900443, 0.7260735673076662566, -3.862943711537823788 ) ) ;
#1310 = ORIENTED_EDGE ( 'NONE', *, *, #1351, .F. ) ;
#1311 = CARTESIAN_POINT ( 'NONE',  ( -0.1816176274790109457, 1.404025126939350443, -0.5758306313800183318 ) ) ;
#1312 = CARTESIAN_POINT ( 'NONE',  ( -0.1033612509394594148, 1.411221267208652375, -2.704837953033718101 ) ) ;
#1313 = CARTESIAN_POINT ( 'NONE',  ( -0.6183734596745301682, 0.8680317534184173178, -1.349294342103397826 ) ) ;
#1314 = CARTESIAN_POINT ( 'NONE',  ( 0.7758953335457138278, 0.7340762743058056872, -3.189169301111105082 ) ) ;
#1315 = CARTESIAN_POINT ( 'NONE',  ( -0.4857006309033200520, 0.8412581699928072254, -4.151666666666660177 ) ) ;
#1316 = CARTESIAN_POINT ( 'NONE',  ( -0.2361585956729714830, -1.388914733594489581, -3.410261670102743281 ) ) ;
#1317 = CARTESIAN_POINT ( 'NONE',  ( 0.6148780366866737346, -1.065000000000482672, -1.372489260883107631 ) ) ;
#1318 = PLANE ( 'NONE',  #1816 ) ;
#1320 = CARTESIAN_POINT ( 'NONE',  ( -0.4190957805830907157, -0.9791572153527571265, -3.111519129571106212 ) ) ;
#1319 = VECTOR ( 'NONE', #3153, 1000.000000000000114 ) ;
#1321 = CARTESIAN_POINT ( 'NONE',  ( 0.3245758437264191776, -1.393027002778084000, -3.209783636940321649 ) ) ;
#1322 = CARTESIAN_POINT ( 'NONE',  ( 0.4714866374626410228, -0.9589548956648266120, -2.967608197872827258 ) ) ;
#1323 = ORIENTED_EDGE ( 'NONE', *, *, #3048, .F. ) ;
#1324 = CARTESIAN_POINT ( 'NONE',  ( -0.7285509463549789677, 0.4206290849964030021, -0.08833333333333139026 ) ) ;
#1325 = CARTESIAN_POINT ( 'NONE',  ( -1.414999999999999591, -1.261682814403166563E-08, -1.523749998424742236 ) ) ;
#1326 = CARTESIAN_POINT ( 'NONE',  ( 0.1779206665883875660, 1.403849434353095837, -1.676588539645032849 ) ) ;
#1327 = ADVANCED_FACE ( 'NONE', ( #523 ), #2615, .T. ) ;
#1328 = CARTESIAN_POINT ( 'NONE',  ( -0.8305415791587464902, 0.8713258537561778816, -3.900821976021474846 ) ) ;
#1329 = ORIENTED_EDGE ( 'NONE', *, *, #1937, .F. ) ;
#1330 = CARTESIAN_POINT ( 'NONE',  ( -1.137648621870031684, 0.8442022371428621330, -0.4379016988380642905 ) ) ;
#1331 = CIRCLE ( 'NONE', #3233, 0.3142857142857140018 ) ;
#1332 = CARTESIAN_POINT ( 'NONE',  ( -1.268937598987793125, 0.6261328702147569425, -2.529453124756822824 ) ) ;
#1333 = DIRECTION ( 'NONE',  ( -0.03452018384113859223, 0.1735446834999980203, 0.9842208084248470490 ) ) ;
#1334 = CARTESIAN_POINT ( 'NONE',  ( 0.8775954916160894070, 0.6049103247251089721, -3.214428111603221616 ) ) ;
#1335 = CIRCLE ( 'NONE', #676, 3.061544987475520063 ) ;
#1336 = CARTESIAN_POINT ( 'NONE',  ( 1.064999999999999947, 0.000000000000000000, -6.500000000000000000 ) ) ;
#1337 = DIRECTION ( 'NONE',  ( -0.1325620950180090019, 0.1325620950180080027, 0.9822701165814181623 ) ) ;
#1338 = DIRECTION ( 'NONE',  ( 0.000000000000000000, 0.000000000000000000, -1.000000000000000000 ) ) ;
#1339 = CARTESIAN_POINT ( 'NONE',  ( -0.9485515183285986307, -1.051134389473380004, -1.251425598207468015 ) ) ;
#1340 =( BOUNDED_CURVE ( )  B_SPLINE_CURVE ( 2, ( #2800, #1418, #2782 ),
 .UNSPECIFIED., .F., .F. ) 
 B_SPLINE_CURVE_WITH_KNOTS ( ( 3, 3 ),
 ( 0.1573404362770829956, 0.2639015475095070062 ),
 .UNSPECIFIED. ) 
 CURVE ( )  GEOMETRIC_REPRESENTATION_ITEM ( )  RATIONAL_B_SPLINE_CURVE ( ( 1.070856349211010139, 1.076252293245129943, 1.056456288860279980 ) ) 
 REPRESENTATION_ITEM ( '' )  );
#1341 = CARTESIAN_POINT ( 'NONE',  ( 0.9831864224338271452, -0.4094541606523927069, -2.846603482663943474 ) ) ;
#1342 = ORIENTED_EDGE ( 'NONE', *, *, #2091, .F. ) ;
#1343 = CARTESIAN_POINT ( 'NONE',  ( 1.633901261806640415, 1.000475975197160448E-16, -0.8612499999999999600 ) ) ;
#1344 = CARTESIAN_POINT ( 'NONE',  ( -1.415000003381438498, 0.3791481014332135357, -2.631087689931589590 ) ) ;
#1345 = CARTESIAN_POINT ( 'NONE',  ( -1.064999999999999947, -1.503587603973439922E-14, -0.6658225942163629174 ) ) ;
#1346 = CARTESIAN_POINT ( 'NONE',  ( 1.014642241276365375, 0.9892785442507526783, -1.791860221449532276 ) ) ;
#1347 = EDGE_CURVE ( 'NONE', #1089, #2440, #3108, .T. ) ;
#1348 = CARTESIAN_POINT ( 'NONE',  ( 0.8691915639362347568, -1.131816134781327809, -1.014589735588030228 ) ) ;
#1349 = ORIENTED_EDGE ( 'NONE', *, *, #52, .F. ) ;
#1350 = CARTESIAN_POINT ( 'NONE',  ( -1.065000000000001279, 0.1111808053525705359, -3.864265732506468431 ) ) ;
#1351 = EDGE_CURVE ( 'NONE', #3204, #2022, #724, .T. ) ;
#1352 = CARTESIAN_POINT ( 'NONE',  ( -0.8169506309033202074, -1.414999999999998481, -0.2870833333333320248 ) ) ;
#1353 = CARTESIAN_POINT ( 'NONE',  ( -0.1817253005570562130, 1.049472786075197783, -1.426778138986481093 ) ) ;
#1354 = CARTESIAN_POINT ( 'NONE',  ( 0.4825307159458770423, 0.9505120001923023088, -3.129785046305258334 ) ) ;
#1355 = ORIENTED_EDGE ( 'NONE', *, *, #2299, .T. ) ;
#1356 = LINE ( 'NONE', #1073, #3369 ) ;
#1357 = CARTESIAN_POINT ( 'NONE',  ( -1.168840744005344323, -0.6178398247643999142, -3.614835300657763373 ) ) ;
#1358 = CARTESIAN_POINT ( 'NONE',  ( 1.015250998814870353, 0.3218820582802176533, -0.6057830509164491284 ) ) ;
#1359 = CARTESIAN_POINT ( 'NONE',  ( -1.017503676730743933, -0.3287727110454086166, -1.671285681429939940 ) ) ;
#1360 = CARTESIAN_POINT ( 'NONE',  ( -0.7332280245723616918, -0.7724317774179707552, -3.173874721654734277 ) ) ;
#1361 = CARTESIAN_POINT ( 'NONE',  ( 1.011098771264542950, 0.3440783846659898337, -2.198985000991273253 ) ) ;
#1362 = DIRECTION ( 'NONE',  ( 0.000000000000000000, 0.000000000000000000, -1.000000000000000000 ) ) ;
#1363 = ORIENTED_EDGE ( 'NONE', *, *, #894, .F. ) ;
#1364 = CARTESIAN_POINT ( 'NONE',  ( 0.000000000000000000, 0.000000000000000000, -4.235467678493999522 ) ) ;
#1365 = CARTESIAN_POINT ( 'NONE',  ( 0.2510717607720495681, 1.392736649898213885, -1.685106886933946058 ) ) ;
#1366 = COLOUR_RGB ( '',0.7921568627450980005, 0.8196078431372548767, 0.9333333333333333481 ) ;
#1367 = ORIENTED_EDGE ( 'NONE', *, *, #2312, .F. ) ;
#1368 = DIRECTION ( 'NONE',  ( 0.9848077530122080203, 6.733007986079650275E-31, -0.1736481776669309973 ) ) ;
#1369 = CARTESIAN_POINT ( 'NONE',  ( 0.7948058731255928100, 1.171845931274298147, -2.817236921771537173 ) ) ;
#1370 = CARTESIAN_POINT ( 'NONE',  ( -1.911779791404329902E-14, -0.8412581699928068923, -3.710000000000000409 ) ) ;
#1371 = CARTESIAN_POINT ( 'NONE',  ( 0.08237113098392552513, 1.062948114869221472, -3.063007836376919535 ) ) ;
#1372 = ADVANCED_FACE ( 'NONE', ( #411 ), #3105, .T. ) ;
#1373 = ORIENTED_EDGE ( 'NONE', *, *, #824, .F. ) ;
#1374 = CARTESIAN_POINT ( 'NONE',  ( -0.8338634358830587789, -1.143210515817421724, -2.293377390605165989 ) ) ;
#1375 = CARTESIAN_POINT ( 'NONE',  ( -0.9659794520302655840, -0.4484555393712801319, -2.175110103046682397 ) ) ;
#1376 = CARTESIAN_POINT ( 'NONE',  ( 1.732875220793510196E-16, -1.415000000000000036, -1.258750000000000036 ) ) ;
#1377 = CARTESIAN_POINT ( 'NONE',  ( -1.012363050712085766, -0.3325011324663451617, -1.134356781568759853 ) ) ;
#1378 = CARTESIAN_POINT ( 'NONE',  ( 1.225425946354979923, -0.7075000000000000178, -2.009583333333330391 ) ) ;
#1379 = CARTESIAN_POINT ( 'NONE',  ( -0.8854992821949021486, 0.5945641740805855946, -1.825116314614726232 ) ) ;
#1380 = DIRECTION ( 'NONE',  ( -0.9848077530122080203, 0.000000000000000000, 0.1736481776669309973 ) ) ;
#1381 = VERTEX_POINT ( 'NONE', #2068 ) ;
#1382 = CARTESIAN_POINT ( 'NONE',  ( 0.9467716034533874003, -0.4931294203484063998, -1.799999693533563816 ) ) ;
#1383 = CARTESIAN_POINT ( 'NONE',  ( 1.263783514999143209, 0.6396237355465566043, -1.841878150468335251 ) ) ;
#1384 = ORIENTED_EDGE ( 'NONE', *, *, #666, .F. ) ;
#1385 = CARTESIAN_POINT ( 'NONE',  ( -0.6894038018021506620, -0.8205473946557017006, -4.225671555901941545 ) ) ;
#1386 = CARTESIAN_POINT ( 'NONE',  ( 0.7331973370039555071, -0.7724608948050050161, -3.451132126253048327 ) ) ;
#1387 = CARTESIAN_POINT ( 'NONE',  ( -1.326595995208110779, -0.4929952197512800782, -0.2695787477223168804 ) ) ;
#1388 = EDGE_CURVE ( 'NONE', #1666, #3363, #403, .T. ) ;
#1389 = CARTESIAN_POINT ( 'NONE',  ( -0.8966788109447397792, 0.5747016092230462503, -2.344661671655207336 ) ) ;
#1390 = DIRECTION ( 'NONE',  ( -0.9848077530122080203, -3.218382842617980388E-15, -0.1736481776669309973 ) ) ;
#1391 = CARTESIAN_POINT ( 'NONE',  ( -1.379889327035193292, -0.3159237204437189694, -2.411742519462548362 ) ) ;
#1392 = CARTESIAN_POINT ( 'NONE',  ( -0.9684065774528963777, -0.4432153034489249022, -2.175981532398716833 ) ) ;
#1393 = CARTESIAN_POINT ( 'NONE',  ( 1.065000007643261082, 0.02003861064762327976, -0.6558533171344615997 ) ) ;
#1394 = FACE_OUTER_BOUND ( 'NONE', #409, .T. ) ;
#1395 = EDGE_CURVE ( 'NONE', #2183, #2120, #1598, .T. ) ;
#1396 = CARTESIAN_POINT ( 'NONE',  ( 0.8170290643538358211, 1.415135850721300992, -2.804661766783848709 ) ) ;
#1397 = EDGE_CURVE ( 'NONE', #2213, #1490, #2151, .T. ) ;
#1398 = ORIENTED_EDGE ( 'NONE', *, *, #574, .F. ) ;
#1399 = CARTESIAN_POINT ( 'NONE',  ( 0.9962430804713953147, -0.3766014694000618390, -1.781433359535312455 ) ) ;
#1400 = DIRECTION ( 'NONE',  ( 1.968063936677160052E-14, 0.8660254037844387076, 0.4999999999999998890 ) ) ;
#1401 = AXIS2_PLACEMENT_3D ( 'NONE', #875, #1380, #2004 ) ;
#1402 = ORIENTED_EDGE ( 'NONE', *, *, #1554, .F. ) ;
#1403 = CARTESIAN_POINT ( 'NONE',  ( 1.326056470824786837, 0.4944740803032508514, -0.8000207739846848520 ) ) ;
#1404 = CARTESIAN_POINT ( 'NONE',  ( 0.9173199337469836179, -0.5457580241421358114, -3.407155982344709955 ) ) ;
#1405 = CARTESIAN_POINT ( 'NONE',  ( 0.2150944070261470165, -1.337143621062889975, -1.292525872692620044E-17 ) ) ;
#1406 = CARTESIAN_POINT ( 'NONE',  ( -0.7145700397503007562, 0.7938349960844889308, -2.389511962581062132 ) ) ;
#1407 = ORIENTED_EDGE ( 'NONE', *, *, #1007, .T. ) ;
#1408 = CARTESIAN_POINT ( 'NONE',  ( -0.1147204282942509840, -4.758282813917859118E-16, 0.7333333333333339477 ) ) ;
#1409 = CARTESIAN_POINT ( 'NONE',  ( -1.303487121480839960E-15, 0.3733333333333330728, 2.200000000000000178 ) ) ;
#1410 = CARTESIAN_POINT ( 'NONE',  ( -1.202948102426797838, -0.5397275467073906485, -3.628132049521113345 ) ) ;
#1411 = CARTESIAN_POINT ( 'NONE',  ( 1.054273229643488019, 0.1551686538352089195, -0.6334856647199876845 ) ) ;
#1412 = CYLINDRICAL_SURFACE ( 'NONE', #349, 1.064999999999999947 ) ;
#1413 = CARTESIAN_POINT ( 'NONE',  ( -0.3343355368275020001, 1.093385693280150006, 1.978832505671299868 ) ) ;
#1414 = ORIENTED_EDGE ( 'NONE', *, *, #1397, .T. ) ;
#1415 = CARTESIAN_POINT ( 'NONE',  ( 0.7152798061343523806, -0.7898131363931203408, -1.858637978118994338 ) ) ;
#1416 = B_SPLINE_CURVE_WITH_KNOTS ( 'NONE', 3,
 ( #1758, #1989, #364, #2849, #3129, #2568, #19, #2587, #2286, #3435, #878, #2007, #3148, #2137, #1795, #1303, #3013, #470, #987, #2735, #685, #1597, #190, #435, #1852, #2437, #1025, #2417, #132, #1814, #3240, #172, #2077, #1005, #1321, #3565, #3296 ),
 .UNSPECIFIED., .F., .F.,
 ( 4, 2, 2, 2, 1, 1, 1, 1, 2, 2, 2, 2, 2, 2, 2, 2, 1, 1, 1, 2, 2, 4 ),
 ( 0.000000000000000000, 0.2499999999999832911, 0.3749999999999749090, 0.4374999999999706901, 0.4687499999999685252, 0.4843749999999675260, 0.4921874999999668598, 0.4960937499999664713, 0.4980468749999662492, 0.4999999999999660827, 0.5624999999999690248, 0.5937499999999705791, 0.6093749999999712452, 0.6249999999999720224, 0.6874999999999747979, 0.7187499999999761302, 0.7343749999999767963, 0.7421874999999769074, 0.7460937499999770184, 0.7480468749999772404, 0.7499999999999773515, 1.000000000000000000 ),
 .UNSPECIFIED. ) ;
#1417 = ORIENTED_EDGE ( 'NONE', *, *, #2091, .T. ) ;
#1418 = CARTESIAN_POINT ( 'NONE',  ( -1.365098036107970092, 0.1881394730514891200, 1.149713427078790762 ) ) ;
#1419 = FACE_OUTER_BOUND ( 'NONE', #3137, .T. ) ;
#1420 = FACE_OUTER_BOUND ( 'NONE', #2855, .T. ) ;
#1421 = CARTESIAN_POINT ( 'NONE',  ( -0.5235641789094274134, 0.9277024236463921048, -2.427655043510764443 ) ) ;
#1422 = CIRCLE ( 'NONE', #60, 1.064999999999999947 ) ;
#1423 = ORIENTED_EDGE ( 'NONE', *, *, #1003, .T. ) ;
#1424 = CARTESIAN_POINT ( 'NONE',  ( -0.3822318877515023527, -0.9940447179870351979, -3.104974337701747356 ) ) ;
#1425 = DIRECTION ( 'NONE',  ( 0.000000000000000000, 0.000000000000000000, 1.000000000000000000 ) ) ;
#1426 = CARTESIAN_POINT ( 'NONE',  ( -1.017503676732551821, -0.3287727110411584053, -2.731285681430716483 ) ) ;
#1427 = CARTESIAN_POINT ( 'NONE',  ( -1.080260335256766568, -0.7849838488227096622, -3.585445442919305226 ) ) ;
#1428 = CARTESIAN_POINT ( 'NONE',  ( -1.633901261806640415, -3.001427925591489111E-16, -2.583750000000001545 ) ) ;
#1429 = CARTESIAN_POINT ( 'NONE',  ( 1.171829502030181880, -0.7985104444357101761, -0.9616087593646209797 ) ) ;
#1430 = DIRECTION ( 'NONE',  ( -0.3826834323650895042, 0.9238795325112869605, 0.000000000000000000 ) ) ;
#1431 = VERTEX_POINT ( 'NONE', #3670 ) ;
#1432 = DIRECTION ( 'NONE',  ( 0.000000000000000000, 0.000000000000000000, 1.000000000000000000 ) ) ;
#1433 =( BOUNDED_CURVE ( )  B_SPLINE_CURVE ( 2, ( #2814, #3401, #542 ),
 .UNSPECIFIED., .F., .T. ) 
 B_SPLINE_CURVE_WITH_KNOTS ( ( 3, 3 ),
 ( -0.2029897669966750084, -0.09642865576425070639 ),
 .UNSPECIFIED. ) 
 CURVE ( )  GEOMETRIC_REPRESENTATION_ITEM ( )  RATIONAL_B_SPLINE_CURVE ( ( 1.070856349210880021, 1.076252293245000047, 1.056456288860189829 ) ) 
 REPRESENTATION_ITEM ( '' )  );
#1434 = EDGE_CURVE ( 'NONE', #3111, #1978, #1195, .T. ) ;
#1435 = ORIENTED_EDGE ( 'NONE', *, *, #2048, .T. ) ;
#1436 = CARTESIAN_POINT ( 'NONE',  ( 1.618197816793849997, 0.2890648602567590375, 1.722089740673879987 ) ) ;
#1437 = DIRECTION ( 'NONE',  ( 0.000000000000000000, 1.000000000000000000, 1.224606353822379970E-16 ) ) ;
#1438 = CARTESIAN_POINT ( 'NONE',  ( -0.7080074590191928197, -1.225291566634497675, -0.1546514350980518204 ) ) ;
#1439 = CARTESIAN_POINT ( 'NONE',  ( -0.8169506309033202074, 1.414999999999998703, -4.747916666666657015 ) ) ;
#1440 = EDGE_LOOP ( 'NONE', ( #1740, #879, #3499, #1239, #3281, #2315, #3653, #3385, #2428 ) ) ;
#1441 = CARTESIAN_POINT ( 'NONE',  ( 1.732875220793510196E-16, -1.415000000000000036, -1.126249999999999973 ) ) ;
#1442 = DIRECTION ( 'NONE',  ( 6.495968535192478238E-33, -1.060872169790542267E-16, 1.000000000000000000 ) ) ;
#1443 = CARTESIAN_POINT ( 'NONE',  ( 0.4857006309033200520, -0.8412581699928072254, -2.561666666666669645 ) ) ;
#1444 = CARTESIAN_POINT ( 'NONE',  ( 1.064999999999996172, 7.135480345692781340E-08, -1.195822224777184140 ) ) ;
#1445 = CARTESIAN_POINT ( 'NONE',  ( -0.3662516455510952396, -1.000111991170217651, -2.042297165250034574 ) ) ;
#1446 = CARTESIAN_POINT ( 'NONE',  ( -1.010803529814563895, 0.3358139478907589681, -0.1850044902234377064 ) ) ;
#1447 = CARTESIAN_POINT ( 'NONE',  ( 1.732875220793510196E-16, -1.415000000000000036, -1.126249999999999973 ) ) ;
#1448 = VECTOR ( 'NONE', #1455, 1000.000000000000000 ) ;
#1449 = CARTESIAN_POINT ( 'NONE',  ( 0.01081432065013676787, 1.064960404084736911, -1.455829031770226711 ) ) ;
#1450 = AXIS2_PLACEMENT_3D ( 'NONE', #249, #2532, #268 ) ;
#1451 = VERTEX_POINT ( 'NONE', #1106 ) ;
#1452 = CARTESIAN_POINT ( 'NONE',  ( -1.405822537060029920E-14, -1.064999999999999947, -1.984177405783629888 ) ) ;
#1453 = CARTESIAN_POINT ( 'NONE',  ( -0.4857006309033200520, 0.8412581699928072254, -1.236666666666659697 ) ) ;
#1454 = ORIENTED_EDGE ( 'NONE', *, *, #2960, .T. ) ;
#1455 = DIRECTION ( 'NONE',  ( 0.000000000000000000, 0.000000000000000000, 1.000000000000000000 ) ) ;
#1456 = VECTOR ( 'NONE', #380, 1000.000000000000227 ) ;
#1457 = LINE ( 'NONE', #2593, #3234 ) ;
#1458 = CARTESIAN_POINT ( 'NONE',  ( 1.182748768039330045, 3.252606517456509851E-16, 0.7333333333333339477 ) ) ;
#1459 = CONICAL_SURFACE ( 'NONE', #628, 1.866666666666670027, 0.4363323129985828830 ) ;
#1460 = ADVANCED_FACE ( 'NONE', ( #1419 ), #2870, .T. ) ;
#1461 = VERTEX_POINT ( 'NONE', #1727 ) ;
#1462 = CARTESIAN_POINT ( 'NONE',  ( -1.415000062859040897, -0.002857044218920975088, -1.390893291280998367 ) ) ;
#1463 = DIRECTION ( 'NONE',  ( -1.000000000000000000, 0.000000000000000000, 0.000000000000000000 ) ) ;
#1464 = CARTESIAN_POINT ( 'NONE',  ( -0.3493663975504390229, 1.019440204259697502, -1.936740245796163773 ) ) ;
#1465 = DIRECTION ( 'NONE',  ( 0.000000000000000000, 0.000000000000000000, -1.000000000000000000 ) ) ;
#1466 = CARTESIAN_POINT ( 'NONE',  ( 0.4772054363726797033, 0.9535610384182742205, -0.4718838494915063020 ) ) ;
#1467 = CARTESIAN_POINT ( 'NONE',  ( 1.308063742897002779, -0.5396301431765168077, -0.9282807223063334057 ) ) ;
#1468 = CARTESIAN_POINT ( 'NONE',  ( -0.7285509463549789677, 0.4206290849964030021, -3.268333333333329982 ) ) ;
#1469 = AXIS2_PLACEMENT_3D ( 'NONE', #661, #622, #1481 ) ;
#1470 = ORIENTED_EDGE ( 'NONE', *, *, #2095, .T. ) ;
#1471 = CARTESIAN_POINT ( 'NONE',  ( 1.225425946354979923, 0.7075000000000000178, -3.025416666666659982 ) ) ;
#1472 = CARTESIAN_POINT ( 'NONE',  ( -0.9789428913829741896, -0.4194011727628850772, -3.776253201402310467 ) ) ;
#1473 = ORIENTED_EDGE ( 'NONE', *, *, #1347, .T. ) ;
#1474 = CARTESIAN_POINT ( 'NONE',  ( 0.2852623812513794266, 1.026625373314344669, -4.154974761247854254 ) ) ;
#1475 = CARTESIAN_POINT ( 'NONE',  ( -1.225425946354979923, 0.7075000000000000178, -2.539583333333330195 ) ) ;
#1476 = CARTESIAN_POINT ( 'NONE',  ( 0.9714012618066378835, -7.032710120721204173E-17, -1.325000000000000622 ) ) ;
#1477 = ORIENTED_EDGE ( 'NONE', *, *, #3249, .F. ) ;
#1478 = CARTESIAN_POINT ( 'NONE',  ( 0.7758718656432540550, -0.7304332206239748659, -3.965124715761043639 ) ) ;
#1479 =( BOUNDED_CURVE ( )  B_SPLINE_CURVE ( 2, ( #1444, #2580, #3054, #393, #177, #732, #1603, #3341, #786 ),
 .UNSPECIFIED., .F., .F. ) 
 B_SPLINE_CURVE_WITH_KNOTS ( ( 3, 2, 2, 2, 3 ),
 ( 0.3333333584641826608, 0.4444444444444451969, 0.6666666666666666297, 0.8888888888888878403, 1.000000000000000000 ),
 .UNSPECIFIED. ) 
 CURVE ( )  GEOMETRIC_REPRESENTATION_ITEM ( )  RATIONAL_B_SPLINE_CURVE ( ( 0.9330127018922229620, 0.9330127170432488404, 1.000000000000000000, 0.8660254037844389297, 1.000000000000000000, 0.8660254037844389297, 1.000000000000000000, 0.9330127018922194093, 0.9330127018922194093 ) ) 
 REPRESENTATION_ITEM ( '' )  );
#1480 = CARTESIAN_POINT ( 'NONE',  ( 0.3373871895381553299, -1.391862679290299720, -2.148325528720929078 ) ) ;
#1481 = DIRECTION ( 'NONE',  ( 0.3826834323650911696, -0.9238795325112862944, 5.247442448228058544E-15 ) ) ;
#1482 = CARTESIAN_POINT ( 'NONE',  ( 1.030244125138249994E-16, -0.8412581699928068923, -2.649999999999999911 ) ) ;
#1483 = CARTESIAN_POINT ( 'NONE',  ( -0.4452107867136222419, -0.9701144882590757579, -2.592651507485423501 ) ) ;
#1484 = CARTESIAN_POINT ( 'NONE',  ( -0.2441154333797460607, 1.036665066174466077, -0.3567061187030421410 ) ) ;
#1485 = AXIS2_PLACEMENT_3D ( 'NONE', #193, #1045, #3527 ) ;
#1486 = CARTESIAN_POINT ( 'NONE',  ( 0.3193094183870096026, 1.018332578384520737, -1.504808960740137147 ) ) ;
#1487 = ORIENTED_EDGE ( 'NONE', *, *, #1889, .T. ) ;
#1488 = CARTESIAN_POINT ( 'NONE',  ( 0.8169506309033202074, 1.414999999999998481, -2.937083333333332380 ) ) ;
#1489 = CARTESIAN_POINT ( 'NONE',  ( -0.2403290674021703044, -1.038115876823512362, -3.617609934677608052 ) ) ;
#1490 = VERTEX_POINT ( 'NONE', #1695 ) ;
#1491 = CARTESIAN_POINT ( 'NONE',  ( -0.7176854675072892320, 0.7883859940637477637, -3.985207883114132432 ) ) ;
#1492 = DIRECTION ( 'NONE',  ( 1.000000000000000000, 0.000000000000000000, 0.000000000000000000 ) ) ;
#1493 = CARTESIAN_POINT ( 'NONE',  ( 0.7285509463549789677, -0.4206290849964030021, -3.798333333333330231 ) ) ;
#1494 = PRODUCT_RELATED_PRODUCT_CATEGORY ( 'part', '', ( #1186 ) ) ;
#1495 = AXIS2_PLACEMENT_3D ( 'NONE', #2852, #3404, #1154 ) ;
#1496 = ORIENTED_EDGE ( 'NONE', *, *, #3632, .F. ) ;
#1497 = EDGE_CURVE ( 'NONE', #2705, #3402, #1023, .T. ) ;
#1498 = CARTESIAN_POINT ( 'NONE',  ( -6.963900243245539595E-15, -1.064999999999999947, -4.104177405783629773 ) ) ;
#1499 = CARTESIAN_POINT ( 'NONE',  ( 1.321440659105546311, -0.5060518990031278586, -1.984321567279130560 ) ) ;
#1500 = CARTESIAN_POINT ( 'NONE',  ( -2.231056575520759816E-14, -1.064999999999999947, -1.460822594216370174 ) ) ;
#1501 = CARTESIAN_POINT ( 'NONE',  ( -0.9778042551164677354, 0.4230767037874874070, -2.855802868848669629 ) ) ;
#1502 = CARTESIAN_POINT ( 'NONE',  ( -0.9759483566971343116, -0.4263476499985497381, -2.715107688782847806 ) ) ;
#1503 = CARTESIAN_POINT ( 'NONE',  ( 0.5204886592231610098, 0.9302551252957511618, -0.4799029824695184576 ) ) ;
#1504 = CARTESIAN_POINT ( 'NONE',  ( 1.064999999980948076, 6.374111798305019433E-06, -1.719176348419649392 ) ) ;
#1505 = EDGE_CURVE ( 'NONE', #1824, #1072, #2801, .T. ) ;
#1506 = EDGE_CURVE ( 'NONE', #811, #1490, #1847, .T. ) ;
#1507 = CARTESIAN_POINT ( 'NONE',  ( 0.1147204282942509701, 1.177171980481420022, 0.7333333333333339477 ) ) ;
#1508 = CIRCLE ( 'NONE', #2874, 1.429838714167539937 ) ;
#1509 = CARTESIAN_POINT ( 'NONE',  ( 1.030359414039760058, 0.5327967159322799517, -0.000000000000000000 ) ) ;
#1510 = CARTESIAN_POINT ( 'NONE',  ( -0.9793814964988462046, -0.4183767687059755103, -3.776420504860579896 ) ) ;
#1511 = EDGE_LOOP ( 'NONE', ( #3673, #2608, #1487, #1402 ) ) ;
#1512 = CARTESIAN_POINT ( 'NONE',  ( -0.9595541556469978639, 0.4626034063636916271, -3.922340436357712790 ) ) ;
#1513 = LINE ( 'NONE', #2043, #278 ) ;
#1514 = CARTESIAN_POINT ( 'NONE',  ( -1.633901261806640415, -3.001427925591489111E-16, -2.451249999999999041 ) ) ;
#1515 = CARTESIAN_POINT ( 'NONE',  ( 0.4857006309033189417, -0.8412581699928072254, -3.886666666666667602 ) ) ;
#1516 = EDGE_LOOP ( 'NONE', ( #1842, #3062, #2910, #370, #3132, #23, #3037, #1641, #2331, #2915, #1, #860, #2158, #3604, #2407, #1996, #1646, #2777, #2457, #1196, #262, #1605 ) ) ;
#1517 = CARTESIAN_POINT ( 'NONE',  ( 0.8286451002866955795, -0.6691932108080677066, -3.952564567147654806 ) ) ;
#1518 = CARTESIAN_POINT ( 'NONE',  ( 1.354028559890787298, -0.4126061264756599734, -1.972664343328138337 ) ) ;
#1519 = CARTESIAN_POINT ( 'NONE',  ( 1.414999999999999591, -0.3791481072900380056, -2.101087690662829743 ) ) ;
#1520 = CARTESIAN_POINT ( 'NONE',  ( -1.065000000000003277, 0.1522876497594388145, -2.811084708260968679 ) ) ;
#1521 = CARTESIAN_POINT ( 'NONE',  ( -0.6228821477023595010, 1.270667881177446557, -1.579886708808676765 ) ) ;
#1522 = CARTESIAN_POINT ( 'NONE',  ( 0.1292746150753140699, 1.057264229129931010, -1.473462671191112072 ) ) ;
#1523 = CARTESIAN_POINT ( 'NONE',  ( 0.1386102968371924482, -1.116268676118884029, -4.114652739027683026 ) ) ;
#1524 = CARTESIAN_POINT ( 'NONE',  ( 0.000000000000000000, 0.000000000000000000, -3.390492931663389609 ) ) ;
#1525 = CARTESIAN_POINT ( 'NONE',  ( -1.064999999999999947, -1.304248841091929880E-16, 2.609024107869120394E-13 ) ) ;
#1526 = VECTOR ( 'NONE', #2016, 1000.000000000000000 ) ;
#1527 = ORIENTED_EDGE ( 'NONE', *, *, #1054, .F. ) ;
#1528 = CARTESIAN_POINT ( 'NONE',  ( -0.8169506309033202074, -1.414999999999998703, -0.1545833333333320458 ) ) ;
#1529 = DIRECTION ( 'NONE',  ( 0.000000000000000000, 1.000000000000000000, 1.189524669241239855E-16 ) ) ;
#1530 = CARTESIAN_POINT ( 'NONE',  ( 0.2932519008174139796, 0.7079727161450900530, 2.200000000000000178 ) ) ;
#1531 = CARTESIAN_POINT ( 'NONE',  ( 1.633901261806640415, 1.000475975197160448E-16, -5.101250000000002061 ) ) ;
#1532 = CARTESIAN_POINT ( 'NONE',  ( -0.2366979521528380093, -1.043706650727571184, -0.9594779350284163844 ) ) ;
#1533 = ORIENTED_EDGE ( 'NONE', *, *, #1505, .T. ) ;
#1534 = CARTESIAN_POINT ( 'NONE',  ( 0.6967285201735142763, -0.8064822868533731981, -3.982693942184414304 ) ) ;
#1535 = CARTESIAN_POINT ( 'NONE',  ( -1.414999999965742328, 9.846213738595768593E-06, -2.451251229326852243 ) ) ;
#1536 = CARTESIAN_POINT ( 'NONE',  ( 0.4266845863567945152, -0.9766785772818092903, -0.8554851699482697303 ) ) ;
#1537 = CARTESIAN_POINT ( 'NONE',  ( -1.225425946354979923, -0.7075000000000000178, -3.555416666666659786 ) ) ;
#1538 = CARTESIAN_POINT ( 'NONE',  ( 1.064998550454800519, -0.1428751914816113744, -2.279523296904454543 ) ) ;
#1539 = CARTESIAN_POINT ( 'NONE',  ( 0.7385746631723604239, -0.7672891625843117902, -2.390032210568219906 ) ) ;
#1540 = EDGE_CURVE ( 'NONE', #3391, #419, #720, .T. ) ;
#1541 = CIRCLE ( 'NONE', #3634, 1.643813452832049826 ) ;
#1542 = CARTESIAN_POINT ( 'NONE',  ( 0.000000000000000000, -5.499581995895100111E-17, 0.4490897812778119613 ) ) ;
#1543 = EDGE_CURVE ( 'NONE', #1780, #805, #1661, .T. ) ;
#1544 = CARTESIAN_POINT ( 'NONE',  ( 0.6499077727052191555, 0.8439010116383535154, -3.685825893954124854 ) ) ;
#1545 = CARTESIAN_POINT ( 'NONE',  ( 0.9922572854978278789, -0.3868526374467301521, -2.843049637640964633 ) ) ;
#1546 = EDGE_LOOP ( 'NONE', ( #2066, #1067, #459, #2570, #1748, #363 ) ) ;
#1547 = CARTESIAN_POINT ( 'NONE',  ( 0.8169506309033202074, 1.414999999999998703, 0.3754166666666670649 ) ) ;
#1548 = CARTESIAN_POINT ( 'NONE',  ( 0.000000000000000000, 0.000000000000000000, 0.3142857142857140018 ) ) ;
#1549 = CARTESIAN_POINT ( 'NONE',  ( 0.4857006309033200520, -0.8412581699928072254, -1.766666666666668162 ) ) ;
#1550 = CARTESIAN_POINT ( 'NONE',  ( -0.7285509463549789677, 0.4206290849964030021, -4.328333333333329591 ) ) ;
#1551 = CARTESIAN_POINT ( 'NONE',  ( -0.3388928423575032212, 1.109905217537937583, -4.007953538120999859 ) ) ;
#1552 = VERTEX_POINT ( 'NONE', #275 ) ;
#1553 = CARTESIAN_POINT ( 'NONE',  ( -1.182184359309540467, 0.7776026298460244623, -0.4285941520283420014 ) ) ;
#1554 = EDGE_CURVE ( 'NONE', #2927, #326, #2450, .T. ) ;
#1555 = CARTESIAN_POINT ( 'NONE',  ( 1.000511887156746216, -1.000600301647988966, -2.052199513233210482 ) ) ;
#1556 = CARTESIAN_POINT ( 'NONE',  ( -0.5094619331365175530, -0.9379676452945860943, -1.544388323237224192 ) ) ;
#1557 = CARTESIAN_POINT ( 'NONE',  ( -0.9661078395227322702, 0.4490087161815068950, -2.860170283714929873 ) ) ;
#1558 = CARTESIAN_POINT ( 'NONE',  ( -0.8169631252117988129, -1.415021640777091694, -3.467070839024851026 ) ) ;
#1559 = CARTESIAN_POINT ( 'NONE',  ( 0.1069809471645466192, -1.064999999996385727, -2.505453719248412092 ) ) ;
#1560 = CARTESIAN_POINT ( 'NONE',  ( 3.044122043594855197E-16, -2.485714285714290206, 0.3142857142857137243 ) ) ;
#1561 = CARTESIAN_POINT ( 'NONE',  ( 0.9445871935668943564, 0.4924149619221168672, -3.757455789417080805 ) ) ;
#1562 = CARTESIAN_POINT ( 'NONE',  ( 1.047618362744146658, -0.1969345705537517144, -2.811775209049573565 ) ) ;
#1563 = ORIENTED_EDGE ( 'NONE', *, *, #1574, .F. ) ;
#1564 = FACE_OUTER_BOUND ( 'NONE', #1294, .T. ) ;
#1565 = CYLINDRICAL_SURFACE ( 'NONE', #2412, 1.415000000000000036 ) ;
#1566 = CARTESIAN_POINT ( 'NONE',  ( 0.000000000000000000, 1.415000000000000036, 0.3312499999999999889 ) ) ;
#1567 = VECTOR ( 'NONE', #1060, 1000.000000000000000 ) ;
#1568 = CARTESIAN_POINT ( 'NONE',  ( -1.172501932847264783, 0.4183807958701415974, -3.801379305882306880 ) ) ;
#1569 = ORIENTED_EDGE ( 'NONE', *, *, #1985, .T. ) ;
#1570 = CARTESIAN_POINT ( 'NONE',  ( -1.385253180627508574, 0.3464565740205107769, -0.3735760194757440367 ) ) ;
#1571 = CARTESIAN_POINT ( 'NONE',  ( -1.134630648017278975, 0.8471852186164651188, -2.558930643752278300 ) ) ;
#1572 = CARTESIAN_POINT ( 'NONE',  ( -0.7644565126933909882, 0.7438854769710796511, -1.318199923774183935 ) ) ;
#1573 = CARTESIAN_POINT ( 'NONE',  ( 1.064998914823767961, 0.1813751743377746417, -2.749090164692460814 ) ) ;
#1574 = EDGE_CURVE ( 'NONE', #2804, #1818, #536, .T. ) ;
#1575 = CARTESIAN_POINT ( 'NONE',  ( -1.049701532129470039, 0.1147204282942469872, 0.7333333333333339477 ) ) ;
#1576 = CARTESIAN_POINT ( 'NONE',  ( 0.7605056683420897690, -0.7456511657294295770, -2.385481826353939905 ) ) ;
#1577 = AXIS2_PLACEMENT_3D ( 'NONE', #227, #2508, #3065 ) ;
#1578 = CARTESIAN_POINT ( 'NONE',  ( 0.4857006309033189417, 0.8412581699928072254, -2.208333333333332593 ) ) ;
#1579 = AXIS2_PLACEMENT_3D ( 'NONE', #3053, #3643, #1081 ) ;
#1580 = CARTESIAN_POINT ( 'NONE',  ( 1.013608780417892596, -0.5849357052342366581, -3.986704734535928552 ) ) ;
#1581 = CARTESIAN_POINT ( 'NONE',  ( 0.8529197146138700614, 0.6390750061180369146, -3.731370434458498586 ) ) ;
#1582 = DIRECTION ( 'NONE',  ( 1.000000000000000000, 0.000000000000000000, 0.000000000000000000 ) ) ;
#1583 = VERTEX_POINT ( 'NONE', #81 ) ;
#1584 = CARTESIAN_POINT ( 'NONE',  ( -0.4857006309033189417, -0.8412581699928072254, -0.8833333333333306392 ) ) ;
#1585 = CARTESIAN_POINT ( 'NONE',  ( -0.1288431438484617386, 1.410308821938873969, -1.641758189393794254 ) ) ;
#1586 = CARTESIAN_POINT ( 'NONE',  ( -1.014661313678396626, 0.6829529844533387406, -3.853618840447782468 ) ) ;
#1587 = ORIENTED_EDGE ( 'NONE', *, *, #1397, .F. ) ;
#1588 = CARTESIAN_POINT ( 'NONE',  ( 1.075492116155748468, 0.9203761574006700252, -0.7433997488840423662 ) ) ;
#1589 = CARTESIAN_POINT ( 'NONE',  ( -1.275264764115514371, 0.6131309152899332426, -2.527816503391954406 ) ) ;
#1590 = CARTESIAN_POINT ( 'NONE',  ( 0.08971632830305786843, -1.412210729136675669, -0.05638315600371086173 ) ) ;
#1591 = CARTESIAN_POINT ( 'NONE',  ( 0.6987712004980549674, 0.8037523183564562190, -2.636230939984856469 ) ) ;
#1592 = CARTESIAN_POINT ( 'NONE',  ( 1.633926250423599402, 1.000491276312050251E-16, -3.113737505691519747 ) ) ;
#1593 = CARTESIAN_POINT ( 'NONE',  ( -0.3835526596243822306, -1.343618769518044598, -3.434690060680576362 ) ) ;
#1594 = CARTESIAN_POINT ( 'NONE',  ( 0.4857006309033200520, -0.8412581699928072254, -2.561666666666657655 ) ) ;
#1595 = EDGE_CURVE ( 'NONE', #279, #3668, #1764, .T. ) ;
#1596 = CARTESIAN_POINT ( 'NONE',  ( -0.4332059052848476477, -0.9730760670477296426, -3.114055372741272532 ) ) ;
#1597 = CARTESIAN_POINT ( 'NONE',  ( 0.8033095860893639806, -1.165018538732780495, -3.143785221061424995 ) ) ;
#1598 =( BOUNDED_CURVE ( )  B_SPLINE_CURVE ( 2, ( #3649, #1902, #3039, #494, #1625, #1352, #3387, #3439, #2255 ),
 .UNSPECIFIED., .F., .T. ) 
 B_SPLINE_CURVE_WITH_KNOTS ( ( 3, 2, 2, 2, 3 ),
 ( 0.000000000000000000, 0.02428129491545043608, 0.2016846958399133860, 0.3790880967643763810, 0.4677898056218687262 ),
 .UNSPECIFIED. ) 
 CURVE ( )  GEOMETRIC_REPRESENTATION_ITEM ( )  RATIONAL_B_SPLINE_CURVE ( ( 0.9683452923086925956, 0.9816628279675791990, 1.000000000000000000, 0.8660254037844389297, 1.000000000000000000, 0.8660254037844389297, 1.000000000000000000, 0.9330126955521407250, 0.9330127018922200755 ) ) 
 REPRESENTATION_ITEM ( '' )  );
#1599 = CARTESIAN_POINT ( 'NONE',  ( 0.8578459775290051548, -0.6313939202840198606, -2.884928559151589855 ) ) ;
#1600 = ORIENTED_EDGE ( 'NONE', *, *, #291, .F. ) ;
#1601 = CARTESIAN_POINT ( 'NONE',  ( 0.9714012618066378835, -7.032710120721204173E-17, -0.5299999999999969180 ) ) ;
#1602 = FACE_OUTER_BOUND ( 'NONE', #2998, .T. ) ;
#1603 = CARTESIAN_POINT ( 'NONE',  ( -0.9223170550304277127, 0.5324999999999999734, -0.7541559275496987347 ) ) ;
#1604 = CARTESIAN_POINT ( 'NONE',  ( -1.068731374098327302, 0.6080992718435599409, -3.838278209065832058 ) ) ;
#1605 = ORIENTED_EDGE ( 'NONE', *, *, #2828, .T. ) ;
#1606 = CARTESIAN_POINT ( 'NONE',  ( -1.165583069628881807, 0.8027395701122822524, -0.4320026290698384952 ) ) ;
#1607 = CARTESIAN_POINT ( 'NONE',  ( -0.1206324332772035629, 1.409857536250708643, -2.702869454966461138 ) ) ;
#1608 = CARTESIAN_POINT ( 'NONE',  ( 0.5487726514224449126, -1.304252114067969925, 0.000000000000000000 ) ) ;
#1609 = DIRECTION ( 'NONE',  ( 0.1325620950180100011, -0.1325620950180080027, 0.9822701165814180513 ) ) ;
#1610 = CARTESIAN_POINT ( 'NONE',  ( 1.633926250423599402, 1.000491276312050251E-16, -4.173737505691518912 ) ) ;
#1611 = CARTESIAN_POINT ( 'NONE',  ( -0.5834851091991939409, 0.5834851091991889449, 2.177631830801459945 ) ) ;
#1612 = DIRECTION ( 'NONE',  ( -1.025099830784960051E-14, 1.000000000000000000, 0.000000000000000000 ) ) ;
#1613 = CYLINDRICAL_SURFACE ( 'NONE', #1756, 1.064999999999999947 ) ;
#1614 = CARTESIAN_POINT ( 'NONE',  ( -0.3853011054601438445, -0.9928629688965839861, -3.105513889027107677 ) ) ;
#1615 = CARTESIAN_POINT ( 'NONE',  ( -6.963900243245539595E-15, -1.064999999999999947, -4.104177405783629773 ) ) ;
#1616 = EDGE_CURVE ( 'NONE', #1798, #957, #2349, .T. ) ;
#1617 = EDGE_LOOP ( 'NONE', ( #309, #2193, #3370, #3265, #1407, #478 ) ) ;
#1618 = CARTESIAN_POINT ( 'NONE',  ( 0.9831813092008000465, -0.4094664390544787147, -1.786605496763375989 ) ) ;
#1619 = CARTESIAN_POINT ( 'NONE',  ( -0.7285509463549789677, 0.4206290849964030021, -2.208333333333329929 ) ) ;
#1620 = CARTESIAN_POINT ( 'NONE',  ( -0.2395807955337599104, 1.394615806822442350, -1.629006638255628081 ) ) ;
#1621 = CARTESIAN_POINT ( 'NONE',  ( -0.8922879654395737825, 0.8176622569031090082, -3.885660203786287514 ) ) ;
#1622 = ORIENTED_EDGE ( 'NONE', *, *, #1013, .F. ) ;
#1623 = CARTESIAN_POINT ( 'NONE',  ( 1.106442791497591616, 0.8821033155657370672, -0.7491463827307521806 ) ) ;
#1624 = AXIS2_PLACEMENT_3D ( 'NONE', #917, #2932, #902 ) ;
#1625 = CARTESIAN_POINT ( 'NONE',  ( 1.732875220793510196E-16, -1.415000000000000036, -0.1987500000000000100 ) ) ;
#1626 = CARTESIAN_POINT ( 'NONE',  ( 0.000000000000000000, 0.000000000000000000, 0.000000000000000000 ) ) ;
#1627 = CARTESIAN_POINT ( 'NONE',  ( 0.8603652584050137664, 0.6287625266373139121, -2.673475591627703096 ) ) ;
#1628 = AXIS2_PLACEMENT_3D ( 'NONE', #2371, #45, #2044 ) ;
#1629 = CARTESIAN_POINT ( 'NONE',  ( -0.8244814586706961101, -1.149995146723010286, -2.291940792345341205 ) ) ;
#1630 = CARTESIAN_POINT ( 'NONE',  ( 0.8444785618852459486, 0.6673202249120546714, -0.02512471653142607508 ) ) ;
#1631 = CARTESIAN_POINT ( 'NONE',  ( -0.4857006309033200520, 0.8412581699928072254, -2.031666666666660959 ) ) ;
#1632 = VECTOR ( 'NONE', #1056, 1000.000000000000114 ) ;
#1633 = CARTESIAN_POINT ( 'NONE',  ( -0.8256674177302225637, -1.149264026635540503, -1.232108617444916732 ) ) ;
#1634 = CARTESIAN_POINT ( 'NONE',  ( 0.9714012618066378835, 5.948117229796001962E-17, -2.384999999999998010 ) ) ;
#1635 = CARTESIAN_POINT ( 'NONE',  ( -0.1881394730514991120, 1.365098036107968982, 1.149713427078780770 ) ) ;
#1636 = ORIENTED_EDGE ( 'NONE', *, *, #1282, .T. ) ;
#1637 = FACE_OUTER_BOUND ( 'NONE', #366, .T. ) ;
#1638 = EDGE_CURVE ( 'NONE', #3319, #1451, #1784, .T. ) ;
#1639 = CARTESIAN_POINT ( 'NONE',  ( -0.2690600781328731927, 1.389184876697253657, -1.625542046453526401 ) ) ;
#1640 = CARTESIAN_POINT ( 'NONE',  ( 0.2987028650377996919, 1.067639350225149553, -4.130117859285145521 ) ) ;
#1641 = ORIENTED_EDGE ( 'NONE', *, *, #773, .T. ) ;
#1642 = CARTESIAN_POINT ( 'NONE',  ( 0.6582068186931357978, 1.252611280583190601, -2.797555813720293827 ) ) ;
#1643 = CARTESIAN_POINT ( 'NONE',  ( 0.4225938325800818740, -1.357342681622053515, -0.01695742133013878120 ) ) ;
#1644 = CARTESIAN_POINT ( 'NONE',  ( 0.6499597656281245195, 0.8438609728288707368, -3.162481816154677716 ) ) ;
#1645 = VECTOR ( 'NONE', #500, 1000.000000000000000 ) ;
#1646 = ORIENTED_EDGE ( 'NONE', *, *, #2761, .T. ) ;
#1647 = CARTESIAN_POINT ( 'NONE',  ( -1.456140700027009556E-14, -1.415000000000000036, -2.186249999999999805 ) ) ;
#1648 = CARTESIAN_POINT ( 'NONE',  ( 1.064999999999998614, 1.568303713372040889E-09, -0.1358225939561129858 ) ) ;
#1649 = CARTESIAN_POINT ( 'NONE',  ( 0.000000000000000000, 1.415000000000000036, -1.788750000000000062 ) ) ;
#1650 = CARTESIAN_POINT ( 'NONE',  ( -1.064999999999999947, 1.125316009477719886E-16, -1.189177405783629959 ) ) ;
#1651 = EDGE_CURVE ( 'NONE', #442, #1140, #1513, .T. ) ;
#1652 = CARTESIAN_POINT ( 'NONE',  ( -0.08228078216389921040, 1.062148130265470281, -1.978694762354253456 ) ) ;
#1653 = CARTESIAN_POINT ( 'NONE',  ( 0.8170290643538358211, 1.415135850721300992, -3.864661766783848318 ) ) ;
#1654 = ADVANCED_FACE ( 'NONE', ( #3224 ), #3245, .T. ) ;
#1655 = ORIENTED_EDGE ( 'NONE', *, *, #1007, .F. ) ;
#1656 = DIRECTION ( 'NONE',  ( -0.3768696111424731376, 0.9098437264664054336, 0.1736481776669310251 ) ) ;
#1657 = CARTESIAN_POINT ( 'NONE',  ( 1.178127018849684404, 0.7837370569781693108, -1.822805128531483687 ) ) ;
#1658 = CARTESIAN_POINT ( 'NONE',  ( 0.6039132996959021282, 0.9084412234486459736, -4.201649346928115314 ) ) ;
#1659 = ORIENTED_EDGE ( 'NONE', *, *, #2003, .F. ) ;
#1660 = CARTESIAN_POINT ( 'NONE',  ( -0.3787116057102962174, -1.021316656359957609, -4.176878915814151050 ) ) ;
#1661 = LINE ( 'NONE', #2011, #1319 ) ;
#1662 = DIRECTION ( 'NONE',  ( -1.000000000000000000, 0.000000000000000000, 0.000000000000000000 ) ) ;
#1663 = CARTESIAN_POINT ( 'NONE',  ( 0.07351858805515222584, 1.062782689801850422, -2.525111428071701081 ) ) ;
#1664 = B_SPLINE_CURVE_WITH_KNOTS ( 'NONE', 3,
 ( #3581, #3219, #1793, #2941, #1263, #397, #2957, #416, #2679, #2399, #1909, #299, #1891, #485, #1360, #229, #1873, #3046, #2472, #188, #469, #2454, #1699, #1979, #1596, #1320, #3029, #2277, #1614, #1424, #1124, #2840, #2190, #1141, #3316 ),
 .UNSPECIFIED., .F., .F.,
 ( 4, 2, 2, 2, 1, 1, 1, 2, 2, 2, 2, 2, 2, 2, 2, 1, 1, 2, 2, 4 ),
 ( 0.000000000000000000, 0.2499999999999938383, 0.3749999999999906741, 0.4374999999999891198, 0.4687499999999882871, 0.4843749999999878431, 0.4921874999999876210, 0.4960937499999876765, 0.4999999999999876765, 0.5624999999999904521, 0.5937499999999917843, 0.6093749999999925615, 0.6249999999999932276, 0.6874999999999958922, 0.7187499999999972244, 0.7343749999999980016, 0.7421874999999983347, 0.7460937499999983347, 0.7499999999999983347, 1.000000000000000000 ),
 .UNSPECIFIED. ) ;
#1665 = EDGE_CURVE ( 'NONE', #560, #1451, #2684, .T. ) ;
#1666 = VERTEX_POINT ( 'NONE', #2082 ) ;
#1667 = CARTESIAN_POINT ( 'NONE',  ( 1.633901261806640415, -2.976067598545578848E-17, -0.9937499999999975797 ) ) ;
#1668 = CARTESIAN_POINT ( 'NONE',  ( -1.404111047011337821, -0.1777479171627738275, -2.429067807937249412 ) ) ;
#1669 = CARTESIAN_POINT ( 'NONE',  ( -0.9740450041272489257, -0.4307774651585992709, -2.178049735061793335 ) ) ;
#1670 = CARTESIAN_POINT ( 'NONE',  ( 0.9983104006869979452, 0.3718542555554125717, -0.5976173111602715027 ) ) ;
#1671 = CARTESIAN_POINT ( 'NONE',  ( 0.5969776819342496044, 0.8819642452243288133, -2.091765781727022766 ) ) ;
#1672 = CARTESIAN_POINT ( 'NONE',  ( 0.7079727161450900530, 0.2932519008174139796, 2.200000000000000178 ) ) ;
#1673 = AXIS2_PLACEMENT_3D ( 'NONE', #1806, #427, #3556 ) ;
#1674 = VERTEX_POINT ( 'NONE', #3206 ) ;
#1675 = CARTESIAN_POINT ( 'NONE',  ( 0.000000000000000000, 3.252606517456509851E-16, 2.200000000000000178 ) ) ;
#1676 = CARTESIAN_POINT ( 'NONE',  ( -0.2022231965969439882, -0.08376359065689649441, -0.9045693237702970846 ) ) ;
#1677 = VERTEX_POINT ( 'NONE', #100 ) ;
#1678 = FACE_OUTER_BOUND ( 'NONE', #2743, .T. ) ;
#1679 = DIRECTION ( 'NONE',  ( 1.000000000000000000, 0.000000000000000000, 0.000000000000000000 ) ) ;
#1680 = CARTESIAN_POINT ( 'NONE',  ( -0.08404106008164209662, -1.281565830647740212, 3.485777493544350713E-17 ) ) ;
#1681 = CARTESIAN_POINT ( 'NONE',  ( 0.03395538699993840004, 1.064482363427232459, -2.519249789315635812 ) ) ;
#1682 = VERTEX_POINT ( 'NONE', #655 ) ;
#1683 = CARTESIAN_POINT ( 'NONE',  ( -1.225425946354979923, -0.7075000000000000178, -1.435416666666660124 ) ) ;
#1684 = CARTESIAN_POINT ( 'NONE',  ( 0.1147204282942509840, 1.177171980481420022, 0.7333333333333339477 ) ) ;
#1685 = CARTESIAN_POINT ( 'NONE',  ( -1.232650331767406238, -0.4569977861933541829, -3.642363052610623875 ) ) ;
#1686 = CARTESIAN_POINT ( 'NONE',  ( 1.010221434024320297, 0.3371692575142423709, -0.6032478713630938794 ) ) ;
#1687 = CARTESIAN_POINT ( 'NONE',  ( 1.399528909685449740, -0.2283346784290939957, -0.8896282856197023081 ) ) ;
#1688 = CARTESIAN_POINT ( 'NONE',  ( -0.6209639874417902661, 0.8677712305134952508, -3.468693229374836484 ) ) ;
#1689 = CARTESIAN_POINT ( 'NONE',  ( -1.225543596530749957, -0.7075679253606530494, -4.482995100117179277 ) ) ;
#1690 = ORIENTED_EDGE ( 'NONE', *, *, #2960, .F. ) ;
#1691 = CARTESIAN_POINT ( 'NONE',  ( 1.064930452976646347, -0.01397269505582945069, -1.721494526425161764 ) ) ;
#1692 = VECTOR ( 'NONE', #414, 1000.000000000000000 ) ;
#1693 = VERTEX_POINT ( 'NONE', #1820 ) ;
#1694 = CARTESIAN_POINT ( 'NONE',  ( 1.415000000000000036, 1.883933735546379524E-14, -0.8612500000000000711 ) ) ;
#1695 = CARTESIAN_POINT ( 'NONE',  ( 0.000000000000000000, 2.485714285714290206, -1.626303258728240874E-16 ) ) ;
#1696 = CARTESIAN_POINT ( 'NONE',  ( -0.2932519008174160335, 0.7079727161450890538, 2.200000000000000178 ) ) ;
#1697 = CARTESIAN_POINT ( 'NONE',  ( 0.1535656167069704703, 1.053871312130235216, -2.537198632502689399 ) ) ;
#1698 = ORIENTED_EDGE ( 'NONE', *, *, #839, .F. ) ;
#1699 = CARTESIAN_POINT ( 'NONE',  ( -0.5226952045269661618, -0.9295867414892617919, -3.130499238772238790 ) ) ;
#1700 = DIRECTION ( 'NONE',  ( 1.000000000000000000, 0.000000000000000000, 0.000000000000000000 ) ) ;
#1701 = AXIS2_PLACEMENT_3D ( 'NONE', #1676, #3056, #273 ) ;
#1702 = DIRECTION ( 'NONE',  ( 0.000000000000000000, 0.000000000000000000, -1.000000000000000000 ) ) ;
#1703 = CARTESIAN_POINT ( 'NONE',  ( -0.7086025628668948251, -0.7950643377937605116, -2.108364216113383094 ) ) ;
#1704 = CARTESIAN_POINT ( 'NONE',  ( 0.8169506309033202074, 1.414999999999998703, -1.877083333333332771 ) ) ;
#1705 = CARTESIAN_POINT ( 'NONE',  ( 1.309769991638912723, -0.5354761561024612426, -0.9277686574920271934 ) ) ;
#1706 = CARTESIAN_POINT ( 'NONE',  ( 0.7285509463549789677, -0.4206290849964030021, -2.738333333333330177 ) ) ;
#1707 = EDGE_CURVE ( 'NONE', #1118, #2950, #1800, .T. ) ;
#1708 = ORIENTED_EDGE ( 'NONE', *, *, #989, .T. ) ;
#1709 = CARTESIAN_POINT ( 'NONE',  ( -0.8169506309033202074, -1.414999999999998703, -1.214583333333328907 ) ) ;
#1710 = DIRECTION ( 'NONE',  ( 0.000000000000000000, 0.000000000000000000, -1.000000000000000000 ) ) ;
#1711 = ADVANCED_FACE ( 'NONE', ( #2963 ), #2351, .T. ) ;
#1712 = ORIENTED_EDGE ( 'NONE', *, *, #926, .F. ) ;
#1713 = CARTESIAN_POINT ( 'NONE',  ( 1.415000000000000036, 0.000000000000000000, -3.390492931663389609 ) ) ;
#1714 = CARTESIAN_POINT ( 'NONE',  ( 1.225425946354979923, -0.7075000000000000178, -1.082083333333329955 ) ) ;
#1715 = CARTESIAN_POINT ( 'NONE',  ( -0.9927873100145256924, -1.012549549412027794, -0.1986851930572060831 ) ) ;
#1716 = CARTESIAN_POINT ( 'NONE',  ( 0.09513419324699780300, 1.060881265539075358, -2.528333657285566360 ) ) ;
#1717 = ORIENTED_EDGE ( 'NONE', *, *, #2422, .F. ) ;
#1718 = CARTESIAN_POINT ( 'NONE',  ( -1.228635791915349662, -0.7079856044573720197, -1.303111105021886429 ) ) ;
#1719 = CARTESIAN_POINT ( 'NONE',  ( -1.225425946354979923, 0.7075000000000000178, -0.5520833333333309279 ) ) ;
#1720 = DIRECTION ( 'NONE',  ( -2.200570409156640201E-16, -0.9848077530122080203, 0.1736481776669309973 ) ) ;
#1721 = CARTESIAN_POINT ( 'NONE',  ( -0.9740450040729953241, -0.4307774652811673932, -1.118049735041107606 ) ) ;
#1722 = CARTESIAN_POINT ( 'NONE',  ( 1.030244125138249994E-16, -0.8412581699928068923, -3.975000000000000089 ) ) ;
#1723 = ORIENTED_EDGE ( 'NONE', *, *, #2939, .T. ) ;
#1724 = CARTESIAN_POINT ( 'NONE',  ( -0.7362887553941371843, -0.7694866960113839749, -3.711093385727880722 ) ) ;
#1725 = ORIENTED_EDGE ( 'NONE', *, *, #2084, .F. ) ;
#1726 = CARTESIAN_POINT ( 'NONE',  ( 0.3876249357454243927, 0.9920310249011937698, -4.172561270309961934 ) ) ;
#1727 = CARTESIAN_POINT ( 'NONE',  ( 0.7107020400939338955, 0.7931756490250529978, -4.235467678493999522 ) ) ;
#1728 = CARTESIAN_POINT ( 'NONE',  ( -1.370241486495229921, -0.3568829350729883498, -0.2866110837381231624 ) ) ;
#1729 = CARTESIAN_POINT ( 'NONE',  ( -0.06950011227447773499, 1.063551843405861952, -2.503937656006249846 ) ) ;
#1730 = ORIENTED_EDGE ( 'NONE', *, *, #2808, .T. ) ;
#1731 = FACE_BOUND ( 'NONE', #1216, .T. ) ;
#1732 = CARTESIAN_POINT ( 'NONE',  ( -0.8169506309033202074, -1.414999999999998703, -0.2870833333333320248 ) ) ;
#1733 = CARTESIAN_POINT ( 'NONE',  ( 0.7758940195917495286, 0.7340775660041690687, -2.129169031385019117 ) ) ;
#1734 = DIRECTION ( 'NONE',  ( 1.000000000000000000, 0.000000000000000000, 0.000000000000000000 ) ) ;
#1735 = CARTESIAN_POINT ( 'NONE',  ( -1.064999999999999947, 3.451912185043599670E-15, -0.1291774057836299894 ) ) ;
#1736 = EDGE_CURVE ( 'NONE', #2950, #1951, #3490, .T. ) ;
#1737 = CARTESIAN_POINT ( 'NONE',  ( 1.317859055581677596, -0.5153599038819602907, -0.9252846601549217231 ) ) ;
#1738 = CIRCLE ( 'NONE', #797, 2.769621618706009869 ) ;
#1739 = CARTESIAN_POINT ( 'NONE',  ( -0.1425870084721072573, 1.055493627232751752, -1.432877825732827182 ) ) ;
#1740 = ORIENTED_EDGE ( 'NONE', *, *, #2129, .T. ) ;
#1741 =( NAMED_UNIT ( * ) PLANE_ANGLE_UNIT ( ) SI_UNIT ( $, .RADIAN. ) );
#1742 = CARTESIAN_POINT ( 'NONE',  ( 0.9223170550304266024, -0.5325000000000000844, -0.2241559275497013726 ) ) ;
#1743 = ORIENTED_EDGE ( 'NONE', *, *, #2987, .F. ) ;
#1744 = CARTESIAN_POINT ( 'NONE',  ( 0.05203028834368724626, 1.063855855311569787, -4.118804217589128847 ) ) ;
#1745 = CARTESIAN_POINT ( 'NONE',  ( 0.000000000000000000, 1.415000000000000036, -1.656250000000000000 ) ) ;
#1746 = CARTESIAN_POINT ( 'NONE',  ( -0.4857006309033189417, -0.8412581699928072254, -4.063333333333332575 ) ) ;
#1747 = CIRCLE ( 'NONE', #341, 3.061544987475520063 ) ;
#1748 = ORIENTED_EDGE ( 'NONE', *, *, #1151, .T. ) ;
#1749 = CARTESIAN_POINT ( 'NONE',  ( 0.3993919372994607642, -0.9900912159713342042, -4.040227360835084269 ) ) ;
#1750 = CARTESIAN_POINT ( 'NONE',  ( -1.456140700027009556E-14, -1.415000000000000036, -2.318750000000000089 ) ) ;
#1751 = CARTESIAN_POINT ( 'NONE',  ( 1.063342441396247340, 0.06055200267400505376, -2.245801637862870237 ) ) ;
#1752 = CARTESIAN_POINT ( 'NONE',  ( -0.9663635375159852492, -0.4477582590749529245, -2.711583760409718824 ) ) ;
#1753 = CARTESIAN_POINT ( 'NONE',  ( 0.08440163404695939786, 1.061658535318341645, -0.4065789238508683567 ) ) ;
#1754 = EDGE_CURVE ( 'NONE', #1780, #687, #2228, .T. ) ;
#1755 = CARTESIAN_POINT ( 'NONE',  ( 0.9187864100644118626, 0.5390255321571555402, -1.629730422965199654 ) ) ;
#1756 = AXIS2_PLACEMENT_3D ( 'NONE', #2733, #3618, #1908 ) ;
#1757 = ORIENTED_EDGE ( 'NONE', *, *, #1097, .F. ) ;
#1758 = CARTESIAN_POINT ( 'NONE',  ( 1.415000000000000036, 1.392355995827100089E-15, -2.981250000000000178 ) ) ;
#1759 = FACE_OUTER_BOUND ( 'NONE', #2646, .T. ) ;
#1760 = EDGE_CURVE ( 'NONE', #831, #747, #577, .T. ) ;
#1761 = EDGE_LOOP ( 'NONE', ( #1032, #198, #1233, #2258 ) ) ;
#1762 = CARTESIAN_POINT ( 'NONE',  ( 0.000000000000000000, 1.415000000000000036, -0.5962499999999999467 ) ) ;
#1763 = CARTESIAN_POINT ( 'NONE',  ( -0.3744042916063984316, 0.9982236456438997596, -4.051473441646066931 ) ) ;
#1764 = LINE ( 'NONE', #953, #2926 ) ;
#1765 = CARTESIAN_POINT ( 'NONE',  ( 0.2890648602567759684, -1.618197816793849997, 1.722089740673879987 ) ) ;
#1766 = CARTESIAN_POINT ( 'NONE',  ( 1.030244125138249994E-16, -0.8412581699928068923, -1.590000000000000080 ) ) ;
#1767 = EDGE_LOOP ( 'NONE', ( #2205, #2689, #1417, #3051 ) ) ;
#1768 = CARTESIAN_POINT ( 'NONE',  ( 0.6330976872069035144, -0.8566577950191539559, -3.995949476290715729 ) ) ;
#1769 = CARTESIAN_POINT ( 'NONE',  ( 1.089987717926478084, -0.9026012870747598393, -2.036376871358625440 ) ) ;
#1770 = CARTESIAN_POINT ( 'NONE',  ( 1.415000000000000036, 1.392355995827100089E-15, -2.981250000000000178 ) ) ;
#1771 = DIRECTION ( 'NONE',  ( 0.000000000000000000, 0.000000000000000000, 1.000000000000000000 ) ) ;
#1772 = CARTESIAN_POINT ( 'NONE',  ( -0.9779432879231525488, -0.4217274787383177848, -2.715868144178581911 ) ) ;
#1773 = CARTESIAN_POINT ( 'NONE',  ( -0.3452127643642740051, -1.007508332795767458, -2.038577603203244326 ) ) ;
#1774 = CARTESIAN_POINT ( 'NONE',  ( -1.064999999999998392, 0.1262721340043396756, -0.1501239569643173233 ) ) ;
#1775 = CARTESIAN_POINT ( 'NONE',  ( 0.7285509463549789677, 0.4206290849964040013, -3.621666666666659928 ) ) ;
#1776 = CARTESIAN_POINT ( 'NONE',  ( 0.8751660516642987275, -0.7603870454256915767, -4.011166355142785633 ) ) ;
#1777 = CARTESIAN_POINT ( 'NONE',  ( -1.225425946354979923, 0.7075000000000000178, -1.479583333333329920 ) ) ;
#1778 = CARTESIAN_POINT ( 'NONE',  ( -0.5834851091991880567, -0.5834851091991970495, 2.177631830801459945 ) ) ;
#1779 = CARTESIAN_POINT ( 'NONE',  ( -1.017441024600506116, -0.3289354841905500204, -3.791257070797274586 ) ) ;
#1780 = VERTEX_POINT ( 'NONE', #2323 ) ;
#1781 = CARTESIAN_POINT ( 'NONE',  ( -0.2822072079638007769, 1.027157683682213163, -4.067124607397056835 ) ) ;
#1782 = CARTESIAN_POINT ( 'NONE',  ( 1.732875220793510196E-16, -1.415000000000000036, -2.186249999999999805 ) ) ;
#1783 = CARTESIAN_POINT ( 'NONE',  ( 1.030244125138249994E-16, -0.8412581699928068923, -3.975000000000000089 ) ) ;
#1784 = CIRCLE ( 'NONE', #196, 3.057907220726910236 ) ;
#1785 = ORIENTED_EDGE ( 'NONE', *, *, #230, .T. ) ;
#1786 = CARTESIAN_POINT ( 'NONE',  ( -1.408938833078899666, -0.1348231280706534974, -1.374440719610464212 ) ) ;
#1787 = DIRECTION ( 'NONE',  ( -0.9098437264664134272, 0.3768696111424535977, 0.1736481776669308308 ) ) ;
#1788 = CARTESIAN_POINT ( 'NONE',  ( -0.7363191559140151998, -0.7694585908136333252, -1.591102816483910276 ) ) ;
#1789 = CARTESIAN_POINT ( 'NONE',  ( -0.8169506309033202074, 1.414999999999998703, -3.820416666666661243 ) ) ;
#1790 = LINE ( 'NONE', #2879, #804 ) ;
#1791 = CARTESIAN_POINT ( 'NONE',  ( 0.09273483077496946780, 1.060963115572460147, -0.4078349457187527283 ) ) ;
#1792 = CARTESIAN_POINT ( 'NONE',  ( 0.7285509463549789677, -0.4206290849964030021, -3.798333333333330231 ) ) ;
#1793 = CARTESIAN_POINT ( 'NONE',  ( -1.035873315221845781, -0.2856578980039354287, -3.262441024657600774 ) ) ;
#1794 = CARTESIAN_POINT ( 'NONE',  ( -0.8169506309033202074, 1.414999999999998703, -1.567916666666660408 ) ) ;
#1795 = CARTESIAN_POINT ( 'NONE',  ( 0.9892901663672377666, -1.011696625804188177, -3.114108689990589873 ) ) ;
#1796 = CIRCLE ( 'NONE', #499, 3.061544987475520063 ) ;
#1797 = CARTESIAN_POINT ( 'NONE',  ( -0.7716663404893850942, -0.7348701385042509804, -3.719074111596164300 ) ) ;
#1798 = VERTEX_POINT ( 'NONE', #2132 ) ;
#1799 = CARTESIAN_POINT ( 'NONE',  ( 0.7107020400939338955, 0.7931756490250529978, -4.235467678493999522 ) ) ;
#1800 = LINE ( 'NONE', #404, #151 ) ;
#1801 = DIRECTION ( 'NONE',  ( 1.000000000000000000, 0.000000000000000000, 0.000000000000000000 ) ) ;
#1802 = DIRECTION ( 'NONE',  ( 0.4184786803821331502, 0.000000000000000000, -0.9082266204343651950 ) ) ;
#1803 = CARTESIAN_POINT ( 'NONE',  ( -0.3536393479069513957, -1.004581557139531789, -0.9800657957250201724 ) ) ;
#1804 = EDGE_LOOP ( 'NONE', ( #671, #1967, #2353, #2931 ) ) ;
#1805 = CARTESIAN_POINT ( 'NONE',  ( 1.021864038888107729, -0.3011863188100832867, -3.889134338997642271 ) ) ;
#1806 = CARTESIAN_POINT ( 'NONE',  ( -0.08376359065689409356, -0.2022231965969459866, -0.9045693237702970846 ) ) ;
#1807 = CARTESIAN_POINT ( 'NONE',  ( -1.277125249453009870, -1.240466096347109894E-15, -3.723352024342760025 ) ) ;
#1808 = CARTESIAN_POINT ( 'NONE',  ( -0.4857006309033200520, 0.8412581699928072254, -4.151666666666660177 ) ) ;
#1809 = EDGE_CURVE ( 'NONE', #3420, #419, #3025, .T. ) ;
#1810 = CARTESIAN_POINT ( 'NONE',  ( 0.000000000000000000, 1.415021640777090139, -4.968737505691519729 ) ) ;
#1811 = CARTESIAN_POINT ( 'NONE',  ( 0.7332044264571077052, -0.7724541711298082980, -2.391130543839141698 ) ) ;
#1812 = CARTESIAN_POINT ( 'NONE',  ( -1.415000003381430727, 0.3791481014332275801, -1.571087689931591314 ) ) ;
#1813 = CARTESIAN_POINT ( 'NONE',  ( -0.9533548221225215391, -0.5486727474812622685, -0.04047683893129358501 ) ) ;
#1814 = CARTESIAN_POINT ( 'NONE',  ( 0.5257722381568190606, -1.313696256259960782, -3.183075485990055853 ) ) ;
#1815 = CARTESIAN_POINT ( 'NONE',  ( 3.910461364442510218E-15, -0.3733333333333340165, 2.200000000000000178 ) ) ;
#1816 = AXIS2_PLACEMENT_3D ( 'NONE', #2753, #3638, #2491 ) ;
#1817 = EDGE_CURVE ( 'NONE', #3665, #98, #1279, .T. ) ;
#1818 = VERTEX_POINT ( 'NONE', #144 ) ;
#1819 = CARTESIAN_POINT ( 'NONE',  ( 1.030244125138249994E-16, -0.8412581699928068923, 0.2650000000000000133 ) ) ;
#1820 = CARTESIAN_POINT ( 'NONE',  ( 0.3343355368274980033, 1.093385693280150006, 1.978832505671299868 ) ) ;
#1821 = CARTESIAN_POINT ( 'NONE',  ( 0.8169506309033202074, -1.414999999999998703, -2.097916666666673535 ) ) ;
#1822 = CARTESIAN_POINT ( 'NONE',  ( -0.4857006309033189417, -0.8412581699928072254, -5.123333333333333961 ) ) ;
#1823 = CARTESIAN_POINT ( 'NONE',  ( -0.8167184259006403657, 0.8824421724374253984, -3.904148134346355992 ) ) ;
#1824 = VERTEX_POINT ( 'NONE', #1575 ) ;
#1825 = CARTESIAN_POINT ( 'NONE',  ( -0.04913465309186216406, 1.414229459586376247, -0.5909100706470457043 ) ) ;
#1826 = CARTESIAN_POINT ( 'NONE',  ( 1.074176602036393202, -0.9214363391079147814, -2.039271994696192358 ) ) ;
#1827 = CARTESIAN_POINT ( 'NONE',  ( -0.2408278251849474694, -1.038003312697428626, -1.497691184273395759 ) ) ;
#1828 = DIRECTION ( 'NONE',  ( 1.000000000000000000, 0.000000000000000000, 0.000000000000000000 ) ) ;
#1829 =( BOUNDED_CURVE ( )  B_SPLINE_CURVE ( 2, ( #1212, #101, #3513, #656, #673, #368, #65, #2311, #954 ),
 .UNSPECIFIED., .F., .F. ) 
 B_SPLINE_CURVE_WITH_KNOTS ( ( 3, 2, 2, 2, 3 ),
 ( 0.4677898056218687262, 0.5564914976888415410, 0.7338948986133044805, 0.9112982995377675310, 1.000000000000000000 ),
 .UNSPECIFIED. ) 
 CURVE ( )  GEOMETRIC_REPRESENTATION_ITEM ( )  RATIONAL_B_SPLINE_CURVE ( ( 0.9330127018922200755, 0.9330127082322983156, 1.000000000000000000, 0.8660254037844389297, 1.000000000000000000, 0.8660254037844389297, 1.000000000000000000, 0.9330127018922196314, 0.9330127018922195203 ) ) 
 REPRESENTATION_ITEM ( '' )  );
#1830 = CARTESIAN_POINT ( 'NONE',  ( 0.7285509463549789677, -0.4206290849964030021, -3.533333333333330106 ) ) ;
#1831 = CARTESIAN_POINT ( 'NONE',  ( 0.8000563652669170356, -0.7031740341376419012, -2.376853216659704948 ) ) ;
#1832 = CARTESIAN_POINT ( 'NONE',  ( 0.1147204282942509840, 1.501259568065799975E-15, 0.7333333333333339477 ) ) ;
#1833 = PRESENTATION_LAYER_ASSIGNMENT (  '', '', ( #3456 ) ) ;
#1834 = CARTESIAN_POINT ( 'NONE',  ( 0.9256188476526338027, -0.7039841368389101461, -4.002540357331081822 ) ) ;
#1835 = CARTESIAN_POINT ( 'NONE',  ( -1.415000000000000036, -1.298082735051719874E-16, 0.3975000000000000200 ) ) ;
#1836 = DIRECTION ( 'NONE',  ( 1.000000000000000000, 0.000000000000000000, 5.940355832807169534E-14 ) ) ;
#1837 = ORIENTED_EDGE ( 'NONE', *, *, #158, .F. ) ;
#1838 = CARTESIAN_POINT ( 'NONE',  ( -0.7285509463549789677, 0.4206290849964030021, -1.148333333333329875 ) ) ;
#1839 = CARTESIAN_POINT ( 'NONE',  ( 0.000000000000000000, 0.000000000000000000, -3.390492931663389609 ) ) ;
#1840 = CARTESIAN_POINT ( 'NONE',  ( -0.9714012618066378835, -3.082517903990523421E-16, -1.855000000000001092 ) ) ;
#1841 = CARTESIAN_POINT ( 'NONE',  ( -0.1375669578149700534, 1.134968668286343130, -4.046583212193147538 ) ) ;
#1842 = ORIENTED_EDGE ( 'NONE', *, *, #943, .T. ) ;
#1843 = CARTESIAN_POINT ( 'NONE',  ( -1.223434376122917611, 0.7117174426280677979, -0.4197958204381493919 ) ) ;
#1844 = CARTESIAN_POINT ( 'NONE',  ( -0.8969610070474359764, 1.094473294803850250, -2.599257990708972788 ) ) ;
#1845 = CARTESIAN_POINT ( 'NONE',  ( -0.1652833364866714838, -1.406347947811268817, -0.08522604531940775052 ) ) ;
#1846 = CARTESIAN_POINT ( 'NONE',  ( -0.08227751006717859417, 1.062148386525747723, -3.038695253753782133 ) ) ;
#1847 = CIRCLE ( 'NONE', #1966, 2.485714285714290206 ) ;
#1848 = CARTESIAN_POINT ( 'NONE',  ( 1.030244125138249994E-16, -0.8412581699928068923, -3.710000000000000409 ) ) ;
#1849 = CARTESIAN_POINT ( 'NONE',  ( 0.3802425548944478040, -0.9948073770990014664, -2.460374984792727204 ) ) ;
#1850 = CARTESIAN_POINT ( 'NONE',  ( 0.9223170550304277127, -0.5325000000000006395, -1.284155927549697873 ) ) ;
#1851 = DIRECTION ( 'NONE',  ( 0.000000000000000000, 1.000000000000000000, 1.224606353822379970E-16 ) ) ;
#1852 = CARTESIAN_POINT ( 'NONE',  ( 0.6464794492325458553, -1.259562594242481515, -3.166618366593750622 ) ) ;
#1853 =( BOUNDED_CURVE ( )  B_SPLINE_CURVE ( 2, ( #1939, #2538, #2368, #115, #328 ),
 .UNSPECIFIED., .F., .T. ) 
 B_SPLINE_CURVE_WITH_KNOTS ( ( 3, 2, 3 ),
 ( 0.000000000000000000, 0.2222222222221040266, 0.3333333314840304928 ),
 .UNSPECIFIED. ) 
 CURVE ( )  GEOMETRIC_REPRESENTATION_ITEM ( )  RATIONAL_B_SPLINE_CURVE ( ( 0.9999999999998244737, 0.8660254037846144559, 1.000000000000000000, 0.9330127030070316518, 0.9330127018922195203 ) ) 
 REPRESENTATION_ITEM ( '' )  );
#1854 = CARTESIAN_POINT ( 'NONE',  ( 0.9962474112350709898, -0.3765899934884076594, -2.841431480457445868 ) ) ;
#1855 = PRODUCT_DEFINITION ( 'General', '', #2092, #2787 ) ;
#1856 = ORIENTED_EDGE ( 'NONE', *, *, #2861, .T. ) ;
#1857 = CARTESIAN_POINT ( 'NONE',  ( 1.225425946354979923, 0.7075000000000000178, 0.2870833333333340232 ) ) ;
#1858 = CARTESIAN_POINT ( 'NONE',  ( 0.7285509463549789677, -0.4206290849964030021, -1.678333333333329902 ) ) ;
#1859 = CARTESIAN_POINT ( 'NONE',  ( -1.414995946648650360, 0.1852451376060479382, -1.414378293360485594 ) ) ;
#1860 = CARTESIAN_POINT ( 'NONE',  ( 1.002286413829247325, -0.9988230830171910268, -0.9918979663080319531 ) ) ;
#1861 = ORIENTED_EDGE ( 'NONE', *, *, #169, .T. ) ;
#1862 = CARTESIAN_POINT ( 'NONE',  ( 0.7829443899561912001, 1.178693090426815582, -0.6956620204197559998 ) ) ;
#1863 = CARTESIAN_POINT ( 'NONE',  ( -0.1136079867198409171, 1.410443363099146197, -2.703677224866291695 ) ) ;
#1864 = CARTESIAN_POINT ( 'NONE',  ( -0.2718431461218973610, -1.389688610998766283, -0.09748135932748808186 ) ) ;
#1865 = ADVANCED_FACE ( 'NONE', ( #2712 ), #1976, .T. ) ;
#1866 = CARTESIAN_POINT ( 'NONE',  ( 0.9634615656896993174, 0.4538509805088601357, -2.704243121755792512 ) ) ;
#1867 = EDGE_CURVE ( 'NONE', #98, #279, #714, .T. ) ;
#1868 = CARTESIAN_POINT ( 'NONE',  ( 0.9714012618066378835, 5.948117229796001962E-17, -4.505000000000003446 ) ) ;
#1869 = CARTESIAN_POINT ( 'NONE',  ( -1.055513332081241318, -0.8223097628369353540, -3.578313339353691447 ) ) ;
#1870 = VECTOR ( 'NONE', #1337, 1000.000000000000114 ) ;
#1871 = CARTESIAN_POINT ( 'NONE',  ( -0.7285509463549789677, -0.4206290849964040013, -1.766666666666670160 ) ) ;
#1872 = B_SPLINE_CURVE_WITH_KNOTS ( 'NONE', 3,
 ( #3247, #1183, #1687, #340, #284, #3126, #856, #1737, #2582, #1705, #2845, #304, #1467, #36, #1429, #1165, #2565, #1145, #2322, #3468, #3589, #768, #1860, #1880, #491, #1348, #138, #2704, #1047, #2199 ),
 .UNSPECIFIED., .F., .F.,
 ( 4, 2, 2, 1, 1, 1, 1, 2, 2, 2, 2, 2, 1, 1, 2, 2, 2, 4 ),
 ( 0.000000000000000000, 0.1249999999999934774, 0.1874999999999902578, 0.2187499999999886480, 0.2343749999999879541, 0.2421874999999876488, 0.2460937499999875377, 0.2480468749999875933, 0.2499999999999876210, 0.3749999999999882871, 0.4374999999999887867, 0.4687499999999888978, 0.4843749999999890643, 0.4921874999999891198, 0.4960937499999892308, 0.4999999999999892308, 0.7499999999999945599, 1.000000000000000000 ),
 .UNSPECIFIED. ) ;
#1873 = CARTESIAN_POINT ( 'NONE',  ( -0.6771515190005836793, -0.8221983655411613245, -3.161639137641551578 ) ) ;
#1874 = CARTESIAN_POINT ( 'NONE',  ( 0.5790333438122788889, 0.8938607004042925519, -3.671562129199975821 ) ) ;
#1875 = CARTESIAN_POINT ( 'NONE',  ( -1.064999999999999947, -1.062967841075340071E-14, -1.725822594216359862 ) ) ;
#1876 = VERTEX_POINT ( 'NONE', #207 ) ;
#1877 = CARTESIAN_POINT ( 'NONE',  ( -0.4857006309033189417, -0.8412581699928072254, 0.1766666666666679708 ) ) ;
#1878 = CARTESIAN_POINT ( 'NONE',  ( -0.9714012618066378835, -1.784435168938802561E-16, -3.179999999999998828 ) ) ;
#1879 = CARTESIAN_POINT ( 'NONE',  ( -0.6420456709187325472, 1.260973643685121548, -1.577211818907900076 ) ) ;
#1880 = CARTESIAN_POINT ( 'NONE',  ( 1.001186338472834336, -0.9999257583290959150, -0.9920847410592450455 ) ) ;
#1881 = ORIENTED_EDGE ( 'NONE', *, *, #1707, .T. ) ;
#1882 = CARTESIAN_POINT ( 'NONE',  ( 0.4419460836749259380, 1.344643018309176430, -0.6484635473820731244 ) ) ;
#1883 = CARTESIAN_POINT ( 'NONE',  ( 0.7285605700876632840, 1.213302543211422169, -2.807573307445638378 ) ) ;
#1884 = CARTESIAN_POINT ( 'NONE',  ( -0.3302103858231626443, -1.375939045577053044, -0.1043975562082757325 ) ) ;
#1885 = CARTESIAN_POINT ( 'NONE',  ( 0.8839249154435819822, 0.5957093051750311785, -2.679646755420586057 ) ) ;
#1886 = CARTESIAN_POINT ( 'NONE',  ( -0.7285509463549789677, 0.4206290849964030021, -5.123333333333330408 ) ) ;
#1887 = CARTESIAN_POINT ( 'NONE',  ( -0.8382833776979060625, -1.071025973420692612, -3.523606642578609449 ) ) ;
#1888 = CARTESIAN_POINT ( 'NONE',  ( -1.210439828860029765, 0.6013930762224513060, -3.551770263735299693 ) ) ;
#1889 = EDGE_CURVE ( 'NONE', #1431, #326, #3276, .T. ) ;
#1890 = FACE_OUTER_BOUND ( 'NONE', #1546, .T. ) ;
#1891 = CARTESIAN_POINT ( 'NONE',  ( -0.7414954031190545969, -0.7644701104749278553, -3.175566739374072078 ) ) ;
#1892 = CARTESIAN_POINT ( 'NONE',  ( 1.225425946354979923, 0.7075000000000000178, -1.832916666666660088 ) ) ;
#1893 = CARTESIAN_POINT ( 'NONE',  ( -1.064999999999999947, 2.087289991298549817E-14, -3.309177405783630288 ) ) ;
#1894 = CARTESIAN_POINT ( 'NONE',  ( -0.7285509463549789677, -0.4206290849964040013, -2.031666666666660070 ) ) ;
#1895 = ORIENTED_EDGE ( 'NONE', *, *, #3651, .T. ) ;
#1896 = CARTESIAN_POINT ( 'NONE',  ( 1.414999999999999591, -0.3791481072900380056, -3.161087690662828908 ) ) ;
#1897 = CARTESIAN_POINT ( 'NONE',  ( -1.633901261806640415, -3.001427925591489111E-16, -3.511249999999999094 ) ) ;
#1898 = CARTESIAN_POINT ( 'NONE',  ( 0.9488037177439523351, 1.055345829897622156, -1.780624628468507442 ) ) ;
#1899 = CARTESIAN_POINT ( 'NONE',  ( -1.149042086756780545, 0.4683492748693024454, -3.810994216708575077 ) ) ;
#1900 = ORIENTED_EDGE ( 'NONE', *, *, #558, .T. ) ;
#1901 = CARTESIAN_POINT ( 'NONE',  ( 0.8081770910159292720, 1.161517855263611398, -0.6994587389723104787 ) ) ;
#1902 = CARTESIAN_POINT ( 'NONE',  ( 1.274748324097878527, -0.6220711357991954849, -0.01141730317398611388 ) ) ;
#1903 = CARTESIAN_POINT ( 'NONE',  ( -0.4592971724241901588, 0.9609510137713714872, -1.379569175097506095 ) ) ;
#1904 = CARTESIAN_POINT ( 'NONE',  ( 0.9666156464189699093, 0.4470940540514223849, -2.705367623182493908 ) ) ;
#1905 = CARTESIAN_POINT ( 'NONE',  ( -1.341099935344322480, -0.4513382652288226438, -2.394800209356624965 ) ) ;
#1906 = CARTESIAN_POINT ( 'NONE',  ( 1.177171980481420022, 0.1147204282942509840, 0.7333333333333339477 ) ) ;
#1907 = CARTESIAN_POINT ( 'NONE',  ( 0.000000000000000000, 0.8412581699928068923, -1.060000000000000053 ) ) ;
#1908 = DIRECTION ( 'NONE',  ( 1.000000000000000000, 0.000000000000000000, 0.000000000000000000 ) ) ;
#1909 = CARTESIAN_POINT ( 'NONE',  ( -0.7494758456757161236, -0.7566675861521547919, -3.177213997718518090 ) ) ;
#1910 = CARTESIAN_POINT ( 'NONE',  ( 1.064999999945209108, -1.080540286197330780E-05, -2.255824386661322567 ) ) ;
#1911 = CARTESIAN_POINT ( 'NONE',  ( -0.9714012618066378835, -1.784435168938802561E-16, -2.119999999999999662 ) ) ;
#1912 = ORIENTED_EDGE ( 'NONE', *, *, #29, .T. ) ;
#1913 = CARTESIAN_POINT ( 'NONE',  ( 0.9883347451162833863, -0.3967874046191112725, -1.784606735641824260 ) ) ;
#1914 = CARTESIAN_POINT ( 'NONE',  ( -0.9926587356334811707, 1.008400803671692270, -1.523485340641440589 ) ) ;
#1915 = CARTESIAN_POINT ( 'NONE',  ( 0.7107020400939338955, 0.7931756490250529978, -4.235467678493999522 ) ) ;
#1916 = ORIENTED_EDGE ( 'NONE', *, *, #1395, .F. ) ;
#1917 = CARTESIAN_POINT ( 'NONE',  ( -1.414999999999999591, -1.261686037953749544E-08, -2.583749998424750505 ) ) ;
#1918 = CARTESIAN_POINT ( 'NONE',  ( -0.1658620017858215279, 1.405825028645673935, -2.697629895569685132 ) ) ;
#1919 = DIRECTION ( 'NONE',  ( -1.000000000000000000, 0.000000000000000000, 0.000000000000000000 ) ) ;
#1920 = CARTESIAN_POINT ( 'NONE',  ( 0.6075762525426932070, 0.8747280847692828765, -3.153888387229252022 ) ) ;
#1921 = CIRCLE ( 'NONE', #2756, 1.643813452832049826 ) ;
#1922 = ADVANCED_FACE ( 'NONE', ( #1300 ), #684, .T. ) ;
#1923 = ORIENTED_EDGE ( 'NONE', *, *, #550, .F. ) ;
#1924 = CARTESIAN_POINT ( 'NONE',  ( -0.6605759657554626241, -1.258348781244633896, -2.267556540202341875 ) ) ;
#1925 = CARTESIAN_POINT ( 'NONE',  ( -1.358744871028646273, -0.3314704454123868493, -3.453647940862668353 ) ) ;
#1926 = CARTESIAN_POINT ( 'NONE',  ( 0.8505870939938662278, 0.6408886074554582812, -0.5512488384911092831 ) ) ;
#1927 = FACE_OUTER_BOUND ( 'NONE', #3358, .T. ) ;
#1928 = VECTOR ( 'NONE', #1143, 1000.000000000000000 ) ;
#1929 = CARTESIAN_POINT ( 'NONE',  ( 1.065000049952804062, 0.004918035701266818341, -2.255006770975440666 ) ) ;
#1930 = CARTESIAN_POINT ( 'NONE',  ( -0.8170290643538347108, -1.415135850721300992, -3.334661766783851622 ) ) ;
#1931 = CIRCLE ( 'NONE', #1579, 1.643813452832049826 ) ;
#1932 = EDGE_LOOP ( 'NONE', ( #1923, #2288, #3174, #1190 ) ) ;
#1933 = CARTESIAN_POINT ( 'NONE',  ( 1.732875220793510196E-16, -1.415000000000000036, -1.126249999999999973 ) ) ;
#1934 = CARTESIAN_POINT ( 'NONE',  ( 1.064661914606076953, -0.02769681338152580122, -1.723768651224548254 ) ) ;
#1935 = CARTESIAN_POINT ( 'NONE',  ( -1.064999999999999947, -1.503587603973439922E-14, -0.6658225942163629174 ) ) ;
#1936 = CARTESIAN_POINT ( 'NONE',  ( 1.151936231564442359, 0.8230213067974344598, -1.817476172763887954 ) ) ;
#1937 = EDGE_CURVE ( 'NONE', #30, #3379, #2359, .T. ) ;
#1938 = ORIENTED_EDGE ( 'NONE', *, *, #2299, .F. ) ;
#1939 = CARTESIAN_POINT ( 'NONE',  ( -1.456140700027009556E-14, -1.415000000000000036, -1.258750000000000036 ) ) ;
#1940 = CARTESIAN_POINT ( 'NONE',  ( -0.5383358421358376278, -0.9362316152402365699, -4.200445847109026687 ) ) ;
#1941 = CARTESIAN_POINT ( 'NONE',  ( 0.7821922203134908935, -0.7231587568676727251, -3.440849698785495292 ) ) ;
#1942 = CARTESIAN_POINT ( 'NONE',  ( -1.413428237278542499, -0.06709396486977559082, -0.3228732599691416794 ) ) ;
#1943 = CARTESIAN_POINT ( 'NONE',  ( 0.7924108093638061456, 0.7153271141918621234, -2.656614290762826069 ) ) ;
#1944 = ORIENTED_EDGE ( 'NONE', *, *, #2828, .F. ) ;
#1945 = CARTESIAN_POINT ( 'NONE',  ( 1.225425946354979923, -0.7075000000000000178, -1.082083333333329955 ) ) ;
#1946 = CARTESIAN_POINT ( 'NONE',  ( -0.1147204282942549808, 1.049701532129470039, 0.7333333333333339477 ) ) ;
#1947 = CARTESIAN_POINT ( 'NONE',  ( -0.3343355368274899542, -1.093385693280159998, 1.978832505671299868 ) ) ;
#1948 = CARTESIAN_POINT ( 'NONE',  ( 1.029106616687350595, 0.2752708777304248566, -0.6135377632186456154 ) ) ;
#1949 = CARTESIAN_POINT ( 'NONE',  ( 1.064946479444359495, 0.01229765037534160527, -2.253783492586896919 ) ) ;
#1950 = CARTESIAN_POINT ( 'NONE',  ( -1.225543596530749957, -0.7075679253606530494, -3.422995100117180112 ) ) ;
#1951 = VERTEX_POINT ( 'NONE', #3350 ) ;
#1952 = CARTESIAN_POINT ( 'NONE',  ( 0.2932519008174209740, -0.7079727161450869444, 2.200000000000000178 ) ) ;
#1953 = CARTESIAN_POINT ( 'NONE',  ( 1.304248841091932099E-16, -1.064999999999999503, -0.4008225942163685107 ) ) ;
#1954 = CARTESIAN_POINT ( 'NONE',  ( 0.2969068092745406062, 1.068305836847721846, -4.129731116635521282 ) ) ;
#1955 = ORIENTED_EDGE ( 'NONE', *, *, #1760, .F. ) ;
#1956 = CARTESIAN_POINT ( 'NONE',  ( -0.2022231965969449874, 0.08376359065689478745, -0.9045693237702970846 ) ) ;
#1957 = CARTESIAN_POINT ( 'NONE',  ( 0.4817957343997076314, -0.9504605579144348448, -3.502084886906599248 ) ) ;
#1958 = CARTESIAN_POINT ( 'NONE',  ( -1.412446605086270290, -0.08515808517791677301, -0.3206177775049308676 ) ) ;
#1959 = CARTESIAN_POINT ( 'NONE',  ( -0.9747058752172774732, 0.4305791499314461368, -2.319848354595712703 ) ) ;
#1960 = ORIENTED_EDGE ( 'NONE', *, *, #2643, .F. ) ;
#1961 = LINE ( 'NONE', #3102, #286 ) ;
#1962 = PLANE ( 'NONE',  #2768 ) ;
#1963 = CARTESIAN_POINT ( 'NONE',  ( -1.065000000000000169, -0.09607109750304093643, -2.233240729202530694 ) ) ;
#1964 = CARTESIAN_POINT ( 'NONE',  ( 0.8528358749352211721, 0.6378850949531725822, -0.5518171776207764223 ) ) ;
#1965 = CARTESIAN_POINT ( 'NONE',  ( 0.8170290643538358211, -1.415135850721300992, -4.217995100117179597 ) ) ;
#1966 = AXIS2_PLACEMENT_3D ( 'NONE', #2521, #3117, #1437 ) ;
#1967 = ORIENTED_EDGE ( 'NONE', *, *, #2143, .F. ) ;
#1968 = CARTESIAN_POINT ( 'NONE',  ( 1.057339558540440816, -0.1295133197798913061, -1.740615826869331473 ) ) ;
#1969 = EDGE_CURVE ( 'NONE', #831, #1583, #3331, .T. ) ;
#1970 = CARTESIAN_POINT ( 'NONE',  ( -1.456140700027009556E-14, -1.415000000000000036, -2.318750000000000089 ) ) ;
#1971 = EDGE_LOOP ( 'NONE', ( #911, #3510, #3270, #382, #2567, #1473 ) ) ;
#1972 = CARTESIAN_POINT ( 'NONE',  ( -0.1369697578838186269, -1.102569639306564930, -4.144766545746610298 ) ) ;
#1973 = CARTESIAN_POINT ( 'NONE',  ( 1.035867862851449273, -0.2856807619327211833, -3.362562743906319707 ) ) ;
#1974 = FACE_OUTER_BOUND ( 'NONE', #1511, .T. ) ;
#1975 = CARTESIAN_POINT ( 'NONE',  ( -0.4366568371782091340, 0.9714481695899012115, -2.443686297631096682 ) ) ;
#1976 =( BOUNDED_SURFACE ( )  B_SPLINE_SURFACE ( 1, 2, ( 
 ( #3578, #166, #2113, #3275, #1830, #698, #1848, #721, #3235, #2955, #982, #1315, #2971, #465, #1299, #1868, #2413, #184, #2396, #2451, #2992, #3540, #1886, #430, #1260 ),
 ( #2171, #206, #3520, #1592, #2433, #3595, #962, #1558, #128, #1000, #2730, #1038, #3311, #1020, #2093, #1610, #2694, #758, #683, #3560, #2152, #447, #3292, #740, #1810 ) ),
 .UNSPECIFIED., .F., .F., .T. ) 
 B_SPLINE_SURFACE_WITH_KNOTS ( ( 2, 2 ),
 ( 3, 2, 2, 2, 2, 2, 2, 2, 2, 2, 2, 2, 3 ),
 ( 0.000000000000000000, 1.000037718667099895 ),
 ( 0.000000000000000000, 0.08333333333333330095, 0.1666666666666670182, 0.2500000000000000000, 0.3333333333333329818, 0.4166666666666670182, 0.5000000000000000000, 0.5833333333333330373, 0.6666666666666670737, 0.7500000000000000000, 0.8333333333333330373, 0.9166666666666670737, 1.000000000000000000 ),
 .UNSPECIFIED. ) 
 GEOMETRIC_REPRESENTATION_ITEM ( )  RATIONAL_B_SPLINE_SURFACE ( (
 ( 1.000000000000000000, 0.8660254037844389297, 1.000000000000000000, 0.8660254037844389297, 1.000000000000000000, 0.8660254037844389297, 1.000000000000000000, 0.8660254037844389297, 1.000000000000000000, 0.8660254037844389297, 1.000000000000000000, 0.8660254037844389297, 1.000000000000000000, 0.8660254037844389297, 1.000000000000000000, 0.8660254037844389297, 1.000000000000000000, 0.8660254037844389297, 1.000000000000000000, 0.8660254037844389297, 1.000000000000000000, 0.8660254037844389297, 1.000000000000000000, 0.8660254037844389297, 1.000000000000000000),
 ( 1.000000000000000000, 0.8660254037844389297, 1.000000000000000000, 0.8660254037844389297, 1.000000000000000000, 0.8660254037844389297, 1.000000000000000000, 0.8660254037844389297, 1.000000000000000000, 0.8660254037844389297, 1.000000000000000000, 0.8660254037844389297, 1.000000000000000000, 0.8660254037844389297, 1.000000000000000000, 0.8660254037844389297, 1.000000000000000000, 0.8660254037844389297, 1.000000000000000000, 0.8660254037844389297, 1.000000000000000000, 0.8660254037844389297, 1.000000000000000000, 0.8660254037844389297, 1.000000000000000000) ) ) 
 REPRESENTATION_ITEM ( '' )  SURFACE ( )  );
#1977 = VECTOR ( 'NONE', #3471, 1000.000000000000000 ) ;
#1978 = VERTEX_POINT ( 'NONE', #1906 ) ;
#1979 = CARTESIAN_POINT ( 'NONE',  ( -0.4818129541181510045, -0.9504519092426017002, -3.122918318978483931 ) ) ;
#1980 = AXIS2_PLACEMENT_3D ( 'NONE', #1070, #3060, #2186 ) ;
#1981 = CARTESIAN_POINT ( 'NONE',  ( -1.225425946354979923, -0.7075000000000000178, -0.3754166666666650110 ) ) ;
#1982 = CARTESIAN_POINT ( 'NONE',  ( 1.064999999999998614, 1.568303713372040889E-09, -0.1358225939561129858 ) ) ;
#1983 = CARTESIAN_POINT ( 'NONE',  ( -0.7128485807440075872, -0.7912512912379430219, -2.109285726721415788 ) ) ;
#1984 = LINE ( 'NONE', #3657, #2045 ) ;
#1985 = EDGE_CURVE ( 'NONE', #1682, #1876, #1995, .T. ) ;
#1986 = CARTESIAN_POINT ( 'NONE',  ( -0.7380105792781147533, -0.7679235468004709242, -1.054770304393930713 ) ) ;
#1987 = CARTESIAN_POINT ( 'NONE',  ( 0.7285509463549789677, 0.4206290849964040013, -2.561666666666670089 ) ) ;
#1988 = CARTESIAN_POINT ( 'NONE',  ( 0.000000000000000000, -1.298082735051719874E-16, 0.3975000000000000200 ) ) ;
#1989 = CARTESIAN_POINT ( 'NONE',  ( 1.415000000000001146, -0.1879153703999145442, -3.004711754137050495 ) ) ;
#1990 = ORIENTED_EDGE ( 'NONE', *, *, #3632, .T. ) ;
#1991 = CARTESIAN_POINT ( 'NONE',  ( -1.929038874663569766E-14, -1.108886836485039940, -4.129515482642150737 ) ) ;
#1992 = CARTESIAN_POINT ( 'NONE',  ( 0.3733333333333340165, 3.827039368263840285E-15, 2.200000000000000178 ) ) ;
#1993 = CARTESIAN_POINT ( 'NONE',  ( -1.340361970828150895, -0.4564613322250237193, -0.2741254611841569822 ) ) ;
#1994 = CARTESIAN_POINT ( 'NONE',  ( 1.225425946354979923, -0.7075000000000000178, -4.129583333333330053 ) ) ;
#1995 = B_SPLINE_CURVE_WITH_KNOTS ( 'NONE', 3,
 ( #1112, #265, #1925, #814, #3064, #516 ),
 .UNSPECIFIED., .F., .F.,
 ( 4, 2, 4 ),
 ( 0.000000000000000000, 0.5000000000000000000, 1.000000000000000000 ),
 .UNSPECIFIED. ) ;
#1996 = ORIENTED_EDGE ( 'NONE', *, *, #2140, .T. ) ;
#1997 = LINE ( 'NONE', #2754, #1567 ) ;
#1998 = CARTESIAN_POINT ( 'NONE',  ( 0.000000000000000000, 1.415000000000000036, -1.788750000000000062 ) ) ;
#1999 = VECTOR ( 'NONE', #2318, 1000.000000000000000 ) ;
#2000 = CARTESIAN_POINT ( 'NONE',  ( -0.8724141108774413622, -0.6108853745725538742, -2.683433337788494022 ) ) ;
#2001 = CARTESIAN_POINT ( 'NONE',  ( -1.225425946354979923, -0.7075000000000000178, -2.495416666666659733 ) ) ;
#2002 = CARTESIAN_POINT ( 'NONE',  ( -0.3662516452500494402, -1.000111991280498547, -0.9822971651975147545 ) ) ;
#2003 = EDGE_CURVE ( 'NONE', #1140, #437, #1098, .T. ) ;
#2004 = DIRECTION ( 'NONE',  ( 0.000000000000000000, 1.000000000000000000, 0.000000000000000000 ) ) ;
#2005 = B_SPLINE_CURVE_WITH_KNOTS ( 'NONE', 3,
 ( #1242, #2377, #3518, #2089, #1536, #3253, #2069, #3176, #2616, #2031, #3484, #3536, #2356, #939, #1277, #960, #3231, #428, #2899, #358, #696, #681, #3502 ),
 .UNSPECIFIED., .F., .F.,
 ( 4, 2, 2, 2, 2, 2, 2, 2, 2, 1, 2, 4 ),
 ( 0.000000000000000000, 0.08946607802165211509, 0.1118325975270651473, 0.1230158572797716565, 0.1341991170324781657, 0.1789321560433043967, 0.2236651950541306000, 0.2460317145595436739, 0.2516233444358970117, 0.2572149743122503218, 0.2683982340649569420, 0.3578643120866097371 ),
 .UNSPECIFIED. ) ;
#2006 = FACE_OUTER_BOUND ( 'NONE', #1617, .T. ) ;
#2007 = CARTESIAN_POINT ( 'NONE',  ( 0.9963954181750581673, -1.004707050685027969, -3.113003007455232396 ) ) ;
#2008 = CARTESIAN_POINT ( 'NONE',  ( -0.7862019568688281002, -1.246275125430880371, -3.341791496196023115 ) ) ;
#2009 = EDGE_LOOP ( 'NONE', ( #355, #1249, #2373, #1157 ) ) ;
#2010 = CARTESIAN_POINT ( 'NONE',  ( 0.3576035542496304176, 1.003453138766723596, -4.167300890020105619 ) ) ;
#2011 = CARTESIAN_POINT ( 'NONE',  ( -1.415000000000000036, 1.732875220793504772E-16, -3.390492931663389609 ) ) ;
#2012 = CARTESIAN_POINT ( 'NONE',  ( -1.414885078800049101, -0.01859304338435752157, -0.3289287181004970084 ) ) ;
#2013 = CARTESIAN_POINT ( 'NONE',  ( -0.01725958977602573552, 1.064911425136804146, -2.511680327495312337 ) ) ;
#2014 = VERTEX_POINT ( 'NONE', #1947 ) ;
#2015 = CARTESIAN_POINT ( 'NONE',  ( 0.7250033262620096952, -0.7809481535907988325, -3.976550516355093823 ) ) ;
#2016 = DIRECTION ( 'NONE',  ( 6.982966722218770444E-15, -1.000000000000000000, 0.000000000000000000 ) ) ;
#2017 = CARTESIAN_POINT ( 'NONE',  ( -0.9778045475311528678, 0.4230760216302906218, -1.795802757738879984 ) ) ;
#2018 = DIRECTION ( 'NONE',  ( 0.000000000000000000, 0.000000000000000000, 1.000000000000000000 ) ) ;
#2019 = CARTESIAN_POINT ( 'NONE',  ( 0.1086170317898299126, 1.059486345344324842, -0.4102394565615674060 ) ) ;
#2020 = CARTESIAN_POINT ( 'NONE',  ( -0.3954803231607801339, -0.9891296568487488727, -0.9874972582376443375 ) ) ;
#2021 = CARTESIAN_POINT ( 'NONE',  ( -0.9714012618066378835, -1.784435168938802561E-16, -4.239999999999999325 ) ) ;
#2022 = VERTEX_POINT ( 'NONE', #3084 ) ;
#2023 = CARTESIAN_POINT ( 'NONE',  ( -0.8620718889301538512, -0.6253768064355018641, -3.740710268007540140 ) ) ;
#2024 = ORIENTED_EDGE ( 'NONE', *, *, #2037, .T. ) ;
#2025 = EDGE_CURVE ( 'NONE', #153, #2833, #2846, .T. ) ;
#2026 = FACE_OUTER_BOUND ( 'NONE', #224, .T. ) ;
#2027 = CARTESIAN_POINT ( 'NONE',  ( -0.1147204282942429904, -1.177171980481420022, 0.7333333333333339477 ) ) ;
#2028 = CARTESIAN_POINT ( 'NONE',  ( -0.3407952041305174484, 1.012435782961952135, -2.460851467626228750 ) ) ;
#2029 = VERTEX_POINT ( 'NONE', #2057 ) ;
#2030 = CARTESIAN_POINT ( 'NONE',  ( 0.4772643891773621916, -0.9566651269516032174, -4.026495414689279073 ) ) ;
#2031 = CARTESIAN_POINT ( 'NONE',  ( 0.6282941724141627438, -0.8628384987083167479, -0.8172549275381656431 ) ) ;
#2032 = CARTESIAN_POINT ( 'NONE',  ( 0.4825277601131990890, 0.9505134658462743857, -2.069784493731296138 ) ) ;
#2033 = DIRECTION ( 'NONE',  ( 0.000000000000000000, 0.000000000000000000, -1.000000000000000000 ) ) ;
#2034 = CARTESIAN_POINT ( 'NONE',  ( 0.04725834558581640948, 1.064534656394249046, -0.4009834497452187674 ) ) ;
#2035 = AXIS2_PLACEMENT_3D ( 'NONE', #604, #2067, #1217 ) ;
#2036 = CARTESIAN_POINT ( 'NONE',  ( 0.7046065856319823073, 0.7986101080925883666, -1.577497183259911173 ) ) ;
#2037 = EDGE_CURVE ( 'NONE', #1103, #2223, #3237, .T. ) ;
#2038 = EDGE_LOOP ( 'NONE', ( #2518, #3209, #2474, #3567, #274, #1116 ) ) ;
#2039 = CARTESIAN_POINT ( 'NONE',  ( 1.415000000000000036, -1.834229669489759923E-15, -3.113750000000000018 ) ) ;
#2040 = CARTESIAN_POINT ( 'NONE',  ( 0.7285509463549789677, -0.4206290849964030021, -1.678333333333329902 ) ) ;
#2041 = ORIENTED_EDGE ( 'NONE', *, *, #3333, .F. ) ;
#2042 = CARTESIAN_POINT ( 'NONE',  ( -0.1035350990566095558, 1.061125260339141452, -4.095654520718681191 ) ) ;
#2043 = CARTESIAN_POINT ( 'NONE',  ( 1.064999999999999947, 0.000000000000000000, -6.500000000000000000 ) ) ;
#2044 = DIRECTION ( 'NONE',  ( 0.000000000000000000, 1.000000000000000000, 1.189524669241239855E-16 ) ) ;
#2045 = VECTOR ( 'NONE', #1091, 1000.000000000000000 ) ;
#2046 = CARTESIAN_POINT ( 'NONE',  ( 0.4857006309033189417, 0.8412581699928072254, -3.533333333333330550 ) ) ;
#2047 = EDGE_CURVE ( 'NONE', #2737, #2551, #2118, .T. ) ;
#2048 = EDGE_CURVE ( 'NONE', #597, #1083, #3259, .T. ) ;
#2049 = ORIENTED_EDGE ( 'NONE', *, *, #812, .T. ) ;
#2050 = CARTESIAN_POINT ( 'NONE',  ( -1.382636067758287846, -0.3044146865214699127, -1.353258003222922889 ) ) ;
#2051 = CARTESIAN_POINT ( 'NONE',  ( 1.365919245453594666, -0.3723364181503132642, -1.967627370166442180 ) ) ;
#2052 = DIRECTION ( 'NONE',  ( 0.000000000000000000, 0.000000000000000000, 1.000000000000000000 ) ) ;
#2053 = CARTESIAN_POINT ( 'NONE',  ( -0.8169506309033202074, -1.414999999999998703, -2.407083333333329467 ) ) ;
#2054 = CARTESIAN_POINT ( 'NONE',  ( 0.000000000000000000, 0.000000000000000000, -4.235467678493999522 ) ) ;
#2055 = CARTESIAN_POINT ( 'NONE',  ( 0.4045241541313259193, 0.9852772152065693012, -0.4588987438530807705 ) ) ;
#2056 = CARTESIAN_POINT ( 'NONE',  ( -0.06949598004565077369, 1.063552139959739407, -1.443938269861202883 ) ) ;
#2057 = CARTESIAN_POINT ( 'NONE',  ( -1.414999999999999591, -1.261686037953749544E-08, -2.583749998424750505 ) ) ;
#2058 = ORIENTED_EDGE ( 'NONE', *, *, #61, .T. ) ;
#2059 = CARTESIAN_POINT ( 'NONE',  ( -0.8169506309033202074, 1.414999999999998481, -2.760416666666672736 ) ) ;
#2060 = CARTESIAN_POINT ( 'NONE',  ( -0.8202356994873210017, -0.6796471711995852871, -3.730366354334527124 ) ) ;
#2061 = ORIENTED_EDGE ( 'NONE', *, *, #1809, .T. ) ;
#2062 = CARTESIAN_POINT ( 'NONE',  ( 0.09127287680735333975, 1.061090143334039837, -4.124493553339308782 ) ) ;
#2063 = DIRECTION ( 'NONE',  ( 1.000000000000000000, 0.000000000000000000, 0.000000000000000000 ) ) ;
#2064 = CARTESIAN_POINT ( 'NONE',  ( 1.225425946354979923, 0.7075000000000000178, -1.832916666666670080 ) ) ;
#2065 = FACE_OUTER_BOUND ( 'NONE', #1440, .T. ) ;
#2066 = ORIENTED_EDGE ( 'NONE', *, *, #2873, .T. ) ;
#2067 = DIRECTION ( 'NONE',  ( 0.000000000000000000, 0.000000000000000000, 1.000000000000000000 ) ) ;
#2068 = CARTESIAN_POINT ( 'NONE',  ( 1.643813452832058708, 3.252606517456509851E-16, 1.722089740673879987 ) ) ;
#2069 = CARTESIAN_POINT ( 'NONE',  ( 0.5018473531232455764, -0.9396005978408148440, -0.8416765002332331491 ) ) ;
#2070 = CARTESIAN_POINT ( 'NONE',  ( 0.000000000000000000, 1.415000000000000036, -1.788750000000000062 ) ) ;
#2071 = CARTESIAN_POINT ( 'NONE',  ( -0.05348320222218971159, -1.064999999999999059, -2.528505987097147134 ) ) ;
#2072 = CARTESIAN_POINT ( 'NONE',  ( -0.1229535702366453126, -1.064999999973232248, -2.001840906604249959 ) ) ;
#2073 = CARTESIAN_POINT ( 'NONE',  ( -0.5092410842360919343, 0.9365139254075089958, -0.3103531712931911768 ) ) ;
#2074 = DIRECTION ( 'NONE',  ( 1.000000000000000000, 0.000000000000000000, 0.000000000000000000 ) ) ;
#2075 = CARTESIAN_POINT ( 'NONE',  ( -0.7285509463549789677, 0.4206290849964030021, -4.328333333333329591 ) ) ;
#2076 = DIRECTION ( 'NONE',  ( 0.000000000000000000, 0.000000000000000000, 1.000000000000000000 ) ) ;
#2077 = CARTESIAN_POINT ( 'NONE',  ( 0.5198154872248684777, -1.316061207824125834, -3.183868201698350830 ) ) ;
#2078 = CARTESIAN_POINT ( 'NONE',  ( -0.6918119884158653310, -0.8100504070305221127, -3.701137191857855946 ) ) ;
#2079 = CARTESIAN_POINT ( 'NONE',  ( 1.030244125138249994E-16, -0.8412581699928068923, -1.855000000000000204 ) ) ;
#2080 = ORIENTED_EDGE ( 'NONE', *, *, #667, .T. ) ;
#2081 = CARTESIAN_POINT ( 'NONE',  ( 0.4150932381771822999, 0.9807832332756440952, -4.177439975344162448 ) ) ;
#2082 = CARTESIAN_POINT ( 'NONE',  ( -1.414999999965742328, 9.846213738595768593E-06, -2.451251229326852243 ) ) ;
#2083 = PLANE ( 'NONE',  #155 ) ;
#2084 = EDGE_CURVE ( 'NONE', #2237, #1682, #3250, .T. ) ;
#2085 = CARTESIAN_POINT ( 'NONE',  ( -0.5935494965927382571, -0.8871396103946831424, -1.024357607875576726 ) ) ;
#2086 = VERTEX_POINT ( 'NONE', #208 ) ;
#2087 = CARTESIAN_POINT ( 'NONE',  ( 1.010172401739631853, -0.3373148998452972225, -3.895128515009241621 ) ) ;
#2088 = CARTESIAN_POINT ( 'NONE',  ( 1.330212174071282671, -0.4827383681047514585, -1.981421618305326815 ) ) ;
#2089 = CARTESIAN_POINT ( 'NONE',  ( 0.3898700059550712638, -0.9917941514607350184, -0.8619795437804155247 ) ) ;
#2090 = CARTESIAN_POINT ( 'NONE',  ( 0.8169506309033202074, -1.414999999999998703, -2.230416666666669823 ) ) ;
#2091 = EDGE_CURVE ( 'NONE', #957, #1693, #3294, .T. ) ;
#2092 = PRODUCT_DEFINITION_FORMATION_WITH_SPECIFIED_SOURCE ( 'Symmetric', '', #1186, .NOT_KNOWN. ) ;
#2093 = CARTESIAN_POINT ( 'NONE',  ( 1.225444687817700107, 0.7075108203885450697, -4.085404172358190422 ) ) ;
#2094 = CARTESIAN_POINT ( 'NONE',  ( 0.6304851458203351022, -0.8584115411323952616, -2.413102995575989951 ) ) ;
#2095 = EDGE_CURVE ( 'NONE', #2839, #764, #2398, .T. ) ;
#2096 = DIRECTION ( 'NONE',  ( 0.9238795325112894030, -0.3826834323650832870, 0.000000000000000000 ) ) ;
#2097 = AXIS2_PLACEMENT_3D ( 'NONE', #1956, #3096, #3628 ) ;
#2098 = CARTESIAN_POINT ( 'NONE',  ( -0.05763003234063721059, 1.063685488299571436, -3.565755994288923869 ) ) ;
#2099 = AXIS2_PLACEMENT_3D ( 'NONE', #3241, #1026, #3297 ) ;
#2100 = PLANE ( 'NONE',  #2099 ) ;
#2101 = ORIENTED_EDGE ( 'NONE', *, *, #2330, .F. ) ;
#2102 = CARTESIAN_POINT ( 'NONE',  ( 0.8169506309033202074, 1.414999999999998703, -0.6845833333333308790 ) ) ;
#2103 = CARTESIAN_POINT ( 'NONE',  ( 0.4331912268180266312, -0.9730825820386908021, -3.510947288057485238 ) ) ;
#2104 = CARTESIAN_POINT ( 'NONE',  ( 1.225425946354979923, 0.7075000000000000178, -2.892916666666660142 ) ) ;
#2105 = CARTESIAN_POINT ( 'NONE',  ( 0.000000000000000000, 0.8412581699928068923, -2.168404344971009854E-16 ) ) ;
#2106 = CIRCLE ( 'NONE', #981, 1.064999999999999947 ) ;
#2107 = DIRECTION ( 'NONE',  ( 1.000000000000000000, 0.000000000000000000, 0.000000000000000000 ) ) ;
#2108 = ORIENTED_EDGE ( 'NONE', *, *, #3329, .F. ) ;
#2109 = CARTESIAN_POINT ( 'NONE',  ( -1.050739980700176490, 0.9501932945448456902, -0.4543837482032339059 ) ) ;
#2110 = CARTESIAN_POINT ( 'NONE',  ( 1.398054178979292628, -0.2371680546882857787, -1.950760888886424516 ) ) ;
#2111 = DIRECTION ( 'NONE',  ( -0.3826834323650861180, -0.9238795325112882928, 0.000000000000000000 ) ) ;
#2112 = CARTESIAN_POINT ( 'NONE',  ( -0.8169506309033202074, -1.414999999999998703, -3.467083333333329964 ) ) ;
#2113 = CARTESIAN_POINT ( 'NONE',  ( 0.7285509463549789677, 0.4206290849964040013, -3.356666666666669574 ) ) ;
#2114 = CARTESIAN_POINT ( 'NONE',  ( 0.3805786333624196494, -0.9946810861951049798, -2.460316300764057384 ) ) ;
#2115 = CARTESIAN_POINT ( 'NONE',  ( -2.231056575520759816E-14, -1.064999999999999947, -1.460822594216370174 ) ) ;
#2116 = CARTESIAN_POINT ( 'NONE',  ( 1.190086034623192290, -0.1604374671589098300, -3.935066353705393372 ) ) ;
#2117 = DIRECTION ( 'NONE',  ( 0.000000000000000000, 0.000000000000000000, -1.000000000000000000 ) ) ;
#2118 =( BOUNDED_CURVE ( )  B_SPLINE_CURVE ( 2, ( #93, #1812, #2883, #343, #1167, #2303, #1227, #2362, #3451 ),
 .UNSPECIFIED., .F., .T. ) 
 B_SPLINE_CURVE_WITH_KNOTS ( ( 3, 2, 2, 2, 3 ),
 ( 0.3333333314840304928, 0.4444444444442987585, 0.6666666666665785890, 0.8888888888888586415, 1.000000000000000000 ),
 .UNSPECIFIED. ) 
 CURVE ( )  GEOMETRIC_REPRESENTATION_ITEM ( )  RATIONAL_B_SPLINE_CURVE ( ( 0.9330127018922195203, 0.9330127007774073888, 1.000000000000000000, 0.8660254037844389297, 1.000000000000000000, 0.8660254037844389297, 1.000000000000000000, 0.9330127018922196314, 0.9330127018922195203 ) ) 
 REPRESENTATION_ITEM ( '' )  );
#2119 = CARTESIAN_POINT ( 'NONE',  ( 0.8230840802402250578, -0.6758718893354245250, -2.893657903542627530 ) ) ;
#2120 = VERTEX_POINT ( 'NONE', #742 ) ;
#2121 = CARTESIAN_POINT ( 'NONE',  ( -0.4857006309033200520, 0.8412581699928072254, -0.1766666666666650842 ) ) ;
#2122 = CARTESIAN_POINT ( 'NONE',  ( -0.4857006309033200520, 0.8412581699928072254, -3.356666666666659360 ) ) ;
#2123 = CARTESIAN_POINT ( 'NONE',  ( -0.4857006309033200520, 0.8412581699928072254, -2.031666666666660959 ) ) ;
#2124 = CARTESIAN_POINT ( 'NONE',  ( -0.2559840793088440369, 1.124010828208261037, -4.024159710235952758 ) ) ;
#2125 = ORIENTED_EDGE ( 'NONE', *, *, #2095, .F. ) ;
#2126 = CARTESIAN_POINT ( 'NONE',  ( -0.2723938481972578707, 1.390859455269201517, -0.5651987820813064722 ) ) ;
#2127 = CARTESIAN_POINT ( 'NONE',  ( 1.000512075251441146, -1.000600113569914962, -2.052199481154585392 ) ) ;
#2128 = CARTESIAN_POINT ( 'NONE',  ( 0.3042727853685666117, -1.385836620222659521, -0.03149639515844238763 ) ) ;
#2129 = EDGE_CURVE ( 'NONE', #3420, #563, #2504, .T. ) ;
#2130 = CARTESIAN_POINT ( 'NONE',  ( -0.8505676496805026909, 0.6439237087576791252, -2.894304071944245216 ) ) ;
#2131 = CARTESIAN_POINT ( 'NONE',  ( 0.000000000000000000, 1.415000000000000036, -2.716250000000000053 ) ) ;
#2132 = CARTESIAN_POINT ( 'NONE',  ( 0.3885700533263009571, 0.3885700533263009571, 0.7333333333333339477 ) ) ;
#2133 = CARTESIAN_POINT ( 'NONE',  ( -0.8988211931560857737, -1.012638049160701215, -3.537807227546413635 ) ) ;
#2134 = CARTESIAN_POINT ( 'NONE',  ( 1.065131717305969561, 0.6141020574635284168, -3.844613495562977601 ) ) ;
#2135 = CIRCLE ( 'NONE', #1009, 1.643813452832049826 ) ;
#2136 = CARTESIAN_POINT ( 'NONE',  ( 2.523552246782999733E-15, -0.3733333333333340165, 2.200000000000000178 ) ) ;
#2137 = CARTESIAN_POINT ( 'NONE',  ( 0.9911668265181333703, -1.009859137352731695, -3.113817431588535189 ) ) ;
#2138 = CARTESIAN_POINT ( 'NONE',  ( -0.5395952895381037617, -0.9599357100521875852, -4.190409877753099366 ) ) ;
#2139 = ADVANCED_FACE ( 'NONE', ( #2994 ), #78, .T. ) ;
#2140 = EDGE_CURVE ( 'NONE', #1451, #693, #3181, .T. ) ;
#2141 = VERTEX_POINT ( 'NONE', #3637 ) ;
#2142 = CARTESIAN_POINT ( 'NONE',  ( 1.225425946354979923, -0.7075000000000000178, -0.9495833333333301152 ) ) ;
#2143 = EDGE_CURVE ( 'NONE', #560, #1798, #1984, .T. ) ;
#2144 = CARTESIAN_POINT ( 'NONE',  ( -0.5788855620471042851, 1.291680230780163585, -1.585946413550931355 ) ) ;
#2145 = CARTESIAN_POINT ( 'NONE',  ( -0.7715090540189053492, 0.9162666901961535881, -3.914836441718822613 ) ) ;
#2146 = ORIENTED_EDGE ( 'NONE', *, *, #1160, .T. ) ;
#2147 = CARTESIAN_POINT ( 'NONE',  ( -1.414999999998512115, 2.051759204062908523E-06, -0.3312502561675804147 ) ) ;
#2148 = CARTESIAN_POINT ( 'NONE',  ( 1.014270108731188058, 0.9900633655211283912, -2.851894623504931392 ) ) ;
#2149 = CARTESIAN_POINT ( 'NONE',  ( -1.456140700027009556E-14, -1.415000000000000036, -2.186249999999999805 ) ) ;
#2150 = CARTESIAN_POINT ( 'NONE',  ( 1.065000049943637173, 0.004918097473079112956, -3.315006760728365531 ) ) ;
#2151 = CIRCLE ( 'NONE', #2810, 0.3142857142857139463 ) ;
#2152 = CARTESIAN_POINT ( 'NONE',  ( -1.225444687817700107, -0.7075108203885459579, -4.615404172358180013 ) ) ;
#2153 = CARTESIAN_POINT ( 'NONE',  ( -0.4708267257550325935, -1.308518069036572085, -3.449985259294868545 ) ) ;
#2154 = CARTESIAN_POINT ( 'NONE',  ( 0.9369545248959212369, 0.8133936181170335900, -3.820151908345492675 ) ) ;
#2155 = DIRECTION ( 'NONE',  ( -0.1735446834999980203, -0.03452018384113919591, 0.9842208084248469380 ) ) ;
#2156 = CARTESIAN_POINT ( 'NONE',  ( 0.8775487425572557898, 0.6049778515781893962, -3.737770429612290002 ) ) ;
#2157 = DIRECTION ( 'NONE',  ( 0.1325620950180089741, 0.1325620950180089741, 0.9822701165814180513 ) ) ;
#2158 = ORIENTED_EDGE ( 'NONE', *, *, #554, .T. ) ;
#2159 = CARTESIAN_POINT ( 'NONE',  ( -1.225425946354979923, 0.7075000000000000178, -0.4195833333333309767 ) ) ;
#2160 = CARTESIAN_POINT ( 'NONE',  ( -0.7285509463549789677, -0.4206290849964040013, -3.091666666666659680 ) ) ;
#2161 = CARTESIAN_POINT ( 'NONE',  ( -0.6548856243663531140, 1.254353216846159746, -1.575411253733457029 ) ) ;
#2162 = CARTESIAN_POINT ( 'NONE',  ( -0.7085965471077925182, 0.9598827615323545226, -3.929453414181643289 ) ) ;
#2163 = ORIENTED_EDGE ( 'NONE', *, *, #3090, .F. ) ;
#2164 = CARTESIAN_POINT ( 'NONE',  ( -1.276141317998926938, 0.6133002343403480827, -0.4070384499366889175 ) ) ;
#2165 = CARTESIAN_POINT ( 'NONE',  ( 1.239367457235752923, 0.6839313030859999198, -2.895783045556544089 ) ) ;
#2166 = CARTESIAN_POINT ( 'NONE',  ( -0.3407913658054799733, 1.012437079709477938, -1.400852126557798671 ) ) ;
#2167 = CARTESIAN_POINT ( 'NONE',  ( 1.041282159506939475, 0.2271075436874850084, -3.278342578162476428 ) ) ;
#2168 = EDGE_CURVE ( 'NONE', #442, #764, #2420, .T. ) ;
#2169 = B_SPLINE_CURVE_WITH_KNOTS ( 'NONE', 3,
 ( #3052, #3380, #3033, #3682, #488, #3642, #2813, #1117, #1415, #2251, #784, #2796, #3092, #1100, #505, #252, #234, #2778, #1382, #2234, #1618, #1913, #822, #2497, #1399, #2535, #2214, #842, #2758, #3359, #1968, #802, #2475, #3112, #1934, #1691, #2831, #289 ),
 .UNSPECIFIED., .F., .F.,
 ( 4, 2, 2, 2, 2, 2, 2, 2, 2, 2, 2, 2, 1, 2, 2, 2, 2, 1, 2, 4 ),
 ( 0.000000000000000000, 0.08087182969724117376, 0.1213077445458617259, 0.1415257019701720298, 0.1617436593944823475, 0.1819616168187926375, 0.1870161061748701892, 0.1920705955309477686, 0.2021795742431030385, 0.2426154890917241735, 0.2476699784478018362, 0.2501972231258406398, 0.2527244678038794712, 0.2628334465160347411, 0.2830514039403452808, 0.3032693613646558761, 0.3133783400768112015, 0.3184328294328888087, 0.3209600741109276401, 0.3234873187889664714 ),
 .UNSPECIFIED. ) ;
#2170 = CARTESIAN_POINT ( 'NONE',  ( -1.633901261806640415, -3.001427925591489111E-16, -2.451249999999999041 ) ) ;
#2171 = CARTESIAN_POINT ( 'NONE',  ( 0.000000000000000000, 1.415021640777090139, -2.848737505691520067 ) ) ;
#2172 = DIRECTION ( 'NONE',  ( 0.000000000000000000, 0.000000000000000000, -1.000000000000000000 ) ) ;
#2173 = VECTOR ( 'NONE', #3277, 1000.000000000000227 ) ;
#2174 = CARTESIAN_POINT ( 'NONE',  ( -0.7285509463549789677, -0.4206290849964040013, -2.826666666666659999 ) ) ;
#2175 = CARTESIAN_POINT ( 'NONE',  ( -1.065000000000000169, -0.09607109757639294145, -1.173240729190366372 ) ) ;
#2176 = CARTESIAN_POINT ( 'NONE',  ( -0.1064216657522453480, -1.414999999999132951, -1.137756913783065649 ) ) ;
#2177 = CARTESIAN_POINT ( 'NONE',  ( 1.064999999980960954, 6.372057155268434965E-06, -2.779176348760485027 ) ) ;
#2178 = ORIENTED_EDGE ( 'NONE', *, *, #1094, .F. ) ;
#2179 = CARTESIAN_POINT ( 'NONE',  ( 0.7285509463549789677, 0.4206290849964040013, -0.4416666666666639873 ) ) ;
#2180 = VECTOR ( 'NONE', #2111, 1000.000000000000114 ) ;
#2181 = CARTESIAN_POINT ( 'NONE',  ( 0.1582723194015654145, 1.406140326163420440, -1.674337691593679844 ) ) ;
#2182 = CARTESIAN_POINT ( 'NONE',  ( -0.5847613541100319390, 1.025868420002861159, -3.956773363503677921 ) ) ;
#2183 = VERTEX_POINT ( 'NONE', #2880 ) ;
#2184 = CARTESIAN_POINT ( 'NONE',  ( -0.7161758473719086471, 1.229459646657345750, -0.5075135637680129319 ) ) ;
#2185 = CARTESIAN_POINT ( 'NONE',  ( -0.7323760900545287500, 1.213080202326318302, -2.624279179041836052 ) ) ;
#2186 = DIRECTION ( 'NONE',  ( 1.000000000000000000, 0.000000000000000000, 0.000000000000000000 ) ) ;
#2187 = CARTESIAN_POINT ( 'NONE',  ( 1.011099850755999396, 0.3440749630966915551, -3.258985552574718003 ) ) ;
#2188 = CARTESIAN_POINT ( 'NONE',  ( -1.287183888867559300, -0.1335657021577397741, -3.699068320649094410 ) ) ;
#2189 = CARTESIAN_POINT ( 'NONE',  ( -1.321579196872400885, 0.3647046715787304882, -3.526687349052497922 ) ) ;
#2190 = CARTESIAN_POINT ( 'NONE',  ( -0.2373281553379985587, -1.049130265154096131, -3.079587909800474144 ) ) ;
#2191 = CARTESIAN_POINT ( 'NONE',  ( 0.6287702987229151219, 0.8598839063150314210, -2.098152149270775535 ) ) ;
#2192 = CIRCLE ( 'NONE', #947, 1.182748768039330045 ) ;
#2193 = ORIENTED_EDGE ( 'NONE', *, *, #401, .T. ) ;
#2194 = CARTESIAN_POINT ( 'NONE',  ( -5.946740495865739917E-16, -2.694133978409249788E-16, 2.200000000000000178 ) ) ;
#2195 = CARTESIAN_POINT ( 'NONE',  ( 1.732875220793510196E-16, -1.415000000000000036, -3.246249999999999858 ) ) ;
#2196 = CARTESIAN_POINT ( 'NONE',  ( 0.4857006309033200520, -0.8412581699928072254, -0.7066666666666662211 ) ) ;
#2197 = CARTESIAN_POINT ( 'NONE',  ( -0.2562310515653236087, 1.391618643799596544, -1.627057552074057778 ) ) ;
#2198 = EDGE_CURVE ( 'NONE', #419, #2737, #1853, .T. ) ;
#2199 = CARTESIAN_POINT ( 'NONE',  ( 1.732875220793510196E-16, -1.415000000000000036, -1.126249999999999973 ) ) ;
#2200 = ORIENTED_EDGE ( 'NONE', *, *, #539, .F. ) ;
#2201 = CARTESIAN_POINT ( 'NONE',  ( -1.456140700027009556E-14, -1.415000000000000036, -2.318750000000000089 ) ) ;
#2202 = CARTESIAN_POINT ( 'NONE',  ( -1.283747290124861884, 0.5952322552016762192, -2.525568507946968744 ) ) ;
#2203 = DIRECTION ( 'NONE',  ( 0.000000000000000000, 0.000000000000000000, -1.000000000000000000 ) ) ;
#2204 = CARTESIAN_POINT ( 'NONE',  ( 1.049709007932455140, 0.1853251835156915217, -3.285229965966965260 ) ) ;
#2205 = ORIENTED_EDGE ( 'NONE', *, *, #241, .F. ) ;
#2206 = CARTESIAN_POINT ( 'NONE',  ( -0.9301621834691365942, 0.5194909348741438837, -3.395453095265390075 ) ) ;
#2207 = CARTESIAN_POINT ( 'NONE',  ( -0.5008007047006486356, -0.9405832379326557469, -2.066719950591088484 ) ) ;
#2208 = CARTESIAN_POINT ( 'NONE',  ( 1.633901261806640415, 1.000475975197160448E-16, -0.9937499999999999112 ) ) ;
#2209 = CARTESIAN_POINT ( 'NONE',  ( -0.9790983500021150920, -0.4190388546901896993, -1.656311393304117141 ) ) ;
#2210 = ADVANCED_FACE ( 'NONE', ( #2026 ), #464, .T. ) ;
#2211 = CARTESIAN_POINT ( 'NONE',  ( -0.4857006309033189417, -0.8412581699928072254, -2.738333333333329733 ) ) ;
#2212 = FACE_OUTER_BOUND ( 'NONE', #1767, .T. ) ;
#2213 = VERTEX_POINT ( 'NONE', #2847 ) ;
#2214 = CARTESIAN_POINT ( 'NONE',  ( 1.012623999046360357, -0.3307269394584342881, -1.773964286056420425 ) ) ;
#2215 =( BOUNDED_SURFACE ( )  B_SPLINE_SURFACE ( 1, 2, ( 
 ( #1745, #934, #2064, #914, #2892, #1821, #1782, #2334, #2929, #1514, #1475, #405, #2387, #3529, #2104, #3321, #749, #2459, #2195, #785, #3300, #1897, #176, #439, #2477 ),
 ( #3034, #194, #3283, #731, #1858, #1549, #992, #3267, #3000, #489, #1619, #136, #455, #1307, #216, #1270, #3586, #2404, #1029, #3550, #2160, #1878, #2424, #2122, #710 ) ),
 .UNSPECIFIED., .F., .F., .F. ) 
 B_SPLINE_SURFACE_WITH_KNOTS ( ( 2, 2 ),
 ( 3, 2, 2, 2, 2, 2, 2, 2, 2, 2, 2, 2, 3 ),
 ( 0.000000000000000000, 1.000000000000000000 ),
 ( 0.000000000000000000, 0.08333333333333330095, 0.1666666666666670182, 0.2500000000000000000, 0.3333333333333329818, 0.4166666666666670182, 0.5000000000000000000, 0.5833333333333330373, 0.6666666666666670737, 0.7500000000000000000, 0.8333333333333330373, 0.9166666666666670737, 1.000000000000000000 ),
 .UNSPECIFIED. ) 
 GEOMETRIC_REPRESENTATION_ITEM ( )  RATIONAL_B_SPLINE_SURFACE ( (
 ( 1.000000000000000000, 0.8660254037844389297, 1.000000000000000000, 0.8660254037844389297, 1.000000000000000000, 0.8660254037844389297, 1.000000000000000000, 0.8660254037844389297, 1.000000000000000000, 0.8660254037844389297, 1.000000000000000000, 0.8660254037844389297, 1.000000000000000000, 0.8660254037844389297, 1.000000000000000000, 0.8660254037844389297, 1.000000000000000000, 0.8660254037844389297, 1.000000000000000000, 0.8660254037844389297, 1.000000000000000000, 0.8660254037844389297, 1.000000000000000000, 0.8660254037844389297, 1.000000000000000000),
 ( 1.000000000000000000, 0.8660254037844389297, 1.000000000000000000, 0.8660254037844389297, 1.000000000000000000, 0.8660254037844389297, 1.000000000000000000, 0.8660254037844389297, 1.000000000000000000, 0.8660254037844389297, 1.000000000000000000, 0.8660254037844389297, 1.000000000000000000, 0.8660254037844389297, 1.000000000000000000, 0.8660254037844389297, 1.000000000000000000, 0.8660254037844389297, 1.000000000000000000, 0.8660254037844389297, 1.000000000000000000, 0.8660254037844389297, 1.000000000000000000, 0.8660254037844389297, 1.000000000000000000) ) ) 
 REPRESENTATION_ITEM ( '' )  SURFACE ( )  );
#2216 = CARTESIAN_POINT ( 'NONE',  ( -0.1746432497729573929, 1.404600540185008573, -1.636516631065362715 ) ) ;
#2217 = APPLICATION_PROTOCOL_DEFINITION ( 'draft international standard', 'automotive_design', 1998, #2469 ) ;
#2218 = ORIENTED_EDGE ( 'NONE', *, *, #1506, .T. ) ;
#2219 = LINE ( 'NONE', #3364, #2456 ) ;
#2220 = CARTESIAN_POINT ( 'NONE',  ( 0.08691371842145036164, 1.413127755164256261, -2.726416245171429331 ) ) ;
#2221 = CARTESIAN_POINT ( 'NONE',  ( -1.296927428752573830, -0.5660523103278761736, -0.2609731954875638138 ) ) ;
#2222 = CARTESIAN_POINT ( 'NONE',  ( 0.1420981871351904013, 1.057812284942233116, -3.072212411750351979 ) ) ;
#2223 = VERTEX_POINT ( 'NONE', #1413 ) ;
#2224 = CARTESIAN_POINT ( 'NONE',  ( -1.414974342474299318, -0.009806899693602601567, -2.450025704508497437 ) ) ;
#2225 = CARTESIAN_POINT ( 'NONE',  ( -1.171647515384681926, -0.6115311044004160257, -3.615909692809591292 ) ) ;
#2226 = CARTESIAN_POINT ( 'NONE',  ( 0.8169506309033202074, -1.414999999999998703, -2.230416666666658276 ) ) ;
#2227 = VECTOR ( 'NONE', #1432, 1000.000000000000000 ) ;
#2228 = CIRCLE ( 'NONE', #627, 0.1270000000000000018 ) ;
#2229 = CARTESIAN_POINT ( 'NONE',  ( 0.9232973258380301473, 0.5312622540128217885, -2.167485216001116211 ) ) ;
#2230 = PLANE ( 'NONE',  #1450 ) ;
#2231 = VECTOR ( 'NONE', #365, 1000.000000000000000 ) ;
#2232 = ADVANCED_FACE ( 'NONE', ( #2212 ), #2776, .T. ) ;
#2233 = ORIENTED_EDGE ( 'NONE', *, *, #924, .T. ) ;
#2234 = CARTESIAN_POINT ( 'NONE',  ( 0.9796370536153143904, -0.4178749749119192725, -1.787941642210720383 ) ) ;
#2235 = CARTESIAN_POINT ( 'NONE',  ( 0.4857006309033189417, 0.8412581699928072254, -1.413333333333330000 ) ) ;
#2236 = CARTESIAN_POINT ( 'NONE',  ( 1.415000000000000036, 1.101139767011850056E-14, -1.921249999999999902 ) ) ;
#2237 = VERTEX_POINT ( 'NONE', #2249 ) ;
#2238 = DIRECTION ( 'NONE',  ( 0.3826834323650840641, 0.000000000000000000, 0.9238795325112890700 ) ) ;
#2239 = CARTESIAN_POINT ( 'NONE',  ( 0.6304770553298405522, -0.8584174848617788234, -3.473104652913482582 ) ) ;
#2240 = CARTESIAN_POINT ( 'NONE',  ( -0.7613048742615072806, -1.192929474765054065, -0.1624291652156339416 ) ) ;
#2241 = CARTESIAN_POINT ( 'NONE',  ( 1.225425946354979923, 0.7075000000000000178, -3.952916666666669521 ) ) ;
#2242 = AXIS2_PLACEMENT_3D ( 'NONE', #610, #591, #3695 ) ;
#2243 = ORIENTED_EDGE ( 'NONE', *, *, #3310, .F. ) ;
#2244 = CARTESIAN_POINT ( 'NONE',  ( -1.633901261806640415, -4.299510660643208985E-16, -1.523750000000001270 ) ) ;
#2245 = CARTESIAN_POINT ( 'NONE',  ( -0.2539645287367500726, -1.407670679876572795, -2.214803478990075458 ) ) ;
#2246 = CARTESIAN_POINT ( 'NONE',  ( -1.274912834687755181, -0.2541523804156309296, -3.677796578607269051 ) ) ;
#2247 = CARTESIAN_POINT ( 'NONE',  ( 1.064360034337904937, 0.04190397721497210459, -0.6522323505522208409 ) ) ;
#2248 = EDGE_CURVE ( 'NONE', #270, #153, #2494, .T. ) ;
#2249 = CARTESIAN_POINT ( 'NONE',  ( 1.197468887271536442, -7.742671801185181825E-06, -3.915659532405441290 ) ) ;
#2250 = ORIENTED_EDGE ( 'NONE', *, *, #401, .F. ) ;
#2251 = CARTESIAN_POINT ( 'NONE',  ( 0.7651938611186995809, -0.7415580532830794436, -1.847451372360683353 ) ) ;
#2252 = ORIENTED_EDGE ( 'NONE', *, *, #1160, .F. ) ;
#2253 = ADVANCED_FACE ( 'NONE', ( #2512 ), #3680, .T. ) ;
#2254 = CARTESIAN_POINT ( 'NONE',  ( 1.346054437631866607, 0.4363440036364515384, -0.8069240105005790475 ) ) ;
#2255 = CARTESIAN_POINT ( 'NONE',  ( -1.414999999999997593, 7.176968912615030782E-08, -0.4637500089606332865 ) ) ;
#2256 = CARTESIAN_POINT ( 'NONE',  ( -0.7041854838125010119, -0.8476762330037970194, 1.650615299480810181E-17 ) ) ;
#2257 = CARTESIAN_POINT ( 'NONE',  ( 1.732875220793510196E-16, -1.415000000000000036, -4.306250000000000355 ) ) ;
#2258 = ORIENTED_EDGE ( 'NONE', *, *, #2140, .F. ) ;
#2259 = CARTESIAN_POINT ( 'NONE',  ( -1.164460782663471861, -0.8042334042239657199, -1.289935604960487536 ) ) ;
#2260 = CARTESIAN_POINT ( 'NONE',  ( 1.732875220793510196E-16, -1.415000000000000036, -1.258750000000000036 ) ) ;
#2261 = CARTESIAN_POINT ( 'NONE',  ( -1.316314231036908255, -0.5196903462879796098, -2.386793877299807853 ) ) ;
#2262 = CARTESIAN_POINT ( 'NONE',  ( -0.7766364738542393953, -0.7292704056419588854, -2.123354179373733608 ) ) ;
#2263 = CARTESIAN_POINT ( 'NONE',  ( 0.7831611306290915397, 0.7243247695434015254, -0.5343242807303265618 ) ) ;
#2264 = CARTESIAN_POINT ( 'NONE',  ( -2.231056575520759816E-14, -1.064999999999999947, -0.9241774057836309453 ) ) ;
#2265 = CARTESIAN_POINT ( 'NONE',  ( 0.000000000000000000, 0.8412581699928068923, -2.384999999999999787 ) ) ;
#2266 = ORIENTED_EDGE ( 'NONE', *, *, #1505, .F. ) ;
#2267 = CARTESIAN_POINT ( 'NONE',  ( -1.581817946414579725E-14, -1.415000000000000036, -3.378749999999999698 ) ) ;
#2268 = CARTESIAN_POINT ( 'NONE',  ( -0.1304670927372289790, 1.135266360931561858, -4.047898444474999025 ) ) ;
#2269 = ORIENTED_EDGE ( 'NONE', *, *, #1164, .T. ) ;
#2270 = CARTESIAN_POINT ( 'NONE',  ( -1.225425946354979923, -0.7075000000000000178, -2.495416666666669503 ) ) ;
#2271 = CARTESIAN_POINT ( 'NONE',  ( 0.5961006946459115330, -0.8826630503086916324, -3.480062813173263603 ) ) ;
#2272 = CARTESIAN_POINT ( 'NONE',  ( -1.415000004746304274, -0.003272272855653931938, -0.3308414479615678361 ) ) ;
#2273 = CARTESIAN_POINT ( 'NONE',  ( 0.2527025549735243959, 1.036870837123268219, -2.553588279930240290 ) ) ;
#2274 = EDGE_CURVE ( 'NONE', #2022, #747, #1335, .T. ) ;
#2275 = CIRCLE ( 'NONE', #3113, 3.061544987475520063 ) ;
#2276 = ORIENTED_EDGE ( 'NONE', *, *, #3264, .T. ) ;
#2277 = CARTESIAN_POINT ( 'NONE',  ( -0.3932171227713018302, -0.9897726769008744485, -3.106910022074102162 ) ) ;
#2278 = TOROIDAL_SURFACE ( 'NONE', #1628, 2.485714285714290206, 0.3142857142857140018 ) ;
#2279 = LINE ( 'NONE', #1408, #1526 ) ;
#2280 = LINE ( 'NONE', #2341, #258 ) ;
#2281 = CARTESIAN_POINT ( 'NONE',  ( 0.8131932298135263748, 0.6884494376540843952, -0.5417931473905478468 ) ) ;
#2282 = CARTESIAN_POINT ( 'NONE',  ( -0.7128485806120300472, -0.7912512913568783279, -1.049285726692672061 ) ) ;
#2283 = CARTESIAN_POINT ( 'NONE',  ( -0.8169506309033202074, -1.414999999999998703, -2.274583333333333179 ) ) ;
#2284 = CARTESIAN_POINT ( 'NONE',  ( 0.000000000000000000, 1.415135850721299882, -3.776328433450509614 ) ) ;
#2285 = DIRECTION ( 'NONE',  ( 1.000000000000000000, 0.000000000000000000, 0.000000000000000000 ) ) ;
#2286 = CARTESIAN_POINT ( 'NONE',  ( 1.046410330242129705, -0.9530038011288181066, -3.104991416394016213 ) ) ;
#2287 = CARTESIAN_POINT ( 'NONE',  ( -3.215622149452959736E-14, -1.415000000000000036, -3.246249999999999858 ) ) ;
#2288 = ORIENTED_EDGE ( 'NONE', *, *, #1969, .F. ) ;
#2289 = LINE ( 'NONE', #3438, #1448 ) ;
#2290 = CARTESIAN_POINT ( 'NONE',  ( 0.7446594802460977380, -0.7613883644811495488, -3.448782132759529162 ) ) ;
#2291 = CARTESIAN_POINT ( 'NONE',  ( -1.172500735786504267, -0.7958541890573691546, -0.2317624637481267846 ) ) ;
#2292 = CARTESIAN_POINT ( 'NONE',  ( 0.3193031917214245730, 1.018334515728348100, -2.564807901875748364 ) ) ;
#2293 = ORIENTED_EDGE ( 'NONE', *, *, #2443, .F. ) ;
#2294 = CARTESIAN_POINT ( 'NONE',  ( -1.312323337764275344, -0.5291882788380419811, -1.325141480313096087 ) ) ;
#2295 = CARTESIAN_POINT ( 'NONE',  ( 1.064999999999999947, 0.000000000000000000, -6.500000000000000000 ) ) ;
#2296 = AXIS2_PLACEMENT_3D ( 'NONE', #3444, #3158, #2877 ) ;
#2297 = CARTESIAN_POINT ( 'NONE',  ( 0.9446277150576655179, 0.4923372973718076473, -2.174114013485814123 ) ) ;
#2298 = CARTESIAN_POINT ( 'NONE',  ( -0.6000454485899856527, -0.8805951969322280970, -2.622040285797051062 ) ) ;
#2299 = EDGE_CURVE ( 'NONE', #139, #728, #840, .T. ) ;
#2300 = CARTESIAN_POINT ( 'NONE',  ( -0.3121475877363593665, 1.019783881523823821, -0.3455112237248447182 ) ) ;
#2301 = CARTESIAN_POINT ( 'NONE',  ( -0.9659794519776100374, -0.4484555394846967968, -1.115110103027665334 ) ) ;
#2302 = CARTESIAN_POINT ( 'NONE',  ( 0.6791679887396078197, 0.8205192043004241320, -1.572035628420255016 ) ) ;
#2303 = CARTESIAN_POINT ( 'NONE',  ( 0.8169506309033202074, 1.414999999999998481, -1.877083333333332771 ) ) ;
#2304 = ADVANCED_FACE ( 'NONE', ( #3662 ), #2230, .T. ) ;
#2305 = ORIENTED_EDGE ( 'NONE', *, *, #1055, .F. ) ;
#2306 =( LENGTH_UNIT ( ) NAMED_UNIT ( * ) SI_UNIT ( .MILLI., .METRE. ) );
#2307 = CARTESIAN_POINT ( 'NONE',  ( 1.065000000420508020, -0.2853658892108033029, -0.1831602847583794491 ) ) ;
#2308 = ORIENTED_EDGE ( 'NONE', *, *, #189, .T. ) ;
#2309 = CARTESIAN_POINT ( 'NONE',  ( -0.5065450062798945163, 0.9373109039346473326, -4.027461562933521755 ) ) ;
#2310 = CARTESIAN_POINT ( 'NONE',  ( 0.8564945987429398722, -0.6339697727537536576, -3.423445297698326506 ) ) ;
#2311 = CARTESIAN_POINT ( 'NONE',  ( 1.414999999999999369, 0.3791481072900390603, -0.9464123093371655804 ) ) ;
#2312 = EDGE_CURVE ( 'NONE', #788, #2014, #1796, .T. ) ;
#2313 = CARTESIAN_POINT ( 'NONE',  ( 0.04078692708940961226, 1.064238866919385629, -2.520261005606155624 ) ) ;
#2314 = CIRCLE ( 'NONE', #2495, 3.061544987475520063 ) ;
#2315 = ORIENTED_EDGE ( 'NONE', *, *, #1395, .T. ) ;
#2316 = B_SPLINE_CURVE_WITH_KNOTS ( 'NONE', 3,
 ( #3347, #1573, #1071, #3291, #1904, #1866, #2786, #496, #756, #810, #1885, #1627, #1943, #3008, #3079, #2710, #463, #1591, #164, #2449, #3024, #482, #2747, #2292, #2273, #3155, #528, #277, #830, #1697, #3441, #884, #1156, #1716, #1663, #2313, #1681, #2872, #2594, #2574, #2013, #1729, #2837, #3424, #28, #601, #3460, #548, #2028, #900, #1975, #2803, #3390, #1421, #297, #567, #1406, #3119, #261, #1176, #1389, #849, #2542, #3688, #1959, #867, #2523, #585 ),
 .UNSPECIFIED., .F., .F.,
 ( 4, 2, 2, 2, 1, 2, 2, 2, 2, 2, 1, 2, 2, 2, 2, 2, 2, 2, 2, 2, 2, 2, 2, 2, 2, 2, 2, 1, 2, 2, 2, 2, 2, 1, 2, 4 ),
 ( 0.3234873184572870097, 0.4080514036501247110, 0.4106940313124008979, 0.4133366589746770847, 0.4186219142992295139, 0.4291924249483343723, 0.4503334462465441446, 0.4926154888429639112, 0.4979007441675165069, 0.5031859994920691026, 0.5137565101411742940, 0.5348975314393846769, 0.5771795740358054427, 0.6194616166322262085, 0.6247468719567788042, 0.6273894996190549911, 0.6300321272813312889, 0.6406026379304363694, 0.6511731485795412278, 0.6538157762418174146, 0.6564584039040936014, 0.6617436592286460861, 0.6828846805268558029, 0.6934551911759605503, 0.7040257018250652976, 0.7463077444214847311, 0.7515929997460371048, 0.7568782550705893675, 0.7674487657196942259, 0.7885897870179037206, 0.8308718296143227100, 0.8731538722107416994, 0.8837243828598464468, 0.8942948935089514162, 0.9154359148071611330, 1.000000000000000000 ),
 .UNSPECIFIED. ) ;
#2317 = CARTESIAN_POINT ( 'NONE',  ( 1.059378298531701956, -0.1111006512095634308, -3.857574357348743987 ) ) ;
#2318 = DIRECTION ( 'NONE',  ( 0.000000000000000000, 0.000000000000000000, -1.000000000000000000 ) ) ;
#2319 = CARTESIAN_POINT ( 'NONE',  ( 0.3578701877278138710, 1.007218685725940199, -2.047426907697456056 ) ) ;
#2320 = CARTESIAN_POINT ( 'NONE',  ( -0.8098332400441964340, -0.6918920083408610644, -2.667983344573553683 ) ) ;
#2321 = CARTESIAN_POINT ( 'NONE',  ( -0.5562326004890256748, 0.9095604907702091735, -0.3013691453480353832 ) ) ;
#2322 = CARTESIAN_POINT ( 'NONE',  ( 1.023706100322425039, -0.9769093419737565620, -0.9882875012080646338 ) ) ;
#2323 = CARTESIAN_POINT ( 'NONE',  ( -0.1270000000000000018, 9.240694493887633510E-17, -6.500000000000000000 ) ) ;
#2324 = CARTESIAN_POINT ( 'NONE',  ( 0.8603666903585215353, 0.6287605921304595391, -1.613475921503031874 ) ) ;
#2325 = ADVANCED_FACE ( 'NONE', ( #2566 ), #2363, .T. ) ;
#2326 = CARTESIAN_POINT ( 'NONE',  ( 1.099830668049869953, -0.3667366130130360058, 2.162588139978459889 ) ) ;
#2327 = CARTESIAN_POINT ( 'NONE',  ( 0.000000000000000000, 1.415000000000000036, -1.656250000000000000 ) ) ;
#2328 = CARTESIAN_POINT ( 'NONE',  ( -0.9794553357881711220, -0.4182013679962107711, -3.776450547884587561 ) ) ;
#2329 = AXIS2_PLACEMENT_3D ( 'NONE', #2392, #997, #918 ) ;
#2330 = EDGE_CURVE ( 'NONE', #1552, #179, #1088, .T. ) ;
#2331 = ORIENTED_EDGE ( 'NONE', *, *, #1554, .T. ) ;
#2332 = CARTESIAN_POINT ( 'NONE',  ( -1.414999999661207042, 3.096422151079234451E-05, -1.391253865965439873 ) ) ;
#2333 = CARTESIAN_POINT ( 'NONE',  ( 0.3822075948520535782, -0.9940540593853341989, -3.520029927641775913 ) ) ;
#2334 = CARTESIAN_POINT ( 'NONE',  ( -0.8169506309033202074, -1.414999999999998703, -2.274583333333333179 ) ) ;
#2335 = CARTESIAN_POINT ( 'NONE',  ( 0.9714012618066378835, 5.948117229796001962E-17, -4.770000000000002238 ) ) ;
#2336 = ORIENTED_EDGE ( 'NONE', *, *, #3472, .F. ) ;
#2337 = FACE_OUTER_BOUND ( 'NONE', #472, .T. ) ;
#2338 = CARTESIAN_POINT ( 'NONE',  ( 1.237063280627242579, -0.6873384909811316446, -2.006958318019623988 ) ) ;
#2339 = CARTESIAN_POINT ( 'NONE',  ( 1.415000000000000036, -1.372359544010939965E-15, -0.9937500000000000222 ) ) ;
#2340 = CARTESIAN_POINT ( 'NONE',  ( 1.225425946354979923, 0.7075000000000000178, -3.025416666666659982 ) ) ;
#2341 = CARTESIAN_POINT ( 'NONE',  ( 1.415000000000000036, -3.030957955845219716E-16, 0.3975000000000000200 ) ) ;
#2342 = CARTESIAN_POINT ( 'NONE',  ( 0.2454682941894819059, 1.038670948355979506, -0.4316438087487663999 ) ) ;
#2343 = CARTESIAN_POINT ( 'NONE',  ( 0.000000000000000000, 0.8412581699928068923, -3.445000000000000284 ) ) ;
#2344 = DIRECTION ( 'NONE',  ( 0.000000000000000000, 0.000000000000000000, 1.000000000000000000 ) ) ;
#2345 = LINE ( 'NONE', #1778, #1456 ) ;
#2346 = CARTESIAN_POINT ( 'NONE',  ( -0.4444834735063994957, -0.9704548006870683530, -3.652518737523902548 ) ) ;
#2347 = ORIENTED_EDGE ( 'NONE', *, *, #2422, .T. ) ;
#2348 = CARTESIAN_POINT ( 'NONE',  ( -1.004926279318256954, 0.3560139110063130774, -3.904460477038844690 ) ) ;
#2349 = LINE ( 'NONE', #1192, #3412 ) ;
#2350 = CARTESIAN_POINT ( 'NONE',  ( 0.000000000000000000, 3.252606517456509851E-16, 2.200000000000000178 ) ) ;
#2351 = TOROIDAL_SURFACE ( 'NONE', #2531, 2.485714285714290206, 0.3142857142857140018 ) ;
#2352 = CARTESIAN_POINT ( 'NONE',  ( 0.4857006309033189417, -0.8412581699928072254, -4.946666666666660106 ) ) ;
#2353 = ORIENTED_EDGE ( 'NONE', *, *, #1665, .T. ) ;
#2354 = CARTESIAN_POINT ( 'NONE',  ( 0.5770031700039066624, -0.8954552589042781285, -4.007213799239121244 ) ) ;
#2355 = CARTESIAN_POINT ( 'NONE',  ( 1.009331729814547218, -0.9917139798457175193, -2.050690853184781393 ) ) ;
#2356 = CARTESIAN_POINT ( 'NONE',  ( 0.8347193546660811592, -0.6653222590055759555, -0.7719544201376460357 ) ) ;
#2357 = CARTESIAN_POINT ( 'NONE',  ( 1.633901261806640415, 1.000475975197160448E-16, -2.053749999999998188 ) ) ;
#2358 = DIRECTION ( 'NONE',  ( 0.000000000000000000, 0.000000000000000000, -1.000000000000000000 ) ) ;
#2359 = B_SPLINE_CURVE_WITH_KNOTS ( 'NONE', 3,
 ( #2468, #1021, #1316, #2956, #1593, #1261, #2153, #2972, #3312, #3293, #2695, #759, #415, #431, #1887, #1280, #2678, #2993, #2133, #2414, #448, #741, #1869, #1427, #2563, #2823, #2807, #3693, #1057, #795, #1357, #2225, #282, #1410, #1685, #2246, #2188, #2843 ),
 .UNSPECIFIED., .F., .F.,
 ( 4, 2, 2, 1, 2, 2, 2, 2, 1, 1, 2, 2, 2, 2, 2, 2, 1, 2, 2, 2, 4 ),
 ( 0.000000000000000000, 0.1250000000000045242, 0.1875000000000067724, 0.2187500000000079659, 0.2343750000000086042, 0.2500000000000092149, 0.3750000000000138223, 0.4375000000000160427, 0.4687500000000172085, 0.4843750000000177081, 0.4921875000000178191, 0.5000000000000178746, 0.6250000000000157652, 0.6875000000000145439, 0.7187500000000139888, 0.7343750000000136557, 0.7421875000000135447, 0.7460937500000134337, 0.7500000000000133227, 0.8750000000000066613, 1.000000000000000000 ),
 .UNSPECIFIED. ) ;
#2360 = AXIS2_PLACEMENT_3D ( 'NONE', #477, #1293, #159 ) ;
#2361 = CARTESIAN_POINT ( 'NONE',  ( 0.2527086749929216003, 1.036869360359786274, -1.493589282463423151 ) ) ;
#2362 = CARTESIAN_POINT ( 'NONE',  ( 1.414999999999999369, 0.3791481072900391158, -2.006412309337163968 ) ) ;
#2363 =( BOUNDED_SURFACE ( )  B_SPLINE_SURFACE ( 1, 2, ( 
 ( #503, #1396, #3356, #1115, #3377, #820, #800, #1930, #1950, #3067, #521, #3696, #2284, #1653, #2793, #3433, #3397, #1965, #3110, #559, #1689, #2829, #285, #1130, #3127 ),
 ( #2265, #858, #1987, #575, #1706, #17, #646, #3521, #378, #2657, #1468, #1204, #2343, #3488, #1775, #92, #1792, #629, #1722, #1166, #593, #2021, #2075, #907, #3180 ) ),
 .UNSPECIFIED., .F., .F., .T. ) 
 B_SPLINE_SURFACE_WITH_KNOTS ( ( 2, 2 ),
 ( 3, 2, 2, 2, 2, 2, 2, 2, 2, 2, 2, 2, 3 ),
 ( -0.0002367802279681110154, 1.000000000000000000 ),
 ( 0.000000000000000000, 0.08333333333333330095, 0.1666666666666670182, 0.2500000000000000000, 0.3333333333333329818, 0.4166666666666670182, 0.5000000000000000000, 0.5833333333333330373, 0.6666666666666670737, 0.7500000000000000000, 0.8333333333333330373, 0.9166666666666670737, 1.000000000000000000 ),
 .UNSPECIFIED. ) 
 GEOMETRIC_REPRESENTATION_ITEM ( )  RATIONAL_B_SPLINE_SURFACE ( (
 ( 1.000000000000000000, 0.8660254037844389297, 1.000000000000000000, 0.8660254037844389297, 1.000000000000000000, 0.8660254037844389297, 1.000000000000000000, 0.8660254037844389297, 1.000000000000000000, 0.8660254037844389297, 1.000000000000000000, 0.8660254037844389297, 1.000000000000000000, 0.8660254037844389297, 1.000000000000000000, 0.8660254037844389297, 1.000000000000000000, 0.8660254037844389297, 1.000000000000000000, 0.8660254037844389297, 1.000000000000000000, 0.8660254037844389297, 1.000000000000000000, 0.8660254037844389297, 1.000000000000000000),
 ( 1.000000000000000000, 0.8660254037844389297, 1.000000000000000000, 0.8660254037844389297, 1.000000000000000000, 0.8660254037844389297, 1.000000000000000000, 0.8660254037844389297, 1.000000000000000000, 0.8660254037844389297, 1.000000000000000000, 0.8660254037844389297, 1.000000000000000000, 0.8660254037844389297, 1.000000000000000000, 0.8660254037844389297, 1.000000000000000000, 0.8660254037844389297, 1.000000000000000000, 0.8660254037844389297, 1.000000000000000000, 0.8660254037844389297, 1.000000000000000000, 0.8660254037844389297, 1.000000000000000000) ) ) 
 REPRESENTATION_ITEM ( '' )  SURFACE ( )  );
#2364 = EDGE_CURVE ( 'NONE', #1824, #2927, #717, .T. ) ;
#2365 = CARTESIAN_POINT ( 'NONE',  ( 1.415000000000000036, -1.834229669489759923E-15, -3.113750000000000018 ) ) ;
#2366 = CARTESIAN_POINT ( 'NONE',  ( -0.8407175949328083986, -0.6538649673890302161, -3.735350838009108720 ) ) ;
#2367 = ORIENTED_EDGE ( 'NONE', *, *, #3525, .F. ) ;
#2368 = CARTESIAN_POINT ( 'NONE',  ( -1.225425946354979923, -0.7075000000000000178, -1.435416666666670116 ) ) ;
#2369 = CARTESIAN_POINT ( 'NONE',  ( 0.4007449889850071001, 0.9867376018977721541, -4.174884982278788570 ) ) ;
#2370 = CARTESIAN_POINT ( 'NONE',  ( 1.102184875385380014, 0.3785720125235320088, 2.229710026050180094 ) ) ;
#2371 = CARTESIAN_POINT ( 'NONE',  ( 0.000000000000000000, 0.000000000000000000, 0.3142857142857140018 ) ) ;
#2372 = CARTESIAN_POINT ( 'NONE',  ( 0.8169506309033202074, 1.414999999999998703, -4.924583333333330870 ) ) ;
#2373 = ORIENTED_EDGE ( 'NONE', *, *, #2761, .F. ) ;
#2374 = CARTESIAN_POINT ( 'NONE',  ( 1.064999999999945768, -4.062152673897374124E-07, -0.6591774731682901178 ) ) ;
#2375 = EDGE_CURVE ( 'NONE', #1818, #2575, #772, .T. ) ;
#2376 = CARTESIAN_POINT ( 'NONE',  ( 1.048258590302137527, -0.9505512888348198741, -2.043903327956846816 ) ) ;
#2377 = CARTESIAN_POINT ( 'NONE',  ( 0.08950820780506452135, -1.064999999996816493, -0.9113186632614820315 ) ) ;
#2378 = CARTESIAN_POINT ( 'NONE',  ( 0.4857006309033200520, -0.8412581699928072254, -3.621666666666663481 ) ) ;
#2379 = CARTESIAN_POINT ( 'NONE',  ( -0.01725460796890990883, 1.064911507524124890, -1.451681063502462399 ) ) ;
#2380 = CARTESIAN_POINT ( 'NONE',  ( -0.3785720125235360056, 1.102184875385380014, 2.229710026050180094 ) ) ;
#2381 = DIRECTION ( 'NONE',  ( 0.000000000000000000, 1.000000000000000000, 1.174386600497492526E-16 ) ) ;
#2382 = CARTESIAN_POINT ( 'NONE',  ( 0.2890648602567590375, 1.618197816793849997, 1.722089740673879987 ) ) ;
#2383 = CARTESIAN_POINT ( 'NONE',  ( -0.4112057942833783897, -1.414999999999949409, -3.290711901516456539 ) ) ;
#2384 = ORIENTED_EDGE ( 'NONE', *, *, #652, .T. ) ;
#2385 = CARTESIAN_POINT ( 'NONE',  ( 0.000000000000000000, 1.415000000000000036, -1.656250000000000000 ) ) ;
#2386 = CARTESIAN_POINT ( 'NONE',  ( 0.3802325265972325563, -0.9948112103613117041, -3.520376743662456231 ) ) ;
#2387 = CARTESIAN_POINT ( 'NONE',  ( 0.000000000000000000, 1.415000000000000036, -2.716250000000000053 ) ) ;
#2388 = CARTESIAN_POINT ( 'NONE',  ( 0.7285509463549789677, 0.4206290849964040013, -4.681666666666660426 ) ) ;
#2389 = CARTESIAN_POINT ( 'NONE',  ( -0.1229535699522653486, -1.064999999999997282, -0.9418409065611760278 ) ) ;
#2390 = ORIENTED_EDGE ( 'NONE', *, *, #1867, .F. ) ;
#2391 = CARTESIAN_POINT ( 'NONE',  ( -1.190123616839746656, 0.7654222329937364622, -0.4269526596699330656 ) ) ;
#2392 = CARTESIAN_POINT ( 'NONE',  ( 0.000000000000000000, 0.000000000000000000, -3.390492931663389609 ) ) ;
#2393 = DIRECTION ( 'NONE',  ( 1.000000000000000000, 0.000000000000000000, 0.000000000000000000 ) ) ;
#2394 = CARTESIAN_POINT ( 'NONE',  ( -0.2142298099027451497, 1.048613907566882553, -3.018435781623606484 ) ) ;
#2395 = EDGE_CURVE ( 'NONE', #747, #2950, #1921, .T. ) ;
#2396 = CARTESIAN_POINT ( 'NONE',  ( 1.030244125138249994E-16, -0.8412581699928068923, -4.769999999999999574 ) ) ;
#2397 = CARTESIAN_POINT ( 'NONE',  ( 0.8564994755688156713, -0.6339631597398694973, -2.363443966764343873 ) ) ;
#2398 = LINE ( 'NONE', #484, #453 ) ;
#2399 = CARTESIAN_POINT ( 'NONE',  ( -0.7605312641557853137, -0.7456250532757030536, -3.179523994523358876 ) ) ;
#2400 = CARTESIAN_POINT ( 'NONE',  ( -0.2142363605948063854, 1.048611639135226703, -3.541789760031006651 ) ) ;
#2401 = DIRECTION ( 'NONE',  ( -1.031531965060089174E-14, 0.9848077530122080203, 0.1736481776669309973 ) ) ;
#2402 = EDGE_LOOP ( 'NONE', ( #508, #3243, #1708, #3584 ) ) ;
#2403 = CARTESIAN_POINT ( 'NONE',  ( -1.225425946354979923, -0.7075000000000000178, -1.302916666666660062 ) ) ;
#2404 = CARTESIAN_POINT ( 'NONE',  ( 0.4857006309033200520, -0.8412581699928072254, -2.826666666666662664 ) ) ;
#2405 = CARTESIAN_POINT ( 'NONE',  ( 0.000000000000000000, 0.8412581699928068923, -1.060000000000000053 ) ) ;
#2406 = CARTESIAN_POINT ( 'NONE',  ( -0.1898009978821125487, 1.131528463662812678, -4.036804053658304525 ) ) ;
#2407 = ORIENTED_EDGE ( 'NONE', *, *, #1638, .T. ) ;
#2408 = CARTESIAN_POINT ( 'NONE',  ( 0.8253446707227152235, 1.149446357454843248, -0.7020682470865713398 ) ) ;
#2409 = CARTESIAN_POINT ( 'NONE',  ( 1.415000000000001590, -0.1275567953605424854, -1.937175818973168706 ) ) ;
#2410 = CARTESIAN_POINT ( 'NONE',  ( 0.5718502226665980182, -0.5718502226665860277, 2.091418638793319573 ) ) ;
#2411 = CARTESIAN_POINT ( 'NONE',  ( -0.4857006309033200520, 0.8412581699928072254, -3.091666666666672114 ) ) ;
#2412 = AXIS2_PLACEMENT_3D ( 'NONE', #2739, #2702, #1289 ) ;
#2413 = CARTESIAN_POINT ( 'NONE',  ( 0.7285509463549789677, -0.4206290849964030021, -4.593333333333330160 ) ) ;
#2414 = CARTESIAN_POINT ( 'NONE',  ( -0.9031694960519413007, -1.008158525336276368, -3.538859627834914701 ) ) ;
#2415 = CARTESIAN_POINT ( 'NONE',  ( 1.178795390585219982, 0.3234436612865322913, -3.876916872923719559 ) ) ;
#2416 = DIRECTION ( 'NONE',  ( 0.000000000000000000, 1.224606353822379970E-16, -1.000000000000000000 ) ) ;
#2417 = CARTESIAN_POINT ( 'NONE',  ( 0.5435409702116074104, -1.306463872548050187, -3.180695889229868900 ) ) ;
#2418 = CARTESIAN_POINT ( 'NONE',  ( 1.060057769214698409, -0.1055871761898656697, -2.796658758325649696 ) ) ;
#2419 = VECTOR ( 'NONE', #3367, 1000.000000000000114 ) ;
#2420 = B_SPLINE_CURVE_WITH_KNOTS ( 'NONE', 3,
 ( #2564, #1393, #2247, #872, #283, #1411, #836, #2844, #1948, #3373, #1358, #2547, #1686, #3085, #815, #1670, #303, #1075, #3694, #3351, #2809, #796, #3394, #1964, #1926, #555, #2824, #2281, #2263, #15, #91, #1503, #1466, #891, #2055, #320, #2601, #2637, #361, #2342, #3179, #3505, #2019, #3161, #3198, #1791, #1753, #2034, #3487, #944, #3215, #1163, #53, #376, #2860, #1182, #2620, #1484, #2581, #2300, #73, #2073, #2321, #3467, #1203, #2903, #3447, #608, #338, #1222, #906, #664, #922, #2921, #626, #1446, #645, #35, #1774, #1735 ),
 .UNSPECIFIED., .F., .F.,
 ( 4, 2, 2, 2, 2, 2, 2, 2, 2, 2, 2, 2, 1, 1, 2, 2, 2, 2, 2, 2, 2, 2, 1, 2, 2, 1, 2, 2, 2, 2, 2, 2, 2, 2, 2, 2, 2, 2, 2, 2, 2, 4 ),
 ( 0.3578643120866097371, 0.3678976822102558164, 0.3779310523339018957, 0.3979977925811940542, 0.4180645328284862128, 0.4280979029521322921, 0.4331145880139553594, 0.4381312730757783713, 0.4782647535703631325, 0.4983314938176555131, 0.4995856650831113077, 0.5008398363485671023, 0.5033481788794785805, 0.5083648639413017589, 0.5183982340649480047, 0.5585317145595330990, 0.5986651950541181932, 0.6187319353014106849, 0.6237486203632338633, 0.6287653054250570417, 0.6387986755487032875, 0.6789321560432886038, 0.6839488411051117822, 0.6864571836360233714, 0.6877113549014792770, 0.6889655261669351827, 0.6989988962905815395, 0.7190656365378742532, 0.7391323767851670778, 0.7491657469088135457, 0.7541824319706372792, 0.7591991170324610128, 0.7993325975270506589, 0.8193993377743455930, 0.8394660780216405271, 0.8595328182689354612, 0.8795995585162303954, 0.9197330390108202636, 0.9297664091344677306, 0.9397997792581151977, 0.9598665195054101318, 1.000000000000000000 ),
 .UNSPECIFIED. ) ;
#2421 = ORIENTED_EDGE ( 'NONE', *, *, #2047, .F. ) ;
#2422 = EDGE_CURVE ( 'NONE', #2839, #1677, #22, .T. ) ;
#2423 = CARTESIAN_POINT ( 'NONE',  ( -1.633901261806640415, -4.299510660643208985E-16, -1.391249999999999210 ) ) ;
#2424 = CARTESIAN_POINT ( 'NONE',  ( -0.7285509463549789677, 0.4206290849964030021, -3.268333333333329982 ) ) ;
#2425 = CARTESIAN_POINT ( 'NONE',  ( 0.05653334924920199595, 1.416210165361035722, -1.662768417885097216 ) ) ;
#2426 = CARTESIAN_POINT ( 'NONE',  ( 0.8169506309033202074, -1.414999999999998703, -0.1104166666666659830 ) ) ;
#2427 = CARTESIAN_POINT ( 'NONE',  ( -1.163080946297782692, 0.4390473556138482780, -3.805350812173470043 ) ) ;
#2428 = ORIENTED_EDGE ( 'NONE', *, *, #1809, .F. ) ;
#2429 = CARTESIAN_POINT ( 'NONE',  ( -1.414999758532620167, 0.1665295041494518347, -0.3520416550151364565 ) ) ;
#2430 = CARTESIAN_POINT ( 'NONE',  ( 0.8358755645902719023, 1.142751725962104059, -2.823412880950790349 ) ) ;
#2431 = CARTESIAN_POINT ( 'NONE',  ( 0.1202056484910223183, -1.409888103684031391, -0.05293345196900158672 ) ) ;
#2432 = CARTESIAN_POINT ( 'NONE',  ( 1.064263916266907861, 0.04269402118126407880, -3.308751545151592754 ) ) ;
#2433 = CARTESIAN_POINT ( 'NONE',  ( 1.225444687817700107, -0.7075108203885450697, -3.202070839024850013 ) ) ;
#2434 = CARTESIAN_POINT ( 'NONE',  ( 0.4331963143592331145, -0.9730803165861684478, -2.450946366661628240 ) ) ;
#2435 = CARTESIAN_POINT ( 'NONE',  ( -1.167384807688009785, 0.6736315036054182359, -3.558990556888630419 ) ) ;
#2436 = CARTESIAN_POINT ( 'NONE',  ( 0.000000000000000000, 0.000000000000000000, -6.500000000000000000 ) ) ;
#2437 = CARTESIAN_POINT ( 'NONE',  ( 0.5827300844674906388, -1.289652201343536086, -3.175394836631098450 ) ) ;
#2438 = LINE ( 'NONE', #486, #2888 ) ;
#2439 = EDGE_CURVE ( 'NONE', #734, #597, #2577, .T. ) ;
#2440 = VERTEX_POINT ( 'NONE', #2149 ) ;
#2441 = CARTESIAN_POINT ( 'NONE',  ( -0.2890648602567469916, -1.618197816793849997, 1.722089740673879987 ) ) ;
#2442 = CARTESIAN_POINT ( 'NONE',  ( -0.9881130658490520080, 1.012858846334758534, -1.524243946721617782 ) ) ;
#2443 = EDGE_CURVE ( 'NONE', #734, #788, #2741, .T. ) ;
#2444 = CARTESIAN_POINT ( 'NONE',  ( -1.247500796289584324, 0.2049914579953785732, -3.760964655788605171 ) ) ;
#2445 = ORIENTED_EDGE ( 'NONE', *, *, #2025, .F. ) ;
#2446 = CARTESIAN_POINT ( 'NONE',  ( -0.01853762109376047226, 1.414961319294847586, -0.5943286032984045342 ) ) ;
#2447 = CARTESIAN_POINT ( 'NONE',  ( 1.275684612251839933, 0.6135327957491771844, -2.904821575119345578 ) ) ;
#2448 = CARTESIAN_POINT ( 'NONE',  ( -0.8707526461183168198, 0.6143712598893443788, -1.291767292465169747 ) ) ;
#2449 = CARTESIAN_POINT ( 'NONE',  ( 0.6391308329590790205, 0.8531179877428660685, -2.623639959201993221 ) ) ;
#2450 = CIRCLE ( 'NONE', #846, 3.057907220726908015 ) ;
#2451 = CARTESIAN_POINT ( 'NONE',  ( -0.4857006309033189417, -0.8412581699928084467, -4.858333333333328952 ) ) ;
#2452 = CARTESIAN_POINT ( 'NONE',  ( 0.3932051818341802396, -0.9897774299271953069, -2.458092089625972587 ) ) ;
#2453 = CARTESIAN_POINT ( 'NONE',  ( -0.7285509463549789677, 0.4206290849964030021, -1.943333333333329804 ) ) ;
#2454 = CARTESIAN_POINT ( 'NONE',  ( -0.5816499210057294311, -0.8922461367628808926, -3.142065749725615031 ) ) ;
#2455 = CARTESIAN_POINT ( 'NONE',  ( 0.8299281986376720877, -0.6674784161600751942, -2.891976675522201834 ) ) ;
#2456 = VECTOR ( 'NONE', #237, 1000.000000000000114 ) ;
#2457 = ORIENTED_EDGE ( 'NONE', *, *, #3310, .T. ) ;
#2458 = CARTESIAN_POINT ( 'NONE',  ( -0.8169506309033202074, 1.414999999999998703, -0.5079166666666652397 ) ) ;
#2459 = CARTESIAN_POINT ( 'NONE',  ( 0.8169506309033202074, -1.414999999999998703, -3.157916666666661154 ) ) ;
#2460 = CARTESIAN_POINT ( 'NONE',  ( 0.5967605620411804423, 1.283202441626845713, -1.728983066155034498 ) ) ;
#2461 = CARTESIAN_POINT ( 'NONE',  ( -0.7582549237785951579, 0.9256040404165347679, -3.917926841196383680 ) ) ;
#2462 = ORIENTED_EDGE ( 'NONE', *, *, #27, .F. ) ;
#2463 = CARTESIAN_POINT ( 'NONE',  ( -0.4546066619560870659, 1.340199972154501484, -0.5424245192160431772 ) ) ;
#2464 = CARTESIAN_POINT ( 'NONE',  ( -1.272870146042760942, 0.6180991769945615166, -2.528440552026976818 ) ) ;
#2465 = CARTESIAN_POINT ( 'NONE',  ( -0.3325082186190272959, -1.375402313248323738, -0.1046767502806162237 ) ) ;
#2466 = LINE ( 'NONE', #2484, #1168 ) ;
#2467 = CARTESIAN_POINT ( 'NONE',  ( -0.7995090014609836926, -1.167604236850003696, -2.288143002952964800 ) ) ;
#2468 = CARTESIAN_POINT ( 'NONE',  ( -0.1062961257876530036, -1.411001819149269920, -3.390492931663389609 ) ) ;
#2469 = APPLICATION_CONTEXT ( 'automotive_design' ) ;
#2470 = CARTESIAN_POINT ( 'NONE',  ( -1.374634129061429899, 4.354512362060249175E-08, -3.487944764740300574 ) ) ;
#2471 = CYLINDRICAL_SURFACE ( 'NONE', #165, 1.064999999999999947 ) ;
#2472 = CARTESIAN_POINT ( 'NONE',  ( -0.6305104148174497380, -0.8583929815278925624, -3.151902180849924129 ) ) ;
#2473 = EDGE_CURVE ( 'NONE', #1274, #1674, #20, .T. ) ;
#2474 = ORIENTED_EDGE ( 'NONE', *, *, #2129, .F. ) ;
#2475 = CARTESIAN_POINT ( 'NONE',  ( 1.062930399205562537, -0.06756852448223142626, -1.730369186707821916 ) ) ;
#2476 = AXIS2_PLACEMENT_3D ( 'NONE', #3081, #3674, #2805 ) ;
#2477 = CARTESIAN_POINT ( 'NONE',  ( 0.000000000000000000, 1.415000000000000036, -3.776250000000000107 ) ) ;
#2478 = CARTESIAN_POINT ( 'NONE',  ( -1.378166812776786765, 0.3703856453926238634, -1.436853661437016649 ) ) ;
#2479 = CARTESIAN_POINT ( 'NONE',  ( -0.9518748941108120531, 0.7591541802502158598, -3.870525688777697759 ) ) ;
#2480 = ORIENTED_EDGE ( 'NONE', *, *, #3353, .F. ) ;
#2481 = CARTESIAN_POINT ( 'NONE',  ( -0.1622364820181720069, 1.445353577082829946E-16, -0.8373673569389969984 ) ) ;
#2482 = CARTESIAN_POINT ( 'NONE',  ( -0.9084965115750595066, 1.084953463316529421, -2.597436125206449731 ) ) ;
#2483 = CARTESIAN_POINT ( 'NONE',  ( -0.9747055065076399849, 0.4305799981015299149, -1.259848490308413949 ) ) ;
#2484 = CARTESIAN_POINT ( 'NONE',  ( 0.5834851091991979377, -0.5834851091991860583, 2.177631830801459945 ) ) ;
#2485 = UNCERTAINTY_MEASURE_WITH_UNIT (LENGTH_MEASURE( 1.000000000000000082E-05 ), #2536, 'distance_accuracy_value', 'NONE');
#2486 = ADVANCED_FACE ( 'NONE', ( #2573 ), #3078, .T. ) ;
#2487 = ORIENTED_EDGE ( 'NONE', *, *, #707, .F. ) ;
#2488 = CARTESIAN_POINT ( 'NONE',  ( -1.390941856766843898, -0.2666352727489720853, -2.417943857359162507 ) ) ;
#2489 = CARTESIAN_POINT ( 'NONE',  ( -1.064999999999999947, 1.125316009477719886E-16, -2.249177405783629791 ) ) ;
#2490 = CARTESIAN_POINT ( 'NONE',  ( 1.225425946354979923, 0.7075000000000000178, -0.9054166666666659813 ) ) ;
#2491 = DIRECTION ( 'NONE',  ( 1.000000000000000000, 0.000000000000000000, 0.000000000000000000 ) ) ;
#2492 = CARTESIAN_POINT ( 'NONE',  ( -1.144499968130096246, -0.8326354600978786991, -1.285970361236966619 ) ) ;
#2493 = CARTESIAN_POINT ( 'NONE',  ( 0.7285509463549789677, -0.4206290849964030021, -2.473333333333330053 ) ) ;
#2494 = LINE ( 'NONE', #232, #1148 ) ;
#2495 = AXIS2_PLACEMENT_3D ( 'NONE', #3477, #3568, #3266 ) ;
#2496 = ORIENTED_EDGE ( 'NONE', *, *, #170, .F. ) ;
#2497 = CARTESIAN_POINT ( 'NONE',  ( 0.9922525493487103221, -0.3868647860557466456, -1.783051624760872755 ) ) ;
#2498 = CARTESIAN_POINT ( 'NONE',  ( 0.5475073099145624234, 1.304797413047173338, -1.722329066630182037 ) ) ;
#2499 = LINE ( 'NONE', #3419, #757 ) ;
#2500 = ORIENTED_EDGE ( 'NONE', *, *, #2509, .F. ) ;
#2501 = CARTESIAN_POINT ( 'NONE',  ( 1.414999999999996261, 0.1481652629799439236, -0.8427511568010955800 ) ) ;
#2502 = CARTESIAN_POINT ( 'NONE',  ( -0.7255752803667331330, -1.214992327489475166, -0.1571896798219026559 ) ) ;
#2503 = CARTESIAN_POINT ( 'NONE',  ( 1.866666666666670027, 3.252606517456509851E-16, 2.200000000000000178 ) ) ;
#2504 =( BOUNDED_CURVE ( )  B_SPLINE_CURVE ( 2, ( #2115, #1317, #1850, #777, #723 ),
 .UNSPECIFIED., .F., .F. ) 
 B_SPLINE_CURVE_WITH_KNOTS ( ( 3, 2, 3 ),
 ( 0.000000000000000000, 0.2222222222222210997, 0.3333333584641826608 ),
 .UNSPECIFIED. ) 
 CURVE ( )  GEOMETRIC_REPRESENTATION_ITEM ( )  RATIONAL_B_SPLINE_CURVE ( ( 1.000000000000105027, 0.8660254037843337915, 1.000000000000000000, 0.9330126867411900893, 0.9330127018922229620 ) ) 
 REPRESENTATION_ITEM ( '' )  );
#2505 = ORIENTED_EDGE ( 'NONE', *, *, #1102, .F. ) ;
#2506 = CARTESIAN_POINT ( 'NONE',  ( -1.236621130779786526, -0.7122574489902933070, -2.363809466055095232 ) ) ;
#2507 = CARTESIAN_POINT ( 'NONE',  ( -0.9641317833714354579, -0.4524218814580703851, -2.174450509166622414 ) ) ;
#2508 = DIRECTION ( 'NONE',  ( 2.200570409156640201E-16, 0.9848077530122080203, -0.1736481776669309973 ) ) ;
#2509 = EDGE_CURVE ( 'NONE', #1677, #1274, #3087, .T. ) ;
#2510 = CARTESIAN_POINT ( 'NONE',  ( 0.8169506309033202074, -1.414999999999998703, -2.097916666666661989 ) ) ;
#2511 = CARTESIAN_POINT ( 'NONE',  ( -0.6209394542795849681, 0.8677888723931264092, -1.885343356431092410 ) ) ;
#2512 = FACE_OUTER_BOUND ( 'NONE', #174, .T. ) ;
#2513 = ORIENTED_EDGE ( 'NONE', *, *, #507, .F. ) ;
#2514 = DIRECTION ( 'NONE',  ( -1.000000000000000000, -5.451535198115490486E-15, 0.000000000000000000 ) ) ;
#2515 = CARTESIAN_POINT ( 'NONE',  ( -0.9223170550304266024, -0.5325000000000000844, -0.5774892608830335394 ) ) ;
#2516 = CARTESIAN_POINT ( 'NONE',  ( 1.180533910571023748, 0.7801115199592646432, -1.823296293238822141 ) ) ;
#2517 = ADVANCED_FACE ( 'NONE', ( #1974 ), #3118, .T. ) ;
#2518 = ORIENTED_EDGE ( 'NONE', *, *, #894, .T. ) ;
#2519 = CARTESIAN_POINT ( 'NONE',  ( -0.2646830427929771079, -1.070088010238925857, -4.161100579750129036 ) ) ;
#2520 = AXIS2_PLACEMENT_3D ( 'NONE', #3012, #3601, #501 ) ;
#2521 = CARTESIAN_POINT ( 'NONE',  ( 0.000000000000000000, 5.719309383838548950E-32, -4.670324766801019203E-16 ) ) ;
#2522 = CARTESIAN_POINT ( 'NONE',  ( -1.386365045717831368, -0.2937597301801186389, -0.2945499928302494630 ) ) ;
#2523 = CARTESIAN_POINT ( 'NONE',  ( -1.064999999999999947, 0.1320204605774915885, -2.271077513485061150 ) ) ;
#2524 = ADVANCED_FACE ( 'NONE', ( #1420 ), #2558, .T. ) ;
#2525 = ORIENTED_EDGE ( 'NONE', *, *, #1651, .T. ) ;
#2526 = LINE ( 'NONE', #3427, #817 ) ;
#2527 = CARTESIAN_POINT ( 'NONE',  ( -1.413632149817838579, -0.06689632066920550568, -2.442902740968902808 ) ) ;
#2528 = CARTESIAN_POINT ( 'NONE',  ( -0.9643592784072475554, -0.4519290372252381949, -2.174532470860406352 ) ) ;
#2529 = CARTESIAN_POINT ( 'NONE',  ( 0.8169506309033202074, 1.414999999999998703, -0.8170833333333341608 ) ) ;
#2530 = CARTESIAN_POINT ( 'NONE',  ( 0.000000000000000000, 0.000000000000000000, -6.500000000000000000 ) ) ;
#2531 = AXIS2_PLACEMENT_3D ( 'NONE', #1548, #1235, #1529 ) ;
#2532 = DIRECTION ( 'NONE',  ( 0.9098437264664108737, -0.3768696111424599260, 0.1736481776669310251 ) ) ;
#2533 = AXIS2_PLACEMENT_3D ( 'NONE', #1248, #2624, #1208 ) ;
#2534 = ORIENTED_EDGE ( 'NONE', *, *, #327, .F. ) ;
#2535 = CARTESIAN_POINT ( 'NONE',  ( 1.000826926278630902, -0.3642953906072854409, -1.779445362784942697 ) ) ;
#2536 =( LENGTH_UNIT ( ) NAMED_UNIT ( * ) SI_UNIT ( .MILLI., .METRE. ) );
#2537 = ORIENTED_EDGE ( 'NONE', *, *, #1054, .T. ) ;
#2538 = CARTESIAN_POINT ( 'NONE',  ( -0.8169506309039383796, -1.414999999998928226, -1.347083333333462640 ) ) ;
#2539 = CARTESIAN_POINT ( 'NONE',  ( 1.354883766970222503, 0.4087214152053069705, -0.8102670611063383932 ) ) ;
#2540 = DIRECTION ( 'NONE',  ( -0.3768696111424665873, 0.9098437264664082091, -0.1736481776669310251 ) ) ;
#2541 = CARTESIAN_POINT ( 'NONE',  ( 0.3839356470142469835, -1.335427365177339842, -7.557807911936730702E-18 ) ) ;
#2542 = CARTESIAN_POINT ( 'NONE',  ( -0.9265690544047789912, 0.5253705838158199137, -2.336009975807253003 ) ) ;
#2543 = APPLICATION_CONTEXT ( 'automotive_design' ) ;
#2544 = LINE ( 'NONE', #2295, #103 ) ;
#2545 = CARTESIAN_POINT ( 'NONE',  ( -1.032600440570125455, 0.2861490630745574526, -3.356238166484122321 ) ) ;
#2546 = CARTESIAN_POINT ( 'NONE',  ( 1.064999999579490764, 0.2853658906674880757, -0.08848490343271592229 ) ) ;
#2547 = CARTESIAN_POINT ( 'NONE',  ( 1.010176173667619137, 0.3373403484073222436, -0.6032177103282583275 ) ) ;
#2548 = CARTESIAN_POINT ( 'NONE',  ( -0.9180744980156672064, -0.5497949197697457047, -1.098257758316723010 ) ) ;
#2549 = CARTESIAN_POINT ( 'NONE',  ( -0.1147204282942549808, 1.177171980481420022, 0.7333333333333339477 ) ) ;
#2550 = EDGE_CURVE ( 'NONE', #597, #1187, #3125, .T. ) ;
#2551 = VERTEX_POINT ( 'NONE', #2649 ) ;
#2552 = CARTESIAN_POINT ( 'NONE',  ( -1.225425946354979923, -0.7075000000000000178, -1.302916666666670054 ) ) ;
#2553 = EDGE_CURVE ( 'NONE', #1978, #560, #1457, .T. ) ;
#2554 = CARTESIAN_POINT ( 'NONE',  ( 0.2554927895132625415, 1.082686628372583115, -4.120980265086216399 ) ) ;
#2555 = ORIENTED_EDGE ( 'NONE', *, *, #1937, .T. ) ;
#2556 = DIRECTION ( 'NONE',  ( 0.000000000000000000, 0.000000000000000000, 1.000000000000000000 ) ) ;
#2557 = CARTESIAN_POINT ( 'NONE',  ( 0.8169506309032624758, -1.415000000000098401, -1.170416666666673100 ) ) ;
#2558 = CYLINDRICAL_SURFACE ( 'NONE', #210, 1.064999999999999947 ) ;
#2559 = FACE_OUTER_BOUND ( 'NONE', #3015, .T. ) ;
#2560 = ORIENTED_EDGE ( 'NONE', *, *, #2509, .T. ) ;
#2561 = DIRECTION ( 'NONE',  ( 0.000000000000000000, 0.000000000000000000, 1.000000000000000000 ) ) ;
#2562 = FACE_OUTER_BOUND ( 'NONE', #1761, .T. ) ;
#2563 = CARTESIAN_POINT ( 'NONE',  ( -1.116590209864497085, -0.7225440571353898278, -3.596766205913178638 ) ) ;
#2564 = CARTESIAN_POINT ( 'NONE',  ( 1.064999999999945768, -4.062152673897374124E-07, -0.6591774731682901178 ) ) ;
#2565 = CARTESIAN_POINT ( 'NONE',  ( 1.061413332377622920, -0.9361935886475726276, -0.9818548030637499480 ) ) ;
#2566 = FACE_OUTER_BOUND ( 'NONE', #3493, .T. ) ;
#2567 = ORIENTED_EDGE ( 'NONE', *, *, #1232, .T. ) ;
#2568 = CARTESIAN_POINT ( 'NONE',  ( 1.143321987285388364, -0.8350130807674461808, -3.087769899737347945 ) ) ;
#2569 = CARTESIAN_POINT ( 'NONE',  ( 1.064999999980960954, 6.372057155268434965E-06, -2.779176348760485027 ) ) ;
#2570 = ORIENTED_EDGE ( 'NONE', *, *, #1238, .T. ) ;
#2571 = CARTESIAN_POINT ( 'NONE',  ( -0.8217044021974138079, 0.6845629985892830449, -3.961775858435091280 ) ) ;
#2572 = CARTESIAN_POINT ( 'NONE',  ( 0.5226710197535621161, -0.9295995072484116717, -3.494505291862810559 ) ) ;
#2573 = FACE_OUTER_BOUND ( 'NONE', #1008, .T. ) ;
#2574 = CARTESIAN_POINT ( 'NONE',  ( -0.006322693321059254593, 1.065042471079814534, -2.513297998953877510 ) ) ;
#2575 = VERTEX_POINT ( 'NONE', #1193 ) ;
#2576 = CARTESIAN_POINT ( 'NONE',  ( -1.272396562030616574, -0.6259365097502012087, -1.313517172216580819 ) ) ;
#2577 = CIRCLE ( 'NONE', #1980, 1.182748768039330045 ) ;
#2578 = CARTESIAN_POINT ( 'NONE',  ( -0.5718502226665880261, -0.5718502226665960197, 2.091418638793319573 ) ) ;
#2579 = CARTESIAN_POINT ( 'NONE',  ( -0.9714012618066378835, -1.784435168938802561E-16, -2.915000000000000924 ) ) ;
#2580 = CARTESIAN_POINT ( 'NONE',  ( 1.064999965411305149, 0.2853659498485236479, -1.148484893615514313 ) ) ;
#2581 = CARTESIAN_POINT ( 'NONE',  ( -0.2506837650625057257, 1.035100084814620569, -0.3556311696557182267 ) ) ;
#2582 = CARTESIAN_POINT ( 'NONE',  ( 1.312458258701679314, -0.5288739366276629106, -0.9269541899382092165 ) ) ;
#2583 = CARTESIAN_POINT ( 'NONE',  ( -0.006317505130473340634, 1.065042504469528417, -1.453298765092497336 ) ) ;
#2584 = CIRCLE ( 'NONE', #339, 1.415000000000000036 ) ;
#2585 = ADVANCED_FACE ( 'NONE', ( #2947 ), #2278, .T. ) ;
#2586 = EDGE_LOOP ( 'NONE', ( #1743, #1305, #236, #2243 ) ) ;
#2587 = CARTESIAN_POINT ( 'NONE',  ( 1.069706314789946600, -0.9265555315331645003, -3.101038523555804893 ) ) ;
#2588 = CARTESIAN_POINT ( 'NONE',  ( -0.5995764754788299733, -0.8809164657623237416, -3.681943728591571485 ) ) ;
#2589 = ADVANCED_FACE ( 'NONE', ( #1175 ), #353, .T. ) ;
#2590 = ORIENTED_EDGE ( 'NONE', *, *, #120, .T. ) ;
#2591 = CARTESIAN_POINT ( 'NONE',  ( -0.3733333333333330728, -2.606974242961670060E-15, 2.200000000000000178 ) ) ;
#2592 = CARTESIAN_POINT ( 'NONE',  ( 1.415000000000000036, -1.372359544010939965E-15, -0.9937500000000000222 ) ) ;
#2593 = CARTESIAN_POINT ( 'NONE',  ( 2.563448338601519960E-17, 0.1147204282942509840, 0.7333333333333339477 ) ) ;
#2594 = CARTESIAN_POINT ( 'NONE',  ( 0.01080876887763023743, 1.064960459796047365, -2.515828211882852106 ) ) ;
#2595 = ORIENTED_EDGE ( 'NONE', *, *, #773, .F. ) ;
#2596 = CARTESIAN_POINT ( 'NONE',  ( -1.414999999661207042, 3.096422151079234451E-05, -1.391253865965439873 ) ) ;
#2597 = CARTESIAN_POINT ( 'NONE',  ( 3.391808250197626131E-16, -2.769621618706009869, 0.4490897812778116283 ) ) ;
#2598 = CARTESIAN_POINT ( 'NONE',  ( 0.5737250996559082328, 0.8972764424717274423, -2.087164971814201575 ) ) ;
#2599 =( BOUNDED_CURVE ( )  B_SPLINE_CURVE ( 2, ( #429, #2935, #374 ),
 .UNSPECIFIED., .F., .F. ) 
 B_SPLINE_CURVE_WITH_KNOTS ( ( 3, 3 ),
 ( 0.1573404362770729759, 0.2639015475094980134 ),
 .UNSPECIFIED. ) 
 CURVE ( )  GEOMETRIC_REPRESENTATION_ITEM ( )  RATIONAL_B_SPLINE_CURVE ( ( 1.070856349210969949, 1.076252293245089975, 1.056456288860250003 ) ) 
 REPRESENTATION_ITEM ( '' )  );
#2600 = CARTESIAN_POINT ( 'NONE',  ( -0.5094619331365064507, -0.9379676452945922005, -2.604388323238012060 ) ) ;
#2601 = CARTESIAN_POINT ( 'NONE',  ( 0.3714815100042427320, 0.9981530872298343127, -0.4530889787721807394 ) ) ;
#2602 = ADVANCED_FACE ( 'NONE', ( #3189 ), #1459, .F. ) ;
#2603 = CARTESIAN_POINT ( 'NONE',  ( -0.7250227158259712201, -0.7801297063633660933, -1.051932682689397991 ) ) ;
#2604 = CARTESIAN_POINT ( 'NONE',  ( 1.019849572471846377, 0.3298755571008447629, -1.664868655655104002 ) ) ;
#2605 = EDGE_LOOP ( 'NONE', ( #616, #2390, #1690, #801, #2061, #901, #3621, #3337 ) ) ;
#2606 = CARTESIAN_POINT ( 'NONE',  ( 0.000000000000000000, 1.415000000000000036, -2.848750000000000338 ) ) ;
#2607 = CARTESIAN_POINT ( 'NONE',  ( -0.7520580885933525472, -0.7543286137464370045, -3.714713520480175113 ) ) ;
#2608 = ORIENTED_EDGE ( 'NONE', *, *, #3106, .F. ) ;
#2609 = DIRECTION ( 'NONE',  ( 0.000000000000000000, -1.000000000000000000, 3.960237221871465078E-14 ) ) ;
#2610 = CARTESIAN_POINT ( 'NONE',  ( 0.3931974260279075817, -0.9897805175305837144, -3.518093460210625523 ) ) ;
#2611 = DIRECTION ( 'NONE',  ( -1.000000000000000000, 2.234517754785959830E-16, 0.000000000000000000 ) ) ;
#2612 = CARTESIAN_POINT ( 'NONE',  ( 0.7285509463549789677, -0.4206290849964040013, -1.413333333333330000 ) ) ;
#2613 = ORIENTED_EDGE ( 'NONE', *, *, #3264, .F. ) ;
#2614 = CARTESIAN_POINT ( 'NONE',  ( -1.405578817409113723, -0.1656426226719045491, -1.370599484138991686 ) ) ;
#2615 = PLANE ( 'NONE',  #545 ) ;
#2616 = CARTESIAN_POINT ( 'NONE',  ( 0.5534053617318985818, -0.9100995457793685794, -0.8318331693814412509 ) ) ;
#2617 = CARTESIAN_POINT ( 'NONE',  ( 0.7285509463549789677, 0.4206290849964040013, -3.356666666666659804 ) ) ;
#2618 = CARTESIAN_POINT ( 'NONE',  ( -0.7253059701199346954, -0.7798565315028467282, -2.648596736432359489 ) ) ;
#2619 = CARTESIAN_POINT ( 'NONE',  ( -0.4201667868993097521, -0.9787763608269848259, -2.051943448215903576 ) ) ;
#2620 = CARTESIAN_POINT ( 'NONE',  ( -0.2315107064083760935, 1.039552594657425555, -0.3587570380188135344 ) ) ;
#2621 = CARTESIAN_POINT ( 'NONE',  ( 0.01972865168688700890, 1.064841044488517907, -1.457145885672266550 ) ) ;
#2622 =( BOUNDED_CURVE ( )  B_SPLINE_CURVE ( 2, ( #2, #1344, #1150, #2059, #2606, #1488, #1471, #1170, #2039 ),
 .UNSPECIFIED., .F., .T. ) 
 B_SPLINE_CURVE_WITH_KNOTS ( ( 3, 2, 2, 2, 3 ),
 ( 0.3333333314840260519, 0.4444444444442987585, 0.6666666666665785890, 0.8888888888888586415, 1.000000000000000000 ),
 .UNSPECIFIED. ) 
 CURVE ( )  GEOMETRIC_REPRESENTATION_ITEM ( )  RATIONAL_B_SPLINE_CURVE ( ( 0.9330127018922194093, 0.9330127007774046133, 1.000000000000000000, 0.8660254037844389297, 1.000000000000000000, 0.8660254037844389297, 1.000000000000000000, 0.9330127018922196314, 0.9330127018922195203 ) ) 
 REPRESENTATION_ITEM ( '' )  );
#2623 = DIRECTION ( 'NONE',  ( 1.000000000000000000, 0.000000000000000000, 0.000000000000000000 ) ) ;
#2624 = DIRECTION ( 'NONE',  ( 0.000000000000000000, 0.000000000000000000, -1.000000000000000000 ) ) ;
#2625 = AXIS2_PLACEMENT_3D ( 'NONE', #1992, #583, #330 ) ;
#2626 = VERTEX_POINT ( 'NONE', #970 ) ;
#2627 = CARTESIAN_POINT ( 'NONE',  ( -0.3044274616315322812, 1.020857446306071781, -4.063405203851648828 ) ) ;
#2628 = DIRECTION ( 'NONE',  ( 0.000000000000000000, 0.000000000000000000, 1.000000000000000000 ) ) ;
#2629 = CARTESIAN_POINT ( 'NONE',  ( 0.8169506309033202074, -1.414999999999998703, -5.277916666666657264 ) ) ;
#2630 = VERTEX_POINT ( 'NONE', #637 ) ;
#2631 = CARTESIAN_POINT ( 'NONE',  ( 0.8723409192018578562, -0.6112866746219849379, -3.941605615575909827 ) ) ;
#2632 = CARTESIAN_POINT ( 'NONE',  ( 1.310034707342022431, -0.5348346184933389091, -1.987886428727364763 ) ) ;
#2633 = CARTESIAN_POINT ( 'NONE',  ( -2.231056575520759816E-14, -1.064999999999999947, -1.460822594216370174 ) ) ;
#2634 = CARTESIAN_POINT ( 'NONE',  ( -0.9417850454116686310, 0.4980101535442701954, -2.868472199304140435 ) ) ;
#2635 = CARTESIAN_POINT ( 'NONE',  ( -0.3449828803632717933, -1.008210917164828357, -2.575093022786701269 ) ) ;
#2636 = CARTESIAN_POINT ( 'NONE',  ( -0.3398858402570103521, -1.009313370245239261, -2.037638821118731958 ) ) ;
#2637 = CARTESIAN_POINT ( 'NONE',  ( 0.3457708589557416112, 1.007472036526540160, -0.4486246389385914468 ) ) ;
#2638 = CONICAL_SURFACE ( 'NONE', #1034, 1.866666666666670027, 0.4363323129985828830 ) ;
#2639 = CARTESIAN_POINT ( 'NONE',  ( 0.7924116113545957019, 0.7153263133488798609, -1.596614442423977875 ) ) ;
#2640 = DIRECTION ( 'NONE',  ( -6.656822726151622011E-15, 0.9848077530122080203, 0.1736481776669309973 ) ) ;
#2641 = CARTESIAN_POINT ( 'NONE',  ( 0.9960981691871646504, 0.5708995194836562481, 0.000000000000000000 ) ) ;
#2642 = CARTESIAN_POINT ( 'NONE',  ( -1.064999999999997948, -0.1899371954465145507, -3.814315015629015093 ) ) ;
#2643 = EDGE_CURVE ( 'NONE', #3462, #2795, #3207, .T. ) ;
#2644 = EDGE_CURVE ( 'NONE', #2120, #3391, #1829, .T. ) ;
#2645 = ADVANCED_FACE ( 'NONE', ( #3459 ), #2083, .T. ) ;
#2646 = EDGE_LOOP ( 'NONE', ( #1172, #2966, #1730, #783, #3348, #1373 ) ) ;
#2647 = CARTESIAN_POINT ( 'NONE',  ( -0.1531074223032334591, 1.055113478302976082, -4.088007296196541240 ) ) ;
#2648 = DIRECTION ( 'NONE',  ( 0.000000000000000000, 0.000000000000000000, 1.000000000000000000 ) ) ;
#2649 = CARTESIAN_POINT ( 'NONE',  ( 1.415000000000000036, -2.042396486606979535E-15, -2.053749999999999964 ) ) ;
#2650 = CARTESIAN_POINT ( 'NONE',  ( -0.4857006309033200520, 0.8412581699928072254, -5.476666666666659467 ) ) ;
#2651 = ORIENTED_EDGE ( 'NONE', *, *, #3378, .F. ) ;
#2652 = CARTESIAN_POINT ( 'NONE',  ( 0.8491594350344299214, -0.6427725364489468296, -3.947484628342281976 ) ) ;
#2653 = CARTESIAN_POINT ( 'NONE',  ( 1.317096587636328975, -0.5172868982466696242, -1.985716680459940431 ) ) ;
#2654 = CARTESIAN_POINT ( 'NONE',  ( -1.032600562883096318, 0.2861503369181940259, -2.832883509159097368 ) ) ;
#2655 = CARTESIAN_POINT ( 'NONE',  ( -0.9977730069852601691, 1.003332331833711510, -1.522651435465511627 ) ) ;
#2656 = AXIS2_PLACEMENT_3D ( 'NONE', #1253, #915, #1802 ) ;
#2657 = CARTESIAN_POINT ( 'NONE',  ( -0.9714012618066378835, -1.784435168938802561E-16, -3.179999999999998828 ) ) ;
#2658 = B_SPLINE_CURVE_WITH_KNOTS ( 'NONE', 3,
 ( #2851, #1350, #3386, #2348, #2928, #1512, #2911, #617, #1173, #43, #654, #2571, #1491, #672, #367, #99, #3187, #2309, #635, #1763, #2627, #1781, #1153, #80, #1210, #952, #598, #2647, #2042, #932, #912, #1744, #3494, #3458, #2062, #3205, #383, #1234, #1474, #24, #2010, #1726, #2369, #3511, #2081, #3223, #2890, #1799 ),
 .UNSPECIFIED., .F., .F.,
 ( 4, 2, 2, 1, 2, 2, 2, 2, 2, 2, 2, 2, 1, 2, 2, 2, 1, 1, 2, 2, 2, 2, 1, 1, 2, 2, 4 ),
 ( 0.000000000000000000, 0.1249999999999993339, 0.1874999999999989730, 0.2187499999999987232, 0.2343749999999985845, 0.2499999999999984457, 0.3749999999999981126, 0.4374999999999978351, 0.4687499999999976685, 0.4999999999999974465, 0.5624999999999972244, 0.5937499999999971134, 0.6093749999999970024, 0.6171874999999970024, 0.6249999999999971134, 0.6874999999999966693, 0.7187499999999964473, 0.7343749999999964473, 0.7421874999999963363, 0.7499999999999963363, 0.8124999999999960032, 0.8437499999999957812, 0.8593749999999958922, 0.8671874999999958922, 0.8710937499999960032, 0.8749999999999961142, 1.000000000000000000 ),
 .UNSPECIFIED. ) ;
#2659 = CARTESIAN_POINT ( 'NONE',  ( -1.929038874663569766E-14, -1.108886836485039940, -4.129515482642150737 ) ) ;
#2660 = CARTESIAN_POINT ( 'NONE',  ( 1.415000000000000036, 1.101139767011850056E-14, -1.921249999999999902 ) ) ;
#2661 = CARTESIAN_POINT ( 'NONE',  ( -0.8693550616396756858, -0.6152120516639337788, -3.742586017607933968 ) ) ;
#2662 = CARTESIAN_POINT ( 'NONE',  ( 0.9714012618066378835, 5.948117229796001962E-17, -1.590000000000000302 ) ) ;
#2663 = ADVANCED_FACE ( 'NONE', ( #3495 ), #2215, .T. ) ;
#2664 = ORIENTED_EDGE ( 'NONE', *, *, #2909, .F. ) ;
#2665 = CARTESIAN_POINT ( 'NONE',  ( -0.8169506309033202074, 1.414999999999998703, -1.567916666666660408 ) ) ;
#2666 = DIRECTION ( 'NONE',  ( 0.000000000000000000, 0.000000000000000000, -1.000000000000000000 ) ) ;
#2667 = DIRECTION ( 'NONE',  ( -0.9238795325112869605, 0.3826834323650895042, 0.000000000000000000 ) ) ;
#2668 = CARTESIAN_POINT ( 'NONE',  ( -0.7285509463549779685, -0.4206290849964040013, -4.151666666666660177 ) ) ;
#2669 = EDGE_CURVE ( 'NONE', #1682, #3379, #3017, .T. ) ;
#2670 = CARTESIAN_POINT ( 'NONE',  ( -0.5008007044501162630, -0.9405832380663866621, -1.006719950543421893 ) ) ;
#2671 = ORIENTED_EDGE ( 'NONE', *, *, #2330, .T. ) ;
#2672 = CARTESIAN_POINT ( 'NONE',  ( 0.9555890513484341930, -0.4840891963623547012, -3.918741306257095047 ) ) ;
#2673 = CARTESIAN_POINT ( 'NONE',  ( 1.415000000000000036, 1.101139767011850056E-14, -1.921249999999999902 ) ) ;
#2674 = CARTESIAN_POINT ( 'NONE',  ( -0.4452107867136338437, -0.9701144882590708729, -1.532651507484899644 ) ) ;
#2675 = CARTESIAN_POINT ( 'NONE',  ( 0.000000000000000000, 1.415000000000000036, -3.908749999999999947 ) ) ;
#2676 = AXIS2_PLACEMENT_3D ( 'NONE', #175, #3605, #2738 ) ;
#2677 = DIRECTION ( 'NONE',  ( -1.814226921766479877E-14, -0.8660254037844387076, 0.4999999999999998890 ) ) ;
#2678 = CARTESIAN_POINT ( 'NONE',  ( -0.8824517315202162759, -1.029178587654732135, -3.533882242743999313 ) ) ;
#2679 = CARTESIAN_POINT ( 'NONE',  ( -0.7822228990110526858, -0.7231255389415339740, -3.184157523859897587 ) ) ;
#2680 = CARTESIAN_POINT ( 'NONE',  ( 0.3577716686844831240, 1.007253886318723923, -3.630764963326339245 ) ) ;
#2681 = CARTESIAN_POINT ( 'NONE',  ( 1.064065089807042730, -0.04802390820738911686, -2.787135299445479664 ) ) ;
#2682 = VERTEX_POINT ( 'NONE', #1345 ) ;
#2683 = CARTESIAN_POINT ( 'NONE',  ( 0.8169506309033202074, -1.414999999999998703, -1.037916666666659715 ) ) ;
#2684 = LINE ( 'NONE', #2370, #2706 ) ;
#2685 = CARTESIAN_POINT ( 'NONE',  ( 0.4857006309033189417, 0.8412581699928072254, -4.593333333333329271 ) ) ;
#2686 = ADVANCED_FACE ( 'NONE', ( #474 ), #3551, .T. ) ;
#2687 = B_SPLINE_CURVE_WITH_KNOTS ( 'NONE', 3,
 ( #1441, #2176, #3619, #569, #12, #316, #3139, #762, #1633, #851, #3690, #1339, #2774, #31, #3335, #587, #3120, #780, #2492, #2259, #1718, #2576, #3407, #1158, #2294, #743, #621, #1240, #3175, #334, #2050, #3482, #2614, #1786, #3210, #356, #2897, #1197, #3443, #1462, #2596 ),
 .UNSPECIFIED., .F., .F.,
 ( 4, 2, 2, 2, 1, 1, 2, 2, 2, 2, 1, 2, 2, 2, 1, 1, 2, 2, 2, 2, 1, 1, 2, 4 ),
 ( 0.000000000000000000, 0.08321878262414067473, 0.1248281739362110121, 0.1274287608932153926, 0.1300293478502197730, 0.1352305217642285062, 0.1456328695922460004, 0.1664375652482808776, 0.1872422609043157826, 0.1924434348183245158, 0.1976446087323332768, 0.2080469565603508542, 0.2496563478724208862, 0.2522569348294252389, 0.2548575217864296194, 0.2600586957004383248, 0.2704610435284557912, 0.2912657391844907240, 0.3120704348405256567, 0.3224727826685431786, 0.3276739565825519396, 0.3302745435395563200, 0.3315748370180585103, 0.3328751304965606450 ),
 .UNSPECIFIED. ) ;
#2688 = CARTESIAN_POINT ( 'NONE',  ( -0.2290441402701366980, 1.127589819345468092, -4.029347866055685401 ) ) ;
#2689 = ORIENTED_EDGE ( 'NONE', *, *, #3651, .F. ) ;
#2690 = CARTESIAN_POINT ( 'NONE',  ( -0.1140768064123294928, 1.410575454259999972, -0.5835834601685142564 ) ) ;
#2691 = DIRECTION ( 'NONE',  ( 0.1874711126310585063, 0.000000000000000000, 0.9822701165814182733 ) ) ;
#2692 = CARTESIAN_POINT ( 'NONE',  ( -0.6000454485899945345, -0.8805951969322222128, -1.562040285796261863 ) ) ;
#2693 = CARTESIAN_POINT ( 'NONE',  ( -0.7238023665587793865, 0.7840494325965962075, -2.923907525912296634 ) ) ;
#2694 = CARTESIAN_POINT ( 'NONE',  ( 1.225444687817700107, -0.7075108203885450697, -4.262070839024850066 ) ) ;
#2695 = CARTESIAN_POINT ( 'NONE',  ( -0.6089391177478947759, -1.240537980583705124, -3.475472492175059269 ) ) ;
#2696 = CARTESIAN_POINT ( 'NONE',  ( 0.7285509463549789677, -0.4206290849964030021, -1.413333333333330000 ) ) ;
#2697 = CARTESIAN_POINT ( 'NONE',  ( -1.065000000000002167, -0.2751403281753441732, -0.08353597419259005397 ) ) ;
#2698 = CIRCLE ( 'NONE', #3173, 1.182748768039330045 ) ;
#2699 = CARTESIAN_POINT ( 'NONE',  ( 0.4824377109076448678, 0.9505592273491192401, -3.653122875636639399 ) ) ;
#2700 = CARTESIAN_POINT ( 'NONE',  ( 1.057339908368790882, -0.1295103583894198773, -2.800615341501927258 ) ) ;
#2701 = ORIENTED_EDGE ( 'NONE', *, *, #3191, .F. ) ;
#2702 = DIRECTION ( 'NONE',  ( 0.000000000000000000, 0.000000000000000000, -1.000000000000000000 ) ) ;
#2703 = CARTESIAN_POINT ( 'NONE',  ( 1.225425946354979923, 0.7075000000000000178, 0.1545833333333340165 ) ) ;
#2704 = CARTESIAN_POINT ( 'NONE',  ( 0.3716584559016502531, -1.377594879147961970, -1.084314131136713710 ) ) ;
#2705 = VERTEX_POINT ( 'NONE', #2981 ) ;
#2706 = VECTOR ( 'NONE', #2912, 1000.000000000000227 ) ;
#2707 = CARTESIAN_POINT ( 'NONE',  ( 0.1289037197034060556, 1.414025048389890848, -0.6108533154490436434 ) ) ;
#2708 = CARTESIAN_POINT ( 'NONE',  ( 0.3234892049774072964, 1.390584224025903204, -2.753754901914426068 ) ) ;
#2709 = CARTESIAN_POINT ( 'NONE',  ( -0.8424995273070298163, 0.6541818624322003339, -1.299327517765181295 ) ) ;
#2710 = CARTESIAN_POINT ( 'NONE',  ( 0.7118493455501752054, 0.7921610059768922074, -2.639066982498814440 ) ) ;
#2711 = CONICAL_SURFACE ( 'NONE', #3677, 1.415000000000000036, 0.3926990816987179778 ) ;
#2712 = FACE_OUTER_BOUND ( 'NONE', #678, .T. ) ;
#2713 = CARTESIAN_POINT ( 'NONE',  ( 0.7821987463641513205, -0.7231516886660127597, -2.380848146508321328 ) ) ;
#2714 = CARTESIAN_POINT ( 'NONE',  ( 0.7285509463549789677, 0.4206290849964040013, -2.296666666666659751 ) ) ;
#2715 = ADVANCED_FACE ( 'NONE', ( #1602 ), #1565, .T. ) ;
#2716 = CARTESIAN_POINT ( 'NONE',  ( -2.231056575520759816E-14, -1.064999999999999947, -2.520822594216369783 ) ) ;
#2717 = CARTESIAN_POINT ( 'NONE',  ( 0.5969282726059381705, 0.8819976865596494964, -3.675110717479226796 ) ) ;
#2718 = CARTESIAN_POINT ( 'NONE',  ( -0.2800261486463617722, -1.064999999999560742, -4.144405941614458300 ) ) ;
#2719 = CIRCLE ( 'NONE', #2360, 2.769621618706009869 ) ;
#2720 =( BOUNDED_SURFACE ( )  B_SPLINE_SURFACE ( 1, 2, ( 
 ( #1139, #8, #2241, #2820, #1994, #3136, #2257, #46, #2854, #3406, #314, #1439, #1194, #2372, #3480, #1531, #102, #2629, #119, #83, #1237, #955, #2894, #3514, #1214 ),
 ( #3496, #2046, #3172, #369, #1493, #1515, #1783, #1746, #2668, #690, #1550, #674, #2948, #2685, #2388, #2335, #2930, #2352, #3530, #1822, #3246, #935, #2914, #2650, #385 ) ),
 .UNSPECIFIED., .F., .F., .F. ) 
 B_SPLINE_SURFACE_WITH_KNOTS ( ( 2, 2 ),
 ( 3, 2, 2, 2, 2, 2, 2, 2, 2, 2, 2, 2, 3 ),
 ( 0.000000000000000000, 1.000000000000000000 ),
 ( 0.000000000000000000, 0.08333333333333330095, 0.1666666666666670182, 0.2500000000000000000, 0.3333333333333329818, 0.4166666666666670182, 0.5000000000000000000, 0.5833333333333330373, 0.6666666666666670737, 0.7500000000000000000, 0.8333333333333330373, 0.9166666666666670737, 1.000000000000000000 ),
 .UNSPECIFIED. ) 
 GEOMETRIC_REPRESENTATION_ITEM ( )  RATIONAL_B_SPLINE_SURFACE ( (
 ( 1.000000000000000000, 0.8660254037844389297, 1.000000000000000000, 0.8660254037844389297, 1.000000000000000000, 0.8660254037844389297, 1.000000000000000000, 0.8660254037844389297, 1.000000000000000000, 0.8660254037844389297, 1.000000000000000000, 0.8660254037844389297, 1.000000000000000000, 0.8660254037844389297, 1.000000000000000000, 0.8660254037844389297, 1.000000000000000000, 0.8660254037844389297, 1.000000000000000000, 0.8660254037844389297, 1.000000000000000000, 0.8660254037844389297, 1.000000000000000000, 0.8660254037844389297, 1.000000000000000000),
 ( 1.000000000000000000, 0.8660254037844389297, 1.000000000000000000, 0.8660254037844389297, 1.000000000000000000, 0.8660254037844389297, 1.000000000000000000, 0.8660254037844389297, 1.000000000000000000, 0.8660254037844389297, 1.000000000000000000, 0.8660254037844389297, 1.000000000000000000, 0.8660254037844389297, 1.000000000000000000, 0.8660254037844389297, 1.000000000000000000, 0.8660254037844389297, 1.000000000000000000, 0.8660254037844389297, 1.000000000000000000, 0.8660254037844389297, 1.000000000000000000, 0.8660254037844389297, 1.000000000000000000) ) ) 
 REPRESENTATION_ITEM ( '' )  SURFACE ( )  );
#2721 = ORIENTED_EDGE ( 'NONE', *, *, #1889, .F. ) ;
#2722 = CARTESIAN_POINT ( 'NONE',  ( -1.633901261806640415, -4.299510660643208985E-16, -0.3312499999999978240 ) ) ;
#2723 = CARTESIAN_POINT ( 'NONE',  ( 0.5487726514224449126, -1.304252114067969925, 0.000000000000000000 ) ) ;
#2724 = CARTESIAN_POINT ( 'NONE',  ( -1.158412021555475846, 0.4490472824318322842, -3.807274801076931947 ) ) ;
#2725 = ORIENTED_EDGE ( 'NONE', *, *, #1817, .F. ) ;
#2726 = CARTESIAN_POINT ( 'NONE',  ( 1.112434520829801876, 0.8745307694541410992, -0.7502688756225105449 ) ) ;
#2727 = CARTESIAN_POINT ( 'NONE',  ( 1.219052297202608104, 0.7192165630860686276, -2.891224783466050940 ) ) ;
#2728 = CARTESIAN_POINT ( 'NONE',  ( -0.4366532050051338820, 0.9714498041709758169, -1.383686954946591330 ) ) ;
#2729 = CARTESIAN_POINT ( 'NONE',  ( 0.9446311644400601226, 0.4923307098362787460, -3.234115121919043823 ) ) ;
#2730 = CARTESIAN_POINT ( 'NONE',  ( -1.225444687817700107, 0.7075108203885440705, -3.732070839024849818 ) ) ;
#2731 = CARTESIAN_POINT ( 'NONE',  ( 0.6605072470337869373, -0.8358126278140204368, -2.406898907091731932 ) ) ;
#2732 = CARTESIAN_POINT ( 'NONE',  ( 1.030244125138249994E-16, -0.8412581699928068923, -2.649999999999999911 ) ) ;
#2733 = CARTESIAN_POINT ( 'NONE',  ( 0.000000000000000000, 0.000000000000000000, -6.500000000000000000 ) ) ;
#2734 = FACE_OUTER_BOUND ( 'NONE', #79, .T. ) ;
#2735 = CARTESIAN_POINT ( 'NONE',  ( 0.8478975856530114319, -1.132944358556491560, -3.136951605675814214 ) ) ;
#2736 = FACE_OUTER_BOUND ( 'NONE', #3442, .T. ) ;
#2737 = VERTEX_POINT ( 'NONE', #1325 ) ;
#2738 = DIRECTION ( 'NONE',  ( -0.3826834323650779024, -0.9238795325112917345, 1.138127720190003611E-14 ) ) ;
#2739 = CARTESIAN_POINT ( 'NONE',  ( 0.000000000000000000, -1.298082735051719874E-16, 0.3975000000000000200 ) ) ;
#2740 = CARTESIAN_POINT ( 'NONE',  ( -0.9676123182934535105, 1.032581301720744582, -1.527684150036551225 ) ) ;
#2741 =( BOUNDED_CURVE ( )  B_SPLINE_CURVE ( 2, ( #791, #481, #511 ),
 .UNSPECIFIED., .F., .F. ) 
 B_SPLINE_CURVE_WITH_KNOTS ( ( 3, 3 ),
 ( 0.1573404362770740028, 0.2639015475094970142 ),
 .UNSPECIFIED. ) 
 CURVE ( )  GEOMETRIC_REPRESENTATION_ITEM ( )  RATIONAL_B_SPLINE_CURVE ( ( 1.070856349210939973, 1.076252293245059999, 1.056456288860230019 ) ) 
 REPRESENTATION_ITEM ( '' )  );
#2742 = CARTESIAN_POINT ( 'NONE',  ( -1.149287993094816995, 0.4678467604743459796, -3.810897353043652291 ) ) ;
#2743 = EDGE_LOOP ( 'NONE', ( #2487, #2671, #630, #3169 ) ) ;
#2744 = CARTESIAN_POINT ( 'NONE',  ( 0.7749690676886298313, 1.183949376638094630, -0.6944741905346023536 ) ) ;
#2745 = CARTESIAN_POINT ( 'NONE',  ( 0.9501165380278239203, 1.053034392049909007, -2.841141407374508265 ) ) ;
#2746 = CARTESIAN_POINT ( 'NONE',  ( 0.1231874959016182186, -1.409630764992002128, -0.05259483552865404365 ) ) ;
#2747 = CARTESIAN_POINT ( 'NONE',  ( 0.4476898911795839653, 0.9687793740077200733, -2.587234389292574654 ) ) ;
#2748 = CARTESIAN_POINT ( 'NONE',  ( 0.000000000000000000, 0.8412581699928068923, -0.2650000000000000133 ) ) ;
#2749 = CARTESIAN_POINT ( 'NONE',  ( 1.064999999945209108, -1.080540286197330780E-05, -2.255824386661322567 ) ) ;
#2750 = CARTESIAN_POINT ( 'NONE',  ( 0.9173234298531383057, -0.5457520346004560707, -2.347154857147755180 ) ) ;
#2751 = CARTESIAN_POINT ( 'NONE',  ( -0.1607529699059336847, 1.293433893165963022, -3.686939143046060074 ) ) ;
#2752 = EDGE_CURVE ( 'NONE', #62, #2626, #3416, .T. ) ;
#2753 = CARTESIAN_POINT ( 'NONE',  ( 0.000000000000000000, 0.000000000000000000, -6.500000000000000000 ) ) ;
#2754 = CARTESIAN_POINT ( 'NONE',  ( -1.415000000000000036, -1.298082735051719874E-16, 0.3975000000000000200 ) ) ;
#2755 = CARTESIAN_POINT ( 'NONE',  ( 0.9796422834694908932, -0.4178627135464981768, -2.847939627302360499 ) ) ;
#2756 = AXIS2_PLACEMENT_3D ( 'NONE', #1018, #2203, #1919 ) ;
#2757 = EDGE_LOOP ( 'NONE', ( #2725, #2763, #2961, #1454 ) ) ;
#2758 = CARTESIAN_POINT ( 'NONE',  ( 1.039079766793857162, -0.2360787839486453155, -1.758269569081813311 ) ) ;
#2759 = DIRECTION ( 'NONE',  ( 0.3826834323650840641, 4.686520405326220315E-17, -0.9238795325112890700 ) ) ;
#2760 = CARTESIAN_POINT ( 'NONE',  ( 0.3637312551779788850, 1.370533857457274074, -1.698516798158204777 ) ) ;
#2761 = EDGE_CURVE ( 'NONE', #693, #1381, #1931, .T. ) ;
#2762 = CARTESIAN_POINT ( 'NONE',  ( -1.127749275449627886, 0.5112283569478023315, -3.819262812157637299 ) ) ;
#2763 = ORIENTED_EDGE ( 'NONE', *, *, #3090, .T. ) ;
#2764 = CARTESIAN_POINT ( 'NONE',  ( 0.9490587652650397388, 1.050789527936953238, -0.7215757842439123326 ) ) ;
#2765 = CARTESIAN_POINT ( 'NONE',  ( -0.8836777379854342529, 1.105147171404828210, -2.601358463427058343 ) ) ;
#2766 = CARTESIAN_POINT ( 'NONE',  ( -0.8966776840332675302, 0.5747033643002188441, -1.284661982970768834 ) ) ;
#2767 = CARTESIAN_POINT ( 'NONE',  ( 0.008636624414894747762, 1.065248836305215940, -3.052051334265207139 ) ) ;
#2768 = AXIS2_PLACEMENT_3D ( 'NONE', #1409, #1126, #853 ) ;
#2769 = EDGE_LOOP ( 'NONE', ( #3573, #1255, #3627, #1712 ) ) ;
#2770 = CARTESIAN_POINT ( 'NONE',  ( -0.9778067458191680439, 0.4230708747843365258, -3.379156749597310938 ) ) ;
#2771 = CARTESIAN_POINT ( 'NONE',  ( -0.7472751369725652015, -0.7589456528165359206, -2.116807321312818235 ) ) ;
#2772 = CARTESIAN_POINT ( 'NONE',  ( -0.8169506309033202074, -1.414999999999998703, -2.407083333333329467 ) ) ;
#2773 = CYLINDRICAL_SURFACE ( 'NONE', #3436, 1.064999999999999947 ) ;
#2774 = CARTESIAN_POINT ( 'NONE',  ( -0.9824019104732061303, -1.019324420814226029, -1.257029344547197836 ) ) ;
#2775 = CARTESIAN_POINT ( 'NONE',  ( -0.7238030724111478298, 0.7840487518633935116, -1.863907367148150085 ) ) ;
#2776 = PLANE ( 'NONE',  #1401 ) ;
#2777 = ORIENTED_EDGE ( 'NONE', *, *, #926, .T. ) ;
#2778 = CARTESIAN_POINT ( 'NONE',  ( 0.9106574814211545466, -0.5570063247746119828, -1.810950795486409914 ) ) ;
#2779 = CARTESIAN_POINT ( 'NONE',  ( -0.2634618833870196464, 1.390266535987075169, -1.626206889143569256 ) ) ;
#2780 = B_SPLINE_CURVE_WITH_KNOTS ( 'NONE', 3,
 ( #2147, #2429, #1570, #753, #2164, #2986, #1843, #161, #2391, #2967, #1553, #1295, #1606, #1330, #2109, #443, #3574, #2184, #3251, #3288, #3534, #3555, #2463, #694, #2126, #1311, #2690, #460, #3271, #1825, #2446, #479, #2707, #770, #426, #140, #3610, #1049, #715, #1275, #3305, #1882, #3022, #735, #2744, #1862, #3325, #1901, #2408, #996, #3038, #2764, #3005, #493, #1588, #1623, #2726, #3591, #180, #977, #1033, #564, #509, #3669, #1403, #544, #3648, #1105, #582, #3058, #2254, #2539, #1068, #789, #2501, #2834 ),
 .UNSPECIFIED., .F., .F.,
 ( 4, 2, 2, 1, 1, 2, 2, 1, 2, 2, 2, 2, 2, 1, 1, 2, 2, 2, 2, 2, 2, 2, 2, 2, 2, 2, 2, 1, 2, 2, 2, 2, 2, 2, 2, 1, 1, 2, 2, 2, 2, 4 ),
 ( 0.3862002662774926542, 0.4629252329928025267, 0.4821064746716299809, 0.4916970955110437358, 0.4964924059307506132, 0.4988900611406040797, 0.5000888887455308129, 0.5012877163504576572, 0.5396501997081147861, 0.5780126830657720260, 0.6163751664234291550, 0.6211704768431363100, 0.6259657872628434649, 0.6355564081022578860, 0.6547376497810866169, 0.6739188914599152369, 0.6835095122993295469, 0.6883048227190367019, 0.6931001331387438569, 0.7314626164964012078, 0.7410532373358156288, 0.7458485477555226728, 0.7506438581752299388, 0.7698250998540582257, 0.8081875832117149105, 0.8105852384215684880, 0.8129828936314220655, 0.8177782040511291095, 0.8273688248905431974, 0.8465500665693714843, 0.8657313082481998823, 0.8705266186679068152, 0.8753219290876139702, 0.8849125499270280581, 0.9232750332846844099, 0.9328656541240982758, 0.9352633093339519643, 0.9364621369388785865, 0.9376609645438054308, 0.9424562749635128078, 0.9616375166423418719, 1.000000000000000000 ),
 .UNSPECIFIED. ) ;
#2781 = ORIENTED_EDGE ( 'NONE', *, *, #1543, .F. ) ;
#2782 = CARTESIAN_POINT ( 'NONE',  ( -1.618197816793849997, 0.2890648602567529868, 1.722089740673879987 ) ) ;
#2783 = EDGE_CURVE ( 'NONE', #2682, #1140, #56, .T. ) ;
#2784 = CARTESIAN_POINT ( 'NONE',  ( -1.033405702198954890, 0.9725408284036375361, -2.577502152482374242 ) ) ;
#2785 = CARTESIAN_POINT ( 'NONE',  ( 0.1142720165588077263, -1.410381426802865379, -0.05360596131941949144 ) ) ;
#2786 = CARTESIAN_POINT ( 'NONE',  ( 0.9609726143177574897, 0.4591251257903664618, -2.703365766620667188 ) ) ;
#2787 = PRODUCT_DEFINITION_CONTEXT ( 'detailed design', #2469, 'design' ) ;
#2788 = CARTESIAN_POINT ( 'NONE',  ( -0.8505806544815144310, 0.6439062814606011376, -3.417655498475236975 ) ) ;
#2789 = CARTESIAN_POINT ( 'NONE',  ( 0.9223170550304266024, 0.5325000000000000844, -0.04748926088303444260 ) ) ;
#2790 = CARTESIAN_POINT ( 'NONE',  ( 1.633901261806640415, 1.000475975197160448E-16, -2.053749999999998188 ) ) ;
#2791 = CARTESIAN_POINT ( 'NONE',  ( -0.9788213022539820063, -0.4196937256141929917, -1.656201978827084087 ) ) ;
#2792 = CARTESIAN_POINT ( 'NONE',  ( -1.032600602785341160, 0.2861500430634448811, -1.772883464863730607 ) ) ;
#2793 = CARTESIAN_POINT ( 'NONE',  ( 1.225543596530749957, 0.7075679253606520502, -3.952995100117179916 ) ) ;
#2794 = CONICAL_SURFACE ( 'NONE', #833, 1.866666666666670027, 0.4363323129985828830 ) ;
#2795 = VERTEX_POINT ( 'NONE', #632 ) ;
#2796 = CARTESIAN_POINT ( 'NONE',  ( 0.8100013466729583111, -0.6915008598309809740, -1.836835454968583914 ) ) ;
#2797 = CARTESIAN_POINT ( 'NONE',  ( 1.200356608573552197, 0.7494183052816949520, -1.827428492589280307 ) ) ;
#2798 = APPLICATION_PROTOCOL_DEFINITION ( 'draft international standard', 'automotive_design', 1998, #2543 ) ;
#2799 = ORIENTED_EDGE ( 'NONE', *, *, #3216, .T. ) ;
#2800 = CARTESIAN_POINT ( 'NONE',  ( -1.177171980481420022, 0.1147204282942460019, 0.7333333333333339477 ) ) ;
#2801 = LINE ( 'NONE', #881, #3588 ) ;
#2802 = CARTESIAN_POINT ( 'NONE',  ( -0.7748954976179869281, -1.184093367859709200, -0.1644489808566532707 ) ) ;
#2803 = CARTESIAN_POINT ( 'NONE',  ( -0.4593004897903268380, 0.9609494262095231720, -2.439568566692237095 ) ) ;
#2804 = VERTEX_POINT ( 'NONE', #3524 ) ;
#2805 = DIRECTION ( 'NONE',  ( 1.000000000000000000, 0.000000000000000000, 0.000000000000000000 ) ) ;
#2806 = CARTESIAN_POINT ( 'NONE',  ( -1.064999999999994174, 0.1522882782634539245, -3.334439624087112364 ) ) ;
#2807 = CARTESIAN_POINT ( 'NONE',  ( -1.146054215137731980, -0.6662675398516848535, -3.606581450822408552 ) ) ;
#2808 = EDGE_CURVE ( 'NONE', #62, #1876, #556, .T. ) ;
#2809 = CARTESIAN_POINT ( 'NONE',  ( 0.8585252429979067790, 0.6302161247183909465, -0.5532525601659843417 ) ) ;
#2810 = AXIS2_PLACEMENT_3D ( 'NONE', #565, #2817, #546 ) ;
#2811 = DIRECTION ( 'NONE',  ( 6.656822726151620433E-15, -0.9848077530122080203, -0.1736481776669309973 ) ) ;
#2812 = ORIENTED_EDGE ( 'NONE', *, *, #189, .F. ) ;
#2813 = CARTESIAN_POINT ( 'NONE',  ( 0.6222595474755820977, -0.8652723984011519986, -1.878230764022176036 ) ) ;
#2814 = CARTESIAN_POINT ( 'NONE',  ( 1.177171980481420022, 0.1147204282942509701, 0.7333333333333339477 ) ) ;
#2815 = ORIENTED_EDGE ( 'NONE', *, *, #558, .F. ) ;
#2816 = CYLINDRICAL_SURFACE ( 'NONE', #3049, 1.064999999999999947 ) ;
#2817 = DIRECTION ( 'NONE',  ( -1.000000000000000000, 0.000000000000000000, 0.000000000000000000 ) ) ;
#2818 = CARTESIAN_POINT ( 'NONE',  ( 0.001090221354628049958, -1.300746327465719832, 3.485777493544350713E-17 ) ) ;
#2819 = ADVANCED_FACE ( 'NONE', ( #1759 ), #2908, .T. ) ;
#2820 = CARTESIAN_POINT ( 'NONE',  ( 1.633901261806640415, 1.000475975197160448E-16, -4.041250000000001563 ) ) ;
#2821 = CARTESIAN_POINT ( 'NONE',  ( 1.225425946354979923, 0.7075000000000000178, -0.9054166666666639829 ) ) ;
#2822 = CARTESIAN_POINT ( 'NONE',  ( -0.8572143040325612695, -1.126105019384396444, -2.296964450517949174 ) ) ;
#2823 = CARTESIAN_POINT ( 'NONE',  ( -1.128564735347629577, -0.7006603601996191921, -3.600642816394546752 ) ) ;
#2824 = CARTESIAN_POINT ( 'NONE',  ( 0.8380734908213558487, 0.6572074463659133281, -0.5480687309673250018 ) ) ;
#2825 = EDGE_CURVE ( 'NONE', #2630, #2086, #59, .T. ) ;
#2826 = CARTESIAN_POINT ( 'NONE',  ( -0.7187556073679538526, -0.7859174646416606791, -1.050568347753648046 ) ) ;
#2827 = VECTOR ( 'NONE', #1612, 1000.000000000000000 ) ;
#2828 = EDGE_CURVE ( 'NONE', #3437, #1187, #1747, .T. ) ;
#2829 = CARTESIAN_POINT ( 'NONE',  ( -1.634058128707669422, -3.001716085413838213E-16, -4.571328433450511319 ) ) ;
#2830 = DIRECTION ( 'NONE',  ( 0.000000000000000000, 0.000000000000000000, 1.000000000000000000 ) ) ;
#2831 = CARTESIAN_POINT ( 'NONE',  ( 1.065000032421502763, -0.005413865748052669631, -1.720075479538442087 ) ) ;
#2832 = CIRCLE ( 'NONE', #3314, 1.643813452832049826 ) ;
#2833 = VERTEX_POINT ( 'NONE', #1452 ) ;
#2834 = CARTESIAN_POINT ( 'NONE',  ( 1.415000000000000036, 1.883933735546379524E-14, -0.8612500000000000711 ) ) ;
#2835 = CARTESIAN_POINT ( 'NONE',  ( -0.08376359065689580052, 0.2022231965969439882, -0.9045693237702970846 ) ) ;
#2836 = DIRECTION ( 'NONE',  ( 0.3768696111424660877, -0.9098437264664083202, 0.1736481776669312749 ) ) ;
#2837 = CARTESIAN_POINT ( 'NONE',  ( -0.1034419193209554777, 1.060290622655018167, -2.498849713387025773 ) ) ;
#2838 =( BOUNDED_SURFACE ( )  B_SPLINE_SURFACE ( 1, 2, ( 
 ( #2105, #2964, #3208, #657, #3226, #618, #66, #3190, #422, #137, #1271, #354, #2405, #3552, #993, #1476, #2612, #638, #1766, #3268, #440, #1840, #2982, #2123, #3571 ),
 ( #1566, #711, #2703, #157, #1291, #2426, #3140, #1732, #1981, #588, #1719, #13, #1159, #3691, #2821, #1667, #1945, #870, #2260, #280, #1683, #2244, #1142, #263, #1998 ) ),
 .UNSPECIFIED., .F., .F., .F. ) 
 B_SPLINE_SURFACE_WITH_KNOTS ( ( 2, 2 ),
 ( 3, 2, 2, 2, 2, 2, 2, 2, 2, 2, 2, 2, 3 ),
 ( 0.000000000000000000, 1.000000000000000000 ),
 ( 0.000000000000000000, 0.08333333333333330095, 0.1666666666666670182, 0.2500000000000000000, 0.3333333333333329818, 0.4166666666666670182, 0.5000000000000000000, 0.5833333333333330373, 0.6666666666666670737, 0.7500000000000000000, 0.8333333333333330373, 0.9166666666666670737, 1.000000000000000000 ),
 .UNSPECIFIED. ) 
 GEOMETRIC_REPRESENTATION_ITEM ( )  RATIONAL_B_SPLINE_SURFACE ( (
 ( 1.000000000000000000, 0.8660254037844389297, 1.000000000000000000, 0.8660254037844389297, 1.000000000000000000, 0.8660254037844389297, 1.000000000000000000, 0.8660254037844389297, 1.000000000000000000, 0.8660254037844389297, 1.000000000000000000, 0.8660254037844389297, 1.000000000000000000, 0.8660254037844389297, 1.000000000000000000, 0.8660254037844389297, 1.000000000000000000, 0.8660254037844389297, 1.000000000000000000, 0.8660254037844389297, 1.000000000000000000, 0.8660254037844389297, 1.000000000000000000, 0.8660254037844389297, 1.000000000000000000),
 ( 1.000000000000000000, 0.8660254037844389297, 1.000000000000000000, 0.8660254037844389297, 1.000000000000000000, 0.8660254037844389297, 1.000000000000000000, 0.8660254037844389297, 1.000000000000000000, 0.8660254037844389297, 1.000000000000000000, 0.8660254037844389297, 1.000000000000000000, 0.8660254037844389297, 1.000000000000000000, 0.8660254037844389297, 1.000000000000000000, 0.8660254037844389297, 1.000000000000000000, 0.8660254037844389297, 1.000000000000000000, 0.8660254037844389297, 1.000000000000000000, 0.8660254037844389297, 1.000000000000000000) ) ) 
 REPRESENTATION_ITEM ( '' )  SURFACE ( )  );
#2839 = VERTEX_POINT ( 'NONE', #1525 ) ;
#2840 = CARTESIAN_POINT ( 'NONE',  ( -0.3805963078974157199, -0.9946743238192533587, -3.104686799348369775 ) ) ;
#2841 = FACE_OUTER_BOUND ( 'NONE', #3303, .T. ) ;
#2842 = LINE ( 'NONE', #301, #1632 ) ;
#2843 = CARTESIAN_POINT ( 'NONE',  ( -1.277125249453009870, -1.240466096347109894E-15, -3.723352024342760025 ) ) ;
#2844 = CARTESIAN_POINT ( 'NONE',  ( 1.036067538748616457, 0.2484554449977813273, -0.6180025648413984829 ) ) ;
#2845 = CARTESIAN_POINT ( 'NONE',  ( 1.308620873949941199, -0.5382726231216488078, -0.9281133655855580145 ) ) ;
#2846 = B_SPLINE_CURVE_WITH_KNOTS ( 'NONE', 3,
 ( #2489, #1963, #3043, #245, #1127, #533, #835, #1669, #1392, #1375, #2528, #2507, #3656, #3676, #553, #2262, #2771, #3410, #854, #3123, #1983, #226, #1703, #3636, #1074, #2207, #625, #2619, #319, #1445, #942, #1773, #2636, #90, #2072, #394 ),
 .UNSPECIFIED., .F., .F.,
 ( 4, 2, 2, 1, 1, 1, 2, 2, 2, 2, 2, 1, 2, 2, 2, 2, 1, 1, 2, 2, 4 ),
 ( 0.000000000000000000, 0.1249999999999996947, 0.1874999999999995837, 0.2187499999999994171, 0.2343749999999994449, 0.2421874999999995559, 0.2460937499999995559, 0.2499999999999996114, 0.3750000000000017208, 0.4375000000000027200, 0.4687500000000033307, 0.4843750000000036082, 0.4921875000000036637, 0.5000000000000037748, 0.6250000000000034417, 0.6875000000000034417, 0.7187500000000033307, 0.7343750000000033307, 0.7421875000000033307, 0.7500000000000032196, 1.000000000000000000 ),
 .UNSPECIFIED. ) ;
#2847 = CARTESIAN_POINT ( 'NONE',  ( 0.000000000000000000, 2.769621618706009869, 0.4490897812778123499 ) ) ;
#2848 = ORIENTED_EDGE ( 'NONE', *, *, #241, .T. ) ;
#2849 = CARTESIAN_POINT ( 'NONE',  ( 1.267726405314864913, -0.6355492175313385284, -3.060740308859065451 ) ) ;
#2850 = ORIENTED_EDGE ( 'NONE', *, *, #2643, .T. ) ;
#2851 = CARTESIAN_POINT ( 'NONE',  ( -1.064999999999999947, -5.789799912778060004E-15, -3.845822594216369517 ) ) ;
#2852 = CARTESIAN_POINT ( 'NONE',  ( 0.08376359065689739647, -0.2022231965969439882, -0.9045693237702970846 ) ) ;
#2853 = CARTESIAN_POINT ( 'NONE',  ( -1.062563613421995790, -0.9345153034173835360, -0.2111304684085679451 ) ) ;
#2854 = CARTESIAN_POINT ( 'NONE',  ( -1.225425946354979923, -0.7075000000000000178, -4.482916666666659999 ) ) ;
#2855 = EDGE_LOOP ( 'NONE', ( #219, #2896, #2125, #2336, #1659 ) ) ;
#2856 = CARTESIAN_POINT ( 'NONE',  ( -2.231056575520759816E-14, -1.064999999999999947, -0.9241774057836309453 ) ) ;
#2857 = CARTESIAN_POINT ( 'NONE',  ( 0.000000000000000000, 1.445353577082829946E-16, 1.722089740673879987 ) ) ;
#2858 = CARTESIAN_POINT ( 'NONE',  ( 1.064263906764914669, 0.04269429935450119729, -2.248751499448363500 ) ) ;
#2859 = DIRECTION ( 'NONE',  ( -1.000000000000000000, 2.234517754785954900E-16, 0.000000000000000000 ) ) ;
#2860 = CARTESIAN_POINT ( 'NONE',  ( -0.2219263892282848649, 1.041620871392092251, -0.3602991239235630583 ) ) ;
#2861 = EDGE_CURVE ( 'NONE', #1818, #3248, #1224, .T. ) ;
#2862 = CARTESIAN_POINT ( 'NONE',  ( -0.3452127640557284827, -1.007508332901492665, -0.9785776031501159933 ) ) ;
#2863 = B_SPLINE_CURVE_WITH_KNOTS ( 'NONE', 3,
 ( #191, #133, #3280, #2977, #1322, #3317, #1043, #436, #705, #2997, #727, #686, #418, #2119, #2455, #3262, #1599, #1304, #3014, #2755, #1341, #1286, #763, #1545, #1854, #1006, #149, #471, #745, #1562, #2700, #2418, #966, #2681, #1265, #3566, #3603, #2177 ),
 .UNSPECIFIED., .F., .F.,
 ( 4, 2, 2, 2, 2, 2, 2, 2, 2, 2, 2, 2, 1, 2, 2, 2, 2, 1, 2, 4 ),
 ( 0.000000000000000000, 0.08087182961432258510, 0.1213077444214838430, 0.1415257018250644372, 0.1617436592286450592, 0.1819616166322257089, 0.1870161059831207673, 0.1920705953340158811, 0.2021795740358060811, 0.2426154888429667700, 0.2476699781938617728, 0.2501972228693092326, 0.2527244675447567479, 0.2628334462465467536, 0.2830514036501268205, 0.3032693610537069429, 0.3133783397554970040, 0.3184328291063920346, 0.3209600737818395499, 0.3234873184572870097 ),
 .UNSPECIFIED. ) ;
#2864 = CARTESIAN_POINT ( 'NONE',  ( 0.9666196214481874716, 0.4470854589259681267, -1.645369050928781496 ) ) ;
#2865 = ORIENTED_EDGE ( 'NONE', *, *, #2909, .T. ) ;
#2866 = CARTESIAN_POINT ( 'NONE',  ( 1.013837434263308523, 0.5514372395326823106, -0.000000000000000000 ) ) ;
#2867 = CARTESIAN_POINT ( 'NONE',  ( -0.1622364820181710077, -1.518550544931449855E-15, -0.8373673569389969984 ) ) ;
#2868 = ORIENTED_EDGE ( 'NONE', *, *, #1574, .T. ) ;
#2869 = DIRECTION ( 'NONE',  ( 1.000000000000000000, 0.000000000000000000, 0.000000000000000000 ) ) ;
#2870 = PLANE ( 'NONE',  #2625 ) ;
#2871 = CARTESIAN_POINT ( 'NONE',  ( -0.4746559389057488643, -1.333889832420501520, -0.1226901122163841645 ) ) ;
#2872 = CARTESIAN_POINT ( 'NONE',  ( 0.01972328623647614035, 1.064841144177842036, -2.517145093139773859 ) ) ;
#2873 = EDGE_CURVE ( 'NONE', #2626, #3665, #2863, .T. ) ;
#2874 = AXIS2_PLACEMENT_3D ( 'NONE', #3507, #2923, #668 ) ;
#2875 = ORIENTED_EDGE ( 'NONE', *, *, #272, .T. ) ;
#2876 = CARTESIAN_POINT ( 'NONE',  ( 0.7313065986429280185, 0.7742193867255861006, 5.373296710340030497E-18 ) ) ;
#2877 = DIRECTION ( 'NONE',  ( -1.598721155460230151E-14, -0.1736481776669310251, 0.9848077530122080203 ) ) ;
#2878 = CARTESIAN_POINT ( 'NONE',  ( -0.5679539626011601561, 0.9046689166845770513, -1.895966238366079137 ) ) ;
#2879 = CARTESIAN_POINT ( 'NONE',  ( -1.415000000000000036, -1.298082735051719874E-16, 0.3975000000000000200 ) ) ;
#2880 = CARTESIAN_POINT ( 'NONE',  ( 1.311740107405039879, -0.5306249999999999023, -2.274277244236470136E-17 ) ) ;
#2881 = CARTESIAN_POINT ( 'NONE',  ( -0.3398858399454480761, -1.009313370350156225, -0.9776388210652537936 ) ) ;
#2882 = CARTESIAN_POINT ( 'NONE',  ( 0.9527747889072478715, 0.4760275229380839246, -1.640536561783539682 ) ) ;
#2883 = CARTESIAN_POINT ( 'NONE',  ( -1.225425946354979923, 0.7075000000000000178, -1.612083333333329982 ) ) ;
#2884 = AXIS2_PLACEMENT_3D ( 'NONE', #607, #1465, #1221 ) ;
#2885 = VERTEX_POINT ( 'NONE', #1893 ) ;
#2886 = CARTESIAN_POINT ( 'NONE',  ( 1.327307487294578925, 0.006580061247190549176, -0.000000000000000000 ) ) ;
#2887 = CARTESIAN_POINT ( 'NONE',  ( -2.461558671127550082E-14, -1.415000000000000036, -4.306250000000000355 ) ) ;
#2888 = VECTOR ( 'NONE', #2157, 1000.000000000000227 ) ;
#2889 = ORIENTED_EDGE ( 'NONE', *, *, #2443, .T. ) ;
#2890 = CARTESIAN_POINT ( 'NONE',  ( 0.6242880649262581017, 0.8706043856734687614, -4.216289802211766968 ) ) ;
#2891 = CARTESIAN_POINT ( 'NONE',  ( 0.4012674847400444222, -0.9865346922889701720, -3.516661294740029309 ) ) ;
#2892 = CARTESIAN_POINT ( 'NONE',  ( 1.225425946354979923, -0.7075000000000000178, -2.009583333333330391 ) ) ;
#2893 = CARTESIAN_POINT ( 'NONE',  ( 0.9714012618066378835, 5.948117229796001962E-17, -0.5300000000000003597 ) ) ;
#2894 = CARTESIAN_POINT ( 'NONE',  ( -1.225425946354979923, 0.7075000000000000178, -5.719583333333329911 ) ) ;
#2895 = ADVANCED_FACE ( 'NONE', ( #3030 ), #452, .T. ) ;
#2896 = ORIENTED_EDGE ( 'NONE', *, *, #2168, .T. ) ;
#2897 = CARTESIAN_POINT ( 'NONE',  ( -1.414710383090632906, -0.03087991110715757395, -1.387396352600726912 ) ) ;
#2898 = CARTESIAN_POINT ( 'NONE',  ( 1.003050672861321546, -0.9980568855471115830, -2.051766212440602200 ) ) ;
#2899 = CARTESIAN_POINT ( 'NONE',  ( 0.9570514033049761782, -0.4675660387273826712, -0.7367393201785292778 ) ) ;
#2900 = AXIS2_PLACEMENT_3D ( 'NONE', #888, #1442, #32 ) ;
#2901 = CARTESIAN_POINT ( 'NONE',  ( 1.064735638341592239, 0.02450013736719125826, -2.251762538355292609 ) ) ;
#2902 = CARTESIAN_POINT ( 'NONE',  ( -0.9790983500035292941, -0.4190388546868792363, -2.716311393304665422 ) ) ;
#2903 = CARTESIAN_POINT ( 'NONE',  ( -0.7353268729166145823, 0.7714852775782604644, -0.2642823608348722764 ) ) ;
#2904 = CARTESIAN_POINT ( 'NONE',  ( 0.8839268570132500225, 0.5957065368082620216, -1.619647231753454708 ) ) ;
#2905 = ORIENTED_EDGE ( 'NONE', *, *, #2669, .T. ) ;
#2906 = CARTESIAN_POINT ( 'NONE',  ( 0.7313065986429280185, 0.7742193867255861006, 5.373296710340030497E-18 ) ) ;
#2907 = ADVANCED_FACE ( 'NONE', ( #2736 ), #2711, .T. ) ;
#2908 = CYLINDRICAL_SURFACE ( 'NONE', #2533, 1.415000000000000036 ) ;
#2909 = EDGE_CURVE ( 'NONE', #594, #2086, #3100, .T. ) ;
#2910 = ORIENTED_EDGE ( 'NONE', *, *, #3664, .T. ) ;
#2911 = CARTESIAN_POINT ( 'NONE',  ( -0.9446051623090938598, 0.4927358824197807241, -3.927454965196798042 ) ) ;
#2912 = DIRECTION ( 'NONE',  ( 0.03452018384113809957, 0.1735446834999980203, 0.9842208084248470490 ) ) ;
#2913 = CARTESIAN_POINT ( 'NONE',  ( 0.1942850266631560019, -0.4690455463361949962, 0.7333333333333339477 ) ) ;
#2914 = CARTESIAN_POINT ( 'NONE',  ( -0.7285509463549789677, 0.4206290849964030021, -5.388333333333330089 ) ) ;
#2915 = ORIENTED_EDGE ( 'NONE', *, *, #574, .T. ) ;
#2916 = CARTESIAN_POINT ( 'NONE',  ( 0.8511890673749542557, -0.6400924220333408243, -3.946977436172790732 ) ) ;
#2917 = CARTESIAN_POINT ( 'NONE',  ( 1.034749163187672627, -0.9653236027878383529, -2.046291156650752008 ) ) ;
#2918 = CARTESIAN_POINT ( 'NONE',  ( -0.3449828803632807306, -1.008210917164824583, -1.515093022786963450 ) ) ;
#2919 = CARTESIAN_POINT ( 'NONE',  ( 1.732875220793510196E-16, -1.415000000000000036, -3.378749999999999698 ) ) ;
#2920 = CARTESIAN_POINT ( 'NONE',  ( -1.064999999999996172, -0.1897854210968183963, -2.754340192594789904 ) ) ;
#2921 = CARTESIAN_POINT ( 'NONE',  ( -0.9949368497955419777, 0.3804009654691412612, -0.1920976775471976150 ) ) ;
#2922 = CARTESIAN_POINT ( 'NONE',  ( 0.7510147401545355095, 0.7563210500376977841, -1.587576725267567435 ) ) ;
#2923 = DIRECTION ( 'NONE',  ( 0.1072926521517729714, -0.06194544160173618558, -0.9922958475469927375 ) ) ;
#2924 = CARTESIAN_POINT ( 'NONE',  ( 1.185205989258152570, 0.3091623728878004629, -0.000000000000000000 ) ) ;
#2925 = CARTESIAN_POINT ( 'NONE',  ( -0.7315711374399739286, -0.7739823530867855350, -3.710014979553413195 ) ) ;
#2926 = VECTOR ( 'NONE', #1269, 1000.000000000000000 ) ;
#2927 = VERTEX_POINT ( 'NONE', #173 ) ;
#2928 = CARTESIAN_POINT ( 'NONE',  ( -0.9879651223842140784, 0.4002927350667250250, -3.911834202061125865 ) ) ;
#2929 = CARTESIAN_POINT ( 'NONE',  ( -1.225425946354979923, -0.7075000000000000178, -2.362916666666669663 ) ) ;
#2930 = CARTESIAN_POINT ( 'NONE',  ( 0.7285509463549789677, -0.4206290849964030021, -4.858333333333329840 ) ) ;
#2931 = ORIENTED_EDGE ( 'NONE', *, *, #1638, .F. ) ;
#2932 = DIRECTION ( 'NONE',  ( 0.000000000000000000, 0.000000000000000000, 1.000000000000000000 ) ) ;
#2933 = CARTESIAN_POINT ( 'NONE',  ( 0.5601633328660678979, -1.299422534716946354, -2.118468812303058613 ) ) ;
#2934 = CARTESIAN_POINT ( 'NONE',  ( -0.8098332400367890260, -0.6918920083495314621, -1.607983344571906947 ) ) ;
#2935 = CARTESIAN_POINT ( 'NONE',  ( 1.365098036107979862, -0.1881394730514831248, 1.149713427078800088 ) ) ;
#2936 = CARTESIAN_POINT ( 'NONE',  ( -0.8423514668727191124, -0.6517538407275231815, -2.675821453282820173 ) ) ;
#2937 = CIRCLE ( 'NONE', #209, 1.182748768039330045 ) ;
#2938 = CARTESIAN_POINT ( 'NONE',  ( 0.1418000304813731294, 1.055548961573506306, -1.475368710009155704 ) ) ;
#2939 = EDGE_CURVE ( 'NONE', #1798, #3319, #2438, .T. ) ;
#2940 = ADVANCED_FACE ( 'NONE', ( #3583 ), #2100, .T. ) ;
#2941 = CARTESIAN_POINT ( 'NONE',  ( -0.9519470370713268847, -0.4828292437097232437, -3.228873801417349032 ) ) ;
#2942 = CARTESIAN_POINT ( 'NONE',  ( 0.5898126710039811593, 0.8867849672253308446, -3.673692619652066504 ) ) ;
#2943 = CARTESIAN_POINT ( 'NONE',  ( -0.8512353895304384244, -0.6402170434052134596, -3.737950207367500166 ) ) ;
#2944 = ORIENTED_EDGE ( 'NONE', *, *, #619, .T. ) ;
#2945 = CARTESIAN_POINT ( 'NONE',  ( 0.4857006309033189417, 0.8412581699928072254, -0.3533333333333313897 ) ) ;
#2946 = CARTESIAN_POINT ( 'NONE',  ( 0.000000000000000000, 1.445353577082829946E-16, 1.722089740673879987 ) ) ;
#2947 = FACE_OUTER_BOUND ( 'NONE', #540, .T. ) ;
#2948 = CARTESIAN_POINT ( 'NONE',  ( 0.000000000000000000, 0.8412581699928068923, -4.504999999999999893 ) ) ;
#2949 = CARTESIAN_POINT ( 'NONE',  ( -0.7983219694147962731, -0.7058330708169558987, -1.068299827872682517 ) ) ;
#2950 = VERTEX_POINT ( 'NONE', #2959 ) ;
#2951 = CARTESIAN_POINT ( 'NONE',  ( 0.8392647046343578721, -0.6558215347025497799, -3.949956487260368299 ) ) ;
#2952 = CARTESIAN_POINT ( 'NONE',  ( 1.336172074736473148, -0.4660710523575993802, -1.979342022173212312 ) ) ;
#2953 = CARTESIAN_POINT ( 'NONE',  ( -0.6921285529455326602, -0.8097790430062704603, -1.581209010438051843 ) ) ;
#2954 = CARTESIAN_POINT ( 'NONE',  ( 0.000000000000000000, 1.415000000000000036, -2.848750000000000338 ) ) ;
#2955 = CARTESIAN_POINT ( 'NONE',  ( -0.9714012618066378835, -1.784435168938802561E-16, -3.975000000000000977 ) ) ;
#2956 = CARTESIAN_POINT ( 'NONE',  ( -0.3457918698310037953, -1.356451832925049006, -3.428310522588610798 ) ) ;
#2957 = CARTESIAN_POINT ( 'NONE',  ( -0.8347650231461990478, -0.6623201009537702522, -3.196172864696260163 ) ) ;
#2958 = CARTESIAN_POINT ( 'NONE',  ( 1.065000000000014824, 1.414675686897034871E-07, -3.839177382316288245 ) ) ;
#2959 = CARTESIAN_POINT ( 'NONE',  ( -1.643813452832059374, -9.230720295090650556E-15, 1.722089740673879987 ) ) ;
#2960 = EDGE_CURVE ( 'NONE', #270, #98, #859, .T. ) ;
#2961 = ORIENTED_EDGE ( 'NONE', *, *, #2248, .F. ) ;
#2962 = CARTESIAN_POINT ( 'NONE',  ( -0.9714012618066378835, -3.082517903990523421E-16, 1.734723475976813208E-15 ) ) ;
#2963 = FACE_OUTER_BOUND ( 'NONE', #3186, .T. ) ;
#2964 = CARTESIAN_POINT ( 'NONE',  ( 0.4857006309033189417, 0.8412581699928072254, -0.08833333333333329151 ) ) ;
#2965 = CARTESIAN_POINT ( 'NONE',  ( -1.150794855061417543, 0.4647822899724525225, -3.810306586525674444 ) ) ;
#2966 = ORIENTED_EDGE ( 'NONE', *, *, #1013, .T. ) ;
#2967 = CARTESIAN_POINT ( 'NONE',  ( -1.184929178737280653, 0.7734196441177342285, -0.4280295593731571202 ) ) ;
#2968 = CARTESIAN_POINT ( 'NONE',  ( 0.7277345177070252413, -1.214015015630287797, -2.095174211113092433 ) ) ;
#2969 = CARTESIAN_POINT ( 'NONE',  ( 0.8169506309032624758, -1.415000000000098401, -2.230416666666670267 ) ) ;
#2970 = CARTESIAN_POINT ( 'NONE',  ( 0.8169506309033202074, 1.414999999999998703, -1.877083333333332771 ) ) ;
#2971 = CARTESIAN_POINT ( 'NONE',  ( 0.000000000000000000, 0.8412581699928068923, -4.240000000000000213 ) ) ;
#2972 = CARTESIAN_POINT ( 'NONE',  ( -0.5005099359813784954, -1.294797809145178613, -3.455370125585915275 ) ) ;
#2973 = ADVANCED_FACE ( 'NONE', ( #359 ), #3489, .T. ) ;
#2974 = CARTESIAN_POINT ( 'NONE',  ( -1.066940701000697267, 0.8114184386754091927, -3.574826236074713837 ) ) ;
#2975 = CARTESIAN_POINT ( 'NONE',  ( 0.7070583120408727718, -0.9143039847737803871, -4.038420691994043743 ) ) ;
#2976 = CARTESIAN_POINT ( 'NONE',  ( -0.5679894082131226041, 0.9046476098023435997, -3.479314177118656648 ) ) ;
#2977 = CARTESIAN_POINT ( 'NONE',  ( 0.3977984313727608301, -0.9905170886014764697, -2.980641076870424122 ) ) ;
#2978 = CARTESIAN_POINT ( 'NONE',  ( 0.000000000000000000, 0.8412581699928068923, -2.384999999999999787 ) ) ;
#2979 = ORIENTED_EDGE ( 'NONE', *, *, #2550, .T. ) ;
#2980 = CARTESIAN_POINT ( 'NONE',  ( 3.217965146896240664E-16, -2.485714285714290206, -7.714346274873797533E-16 ) ) ;
#2981 = CARTESIAN_POINT ( 'NONE',  ( 1.093385693280159998, -0.3343355368274859574, 1.978832505671299868 ) ) ;
#2982 = CARTESIAN_POINT ( 'NONE',  ( -0.7285509463549789677, 0.4206290849964030021, -1.943333333333329804 ) ) ;
#2983 = B_SPLINE_CURVE_WITH_KNOTS ( 'NONE', 3,
 ( #2633, #919, #3195, #642, #1827, #87, #2918, #2674, #1556, #2692, #1258, #1219, #2953, #412, #903, #3212, #1788, #126, #979, #2934, #391, #269, #3318, #3068, #838, #1131, #702, #1059, #3028, #1093, #187, #3334, #267, #2209, #2791, #1359, #798, #3045 ),
 .UNSPECIFIED., .F., .F.,
 ( 4, 2, 2, 2, 2, 2, 1, 1, 2, 2, 2, 2, 1, 2, 2, 2, 2, 1, 2, 2, 4 ),
 ( 0.000000000000000000, 0.1250000000000011657, 0.1875000000000017208, 0.2500000000000022760, 0.3750000000000033307, 0.4375000000000038303, 0.4687500000000039413, 0.4843750000000038858, 0.4921875000000039413, 0.5000000000000038858, 0.5625000000000025535, 0.5937500000000021094, 0.6093750000000018874, 0.6171875000000018874, 0.6250000000000017764, 0.6875000000000011102, 0.7187500000000006661, 0.7343750000000005551, 0.7421875000000006661, 0.7500000000000008882, 1.000000000000000000 ),
 .UNSPECIFIED. ) ;
#2984 = CARTESIAN_POINT ( 'NONE',  ( -0.1329335221491027286, 1.135162571401374665, -4.047441512378916251 ) ) ;
#2985 = ORIENTED_EDGE ( 'NONE', *, *, #3378, .T. ) ;
#2986 = CARTESIAN_POINT ( 'NONE',  ( -1.241669529252383830, 0.6790390197644425863, -0.4155317547666289024 ) ) ;
#2987 = EDGE_CURVE ( 'NONE', #639, #3057, #2599, .T. ) ;
#2988 = CARTESIAN_POINT ( 'NONE',  ( -1.263008893527741039, 0.6380997817937674732, -2.530965351633089888 ) ) ;
#2989 = CARTESIAN_POINT ( 'NONE',  ( -0.3571627879994411225, -1.369215338973853946, -0.1077275979633497693 ) ) ;
#2990 = CARTESIAN_POINT ( 'NONE',  ( -0.05760858917946176661, 1.063686739579553286, -3.042404176462948584 ) ) ;
#2991 = EDGE_CURVE ( 'NONE', #1274, #2183, #3559, .T. ) ;
#2992 = CARTESIAN_POINT ( 'NONE',  ( -0.7285509463549789677, -0.4206290849964040013, -4.946666666666660106 ) ) ;
#2993 = CARTESIAN_POINT ( 'NONE',  ( -0.8922978689707579125, -1.019270851749012774, -3.536238388859546333 ) ) ;
#2994 = FACE_OUTER_BOUND ( 'NONE', #2605, .T. ) ;
#2995 = CARTESIAN_POINT ( 'NONE',  ( -0.1942850266631480083, -0.4690455463361989930, 0.7333333333333339477 ) ) ;
#2996 = CARTESIAN_POINT ( 'NONE',  ( 0.9232552549041835865, 0.5313352945806929517, -3.750827382807563559 ) ) ;
#2997 = CARTESIAN_POINT ( 'NONE',  ( 0.7652029643090337840, -0.7415486604960479511, -2.907449283283677133 ) ) ;
#2998 = EDGE_LOOP ( 'NONE', ( #1027, #3021, #1349, #634 ) ) ;
#2999 = CARTESIAN_POINT ( 'NONE',  ( 1.633901261806640415, -2.976067598545578848E-17, -0.8612499999999977396 ) ) ;
#3000 = CARTESIAN_POINT ( 'NONE',  ( -0.7285509463549789677, -0.4206290849964040013, -2.031666666666660070 ) ) ;
#3001 = CARTESIAN_POINT ( 'NONE',  ( -0.2719278751934460225, 1.388631799400997568, -1.625201588482407367 ) ) ;
#3002 = CARTESIAN_POINT ( 'NONE',  ( -1.268806160237649694, 0.1104667288055311836, -3.743436082353064354 ) ) ;
#3003 = ORIENTED_EDGE ( 'NONE', *, *, #3191, .T. ) ;
#3004 = VECTOR ( 'NONE', #302, 1000.000000000000000 ) ;
#3005 = CARTESIAN_POINT ( 'NONE',  ( 0.9843408610566699579, 1.017526438537810440, -0.7274611174452771944 ) ) ;
#3006 = CARTESIAN_POINT ( 'NONE',  ( 1.165614295821435276, 0.8050541504183907904, -2.879891065954657048 ) ) ;
#3007 = CARTESIAN_POINT ( 'NONE',  ( -0.5827536609522009359, 0.8925963028517870379, -1.356357415736261895 ) ) ;
#3008 = CARTESIAN_POINT ( 'NONE',  ( 0.7510131008769557193, 0.7563228744243525314, -2.647576344204602972 ) ) ;
#3009 = CARTESIAN_POINT ( 'NONE',  ( 1.035868576635168736, -0.2856773088969010721, -2.302562174674277262 ) ) ;
#3010 = CARTESIAN_POINT ( 'NONE',  ( 0.6196278073152047261, -0.8663091104202301773, -2.415321824915483973 ) ) ;
#3011 = CARTESIAN_POINT ( 'NONE',  ( 1.204851834035411740, 0.1604229409132235940, -3.896252550782209223 ) ) ;
#3012 = CARTESIAN_POINT ( 'NONE',  ( -5.946740495865739917E-16, -2.694133978409249788E-16, 2.200000000000000178 ) ) ;
#3013 = CARTESIAN_POINT ( 'NONE',  ( 0.9617958056529050115, -1.038932519058505255, -3.118686108538835988 ) ) ;
#3014 = CARTESIAN_POINT ( 'NONE',  ( 0.9467778838730830371, -0.4931173271844109252, -2.859997667054111403 ) ) ;
#3015 = EDGE_LOOP ( 'NONE', ( #2664, #2384, #400 ) ) ;
#3016 = CARTESIAN_POINT ( 'NONE',  ( 1.030244125138249994E-16, -0.8412581699928068923, -0.7950000000000000400 ) ) ;
#3017 = LINE ( 'NONE', #3624, #456 ) ;
#3018 = CARTESIAN_POINT ( 'NONE',  ( 0.1425873069600264165, 1.407806708346693858, -1.672549499059155176 ) ) ;
#3019 = EDGE_CURVE ( 'NONE', #826, #2804, #11, .T. ) ;
#3020 = CARTESIAN_POINT ( 'NONE',  ( -1.105425285639268562, 0.5507427001376036246, -3.826959503916091077 ) ) ;
#3021 = ORIENTED_EDGE ( 'NONE', *, *, #1388, .T. ) ;
#3022 = CARTESIAN_POINT ( 'NONE',  ( 0.5380611685106048148, 1.310473169963379148, -0.6610760317316201062 ) ) ;
#3023 = CARTESIAN_POINT ( 'NONE',  ( 1.121996938594455484, 0.8660786286459611905, -2.871269452795007115 ) ) ;
#3024 = CARTESIAN_POINT ( 'NONE',  ( 0.5968009381100678468, 0.8827441978358273600, -2.615241985615234022 ) ) ;
#3025 = LINE ( 'NONE', #3257, #746 ) ;
#3026 = CARTESIAN_POINT ( 'NONE',  ( 0.7179319188888840797, -0.7874490874076531810, -2.394577066786447439 ) ) ;
#3027 = CARTESIAN_POINT ( 'NONE',  ( -0.7285509463549789677, 0.4206290849964030021, -3.003333333333330302 ) ) ;
#3028 = CARTESIAN_POINT ( 'NONE',  ( -0.9602921621753557346, -0.4608501443040267653, -1.649422839399363072 ) ) ;
#3029 = CARTESIAN_POINT ( 'NONE',  ( -0.4012853155414471962, -0.9865274334506772824, -3.108341873179210513 ) ) ;
#3030 = FACE_OUTER_BOUND ( 'NONE', #2586, .T. ) ;
#3031 = CARTESIAN_POINT ( 'NONE',  ( -0.7285509463549789677, 0.4206290849964030021, -2.208333333333329929 ) ) ;
#3032 = ORIENTED_EDGE ( 'NONE', *, *, #3525, .T. ) ;
#3033 = CARTESIAN_POINT ( 'NONE',  ( 0.1932220148554154027, -1.057099679874093701, -1.955367218832688936 ) ) ;
#3034 = CARTESIAN_POINT ( 'NONE',  ( 0.000000000000000000, 0.8412581699928068923, -1.324999999999999956 ) ) ;
#3035 = CARTESIAN_POINT ( 'NONE',  ( 0.1442512286423690282, 1.407630821516590025, -1.672738899408752200 ) ) ;
#3036 = CARTESIAN_POINT ( 'NONE',  ( -0.3969900776550696064, 1.095997564250575040, -3.996287558755957647 ) ) ;
#3037 = ORIENTED_EDGE ( 'NONE', *, *, #1736, .T. ) ;
#3038 = CARTESIAN_POINT ( 'NONE',  ( 0.8899547866714696553, 1.100394029731000645, -0.7121037713798660240 ) ) ;
#3039 = CARTESIAN_POINT ( 'NONE',  ( 1.225425946354979923, -0.7075000000000000178, -0.02208333333333270185 ) ) ;
#3040 = CARTESIAN_POINT ( 'NONE',  ( 0.1750909683961313912, -1.404367974180106948, -0.04664705306652795758 ) ) ;
#3041 = CARTESIAN_POINT ( 'NONE',  ( 1.063342463670180038, 0.06055159384226760366, -3.305801704711430311 ) ) ;
#3042 = CARTESIAN_POINT ( 'NONE',  ( -0.8203851583208099374, -1.152937776438410111, -2.291313867569084728 ) ) ;
#3043 = CARTESIAN_POINT ( 'NONE',  ( -1.052078293927367847, -0.1830471748575555613, -2.219004258742242275 ) ) ;
#3044 = CARTESIAN_POINT ( 'NONE',  ( 0.9714012618066378835, 5.948117229796001962E-17, -1.325000000000000622 ) ) ;
#3045 = CARTESIAN_POINT ( 'NONE',  ( -1.064999999999999947, -1.062967841075340071E-14, -1.725822594216359862 ) ) ;
#3046 = CARTESIAN_POINT ( 'NONE',  ( -0.6605319342452463660, -0.8357931200726058663, -3.158106271403403387 ) ) ;
#3047 = CARTESIAN_POINT ( 'NONE',  ( 0.7285509463549789677, 0.4206290849964040013, -2.296666666666669965 ) ) ;
#3048 = EDGE_CURVE ( 'NONE', #3462, #3402, #2466, .T. ) ;
#3049 = AXIS2_PLACEMENT_3D ( 'NONE', #3403, #2556, #1136 ) ;
#3050 = AXIS2_PLACEMENT_3D ( 'NONE', #1672, #1147, #1430 ) ;
#3051 = ORIENTED_EDGE ( 'NONE', *, *, #554, .F. ) ;
#3052 = CARTESIAN_POINT ( 'NONE',  ( -1.405822537060029920E-14, -1.064999999999999947, -1.984177405783629888 ) ) ;
#3053 = CARTESIAN_POINT ( 'NONE',  ( 0.000000000000000000, 1.445353577082829946E-16, 1.722089740673879987 ) ) ;
#3054 = CARTESIAN_POINT ( 'NONE',  ( 0.9223170550304277127, 0.5325000000000006395, -1.107489260883029347 ) ) ;
#3055 = B_SPLINE_CURVE_WITH_KNOTS ( 'NONE', 3,
 ( #1647, #834, #2245, #3063, #1924, #244, #2467, #3042, #1629, #1374, #2822, #281, #3330, #515, #2506, #2261, #775, #3371, #3615, #3655, #1905, #497, #3349, #1391, #2488, #1668, #794, #3635, #2527, #552, #1090, #2224, #3409, #813 ),
 .UNSPECIFIED., .F., .F.,
 ( 4, 2, 2, 2, 2, 1, 1, 2, 2, 2, 2, 2, 2, 2, 2, 1, 1, 2, 4 ),
 ( 0.000000000000000000, 0.07961681839008369344, 0.1194252275851255402, 0.1244012787345057519, 0.1268893043091958717, 0.1293773298838859775, 0.1393294321826463456, 0.1592336367801670538, 0.2388504551702497480, 0.2488025574690100883, 0.2537786086183902445, 0.2587546597677704008, 0.2786588643652911368, 0.2985630689628118728, 0.3085151712615722408, 0.3134912224109523970, 0.3159792479856425307, 0.3172232607729875697, 0.3184672735603326088 ),
 .UNSPECIFIED. ) ;
#3056 = DIRECTION ( 'NONE',  ( -0.9098437264664072099, -0.3768696111424690853, -0.1736481776669310251 ) ) ;
#3057 = VERTEX_POINT ( 'NONE', #3631 ) ;
#3058 = CARTESIAN_POINT ( 'NONE',  ( 1.344416275969705810, 0.4413528551273089295, -0.8063238897660404136 ) ) ;
#3059 = CARTESIAN_POINT ( 'NONE',  ( 0.6507053433364272665, 1.256514476393311819, -2.796501514666826615 ) ) ;
#3060 = DIRECTION ( 'NONE',  ( 0.000000000000000000, 0.000000000000000000, 1.000000000000000000 ) ) ;
#3061 = CARTESIAN_POINT ( 'NONE',  ( 0.9504341544496939242, 0.4807727423289445134, -3.236040657379686714 ) ) ;
#3062 = ORIENTED_EDGE ( 'NONE', *, *, #2312, .T. ) ;
#3063 = CARTESIAN_POINT ( 'NONE',  ( -0.5514553161272549575, -1.307315748212784179, -2.252972145155687222 ) ) ;
#3064 = CARTESIAN_POINT ( 'NONE',  ( -1.173889321270617847, -0.7990696838884218112, -3.408138488473655858 ) ) ;
#3065 = DIRECTION ( 'NONE',  ( 1.179508601212394100E-32, -0.1736481776669310251, -0.9848077530122080203 ) ) ;
#3066 = CARTESIAN_POINT ( 'NONE',  ( -0.9301564770986029407, 0.5195012628266370003, -1.812100017176865308 ) ) ;
#3067 = CARTESIAN_POINT ( 'NONE',  ( -1.634058128707669422, -3.001716085413838213E-16, -3.511328433450511266 ) ) ;
#3068 = CARTESIAN_POINT ( 'NONE',  ( -0.8628891082827878645, -0.6242461964139038866, -1.620979119339461150 ) ) ;
#3069 = ORIENTED_EDGE ( 'NONE', *, *, #61, .F. ) ;
#3070 = CARTESIAN_POINT ( 'NONE',  ( -1.177171980481420022, -0.1147204282942599907, 0.7333333333333339477 ) ) ;
#3071 = AXIS2_PLACEMENT_3D ( 'NONE', #1199, #2052, #2393 ) ;
#3072 = CARTESIAN_POINT ( 'NONE',  ( -1.064999999999999281, -0.2853658899391459669, -0.6184849035535350259 ) ) ;
#3073 = CARTESIAN_POINT ( 'NONE',  ( 1.222529725493445518, 0.7132130591050424018, -1.832247300756830066 ) ) ;
#3074 = CARTESIAN_POINT ( 'NONE',  ( 0.08223308311966200101, 1.125648148623328737, -4.086590953215723410 ) ) ;
#3075 = ORIENTED_EDGE ( 'NONE', *, *, #1388, .F. ) ;
#3076 = CARTESIAN_POINT ( 'NONE',  ( -0.4315734272252856329, -0.9968929480353313499, -4.184356410448564212 ) ) ;
#3077 = CARTESIAN_POINT ( 'NONE',  ( 0.7494422858635282347, -0.7567008275166851039, -3.447793539492684634 ) ) ;
#3078 = CYLINDRICAL_SURFACE ( 'NONE', #973, 1.415000000000000036 ) ;
#3079 = CARTESIAN_POINT ( 'NONE',  ( 0.7156308407182448983, 0.7887496033684802121, -2.639886940097259771 ) ) ;
#3080 = ORIENTED_EDGE ( 'NONE', *, *, #2439, .T. ) ;
#3081 = CARTESIAN_POINT ( 'NONE',  ( -5.946740495865739917E-16, -2.694133978409249788E-16, 0.7333333333333339477 ) ) ;
#3082 = EDGE_CURVE ( 'NONE', #3111, #1381, #1052, .T. ) ;
#3083 = CARTESIAN_POINT ( 'NONE',  ( -0.7697413706097023800, 0.7386480700946276290, -3.437050140915093088 ) ) ;
#3084 = CARTESIAN_POINT ( 'NONE',  ( -1.093385693280150006, -0.3343355368275059414, 1.978832505671299868 ) ) ;
#3085 = CARTESIAN_POINT ( 'NONE',  ( 1.008733009270762926, 0.3415965017127816084, -0.6025246975718265841 ) ) ;
#3086 = CARTESIAN_POINT ( 'NONE',  ( 0.3885700533263059531, -0.3885700533262980150, 0.7333333333333339477 ) ) ;
#3087 = B_SPLINE_CURVE_WITH_KNOTS ( 'NONE', 3,
 ( #260, #2256, #1107, #3098, #547, #3423, #1680, #2818, #276, #1405, #2541, #3405 ),
 .UNSPECIFIED., .F., .F.,
 ( 4, 2, 2, 2, 2, 4 ),
 ( -0.1475366865139220163, -0.1142195607322299966, -0.07515880224614049365, -0.05738760131328191072, -0.05032742307033849505, 0.000000000000000000 ),
 .UNSPECIFIED. ) ;
#3088 = CARTESIAN_POINT ( 'NONE',  ( 0.1622364820181720069, 1.277427312771020089E-15, -0.8373673569389969984 ) ) ;
#3089 = CIRCLE ( 'NONE', #2676, 3.057907220726910680 ) ;
#3090 = EDGE_CURVE ( 'NONE', #3665, #153, #2316, .T. ) ;
#3091 = ORIENTED_EDGE ( 'NONE', *, *, #1707, .F. ) ;
#3092 = CARTESIAN_POINT ( 'NONE',  ( 0.8144751451987720658, -0.6862218661981859258, -1.835753577941187764 ) ) ;
#3093 = CARTESIAN_POINT ( 'NONE',  ( 0.6148780366869516234, -1.064999999999999059, -0.3124892608830343588 ) ) ;
#3094 = CARTESIAN_POINT ( 'NONE',  ( 0.2979212999080301794, 1.067933531064893860, -4.129948732701512526 ) ) ;
#3095 = ORIENTED_EDGE ( 'NONE', *, *, #839, .T. ) ;
#3096 = DIRECTION ( 'NONE',  ( -0.9098437264664107627, 0.3768696111424598705, -0.1736481776669309696 ) ) ;
#3097 = DIRECTION ( 'NONE',  ( 0.000000000000000000, 0.000000000000000000, 1.000000000000000000 ) ) ;
#3098 = CARTESIAN_POINT ( 'NONE',  ( -0.4456099898149659677, -1.113676936245640015, -3.717581248399640026E-17 ) ) ;
#3099 = LINE ( 'NONE', #3672, #407 ) ;
#3100 =( BOUNDED_CURVE ( )  B_SPLINE_CURVE ( 3, ( #988, #2138, #2718, #1615 ),
 .UNSPECIFIED., .F., .T. ) 
 B_SPLINE_CURVE_WITH_KNOTS ( ( 4, 4 ),
 ( 4.466774419661454942, 5.235987755773379604 ),
 .UNSPECIFIED. ) 
 CURVE ( )  GEOMETRIC_REPRESENTATION_ITEM ( )  RATIONAL_B_SPLINE_CURVE ( ( 1.000000000000000000, 0.9512973869214889078, 0.9512973869214889078, 1.000000000000000000 ) ) 
 REPRESENTATION_ITEM ( '' )  );
#3101 = ORIENTED_EDGE ( 'NONE', *, *, #1985, .F. ) ;
#3102 = CARTESIAN_POINT ( 'NONE',  ( -2.964267656677819398E-14, -1.415000000000000036, -1.126249999999999973 ) ) ;
#3103 = CARTESIAN_POINT ( 'NONE',  ( -0.7238235606805663025, 0.7840297412791303877, -3.447257687095012901 ) ) ;
#3104 = CARTESIAN_POINT ( 'NONE',  ( -1.225425946354979923, -0.7075000000000000178, -1.435416666666670116 ) ) ;
#3105 = CONICAL_SURFACE ( 'NONE', #2329, 1.415000000000000036, 0.3926990816987179778 ) ;
#3106 = EDGE_CURVE ( 'NONE', #1431, #1824, #3099, .T. ) ;
#3107 = CARTESIAN_POINT ( 'NONE',  ( 0.000000000000000000, 0.000000000000000000, -6.500000000000000000 ) ) ;
#3108 = B_SPLINE_CURVE_WITH_KNOTS ( 'NONE', 3,
 ( #2673, #2409, #2110, #2051, #1518, #2952, #2088, #1499, #2653, #1218, #2632, #1241, #106, #69, #2338, #372, #695, #86, #3535, #3230, #1257, #3252, #1769, #1826, #2376, #2917, #1276, #2355, #641, #2898, #2127, #1555, #3272, #716, #978, #959, #2968, #357, #3501, #3194, #390, #2933, #141, #1198, #3517, #1480, #680, #3483 ),
 .UNSPECIFIED., .F., .F.,
 ( 4, 2, 2, 2, 1, 2, 2, 2, 1, 1, 2, 2, 2, 2, 1, 1, 1, 2, 3, 2, 2, 2, 1, 1, 1, 2, 2, 4 ),
 ( 0.000000000000000000, 0.1249999999999996669, 0.1874999999999995559, 0.2187499999999995004, 0.2343749999999994449, 0.2421874999999996114, 0.2499999999999997780, 0.3125000000000017208, 0.3437500000000025535, 0.3593750000000030531, 0.3671875000000032752, 0.3750000000000035527, 0.4375000000000047184, 0.4687500000000052736, 0.4843750000000056621, 0.4921875000000056621, 0.4960937500000056066, 0.4980468750000057176, 0.5000000000000057732, 0.6250000000000054401, 0.6875000000000052180, 0.7187500000000052180, 0.7343750000000051070, 0.7421875000000051070, 0.7460937500000051070, 0.7480468750000051070, 0.7500000000000051070, 1.000000000000000000 ),
 .UNSPECIFIED. ) ;
#3109 = DIRECTION ( 'NONE',  ( -1.000000000000000000, 0.000000000000000000, 0.000000000000000000 ) ) ;
#3110 = CARTESIAN_POINT ( 'NONE',  ( 1.733041589944510009E-16, -1.415135850721299882, -4.306328433450509863 ) ) ;
#3111 = VERTEX_POINT ( 'NONE', #1458 ) ;
#3112 = CARTESIAN_POINT ( 'NONE',  ( 1.064065049570043664, -0.04802494557951102888, -1.727135470640651649 ) ) ;
#3113 = AXIS2_PLACEMENT_3D ( 'NONE', #2481, #1368, #294 ) ;
#3114 = PRODUCT_CONTEXT ( 'NONE', #2543, 'mechanical' ) ;
#3115 = EDGE_LOOP ( 'NONE', ( #3164, #3003, #2868, #1856, #2276, #1079, #2865 ) ) ;
#3116 = CARTESIAN_POINT ( 'NONE',  ( 1.049701532129470039, 0.1147204282942509840, 0.7333333333333339477 ) ) ;
#3117 = DIRECTION ( 'NONE',  ( 0.000000000000000000, 1.224606353822379970E-16, -1.000000000000000000 ) ) ;
#3118 = PLANE ( 'NONE',  #387 ) ;
#3119 = CARTESIAN_POINT ( 'NONE',  ( -0.7644568913176617020, 0.7438850941708851083, -2.378199829210887017 ) ) ;
#3120 = CARTESIAN_POINT ( 'NONE',  ( -1.109297370503248281, -0.8785318232723483556, -1.279325939533307199 ) ) ;
#3121 = CARTESIAN_POINT ( 'NONE',  ( 0.000000000000000000, 3.252606517456509851E-16, 0.7333333333333339477 ) ) ;
#3122 = LINE ( 'NONE', #571, #3242 ) ;
#3123 = CARTESIAN_POINT ( 'NONE',  ( -0.7187556074759304803, -0.7859174645426667549, -2.110568347777224130 ) ) ;
#3124 = CARTESIAN_POINT ( 'NONE',  ( -0.8169506309033202074, 1.414999999999998703, -1.700416666666669574 ) ) ;
#3125 =( BOUNDED_CURVE ( )  B_SPLINE_CURVE ( 2, ( #1236, #384, #1765 ),
 .UNSPECIFIED., .F., .T. ) 
 B_SPLINE_CURVE_WITH_KNOTS ( ( 3, 3 ),
 ( -0.2029897669966539975, -0.09642865576422959828 ),
 .UNSPECIFIED. ) 
 CURVE ( )  GEOMETRIC_REPRESENTATION_ITEM ( )  RATIONAL_B_SPLINE_CURVE ( ( 1.070856349211020131, 1.076252293245139935, 1.056456288860279980 ) ) 
 REPRESENTATION_ITEM ( '' )  );
#3126 = CARTESIAN_POINT ( 'NONE',  ( 1.338050273276337743, -0.4606834621542708064, -0.9185036255933993754 ) ) ;
#3127 = CARTESIAN_POINT ( 'NONE',  ( 0.000000000000000000, 1.415135850721299882, -4.836328433450510111 ) ) ;
#3128 = VERTEX_POINT ( 'NONE', #1108 ) ;
#3129 = CARTESIAN_POINT ( 'NONE',  ( 1.222622589275850657, -0.7185033408719938564, -3.071650613858652346 ) ) ;
#3130 = AXIS2_PLACEMENT_3D ( 'NONE', #535, #3352, #228 ) ;
#3131 = DIRECTION ( 'NONE',  ( 0.000000000000000000, 0.000000000000000000, 1.000000000000000000 ) ) ;
#3132 = ORIENTED_EDGE ( 'NONE', *, *, #2274, .T. ) ;
#3133 = LINE ( 'NONE', #1713, #972 ) ;
#3134 = CARTESIAN_POINT ( 'NONE',  ( 1.414999999999999591, -0.3791481072900381166, -1.041087690662828580 ) ) ;
#3135 = CARTESIAN_POINT ( 'NONE',  ( -1.069954672718489430, -0.9260345945715736660, -0.2124616975988732892 ) ) ;
#3136 = CARTESIAN_POINT ( 'NONE',  ( 0.8169506309033202074, -1.414999999999998703, -4.217916666666672754 ) ) ;
#3137 = EDGE_LOOP ( 'NONE', ( #1757, #995, #2979, #1944 ) ) ;
#3138 = ADVANCED_FACE ( 'NONE', ( #2559 ), #2720, .T. ) ;
#3139 = CARTESIAN_POINT ( 'NONE',  ( -0.7981938463256639249, -1.168399228989052352, -1.227949254692634495 ) ) ;
#3140 = CARTESIAN_POINT ( 'NONE',  ( 1.732875220793510196E-16, -1.415000000000000036, -0.1987500000000000100 ) ) ;
#3141 = CARTESIAN_POINT ( 'NONE',  ( 8.342199617867570152E-17, 0.3733333333333340165, 2.200000000000000178 ) ) ;
#3142 = CARTESIAN_POINT ( 'NONE',  ( -1.225425946354979923, 0.7075000000000000178, -2.672083333333330035 ) ) ;
#3143 = FACE_OUTER_BOUND ( 'NONE', #3192, .T. ) ;
#3144 = CARTESIAN_POINT ( 'NONE',  ( 0.6987771845003565296, 0.8037471162065571439, -1.576232231121340588 ) ) ;
#3145 = ADVANCED_FACE ( 'NONE', ( #406 ), #971, .T. ) ;
#3146 = ADVANCED_FACE ( 'NONE', ( #2065 ), #2838, .T. ) ;
#3147 = ORIENTED_EDGE ( 'NONE', *, *, #2037, .F. ) ;
#3148 = CARTESIAN_POINT ( 'NONE',  ( 0.9932601856929900164, -1.007800257393278498, -3.113491710015609204 ) ) ;
#3149 = CARTESIAN_POINT ( 'NONE',  ( -2.420238578916879776E-14, -1.064999999999999947, -3.580822594216369836 ) ) ;
#3150 = AXIS2_PLACEMENT_3D ( 'NONE', #1675, #215, #3400 ) ;
#3151 = ORIENTED_EDGE ( 'NONE', *, *, #824, .T. ) ;
#3152 = DIRECTION ( 'NONE',  ( 0.000000000000000000, 0.000000000000000000, 1.000000000000000000 ) ) ;
#3153 = DIRECTION ( 'NONE',  ( -0.3826834323650840641, 4.686520405326228327E-17, 0.9238795325112890700 ) ) ;
#3154 = CARTESIAN_POINT ( 'NONE',  ( -1.414999999998512115, 2.051759204062908523E-06, -0.3312502561675804147 ) ) ;
#3155 = CARTESIAN_POINT ( 'NONE',  ( 0.1764682198980429551, 1.050313261496242045, -2.540959029724813689 ) ) ;
#3156 = EDGE_LOOP ( 'NONE', ( #2905, #1329, #2305, #3101 ) ) ;
#3157 = CARTESIAN_POINT ( 'NONE',  ( 1.009314491395015390, -0.3398821976482322427, -3.895547471801183992 ) ) ;
#3158 = DIRECTION ( 'NONE',  ( 1.031531965060090120E-14, -0.9848077530122080203, -0.1736481776669309973 ) ) ;
#3159 = CARTESIAN_POINT ( 'NONE',  ( 0.5252844549872160984, 0.9278434725224365964, -2.077712054606864367 ) ) ;
#3160 = LINE ( 'NONE', #34, #1928 ) ;
#3161 = CARTESIAN_POINT ( 'NONE',  ( 0.09832418233350999348, 1.060457005889317461, -0.4086796243408631346 ) ) ;
#3162 = FACE_OUTER_BOUND ( 'NONE', #2402, .T. ) ;
#3163 = CARTESIAN_POINT ( 'NONE',  ( 0.04079216289288963709, 1.064238666044740045, -1.460261779928670345 ) ) ;
#3164 = ORIENTED_EDGE ( 'NONE', *, *, #507, .T. ) ;
#3165 = CARTESIAN_POINT ( 'NONE',  ( 1.361546010336746715, -0.2667436430124620617, 0.000000000000000000 ) ) ;
#3166 = CARTESIAN_POINT ( 'NONE',  ( -0.9764342548278662770, -0.4252176278643317042, -3.775299482605102952 ) ) ;
#3167 = CARTESIAN_POINT ( 'NONE',  ( 0.7285509463549789677, 0.4206290849964040013, -1.501666666666660044 ) ) ;
#3168 = EDGE_CURVE ( 'NONE', #3457, #734, #2279, .T. ) ;
#3169 = ORIENTED_EDGE ( 'NONE', *, *, #1272, .F. ) ;
#3170 = FACE_OUTER_BOUND ( 'NONE', #976, .T. ) ;
#3171 = DIRECTION ( 'NONE',  ( 0.000000000000000000, 0.000000000000000000, -1.000000000000000000 ) ) ;
#3172 = CARTESIAN_POINT ( 'NONE',  ( 0.7285509463549789677, 0.4206290849964040013, -3.621666666666669698 ) ) ;
#3173 = AXIS2_PLACEMENT_3D ( 'NONE', #212, #2561, #1042 ) ;
#3174 = ORIENTED_EDGE ( 'NONE', *, *, #1760, .T. ) ;
#3175 = CARTESIAN_POINT ( 'NONE',  ( -1.347939527161455597, -0.4317413581739886763, -1.337254999172312164 ) ) ;
#3176 = CARTESIAN_POINT ( 'NONE',  ( 0.5398696086223968571, -0.9182814682794835370, -0.8344533068004257315 ) ) ;
#3177 = CARTESIAN_POINT ( 'NONE',  ( 0.5791117396486026303, 0.8938099076552727951, -2.088222718326438354 ) ) ;
#3178 = CARTESIAN_POINT ( 'NONE',  ( -0.2079157074235234159, -1.045004916848908616, -2.552388769138615121 ) ) ;
#3179 = CARTESIAN_POINT ( 'NONE',  ( 0.1829173020352717061, 1.050727529103818281, -0.4216513297502972879 ) ) ;
#3180 = CARTESIAN_POINT ( 'NONE',  ( 0.000000000000000000, 0.8412581699928068923, -4.504999999999999893 ) ) ;
#3181 = CIRCLE ( 'NONE', #1577, 3.061544987475520063 ) ;
#3182 = LINE ( 'NONE', #76, #1977 ) ;
#3183 = FILL_AREA_STYLE ('',( #648 ) ) ;
#3184 = CARTESIAN_POINT ( 'NONE',  ( 1.064999999999998614, 1.568303713372040889E-09, -0.1358225939561129858 ) ) ;
#3185 = AXIS2_PLACEMENT_3D ( 'NONE', #1252, #3171, #82 ) ;
#3186 = EDGE_LOOP ( 'NONE', ( #1837, #2590, #1414, #1062 ) ) ;
#3187 = CARTESIAN_POINT ( 'NONE',  ( -0.5349374827074018235, 0.9213941348718274194, -4.022094243727971197 ) ) ;
#3188 = CARTESIAN_POINT ( 'NONE',  ( 0.000000000000000000, 0.000000000000000000, -6.500000000000000000 ) ) ;
#3189 = FACE_OUTER_BOUND ( 'NONE', #2769, .T. ) ;
#3190 = CARTESIAN_POINT ( 'NONE',  ( -0.4857006309033189417, -0.8412581699928084467, -0.6183333333333321802 ) ) ;
#3191 = EDGE_CURVE ( 'NONE', #2141, #2804, #2544, .T. ) ;
#3192 = EDGE_LOOP ( 'NONE', ( #2701, #793, #3681, #256 ) ) ;
#3193 = CARTESIAN_POINT ( 'NONE',  ( 0.1864138101512312906, -1.059128431059493058, -4.076343160629537721 ) ) ;
#3194 = CARTESIAN_POINT ( 'NONE',  ( 0.6133936140030353812, -1.275462390330664553, -2.111242978791212366 ) ) ;
#3195 = CARTESIAN_POINT ( 'NONE',  ( -0.1125366186261890777, -1.060998294058693725, -1.477357954931849848 ) ) ;
#3196 = CARTESIAN_POINT ( 'NONE',  ( 0.000000000000000000, -1.298082735051719874E-16, 0.000000000000000000 ) ) ;
#3197 = CYLINDRICAL_SURFACE ( 'NONE', #2884, 1.415000000000000036 ) ;
#3198 = CARTESIAN_POINT ( 'NONE',  ( 0.09321246282058254229, 1.060914399618434922, -0.4079071786493565499 ) ) ;
#3199 = CARTESIAN_POINT ( 'NONE',  ( -0.1543443906123291853, 1.053847722710211210, -1.431063011173356658 ) ) ;
#3200 = DIRECTION ( 'NONE',  ( -0.1735446834999980203, 0.03452018384113739180, 0.9842208084248470490 ) ) ;
#3201 = CARTESIAN_POINT ( 'NONE',  ( -0.1062961257876530036, -1.411001819149269920, -3.390492931663389609 ) ) ;
#3202 = CARTESIAN_POINT ( 'NONE',  ( 0.1147204282942509840, 1.049701532129470039, 0.7333333333333339477 ) ) ;
#3203 = CARTESIAN_POINT ( 'NONE',  ( -0.9630172852250019622, -0.4551288946055574991, -3.770382132127998887 ) ) ;
#3204 = VERTEX_POINT ( 'NONE', #2578 ) ;
#3205 = CARTESIAN_POINT ( 'NONE',  ( 0.1293348274001172027, 1.057663199221475780, -4.129985705825129472 ) ) ;
#3206 = CARTESIAN_POINT ( 'NONE',  ( -1.414999999998512115, 2.051759204062908523E-06, -0.3312502561675804147 ) ) ;
#3207 = LINE ( 'NONE', #2913, #1283 ) ;
#3208 = CARTESIAN_POINT ( 'NONE',  ( 0.7285509463549789677, 0.4206290849964040013, -0.1766666666666659724 ) ) ;
#3209 = ORIENTED_EDGE ( 'NONE', *, *, #707, .T. ) ;
#3210 = CARTESIAN_POINT ( 'NONE',  ( -1.412472341572077239, -0.08609362403230566563, -1.380513355557889010 ) ) ;
#3211 = CARTESIAN_POINT ( 'NONE',  ( -1.414999105050145145, 0.1286182231173740864, -2.467308331426570689 ) ) ;
#3212 = CARTESIAN_POINT ( 'NONE',  ( -0.7318233074566963259, -0.7737438895929393823, -1.590075036270045983 ) ) ;
#3213 = CARTESIAN_POINT ( 'NONE',  ( 1.030244125138249994E-16, -0.8412581699928068923, -3.710000000000000409 ) ) ;
#3214 = CARTESIAN_POINT ( 'NONE',  ( -0.9788213022539256070, -0.4196937256143257744, -2.716201978827059715 ) ) ;
#3215 = CARTESIAN_POINT ( 'NONE',  ( -0.1128286888273644512, 1.059532400133822438, -0.3769177477175038038 ) ) ;
#3216 = EDGE_CURVE ( 'NONE', #3128, #3457, #2526, .T. ) ;
#3217 = ADVANCED_BREP_SHAPE_REPRESENTATION ( '94997A225.step', ( #974, #3654 ), #203 ) ;
#3218 = CARTESIAN_POINT ( 'NONE',  ( 0.1679855731011392350, 1.051703298282585131, -1.479556602128015763 ) ) ;
#3219 = CARTESIAN_POINT ( 'NONE',  ( -1.065000000000005498, -0.1428599307493259030, -3.285479201308558306 ) ) ;
#3220 = CARTESIAN_POINT ( 'NONE',  ( 0.6075222519717025094, 0.8747655916248444630, -3.677232339200231959 ) ) ;
#3221 = CARTESIAN_POINT ( 'NONE',  ( -0.6711049802565541844, -0.8271416431751558163, -3.696703812849158055 ) ) ;
#3222 = ORIENTED_EDGE ( 'NONE', *, *, #1616, .T. ) ;
#3223 = CARTESIAN_POINT ( 'NONE',  ( 0.5251255760342846690, 0.9337723029523256058, -4.197146288159961713 ) ) ;
#3224 = FACE_OUTER_BOUND ( 'NONE', #2757, .T. ) ;
#3225 = DIRECTION ( 'NONE',  ( -0.3768696111424630901, -0.9098437264664096524, 0.1736481776669309418 ) ) ;
#3226 = CARTESIAN_POINT ( 'NONE',  ( 0.7285509463549789677, -0.4206290849964040013, -0.3533333333333330550 ) ) ;
#3227 = CARTESIAN_POINT ( 'NONE',  ( -0.7766364738817861380, -0.7292704056145168368, -1.063354179380974873 ) ) ;
#3228 = ORIENTED_EDGE ( 'NONE', *, *, #1736, .F. ) ;
#3229 = CARTESIAN_POINT ( 'NONE',  ( 1.011495550915344266, -0.3333330011946243343, -3.894472189303859189 ) ) ;
#3230 = CARTESIAN_POINT ( 'NONE',  ( 1.179114201891411806, -0.7822620952931311766, -2.019283978594341722 ) ) ;
#3231 = CARTESIAN_POINT ( 'NONE',  ( 0.9414084817327347254, -0.4980170714401193632, -0.7418729205441615404 ) ) ;
#3232 = CARTESIAN_POINT ( 'NONE',  ( 1.225425946354979923, -0.7075000000000000178, -2.142083333333330231 ) ) ;
#3233 = AXIS2_PLACEMENT_3D ( 'NONE', #1560, #3295, #131 ) ;
#3234 = VECTOR ( 'NONE', #2611, 1000.000000000000000 ) ;
#3235 = CARTESIAN_POINT ( 'NONE',  ( -0.7285509463549789677, -0.4206290849964040013, -3.886666666666659609 ) ) ;
#3236 = CARTESIAN_POINT ( 'NONE',  ( 0.7494495223470335477, -0.7566936598215093790, -2.387791898365640986 ) ) ;
#3237 = LINE ( 'NONE', #2380, #3304 ) ;
#3238 = B_SPLINE_CURVE_WITH_KNOTS ( 'NONE', 3,
 ( #3322, #1859, #2478, #1046, #3587, #1065, #2655, #1308, #1914, #2442, #1012, #2740, #476, #3301, #3625, #217, #1030, #2161, #1879, #1521, #2144, #506, #156, #750, #3001, #195, #1639, #2779, #2197, #1620, #1290, #2216, #1585, #235, #2425, #3018, #3035, #3284, #2181, #1326, #3570, #1365, #2760, #457, #2498, #3644, #1082, #2460, #3361, #3607, #767, #490, #1898, #1346, #803, #1936, #1657, #2516, #254, #3667, #2797, #3073, #1383, #3383, #823, #1101, #2236 ),
 .UNSPECIFIED., .F., .F.,
 ( 4, 2, 2, 2, 1, 2, 2, 2, 2, 2, 1, 1, 2, 2, 2, 1, 2, 2, 2, 2, 2, 1, 1, 1, 2, 2, 2, 1, 1, 2, 2, 2, 2, 2, 1, 1, 1, 1, 2, 4 ),
 ( 0.3328751304965606450, 0.4162657391844985511, 0.4996563478724364016, 0.5022623043939344889, 0.5048682609154324652, 0.5100801739584280847, 0.5205040000444193238, 0.5413516522164019129, 0.5621993043883845020, 0.5648052609098822563, 0.5674112174313800105, 0.5726231304743756301, 0.5830469565603666471, 0.6247422609043313813, 0.6273482174258291355, 0.6299541739473268898, 0.6351660869903225093, 0.6455899130763136373, 0.6664375652482956713, 0.6872852174202778164, 0.6885881956810266935, 0.6898911739417755706, 0.6924971304632734359, 0.6977090435062687224, 0.7081328695922597394, 0.7498281739362234743, 0.7524341304577211176, 0.7550400869792187608, 0.7602520000222142693, 0.7706758261082051753, 0.7915234782801869873, 0.8332187826241503892, 0.8749140869681140131, 0.8762170652288627792, 0.8775200434896115453, 0.8801260000111092996, 0.8853379130541043640, 0.8957617391400949369, 0.9166093913120758607, 1.000000000000000000 ),
 .UNSPECIFIED. ) ;
#3239 = DIRECTION ( 'NONE',  ( 0.000000000000000000, 1.224606353822379970E-16, -1.000000000000000000 ) ) ;
#3240 = CARTESIAN_POINT ( 'NONE',  ( 0.5221535277914756135, -1.315135956536604755, -3.183557394699081833 ) ) ;
#3241 = CARTESIAN_POINT ( 'NONE',  ( -0.3733333333333340165, -1.220065125302159970E-15, 2.200000000000000178 ) ) ;
#3242 = VECTOR ( 'NONE', #1702, 1000.000000000000000 ) ;
#3243 = ORIENTED_EDGE ( 'NONE', *, *, #3216, .F. ) ;
#3244 = CARTESIAN_POINT ( 'NONE',  ( -0.4857006309033200520, 0.8412581699928072254, -1.236666666666659697 ) ) ;
#3245 = CYLINDRICAL_SURFACE ( 'NONE', #1223, 1.064999999999999947 ) ;
#3246 = CARTESIAN_POINT ( 'NONE',  ( -0.7285509463549779685, -0.4206290849964040013, -5.211666666666660674 ) ) ;
#3247 = CARTESIAN_POINT ( 'NONE',  ( 1.415000000000000036, 1.883933735546379524E-14, -0.8612500000000000711 ) ) ;
#3248 = VERTEX_POINT ( 'NONE', #3408 ) ;
#3249 = EDGE_CURVE ( 'NONE', #728, #1015, #2832, .T. ) ;
#3250 = B_SPLINE_CURVE_WITH_KNOTS ( 'NONE', 3,
 ( #186, #3011, #2415, #3580, #2134, #3562, #2154, #1022, #3542, #700, #1281, #2751, #1002, #760, #467, #1262, #2974, #2435, #1888, #2189, #3332, #2470 ),
 .UNSPECIFIED., .F., .F.,
 ( 4, 2, 2, 2, 2, 2, 2, 2, 2, 2, 4 ),
 ( 0.3333319942806520775, 0.4166654949955705955, 0.4583322453530297991, 0.4999989957104890026, 0.5833324964254074096, 0.6666659971403259277, 0.7499994978552444458, 0.8333329985701629639, 0.8749997489276222229, 0.9166664992850814819, 1.000000000000000000 ),
 .UNSPECIFIED. ) ;
#3251 = CARTESIAN_POINT ( 'NONE',  ( -0.5631035350494162373, 1.298263118743101296, -0.5281279322552935307 ) ) ;
#3252 = CARTESIAN_POINT ( 'NONE',  ( 1.133456613498668775, -0.8483220732448645274, -2.028268797854525740 ) ) ;
#3253 = CARTESIAN_POINT ( 'NONE',  ( 0.4829303788109068907, -0.9494404636997920699, -0.8451969944995540995 ) ) ;
#3254 = CARTESIAN_POINT ( 'NONE',  ( 0.8169506309033202074, 1.414999999999998703, -2.937083333333332380 ) ) ;
#3255 = ADVANCED_FACE ( 'NONE', ( #605 ), #1125, .T. ) ;
#3256 = CIRCLE ( 'NONE', #2476, 1.182748768039330045 ) ;
#3257 = CARTESIAN_POINT ( 'NONE',  ( -1.762342321007530046E-14, -0.8412581699928068923, -1.590000000000000080 ) ) ;
#3258 = CARTESIAN_POINT ( 'NONE',  ( 0.000000000000000000, -1.298082735051719874E-16, 0.3975000000000000200 ) ) ;
#3259 = LINE ( 'NONE', #1832, #2827 ) ;
#3260 = CARTESIAN_POINT ( 'NONE',  ( 1.197468887271536442, -7.742671801185181825E-06, -3.915659532405441290 ) ) ;
#3261 = DIRECTION ( 'NONE',  ( 0.000000000000000000, 0.000000000000000000, 1.000000000000000000 ) ) ;
#3262 = CARTESIAN_POINT ( 'NONE',  ( 0.8468997073105694051, -0.6460022364445869858, -2.887739075564899505 ) ) ;
#3263 = CARTESIAN_POINT ( 'NONE',  ( -0.4857006309033200520, 0.8412581699928072254, -2.296666666666659751 ) ) ;
#3264 = EDGE_CURVE ( 'NONE', #3248, #805, #1179, .T. ) ;
#3265 = ORIENTED_EDGE ( 'NONE', *, *, #1540, .F. ) ;
#3266 = DIRECTION ( 'NONE',  ( -5.329070518200750605E-15, -0.1736481776669310251, -0.9848077530122080203 ) ) ;
#3267 = CARTESIAN_POINT ( 'NONE',  ( -0.4857006309033189417, -0.8412581699928072254, -1.943333333333327806 ) ) ;
#3268 = CARTESIAN_POINT ( 'NONE',  ( -0.4857006309033189417, -0.8412581699928084467, -1.678333333333329680 ) ) ;
#3269 = CARTESIAN_POINT ( 'NONE',  ( -1.198139058763338483, 0.3569101418231104828, -3.789622541032802605 ) ) ;
#3270 = ORIENTED_EDGE ( 'NONE', *, *, #619, .F. ) ;
#3271 = CARTESIAN_POINT ( 'NONE',  ( -0.05819220706771402463, 1.413847010440264507, -0.5898967787019019360 ) ) ;
#3272 = CARTESIAN_POINT ( 'NONE',  ( 1.000499849096302851, -1.000612338644732313, -2.052201566265235755 ) ) ;
#3273 = CARTESIAN_POINT ( 'NONE',  ( 0.01724439803208553668, -1.415069957178638704, -0.06456778568201494706 ) ) ;
#3274 = CARTESIAN_POINT ( 'NONE',  ( -1.225425946354979923, 0.7075000000000000178, -2.672083333333330035 ) ) ;
#3275 = CARTESIAN_POINT ( 'NONE',  ( 0.9714012618066378835, 5.948117229796001962E-17, -3.444999999999998064 ) ) ;
#3276 = LINE ( 'NONE', #1611, #1870 ) ;
#3277 = DIRECTION ( 'NONE',  ( 0.1735446834999980203, 0.03452018384113809957, 0.9842208084248470490 ) ) ;
#3278 = CARTESIAN_POINT ( 'NONE',  ( 0.2874797360528238421, -1.096677813485591457, -4.096621840404518267 ) ) ;
#3279 = LINE ( 'NONE', #1835, #3547 ) ;
#3280 = CARTESIAN_POINT ( 'NONE',  ( 0.1932233531720790043, -1.057100049685758325, -3.015367004794629047 ) ) ;
#3281 = ORIENTED_EDGE ( 'NONE', *, *, #1003, .F. ) ;
#3282 = CARTESIAN_POINT ( 'NONE',  ( 0.7285509463549789677, 0.4206290849964040013, 0.6183333333333339565 ) ) ;
#3283 = CARTESIAN_POINT ( 'NONE',  ( 0.7285509463549789677, 0.4206290849964040013, -1.501666666666670036 ) ) ;
#3284 = CARTESIAN_POINT ( 'NONE',  ( 0.1498586594376686010, 1.407044892261738456, -1.673377784064616236 ) ) ;
#3285 = AXIS2_PLACEMENT_3D ( 'NONE', #3141, #1720, #2859 ) ;
#3286 = CARTESIAN_POINT ( 'NONE',  ( -0.6598085270219631315, 0.9885993634956137255, -3.940399064560340392 ) ) ;
#3287 = EDGE_LOOP ( 'NONE', ( #3147, #620, #1355, #2480 ) ) ;
#3288 = CARTESIAN_POINT ( 'NONE',  ( -0.5456568466142031060, 1.305701043871419609, -0.5304578038084614144 ) ) ;
#3289 = CARTESIAN_POINT ( 'NONE',  ( -0.09438057696321443257, 1.411863483388465124, -2.705850398514463073 ) ) ;
#3290 = CARTESIAN_POINT ( 'NONE',  ( -0.1960616378596401199, 1.046908602714319070, -1.424507084278919811 ) ) ;
#3291 = CARTESIAN_POINT ( 'NONE',  ( 0.9681873760492628600, 0.4436806820331710144, -2.705935600297948884 ) ) ;
#3292 = CARTESIAN_POINT ( 'NONE',  ( -1.225444687817700107, 0.7075108203885440705, -4.792070839024850315 ) ) ;
#3293 = CARTESIAN_POINT ( 'NONE',  ( -0.5317401532378345230, -1.279708073543659008, -3.461103748372527544 ) ) ;
#3294 = LINE ( 'NONE', #432, #2173 ) ;
#3295 = DIRECTION ( 'NONE',  ( 1.000000000000000000, 1.224646799147353207E-16, 1.456747578693098361E-32 ) ) ;
#3296 = CARTESIAN_POINT ( 'NONE',  ( -1.581817946414579725E-14, -1.415000000000000036, -3.246249999999999858 ) ) ;
#3297 = DIRECTION ( 'NONE',  ( 0.000000000000000000, -1.000000000000000000, 1.853392811752425209E-14 ) ) ;
#3298 = ORIENTED_EDGE ( 'NONE', *, *, #2143, .T. ) ;
#3299 = CARTESIAN_POINT ( 'NONE',  ( 0.000000000000000000, 1.415000000000000036, -0.5962499999999999467 ) ) ;
#3300 = CARTESIAN_POINT ( 'NONE',  ( -1.225425946354979923, -0.7075000000000000178, -3.422916666666659946 ) ) ;
#3301 = CARTESIAN_POINT ( 'NONE',  ( -0.8965214340501368451, 1.096321799575281197, -1.539425977365141751 ) ) ;
#3302 = CARTESIAN_POINT ( 'NONE',  ( -0.5211434268210780596, 1.053042864328721295, -3.970366134984023354 ) ) ;
#3303 = EDGE_LOOP ( 'NONE', ( #1496, #990 ) ) ;
#3304 = VECTOR ( 'NONE', #3200, 1000.000000000000227 ) ;
#3305 = CARTESIAN_POINT ( 'NONE',  ( 0.4192334606615870096, 1.351535790050756525, -0.6455438653580127806 ) ) ;
#3306 = CARTESIAN_POINT ( 'NONE',  ( -0.4966729456664505937, 1.331234328957836333, -2.656646431173331102 ) ) ;
#3307 = CARTESIAN_POINT ( 'NONE',  ( -1.099830668049869953, 0.3667366130130430002, 2.162588139978459889 ) ) ;
#3308 = CARTESIAN_POINT ( 'NONE',  ( 1.058604411368969433, 0.1186762675309299825, -3.296213616586545214 ) ) ;
#3309 = ADVANCED_FACE ( 'NONE', ( #3464, #2841 ), #832, .T. ) ;
#3310 = EDGE_CURVE ( 'NONE', #3057, #2705, #1292, .T. ) ;
#3311 = CARTESIAN_POINT ( 'NONE',  ( 0.000000000000000000, 1.415021640777090139, -3.908737505691520564 ) ) ;
#3312 = CARTESIAN_POINT ( 'NONE',  ( -0.5203666880578555753, -1.285324223316536507, -3.459003093930031358 ) ) ;
#3313 = CARTESIAN_POINT ( 'NONE',  ( -0.9714012618066378835, -1.784435168938802561E-16, -2.915000000000000924 ) ) ;
#3314 = AXIS2_PLACEMENT_3D ( 'NONE', #2857, #317, #1463 ) ;
#3315 = CARTESIAN_POINT ( 'NONE',  ( -1.023458398388165769, -0.2971454323452320523, -1.140199862208681525 ) ) ;
#3316 = CARTESIAN_POINT ( 'NONE',  ( -1.122049531965840041E-14, -1.064999999999999947, -3.044177405783630164 ) ) ;
#3317 = CARTESIAN_POINT ( 'NONE',  ( 0.5842228919309010449, -0.8915300880229652947, -2.945872524842140461 ) ) ;
#3318 = CARTESIAN_POINT ( 'NONE',  ( -0.8524981022879606352, -0.6385200225916590755, -1.618333403835319428 ) ) ;
#3319 = VERTEX_POINT ( 'NONE', #335 ) ;
#3320 = CARTESIAN_POINT ( 'NONE',  ( 0.8169506309033202074, -1.414999999999998703, 0.02208333333333419371 ) ) ;
#3321 = CARTESIAN_POINT ( 'NONE',  ( 1.633901261806640415, 1.000475975197160448E-16, -2.981250000000001066 ) ) ;
#3322 = CARTESIAN_POINT ( 'NONE',  ( -1.414999999661207042, 3.096422151079234451E-05, -1.391253865965439873 ) ) ;
#3323 = CARTESIAN_POINT ( 'NONE',  ( -0.5083283306148659308, 1.058036055194017555, -3.973074482532492180 ) ) ;
#3324 = VERTEX_POINT ( 'NONE', #2597 ) ;
#3325 = CARTESIAN_POINT ( 'NONE',  ( 0.7990497099374190837, 1.167835125449099953, -0.6980778201721182796 ) ) ;
#3326 = CARTESIAN_POINT ( 'NONE',  ( 1.415000000000000258, 0.2009970818994053499, -2.956154957972509045 ) ) ;
#3327 = CARTESIAN_POINT ( 'NONE',  ( -0.4925284749176264687, 0.9448179547326733818, -1.373480441778777372 ) ) ;
#3328 = CARTESIAN_POINT ( 'NONE',  ( 1.060943961460392604, 0.09580017163218708387, -3.299983594945214538 ) ) ;
#3329 = EDGE_CURVE ( 'NONE', #3609, #323, #1961, .T. ) ;
#3330 = CARTESIAN_POINT ( 'NONE',  ( -0.9680739493922279060, -1.033055018824815097, -2.314661107443213073 ) ) ;
#3331 = LINE ( 'NONE', #776, #3004 ) ;
#3332 = CARTESIAN_POINT ( 'NONE',  ( -1.367252240885711956, 0.1841664651697263178, -3.507351720213038426 ) ) ;
#3333 = EDGE_CURVE ( 'NONE', #1072, #1118, #3256, .T. ) ;
#3334 = CARTESIAN_POINT ( 'NONE',  ( -0.9759483566925944986, -0.4263476500089861121, -1.655107688781110475 ) ) ;
#3335 = CARTESIAN_POINT ( 'NONE',  ( -1.070644766411528170, -0.9259672855220351106, -1.272268644779213753 ) ) ;
#3336 = CARTESIAN_POINT ( 'NONE',  ( -0.2142324865447528814, 1.048613315549555836, -1.958435347534207782 ) ) ;
#3337 = ORIENTED_EDGE ( 'NONE', *, *, #3374, .T. ) ;
#3338 = CARTESIAN_POINT ( 'NONE',  ( 1.415000000000000036, -1.834229669489759923E-15, -3.113750000000000018 ) ) ;
#3339 = DIRECTION ( 'NONE',  ( 0.000000000000000000, 0.000000000000000000, 1.000000000000000000 ) ) ;
#3340 = CARTESIAN_POINT ( 'NONE',  ( -0.9714012618066378835, -1.784435168938802561E-16, -1.060000000000000719 ) ) ;
#3341 = CARTESIAN_POINT ( 'NONE',  ( -1.065000000000000391, 0.2853658899391454673, -0.7131602848791973592 ) ) ;
#3342 = CARTESIAN_POINT ( 'NONE',  ( -0.008730663773592385948, 1.139653711545264070, -4.070389752946719675 ) ) ;
#3343 = ORIENTED_EDGE ( 'NONE', *, *, #3611, .F. ) ;
#3344 = CARTESIAN_POINT ( 'NONE',  ( -0.4061500681804782187, -1.008934282746034583, -4.180733833174703484 ) ) ;
#3345 = CARTESIAN_POINT ( 'NONE',  ( -0.8577446405253240647, 1.125432577834170722, -2.605421377991103071 ) ) ;
#3346 = DIRECTION ( 'NONE',  ( 0.000000000000000000, 0.000000000000000000, 1.000000000000000000 ) ) ;
#3347 = CARTESIAN_POINT ( 'NONE',  ( 1.064999999980960954, 6.372057155268434965E-06, -2.779176348760485027 ) ) ;
#3348 = ORIENTED_EDGE ( 'NONE', *, *, #230, .F. ) ;
#3349 = CARTESIAN_POINT ( 'NONE',  ( -1.359306511212359236, -0.3952064784139105447, -2.401769101980207211 ) ) ;
#3350 = CARTESIAN_POINT ( 'NONE',  ( -1.618197816793849997, 0.2890648602567529868, 1.722089740673879987 ) ) ;
#3351 = CARTESIAN_POINT ( 'NONE',  ( 0.8606334772504152797, 0.6273336976162742218, -0.5537890402214654673 ) ) ;
#3352 = DIRECTION ( 'NONE',  ( 0.000000000000000000, 0.000000000000000000, 1.000000000000000000 ) ) ;
#3353 = EDGE_CURVE ( 'NONE', #2223, #728, #3617, .T. ) ;
#3354 = CARTESIAN_POINT ( 'NONE',  ( 1.633901261806640415, 1.000475975197160448E-16, -1.921250000000002123 ) ) ;
#3355 = CARTESIAN_POINT ( 'NONE',  ( -0.7285509463549789677, -0.4206290849964040013, -2.826666666666670213 ) ) ;
#3356 = CARTESIAN_POINT ( 'NONE',  ( 1.225543596530749957, 0.7075679253606520502, -2.892995100117179863 ) ) ;
#3357 = VECTOR ( 'NONE', #612, 1000.000000000000114 ) ;
#3358 = EDGE_LOOP ( 'NONE', ( #2613, #2080, #1698 ) ) ;
#3359 = CARTESIAN_POINT ( 'NONE',  ( 1.047617528820496968, -0.1969392838609115570, -1.751775979818928519 ) ) ;
#3360 = EDGE_CURVE ( 'NONE', #1103, #1431, #3392, .T. ) ;
#3361 = CARTESIAN_POINT ( 'NONE',  ( 0.6495782462789893019, 1.257852404937729984, -1.736221590547947446 ) ) ;
#3362 = SHAPE_DEFINITION_REPRESENTATION ( #651, #3217 ) ;
#3363 = VERTEX_POINT ( 'NONE', #1770 ) ;
#3364 = CARTESIAN_POINT ( 'NONE',  ( -1.102184875385380014, -0.3785720125235399469, 2.229710026050180094 ) ) ;
#3365 = CARTESIAN_POINT ( 'NONE',  ( -1.279965501329317634, 0.6033151095975507472, -2.526584306250116985 ) ) ;
#3366 = CARTESIAN_POINT ( 'NONE',  ( -1.314714896519574072, -0.5232513781104760620, -0.2660154781639458288 ) ) ;
#3367 = DIRECTION ( 'NONE',  ( 0.4226182617406998299, 0.000000000000000000, 0.9063077870366497146 ) ) ;
#3368 =( BOUNDED_CURVE ( )  B_SPLINE_CURVE ( 2, ( #142, #1519, #107, #2969, #1750 ),
 .UNSPECIFIED., .F., .T. ) 
 B_SPLINE_CURVE_WITH_KNOTS ( ( 3, 2, 3 ),
 ( 0.000000000000000000, 0.3333333333333365900, 1.000000000000000000 ),
 .UNSPECIFIED. ) 
 CURVE ( )  GEOMETRIC_REPRESENTATION_ITEM ( )  RATIONAL_B_SPLINE_CURVE ( ( 0.9330127018922195203, 0.9330127018922194093, 1.000000000000000000, 0.8660254037844224984, 1.000000000000016431 ) ) 
 REPRESENTATION_ITEM ( '' )  );
#3369 = VECTOR ( 'NONE', #532, 1000.000000000000114 ) ;
#3370 = ORIENTED_EDGE ( 'NONE', *, *, #2198, .F. ) ;
#3371 = CARTESIAN_POINT ( 'NONE',  ( -1.336334841700061782, -0.4653689327537327558, -2.393121658548135411 ) ) ;
#3372 = CARTESIAN_POINT ( 'NONE',  ( 0.7313065986429279075, 0.7742193867255861006, 5.373296710340031268E-18 ) ) ;
#3373 = CARTESIAN_POINT ( 'NONE',  ( 1.018711132448266277, 0.3108134485266231262, -0.6076238214133904414 ) ) ;
#3374 = EDGE_CURVE ( 'NONE', #2551, #3668, #3368, .T. ) ;
#3375 = LINE ( 'NONE', #818, #1645 ) ;
#3376 = CARTESIAN_POINT ( 'NONE',  ( 1.058604317903979908, 0.1186771409082406775, -2.236213475196960232 ) ) ;
#3377 = CARTESIAN_POINT ( 'NONE',  ( 1.225543596530749957, -0.7075679253606520502, -3.069661766783850165 ) ) ;
#3378 = EDGE_CURVE ( 'NONE', #323, #442, #2005, .T. ) ;
#3379 = VERTEX_POINT ( 'NONE', #1807 ) ;
#3380 = CARTESIAN_POINT ( 'NONE',  ( 0.07998171356816922983, -1.065000000000001945, -1.972687238720166381 ) ) ;
#3381 = AXIS2_PLACEMENT_3D ( 'NONE', #3121, #300, #1700 ) ;
#3382 = CARTESIAN_POINT ( 'NONE',  ( -0.6148780366869510683, -1.064999999999999725, -0.4891559275497006087 ) ) ;
#3383 = CARTESIAN_POINT ( 'NONE',  ( 1.293828850343947900, 0.5748488328181754481, -1.850121564580609057 ) ) ;
#3384 = EDGE_CURVE ( 'NONE', #1693, #3319, #691, .T. ) ;
#3385 = ORIENTED_EDGE ( 'NONE', *, *, #1540, .T. ) ;
#3386 = CARTESIAN_POINT ( 'NONE',  ( -1.047569434599827431, 0.2154395657022794286, -3.881230595498348812 ) ) ;
#3387 = CARTESIAN_POINT ( 'NONE',  ( -1.225425946354979923, -0.7075000000000000178, -0.3754166666666650110 ) ) ;
#3388 = ADVANCED_FACE ( 'NONE', ( #373 ), #70, .T. ) ;
#3389 = CARTESIAN_POINT ( 'NONE',  ( -1.308273934756525980, -0.5393100083578693527, -0.2641427964156117247 ) ) ;
#3390 = CARTESIAN_POINT ( 'NONE',  ( -0.4925313402013689612, 0.9448164481267293802, -2.433479904210969824 ) ) ;
#3391 = VERTEX_POINT ( 'NONE', #2339 ) ;
#3392 = LINE ( 'NONE', #551, #2180 ) ;
#3393 = FACE_OUTER_BOUND ( 'NONE', #1044, .T. ) ;
#3394 = CARTESIAN_POINT ( 'NONE',  ( 0.8539063543608192974, 0.6364505432217029135, -0.5520870010930394312 ) ) ;
#3395 =( BOUNDED_CURVE ( )  B_SPLINE_CURVE ( 2, ( #1507, #1004, #3544 ),
 .UNSPECIFIED., .F., .T. ) 
 B_SPLINE_CURVE_WITH_KNOTS ( ( 3, 3 ),
 ( 0.1573404362770659815, 0.2639015475094900198 ),
 .UNSPECIFIED. ) 
 CURVE ( )  GEOMETRIC_REPRESENTATION_ITEM ( )  RATIONAL_B_SPLINE_CURVE ( ( 1.070856349210909997, 1.076252293245030023, 1.056456288860209813 ) ) 
 REPRESENTATION_ITEM ( '' )  );
#3396 = DIRECTION ( 'NONE',  ( 0.000000000000000000, 0.000000000000000000, 1.000000000000000000 ) ) ;
#3397 = CARTESIAN_POINT ( 'NONE',  ( 1.225543596530749957, -0.7075679253606520502, -4.129661766783840449 ) ) ;
#3398 = B_SPLINE_CURVE_WITH_KNOTS ( 'NONE', 3,
 ( #1650, #2175, #247, #3315, #1377, #3679, #1114, #1721, #975, #2301, #892, #121, #2548, #1129, #2949, #3227, #16, #1986, #2603, #2826, #2282, #3432, #1254, #873, #2085, #2670, #573, #677, #2020, #2002, #1803, #2862, #2881, #1532, #2389, #2264 ),
 .UNSPECIFIED., .F., .F.,
 ( 4, 2, 2, 1, 1, 1, 2, 2, 2, 2, 2, 1, 2, 2, 2, 2, 1, 1, 2, 2, 4 ),
 ( 0.000000000000000000, 0.1249999999999973910, 0.1874999999999960587, 0.2187499999999953926, 0.2343749999999950040, 0.2421874999999948097, 0.2460937499999947542, 0.2499999999999946987, 0.3749999999999922839, 0.4374999999999909517, 0.4687499999999904521, 0.4843749999999901190, 0.4921874999999901190, 0.4999999999999901190, 0.6249999999999920064, 0.6874999999999931166, 0.7187499999999935607, 0.7343749999999937828, 0.7421874999999938938, 0.7499999999999941158, 1.000000000000000000 ),
 .UNSPECIFIED. ) ;
#3399 = ORIENTED_EDGE ( 'NONE', *, *, #666, .T. ) ;
#3400 = DIRECTION ( 'NONE',  ( 1.000000000000000000, 0.000000000000000000, 0.000000000000000000 ) ) ;
#3401 = CARTESIAN_POINT ( 'NONE',  ( 1.365098036107990076, 0.1881394730515011382, 1.149713427078830952 ) ) ;
#3402 = VERTEX_POINT ( 'NONE', #2410 ) ;
#3403 = CARTESIAN_POINT ( 'NONE',  ( 0.000000000000000000, 0.000000000000000000, -6.500000000000000000 ) ) ;
#3404 = DIRECTION ( 'NONE',  ( 0.3768696111424723605, -0.9098437264664057667, -0.1736481776669309696 ) ) ;
#3405 = CARTESIAN_POINT ( 'NONE',  ( 0.5487726514224449126, -1.304252114067969925, 0.000000000000000000 ) ) ;
#3406 = CARTESIAN_POINT ( 'NONE',  ( -1.633901261806640415, -3.001427925591489111E-16, -4.571249999999999147 ) ) ;
#3407 = CARTESIAN_POINT ( 'NONE',  ( -1.309949591832533899, -0.5350612320424203983, -1.324430889953118751 ) ) ;
#3408 = CARTESIAN_POINT ( 'NONE',  ( -1.064999999999999947, -5.789799912778060004E-15, -3.845822594216369517 ) ) ;
#3409 = CARTESIAN_POINT ( 'NONE',  ( -1.415000026101806974, -0.003746169231332968988, -2.450782280686286452 ) ) ;
#3410 = CARTESIAN_POINT ( 'NONE',  ( -0.7380105793250895108, -0.7679235467547826932, -2.114770304404069989 ) ) ;
#3411 = CARTESIAN_POINT ( 'NONE',  ( -0.8169506309033202074, -1.414999999999998703, -1.347083333333328747 ) ) ;
#3412 = VECTOR ( 'NONE', #913, 1000.000000000000000 ) ;
#3413 = DIRECTION ( 'NONE',  ( 1.000000000000000000, 0.000000000000000000, 0.000000000000000000 ) ) ;
#3414 = CYLINDRICAL_SURFACE ( 'NONE', #675, 1.415000000000000036 ) ;
#3415 = PLANE ( 'NONE',  #116 ) ;
#3416 = LINE ( 'NONE', #2287, #806 ) ;
#3417 = CIRCLE ( 'NONE', #3663, 2.485714285714290206 ) ;
#3418 = VECTOR ( 'NONE', #3630, 1000.000000000000000 ) ;
#3419 = CARTESIAN_POINT ( 'NONE',  ( 0.1147204282942509840, 3.252606517456509851E-16, 0.7333333333333339477 ) ) ;
#3420 = VERTEX_POINT ( 'NONE', #1500 ) ;
#3421 = CARTESIAN_POINT ( 'NONE',  ( 1.177171980481420022, -0.1147204282942389936, 0.7333333333333339477 ) ) ;
#3422 = CARTESIAN_POINT ( 'NONE',  ( 0.5816125354390377922, -0.8922704528578178085, -3.482941638545745899 ) ) ;
#3423 = CARTESIAN_POINT ( 'NONE',  ( -0.1437481368101069801, -1.262896762526070082, -1.167672698919289747E-13 ) ) ;
#3424 = CARTESIAN_POINT ( 'NONE',  ( -0.1425917825889668755, 1.055492985447484156, -2.492877091316228810 ) ) ;
#3425 = EDGE_LOOP ( 'NONE', ( #2462, #1960, #345, #3548 ) ) ;
#3426 = CARTESIAN_POINT ( 'NONE',  ( -1.456140700027009556E-14, -1.415000000000000036, -1.258750000000000036 ) ) ;
#3427 = CARTESIAN_POINT ( 'NONE',  ( -0.4690455463361960509, -0.1942850266631539757, 0.7333333333333339477 ) ) ;
#3428 = EDGE_CURVE ( 'NONE', #3420, #270, #2983, .T. ) ;
#3429 = CARTESIAN_POINT ( 'NONE',  ( -0.7154722692814734497, -0.7889639798547207761, -2.646379651823614676 ) ) ;
#3430 = CARTESIAN_POINT ( 'NONE',  ( 0.000000000000000000, 0.8412581699928068923, -3.180000000000000160 ) ) ;
#3431 = ADVANCED_FACE ( 'NONE', ( #1890 ), #2773, .T. ) ;
#3432 = CARTESIAN_POINT ( 'NONE',  ( -0.7089925504211761487, -0.7947082913886009958, -1.048448804624192432 ) ) ;
#3433 = CARTESIAN_POINT ( 'NONE',  ( 1.634058128707669422, 1.000572028471280884E-16, -4.041328433450513735 ) ) ;
#3434 = CARTESIAN_POINT ( 'NONE',  ( 1.064999999945209108, -1.080540286197330780E-05, -2.255824386661322567 ) ) ;
#3435 = CARTESIAN_POINT ( 'NONE',  ( 1.018104947478112532, -0.9828167295371306178, -3.109576199684249698 ) ) ;
#3436 = AXIS2_PLACEMENT_3D ( 'NONE', #3107, #3396, #557 ) ;
#3437 = VERTEX_POINT ( 'NONE', #779 ) ;
#3438 = CARTESIAN_POINT ( 'NONE',  ( 1.064999999999999947, 0.000000000000000000, -6.500000000000000000 ) ) ;
#3439 = CARTESIAN_POINT ( 'NONE',  ( -1.415000019230630235, -0.3791480739816087131, -0.4164123134958163108 ) ) ;
#3440 = CARTESIAN_POINT ( 'NONE',  ( 0.000000000000000000, -1.298082735051719874E-16, 0.3975000000000000200 ) ) ;
#3441 = CARTESIAN_POINT ( 'NONE',  ( 0.1518377607708282784, 1.054122578420914946, -2.536927788565560338 ) ) ;
#3442 = EDGE_LOOP ( 'NONE', ( #2781, #3641, #3399, #2496, #293, #2269 ) ) ;
#3443 = CARTESIAN_POINT ( 'NONE',  ( -1.414979138629937516, -0.008863420011969710272, -1.390143518032930015 ) ) ;
#3444 = CARTESIAN_POINT ( 'NONE',  ( -1.699337932594099960E-15, 0.1622364820181710077, -0.8373673569389969984 ) ) ;
#3445 = CARTESIAN_POINT ( 'NONE',  ( -0.9661081919962886122, 0.4490079511320201333, -1.800170157937927673 ) ) ;
#3446 = CARTESIAN_POINT ( 'NONE',  ( -0.6921285529455263319, -0.8097790430062749012, -2.641209010438454907 ) ) ;
#3447 = CARTESIAN_POINT ( 'NONE',  ( -0.7611015498386393130, 0.7456377947588701538, -0.2584393473077981063 ) ) ;
#3448 = CARTESIAN_POINT ( 'NONE',  ( 0.000000000000000000, 0.000000000000000000, -6.500000000000000000 ) ) ;
#3449 = ADVANCED_FACE ( 'NONE', ( #1927 ), #1613, .T. ) ;
#3450 = CARTESIAN_POINT ( 'NONE',  ( 0.6391369871894552190, 0.8531133850287920817, -1.563641225612232732 ) ) ;
#3451 = CARTESIAN_POINT ( 'NONE',  ( 1.415000000000000036, -2.042396486606979535E-15, -2.053749999999999964 ) ) ;
#3452 = ORIENTED_EDGE ( 'NONE', *, *, #3329, .T. ) ;
#3453 = CARTESIAN_POINT ( 'NONE',  ( -1.633901261806640415, -3.001427925591489111E-16, -1.391249999999999210 ) ) ;
#3454 =( NAMED_UNIT ( * ) SI_UNIT ( $, .STERADIAN. ) SOLID_ANGLE_UNIT ( ) );
#3455 = CARTESIAN_POINT ( 'NONE',  ( -0.7250432875338735927, -0.7801007904284215089, -3.708534707971153033 ) ) ;
#3456 = STYLED_ITEM ( 'NONE', ( #909 ), #974 ) ;
#3457 = VERTEX_POINT ( 'NONE', #3600 ) ;
#3458 = CARTESIAN_POINT ( 'NONE',  ( 0.08309400692625039386, 1.061771706568933382, -4.123311545383314680 ) ) ;
#3459 = FACE_OUTER_BOUND ( 'NONE', #1804, .T. ) ;
#3460 = CARTESIAN_POINT ( 'NONE',  ( -0.1960661850783122218, 1.046907749954515410, -2.484506362962719539 ) ) ;
#3461 = EDGE_CURVE ( 'NONE', #2795, #639, #3375, .T. ) ;
#3462 = VERTEX_POINT ( 'NONE', #3086 ) ;
#3463 = CARTESIAN_POINT ( 'NONE',  ( 1.061395771925681464, -0.09023797668152269691, -3.854122507533892072 ) ) ;
#3464 = FACE_BOUND ( 'NONE', #1516, .T. ) ;
#3465 = CARTESIAN_POINT ( 'NONE',  ( -0.01188820641986791660, 1.065179277739131347, -1.989135545658150983 ) ) ;
#3466 = CARTESIAN_POINT ( 'NONE',  ( -0.8224916182515725760, -0.6768964385256479588, -2.670975905443428999 ) ) ;
#3467 = CARTESIAN_POINT ( 'NONE',  ( -0.6385214268655063918, 0.8538064064239423434, -0.2849600881672119113 ) ) ;
#3468 = CARTESIAN_POINT ( 'NONE',  ( 1.013219379502444895, -0.9877432609584927414, -0.9900539563637642537 ) ) ;
#3469 = CARTESIAN_POINT ( 'NONE',  ( -1.225425946354979923, -0.7075000000000000178, -2.362916666666659893 ) ) ;
#3470 = CARTESIAN_POINT ( 'NONE',  ( 0.5094792652719564163, 0.9377582967525203150, -1.538442450912066439 ) ) ;
#3471 = DIRECTION ( 'NONE',  ( 3.268031585630790225E-15, -1.000000000000000000, 0.000000000000000000 ) ) ;
#3472 = EDGE_CURVE ( 'NONE', #437, #2839, #576, .T. ) ;
#3473 = CARTESIAN_POINT ( 'NONE',  ( 1.002687968034783772, 0.5637710794094416000, -0.000000000000000000 ) ) ;
#3474 = CARTESIAN_POINT ( 'NONE',  ( -0.2074946526198161723, -1.045086307461751352, -3.612321198541279532 ) ) ;
#3475 = ADVANCED_FACE ( 'NONE', ( #1394 ), #1318, .F. ) ;
#3476 = ORIENTED_EDGE ( 'NONE', *, *, #1434, .T. ) ;
#3477 = CARTESIAN_POINT ( 'NONE',  ( 5.664459775313700388E-16, -0.1622364820181720069, -0.8373673569389969984 ) ) ;
#3478 = CARTESIAN_POINT ( 'NONE',  ( -2.420238578916879776E-14, -1.064999999999999947, -3.580822594216369836 ) ) ;
#3479 = DIRECTION ( 'NONE',  ( 0.000000000000000000, 0.000000000000000000, 1.000000000000000000 ) ) ;
#3480 = CARTESIAN_POINT ( 'NONE',  ( 1.225425946354979923, 0.7075000000000000178, -5.012916666666660248 ) ) ;
#3481 = ORIENTED_EDGE ( 'NONE', *, *, #2861, .F. ) ;
#3482 = CARTESIAN_POINT ( 'NONE',  ( -1.393439394176691826, -0.2529996370270272688, -1.359697343205005016 ) ) ;
#3483 = CARTESIAN_POINT ( 'NONE',  ( -1.456140700027009556E-14, -1.415000000000000036, -2.186249999999999805 ) ) ;
#3484 = CARTESIAN_POINT ( 'NONE',  ( 0.6846692213082815615, -0.8188740406066019606, -0.8057610673757912290 ) ) ;
#3485 = CARTESIAN_POINT ( 'NONE',  ( 0.000000000000000000, 0.8412581699928068923, -3.180000000000000160 ) ) ;
#3486 = CARTESIAN_POINT ( 'NONE',  ( -0.2408278252219220317, -1.038003312688617452, -2.557691184278855889 ) ) ;
#3487 = CARTESIAN_POINT ( 'NONE',  ( 0.01337588939024821587, 1.065268837741519814, -0.3958975943380417251 ) ) ;
#3488 = CARTESIAN_POINT ( 'NONE',  ( 0.4857006309033189417, 0.8412581699928072254, -3.533333333333330550 ) ) ;
#3489 =( BOUNDED_SURFACE ( )  B_SPLINE_SURFACE ( 1, 2, ( 
 ( #537, #318, #3047, #1634, #2493, #1443, #1482, #2211, #3355, #2579, #33, #2411, #3485, #3519, #2617, #108, #920, #2378, #3213, #940, #1201, #143, #1243, #1808, #980 ),
 ( #2070, #2970, #446, #2357, #3232, #2090, #71, #2053, #682, #961, #3274, #3558, #2954, #3254, #2340, #3537, #643, #413, #2919, #2112, #1537, #662, #697, #1789, #2675 ) ),
 .UNSPECIFIED., .F., .F., .T. ) 
 B_SPLINE_SURFACE_WITH_KNOTS ( ( 2, 2 ),
 ( 3, 2, 2, 2, 2, 2, 2, 2, 2, 2, 2, 2, 3 ),
 ( 0.000000000000000000, 1.000000000000000000 ),
 ( 0.000000000000000000, 0.08333333333333330095, 0.1666666666666670182, 0.2500000000000000000, 0.3333333333333329818, 0.4166666666666670182, 0.5000000000000000000, 0.5833333333333330373, 0.6666666666666670737, 0.7500000000000000000, 0.8333333333333330373, 0.9166666666666670737, 1.000000000000000000 ),
 .UNSPECIFIED. ) 
 GEOMETRIC_REPRESENTATION_ITEM ( )  RATIONAL_B_SPLINE_SURFACE ( (
 ( 1.000000000000000000, 0.8660254037844389297, 1.000000000000000000, 0.8660254037844389297, 1.000000000000000000, 0.8660254037844389297, 1.000000000000000000, 0.8660254037844389297, 1.000000000000000000, 0.8660254037844389297, 1.000000000000000000, 0.8660254037844389297, 1.000000000000000000, 0.8660254037844389297, 1.000000000000000000, 0.8660254037844389297, 1.000000000000000000, 0.8660254037844389297, 1.000000000000000000, 0.8660254037844389297, 1.000000000000000000, 0.8660254037844389297, 1.000000000000000000, 0.8660254037844389297, 1.000000000000000000),
 ( 1.000000000000000000, 0.8660254037844389297, 1.000000000000000000, 0.8660254037844389297, 1.000000000000000000, 0.8660254037844389297, 1.000000000000000000, 0.8660254037844389297, 1.000000000000000000, 0.8660254037844389297, 1.000000000000000000, 0.8660254037844389297, 1.000000000000000000, 0.8660254037844389297, 1.000000000000000000, 0.8660254037844389297, 1.000000000000000000, 0.8660254037844389297, 1.000000000000000000, 0.8660254037844389297, 1.000000000000000000, 0.8660254037844389297, 1.000000000000000000, 0.8660254037844389297, 1.000000000000000000) ) ) 
 REPRESENTATION_ITEM ( '' )  SURFACE ( )  );
#3490 = CIRCLE ( 'NONE', #94, 1.643813452832049826 ) ;
#3491 = EDGE_LOOP ( 'NONE', ( #2721, #752, #2024, #1398 ) ) ;
#3492 = CARTESIAN_POINT ( 'NONE',  ( -0.8073241228784796553, -0.6948181603814608254, -3.727329038607738454 ) ) ;
#3493 = EDGE_LOOP ( 'NONE', ( #868, #3590, #1169, #1569, #897, #877, #1600, #2178, #2513 ) ) ;
#3494 = CARTESIAN_POINT ( 'NONE',  ( 0.07067325004923621923, 1.062670721618339531, -4.121511666836094712 ) ) ;
#3495 = FACE_OUTER_BOUND ( 'NONE', #114, .T. ) ;
#3496 = CARTESIAN_POINT ( 'NONE',  ( 0.000000000000000000, 0.8412581699928068923, -3.445000000000000284 ) ) ;
#3497 = EDGE_CURVE ( 'NONE', #2682, #179, #761, .T. ) ;
#3498 = ADVANCED_FACE ( 'NONE', ( #1041 ), #2471, .T. ) ;
#3499 = ORIENTED_EDGE ( 'NONE', *, *, #2783, .T. ) ;
#3500 = CYLINDRICAL_SURFACE ( 'NONE', #1624, 1.064999999999999947 ) ;
#3501 = CARTESIAN_POINT ( 'NONE',  ( 0.6415308992650260445, -1.261377469686458364, -2.107348895618472717 ) ) ;
#3502 = CARTESIAN_POINT ( 'NONE',  ( 1.064999999999945768, -4.062152673897374124E-07, -0.6591774731682901178 ) ) ;
#3503 = CARTESIAN_POINT ( 'NONE',  ( -1.064999999999999947, -1.088988693214989968E-14, -2.785822594216369907 ) ) ;
#3504 = CARTESIAN_POINT ( 'NONE',  ( -0.7743255875205145022, -0.7320673439354709044, -2.659719075033087687 ) ) ;
#3505 = CARTESIAN_POINT ( 'NONE',  ( 0.1191161035619737185, 1.058341780271900401, -0.4118441112953454830 ) ) ;
#3506 = CARTESIAN_POINT ( 'NONE',  ( 0.1764741692387781224, 1.050312262129730279, -1.480959959966997141 ) ) ;
#3507 = CARTESIAN_POINT ( 'NONE',  ( 0.009534234729661599309, 0.01209276182498219936, -3.466807345219680148 ) ) ;
#3508 = CARTESIAN_POINT ( 'NONE',  ( 1.011854965583847576, 0.3548296877004355476, -3.780595105408806056 ) ) ;
#3509 = DIRECTION ( 'NONE',  ( 0.9848077530122080203, 1.009526260968529992E-14, -0.1736481776669309973 ) ) ;
#3510 = ORIENTED_EDGE ( 'NONE', *, *, #1206, .T. ) ;
#3511 = CARTESIAN_POINT ( 'NONE',  ( 0.4095460354623156607, 0.9831173307559273322, -4.176449515429822235 ) ) ;
#3512 = CARTESIAN_POINT ( 'NONE',  ( 0.08376359065689509276, 0.2022231965969449874, -0.9045693237702970846 ) ) ;
#3513 = CARTESIAN_POINT ( 'NONE',  ( -1.225425946354979923, 0.7075000000000000178, -0.5520833333333309279 ) ) ;
#3514 = CARTESIAN_POINT ( 'NONE',  ( -0.8169506309033202074, 1.414999999999998703, -5.807916666666664618 ) ) ;
#3515 = ORIENTED_EDGE ( 'NONE', *, *, #2550, .F. ) ;
#3516 = CARTESIAN_POINT ( 'NONE',  ( 0.6495947817522212953, -0.8441898169121325735, -3.992554869226836001 ) ) ;
#3517 = CARTESIAN_POINT ( 'NONE',  ( 0.5432462251135204978, -1.306564779379668639, -2.120741918554380323 ) ) ;
#3518 = CARTESIAN_POINT ( 'NONE',  ( 0.2116037949406178176, -1.054664401887520420, -0.8926293639394984325 ) ) ;
#3519 = CARTESIAN_POINT ( 'NONE',  ( 0.4857006309033189417, 0.8412581699928072254, -3.268333333333332646 ) ) ;
#3520 = CARTESIAN_POINT ( 'NONE',  ( 1.225444687817700107, 0.7075108203885450697, -3.025404172358189925 ) ) ;
#3521 = CARTESIAN_POINT ( 'NONE',  ( -0.4857006309033189417, -0.8412581699928084467, -3.003333333333333854 ) ) ;
#3522 = CARTESIAN_POINT ( 'NONE',  ( -0.3667366130130390034, -1.099830668049869953, 2.162588139978459889 ) ) ;
#3523 = CARTESIAN_POINT ( 'NONE',  ( 0.008596710300922391634, 1.065248938202381535, -3.575400246992601616 ) ) ;
#3524 = CARTESIAN_POINT ( 'NONE',  ( 1.064999999945229980, -1.080328690575672209E-05, -3.315824386310319838 ) ) ;
#3525 = EDGE_CURVE ( 'NONE', #179, #323, #3398, .T. ) ;
#3526 = ORIENTED_EDGE ( 'NONE', *, *, #2439, .F. ) ;
#3527 = DIRECTION ( 'NONE',  ( 1.000000000000000000, 0.000000000000000000, 0.000000000000000000 ) ) ;
#3528 = CARTESIAN_POINT ( 'NONE',  ( 0.2373120759465054685, -1.049131832380941765, -3.545414530376935769 ) ) ;
#3529 = CARTESIAN_POINT ( 'NONE',  ( 0.8169506309033202074, 1.414999999999998703, -2.804583333333330319 ) ) ;
#3530 = CARTESIAN_POINT ( 'NONE',  ( 1.030244125138249994E-16, -0.8412581699928068923, -5.035000000000000142 ) ) ;
#3531 = ADVANCED_FACE ( 'NONE', ( #3162 ), #408, .T. ) ;
#3532 = DIRECTION ( 'NONE',  ( 0.000000000000000000, 0.000000000000000000, 1.000000000000000000 ) ) ;
#3533 = ORIENTED_EDGE ( 'NONE', *, *, #2644, .F. ) ;
#3534 = CARTESIAN_POINT ( 'NONE',  ( -0.5098846104473007124, 1.320081169569839341, -0.5351963192461814955 ) ) ;
#3535 = CARTESIAN_POINT ( 'NONE',  ( 1.183067505298254218, -0.7762793958998707167, -2.018494265703947743 ) ) ;
#3536 = CARTESIAN_POINT ( 'NONE',  ( 0.7878837289743355621, -0.7201151759293555887, -0.7831108136755310367 ) ) ;
#3537 = CARTESIAN_POINT ( 'NONE',  ( 1.633901261806640415, 1.000475975197160448E-16, -3.113749999999998685 ) ) ;
#3538 = CLOSED_SHELL ( 'NONE', ( #2589, #75, #1200, #3498, #3431, #287, #468, #2686, #3563, #2585, #306, #1460, #1327, #883, #2895, #152, #3145, #3531, #736, #9, #2940, #2304, #2517, #1121, #816, #3255, #1266, #2645, #2253, #2232, #850, #3475, #2663, #2973, #2210, #2139, #778, #3146, #433, #3138, #2325, #1865, #2819, #3388, #1711, #3309, #1372, #2602, #2907, #2524, #609, #1654, #3543, #3449, #2715, #1922, #2486 ) ) ;
#3539 = AXIS2_PLACEMENT_3D ( 'NONE', #1626, #3346, #755 ) ;
#3540 = CARTESIAN_POINT ( 'NONE',  ( -0.9714012618066378835, -1.784435168938802561E-16, -5.035000000000000142 ) ) ;
#3541 = CARTESIAN_POINT ( 'NONE',  ( -2.231056575520759816E-14, -1.064999999999999947, -2.520822594216369783 ) ) ;
#3542 = CARTESIAN_POINT ( 'NONE',  ( 0.6334438083248032925, 1.098188995636175447, -3.772877411317032248 ) ) ;
#3543 = ADVANCED_FACE ( 'NONE', ( #3143 ), #1412, .T. ) ;
#3544 = CARTESIAN_POINT ( 'NONE',  ( 0.2890648602567590375, 1.618197816793849997, 1.722089740673879987 ) ) ;
#3545 = CARTESIAN_POINT ( 'NONE',  ( -0.3493775240994740350, 1.019439752367774288, -3.520093524548785435 ) ) ;
#3546 = DIRECTION ( 'NONE',  ( 0.000000000000000000, 0.000000000000000000, 1.000000000000000000 ) ) ;
#3547 = VECTOR ( 'NONE', #2117, 1000.000000000000000 ) ;
#3548 = ORIENTED_EDGE ( 'NONE', *, *, #1497, .F. ) ;
#3549 = CARTESIAN_POINT ( 'NONE',  ( 0.000000000000000000, 0.8412581699928068923, 0.7950000000000000400 ) ) ;
#3550 = CARTESIAN_POINT ( 'NONE',  ( -0.4857006309033189417, -0.8412581699928072254, -3.003333333333333854 ) ) ;
#3551 = CONICAL_SURFACE ( 'NONE', #1104, 1.415000000000000036, 0.3926990816987179778 ) ;
#3552 = CARTESIAN_POINT ( 'NONE',  ( 0.4857006309033189417, 0.8412581699928072254, -1.148333333333330097 ) ) ;
#3553 = CARTESIAN_POINT ( 'NONE',  ( -1.025431093455238196, 0.6689948541187198394, -3.850656203650907994 ) ) ;
#3554 = ORIENTED_EDGE ( 'NONE', *, *, #3168, .F. ) ;
#3555 = CARTESIAN_POINT ( 'NONE',  ( -0.4885614375632798545, 1.328035115251304799, -0.5379954593579511224 ) ) ;
#3556 = DIRECTION ( 'NONE',  ( -0.9238795325112899581, 0.3826834323650820102, 6.133834753671983877E-15 ) ) ;
#3557 = CARTESIAN_POINT ( 'NONE',  ( -0.7145694680444139024, 0.7938355734210476022, -1.329512104483175028 ) ) ;
#3558 = CARTESIAN_POINT ( 'NONE',  ( -0.8169506309033202074, 1.414999999999998703, -2.760416666666672736 ) ) ;
#3559 = CIRCLE ( 'NONE', #518, 1.415000000000000036 ) ;
#3560 = CARTESIAN_POINT ( 'NONE',  ( -0.8169631252117988129, -1.415021640777091694, -4.527070839024849747 ) ) ;
#3561 = CARTESIAN_POINT ( 'NONE',  ( 0.4012744032092308011, -0.9865318751418644672, -2.456660066497065031 ) ) ;
#3562 = CARTESIAN_POINT ( 'NONE',  ( 0.9847679448350293852, 0.7483505798890924821, -3.828777906866302150 ) ) ;
#3563 = ADVANCED_FACE ( 'NONE', ( #321 ), #1231, .F. ) ;
#3564 = CARTESIAN_POINT ( 'NONE',  ( -0.1147204282942549808, 1.177171980481420022, 0.7333333333333339477 ) ) ;
#3565 = CARTESIAN_POINT ( 'NONE',  ( 0.1453042529233371516, -1.415000000000001812, -3.230538880474893126 ) ) ;
#3566 = CARTESIAN_POINT ( 'NONE',  ( 1.064930455877646231, -0.01397240090626103784, -2.781494477701883294 ) ) ;
#3567 = ORIENTED_EDGE ( 'NONE', *, *, #3428, .T. ) ;
#3568 = DIRECTION ( 'NONE',  ( -3.438439883533640439E-15, 0.9848077530122080203, -0.1736481776669309973 ) ) ;
#3569 = CARTESIAN_POINT ( 'NONE',  ( 0.7285509463549789677, -0.4206290849964030021, -0.6183333333333329573 ) ) ;
#3570 = CARTESIAN_POINT ( 'NONE',  ( 0.2172741849151337279, 1.398542530257972150, -1.681134491015227717 ) ) ;
#3571 = CARTESIAN_POINT ( 'NONE',  ( 0.000000000000000000, 0.8412581699928068923, -2.120000000000000107 ) ) ;
#3572 = CARTESIAN_POINT ( 'NONE',  ( -1.007391484081583410, 0.6922406905913112141, -3.855605089259667384 ) ) ;
#3573 = ORIENTED_EDGE ( 'NONE', *, *, #3082, .F. ) ;
#3574 = CARTESIAN_POINT ( 'NONE',  ( -0.8236451545187655210, 1.155717581676847239, -0.4917103952725133120 ) ) ;
#3575 = CARTESIAN_POINT ( 'NONE',  ( -0.8735145694753598811, 1.113237015426032706, -2.602961824735336105 ) ) ;
#3576 = CARTESIAN_POINT ( 'NONE',  ( -0.3073069475895626734, -1.381355108850268687, -0.1016458645091559143 ) ) ;
#3577 = CARTESIAN_POINT ( 'NONE',  ( 1.064999999945229980, -1.080328690575672209E-05, -3.315824386310319838 ) ) ;
#3578 = CARTESIAN_POINT ( 'NONE',  ( 0.000000000000000000, 0.8412581699928068923, -3.180000000000000160 ) ) ;
#3579 = CARTESIAN_POINT ( 'NONE',  ( 0.9519352059461492210, -0.4828528988211100992, -2.336130442618233438 ) ) ;
#3580 = CARTESIAN_POINT ( 'NONE',  ( 1.097999034584023592, 0.5450147321229072972, -3.851833836336098660 ) ) ;
#3581 = CARTESIAN_POINT ( 'NONE',  ( -1.064999999999999947, 2.087289991298549817E-14, -3.309177405783630288 ) ) ;
#3582 = CARTESIAN_POINT ( 'NONE',  ( 0.9121251241942021082, 0.5501990611857737745, -3.747541730934770499 ) ) ;
#3583 = FACE_OUTER_BOUND ( 'NONE', #3287, .T. ) ;
#3584 = ORIENTED_EDGE ( 'NONE', *, *, #3664, .F. ) ;
#3585 = CARTESIAN_POINT ( 'NONE',  ( 0.4857006309033189417, 0.8412581699928072254, 0.7066666666666674423 ) ) ;
#3586 = CARTESIAN_POINT ( 'NONE',  ( 0.7285509463549789677, -0.4206290849964030021, -2.738333333333330177 ) ) ;
#3587 = CARTESIAN_POINT ( 'NONE',  ( -1.131536056286918113, 0.8695719887325785713, -1.501683528379462729 ) ) ;
#3588 = VECTOR ( 'NONE', #1120, 1000.000000000000000 ) ;
#3589 = CARTESIAN_POINT ( 'NONE',  ( 1.008517086893034875, -0.9925441673560889688, -0.9908449258489826494 ) ) ;
#3590 = ORIENTED_EDGE ( 'NONE', *, *, #170, .T. ) ;
#3591 = CARTESIAN_POINT ( 'NONE',  ( 1.124036806537148658, 0.8595672675280576769, -0.7524601936508612532 ) ) ;
#3592 = CARTESIAN_POINT ( 'NONE',  ( -1.220107171264679380, 0.7173539023549083682, -2.541190589228320196 ) ) ;
#3593 = CARTESIAN_POINT ( 'NONE',  ( -0.4270278947378954859, 0.9756949601020317164, -1.385423326501796115 ) ) ;
#3594 = CARTESIAN_POINT ( 'NONE',  ( 0.5969828648510052682, 0.8819607362625483393, -3.151766817345732719 ) ) ;
#3595 = CARTESIAN_POINT ( 'NONE',  ( 0.8169631252117997011, -1.415021640777091694, -3.290404172358191381 ) ) ;
#3596 = CARTESIAN_POINT ( 'NONE',  ( 0.5816223420814641276, -0.8922640744574849014, -2.422939700688843789 ) ) ;
#3597 = CARTESIAN_POINT ( 'NONE',  ( 1.030244125138249994E-16, -0.8412581699928068923, -1.590000000000000080 ) ) ;
#3598 = VECTOR ( 'NONE', #2096, 1000.000000000000114 ) ;
#3599 = VECTOR ( 'NONE', #1333, 1000.000000000000227 ) ;
#3600 = CARTESIAN_POINT ( 'NONE',  ( -0.1147204282942439896, -1.049701532129470039, 0.7333333333333339477 ) ) ;
#3601 = DIRECTION ( 'NONE',  ( 0.000000000000000000, 0.000000000000000000, 1.000000000000000000 ) ) ;
#3602 = CARTESIAN_POINT ( 'NONE',  ( 0.8169506309033202074, 1.414999999999998703, -1.744583333333330710 ) ) ;
#3603 = CARTESIAN_POINT ( 'NONE',  ( 1.065000032411462350, -0.005413935379568138133, -2.780075491089647244 ) ) ;
#3604 = ORIENTED_EDGE ( 'NONE', *, *, #3384, .T. ) ;
#3605 = DIRECTION ( 'NONE',  ( 0.9098437264664135382, -0.3768696111424533202, -0.1736481776669309141 ) ) ;
#3606 = CARTESIAN_POINT ( 'NONE',  ( -0.4857006309033189417, -0.8412581699928072254, -0.8833333333333317494 ) ) ;
#3607 = CARTESIAN_POINT ( 'NONE',  ( 0.6917151865802718680, 1.234794570832577376, -1.742141596868764575 ) ) ;
#3608 = CARTESIAN_POINT ( 'NONE',  ( -1.035798737535334357, 0.6549674276334815914, -3.847744048030073749 ) ) ;
#3609 = VERTEX_POINT ( 'NONE', #1447 ) ;
#3610 = CARTESIAN_POINT ( 'NONE',  ( 0.3689828459942068317, 1.366072742038819010, -0.6392259091053421605 ) ) ;
#3611 = EDGE_CURVE ( 'NONE', #658, #3609, #1872, .T. ) ;
#3612 = CARTESIAN_POINT ( 'NONE',  ( -0.9702879935435834158, 1.031990831010875631, -2.587619361053562272 ) ) ;
#3613 = CARTESIAN_POINT ( 'NONE',  ( -0.3847901013923964997, -1.361809525712647240, -0.1111859355111564640 ) ) ;
#3614 = CARTESIAN_POINT ( 'NONE',  ( 0.8529669581560707092, 0.6390121317887141883, -3.208027689467107368 ) ) ;
#3615 = CARTESIAN_POINT ( 'NONE',  ( -1.336714737830541955, -0.4641522888602421237, -2.393261693144988822 ) ) ;
#3616 = CARTESIAN_POINT ( 'NONE',  ( 0.8347444775659177418, -0.6623460551186713952, -2.368832417940256896 ) ) ;
#3617 = CIRCLE ( 'NONE', #876, 3.061544987475520063 ) ;
#3618 = DIRECTION ( 'NONE',  ( 0.000000000000000000, 0.000000000000000000, 1.000000000000000000 ) ) ;
#3619 = CARTESIAN_POINT ( 'NONE',  ( -0.2684101382128598057, -1.405345299256904434, -1.156403463180831981 ) ) ;
#3620 = CARTESIAN_POINT ( 'NONE',  ( -0.8505680918935802914, 0.6439231218640342203, -1.834303961994024901 ) ) ;
#3621 = ORIENTED_EDGE ( 'NONE', *, *, #2047, .T. ) ;
#3622 = CARTESIAN_POINT ( 'NONE',  ( 1.225425946354979923, -0.7075000000000000178, -0.9495833333333330017 ) ) ;
#3623 = FACE_OUTER_BOUND ( 'NONE', #3425, .T. ) ;
#3624 = CARTESIAN_POINT ( 'NONE',  ( -1.415000000000000036, -1.732875220793510196E-16, -3.390492931663389609 ) ) ;
#3625 = CARTESIAN_POINT ( 'NONE',  ( -0.8026167038668700071, 1.166824149822575762, -1.554004954639985003 ) ) ;
#3626 = CARTESIAN_POINT ( 'NONE',  ( -0.7635055372353138914, 0.9219410934742020558, -3.916705247945452051 ) ) ;
#3627 = ORIENTED_EDGE ( 'NONE', *, *, #2987, .T. ) ;
#3628 = DIRECTION ( 'NONE',  ( 0.3826834323650878389, 0.9238795325112875156, -1.223221381512620683E-14 ) ) ;
#3629 = CARTESIAN_POINT ( 'NONE',  ( -0.8105411677570206752, 1.160002197209582864, -2.612636312759323509 ) ) ;
#3630 = DIRECTION ( 'NONE',  ( -1.968063936677160052E-14, -0.8660254037844387076, 0.4999999999999998890 ) ) ;
#3631 = CARTESIAN_POINT ( 'NONE',  ( 1.618197816793849997, -0.2890648602567419956, 1.722089740673879987 ) ) ;
#3632 = EDGE_CURVE ( 'NONE', #2213, #3324, #2719, .T. ) ;
#3633 = ORIENTED_EDGE ( 'NONE', *, *, #158, .T. ) ;
#3634 = AXIS2_PLACEMENT_3D ( 'NONE', #613, #579, #308 ) ;
#3635 = CARTESIAN_POINT ( 'NONE',  ( -1.411996967805942749, -0.09375719036010846108, -2.439552395907765625 ) ) ;
#3636 = CARTESIAN_POINT ( 'NONE',  ( -0.6517872044855977931, -0.8452757735243661141, -2.096037591535441447 ) ) ;
#3637 = CARTESIAN_POINT ( 'NONE',  ( 1.065000000000014824, 1.414675686897034871E-07, -3.839177382316288245 ) ) ;
#3638 = DIRECTION ( 'NONE',  ( 0.000000000000000000, 0.000000000000000000, 1.000000000000000000 ) ) ;
#3639 = CARTESIAN_POINT ( 'NONE',  ( 0.9845590852489161104, 0.4107904380021935031, -2.187820312535764256 ) ) ;
#3640 = DIRECTION ( 'NONE',  ( 0.1736481776669310251, -6.217248937900880571E-15, -0.9848077530122080203 ) ) ;
#3641 = ORIENTED_EDGE ( 'NONE', *, *, #1754, .T. ) ;
#3642 = CARTESIAN_POINT ( 'NONE',  ( 0.5842092548758984760, -0.8915389363505666909, -1.885875216052087966 ) ) ;
#3643 = DIRECTION ( 'NONE',  ( 0.000000000000000000, 0.000000000000000000, -1.000000000000000000 ) ) ;
#3644 = CARTESIAN_POINT ( 'NONE',  ( 0.5575471178959621188, 1.300553878419964171, -1.723678371208113402 ) ) ;
#3645 = EDGE_CURVE ( 'NONE', #3379, #1461, #1215, .T. ) ;
#3646 = CARTESIAN_POINT ( 'NONE',  ( 0.1887995123202660663, 1.102360408557600202, -4.107374605439786386 ) ) ;
#3647 = ORIENTED_EDGE ( 'NONE', *, *, #169, .F. ) ;
#3648 = CARTESIAN_POINT ( 'NONE',  ( 1.339451726884852922, 0.4561824936555450294, -0.8045708967740226036 ) ) ;
#3649 = CARTESIAN_POINT ( 'NONE',  ( 1.311740107405039879, -0.5306249999999999023, -2.274277244236470136E-17 ) ) ;
#3650 = CARTESIAN_POINT ( 'NONE',  ( -1.083219292593121219, -0.9104469822693893599, -0.2148710200695925776 ) ) ;
#3651 = EDGE_CURVE ( 'NONE', #957, #1099, #2499, .T. ) ;
#3652 = CARTESIAN_POINT ( 'NONE',  ( 0.2797958543219890015, 1.029986895482677411, -3.094422043761795305 ) ) ;
#3653 = ORIENTED_EDGE ( 'NONE', *, *, #2644, .T. ) ;
#3654 = AXIS2_PLACEMENT_3D ( 'NONE', #3683, #3131, #580 ) ;
#3655 = CARTESIAN_POINT ( 'NONE',  ( -1.339522058737916854, -0.4559871618172050001, -2.394236761071269370 ) ) ;
#3656 = CARTESIAN_POINT ( 'NONE',  ( -0.9180744980147591550, -0.5497949197994308479, -2.158257758310803798 ) ) ;
#3657 = CARTESIAN_POINT ( 'NONE',  ( 0.1942850266631510059, 0.4690455463361969946, 0.7333333333333339477 ) ) ;
#3658 =( BOUNDED_CURVE ( )  B_SPLINE_CURVE ( 2, ( #2201, #807, #2270, #1084, #1917 ),
 .UNSPECIFIED., .F., .T. ) 
 B_SPLINE_CURVE_WITH_KNOTS ( ( 3, 2, 3 ),
 ( 0.000000000000000000, 0.2222222222221039989, 0.3333333314840260519 ),
 .UNSPECIFIED. ) 
 CURVE ( )  GEOMETRIC_REPRESENTATION_ITEM ( )  RATIONAL_B_SPLINE_CURVE ( ( 0.9999999999998244737, 0.8660254037846144559, 1.000000000000000000, 0.9330127030070343164, 0.9330127018922194093 ) ) 
 REPRESENTATION_ITEM ( '' )  );
#3659 = CARTESIAN_POINT ( 'NONE',  ( 1.732875220793510196E-16, -1.415000000000000036, -2.186249999999999805 ) ) ;
#3660 = EDGE_CURVE ( 'NONE', #1978, #693, #1433, .T. ) ;
#3661 = CARTESIAN_POINT ( 'NONE',  ( -1.065000000000003499, 0.1522875791495195974, -1.751084696547900332 ) ) ;
#3662 = FACE_OUTER_BOUND ( 'NONE', #3491, .T. ) ;
#3663 = AXIS2_PLACEMENT_3D ( 'NONE', #725, #3239, #1851 ) ;
#3664 = EDGE_CURVE ( 'NONE', #2014, #3204, #41, .T. ) ;
#3665 = VERTEX_POINT ( 'NONE', #2569 ) ;
#3666 = DIRECTION ( 'NONE',  ( 0.4184786803821181067, 0.000000000000000000, 0.9082266204343721894 ) ) ;
#3667 = CARTESIAN_POINT ( 'NONE',  ( 1.188884309027132824, 0.7673617531463778896, -1.825018242677557190 ) ) ;
#3668 = VERTEX_POINT ( 'NONE', #1970 ) ;
#3669 = CARTESIAN_POINT ( 'NONE',  ( 1.315596472146516316, 0.5215057789922156184, -0.7967627905224543561 ) ) ;
#3670 = CARTESIAN_POINT ( 'NONE',  ( -0.3885700533263039547, 0.3885700533263000134, 0.7333333333333339477 ) ) ;
#3671 = CARTESIAN_POINT ( 'NONE',  ( -1.115513789571239034, -0.8711841631679257958, -0.2208200928738756064 ) ) ;
#3672 = CARTESIAN_POINT ( 'NONE',  ( -0.1942850266631520051, 0.4690455463361960509, 0.7333333333333339477 ) ) ;
#3673 = ORIENTED_EDGE ( 'NONE', *, *, #2364, .F. ) ;
#3674 = DIRECTION ( 'NONE',  ( 0.000000000000000000, 0.000000000000000000, 1.000000000000000000 ) ) ;
#3675 = CARTESIAN_POINT ( 'NONE',  ( -0.8855089882465406737, 0.5945493315314750449, -3.408468402215304227 ) ) ;
#3676 = CARTESIAN_POINT ( 'NONE',  ( -0.8670153847498316413, -0.6226415384806466280, -2.144880002659764973 ) ) ;
#3677 = AXIS2_PLACEMENT_3D ( 'NONE', #213, #3546, #1582 ) ;
#3678 = CARTESIAN_POINT ( 'NONE',  ( 1.225425946354979923, 0.7075000000000000178, -1.965416666666659928 ) ) ;
#3679 = CARTESIAN_POINT ( 'NONE',  ( -0.9944642639725467248, -0.3815344873876570508, -1.126229737905890760 ) ) ;
#3680 = PLANE ( 'NONE',  #3050 ) ;
#3681 = ORIENTED_EDGE ( 'NONE', *, *, #1151, .F. ) ;
#3682 = CARTESIAN_POINT ( 'NONE',  ( 0.3977909890339862975, -0.9905199135287678924, -1.920642409765457970 ) ) ;
#3683 = CARTESIAN_POINT ( 'NONE',  ( 0.000000000000000000, 0.000000000000000000, 0.000000000000000000 ) ) ;
#3684 = EDGE_LOOP ( 'NONE', ( #2058, #1912, #298, #1149, #1533, #242, #233, #951, #2308, #2799, #67, #3080, #1435, #2146, #2850, #844, #1135, #3476, #514, #3298, #3222, #1895 ) ) ;
#3685 = CARTESIAN_POINT ( 'NONE',  ( -0.6316398285626857456, -0.8708694617015494410, -4.215532489326779597 ) ) ;
#3686 = CARTESIAN_POINT ( 'NONE',  ( 0.7179248932959830798, -0.7874554959558093259, -3.454578614999177510 ) ) ;
#3687 = CARTESIAN_POINT ( 'NONE',  ( -0.9074737757268291904, -1.094936095303505219, -0.1843216584258476898 ) ) ;
#3688 = CARTESIAN_POINT ( 'NONE',  ( -0.9525381372432379923, 0.4786521741243792705, -2.327939298261656464 ) ) ;
#3689 = ORIENTED_EDGE ( 'NONE', *, *, #2375, .T. ) ;
#3690 = CARTESIAN_POINT ( 'NONE',  ( -0.8922231193530589799, -1.098528573686713417, -1.242430501652682873 ) ) ;
#3691 = CARTESIAN_POINT ( 'NONE',  ( 0.8169506309033202074, 1.414999999999998703, -0.8170833333333317183 ) ) ;
#3692 = CARTESIAN_POINT ( 'NONE',  ( -0.9661109820064511799, 0.4490018730216321918, -3.383523986475793777 ) ) ;
#3693 = CARTESIAN_POINT ( 'NONE',  ( -1.151796813674176967, -0.6545596672220639345, -3.608574581355053823 ) ) ;
#3694 = CARTESIAN_POINT ( 'NONE',  ( 0.8959464471496013660, 0.5785480516570710163, -0.5628369781490522028 ) ) ;
#3695 = DIRECTION ( 'NONE',  ( 0.000000000000000000, 0.4184786803821221035, -0.9082266204343701910 ) ) ;
#3696 = CARTESIAN_POINT ( 'NONE',  ( -0.8170290643538358211, 1.415135850721300992, -3.687995100117182901 ) ) ;
ENDSEC;
END-ISO-10303-21;
