ISO-10303-21;
HEADER;
FILE_DESCRIPTION (( 'STEP AP214' ),
    '1' );
FILE_NAME ('95836A511.step.STEP',
    '2026-08-20T17:33:10',
    ( '' ),
    ( '' ),
    'SwSTEP 2.0',
    'SolidWorks 2026',
    '' );
FILE_SCHEMA (( 'AUTOMOTIVE_DESIGN' ));
ENDSEC;

DATA;
#1 = CYLINDRICAL_SURFACE ( 'NONE', #2453, 1.600000000000000089 ) ;
#2 = CARTESIAN_POINT ( 'NONE',  ( 0.3306302153517012288, -0.5726683315065848046, 0.05104166666666819230 ) ) ;
#3 = ORIENTED_EDGE ( 'NONE', *, *, #2413, .F. ) ;
#4 = SURFACE_STYLE_USAGE ( .BOTH. , #1653 ) ;
#5 = CARTESIAN_POINT ( 'NONE',  ( -0.7999999999999999334, 0.2094395102393201702, 2.501041666666667052 ) ) ;
#6 = LINE ( 'NONE', #3109, #1079 ) ;
#7 = LINE ( 'NONE', #273, #1211 ) ;
#8 = EDGE_LOOP ( 'NONE', ( #2371, #1420, #2606, #1277 ) ) ;
#9 = CARTESIAN_POINT ( 'NONE',  ( -0.4618802153516995412, 0.7999999999999981570, 2.151041666666662966 ) ) ;
#10 = EDGE_CURVE ( 'NONE', #3683, #2260, #2760, .T. ) ;
#11 = FACE_OUTER_BOUND ( 'NONE', #3458, .T. ) ;
#12 = CARTESIAN_POINT ( 'NONE',  ( -0.4618874416088531998, -0.8000125162445358429, 3.317701107076169720 ) ) ;
#13 = VERTEX_POINT ( 'NONE', #1815 ) ;
#14 = CARTESIAN_POINT ( 'NONE',  ( 0.8000000000000015987, 0.2143593539448921115, 2.400005369558476431 ) ) ;
#15 = CARTESIAN_POINT ( 'NONE',  ( -0.6593165419308494313, 0.4531308437471981421, 0.3822953170788911947 ) ) ;
#16 = CARTESIAN_POINT ( 'NONE',  ( -0.4675113499881470291, 0.5162965405015517151, 0.1233457716486561218 ) ) ;
#17 = FACE_OUTER_BOUND ( 'NONE', #3596, .T. ) ;
#18 = DIRECTION ( 'NONE',  ( 0.000000000000000000, 0.000000000000000000, 1.000000000000000000 ) ) ;
#19 = CARTESIAN_POINT ( 'NONE',  ( 0.3306302153517012288, 0.5726683315065848046, 0.5177083333333341031 ) ) ;
#20 = ORIENTED_EDGE ( 'NONE', *, *, #515, .T. ) ;
#21 = CARTESIAN_POINT ( 'NONE',  ( -0.2989252289426673759, -0.5109500922155172375, 1.698958333333333348 ) ) ;
#22 = VECTOR ( 'NONE', #3428, 1000.000000000000000 ) ;
#23 = CARTESIAN_POINT ( 'NONE',  ( -0.7137815228878499063, 0.4175893270106265098, 2.486458333333333215 ) ) ;
#24 = CARTESIAN_POINT ( 'NONE',  ( 0.2989252289426669873, 0.5109500922155174596, 1.873958333333332282 ) ) ;
#25 = DIRECTION ( 'NONE',  ( 1.000000000000000000, 0.000000000000000000, 0.000000000000000000 ) ) ;
#26 = VERTEX_POINT ( 'NONE', #2684 ) ;
#27 = CARTESIAN_POINT ( 'NONE',  ( 0.5726683315065858038, -0.1534460169580677547, 0.7937446304415176623 ) ) ;
#28 = ADVANCED_FACE ( 'NONE', ( #113 ), #1522, .T. ) ;
#29 = CARTESIAN_POINT ( 'NONE',  ( -0.2094395102393199204, 0.8000000000000000444, 1.042708333333333570 ) ) ;
#30 = CARTESIAN_POINT ( 'NONE',  ( -7.013164391525951138E-17, -0.5726683315065850266, 2.428125000000000089 ) ) ;
#31 = ADVANCED_FACE ( 'NONE', ( #984 ), #1023, .T. ) ;
#32 = ORIENTED_EDGE ( 'NONE', *, *, #1140, .T. ) ;
#33 = DIRECTION ( 'NONE',  ( 0.000000000000000000, 1.000000000000000000, 0.000000000000000000 ) ) ;
#34 = CARTESIAN_POINT ( 'NONE',  ( -0.8000000000000000444, -7.500672410554620019E-17, 2.559375000000000178 ) ) ;
#35 = CARTESIAN_POINT ( 'NONE',  ( 7.013164391525951138E-17, -0.5726683315065850266, -0.02187499999999750408 ) ) ;
#36 = CARTESIAN_POINT ( 'NONE',  ( -0.3994624178446322671, -0.4103434732912898397, 2.734597795040770496 ) ) ;
#37 = EDGE_CURVE ( 'NONE', #2788, #175, #2717, .T. ) ;
#38 = CARTESIAN_POINT ( 'NONE',  ( 0.6612604307034024576, -1.214715704795581023E-16, 1.859374999999999112 ) ) ;
#39 = ORIENTED_EDGE ( 'NONE', *, *, #558, .F. ) ;
#40 = CARTESIAN_POINT ( 'NONE',  ( -0.7252184684337920073, 2.815640703956109798E-09, 0.1525501369272080077 ) ) ;
#41 = CARTESIAN_POINT ( 'NONE',  ( 0.000000000000000000, -7.848339497071319908E-16, 3.255599999999999827 ) ) ;
#42 = CARTESIAN_POINT ( 'NONE',  ( 0.5726683315065821400, -0.1534460169580739164, 2.193744630441516019 ) ) ;
#43 = CARTESIAN_POINT ( 'NONE',  ( 0.7999999999997982059, -5.679896101761567081E-07, 0.2843749585840890659 ) ) ;
#44 = VERTEX_POINT ( 'NONE', #3305 ) ;
#45 = CARTESIAN_POINT ( 'NONE',  ( 0.6928203230275522539, -0.4000000000000017986, 2.705208333333330994 ) ) ;
#46 = DIRECTION ( 'NONE',  ( 1.000000000000000000, 0.000000000000000000, 0.000000000000000000 ) ) ;
#47 = CARTESIAN_POINT ( 'NONE',  ( -0.9237604307034010809, 5.656401273199498780E-17, 2.165624999999987921 ) ) ;
#48 = CARTESIAN_POINT ( 'NONE',  ( -7.013164391525951138E-17, -0.5726683315065850266, 2.778125000000000178 ) ) ;
#49 = ORIENTED_EDGE ( 'NONE', *, *, #2163, .T. ) ;
#50 =( BOUNDED_SURFACE ( )  B_SPLINE_SURFACE ( 1, 2, ( 
 ( #336, #2565, #2875, #2854, #2017, #869, #3710, #2283, #1439, #595, #1737, #1480, #3261 ),
 ( #2895, #1458, #54, #2600, #2983, #996, #35, #908, #407, #688, #3430, #1185, #889 ) ),
 .UNSPECIFIED., .F., .F., .F. ) 
 B_SPLINE_SURFACE_WITH_KNOTS ( ( 2, 2 ),
 ( 3, 2, 2, 2, 2, 2, 3 ),
 ( 0.000000000000000000, 1.000000000000000000 ),
 ( -2.824240444702709970E-05, 0.1666666666666670182, 0.3333333333333329818, 0.5000000000000000000, 0.6666666666666670737, 0.8333333333333330373, 1.000000000000000000 ),
 .UNSPECIFIED. ) 
 GEOMETRIC_REPRESENTATION_ITEM ( )  RATIONAL_B_SPLINE_SURFACE ( (
 ( 1.000045412870889994, 0.8660027011960469423, 1.000000000000000000, 0.8660254037844389297, 1.000000000000000000, 0.8660254037844389297, 1.000000000000000000, 0.8660254037844389297, 1.000000000000000000, 0.8660254037844389297, 1.000000000000000000, 0.8660254037844389297, 1.000000000000000000),
 ( 1.000045412870889994, 0.8660027011960469423, 1.000000000000000000, 0.8660254037844389297, 1.000000000000000000, 0.8660254037844389297, 1.000000000000000000, 0.8660254037844389297, 1.000000000000000000, 0.8660254037844389297, 1.000000000000000000, 0.8660254037844389297, 1.000000000000000000) ) ) 
 REPRESENTATION_ITEM ( '' )  SURFACE ( )  );
#51 = CARTESIAN_POINT ( 'NONE',  ( 0.000000000000000000, 0.000000000000000000, 0.000000000000000000 ) ) ;
#52 = EDGE_CURVE ( 'NONE', #3316, #931, #3707, .T. ) ;
#53 = CARTESIAN_POINT ( 'NONE',  ( 0.4618874416088531998, -0.8000125162445367311, 0.2260344404095139259 ) ) ;
#54 = CARTESIAN_POINT ( 'NONE',  ( 0.4959453230275510105, 0.2863341657532930129, 0.09479166666666891117 ) ) ;
#55 = CARTESIAN_POINT ( 'NONE',  ( -0.2587850633560764280, -0.5109594507536719954, 2.752143565856145280 ) ) ;
#56 = AXIS2_PLACEMENT_3D ( 'NONE', #879, #3680, #1656 ) ;
#57 = CARTESIAN_POINT ( 'NONE',  ( -0.2901676033421909939, 0.6230442147037780209, 4.307615191939739852 ) ) ;
#58 = CARTESIAN_POINT ( 'NONE',  ( -0.4959453230275510105, -0.2863341657532930129, 2.063541666666659502 ) ) ;
#59 = VERTEX_POINT ( 'NONE', #1718 ) ;
#60 = CARTESIAN_POINT ( 'NONE',  ( 0.5109500922155174596, -0.2989252289426669873, 1.786458333333333703 ) ) ;
#61 = AXIS2_PLACEMENT_3D ( 'NONE', #2179, #3327, #198 ) ;
#62 = EDGE_CURVE ( 'NONE', #3135, #59, #147, .T. ) ;
#63 = CARTESIAN_POINT ( 'NONE',  ( 0.4175893270106283972, 0.7137815228878489071, 2.398958333333334636 ) ) ;
#64 = CARTESIAN_POINT ( 'NONE',  ( 0.2094395102402782372, 0.7999999999997341460, 1.363541666666595598 ) ) ;
#65 = ORIENTED_EDGE ( 'NONE', *, *, #2049, .T. ) ;
#66 = CARTESIAN_POINT ( 'NONE',  ( -0.8000000000000000444, -7.500672410554620019E-17, 2.559375000000000178 ) ) ;
#67 = CIRCLE ( 'NONE', #3302, 0.9265853247356349298 ) ;
#68 = CARTESIAN_POINT ( 'NONE',  ( 0.8000000000000001554, 0.2094395102393200037, 0.9552083333333332149 ) ) ;
#69 = CARTESIAN_POINT ( 'NONE',  ( -0.9237604307034010809, 5.656401273199498780E-17, 1.815625000000003597 ) ) ;
#70 = CARTESIAN_POINT ( 'NONE',  ( 0.4959453230275520097, 0.2863341657532920137, 1.844791666666670160 ) ) ;
#71 = ORIENTED_EDGE ( 'NONE', *, *, #2109, .F. ) ;
#72 = CARTESIAN_POINT ( 'NONE',  ( 0.9059627718705380861, 0.1944011831242080102, 3.213000000000000078 ) ) ;
#73 =( BOUNDED_CURVE ( )  B_SPLINE_CURVE ( 2, ( #3445, #14, #574, #1164, #770, #297, #2298, #468, #3635 ),
 .UNSPECIFIED., .F., .F. ) 
 B_SPLINE_CURVE_WITH_KNOTS ( ( 3, 2, 2, 2, 3 ),
 ( 0.5000000000000000000, 0.5833333333333317050, 0.7500000000000005551, 0.9166666666666705154, 1.000000000000000000 ),
 .UNSPECIFIED. ) 
 CURVE ( )  GEOMETRIC_REPRESENTATION_ITEM ( )  RATIONAL_B_SPLINE_CURVE ( ( 0.9330127018922194093, 0.9330127018922176330, 1.000000000000000000, 0.8660254037844389297, 1.000000000000000000, 0.8660254037844389297, 1.000000000000000000, 0.9330127018922198534, 0.9330127018922194093 ) ) 
 REPRESENTATION_ITEM ( '' )  );
#74 = CARTESIAN_POINT ( 'NONE',  ( -0.6928311624132799107, -0.4000062581222680325, 1.188534440409510173 ) ) ;
#75 = CARTESIAN_POINT ( 'NONE',  ( 0.2314560923820364047, -0.5254326903809792837, 2.801050775504358104 ) ) ;
#76 = CARTESIAN_POINT ( 'NONE',  ( -0.8000000000000000444, -9.797174393178831081E-17, 0.000000000000000000 ) ) ;
#77 = EDGE_CURVE ( 'NONE', #1029, #2113, #1616, .T. ) ;
#78 = CARTESIAN_POINT ( 'NONE',  ( -0.6612604307034024576, 4.049052349318610191E-17, 0.6343750000000006883 ) ) ;
#79 = VERTEX_POINT ( 'NONE', #1455 ) ;
#80 = CARTESIAN_POINT ( 'NONE',  ( 0.000000000000000000, 0.000000000000000000, 0.000000000000000000 ) ) ;
#81 = CARTESIAN_POINT ( 'NONE',  ( -0.9799036712383559777, -0.2197424177265140111, 3.502651636920829592 ) ) ;
#82 = CARTESIAN_POINT ( 'NONE',  ( -0.8000000000000000444, 6.535771358047130506E-16, 2.865625000000000089 ) ) ;
#83 = CARTESIAN_POINT ( 'NONE',  ( -0.7137815228871936535, 0.4175893270117200795, 1.436458333333241244 ) ) ;
#84 = ORIENTED_EDGE ( 'NONE', *, *, #1756, .T. ) ;
#85 = CARTESIAN_POINT ( 'NONE',  ( -0.5726683315065846935, -0.1499242186003852673, 2.005208333333333481 ) ) ;
#86 = EDGE_CURVE ( 'NONE', #127, #510, #1523, .T. ) ;
#87 = B_SPLINE_CURVE_WITH_KNOTS ( 'NONE', 3,
 ( #840, #2519, #509, #239, #3110, #1970, #2845, #3149, #2291, #1415, #2557 ),
 .UNSPECIFIED., .F., .F.,
 ( 4, 2, 2, 1, 2, 4 ),
 ( 0.000000000000000000, 0.03407304227890946974, 0.05110956341836420808, 0.05962782398809158418, 0.06388695427295526530, 0.06814608455781895335 ),
 .UNSPECIFIED. ) ;
#88 = FACE_OUTER_BOUND ( 'NONE', #1132, .T. ) ;
#89 = CARTESIAN_POINT ( 'NONE',  ( -9.797174393178831081E-17, -0.8000000000000000444, 2.603124999999999911 ) ) ;
#90 = CARTESIAN_POINT ( 'NONE',  ( -0.4959453230275510105, -0.2863341657532930129, 2.019791666666659768 ) ) ;
#91 = VERTEX_POINT ( 'NONE', #2763 ) ;
#92 = CARTESIAN_POINT ( 'NONE',  ( 1.053716265586979839, 0.2450864965515460181, 3.792335783456329601 ) ) ;
#93 = CARTESIAN_POINT ( 'NONE',  ( 0.000000000000000000, 0.8000125162445370641, 0.7218677737428460528 ) ) ;
#94 = CARTESIAN_POINT ( 'NONE',  ( 0.2989252289426663212, -0.5109500922155180147, 1.407291666666666829 ) ) ;
#95 = VECTOR ( 'NONE', #822, 1000.000000000000114 ) ;
#96 = CARTESIAN_POINT ( 'NONE',  ( 0.4959453230275520097, 0.2863341657532920137, 1.538541666666660035 ) ) ;
#97 = CARTESIAN_POINT ( 'NONE',  ( 0.000000000000000000, 0.5726683315065850266, 1.596875000000000044 ) ) ;
#98 = CARTESIAN_POINT ( 'NONE',  ( -0.3640523928554813549, -0.6709498907182310790, 0.1905041649566586170 ) ) ;
#99 = CARTESIAN_POINT ( 'NONE',  ( -0.4618802153516995967, -0.7999999999999970468, 1.567708333333332593 ) ) ;
#100 = CARTESIAN_POINT ( 'NONE',  ( 0.000000000000000000, -8.120284726157790267E-16, 3.788750244264619926 ) ) ;
#101 = CARTESIAN_POINT ( 'NONE',  ( 0.6248122131836379989, -0.2990559319219829870, 4.409209252490970066 ) ) ;
#102 = ORIENTED_EDGE ( 'NONE', *, *, #2317, .T. ) ;
#103 = CARTESIAN_POINT ( 'NONE',  ( 0.9059627718705380861, 0.1944011831242080102, 3.213000000000000078 ) ) ;
#104 = DIRECTION ( 'NONE',  ( 1.000000000000000000, 0.000000000000000000, 0.000000000000000000 ) ) ;
#105 = CARTESIAN_POINT ( 'NONE',  ( 0.4618802153517005404, 0.8000000000000000444, 3.098958333333331705 ) ) ;
#106 = CARTESIAN_POINT ( 'NONE',  ( 0.3306302153517012288, -0.5726683315065848046, 3.157291666666661722 ) ) ;
#107 = ORIENTED_EDGE ( 'NONE', *, *, #3548, .T. ) ;
#108 = CARTESIAN_POINT ( 'NONE',  ( -0.8000000000000003775, -0.1111616922250679429, 2.873730540058072602 ) ) ;
#109 = CARTESIAN_POINT ( 'NONE',  ( 0.4618874416088531998, 0.8000125162445358429, 1.042701107076179801 ) ) ;
#110 = B_SPLINE_CURVE_WITH_KNOTS ( 'NONE', 3,
 ( #3103, #2551, #1424, #810, #520, #1927, #1075, #1130, #2209, #3378 ),
 .UNSPECIFIED., .F., .F.,
 ( 4, 2, 2, 2, 4 ),
 ( 0.000000000000000000, 0.1250000000000000278, 0.2500000000000000555, 0.3750000000000000000, 0.5000000000000000000 ),
 .UNSPECIFIED. ) ;
#111 = CARTESIAN_POINT ( 'NONE',  ( 0.3306302153517012288, -0.5726683315065848046, 0.4010416666666669072 ) ) ;
#112 = CARTESIAN_POINT ( 'NONE',  ( 0.000000000000000000, 0.8000000000000000444, 0.3281250000000000000 ) ) ;
#113 = FACE_OUTER_BOUND ( 'NONE', #296, .T. ) ;
#114 = CARTESIAN_POINT ( 'NONE',  ( 0.7137815228881564389, 0.4175893270101302956, 1.669791666666624819 ) ) ;
#115 = CARTESIAN_POINT ( 'NONE',  ( 0.5970498985027618000, 0.5327585776269166962, 0.2809082065433596287 ) ) ;
#116 = VECTOR ( 'NONE', #3470, 1000.000000000000000 ) ;
#117 = CARTESIAN_POINT ( 'NONE',  ( 0.000000000000000000, 0.000000000000000000, 0.000000000000000000 ) ) ;
#118 = PLANE ( 'NONE',  #2252 ) ;
#119 = ORIENTED_EDGE ( 'NONE', *, *, #578, .T. ) ;
#120 = AXIS2_PLACEMENT_3D ( 'NONE', #2050, #2083, #3206 ) ;
#121 = CARTESIAN_POINT ( 'NONE',  ( -0.4175893270106317834, -0.7137815228878467977, 1.873958333333332726 ) ) ;
#122 = EDGE_CURVE ( 'NONE', #1410, #2611, #3145, .T. ) ;
#123 = CARTESIAN_POINT ( 'NONE',  ( 0.4101742972886106009, 0.4014337686502480462, 0.4580949920067007852 ) ) ;
#124 = CARTESIAN_POINT ( 'NONE',  ( -9.797174393178831081E-17, -0.8000000000000000444, 3.303125000000000089 ) ) ;
#125 = CARTESIAN_POINT ( 'NONE',  ( 0.3306302153517012288, 0.5726683315065848046, 3.623958333333330728 ) ) ;
#126 = CARTESIAN_POINT ( 'NONE',  ( -0.6510765967915591590, 0.2869098870486266883, 0.1376135798008746858 ) ) ;
#127 = VERTEX_POINT ( 'NONE', #2873 ) ;
#128 = CARTESIAN_POINT ( 'NONE',  ( -0.6827231086005781657, -0.4189162062321968860, 2.896339834680162983 ) ) ;
#129 = AXIS2_PLACEMENT_3D ( 'NONE', #2370, #953, #897 ) ;
#130 = CIRCLE ( 'NONE', #3484, 1.600000000000000089 ) ;
#131 = DIRECTION ( 'NONE',  ( 0.000000000000000000, 0.000000000000000000, 1.000000000000000000 ) ) ;
#132 = ORIENTED_EDGE ( 'NONE', *, *, #2750, .F. ) ;
#133 = CARTESIAN_POINT ( 'NONE',  ( 0.1499242186003839628, 0.5726683315065851376, 0.8385416666666667407 ) ) ;
#134 = CARTESIAN_POINT ( 'NONE',  ( -0.9237604307034010809, 5.656401273199498780E-17, 0.4156249999999989675 ) ) ;
#135 = ORIENTED_EDGE ( 'NONE', *, *, #1072, .T. ) ;
#136 = FACE_OUTER_BOUND ( 'NONE', #1598, .T. ) ;
#137 = CARTESIAN_POINT ( 'NONE',  ( 0.4008788451679308196, 0.6942822327440886232, 0.2989561185818350730 ) ) ;
#138 = CARTESIAN_POINT ( 'NONE',  ( 0.6691693292864426823, 0.2054141530492198664, 3.000000000000000444 ) ) ;
#139 = CARTESIAN_POINT ( 'NONE',  ( -0.05293106377883457364, -0.6121240029035528440, 0.04128436406270641346 ) ) ;
#140 = ORIENTED_EDGE ( 'NONE', *, *, #1959, .F. ) ;
#141 = CARTESIAN_POINT ( 'NONE',  ( 0.7137815228878504614, -0.4175893270106253441, 0.5614583333333335036 ) ) ;
#142 = FACE_OUTER_BOUND ( 'NONE', #1138, .T. ) ;
#143 = DIRECTION ( 'NONE',  ( 0.000000000000000000, 0.000000000000000000, -1.000000000000000000 ) ) ;
#144 = CARTESIAN_POINT ( 'NONE',  ( 0.6151889798204661641, 0.05283200648515828934, 0.04476898946470057872 ) ) ;
#145 = ORIENTED_EDGE ( 'NONE', *, *, #662, .F. ) ;
#146 = CARTESIAN_POINT ( 'NONE',  ( 0.4796311628700685725, -0.6407121084020613866, 2.989216955271884579 ) ) ;
#147 = CIRCLE ( 'NONE', #446, 1.600000000000000089 ) ;
#148 = B_SPLINE_CURVE_WITH_KNOTS ( 'NONE', 3,
 ( #3102, #2855, #2549, #3674 ),
 .UNSPECIFIED., .F., .F.,
 ( 4, 4 ),
 ( 0.000000000000000000, 0.0009000375269246578937 ),
 .UNSPECIFIED. ) ;
#149 = CARTESIAN_POINT ( 'NONE',  ( -0.4618874416088531998, -0.8000125162445358429, 2.967701107076168743 ) ) ;
#150 = ORIENTED_EDGE ( 'NONE', *, *, #1555, .T. ) ;
#151 = CARTESIAN_POINT ( 'NONE',  ( -0.5726683315065850266, 0.02748135400993739763, 0.2378256851161220098 ) ) ;
#152 = CARTESIAN_POINT ( 'NONE',  ( 0.4959453230275520097, 0.2863341657532920137, 2.238541666666659768 ) ) ;
#153 = CARTESIAN_POINT ( 'NONE',  ( 0.7137815228878504614, -0.4175893270106253441, 2.661458333333333037 ) ) ;
#154 = DIRECTION ( 'NONE',  ( 1.000000000000000000, 1.224646799147353207E-16, 0.000000000000000000 ) ) ;
#155 = VECTOR ( 'NONE', #2269, 1000.000000000000000 ) ;
#156 = AXIS2_PLACEMENT_3D ( 'NONE', #743, #1033, #760 ) ;
#157 = CARTESIAN_POINT ( 'NONE',  ( 0.3066382186481001471, 0.7389000076961438346, 0.3065335670006708035 ) ) ;
#158 = CARTESIAN_POINT ( 'NONE',  ( 0.2266455651233909296, 0.5728615926022102567, 3.000000000000000000 ) ) ;
#159 = EDGE_CURVE ( 'NONE', #1036, #701, #3053, .T. ) ;
#160 = CARTESIAN_POINT ( 'NONE',  ( 0.1759003139246105851, -0.6351693431400418088, 0.08612626993744745829 ) ) ;
#161 = ORIENTED_EDGE ( 'NONE', *, *, #1356, .F. ) ;
#162 = CARTESIAN_POINT ( 'NONE',  ( -0.8000000000000000444, 1.677063986631030025E-15, 1.815625000000000044 ) ) ;
#163 = CARTESIAN_POINT ( 'NONE',  ( -0.1103706766175889947, -1.143806143254389899E-15, 2.252526915601830382 ) ) ;
#164 = EDGE_CURVE ( 'NONE', #91, #1984, #73, .T. ) ;
#165 = CARTESIAN_POINT ( 'NONE',  ( -0.4959453230275510105, 0.2863341657532930129, 2.355208333333330462 ) ) ;
#166 = CARTESIAN_POINT ( 'NONE',  ( 0.6153549369767776778, 0.04567016145213388667, 0.04434203177384119648 ) ) ;
#167 = ORIENTED_EDGE ( 'NONE', *, *, #3523, .T. ) ;
#168 = DIRECTION ( 'NONE',  ( -2.763631127140409883E-16, 1.000000000000000000, 0.000000000000000000 ) ) ;
#169 = CARTESIAN_POINT ( 'NONE',  ( 0.000000000000000000, 0.8000125162445370641, 3.171867773742839791 ) ) ;
#170 = ORIENTED_EDGE ( 'NONE', *, *, #674, .T. ) ;
#171 = EDGE_CURVE ( 'NONE', #2415, #722, #3526, .T. ) ;
#172 = CARTESIAN_POINT ( 'NONE',  ( 0.7137815228875449280, -0.4175893270111195044, 1.261458333333291826 ) ) ;
#173 = EDGE_CURVE ( 'NONE', #701, #2841, #794, .T. ) ;
#174 = CARTESIAN_POINT ( 'NONE',  ( -0.6612604307034024576, 4.049052349318610191E-17, 3.084375000000001865 ) ) ;
#175 = VERTEX_POINT ( 'NONE', #2395 ) ;
#176 = CARTESIAN_POINT ( 'NONE',  ( 0.4175893270106263433, -0.7137815228878500173, 0.8822916666666668073 ) ) ;
#177 = CARTESIAN_POINT ( 'NONE',  ( 0.4552064500068233044, 0.6579953017101575208, 0.2942025167581253098 ) ) ;
#178 = CARTESIAN_POINT ( 'NONE',  ( 0.7310100915682716805, -0.2039394643104300853, 2.999999999999999556 ) ) ;
#179 = CARTESIAN_POINT ( 'NONE',  ( 0.7520780161064807290, -0.2465226291252580193, 0.2157999060476864239 ) ) ;
#180 = ORIENTED_EDGE ( 'NONE', *, *, #171, .F. ) ;
#181 = CARTESIAN_POINT ( 'NONE',  ( 0.5510300286874612041, -0.2367004362234459702, 0.02699127401601098680 ) ) ;
#182 = CIRCLE ( 'NONE', #842, 2.154970731095211089 ) ;
#183 = DIRECTION ( 'NONE',  ( 0.000000000000000000, 0.000000000000000000, -1.000000000000000000 ) ) ;
#184 = CARTESIAN_POINT ( 'NONE',  ( -0.2999999999999999889, -2.628701746071689607E-15, 4.419999999999999929 ) ) ;
#185 = CARTESIAN_POINT ( 'NONE',  ( 0.000000000000000000, 0.000000000000000000, 3.213000000000000078 ) ) ;
#186 = ORIENTED_EDGE ( 'NONE', *, *, #3554, .T. ) ;
#187 = CARTESIAN_POINT ( 'NONE',  ( 0.3259161219814456500, -0.7334400549741773023, 2.976147588475771322 ) ) ;
#188 = CARTESIAN_POINT ( 'NONE',  ( -0.6928311624132799107, -0.4000062581222680325, 2.238534440409510218 ) ) ;
#189 = ORIENTED_EDGE ( 'NONE', *, *, #506, .F. ) ;
#190 = CARTESIAN_POINT ( 'NONE',  ( 0.3946759194292230322, 0.3946759194292219775, 4.412318255877679896 ) ) ;
#191 = CARTESIAN_POINT ( 'NONE',  ( -0.6928203230275510327, 0.4000000000000000222, 0.3864583333333319604 ) ) ;
#192 = CARTESIAN_POINT ( 'NONE',  ( -0.5726683315065850266, -7.013164391525951138E-17, 0.000000000000000000 ) ) ;
#193 = ADVANCED_FACE ( 'NONE', ( #1257 ), #1829, .T. ) ;
#194 = CARTESIAN_POINT ( 'NONE',  ( 0.5726683315065851376, -0.1499242186003839350, 0.7510416666666668295 ) ) ;
#195 = DIRECTION ( 'NONE',  ( 1.000000000000000000, 0.000000000000000000, 0.000000000000000000 ) ) ;
#196 = LINE ( 'NONE', #3057, #1241 ) ;
#197 = ORIENTED_EDGE ( 'NONE', *, *, #2351, .F. ) ;
#198 = DIRECTION ( 'NONE',  ( 0.08715574274765847118, 8.881784197001245421E-16, 0.9961946980917456562 ) ) ;
#199 = DIRECTION ( 'NONE',  ( 0.000000000000000000, 0.9961946980917456562, -0.08715574274765836016 ) ) ;
#200 = CARTESIAN_POINT ( 'NONE',  ( -0.5726683315065848046, 0.1534460169580691147, 2.368744630441515397 ) ) ;
#201 = CARTESIAN_POINT ( 'NONE',  ( 0.8000000000000000444, -6.735352540980969709E-13, 1.640624999999948930 ) ) ;
#202 = ORIENTED_EDGE ( 'NONE', *, *, #1294, .T. ) ;
#203 = CARTESIAN_POINT ( 'NONE',  ( -0.5109500922155155722, 0.2989252289426704845, 2.311458333333333393 ) ) ;
#204 = EDGE_CURVE ( 'NONE', #1772, #3111, #1105, .T. ) ;
#205 = CARTESIAN_POINT ( 'NONE',  ( -0.4618874416088531998, 0.8000125162445367311, 2.851034440409512705 ) ) ;
#206 = ORIENTED_EDGE ( 'NONE', *, *, #783, .F. ) ;
#207 = B_SPLINE_CURVE_WITH_KNOTS ( 'NONE', 3,
 ( #2289, #878, #583, #1727 ),
 .UNSPECIFIED., .F., .F.,
 ( 4, 4 ),
 ( 0.002525308777030309867, 0.003425349241126470195 ),
 .UNSPECIFIED. ) ;
#208 = AXIS2_PLACEMENT_3D ( 'NONE', #569, #550, #1084 ) ;
#209 = AXIS2_PLACEMENT_3D ( 'NONE', #3084, #1648, #3139 ) ;
#210 = DIRECTION ( 'NONE',  ( 1.000000000000000000, 6.982962677686270655E-15, 0.000000000000000000 ) ) ;
#211 = CARTESIAN_POINT ( 'NONE',  ( -0.6497436373264634524, -0.05726279536198814607, 3.000000000000000000 ) ) ;
#212 = CARTESIAN_POINT ( 'NONE',  ( -0.3368062217842520134, -0.4680214282024777739, 0.2933305813451922983 ) ) ;
#213 = CARTESIAN_POINT ( 'NONE',  ( 0.5726705512146791355, 0.1534421723108723434, 2.925004977933734374 ) ) ;
#214 = CARTESIAN_POINT ( 'NONE',  ( -0.5726683315065848046, 0.1534460169580691147, 2.018744630441517529 ) ) ;
#215 = ORIENTED_EDGE ( 'NONE', *, *, #2892, .F. ) ;
#216 = FACE_OUTER_BOUND ( 'NONE', #1200, .T. ) ;
#217 =( BOUNDED_CURVE ( )  B_SPLINE_CURVE ( 2, ( #2249, #3657, #2804, #796, #833, #2840, #3398, #214, #1372 ),
 .UNSPECIFIED., .F., .T. ) 
 B_SPLINE_CURVE_WITH_KNOTS ( ( 3, 2, 2, 2, 3 ),
 ( 0.5000000000000000000, 0.5833333333333520221, 0.7500000000000127676, 0.9166666666666746233, 1.000000000000000000 ),
 .UNSPECIFIED. ) 
 CURVE ( )  GEOMETRIC_REPRESENTATION_ITEM ( )  RATIONAL_B_SPLINE_CURVE ( ( 0.9330127018922195203, 0.9330127018921980930, 1.000000000000000000, 0.8660254037844389297, 1.000000000000000000, 0.8660254037844389297, 1.000000000000000000, 0.9330127018922198534, 0.9330127018922194093 ) ) 
 REPRESENTATION_ITEM ( '' )  );
#218 = CARTESIAN_POINT ( 'NONE',  ( -0.8000000000000001554, 0.2094395102393199204, 2.851041666666667140 ) ) ;
#219 = CARTESIAN_POINT ( 'NONE',  ( 0.000000000000000000, 0.000000000000000000, 0.000000000000000000 ) ) ;
#220 = CARTESIAN_POINT ( 'NONE',  ( 0.5726683315065853597, -4.839913391343335824E-16, 0.7656250000000002220 ) ) ;
#221 = VERTEX_POINT ( 'NONE', #2033 ) ;
#222 = CARTESIAN_POINT ( 'NONE',  ( -0.1944011831242030142, -0.9059627718705399735, 3.213000000000000078 ) ) ;
#223 = ADVANCED_FACE ( 'NONE', ( #3263 ), #2340, .T. ) ;
#224 = PRODUCT_DEFINITION_CONTEXT ( 'detailed design', #3630, 'design' ) ;
#225 = DIRECTION ( 'NONE',  ( -3.561816590190170287E-31, 1.020144816632569995E-16, -1.000000000000000000 ) ) ;
#226 = CARTESIAN_POINT ( 'NONE',  ( 0.6928311624132799107, 0.4000062581222680325, 2.413534440409510040 ) ) ;
#227 = EDGE_LOOP ( 'NONE', ( #3181, #3581, #646, #2779 ) ) ;
#228 = CARTESIAN_POINT ( 'NONE',  ( -0.6928203230275514768, -0.3999999999999998557, 0.4885416666666653196 ) ) ;
#229 = CARTESIAN_POINT ( 'NONE',  ( -0.4955974322951358646, -0.5259479675508510477, 3.000000000000000888 ) ) ;
#230 = CARTESIAN_POINT ( 'NONE',  ( -0.001468971690109286896, -0.5875553932130538337, 0.3281551150894232438 ) ) ;
#231 = EDGE_CURVE ( 'NONE', #1041, #3472, #2635, .T. ) ;
#232 = AXIS2_PLACEMENT_3D ( 'NONE', #2447, #2482, #2733 ) ;
#233 = DIRECTION ( 'NONE',  ( 0.000000000000000000, 0.000000000000000000, 1.000000000000000000 ) ) ;
#234 = CARTESIAN_POINT ( 'NONE',  ( 0.000000000000000000, -8.673617379884039416E-16, 3.255599999999999827 ) ) ;
#235 = ORIENTED_EDGE ( 'NONE', *, *, #3563, .F. ) ;
#236 = CARTESIAN_POINT ( 'NONE',  ( 0.5726683315065853597, -3.288016507657826581E-15, 2.165624999999998135 ) ) ;
#237 = CARTESIAN_POINT ( 'NONE',  ( -0.8000000000000000444, 2.676011623998729791E-16, 1.159375000000000044 ) ) ;
#238 = DIRECTION ( 'NONE',  ( -0.01733375049385939282, -0.08714264840443985971, 0.9960450290638855897 ) ) ;
#239 = CARTESIAN_POINT ( 'NONE',  ( 0.7948720499702800479, -0.09172429090796681284, 0.2339430399571041652 ) ) ;
#240 = VERTEX_POINT ( 'NONE', #3505 ) ;
#241 = DIRECTION ( 'NONE',  ( 0.000000000000000000, 0.000000000000000000, 1.000000000000000000 ) ) ;
#242 = CARTESIAN_POINT ( 'NONE',  ( 0.4534281186115093343, -0.3501176191551021999, 2.829353847461662852 ) ) ;
#243 = CARTESIAN_POINT ( 'NONE',  ( -0.3306302153517012288, 0.5726683315065848046, 0.5322916666666679397 ) ) ;
#244 = EDGE_CURVE ( 'NONE', #626, #1848, #2681, .T. ) ;
#245 = EDGE_LOOP ( 'NONE', ( #2579, #3410, #3678, #351 ) ) ;
#246 = CARTESIAN_POINT ( 'NONE',  ( 0.000000000000000000, 0.000000000000000000, 0.000000000000000000 ) ) ;
#247 = CARTESIAN_POINT ( 'NONE',  ( 0.000000000000000000, 0.000000000000000000, -1.079092098222560088E-17 ) ) ;
#248 = CYLINDRICAL_SURFACE ( 'NONE', #209, 0.5726683315065850266 ) ;
#249 = VECTOR ( 'NONE', #1388, 1000.000000000000114 ) ;
#250 = PLANE ( 'NONE',  #2818 ) ;
#251 = CARTESIAN_POINT ( 'NONE',  ( 0.2094395102393145636, -0.8000000000000013767, 2.267708333333332327 ) ) ;
#252 = ORIENTED_EDGE ( 'NONE', *, *, #891, .T. ) ;
#253 = CARTESIAN_POINT ( 'NONE',  ( 0.1243982637450919970, -0.3003239754690650298, 2.233743304966979704 ) ) ;
#254 = CARTESIAN_POINT ( 'NONE',  ( -0.6928203230275513658, -0.3999999999999998002, 1.188541666666662389 ) ) ;
#255 = CARTESIAN_POINT ( 'NONE',  ( 0.4426625382663244013, 0.3633870228363835775, 2.903435686913730773 ) ) ;
#256 = FACE_OUTER_BOUND ( 'NONE', #3399, .T. ) ;
#257 = ORIENTED_EDGE ( 'NONE', *, *, #173, .F. ) ;
#258 = CARTESIAN_POINT ( 'NONE',  ( 0.7999999999999990452, -3.014052626701681893E-15, 2.034374999999998490 ) ) ;
#259 = DIRECTION ( 'NONE',  ( 0.000000000000000000, 0.000000000000000000, 1.000000000000000000 ) ) ;
#260 = CARTESIAN_POINT ( 'NONE',  ( -0.4959453230275510105, -0.2863341657532930129, 1.669791666666670116 ) ) ;
#261 = EDGE_LOOP ( 'NONE', ( #1087, #2563, #1195, #285 ) ) ;
#262 = CARTESIAN_POINT ( 'NONE',  ( 0.4618802153517005404, 0.8000000000000000444, 0.6489583333333315274 ) ) ;
#263 = CARTESIAN_POINT ( 'NONE',  ( 0.8000000000000008216, -4.079866730341832724E-15, 2.734374999999997335 ) ) ;
#264 = CARTESIAN_POINT ( 'NONE',  ( 0.3006987911525860202, -0.6251389982024619929, 4.427987219422709231 ) ) ;
#265 = CARTESIAN_POINT ( 'NONE',  ( -0.6279531466564237663, -0.2677032776225151123, 3.000000000000000000 ) ) ;
#266 = CARTESIAN_POINT ( 'NONE',  ( 0.000000000000000000, 0.000000000000000000, 0.000000000000000000 ) ) ;
#267 = CARTESIAN_POINT ( 'NONE',  ( -0.8000000000000014877, -0.2094395102393133978, 2.180208333333332860 ) ) ;
#268 = ORIENTED_EDGE ( 'NONE', *, *, #3374, .T. ) ;
#269 = FILL_AREA_STYLE ('',( #2997 ) ) ;
#270 = CARTESIAN_POINT ( 'NONE',  ( -0.6230442147037800193, 0.2901676033421879963, 4.307615191939739852 ) ) ;
#271 = EDGE_CURVE ( 'NONE', #658, #2918, #1816, .T. ) ;
#272 = CARTESIAN_POINT ( 'NONE',  ( 0.5726683315065850266, 0.000000000000000000, 0.000000000000000000 ) ) ;
#273 = CARTESIAN_POINT ( 'NONE',  ( 0.8000000000000000444, 0.000000000000000000, 0.000000000000000000 ) ) ;
#274 = VERTEX_POINT ( 'NONE', #2072 ) ;
#275 = CARTESIAN_POINT ( 'NONE',  ( -0.3306302153517012288, -0.5726683315065848046, 1.392708333333330328 ) ) ;
#276 = CARTESIAN_POINT ( 'NONE',  ( 0.5726684073021106602, -0.01245696217067072432, 2.864356815341308149 ) ) ;
#277 = CARTESIAN_POINT ( 'NONE',  ( -0.3306302153517012288, -0.5726683315065848046, 0.9989583333333343917 ) ) ;
#278 = VECTOR ( 'NONE', #2523, 1000.000000000000000 ) ;
#279 = ORIENTED_EDGE ( 'NONE', *, *, #304, .F. ) ;
#280 = CARTESIAN_POINT ( 'NONE',  ( -0.6207650874406633879, 0.5049232141662731710, 0.3780051035713163365 ) ) ;
#281 = CARTESIAN_POINT ( 'NONE',  ( -0.6864956635474220858, 0.1995437488380437940, 0.1422280653419287222 ) ) ;
#282 = CARTESIAN_POINT ( 'NONE',  ( -0.5115105049484437449, 0.2995193316085201229, 3.000000000000000888 ) ) ;
#283 = EDGE_CURVE ( 'NONE', #586, #658, #3354, .T. ) ;
#284 = CARTESIAN_POINT ( 'NONE',  ( -0.3306302153517012288, -0.5726683315065848046, -0.007291666666664999713 ) ) ;
#285 = ORIENTED_EDGE ( 'NONE', *, *, #1888, .T. ) ;
#286 = DIRECTION ( 'NONE',  ( 1.000000000000000000, 0.000000000000000000, 0.000000000000000000 ) ) ;
#287 = EDGE_CURVE ( 'NONE', #1976, #2444, #1404, .T. ) ;
#288 = CARTESIAN_POINT ( 'NONE',  ( -0.8000000000000000444, 6.535771358047130506E-16, 2.865625000000000089 ) ) ;
#289 = CARTESIAN_POINT ( 'NONE',  ( 0.1401248276354787048, 0.5555965858633100662, 2.939888870641149676 ) ) ;
#290 = CARTESIAN_POINT ( 'NONE',  ( 0.000000000000000000, 0.000000000000000000, 0.000000000000000000 ) ) ;
#291 = ORIENTED_EDGE ( 'NONE', *, *, #2527, .T. ) ;
#292 = CARTESIAN_POINT ( 'NONE',  ( -7.013164391525951138E-17, -0.5726683315065850266, 1.421875000000000000 ) ) ;
#293 = B_SPLINE_CURVE_WITH_KNOTS ( 'NONE', 3,
 ( #3532, #2975, #1025, #1877, #3034, #3323, #1599, #3604, #1318, #1561 ),
 .UNSPECIFIED., .F., .F.,
 ( 4, 2, 2, 2, 4 ),
 ( 0.5000000000000000000, 0.6250000000000000000, 0.7500000000000000000, 0.8750000000000000000, 1.000000000000000000 ),
 .UNSPECIFIED. ) ;
#294 = LINE ( 'NONE', #2832, #3265 ) ;
#295 = CARTESIAN_POINT ( 'NONE',  ( 0.6612604307034024576, -1.214715704795581023E-16, 1.115625000000000311 ) ) ;
#296 = EDGE_LOOP ( 'NONE', ( #378, #972, #1914, #49 ) ) ;
#297 = CARTESIAN_POINT ( 'NONE',  ( -0.4618802153516996523, 0.7999999999999981570, 2.501041666666664831 ) ) ;
#298 = B_SPLINE_CURVE_WITH_KNOTS ( 'NONE', 3,
 ( #759, #2732, #3017, #723, #1567, #2691, #1306, #1863, #457, #1287, #2425, #2751, #2712, #181, #3041, #2446, #1842, #3573, #2979, #2407, #1604, #475, #1584 ),
 .UNSPECIFIED., .F., .F.,
 ( 4, 2, 2, 2, 2, 2, 2, 2, 1, 2, 2, 4 ),
 ( 0.000000000000000000, 0.03378856684130838312, 0.06757713368261676623, 0.08447141710327103759, 0.1013657005239253228, 0.1351542673652339488, 0.1393778382203974819, 0.1436014090755610428, 0.1520485507858881091, 0.1689428342065424360, 0.2027314010478512007, 0.2703085347304686192 ),
 .UNSPECIFIED. ) ;
#299 = VECTOR ( 'NONE', #143, 1000.000000000000000 ) ;
#300 = CARTESIAN_POINT ( 'NONE',  ( -0.8000000000000001554, 0.07907094093810861091, 0.4098594105565965262 ) ) ;
#301 = CARTESIAN_POINT ( 'NONE',  ( -0.6838095244306597875, 0.2071610798536135389, 0.1418275426288029273 ) ) ;
#302 = CARTESIAN_POINT ( 'NONE',  ( -0.4019254999468168665, -0.4079312219425478281, 2.734268495574390112 ) ) ;
#303 = APPLICATION_CONTEXT ( 'automotive_design' ) ;
#304 = EDGE_CURVE ( 'NONE', #2349, #2434, #312, .T. ) ;
#305 = CARTESIAN_POINT ( 'NONE',  ( 0.4959453230275510105, -0.2863341657532930129, 1.830208333333329884 ) ) ;
#306 = ORIENTED_EDGE ( 'NONE', *, *, #2692, .F. ) ;
#307 = CARTESIAN_POINT ( 'NONE',  ( -0.4142979998217456994, -0.6374639124684315927, 0.1875831708137694620 ) ) ;
#308 = PLANE ( 'NONE',  #2441 ) ;
#309 = CARTESIAN_POINT ( 'NONE',  ( 0.4957979123028558588, 0.4036550563602241404, 0.06539867382601811940 ) ) ;
#310 = ORIENTED_EDGE ( 'NONE', *, *, #900, .F. ) ;
#311 = CARTESIAN_POINT ( 'NONE',  ( -0.4618802153516995412, -0.7999999999999970468, 1.917708333333334680 ) ) ;
#312 = B_SPLINE_CURVE_WITH_KNOTS ( 'NONE', 3,
 ( #671, #108, #612, #2640, #2055, #1516, #392, #2679, #333, #2931, #128, #633, #2911, #1275, #1754, #906, #942, #2658, #1202, #3487, #352, #1920, #445, #764, #1345, #3079, #1905, #2486, #462, #2202, #2720, #3629, #1572, #2126, #3579, #3597, #3352, #1870, #493, #2756, #3333, #1849, #3613, #2184, #187, #998, #1068, #3004, #2740, #146, #3281, #426, #1640, #782 ),
 .UNSPECIFIED., .F., .F.,
 ( 4, 2, 2, 2, 2, 2, 2, 2, 1, 2, 2, 2, 2, 2, 2, 2, 1, 2, 2, 1, 2, 2, 1, 2, 2, 2, 2, 2, 4 ),
 ( 0.000000000000000000, 0.1250000000000016653, 0.1406250000000018319, 0.1562500000000020262, 0.1875000000000023315, 0.2500000000000029421, 0.2812500000000031641, 0.2890625000000031086, 0.2968750000000030531, 0.3125000000000031641, 0.3750000000000029976, 0.4062500000000029421, 0.4375000000000029421, 0.5000000000000027756, 0.5625000000000025535, 0.5781250000000025535, 0.5937500000000025535, 0.6250000000000024425, 0.7500000000000018874, 0.7812500000000017764, 0.7851562500000017764, 0.7890625000000018874, 0.7968750000000021094, 0.8125000000000018874, 0.8750000000000012212, 0.8906250000000011102, 0.9062500000000009992, 0.9375000000000005551, 1.000000000000000000 ),
 .UNSPECIFIED. ) ;
#313 = CARTESIAN_POINT ( 'NONE',  ( -0.7137815228878460205, 0.4175893270106331712, 2.136458333333334014 ) ) ;
#314 = CARTESIAN_POINT ( 'NONE',  ( -0.6612604307034024576, 4.049052349318610191E-17, 0.2406250000000021982 ) ) ;
#315 = ORIENTED_EDGE ( 'NONE', *, *, #2913, .F. ) ;
#316 = CARTESIAN_POINT ( 'NONE',  ( -0.3306302153517012288, -0.5726683315065848046, 2.792708333333330462 ) ) ;
#317 = CARTESIAN_POINT ( 'NONE',  ( -0.6535023050551875823, 0.4614765446978396080, 0.3816224388222133057 ) ) ;
#318 = DIRECTION ( 'NONE',  ( 0.000000000000000000, 0.000000000000000000, -1.000000000000000000 ) ) ;
#319 = CARTESIAN_POINT ( 'NONE',  ( 7.707143155316019911E-16, -0.1103706766175889947, 2.252526915601830382 ) ) ;
#320 = CARTESIAN_POINT ( 'NONE',  ( 0.3306302153517012288, 0.5726683315065848046, 1.567708333333328818 ) ) ;
#321 = ORIENTED_EDGE ( 'NONE', *, *, #837, .F. ) ;
#322 = CARTESIAN_POINT ( 'NONE',  ( -0.6612206942222387251, -0.3369875901634116211, 0.1691950272156065305 ) ) ;
#323 = LINE ( 'NONE', #2329, #710 ) ;
#324 = CARTESIAN_POINT ( 'NONE',  ( 0.005009803407530217211, 0.5727379215780123989, 2.952680875604758448 ) ) ;
#325 = CARTESIAN_POINT ( 'NONE',  ( -0.4175893270096109888, 0.7137815228884275554, 1.407291666666583341 ) ) ;
#326 = ORIENTED_EDGE ( 'NONE', *, *, #283, .T. ) ;
#327 = EDGE_CURVE ( 'NONE', #79, #2444, #3066, .T. ) ;
#328 = FACE_OUTER_BOUND ( 'NONE', #3701, .T. ) ;
#329 = CYLINDRICAL_SURFACE ( 'NONE', #1707, 0.5726683315065850266 ) ;
#330 = CARTESIAN_POINT ( 'NONE',  ( 0.4618802153517005404, -0.8000000000000000444, 1.582291666666659102 ) ) ;
#331 = CARTESIAN_POINT ( 'NONE',  ( -0.3306302153517012288, -0.5726683315065848046, 1.698958333333329351 ) ) ;
#332 = EDGE_LOOP ( 'NONE', ( #365, #2077, #39, #2910 ) ) ;
#333 = CARTESIAN_POINT ( 'NONE',  ( -0.7289742765701822114, -0.3301468034287441955, 2.889693592599350325 ) ) ;
#334 = AXIS2_PLACEMENT_3D ( 'NONE', #3055, #398, #470 ) ;
#335 = CARTESIAN_POINT ( 'NONE',  ( 0.4618874416088531998, 0.8000125162445358429, 0.3427011070761799560 ) ) ;
#336 = CARTESIAN_POINT ( 'NONE',  ( -0.0001355604627992151390, 0.7999999885146004130, 0.02188355991075870838 ) ) ;
#337 = CARTESIAN_POINT ( 'NONE',  ( -0.3870715580738596784, -0.4221411128207184782, 2.736284490738254860 ) ) ;
#338 = DIRECTION ( 'NONE',  ( 0.000000000000000000, -1.000000000000000000, 0.000000000000000000 ) ) ;
#339 = CARTESIAN_POINT ( 'NONE',  ( -0.3306302153517012288, 0.5726683315065848046, 1.976041666666660035 ) ) ;
#340 = ORIENTED_EDGE ( 'NONE', *, *, #2185, .T. ) ;
#341 = CARTESIAN_POINT ( 'NONE',  ( 0.5726683315065846935, -0.1499242186003855448, 1.801041666666666874 ) ) ;
#342 = CARTESIAN_POINT ( 'NONE',  ( -0.2220952075380589752, -0.5278472664504030298, 0.000000000000000000 ) ) ;
#343 = FACE_OUTER_BOUND ( 'NONE', #3331, .T. ) ;
#344 = CARTESIAN_POINT ( 'NONE',  ( -0.8000000000000000444, 6.751530958737969004E-13, 1.465624999999900036 ) ) ;
#345 = EDGE_LOOP ( 'NONE', ( #2617, #2470, #132, #180 ) ) ;
#346 = CARTESIAN_POINT ( 'NONE',  ( -0.1944011831242110078, 0.9059627718705380861, 3.213000000000000078 ) ) ;
#347 = CIRCLE ( 'NONE', #831, 0.5726683315065850266 ) ;
#348 = DIRECTION ( 'NONE',  ( -0.01733375049386019426, 0.08714264840443956828, 0.9960450290638855897 ) ) ;
#349 = CARTESIAN_POINT ( 'NONE',  ( 0.6928203230275510327, -0.4000000000000000222, 2.661458333333330373 ) ) ;
#350 = CARTESIAN_POINT ( 'NONE',  ( -0.3306302153517012288, -0.5726683315065848046, 2.048958333333332327 ) ) ;
#351 = ORIENTED_EDGE ( 'NONE', *, *, #3407, .F. ) ;
#352 = CARTESIAN_POINT ( 'NONE',  ( -0.5111262446342174082, -0.6158638296996818973, 2.914133266533664113 ) ) ;
#353 = CARTESIAN_POINT ( 'NONE',  ( -0.4618874416088531998, 0.8000125162445367311, 1.101034440409510484 ) ) ;
#354 = VERTEX_POINT ( 'NONE', #222 ) ;
#355 = CARTESIAN_POINT ( 'NONE',  ( 0.01360366811655607487, -0.5725433993655114628, 2.779370271835329032 ) ) ;
#356 = AXIS2_PLACEMENT_3D ( 'NONE', #2041, #18, #892 ) ;
#357 = LINE ( 'NONE', #3508, #1328 ) ;
#358 = CARTESIAN_POINT ( 'NONE',  ( -0.3306302153517012288, 0.5726683315065848046, 0.5760416666666676733 ) ) ;
#359 = ORIENTED_EDGE ( 'NONE', *, *, #3411, .T. ) ;
#360 = CARTESIAN_POINT ( 'NONE',  ( -0.1645083244723528904, -0.7558119794284399173, 0.2006425497887103782 ) ) ;
#361 = ADVANCED_FACE ( 'NONE', ( #1293 ), #2432, .T. ) ;
#362 = CARTESIAN_POINT ( 'NONE',  ( 0.1499242186003807153, -0.5726683315065859148, 2.442708333333332593 ) ) ;
#363 = CARTESIAN_POINT ( 'NONE',  ( -0.5726683315065860258, -0.1534460169580671995, 2.050005369558479451 ) ) ;
#364 = DIRECTION ( 'NONE',  ( -0.9238795325112888479, 0.3826834323650849523, 0.000000000000000000 ) ) ;
#365 = ORIENTED_EDGE ( 'NONE', *, *, #945, .T. ) ;
#366 = DIRECTION ( 'NONE',  ( 0.000000000000000000, 0.000000000000000000, 1.000000000000000000 ) ) ;
#367 = VECTOR ( 'NONE', #3652, 1000.000000000000000 ) ;
#368 = CARTESIAN_POINT ( 'NONE',  ( -0.5726683315065849156, 0.1499242186003845456, 1.626041666666666607 ) ) ;
#369 = CARTESIAN_POINT ( 'NONE',  ( 0.000000000000000000, 0.8000000000000000444, 2.078125000000000000 ) ) ;
#370 = CARTESIAN_POINT ( 'NONE',  ( -0.6612604307034024576, 4.049052349318610191E-17, 3.390624999999990230 ) ) ;
#371 = VERTEX_POINT ( 'NONE', #2412 ) ;
#372 = CARTESIAN_POINT ( 'NONE',  ( 0.9799036712383579761, 0.2197424177265069889, 3.502651636920829592 ) ) ;
#373 = B_SPLINE_CURVE_WITH_KNOTS ( 'NONE', 3,
 ( #1253, #2391, #3538, #2011, #3461, #3169, #901, #313, #3188, #2029 ),
 .UNSPECIFIED., .F., .F.,
 ( 4, 2, 2, 2, 4 ),
 ( 0.5000000000000000000, 0.6250000000000000000, 0.7500000000000000000, 0.8750000000000000000, 1.000000000000000000 ),
 .UNSPECIFIED. ) ;
#374 = CARTESIAN_POINT ( 'NONE',  ( 0.4618874416088531998, -0.8000125162445367311, 0.5760344404095131265 ) ) ;
#375 = ADVANCED_FACE ( 'NONE', ( #3558 ), #709, .T. ) ;
#376 = CARTESIAN_POINT ( 'NONE',  ( -0.5726683315065850266, -7.013164391525951138E-17, 0.000000000000000000 ) ) ;
#377 = CARTESIAN_POINT ( 'NONE',  ( -0.3306302153517012288, -0.5726683315065848046, 1.392708333333330328 ) ) ;
#378 = ORIENTED_EDGE ( 'NONE', *, *, #921, .T. ) ;
#379 = CARTESIAN_POINT ( 'NONE',  ( 0.05285469507560695834, -0.7829206188253240439, 0.2101985427178152954 ) ) ;
#380 = CARTESIAN_POINT ( 'NONE',  ( -0.1499242186003880983, -0.5726683315065840274, 2.413541666666665808 ) ) ;
#381 = CARTESIAN_POINT ( 'NONE',  ( 0.4959453230275520097, 0.2863341657532920137, 1.188541666666669938 ) ) ;
#382 = DIRECTION ( 'NONE',  ( 0.01733375049386079447, -0.08714264840443956828, 0.9960450290638855897 ) ) ;
#383 = ORIENTED_EDGE ( 'NONE', *, *, #783, .T. ) ;
#384 = FACE_OUTER_BOUND ( 'NONE', #2899, .T. ) ;
#385 = B_SPLINE_CURVE_WITH_KNOTS ( 'NONE', 3,
 ( #2920, #81, #1801, #1192 ),
 .UNSPECIFIED., .F., .F.,
 ( 4, 4 ),
 ( 0.000000000000000000, 0.0009000375269246578937 ),
 .UNSPECIFIED. ) ;
#386 = VECTOR ( 'NONE', #2316, 1000.000000000000000 ) ;
#387 = TOROIDAL_SURFACE ( 'NONE', #993, 1.344400000000000039, 0.2555999999999999939 ) ;
#388 = CARTESIAN_POINT ( 'NONE',  ( 0.000000000000000000, 0.000000000000000000, 4.419999999999999929 ) ) ;
#389 = CARTESIAN_POINT ( 'NONE',  ( 0.6928203230275510327, 0.4000000000000000222, 3.069791666666660035 ) ) ;
#390 = CARTESIAN_POINT ( 'NONE',  ( -0.3306302153517012288, 0.5726683315065848046, 2.632291666666662699 ) ) ;
#391 = ORIENTED_EDGE ( 'NONE', *, *, #613, .T. ) ;
#392 = CARTESIAN_POINT ( 'NONE',  ( -0.7480065995384910238, -0.2838771371133388954, 2.886312389723085570 ) ) ;
#393 = CARTESIAN_POINT ( 'NONE',  ( 0.6928311624132790225, -0.4000062581222690317, 0.9552011070761790013 ) ) ;
#394 =( BOUNDED_CURVE ( )  B_SPLINE_CURVE ( 2, ( #2976, #1544, #1027, #2157, #1820, #455, #3587, #1336, #3308 ),
 .UNSPECIFIED., .F., .F. ) 
 B_SPLINE_CURVE_WITH_KNOTS ( ( 3, 2, 2, 2, 3 ),
 ( 0.000000000000000000, 0.08333333333338403814, 0.2500000000000432987, 0.4166666666667025454, 0.5000000000000000000 ),
 .UNSPECIFIED. ) 
 CURVE ( )  GEOMETRIC_REPRESENTATION_ITEM ( )  RATIONAL_B_SPLINE_CURVE ( ( 0.9330127018922194093, 0.9330127018921712256, 1.000000000000000000, 0.8660254037844389297, 1.000000000000000000, 0.8660254037844389297, 1.000000000000000000, 0.9330127018922409476, 0.9330127018922195203 ) ) 
 REPRESENTATION_ITEM ( '' )  );
#395 = CARTESIAN_POINT ( 'NONE',  ( -0.2954170345130009978, 0.4946185155315639959, 0.1831604911465490038 ) ) ;
#396 = CARTESIAN_POINT ( 'NONE',  ( 0.3306302153517012288, -0.5726683315065848046, 2.851041666666661367 ) ) ;
#397 = CARTESIAN_POINT ( 'NONE',  ( 0.4959453230275520097, 0.2863341657532920137, 1.538541666666660035 ) ) ;
#398 = DIRECTION ( 'NONE',  ( -5.100724083162849976E-17, 5.100724083162799440E-17, -1.000000000000000000 ) ) ;
#399 = CARTESIAN_POINT ( 'NONE',  ( -0.5109500922155182367, 0.2989252289426656550, 1.961458333333334192 ) ) ;
#400 = FACE_OUTER_BOUND ( 'NONE', #1546, .T. ) ;
#401 = ORIENTED_EDGE ( 'NONE', *, *, #2971, .T. ) ;
#402 = ADVANCED_FACE ( 'NONE', ( #2145 ), #2969, .F. ) ;
#403 = DIRECTION ( 'NONE',  ( 0.000000000000000000, 0.000000000000000000, 1.000000000000000000 ) ) ;
#404 = CARTESIAN_POINT ( 'NONE',  ( 0.5546198846857793852, 0.1486402371672951306, 0.4305687002466623281 ) ) ;
#405 = CARTESIAN_POINT ( 'NONE',  ( 0.000000000000000000, 0.8000000000000000444, 3.128124999999999822 ) ) ;
#406 = CARTESIAN_POINT ( 'NONE',  ( 0.4959453230275520097, 0.2863341657532920137, 2.544791666666660124 ) ) ;
#407 = CARTESIAN_POINT ( 'NONE',  ( -0.4959453230275510105, -0.2863341657532930129, -0.08020833333333070303 ) ) ;
#408 = ORIENTED_EDGE ( 'NONE', *, *, #3228, .F. ) ;
#409 = CARTESIAN_POINT ( 'NONE',  ( 0.000000000000000000, 1.344399999999999151, 3.255599999999999827 ) ) ;
#410 = FACE_OUTER_BOUND ( 'NONE', #1004, .T. ) ;
#411 = CARTESIAN_POINT ( 'NONE',  ( 0.4175893270102115085, -0.7137815228880761698, 1.232291666666633256 ) ) ;
#412 = CARTESIAN_POINT ( 'NONE',  ( -9.797174393178831081E-17, -0.8000000000000000444, 0.5031250000000000444 ) ) ;
#413 = ORIENTED_EDGE ( 'NONE', *, *, #231, .T. ) ;
#414 = CARTESIAN_POINT ( 'NONE',  ( -0.8000000000000000444, 1.677063986631030025E-15, 1.815625000000000044 ) ) ;
#415 = CARTESIAN_POINT ( 'NONE',  ( -0.4011452169614672103, 0.6941366233242488581, 0.3569544458546434762 ) ) ;
#416 = CARTESIAN_POINT ( 'NONE',  ( 0.5914439286892579917, -0.5386966486034748813, 3.000000000000000000 ) ) ;
#417 = CARTESIAN_POINT ( 'NONE',  ( -0.4959453230275510105, 0.2863341657532930129, 0.9552083333333329929 ) ) ;
#418 = EDGE_LOOP ( 'NONE', ( #3100, #1256, #2366, #766 ) ) ;
#419 = STYLED_ITEM ( 'NONE', ( #1393 ), #767 ) ;
#420 = DIRECTION ( 'NONE',  ( 0.000000000000000000, 0.000000000000000000, 1.000000000000000000 ) ) ;
#421 = EDGE_CURVE ( 'NONE', #856, #2890, #2499, .T. ) ;
#422 = DIRECTION ( 'NONE',  ( -1.070545148839908664E-14, 0.9961946980917455452, 0.08715574274765836016 ) ) ;
#423 = DIRECTION ( 'NONE',  ( 0.000000000000000000, 0.000000000000000000, 1.000000000000000000 ) ) ;
#424 = CARTESIAN_POINT ( 'NONE',  ( -0.2197424177265019929, -0.9799036712383589753, 3.502651636920829592 ) ) ;
#425 = ORIENTED_EDGE ( 'NONE', *, *, #2185, .F. ) ;
#426 = CARTESIAN_POINT ( 'NONE',  ( 0.5451963594667884605, -0.5869410404720660779, 2.995313460017103413 ) ) ;
#427 = AXIS2_PLACEMENT_3D ( 'NONE', #2321, #2914, #1205 ) ;
#428 = CIRCLE ( 'NONE', #2521, 0.9265853247356339306 ) ;
#429 = CARTESIAN_POINT ( 'NONE',  ( 0.6928311624132790225, -0.4000062581222690317, 3.055201107076169986 ) ) ;
#430 = EDGE_LOOP ( 'NONE', ( #119, #1626, #1464, #3434 ) ) ;
#431 =( BOUNDED_CURVE ( )  B_SPLINE_CURVE ( 2, ( #237, #3108, #254, #1135, #2270, #2232, #3641, #3366, #816 ),
 .UNSPECIFIED., .F., .F. ) 
 B_SPLINE_CURVE_WITH_KNOTS ( ( 3, 2, 2, 2, 3 ),
 ( 0.000000000000000000, 0.08333333333332741677, 0.2499999999999983347, 0.4166666666666692387, 0.5000000000000000000 ),
 .UNSPECIFIED. ) 
 CURVE ( )  GEOMETRIC_REPRESENTATION_ITEM ( )  RATIONAL_B_SPLINE_CURVE ( ( 0.9330127018922194093, 0.9330127018922218518, 1.000000000000000000, 0.8660254037844389297, 1.000000000000000000, 0.8660254037844389297, 1.000000000000000000, 0.9330127018922191873, 0.9330127018922194093 ) ) 
 REPRESENTATION_ITEM ( '' )  );
#432 = ADVANCED_FACE ( 'NONE', ( #1053 ), #1610, .T. ) ;
#433 = CARTESIAN_POINT ( 'NONE',  ( -0.5726683315065850266, 8.666806217322030616E-16, 0.2406250000000000056 ) ) ;
#434 = CARTESIAN_POINT ( 'NONE',  ( -7.013164391525951138E-17, -0.5726683315065850266, 2.471875000000000266 ) ) ;
#435 = CARTESIAN_POINT ( 'NONE',  ( 0.2094395102393207808, -0.7999999999999998224, 2.617708333333332416 ) ) ;
#436 = CARTESIAN_POINT ( 'NONE',  ( 0.1499242186003851007, -0.5726683315065848046, 0.6927083333333333703 ) ) ;
#437 = CARTESIAN_POINT ( 'NONE',  ( 0.5425062681097191364, 0.3929623212495960694, 2.999999999999999556 ) ) ;
#438 = CARTESIAN_POINT ( 'NONE',  ( 0.5570761564118928977, -0.4849846788531810282, 0.1656426995289869697 ) ) ;
#439 = ORIENTED_EDGE ( 'NONE', *, *, #2070, .T. ) ;
#440 = CARTESIAN_POINT ( 'NONE',  ( 0.8000000000000000444, 0.000000000000000000, 0.000000000000000000 ) ) ;
#441 = CARTESIAN_POINT ( 'NONE',  ( -0.2220952075380589752, -0.5278472664504030298, 0.000000000000000000 ) ) ;
#442 = DIRECTION ( 'NONE',  ( 0.000000000000000000, 1.000000000000000000, 0.000000000000000000 ) ) ;
#443 = CARTESIAN_POINT ( 'NONE',  ( -0.3296946889171016304, 0.6031660746551352759, 0.1147029944163934084 ) ) ;
#444 = ORIENTED_EDGE ( 'NONE', *, *, #3528, .F. ) ;
#445 = CARTESIAN_POINT ( 'NONE',  ( -0.4442144864276288962, -0.6659599076992680500, 2.920188968469203061 ) ) ;
#446 = AXIS2_PLACEMENT_3D ( 'NONE', #2281, #1059, #33 ) ;
#447 = CARTESIAN_POINT ( 'NONE',  ( 0.4618874416088531998, -0.8000125162445367311, 2.676034440409509330 ) ) ;
#448 = VERTEX_POINT ( 'NONE', #1678 ) ;
#449 = CARTESIAN_POINT ( 'NONE',  ( -0.7137815228879000884, -0.4175893270105126565, 1.144791666666658658 ) ) ;
#450 = CARTESIAN_POINT ( 'NONE',  ( -7.013164391525951138E-17, -0.5726683315065850266, 2.821875000000000355 ) ) ;
#451 = VERTEX_POINT ( 'NONE', #3406 ) ;
#452 = CARTESIAN_POINT ( 'NONE',  ( 0.5726683315065853597, -4.839913391343335824E-16, 0.7656250000000002220 ) ) ;
#453 = CARTESIAN_POINT ( 'NONE',  ( 0.7999998824386487239, 0.1047813951674073929, 0.2482653087461549057 ) ) ;
#454 =( BOUNDED_CURVE ( )  B_SPLINE_CURVE ( 2, ( #1159, #2559, #2293, #275, #292, #2010, #2505, #2220, #3168 ),
 .UNSPECIFIED., .F., .F. ) 
 B_SPLINE_CURVE_WITH_KNOTS ( ( 3, 2, 2, 2, 3 ),
 ( 0.000000000000000000, 0.08333333333333203807, 0.2500000000000016653, 0.4166666666666707375, 0.5000000000000000000 ),
 .UNSPECIFIED. ) 
 CURVE ( )  GEOMETRIC_REPRESENTATION_ITEM ( )  RATIONAL_B_SPLINE_CURVE ( ( 0.9330127018922194093, 0.9330127018922171889, 1.000000000000000000, 0.8660254037844389297, 1.000000000000000000, 0.8660254037844389297, 1.000000000000000000, 0.9330127018922194093, 0.9330127018922194093 ) ) 
 REPRESENTATION_ITEM ( '' )  );
#455 = CARTESIAN_POINT ( 'NONE',  ( 0.3306302153517012288, -0.5726683315065848046, 1.801041666666662211 ) ) ;
#456 = CARTESIAN_POINT ( 'NONE',  ( 0.6046135574069148033, -0.4423339343519063771, 0.1764515785739657061 ) ) ;
#457 = CARTESIAN_POINT ( 'NONE',  ( 0.4892217737010137180, -0.3358976971075507412, 0.02054914579845905712 ) ) ;
#458 = CARTESIAN_POINT ( 'NONE',  ( -0.5705287458487200425, 0.06373289282394427324, 0.5841460595641029263 ) ) ;
#459 = CARTESIAN_POINT ( 'NONE',  ( 0.000000000000000000, 0.000000000000000000, 0.000000000000000000 ) ) ;
#460 = CARTESIAN_POINT ( 'NONE',  ( 0.000000000000000000, 0.6697456915520929588, 0.09707736004550869546 ) ) ;
#461 = ORIENTED_EDGE ( 'NONE', *, *, #921, .F. ) ;
#462 = CARTESIAN_POINT ( 'NONE',  ( -0.1622268375776976246, -0.7834080722044758360, 2.942275933669949772 ) ) ;
#463 = CARTESIAN_POINT ( 'NONE',  ( 0.9237748832177063996, -1.696946930797919054E-16, 2.034367773742842278 ) ) ;
#464 = EDGE_LOOP ( 'NONE', ( #2178, #741, #1717, #1966 ) ) ;
#465 = EDGE_CURVE ( 'NONE', #2355, #3683, #454, .T. ) ;
#466 = CARTESIAN_POINT ( 'NONE',  ( -0.1499242186003832966, -0.5726683315065852486, 1.363541666666666874 ) ) ;
#467 = CARTESIAN_POINT ( 'NONE',  ( -0.6928203230275510327, 0.4000000000000000222, 0.03645833333333320381 ) ) ;
#468 = CARTESIAN_POINT ( 'NONE',  ( -0.7999999999999971578, 0.2143593539448988283, 2.543744630441515220 ) ) ;
#469 = B_SPLINE_CURVE_WITH_KNOTS ( 'NONE', 3,
 ( #162, #2162, #1011, #121, #3311, #742, #1322, #2139, #1881, #3608 ),
 .UNSPECIFIED., .F., .F.,
 ( 4, 2, 2, 2, 4 ),
 ( 0.000000000000000000, 0.1249999999999999722, 0.2499999999999999445, 0.3749999999999998890, 0.5000000000000000000 ),
 .UNSPECIFIED. ) ;
#470 = DIRECTION ( 'NONE',  ( -1.000000000000000000, 0.000000000000000000, 0.000000000000000000 ) ) ;
#471 = CARTESIAN_POINT ( 'NONE',  ( 0.6662652384472399492, 0.2115932777014130906, 3.000000000000000888 ) ) ;
#472 = CARTESIAN_POINT ( 'NONE',  ( 0.5159404736218076160, -0.5153564353440662771, 0.1565624084629460289 ) ) ;
#473 = VERTEX_POINT ( 'NONE', #1712 ) ;
#474 = ADVANCED_FACE ( 'NONE', ( #1380 ), #1431, .T. ) ;
#475 = CARTESIAN_POINT ( 'NONE',  ( 0.6098753861229179174, -0.07401251325898605682, 0.03711485005408487331 ) ) ;
#476 = AXIS2_PLACEMENT_3D ( 'NONE', #3344, #2513, #1351 ) ;
#477 = CARTESIAN_POINT ( 'NONE',  ( -0.3903810968328330078, -0.3903810968328380038, 4.348179018643919314 ) ) ;
#478 = CARTESIAN_POINT ( 'NONE',  ( -0.3003239754690670282, 0.1243982637450880141, 2.233743304966979704 ) ) ;
#479 = FACE_OUTER_BOUND ( 'NONE', #2043, .T. ) ;
#480 = ORIENTED_EDGE ( 'NONE', *, *, #3172, .F. ) ;
#481 = CARTESIAN_POINT ( 'NONE',  ( -3.747668331506590178, -4.589570026445439839E-16, 3.174999999999999822 ) ) ;
#482 = CARTESIAN_POINT ( 'NONE',  ( -0.4618874416088531998, 0.8000125162445367311, 2.501034440409511728 ) ) ;
#483 = ORIENTED_EDGE ( 'NONE', *, *, #3339, .T. ) ;
#484 = CARTESIAN_POINT ( 'NONE',  ( -0.4233765097777110187, 0.3856181386799379940, 3.000000000000000000 ) ) ;
#485 = CARTESIAN_POINT ( 'NONE',  ( 0.3306302153517012288, -0.5726683315065848046, 2.851041666666661367 ) ) ;
#486 = B_SPLINE_CURVE_WITH_KNOTS ( 'NONE', 3,
 ( #3666, #1101, #803, #1139, #2237, #820, #1952, #3112, #528, #3684 ),
 .UNSPECIFIED., .F., .F.,
 ( 4, 2, 2, 2, 4 ),
 ( 0.5000000000000000000, 0.6250000000000000000, 0.7500000000000000000, 0.8750000000000000000, 1.000000000000000000 ),
 .UNSPECIFIED. ) ;
#487 = CARTESIAN_POINT ( 'NONE',  ( -0.1215020046446841084, -0.5885919584363532575, 0.02646847297319169026 ) ) ;
#488 = ORIENTED_EDGE ( 'NONE', *, *, #774, .F. ) ;
#489 = CARTESIAN_POINT ( 'NONE',  ( 0.000000000000000000, 0.5726683315065850266, 0.5468750000000000000 ) ) ;
#490 = CARTESIAN_POINT ( 'NONE',  ( -1.053716265586979839, 0.2450864965515430483, 3.792335783456319831 ) ) ;
#491 = DIRECTION ( 'NONE',  ( 1.000000000000000000, 0.000000000000000000, 0.000000000000000000 ) ) ;
#492 = VERTEX_POINT ( 'NONE', #511 ) ;
#493 = CARTESIAN_POINT ( 'NONE',  ( 0.2501907145299232527, -0.7598755635842997513, 2.970378368125274893 ) ) ;
#494 = CARTESIAN_POINT ( 'NONE',  ( 0.2901676033421950462, -0.6230442147037770217, 4.307615191939739852 ) ) ;
#495 = CARTESIAN_POINT ( 'NONE',  ( 0.000000000000000000, 0.8000125162445370641, 2.121867773742839525 ) ) ;
#496 = ORIENTED_EDGE ( 'NONE', *, *, #1756, .F. ) ;
#497 = B_SPLINE_CURVE_WITH_KNOTS ( 'NONE', 3,
 ( #484, #3634, #518, #282, #3691, #1110, #1389, #2529, #2244, #211, #3395, #3070, #3415, #1423, #1666, #830, #2511, #559, #265, #1702, #2566, #2838, #809, #3711, #1150, #1962, #2801, #229, #538, #500, #1686, #3121, #2822, #3360, #1369, #769, #2492, #1407 ),
 .UNSPECIFIED., .F., .F.,
 ( 4, 2, 2, 2, 1, 1, 2, 2, 1, 1, 1, 2, 2, 1, 1, 2, 2, 2, 1, 1, 1, 2, 2, 4 ),
 ( 0.000000000000000000, 0.03124999999999965999, 0.06249999999999931999, 0.1249999999999986955, 0.1562499999999983624, 0.1718749999999981959, 0.1796874999999981126, 0.1874999999999980016, 0.2187499999999976963, 0.2343749999999975298, 0.2421874999999974187, 0.2460937499999973910, 0.2499999999999973355, 0.3124999999999972800, 0.3437499999999972800, 0.3593749999999973355, 0.3749999999999973355, 0.4999999999999975575, 0.6249999999999978906, 0.6874999999999978906, 0.7187499999999980016, 0.7343749999999980016, 0.7499999999999980016, 1.000000000000000000 ),
 .UNSPECIFIED. ) ;
#498 = CIRCLE ( 'NONE', #684, 0.5726683315065850266 ) ;
#499 = DIRECTION ( 'NONE',  ( 0.000000000000000000, 0.000000000000000000, 1.000000000000000000 ) ) ;
#500 = CARTESIAN_POINT ( 'NONE',  ( -0.3656187397043110798, -0.6535323218347345309, 2.999999999999999112 ) ) ;
#501 = CARTESIAN_POINT ( 'NONE',  ( -0.5698403012168219428, -0.07485064304284008707, 0.2482084799133703612 ) ) ;
#502 = DIRECTION ( 'NONE',  ( -0.3826834323650889491, 0.9238795325112869605, 7.929461666538787352E-15 ) ) ;
#503 = DIRECTION ( 'NONE',  ( 3.487018783512630207E-15, -1.000000000000000000, 0.000000000000000000 ) ) ;
#504 = ORIENTED_EDGE ( 'NONE', *, *, #1831, .F. ) ;
#505 = CARTESIAN_POINT ( 'NONE',  ( 0.000000000000000000, -7.848339497071319908E-16, 3.255599999999999827 ) ) ;
#506 = EDGE_CURVE ( 'NONE', #1766, #1880, #1609, .T. ) ;
#507 = CARTESIAN_POINT ( 'NONE',  ( -0.3306302153517012288, 0.5726683315065848046, 0.5760416666666676733 ) ) ;
#508 = CARTESIAN_POINT ( 'NONE',  ( 0.5276533610324420920, 0.2230154287500790422, 2.888352660332810906 ) ) ;
#509 = CARTESIAN_POINT ( 'NONE',  ( 0.7887269792830943205, -0.1372932540843241345, 0.2306196852806793873 ) ) ;
#510 = VERTEX_POINT ( 'NONE', #1972 ) ;
#511 = CARTESIAN_POINT ( 'NONE',  ( -0.3143684607229300099, 0.3143684607229289552, 3.213000000000000078 ) ) ;
#512 = DIRECTION ( 'NONE',  ( 0.7071067811865441310, 0.000000000000000000, 0.7071067811865510144 ) ) ;
#513 = CARTESIAN_POINT ( 'NONE',  ( -0.3306302153517012288, -0.5726683315065848046, 0.2989583333333352133 ) ) ;
#514 = ORIENTED_EDGE ( 'NONE', *, *, #578, .F. ) ;
#515 = EDGE_CURVE ( 'NONE', #1321, #371, #2595, .T. ) ;
#516 = CARTESIAN_POINT ( 'NONE',  ( 0.8000000000000039302, 0.2143593539448958307, 2.750005369558475632 ) ) ;
#517 = DIRECTION ( 'NONE',  ( -1.000000000000000000, 0.000000000000000000, 0.000000000000000000 ) ) ;
#518 = CARTESIAN_POINT ( 'NONE',  ( -0.4697159481371667167, 0.3458606947167588985, 3.000000000000000444 ) ) ;
#519 = AXIS2_PLACEMENT_3D ( 'NONE', #3679, #799, #3075 ) ;
#520 = CARTESIAN_POINT ( 'NONE',  ( -0.1499242186003853505, -0.5726683315065845825, 1.013541666666666341 ) ) ;
#521 = CARTESIAN_POINT ( 'NONE',  ( -0.1243982637450899847, 0.3003239754690659735, 2.233743304966979704 ) ) ;
#522 = ORIENTED_EDGE ( 'NONE', *, *, #1183, .T. ) ;
#523 = CARTESIAN_POINT ( 'NONE',  ( 0.7137815228878500173, 0.4175893270106263433, 0.6197916666666666297 ) ) ;
#524 = CARTESIAN_POINT ( 'NONE',  ( 0.3306302153517015618, 0.5726683315065849156, 0.1239583333333358073 ) ) ;
#525 = CARTESIAN_POINT ( 'NONE',  ( 0.4345920972108240354, 0.3729576751459815487, 2.904589459769083781 ) ) ;
#526 = CARTESIAN_POINT ( 'NONE',  ( 0.02433896835534614736, -0.8000000000000075939, 2.998411949523773767 ) ) ;
#527 = ORIENTED_EDGE ( 'NONE', *, *, #1518, .F. ) ;
#528 = CARTESIAN_POINT ( 'NONE',  ( -0.5726683315065848046, 0.1499242186003847677, 2.676041666666666874 ) ) ;
#529 = CIRCLE ( 'NONE', #2698, 1.344400000000000039 ) ;
#530 = DIRECTION ( 'NONE',  ( -0.3826834323650820102, 0.9238795325112899581, 0.000000000000000000 ) ) ;
#531 = CARTESIAN_POINT ( 'NONE',  ( -0.6928203230275510327, 0.4000000000000000222, 1.436458333333330062 ) ) ;
#532 = CARTESIAN_POINT ( 'NONE',  ( -0.4959453230275510105, 0.2863341657532930129, 1.611458333333329884 ) ) ;
#533 = ORIENTED_EDGE ( 'NONE', *, *, #2790, .F. ) ;
#534 = COLOUR_RGB ( '',0.7921568627450980005, 0.8196078431372548767, 0.9333333333333333481 ) ;
#535 = CARTESIAN_POINT ( 'NONE',  ( 0.6928203230275510327, 0.4000000000000000222, 0.6197916666666649643 ) ) ;
#536 = CARTESIAN_POINT ( 'NONE',  ( 0.6928203230275531421, 0.4000000000000008549, 2.763541666666661456 ) ) ;
#537 = LINE ( 'NONE', #3690, #1860 ) ;
#538 = CARTESIAN_POINT ( 'NONE',  ( -0.4241459390704243604, -0.6026522105529185103, 3.000000000000000444 ) ) ;
#539 = ADVANCED_FACE ( 'NONE', ( #2540 ), #3087, .T. ) ;
#540 = AXIS2_PLACEMENT_3D ( 'NONE', #3045, #1638, #491 ) ;
#541 = EDGE_CURVE ( 'NONE', #448, #2890, #3645, .T. ) ;
#542 = DIRECTION ( 'NONE',  ( -0.9203638919632251003, -0.3812272063696519608, -0.08715574274765840179 ) ) ;
#543 = CARTESIAN_POINT ( 'NONE',  ( -0.2094395102393250829, -0.7999999999999988232, 2.238541666666667318 ) ) ;
#544 = ORIENTED_EDGE ( 'NONE', *, *, #1222, .F. ) ;
#545 = DIRECTION ( 'NONE',  ( 0.000000000000000000, 1.000000000000000000, 0.000000000000000000 ) ) ;
#546 = FACE_OUTER_BOUND ( 'NONE', #332, .T. ) ;
#547 = CARTESIAN_POINT ( 'NONE',  ( 0.5355162183594298630, 0.2030335711754856498, 2.886307298867805571 ) ) ;
#548 = CARTESIAN_POINT ( 'NONE',  ( 0.2831599316783214859, 0.6072229485084333911, 0.08206364208528636739 ) ) ;
#549 = ORIENTED_EDGE ( 'NONE', *, *, #2939, .F. ) ;
#550 = DIRECTION ( 'NONE',  ( -0.3812272063696419688, -0.9203638919632290971, -0.08715574274765849894 ) ) ;
#551 = CARTESIAN_POINT ( 'NONE',  ( 0.5721115642921767996, -0.02849690647408164093, 2.862725644261150393 ) ) ;
#552 = CARTESIAN_POINT ( 'NONE',  ( 0.3306302153517012288, 0.5726683315065848046, 0.8239583333333342363 ) ) ;
#553 = ORIENTED_EDGE ( 'NONE', *, *, #2765, .T. ) ;
#554 = EDGE_CURVE ( 'NONE', #1528, #3380, #3146, .T. ) ;
#555 = EDGE_CURVE ( 'NONE', #1594, #1608, #486, .T. ) ;
#556 = CARTESIAN_POINT ( 'NONE',  ( -0.3946759194292230322, 0.3946759194292209783, 4.412318255877679896 ) ) ;
#557 = CARTESIAN_POINT ( 'NONE',  ( -0.3903810968328360609, 0.3903810968328340625, 4.348179018643919314 ) ) ;
#558 = EDGE_CURVE ( 'NONE', #1566, #3706, #845, .T. ) ;
#559 = CARTESIAN_POINT ( 'NONE',  ( -0.6297400348489985422, -0.2610406903249170574, 3.000000000000000444 ) ) ;
#560 = B_SPLINE_CURVE_WITH_KNOTS ( 'NONE', 3,
 ( #3625, #3219, #2006, #63, #2352, #1213, #3436, #23, #5, #2901 ),
 .UNSPECIFIED., .F., .F.,
 ( 4, 2, 2, 2, 4 ),
 ( 0.5000000000000000000, 0.6250000000000000000, 0.7500000000000000000, 0.8750000000000000000, 1.000000000000000000 ),
 .UNSPECIFIED. ) ;
#561 = FACE_OUTER_BOUND ( 'NONE', #1869, .T. ) ;
#562 = CARTESIAN_POINT ( 'NONE',  ( -0.4959453230275510105, -0.2863341657532930129, -0.03645833333333160092 ) ) ;
#563 = VERTEX_POINT ( 'NONE', #973 ) ;
#564 = FACE_OUTER_BOUND ( 'NONE', #1172, .T. ) ;
#565 = CARTESIAN_POINT ( 'NONE',  ( 0.5726683315065850266, 0.000000000000000000, 0.000000000000000000 ) ) ;
#566 = CARTESIAN_POINT ( 'NONE',  ( 0.2174335858083485395, 0.5305582974537873531, 2.931775295147549087 ) ) ;
#567 = DIRECTION ( 'NONE',  ( -1.000000000000000000, -3.763381896226670505E-15, 0.000000000000000000 ) ) ;
#568 = EDGE_LOOP ( 'NONE', ( #2332, #1809, #3405, #3279 ) ) ;
#569 = CARTESIAN_POINT ( 'NONE',  ( -0.1243982637450880141, -0.3003239754690670282, 2.233743304966979704 ) ) ;
#570 = DIRECTION ( 'NONE',  ( 0.000000000000000000, 0.000000000000000000, -1.000000000000000000 ) ) ;
#571 = CARTESIAN_POINT ( 'NONE',  ( 0.6928203230275510327, -0.4000000000000000222, 1.261458333333330017 ) ) ;
#572 = CARTESIAN_POINT ( 'NONE',  ( 0.3306302153517012288, -0.5726683315065848046, 0.7072916666666669849 ) ) ;
#573 = ORIENTED_EDGE ( 'NONE', *, *, #62, .T. ) ;
#574 = CARTESIAN_POINT ( 'NONE',  ( 0.6928203230275495894, 0.3999999999999987454, 2.413541666666663588 ) ) ;
#575 = CARTESIAN_POINT ( 'NONE',  ( -0.6366346766780180966, 0.4845311908931959066, 0.3797273141372299321 ) ) ;
#576 = CARTESIAN_POINT ( 'NONE',  ( -0.5822388006199842314, 0.3963722093691851578, 0.1315527926993388663 ) ) ;
#577 = CARTESIAN_POINT ( 'NONE',  ( -0.2317550751341858617, -0.5240606918485213317, 2.755196192868367699 ) ) ;
#578 = EDGE_CURVE ( 'NONE', #931, #856, #1981, .T. ) ;
#579 = LINE ( 'NONE', #376, #1617 ) ;
#580 = CARTESIAN_POINT ( 'NONE',  ( -7.013164391525951138E-17, -0.5726683315065850266, 1.071874999999999911 ) ) ;
#581 = EDGE_LOOP ( 'NONE', ( #1052, #215, #3504, #2137 ) ) ;
#582 = CARTESIAN_POINT ( 'NONE',  ( -0.5109500922155191249, -0.2989252289426646003, 1.669791666666666785 ) ) ;
#583 = CARTESIAN_POINT ( 'NONE',  ( 0.2450864965515469895, 1.053716265586979839, 3.792335783456319831 ) ) ;
#584 = CARTESIAN_POINT ( 'NONE',  ( 0.5726683315065853597, -7.385444007073434339E-16, 1.815625000000000933 ) ) ;
#585 = DIRECTION ( 'NONE',  ( 0.000000000000000000, 0.000000000000000000, -1.000000000000000000 ) ) ;
#586 = VERTEX_POINT ( 'NONE', #103 ) ;
#587 = CARTESIAN_POINT ( 'NONE',  ( 0.000000000000000000, 0.7999999999999982681, 2.121874999999993072 ) ) ;
#588 = CARTESIAN_POINT ( 'NONE',  ( -0.3306302153517012288, 0.5726683315065848046, 0.2260416666666683616 ) ) ;
#589 = CARTESIAN_POINT ( 'NONE',  ( 0.6928203230275510327, -0.4000000000000000222, 0.9114583333333310389 ) ) ;
#590 = CARTESIAN_POINT ( 'NONE',  ( -0.6928311624132790225, 0.4000062581222680325, 3.230201107076169809 ) ) ;
#591 = VERTEX_POINT ( 'NONE', #955 ) ;
#592 = CARTESIAN_POINT ( 'NONE',  ( -0.5307392879040315758, -0.2194808251372437347, 0.2628850537175047020 ) ) ;
#593 = B_SPLINE_CURVE_WITH_KNOTS ( 'NONE', 3,
 ( #2172, #3320, #752, #3051, #466, #1613, #94, #1240, #2382, #3101 ),
 .UNSPECIFIED., .F., .F.,
 ( 4, 2, 2, 2, 4 ),
 ( 0.000000000000000000, 0.1250000000000000000, 0.2500000000000000000, 0.3750000000000000000, 0.5000000000000000000 ),
 .UNSPECIFIED. ) ;
#594 = CARTESIAN_POINT ( 'NONE',  ( -0.7630826518871345332, 0.2458511138508024940, 0.3976811602914179788 ) ) ;
#595 = CARTESIAN_POINT ( 'NONE',  ( -0.9237604307034010809, -1.696920381959850373E-16, -0.2406249999999993117 ) ) ;
#596 = AXIS2_PLACEMENT_3D ( 'NONE', #1529, #627, #2674 ) ;
#597 = CARTESIAN_POINT ( 'NONE',  ( -0.4020480373354443082, -0.4078336507624665819, 2.734253497697951563 ) ) ;
#598 = CARTESIAN_POINT ( 'NONE',  ( 0.7999999999999948264, -0.2143593539449034635, 2.368744630441514065 ) ) ;
#599 = CARTESIAN_POINT ( 'NONE',  ( 0.4959453230275510105, -0.2863341657532930129, 1.130208333333329929 ) ) ;
#600 = VERTEX_POINT ( 'NONE', #3223 ) ;
#601 = AXIS2_PLACEMENT_3D ( 'NONE', #290, #2575, #25 ) ;
#602 = CARTESIAN_POINT ( 'NONE',  ( -0.5807608594603880237, -0.4730799780583488379, 0.1763791515315152325 ) ) ;
#603 = CARTESIAN_POINT ( 'NONE',  ( -0.8000000000000000444, 1.347466526195440030E-15, 1.509375000000000133 ) ) ;
#604 = EDGE_CURVE ( 'NONE', #1984, #2711, #1106, .T. ) ;
#605 = CARTESIAN_POINT ( 'NONE',  ( 0.4152234277036430110, -0.6838051660276029953, 0.2273316684934170162 ) ) ;
#606 = ORIENTED_EDGE ( 'NONE', *, *, #3528, .T. ) ;
#607 = CARTESIAN_POINT ( 'NONE',  ( -9.797174393178803964E-17, -0.7999999999999982681, 1.946874999999993694 ) ) ;
#608 = FACE_OUTER_BOUND ( 'NONE', #1733, .T. ) ;
#609 = CARTESIAN_POINT ( 'NONE',  ( 0.6928203230275510327, -0.4000000000000000222, 3.011458333333330017 ) ) ;
#610 = CARTESIAN_POINT ( 'NONE',  ( 0.6612604307034024576, -1.214715704795581023E-16, 2.865625000000002753 ) ) ;
#611 = ORIENTED_EDGE ( 'NONE', *, *, #3667, .F. ) ;
#612 = CARTESIAN_POINT ( 'NONE',  ( -0.7782532000499094993, -0.1937484546994573398, 2.879749988435974295 ) ) ;
#613 = EDGE_CURVE ( 'NONE', #175, #2711, #1510, .T. ) ;
#614 = CARTESIAN_POINT ( 'NONE',  ( 0.6928311624132790225, -0.4000062581222690317, 0.6052011070761799116 ) ) ;
#615 = CARTESIAN_POINT ( 'NONE',  ( -0.6933617875137005893, 0.1787340887094583941, 0.1433215549856838578 ) ) ;
#616 = PLANE ( 'NONE',  #1346 ) ;
#617 = CARTESIAN_POINT ( 'NONE',  ( 1.600000000000000089, 1.959434878635765230E-16, 0.000000000000000000 ) ) ;
#618 = CARTESIAN_POINT ( 'NONE',  ( -0.4959453230275510105, 0.2863341657532930129, 0.6052083333333339032 ) ) ;
#619 = ORIENTED_EDGE ( 'NONE', *, *, #900, .T. ) ;
#620 = ADVANCED_FACE ( 'NONE', ( #328 ), #1786, .T. ) ;
#621 = CARTESIAN_POINT ( 'NONE',  ( -0.6912187686225418348, -0.2590771445695529973, 0.1654778913227503978 ) ) ;
#622 = AXIS2_PLACEMENT_3D ( 'NONE', #1122, #241, #2831 ) ;
#623 = DIRECTION ( 'NONE',  ( 0.000000000000000000, 0.000000000000000000, 1.000000000000000000 ) ) ;
#624 = CARTESIAN_POINT ( 'NONE',  ( 1.600000000000000089, 1.959434878635765230E-16, 3.607923705099339795 ) ) ;
#625 = DIRECTION ( 'NONE',  ( 0.000000000000000000, -0.09427528220698171146, -0.9955461672694009279 ) ) ;
#626 = VERTEX_POINT ( 'NONE', #346 ) ;
#627 = DIRECTION ( 'NONE',  ( -0.9961946980917455452, -1.043903116868558273E-14, 0.08715574274765836016 ) ) ;
#628 = EDGE_CURVE ( 'NONE', #2183, #1766, #1367, .T. ) ;
#629 = CARTESIAN_POINT ( 'NONE',  ( -0.5726683315065850266, 4.855300630591810072E-16, 1.640625000000000000 ) ) ;
#630 = CARTESIAN_POINT ( 'NONE',  ( 0.4618802153517005404, -0.8000000000000000444, 1.932291666666659191 ) ) ;
#631 = CARTESIAN_POINT ( 'NONE',  ( 0.3306302153517012288, -0.5726683315065848046, 1.757291666666672691 ) ) ;
#632 = VERTEX_POINT ( 'NONE', #937 ) ;
#633 = CARTESIAN_POINT ( 'NONE',  ( -0.6488104317057913351, -0.4684500308731424645, 2.900234648991281361 ) ) ;
#634 = CIRCLE ( 'NONE', #2739, 1.344400000000000039 ) ;
#635 = CARTESIAN_POINT ( 'NONE',  ( 0.000000000000000000, 0.8000125162445370641, 0.3718677737428469632 ) ) ;
#636 = ADVANCED_FACE ( 'NONE', ( #3517 ), #920, .T. ) ;
#637 = CARTESIAN_POINT ( 'NONE',  ( 0.04679095450970507247, -0.5710485158674016848, 2.782437258185245010 ) ) ;
#638 = DIRECTION ( 'NONE',  ( 0.000000000000000000, -0.08715574274765856833, 0.9961946980917456562 ) ) ;
#639 = AXIS2_PLACEMENT_3D ( 'NONE', #1489, #2632, #2047 ) ;
#640 = CARTESIAN_POINT ( 'NONE',  ( -0.4959453230275510105, -0.2863341657532930129, 0.3135416666666679952 ) ) ;
#641 = ORIENTED_EDGE ( 'NONE', *, *, #986, .F. ) ;
#642 = DIRECTION ( 'NONE',  ( 0.000000000000000000, 0.000000000000000000, 1.000000000000000000 ) ) ;
#643 = CARTESIAN_POINT ( 'NONE',  ( -0.2704320130712820069, 1.127463703465820144, 4.082036362917359718 ) ) ;
#644 = CARTESIAN_POINT ( 'NONE',  ( -0.4959453230275510105, -0.2863341657532930129, 2.063541666666659502 ) ) ;
#645 = CARTESIAN_POINT ( 'NONE',  ( 0.1571842303614620073, 0.3794763007298250224, 3.213000000000000078 ) ) ;
#646 = ORIENTED_EDGE ( 'NONE', *, *, #1555, .F. ) ;
#647 = CARTESIAN_POINT ( 'NONE',  ( -0.5726683315065850266, -7.013164391525951138E-17, 0.000000000000000000 ) ) ;
#648 = CARTESIAN_POINT ( 'NONE',  ( 0.2989252289426656550, 0.5109500922155180147, 1.523958333333333082 ) ) ;
#649 = CARTESIAN_POINT ( 'NONE',  ( 0.6928203230275510327, -0.4000000000000000222, 1.611458333333329884 ) ) ;
#650 = CARTESIAN_POINT ( 'NONE',  ( -0.3306302153517012288, -0.5726683315065848046, 3.098958333333331705 ) ) ;
#651 = EDGE_LOOP ( 'NONE', ( #3065, #391, #3032, #167 ) ) ;
#652 = DIRECTION ( 'NONE',  ( 1.000000000000000000, 0.000000000000000000, 0.000000000000000000 ) ) ;
#653 = ADVANCED_FACE ( 'NONE', ( #384 ), #1805, .T. ) ;
#654 = CARTESIAN_POINT ( 'NONE',  ( -0.4618874416088531998, 0.8000125162445367311, 0.4010344404095130821 ) ) ;
#655 = AXIS2_PLACEMENT_3D ( 'NONE', #219, #1428, #1358 ) ;
#656 = LINE ( 'NONE', #2954, #1977 ) ;
#657 = CARTESIAN_POINT ( 'NONE',  ( 0.6612604307034024576, -1.214715704795581023E-16, 1.159375000000000266 ) ) ;
#658 = VERTEX_POINT ( 'NONE', #2066 ) ;
#659 = CARTESIAN_POINT ( 'NONE',  ( -0.5726683315065850266, 4.855300630591810072E-16, 1.640625000000000000 ) ) ;
#660 = DIRECTION ( 'NONE',  ( -2.763631127140409883E-16, 1.000000000000000000, 0.000000000000000000 ) ) ;
#661 = LINE ( 'NONE', #1802, #1670 ) ;
#662 = EDGE_CURVE ( 'NONE', #2355, #451, #2924, .T. ) ;
#663 = CARTESIAN_POINT ( 'NONE',  ( 0.8000000000000000444, 0.000000000000000000, 0.000000000000000000 ) ) ;
#664 = ORIENTED_EDGE ( 'NONE', *, *, #1654, .F. ) ;
#665 = CARTESIAN_POINT ( 'NONE',  ( -0.6928203230275531421, -0.4000000000000008549, 2.588541666666661190 ) ) ;
#666 = AXIS2_PLACEMENT_3D ( 'NONE', #713, #1854, #3529 ) ;
#667 = CARTESIAN_POINT ( 'NONE',  ( -0.5726683315065850266, 1.024718658255159840E-15, 2.734375000000000000 ) ) ;
#668 = CARTESIAN_POINT ( 'NONE',  ( -0.6928203230275510327, 0.4000000000000000222, 2.136458333333330017 ) ) ;
#669 = CARTESIAN_POINT ( 'NONE',  ( 0.3306302153517012288, -0.5726683315065848046, 2.107291666666662788 ) ) ;
#670 = ORIENTED_EDGE ( 'NONE', *, *, #1341, .F. ) ;
#671 = CARTESIAN_POINT ( 'NONE',  ( -0.8000000000000000444, 6.535771358047130506E-16, 2.865625000000000089 ) ) ;
#672 = CARTESIAN_POINT ( 'NONE',  ( 0.6928311624132790225, -0.4000062581222690317, 0.2552011070761799894 ) ) ;
#673 = EDGE_CURVE ( 'NONE', #2722, #2389, #3693, .T. ) ;
#674 = EDGE_CURVE ( 'NONE', #44, #2144, #298, .T. ) ;
#675 = CARTESIAN_POINT ( 'NONE',  ( 0.5726683315065846935, 0.1499242186003845456, 0.7802083333333335036 ) ) ;
#676 = CARTESIAN_POINT ( 'NONE',  ( -7.013164391525951138E-17, -0.5726683315065850266, 1.771875000000000089 ) ) ;
#677 = CARTESIAN_POINT ( 'NONE',  ( -0.7999999999999994893, -0.2094395102393212249, 0.7802083333333335036 ) ) ;
#678 = CARTESIAN_POINT ( 'NONE',  ( -0.5726683315065850266, 2.071230857988570058E-17, 1.990625000000000311 ) ) ;
#679 = CARTESIAN_POINT ( 'NONE',  ( 0.4959453230275510105, -0.2863341657532930129, 2.530208333333329840 ) ) ;
#680 = ORIENTED_EDGE ( 'NONE', *, *, #945, .F. ) ;
#681 = CARTESIAN_POINT ( 'NONE',  ( -0.7999999999999994893, -0.2094395102393212249, 0.4302083333333333037 ) ) ;
#682 = AXIS2_PLACEMENT_3D ( 'NONE', #3465, #1554, #652 ) ;
#683 = B_SPLINE_CURVE_WITH_KNOTS ( 'NONE', 3,
 ( #968, #696, #114, #1263, #3547, #2114, #1005, #3269, #2991, #414 ),
 .UNSPECIFIED., .F., .F.,
 ( 4, 2, 2, 2, 4 ),
 ( 0.5000000000000000000, 0.6250000000000000000, 0.7500000000000000000, 0.8750000000000000000, 1.000000000000000000 ),
 .UNSPECIFIED. ) ;
#684 = AXIS2_PLACEMENT_3D ( 'NONE', #2206, #791, #1092 ) ;
#685 = CARTESIAN_POINT ( 'NONE',  ( -0.5726683315065850266, 2.119598400713870011E-18, 0.6343749999999999112 ) ) ;
#686 = CARTESIAN_POINT ( 'NONE',  ( -0.9237604307034010809, 5.656401273199498780E-17, 2.515624999999989786 ) ) ;
#687 = CARTESIAN_POINT ( 'NONE',  ( 0.000000000000000000, 0.5726683315065850266, 2.253124999999999822 ) ) ;
#688 = CARTESIAN_POINT ( 'NONE',  ( -0.6612604307034024576, -1.214715704795581023E-16, -0.1093749999999970024 ) ) ;
#689 = ORIENTED_EDGE ( 'NONE', *, *, #3086, .T. ) ;
#690 = CARTESIAN_POINT ( 'NONE',  ( 1.127463703465820144, 0.2704320130712779546, 4.082036362917359718 ) ) ;
#691 = DIRECTION ( 'NONE',  ( 0.000000000000000000, 0.000000000000000000, 1.000000000000000000 ) ) ;
#692 = CIRCLE ( 'NONE', #3389, 0.2555999999999999384 ) ;
#693 = CARTESIAN_POINT ( 'NONE',  ( -0.8000000000000000444, 3.017535308331670097E-16, 1.115625000000000089 ) ) ;
#694 = CARTESIAN_POINT ( 'NONE',  ( 0.6612604307034024576, -1.214715704795581023E-16, 2.559375000000001954 ) ) ;
#695 = CARTESIAN_POINT ( 'NONE',  ( 0.000000000000000000, 0.000000000000000000, 0.000000000000000000 ) ) ;
#696 = CARTESIAN_POINT ( 'NONE',  ( 0.8000000000001777911, 0.2094395102386967522, 1.655208333333287207 ) ) ;
#697 =( BOUNDED_CURVE ( )  B_SPLINE_CURVE ( 2, ( #3373, #3618, #228, #3138, #1127, #1108, #1406, #1057, #1073 ),
 .UNSPECIFIED., .F., .T. ) 
 B_SPLINE_CURVE_WITH_KNOTS ( ( 3, 2, 2, 2, 3 ),
 ( 0.000000000000000000, 0.08333333333333046988, 0.2500000000000013878, 0.4166666666666725694, 0.5000000000000000000 ),
 .UNSPECIFIED. ) 
 CURVE ( )  GEOMETRIC_REPRESENTATION_ITEM ( )  RATIONAL_B_SPLINE_CURVE ( ( 0.9330127018922194093, 0.9330127018922194093, 1.000000000000000000, 0.8660254037844389297, 1.000000000000000000, 0.8660254037844389297, 1.000000000000000000, 0.9330127018922218518, 0.9330127018922194093 ) ) 
 REPRESENTATION_ITEM ( '' )  );
#698 = CARTESIAN_POINT ( 'NONE',  ( 0.4795637478327156034, 0.6404098775926729825, 0.2920205761937073596 ) ) ;
#699 = CARTESIAN_POINT ( 'NONE',  ( -0.5726683315065849156, 0.1499242186003846289, 1.976041666666666696 ) ) ;
#700 = CARTESIAN_POINT ( 'NONE',  ( -0.6928203230275504776, 0.3999999999999998002, 1.130208333333332149 ) ) ;
#701 = VERTEX_POINT ( 'NONE', #3590 ) ;
#702 = CARTESIAN_POINT ( 'NONE',  ( 0.7999999999999999334, -4.907664496668543106E-16, 0.5906249999999992895 ) ) ;
#703 = EDGE_CURVE ( 'NONE', #1862, #2415, #2769, .T. ) ;
#704 = CARTESIAN_POINT ( 'NONE',  ( 0.0002297874450956396942, 0.5875672275170061853, 0.5031903691654627808 ) ) ;
#705 = DIRECTION ( 'NONE',  ( 0.000000000000000000, -1.000000000000000000, 8.287245898539640204E-14 ) ) ;
#706 = CARTESIAN_POINT ( 'NONE',  ( 0.5439203281438935722, 0.3243746983994852395, 0.06053699497996647277 ) ) ;
#707 = ORIENTED_EDGE ( 'NONE', *, *, #708, .F. ) ;
#708 = EDGE_CURVE ( 'NONE', #2454, #2798, #2248, .T. ) ;
#709 = CYLINDRICAL_SURFACE ( 'NONE', #1460, 0.8000000000000000444 ) ;
#710 = VECTOR ( 'NONE', #660, 1000.000000000000000 ) ;
#711 = CARTESIAN_POINT ( 'NONE',  ( 0.4618874416088531998, -0.8000125162445367311, 3.026034440409510751 ) ) ;
#712 = ORIENTED_EDGE ( 'NONE', *, *, #2943, .F. ) ;
#713 = CARTESIAN_POINT ( 'NONE',  ( 0.4770368862987759973, 0.1975951480571800090, 4.419999999999999929 ) ) ;
#714 = CARTESIAN_POINT ( 'NONE',  ( -7.013164391525951138E-17, -0.5726683315065850266, 3.171875000000000000 ) ) ;
#715 = CARTESIAN_POINT ( 'NONE',  ( -0.4175893270106246224, -0.7137815228878507945, 2.573958333333332682 ) ) ;
#716 = CIRCLE ( 'NONE', #1317, 2.154970731095211089 ) ;
#717 = CARTESIAN_POINT ( 'NONE',  ( 0.2094395102393207808, -0.7999999999999998224, 0.8677083333333335258 ) ) ;
#718 = EDGE_CURVE ( 'NONE', #2860, #1360, #469, .T. ) ;
#719 = CARTESIAN_POINT ( 'NONE',  ( -0.4980332444903315392, 0.6270281096065251081, 0.3655465584357895370 ) ) ;
#720 = CARTESIAN_POINT ( 'NONE',  ( 0.5441473775646905597, 0.3912159891043032189, 2.999999999999999112 ) ) ;
#721 = CARTESIAN_POINT ( 'NONE',  ( 0.6149845758578734722, -0.4319323344527597475, 0.1788443247977949679 ) ) ;
#722 = VERTEX_POINT ( 'NONE', #1049 ) ;
#723 = CARTESIAN_POINT ( 'NONE',  ( 0.4134507596745581326, -0.4184911954470746376, 0.01407155135495643389 ) ) ;
#724 = CARTESIAN_POINT ( 'NONE',  ( -0.5386962389058421730, 0.1949941501684646361, 0.5707375975805403234 ) ) ;
#725 = CARTESIAN_POINT ( 'NONE',  ( 0.3306302153517012288, 0.5726683315065848046, 2.267708333333330994 ) ) ;
#726 = CARTESIAN_POINT ( 'NONE',  ( 1.959434878635764737E-16, -1.600000000000000755, 3.255599999999999827 ) ) ;
#727 = ORIENTED_EDGE ( 'NONE', *, *, #1775, .F. ) ;
#728 = DIRECTION ( 'NONE',  ( 0.000000000000000000, 0.000000000000000000, 1.000000000000000000 ) ) ;
#729 = AXIS2_PLACEMENT_3D ( 'NONE', #3341, #2548, #2761 ) ;
#730 = EDGE_CURVE ( 'NONE', #1231, #600, #2150, .T. ) ;
#731 = AXIS2_PLACEMENT_3D ( 'NONE', #779, #2181, #1846 ) ;
#732 = CARTESIAN_POINT ( 'NONE',  ( -0.6928311624132799107, -0.4000062581222680325, 2.938534440409509951 ) ) ;
#733 = ORIENTED_EDGE ( 'NONE', *, *, #2536, .T. ) ;
#734 = CARTESIAN_POINT ( 'NONE',  ( -0.8000000000000000444, -1.097011936250820216E-16, 2.515625000000000000 ) ) ;
#735 = CARTESIAN_POINT ( 'NONE',  ( 0.000000000000000000, 0.5726683315065850266, 2.646875000000000089 ) ) ;
#736 = ORIENTED_EDGE ( 'NONE', *, *, #2163, .F. ) ;
#737 = CARTESIAN_POINT ( 'NONE',  ( 0.5109500922155183478, -0.2989252289426656550, 0.7364583333333333259 ) ) ;
#738 = CARTESIAN_POINT ( 'NONE',  ( 0.3059899965913129849, 0.7391685423754539297, 0.3065846013235521972 ) ) ;
#739 = CARTESIAN_POINT ( 'NONE',  ( 0.1499242186003850452, 0.5726683315065849156, 1.888541666666666785 ) ) ;
#740 = CARTESIAN_POINT ( 'NONE',  ( 0.006952174032002159804, -0.6260940627542406212, 0.05334718254086222300 ) ) ;
#741 = ORIENTED_EDGE ( 'NONE', *, *, #1515, .T. ) ;
#742 = CARTESIAN_POINT ( 'NONE',  ( 0.2094395102393121766, -0.8000000000000018208, 1.917708333333333792 ) ) ;
#743 = CARTESIAN_POINT ( 'NONE',  ( 0.000000000000000000, -8.673617379884039416E-16, 3.607923705099339795 ) ) ;
#744 = APPLICATION_PROTOCOL_DEFINITION ( 'draft international standard', 'automotive_design', 1998, #303 ) ;
#745 = LINE ( 'NONE', #1324, #1201 ) ;
#746 = CARTESIAN_POINT ( 'NONE',  ( 0.4175893270098310905, -0.7137815228883317431, 1.582291666666600261 ) ) ;
#747 = ORIENTED_EDGE ( 'NONE', *, *, #3062, .T. ) ;
#748 = CARTESIAN_POINT ( 'NONE',  ( 0.1499242186003873489, 0.5726683315065841384, 2.238541666666666874 ) ) ;
#749 = CARTESIAN_POINT ( 'NONE',  ( 0.9237748832177063996, -1.696946930797919054E-16, 1.684367773742840635 ) ) ;
#750 = EDGE_LOOP ( 'NONE', ( #967, #315, #1730, #3217 ) ) ;
#751 = ADVANCED_FACE ( 'NONE', ( #2197 ), #3347, .T. ) ;
#752 = CARTESIAN_POINT ( 'NONE',  ( -0.5109500922155175706, -0.2989252289426670428, 1.319791666666666918 ) ) ;
#753 = CARTESIAN_POINT ( 'NONE',  ( -0.4618802153517005404, -0.8000000000000000444, 0.1239583333333330178 ) ) ;
#754 = CARTESIAN_POINT ( 'NONE',  ( 0.000000000000000000, 0.000000000000000000, -5.395460491112820472E-18 ) ) ;
#755 = VECTOR ( 'NONE', #348, 1000.000000000000227 ) ;
#756 = CARTESIAN_POINT ( 'NONE',  ( 0.8000000000000000444, -6.735352540980969709E-13, 1.640624999999948930 ) ) ;
#757 = CARTESIAN_POINT ( 'NONE',  ( 0.02530320008081815564, -0.6292869234183969818, 0.05691814401803504953 ) ) ;
#758 = ORIENTED_EDGE ( 'NONE', *, *, #77, .T. ) ;
#759 = CARTESIAN_POINT ( 'NONE',  ( 0.2220952075308740004, -0.5278472664534260561, 0.000000000000000000 ) ) ;
#760 = DIRECTION ( 'NONE',  ( 0.000000000000000000, 1.000000000000000000, 0.000000000000000000 ) ) ;
#761 = DIRECTION ( 'NONE',  ( 0.9961946980917455452, 7.222810716197076886E-15, 0.08715574274765836016 ) ) ;
#762 = CARTESIAN_POINT ( 'NONE',  ( 0.5819736884911920205, 0.2384982850879255878, 0.05565630361309281682 ) ) ;
#763 = ORIENTED_EDGE ( 'NONE', *, *, #2189, .F. ) ;
#764 = CARTESIAN_POINT ( 'NONE',  ( -0.4156300530093077761, -0.6840715809174119366, 2.922654078367304287 ) ) ;
#765 = CARTESIAN_POINT ( 'NONE',  ( -9.797327672966920967E-17, -0.8000125162445370641, 2.296867773742839791 ) ) ;
#766 = ORIENTED_EDGE ( 'NONE', *, *, #662, .T. ) ;
#767 = MANIFOLD_SOLID_BREP ( 'Body1[1]', #2659 ) ;
#768 = CARTESIAN_POINT ( 'NONE',  ( 0.1944011831242080102, 2.037111835417600232E-15, 3.213000000000000078 ) ) ;
#769 = CARTESIAN_POINT ( 'NONE',  ( -0.1265337282334763058, -0.7747505732138322276, 2.999999999999999556 ) ) ;
#770 = CARTESIAN_POINT ( 'NONE',  ( 0.000000000000000000, 0.7999999999999984901, 2.471874999999993161 ) ) ;
#771 = DIRECTION ( 'NONE',  ( 0.000000000000000000, 0.000000000000000000, 1.000000000000000000 ) ) ;
#772 = CARTESIAN_POINT ( 'NONE',  ( 0.6130444306466691362, -0.4339082414153477285, 0.1783960662122265617 ) ) ;
#773 = ORIENTED_EDGE ( 'NONE', *, *, #708, .T. ) ;
#774 = EDGE_CURVE ( 'NONE', #2731, #3386, #1556, .T. ) ;
#775 = CARTESIAN_POINT ( 'NONE',  ( 0.000000000000000000, 0.000000000000000000, 0.000000000000000000 ) ) ;
#776 =( BOUNDED_CURVE ( )  B_SPLINE_CURVE ( 2, ( #2785, #213, #3656, #1093, #2603, #3215, #1187 ),
 .UNSPECIFIED., .F., .F. ) 
 B_SPLINE_CURVE_WITH_KNOTS ( ( 3, 2, 2, 3 ),
 ( 0.6578405054279147235, 0.7674840424948105033, 0.9867651974933312475, 1.000000000000000000 ),
 .UNSPECIFIED. ) 
 CURVE ( )  GEOMETRIC_REPRESENTATION_ITEM ( )  RATIONAL_B_SPLINE_CURVE ( ( 0.9330127019410291433, 0.9330108936799281771, 1.000000000000000000, 0.8660254037844389297, 1.000000000000000000, 0.9919139092375011124, 0.9848038970102817036 ) ) 
 REPRESENTATION_ITEM ( '' )  );
#777 = VECTOR ( 'NONE', #1136, 1000.000000000000000 ) ;
#778 = CARTESIAN_POINT ( 'NONE',  ( 0.8000000000000000444, 0.2094395102393199759, 2.705208333333334103 ) ) ;
#779 = CARTESIAN_POINT ( 'NONE',  ( 1.646415156773701556E-16, -1.344400000000000706, 3.607923705099339795 ) ) ;
#780 = FACE_OUTER_BOUND ( 'NONE', #3536, .T. ) ;
#781 = ORIENTED_EDGE ( 'NONE', *, *, #1986, .T. ) ;
#782 = CARTESIAN_POINT ( 'NONE',  ( 0.5914439286892579917, -0.5386966486034748813, 3.000000000000000000 ) ) ;
#783 = EDGE_CURVE ( 'NONE', #591, #1672, #1853, .T. ) ;
#784 = UNCERTAINTY_MEASURE_WITH_UNIT (LENGTH_MEASURE( 1.000000000000000082E-05 ), #1866, 'distance_accuracy_value', 'NONE');
#785 = CARTESIAN_POINT ( 'NONE',  ( 0.6928311624132790225, -0.4000062581222690317, 1.655201107076180067 ) ) ;
#786 = ORIENTED_EDGE ( 'NONE', *, *, #1399, .F. ) ;
#787 = VECTOR ( 'NONE', #1468, 1000.000000000000000 ) ;
#788 = VECTOR ( 'NONE', #131, 1000.000000000000000 ) ;
#789 = ADVANCED_FACE ( 'NONE', ( #564 ), #2533, .T. ) ;
#790 = CARTESIAN_POINT ( 'NONE',  ( 0.4618802153517008735, 0.7999999999999992673, 0.6927083333333328152 ) ) ;
#791 = DIRECTION ( 'NONE',  ( 0.000000000000000000, 0.000000000000000000, 1.000000000000000000 ) ) ;
#792 = DIRECTION ( 'NONE',  ( 0.9238795325112917345, -0.3826834323650779024, 0.000000000000000000 ) ) ;
#793 = EDGE_CURVE ( 'NONE', #59, #1772, #1030, .T. ) ;
#794 = B_SPLINE_CURVE_WITH_KNOTS ( 'NONE', 3,
 ( #2015, #1926, #501, #1649, #592, #2783, #3085, #2802, #212, #1350, #230, #2580, #2512, #1146, #867, #1497, #2618 ),
 .UNSPECIFIED., .F., .F.,
 ( 4, 1, 1, 1, 1, 1, 1, 1, 1, 1, 1, 1, 1, 1, 4 ),
 ( 0.000000000000000000, 0.02091438455765306723, 0.04182480533784850574, 0.06273133746072269423, 0.08363405608833711369, 0.1045330364238982040, 0.1254283537109755764, 0.1412024032344701974, 0.1880053091017268030, 0.2503410820814737647, 0.3126931763333575254, 0.3750743776291317055, 0.4374618169424384084, 0.4999949285460707493, 0.5005645751465989113 ),
 .UNSPECIFIED. ) ;
#795 = CARTESIAN_POINT ( 'NONE',  ( -0.2999999999999999889, -1.272896406128729884E-15, 4.419999999999999929 ) ) ;
#796 = CARTESIAN_POINT ( 'NONE',  ( 0.3306302153517012288, 0.5726683315065848046, 1.917708333333329351 ) ) ;
#797 = ORIENTED_EDGE ( 'NONE', *, *, #1483, .T. ) ;
#798 = DIRECTION ( 'NONE',  ( 1.000000000000000000, 0.000000000000000000, 0.000000000000000000 ) ) ;
#799 = DIRECTION ( 'NONE',  ( 0.000000000000000000, 0.000000000000000000, 1.000000000000000000 ) ) ;
#800 = CARTESIAN_POINT ( 'NONE',  ( 0.4959453230275520097, 0.2863341657532920137, 2.588541666666659857 ) ) ;
#801 = CARTESIAN_POINT ( 'NONE',  ( -0.8000000000000000444, 6.882716053242488967E-16, 2.909375000000000711 ) ) ;
#802 = ORIENTED_EDGE ( 'NONE', *, *, #3469, .F. ) ;
#803 = CARTESIAN_POINT ( 'NONE',  ( 0.5109500922155194580, 0.2989252289426640452, 2.544791666666666785 ) ) ;
#804 = FACE_OUTER_BOUND ( 'NONE', #2268, .T. ) ;
#805 = CARTESIAN_POINT ( 'NONE',  ( 0.4959453230275520097, 0.2863341657532920137, 1.494791666666670071 ) ) ;
#806 = VERTEX_POINT ( 'NONE', #2806 ) ;
#807 = AXIS2_PLACEMENT_3D ( 'NONE', #1221, #2985, #2361 ) ;
#808 = CARTESIAN_POINT ( 'NONE',  ( -0.6928203230275504776, 0.3999999999999998557, 0.7802083333333312831 ) ) ;
#809 = CARTESIAN_POINT ( 'NONE',  ( -0.5799981715903635981, -0.3923175441895820903, 3.000000000000000000 ) ) ;
#810 = CARTESIAN_POINT ( 'NONE',  ( -0.2989252289426673204, -0.5109500922155173486, 0.9989583333333330595 ) ) ;
#811 = CARTESIAN_POINT ( 'NONE',  ( 0.5726683315065852486, 1.111560796394210790E-15, 1.159375000000000044 ) ) ;
#812 = ORIENTED_EDGE ( 'NONE', *, *, #2495, .T. ) ;
#813 = DIRECTION ( 'NONE',  ( 1.000000000000000000, 0.000000000000000000, 0.000000000000000000 ) ) ;
#814 = VECTOR ( 'NONE', #1078, 1000.000000000000227 ) ;
#815 =( BOUNDED_CURVE ( )  B_SPLINE_CURVE ( 2, ( #2808, #524, #1674, #1394, #2555 ),
 .UNSPECIFIED., .F., .F. ) 
 B_SPLINE_CURVE_WITH_KNOTS ( ( 3, 2, 3 ),
 ( 0.000000000000000000, 0.3821044068651807679, 0.5731569238751726969 ),
 .UNSPECIFIED. ) 
 CURVE ( )  GEOMETRIC_REPRESENTATION_ITEM ( )  RATIONAL_B_SPLINE_CURVE ( ( 0.9999999999999984457, 0.8660254037844385966, 1.000000000000000000, 0.9330125919447674887, 0.9330127018923999316 ) ) 
 REPRESENTATION_ITEM ( '' )  );
#816 = CARTESIAN_POINT ( 'NONE',  ( 0.7999999999999994893, -5.211057976097259850E-16, 1.334374999999997868 ) ) ;
#817 = CARTESIAN_POINT ( 'NONE',  ( 0.3181815109225014093, 0.4765836979190550826, 2.920164779494085483 ) ) ;
#818 = CARTESIAN_POINT ( 'NONE',  ( -0.4618802153517048703, -0.8000000000000062617, 2.967708333333316961 ) ) ;
#819 = ORIENTED_EDGE ( 'NONE', *, *, #86, .F. ) ;
#820 = CARTESIAN_POINT ( 'NONE',  ( -0.1499242186003832411, 0.5726683315065852486, 2.617708333333332416 ) ) ;
#821 =( BOUNDED_CURVE ( )  B_SPLINE_CURVE ( 2, ( #801, #3385, #2810, #818, #1950, #526, #1676 ),
 .UNSPECIFIED., .F., .T. ) 
 B_SPLINE_CURVE_WITH_KNOTS ( ( 3, 2, 2, 3 ),
 ( 0.000000000000000000, 0.3204398171083812086, 0.9613194513251905882, 1.000000000000000000 ),
 .UNSPECIFIED. ) 
 CURVE ( )  GEOMETRIC_REPRESENTATION_ITEM ( )  RATIONAL_B_SPLINE_CURVE ( ( 0.9330127018922194093, 0.9330127018922202975, 1.000000000000000000, 0.8660254037844389297, 1.000000000000000000, 0.9919139092375172106, 0.9848038970103099032 ) ) 
 REPRESENTATION_ITEM ( '' )  );
#822 = DIRECTION ( 'NONE',  ( -0.06666269134683219799, -0.06666269134683297515, 0.9955461672694008168 ) ) ;
#823 = CARTESIAN_POINT ( 'NONE',  ( -0.4959453230275510105, -0.2863341657532930129, 0.6197916666666679619 ) ) ;
#824 = EDGE_CURVE ( 'NONE', #2287, #59, #3106, .T. ) ;
#825 = ORIENTED_EDGE ( 'NONE', *, *, #271, .F. ) ;
#826 = ADVANCED_FACE ( 'NONE', ( #216 ), #3381, .T. ) ;
#827 = DIRECTION ( 'NONE',  ( 1.000000000000000000, 0.000000000000000000, 0.000000000000000000 ) ) ;
#828 = EDGE_CURVE ( 'NONE', #371, #2918, #2498, .T. ) ;
#829 = DIRECTION ( 'NONE',  ( 1.000000000000000000, 0.000000000000000000, 0.000000000000000000 ) ) ;
#830 = CARTESIAN_POINT ( 'NONE',  ( -0.6378263449702913368, -0.2276569556409376027, 3.000000000000000000 ) ) ;
#831 = AXIS2_PLACEMENT_3D ( 'NONE', #907, #3137, #827 ) ;
#832 = CARTESIAN_POINT ( 'NONE',  ( 0.04863292197329040223, -0.7985204060638270152, 3.000000000000000000 ) ) ;
#833 = CARTESIAN_POINT ( 'NONE',  ( 0.000000000000000000, 0.5726683315065850266, 1.946875000000000133 ) ) ;
#834 = ORIENTED_EDGE ( 'NONE', *, *, #327, .F. ) ;
#835 = CARTESIAN_POINT ( 'NONE',  ( -0.8000000000000001554, 0.2094395102393199204, 0.7510416666666669405 ) ) ;
#836 = PRODUCT_DEFINITION_SHAPE ( 'NONE', 'NONE',  #3036 ) ;
#837 = EDGE_CURVE ( 'NONE', #2389, #274, #2171, .T. ) ;
#838 = PLANE ( 'NONE',  #1838 ) ;
#839 = CARTESIAN_POINT ( 'NONE',  ( 0.5726683315065870250, 0.1534460169580657007, 2.575005369558478918 ) ) ;
#840 = CARTESIAN_POINT ( 'NONE',  ( 0.7789503154362770188, -0.1823085463759850089, 0.2273316684934170162 ) ) ;
#841 = ORIENTED_EDGE ( 'NONE', *, *, #2686, .F. ) ;
#842 = AXIS2_PLACEMENT_3D ( 'NONE', #2844, #859, #1675 ) ;
#843 = CARTESIAN_POINT ( 'NONE',  ( 0.4959453230275520097, 0.2863341657532920137, 0.1385416666666680063 ) ) ;
#844 = CARTESIAN_POINT ( 'NONE',  ( 0.000000000000000000, 0.5726683315065850266, 0.1531249999999999833 ) ) ;
#845 =( BOUNDED_CURVE ( )  B_SPLINE_CURVE ( 2, ( #3424, #1694, #2847, #1417, #3702, #2275, #862, #27, #1470 ),
 .UNSPECIFIED., .F., .T. ) 
 B_SPLINE_CURVE_WITH_KNOTS ( ( 3, 2, 2, 2, 3 ),
 ( 0.000000000000000000, 0.08333333333332995640, 0.2499999999999998612, 0.4166666666666697383, 0.5000000000000000000 ),
 .UNSPECIFIED. ) 
 CURVE ( )  GEOMETRIC_REPRESENTATION_ITEM ( )  RATIONAL_B_SPLINE_CURVE ( ( 0.9330127018922194093, 0.9330127018922194093, 1.000000000000000000, 0.8660254037844389297, 1.000000000000000000, 0.8660254037844389297, 1.000000000000000000, 0.9330127018922191873, 0.9330127018922194093 ) ) 
 REPRESENTATION_ITEM ( '' )  );
#846 = ORIENTED_EDGE ( 'NONE', *, *, #1483, .F. ) ;
#847 =( GEOMETRIC_REPRESENTATION_CONTEXT ( 3 ) GLOBAL_UNCERTAINTY_ASSIGNED_CONTEXT ( ( #1643 ) ) GLOBAL_UNIT_ASSIGNED_CONTEXT ( ( #1706, #2554, #1689 ) ) REPRESENTATION_CONTEXT ( 'NONE', 'WORKASPACE' ) );
#848 = DIRECTION ( 'NONE',  ( 3.561816590190170287E-31, -1.020144816632569995E-16, 1.000000000000000000 ) ) ;
#849 = CARTESIAN_POINT ( 'NONE',  ( 0.000000000000000000, -8.028050097838260149E-16, 3.607923705099339795 ) ) ;
#850 = DIRECTION ( 'NONE',  ( 1.000000000000000000, 0.000000000000000000, 0.000000000000000000 ) ) ;
#851 = LINE ( 'NONE', #2934, #2429 ) ;
#852 = VECTOR ( 'NONE', #2235, 1000.000000000000000 ) ;
#853 = CARTESIAN_POINT ( 'NONE',  ( 0.6928203230275493674, 0.3999999999999987454, 1.713541666666663854 ) ) ;
#854 = ADVANCED_FACE ( 'NONE', ( #2231 ), #2571, .T. ) ;
#855 = DIRECTION ( 'NONE',  ( 0.9238795325112881818, 0.3826834323650861736, 1.768879910227883927E-14 ) ) ;
#856 = VERTEX_POINT ( 'NONE', #236 ) ;
#857 = CARTESIAN_POINT ( 'NONE',  ( -0.4175893270106263433, 0.7137815228878499063, 0.7072916666666668739 ) ) ;
#858 = DIRECTION ( 'NONE',  ( 0.9238795325112862944, 0.3826834323650911140, 0.000000000000000000 ) ) ;
#859 = DIRECTION ( 'NONE',  ( 1.070545148839909610E-14, -0.9961946980917456562, -0.08715574274765836016 ) ) ;
#860 = CARTESIAN_POINT ( 'NONE',  ( 1.053716265586979839, -0.2450864965515370253, 3.792335783456319831 ) ) ;
#861 = ORIENTED_EDGE ( 'NONE', *, *, #2992, .T. ) ;
#862 = CARTESIAN_POINT ( 'NONE',  ( 0.4959453230275510105, -0.2863341657532930129, 0.7802083333333329485 ) ) ;
#863 = CARTESIAN_POINT ( 'NONE',  ( 0.4342448244293598547, -0.3736453377826686184, 2.826502227090939012 ) ) ;
#864 = CARTESIAN_POINT ( 'NONE',  ( 0.3306302153517012288, -0.5726683315065848046, 0.3572916666666681729 ) ) ;
#865 = ADVANCED_FACE ( 'NONE', ( #1374 ), #3270, .F. ) ;
#866 = ORIENTED_EDGE ( 'NONE', *, *, #774, .T. ) ;
#867 = CARTESIAN_POINT ( 'NONE',  ( 0.5725796812484562626, -0.07590616248259370036, 0.4079147826301856017 ) ) ;
#868 = DIRECTION ( 'NONE',  ( 0.000000000000000000, 1.000000000000000000, 0.000000000000000000 ) ) ;
#869 = CARTESIAN_POINT ( 'NONE',  ( 0.4618802153517005404, -0.8000000000000000444, -0.1239583333333330178 ) ) ;
#870 = CARTESIAN_POINT ( 'NONE',  ( -0.3922132351388957217, -0.4173072910128950985, 2.735582499379425769 ) ) ;
#871 = AXIS2_PLACEMENT_3D ( 'NONE', #1327, #2471, #168 ) ;
#872 = B_SPLINE_CURVE_WITH_KNOTS ( 'NONE', 3,
 ( #1167, #3468, #1459, #597, #302, #36, #2915, #870, #337, #2344, #2322, #909, #2623, #2644, #55, #577, #1206, #3490, #928, #3158, #890, #2876, #2057, #2001, #3214, #355, #2038, #637, #1738, #1776, #2933, #75, #3431, #2583, #2018, #2221, #863, #242, #1974, #3441, #1713, #1660, #2849, #3132, #1400, #1939, #2814, #3080, #2506, #551, #276, #1695 ),
 .UNSPECIFIED., .F., .F.,
 ( 4, 2, 2, 2, 2, 2, 2, 2, 2, 2, 1, 2, 2, 2, 1, 2, 2, 2, 2, 2, 2, 2, 2, 2, 2, 2, 4 ),
 ( 0.000000000000000000, 0.1417772450381262206, 0.1462077839455676320, 0.1506383228530090435, 0.1594994006678918108, 0.1772215562976573733, 0.1860826341125401129, 0.1949437119274228802, 0.2126658675571884149, 0.2215269453720712378, 0.2303880231869540329, 0.2481101788167196509, 0.2835544900762507203, 0.2924155678911335432, 0.3012766457060163106, 0.3189988013357819008, 0.3544431125953130812, 0.3898874238548442062, 0.4253317351143754421, 0.4430538907441410879, 0.4607760463739067336, 0.4962203576334379695, 0.5139425132632035043, 0.5316646688929691500, 0.5493868245227347957, 0.5582479023376175631, 0.5671089801525003304 ),
 .UNSPECIFIED. ) ;
#873 = EDGE_CURVE ( 'NONE', #3068, #3706, #1673, .T. ) ;
#874 = CARTESIAN_POINT ( 'NONE',  ( 0.2704320130712789538, 1.127463703465820144, 4.082036362917359718 ) ) ;
#875 = FACE_OUTER_BOUND ( 'NONE', #979, .T. ) ;
#876 = ORIENTED_EDGE ( 'NONE', *, *, #3097, .F. ) ;
#877 = CARTESIAN_POINT ( 'NONE',  ( -0.6949931889313927247, -0.2470384106588739137, 0.1649204130697630166 ) ) ;
#878 = CARTESIAN_POINT ( 'NONE',  ( 0.2197424177265089873, 0.9799036712383570880, 3.502651636920829592 ) ) ;
#879 = CARTESIAN_POINT ( 'NONE',  ( 0.000000000000000000, -8.028050097838260149E-16, 3.607923705099339795 ) ) ;
#880 = LINE ( 'NONE', #1710, #2159 ) ;
#881 = ORIENTED_EDGE ( 'NONE', *, *, #2939, .T. ) ;
#882 = DIRECTION ( 'NONE',  ( 1.000000000000000000, 0.000000000000000000, 0.000000000000000000 ) ) ;
#883 = CARTESIAN_POINT ( 'NONE',  ( 0.3794763007298250224, 0.1571842303614610081, 3.213000000000000078 ) ) ;
#884 = CARTESIAN_POINT ( 'NONE',  ( -0.4959453230275510105, -0.2863341657532930129, 1.319791666666670027 ) ) ;
#885 = B_SPLINE_CURVE_WITH_KNOTS ( 'NONE', 3,
 ( #2386, #453, #1562, #2421, #3569, #2708, #1543, #115, #969, #1026, #3533, #1090, #1600, #2403, #3253, #1264, #2993, #1525, #698, #2156, #177, #137, #2459, #2728, #2096, #2669, #1819, #3307, #157, #3549, #738, #3651, #1007, #2133, #987, #2116, #1836, #415, #3290, #719, #1858, #1148, #1999, #3673, #3156, #2819, #3174, #1184, #280, #575, #2261, #317, #15, #2894, #2319, #3466, #1421, #3393, #2016, #1405, #1978, #1735, #594, #2837, #300, #1719 ),
 .UNSPECIFIED., .F., .F.,
 ( 4, 2, 2, 1, 1, 1, 1, 2, 2, 2, 2, 2, 2, 2, 2, 2, 1, 2, 2, 2, 2, 2, 1, 1, 1, 2, 2, 2, 2, 1, 2, 2, 1, 1, 1, 2, 2, 2, 4 ),
 ( 0.06814608455781895335, 0.1846278239880882466, 0.2428686937032228654, 0.2719891285607901610, 0.2865493459895738226, 0.2938294547039657090, 0.2974695090611616521, 0.2992895362397597347, 0.3011095634183577063, 0.3302299982759233088, 0.3447902157047060268, 0.3520703244190974135, 0.3593504331334887447, 0.3884708679910542362, 0.4030310854198369541, 0.4103111941342283409, 0.4139512484914241175, 0.4157712756700221446, 0.4175913028486202272, 0.5340730422788929621, 0.6505547817091659191, 0.7087956514243023420, 0.7379160862818705535, 0.7524763037106547703, 0.7597564124250466566, 0.7633964667822428218, 0.7670365211394387650, 0.7961569559970085308, 0.8107171734257934137, 0.8179972821401857441, 0.8216373364973821314, 0.8252773908545782966, 0.8543978257121482844, 0.8689580431409331673, 0.8762381518553257198, 0.8798782062125218850, 0.8835182605697182723, 0.9417591302848591361, 1.000000000000000000 ),
 .UNSPECIFIED. ) ;
#886 = ORIENTED_EDGE ( 'NONE', *, *, #173, .T. ) ;
#887 = CARTESIAN_POINT ( 'NONE',  ( 0.7999999999997982059, -5.679896101761567081E-07, 0.2843749585840890659 ) ) ;
#888 = CARTESIAN_POINT ( 'NONE',  ( -0.8000000000000034861, 0.2143593539448959695, 2.893744630441508647 ) ) ;
#889 = CARTESIAN_POINT ( 'NONE',  ( 0.000000000000000000, 0.5726683315065850266, -0.1968749999999969968 ) ) ;
#890 = CARTESIAN_POINT ( 'NONE',  ( -0.1584781523937247583, -0.5508586003606522619, 2.763007297601938639 ) ) ;
#891 = EDGE_CURVE ( 'NONE', #2450, #3251, #1812, .T. ) ;
#892 = DIRECTION ( 'NONE',  ( 1.000000000000000000, 0.000000000000000000, 0.000000000000000000 ) ) ;
#893 = CARTESIAN_POINT ( 'NONE',  ( 0.4959453230275520097, 0.2863341657532920137, 1.188541666666669938 ) ) ;
#894 = ORIENTED_EDGE ( 'NONE', *, *, #2743, .T. ) ;
#895 = CARTESIAN_POINT ( 'NONE',  ( -0.3850807416721672705, -0.6575539275176183196, 0.1892998009572502138 ) ) ;
#896 = DIRECTION ( 'NONE',  ( 0.09427528220698130901, 0.000000000000000000, 0.9955461672694009279 ) ) ;
#897 = DIRECTION ( 'NONE',  ( 0.000000000000000000, -0.08715574274765836016, -0.9961946980917456562 ) ) ;
#898 = EDGE_LOOP ( 'NONE', ( #2509, #488 ) ) ;
#899 = CARTESIAN_POINT ( 'NONE',  ( 0.000000000000000000, 0.000000000000000000, 0.000000000000000000 ) ) ;
#900 = EDGE_CURVE ( 'NONE', #510, #79, #2662, .T. ) ;
#901 = CARTESIAN_POINT ( 'NONE',  ( -0.4175893270106186828, 0.7137815228878545692, 2.107291666666667229 ) ) ;
#902 = CARTESIAN_POINT ( 'NONE',  ( 0.6928203230275510327, 0.4000000000000000222, 2.719791666666659946 ) ) ;
#903 = PRODUCT ( '95836A511.step', '95836A511.step', '', ( #2714 ) ) ;
#904 = CARTESIAN_POINT ( 'NONE',  ( -0.3306302153517012288, -0.5726683315065848046, 2.748958333333329840 ) ) ;
#905 = VERTEX_POINT ( 'NONE', #1212 ) ;
#906 = CARTESIAN_POINT ( 'NONE',  ( -0.6162014995323835675, -0.5101955842969209121, 2.903631393385272652 ) ) ;
#907 = CARTESIAN_POINT ( 'NONE',  ( 0.000000000000000000, 0.000000000000000000, 3.000000000000000000 ) ) ;
#908 = CARTESIAN_POINT ( 'NONE',  ( -0.3306302153517012288, -0.5726683315065848046, -0.05104166666666409141 ) ) ;
#909 = CARTESIAN_POINT ( 'NONE',  ( -0.3081516323162047377, -0.4829596409007285152, 2.746372724318262293 ) ) ;
#910 = CYLINDRICAL_SURFACE ( 'NONE', #2266, 0.5726683315065850266 ) ;
#911 = ADVANCED_FACE ( 'NONE', ( #2350 ), #932, .T. ) ;
#912 = CARTESIAN_POINT ( 'NONE',  ( 0.3306302153517012288, -0.5726683315065848046, 0.7510416666666679397 ) ) ;
#913 = ORIENTED_EDGE ( 'NONE', *, *, #2906, .T. ) ;
#914 = VECTOR ( 'NONE', #2491, 1000.000000000000114 ) ;
#915 = CARTESIAN_POINT ( 'NONE',  ( -0.6934983686953224424, -0.2518578186142386710, 0.1651432943871931902 ) ) ;
#916 = AXIS2_PLACEMENT_3D ( 'NONE', #459, #2123, #1606 ) ;
#917 = CARTESIAN_POINT ( 'NONE',  ( 0.7999999999999990452, -3.014052626701681893E-15, 2.034374999999998490 ) ) ;
#918 = DIRECTION ( 'NONE',  ( 0.2228687765782429442, 0.000000000000000000, -0.9748484540822317523 ) ) ;
#919 = ORIENTED_EDGE ( 'NONE', *, *, #2508, .T. ) ;
#920 = CYLINDRICAL_SURFACE ( 'NONE', #120, 0.5726683315065850266 ) ;
#921 = EDGE_CURVE ( 'NONE', #274, #1652, #2487, .T. ) ;
#922 = CARTESIAN_POINT ( 'NONE',  ( 0.5109500922155180147, 0.2989252289426664877, 1.494791666666666519 ) ) ;
#923 = CARTESIAN_POINT ( 'NONE',  ( 0.6928203230275510327, 0.4000000000000000222, 2.019791666666659768 ) ) ;
#924 = CARTESIAN_POINT ( 'NONE',  ( -0.4959453230275510105, 0.2863341657532930129, 3.361458333333330106 ) ) ;
#925 = ORIENTED_EDGE ( 'NONE', *, *, #730, .F. ) ;
#926 = CARTESIAN_POINT ( 'NONE',  ( 0.4618802153517008180, -0.8000000000000004885, 0.9260416666666649865 ) ) ;
#927 = CARTESIAN_POINT ( 'NONE',  ( -0.4618874416088531998, -0.8000125162445358429, 0.8677011070761796452 ) ) ;
#928 = CARTESIAN_POINT ( 'NONE',  ( -0.2026345318892104619, -0.5357008222705897937, 2.758365538241118298 ) ) ;
#929 = CARTESIAN_POINT ( 'NONE',  ( 0.000000000000000000, -8.878689293818310074E-16, 3.000000000000000000 ) ) ;
#930 = CARTESIAN_POINT ( 'NONE',  ( 0.000000000000000000, 0.5726683315065850266, 1.246874999999999956 ) ) ;
#931 = VERTEX_POINT ( 'NONE', #2154 ) ;
#932 = CYLINDRICAL_SURFACE ( 'NONE', #2796, 0.8000000000000000444 ) ;
#933 = LINE ( 'NONE', #3184, #1486 ) ;
#934 = CARTESIAN_POINT ( 'NONE',  ( 0.000000000000000000, 0.000000000000000000, 0.000000000000000000 ) ) ;
#935 = CARTESIAN_POINT ( 'NONE',  ( -0.1975951480571820074, 0.4770368862987749980, 4.419999999999999929 ) ) ;
#936 = ORIENTED_EDGE ( 'NONE', *, *, #3396, .F. ) ;
#937 = CARTESIAN_POINT ( 'NONE',  ( 0.7999999999999990452, -1.670438805159968420E-16, 1.684374999999998401 ) ) ;
#938 = CARTESIAN_POINT ( 'NONE',  ( -0.4175893270106262878, 0.7137815228878500173, 1.057291666666666963 ) ) ;
#939 = CARTESIAN_POINT ( 'NONE',  ( -0.4618802153517005404, 0.8000000000000000444, 2.807291666666660301 ) ) ;
#940 = CARTESIAN_POINT ( 'NONE',  ( 0.4959453230275520097, 0.2863341657532920137, 2.894791666666659768 ) ) ;
#941 = ORIENTED_EDGE ( 'NONE', *, *, #1111, .F. ) ;
#942 = CARTESIAN_POINT ( 'NONE',  ( -0.6121219650991807093, -0.5151132487192529030, 2.904050285632267858 ) ) ;
#943 = AXIS2_PLACEMENT_3D ( 'NONE', #2067, #1492, #46 ) ;
#944 = CARTESIAN_POINT ( 'NONE',  ( -9.797327672966920967E-17, -0.8000125162445370641, 1.246867773742839969 ) ) ;
#945 = EDGE_CURVE ( 'NONE', #2327, #3068, #974, .T. ) ;
#946 = EDGE_CURVE ( 'NONE', #1509, #451, #293, .T. ) ;
#947 = DIRECTION ( 'NONE',  ( 6.956390396483597439E-15, -0.9961946980917456562, -0.08715574274765855445 ) ) ;
#948 = CIRCLE ( 'NONE', #3340, 2.133001533022939267 ) ;
#949 = CARTESIAN_POINT ( 'NONE',  ( -0.3306302153517012288, 0.5726683315065848046, 0.9260416666666657637 ) ) ;
#950 = ORIENTED_EDGE ( 'NONE', *, *, #3339, .F. ) ;
#951 = CARTESIAN_POINT ( 'NONE',  ( -0.1867320689915298593, -0.7494567292474643150, 0.1996516612769616561 ) ) ;
#952 = CARTESIAN_POINT ( 'NONE',  ( 0.000000000000000000, 0.000000000000000000, 0.000000000000000000 ) ) ;
#953 = DIRECTION ( 'NONE',  ( -3.749061091915468687E-15, 0.9961946980917456562, -0.08715574274765836016 ) ) ;
#954 = ORIENTED_EDGE ( 'NONE', *, *, #3548, .F. ) ;
#955 = CARTESIAN_POINT ( 'NONE',  ( 0.6230442147037820178, -0.2901676033421839995, 4.307615191939739852 ) ) ;
#956 = CARTESIAN_POINT ( 'NONE',  ( -0.5726683315065854707, 0.1534460169580681987, 0.2687446304415188614 ) ) ;
#957 = CARTESIAN_POINT ( 'NONE',  ( 0.000000000000000000, 0.8000000000000000444, 2.428125000000000089 ) ) ;
#958 = CARTESIAN_POINT ( 'NONE',  ( -0.4959453230275510105, -0.2863341657532930129, 3.069791666666660035 ) ) ;
#959 = ORIENTED_EDGE ( 'NONE', *, *, #515, .F. ) ;
#960 = DIRECTION ( 'NONE',  ( -1.000000000000000000, 0.000000000000000000, 0.000000000000000000 ) ) ;
#961 = EDGE_CURVE ( 'NONE', #2113, #2292, #985, .T. ) ;
#962 = CARTESIAN_POINT ( 'NONE',  ( 0.6928311624132799107, 0.4000062581222680325, 0.6635344404095130377 ) ) ;
#963 = CIRCLE ( 'NONE', #3356, 2.133001533022940599 ) ;
#964 = AXIS2_PLACEMENT_3D ( 'NONE', #899, #366, #2311 ) ;
#965 = CARTESIAN_POINT ( 'NONE',  ( 0.5726683315065853597, -4.839913391343335824E-16, 0.7656250000000002220 ) ) ;
#966 = CARTESIAN_POINT ( 'NONE',  ( 0.6612604307034024576, -1.214715704795581023E-16, 0.4593750000000009770 ) ) ;
#967 = ORIENTED_EDGE ( 'NONE', *, *, #1362, .F. ) ;
#968 = CARTESIAN_POINT ( 'NONE',  ( 0.8000000000000000444, -6.735352540980969709E-13, 1.640624999999948930 ) ) ;
#969 = CARTESIAN_POINT ( 'NONE',  ( 0.5814415200812340645, 0.5495460080918377344, 0.2824001865785725207 ) ) ;
#970 = CARTESIAN_POINT ( 'NONE',  ( 0.08155075365596216319, 0.5670133201831514258, 2.945580043851994123 ) ) ;
#971 = CARTESIAN_POINT ( 'NONE',  ( -0.5726683315065860258, -0.1534460169580671995, 2.400005369558477764 ) ) ;
#972 = ORIENTED_EDGE ( 'NONE', *, *, #2692, .T. ) ;
#973 = CARTESIAN_POINT ( 'NONE',  ( 1.127463703465820144, -0.2704320130712680181, 4.082036362917359718 ) ) ;
#974 = B_SPLINE_CURVE_WITH_KNOTS ( 'NONE', 3,
 ( #3013, #3306, #3252, #3586, #2746, #436, #1580, #737, #194, #452 ),
 .UNSPECIFIED., .F., .F.,
 ( 4, 2, 2, 2, 4 ),
 ( 0.000000000000000000, 0.1250000000000000000, 0.2500000000000000000, 0.3750000000000000000, 0.5000000000000000000 ),
 .UNSPECIFIED. ) ;
#975 = CARTESIAN_POINT ( 'NONE',  ( 3.450694143248829875E-15, -0.2999999999999999889, 4.419999999999999929 ) ) ;
#976 = CARTESIAN_POINT ( 'NONE',  ( 0.9237604307034010809, -1.696920381959850373E-16, 2.340624999999991296 ) ) ;
#977 = CARTESIAN_POINT ( 'NONE',  ( 0.3306302153517012288, -0.5726683315065848046, 3.507291666666663588 ) ) ;
#978 = CARTESIAN_POINT ( 'NONE',  ( -0.5663182698848009400, 0.4166142412624270208, 0.1303801739367457246 ) ) ;
#979 = EDGE_LOOP ( 'NONE', ( #2125, #3200, #1785, #2230, #1612 ) ) ;
#980 = DIRECTION ( 'NONE',  ( 0.000000000000000000, 0.000000000000000000, 1.000000000000000000 ) ) ;
#981 = CARTESIAN_POINT ( 'NONE',  ( -0.4618874416088531998, -0.8000125162445358429, 1.217701107076179179 ) ) ;
#982 = CARTESIAN_POINT ( 'NONE',  ( 0.4959453230275510105, -0.2863341657532930129, 0.4302083333333339699 ) ) ;
#983 = CARTESIAN_POINT ( 'NONE',  ( 0.3306302153517012288, 0.5726683315065848046, 3.317708333333329929 ) ) ;
#984 = FACE_OUTER_BOUND ( 'NONE', #1077, .T. ) ;
#985 = LINE ( 'NONE', #2727, #2602 ) ;
#986 = EDGE_CURVE ( 'NONE', #3135, #221, #692, .T. ) ;
#987 = CARTESIAN_POINT ( 'NONE',  ( -0.1048875174360636847, 0.7999819725578015683, 0.3350554192093962436 ) ) ;
#988 = CARTESIAN_POINT ( 'NONE',  ( 0.7999999999997983169, -5.679896101761567081E-07, 0.2843749585840890659 ) ) ;
#989 = CARTESIAN_POINT ( 'NONE',  ( -0.3306302153517012288, 0.5726683315065848046, 0.9260416666666657637 ) ) ;
#990 = ORIENTED_EDGE ( 'NONE', *, *, #2324, .T. ) ;
#991 = CARTESIAN_POINT ( 'NONE',  ( 0.8000000000000001554, -0.2094395102393189489, 0.5760416666666667851 ) ) ;
#992 = AXIS2_PLACEMENT_3D ( 'NONE', #1398, #1991, #3387 ) ;
#993 = AXIS2_PLACEMENT_3D ( 'NONE', #2601, #318, #2896 ) ;
#994 =( BOUNDED_SURFACE ( )  B_SPLINE_SURFACE ( 1, 2, ( 
 ( #2362, #1536, #2701, #3527, #1276, #2952, #3231, #53, #672, #1755, #3560, #335, #635, #654, #999, #3195, #1203, #1479, #2341, #374, #614, #1259, #962, #2660, #93, #1811, #2621, #2970, #3488, #927, #3213, #1517, #393, #3506, #1773, #109, #2932, #353, #1498, #1239, #74, #981, #944, #2073, #2397, #3543, #2507, #1851, #2721, #3005, #2741, #3282, #2452, #1611, #2473, #3353, #785, #749, #1018, #1871, #1889, #1069, #3048, #3598, #1645, #1040, #3081, #3648, #1906, #463, #1922, #3337, #495, #1055, #2203, #3580, #188, #3318, #765, #1347, #2169, #2797, #226, #2757, #3067, #482, #1330, #1628, #3028, #3614, #3300, #447, #1364, #2186, #2127, #1574, #2778, #205, #2488, #2147, #732, #149, #3631, #711, #429, #1295, #1593, #2433, #169, #1312, #590, #2834, #3153, #12, #1419, #1732, #3409, #1124, #1661, #1144, #3371 ),
 ( #844, #1975, #3426, #314, #1715, #513, #2278, #864, #1993, #1940, #2240, #2222, #1402, #243, #3099, #2816, #823, #2544, #3686, #572, #2578, #3134, #2259, #552, #2871, #1697, #2295, #1453, #2851, #277, #3443, #1162, #3390, #295, #1435, #2562, #3670, #1956, #1086, #1384, #884, #2013, #3170, #2889, #2594, #2525, #805, #1103, #3705, #3115, #532, #1681, #260, #331, #2982, #631, #2949, #1219, #70, #3503, #3191, #3227, #2656, #1771, #90, #350, #1494, #669, #2053, #1808, #2928, #1235, #687, #3244, #1826, #2638, #1475, #2966, #30, #2616, #2314, #2359, #406, #2104, #2376, #390, #3463, #1199, #3522, #904, #48, #2031, #1532, #610, #940, #2338, #1551, #2677, #1179, #2069, #958, #650, #3540, #106, #2393, #1752, #2909, #1789, #3485, #1255, #924, #370, #1513, #2086, #3209, #977, #3260, #3555, #3296, #125, #3021 ) ),
 .UNSPECIFIED., .F., .F., .F. ) 
 B_SPLINE_SURFACE_WITH_KNOTS ( ( 2, 2 ),
 ( 3, 2, 2, 2, 2, 2, 2, 2, 2, 2, 2, 2, 2, 2, 2, 2, 2, 2, 2, 2, 2, 2, 2, 2, 2, 2, 2, 2, 2, 2, 2, 2, 2, 2, 2, 2, 2, 2, 2, 2, 2, 2, 2, 2, 2, 2, 2, 2, 2, 2, 2, 2, 2, 2, 2, 2, 2, 2, 2, 2, 3 ),
 ( -5.505719735161620094E-05, 1.000000000000000000 ),
 ( 0.000000000000000000, 0.01666666666666669766, 0.03333333333333329818, 0.05000000000000000278, 0.06666666666666669350, 0.08333333333333330095, 0.1000000000000000056, 0.1166666666666670016, 0.1333333333333329984, 0.1499999999999999944, 0.1666666666666670182, 0.1833333333333330151, 0.2000000000000000111, 0.2166666666666670071, 0.2333333333333330040, 0.2500000000000000000, 0.2666666666666669960, 0.2833333333333329929, 0.2999999999999999889, 0.3166666666666669849, 0.3333333333333329818, 0.3499999999999999778, 0.3666666666666669738, 0.3833333333333329707, 0.4000000000000000222, 0.4166666666666670182, 0.4333333333333329596, 0.4500000000000000111, 0.4666666666666670071, 0.4833333333333329485, 0.5000000000000000000, 0.5166666666666670515, 0.5333333333333329929, 0.5500000000000000444, 0.5666666666666670960, 0.5833333333333330373, 0.5999999999999999778, 0.6166666666666670293, 0.6333333333333330817, 0.6500000000000000222, 0.6666666666666670737, 0.6833333333333330151, 0.6999999999999999556, 0.7166666666666670071, 0.7333333333333330595, 0.7500000000000000000, 0.7666666666666670515, 0.7833333333333329929, 0.8000000000000000444, 0.8166666666666670960, 0.8333333333333330373, 0.8499999999999999778, 0.8666666666666670293, 0.8833333333333330817, 0.9000000000000000222, 0.9166666666666670737, 0.9333333333333330151, 0.9499999999999999556, 0.9666666666666670071, 0.9833333333333330595, 1.000000000000000000 ),
 .UNSPECIFIED. ) 
 GEOMETRIC_REPRESENTATION_ITEM ( )  RATIONAL_B_SPLINE_SURFACE ( (
 ( 1.000000000000000000, 0.8660254037844389297, 1.000000000000000000, 0.8660254037844389297, 1.000000000000000000, 0.8660254037844389297, 1.000000000000000000, 0.8660254037844389297, 1.000000000000000000, 0.8660254037844389297, 1.000000000000000000, 0.8660254037844389297, 1.000000000000000000, 0.8660254037844389297, 1.000000000000000000, 0.8660254037844389297, 1.000000000000000000, 0.8660254037844389297, 1.000000000000000000, 0.8660254037844389297, 1.000000000000000000, 0.8660254037844389297, 1.000000000000000000, 0.8660254037844389297, 1.000000000000000000, 0.8660254037844389297, 1.000000000000000000, 0.8660254037844389297, 1.000000000000000000, 0.8660254037844389297, 1.000000000000000000, 0.8660254037844389297, 1.000000000000000000, 0.8660254037844389297, 1.000000000000000000, 0.8660254037844389297, 1.000000000000000000, 0.8660254037844389297, 1.000000000000000000, 0.8660254037844389297, 1.000000000000000000, 0.8660254037844389297, 1.000000000000000000, 0.8660254037844389297, 1.000000000000000000, 0.8660254037844389297, 1.000000000000000000, 0.8660254037844389297, 1.000000000000000000, 0.8660254037844389297, 1.000000000000000000, 0.8660254037844389297, 1.000000000000000000, 0.8660254037844389297, 1.000000000000000000, 0.8660254037844389297, 1.000000000000000000, 0.8660254037844389297, 1.000000000000000000, 0.8660254037844389297, 1.000000000000000000, 0.8660254037844389297, 1.000000000000000000, 0.8660254037844389297, 1.000000000000000000, 0.8660254037844389297, 1.000000000000000000, 0.8660254037844389297, 1.000000000000000000, 0.8660254037844389297, 1.000000000000000000, 0.8660254037844389297, 1.000000000000000000, 0.8660254037844389297, 1.000000000000000000, 0.8660254037844389297, 1.000000000000000000, 0.8660254037844389297, 1.000000000000000000, 0.8660254037844389297, 1.000000000000000000, 0.8660254037844389297, 1.000000000000000000, 0.8660254037844389297, 1.000000000000000000, 0.8660254037844389297, 1.000000000000000000, 0.8660254037844389297, 1.000000000000000000, 0.8660254037844389297, 1.000000000000000000, 0.8660254037844389297, 1.000000000000000000, 0.8660254037844389297, 1.000000000000000000, 0.8660254037844389297, 1.000000000000000000, 0.8660254037844389297, 1.000000000000000000, 0.8660254037844389297, 1.000000000000000000, 0.8660254037844389297, 1.000000000000000000, 0.8660254037844389297, 1.000000000000000000, 0.8660254037844389297, 1.000000000000000000, 0.8660254037844389297, 1.000000000000000000, 0.8660254037844389297, 1.000000000000000000, 0.8660254037844389297, 1.000000000000000000, 0.8660254037844389297, 1.000000000000000000, 0.8660254037844389297, 1.000000000000000000, 0.8660254037844389297, 1.000000000000000000, 0.8660254037844389297, 1.000000000000000000),
 ( 1.000000000000000000, 0.8660254037844389297, 1.000000000000000000, 0.8660254037844389297, 1.000000000000000000, 0.8660254037844389297, 1.000000000000000000, 0.8660254037844389297, 1.000000000000000000, 0.8660254037844389297, 1.000000000000000000, 0.8660254037844389297, 1.000000000000000000, 0.8660254037844389297, 1.000000000000000000, 0.8660254037844389297, 1.000000000000000000, 0.8660254037844389297, 1.000000000000000000, 0.8660254037844389297, 1.000000000000000000, 0.8660254037844389297, 1.000000000000000000, 0.8660254037844389297, 1.000000000000000000, 0.8660254037844389297, 1.000000000000000000, 0.8660254037844389297, 1.000000000000000000, 0.8660254037844389297, 1.000000000000000000, 0.8660254037844389297, 1.000000000000000000, 0.8660254037844389297, 1.000000000000000000, 0.8660254037844389297, 1.000000000000000000, 0.8660254037844389297, 1.000000000000000000, 0.8660254037844389297, 1.000000000000000000, 0.8660254037844389297, 1.000000000000000000, 0.8660254037844389297, 1.000000000000000000, 0.8660254037844389297, 1.000000000000000000, 0.8660254037844389297, 1.000000000000000000, 0.8660254037844389297, 1.000000000000000000, 0.8660254037844389297, 1.000000000000000000, 0.8660254037844389297, 1.000000000000000000, 0.8660254037844389297, 1.000000000000000000, 0.8660254037844389297, 1.000000000000000000, 0.8660254037844389297, 1.000000000000000000, 0.8660254037844389297, 1.000000000000000000, 0.8660254037844389297, 1.000000000000000000, 0.8660254037844389297, 1.000000000000000000, 0.8660254037844389297, 1.000000000000000000, 0.8660254037844389297, 1.000000000000000000, 0.8660254037844389297, 1.000000000000000000, 0.8660254037844389297, 1.000000000000000000, 0.8660254037844389297, 1.000000000000000000, 0.8660254037844389297, 1.000000000000000000, 0.8660254037844389297, 1.000000000000000000, 0.8660254037844389297, 1.000000000000000000, 0.8660254037844389297, 1.000000000000000000, 0.8660254037844389297, 1.000000000000000000, 0.8660254037844389297, 1.000000000000000000, 0.8660254037844389297, 1.000000000000000000, 0.8660254037844389297, 1.000000000000000000, 0.8660254037844389297, 1.000000000000000000, 0.8660254037844389297, 1.000000000000000000, 0.8660254037844389297, 1.000000000000000000, 0.8660254037844389297, 1.000000000000000000, 0.8660254037844389297, 1.000000000000000000, 0.8660254037844389297, 1.000000000000000000, 0.8660254037844389297, 1.000000000000000000, 0.8660254037844389297, 1.000000000000000000, 0.8660254037844389297, 1.000000000000000000, 0.8660254037844389297, 1.000000000000000000, 0.8660254037844389297, 1.000000000000000000, 0.8660254037844389297, 1.000000000000000000, 0.8660254037844389297, 1.000000000000000000, 0.8660254037844389297, 1.000000000000000000) ) ) 
 REPRESENTATION_ITEM ( '' )  SURFACE ( )  );
#995 = DIRECTION ( 'NONE',  ( 1.000000000000000000, 0.000000000000000000, 0.000000000000000000 ) ) ;
#996 = CARTESIAN_POINT ( 'NONE',  ( 0.3306302153517012288, -0.5726683315065848046, 0.007291666666669088456 ) ) ;
#997 = ORIENTED_EDGE ( 'NONE', *, *, #2351, .T. ) ;
#998 = CARTESIAN_POINT ( 'NONE',  ( 0.3966872801482287936, -0.6949092953897635372, 2.982010190691575691 ) ) ;
#999 = CARTESIAN_POINT ( 'NONE',  ( -0.6928311624132790225, 0.4000062581222680325, 0.4302011070761800338 ) ) ;
#1000 = VERTEX_POINT ( 'NONE', #2402 ) ;
#1001 = VECTOR ( 'NONE', #1541, 1000.000000000000000 ) ;
#1002 = CARTESIAN_POINT ( 'NONE',  ( -0.8000000000000000444, 1.347466526195440030E-15, 1.509375000000000133 ) ) ;
#1003 = CARTESIAN_POINT ( 'NONE',  ( -0.4618802153517005404, 0.8000000000000000444, 0.3572916666666659524 ) ) ;
#1004 = EDGE_LOOP ( 'NONE', ( #941, #2009, #2297, #3541, #2014, #1590, #514, #3, #3599, #161, #2504, #3427, #2774, #533, #680, #3143, #257, #3665, #197, #1392, #310, #2657, #2236, #401, #2099, #413, #3453, #2539, #773, #1936, #919, #1662, #1683, #3623, #2474, #1067, #781, #268 ) ) ;
#1005 = CARTESIAN_POINT ( 'NONE',  ( -0.4175893270104295563, 0.7137815228879815788, 1.757291666666650265 ) ) ;
#1006 = ADVANCED_FACE ( 'NONE', ( #136 ), #1281, .F. ) ;
#1007 = CARTESIAN_POINT ( 'NONE',  ( 0.2110507471859311979, 0.7784607124429766545, 0.3140124018516491922 ) ) ;
#1008 = CARTESIAN_POINT ( 'NONE',  ( 0.6903260053113817740, -0.3552354084309746196, 3.000000000000000888 ) ) ;
#1009 = CARTESIAN_POINT ( 'NONE',  ( 0.1170043609336958446, -0.6375378924171936079, 0.07437249618336209955 ) ) ;
#1010 = ORIENTED_EDGE ( 'NONE', *, *, #2929, .F. ) ;
#1011 = CARTESIAN_POINT ( 'NONE',  ( -0.7137815228878536811, -0.4175893270106200705, 1.844791666666666829 ) ) ;
#1012 = CARTESIAN_POINT ( 'NONE',  ( -0.5494970632086272344, 0.1628989267138157282, 0.5740361042570034655 ) ) ;
#1013 = CARTESIAN_POINT ( 'NONE',  ( -0.5726683315065850266, 2.119598400713890040E-18, 2.384375000000000355 ) ) ;
#1014 = CARTESIAN_POINT ( 'NONE',  ( -0.1944011831242030142, -0.9059627718705399735, 3.213000000000000078 ) ) ;
#1015 = ORIENTED_EDGE ( 'NONE', *, *, #1297, .F. ) ;
#1016 = DIRECTION ( 'NONE',  ( 1.000000000000000000, 0.000000000000000000, 0.000000000000000000 ) ) ;
#1017 = VECTOR ( 'NONE', #858, 1000.000000000000114 ) ;
#1018 = CARTESIAN_POINT ( 'NONE',  ( 0.6928311624132799107, 0.4000062581222680325, 1.713534440409510085 ) ) ;
#1019 = VERTEX_POINT ( 'NONE', #1817 ) ;
#1020 = EDGE_CURVE ( 'NONE', #600, #1646, #3568, .T. ) ;
#1021 = DIRECTION ( 'NONE',  ( 5.100724083162849976E-17, -5.100724083162799440E-17, 1.000000000000000000 ) ) ;
#1022 = CARTESIAN_POINT ( 'NONE',  ( 0.4959453230275520097, 0.2863341657532920137, 2.938541666666659946 ) ) ;
#1023 = CYLINDRICAL_SURFACE ( 'NONE', #1994, 0.8000000000000000444 ) ;
#1024 = AXIS2_PLACEMENT_3D ( 'NONE', #1982, #3397, #1651 ) ;
#1025 = CARTESIAN_POINT ( 'NONE',  ( 0.5109500922155187919, 0.2989252289426649889, 1.144791666666666874 ) ) ;
#1026 = CARTESIAN_POINT ( 'NONE',  ( 0.5734845219465252164, 0.5577941073993663013, 0.2831439718029062913 ) ) ;
#1027 = CARTESIAN_POINT ( 'NONE',  ( -0.4959453230275510105, -0.2863341657532930129, 1.713541666666660079 ) ) ;
#1028 = CARTESIAN_POINT ( 'NONE',  ( 0.3610478627432092136, -0.5981489770079220225, 0.1236534880269182374 ) ) ;
#1029 = VERTEX_POINT ( 'NONE', #1618 ) ;
#1030 = CIRCLE ( 'NONE', #1499, 1.600000000000000089 ) ;
#1031 = CARTESIAN_POINT ( 'NONE',  ( 0.6928203230275513658, 0.3999999999999998002, 1.363541666666662655 ) ) ;
#1032 = EDGE_CURVE ( 'NONE', #1189, #1321, #1335, .T. ) ;
#1033 = DIRECTION ( 'NONE',  ( 0.000000000000000000, 0.000000000000000000, -1.000000000000000000 ) ) ;
#1034 = CARTESIAN_POINT ( 'NONE',  ( -0.9059627718705389743, 0.1944011831242060118, 3.213000000000000078 ) ) ;
#1035 = CARTESIAN_POINT ( 'NONE',  ( 0.5519860293103473481, 0.3086092538149438069, 0.05964497462799626948 ) ) ;
#1036 = VERTEX_POINT ( 'NONE', #2419 ) ;
#1037 = DIRECTION ( 'NONE',  ( 1.000000000000000000, 0.000000000000000000, 0.000000000000000000 ) ) ;
#1038 = VECTOR ( 'NONE', #585, 1000.000000000000000 ) ;
#1039 = EDGE_CURVE ( 'NONE', #2424, #2860, #683, .T. ) ;
#1040 = CARTESIAN_POINT ( 'NONE',  ( -0.4618874416088531998, -0.8000125162445358429, 1.917701107076180911 ) ) ;
#1041 = VERTEX_POINT ( 'NONE', #2707 ) ;
#1042 = CARTESIAN_POINT ( 'NONE',  ( 0.7999999999999999334, -6.721274847306179372E-13, 1.290624999999949285 ) ) ;
#1043 = CARTESIAN_POINT ( 'NONE',  ( 0.6612604307034024576, -1.214715704795581023E-16, 2.909374999999992273 ) ) ;
#1044 = ORIENTED_EDGE ( 'NONE', *, *, #3646, .T. ) ;
#1045 = DIRECTION ( 'NONE',  ( 0.3826834323650881720, -0.9238795325112874046, 0.000000000000000000 ) ) ;
#1046 = DIRECTION ( 'NONE',  ( 0.000000000000000000, 0.000000000000000000, 1.000000000000000000 ) ) ;
#1047 = CARTESIAN_POINT ( 'NONE',  ( -0.1713109459387907041, -0.5651072970080037727, 0.01464838143928979403 ) ) ;
#1048 = ORIENTED_EDGE ( 'NONE', *, *, #2070, .F. ) ;
#1049 = CARTESIAN_POINT ( 'NONE',  ( -0.8000000000000000444, 1.078584387419030000E-15, 0.4593749999999999778 ) ) ;
#1050 = CARTESIAN_POINT ( 'NONE',  ( 0.4959453230275510105, -0.2863341657532930129, 0.08020833333333479698 ) ) ;
#1051 = CARTESIAN_POINT ( 'NONE',  ( 0.000000000000000000, 0.000000000000000000, 0.000000000000000000 ) ) ;
#1052 = ORIENTED_EDGE ( 'NONE', *, *, #2323, .F. ) ;
#1053 = FACE_OUTER_BOUND ( 'NONE', #8, .T. ) ;
#1054 = AXIS2_PLACEMENT_3D ( 'NONE', #3230, #3525, #960 ) ;
#1055 = CARTESIAN_POINT ( 'NONE',  ( -0.4618874416088531998, 0.8000125162445367311, 2.151034440409509418 ) ) ;
#1056 = ORIENTED_EDGE ( 'NONE', *, *, #555, .T. ) ;
#1057 = CARTESIAN_POINT ( 'NONE',  ( 0.7999999999999958256, -0.2143593539449059615, 0.6187446304415160636 ) ) ;
#1058 = CARTESIAN_POINT ( 'NONE',  ( -0.3306302153517012288, -0.5726683315065848046, 2.442708333333329040 ) ) ;
#1059 = DIRECTION ( 'NONE',  ( 0.000000000000000000, 5.100724083162849976E-17, -1.000000000000000000 ) ) ;
#1060 = CARTESIAN_POINT ( 'NONE',  ( 0.5594064563477576524, 0.3747296906290956686, 3.000000000000000000 ) ) ;
#1061 = CARTESIAN_POINT ( 'NONE',  ( 0.3306302153517012288, 0.5726683315065848046, 0.8677083333333326376 ) ) ;
#1062 = ORIENTED_EDGE ( 'NONE', *, *, #1781, .F. ) ;
#1063 = CARTESIAN_POINT ( 'NONE',  ( -0.8000000000000000444, 1.347466526195440030E-15, 1.509375000000000133 ) ) ;
#1064 = LINE ( 'NONE', #1413, #2500 ) ;
#1065 = PLANE ( 'NONE',  #1739 ) ;
#1066 = DIRECTION ( 'NONE',  ( -0.08714264840443956828, -0.01733375049386058978, 0.9960450290638855897 ) ) ;
#1067 = ORIENTED_EDGE ( 'NONE', *, *, #604, .T. ) ;
#1068 = CARTESIAN_POINT ( 'NONE',  ( 0.4117821883919446369, -0.6861399972628690058, 2.983280175094203290 ) ) ;
#1069 = CARTESIAN_POINT ( 'NONE',  ( -0.4618874416088531998, 0.8000125162445367311, 1.801034440409507997 ) ) ;
#1070 = EDGE_CURVE ( 'NONE', #1360, #1766, #851, .T. ) ;
#1071 = ORIENTED_EDGE ( 'NONE', *, *, #1356, .T. ) ;
#1072 = EDGE_CURVE ( 'NONE', #2204, #600, #148, .T. ) ;
#1073 = CARTESIAN_POINT ( 'NONE',  ( 0.8000000000000001554, -8.787960670624178891E-16, 0.6343749999999993561 ) ) ;
#1074 = DIRECTION ( 'NONE',  ( 0.000000000000000000, 0.000000000000000000, 1.000000000000000000 ) ) ;
#1075 = CARTESIAN_POINT ( 'NONE',  ( 0.2989252289426650444, -0.5109500922155186808, 1.057291666666666741 ) ) ;
#1076 = CARTESIAN_POINT ( 'NONE',  ( 0.5726683315065858038, -0.1534460169580677547, 1.143744630441516197 ) ) ;
#1077 = EDGE_LOOP ( 'NONE', ( #1331, #483, #3688, #291 ) ) ;
#1078 = DIRECTION ( 'NONE',  ( 0.2588190451025215166, 0.000000000000000000, 0.9659258262890680902 ) ) ;
#1079 = VECTOR ( 'NONE', #238, 1000.000000000000227 ) ;
#1080 = CARTESIAN_POINT ( 'NONE',  ( -0.2901676033421860534, -0.6230442147037810185, 4.307615191939739852 ) ) ;
#1081 = CARTESIAN_POINT ( 'NONE',  ( 0.4203873680495839316, 0.3892591510300922319, 2.906650326993015288 ) ) ;
#1082 = DIRECTION ( 'NONE',  ( 0.000000000000000000, 1.000000000000000000, 0.000000000000000000 ) ) ;
#1083 = ORIENTED_EDGE ( 'NONE', *, *, #2853, .F. ) ;
#1084 = DIRECTION ( 'NONE',  ( -0.9238795325112925116, 0.3826834323650756264, 2.663485841837385649E-14 ) ) ;
#1085 = CARTESIAN_POINT ( 'NONE',  ( 0.6039950893427480372, -0.1944011831242030142, 3.213000000000000078 ) ) ;
#1086 = CARTESIAN_POINT ( 'NONE',  ( -0.4959453230275510105, 0.2863341657532930129, 1.261458333333330017 ) ) ;
#1087 = ORIENTED_EDGE ( 'NONE', *, *, #2716, .F. ) ;
#1088 = VECTOR ( 'NONE', #3083, 1000.000000000000227 ) ;
#1089 = TOROIDAL_SURFACE ( 'NONE', #2399, 1.344400000000000039, 0.2555999999999999939 ) ;
#1090 = CARTESIAN_POINT ( 'NONE',  ( 0.5677398715055682610, 0.5636258676739477336, 0.2836743545468201066 ) ) ;
#1091 = CARTESIAN_POINT ( 'NONE',  ( 0.000000000000000000, 0.8000000000000007105, 0.7218749999999983791 ) ) ;
#1092 = DIRECTION ( 'NONE',  ( 1.000000000000000000, 0.000000000000000000, 0.000000000000000000 ) ) ;
#1093 = CARTESIAN_POINT ( 'NONE',  ( 0.3306302153517012288, 0.5726683315065848046, 2.967708333333328063 ) ) ;
#1094 = DIRECTION ( 'NONE',  ( 0.000000000000000000, 0.000000000000000000, -1.000000000000000000 ) ) ;
#1095 = EDGE_LOOP ( 'NONE', ( #522, #1326, #2633, #2824 ) ) ;
#1096 = EDGE_CURVE ( 'NONE', #2967, #492, #1349, .T. ) ;
#1097 = DIRECTION ( 'NONE',  ( 0.000000000000000000, 0.000000000000000000, 1.000000000000000000 ) ) ;
#1098 = CARTESIAN_POINT ( 'NONE',  ( -0.5726683315065850266, 1.024718658255159840E-15, 2.734375000000000000 ) ) ;
#1099 = CARTESIAN_POINT ( 'NONE',  ( -0.03481316785341410230, 0.5716091857681659949, 3.000000000000000000 ) ) ;
#1100 = ORIENTED_EDGE ( 'NONE', *, *, #1560, .T. ) ;
#1101 = CARTESIAN_POINT ( 'NONE',  ( 0.5726683315065856927, 0.1499242186003824084, 2.530208333333332060 ) ) ;
#1102 = CARTESIAN_POINT ( 'NONE',  ( 0.000000000000000000, 0.000000000000000000, -1.079092098222560088E-17 ) ) ;
#1103 = CARTESIAN_POINT ( 'NONE',  ( 0.3306302153517012288, 0.5726683315065848046, 1.523958333333330195 ) ) ;
#1104 = ORIENTED_EDGE ( 'NONE', *, *, #673, .T. ) ;
#1105 = CIRCLE ( 'NONE', #3210, 0.2555999999999999384 ) ;
#1106 =( BOUNDED_CURVE ( )  B_SPLINE_CURVE ( 2, ( #66, #1216, #665, #3257, #2634, #2356, #45, #2905, #3241 ),
 .UNSPECIFIED., .F., .F. ) 
 B_SPLINE_CURVE_WITH_KNOTS ( ( 3, 2, 2, 2, 3 ),
 ( 0.000000000000000000, 0.08333333333333092785, 0.2500000000000005551, 0.4166666666666712926, 0.5000000000000000000 ),
 .UNSPECIFIED. ) 
 CURVE ( )  GEOMETRIC_REPRESENTATION_ITEM ( )  RATIONAL_B_SPLINE_CURVE ( ( 0.9330127018922194093, 0.9330127018922189652, 1.000000000000000000, 0.8660254037844389297, 1.000000000000000000, 0.8660254037844389297, 1.000000000000000000, 0.9330127018922202975, 0.9330127018922194093 ) ) 
 REPRESENTATION_ITEM ( '' )  );
#1107 = FACE_OUTER_BOUND ( 'NONE', #2411, .T. ) ;
#1108 = CARTESIAN_POINT ( 'NONE',  ( 0.4618802153517008735, -0.8000000000000004885, 0.5760416666666655638 ) ) ;
#1109 = ADVANCED_FACE ( 'NONE', ( #1980 ), #248, .T. ) ;
#1110 = CARTESIAN_POINT ( 'NONE',  ( -0.5832537602595982973, 0.1933885472512943404, 2.999999999999999112 ) ) ;
#1111 = EDGE_CURVE ( 'NONE', #1885, #2558, #497, .T. ) ;
#1112 = CARTESIAN_POINT ( 'NONE',  ( 0.000000000000000000, 0.5726683315065850266, -0.1531249999999999833 ) ) ;
#1113 = ORIENTED_EDGE ( 'NONE', *, *, #1329, .F. ) ;
#1114 = CARTESIAN_POINT ( 'NONE',  ( 0.8000000000000000444, 0.2094395102393199759, 0.6052083333333333481 ) ) ;
#1115 = CIRCLE ( 'NONE', #2373, 0.5726683315065850266 ) ;
#1116 = DIRECTION ( 'NONE',  ( 1.000000000000000000, 0.000000000000000000, 7.981562863418420095E-14 ) ) ;
#1117 = CARTESIAN_POINT ( 'NONE',  ( 0.5726683314957675686, 3.519760241532527749E-06, 2.865625713578762834 ) ) ;
#1118 =( BOUNDED_CURVE ( )  B_SPLINE_CURVE ( 2, ( #2427, #3044, #2753, #725, #2772, #1588, #165, #200, #1013 ),
 .UNSPECIFIED., .F., .F. ) 
 B_SPLINE_CURVE_WITH_KNOTS ( ( 3, 2, 2, 2, 3 ),
 ( 0.5000000000000000000, 0.5833333333333325932, 0.7500000000000011102, 0.9166666666666707375, 1.000000000000000000 ),
 .UNSPECIFIED. ) 
 CURVE ( )  GEOMETRIC_REPRESENTATION_ITEM ( )  RATIONAL_B_SPLINE_CURVE ( ( 0.9330127018922194093, 0.9330127018922167448, 1.000000000000000000, 0.8660254037844389297, 1.000000000000000000, 0.8660254037844389297, 1.000000000000000000, 0.9330127018922198534, 0.9330127018922194093 ) ) 
 REPRESENTATION_ITEM ( '' )  );
#1119 = ADVANCED_FACE ( 'NONE', ( #2284 ), #3561, .T. ) ;
#1120 = CARTESIAN_POINT ( 'NONE',  ( 0.000000000000000000, 0.6697456915520929588, 0.09707736004550869546 ) ) ;
#1121 = ORIENTED_EDGE ( 'NONE', *, *, #2716, .T. ) ;
#1122 = CARTESIAN_POINT ( 'NONE',  ( 0.000000000000000000, 0.000000000000000000, 0.000000000000000000 ) ) ;
#1123 = CARTESIAN_POINT ( 'NONE',  ( 6.481983548587398707E-31, -9.445929082032368587E-16, 4.082036362917359718 ) ) ;
#1124 = CARTESIAN_POINT ( 'NONE',  ( 0.9237748832177063996, -1.696946930797919054E-16, 3.434367773742843966 ) ) ;
#1125 = ORIENTED_EDGE ( 'NONE', *, *, #1070, .T. ) ;
#1126 = FACE_OUTER_BOUND ( 'NONE', #3222, .T. ) ;
#1127 = CARTESIAN_POINT ( 'NONE',  ( -9.797174393178832313E-17, -0.8000000000000007105, 0.5468749999999983347 ) ) ;
#1128 = CARTESIAN_POINT ( 'NONE',  ( 0.000000000000000000, 0.000000000000000000, 3.174999999999999822 ) ) ;
#1129 =( BOUNDED_SURFACE ( )  B_SPLINE_SURFACE ( 1, 2, ( 
 ( #1112, #1983, #3638, #3142, #562, #284, #2569, #2, #1153, #2286, #3433, #1723, #1352, #2210, #2585, #1171, #640, #1778, #1443, #1502, #3216, #966, #2936, #19, #3530, #358, #618, #78, #2304, #2348, #2646, #912, #1225, #3199, #1760, #3510, #1188, #949, #3471, #2365, #3452, #2076, #3233, #2021, #599, #657, #893, #3492, #930, #3180, #2664, #1795, #2955, #377, #1742, #1521, #2898, #2060, #96, #320, #1242, #2383, #2093, #3250, #1463, #2605, #676, #2878, #305, #38, #2326, #2042, #2917, #339, #1484, #2625, #58, #1209, #1833, #3304, #2130, #3565, #152, #3287, #3321, #3267, #1578, #2724, #2173, #1058, #434, #1299, #1558, #694, #2400, #2438, #735, #3584, #1814, #2989, #2475, #1875, #450, #396, #3031, #1043, #1022, #2152, #1597, #2191, #2744, #174, #3342, #3545, #714, #1315, #2456, #3619, #1855, #983, #2683 ),
 ( #1615, #3602, #467, #2973, #1539, #753, #2112, #1894, #2705, #3011, #3052, #2762, #112, #1003, #191, #134, #1333, #1261, #412, #1279, #2417, #2034, #535, #262, #2546, #1258, #3336, #3442, #3133, #1696, #2888, #2850, #589, #1680, #3669, #3114, #1954, #2561, #3704, #2815, #1714, #3388, #1143, #2277, #571, #1161, #2870, #2012, #1383, #2524, #531, #2833, #1401, #1254, #3208, #330, #649, #2392, #1198, #2052, #2068, #3539, #3226, #69, #1825, #1218, #3259, #630, #2615, #1770, #923, #2948, #369, #2030, #668, #47, #1512, #3502, #3521, #1531, #2358, #976, #2103, #1788, #957, #2085, #2655, #686, #2927, #1474, #89, #2981, #349, #2676, #902, #1234, #3189, #939, #3243, #1807, #2337, #3483, #2375, #1493, #609, #2965, #389, #105, #405, #2637, #1751, #1550, #2908, #2694, #124, #2313, #3462, #1845, #2141, #3043, #1883 ) ),
 .UNSPECIFIED., .F., .F., .F. ) 
 B_SPLINE_SURFACE_WITH_KNOTS ( ( 2, 2 ),
 ( 3, 2, 2, 2, 2, 2, 2, 2, 2, 2, 2, 2, 2, 2, 2, 2, 2, 2, 2, 2, 2, 2, 2, 2, 2, 2, 2, 2, 2, 2, 2, 2, 2, 2, 2, 2, 2, 2, 2, 2, 2, 2, 2, 2, 2, 2, 2, 2, 2, 2, 2, 2, 2, 2, 2, 2, 2, 2, 2, 2, 3 ),
 ( 0.000000000000000000, 1.000000000000000000 ),
 ( 0.000000000000000000, 0.01666666666666669766, 0.03333333333333329818, 0.05000000000000000278, 0.06666666666666669350, 0.08333333333333330095, 0.1000000000000000056, 0.1166666666666670016, 0.1333333333333329984, 0.1499999999999999944, 0.1666666666666670182, 0.1833333333333330151, 0.2000000000000000111, 0.2166666666666670071, 0.2333333333333330040, 0.2500000000000000000, 0.2666666666666669960, 0.2833333333333329929, 0.2999999999999999889, 0.3166666666666669849, 0.3333333333333329818, 0.3499999999999999778, 0.3666666666666669738, 0.3833333333333329707, 0.4000000000000000222, 0.4166666666666670182, 0.4333333333333329596, 0.4500000000000000111, 0.4666666666666670071, 0.4833333333333329485, 0.5000000000000000000, 0.5166666666666670515, 0.5333333333333329929, 0.5500000000000000444, 0.5666666666666670960, 0.5833333333333330373, 0.5999999999999999778, 0.6166666666666670293, 0.6333333333333330817, 0.6500000000000000222, 0.6666666666666670737, 0.6833333333333330151, 0.6999999999999999556, 0.7166666666666670071, 0.7333333333333330595, 0.7500000000000000000, 0.7666666666666670515, 0.7833333333333329929, 0.8000000000000000444, 0.8166666666666670960, 0.8333333333333330373, 0.8499999999999999778, 0.8666666666666670293, 0.8833333333333330817, 0.9000000000000000222, 0.9166666666666670737, 0.9333333333333330151, 0.9499999999999999556, 0.9666666666666670071, 0.9833333333333330595, 1.000000000000000000 ),
 .UNSPECIFIED. ) 
 GEOMETRIC_REPRESENTATION_ITEM ( )  RATIONAL_B_SPLINE_SURFACE ( (
 ( 1.000000000000000000, 0.8660254037844389297, 1.000000000000000000, 0.8660254037844389297, 1.000000000000000000, 0.8660254037844389297, 1.000000000000000000, 0.8660254037844389297, 1.000000000000000000, 0.8660254037844389297, 1.000000000000000000, 0.8660254037844389297, 1.000000000000000000, 0.8660254037844389297, 1.000000000000000000, 0.8660254037844389297, 1.000000000000000000, 0.8660254037844389297, 1.000000000000000000, 0.8660254037844389297, 1.000000000000000000, 0.8660254037844389297, 1.000000000000000000, 0.8660254037844389297, 1.000000000000000000, 0.8660254037844389297, 1.000000000000000000, 0.8660254037844389297, 1.000000000000000000, 0.8660254037844389297, 1.000000000000000000, 0.8660254037844389297, 1.000000000000000000, 0.8660254037844389297, 1.000000000000000000, 0.8660254037844389297, 1.000000000000000000, 0.8660254037844389297, 1.000000000000000000, 0.8660254037844389297, 1.000000000000000000, 0.8660254037844389297, 1.000000000000000000, 0.8660254037844389297, 1.000000000000000000, 0.8660254037844389297, 1.000000000000000000, 0.8660254037844389297, 1.000000000000000000, 0.8660254037844389297, 1.000000000000000000, 0.8660254037844389297, 1.000000000000000000, 0.8660254037844389297, 1.000000000000000000, 0.8660254037844389297, 1.000000000000000000, 0.8660254037844389297, 1.000000000000000000, 0.8660254037844389297, 1.000000000000000000, 0.8660254037844389297, 1.000000000000000000, 0.8660254037844389297, 1.000000000000000000, 0.8660254037844389297, 1.000000000000000000, 0.8660254037844389297, 1.000000000000000000, 0.8660254037844389297, 1.000000000000000000, 0.8660254037844389297, 1.000000000000000000, 0.8660254037844389297, 1.000000000000000000, 0.8660254037844389297, 1.000000000000000000, 0.8660254037844389297, 1.000000000000000000, 0.8660254037844389297, 1.000000000000000000, 0.8660254037844389297, 1.000000000000000000, 0.8660254037844389297, 1.000000000000000000, 0.8660254037844389297, 1.000000000000000000, 0.8660254037844389297, 1.000000000000000000, 0.8660254037844389297, 1.000000000000000000, 0.8660254037844389297, 1.000000000000000000, 0.8660254037844389297, 1.000000000000000000, 0.8660254037844389297, 1.000000000000000000, 0.8660254037844389297, 1.000000000000000000, 0.8660254037844389297, 1.000000000000000000, 0.8660254037844389297, 1.000000000000000000, 0.8660254037844389297, 1.000000000000000000, 0.8660254037844389297, 1.000000000000000000, 0.8660254037844389297, 1.000000000000000000, 0.8660254037844389297, 1.000000000000000000, 0.8660254037844389297, 1.000000000000000000, 0.8660254037844389297, 1.000000000000000000, 0.8660254037844389297, 1.000000000000000000, 0.8660254037844389297, 1.000000000000000000, 0.8660254037844389297, 1.000000000000000000),
 ( 1.000000000000000000, 0.8660254037844389297, 1.000000000000000000, 0.8660254037844389297, 1.000000000000000000, 0.8660254037844389297, 1.000000000000000000, 0.8660254037844389297, 1.000000000000000000, 0.8660254037844389297, 1.000000000000000000, 0.8660254037844389297, 1.000000000000000000, 0.8660254037844389297, 1.000000000000000000, 0.8660254037844389297, 1.000000000000000000, 0.8660254037844389297, 1.000000000000000000, 0.8660254037844389297, 1.000000000000000000, 0.8660254037844389297, 1.000000000000000000, 0.8660254037844389297, 1.000000000000000000, 0.8660254037844389297, 1.000000000000000000, 0.8660254037844389297, 1.000000000000000000, 0.8660254037844389297, 1.000000000000000000, 0.8660254037844389297, 1.000000000000000000, 0.8660254037844389297, 1.000000000000000000, 0.8660254037844389297, 1.000000000000000000, 0.8660254037844389297, 1.000000000000000000, 0.8660254037844389297, 1.000000000000000000, 0.8660254037844389297, 1.000000000000000000, 0.8660254037844389297, 1.000000000000000000, 0.8660254037844389297, 1.000000000000000000, 0.8660254037844389297, 1.000000000000000000, 0.8660254037844389297, 1.000000000000000000, 0.8660254037844389297, 1.000000000000000000, 0.8660254037844389297, 1.000000000000000000, 0.8660254037844389297, 1.000000000000000000, 0.8660254037844389297, 1.000000000000000000, 0.8660254037844389297, 1.000000000000000000, 0.8660254037844389297, 1.000000000000000000, 0.8660254037844389297, 1.000000000000000000, 0.8660254037844389297, 1.000000000000000000, 0.8660254037844389297, 1.000000000000000000, 0.8660254037844389297, 1.000000000000000000, 0.8660254037844389297, 1.000000000000000000, 0.8660254037844389297, 1.000000000000000000, 0.8660254037844389297, 1.000000000000000000, 0.8660254037844389297, 1.000000000000000000, 0.8660254037844389297, 1.000000000000000000, 0.8660254037844389297, 1.000000000000000000, 0.8660254037844389297, 1.000000000000000000, 0.8660254037844389297, 1.000000000000000000, 0.8660254037844389297, 1.000000000000000000, 0.8660254037844389297, 1.000000000000000000, 0.8660254037844389297, 1.000000000000000000, 0.8660254037844389297, 1.000000000000000000, 0.8660254037844389297, 1.000000000000000000, 0.8660254037844389297, 1.000000000000000000, 0.8660254037844389297, 1.000000000000000000, 0.8660254037844389297, 1.000000000000000000, 0.8660254037844389297, 1.000000000000000000, 0.8660254037844389297, 1.000000000000000000, 0.8660254037844389297, 1.000000000000000000, 0.8660254037844389297, 1.000000000000000000, 0.8660254037844389297, 1.000000000000000000, 0.8660254037844389297, 1.000000000000000000, 0.8660254037844389297, 1.000000000000000000, 0.8660254037844389297, 1.000000000000000000, 0.8660254037844389297, 1.000000000000000000) ) ) 
 REPRESENTATION_ITEM ( '' )  SURFACE ( )  );
#1130 = CARTESIAN_POINT ( 'NONE',  ( 0.5109500922155176816, -0.2989252289426669873, 1.086458333333333526 ) ) ;
#1131 = CARTESIAN_POINT ( 'NONE',  ( 0.4175893270106221244, -0.7137815228878521268, 2.282291666666666607 ) ) ;
#1132 = EDGE_LOOP ( 'NONE', ( #1890, #65, #3167, #1514 ) ) ;
#1133 = DIRECTION ( 'NONE',  ( 0.000000000000000000, 1.000000000000000000, 0.000000000000000000 ) ) ;
#1134 = ADVANCED_FACE ( 'NONE', ( #1630 ), #3617, .T. ) ;
#1135 = CARTESIAN_POINT ( 'NONE',  ( -0.4618802153517008180, -0.7999999999999992673, 1.217708333333331394 ) ) ;
#1136 = DIRECTION ( 'NONE',  ( 0.000000000000000000, 0.000000000000000000, 1.000000000000000000 ) ) ;
#1137 = DIRECTION ( 'NONE',  ( 0.000000000000000000, 0.000000000000000000, 1.000000000000000000 ) ) ;
#1138 = EDGE_LOOP ( 'NONE', ( #408, #3274, #1841, #3507 ) ) ;
#1139 = CARTESIAN_POINT ( 'NONE',  ( 0.2989252289426677089, 0.5109500922155170155, 2.573958333333333126 ) ) ;
#1140 = EDGE_CURVE ( 'NONE', #44, #1976, #498, .T. ) ;
#1141 = AXIS2_PLACEMENT_3D ( 'NONE', #929, #2059, #338 ) ;
#1142 = CARTESIAN_POINT ( 'NONE',  ( 0.5726683315065853597, -2.963569036897654143E-15, 2.559374999999999289 ) ) ;
#1143 = CARTESIAN_POINT ( 'NONE',  ( -9.797174393178831081E-17, -0.8000000000000000444, 1.203125000000000000 ) ) ;
#1144 = CARTESIAN_POINT ( 'NONE',  ( 0.4618874416088531998, 0.8000125162445358429, 3.492701107076168654 ) ) ;
#1145 = ORIENTED_EDGE ( 'NONE', *, *, #244, .T. ) ;
#1146 = CARTESIAN_POINT ( 'NONE',  ( 0.5420286419011958179, -0.2270516283100381116, 0.3926730297119832569 ) ) ;
#1147 = ADVANCED_FACE ( 'NONE', ( #2226, #3375 ), #3197, .T. ) ;
#1148 = CARTESIAN_POINT ( 'NONE',  ( -0.5495168945626194290, 0.5814689975267273159, 0.3706590608927646802 ) ) ;
#1149 = DIRECTION ( 'NONE',  ( 1.000000000000000000, 0.000000000000000000, 0.000000000000000000 ) ) ;
#1150 = CARTESIAN_POINT ( 'NONE',  ( -0.5613874535118682507, -0.4264394901996714782, 2.999999999999999556 ) ) ;
#1151 = VECTOR ( 'NONE', #364, 999.9999999999998863 ) ;
#1152 = CARTESIAN_POINT ( 'NONE',  ( -0.7999999999999991562, -0.2143593539448961360, 2.225005369558477941 ) ) ;
#1153 = CARTESIAN_POINT ( 'NONE',  ( 0.4959453230275510105, -0.2863341657532930129, 0.08020833333333479698 ) ) ;
#1154 = ORIENTED_EDGE ( 'NONE', *, *, #674, .F. ) ;
#1155 = CARTESIAN_POINT ( 'NONE',  ( -0.5726683315065850266, 2.038021363020030207E-15, 2.340624999999999734 ) ) ;
#1156 = CARTESIAN_POINT ( 'NONE',  ( 0.3306302153517012288, 0.5726683315065848046, 2.617708333333332860 ) ) ;
#1157 = CARTESIAN_POINT ( 'NONE',  ( 0.4057657466057060791, 0.5023295571833246154, 0.07285724029187214124 ) ) ;
#1158 = ORIENTED_EDGE ( 'NONE', *, *, #2058, .F. ) ;
#1159 = CARTESIAN_POINT ( 'NONE',  ( -0.5726683315065850266, -4.998835764369250253E-16, 1.334375000000000089 ) ) ;
#1160 = CARTESIAN_POINT ( 'NONE',  ( 0.000000000000000000, 0.000000000000000000, 0.000000000000000000 ) ) ;
#1161 = CARTESIAN_POINT ( 'NONE',  ( 0.9237604307034010809, -1.696920381959850373E-16, 1.290625000000000577 ) ) ;
#1162 = CARTESIAN_POINT ( 'NONE',  ( 0.3306302153517012288, -0.5726683315065848046, 1.057291666666670737 ) ) ;
#1163 = VERTEX_POINT ( 'NONE', #1186 ) ;
#1164 = CARTESIAN_POINT ( 'NONE',  ( 0.4618802153516996523, 0.7999999999999972689, 2.442708333333333481 ) ) ;
#1165 = CARTESIAN_POINT ( 'NONE',  ( 0.4618802153517020392, 0.8000000000000013767, 2.792708333333321136 ) ) ;
#1166 = CARTESIAN_POINT ( 'NONE',  ( -0.4433535069719850563, 0.5356016232271952893, 0.1217331044273200907 ) ) ;
#1167 = CARTESIAN_POINT ( 'NONE',  ( -0.5726683315065850266, 2.071230857988570058E-17, 2.690624999999999822 ) ) ;
#1168 = VECTOR ( 'NONE', #3479, 1000.000000000000000 ) ;
#1169 = AXIS2_PLACEMENT_3D ( 'NONE', #1128, #1910, #850 ) ;
#1170 = CARTESIAN_POINT ( 'NONE',  ( 0.3903810968328360609, 0.3903810968328350062, 4.348179018643919314 ) ) ;
#1171 = CARTESIAN_POINT ( 'NONE',  ( -0.6612604307034024576, 4.049052349318610191E-17, 0.2843750000000013767 ) ) ;
#1172 = EDGE_LOOP ( 'NONE', ( #252, #3499, #1748, #3338 ) ) ;
#1173 = CARTESIAN_POINT ( 'NONE',  ( -0.2056260494257481641, -0.7435672185637531850, 0.1988053023198100011 ) ) ;
#1174 = ADVANCED_FACE ( 'NONE', ( #1481 ), #616, .T. ) ;
#1175 = DIRECTION ( 'NONE',  ( 0.08715574274765836016, 3.552713678800503296E-15, 0.9961946980917456562 ) ) ;
#1176 = DIRECTION ( 'NONE',  ( 1.000000000000000000, 0.000000000000000000, 0.000000000000000000 ) ) ;
#1177 = ORIENTED_EDGE ( 'NONE', *, *, #3228, .T. ) ;
#1178 = CARTESIAN_POINT ( 'NONE',  ( 0.5726683315065853597, -5.681194267446310862E-14, 1.859374999999992895 ) ) ;
#1179 = CARTESIAN_POINT ( 'NONE',  ( -0.4959453230275510105, 0.2863341657532930129, 3.011458333333330017 ) ) ;
#1180 = ORIENTED_EDGE ( 'NONE', *, *, #2472, .F. ) ;
#1181 = DIRECTION ( 'NONE',  ( 0.000000000000000000, 0.000000000000000000, -1.000000000000000000 ) ) ;
#1182 = ADVANCED_FACE ( 'NONE', ( #17 ), #387, .T. ) ;
#1183 = EDGE_CURVE ( 'NONE', #1608, #3040, #872, .T. ) ;
#1184 = CARTESIAN_POINT ( 'NONE',  ( -0.6110306293786544884, 0.5165388907129931928, 0.3769887072847601939 ) ) ;
#1185 = CARTESIAN_POINT ( 'NONE',  ( -0.3306302153517012288, 0.5726683315065848046, -0.1677083333333309334 ) ) ;
#1186 = CARTESIAN_POINT ( 'NONE',  ( 0.2901676033421899947, 0.6230442147037790201, 4.307615191939739852 ) ) ;
#1187 = CARTESIAN_POINT ( 'NONE',  ( -0.03481316785341410230, 0.5716091857681659949, 3.000000000000000444 ) ) ;
#1188 = CARTESIAN_POINT ( 'NONE',  ( 0.000000000000000000, 0.5726683315065850266, 0.8968749999999999778 ) ) ;
#1189 = VERTEX_POINT ( 'NONE', #1085 ) ;
#1190 = CIRCLE ( 'NONE', #3285, 2.154970731095211089 ) ;
#1191 = CARTESIAN_POINT ( 'NONE',  ( -0.5735200168363362438, -0.4828082499006963180, 0.1769395383918608011 ) ) ;
#1192 = CARTESIAN_POINT ( 'NONE',  ( -1.127463703465820144, -0.2704320130712860037, 4.082036362917359718 ) ) ;
#1193 = DIRECTION ( 'NONE',  ( 0.000000000000000000, -0.8660254037844345998, 0.5000000000000067724 ) ) ;
#1194 = LINE ( 'NONE', #101, #2862 ) ;
#1195 = ORIENTED_EDGE ( 'NONE', *, *, #2992, .F. ) ;
#1196 = CARTESIAN_POINT ( 'NONE',  ( 0.1499242186003838795, -0.5726683315065851376, 2.092708333333333393 ) ) ;
#1197 = DIRECTION ( 'NONE',  ( 1.000000000000000000, 0.000000000000000000, 0.000000000000000000 ) ) ;
#1198 = CARTESIAN_POINT ( 'NONE',  ( 0.6928203230275510327, 0.4000000000000000222, 1.669791666666660124 ) ) ;
#1199 = CARTESIAN_POINT ( 'NONE',  ( -0.6612604307034024576, 4.049052349318610191E-17, 2.690624999999998934 ) ) ;
#1200 = EDGE_LOOP ( 'NONE', ( #140, #3603, #894, #425 ) ) ;
#1201 = VECTOR ( 'NONE', #2199, 1000.000000000000000 ) ;
#1202 = CARTESIAN_POINT ( 'NONE',  ( -0.5872262670621658520, -0.5438223573260946297, 2.906643882489446717 ) ) ;
#1203 = CARTESIAN_POINT ( 'NONE',  ( -0.6928311624132799107, -0.4000062581222680325, 0.4885344404095129933 ) ) ;
#1204 = ORIENTED_EDGE ( 'NONE', *, *, #2613, .T. ) ;
#1205 = DIRECTION ( 'NONE',  ( -1.000000000000000000, 0.000000000000000000, 0.000000000000000000 ) ) ;
#1206 = CARTESIAN_POINT ( 'NONE',  ( -0.2203447626544777216, -0.5285995362530889752, 2.756441447059047256 ) ) ;
#1207 = EDGE_CURVE ( 'NONE', #2292, #354, #294, .T. ) ;
#1208 = DIRECTION ( 'NONE',  ( 0.000000000000000000, 0.000000000000000000, -1.000000000000000000 ) ) ;
#1209 = CARTESIAN_POINT ( 'NONE',  ( -0.3306302153517012288, -0.5726683315065848046, 2.092708333333327619 ) ) ;
#1210 = ORIENTED_EDGE ( 'NONE', *, *, #1667, .T. ) ;
#1211 = VECTOR ( 'NONE', #1137, 1000.000000000000000 ) ;
#1212 = CARTESIAN_POINT ( 'NONE',  ( 0.6039950893427460388, 0.1944011831242080102, 3.213000000000000078 ) ) ;
#1213 = CARTESIAN_POINT ( 'NONE',  ( -0.2094395102393179775, 0.8000000000000002665, 2.442708333333332593 ) ) ;
#1214 = CARTESIAN_POINT ( 'NONE',  ( -0.3306302153517012288, -0.5726683315065848046, 2.092708333333327619 ) ) ;
#1215 = ORIENTED_EDGE ( 'NONE', *, *, #793, .F. ) ;
#1216 = CARTESIAN_POINT ( 'NONE',  ( -0.8000000000000032641, -0.2143593539448972463, 2.575005369558475810 ) ) ;
#1217 = CARTESIAN_POINT ( 'NONE',  ( 0.7137815228878500173, 0.4175893270106263433, 0.9697916666666668295 ) ) ;
#1218 = CARTESIAN_POINT ( 'NONE',  ( -0.4618802153517005404, -0.8000000000000000444, 1.873958333333328508 ) ) ;
#1219 = CARTESIAN_POINT ( 'NONE',  ( 0.6612604307034024576, -1.214715704795581023E-16, 1.815625000000003597 ) ) ;
#1220 = VERTEX_POINT ( 'NONE', #3370 ) ;
#1221 = CARTESIAN_POINT ( 'NONE',  ( 0.000000000000000000, 0.000000000000000000, 0.000000000000000000 ) ) ;
#1222 = EDGE_CURVE ( 'NONE', #1163, #2697, #2598, .T. ) ;
#1223 = PLANE ( 'NONE',  #3010 ) ;
#1224 = CARTESIAN_POINT ( 'NONE',  ( -0.6039950893427470380, 0.1944011831242070110, 3.213000000000000078 ) ) ;
#1225 = CARTESIAN_POINT ( 'NONE',  ( 0.4959453230275510105, -0.2863341657532930129, 0.7802083333333329485 ) ) ;
#1226 = EDGE_LOOP ( 'NONE', ( #2884, #1353, #3577, #189 ) ) ;
#1227 = ADVANCED_FACE ( 'NONE', ( #11 ), #2276, .T. ) ;
#1228 = DIRECTION ( 'NONE',  ( 0.000000000000000000, 0.000000000000000000, 1.000000000000000000 ) ) ;
#1229 = FACE_OUTER_BOUND ( 'NONE', #2218, .T. ) ;
#1230 = CARTESIAN_POINT ( 'NONE',  ( 0.000000000000000000, 1.525046402492569175, 3.788750244264619926 ) ) ;
#1231 = VERTEX_POINT ( 'NONE', #494 ) ;
#1232 = CARTESIAN_POINT ( 'NONE',  ( 0.6928203230275484792, -0.3999999999999996336, 2.005208333333333037 ) ) ;
#1233 = DIRECTION ( 'NONE',  ( 1.000000000000000000, 0.000000000000000000, 0.000000000000000000 ) ) ;
#1234 = CARTESIAN_POINT ( 'NONE',  ( 0.4618802153517005404, 0.8000000000000000444, 2.748958333333329840 ) ) ;
#1235 = CARTESIAN_POINT ( 'NONE',  ( 0.3306302153517012288, 0.5726683315065848046, 2.223958333333329929 ) ) ;
#1236 = ORIENTED_EDGE ( 'NONE', *, *, #2495, .F. ) ;
#1237 = CARTESIAN_POINT ( 'NONE',  ( -0.1944011831242110078, 0.9059627718705380861, 3.213000000000000078 ) ) ;
#1238 = AXIS2_PLACEMENT_3D ( 'NONE', #388, #2675, #104 ) ;
#1239 = CARTESIAN_POINT ( 'NONE',  ( -0.9237748832177063996, 5.656489769326419855E-17, 1.159367773742850272 ) ) ;
#1240 = CARTESIAN_POINT ( 'NONE',  ( 0.5109500922155183478, -0.2989252289426656550, 1.436458333333332948 ) ) ;
#1241 = VECTOR ( 'NONE', #2710, 1000.000000000000227 ) ;
#1242 = CARTESIAN_POINT ( 'NONE',  ( 0.000000000000000000, 0.5726683315065850266, 1.596875000000000044 ) ) ;
#1243 = EDGE_LOOP ( 'NONE', ( #846, #3546, #326, #1639 ) ) ;
#1244 = CARTESIAN_POINT ( 'NONE',  ( -0.3958261679285443591, -0.6504666660941593737, 0.1886774714161634781 ) ) ;
#1245 = EDGE_CURVE ( 'NONE', #1976, #2144, #1644, .T. ) ;
#1246 = CARTESIAN_POINT ( 'NONE',  ( 0.4618802153516995967, -0.7999999999999980460, 1.626041666666663499 ) ) ;
#1247 = CYLINDRICAL_SURFACE ( 'NONE', #1432, 0.8000000000000000444 ) ;
#1248 = PLANE ( 'NONE',  #2436 ) ;
#1249 = EDGE_LOOP ( 'NONE', ( #936, #2223, #2793, #707 ) ) ;
#1250 = CARTESIAN_POINT ( 'NONE',  ( 0.7999999999999990452, -3.014052626701681893E-15, 2.034374999999998490 ) ) ;
#1251 = ADVANCED_FACE ( 'NONE', ( #804 ), #1992, .T. ) ;
#1252 = B_SPLINE_CURVE_WITH_KNOTS ( 'NONE', 3,
 ( #3330, #2792, #2503, #166, #144, #1309, #1343, #3595, #3077, #3627, #762, #1625, #2217, #1035, #706, #3002, #1847, #309, #3129, #2272, #1396, #1157, #548, #3404, #1120 ),
 .UNSPECIFIED., .F., .F.,
 ( 4, 2, 2, 1, 2, 2, 2, 2, 2, 2, 2, 2, 4 ),
 ( 0.2703085347304686192, 0.2817099638753050583, 0.2874106784477232779, 0.2931113930201415529, 0.3159142513098144311, 0.3615199678891601875, 0.4071256844685059439, 0.4299285427581788221, 0.4527314010478517003, 0.5439428342065431021, 0.5895485507858889695, 0.6351542673652347260, 1.000000000000000000 ),
 .UNSPECIFIED. ) ;
#1253 = CARTESIAN_POINT ( 'NONE',  ( 0.8000000000000000444, -6.534008055986669554E-15, 1.990624999999996314 ) ) ;
#1254 = CARTESIAN_POINT ( 'NONE',  ( -0.4618802153517005404, -0.8000000000000000444, 1.523958333333330195 ) ) ;
#1255 = CARTESIAN_POINT ( 'NONE',  ( -0.3306302153517012288, 0.5726683315065848046, 3.332291666666660657 ) ) ;
#1256 = ORIENTED_EDGE ( 'NONE', *, *, #1831, .T. ) ;
#1257 = FACE_OUTER_BOUND ( 'NONE', #1226, .T. ) ;
#1258 = CARTESIAN_POINT ( 'NONE',  ( -0.4618802153517005404, 0.8000000000000000444, 0.7072916666666646535 ) ) ;
#1259 = CARTESIAN_POINT ( 'NONE',  ( 0.9237748832177063996, -1.696946930797919054E-16, 0.6343677737428462526 ) ) ;
#1260 = CARTESIAN_POINT ( 'NONE',  ( -0.06098604174127279787, 0.5726683315065850266, 0.1585049062160600042 ) ) ;
#1261 = CARTESIAN_POINT ( 'NONE',  ( -0.4618802153517005404, -0.8000000000000000444, 0.4739583333333319826 ) ) ;
#1262 = CARTESIAN_POINT ( 'NONE',  ( 0.000000000000000000, 0.000000000000000000, 0.000000000000000000 ) ) ;
#1263 = CARTESIAN_POINT ( 'NONE',  ( 0.4175893270110422884, 0.7137815228876230877, 1.698958333333300041 ) ) ;
#1264 = CARTESIAN_POINT ( 'NONE',  ( 0.5204855408609588840, 0.6076723258109516523, 0.2882278604276851119 ) ) ;
#1265 = FACE_OUTER_BOUND ( 'NONE', #2626, .T. ) ;
#1266 = VECTOR ( 'NONE', #2075, 1000.000000000000000 ) ;
#1267 = CARTESIAN_POINT ( 'NONE',  ( 0.8000000000000001554, 0.2143593539448986618, 1.000005369558479407 ) ) ;
#1268 = VERTEX_POINT ( 'NONE', #1142 ) ;
#1269 = DIRECTION ( 'NONE',  ( 1.000000000000000000, 0.000000000000000000, 0.000000000000000000 ) ) ;
#1270 = VECTOR ( 'NONE', #3689, 1000.000000000000000 ) ;
#1271 = CARTESIAN_POINT ( 'NONE',  ( 0.2065436973737577175, 0.5464004213377066099, 0.4835821396658392946 ) ) ;
#1272 = DIRECTION ( 'NONE',  ( 1.000000000000000000, 0.000000000000000000, 0.000000000000000000 ) ) ;
#1273 = CARTESIAN_POINT ( 'NONE',  ( -0.6201146658612596285, 0.3408977856446298027, 0.1346675808520748363 ) ) ;
#1274 = ORIENTED_EDGE ( 'NONE', *, *, #2668, .T. ) ;
#1275 = CARTESIAN_POINT ( 'NONE',  ( -0.6212486467484810149, -0.5040586715803921924, 2.903121878653703192 ) ) ;
#1276 = CARTESIAN_POINT ( 'NONE',  ( -0.6928311624132799107, -0.4000062581222680325, 0.1385344404095140147 ) ) ;
#1277 = ORIENTED_EDGE ( 'NONE', *, *, #2508, .F. ) ;
#1278 = CARTESIAN_POINT ( 'NONE',  ( -0.5726683315065849156, 0.1499242186003845456, 0.9260416666666666519 ) ) ;
#1279 = CARTESIAN_POINT ( 'NONE',  ( 0.4618802153517005404, -0.8000000000000000444, 0.5322916666666654972 ) ) ;
#1280 = CARTESIAN_POINT ( 'NONE',  ( -0.8000000000000000444, -1.097011936250820216E-16, 2.515625000000000000 ) ) ;
#1281 = PLANE ( 'NONE',  #1647 ) ;
#1282 = EDGE_CURVE ( 'NONE', #1553, #2087, #1818, .T. ) ;
#1283 = CARTESIAN_POINT ( 'NONE',  ( 0.7999999999999990452, -1.670438805159968420E-16, 1.684374999999998401 ) ) ;
#1284 = CARTESIAN_POINT ( 'NONE',  ( 0.7129228646245528989, -0.2844801662413797283, 3.000000000000000444 ) ) ;
#1285 = CARTESIAN_POINT ( 'NONE',  ( 0.06265230416375415501, -0.6335468903002077212, 0.06396141692843482218 ) ) ;
#1286 = ORIENTED_EDGE ( 'NONE', *, *, #52, .F. ) ;
#1287 = CARTESIAN_POINT ( 'NONE',  ( 0.5148104103671080622, -0.3011287934810437106, 0.02290299206315714667 ) ) ;
#1288 = EDGE_CURVE ( 'NONE', #3585, #3346, #2294, .T. ) ;
#1289 = CARTESIAN_POINT ( 'NONE',  ( 0.4556347089541946671, 0.3496137554411339887, 0.4520624358279297095 ) ) ;
#1290 = CARTESIAN_POINT ( 'NONE',  ( -0.8000000000000000444, -1.046451870652560071E-15, 1.859375000000000000 ) ) ;
#1291 = CARTESIAN_POINT ( 'NONE',  ( -0.3439681673086320557, 0.5962591292855234926, 0.1155522931072621995 ) ) ;
#1292 = ORIENTED_EDGE ( 'NONE', *, *, #946, .T. ) ;
#1293 = FACE_OUTER_BOUND ( 'NONE', #2984, .T. ) ;
#1294 = EDGE_CURVE ( 'NONE', #2113, #1528, #3685, .T. ) ;
#1295 = CARTESIAN_POINT ( 'NONE',  ( 0.9237748832177063996, -1.696946930797919054E-16, 3.084367773742841656 ) ) ;
#1296 = EDGE_LOOP ( 'NONE', ( #1724, #2082, #1804, #1575 ) ) ;
#1297 = EDGE_CURVE ( 'NONE', #1019, #13, #2550, .T. ) ;
#1298 = CARTESIAN_POINT ( 'NONE',  ( -0.5726683315065854707, -0.1534460169580681432, 0.3000053695584835034 ) ) ;
#1299 = CARTESIAN_POINT ( 'NONE',  ( 0.3306302153517012288, -0.5726683315065848046, 2.501041666666659502 ) ) ;
#1300 = ORIENTED_EDGE ( 'NONE', *, *, #828, .F. ) ;
#1301 = DIRECTION ( 'NONE',  ( -1.224646799147353207E-16, 1.000000000000000000, 0.000000000000000000 ) ) ;
#1302 = CARTESIAN_POINT ( 'NONE',  ( 0.1771643325397859181, 0.5817572580055052622, 2.999999999999999556 ) ) ;
#1303 = CARTESIAN_POINT ( 'NONE',  ( 0.1981222475737373090, -0.6334402517682968803, 0.09057964833419768214 ) ) ;
#1304 = VERTEX_POINT ( 'NONE', #3098 ) ;
#1305 = EDGE_CURVE ( 'NONE', #2260, #2450, #1679, .T. ) ;
#1306 = CARTESIAN_POINT ( 'NONE',  ( 0.4615851323700368991, -0.3689860211603821494, 0.01809835828285074472 ) ) ;
#1307 = CARTESIAN_POINT ( 'NONE',  ( -0.9059627718705389743, 0.1944011831242060118, 3.213000000000000078 ) ) ;
#1308 = FACE_OUTER_BOUND ( 'NONE', #2022, .T. ) ;
#1309 = CARTESIAN_POINT ( 'NONE',  ( 0.6148945837438438700, 0.06166757317538496680, 0.04529523210555860130 ) ) ;
#1310 = ORIENTED_EDGE ( 'NONE', *, *, #283, .F. ) ;
#1311 = CARTESIAN_POINT ( 'NONE',  ( -0.1499242186003808264, 0.5726683315065860258, 2.267708333333333659 ) ) ;
#1312 = CARTESIAN_POINT ( 'NONE',  ( -0.4618874416088531998, 0.8000125162445367311, 3.201034440409508353 ) ) ;
#1313 = ORIENTED_EDGE ( 'NONE', *, *, #3283, .T. ) ;
#1314 = CARTESIAN_POINT ( 'NONE',  ( -0.3306302153517012288, -0.5726683315065848046, 0.3427083333333337811 ) ) ;
#1315 = CARTESIAN_POINT ( 'NONE',  ( 0.3306302153517012288, -0.5726683315065848046, 3.201041666666662788 ) ) ;
#1316 = ORIENTED_EDGE ( 'NONE', *, *, #961, .F. ) ;
#1317 = AXIS2_PLACEMENT_3D ( 'NONE', #319, #947, #638 ) ;
#1318 = CARTESIAN_POINT ( 'NONE',  ( -0.5726683315065849156, 0.1499242186003846289, 1.276041666666666963 ) ) ;
#1319 = CARTESIAN_POINT ( 'NONE',  ( 0.7298191117563213037, 0.01234649819370573637, 3.000000000000000444 ) ) ;
#1320 = CARTESIAN_POINT ( 'NONE',  ( 0.8000000000000000444, 5.447083060304243530E-16, 0.9843749999999988898 ) ) ;
#1321 = VERTEX_POINT ( 'NONE', #3668 ) ;
#1322 = CARTESIAN_POINT ( 'NONE',  ( 0.4175893270106200150, -0.7137815228878534590, 1.932291666666666075 ) ) ;
#1323 = CARTESIAN_POINT ( 'NONE',  ( -0.1155702764890766121, -0.5726683315065850266, 0.01167992533828088493 ) ) ;
#1324 = CARTESIAN_POINT ( 'NONE',  ( 0.5726683315065850266, 0.000000000000000000, 0.000000000000000000 ) ) ;
#1325 = CARTESIAN_POINT ( 'NONE',  ( -0.8000000000000000444, 6.751530958737969004E-13, 1.465624999999900036 ) ) ;
#1326 = ORIENTED_EDGE ( 'NONE', *, *, #2274, .T. ) ;
#1327 = CARTESIAN_POINT ( 'NONE',  ( 0.2999999999999999889, 8.290893381421231127E-17, 4.419999999999999929 ) ) ;
#1328 = VECTOR ( 'NONE', #1501, 1000.000000000000227 ) ;
#1329 = EDGE_CURVE ( 'NONE', #1876, #44, #1115, .T. ) ;
#1330 = CARTESIAN_POINT ( 'NONE',  ( -0.6928311624132790225, 0.4000062581222680325, 2.530201107076180289 ) ) ;
#1331 = ORIENTED_EDGE ( 'NONE', *, *, #3667, .T. ) ;
#1332 = DIRECTION ( 'NONE',  ( 0.000000000000000000, 0.000000000000000000, 1.000000000000000000 ) ) ;
#1333 = CARTESIAN_POINT ( 'NONE',  ( -0.6928203230275510327, -0.4000000000000000222, 0.4447916666666659746 ) ) ;
#1334 = CARTESIAN_POINT ( 'NONE',  ( -0.5726683315065832502, -0.1534460169580719457, 2.750005369558479629 ) ) ;
#1335 = LINE ( 'NONE', #2685, #1001 ) ;
#1336 = CARTESIAN_POINT ( 'NONE',  ( 0.5726683315065590474, -0.1534460169581137456, 1.843744630441510601 ) ) ;
#1337 = CARTESIAN_POINT ( 'NONE',  ( 0.1243982637450899847, 0.3003239754690659735, 2.233743304966979704 ) ) ;
#1338 = ORIENTED_EDGE ( 'NONE', *, *, #1669, .F. ) ;
#1339 = CARTESIAN_POINT ( 'NONE',  ( -0.4618802153517008180, 0.8000000000000002665, 1.451041666666663232 ) ) ;
#1340 = PLANE ( 'NONE',  #232 ) ;
#1341 = EDGE_CURVE ( 'NONE', #1503, #1036, #3376, .T. ) ;
#1342 = CARTESIAN_POINT ( 'NONE',  ( -1.127463703465820144, 0.2704320130712750125, 4.082036362917359718 ) ) ;
#1343 = CARTESIAN_POINT ( 'NONE',  ( 0.6139235796280649859, 0.08359890832701392938, 0.04660051204775445682 ) ) ;
#1344 = ORIENTED_EDGE ( 'NONE', *, *, #3523, .F. ) ;
#1345 = CARTESIAN_POINT ( 'NONE',  ( -0.3463573368211662062, -0.7230806803971586705, 2.928441084022614049 ) ) ;
#1346 = AXIS2_PLACEMENT_3D ( 'NONE', #3450, #1721, #1758 ) ;
#1347 = CARTESIAN_POINT ( 'NONE',  ( 0.4618874416088531998, -0.8000125162445367311, 2.326034440409512793 ) ) ;
#1348 = EDGE_LOOP ( 'NONE', ( #1048, #2852, #736, #2830 ) ) ;
#1349 = LINE ( 'NONE', #1925, #3089 ) ;
#1350 = CARTESIAN_POINT ( 'NONE',  ( -0.2073243822248354573, -0.5460489769780807467, 0.3084795216143459973 ) ) ;
#1351 = DIRECTION ( 'NONE',  ( 0.000000000000000000, 1.000000000000000000, 0.000000000000000000 ) ) ;
#1352 = CARTESIAN_POINT ( 'NONE',  ( 0.000000000000000000, 0.5726683315065850266, 0.1968749999999999944 ) ) ;
#1353 = ORIENTED_EDGE ( 'NONE', *, *, #1457, .T. ) ;
#1354 = CARTESIAN_POINT ( 'NONE',  ( -0.4770368862987759973, 0.1975951480571800090, 4.419999999999999929 ) ) ;
#1355 = EDGE_CURVE ( 'NONE', #1672, #1231, #1595, .T. ) ;
#1356 = EDGE_CURVE ( 'NONE', #3628, #2450, #1892, .T. ) ;
#1357 = CARTESIAN_POINT ( 'NONE',  ( -0.2094395102393199481, 0.8000000000000000444, 2.792708333333334458 ) ) ;
#1358 = DIRECTION ( 'NONE',  ( 1.000000000000000000, 0.000000000000000000, 0.000000000000000000 ) ) ;
#1359 = CARTESIAN_POINT ( 'NONE',  ( 0.7137815228874482276, -0.4175893270113414379, 1.611458333333275483 ) ) ;
#1360 = VERTEX_POINT ( 'NONE', #2084 ) ;
#1361 = DIRECTION ( 'NONE',  ( 0.000000000000000000, 0.000000000000000000, -1.000000000000000000 ) ) ;
#1362 = EDGE_CURVE ( 'NONE', #2759, #1698, #2926, .T. ) ;
#1363 = DIRECTION ( 'NONE',  ( 0.000000000000000000, 1.000000000000000000, 0.000000000000000000 ) ) ;
#1364 = CARTESIAN_POINT ( 'NONE',  ( 0.6928311624132790225, -0.4000062581222690317, 2.705201107076180111 ) ) ;
#1365 = EDGE_LOOP ( 'NONE', ( #1121, #3095, #1635, #107, #2161, #3245, #2170, #3639, #383, #1450, #2755, #2241, #359, #733, #2586, #1274, #2054, #2406, #1044, #340, #1495 ) ) ;
#1366 = CIRCLE ( 'NONE', #2987, 2.154970731095211089 ) ;
#1367 =( BOUNDED_CURVE ( )  B_SPLINE_CURVE ( 2, ( #3500, #2612, #2333, #311, #607, #2653, #1232, #2372, #1250 ),
 .UNSPECIFIED., .F., .T. ) 
 B_SPLINE_CURVE_WITH_KNOTS ( ( 3, 2, 2, 2, 3 ),
 ( 0.000000000000000000, 0.08333333333332944293, 0.2499999999999994449, 0.4166666666666694607, 0.5000000000000000000 ),
 .UNSPECIFIED. ) 
 CURVE ( )  GEOMETRIC_REPRESENTATION_ITEM ( )  RATIONAL_B_SPLINE_CURVE ( ( 0.9330127018922194093, 0.9330127018922194093, 1.000000000000000000, 0.8660254037844389297, 1.000000000000000000, 0.8660254037844389297, 1.000000000000000000, 0.9330127018922185211, 0.9330127018922194093 ) ) 
 REPRESENTATION_ITEM ( '' )  );
#1368 = LINE ( 'NONE', #2263, #914 ) ;
#1369 = CARTESIAN_POINT ( 'NONE',  ( -0.2109757480651673622, -0.7391331051181116996, 3.000000000000000888 ) ) ;
#1370 = CARTESIAN_POINT ( 'NONE',  ( 0.6928203230275509217, 0.3999999999999995226, 0.3135416666666666630 ) ) ;
#1371 = DIRECTION ( 'NONE',  ( 1.000000000000000000, 0.000000000000000000, 0.000000000000000000 ) ) ;
#1372 = CARTESIAN_POINT ( 'NONE',  ( -0.5726683315065850266, 2.047317718109609937E-15, 2.034375000000000266 ) ) ;
#1373 = ORIENTED_EDGE ( 'NONE', *, *, #1520, .F. ) ;
#1374 = FACE_OUTER_BOUND ( 'NONE', #1477, .T. ) ;
#1375 = LINE ( 'NONE', #565, #2134 ) ;
#1376 = CARTESIAN_POINT ( 'NONE',  ( -0.1944011831242050126, -0.6039950893427470380, 3.213000000000000078 ) ) ;
#1377 =( BOUNDED_CURVE ( )  B_SPLINE_CURVE ( 2, ( #2610, #363, #644, #1214, #2369, #3514, #1507, #42, #1783 ),
 .UNSPECIFIED., .F., .T. ) 
 B_SPLINE_CURVE_WITH_KNOTS ( ( 3, 2, 2, 2, 3 ),
 ( 0.000000000000000000, 0.08333333333333130255, 0.2500000000000016653, 0.4166666666666731245, 0.5000000000000000000 ),
 .UNSPECIFIED. ) 
 CURVE ( )  GEOMETRIC_REPRESENTATION_ITEM ( )  RATIONAL_B_SPLINE_CURVE ( ( 0.9330127018922194093, 0.9330127018922189652, 1.000000000000000000, 0.8660254037844389297, 1.000000000000000000, 0.8660254037844389297, 1.000000000000000000, 0.9330127018922220739, 0.9330127018922194093 ) ) 
 REPRESENTATION_ITEM ( '' )  );
#1378 = DIRECTION ( 'NONE',  ( 0.000000000000000000, 0.000000000000000000, 1.000000000000000000 ) ) ;
#1379 = ORIENTED_EDGE ( 'NONE', *, *, #3401, .T. ) ;
#1380 = FACE_OUTER_BOUND ( 'NONE', #3046, .T. ) ;
#1381 = ADVANCED_FACE ( 'NONE', ( #88 ), #3242, .T. ) ;
#1382 = CARTESIAN_POINT ( 'NONE',  ( -0.5726683315065850266, -7.013164391525951138E-17, 0.000000000000000000 ) ) ;
#1383 = CARTESIAN_POINT ( 'NONE',  ( 0.000000000000000000, 0.8000000000000000444, 1.378125000000000044 ) ) ;
#1384 = CARTESIAN_POINT ( 'NONE',  ( -0.6612604307034024576, 4.049052349318610191E-17, 1.290625000000000577 ) ) ;
#1385 = VERTEX_POINT ( 'NONE', #1178 ) ;
#1386 = VECTOR ( 'NONE', #2642, 1000.000000000000000 ) ;
#1387 = DIRECTION ( 'NONE',  ( 1.000000000000000000, 0.000000000000000000, 0.000000000000000000 ) ) ;
#1388 = DIRECTION ( 'NONE',  ( 0.06666269134683269759, 0.06666269134683237840, 0.9955461672694008168 ) ) ;
#1389 = CARTESIAN_POINT ( 'NONE',  ( -0.6094796259544524863, 0.1351491621139822852, 3.000000000000000000 ) ) ;
#1390 = DIRECTION ( 'NONE',  ( 0.9961946980917455452, 3.473749624281609777E-15, 0.08715574274765836016 ) ) ;
#1391 = CARTESIAN_POINT ( 'NONE',  ( -0.5726683315065824731, -0.1534460169580733613, 1.000005369558484514 ) ) ;
#1392 = ORIENTED_EDGE ( 'NONE', *, *, #3050, .F. ) ;
#1393 = PRESENTATION_STYLE_ASSIGNMENT (( #4 ) ) ;
#1394 = CARTESIAN_POINT ( 'NONE',  ( 0.5726684664745901321, 0.1534457831866269661, 0.08125534574597960413 ) ) ;
#1395 = CARTESIAN_POINT ( 'NONE',  ( 0.000000000000000000, 0.6697456915520929588, 0.09707736004550869546 ) ) ;
#1396 = CARTESIAN_POINT ( 'NONE',  ( 0.4188872587084018773, 0.4901249521001260212, 0.07183923003109372873 ) ) ;
#1397 = ORIENTED_EDGE ( 'NONE', *, *, #3659, .T. ) ;
#1398 = CARTESIAN_POINT ( 'NONE',  ( 0.000000000000000000, 0.000000000000000000, 3.213000000000000078 ) ) ;
#1399 = EDGE_CURVE ( 'NONE', #1652, #3615, #3018, .T. ) ;
#1400 = CARTESIAN_POINT ( 'NONE',  ( 0.5506793929560599432, -0.1582121442453701954, 2.849489786349190368 ) ) ;
#1401 = CARTESIAN_POINT ( 'NONE',  ( -0.6928203230275510327, -0.4000000000000000222, 1.494791666666660079 ) ) ;
#1402 = CARTESIAN_POINT ( 'NONE',  ( 0.000000000000000000, 0.5726683315065850266, 0.5031250000000000444 ) ) ;
#1403 = ORIENTED_EDGE ( 'NONE', *, *, #2460, .F. ) ;
#1404 = CIRCLE ( 'NONE', #682, 0.5726683315065850266 ) ;
#1405 = CARTESIAN_POINT ( 'NONE',  ( -0.7366602327044418086, 0.3119974786061408545, 0.3928880149349188722 ) ) ;
#1406 = CARTESIAN_POINT ( 'NONE',  ( 0.6928203230275504776, -0.4000000000000008549, 0.6052083333333322379 ) ) ;
#1407 = CARTESIAN_POINT ( 'NONE',  ( 0.04863292197329040223, -0.7985204060638270152, 3.000000000000000000 ) ) ;
#1408 = ADVANCED_FACE ( 'NONE', ( #2312 ), #3501, .T. ) ;
#1409 = CARTESIAN_POINT ( 'NONE',  ( 0.8000000000000000444, -1.555371102520683408E-15, 2.340624999999996625 ) ) ;
#1410 = VERTEX_POINT ( 'NONE', #667 ) ;
#1411 = SURFACE_STYLE_FILL_AREA ( #269 ) ;
#1412 = CIRCLE ( 'NONE', #2807, 2.154970731095211089 ) ;
#1413 = CARTESIAN_POINT ( 'NONE',  ( -0.5726683315065850266, -7.013164391525951138E-17, 0.000000000000000000 ) ) ;
#1414 = CARTESIAN_POINT ( 'NONE',  ( -1.600000000000000089, 0.000000000000000000, 3.607923705099339795 ) ) ;
#1415 = CARTESIAN_POINT ( 'NONE',  ( 0.8000000042980842663, -0.003830379261776949151, 0.2403457015603576441 ) ) ;
#1416 = ORIENTED_EDGE ( 'NONE', *, *, #1888, .F. ) ;
#1417 = CARTESIAN_POINT ( 'NONE',  ( -0.3306302153517012288, -0.5726683315065848046, 0.6927083333333337034 ) ) ;
#1418 = DIRECTION ( 'NONE',  ( 0.9203638919632278759, 0.3812272063696448554, -0.08715574274765838791 ) ) ;
#1419 = CARTESIAN_POINT ( 'NONE',  ( -9.797327672966920967E-17, -0.8000125162445370641, 3.346867773742839614 ) ) ;
#1420 = ORIENTED_EDGE ( 'NONE', *, *, #1039, .T. ) ;
#1421 = CARTESIAN_POINT ( 'NONE',  ( -0.7206148913351887453, 0.3478714690357153638, 0.3903171165067486625 ) ) ;
#1422 = CARTESIAN_POINT ( 'NONE',  ( -0.6839310468567039170, 0.2068120846749523234, 0.1418459004395543066 ) ) ;
#1423 = CARTESIAN_POINT ( 'NONE',  ( -0.6500028314737952284, -0.1401206604115239063, 3.000000000000000000 ) ) ;
#1424 = CARTESIAN_POINT ( 'NONE',  ( -0.5109500922155190139, -0.2989252289426645448, 0.9697916666666666075 ) ) ;
#1425 = ORIENTED_EDGE ( 'NONE', *, *, #1682, .T. ) ;
#1426 = DIRECTION ( 'NONE',  ( 0.9203638919632278759, -0.3812272063696448554, 0.08715574274765845730 ) ) ;
#1427 = CARTESIAN_POINT ( 'NONE',  ( 0.7999999999999999334, -6.721274847306179372E-13, 1.290624999999949285 ) ) ;
#1428 = DIRECTION ( 'NONE',  ( 0.000000000000000000, 0.000000000000000000, 1.000000000000000000 ) ) ;
#1429 = CARTESIAN_POINT ( 'NONE',  ( -7.316058931746950026E-16, 0.1944011831242089816, 3.213000000000000078 ) ) ;
#1430 = EDGE_LOOP ( 'NONE', ( #3310, #1899, #689, #2817 ) ) ;
#1431 = PLANE ( 'NONE',  #1585 ) ;
#1432 = AXIS2_PLACEMENT_3D ( 'NONE', #934, #2960, #1526 ) ;
#1433 = VECTOR ( 'NONE', #420, 1000.000000000000000 ) ;
#1434 = DIRECTION ( 'NONE',  ( -1.000000000000000000, 0.000000000000000000, 0.000000000000000000 ) ) ;
#1435 = CARTESIAN_POINT ( 'NONE',  ( 0.4959453230275520097, 0.2863341657532920137, 1.144791666666669983 ) ) ;
#1436 = ORIENTED_EDGE ( 'NONE', *, *, #558, .T. ) ;
#1437 = CARTESIAN_POINT ( 'NONE',  ( -0.6928203230275499225, 0.3999999999999995226, 0.4302083333333326931 ) ) ;
#1438 = DIRECTION ( 'NONE',  ( 0.000000000000000000, 0.000000000000000000, 1.000000000000000000 ) ) ;
#1439 = CARTESIAN_POINT ( 'NONE',  ( -0.6928203230275510327, -0.4000000000000000222, -0.2114583333333329984 ) ) ;
#1440 = CARTESIAN_POINT ( 'NONE',  ( 0.000000000000000000, -7.589415207398530052E-16, 2.262183098591550312 ) ) ;
#1441 = B_SPLINE_CURVE_WITH_KNOTS ( 'NONE', 3,
 ( #2129, #1260, #1893, #3303, #395, #1813, #3009, #1537, #2092, #2723, #151, #433 ),
 .UNSPECIFIED., .F., .F.,
 ( 4, 2, 2, 2, 2, 4 ),
 ( -2.959513970205870148, -2.941013125251850102, -2.921877264314090006, -2.898776120716549887, -2.876662862723600167, -2.868310780421210016 ),
 .UNSPECIFIED. ) ;
#1442 = CARTESIAN_POINT ( 'NONE',  ( -9.797174393178806429E-17, -0.7999999999999984901, 2.296874999999993339 ) ) ;
#1443 = CARTESIAN_POINT ( 'NONE',  ( -7.013164391525951138E-17, -0.5726683315065850266, 0.3718750000000000111 ) ) ;
#1444 = ORIENTED_EDGE ( 'NONE', *, *, #1096, .T. ) ;
#1445 = CARTESIAN_POINT ( 'NONE',  ( -0.5726683315065856927, -0.1499242186003825472, 1.655208333333332726 ) ) ;
#1446 = CARTESIAN_POINT ( 'NONE',  ( 0.2989252289426636566, -0.5109500922155196800, 2.457291666666666430 ) ) ;
#1447 = CARTESIAN_POINT ( 'NONE',  ( -0.3306302153517012288, 0.5726683315065848046, 1.276041666666670737 ) ) ;
#1448 = ADVANCED_FACE ( 'NONE', ( #1806 ), #2188, .F. ) ;
#1449 = CARTESIAN_POINT ( 'NONE',  ( 0.5726683315065853597, -7.385444007073434339E-16, 1.815625000000000933 ) ) ;
#1450 = ORIENTED_EDGE ( 'NONE', *, *, #1355, .T. ) ;
#1451 = CARTESIAN_POINT ( 'NONE',  ( -0.4175893270106246224, -0.7137815228878507945, 0.4739583333333332038 ) ) ;
#1452 = CARTESIAN_POINT ( 'NONE',  ( 0.3306302153517012288, 0.5726683315065848046, 0.1677083333333350967 ) ) ;
#1453 = CARTESIAN_POINT ( 'NONE',  ( -0.6612604307034024576, 4.049052349318610191E-17, 0.9406250000000000444 ) ) ;
#1454 = EDGE_LOOP ( 'NONE', ( #444, #3351, #3552, #544 ) ) ;
#1455 = CARTESIAN_POINT ( 'NONE',  ( -0.7252184684337920073, 2.815640703956109798E-09, 0.1525501369272080077 ) ) ;
#1456 = DIRECTION ( 'NONE',  ( 0.000000000000000000, 0.000000000000000000, 1.000000000000000000 ) ) ;
#1457 = EDGE_CURVE ( 'NONE', #1360, #3589, #373, .T. ) ;
#1458 = CARTESIAN_POINT ( 'NONE',  ( 0.3305978674424461805, 0.5727243597289336519, 0.1239640404988808647 ) ) ;
#1459 = CARTESIAN_POINT ( 'NONE',  ( -0.5111182885585124902, -0.2985392044871132966, 2.720278336669850638 ) ) ;
#1460 = AXIS2_PLACEMENT_3D ( 'NONE', #1591, #1627, #1016 ) ;
#1461 =( BOUNDED_CURVE ( )  B_SPLINE_CURVE ( 2, ( #2820, #2205, #3359, #790, #1091, #2225, #808, #1943, #3449 ),
 .UNSPECIFIED., .F., .F. ) 
 B_SPLINE_CURVE_WITH_KNOTS ( ( 3, 2, 2, 2, 3 ),
 ( 0.5000000000000000000, 0.5833333333333325932, 0.7500000000000015543, 0.9166666666666705154, 1.000000000000000000 ),
 .UNSPECIFIED. ) 
 CURVE ( )  GEOMETRIC_REPRESENTATION_ITEM ( )  RATIONAL_B_SPLINE_CURVE ( ( 0.9330127018922194093, 0.9330127018922169668, 1.000000000000000000, 0.8660254037844389297, 1.000000000000000000, 0.8660254037844389297, 1.000000000000000000, 0.9330127018922194093, 0.9330127018922194093 ) ) 
 REPRESENTATION_ITEM ( '' )  );
#1462 = DIRECTION ( 'NONE',  ( -1.000000000000000000, 0.000000000000000000, 0.000000000000000000 ) ) ;
#1463 = CARTESIAN_POINT ( 'NONE',  ( -0.4959453230275510105, -0.2863341657532930129, 1.713541666666660079 ) ) ;
#1464 = ORIENTED_EDGE ( 'NONE', *, *, #2334, .F. ) ;
#1465 = CARTESIAN_POINT ( 'NONE',  ( -0.6734396060860190492, -0.3090927384653153198, 0.1678335428828117981 ) ) ;
#1466 = CARTESIAN_POINT ( 'NONE',  ( -0.6928203230275493674, -0.3999999999999987454, 1.538541666666663588 ) ) ;
#1467 = CARTESIAN_POINT ( 'NONE',  ( -0.2413774195943888534, 0.5310523555735706669, 2.976455913297266775 ) ) ;
#1468 = DIRECTION ( 'NONE',  ( 0.000000000000000000, 0.000000000000000000, -1.000000000000000000 ) ) ;
#1469 = ORIENTED_EDGE ( 'NONE', *, *, #1873, .F. ) ;
#1470 = CARTESIAN_POINT ( 'NONE',  ( 0.5726683315065852486, 3.486133158594716017E-16, 0.8093749999999999556 ) ) ;
#1471 = AXIS2_PLACEMENT_3D ( 'NONE', #1354, #1426, #3419 ) ;
#1472 = ADVANCED_FACE ( 'NONE', ( #608 ), #329, .T. ) ;
#1473 = CARTESIAN_POINT ( 'NONE',  ( 0.000000000000000000, 0.000000000000000000, 0.000000000000000000 ) ) ;
#1474 = CARTESIAN_POINT ( 'NONE',  ( -0.4618802153517005404, -0.8000000000000000444, 2.573958333333332682 ) ) ;
#1475 = CARTESIAN_POINT ( 'NONE',  ( -0.4959453230275510105, -0.2863341657532930129, 2.369791666666659857 ) ) ;
#1476 = ADVANCED_FACE ( 'NONE', ( #2999 ), #2856, .T. ) ;
#1477 = EDGE_LOOP ( 'NONE', ( #1158, #3478, #825, #1310 ) ) ;
#1478 = CARTESIAN_POINT ( 'NONE',  ( 0.8000000000000004885, -0.2143593539448979679, 0.9687446304415164855 ) ) ;
#1479 = CARTESIAN_POINT ( 'NONE',  ( -0.4618874416088531998, -0.8000125162445358429, 0.5177011070761802225 ) ) ;
#1480 = CARTESIAN_POINT ( 'NONE',  ( -0.4618802153517005404, 0.8000000000000000444, -0.2989583333333328818 ) ) ;
#1481 = FACE_OUTER_BOUND ( 'NONE', #2576, .T. ) ;
#1482 = LINE ( 'NONE', #1722, #3708 ) ;
#1483 = EDGE_CURVE ( 'NONE', #905, #1220, #2693, .T. ) ;
#1484 = CARTESIAN_POINT ( 'NONE',  ( -0.4959453230275510105, 0.2863341657532930129, 2.005208333333330373 ) ) ;
#1485 = ORIENTED_EDGE ( 'NONE', *, *, #2347, .F. ) ;
#1486 = VECTOR ( 'NONE', #623, 1000.000000000000000 ) ;
#1487 = CARTESIAN_POINT ( 'NONE',  ( 0.5726683315065853597, -7.385444007073434339E-16, 1.815625000000000933 ) ) ;
#1488 = CARTESIAN_POINT ( 'NONE',  ( 0.7999999999994964472, 8.975780826263554520E-07, 0.2406250654484006768 ) ) ;
#1489 = CARTESIAN_POINT ( 'NONE',  ( -0.1103706766175910070, -1.559173149511320071E-15, 2.252526915601820168 ) ) ;
#1490 = ORIENTED_EDGE ( 'NONE', *, *, #1850, .T. ) ;
#1491 = DIRECTION ( 'NONE',  ( 0.000000000000000000, 0.000000000000000000, -1.000000000000000000 ) ) ;
#1492 = DIRECTION ( 'NONE',  ( 0.000000000000000000, 0.000000000000000000, 1.000000000000000000 ) ) ;
#1493 = CARTESIAN_POINT ( 'NONE',  ( 0.4618802153517005404, -0.8000000000000000444, 2.982291666666658347 ) ) ;
#1494 = CARTESIAN_POINT ( 'NONE',  ( -7.013164391525951138E-17, -0.5726683315065850266, 2.078125000000000000 ) ) ;
#1495 = ORIENTED_EDGE ( 'NONE', *, *, #1520, .T. ) ;
#1496 = AXIS2_PLACEMENT_3D ( 'NONE', #117, #1601, #2688 ) ;
#1497 = CARTESIAN_POINT ( 'NONE',  ( 0.5726675383950583509, -0.0006790963627472609582, 0.4155554210260837267 ) ) ;
#1498 = CARTESIAN_POINT ( 'NONE',  ( -0.6928311624132790225, 0.4000062581222680325, 1.130201107076179934 ) ) ;
#1499 = AXIS2_PLACEMENT_3D ( 'NONE', #505, #3435, #1133 ) ;
#1500 = DIRECTION ( 'NONE',  ( 0.000000000000000000, 0.000000000000000000, 1.000000000000000000 ) ) ;
#1501 = DIRECTION ( 'NONE',  ( -0.08714264840443976257, 0.01733375049385959404, 0.9960450290638855897 ) ) ;
#1502 = CARTESIAN_POINT ( 'NONE',  ( 0.3306302153517012288, -0.5726683315065848046, 0.4010416666666669072 ) ) ;
#1503 = VERTEX_POINT ( 'NONE', #3258 ) ;
#1504 = AXIS2_PLACEMENT_3D ( 'NONE', #247, #1332, #829 ) ;
#1505 = CARTESIAN_POINT ( 'NONE',  ( -0.4068725489601160983, -0.6427516458340715166, 0.1880249205630033504 ) ) ;
#1506 = CARTESIAN_POINT ( 'NONE',  ( 0.5726683315065844715, -0.1499242186003867383, 2.501041666666666607 ) ) ;
#1507 = CARTESIAN_POINT ( 'NONE',  ( 0.4959453230275510105, -0.2863341657532930129, 2.180208333333330195 ) ) ;
#1508 = LINE ( 'NONE', #663, #2702 ) ;
#1509 = VERTEX_POINT ( 'NONE', #2980 ) ;
#1510 = LINE ( 'NONE', #2946, #1168 ) ;
#1511 = DIRECTION ( 'NONE',  ( 0.000000000000000000, 0.000000000000000000, 1.000000000000000000 ) ) ;
#1512 = CARTESIAN_POINT ( 'NONE',  ( -0.6928203230275510327, -0.4000000000000000222, 2.194791666666660035 ) ) ;
#1513 = CARTESIAN_POINT ( 'NONE',  ( -0.4959453230275510105, -0.2863341657532930129, 3.419791666666660124 ) ) ;
#1514 = ORIENTED_EDGE ( 'NONE', *, *, #1329, .T. ) ;
#1515 = EDGE_CURVE ( 'NONE', #2841, #2327, #1535, .T. ) ;
#1516 = CARTESIAN_POINT ( 'NONE',  ( -0.7521894756495685064, -0.2724883706093932934, 2.885487047570054919 ) ) ;
#1517 = CARTESIAN_POINT ( 'NONE',  ( 0.4618874416088531998, -0.8000125162445367311, 0.9260344404095124382 ) ) ;
#1518 = EDGE_CURVE ( 'NONE', #221, #3111, #634, .T. ) ;
#1519 = CARTESIAN_POINT ( 'NONE',  ( 0.000000000000000000, 0.000000000000000000, 0.000000000000000000 ) ) ;
#1520 = EDGE_CURVE ( 'NONE', #2639, #1848, #1412, .T. ) ;
#1521 = CARTESIAN_POINT ( 'NONE',  ( 0.3306302153517012288, -0.5726683315065848046, 1.451041666666669894 ) ) ;
#1522 = CYLINDRICAL_SURFACE ( 'NONE', #3377, 0.8000000000000000444 ) ;
#1523 = CIRCLE ( 'NONE', #2541, 0.8000000000000000444 ) ;
#1524 = CARTESIAN_POINT ( 'NONE',  ( -0.1452284549438688510, -0.7605361647876203168, 0.2014966947495700211 ) ) ;
#1525 = CARTESIAN_POINT ( 'NONE',  ( 0.4872665520239744530, 0.6345495936261900116, 0.2913187445797384423 ) ) ;
#1526 = DIRECTION ( 'NONE',  ( 1.000000000000000000, 0.000000000000000000, 0.000000000000000000 ) ) ;
#1527 = CARTESIAN_POINT ( 'NONE',  ( 0.8000000000000000444, 5.447083060304243530E-16, 0.9843749999999988898 ) ) ;
#1528 = VERTEX_POINT ( 'NONE', #477 ) ;
#1529 = CARTESIAN_POINT ( 'NONE',  ( 0.2999999999999999889, 2.916881200483010026E-15, 4.419999999999999929 ) ) ;
#1530 = CARTESIAN_POINT ( 'NONE',  ( -0.4959453230275510105, 0.2863341657532930129, 0.2552083333333340365 ) ) ;
#1531 = CARTESIAN_POINT ( 'NONE',  ( 0.4618802153517005404, -0.8000000000000000444, 2.282291666666660834 ) ) ;
#1532 = CARTESIAN_POINT ( 'NONE',  ( 0.4959453230275510105, -0.2863341657532930129, 2.836458333333330195 ) ) ;
#1533 = ORIENTED_EDGE ( 'NONE', *, *, #1915, .F. ) ;
#1534 = CARTESIAN_POINT ( 'NONE',  ( 0.6928203230275504776, -0.4000000000000007994, 0.9552083333333313275 ) ) ;
#1535 = B_SPLINE_CURVE_WITH_KNOTS ( 'NONE', 3,
 ( #2164, #1882, #3312, #404, #2121, #2102, #1289, #123, #1549, #1271, #704, #2426, #3574, #3042, #2467, #724, #1012, #2140, #458, #3295, #2180 ),
 .UNSPECIFIED., .F., .F.,
 ( 4, 1, 1, 1, 1, 1, 1, 1, 1, 1, 1, 1, 1, 1, 1, 1, 1, 1, 4 ),
 ( 0.5005645751465989113, 0.5214322500684496209, 0.5422963958721271904, 0.5631570727102045426, 0.5840143407651822161, 0.6048682602490748073, 0.6257188914029050419, 0.6413726079861457041, 0.6881481602023715727, 0.7503351830733144823, 0.8125324102930083781, 0.8747537378789591589, 0.9060276375034268526, 0.9372794929739654002, 0.9435806839343501284, 0.9530042775974791880, 0.9655495068947150816, 0.9812152338855241185, 1.000000000000000000 ),
 .UNSPECIFIED. ) ;
#1536 = CARTESIAN_POINT ( 'NONE',  ( -0.4618874416088531998, 0.8000125162445367311, 0.05103444040951423538 ) ) ;
#1537 = CARTESIAN_POINT ( 'NONE',  ( -0.5319811001838279374, 0.2241838117431249888, 0.2178026328211620233 ) ) ;
#1538 = AXIS2_PLACEMENT_3D ( 'NONE', #234, #1094, #2514 ) ;
#1539 = CARTESIAN_POINT ( 'NONE',  ( -0.6928203230275510327, -0.4000000000000000222, 0.09479166666666639929 ) ) ;
#1540 = CARTESIAN_POINT ( 'NONE',  ( -0.5726683315065850266, 2.119598400713870011E-18, 1.684374999999999956 ) ) ;
#1541 = DIRECTION ( 'NONE',  ( 1.000000000000000000, 1.074634457391290014E-14, 0.000000000000000000 ) ) ;
#1542 =( BOUNDED_CURVE ( )  B_SPLINE_CURVE ( 2, ( #1740, #1152, #3160, #2877, #1442, #2303, #3451, #598, #2972 ),
 .UNSPECIFIED., .F., .F. ) 
 B_SPLINE_CURVE_WITH_KNOTS ( ( 3, 2, 2, 2, 3 ),
 ( 0.000000000000000000, 0.08333333333333110826, 0.2500000000000011102, 0.4166666666666722363, 0.5000000000000000000 ),
 .UNSPECIFIED. ) 
 CURVE ( )  GEOMETRIC_REPRESENTATION_ITEM ( )  RATIONAL_B_SPLINE_CURVE ( ( 0.9330127018922194093, 0.9330127018922189652, 1.000000000000000000, 0.8660254037844389297, 1.000000000000000000, 0.8660254037844389297, 1.000000000000000000, 0.9330127018922211857, 0.9330127018922194093 ) ) 
 REPRESENTATION_ITEM ( '' )  );
#1543 = CARTESIAN_POINT ( 'NONE',  ( 0.6270160143137735176, 0.4980491769289402404, 0.2779066081267531629 ) ) ;
#1544 = CARTESIAN_POINT ( 'NONE',  ( -0.5726683315066446456, -0.1534460169579656696, 1.700005369558468038 ) ) ;
#1545 = DIRECTION ( 'NONE',  ( 0.000000000000000000, 0.000000000000000000, 1.000000000000000000 ) ) ;
#1546 = EDGE_LOOP ( 'NONE', ( #3293, #2591, #1990, #3082 ) ) ;
#1547 = CARTESIAN_POINT ( 'NONE',  ( -0.2094395102393181440, -0.8000000000000003775, 0.4885416666666666519 ) ) ;
#1548 = B_SPLINE_CURVE_WITH_KNOTS ( 'NONE', 3,
 ( #1987, #778, #3147, #1708, #1916, #1357, #2789, #2863, #218, #288 ),
 .UNSPECIFIED., .F., .F.,
 ( 4, 2, 2, 2, 4 ),
 ( 0.5000000000000000000, 0.6250000000000000000, 0.7500000000000000000, 0.8750000000000000000, 1.000000000000000000 ),
 .UNSPECIFIED. ) ;
#1549 = CARTESIAN_POINT ( 'NONE',  ( 0.3362826182609304215, 0.4684132393833529417, 0.4683949868217039403 ) ) ;
#1550 = CARTESIAN_POINT ( 'NONE',  ( -0.9237604307034010809, 5.656401273199498780E-17, 3.215624999999993072 ) ) ;
#1551 = CARTESIAN_POINT ( 'NONE',  ( 0.000000000000000000, 0.5726683315065850266, 2.953125000000000000 ) ) ;
#1552 = CARTESIAN_POINT ( 'NONE',  ( -0.6997734160374640133, 0.1574158509085548385, 0.1444389706058848422 ) ) ;
#1553 = VERTEX_POINT ( 'NONE', #1307 ) ;
#1554 = DIRECTION ( 'NONE',  ( 0.000000000000000000, 0.000000000000000000, 1.000000000000000000 ) ) ;
#1555 = EDGE_CURVE ( 'NONE', #2196, #2349, #2752, .T. ) ;
#1556 = CIRCLE ( 'NONE', #3650, 1.525046402492570063 ) ;
#1557 = FACE_OUTER_BOUND ( 'NONE', #1454, .T. ) ;
#1558 = CARTESIAN_POINT ( 'NONE',  ( 0.4959453230275510105, -0.2863341657532930129, 2.530208333333329840 ) ) ;
#1559 = CARTESIAN_POINT ( 'NONE',  ( 0.5726683315065860258, 0.1534460169580675881, 1.525005369558478874 ) ) ;
#1560 = EDGE_CURVE ( 'NONE', #1876, #1503, #2641, .T. ) ;
#1561 = CARTESIAN_POINT ( 'NONE',  ( -0.5726683315065850266, -4.812908662577529436E-16, 1.290625000000000133 ) ) ;
#1562 = CARTESIAN_POINT ( 'NONE',  ( 0.7791534463253004805, 0.2095205473419164688, 0.2556905322047536289 ) ) ;
#1563 = CARTESIAN_POINT ( 'NONE',  ( 0.7364709118801775478, -0.04267163354252406088, 3.000000000000000888 ) ) ;
#1564 = CIRCLE ( 'NONE', #2280, 1.600000000000000089 ) ;
#1565 = LINE ( 'NONE', #2463, #3518 ) ;
#1566 = VERTEX_POINT ( 'NONE', #685 ) ;
#1567 = CARTESIAN_POINT ( 'NONE',  ( 0.4345582036683667271, -0.3970751610916064545, 0.01580828357960473857 ) ) ;
#1568 = DIRECTION ( 'NONE',  ( 1.000000000000000000, 0.000000000000000000, 1.228312805433204026E-13 ) ) ;
#1569 = DIRECTION ( 'NONE',  ( 1.000000000000000000, 0.000000000000000000, 0.000000000000000000 ) ) ;
#1570 = CARTESIAN_POINT ( 'NONE',  ( -0.8000000000000000444, 6.751530958737969004E-13, 1.465624999999900036 ) ) ;
#1571 = ORIENTED_EDGE ( 'NONE', *, *, #1887, .T. ) ;
#1572 = CARTESIAN_POINT ( 'NONE',  ( -0.07586311395242131828, -0.7966465949168343164, 2.948285565510171402 ) ) ;
#1573 = EDGE_CURVE ( 'NONE', #1220, #658, #1190, .T. ) ;
#1574 = CARTESIAN_POINT ( 'NONE',  ( 0.4618874416088531998, 0.8000125162445358429, 2.792701107076170697 ) ) ;
#1575 = ORIENTED_EDGE ( 'NONE', *, *, #2213, .F. ) ;
#1576 = ADVANCED_FACE ( 'NONE', ( #3276 ), #1340, .T. ) ;
#1577 = CARTESIAN_POINT ( 'NONE',  ( 0.5726683315065821400, -0.1534460169580739164, 0.4437446304415180731 ) ) ;
#1578 = CARTESIAN_POINT ( 'NONE',  ( -0.4959453230275510105, 0.2863341657532930129, 2.355208333333330462 ) ) ;
#1579 = CARTESIAN_POINT ( 'NONE',  ( 0.4175893270106263433, -0.7137815228878500173, 2.632291666666666696 ) ) ;
#1580 = CARTESIAN_POINT ( 'NONE',  ( 0.2989252289426663212, -0.5109500922155180147, 0.7072916666666668739 ) ) ;
#1581 = CARTESIAN_POINT ( 'NONE',  ( 0.6183965561396855826, 0.3002569192682979504, 3.000000000000000000 ) ) ;
#1582 = CARTESIAN_POINT ( 'NONE',  ( 0.05639373723500788749, -0.6329618660316500556, 0.06279326498524499811 ) ) ;
#1583 = ORIENTED_EDGE ( 'NONE', *, *, #62, .F. ) ;
#1584 = CARTESIAN_POINT ( 'NONE',  ( 0.6142812489239974916, -5.143107230795432664E-06, 0.04159902593695438688 ) ) ;
#1585 = AXIS2_PLACEMENT_3D ( 'NONE', #3131, #3440, #1659 ) ;
#1586 = DIRECTION ( 'NONE',  ( 0.000000000000000000, -0.08715574274765836016, -0.9961946980917456562 ) ) ;
#1587 = CARTESIAN_POINT ( 'NONE',  ( 0.000000000000000000, 0.000000000000000000, 0.000000000000000000 ) ) ;
#1588 = CARTESIAN_POINT ( 'NONE',  ( -0.3306302153517012288, 0.5726683315065848046, 2.326041666666661900 ) ) ;
#1589 = CARTESIAN_POINT ( 'NONE',  ( -0.2990559319219849854, -0.6248122131836369997, 4.409209252490970066 ) ) ;
#1590 = ORIENTED_EDGE ( 'NONE', *, *, #421, .F. ) ;
#1591 = CARTESIAN_POINT ( 'NONE',  ( 0.000000000000000000, 0.000000000000000000, 0.000000000000000000 ) ) ;
#1592 = ADVANCED_FACE ( 'NONE', ( #142 ), #1844, .T. ) ;
#1593 = CARTESIAN_POINT ( 'NONE',  ( 0.6928311624132799107, 0.4000062581222680325, 3.113534440409509774 ) ) ;
#1594 = VERTEX_POINT ( 'NONE', #2535 ) ;
#1595 = CIRCLE ( 'NONE', #3687, 2.133001533022940155 ) ;
#1596 = CARTESIAN_POINT ( 'NONE',  ( -0.2989252289426663767, 0.5109500922155179037, 0.8822916666666666963 ) ) ;
#1597 = CARTESIAN_POINT ( 'NONE',  ( 0.000000000000000000, 0.5726683315065850266, 2.996875000000000178 ) ) ;
#1598 = EDGE_LOOP ( 'NONE', ( #2305, #1113, #549, #3612 ) ) ;
#1599 = CARTESIAN_POINT ( 'NONE',  ( -0.2989252289426662657, 0.5109500922155180147, 1.232291666666666785 ) ) ;
#1600 = CARTESIAN_POINT ( 'NONE',  ( 0.5656943023916876090, 0.5656766731950619853, 0.2838618390988593698 ) ) ;
#1601 = DIRECTION ( 'NONE',  ( 0.000000000000000000, 0.000000000000000000, 1.000000000000000000 ) ) ;
#1602 = CARTESIAN_POINT ( 'NONE',  ( 0.6102851693847611836, -0.4366942688433616548, 0.1777590390857555491 ) ) ;
#1603 = ORIENTED_EDGE ( 'NONE', *, *, #1941, .T. ) ;
#1604 = CARTESIAN_POINT ( 'NONE',  ( 0.5938621223310577291, -0.1294077665042284719, 0.03368143148041314455 ) ) ;
#1605 = CARTESIAN_POINT ( 'NONE',  ( -0.8000000000000000444, -9.797174393178831081E-17, 0.000000000000000000 ) ) ;
#1606 = DIRECTION ( 'NONE',  ( 1.000000000000000000, 0.000000000000000000, 0.000000000000000000 ) ) ;
#1607 = LINE ( 'NONE', #1589, #2215 ) ;
#1608 = VERTEX_POINT ( 'NONE', #1655 ) ;
#1609 =( BOUNDED_CURVE ( )  B_SPLINE_CURVE ( 2, ( #258, #2812, #3369, #1937, #587, #9, #2522, #3096, #2868 ),
 .UNSPECIFIED., .F., .F. ) 
 B_SPLINE_CURVE_WITH_KNOTS ( ( 3, 2, 2, 2, 3 ),
 ( 0.5000000000000000000, 0.5833333333333289294, 0.7499999999999988898, 0.9166666666666700714, 1.000000000000000000 ),
 .UNSPECIFIED. ) 
 CURVE ( )  GEOMETRIC_REPRESENTATION_ITEM ( )  RATIONAL_B_SPLINE_CURVE ( ( 0.9330127018922194093, 0.9330127018922202975, 1.000000000000000000, 0.8660254037844389297, 1.000000000000000000, 0.8660254037844389297, 1.000000000000000000, 0.9330127018922198534, 0.9330127018922194093 ) ) 
 REPRESENTATION_ITEM ( '' )  );
#1610 = CYLINDRICAL_SURFACE ( 'NONE', #622, 0.8000000000000000444 ) ;
#1611 = CARTESIAN_POINT ( 'NONE',  ( -0.4618874416088531998, -0.8000125162445358429, 1.567701107076179268 ) ) ;
#1612 = ORIENTED_EDGE ( 'NONE', *, *, #204, .F. ) ;
#1613 = CARTESIAN_POINT ( 'NONE',  ( 0.1499242186003851007, -0.5726683315065848046, 1.392708333333333215 ) ) ;
#1614 = ADVANCED_FACE ( 'NONE', ( #546 ), #3092, .T. ) ;
#1615 = CARTESIAN_POINT ( 'NONE',  ( 0.000000000000000000, 0.8000000000000000444, -0.02187499999999999861 ) ) ;
#1616 = LINE ( 'NONE', #1996, #2726 ) ;
#1617 = VECTOR ( 'NONE', #1777, 1000.000000000000000 ) ;
#1618 = CARTESIAN_POINT ( 'NONE',  ( -0.6039950893427450396, -0.1944011831242120070, 3.213000000000000078 ) ) ;
#1619 = DIRECTION ( 'NONE',  ( 0.000000000000000000, 1.000000000000000000, 0.000000000000000000 ) ) ;
#1620 = CARTESIAN_POINT ( 'NONE',  ( 0.6928203230275514768, 0.3999999999999998002, 1.013541666666662344 ) ) ;
#1621 = ORIENTED_EDGE ( 'NONE', *, *, #1111, .T. ) ;
#1622 = CARTESIAN_POINT ( 'NONE',  ( -0.7999999999999960476, 0.2143593539449047403, 1.493744630441512955 ) ) ;
#1623 = CARTESIAN_POINT ( 'NONE',  ( 0.5726683314969672756, 3.319008835888034293E-06, 0.1093753009988401859 ) ) ;
#1624 = CARTESIAN_POINT ( 'NONE',  ( 0.1944011831242170030, -0.9059627718705370869, 3.213000000000000078 ) ) ;
#1625 = CARTESIAN_POINT ( 'NONE',  ( 0.5725745861867351794, 0.2632660176702393273, 0.05706970545179390619 ) ) ;
#1626 = ORIENTED_EDGE ( 'NONE', *, *, #3202, .T. ) ;
#1627 = DIRECTION ( 'NONE',  ( 0.000000000000000000, 0.000000000000000000, 1.000000000000000000 ) ) ;
#1628 = CARTESIAN_POINT ( 'NONE',  ( -0.9237748832177063996, 5.656489769326419855E-17, 2.559367773742841745 ) ) ;
#1629 = ORIENTED_EDGE ( 'NONE', *, *, #1282, .T. ) ;
#1630 = FACE_OUTER_BOUND ( 'NONE', #3284, .T. ) ;
#1631 = CARTESIAN_POINT ( 'NONE',  ( -0.8000000000000000444, 1.078584387419030000E-15, 0.4593749999999999778 ) ) ;
#1632 = ADVANCED_FACE ( 'NONE', ( #3348 ), #838, .T. ) ;
#1633 = DIRECTION ( 'NONE',  ( 0.000000000000000000, 0.000000000000000000, -1.000000000000000000 ) ) ;
#1634 = CARTESIAN_POINT ( 'NONE',  ( 0.5388815721912605383, -0.4993332435881829845, 0.1615852180760249113 ) ) ;
#1635 = ORIENTED_EDGE ( 'NONE', *, *, #1222, .T. ) ;
#1636 = CARTESIAN_POINT ( 'NONE',  ( -0.5726683315065850266, 2.119598400713870011E-18, 0.6343749999999999112 ) ) ;
#1637 = CARTESIAN_POINT ( 'NONE',  ( 0.1088289573243842318, 0.5622922468451655442, 2.942993122001766437 ) ) ;
#1638 = DIRECTION ( 'NONE',  ( 0.000000000000000000, 0.000000000000000000, 1.000000000000000000 ) ) ;
#1639 = ORIENTED_EDGE ( 'NONE', *, *, #1573, .F. ) ;
#1640 = CARTESIAN_POINT ( 'NONE',  ( 0.5708349247758471856, -0.5613236136542495425, 2.997873647664293983 ) ) ;
#1641 = AXIS2_PLACEMENT_3D ( 'NONE', #2869, #1418, #3152 ) ;
#1642 = EDGE_CURVE ( 'NONE', #3251, #1385, #1375, .T. ) ;
#1643 = UNCERTAINTY_MEASURE_WITH_UNIT (LENGTH_MEASURE( 1.000000000000000082E-05 ), #1706, 'distance_accuracy_value', 'NONE');
#1644 = LINE ( 'NONE', #3703, #3437 ) ;
#1645 = CARTESIAN_POINT ( 'NONE',  ( -0.6928311624132799107, -0.4000062581222680325, 1.888534440409510129 ) ) ;
#1646 = VERTEX_POINT ( 'NONE', #3402 ) ;
#1647 = AXIS2_PLACEMENT_3D ( 'NONE', #754, #1835, #1896 ) ;
#1648 = DIRECTION ( 'NONE',  ( 0.000000000000000000, 0.000000000000000000, 1.000000000000000000 ) ) ;
#1649 = CARTESIAN_POINT ( 'NONE',  ( -0.5546709174739816728, -0.1484330020872805522, 0.2556093500768399362 ) ) ;
#1650 = B_SPLINE_CURVE_WITH_KNOTS ( 'NONE', 3,
 ( #2003, #267, #2496, #3161, #543, #251, #1131, #3363, #1965, #1409 ),
 .UNSPECIFIED., .F., .F.,
 ( 4, 2, 2, 2, 4 ),
 ( 0.000000000000000000, 0.1250000000000000000, 0.2499999999999999722, 0.3750000000000000000, 0.5000000000000000000 ),
 .UNSPECIFIED. ) ;
#1651 = DIRECTION ( 'NONE',  ( -1.000000000000000000, 0.000000000000000000, 0.000000000000000000 ) ) ;
#1652 = VERTEX_POINT ( 'NONE', #2501 ) ;
#1653 = SURFACE_SIDE_STYLE ('',( #1411 ) ) ;
#1654 = EDGE_CURVE ( 'NONE', #2065, #1189, #3420, .T. ) ;
#1655 = CARTESIAN_POINT ( 'NONE',  ( -0.5726683315065850266, 2.071230857988570058E-17, 2.690624999999999822 ) ) ;
#1656 = DIRECTION ( 'NONE',  ( 0.000000000000000000, 1.000000000000000000, 0.000000000000000000 ) ) ;
#1657 = CYLINDRICAL_SURFACE ( 'NONE', #2643, 0.8000000000000000444 ) ;
#1658 = VERTEX_POINT ( 'NONE', #1080 ) ;
#1659 = DIRECTION ( 'NONE',  ( 0.2228687765782358665, 0.000000000000000000, 0.9748484540822334177 ) ) ;
#1660 = CARTESIAN_POINT ( 'NONE',  ( 0.5362156069098416022, -0.2019259285683051020, 2.845044196042777696 ) ) ;
#1661 = CARTESIAN_POINT ( 'NONE',  ( 0.6928311624132799107, 0.4000062581222680325, 3.463534440409509862 ) ) ;
#1662 = ORIENTED_EDGE ( 'NONE', *, *, #628, .T. ) ;
#1663 = AXIS2_PLACEMENT_3D ( 'NONE', #975, #422, #1568 ) ;
#1664 = CARTESIAN_POINT ( 'NONE',  ( -0.6928203230275522539, 0.4000000000000008549, 2.880208333333321047 ) ) ;
#1665 = DIRECTION ( 'NONE',  ( -0.9238795325112888479, -0.3826834323650849523, 0.000000000000000000 ) ) ;
#1666 = CARTESIAN_POINT ( 'NONE',  ( -0.6465042940014943396, -0.1806991107694111975, 3.000000000000000000 ) ) ;
#1667 = EDGE_CURVE ( 'NONE', #240, #1566, #3035, .T. ) ;
#1668 = CARTESIAN_POINT ( 'NONE',  ( -0.6928203230275483682, 0.3999999999999987454, 1.830208333333333659 ) ) ;
#1669 = EDGE_CURVE ( 'NONE', #26, #2454, #431, .T. ) ;
#1670 = VECTOR ( 'NONE', #1193, 1000.000000000000114 ) ;
#1671 = DIRECTION ( 'NONE',  ( -0.3812272063696485747, 0.9203638919632263216, -0.08715574274765830465 ) ) ;
#1672 = VERTEX_POINT ( 'NONE', #2843 ) ;
#1673 = LINE ( 'NONE', #3400, #1768 ) ;
#1674 = CARTESIAN_POINT ( 'NONE',  ( 0.4959453230275510105, 0.2863341657532930129, 0.09479166666666891117 ) ) ;
#1675 = DIRECTION ( 'NONE',  ( -1.065814103640149490E-14, -0.08715574274765847118, 0.9961946980917456562 ) ) ;
#1676 = CARTESIAN_POINT ( 'NONE',  ( 0.04863292197329040223, -0.7985204060638270152, 3.000000000000000000 ) ) ;
#1677 = ORIENTED_EDGE ( 'NONE', *, *, #3140, .F. ) ;
#1678 = CARTESIAN_POINT ( 'NONE',  ( -0.5726683315065850266, 2.119598400713890040E-18, 2.384375000000000355 ) ) ;
#1679 = LINE ( 'NONE', #1382, #278 ) ;
#1680 = CARTESIAN_POINT ( 'NONE',  ( 0.9237604307034010809, -1.696920381959850373E-16, 0.9406249999999979350 ) ) ;
#1681 = CARTESIAN_POINT ( 'NONE',  ( -0.6612604307034024576, 4.049052349318610191E-17, 1.640624999999998446 ) ) ;
#1682 = EDGE_CURVE ( 'NONE', #1304, #1904, #815, .T. ) ;
#1683 = ORIENTED_EDGE ( 'NONE', *, *, #506, .T. ) ;
#1684 = VECTOR ( 'NONE', #567, 1000.000000000000000 ) ;
#1685 = CARTESIAN_POINT ( 'NONE',  ( -0.8000000000000000444, 6.882716053242488967E-16, 2.909375000000000711 ) ) ;
#1686 = CARTESIAN_POINT ( 'NONE',  ( -0.2886944930772480933, -0.7012583274664853095, 2.999999999999999112 ) ) ;
#1687 = CARTESIAN_POINT ( 'NONE',  ( -0.4959453230275510105, -0.2863341657532930129, 1.013541666666669894 ) ) ;
#1688 = ORIENTED_EDGE ( 'NONE', *, *, #3015, .T. ) ;
#1689 =( NAMED_UNIT ( * ) SI_UNIT ( $, .STERADIAN. ) SOLID_ANGLE_UNIT ( ) );
#1690 = CARTESIAN_POINT ( 'NONE',  ( -0.4959453230275510105, 0.2863341657532930129, 0.6052083333333339032 ) ) ;
#1691 = CYLINDRICAL_SURFACE ( 'NONE', #655, 0.5726683315065850266 ) ;
#1692 = LINE ( 'NONE', #2538, #852 ) ;
#1693 = ORIENTED_EDGE ( 'NONE', *, *, #541, .T. ) ;
#1694 = CARTESIAN_POINT ( 'NONE',  ( -0.5726683315065854707, -0.1534460169580681432, 0.6500053695584827596 ) ) ;
#1695 = CARTESIAN_POINT ( 'NONE',  ( 0.5726683314957675686, 3.519760241532527749E-06, 2.865625713578762834 ) ) ;
#1696 = CARTESIAN_POINT ( 'NONE',  ( -0.4618802153517005404, -0.8000000000000000444, 0.8239583333333306836 ) ) ;
#1697 = CARTESIAN_POINT ( 'NONE',  ( -0.3306302153517012288, 0.5726683315065848046, 0.8822916666666673624 ) ) ;
#1698 = VERTEX_POINT ( 'NONE', #270 ) ;
#1699 = FACE_OUTER_BOUND ( 'NONE', #2048, .T. ) ;
#1700 = CARTESIAN_POINT ( 'NONE',  ( -0.3574618361496456620, 0.5891416937125307784, 0.1163666563005782140 ) ) ;
#1701 = EDGE_CURVE ( 'NONE', #1566, #2327, #1064, .T. ) ;
#1702 = CARTESIAN_POINT ( 'NONE',  ( -0.6265843140024488500, -0.2726042456819134929, 3.000000000000000888 ) ) ;
#1703 = PLANE ( 'NONE',  #1024 ) ;
#1704 = CARTESIAN_POINT ( 'NONE',  ( -0.8000000000000000444, 2.676011623998729791E-16, 1.159375000000000044 ) ) ;
#1705 = ORIENTED_EDGE ( 'NONE', *, *, #3283, .F. ) ;
#1706 =( LENGTH_UNIT ( ) NAMED_UNIT ( * ) SI_UNIT ( .MILLI., .METRE. ) );
#1707 = AXIS2_PLACEMENT_3D ( 'NONE', #1473, #2614, #1197 ) ;
#1708 = CARTESIAN_POINT ( 'NONE',  ( 0.4175893270106255106, 0.7137815228878504614, 2.748958333333333837 ) ) ;
#1709 = CARTESIAN_POINT ( 'NONE',  ( 0.1634061937183189650, 0.5496070296939706834, 2.937514514872133109 ) ) ;
#1710 = CARTESIAN_POINT ( 'NONE',  ( 0.8000000000000000444, 0.000000000000000000, 0.000000000000000000 ) ) ;
#1711 = EDGE_LOOP ( 'NONE', ( #1571, #3211, #3091, #1693 ) ) ;
#1712 = CARTESIAN_POINT ( 'NONE',  ( 0.8000000000000001554, -8.787960670624178891E-16, 0.6343749999999993561 ) ) ;
#1713 = CARTESIAN_POINT ( 'NONE',  ( 0.5146578153617176188, -0.2539395799062127979, 2.839893741547263595 ) ) ;
#1714 = CARTESIAN_POINT ( 'NONE',  ( -0.6928203230275510327, -0.4000000000000000222, 1.144791666666659991 ) ) ;
#1715 = CARTESIAN_POINT ( 'NONE',  ( -0.4959453230275510105, -0.2863341657532930129, 0.2697916666666680396 ) ) ;
#1716 = VECTOR ( 'NONE', #503, 1000.000000000000000 ) ;
#1717 = ORIENTED_EDGE ( 'NONE', *, *, #1701, .F. ) ;
#1718 = CARTESIAN_POINT ( 'NONE',  ( -1.600000000000000089, 0.000000000000000000, 3.255599999999999827 ) ) ;
#1719 = CARTESIAN_POINT ( 'NONE',  ( -0.8000000000000000444, -3.163863720612600434E-17, 0.4156249999999999667 ) ) ;
#1720 = CARTESIAN_POINT ( 'NONE',  ( -0.5711606174606206343, 0.4105995700063902465, 0.1307306742531215149 ) ) ;
#1721 = DIRECTION ( 'NONE',  ( 0.9203638919632249893, 0.3812272063696519053, 0.08715574274765841567 ) ) ;
#1722 = CARTESIAN_POINT ( 'NONE',  ( 0.8000000000000000444, 0.000000000000000000, 0.000000000000000000 ) ) ;
#1723 = CARTESIAN_POINT ( 'NONE',  ( 0.3306302153517012288, 0.5726683315065848046, 0.1677083333333351245 ) ) ;
#1724 = ORIENTED_EDGE ( 'NONE', *, *, #3202, .F. ) ;
#1725 = CARTESIAN_POINT ( 'NONE',  ( -0.2350066404635588468, -0.7344362894474102399, 0.1973990113239432465 ) ) ;
#1726 = EDGE_CURVE ( 'NONE', #175, #2349, #1548, .T. ) ;
#1727 = CARTESIAN_POINT ( 'NONE',  ( 0.2704320130712789538, 1.127463703465820144, 4.082036362917359718 ) ) ;
#1728 = CARTESIAN_POINT ( 'NONE',  ( 0.5726683315065852486, 0.1499242186003832689, 1.830208333333333215 ) ) ;
#1729 = DIRECTION ( 'NONE',  ( 0.000000000000000000, 0.000000000000000000, 1.000000000000000000 ) ) ;
#1730 = ORIENTED_EDGE ( 'NONE', *, *, #1959, .T. ) ;
#1731 = CARTESIAN_POINT ( 'NONE',  ( 0.3003239754690670282, -0.1243982637450870010, 2.233743304966979704 ) ) ;
#1732 = CARTESIAN_POINT ( 'NONE',  ( 0.4618874416088531998, -0.8000125162445367311, 3.376034440409511728 ) ) ;
#1733 = EDGE_LOOP ( 'NONE', ( #2879, #2520, #3486, #2678, #670 ) ) ;
#1734 = CARTESIAN_POINT ( 'NONE',  ( 0.4959453230275510105, -0.2863341657532930129, 2.880208333333329929 ) ) ;
#1735 = CARTESIAN_POINT ( 'NONE',  ( -0.7489662068801959949, 0.2823188045855715700, 0.3949866816870337694 ) ) ;
#1736 = CIRCLE ( 'NONE', #129, 2.154970731095211089 ) ;
#1737 = CARTESIAN_POINT ( 'NONE',  ( -0.6928203230275510327, 0.4000000000000000222, -0.2697916666666659857 ) ) ;
#1738 = CARTESIAN_POINT ( 'NONE',  ( 0.06941187817914251657, -0.5686782646522998697, 2.784589446694363701 ) ) ;
#1739 = AXIS2_PLACEMENT_3D ( 'NONE', #184, #761, #705 ) ;
#1740 = CARTESIAN_POINT ( 'NONE',  ( -0.8000000000000000444, 3.413269101288869848E-16, 2.209374999999999645 ) ) ;
#1741 =( BOUNDED_CURVE ( )  B_SPLINE_CURVE ( 2, ( #2229, #1391, #1687, #3417, #580, #2531, #3379, #1076, #811 ),
 .UNSPECIFIED., .F., .T. ) 
 B_SPLINE_CURVE_WITH_KNOTS ( ( 3, 2, 2, 2, 3 ),
 ( 0.000000000000000000, 0.08333333333332741677, 0.2499999999999983347, 0.4166666666666692387, 0.5000000000000000000 ),
 .UNSPECIFIED. ) 
 CURVE ( )  GEOMETRIC_REPRESENTATION_ITEM ( )  RATIONAL_B_SPLINE_CURVE ( ( 0.9330127018922194093, 0.9330127018922218518, 1.000000000000000000, 0.8660254037844389297, 1.000000000000000000, 0.8660254037844389297, 1.000000000000000000, 0.9330127018922191873, 0.9330127018922194093 ) ) 
 REPRESENTATION_ITEM ( '' )  );
#1742 = CARTESIAN_POINT ( 'NONE',  ( -7.013164391525951138E-17, -0.5726683315065850266, 1.421875000000000000 ) ) ;
#1743 = ORIENTED_EDGE ( 'NONE', *, *, #2608, .T. ) ;
#1744 = CARTESIAN_POINT ( 'NONE',  ( -0.5854501053681983036, -0.4666781573140990069, 0.1760135894148264213 ) ) ;
#1745 = CARTESIAN_POINT ( 'NONE',  ( -0.8000000000000020428, -0.2143593539448907792, 1.525005369558476875 ) ) ;
#1746 = CARTESIAN_POINT ( 'NONE',  ( -0.005999351065453414379, 0.5727578840916032199, 2.953695443916286578 ) ) ;
#1747 = CARTESIAN_POINT ( 'NONE',  ( -0.5726683315065850266, -7.013164391525951138E-17, 0.000000000000000000 ) ) ;
#1748 = ORIENTED_EDGE ( 'NONE', *, *, #2420, .F. ) ;
#1749 = CARTESIAN_POINT ( 'NONE',  ( 0.5109500922155174596, -0.2989252289426672093, 2.136458333333334014 ) ) ;
#1750 = CARTESIAN_POINT ( 'NONE',  ( 0.5726683315065853597, 5.327974987891251901E-16, 1.465625000000000400 ) ) ;
#1751 = CARTESIAN_POINT ( 'NONE',  ( -0.6928203230275510327, 0.4000000000000000222, 3.186458333333330284 ) ) ;
#1752 = CARTESIAN_POINT ( 'NONE',  ( 0.6612604307034024576, -1.214715704795581023E-16, 3.215624999999999289 ) ) ;
#1753 = VERTEX_POINT ( 'NONE', #1427 ) ;
#1754 = CARTESIAN_POINT ( 'NONE',  ( -0.6186877826629260113, -0.5071777300371798081, 2.903378518230333771 ) ) ;
#1755 = CARTESIAN_POINT ( 'NONE',  ( 0.9237748832177063996, -1.696946930797919054E-16, 0.2843677737428469965 ) ) ;
#1756 = EDGE_CURVE ( 'NONE', #3049, #2788, #560, .T. ) ;
#1757 = CARTESIAN_POINT ( 'NONE',  ( -0.6849529661222536481, 0.2039330451944665612, 0.1419972722224854822 ) ) ;
#1758 = DIRECTION ( 'NONE',  ( 0.000000000000000000, 0.2228687765782375318, -0.9748484540822330846 ) ) ;
#1759 = FACE_OUTER_BOUND ( 'NONE', #345, .T. ) ;
#1760 = CARTESIAN_POINT ( 'NONE',  ( 0.4959453230275520097, 0.2863341657532920137, 0.8385416666666669627 ) ) ;
#1761 = ORIENTED_EDGE ( 'NONE', *, *, #628, .F. ) ;
#1762 = CARTESIAN_POINT ( 'NONE',  ( -0.7221480564999041007, -0.1233143398424850351, 0.1587892460182955823 ) ) ;
#1763 = CYLINDRICAL_SURFACE ( 'NONE', #1958, 0.5726683315065850266 ) ;
#1764 = CARTESIAN_POINT ( 'NONE',  ( -0.03888211468991463471, 0.5713602036009135521, 2.956727739414452216 ) ) ;
#1765 = CARTESIAN_POINT ( 'NONE',  ( -0.4959453230275510105, -0.2863341657532930129, 2.413541666666659591 ) ) ;
#1766 = VERTEX_POINT ( 'NONE', #917 ) ;
#1767 = CARTESIAN_POINT ( 'NONE',  ( 0.5726683315065845825, -0.1499242186003862387, 2.151041666666666519 ) ) ;
#1768 = VECTOR ( 'NONE', #642, 1000.000000000000000 ) ;
#1769 = CARTESIAN_POINT ( 'NONE',  ( -0.1499242186003845456, 0.5726683315065850266, 1.567708333333333481 ) ) ;
#1770 = CARTESIAN_POINT ( 'NONE',  ( 0.9237604307034010809, -1.696920381959850373E-16, 1.990624999999989875 ) ) ;
#1771 = CARTESIAN_POINT ( 'NONE',  ( -0.6612604307034024576, 4.049052349318610191E-17, 1.990625000000001643 ) ) ;
#1772 = VERTEX_POINT ( 'NONE', #2045 ) ;
#1773 = CARTESIAN_POINT ( 'NONE',  ( 0.6928311624132799107, 0.4000062581222680325, 1.013534440409510129 ) ) ;
#1774 = ORIENTED_EDGE ( 'NONE', *, *, #3583, .F. ) ;
#1775 = EDGE_CURVE ( 'NONE', #2652, #1163, #1366, .T. ) ;
#1776 = CARTESIAN_POINT ( 'NONE',  ( 0.1176063847329842510, -0.5614032370940326144, 2.789260878652804365 ) ) ;
#1777 = DIRECTION ( 'NONE',  ( 0.000000000000000000, 0.000000000000000000, -1.000000000000000000 ) ) ;
#1778 = CARTESIAN_POINT ( 'NONE',  ( -0.3306302153517012288, -0.5726683315065848046, 0.3427083333333337811 ) ) ;
#1779 = ORIENTED_EDGE ( 'NONE', *, *, #2853, .T. ) ;
#1780 = CARTESIAN_POINT ( 'NONE',  ( -0.4620053564320361073, -0.6022131096338984024, 0.1847056040021382850 ) ) ;
#1781 = EDGE_CURVE ( 'NONE', #3319, #3135, #2318, .T. ) ;
#1782 = CARTESIAN_POINT ( 'NONE',  ( -0.5726683315065863589, -0.1499242186003798272, 2.355208333333333570 ) ) ;
#1783 = CARTESIAN_POINT ( 'NONE',  ( 0.5726683315065852486, -8.591496269257686581E-16, 2.209374999999998757 ) ) ;
#1784 = DIRECTION ( 'NONE',  ( 0.000000000000000000, 0.000000000000000000, 1.000000000000000000 ) ) ;
#1785 = ORIENTED_EDGE ( 'NONE', *, *, #986, .T. ) ;
#1786 = CYLINDRICAL_SURFACE ( 'NONE', #964, 0.5726683315065850266 ) ;
#1787 = CARTESIAN_POINT ( 'NONE',  ( 0.000000000000000000, 0.5726683315065850266, 0.1968749999999999944 ) ) ;
#1788 = CARTESIAN_POINT ( 'NONE',  ( 0.4618802153517005404, 0.8000000000000000444, 2.398958333333327975 ) ) ;
#1789 = CARTESIAN_POINT ( 'NONE',  ( 0.3306302153517012288, 0.5726683315065848046, 3.273958333333328863 ) ) ;
#1790 = ORIENTED_EDGE ( 'NONE', *, *, #2943, .T. ) ;
#1791 = AXIS2_PLACEMENT_3D ( 'NONE', #2747, #1046, #195 ) ;
#1792 = CARTESIAN_POINT ( 'NONE',  ( -0.8000000000000005995, -0.2143593539448979957, 0.8250053695584804725 ) ) ;
#1793 = CARTESIAN_POINT ( 'NONE',  ( 0.000000000000000000, 1.599999999999998979, 3.607923705099339795 ) ) ;
#1794 = CARTESIAN_POINT ( 'NONE',  ( -0.8000000000000000444, -3.163863720612600434E-17, 0.4156249999999999667 ) ) ;
#1795 = CARTESIAN_POINT ( 'NONE',  ( -0.6612604307034024576, 4.049052349318610191E-17, 1.334374999999999201 ) ) ;
#1796 = CARTESIAN_POINT ( 'NONE',  ( 0.3306302153517012288, 0.5726683315065848046, 1.567708333333329263 ) ) ;
#1797 = CIRCLE ( 'NONE', #427, 1.159442916372619869 ) ;
#1798 = CARTESIAN_POINT ( 'NONE',  ( -0.2024863544930075865, -0.7445743470603832792, 0.1989461894949898779 ) ) ;
#1799 = EDGE_CURVE ( 'NONE', #2841, #240, #3497, .T. ) ;
#1800 = B_SPLINE_CURVE_WITH_KNOTS ( 'NONE', 3,
 ( #965, #675, #3544, #2703, #133, #2437, #1596, #3564, #1278, #2416 ),
 .UNSPECIFIED., .F., .F.,
 ( 4, 2, 2, 2, 4 ),
 ( 0.5000000000000000000, 0.6250000000000000000, 0.7500000000000000000, 0.8750000000000000000, 1.000000000000000000 ),
 .UNSPECIFIED. ) ;
#1801 = CARTESIAN_POINT ( 'NONE',  ( -1.053716265586979839, -0.2450864965515539839, 3.792335783456319831 ) ) ;
#1802 = CARTESIAN_POINT ( 'NONE',  ( 0.000000000000000000, 0.8000000000000000444, 0.02187499999999999861 ) ) ;
#1803 = DIRECTION ( 'NONE',  ( 0.3812272063696490187, -0.9203638919632262105, 0.08715574274765837404 ) ) ;
#1804 = ORIENTED_EDGE ( 'NONE', *, *, #541, .F. ) ;
#1805 = PLANE ( 'NONE',  #596 ) ;
#1806 = FACE_OUTER_BOUND ( 'NONE', #261, .T. ) ;
#1807 = CARTESIAN_POINT ( 'NONE',  ( -0.9237604307034010809, 5.656401273199498780E-17, 2.865624999999991207 ) ) ;
#1808 = CARTESIAN_POINT ( 'NONE',  ( 0.6612604307034024576, -1.214715704795581023E-16, 2.165624999999999467 ) ) ;
#1809 = ORIENTED_EDGE ( 'NONE', *, *, #3015, .F. ) ;
#1810 = DIRECTION ( 'NONE',  ( -1.000000000000000000, 0.000000000000000000, 0.000000000000000000 ) ) ;
#1811 = CARTESIAN_POINT ( 'NONE',  ( -0.4618874416088531998, 0.8000125162445367311, 0.7510344404095133930 ) ) ;
#1812 = B_SPLINE_CURVE_WITH_KNOTS ( 'NONE', 3,
 ( #659, #1445, #582, #21, #3201, #2957, #2648, #60, #341, #1487 ),
 .UNSPECIFIED., .F., .F.,
 ( 4, 2, 2, 2, 4 ),
 ( 0.000000000000000000, 0.1250000000000000000, 0.2500000000000000000, 0.3750000000000000000, 0.5000000000000000000 ),
 .UNSPECIFIED. ) ;
#1813 = CARTESIAN_POINT ( 'NONE',  ( -0.4062951672495950239, 0.4106806128616249940, 0.1972167019862230142 ) ) ;
#1814 = CARTESIAN_POINT ( 'NONE',  ( -0.4959453230275510105, 0.2863341657532930129, 2.705208333333330106 ) ) ;
#1815 = CARTESIAN_POINT ( 'NONE',  ( -1.127463703465820144, 0.2704320130712750125, 4.082036362917359718 ) ) ;
#1816 = CIRCLE ( 'NONE', #1054, 1.159442916372619869 ) ;
#1817 = CARTESIAN_POINT ( 'NONE',  ( -1.127463703465820144, -0.2704320130712860037, 4.082036362917359718 ) ) ;
#1818 = CIRCLE ( 'NONE', #2299, 0.9265853247356349298 ) ;
#1819 = CARTESIAN_POINT ( 'NONE',  ( 0.3098058708082211399, 0.7375792036670709706, 0.3062838817756153298 ) ) ;
#1820 = CARTESIAN_POINT ( 'NONE',  ( -7.013164391525951138E-17, -0.5726683315065850266, 1.771875000000000089 ) ) ;
#1821 = CARTESIAN_POINT ( 'NONE',  ( 0.5726683315065858038, 0.1534460169580680877, 0.8250053695584823599 ) ) ;
#1822 = EDGE_LOOP ( 'NONE', ( #1425, #747, #170, #3531, #997 ) ) ;
#1823 = CARTESIAN_POINT ( 'NONE',  ( -0.7137815228878494622, -0.4175893270106272315, 0.4447916666666666408 ) ) ;
#1824 = CARTESIAN_POINT ( 'NONE',  ( 0.6251389982024649905, 0.3006987911525790258, 4.427987219422709231 ) ) ;
#1825 = CARTESIAN_POINT ( 'NONE',  ( -0.6928203230275510327, -0.4000000000000000222, 1.844791666666660168 ) ) ;
#1826 = CARTESIAN_POINT ( 'NONE',  ( -0.4959453230275510105, 0.2863341657532930129, 2.311458333333330284 ) ) ;
#1827 = CARTESIAN_POINT ( 'NONE',  ( -0.7252184684337920073, 2.815640703956109798E-09, 0.1525501369272080077 ) ) ;
#1828 = ORIENTED_EDGE ( 'NONE', *, *, #1726, .F. ) ;
#1829 = CYLINDRICAL_SURFACE ( 'NONE', #3033, 0.8000000000000000444 ) ;
#1830 = DIRECTION ( 'NONE',  ( -1.000000000000000000, -3.763381896226670505E-15, 0.000000000000000000 ) ) ;
#1831 = EDGE_CURVE ( 'NONE', #3628, #3683, #933, .T. ) ;
#1832 = CARTESIAN_POINT ( 'NONE',  ( -0.2094395102396032493, -0.7999999999999110045, 1.188541666666645957 ) ) ;
#1833 = CARTESIAN_POINT ( 'NONE',  ( -7.013164391525951138E-17, -0.5726683315065850266, 2.121875000000000178 ) ) ;
#1834 = DIRECTION ( 'NONE',  ( 0.000000000000000000, 0.000000000000000000, 1.000000000000000000 ) ) ;
#1835 = DIRECTION ( 'NONE',  ( 0.000000000000000000, 0.000000000000000000, 1.000000000000000000 ) ) ;
#1836 = CARTESIAN_POINT ( 'NONE',  ( -0.3547399228973669993, 0.7189594731515954740, 0.3532096136831409661 ) ) ;
#1837 = ADVANCED_FACE ( 'NONE', ( #1229 ), #1763, .T. ) ;
#1838 = AXIS2_PLACEMENT_3D ( 'NONE', #2253, #2198, #1116 ) ;
#1839 = CARTESIAN_POINT ( 'NONE',  ( 0.6622335666610336125, -0.4265688037727736748, 3.000000000000000000 ) ) ;
#1840 = CARTESIAN_POINT ( 'NONE',  ( 0.000000000000000000, 0.5726683315065850266, 0.8968749999999999778 ) ) ;
#1841 = ORIENTED_EDGE ( 'NONE', *, *, #3481, .T. ) ;
#1842 = CARTESIAN_POINT ( 'NONE',  ( 0.5567126805924711430, -0.2248784453578400178, 0.02776913135215699352 ) ) ;
#1843 =( BOUNDED_CURVE ( )  B_SPLINE_CURVE ( 2, ( #2773, #2143, #2469, #1884, #1903 ),
 .UNSPECIFIED., .F., .T. ) 
 B_SPLINE_CURVE_WITH_KNOTS ( ( 3, 2, 3 ),
 ( 0.5731569238751726969, 0.7642088137311748852, 1.000000000000000000 ),
 .UNSPECIFIED. ) 
 CURVE ( )  GEOMETRIC_REPRESENTATION_ITEM ( )  RATIONAL_B_SPLINE_CURVE ( ( 0.9330127018923999316, 0.9330128118396714409, 1.000000000000000000, 0.9173261851895754271, 0.9366860371843284128 ) ) 
 REPRESENTATION_ITEM ( '' )  );
#1844 = PLANE ( 'NONE',  #1663 ) ;
#1845 = CARTESIAN_POINT ( 'NONE',  ( 0.9237604307034010809, -1.696920381959850373E-16, 3.390624999999990230 ) ) ;
#1846 = DIRECTION ( 'NONE',  ( -1.224646799147353207E-16, 1.000000000000000000, 0.000000000000000000 ) ) ;
#1847 = CARTESIAN_POINT ( 'NONE',  ( 0.5173076939832483845, 0.3718456313486008247, 0.06333862530680525738 ) ) ;
#1848 = VERTEX_POINT ( 'NONE', #643 ) ;
#1849 = CARTESIAN_POINT ( 'NONE',  ( 0.2532889438571953034, -0.7588506728606996266, 2.970609869005503612 ) ) ;
#1850 = EDGE_CURVE ( 'NONE', #3346, #2167, #323, .T. ) ;
#1851 = CARTESIAN_POINT ( 'NONE',  ( 0.4618874416088531998, 0.8000125162445358429, 1.392701107076179889 ) ) ;
#1852 = ORIENTED_EDGE ( 'NONE', *, *, #2413, .T. ) ;
#1853 = CIRCLE ( 'NONE', #2335, 2.133001533022940599 ) ;
#1854 = DIRECTION ( 'NONE',  ( -0.9203638919632278759, -0.3812272063696449109, 0.08715574274765837404 ) ) ;
#1855 = CARTESIAN_POINT ( 'NONE',  ( 0.4959453230275520097, 0.2863341657532920137, 3.288541666666659591 ) ) ;
#1856 = CARTESIAN_POINT ( 'NONE',  ( -0.2094395102393181440, -0.8000000000000003775, 2.588541666666666963 ) ) ;
#1857 = CARTESIAN_POINT ( 'NONE',  ( 0.7999999999999999334, 9.327379234259880301E-16, 0.9406249999999988232 ) ) ;
#1858 = CARTESIAN_POINT ( 'NONE',  ( -0.5327336188126930994, 0.5970720220356979802, 0.3689479667323036227 ) ) ;
#1859 = DIRECTION ( 'NONE',  ( 0.000000000000000000, 5.100724083162849976E-17, -1.000000000000000000 ) ) ;
#1860 = VECTOR ( 'NONE', #210, 1000.000000000000000 ) ;
#1861 = CARTESIAN_POINT ( 'NONE',  ( 0.7789503154362770188, -0.1823085463759850089, 0.2273316684934170162 ) ) ;
#1862 = VERTEX_POINT ( 'NONE', #1488 ) ;
#1863 = CARTESIAN_POINT ( 'NONE',  ( 0.4802676217688396920, -0.3471702594841599709, 0.01974309547551333227 ) ) ;
#1864 = CONICAL_SURFACE ( 'NONE', #2039, 1.250000000000000000, 0.2617993877991502405 ) ;
#1865 = CARTESIAN_POINT ( 'NONE',  ( 0.000000000000000000, -7.717964989505679617E-16, 3.000000000000000000 ) ) ;
#1866 =( LENGTH_UNIT ( ) NAMED_UNIT ( * ) SI_UNIT ( .MILLI., .METRE. ) );
#1867 = CARTESIAN_POINT ( 'NONE',  ( -0.9799036712383579761, 0.2197424177265050182, 3.502651636920829592 ) ) ;
#1868 = CYLINDRICAL_SURFACE ( 'NONE', #540, 0.5726683315065850266 ) ;
#1869 = EDGE_LOOP ( 'NONE', ( #2106, #3058, #3256, #3116 ) ) ;
#1870 = CARTESIAN_POINT ( 'NONE',  ( 0.2454306523194905165, -0.7614263330563109111, 2.970050931764425250 ) ) ;
#1871 = CARTESIAN_POINT ( 'NONE',  ( 0.4618874416088531998, 0.8000125162445358429, 1.742701107076182865 ) ) ;
#1872 = ORIENTED_EDGE ( 'NONE', *, *, #3027, .F. ) ;
#1873 = EDGE_CURVE ( 'NONE', #2087, #1019, #385, .T. ) ;
#1874 = CARTESIAN_POINT ( 'NONE',  ( -0.4959453230275510105, -0.2863341657532930129, 0.3135416666666679952 ) ) ;
#1875 = CARTESIAN_POINT ( 'NONE',  ( -0.3306302153517012288, -0.5726683315065848046, 2.792708333333330906 ) ) ;
#1876 = VERTEX_POINT ( 'NONE', #342 ) ;
#1877 = CARTESIAN_POINT ( 'NONE',  ( 0.2989252289426669873, 0.5109500922155174596, 1.173958333333333437 ) ) ;
#1878 = CARTESIAN_POINT ( 'NONE',  ( -0.2989252289426662657, 0.5109500922155180147, 1.932291666666666963 ) ) ;
#1879 = CARTESIAN_POINT ( 'NONE',  ( 0.5164664668610429166, -0.5149848667320592321, 0.1566775424254363280 ) ) ;
#1880 = VERTEX_POINT ( 'NONE', #2629 ) ;
#1881 = CARTESIAN_POINT ( 'NONE',  ( 0.7999999999999979350, -0.2094395102393266372, 1.976041666666665808 ) ) ;
#1882 = CARTESIAN_POINT ( 'NONE',  ( 0.5717228986002226288, 0.02498722646400867650, 0.4181425750041041778 ) ) ;
#1883 = CARTESIAN_POINT ( 'NONE',  ( 0.000000000000000000, 0.8000000000000000444, 3.478124999999999911 ) ) ;
#1884 = CARTESIAN_POINT ( 'NONE',  ( 0.3996367592852128614, -0.4531454913590086120, 0.01946654223021351132 ) ) ;
#1885 = VERTEX_POINT ( 'NONE', #2609 ) ;
#1886 = CARTESIAN_POINT ( 'NONE',  ( -0.5726683315065836943, 0.1499242186003893751, 2.326041666666666341 ) ) ;
#1887 = EDGE_CURVE ( 'NONE', #2890, #1594, #2572, .T. ) ;
#1888 = EDGE_CURVE ( 'NONE', #2167, #2652, #207, .T. ) ;
#1889 = CARTESIAN_POINT ( 'NONE',  ( 0.000000000000000000, 0.8000125162445370641, 1.771867773742840102 ) ) ;
#1890 = ORIENTED_EDGE ( 'NONE', *, *, #3062, .F. ) ;
#1891 = VECTOR ( 'NONE', #530, 1000.000000000000000 ) ;
#1892 = B_SPLINE_CURVE_WITH_KNOTS ( 'NONE', 3,
 ( #1750, #3482, #922, #648, #3520, #1769, #2051, #3207, #368, #629 ),
 .UNSPECIFIED., .F., .F.,
 ( 4, 2, 2, 2, 4 ),
 ( 0.5000000000000000000, 0.6250000000000000000, 0.7500000000000000000, 0.8750000000000000000, 1.000000000000000000 ),
 .UNSPECIFIED. ) ;
#1893 = CARTESIAN_POINT ( 'NONE',  ( -0.1215487740526280114, 0.5629266959158539807, 0.1643436229074680122 ) ) ;
#1894 = CARTESIAN_POINT ( 'NONE',  ( 0.4618802153517005404, -0.8000000000000000444, 0.1822916666666662966 ) ) ;
#1895 = CARTESIAN_POINT ( 'NONE',  ( 0.8000001521923678638, 0.2143590903399839320, 0.3000053503372903108 ) ) ;
#1896 = DIRECTION ( 'NONE',  ( 1.000000000000000000, 0.000000000000000000, 0.000000000000000000 ) ) ;
#1897 = CYLINDRICAL_SURFACE ( 'NONE', #1496, 0.5726683315065850266 ) ;
#1898 = CARTESIAN_POINT ( 'NONE',  ( 0.4749892473908517432, -0.5417162423665584647, 0.1476489264787049782 ) ) ;
#1899 = ORIENTED_EDGE ( 'NONE', *, *, #1207, .F. ) ;
#1900 = CARTESIAN_POINT ( 'NONE',  ( 0.4175893270106263433, -0.7137815228878500173, 0.5322916666666667185 ) ) ;
#1901 = CARTESIAN_POINT ( 'NONE',  ( 0.3306302153517012288, -0.5726683315065848046, 0.05104166666666818536 ) ) ;
#1902 = CARTESIAN_POINT ( 'NONE',  ( 0.000000000000000000, -7.848339497071319908E-16, 3.255599999999999827 ) ) ;
#1903 = CARTESIAN_POINT ( 'NONE',  ( 0.2220952075308740004, -0.5278472664534260561, 0.000000000000000000 ) ) ;
#1904 = VERTEX_POINT ( 'NONE', #2573 ) ;
#1905 = CARTESIAN_POINT ( 'NONE',  ( -0.2278491687244999508, -0.7679108397294176491, 2.937545991430832171 ) ) ;
#1906 = CARTESIAN_POINT ( 'NONE',  ( 0.6928311624132790225, -0.4000062581222690317, 2.005201107076179934 ) ) ;
#1907 = ORIENTED_EDGE ( 'NONE', *, *, #2302, .T. ) ;
#1908 = ADVANCED_FACE ( 'NONE', ( #2881 ), #308, .T. ) ;
#1909 = DIRECTION ( 'NONE',  ( 0.000000000000000000, 1.000000000000000000, 0.000000000000000000 ) ) ;
#1910 = DIRECTION ( 'NONE',  ( 0.000000000000000000, 0.000000000000000000, 1.000000000000000000 ) ) ;
#1911 = CARTESIAN_POINT ( 'NONE',  ( 0.000000000000000000, 0.8000000000000000444, 0.3718749999999996225 ) ) ;
#1912 = CARTESIAN_POINT ( 'NONE',  ( 0.000000000000000000, 0.000000000000000000, 0.000000000000000000 ) ) ;
#1913 = CARTESIAN_POINT ( 'NONE',  ( 0.04702467112897143475, -0.6320114553753094500, 0.06103771178808051895 ) ) ;
#1914 = ORIENTED_EDGE ( 'NONE', *, *, #231, .F. ) ;
#1915 = EDGE_CURVE ( 'NONE', #2798, #632, #1955, .T. ) ;
#1916 = CARTESIAN_POINT ( 'NONE',  ( 0.2094395102393191155, 0.8000000000000002665, 2.763541666666667229 ) ) ;
#1917 = DIRECTION ( 'NONE',  ( 0.000000000000000000, 5.100724083162849976E-17, -1.000000000000000000 ) ) ;
#1918 = DIRECTION ( 'NONE',  ( 0.000000000000000000, 5.100724083162849976E-17, -1.000000000000000000 ) ) ;
#1919 = ORIENTED_EDGE ( 'NONE', *, *, #3140, .T. ) ;
#1920 = CARTESIAN_POINT ( 'NONE',  ( -0.4909425410100095588, -0.6323009805793554650, 2.916011106682536269 ) ) ;
#1921 =( BOUNDED_CURVE ( )  B_SPLINE_CURVE ( 2, ( #2494, #3416, #853, #1945, #3362, #3088, #1668, #2265, #2823 ),
 .UNSPECIFIED., .F., .T. ) 
 B_SPLINE_CURVE_WITH_KNOTS ( ( 3, 2, 2, 2, 3 ),
 ( 0.5000000000000000000, 0.5833333333333295956, 0.7500000000000000000, 0.9166666666666702934, 1.000000000000000000 ),
 .UNSPECIFIED. ) 
 CURVE ( )  GEOMETRIC_REPRESENTATION_ITEM ( )  RATIONAL_B_SPLINE_CURVE ( ( 0.9330127018922194093, 0.9330127018922194093, 1.000000000000000000, 0.8660254037844388186, 1.000000000000000000, 0.8660254037844388186, 1.000000000000000000, 0.9330127018922194093, 0.9330127018922194093 ) ) 
 REPRESENTATION_ITEM ( '' )  );
#1922 = CARTESIAN_POINT ( 'NONE',  ( 0.6928311624132799107, 0.4000062581222680325, 2.063534440409510395 ) ) ;
#1923 = ORIENTED_EDGE ( 'NONE', *, *, #2998, .T. ) ;
#1924 = LINE ( 'NONE', #190, #249 ) ;
#1925 = CARTESIAN_POINT ( 'NONE',  ( -0.3794763007298259661, 0.1571842303614610081, 3.213000000000000078 ) ) ;
#1926 = CARTESIAN_POINT ( 'NONE',  ( -0.5717255951862832974, -0.02495179066852667993, 0.2431529863424700955 ) ) ;
#1927 = CARTESIAN_POINT ( 'NONE',  ( 0.1499242186003830468, -0.5726683315065853597, 1.042708333333332904 ) ) ;
#1928 = CARTESIAN_POINT ( 'NONE',  ( -0.1944011831242080102, -6.778805770911909572E-16, 3.213000000000000078 ) ) ;
#1929 = EDGE_LOOP ( 'NONE', ( #1180, #279, #1828, #2320, #496, #611, #2749, #2363, #2673, #876, #2310, #1083, #786, #461, #321, #2431, #3326, #1705, #1995, #1100, #3658, #3262, #1210, #1436, #3372, #2464, #1951, #2706, #2131, #2950, #2273, #3557, #3006, #2457, #102, #2250, #1743 ) ) ;
#1930 = EDGE_CURVE ( 'NONE', #1862, #2722, #885, .T. ) ;
#1931 = CARTESIAN_POINT ( 'NONE',  ( 0.7999999999999999334, -4.907664496668543106E-16, 0.5906249999999992895 ) ) ;
#1932 = B_SPLINE_CURVE_WITH_KNOTS ( 'NONE', 3,
 ( #1827, #2000, #2343, #3196, #1552, #615, #2696, #281, #1757, #1422, #301, #3489, #126, #1273, #3157, #576, #1720, #978, #2410, #3556, #2124, #2582, #16, #1166, #3278, #2301, #1700, #1291, #443, #2166, #3315, #3064, #2200, #460 ),
 .UNSPECIFIED., .F., .F.,
 ( 4, 2, 2, 1, 1, 2, 2, 2, 1, 1, 1, 2, 2, 2, 2, 2, 1, 2, 2, 4 ),
 ( 0.000000000000000000, 0.1250000000000001943, 0.1875000000000003608, 0.2187500000000004441, 0.2343750000000004718, 0.2421875000000004996, 0.2500000000000004996, 0.3749999999999997224, 0.4374999999999992784, 0.4687499999999992228, 0.4843749999999992228, 0.4921874999999991673, 0.4999999999999991118, 0.6249999999999983347, 0.6874999999999980016, 0.7187499999999977796, 0.7343749999999976685, 0.7421874999999976685, 0.7499999999999976685, 1.000000000000000000 ),
 .UNSPECIFIED. ) ;
#1933 = CARTESIAN_POINT ( 'NONE',  ( -0.5726683315065854707, 0.1534460169580681987, 0.6187446304415185061 ) ) ;
#1934 = CARTESIAN_POINT ( 'NONE',  ( 0.5416733805779730959, 0.1859105259881344840, 2.884561920531294454 ) ) ;
#1935 = CARTESIAN_POINT ( 'NONE',  ( -0.8000000000000000444, -9.797174393178831081E-17, 0.000000000000000000 ) ) ;
#1936 = ORIENTED_EDGE ( 'NONE', *, *, #1915, .T. ) ;
#1937 = CARTESIAN_POINT ( 'NONE',  ( 0.4618802153516995412, 0.7999999999999970468, 2.092708333333332060 ) ) ;
#1938 = AXIS2_PLACEMENT_3D ( 'NONE', #2782, #1074, #3653 ) ;
#1939 = CARTESIAN_POINT ( 'NONE',  ( 0.5595979539361530808, -0.1230000258684659370, 2.853097575044091005 ) ) ;
#1940 = CARTESIAN_POINT ( 'NONE',  ( 0.6612604307034024576, -1.214715704795581023E-16, 0.4156250000000012434 ) ) ;
#1941 = EDGE_CURVE ( 'NONE', #3268, #1885, #347, .T. ) ;
#1942 = ORIENTED_EDGE ( 'NONE', *, *, #2893, .F. ) ;
#1943 = CARTESIAN_POINT ( 'NONE',  ( -0.8000000000000000444, 0.2143593539448981067, 0.7937446304415163301 ) ) ;
#1944 = AXIS2_PLACEMENT_3D ( 'NONE', #1967, #3144, #798 ) ;
#1945 = CARTESIAN_POINT ( 'NONE',  ( 0.4618802153516995967, 0.7999999999999970468, 1.742708333333336412 ) ) ;
#1946 = CARTESIAN_POINT ( 'NONE',  ( 0.3143684607229300099, 0.3143684607229289552, 3.213000000000000078 ) ) ;
#1947 = ORIENTED_EDGE ( 'NONE', *, *, #3481, .F. ) ;
#1948 = ADVANCED_FACE ( 'NONE', ( #1107 ), #2874, .T. ) ;
#1949 = CARTESIAN_POINT ( 'NONE',  ( 0.2978067402500269578, 0.4895103823279842170, 2.922620254118712513 ) ) ;
#1950 = CARTESIAN_POINT ( 'NONE',  ( -9.797174393178914897E-17, -0.8000000000000074829, 2.996874999999987743 ) ) ;
#1951 = ORIENTED_EDGE ( 'NONE', *, *, #2347, .T. ) ;
#1952 = CARTESIAN_POINT ( 'NONE',  ( -0.2989252289426653220, 0.5109500922155186808, 2.632291666666666696 ) ) ;
#1953 = CARTESIAN_POINT ( 'NONE',  ( 0.5726674431832849965, 0.1534475555791585122, 0.1250055262860201022 ) ) ;
#1954 = CARTESIAN_POINT ( 'NONE',  ( 0.000000000000000000, 0.8000000000000000444, 1.028124999999999956 ) ) ;
#1955 =( BOUNDED_CURVE ( )  B_SPLINE_CURVE ( 2, ( #603, #1745, #1466, #99, #3037, #1246, #3271, #2687, #1283 ),
 .UNSPECIFIED., .F., .F. ) 
 B_SPLINE_CURVE_WITH_KNOTS ( ( 3, 2, 2, 2, 3 ),
 ( 0.000000000000000000, 0.08333333333333203807, 0.2500000000000016653, 0.4166666666666707375, 0.5000000000000000000 ),
 .UNSPECIFIED. ) 
 CURVE ( )  GEOMETRIC_REPRESENTATION_ITEM ( )  RATIONAL_B_SPLINE_CURVE ( ( 0.9330127018922194093, 0.9330127018922171889, 1.000000000000000000, 0.8660254037844388186, 1.000000000000000000, 0.8660254037844388186, 1.000000000000000000, 0.9330127018922194093, 0.9330127018922194093 ) ) 
 REPRESENTATION_ITEM ( '' )  );
#1956 = CARTESIAN_POINT ( 'NONE',  ( -0.3306302153517012288, 0.5726683315065848046, 1.232291666666669894 ) ) ;
#1957 = ORIENTED_EDGE ( 'NONE', *, *, #1399, .T. ) ;
#1958 = AXIS2_PLACEMENT_3D ( 'NONE', #952, #2063, #3236 ) ;
#1959 = EDGE_CURVE ( 'NONE', #492, #2974, #2599, .T. ) ;
#1960 = ADVANCED_BREP_SHAPE_REPRESENTATION ( '95836A511.step', ( #767, #3578 ), #2193 ) ;
#1961 = CARTESIAN_POINT ( 'NONE',  ( 0.5726683315065850266, 0.000000000000000000, 0.000000000000000000 ) ) ;
#1962 = CARTESIAN_POINT ( 'NONE',  ( -0.5567201484434254333, -0.4344780892112993231, 3.000000000000000000 ) ) ;
#1963 = CARTESIAN_POINT ( 'NONE',  ( -0.8000000000000000444, -9.797174393178831081E-17, 0.000000000000000000 ) ) ;
#1964 = CIRCLE ( 'NONE', #3534, 2.133001533022939711 ) ;
#1965 = CARTESIAN_POINT ( 'NONE',  ( 0.7999999999999992673, -0.2094395102393229180, 2.326041666666666785 ) ) ;
#1966 = ORIENTED_EDGE ( 'NONE', *, *, #1667, .F. ) ;
#1967 = CARTESIAN_POINT ( 'NONE',  ( 0.000000000000000000, 0.000000000000000000, 0.000000000000000000 ) ) ;
#1968 = CARTESIAN_POINT ( 'NONE',  ( 0.4959453230275520097, 0.2863341657532920137, 0.4885416666666670960 ) ) ;
#1969 = CARTESIAN_POINT ( 'NONE',  ( -0.8000000000000000444, -9.797174393178831081E-17, 0.000000000000000000 ) ) ;
#1970 = CARTESIAN_POINT ( 'NONE',  ( 0.7985801658388471669, -0.04847243289796537152, 0.2370935431145595462 ) ) ;
#1971 = ORIENTED_EDGE ( 'NONE', *, *, #3050, .T. ) ;
#1972 = CARTESIAN_POINT ( 'NONE',  ( 0.4152234277036430110, -0.6838051660276029953, 0.2273316684934170162 ) ) ;
#1973 = EDGE_CURVE ( 'NONE', #1594, #1268, #2242, .T. ) ;
#1974 = CARTESIAN_POINT ( 'NONE',  ( 0.4655616605748940096, -0.3339964040593612071, 2.831220807302175402 ) ) ;
#1975 = CARTESIAN_POINT ( 'NONE',  ( -0.3306302153517012288, 0.5726683315065848046, 0.1822916666666691832 ) ) ;
#1976 = VERTEX_POINT ( 'NONE', #3119 ) ;
#1977 = VECTOR ( 'NONE', #3178, 1000.000000000000114 ) ;
#1978 = CARTESIAN_POINT ( 'NONE',  ( -0.7385723180573845470, 0.3074304584875572344, 0.3932114832586949271 ) ) ;
#1979 = CARTESIAN_POINT ( 'NONE',  ( 0.000000000000000000, 1.344399999999999151, 3.607923705099339795 ) ) ;
#1980 = FACE_OUTER_BOUND ( 'NONE', #430, .T. ) ;
#1981 = B_SPLINE_CURVE_WITH_KNOTS ( 'NONE', 3,
 ( #3459, #85, #2592, #3537, #2963, #1196, #2028, #1749, #1767, #2100 ),
 .UNSPECIFIED., .F., .F.,
 ( 4, 2, 2, 2, 4 ),
 ( 0.000000000000000000, 0.1250000000000000000, 0.2500000000000000000, 0.3750000000000000000, 0.5000000000000000000 ),
 .UNSPECIFIED. ) ;
#1982 = CARTESIAN_POINT ( 'NONE',  ( 0.000000000000000000, 0.2999999999999999889, 4.419999999999999929 ) ) ;
#1983 = CARTESIAN_POINT ( 'NONE',  ( -0.3306302153517012288, 0.5726683315065848046, -0.1239583333333309501 ) ) ;
#1984 = VERTEX_POINT ( 'NONE', #34 ) ;
#1985 = CARTESIAN_POINT ( 'NONE',  ( -0.8000000000000000444, -4.414670584056469701E-16, 0.7656250000000000000 ) ) ;
#1986 = EDGE_CURVE ( 'NONE', #2711, #2196, #2738, .T. ) ;
#1987 = CARTESIAN_POINT ( 'NONE',  ( 0.8000000000000000444, -2.626023009306118216E-15, 2.690624999999997158 ) ) ;
#1988 = CARTESIAN_POINT ( 'NONE',  ( 0.3659455287684000302, 0.4408037836193020031, 2.914127056536387261 ) ) ;
#1989 = CARTESIAN_POINT ( 'NONE',  ( -0.5726683315065850266, 4.855300630591810072E-16, 0.9406249999999999334 ) ) ;
#1990 = ORIENTED_EDGE ( 'NONE', *, *, #2323, .T. ) ;
#1991 = DIRECTION ( 'NONE',  ( 0.000000000000000000, 0.000000000000000000, 1.000000000000000000 ) ) ;
#1992 = CYLINDRICAL_SURFACE ( 'NONE', #2786, 0.8000000000000000444 ) ;
#1993 = CARTESIAN_POINT ( 'NONE',  ( 0.4959453230275510105, -0.2863341657532930129, 0.3864583333333349580 ) ) ;
#1994 = AXIS2_PLACEMENT_3D ( 'NONE', #695, #1834, #2990 ) ;
#1995 = ORIENTED_EDGE ( 'NONE', *, *, #3554, .F. ) ;
#1996 = CARTESIAN_POINT ( 'NONE',  ( -0.1571842303614600089, -0.3794763007298259661, 3.213000000000000078 ) ) ;
#1997 = AXIS2_PLACEMENT_3D ( 'NONE', #1440, #1500, #3176 ) ;
#1998 = EDGE_CURVE ( 'NONE', #2183, #2860, #2528, .T. ) ;
#1999 = CARTESIAN_POINT ( 'NONE',  ( -0.5565849927503296879, 0.5746510778061327818, 0.3713946133927202853 ) ) ;
#2000 = CARTESIAN_POINT ( 'NONE',  ( -0.7227723066357645276, 0.04796951966361929359, 0.1501039755016247701 ) ) ;
#2001 = CARTESIAN_POINT ( 'NONE',  ( -0.03863873203647646276, -0.5726001297594840445, 2.774629437179750635 ) ) ;
#2002 = DIRECTION ( 'NONE',  ( -1.000000000000000000, 0.000000000000000000, 0.000000000000000000 ) ) ;
#2003 = CARTESIAN_POINT ( 'NONE',  ( -0.8000000000000000444, 4.062308766099140174E-15, 2.165624999999999911 ) ) ;
#2004 = EDGE_LOOP ( 'NONE', ( #2377, #1852, #1286, #1774 ) ) ;
#2005 = CARTESIAN_POINT ( 'NONE',  ( -0.5656341435310635601, -0.4928919690495551786, 0.1775360563081413989 ) ) ;
#2006 = CARTESIAN_POINT ( 'NONE',  ( 0.7137815228878521268, 0.4175893270106229016, 2.369791666666666963 ) ) ;
#2007 = CARTESIAN_POINT ( 'NONE',  ( 0.5582223925565216183, 0.1348913596222450217, 2.879348728980018812 ) ) ;
#2008 = FACE_OUTER_BOUND ( 'NONE', #1249, .T. ) ;
#2009 = ORIENTED_EDGE ( 'NONE', *, *, #2324, .F. ) ;
#2010 = CARTESIAN_POINT ( 'NONE',  ( 0.3306302153517012288, -0.5726683315065848046, 1.451041666666669894 ) ) ;
#2011 = CARTESIAN_POINT ( 'NONE',  ( 0.4175893270106324495, 0.7137815228878460205, 2.048958333333332771 ) ) ;
#2012 = CARTESIAN_POINT ( 'NONE',  ( 0.4618802153517005404, 0.8000000000000000444, 1.348958333333329485 ) ) ;
#2013 = CARTESIAN_POINT ( 'NONE',  ( -0.3306302153517012288, -0.5726683315065848046, 1.348958333333329485 ) ) ;
#2014 = ORIENTED_EDGE ( 'NONE', *, *, #1887, .F. ) ;
#2015 = CARTESIAN_POINT ( 'NONE',  ( -0.5726683315065850266, 8.666806217322030616E-16, 0.2406250000000000056 ) ) ;
#2016 = CARTESIAN_POINT ( 'NONE',  ( -0.7340811686525149371, 0.3180181801949524267, 0.3924599035845544592 ) ) ;
#2017 = CARTESIAN_POINT ( 'NONE',  ( 0.6928203230275510327, -0.4000000000000000222, -0.09479166666666639929 ) ) ;
#2018 = CARTESIAN_POINT ( 'NONE',  ( 0.3859026685978945159, -0.4246299838919283531, 2.819687338812117972 ) ) ;
#2019 = ADVANCED_FACE ( 'NONE', ( #1126 ), #1864, .F. ) ;
#2020 = CARTESIAN_POINT ( 'NONE',  ( 0.000000000000000000, 0.1944011831242080102, 3.213000000000000078 ) ) ;
#2021 = CARTESIAN_POINT ( 'NONE',  ( 0.3306302153517012288, -0.5726683315065848046, 1.101041666666670471 ) ) ;
#2022 = EDGE_LOOP ( 'NONE', ( #886, #3423, #2497, #3078 ) ) ;
#2023 = CARTESIAN_POINT ( 'NONE',  ( -0.2904670776385366304, -0.7103559055677192147, 0.1945157192990034367 ) ) ;
#2024 = ADVANCED_FACE ( 'NONE', ( #1699 ), #1089, .T. ) ;
#2025 = CARTESIAN_POINT ( 'NONE',  ( -0.5726683315065850266, 2.071230857988570058E-17, 0.5906249999999999556 ) ) ;
#2026 = CARTESIAN_POINT ( 'NONE',  ( 0.8000000000001774580, 0.2094395102385859520, 1.305208333333279569 ) ) ;
#2027 = ORIENTED_EDGE ( 'NONE', *, *, #1288, .T. ) ;
#2028 = CARTESIAN_POINT ( 'NONE',  ( 0.2989252289426652109, -0.5109500922155185698, 2.107291666666667229 ) ) ;
#2029 = CARTESIAN_POINT ( 'NONE',  ( -0.8000000000000000444, 4.062308766099140174E-15, 2.165624999999999911 ) ) ;
#2030 = CARTESIAN_POINT ( 'NONE',  ( -0.4618802153517005404, 0.8000000000000000444, 2.107291666666662788 ) ) ;
#2031 = CARTESIAN_POINT ( 'NONE',  ( 0.3306302153517012288, -0.5726683315065848046, 2.807291666666660301 ) ) ;
#2032 = ORIENTED_EDGE ( 'NONE', *, *, #2302, .F. ) ;
#2033 = CARTESIAN_POINT ( 'NONE',  ( 1.802925017704733270E-16, -1.344400000000000706, 3.000000000000000000 ) ) ;
#2034 = CARTESIAN_POINT ( 'NONE',  ( 0.9237604307034010809, -1.696920381959850373E-16, 0.5906249999999987343 ) ) ;
#2035 = DIRECTION ( 'NONE',  ( -0.06666269134683269759, 0.06666269134683237840, 0.9955461672694008168 ) ) ;
#2036 = AXIS2_PLACEMENT_3D ( 'NONE', #185, #3350, #3643 ) ;
#2037 = CARTESIAN_POINT ( 'NONE',  ( 0.8000000000000000444, -1.555371102520683408E-15, 2.340624999999996625 ) ) ;
#2038 = CARTESIAN_POINT ( 'NONE',  ( 0.02655502559311538960, -0.5720890092974955099, 2.780560360881275450 ) ) ;
#2039 = AXIS2_PLACEMENT_3D ( 'NONE', #3413, #848, #2564 ) ;
#2040 =( BOUNDED_CURVE ( )  B_SPLINE_CURVE ( 2, ( #3367, #839, #800, #1156, #2537, #2809, #3128, #2828, #1098 ),
 .UNSPECIFIED., .F., .F. ) 
 B_SPLINE_CURVE_WITH_KNOTS ( ( 3, 2, 2, 2, 3 ),
 ( 0.5000000000000000000, 0.5833333333333301507, 0.7499999999999994449, 0.9166666666666687391, 1.000000000000000000 ),
 .UNSPECIFIED. ) 
 CURVE ( )  GEOMETRIC_REPRESENTATION_ITEM ( )  RATIONAL_B_SPLINE_CURVE ( ( 0.9330127018922194093, 0.9330127018922185211, 1.000000000000000000, 0.8660254037844389297, 1.000000000000000000, 0.8660254037844389297, 1.000000000000000000, 0.9330127018922176330, 0.9330127018922194093 ) ) 
 REPRESENTATION_ITEM ( '' )  );
#2041 = CARTESIAN_POINT ( 'NONE',  ( 0.000000000000000000, 0.000000000000000000, 0.000000000000000000 ) ) ;
#2042 = CARTESIAN_POINT ( 'NONE',  ( 0.3306302153517012288, 0.5726683315065848046, 1.917708333333329351 ) ) ;
#2043 = EDGE_LOOP ( 'NONE', ( #861, #1397, #1444, #2835, #2211, #1629, #3632, #758, #2872, #3368, #1688, #1923, #913, #2187, #2690, #20, #3192, #2118, #2360, #2027, #1490 ) ) ;
#2044 = CARTESIAN_POINT ( 'NONE',  ( -0.3127152370114360536, -0.6998654487194093665, 0.1933397148492792539 ) ) ;
#2045 = CARTESIAN_POINT ( 'NONE',  ( 0.000000000000000000, 1.599999999999998979, 3.255599999999999827 ) ) ;
#2046 = CARTESIAN_POINT ( 'NONE',  ( -0.3459173142827947633, 0.4706618660084557759, 2.988252720821463537 ) ) ;
#2047 = DIRECTION ( 'NONE',  ( 0.08715574274765836016, 0.000000000000000000, -0.9961946980917456562 ) ) ;
#2048 = EDGE_LOOP ( 'NONE', ( #641, #573, #2945, #2768, #527 ) ) ;
#2049 = EDGE_CURVE ( 'NONE', #1904, #1503, #3709, .T. ) ;
#2050 = CARTESIAN_POINT ( 'NONE',  ( 0.000000000000000000, 0.000000000000000000, 0.000000000000000000 ) ) ;
#2051 = CARTESIAN_POINT ( 'NONE',  ( -0.2989252289426663767, 0.5109500922155179037, 1.582291666666666652 ) ) ;
#2052 = CARTESIAN_POINT ( 'NONE',  ( 0.4618802153517005404, 0.8000000000000000444, 1.698958333333329351 ) ) ;
#2053 = CARTESIAN_POINT ( 'NONE',  ( 0.4959453230275510105, -0.2863341657532930129, 2.136458333333330017 ) ) ;
#2054 = ORIENTED_EDGE ( 'NONE', *, *, #1297, .T. ) ;
#2055 = CARTESIAN_POINT ( 'NONE',  ( -0.7563475639295842434, -0.2607245326644928585, 2.884634089125633238 ) ) ;
#2056 = CARTESIAN_POINT ( 'NONE',  ( -0.9059627718705380861, -0.1944011831242140054, 3.213000000000000078 ) ) ;
#2057 = CARTESIAN_POINT ( 'NONE',  ( -0.07616334647083819465, -0.5688153541654068501, 2.771125330775733087 ) ) ;
#2058 = EDGE_CURVE ( 'NONE', #371, #586, #428, .T. ) ;
#2059 = DIRECTION ( 'NONE',  ( 0.000000000000000000, 0.000000000000000000, -1.000000000000000000 ) ) ;
#2060 = CARTESIAN_POINT ( 'NONE',  ( 0.6612604307034024576, -1.214715704795581023E-16, 1.509375000000000799 ) ) ;
#2061 = ORIENTED_EDGE ( 'NONE', *, *, #304, .T. ) ;
#2062 = CARTESIAN_POINT ( 'NONE',  ( -0.4193003172575175963, -0.6338161776664901215, 0.1872829562495764710 ) ) ;
#2063 = DIRECTION ( 'NONE',  ( 0.000000000000000000, 0.000000000000000000, 1.000000000000000000 ) ) ;
#2064 = CARTESIAN_POINT ( 'NONE',  ( -0.5726683315065825841, 0.1534460169580729449, 1.318744630441514909 ) ) ;
#2065 = VERTEX_POINT ( 'NONE', #2912 ) ;
#2066 = CARTESIAN_POINT ( 'NONE',  ( 1.127463703465820144, 0.2704320130712779546, 4.082036362917359718 ) ) ;
#2067 = CARTESIAN_POINT ( 'NONE',  ( 0.000000000000000000, 0.000000000000000000, 0.000000000000000000 ) ) ;
#2068 = CARTESIAN_POINT ( 'NONE',  ( 0.000000000000000000, 0.8000000000000000444, 1.728125000000000133 ) ) ;
#2069 = CARTESIAN_POINT ( 'NONE',  ( -0.6612604307034024576, 4.049052349318610191E-17, 3.040625000000000355 ) ) ;
#2070 = EDGE_CURVE ( 'NONE', #2389, #473, #2414, .T. ) ;
#2071 = VERTEX_POINT ( 'NONE', #1793 ) ;
#2072 = CARTESIAN_POINT ( 'NONE',  ( -0.8000000000000000444, -4.414670584056469701E-16, 0.7656250000000000000 ) ) ;
#2073 = CARTESIAN_POINT ( 'NONE',  ( 0.4618874416088531998, -0.8000125162445367311, 1.276034440409509640 ) ) ;
#2074 = ADVANCED_FACE ( 'NONE', ( #3264 ), #1223, .T. ) ;
#2075 = DIRECTION ( 'NONE',  ( 0.000000000000000000, 0.000000000000000000, -1.000000000000000000 ) ) ;
#2076 = CARTESIAN_POINT ( 'NONE',  ( -0.3306302153517012288, -0.5726683315065848046, 1.042708333333330684 ) ) ;
#2077 = ORIENTED_EDGE ( 'NONE', *, *, #873, .T. ) ;
#2078 = CARTESIAN_POINT ( 'NONE',  ( -0.2084779868753652288, -0.7426378286255312933, 0.1986771990072720706 ) ) ;
#2079 = CARTESIAN_POINT ( 'NONE',  ( 0.1103706766175910070, -7.284391369974610092E-16, 2.252526915601820168 ) ) ;
#2080 = CARTESIAN_POINT ( 'NONE',  ( 0.3306302153517012288, 0.5726683315065848046, 1.217708333333331172 ) ) ;
#2081 = CARTESIAN_POINT ( 'NONE',  ( -0.7999999999996459943, 0.2094395102406149123, 1.451041666666570418 ) ) ;
#2082 = ORIENTED_EDGE ( 'NONE', *, *, #421, .T. ) ;
#2083 = DIRECTION ( 'NONE',  ( 0.000000000000000000, 0.000000000000000000, 1.000000000000000000 ) ) ;
#2084 = CARTESIAN_POINT ( 'NONE',  ( 0.8000000000000000444, -6.534008055986669554E-15, 1.990624999999996314 ) ) ;
#2085 = CARTESIAN_POINT ( 'NONE',  ( -0.4618802153517005404, 0.8000000000000000444, 2.457291666666658880 ) ) ;
#2086 = CARTESIAN_POINT ( 'NONE',  ( -0.3306302153517012288, -0.5726683315065848046, 3.448958333333332682 ) ) ;
#2087 = VERTEX_POINT ( 'NONE', #2056 ) ;
#2088 = AXIS2_PLACEMENT_3D ( 'NONE', #3626, #2695, #1272 ) ;
#2089 = CARTESIAN_POINT ( 'NONE',  ( -0.2704320130712820069, 1.127463703465820144, 4.082036362917359718 ) ) ;
#2090 = CARTESIAN_POINT ( 'NONE',  ( 0.8000000000000000444, 0.000000000000000000, 0.000000000000000000 ) ) ;
#2091 = B_SPLINE_CURVE_WITH_KNOTS ( 'NONE', 3,
 ( #3039, #1047, #487, #139, #2730, #740, #757, #1913, #1582, #1285, #2117, #2423, #1009, #160, #1303, #2177, #2767, #1028, #2443, #3588, #1898, #3571, #3345, #2136, #2160, #1879, #472, #1634, #438, #3309, #3292, #456, #1602, #772, #2748, #721, #3072, #2787, #179, #1861 ),
 .UNSPECIFIED., .F., .F.,
 ( 4, 2, 2, 1, 1, 2, 2, 2, 2, 2, 2, 2, 1, 1, 2, 2, 2, 1, 1, 1, 1, 2, 2, 4 ),
 ( 0.000000000000000000, 0.1249999999999980016, 0.1874999999999970579, 0.2187499999999965861, 0.2343749999999963363, 0.2421874999999961697, 0.2499999999999960587, 0.3749999999999942268, 0.4374999999999932832, 0.4999999999999923395, 0.6249999999999904521, 0.6874999999999894529, 0.7187499999999890088, 0.7343749999999887867, 0.7421874999999886757, 0.7499999999999885647, 0.8124999999999900080, 0.8437499999999906741, 0.8593749999999911182, 0.8671874999999913403, 0.8710937499999915623, 0.8730468749999916733, 0.8749999999999918954, 1.000000000000000000 ),
 .UNSPECIFIED. ) ;
#2092 = CARTESIAN_POINT ( 'NONE',  ( -0.5562193339411289905, 0.1546295540132940072, 0.2248740725937090068 ) ) ;
#2093 = CARTESIAN_POINT ( 'NONE',  ( -0.4959453230275510105, 0.2863341657532930129, 1.655208333333329840 ) ) ;
#2094 = ORIENTED_EDGE ( 'NONE', *, *, #2608, .F. ) ;
#2095 = DIRECTION ( 'NONE',  ( 1.000000000000000000, 0.000000000000000000, 0.000000000000000000 ) ) ;
#2096 = CARTESIAN_POINT ( 'NONE',  ( 0.3211622074934671334, 0.7327333376045386260, 0.3053855444479443015 ) ) ;
#2097 = DIRECTION ( 'NONE',  ( 0.000000000000000000, 1.000000000000000000, 0.000000000000000000 ) ) ;
#2098 = CARTESIAN_POINT ( 'NONE',  ( -0.3306302153517012288, -0.5726683315065848046, 2.442708333333329040 ) ) ;
#2099 = ORIENTED_EDGE ( 'NONE', *, *, #3007, .T. ) ;
#2100 = CARTESIAN_POINT ( 'NONE',  ( 0.5726683315065853597, -3.288016507657826581E-15, 2.165624999999998135 ) ) ;
#2101 = ADVANCED_FACE ( 'NONE', ( #410 ), #994, .F. ) ;
#2102 = CARTESIAN_POINT ( 'NONE',  ( 0.4973513174537382286, 0.2871578905584998287, 0.4449665623600185249 ) ) ;
#2103 = CARTESIAN_POINT ( 'NONE',  ( 0.6928203230275510327, 0.4000000000000000222, 2.369791666666659857 ) ) ;
#2104 = CARTESIAN_POINT ( 'NONE',  ( 0.3306302153517012288, 0.5726683315065848046, 2.573958333333332682 ) ) ;
#2105 = FACE_OUTER_BOUND ( 'NONE', #1822, .T. ) ;
#2106 = ORIENTED_EDGE ( 'NONE', *, *, #873, .F. ) ;
#2107 = DIRECTION ( 'NONE',  ( 0.000000000000000000, 0.000000000000000000, 1.000000000000000000 ) ) ;
#2108 = DIRECTION ( 'NONE',  ( 1.000000000000000000, 0.000000000000000000, 0.000000000000000000 ) ) ;
#2109 = EDGE_CURVE ( 'NONE', #2731, #2279, #2219, .T. ) ;
#2110 = ADVANCED_FACE ( 'NONE', ( #2468 ), #3314, .T. ) ;
#2111 = FACE_OUTER_BOUND ( 'NONE', #568, .T. ) ;
#2112 = CARTESIAN_POINT ( 'NONE',  ( -9.797174393178831081E-17, -0.8000000000000000444, 0.1531249999999999833 ) ) ;
#2113 = VERTEX_POINT ( 'NONE', #3277 ) ;
#2114 = CARTESIAN_POINT ( 'NONE',  ( -0.2094395102390327335, 0.8000000000000897504, 1.742708333333312432 ) ) ;
#2115 = AXIS2_PLACEMENT_3D ( 'NONE', #3113, #570, #1434 ) ;
#2116 = CARTESIAN_POINT ( 'NONE',  ( -0.2095926002322467396, 0.7791299568457643598, 0.3421651059632227487 ) ) ;
#2117 = CARTESIAN_POINT ( 'NONE',  ( 0.06773062842786414794, -0.6339658738041376029, 0.06490422992218541909 ) ) ;
#2118 = ORIENTED_EDGE ( 'NONE', *, *, #2628, .T. ) ;
#2119 = ADVANCED_FACE ( 'NONE', ( #2409 ), #2165, .T. ) ;
#2120 = CARTESIAN_POINT ( 'NONE',  ( 0.000000000000000000, 0.8000000000000005995, 1.421874999999992673 ) ) ;
#2121 = CARTESIAN_POINT ( 'NONE',  ( 0.5306214310449118843, 0.2197779040430583863, 0.4378470186205745129 ) ) ;
#2122 = APPLICATION_PROTOCOL_DEFINITION ( 'draft international standard', 'automotive_design', 1998, #3630 ) ;
#2123 = DIRECTION ( 'NONE',  ( 0.000000000000000000, 0.000000000000000000, 1.000000000000000000 ) ) ;
#2124 = CARTESIAN_POINT ( 'NONE',  ( -0.5492991383326047972, 0.4371732028223080935, 0.1291732359119766582 ) ) ;
#2125 = ORIENTED_EDGE ( 'NONE', *, *, #2158, .T. ) ;
#2126 = CARTESIAN_POINT ( 'NONE',  ( 0.02401834581833080934, -0.8036412552143300525, 2.955111704410086304 ) ) ;
#2127 = CARTESIAN_POINT ( 'NONE',  ( 0.6928311624132799107, 0.4000062581222680325, 2.763534440409510129 ) ) ;
#2128 = ORIENTED_EDGE ( 'NONE', *, *, #3086, .F. ) ;
#2129 = CARTESIAN_POINT ( 'NONE',  ( 0.000000000000000000, 0.5726683315065850266, 0.1531249999999999833 ) ) ;
#2130 = CARTESIAN_POINT ( 'NONE',  ( 0.4959453230275510105, -0.2863341657532930129, 2.180208333333330195 ) ) ;
#2131 = ORIENTED_EDGE ( 'NONE', *, *, #10, .T. ) ;
#2132 = CARTESIAN_POINT ( 'NONE',  ( 0.8000000000000001554, -0.2094395102393189489, 0.9260416666666667629 ) ) ;
#2133 = CARTESIAN_POINT ( 'NONE',  ( 0.1046123384761478009, 0.8000180037786170928, 0.3213426824873150123 ) ) ;
#2134 = VECTOR ( 'NONE', #3662, 1000.000000000000000 ) ;
#2135 = CARTESIAN_POINT ( 'NONE',  ( 0.7114726353209249732, 0.09129220095387433065, 2.999999999999999556 ) ) ;
#2136 = CARTESIAN_POINT ( 'NONE',  ( 0.5110321032660907203, -0.5187196916303909999, 0.1554878007999811185 ) ) ;
#2137 = ORIENTED_EDGE ( 'NONE', *, *, #2668, .F. ) ;
#2138 = B_SPLINE_CURVE_WITH_KNOTS ( 'NONE', 3,
 ( #3422, #3682, #860, #2255 ),
 .UNSPECIFIED., .F., .F.,
 ( 4, 4 ),
 ( 0.002525308777030309867, 0.003425349241126480170 ),
 .UNSPECIFIED. ) ;
#2139 = CARTESIAN_POINT ( 'NONE',  ( 0.7137815228878467977, -0.4175893270106317279, 1.961458333333332416 ) ) ;
#2140 = CARTESIAN_POINT ( 'NONE',  ( -0.5608192672338982998, 0.1192747907104112631, 0.5784890148694582512 ) ) ;
#2141 = CARTESIAN_POINT ( 'NONE',  ( 0.6928203230275510327, 0.4000000000000000222, 3.419791666666660124 ) ) ;
#2142 = FACE_OUTER_BOUND ( 'NONE', #2004, .T. ) ;
#2143 = CARTESIAN_POINT ( 'NONE',  ( 0.5726681965386128947, -0.1534462507294542810, 0.04999460662902096425 ) ) ;
#2144 = VERTEX_POINT ( 'NONE', #3610 ) ;
#2145 = FACE_OUTER_BOUND ( 'NONE', #3073, .T. ) ;
#2146 = ADVANCED_FACE ( 'NONE', ( #3594 ), #1065, .T. ) ;
#2147 = CARTESIAN_POINT ( 'NONE',  ( -0.9237748832177063996, 5.656489769326419855E-17, 2.909367773742843166 ) ) ;
#2148 = CIRCLE ( 'NONE', #2758, 1.525046402492570063 ) ;
#2149 = EDGE_LOOP ( 'NONE', ( #3357, #3154, #1603, #1621 ) ) ;
#2150 = CIRCLE ( 'NONE', #61, 2.154970731095211089 ) ;
#2151 = DIRECTION ( 'NONE',  ( 1.000000000000000000, 0.000000000000000000, 0.000000000000000000 ) ) ;
#2152 = CARTESIAN_POINT ( 'NONE',  ( 0.3306302153517012288, 0.5726683315065848046, 2.967708333333328063 ) ) ;
#2153 = CARTESIAN_POINT ( 'NONE',  ( 0.8000000000000000444, -2.626023009306118216E-15, 2.690624999999997158 ) ) ;
#2154 = CARTESIAN_POINT ( 'NONE',  ( -0.5726683315065850266, 2.071230857988570058E-17, 1.990625000000000311 ) ) ;
#2155 = ADVANCED_FACE ( 'NONE', ( #2142 ), #3329, .T. ) ;
#2156 = CARTESIAN_POINT ( 'NONE',  ( 0.4629082904164696366, 0.6525504687128222958, 0.2935171891811536038 ) ) ;
#2157 = CARTESIAN_POINT ( 'NONE',  ( -0.3306302153517012288, -0.5726683315065848046, 1.742708333333331305 ) ) ;
#2158 = EDGE_CURVE ( 'NONE', #1772, #3319, #130, .T. ) ;
#2159 = VECTOR ( 'NONE', #1378, 1000.000000000000000 ) ;
#2160 = CARTESIAN_POINT ( 'NONE',  ( 0.5143358616712102593, -0.5164546499860207529, 0.1562110573911583700 ) ) ;
#2161 = ORIENTED_EDGE ( 'NONE', *, *, #1573, .T. ) ;
#2162 = CARTESIAN_POINT ( 'NONE',  ( -0.8000000000000018208, -0.2094395102393130648, 1.830208333333333659 ) ) ;
#2163 = EDGE_CURVE ( 'NONE', #1041, #274, #3063, .T. ) ;
#2164 = CARTESIAN_POINT ( 'NONE',  ( 0.5726683315065838054, -3.065927711112500097E-08, 0.4156246945102467505 ) ) ;
#2165 = CYLINDRICAL_SURFACE ( 'NONE', #3361, 0.5726683315065850266 ) ;
#2166 = CARTESIAN_POINT ( 'NONE',  ( -0.3200047753484515090, 0.6077138503235963718, 0.1141290318452470587 ) ) ;
#2167 = VERTEX_POINT ( 'NONE', #3349 ) ;
#2168 = CARTESIAN_POINT ( 'NONE',  ( 0.2989252289426684861, 0.5109500922155163494, 2.223958333333333481 ) ) ;
#2169 = CARTESIAN_POINT ( 'NONE',  ( 0.6928311624132790225, -0.4000062581222690317, 2.355201107076180023 ) ) ;
#2170 = ORIENTED_EDGE ( 'NONE', *, *, #3027, .T. ) ;
#2171 = B_SPLINE_CURVE_WITH_KNOTS ( 'NONE', 3,
 ( #1931, #1114, #523, #3660, #2212, #2251, #857, #3365, #835, #1985 ),
 .UNSPECIFIED., .F., .F.,
 ( 4, 2, 2, 2, 4 ),
 ( 0.5000000000000000000, 0.6250000000000000000, 0.7500000000000000000, 0.8750000000000000000, 1.000000000000000000 ),
 .UNSPECIFIED. ) ;
#2172 = CARTESIAN_POINT ( 'NONE',  ( -0.5726683315065850266, -4.812908662577529436E-16, 1.290625000000000133 ) ) ;
#2173 = CARTESIAN_POINT ( 'NONE',  ( -0.4959453230275510105, -0.2863341657532930129, 2.413541666666659591 ) ) ;
#2174 = EDGE_LOOP ( 'NONE', ( #1779, #3696, #1338, #3130 ) ) ;
#2175 = CARTESIAN_POINT ( 'NONE',  ( 1.646415156773701556E-16, -1.344400000000000706, 3.255599999999999827 ) ) ;
#2176 = CARTESIAN_POINT ( 'NONE',  ( 0.7369255161489777217, -0.1502083776419289030, 2.999999999999999556 ) ) ;
#2177 = CARTESIAN_POINT ( 'NONE',  ( 0.2476765808739010144, -0.6264903623798352417, 0.1005573127518088333 ) ) ;
#2178 = ORIENTED_EDGE ( 'NONE', *, *, #1799, .F. ) ;
#2179 = CARTESIAN_POINT ( 'NONE',  ( 0.1103706766175889947, 3.976224878088279867E-16, 2.252526915601830382 ) ) ;
#2180 = CARTESIAN_POINT ( 'NONE',  ( -0.5726683315065850266, 2.071230857988570058E-17, 0.5906249999999999556 ) ) ;
#2181 = DIRECTION ( 'NONE',  ( 1.000000000000000000, 1.224646799147353207E-16, 0.000000000000000000 ) ) ;
#2182 = CARTESIAN_POINT ( 'NONE',  ( -0.2704320130712709602, -1.127463703465820144, 4.082036362917359718 ) ) ;
#2183 = VERTEX_POINT ( 'NONE', #1290 ) ;
#2184 = CARTESIAN_POINT ( 'NONE',  ( 0.2849421960435410406, -0.7478538499939170192, 2.973016930054592333 ) ) ;
#2185 = EDGE_CURVE ( 'NONE', #2974, #2639, #963, .T. ) ;
#2186 = CARTESIAN_POINT ( 'NONE',  ( 0.9237748832177063996, -1.696946930797919054E-16, 2.734367773742840235 ) ) ;
#2187 = ORIENTED_EDGE ( 'NONE', *, *, #1654, .T. ) ;
#2188 = CONICAL_SURFACE ( 'NONE', #1238, 1.250000000000000000, 0.2617993877991502405 ) ;
#2189 = EDGE_CURVE ( 'NONE', #1509, #1000, #745, .T. ) ;
#2190 = CARTESIAN_POINT ( 'NONE',  ( -0.1944011831242099808, 0.6039950893427450396, 3.213000000000000078 ) ) ;
#2191 = CARTESIAN_POINT ( 'NONE',  ( -0.3306302153517012288, 0.5726683315065848046, 3.026041666666659413 ) ) ;
#2192 = CARTESIAN_POINT ( 'NONE',  ( -0.5726683315065850266, -7.013164391525951138E-17, 0.000000000000000000 ) ) ;
#2193 =( GEOMETRIC_REPRESENTATION_CONTEXT ( 3 ) GLOBAL_UNCERTAINTY_ASSIGNED_CONTEXT ( ( #784 ) ) GLOBAL_UNIT_ASSIGNED_CONTEXT ( ( #1866, #2771, #3020 ) ) REPRESENTATION_CONTEXT ( 'NONE', 'WORKASPACE' ) );
#2194 = CYLINDRICAL_SURFACE ( 'NONE', #2941, 0.5726683315065850266 ) ;
#2195 = CARTESIAN_POINT ( 'NONE',  ( 0.4959453230275520097, 0.2863341657532920137, 0.8385416666666669627 ) ) ;
#2196 = VERTEX_POINT ( 'NONE', #3575 ) ;
#2197 = FACE_OUTER_BOUND ( 'NONE', #3391, .T. ) ;
#2198 = DIRECTION ( 'NONE',  ( -6.956390396483599016E-15, 0.9961946980917455452, 0.08715574274765844343 ) ) ;
#2199 = DIRECTION ( 'NONE',  ( 0.000000000000000000, 0.000000000000000000, 1.000000000000000000 ) ) ;
#2200 = CARTESIAN_POINT ( 'NONE',  ( -0.07705001332335466302, 0.6734302213325422670, 0.1007618898259215467 ) ) ;
#2201 = EDGE_LOOP ( 'NONE', ( #3298, #881, #186, #3524, #619 ) ) ;
#2202 = CARTESIAN_POINT ( 'NONE',  ( -0.1550822074218115021, -0.7848883750279127547, 2.942779997875421660 ) ) ;
#2203 = CARTESIAN_POINT ( 'NONE',  ( -0.6928311624132790225, 0.4000062581222680325, 2.180201107076180200 ) ) ;
#2204 = VERTEX_POINT ( 'NONE', #1624 ) ;
#2205 = CARTESIAN_POINT ( 'NONE',  ( 0.8000000000000047073, 0.2143593539448906959, 0.6500053695584802060 ) ) ;
#2206 = CARTESIAN_POINT ( 'NONE',  ( 0.000000000000000000, 0.000000000000000000, -1.079092098222560088E-17 ) ) ;
#2207 = CARTESIAN_POINT ( 'NONE',  ( 0.000000000000000000, 0.000000000000000000, 0.2273316684934170162 ) ) ;
#2208 = AXIS2_PLACEMENT_3D ( 'NONE', #775, #403, #1269 ) ;
#2209 = CARTESIAN_POINT ( 'NONE',  ( 0.5726683315065846935, -0.1499242186003856003, 1.101041666666667140 ) ) ;
#2210 = CARTESIAN_POINT ( 'NONE',  ( -0.3306302153517012288, 0.5726683315065848046, 0.2260416666666683616 ) ) ;
#2211 = ORIENTED_EDGE ( 'NONE', *, *, #3335, .T. ) ;
#2212 = CARTESIAN_POINT ( 'NONE',  ( 0.2094395102393191155, 0.8000000000000002665, 0.6635416666666669183 ) ) ;
#2213 = EDGE_CURVE ( 'NONE', #3444, #448, #1118, .T. ) ;
#2214 = CARTESIAN_POINT ( 'NONE',  ( 0.5726683315065852486, 9.477195847075205464E-17, 0.4593750000000002554 ) ) ;
#2215 = VECTOR ( 'NONE', #1066, 1000.000000000000227 ) ;
#2216 = FACE_OUTER_BOUND ( 'NONE', #418, .T. ) ;
#2217 = CARTESIAN_POINT ( 'NONE',  ( 0.5578385789555482255, 0.2965511942301294335, 0.05896065265399550587 ) ) ;
#2218 = EDGE_LOOP ( 'NONE', ( #2996, #2937, #3171, #1379 ) ) ;
#2219 = CIRCLE ( 'NONE', #731, 0.2555999999999999384 ) ;
#2220 = CARTESIAN_POINT ( 'NONE',  ( 0.5726683315065854707, -0.1534460169580682265, 1.493744630441516730 ) ) ;
#2221 = CARTESIAN_POINT ( 'NONE',  ( 0.4233238493984085582, -0.3860913818983456869, 2.824917610114525246 ) ) ;
#2222 = CARTESIAN_POINT ( 'NONE',  ( 0.3306302153517012288, 0.5726683315065848046, 0.4739583333333348691 ) ) ;
#2223 = ORIENTED_EDGE ( 'NONE', *, *, #3446, .T. ) ;
#2224 =( BOUNDED_CURVE ( )  B_SPLINE_CURVE ( 2, ( #2388, #971, #1765, #2098, #3255, #2309, #679, #2922, #3457 ),
 .UNSPECIFIED., .F., .F. ) 
 B_SPLINE_CURVE_WITH_KNOTS ( ( 3, 2, 2, 2, 3 ),
 ( 0.000000000000000000, 0.08333333333333092785, 0.2500000000000005551, 0.4166666666666712926, 0.5000000000000000000 ),
 .UNSPECIFIED. ) 
 CURVE ( )  GEOMETRIC_REPRESENTATION_ITEM ( )  RATIONAL_B_SPLINE_CURVE ( ( 0.9330127018922194093, 0.9330127018922189652, 1.000000000000000000, 0.8660254037844389297, 1.000000000000000000, 0.8660254037844389297, 1.000000000000000000, 0.9330127018922202975, 0.9330127018922194093 ) ) 
 REPRESENTATION_ITEM ( '' )  );
#2225 = CARTESIAN_POINT ( 'NONE',  ( -0.4618802153517008735, 0.8000000000000004885, 0.7510416666666658303 ) ) ;
#2226 = FACE_BOUND ( 'NONE', #1365, .T. ) ;
#2227 = EDGE_CURVE ( 'NONE', #1553, #13, #2799, .T. ) ;
#2228 = DIRECTION ( 'NONE',  ( 0.000000000000000000, -1.000000000000000000, 3.985680707626050331E-14 ) ) ;
#2229 = CARTESIAN_POINT ( 'NONE',  ( -0.5726683315065850266, -4.998835764369250253E-16, 0.9843750000000000000 ) ) ;
#2230 = ORIENTED_EDGE ( 'NONE', *, *, #2466, .F. ) ;
#2231 = FACE_OUTER_BOUND ( 'NONE', #3516, .T. ) ;
#2232 = CARTESIAN_POINT ( 'NONE',  ( 0.4618802153517008180, -0.8000000000000002665, 1.276041666666662300 ) ) ;
#2233 = ADVANCED_FACE ( 'NONE', ( #1308 ), #2483, .T. ) ;
#2234 = CARTESIAN_POINT ( 'NONE',  ( 0.4413473339459974554, 0.3649282845589331137, 2.903615048426563483 ) ) ;
#2235 = DIRECTION ( 'NONE',  ( 0.000000000000000000, 0.000000000000000000, 1.000000000000000000 ) ) ;
#2236 = ORIENTED_EDGE ( 'NONE', *, *, #171, .T. ) ;
#2237 = CARTESIAN_POINT ( 'NONE',  ( 0.1499242186003856836, 0.5726683315065846935, 2.588541666666666519 ) ) ;
#2238 = AXIS2_PLACEMENT_3D ( 'NONE', #3299, #728, #1037 ) ;
#2239 = DIRECTION ( 'NONE',  ( 0.000000000000000000, 0.000000000000000000, 1.000000000000000000 ) ) ;
#2240 = CARTESIAN_POINT ( 'NONE',  ( 0.4959453230275520097, 0.2863341657532920137, 0.4447916666666679730 ) ) ;
#2241 = ORIENTED_EDGE ( 'NONE', *, *, #1020, .T. ) ;
#2242 = LINE ( 'NONE', #1961, #3655 ) ;
#2243 = AXIS2_PLACEMENT_3D ( 'NONE', #2516, #1097, #813 ) ;
#2244 = CARTESIAN_POINT ( 'NONE',  ( -0.6448275371178264770, -0.002300290154565440715, 3.000000000000000888 ) ) ;
#2245 = VECTOR ( 'NONE', #3592, 1000.000000000000227 ) ;
#2246 = EDGE_CURVE ( 'NONE', #563, #591, #182, .T. ) ;
#2247 = FACE_OUTER_BOUND ( 'NONE', #2418, .T. ) ;
#2248 =( BOUNDED_CURVE ( )  B_SPLINE_CURVE ( 2, ( #3059, #3624, #1031, #3553, #2120, #1339, #2465, #1622, #1063 ),
 .UNSPECIFIED., .F., .F. ) 
 B_SPLINE_CURVE_WITH_KNOTS ( ( 3, 2, 2, 2, 3 ),
 ( 0.5000000000000000000, 0.5833333333333301507, 0.7500000000000016653, 0.9166666666666725138, 1.000000000000000000 ),
 .UNSPECIFIED. ) 
 CURVE ( )  GEOMETRIC_REPRESENTATION_ITEM ( )  RATIONAL_B_SPLINE_CURVE ( ( 0.9330127018922194093, 0.9330127018922196314, 1.000000000000000000, 0.8660254037844389297, 1.000000000000000000, 0.8660254037844389297, 1.000000000000000000, 0.9330127018922216298, 0.9330127018922194093 ) ) 
 REPRESENTATION_ITEM ( '' )  );
#2249 = CARTESIAN_POINT ( 'NONE',  ( 0.5726683315065853597, -5.681194267446310862E-14, 1.859374999999992895 ) ) ;
#2250 = ORIENTED_EDGE ( 'NONE', *, *, #122, .T. ) ;
#2251 = CARTESIAN_POINT ( 'NONE',  ( -0.2094395102393199481, 0.8000000000000000444, 0.6927083333333337034 ) ) ;
#2252 = AXIS2_PLACEMENT_3D ( 'NONE', #935, #1803, #625 ) ;
#2253 = CARTESIAN_POINT ( 'NONE',  ( 2.094888803305870152E-15, -0.2999999999999999889, 4.419999999999999929 ) ) ;
#2254 = LINE ( 'NONE', #1969, #3412 ) ;
#2255 = CARTESIAN_POINT ( 'NONE',  ( 1.127463703465820144, -0.2704320130712680181, 4.082036362917359718 ) ) ;
#2256 = ORIENTED_EDGE ( 'NONE', *, *, #3374, .F. ) ;
#2257 = CARTESIAN_POINT ( 'NONE',  ( 0.000000000000000000, 0.000000000000000000, 3.174999999999999822 ) ) ;
#2258 = DIRECTION ( 'NONE',  ( 1.000000000000000000, 0.000000000000000000, 0.000000000000000000 ) ) ;
#2259 = CARTESIAN_POINT ( 'NONE',  ( 0.4959453230275520097, 0.2863341657532920137, 0.7947916666666670071 ) ) ;
#2260 = VERTEX_POINT ( 'NONE', #3403 ) ;
#2261 = CARTESIAN_POINT ( 'NONE',  ( -0.6448841516782446437, 0.4735922812685175454, 0.3806378234542066585 ) ) ;
#2262 = ADVANCED_FACE ( 'NONE', ( #2216 ), #1691, .T. ) ;
#2263 = CARTESIAN_POINT ( 'NONE',  ( 0.3794763007298270208, -0.1571842303614580105, 3.213000000000000078 ) ) ;
#2264 = DIRECTION ( 'NONE',  ( -0.3826834323650811220, -0.9238795325112902912, 0.000000000000000000 ) ) ;
#2265 = CARTESIAN_POINT ( 'NONE',  ( -0.7999999999999977129, 0.2143593539448974961, 1.843744630441515042 ) ) ;
#2266 = AXIS2_PLACEMENT_3D ( 'NONE', #1519, #3232, #2346 ) ;
#2267 = FACE_OUTER_BOUND ( 'NONE', #1929, .T. ) ;
#2268 = EDGE_LOOP ( 'NONE', ( #3023, #2725, #1533, #3572 ) ) ;
#2269 = DIRECTION ( 'NONE',  ( 0.000000000000000000, 0.000000000000000000, -1.000000000000000000 ) ) ;
#2270 = CARTESIAN_POINT ( 'NONE',  ( -9.797174393178831081E-17, -0.8000000000000005995, 1.246874999999992628 ) ) ;
#2271 = CARTESIAN_POINT ( 'NONE',  ( 0.5433220419130894152, 0.1810503300270160376, 2.884065618947269982 ) ) ;
#2272 = CARTESIAN_POINT ( 'NONE',  ( 0.4439978855768518251, 0.4647491900258489683, 0.06982969380751442856 ) ) ;
#2273 = ORIENTED_EDGE ( 'NONE', *, *, #3583, .T. ) ;
#2274 = EDGE_CURVE ( 'NONE', #3040, #2611, #3384, .T. ) ;
#2275 = CARTESIAN_POINT ( 'NONE',  ( 0.3306302153517012288, -0.5726683315065848046, 0.7510416666666678287 ) ) ;
#2276 = CYLINDRICAL_SURFACE ( 'NONE', #2115, 1.600000000000000089 ) ;
#2277 = CARTESIAN_POINT ( 'NONE',  ( 0.4618802153517005404, -0.8000000000000000444, 1.232291666666660790 ) ) ;
#2278 = CARTESIAN_POINT ( 'NONE',  ( -7.013164391525951138E-17, -0.5726683315065850266, 0.3281250000000000000 ) ) ;
#2279 = VERTEX_POINT ( 'NONE', #2574 ) ;
#2280 = AXIS2_PLACEMENT_3D ( 'NONE', #849, #3394, #1909 ) ;
#2281 = CARTESIAN_POINT ( 'NONE',  ( 0.000000000000000000, -7.848339497071319908E-16, 3.255599999999999827 ) ) ;
#2282 = CARTESIAN_POINT ( 'NONE',  ( 0.000000000000000000, -8.673617379884039416E-16, 3.255599999999999827 ) ) ;
#2283 = CARTESIAN_POINT ( 'NONE',  ( -0.4618802153517005404, -0.8000000000000000444, -0.1822916666666662966 ) ) ;
#2284 = FACE_OUTER_BOUND ( 'NONE', #2553, .T. ) ;
#2285 = CARTESIAN_POINT ( 'NONE',  ( 0.000000000000000000, -7.589415207398530052E-16, 4.082036362917359718 ) ) ;
#2286 = CARTESIAN_POINT ( 'NONE',  ( 0.6612604307034024576, -1.214715704795581023E-16, 0.1093750000000010408 ) ) ;
#2287 = VERTEX_POINT ( 'NONE', #1414 ) ;
#2288 = DIRECTION ( 'NONE',  ( -0.9238795325112866275, -0.3826834323650898373, -1.687552098263382508E-14 ) ) ;
#2289 = CARTESIAN_POINT ( 'NONE',  ( 0.1944011831242089816, 0.9059627718705380861, 3.213000000000000078 ) ) ;
#2290 = CARTESIAN_POINT ( 'NONE',  ( 0.5104297384636755641, 0.2623899597007616213, 2.892408878763736091 ) ) ;
#2291 = CARTESIAN_POINT ( 'NONE',  ( 0.7999511699741000958, -0.01012833341096462322, 0.2398866280539808382 ) ) ;
#2292 = VERTEX_POINT ( 'NONE', #1376 ) ;
#2293 = CARTESIAN_POINT ( 'NONE',  ( -0.4959453230275510105, -0.2863341657532930129, 1.363541666666669983 ) ) ;
#2294 = LINE ( 'NONE', #883, #1891 ) ;
#2295 = CARTESIAN_POINT ( 'NONE',  ( -0.4959453230275510105, 0.2863341657532930129, 0.9114583333333340365 ) ) ;
#2296 = EDGE_CURVE ( 'NONE', #26, #3615, #2254, .T. ) ;
#2297 = ORIENTED_EDGE ( 'NONE', *, *, #1183, .F. ) ;
#2298 = CARTESIAN_POINT ( 'NONE',  ( -0.6928203230275485902, 0.3999999999999987454, 2.530208333333333393 ) ) ;
#2299 = AXIS2_PLACEMENT_3D ( 'NONE', #2543, #2577, #3425 ) ;
#2300 = CARTESIAN_POINT ( 'NONE',  ( 0.000000000000000000, 0.8000000000000025979, 2.821874999999991029 ) ) ;
#2301 = CARTESIAN_POINT ( 'NONE',  ( -0.3834281511747742455, 0.5747396094044634474, 0.1179488020238072948 ) ) ;
#2302 = EDGE_CURVE ( 'NONE', #2071, #2339, #3294, .T. ) ;
#2303 = CARTESIAN_POINT ( 'NONE',  ( 0.4618802153516996523, -0.7999999999999981570, 2.326041666666666785 ) ) ;
#2304 = CARTESIAN_POINT ( 'NONE',  ( -0.4959453230275510105, -0.2863341657532930129, 0.6635416666666670293 ) ) ;
#2305 = ORIENTED_EDGE ( 'NONE', *, *, #1140, .F. ) ;
#2306 = CARTESIAN_POINT ( 'NONE',  ( 0.3191729988923869832, -0.7362193707704769441, 0.2222800631096198964 ) ) ;
#2307 = CARTESIAN_POINT ( 'NONE',  ( 0.5109500922155169045, -0.2989252289426682085, 2.486458333333333659 ) ) ;
#2308 = CARTESIAN_POINT ( 'NONE',  ( -0.1063909447954980020, 0.5633832177987656564, 2.963071277073597187 ) ) ;
#2309 = CARTESIAN_POINT ( 'NONE',  ( 0.3306302153517012288, -0.5726683315065848046, 2.501041666666659502 ) ) ;
#2310 = ORIENTED_EDGE ( 'NONE', *, *, #3446, .F. ) ;
#2311 = DIRECTION ( 'NONE',  ( 1.000000000000000000, 0.000000000000000000, 0.000000000000000000 ) ) ;
#2312 = FACE_OUTER_BOUND ( 'NONE', #2174, .T. ) ;
#2313 = CARTESIAN_POINT ( 'NONE',  ( 0.4618802153517005404, -0.8000000000000000444, 3.332291666666660657 ) ) ;
#2314 = CARTESIAN_POINT ( 'NONE',  ( 0.4959453230275510105, -0.2863341657532930129, 2.486458333333330106 ) ) ;
#2315 = VERTEX_POINT ( 'NONE', #1395 ) ;
#2316 = DIRECTION ( 'NONE',  ( 0.000000000000000000, 0.000000000000000000, -1.000000000000000000 ) ) ;
#2317 = EDGE_CURVE ( 'NONE', #1268, #1410, #2040, .T. ) ;
#2318 = CIRCLE ( 'NONE', #3107, 1.600000000000000089 ) ;
#2319 = CARTESIAN_POINT ( 'NONE',  ( -0.6797803409302718425, 0.4225932971413211559, 0.3847226027682201233 ) ) ;
#2320 = ORIENTED_EDGE ( 'NONE', *, *, #37, .F. ) ;
#2321 = CARTESIAN_POINT ( 'NONE',  ( 0.000000000000000000, -7.589415207398530052E-16, 4.082036362917359718 ) ) ;
#2322 = CARTESIAN_POINT ( 'NONE',  ( -0.3480637943299577097, -0.4558884888845447514, 2.741471561048415939 ) ) ;
#2323 = EDGE_CURVE ( 'NONE', #1029, #3380, #6, .T. ) ;
#2324 = EDGE_CURVE ( 'NONE', #3040, #1885, #2661, .T. ) ;
#2325 = CARTESIAN_POINT ( 'NONE',  ( 0.5726683314466529673, -8.285096454578900156E-06, 2.909374166467084688 ) ) ;
#2326 = CARTESIAN_POINT ( 'NONE',  ( 0.4959453230275520097, 0.2863341657532920137, 1.888541666666660124 ) ) ;
#2327 = VERTEX_POINT ( 'NONE', #2025 ) ;
#2328 = CARTESIAN_POINT ( 'NONE',  ( 0.2132775250839773207, -0.7682297643530494602, 0.2173653309927586763 ) ) ;
#2329 = CARTESIAN_POINT ( 'NONE',  ( 0.1944011831242099808, 5.372531608349880688E-17, 3.213000000000000078 ) ) ;
#2330 = CARTESIAN_POINT ( 'NONE',  ( -0.4233765097777110187, 0.3856181386799379940, 3.000000000000000000 ) ) ;
#2331 = CARTESIAN_POINT ( 'NONE',  ( -0.1975951480571780106, -0.4770368862987769965, 4.419999999999999929 ) ) ;
#2332 = ORIENTED_EDGE ( 'NONE', *, *, #1072, .F. ) ;
#2333 = CARTESIAN_POINT ( 'NONE',  ( -0.6928203230275494784, -0.3999999999999986899, 1.888541666666663899 ) ) ;
#2334 = EDGE_CURVE ( 'NONE', #3316, #3444, #1377, .T. ) ;
#2335 = AXIS2_PLACEMENT_3D ( 'NONE', #253, #2842, #2288 ) ;
#2336 = CARTESIAN_POINT ( 'NONE',  ( -0.8000000000000000444, 0.2094395102393198371, 1.101041666666666918 ) ) ;
#2337 = CARTESIAN_POINT ( 'NONE',  ( -0.6928203230275510327, -0.4000000000000000222, 2.894791666666659768 ) ) ;
#2338 = CARTESIAN_POINT ( 'NONE',  ( 0.3306302153517012288, 0.5726683315065848046, 2.923958333333333659 ) ) ;
#2339 = VERTEX_POINT ( 'NONE', #624 ) ;
#2340 = CYLINDRICAL_SURFACE ( 'NONE', #807, 0.8000000000000000444 ) ;
#2341 = CARTESIAN_POINT ( 'NONE',  ( -9.797327672966920967E-17, -0.8000125162445370641, 0.5468677737428460084 ) ) ;
#2342 = VECTOR ( 'NONE', #1665, 999.9999999999998863 ) ;
#2343 = CARTESIAN_POINT ( 'NONE',  ( -0.7159697519515484387, 0.08938392957832763663, 0.1479765720533905982 ) ) ;
#2344 = CARTESIAN_POINT ( 'NONE',  ( -0.3672059117263591355, -0.4397985964899895905, 2.738949502653413859 ) ) ;
#2345 = AXIS2_PLACEMENT_3D ( 'NONE', #3001, #423, #1569 ) ;
#2346 = DIRECTION ( 'NONE',  ( 1.000000000000000000, 0.000000000000000000, 0.000000000000000000 ) ) ;
#2347 = EDGE_CURVE ( 'NONE', #1000, #2355, #2428, .T. ) ;
#2348 = CARTESIAN_POINT ( 'NONE',  ( -0.3306302153517012288, -0.5726683315065848046, 0.6927083333333337034 ) ) ;
#2349 = VERTEX_POINT ( 'NONE', #82 ) ;
#2350 = FACE_OUTER_BOUND ( 'NONE', #2811, .T. ) ;
#2351 = EDGE_CURVE ( 'NONE', #2315, #1304, #661, .T. ) ;
#2352 = CARTESIAN_POINT ( 'NONE',  ( 0.2094395102393213914, 0.7999999999999994893, 2.413541666666665808 ) ) ;
#2353 = CARTESIAN_POINT ( 'NONE',  ( 0.5726683315065852486, 1.111560796394210790E-15, 1.159375000000000044 ) ) ;
#2354 = CARTESIAN_POINT ( 'NONE',  ( 0.5726683315065853597, -8.591496269257686581E-16, 2.209374999999998757 ) ) ;
#2355 = VERTEX_POINT ( 'NONE', #3476 ) ;
#2356 = CARTESIAN_POINT ( 'NONE',  ( 0.4618802153517020392, -0.8000000000000022649, 2.676041666666659324 ) ) ;
#2357 = CARTESIAN_POINT ( 'NONE',  ( -0.8000000000000000444, 3.017535308331670097E-16, 1.115625000000000089 ) ) ;
#2358 = CARTESIAN_POINT ( 'NONE',  ( 0.6928203230275510327, -0.4000000000000000222, 2.311458333333330284 ) ) ;
#2359 = CARTESIAN_POINT ( 'NONE',  ( 0.6612604307034024576, -1.214715704795581023E-16, 2.515625000000000444 ) ) ;
#2360 = ORIENTED_EDGE ( 'NONE', *, *, #3392, .T. ) ;
#2361 = DIRECTION ( 'NONE',  ( 1.000000000000000000, 0.000000000000000000, 0.000000000000000000 ) ) ;
#2362 = CARTESIAN_POINT ( 'NONE',  ( 0.000000000000000000, 0.8000125162445370641, 0.02186777374284759948 ) ) ;
#2363 = ORIENTED_EDGE ( 'NONE', *, *, #718, .F. ) ;
#2364 = CYLINDRICAL_SURFACE ( 'NONE', #356, 0.8000000000000000444 ) ;
#2365 = CARTESIAN_POINT ( 'NONE',  ( -0.6612604307034024576, 4.049052349318610191E-17, 0.9843750000000001110 ) ) ;
#2366 = ORIENTED_EDGE ( 'NONE', *, *, #465, .F. ) ;
#2367 = CARTESIAN_POINT ( 'NONE',  ( -0.6856387002906708661, -0.2758510534459929775, 0.1662605422215968354 ) ) ;
#2368 = DIRECTION ( 'NONE',  ( 0.000000000000000000, 1.000000000000000000, 0.000000000000000000 ) ) ;
#2369 = CARTESIAN_POINT ( 'NONE',  ( -7.013164391525951138E-17, -0.5726683315065850266, 2.121875000000000178 ) ) ;
#2370 = CARTESIAN_POINT ( 'NONE',  ( -4.153670062569329824E-16, 0.1103706766175910070, 2.252526915601820168 ) ) ;
#2371 = ORIENTED_EDGE ( 'NONE', *, *, #3280, .F. ) ;
#2372 = CARTESIAN_POINT ( 'NONE',  ( 0.7999999999999991562, -0.2143593539448953866, 2.018744630441516197 ) ) ;
#2373 = AXIS2_PLACEMENT_3D ( 'NONE', #1102, #2239, #2258 ) ;
#2374 = CARTESIAN_POINT ( 'NONE',  ( 0.2094395102393189767, 0.8000000000000001554, 1.013541666666666563 ) ) ;
#2375 = CARTESIAN_POINT ( 'NONE',  ( -9.797174393178831081E-17, -0.8000000000000000444, 2.953125000000000000 ) ) ;
#2376 = CARTESIAN_POINT ( 'NONE',  ( 0.000000000000000000, 0.5726683315065850266, 2.603124999999999911 ) ) ;
#2377 = ORIENTED_EDGE ( 'NONE', *, *, #1642, .F. ) ;
#2378 = CARTESIAN_POINT ( 'NONE',  ( -0.2197424177265109857, 0.9799036712383559777, 3.502651636920829592 ) ) ;
#2379 = PRODUCT_DEFINITION_FORMATION_WITH_SPECIFIED_SOURCE ( 'Symmetric', '', #903, .NOT_KNOWN. ) ;
#2380 = CARTESIAN_POINT ( 'NONE',  ( 0.000000000000000000, 0.000000000000000000, 3.213000000000000078 ) ) ;
#2381 = ADVANCED_FACE ( 'NONE', ( #343 ), #1247, .T. ) ;
#2382 = CARTESIAN_POINT ( 'NONE',  ( 0.5726683315065851376, -0.1499242186003839350, 1.451041666666666563 ) ) ;
#2383 = CARTESIAN_POINT ( 'NONE',  ( -0.3306302153517012288, 0.5726683315065848046, 1.626041666666660168 ) ) ;
#2384 = DIRECTION ( 'NONE',  ( 1.000000000000000000, 0.000000000000000000, 0.000000000000000000 ) ) ;
#2385 = CARTESIAN_POINT ( 'NONE',  ( -0.6136266364576252741, -0.4270012950912170369, 0.1737861005319331908 ) ) ;
#2386 = CARTESIAN_POINT ( 'NONE',  ( 0.7999999999994964472, 8.975780826263554520E-07, 0.2406250654484006768 ) ) ;
#2387 = DIRECTION ( 'NONE',  ( 0.000000000000000000, 5.100724083162849976E-17, -1.000000000000000000 ) ) ;
#2388 = CARTESIAN_POINT ( 'NONE',  ( -0.5726683315065850266, 2.119598400713890040E-18, 2.384375000000000355 ) ) ;
#2389 = VERTEX_POINT ( 'NONE', #2671 ) ;
#2390 = CARTESIAN_POINT ( 'NONE',  ( -0.8000000000000000444, -3.163863720612600434E-17, 0.4156249999999999667 ) ) ;
#2391 = CARTESIAN_POINT ( 'NONE',  ( 0.8000000000000018208, 0.2094395102393122043, 2.005208333333333481 ) ) ;
#2392 = CARTESIAN_POINT ( 'NONE',  ( 0.9237604307034010809, -1.696920381959850373E-16, 1.640624999999998446 ) ) ;
#2393 = CARTESIAN_POINT ( 'NONE',  ( 0.4959453230275510105, -0.2863341657532930129, 3.186458333333330284 ) ) ;
#2394 = ORIENTED_EDGE ( 'NONE', *, *, #3392, .F. ) ;
#2395 = CARTESIAN_POINT ( 'NONE',  ( 0.8000000000000000444, -2.626023009306118216E-15, 2.690624999999997158 ) ) ;
#2396 = EDGE_CURVE ( 'NONE', #3386, #2731, #2148, .T. ) ;
#2397 = CARTESIAN_POINT ( 'NONE',  ( 0.6928311624132790225, -0.4000062581222690317, 1.305201107076179978 ) ) ;
#2398 = PLANE ( 'NONE',  #666 ) ;
#2399 = AXIS2_PLACEMENT_3D ( 'NONE', #2282, #3429, #868 ) ;
#2400 = CARTESIAN_POINT ( 'NONE',  ( 0.4959453230275520097, 0.2863341657532920137, 2.588541666666659857 ) ) ;
#2401 = DIRECTION ( 'NONE',  ( 0.000000000000000000, 0.000000000000000000, 1.000000000000000000 ) ) ;
#2402 = CARTESIAN_POINT ( 'NONE',  ( 0.5726683315065853597, 1.111560796394210790E-15, 1.159375000000000044 ) ) ;
#2403 = CARTESIAN_POINT ( 'NONE',  ( 0.5611567783214043148, 0.5702100605386906107, 0.2842768863517925459 ) ) ;
#2404 = CARTESIAN_POINT ( 'NONE',  ( -0.5726683315060849822, -7.013164391519830071E-17, -5.012656956182580770E-13 ) ) ;
#2405 = CARTESIAN_POINT ( 'NONE',  ( 0.4618802153517008180, 0.7999999999999993783, 1.042708333333332016 ) ) ;
#2406 = ORIENTED_EDGE ( 'NONE', *, *, #3407, .T. ) ;
#2407 = CARTESIAN_POINT ( 'NONE',  ( 0.5736426979101176826, -0.1864411853087313276, 0.03016610409846735494 ) ) ;
#2408 = DIRECTION ( 'NONE',  ( 0.000000000000000000, 1.000000000000000000, 0.000000000000000000 ) ) ;
#2409 = FACE_OUTER_BOUND ( 'NONE', #1711, .T. ) ;
#2410 = CARTESIAN_POINT ( 'NONE',  ( -0.5630692349919723672, 0.4206054151849038525, 0.1301469150948453557 ) ) ;
#2411 = EDGE_LOOP ( 'NONE', ( #1104, #439, #3229, #2596 ) ) ;
#2412 = CARTESIAN_POINT ( 'NONE',  ( 0.9265853247356340416, 0.000000000000000000, 3.213000000000000078 ) ) ;
#2413 = EDGE_CURVE ( 'NONE', #3251, #931, #3334, .T. ) ;
#2414 = LINE ( 'NONE', #2090, #1386 ) ;
#2415 = VERTEX_POINT ( 'NONE', #988 ) ;
#2416 = CARTESIAN_POINT ( 'NONE',  ( -0.5726683315065850266, 4.855300630591810072E-16, 0.9406249999999999334 ) ) ;
#2417 = CARTESIAN_POINT ( 'NONE',  ( 0.6928203230275510327, -0.4000000000000000222, 0.5614583333333319493 ) ) ;
#2418 = EDGE_LOOP ( 'NONE', ( #3029, #2485, #1145, #1373 ) ) ;
#2419 = CARTESIAN_POINT ( 'NONE',  ( -0.5726683315065850266, -4.998835764369250253E-16, 0.2843749999999999889 ) ) ;
#2420 = EDGE_CURVE ( 'NONE', #2260, #1385, #394, .T. ) ;
#2421 = CARTESIAN_POINT ( 'NONE',  ( 0.7189735684417719597, 0.3547136113146310832, 0.2665058376339182189 ) ) ;
#2422 = CARTESIAN_POINT ( 'NONE',  ( 0.6653797101048105622, 0.2134656388858588716, 3.000000000000000444 ) ) ;
#2423 = CARTESIAN_POINT ( 'NONE',  ( 0.08810742829799726727, -0.6355471576796944966, 0.06867846226219304073 ) ) ;
#2424 = VERTEX_POINT ( 'NONE', #756 ) ;
#2425 = CARTESIAN_POINT ( 'NONE',  ( 0.5301823867049763050, -0.2767924577070399184, 0.02436190410335151504 ) ) ;
#2426 = CARTESIAN_POINT ( 'NONE',  ( -0.2245121301715977957, 0.5430413005766895340, 0.5242604991957148242 ) ) ;
#2427 = CARTESIAN_POINT ( 'NONE',  ( 0.5726683315065852486, -8.591496269257686581E-16, 2.209374999999998757 ) ) ;
#2428 =( BOUNDED_CURVE ( )  B_SPLINE_CURVE ( 2, ( #2353, #2942, #381, #2080, #3456, #1447, #2589, #2064, #3220 ),
 .UNSPECIFIED., .F., .F. ) 
 B_SPLINE_CURVE_WITH_KNOTS ( ( 3, 2, 2, 2, 3 ),
 ( 0.5000000000000000000, 0.5833333333333301507, 0.7500000000000016653, 0.9166666666666725138, 1.000000000000000000 ),
 .UNSPECIFIED. ) 
 CURVE ( )  GEOMETRIC_REPRESENTATION_ITEM ( )  RATIONAL_B_SPLINE_CURVE ( ( 0.9330127018922194093, 0.9330127018922196314, 1.000000000000000000, 0.8660254037844389297, 1.000000000000000000, 0.8660254037844389297, 1.000000000000000000, 0.9330127018922216298, 0.9330127018922194093 ) ) 
 REPRESENTATION_ITEM ( '' )  );
#2429 = VECTOR ( 'NONE', #2435, 1000.000000000000000 ) ;
#2430 = CARTESIAN_POINT ( 'NONE',  ( -0.2094395102403903142, -0.7999999999997343680, 1.538541666666587648 ) ) ;
#2431 = ORIENTED_EDGE ( 'NONE', *, *, #673, .F. ) ;
#2432 = PLANE ( 'NONE',  #871 ) ;
#2433 = CARTESIAN_POINT ( 'NONE',  ( 0.4618874416088531998, 0.8000125162445358429, 3.142701107076172118 ) ) ;
#2434 = VERTEX_POINT ( 'NONE', #3621 ) ;
#2435 = DIRECTION ( 'NONE',  ( 0.000000000000000000, 0.000000000000000000, 1.000000000000000000 ) ) ;
#2436 = AXIS2_PLACEMENT_3D ( 'NONE', #2331, #3477, #918 ) ;
#2437 = CARTESIAN_POINT ( 'NONE',  ( -0.1499242186003845456, 0.5726683315065850266, 0.8677083333333335258 ) ) ;
#2438 = CARTESIAN_POINT ( 'NONE',  ( 0.3306302153517012288, 0.5726683315065848046, 2.617708333333333304 ) ) ;
#2439 = CARTESIAN_POINT ( 'NONE',  ( 0.8000000000000001554, -0.2094395102393189489, 2.676041666666666874 ) ) ;
#2440 = CARTESIAN_POINT ( 'NONE',  ( -0.8000000000000000444, -4.414670584056469701E-16, 0.7656250000000000000 ) ) ;
#2441 = AXIS2_PLACEMENT_3D ( 'NONE', #2588, #3455, #896 ) ;
#2442 = CARTESIAN_POINT ( 'NONE',  ( 0.06823005793719058576, 0.5870359682856429728, 3.000000000000000000 ) ) ;
#2443 = CARTESIAN_POINT ( 'NONE',  ( 0.4068790688157596924, -0.5780748917447000590, 0.1331578260554489301 ) ) ;
#2444 = VERTEX_POINT ( 'NONE', #2404 ) ;
#2445 = ADVANCED_FACE ( 'NONE', ( #1265 ), #1897, .T. ) ;
#2446 = CARTESIAN_POINT ( 'NONE',  ( 0.5543422014242239682, -0.2298389339050807556, 0.02744620973589487201 ) ) ;
#2447 = CARTESIAN_POINT ( 'NONE',  ( 0.1975951480571820074, 0.4770368862987759973, 4.419999999999999929 ) ) ;
#2448 = DIRECTION ( 'NONE',  ( -0.9203638919632278759, 0.3812272063696448554, -0.08715574274765838791 ) ) ;
#2449 = CARTESIAN_POINT ( 'NONE',  ( 0.7999999999998224087, -0.2094395102400542774, 1.626041666666612651 ) ) ;
#2450 = VERTEX_POINT ( 'NONE', #2478 ) ;
#2451 = CARTESIAN_POINT ( 'NONE',  ( -0.2989252289426619913, 0.5109500922155204572, 2.282291666666667052 ) ) ;
#2452 = CARTESIAN_POINT ( 'NONE',  ( -0.6928311624132799107, -0.4000062581222680325, 1.538534440409510040 ) ) ;
#2453 = AXIS2_PLACEMENT_3D ( 'NONE', #2839, #1633, #3123 ) ;
#2454 = VERTEX_POINT ( 'NONE', #2994 ) ;
#2455 = CARTESIAN_POINT ( 'NONE',  ( -0.4175893270108185784, -0.7137815228877210094, 1.173958333333316562 ) ) ;
#2456 = CARTESIAN_POINT ( 'NONE',  ( 0.4959453230275510105, -0.2863341657532930129, 3.230208333333330017 ) ) ;
#2457 = ORIENTED_EDGE ( 'NONE', *, *, #3496, .T. ) ;
#2458 = CARTESIAN_POINT ( 'NONE',  ( -0.7137815228878494622, -0.4175893270106272315, 0.7947916666666668961 ) ) ;
#2459 = CARTESIAN_POINT ( 'NONE',  ( 0.3657062551249906091, 0.7120008275251631380, 0.3018105774673183195 ) ) ;
#2460 = EDGE_CURVE ( 'NONE', #2558, #2434, #2630, .T. ) ;
#2461 = CARTESIAN_POINT ( 'NONE',  ( 0.6734567046551008795, 0.1961254818753723206, 3.000000000000000000 ) ) ;
#2462 = CIRCLE ( 'NONE', #2827, 1.600000000000000089 ) ;
#2463 = CARTESIAN_POINT ( 'NONE',  ( -0.8000000000000000444, -9.797174393178831081E-17, 0.000000000000000000 ) ) ;
#2464 = ORIENTED_EDGE ( 'NONE', *, *, #3672, .T. ) ;
#2465 = CARTESIAN_POINT ( 'NONE',  ( -0.6928203230275503666, 0.3999999999999998002, 1.480208333333332460 ) ) ;
#2466 = EDGE_CURVE ( 'NONE', #3111, #221, #529, .T. ) ;
#2467 = CARTESIAN_POINT ( 'NONE',  ( -0.5181669173346694635, 0.2473839960767334756, 0.5656604222757217748 ) ) ;
#2468 = FACE_OUTER_BOUND ( 'NONE', #227, .T. ) ;
#2469 = CARTESIAN_POINT ( 'NONE',  ( 0.4959453230275510105, -0.2863341657532930129, 0.03645833333333570181 ) ) ;
#2470 = ORIENTED_EDGE ( 'NONE', *, *, #1930, .T. ) ;
#2471 = DIRECTION ( 'NONE',  ( -0.9961946980917455452, -2.753114676338591080E-16, 0.08715574274765836016 ) ) ;
#2472 = EDGE_CURVE ( 'NONE', #2434, #3268, #3159, .T. ) ;
#2473 = CARTESIAN_POINT ( 'NONE',  ( -9.797327672966920967E-17, -0.8000125162445370641, 1.596867773742840058 ) ) ;
#2474 = ORIENTED_EDGE ( 'NONE', *, *, #164, .T. ) ;
#2475 = CARTESIAN_POINT ( 'NONE',  ( -0.4959453230275510105, -0.2863341657532930129, 2.763541666666659680 ) ) ;
#2476 = CARTESIAN_POINT ( 'NONE',  ( -0.4959453230275510105, -0.2863341657532930129, 2.763541666666659680 ) ) ;
#2477 = VECTOR ( 'NONE', #2794, 1000.000000000000000 ) ;
#2478 = CARTESIAN_POINT ( 'NONE',  ( -0.5726683315065850266, 4.855300630591810072E-16, 1.640625000000000000 ) ) ;
#2479 = DIRECTION ( 'NONE',  ( 0.000000000000000000, 0.000000000000000000, -1.000000000000000000 ) ) ;
#2480 = ORIENTED_EDGE ( 'NONE', *, *, #2929, .T. ) ;
#2481 = CARTESIAN_POINT ( 'NONE',  ( 0.2094395102393207808, -0.7999999999999998224, 0.5177083333333334370 ) ) ;
#2482 = DIRECTION ( 'NONE',  ( -0.3812272063696478530, -0.9203638919632267656, 0.08715574274765838791 ) ) ;
#2483 = CYLINDRICAL_SURFACE ( 'NONE', #2088, 0.5726683315065850266 ) ;
#2484 = CARTESIAN_POINT ( 'NONE',  ( -0.8000000000003536504, -0.2094395102380250395, 1.480208333333237203 ) ) ;
#2485 = ORIENTED_EDGE ( 'NONE', *, *, #3659, .F. ) ;
#2486 = CARTESIAN_POINT ( 'NONE',  ( -0.1952860492846986984, -0.7762702040940885340, 2.939922532859594817 ) ) ;
#2487 = B_SPLINE_CURVE_WITH_KNOTS ( 'NONE', 3,
 ( #2440, #677, #2458, #3567, #3289, #717, #176, #2764, #2132, #1857 ),
 .UNSPECIFIED., .F., .F.,
 ( 4, 2, 2, 2, 4 ),
 ( 0.000000000000000000, 0.1250000000000000000, 0.2500000000000000000, 0.3750000000000000000, 0.5000000000000000000 ),
 .UNSPECIFIED. ) ;
#2488 = CARTESIAN_POINT ( 'NONE',  ( -0.6928311624132790225, 0.4000062581222680325, 2.880201107076169720 ) ) ;
#2489 = ORIENTED_EDGE ( 'NONE', *, *, #2466, .T. ) ;
#2490 = EDGE_CURVE ( 'NONE', #3205, #1509, #110, .T. ) ;
#2491 = DIRECTION ( 'NONE',  ( 0.3826834323650749603, 0.9238795325112928447, 0.000000000000000000 ) ) ;
#2492 = CARTESIAN_POINT ( 'NONE',  ( -0.04165323076637688499, -0.7938479584683700851, 3.000000000000000444 ) ) ;
#2493 = CARTESIAN_POINT ( 'NONE',  ( 0.5726683314466529673, -8.285096454578900156E-06, 2.909374166467084688 ) ) ;
#2494 = CARTESIAN_POINT ( 'NONE',  ( 0.7999999999999990452, -1.670438805159968420E-16, 1.684374999999998401 ) ) ;
#2495 = EDGE_CURVE ( 'NONE', #2279, #2287, #3118, .T. ) ;
#2496 = CARTESIAN_POINT ( 'NONE',  ( -0.7137815228878533480, -0.4175893270106205701, 2.194791666666666696 ) ) ;
#2497 = ORIENTED_EDGE ( 'NONE', *, *, #2836, .F. ) ;
#2498 = LINE ( 'NONE', #3640, #814 ) ;
#2499 = B_SPLINE_CURVE_WITH_KNOTS ( 'NONE', 3,
 ( #3317, #2775, #3024, #2168, #748, #1311, #2451, #203, #1886, #3047 ),
 .UNSPECIFIED., .F., .F.,
 ( 4, 2, 2, 2, 4 ),
 ( 0.5000000000000000000, 0.6250000000000000000, 0.7500000000000000000, 0.8750000000000000000, 1.000000000000000000 ),
 .UNSPECIFIED. ) ;
#2500 = VECTOR ( 'NONE', #3698, 1000.000000000000000 ) ;
#2501 = CARTESIAN_POINT ( 'NONE',  ( 0.7999999999999999334, 9.327379234259880301E-16, 0.9406249999999988232 ) ) ;
#2502 = DIRECTION ( 'NONE',  ( 0.000000000000000000, 0.000000000000000000, -1.000000000000000000 ) ) ;
#2503 = CARTESIAN_POINT ( 'NONE',  ( 0.6154279202054105946, 0.02547276103689643037, 0.04313278994970941305 ) ) ;
#2504 = ORIENTED_EDGE ( 'NONE', *, *, #2857, .F. ) ;
#2505 = CARTESIAN_POINT ( 'NONE',  ( 0.4959453230275510105, -0.2863341657532930129, 1.480208333333330017 ) ) ;
#2506 = CARTESIAN_POINT ( 'NONE',  ( 0.5701876324219178338, -0.05486145740428219342, 2.860044480158333347 ) ) ;
#2507 = CARTESIAN_POINT ( 'NONE',  ( 0.6928311624132799107, 0.4000062581222680325, 1.363534440409509996 ) ) ;
#2508 = EDGE_CURVE ( 'NONE', #632, #2183, #1921, .T. ) ;
#2509 = ORIENTED_EDGE ( 'NONE', *, *, #2396, .F. ) ;
#2510 = LINE ( 'NONE', #768, #367 ) ;
#2511 = CARTESIAN_POINT ( 'NONE',  ( -0.6323382899596434736, -0.2510399579401986214, 3.000000000000000444 ) ) ;
#2512 = CARTESIAN_POINT ( 'NONE',  ( 0.4138645750021996417, -0.4169908309226284526, 0.3728560045199498796 ) ) ;
#2513 = DIRECTION ( 'NONE',  ( 0.000000000000000000, 5.100724083162849976E-17, -1.000000000000000000 ) ) ;
#2514 = DIRECTION ( 'NONE',  ( 0.000000000000000000, 1.000000000000000000, 0.000000000000000000 ) ) ;
#2515 = ORIENTED_EDGE ( 'NONE', *, *, #718, .T. ) ;
#2516 = CARTESIAN_POINT ( 'NONE',  ( 0.000000000000000000, 0.000000000000000000, 4.419999999999999929 ) ) ;
#2517 = CIRCLE ( 'NONE', #1504, 0.5726683315065850266 ) ;
#2518 = CARTESIAN_POINT ( 'NONE',  ( 0.5726678685755778320, 0.07609489389897008960, 2.873376910619481084 ) ) ;
#2519 = CARTESIAN_POINT ( 'NONE',  ( 0.7836156403301683948, -0.1623749976205990653, 0.2287851564234974766 ) ) ;
#2520 = ORIENTED_EDGE ( 'NONE', *, *, #1682, .F. ) ;
#2521 = AXIS2_PLACEMENT_3D ( 'NONE', #2380, #691, #2108 ) ;
#2522 = CARTESIAN_POINT ( 'NONE',  ( -0.6928203230275484792, 0.3999999999999986899, 2.180208333333333304 ) ) ;
#2523 = DIRECTION ( 'NONE',  ( 0.000000000000000000, 0.000000000000000000, -1.000000000000000000 ) ) ;
#2524 = CARTESIAN_POINT ( 'NONE',  ( -0.4618802153517005404, 0.8000000000000000444, 1.407291666666659724 ) ) ;
#2525 = CARTESIAN_POINT ( 'NONE',  ( 0.6612604307034024576, -1.214715704795581023E-16, 1.465625000000001954 ) ) ;
#2526 = EDGE_LOOP ( 'NONE', ( #150, #2061, #1403, #2256 ) ) ;
#2527 = EDGE_CURVE ( 'NONE', #1880, #3589, #3141, .T. ) ;
#2528 = LINE ( 'NONE', #2547, #1270 ) ;
#2529 = CARTESIAN_POINT ( 'NONE',  ( -0.6353737729481760965, 0.04391441998409002789, 3.000000000000000000 ) ) ;
#2530 = CARTESIAN_POINT ( 'NONE',  ( -0.3003239754690650298, -0.1243982637450919970, 2.233743304966979704 ) ) ;
#2531 = CARTESIAN_POINT ( 'NONE',  ( 0.3306302153517012288, -0.5726683315065848046, 1.101041666666670471 ) ) ;
#2532 = ORIENTED_EDGE ( 'NONE', *, *, #2864, .F. ) ;
#2533 = CYLINDRICAL_SURFACE ( 'NONE', #3122, 0.5726683315065850266 ) ;
#2534 = ADVANCED_FACE ( 'NONE', ( #2247 ), #250, .T. ) ;
#2535 = CARTESIAN_POINT ( 'NONE',  ( 0.5726683315065853597, -1.247176054397169461E-15, 2.515624999999998668 ) ) ;
#2536 = EDGE_CURVE ( 'NONE', #1658, #1528, #1964, .T. ) ;
#2537 = CARTESIAN_POINT ( 'NONE',  ( 0.000000000000000000, 0.5726683315065850266, 2.646875000000000089 ) ) ;
#2538 = CARTESIAN_POINT ( 'NONE',  ( 0.5726683315065850266, 0.000000000000000000, 0.000000000000000000 ) ) ;
#2539 = ORIENTED_EDGE ( 'NONE', *, *, #1669, .T. ) ;
#2540 = FACE_OUTER_BOUND ( 'NONE', #2201, .T. ) ;
#2541 = AXIS2_PLACEMENT_3D ( 'NONE', #2207, #1181, #2891 ) ;
#2542 = ADVANCED_FACE ( 'NONE', ( #3676 ), #1703, .T. ) ;
#2543 = CARTESIAN_POINT ( 'NONE',  ( -3.232555538409000109E-16, -2.496126923531660022E-16, 3.213000000000000078 ) ) ;
#2544 = CARTESIAN_POINT ( 'NONE',  ( -0.3306302153517012288, -0.5726683315065848046, 0.6489583333333339699 ) ) ;
#2545 = ORIENTED_EDGE ( 'NONE', *, *, #1998, .T. ) ;
#2546 = CARTESIAN_POINT ( 'NONE',  ( 0.000000000000000000, 0.8000000000000000444, 0.6781249999999999778 ) ) ;
#2547 = CARTESIAN_POINT ( 'NONE',  ( -0.8000000000000000444, -9.797174393178831081E-17, 0.000000000000000000 ) ) ;
#2548 = DIRECTION ( 'NONE',  ( 0.000000000000000000, 0.000000000000000000, 1.000000000000000000 ) ) ;
#2549 = CARTESIAN_POINT ( 'NONE',  ( 0.2450864965515570371, -1.053716265586979839, 3.792335783456319831 ) ) ;
#2550 = CIRCLE ( 'NONE', #3509, 1.159442916372619869 ) ;
#2551 = CARTESIAN_POINT ( 'NONE',  ( -0.5726683315065855817, -0.1499242186003826027, 0.9552083333333335480 ) ) ;
#2552 = LINE ( 'NONE', #1928, #1716 ) ;
#2553 = EDGE_LOOP ( 'NONE', ( #32, #2978, #1154 ) ) ;
#2554 =( NAMED_UNIT ( * ) PLANE_ANGLE_UNIT ( ) SI_UNIT ( $, .RADIAN. ) );
#2555 = CARTESIAN_POINT ( 'NONE',  ( 0.5726683315063637592, -5.037073845646391923E-07, 0.06562494869113107143 ) ) ;
#2556 = CARTESIAN_POINT ( 'NONE',  ( 0.4888485050328313930, 0.2996596216934366841, 2.896361583697411479 ) ) ;
#2557 = CARTESIAN_POINT ( 'NONE',  ( 0.7999999999994964472, 8.975780826263554520E-07, 0.2406250654484006768 ) ) ;
#2558 = VERTEX_POINT ( 'NONE', #832 ) ;
#2559 = CARTESIAN_POINT ( 'NONE',  ( -0.5726683315065881352, -0.1534460169580633693, 1.350005369558483048 ) ) ;
#2560 = DIRECTION ( 'NONE',  ( 1.000000000000000000, 0.000000000000000000, 0.000000000000000000 ) ) ;
#2561 = CARTESIAN_POINT ( 'NONE',  ( -0.4618802153517005404, 0.8000000000000000444, 1.057291666666660301 ) ) ;
#2562 = CARTESIAN_POINT ( 'NONE',  ( 0.3306302153517012288, 0.5726683315065848046, 1.173958333333330106 ) ) ;
#2563 = ORIENTED_EDGE ( 'NONE', *, *, #244, .F. ) ;
#2564 = DIRECTION ( 'NONE',  ( 0.000000000000000000, -1.000000000000000000, 0.000000000000000000 ) ) ;
#2565 = CARTESIAN_POINT ( 'NONE',  ( 0.4618350263199688666, 0.8000782696989034992, -0.007285959501121498302 ) ) ;
#2566 = CARTESIAN_POINT ( 'NONE',  ( -0.6180820578165467927, -0.3024352982798397260, 3.000000000000000000 ) ) ;
#2567 = FACE_OUTER_BOUND ( 'NONE', #3016, .T. ) ;
#2568 = ADVANCED_FACE ( 'NONE', ( #2567 ), #1, .T. ) ;
#2569 = CARTESIAN_POINT ( 'NONE',  ( -7.013164391525951138E-17, -0.5726683315065850266, 0.02187500000000159803 ) ) ;
#2570 = ORIENTED_EDGE ( 'NONE', *, *, #164, .F. ) ;
#2571 = CYLINDRICAL_SURFACE ( 'NONE', #1944, 0.5726683315065850266 ) ;
#2572 = B_SPLINE_CURVE_WITH_KNOTS ( 'NONE', 3,
 ( #1155, #1782, #2940, #2959, #380, #362, #1446, #2307, #1506, #2649 ),
 .UNSPECIFIED., .F., .F.,
 ( 4, 2, 2, 2, 4 ),
 ( 0.000000000000000000, 0.1250000000000000278, 0.2500000000000000555, 0.3750000000000000000, 0.5000000000000000000 ),
 .UNSPECIFIED. ) ;
#2573 = CARTESIAN_POINT ( 'NONE',  ( 0.5726683315063637592, -5.037073845646391923E-07, 0.06562494869113107143 ) ) ;
#2574 = CARTESIAN_POINT ( 'NONE',  ( 1.959434878635764737E-16, -1.600000000000000755, 3.607923705099339795 ) ) ;
#2575 = DIRECTION ( 'NONE',  ( 0.000000000000000000, 0.000000000000000000, 1.000000000000000000 ) ) ;
#2576 = EDGE_LOOP ( 'NONE', ( #2128, #1316, #202, #3125 ) ) ;
#2577 = DIRECTION ( 'NONE',  ( 0.000000000000000000, 0.000000000000000000, 1.000000000000000000 ) ) ;
#2578 = CARTESIAN_POINT ( 'NONE',  ( 0.4959453230275510105, -0.2863341657532930129, 0.7364583333333339921 ) ) ;
#2579 = ORIENTED_EDGE ( 'NONE', *, *, #2227, .F. ) ;
#2580 = CARTESIAN_POINT ( 'NONE',  ( 0.2231971456242087537, -0.5434810937026131050, 0.3489981388591807399 ) ) ;
#2581 = ADVANCED_FACE ( 'NONE', ( #3694 ), #2194, .T. ) ;
#2582 = CARTESIAN_POINT ( 'NONE',  ( -0.5268802980797032687, 0.4640259648271286008, 0.1274384826982115360 ) ) ;
#2583 = CARTESIAN_POINT ( 'NONE',  ( 0.3566365380388862860, -0.4508459855092258883, 2.815777111877516337 ) ) ;
#2584 = LINE ( 'NONE', #617, #116 ) ;
#2585 = CARTESIAN_POINT ( 'NONE',  ( -0.4959453230275510105, 0.2863341657532930129, 0.2552083333333340365 ) ) ;
#2586 = ORIENTED_EDGE ( 'NONE', *, *, #554, .T. ) ;
#2587 = CARTESIAN_POINT ( 'NONE',  ( 0.4152234277036430110, -0.6838051660276029953, 0.2273316684934170162 ) ) ;
#2588 = CARTESIAN_POINT ( 'NONE',  ( 0.4770368862987779957, -0.1975951480571770114, 4.419999999999999929 ) ) ;
#2589 = CARTESIAN_POINT ( 'NONE',  ( -0.4959453230275510105, 0.2863341657532930129, 1.305208333333329973 ) ) ;
#2590 = CYLINDRICAL_SURFACE ( 'NONE', #601, 0.8000000000000000444 ) ;
#2591 = ORIENTED_EDGE ( 'NONE', *, *, #77, .F. ) ;
#2592 = CARTESIAN_POINT ( 'NONE',  ( -0.5109500922155179037, -0.2989252289426665987, 2.019791666666667762 ) ) ;
#2593 = DIRECTION ( 'NONE',  ( 0.9203638919632308735, -0.3812272063696378610, -0.08715574274765838791 ) ) ;
#2594 = CARTESIAN_POINT ( 'NONE',  ( 0.4959453230275510105, -0.2863341657532930129, 1.436458333333330062 ) ) ;
#2595 = CIRCLE ( 'NONE', #992, 0.9265853247356339306 ) ;
#2596 = ORIENTED_EDGE ( 'NONE', *, *, #2750, .T. ) ;
#2597 = CARTESIAN_POINT ( 'NONE',  ( -0.5726683315065850266, 1.024718658255159840E-15, 2.734375000000000000 ) ) ;
#2598 = CIRCLE ( 'NONE', #1641, 2.133001533022940155 ) ;
#2599 = LINE ( 'NONE', #556, #2704 ) ;
#2600 = CARTESIAN_POINT ( 'NONE',  ( 0.6612604307034024576, 4.049052349318610191E-17, 0.06562500000000232037 ) ) ;
#2601 = CARTESIAN_POINT ( 'NONE',  ( 0.000000000000000000, -8.673617379884039416E-16, 3.607923705099339795 ) ) ;
#2602 = VECTOR ( 'NONE', #1045, 1000.000000000000000 ) ;
#2603 = CARTESIAN_POINT ( 'NONE',  ( 0.000000000000000000, 0.5726683315065850266, 2.996875000000000178 ) ) ;
#2604 = ADVANCED_FACE ( 'NONE', ( #561 ), #2803, .T. ) ;
#2605 = CARTESIAN_POINT ( 'NONE',  ( -0.3306302153517012288, -0.5726683315065848046, 1.742708333333331527 ) ) ;
#2606 = ORIENTED_EDGE ( 'NONE', *, *, #1998, .F. ) ;
#2607 = CARTESIAN_POINT ( 'NONE',  ( -0.0008718200471861601826, -0.7823200779407969430, 0.2078438316095584104 ) ) ;
#2608 = EDGE_CURVE ( 'NONE', #2611, #3268, #776, .T. ) ;
#2609 = CARTESIAN_POINT ( 'NONE',  ( -0.4233765097777110187, 0.3856181386799379940, 3.000000000000000000 ) ) ;
#2610 = CARTESIAN_POINT ( 'NONE',  ( -0.5726683315065850266, 2.047317718109609937E-15, 2.034375000000000266 ) ) ;
#2611 = VERTEX_POINT ( 'NONE', #2325 ) ;
#2612 = CARTESIAN_POINT ( 'NONE',  ( -0.7999999999999982681, -0.2143593539448974128, 1.875005369558477186 ) ) ;
#2613 = EDGE_CURVE ( 'NONE', #2339, #3319, #2584, .T. ) ;
#2614 = DIRECTION ( 'NONE',  ( 0.000000000000000000, 0.000000000000000000, 1.000000000000000000 ) ) ;
#2615 = CARTESIAN_POINT ( 'NONE',  ( 0.6928203230275510327, -0.4000000000000000222, 1.961458333333330195 ) ) ;
#2616 = CARTESIAN_POINT ( 'NONE',  ( 0.3306302153517012288, -0.5726683315065848046, 2.457291666666658880 ) ) ;
#2617 = ORIENTED_EDGE ( 'NONE', *, *, #703, .F. ) ;
#2618 = CARTESIAN_POINT ( 'NONE',  ( 0.5726683315065838054, -3.065927711112500097E-08, 0.4156246945102467505 ) ) ;
#2619 = ADVANCED_FACE ( 'NONE', ( #3432 ), #910, .T. ) ;
#2620 = VECTOR ( 'NONE', #183, 1000.000000000000000 ) ;
#2621 = CARTESIAN_POINT ( 'NONE',  ( -0.6928311624132790225, 0.4000062581222680325, 0.7802011070761789568 ) ) ;
#2622 = DIRECTION ( 'NONE',  ( 0.000000000000000000, 0.000000000000000000, 1.000000000000000000 ) ) ;
#2623 = CARTESIAN_POINT ( 'NONE',  ( -0.2936313535367877092, -0.4918563535357920458, 2.748103650738751735 ) ) ;
#2624 = CARTESIAN_POINT ( 'NONE',  ( 0.8000000000000008216, -4.079866730341832724E-15, 2.734374999999997335 ) ) ;
#2625 = CARTESIAN_POINT ( 'NONE',  ( -0.6612604307034024576, 4.049052349318610191E-17, 2.034375000000002487 ) ) ;
#2626 = EDGE_LOOP ( 'NONE', ( #504, #1071, #3003, #2805 ) ) ;
#2627 = CARTESIAN_POINT ( 'NONE',  ( -0.1977713483381055848, -0.7460702342775844542, 0.1991576205067350225 ) ) ;
#2628 = EDGE_CURVE ( 'NONE', #586, #905, #2897, .T. ) ;
#2629 = CARTESIAN_POINT ( 'NONE',  ( -0.8000000000000000444, 3.413269101288869848E-16, 2.209375000000000089 ) ) ;
#2630 = CIRCLE ( 'NONE', #1791, 0.8000000000000000444 ) ;
#2631 = CARTESIAN_POINT ( 'NONE',  ( 0.03571151252083491073, 0.5719203912404258183, 2.949847199951310728 ) ) ;
#2632 = DIRECTION ( 'NONE',  ( -0.9961946980917456562, -7.222810716197076886E-15, -0.08715574274765836016 ) ) ;
#2633 = ORIENTED_EDGE ( 'NONE', *, *, #122, .F. ) ;
#2634 = CARTESIAN_POINT ( 'NONE',  ( -9.797174393178856965E-17, -0.8000000000000025979, 2.646874999999990763 ) ) ;
#2635 =( BOUNDED_CURVE ( )  B_SPLINE_CURVE ( 2, ( #3246, #1792, #2968, #3212, #2951, #926, #1534, #1478, #2699 ),
 .UNSPECIFIED., .F., .F. ) 
 B_SPLINE_CURVE_WITH_KNOTS ( ( 3, 2, 2, 2, 3 ),
 ( 0.000000000000000000, 0.08333333333332995640, 0.2499999999999998612, 0.4166666666666697383, 0.5000000000000000000 ),
 .UNSPECIFIED. ) 
 CURVE ( )  GEOMETRIC_REPRESENTATION_ITEM ( )  RATIONAL_B_SPLINE_CURVE ( ( 0.9330127018922194093, 0.9330127018922194093, 1.000000000000000000, 0.8660254037844388186, 1.000000000000000000, 0.8660254037844388186, 1.000000000000000000, 0.9330127018922191873, 0.9330127018922194093 ) ) 
 REPRESENTATION_ITEM ( '' )  );
#2636 = CARTESIAN_POINT ( 'NONE',  ( 0.7999999999999999334, 9.327379234259880301E-16, 0.9406249999999988232 ) ) ;
#2637 = CARTESIAN_POINT ( 'NONE',  ( -0.4618802153517005404, 0.8000000000000000444, 3.157291666666661722 ) ) ;
#2638 = CARTESIAN_POINT ( 'NONE',  ( -0.6612604307034024576, 4.049052349318610191E-17, 2.340625000000003286 ) ) ;
#2639 = VERTEX_POINT ( 'NONE', #57 ) ;
#2640 = CARTESIAN_POINT ( 'NONE',  ( -0.7584999228694182527, -0.2544172260879971614, 2.884175014720920416 ) ) ;
#2641 =( BOUNDED_CURVE ( )  B_SPLINE_CURVE ( 2, ( #441, #1323, #2713, #1901, #1050, #3060, #1623 ),
 .UNSPECIFIED., .F., .T. ) 
 B_SPLINE_CURVE_WITH_KNOTS ( ( 3, 2, 2, 3 ),
 ( 0.000000000000000000, 0.07841920339197004652, 0.2832149359715308568, 0.3856139084373065851 ),
 .UNSPECIFIED. ) 
 CURVE ( )  GEOMETRIC_REPRESENTATION_ITEM ( )  RATIONAL_B_SPLINE_CURVE ( ( 0.9366860371838336974, 0.9486992185938073474, 1.000000000000000000, 0.8660254037844389297, 1.000000000000000000, 0.9330119782468557776, 0.9330127019000369337 ) ) 
 REPRESENTATION_ITEM ( '' )  );
#2642 = DIRECTION ( 'NONE',  ( 0.000000000000000000, 0.000000000000000000, 1.000000000000000000 ) ) ;
#2643 = AXIS2_PLACEMENT_3D ( 'NONE', #3166, #1729, #1176 ) ;
#2644 = CARTESIAN_POINT ( 'NONE',  ( -0.2694342806154219616, -0.5055167778843965287, 2.750928565897702072 ) ) ;
#2645 = LINE ( 'NONE', #76, #1266 ) ;
#2646 = CARTESIAN_POINT ( 'NONE',  ( -7.013164391525951138E-17, -0.5726683315065850266, 0.7218749999999999334 ) ) ;
#2647 = ORIENTED_EDGE ( 'NONE', *, *, #2613, .F. ) ;
#2648 = CARTESIAN_POINT ( 'NONE',  ( 0.2989252289426649889, -0.5109500922155189029, 1.757291666666666696 ) ) ;
#2649 = CARTESIAN_POINT ( 'NONE',  ( 0.5726683315065853597, -1.247176054397169461E-15, 2.515624999999998668 ) ) ;
#2650 = CARTESIAN_POINT ( 'NONE',  ( -0.07376174610532398868, 0.5688643150641000679, 2.959957189488553464 ) ) ;
#2651 = CARTESIAN_POINT ( 'NONE',  ( 0.4175893270114201528, 0.7137815228873689577, 1.348958333333266424 ) ) ;
#2652 = VERTEX_POINT ( 'NONE', #874 ) ;
#2653 = CARTESIAN_POINT ( 'NONE',  ( 0.4618802153516995412, -0.7999999999999981570, 1.976041666666665364 ) ) ;
#2654 = CARTESIAN_POINT ( 'NONE',  ( 0.4175893270106253441, 0.7137815228878503504, 0.9989583333333328374 ) ) ;
#2655 = CARTESIAN_POINT ( 'NONE',  ( -0.6928203230275510327, 0.4000000000000000222, 2.486458333333330106 ) ) ;
#2656 = CARTESIAN_POINT ( 'NONE',  ( -0.4959453230275510105, 0.2863341657532930129, 1.961458333333330195 ) ) ;
#2657 = ORIENTED_EDGE ( 'NONE', *, *, #3469, .T. ) ;
#2658 = CARTESIAN_POINT ( 'NONE',  ( -0.6069650741882189893, -0.5211808601931363638, 2.904587916423022165 ) ) ;
#2659 = CLOSED_SHELL ( 'NONE', ( #751, #1948, #28, #1408, #1251, #3382, #31, #223, #1381, #2233, #1614, #1837, #2262, #789, #1109, #2119, #1119, #865, #1182, #2568, #3661, #636, #653, #1908, #474, #1592, #1632, #3494, #1174, #2146, #2848, #2534, #826, #3447, #2074, #2019, #3117, #2542, #1576, #2780, #361, #1448, #2670, #1006, #3025, #3675, #2101, #3355, #620, #539, #2024, #1227, #1147, #1476, #402, #1134, #3136, #2619, #2155, #2445, #854, #2604, #2581, #1472, #2110, #2381, #193, #432, #3358, #911, #375, #2667 ) ) ;
#2660 = CARTESIAN_POINT ( 'NONE',  ( 0.4618874416088531998, 0.8000125162445358429, 0.6927011070761803779 ) ) ;
#2661 = B_SPLINE_CURVE_WITH_KNOTS ( 'NONE', 3,
 ( #1117, #2518, #2007, #2271, #1934, #3093, #547, #508, #2290, #2556, #3663, #3699, #255, #2234, #3642, #525, #1081, #3421, #1988, #2865, #817, #1949, #3148, #566, #1709, #289, #3165, #1637, #2791, #970, #2921, #2631, #324, #1746, #3238, #2902, #1764, #2650, #2308, #1467, #2046, #2330 ),
 .UNSPECIFIED., .F., .F.,
 ( 4, 2, 2, 2, 1, 2, 2, 2, 2, 2, 2, 2, 2, 2, 2, 2, 2, 2, 2, 1, 2, 4 ),
 ( 0.5671089801525003304, 0.6212203576334373034, 0.6279842798185545361, 0.6347482020036716577, 0.6482760463739060119, 0.6753317351143746095, 0.6888595794846088527, 0.6956235016697260853, 0.7023874238548430959, 0.7294431125953118045, 0.7429709569655461587, 0.7564988013357805130, 0.7835544900762492215, 0.8106101788167179301, 0.8241380231869523953, 0.8376658675571867496, 0.8511937119274211039, 0.8579576341125383365, 0.8613395952050970639, 0.8647215562976555692, 0.8917772450381244997, 1.000000000000000000 ),
 .UNSPECIFIED. ) ;
#2662 = B_SPLINE_CURVE_WITH_KNOTS ( 'NONE', 3,
 ( #2587, #2306, #2328, #379, #2607, #2938, #3512, #1524, #360, #951, #2627, #1798, #1173, #2078, #3454, #1725, #2023, #2044, #2666, #98, #895, #1244, #1505, #307, #2062, #1780, #3218, #2880, #3182, #2005, #1191, #602, #1744, #2900, #2385, #3235, #322, #1465, #2367, #621, #915, #877, #3473, #2919, #3163, #1762, #3495, #40 ),
 .UNSPECIFIED., .F., .F.,
 ( 4, 2, 2, 2, 1, 1, 1, 2, 2, 2, 2, 2, 1, 2, 2, 2, 2, 1, 2, 2, 2, 1, 1, 1, 2, 2, 2, 4 ),
 ( 0.000000000000000000, 0.2500000000000042744, 0.3750000000000064393, 0.4375000000000074940, 0.4687500000000080491, 0.4843750000000083822, 0.4921875000000085487, 0.4960937500000086042, 0.5000000000000086597, 0.5625000000000078826, 0.5937500000000073275, 0.6093750000000072164, 0.6171875000000071054, 0.6210937500000071054, 0.6250000000000069944, 0.6875000000000059952, 0.7187500000000055511, 0.7343750000000053291, 0.7421875000000052180, 0.7500000000000051070, 0.8125000000000039968, 0.8437500000000034417, 0.8593750000000031086, 0.8671875000000029976, 0.8710937500000028866, 0.8750000000000028866, 0.9375000000000014433, 1.000000000000000000 ),
 .UNSPECIFIED. ) ;
#2663 = DIRECTION ( 'NONE',  ( 0.000000000000000000, 0.000000000000000000, 1.000000000000000000 ) ) ;
#2664 = CARTESIAN_POINT ( 'NONE',  ( -0.4959453230275510105, 0.2863341657532930129, 1.305208333333329973 ) ) ;
#2665 = CARTESIAN_POINT ( 'NONE',  ( -0.3306302153517012288, 0.5726683315065848046, 1.626041666666659946 ) ) ;
#2666 = CARTESIAN_POINT ( 'NONE',  ( -0.3506523128803676892, -0.6788430023350378040, 0.1912533475125780258 ) ) ;
#2667 = ADVANCED_FACE ( 'NONE', ( #1759 ), #2364, .T. ) ;
#2668 = EDGE_CURVE ( 'NONE', #3380, #1019, #716, .T. ) ;
#2669 = CARTESIAN_POINT ( 'NONE',  ( 0.3120889603569423909, 0.7366215498565822362, 0.3061037547518296598 ) ) ;
#2670 = ADVANCED_FACE ( 'NONE', ( #3198, #3491 ), #2916, .T. ) ;
#2671 = CARTESIAN_POINT ( 'NONE',  ( 0.7999999999999999334, -4.907664496668543106E-16, 0.5906249999999992895 ) ) ;
#2672 = CARTESIAN_POINT ( 'NONE',  ( 0.6928203230275499225, -0.4000000000000005218, 0.2552083333333326487 ) ) ;
#2673 = ORIENTED_EDGE ( 'NONE', *, *, #1039, .F. ) ;
#2674 = DIRECTION ( 'NONE',  ( -1.047890657185990164E-14, 1.000000000000000000, 0.000000000000000000 ) ) ;
#2675 = DIRECTION ( 'NONE',  ( 0.000000000000000000, 0.000000000000000000, 1.000000000000000000 ) ) ;
#2676 = CARTESIAN_POINT ( 'NONE',  ( 0.9237604307034010809, -1.696920381959850373E-16, 2.690624999999993161 ) ) ;
#2677 = CARTESIAN_POINT ( 'NONE',  ( -0.3306302153517012288, 0.5726683315065848046, 2.982291666666658347 ) ) ;
#2678 = ORIENTED_EDGE ( 'NONE', *, *, #159, .F. ) ;
#2679 = CARTESIAN_POINT ( 'NONE',  ( -0.7370065179480971285, -0.3118041055169514797, 2.888346919632429621 ) ) ;
#2680 = DIRECTION ( 'NONE',  ( 3.749061091915468687E-15, -0.9961946980917455452, 0.08715574274765824914 ) ) ;
#2681 = B_SPLINE_CURVE_WITH_KNOTS ( 'NONE', 3,
 ( #1237, #2378, #3193, #2089 ),
 .UNSPECIFIED., .F., .F.,
 ( 4, 4 ),
 ( 0.000000000000000000, 0.0009000375269246589779 ),
 .UNSPECIFIED. ) ;
#2682 = CARTESIAN_POINT ( 'NONE',  ( -7.013164391525951138E-17, -0.5726683315065850266, 0.3718750000000000111 ) ) ;
#2683 = CARTESIAN_POINT ( 'NONE',  ( 0.000000000000000000, 0.5726683315065850266, 3.346874999999999822 ) ) ;
#2684 = CARTESIAN_POINT ( 'NONE',  ( -0.8000000000000000444, 2.676011623998729791E-16, 1.159375000000000044 ) ) ;
#2685 = CARTESIAN_POINT ( 'NONE',  ( 2.089102099429109629E-15, -0.1944011831242099808, 3.213000000000000078 ) ) ;
#2686 = EDGE_CURVE ( 'NONE', #1410, #1608, #579, .T. ) ;
#2687 = CARTESIAN_POINT ( 'NONE',  ( 0.7999999999999977129, -0.2143593539448980789, 1.668744630441515442 ) ) ;
#2688 = DIRECTION ( 'NONE',  ( 1.000000000000000000, 0.000000000000000000, 0.000000000000000000 ) ) ;
#2689 = LINE ( 'NONE', #1747, #787 ) ;
#2690 = ORIENTED_EDGE ( 'NONE', *, *, #1032, .T. ) ;
#2691 = CARTESIAN_POINT ( 'NONE',  ( 0.4507324533737073202, -0.3805408488531122901, 0.01716466498503053592 ) ) ;
#2692 = EDGE_CURVE ( 'NONE', #1652, #3472, #1482, .T. ) ;
#2693 = LINE ( 'NONE', #1824, #2245 ) ;
#2694 = CARTESIAN_POINT ( 'NONE',  ( -0.4618802153517005404, -0.8000000000000000444, 3.273958333333328863 ) ) ;
#2695 = DIRECTION ( 'NONE',  ( 0.000000000000000000, 0.000000000000000000, 1.000000000000000000 ) ) ;
#2696 = CARTESIAN_POINT ( 'NONE',  ( -0.6901549549332991473, 0.1888039175629164235, 0.1427927307359571352 ) ) ;
#2697 = VERTEX_POINT ( 'NONE', #1170 ) ;
#2698 = AXIS2_PLACEMENT_3D ( 'NONE', #3550, #1859, #1619 ) ;
#2699 = CARTESIAN_POINT ( 'NONE',  ( 0.8000000000000000444, 5.447083060304243530E-16, 0.9843749999999988898 ) ) ;
#2700 = PRESENTATION_LAYER_ASSIGNMENT (  '', '', ( #419 ) ) ;
#2701 = CARTESIAN_POINT ( 'NONE',  ( -0.6928311624132790225, 0.4000062581222680325, 0.08020110707618080537 ) ) ;
#2702 = VECTOR ( 'NONE', #1545, 1000.000000000000000 ) ;
#2703 = CARTESIAN_POINT ( 'NONE',  ( 0.2989252289426656550, 0.5109500922155180147, 0.8239583333333333481 ) ) ;
#2704 = VECTOR ( 'NONE', #2035, 1000.000000000000114 ) ;
#2705 = CARTESIAN_POINT ( 'NONE',  ( 0.6928203230275510327, -0.4000000000000000222, 0.2114583333333329984 ) ) ;
#2706 = ORIENTED_EDGE ( 'NONE', *, *, #465, .T. ) ;
#2707 = CARTESIAN_POINT ( 'NONE',  ( -0.8000000000000000444, -2.918471586026469637E-16, 0.8093749999999999556 ) ) ;
#2708 = CARTESIAN_POINT ( 'NONE',  ( 0.6504625950544123958, 0.4664596413170642997, 0.2753035723190662698 ) ) ;
#2709 = CARTESIAN_POINT ( 'NONE',  ( 0.6829792542842817449, 0.1743120264341573855, 3.000000000000000000 ) ) ;
#2710 = DIRECTION ( 'NONE',  ( 0.08714264840443966542, 0.01733375049385989242, 0.9960450290638855897 ) ) ;
#2711 = VERTEX_POINT ( 'NONE', #2624 ) ;
#2712 = CARTESIAN_POINT ( 'NONE',  ( 0.5476367002776784121, -0.2434800595297142711, 0.02654385286679753278 ) ) ;
#2713 = CARTESIAN_POINT ( 'NONE',  ( -7.013164391525951138E-17, -0.5726683315065850266, 0.02187500000000159803 ) ) ;
#2714 = PRODUCT_CONTEXT ( 'NONE', #303, 'mechanical' ) ;
#2715 = CARTESIAN_POINT ( 'NONE',  ( -0.8000000000000000444, -9.797174393178831081E-17, 0.000000000000000000 ) ) ;
#2716 = EDGE_CURVE ( 'NONE', #1848, #2652, #2953, .T. ) ;
#2717 = B_SPLINE_CURVE_WITH_KNOTS ( 'NONE', 3,
 ( #1280, #3566, #3288, #715, #1856, #435, #1579, #153, #2439, #2153 ),
 .UNSPECIFIED., .F., .F.,
 ( 4, 2, 2, 2, 4 ),
 ( 0.000000000000000000, 0.1250000000000000000, 0.2500000000000000000, 0.3750000000000000000, 0.5000000000000000000 ),
 .UNSPECIFIED. ) ;
#2718 = CARTESIAN_POINT ( 'NONE',  ( -0.2450864965515399951, -1.053716265586979839, 3.792335783456319831 ) ) ;
#2719 = ORIENTED_EDGE ( 'NONE', *, *, #2317, .F. ) ;
#2720 = CARTESIAN_POINT ( 'NONE',  ( -0.1353897582104176267, -0.7885238523243948139, 2.944161464388065585 ) ) ;
#2721 = CARTESIAN_POINT ( 'NONE',  ( 0.000000000000000000, 0.8000125162445370641, 1.421867773742840013 ) ) ;
#2722 = VERTEX_POINT ( 'NONE', #1794 ) ;
#2723 = CARTESIAN_POINT ( 'NONE',  ( -0.5706902071571640089, 0.05498775475420159681, 0.2350238189134019884 ) ) ;
#2724 = CARTESIAN_POINT ( 'NONE',  ( -0.6612604307034024576, 4.049052349318610191E-17, 2.384374999999998135 ) ) ;
#2725 = ORIENTED_EDGE ( 'NONE', *, *, #3280, .T. ) ;
#2726 = VECTOR ( 'NONE', #792, 1000.000000000000000 ) ;
#2727 = CARTESIAN_POINT ( 'NONE',  ( -0.3794763007298240232, -0.1571842303614640057, 3.213000000000000078 ) ) ;
#2728 = CARTESIAN_POINT ( 'NONE',  ( 0.3301841158300615198, 0.7288003914049688836, 0.3046696319353161542 ) ) ;
#2729 = CARTESIAN_POINT ( 'NONE',  ( 0.3758150530479940632, 0.5266456782082186150, 3.000000000000000000 ) ) ;
#2730 = CARTESIAN_POINT ( 'NONE',  ( -0.02932128976582316221, -0.6185997656436359460, 0.04615205506843488015 ) ) ;
#2731 = VERTEX_POINT ( 'NONE', #2935 ) ;
#2732 = CARTESIAN_POINT ( 'NONE',  ( 0.2906753893184333415, -0.5040278843406338360, 0.004642013226617431806 ) ) ;
#2733 = DIRECTION ( 'NONE',  ( -0.9238795325112891810, 0.3826834323650840641, 0.000000000000000000 ) ) ;
#2734 = DIRECTION ( 'NONE',  ( 0.000000000000000000, 0.000000000000000000, 1.000000000000000000 ) ) ;
#2735 = DIRECTION ( 'NONE',  ( 0.3826834323650799008, 0.9238795325112908463, 1.768879910227882665E-14 ) ) ;
#2736 = CARTESIAN_POINT ( 'NONE',  ( -0.4175893270116411982, -0.7137815228872727014, 1.523958333333250259 ) ) ;
#2737 = ORIENTED_EDGE ( 'NONE', *, *, #2998, .F. ) ;
#2738 =( BOUNDED_CURVE ( )  B_SPLINE_CURVE ( 2, ( #263, #516, #536, #1165, #2300, #3448, #1664, #888, #1685 ),
 .UNSPECIFIED., .F., .T. ) 
 B_SPLINE_CURVE_WITH_KNOTS ( ( 3, 2, 2, 2, 3 ),
 ( 0.5000000000000000000, 0.5833333333333303727, 0.7500000000000000000, 0.9166666666666696273, 1.000000000000000000 ),
 .UNSPECIFIED. ) 
 CURVE ( )  GEOMETRIC_REPRESENTATION_ITEM ( )  RATIONAL_B_SPLINE_CURVE ( ( 0.9330127018922194093, 0.9330127018922185211, 1.000000000000000000, 0.8660254037844389297, 1.000000000000000000, 0.8660254037844389297, 1.000000000000000000, 0.9330127018922185211, 0.9330127018922194093 ) ) 
 REPRESENTATION_ITEM ( '' )  );
#2739 = AXIS2_PLACEMENT_3D ( 'NONE', #1865, #3019, #2408 ) ;
#2740 = CARTESIAN_POINT ( 'NONE',  ( 0.4506496509677392348, -0.6611009050401700504, 2.986646061569266042 ) ) ;
#2741 = CARTESIAN_POINT ( 'NONE',  ( -0.6928311624132790225, 0.4000062581222680325, 1.480201107076180023 ) ) ;
#2742 = ORIENTED_EDGE ( 'NONE', *, *, #1850, .F. ) ;
#2743 = EDGE_CURVE ( 'NONE', #2967, #2639, #357, .T. ) ;
#2744 = CARTESIAN_POINT ( 'NONE',  ( -0.4959453230275510105, 0.2863341657532930129, 3.055208333333330195 ) ) ;
#2745 = ORIENTED_EDGE ( 'NONE', *, *, #824, .T. ) ;
#2746 = CARTESIAN_POINT ( 'NONE',  ( -0.1499242186003832966, -0.5726683315065852486, 0.6635416666666666963 ) ) ;
#2747 = CARTESIAN_POINT ( 'NONE',  ( 0.000000000000000000, 0.000000000000000000, 3.000000000000000000 ) ) ;
#2748 = CARTESIAN_POINT ( 'NONE',  ( 0.6142106820795784072, -0.4327216885931970403, 0.1786654985958367470 ) ) ;
#2749 = ORIENTED_EDGE ( 'NONE', *, *, #1457, .F. ) ;
#2750 = EDGE_CURVE ( 'NONE', #722, #2722, #2645, .T. ) ;
#2751 = CARTESIAN_POINT ( 'NONE',  ( 0.5459138145808246634, -0.2468392457811495466, 0.02632302294266111037 ) ) ;
#2752 = LINE ( 'NONE', #1605, #2620 ) ;
#2753 = CARTESIAN_POINT ( 'NONE',  ( 0.4959453230275520097, 0.2863341657532920137, 2.238541666666659768 ) ) ;
#2754 = PLANE ( 'NONE',  #2036 ) ;
#2755 = ORIENTED_EDGE ( 'NONE', *, *, #730, .T. ) ;
#2756 = CARTESIAN_POINT ( 'NONE',  ( 0.2492040535513866395, -0.7601956815817153545, 2.970310833035588072 ) ) ;
#2757 = CARTESIAN_POINT ( 'NONE',  ( 0.4618874416088531998, 0.8000125162445358429, 2.442701107076180378 ) ) ;
#2758 = AXIS2_PLACEMENT_3D ( 'NONE', #100, #2387, #2097 ) ;
#2759 = VERTEX_POINT ( 'NONE', #1224 ) ;
#2760 =( BOUNDED_CURVE ( )  B_SPLINE_CURVE ( 2, ( #3322, #1559, #397, #1796, #97, #2665, #2956, #3012, #1540 ),
 .UNSPECIFIED., .F., .T. ) 
 B_SPLINE_CURVE_WITH_KNOTS ( ( 3, 2, 2, 2, 3 ),
 ( 0.5000000000000000000, 0.5833333333333295956, 0.7500000000000000000, 0.9166666666666702934, 1.000000000000000000 ),
 .UNSPECIFIED. ) 
 CURVE ( )  GEOMETRIC_REPRESENTATION_ITEM ( )  RATIONAL_B_SPLINE_CURVE ( ( 0.9330127018922194093, 0.9330127018922194093, 1.000000000000000000, 0.8660254037844389297, 1.000000000000000000, 0.8660254037844389297, 1.000000000000000000, 0.9330127018922194093, 0.9330127018922194093 ) ) 
 REPRESENTATION_ITEM ( '' )  );
#2761 = DIRECTION ( 'NONE',  ( 1.000000000000000000, 0.000000000000000000, 0.000000000000000000 ) ) ;
#2762 = CARTESIAN_POINT ( 'NONE',  ( 0.4618802153517005404, 0.8000000000000000444, 0.2989583333333328818 ) ) ;
#2763 = CARTESIAN_POINT ( 'NONE',  ( 0.8000000000000001554, -1.670438805159968420E-16, 2.384374999999997247 ) ) ;
#2764 = CARTESIAN_POINT ( 'NONE',  ( 0.7137815228878504614, -0.4175893270106253441, 0.9114583333333334814 ) ) ;
#2765 = EDGE_CURVE ( 'NONE', #2065, #1672, #656, .T. ) ;
#2766 = CARTESIAN_POINT ( 'NONE',  ( 0.7065312549146464116, -0.3069681118095334837, 3.000000000000000444 ) ) ;
#2767 = CARTESIAN_POINT ( 'NONE',  ( 0.2765033041590326257, -0.6208688497573666698, 0.1063852638949184526 ) ) ;
#2768 = ORIENTED_EDGE ( 'NONE', *, *, #204, .T. ) ;
#2769 = LINE ( 'NONE', #440, #1433 ) ;
#2770 = CARTESIAN_POINT ( 'NONE',  ( 0.000000000000000000, 0.1103706766175889947, 2.252526915601830382 ) ) ;
#2771 =( NAMED_UNIT ( * ) PLANE_ANGLE_UNIT ( ) SI_UNIT ( $, .RADIAN. ) );
#2772 = CARTESIAN_POINT ( 'NONE',  ( 0.000000000000000000, 0.5726683315065850266, 2.296875000000000000 ) ) ;
#2773 = CARTESIAN_POINT ( 'NONE',  ( 0.5726683315063637592, -5.037073845646391923E-07, 0.06562494869113107143 ) ) ;
#2774 = ORIENTED_EDGE ( 'NONE', *, *, #2490, .F. ) ;
#2775 = CARTESIAN_POINT ( 'NONE',  ( 0.5726683315065855817, 0.1499242186003818533, 2.180208333333332860 ) ) ;
#2776 = B_SPLINE_CURVE_WITH_KNOTS ( 'NONE', 3,
 ( #3515, #2026, #2977, #2651, #64, #3239, #325, #83, #2081, #344 ),
 .UNSPECIFIED., .F., .F.,
 ( 4, 2, 2, 2, 4 ),
 ( 0.5000000000000000000, 0.6250000000000000000, 0.7500000000000000000, 0.8750000000000000000, 1.000000000000000000 ),
 .UNSPECIFIED. ) ;
#2777 = EDGE_CURVE ( 'NONE', #1880, #91, #1542, .T. ) ;
#2778 = CARTESIAN_POINT ( 'NONE',  ( 0.000000000000000000, 0.8000125162445370641, 2.821867773742839702 ) ) ;
#2779 = ORIENTED_EDGE ( 'NONE', *, *, #1986, .F. ) ;
#2780 = ADVANCED_FACE ( 'NONE', ( #1557 ), #2398, .T. ) ;
#2781 = LINE ( 'NONE', #264, #1088 ) ;
#2782 = CARTESIAN_POINT ( 'NONE',  ( 0.000000000000000000, 0.000000000000000000, 3.174999999999999822 ) ) ;
#2783 = CARTESIAN_POINT ( 'NONE',  ( -0.4975600694254784795, -0.2867867443500700109, 0.2699854601742396332 ) ) ;
#2784 =( BOUNDED_CURVE ( )  B_SPLINE_CURVE ( 2, ( #1320, #1267, #1620, #2405, #3551, #3273, #700, #3090, #1704 ),
 .UNSPECIFIED., .F., .T. ) 
 B_SPLINE_CURVE_WITH_KNOTS ( ( 3, 2, 2, 2, 3 ),
 ( 0.5000000000000000000, 0.5833333333333292625, 0.7499999999999983347, 0.9166666666666674068, 1.000000000000000000 ),
 .UNSPECIFIED. ) 
 CURVE ( )  GEOMETRIC_REPRESENTATION_ITEM ( )  RATIONAL_B_SPLINE_CURVE ( ( 0.9330127018922194093, 0.9330127018922196314, 1.000000000000000000, 0.8660254037844388186, 1.000000000000000000, 0.8660254037844388186, 1.000000000000000000, 0.9330127018922169668, 0.9330127018922194093 ) ) 
 REPRESENTATION_ITEM ( '' )  );
#2785 = CARTESIAN_POINT ( 'NONE',  ( 0.5726683314466529673, -8.285096454578900156E-06, 2.909374166467084688 ) ) ;
#2786 = AXIS2_PLACEMENT_3D ( 'NONE', #1160, #259, #2560 ) ;
#2787 = CARTESIAN_POINT ( 'NONE',  ( 0.7051885529300255806, -0.3394613959439920503, 0.1996966691895863122 ) ) ;
#2788 = VERTEX_POINT ( 'NONE', #734 ) ;
#2789 = CARTESIAN_POINT ( 'NONE',  ( -0.4175893270106263433, 0.7137815228878499063, 2.807291666666666963 ) ) ;
#2790 = EDGE_CURVE ( 'NONE', #3068, #3205, #1800, .T. ) ;
#2791 = CARTESIAN_POINT ( 'NONE',  ( 0.09267818419743288627, 0.5651787920546593735, 2.944531043874241139 ) ) ;
#2792 = CARTESIAN_POINT ( 'NONE',  ( 0.6150350598586415973, 0.01248089514366439341, 0.04234981440468929548 ) ) ;
#2793 = ORIENTED_EDGE ( 'NONE', *, *, #3177, .F. ) ;
#2794 = DIRECTION ( 'NONE',  ( 0.7071067811865435759, 8.659560562354883554E-17, -0.7071067811865515695 ) ) ;
#2795 = CARTESIAN_POINT ( 'NONE',  ( -0.3946759194292199791, -0.3946759194292250306, 4.412318255877679896 ) ) ;
#2796 = AXIS2_PLACEMENT_3D ( 'NONE', #80, #1228, #2095 ) ;
#2797 = CARTESIAN_POINT ( 'NONE',  ( 0.9237748832177063996, -1.696946930797919054E-16, 2.384367773742837926 ) ) ;
#2798 = VERTEX_POINT ( 'NONE', #1002 ) ;
#2799 = B_SPLINE_CURVE_WITH_KNOTS ( 'NONE', 3,
 ( #1034, #1867, #490, #1342 ),
 .UNSPECIFIED., .F., .F.,
 ( 4, 4 ),
 ( 0.002525308777030309867, 0.003425349241126480170 ),
 .UNSPECIFIED. ) ;
#2800 = CARTESIAN_POINT ( 'NONE',  ( -0.5726683315065850266, 2.038021363020030207E-15, 2.340624999999999734 ) ) ;
#2801 = CARTESIAN_POINT ( 'NONE',  ( -0.5268708192835025450, -0.4844205261679498942, 3.000000000000000444 ) ) ;
#2802 = CARTESIAN_POINT ( 'NONE',  ( -0.4105422139757938793, -0.4010603633243277066, 0.2830361892026951320 ) ) ;
#2803 = CYLINDRICAL_SURFACE ( 'NONE', #3179, 0.5726683315065850266 ) ;
#2804 = CARTESIAN_POINT ( 'NONE',  ( 0.4959453230275520097, 0.2863341657532920137, 1.888541666666660124 ) ) ;
#2805 = ORIENTED_EDGE ( 'NONE', *, *, #10, .F. ) ;
#2806 = CARTESIAN_POINT ( 'NONE',  ( -0.5726683315065850266, -4.998835764369250253E-16, 0.9843750000000000000 ) ) ;
#2807 = AXIS2_PLACEMENT_3D ( 'NONE', #163, #3328, #3609 ) ;
#2808 = CARTESIAN_POINT ( 'NONE',  ( 0.000000000000000000, 0.5726683315065850266, 0.1531249999999999833 ) ) ;
#2809 = CARTESIAN_POINT ( 'NONE',  ( -0.3306302153517012288, 0.5726683315065848046, 2.676041666666663765 ) ) ;
#2810 = CARTESIAN_POINT ( 'NONE',  ( -0.6928203230275574720, -0.4000000000000032974, 2.938541666666658170 ) ) ;
#2811 = EDGE_LOOP ( 'NONE', ( #306, #1957, #3671, #235 ) ) ;
#2812 = CARTESIAN_POINT ( 'NONE',  ( 0.7999999999999967137, 0.2143593539448999941, 2.050005369558478563 ) ) ;
#2813 = EDGE_CURVE ( 'NONE', #1304, #701, #1441, .T. ) ;
#2814 = CARTESIAN_POINT ( 'NONE',  ( 0.5639183938195350132, -0.1024971628960518188, 2.855193892643329345 ) ) ;
#2815 = CARTESIAN_POINT ( 'NONE',  ( -0.9237604307034010809, 5.656401273199498780E-17, 1.115625000000000311 ) ) ;
#2816 = CARTESIAN_POINT ( 'NONE',  ( -0.6612604307034024576, 4.049052349318610191E-17, 0.5906250000000008438 ) ) ;
#2817 = ORIENTED_EDGE ( 'NONE', *, *, #3411, .F. ) ;
#2818 = AXIS2_PLACEMENT_3D ( 'NONE', #795, #1390, #2228 ) ;
#2819 = CARTESIAN_POINT ( 'NONE',  ( -0.5726408316890545525, 0.5587245675792096300, 0.3730924226684567135 ) ) ;
#2820 = CARTESIAN_POINT ( 'NONE',  ( 0.8000000000000001554, -8.787960670624178891E-16, 0.6343749999999993561 ) ) ;
#2821 =( BOUNDED_CURVE ( )  B_SPLINE_CURVE ( 2, ( #3249, #1298, #1874, #1314, #2682, #111, #982, #1577, #3582 ),
 .UNSPECIFIED., .F., .F. ) 
 B_SPLINE_CURVE_WITH_KNOTS ( ( 3, 2, 2, 2, 3 ),
 ( 0.000000000000000000, 0.08333333333333051152, 0.2500000000000015543, 0.4166666666666728469, 0.5000000000000000000 ),
 .UNSPECIFIED. ) 
 CURVE ( )  GEOMETRIC_REPRESENTATION_ITEM ( )  RATIONAL_B_SPLINE_CURVE ( ( 0.9330127018922194093, 0.9330127018922194093, 1.000000000000000000, 0.8660254037844389297, 1.000000000000000000, 0.8660254037844389297, 1.000000000000000000, 0.9330127018922220739, 0.9330127018922194093 ) ) 
 REPRESENTATION_ITEM ( '' )  );
#2822 = CARTESIAN_POINT ( 'NONE',  ( -0.2301989986513981734, -0.7305700304796680644, 2.999999999999999556 ) ) ;
#2823 = CARTESIAN_POINT ( 'NONE',  ( -0.8000000000000000444, -1.046451870652559874E-15, 1.859375000000000000 ) ) ;
#2824 = ORIENTED_EDGE ( 'NONE', *, *, #2686, .T. ) ;
#2825 = DIRECTION ( 'NONE',  ( 0.000000000000000000, 5.100724083162849976E-17, -1.000000000000000000 ) ) ;
#2826 = CARTESIAN_POINT ( 'NONE',  ( 0.1571842303614650049, -0.3794763007298240232, 3.213000000000000078 ) ) ;
#2827 = AXIS2_PLACEMENT_3D ( 'NONE', #3611, #1918, #1082 ) ;
#2828 = CARTESIAN_POINT ( 'NONE',  ( -0.5726683315065875801, 0.1534460169580643685, 2.718744630441516819 ) ) ;
#2829 = CARTESIAN_POINT ( 'NONE',  ( -0.6230442147037780209, -0.2901676033421930478, 4.307615191939739852 ) ) ;
#2830 = ORIENTED_EDGE ( 'NONE', *, *, #3007, .F. ) ;
#2831 = DIRECTION ( 'NONE',  ( 1.000000000000000000, 0.000000000000000000, 0.000000000000000000 ) ) ;
#2832 = CARTESIAN_POINT ( 'NONE',  ( -0.1944011831242099808, -1.409486470265889904E-15, 3.213000000000000078 ) ) ;
#2833 = CARTESIAN_POINT ( 'NONE',  ( -0.9237604307034010809, 5.656401273199498780E-17, 1.465625000000001954 ) ) ;
#2834 = CARTESIAN_POINT ( 'NONE',  ( -0.9237748832177063996, 5.656489769326419855E-17, 3.259367773742840146 ) ) ;
#2835 = ORIENTED_EDGE ( 'NONE', *, *, #2913, .T. ) ;
#2836 = EDGE_CURVE ( 'NONE', #1036, #240, #2821, .T. ) ;
#2837 = CARTESIAN_POINT ( 'NONE',  ( -0.7886049596492438196, 0.1443610799675482115, 0.4051175247261993295 ) ) ;
#2838 = CARTESIAN_POINT ( 'NONE',  ( -0.6029953870933478788, -0.3442010413022958404, 3.000000000000000444 ) ) ;
#2839 = CARTESIAN_POINT ( 'NONE',  ( 0.000000000000000000, 0.000000000000000000, 0.000000000000000000 ) ) ;
#2840 = CARTESIAN_POINT ( 'NONE',  ( -0.3306302153517012288, 0.5726683315065848046, 1.976041666666660035 ) ) ;
#2841 = VERTEX_POINT ( 'NONE', #3286 ) ;
#2842 = DIRECTION ( 'NONE',  ( 0.3812272063696548474, -0.9203638919632237680, -0.08715574274765838791 ) ) ;
#2843 = CARTESIAN_POINT ( 'NONE',  ( 0.3903810968328390585, -0.3903810968328320641, 4.348179018643919314 ) ) ;
#2844 = CARTESIAN_POINT ( 'NONE',  ( 1.186081321788540052E-15, -0.1103706766175910070, 2.252526915601820168 ) ) ;
#2845 = CARTESIAN_POINT ( 'NONE',  ( 0.7993521914086044733, -0.03461003230770690747, 0.2381029947182445317 ) ) ;
#2846 = ORIENTED_EDGE ( 'NONE', *, *, #2893, .T. ) ;
#2847 = CARTESIAN_POINT ( 'NONE',  ( -0.4959453230275510105, -0.2863341657532930129, 0.6635416666666670293 ) ) ;
#2848 = ADVANCED_FACE ( 'NONE', ( #2111 ), #3127, .F. ) ;
#2849 = CARTESIAN_POINT ( 'NONE',  ( 0.5379143642223450650, -0.1968682273640585401, 2.845540219565783513 ) ) ;
#2850 = CARTESIAN_POINT ( 'NONE',  ( 0.4618802153517005404, -0.8000000000000000444, 0.8822916666666649199 ) ) ;
#2851 = CARTESIAN_POINT ( 'NONE',  ( -0.4959453230275510105, -0.2863341657532930129, 0.9697916666666669405 ) ) ;
#2852 = ORIENTED_EDGE ( 'NONE', *, *, #837, .T. ) ;
#2853 = EDGE_CURVE ( 'NONE', #3615, #1753, #3681, .T. ) ;
#2854 = CARTESIAN_POINT ( 'NONE',  ( 0.9237604307034010809, 5.656401273199498780E-17, -0.06562499999999976685 ) ) ;
#2855 = CARTESIAN_POINT ( 'NONE',  ( 0.2197424177265179801, -0.9799036712383559777, 3.502651636920829592 ) ) ;
#2856 = TOROIDAL_SURFACE ( 'NONE', #156, 1.344400000000000039, 0.2555999999999999939 ) ;
#2857 = EDGE_CURVE ( 'NONE', #451, #3628, #593, .T. ) ;
#2858 = DIRECTION ( 'NONE',  ( 1.000000000000000000, 0.000000000000000000, 0.000000000000000000 ) ) ;
#2859 = CARTESIAN_POINT ( 'NONE',  ( -0.8000000000000000444, 4.062308766099140174E-15, 2.165624999999999911 ) ) ;
#2860 = VERTEX_POINT ( 'NONE', #3120 ) ;
#2861 = CARTESIAN_POINT ( 'NONE',  ( 0.000000000000000000, 0.000000000000000000, 0.000000000000000000 ) ) ;
#2862 = VECTOR ( 'NONE', #382, 1000.000000000000227 ) ;
#2863 = CARTESIAN_POINT ( 'NONE',  ( -0.7137815228878505724, 0.4175893270106254551, 2.836458333333334636 ) ) ;
#2864 = EDGE_CURVE ( 'NONE', #3585, #2697, #1924, .T. ) ;
#2865 = CARTESIAN_POINT ( 'NONE',  ( 0.3515299060071036541, 0.4525463735328833503, 2.915999839393308424 ) ) ;
#2866 = FACE_OUTER_BOUND ( 'NONE', #2526, .T. ) ;
#2867 = EDGE_LOOP ( 'NONE', ( #2489, #2930 ) ) ;
#2868 = CARTESIAN_POINT ( 'NONE',  ( -0.8000000000000000444, 3.413269101288869848E-16, 2.209374999999999645 ) ) ;
#2869 = CARTESIAN_POINT ( 'NONE',  ( 0.3003239754690670282, 0.1243982637450880141, 2.233743304966979704 ) ) ;
#2870 = CARTESIAN_POINT ( 'NONE',  ( 0.6928203230275510327, 0.4000000000000000222, 1.319791666666660035 ) ) ;
#2871 = CARTESIAN_POINT ( 'NONE',  ( 0.000000000000000000, 0.5726683315065850266, 0.8531250000000000222 ) ) ;
#2872 = ORIENTED_EDGE ( 'NONE', *, *, #961, .T. ) ;
#2873 = CARTESIAN_POINT ( 'NONE',  ( 0.7789503154362770188, -0.1823085463759850089, 0.2273316684934170162 ) ) ;
#2874 = CYLINDRICAL_SURFACE ( 'NONE', #3190, 0.8000000000000000444 ) ;
#2875 = CARTESIAN_POINT ( 'NONE',  ( 0.6928203230275510327, 0.4000000000000000222, -0.03645833333333320381 ) ) ;
#2876 = CARTESIAN_POINT ( 'NONE',  ( -0.1312409617826096053, -0.5577414400986051568, 2.765735574732703483 ) ) ;
#2877 = CARTESIAN_POINT ( 'NONE',  ( -0.4618802153516996523, -0.7999999999999972689, 2.267708333333336324 ) ) ;
#2878 = CARTESIAN_POINT ( 'NONE',  ( 0.3306302153517012288, -0.5726683315065848046, 1.801041666666662211 ) ) ;
#2879 = ORIENTED_EDGE ( 'NONE', *, *, #2049, .F. ) ;
#2880 = CARTESIAN_POINT ( 'NONE',  ( -0.5365704047665167398, -0.5277366673812986519, 0.1796689735861531356 ) ) ;
#2881 = FACE_OUTER_BOUND ( 'NONE', #3364, .T. ) ;
#2882 = CARTESIAN_POINT ( 'NONE',  ( 0.5109500922155187919, 0.2989252289426649889, 1.844791666666666607 ) ) ;
#2883 = LINE ( 'NONE', #1935, #1038 ) ;
#2884 = ORIENTED_EDGE ( 'NONE', *, *, #1070, .F. ) ;
#2885 = CARTESIAN_POINT ( 'NONE',  ( -0.5726683315065850266, -7.013164391525951138E-17, 0.000000000000000000 ) ) ;
#2886 = CIRCLE ( 'NONE', #3654, 0.2555999999999999384 ) ;
#2887 = DIRECTION ( 'NONE',  ( -0.3826834323650729619, -0.9238795325112937329, 1.768879910227882980E-14 ) ) ;
#2888 = CARTESIAN_POINT ( 'NONE',  ( -9.797174393178831081E-17, -0.8000000000000000444, 0.8531250000000000222 ) ) ;
#2889 = CARTESIAN_POINT ( 'NONE',  ( 0.3306302153517012288, -0.5726683315065848046, 1.407291666666671270 ) ) ;
#2890 = VERTEX_POINT ( 'NONE', #2800 ) ;
#2891 = DIRECTION ( 'NONE',  ( 1.000000000000000000, 0.000000000000000000, 0.000000000000000000 ) ) ;
#2892 = EDGE_CURVE ( 'NONE', #2087, #1029, #537, .T. ) ;
#2893 = EDGE_CURVE ( 'NONE', #2287, #2071, #1564, .T. ) ;
#2894 = CARTESIAN_POINT ( 'NONE',  ( -0.6634081506220084190, 0.4471021704186158852, 0.3827766762717196847 ) ) ;
#2895 = CARTESIAN_POINT ( 'NONE',  ( -9.703898006185856108E-05, 0.5726683232849297811, 0.1531335599107608303 ) ) ;
#2896 = DIRECTION ( 'NONE',  ( 0.000000000000000000, 1.000000000000000000, 0.000000000000000000 ) ) ;
#2897 = LINE ( 'NONE', #2020, #3237 ) ;
#2898 = CARTESIAN_POINT ( 'NONE',  ( 0.4959453230275510105, -0.2863341657532930129, 1.480208333333330017 ) ) ;
#2899 = EDGE_LOOP ( 'NONE', ( #712, #2737, #135, #925 ) ) ;
#2900 = CARTESIAN_POINT ( 'NONE',  ( -0.5869735866796245150, -0.4645795913637076890, 0.1758943172898894125 ) ) ;
#2901 = CARTESIAN_POINT ( 'NONE',  ( -0.8000000000000000444, -1.097011936250820216E-16, 2.515625000000000000 ) ) ;
#2902 = CARTESIAN_POINT ( 'NONE',  ( -0.03107797006726271613, 0.5718377924535374968, 2.956007235385909926 ) ) ;
#2903 = DIRECTION ( 'NONE',  ( 1.000000000000000000, 0.000000000000000000, 0.000000000000000000 ) ) ;
#2904 = EDGE_LOOP ( 'NONE', ( #2532, #2394, #797, #954 ) ) ;
#2905 = CARTESIAN_POINT ( 'NONE',  ( 0.8000000000000004885, -0.2143593539449018259, 2.718744630441511934 ) ) ;
#2906 = EDGE_CURVE ( 'NONE', #3644, #2065, #1368, .T. ) ;
#2907 = CARTESIAN_POINT ( 'NONE',  ( -0.5726683315065850266, -4.998835764369250253E-16, 0.2843749999999999889 ) ) ;
#2908 = CARTESIAN_POINT ( 'NONE',  ( -0.6928203230275510327, -0.4000000000000000222, 3.244791666666659857 ) ) ;
#2909 = CARTESIAN_POINT ( 'NONE',  ( 0.4959453230275520097, 0.2863341657532920137, 3.244791666666659857 ) ) ;
#2910 = ORIENTED_EDGE ( 'NONE', *, *, #1701, .T. ) ;
#2911 = CARTESIAN_POINT ( 'NONE',  ( -0.6368864332428326724, -0.4845369736837005226, 2.901523240122344749 ) ) ;
#2912 = CARTESIAN_POINT ( 'NONE',  ( 0.3143684607229330075, -0.3143684607229269568, 3.213000000000000078 ) ) ;
#2913 = EDGE_CURVE ( 'NONE', #492, #2759, #3414, .T. ) ;
#2914 = DIRECTION ( 'NONE',  ( 0.000000000000000000, 0.000000000000000000, -1.000000000000000000 ) ) ;
#2915 = CARTESIAN_POINT ( 'NONE',  ( -0.3979035689573858225, -0.4118600034981992897, 2.734809031260518442 ) ) ;
#2916 = PLANE ( 'NONE',  #1141 ) ;
#2917 = CARTESIAN_POINT ( 'NONE',  ( 0.000000000000000000, 0.5726683315065850266, 1.946875000000000133 ) ) ;
#2918 = VERTEX_POINT ( 'NONE', #3069 ) ;
#2919 = CARTESIAN_POINT ( 'NONE',  ( -0.7001175149664635722, -0.2299464059848023989, 0.1641331189673813917 ) ) ;
#2920 = CARTESIAN_POINT ( 'NONE',  ( -0.9059627718705380861, -0.1944011831242140054, 3.213000000000000078 ) ) ;
#2921 = CARTESIAN_POINT ( 'NONE',  ( 0.05307113685019875654, 0.5703841557410266327, 2.948238121890527808 ) ) ;
#2922 = CARTESIAN_POINT ( 'NONE',  ( 0.5726683315065843605, -0.1534460169580701139, 2.543744630441517440 ) ) ;
#2923 = ORIENTED_EDGE ( 'NONE', *, *, #1245, .F. ) ;
#2924 = LINE ( 'NONE', #647, #3474 ) ;
#2925 = TOROIDAL_SURFACE ( 'NONE', #1538, 1.344400000000000039, 0.2555999999999999939 ) ;
#2926 = LINE ( 'NONE', #2964, #755 ) ;
#2927 = CARTESIAN_POINT ( 'NONE',  ( -0.6928203230275510327, -0.4000000000000000222, 2.544791666666660124 ) ) ;
#2928 = CARTESIAN_POINT ( 'NONE',  ( 0.4959453230275520097, 0.2863341657532920137, 2.194791666666660035 ) ) ;
#2929 = EDGE_CURVE ( 'NONE', #3386, #2071, #2886, .T. ) ;
#2930 = ORIENTED_EDGE ( 'NONE', *, *, #1518, .T. ) ;
#2931 = CARTESIAN_POINT ( 'NONE',  ( -0.7028487753484038425, -0.3841942605664495636, 2.893704570582181557 ) ) ;
#2932 = CARTESIAN_POINT ( 'NONE',  ( 0.000000000000000000, 0.8000125162445370641, 1.071867773742849916 ) ) ;
#2933 = CARTESIAN_POINT ( 'NONE',  ( 0.1537423675743827267, -0.5531859716536374760, 2.792864573212032298 ) ) ;
#2934 = CARTESIAN_POINT ( 'NONE',  ( 0.8000000000000000444, 0.000000000000000000, 0.000000000000000000 ) ) ;
#2935 = CARTESIAN_POINT ( 'NONE',  ( 1.913539036999738241E-16, -1.525046402492570952, 3.788750244264619926 ) ) ;
#2936 = CARTESIAN_POINT ( 'NONE',  ( 0.4959453230275520097, 0.2863341657532920137, 0.4885416666666670960 ) ) ;
#2937 = ORIENTED_EDGE ( 'NONE', *, *, #2189, .T. ) ;
#2938 = CARTESIAN_POINT ( 'NONE',  ( -0.08018441084317678991, -0.7733400616433072639, 0.2043630924222606393 ) ) ;
#2939 = EDGE_CURVE ( 'NONE', #2444, #1876, #2517, .T. ) ;
#2940 = CARTESIAN_POINT ( 'NONE',  ( -0.5109500922155204572, -0.2989252289426621578, 2.369791666666666519 ) ) ;
#2941 = AXIS2_PLACEMENT_3D ( 'NONE', #266, #771, #2858 ) ;
#2942 = CARTESIAN_POINT ( 'NONE',  ( 0.5726683315065858038, 0.1534460169580680877, 1.175005369558484336 ) ) ;
#2943 = EDGE_CURVE ( 'NONE', #3644, #1231, #2781, .T. ) ;
#2944 = CARTESIAN_POINT ( 'NONE',  ( 0.000000000000000000, 0.000000000000000000, 0.000000000000000000 ) ) ;
#2945 = ORIENTED_EDGE ( 'NONE', *, *, #793, .T. ) ;
#2946 = CARTESIAN_POINT ( 'NONE',  ( 0.8000000000000000444, 0.000000000000000000, 0.000000000000000000 ) ) ;
#2947 = CARTESIAN_POINT ( 'NONE',  ( 0.000000000000000000, 0.000000000000000000, 0.000000000000000000 ) ) ;
#2948 = CARTESIAN_POINT ( 'NONE',  ( 0.4618802153517005404, 0.8000000000000000444, 2.048958333333332327 ) ) ;
#2949 = CARTESIAN_POINT ( 'NONE',  ( 0.4959453230275510105, -0.2863341657532930129, 1.786458333333329929 ) ) ;
#2950 = ORIENTED_EDGE ( 'NONE', *, *, #2420, .T. ) ;
#2951 = CARTESIAN_POINT ( 'NONE',  ( -9.797174393178831081E-17, -0.8000000000000005995, 0.8968749999999983125 ) ) ;
#2952 = CARTESIAN_POINT ( 'NONE',  ( -0.4618874416088531998, -0.8000125162445358429, 0.1677011070761809663 ) ) ;
#2953 = CIRCLE ( 'NONE', #3008, 1.159442916372619869 ) ;
#2954 = CARTESIAN_POINT ( 'NONE',  ( 0.3946759194292259743, -0.3946759194292189799, 4.412318255877679896 ) ) ;
#2955 = CARTESIAN_POINT ( 'NONE',  ( -0.4959453230275510105, -0.2863341657532930129, 1.363541666666669983 ) ) ;
#2956 = CARTESIAN_POINT ( 'NONE',  ( -0.4959453230275510105, 0.2863341657532930129, 1.655208333333329840 ) ) ;
#2957 = CARTESIAN_POINT ( 'NONE',  ( 0.1499242186003831578, -0.5726683315065852486, 1.742708333333333304 ) ) ;
#2958 = B_SPLINE_CURVE_WITH_KNOTS ( 'NONE', 3,
 ( #1014, #424, #2718, #2182 ),
 .UNSPECIFIED., .F., .F.,
 ( 4, 4 ),
 ( 0.002525308777030309867, 0.003425349241126480170 ),
 .UNSPECIFIED. ) ;
#2959 = CARTESIAN_POINT ( 'NONE',  ( -0.2989252289426696518, -0.5109500922155161273, 2.398958333333333748 ) ) ;
#2960 = DIRECTION ( 'NONE',  ( 0.000000000000000000, 0.000000000000000000, 1.000000000000000000 ) ) ;
#2961 = CARTESIAN_POINT ( 'NONE',  ( 0.7999998478076604247, -0.2143596175497622103, 0.2687446112203293325 ) ) ;
#2962 = ORIENTED_EDGE ( 'NONE', *, *, #703, .T. ) ;
#2963 = CARTESIAN_POINT ( 'NONE',  ( -0.1499242186003841015, -0.5726683315065849156, 2.063541666666667052 ) ) ;
#2964 = CARTESIAN_POINT ( 'NONE',  ( -0.6248122131836360005, 0.2990559319219869838, 4.409209252490970066 ) ) ;
#2965 = CARTESIAN_POINT ( 'NONE',  ( 0.9237604307034010809, -1.696920381959850373E-16, 3.040624999999989253 ) ) ;
#2966 = CARTESIAN_POINT ( 'NONE',  ( -0.3306302153517012288, -0.5726683315065848046, 2.398958333333327975 ) ) ;
#2967 = VERTEX_POINT ( 'NONE', #2190 ) ;
#2968 = CARTESIAN_POINT ( 'NONE',  ( -0.6928203230275514768, -0.3999999999999998002, 0.8385416666666644092 ) ) ;
#2969 = CONICAL_SURFACE ( 'NONE', #2238, 1.250000000000000000, 0.2617993877991502405 ) ;
#2970 = CARTESIAN_POINT ( 'NONE',  ( -0.9237748832177063996, 5.656489769326419855E-17, 0.8093677737428466301 ) ) ;
#2971 = EDGE_CURVE ( 'NONE', #722, #473, #697, .T. ) ;
#2972 = CARTESIAN_POINT ( 'NONE',  ( 0.8000000000000001554, -1.670438805159968420E-16, 2.384374999999996803 ) ) ;
#2973 = CARTESIAN_POINT ( 'NONE',  ( -0.9237604307034010809, 5.656401273199498780E-17, 0.06562499999999976685 ) ) ;
#2974 = VERTEX_POINT ( 'NONE', #557 ) ;
#2975 = CARTESIAN_POINT ( 'NONE',  ( 0.5726683315065852486, 0.1499242186003832689, 1.130208333333333481 ) ) ;
#2976 = CARTESIAN_POINT ( 'NONE',  ( -0.5726683315065850266, 2.119598400713870011E-18, 1.684374999999999956 ) ) ;
#2977 = CARTESIAN_POINT ( 'NONE',  ( 0.7137815228882521401, 0.4175893270099109711, 1.319791666666608299 ) ) ;
#2978 = ORIENTED_EDGE ( 'NONE', *, *, #1245, .T. ) ;
#2979 = CARTESIAN_POINT ( 'NONE',  ( 0.5673713677751788254, -0.2012619938732227443, 0.02925057617279069530 ) ) ;
#2980 = CARTESIAN_POINT ( 'NONE',  ( 0.5726683315065853597, -2.301499817456139984E-16, 1.115625000000000311 ) ) ;
#2981 = CARTESIAN_POINT ( 'NONE',  ( 0.4618802153517005404, -0.8000000000000000444, 2.632291666666662699 ) ) ;
#2982 = CARTESIAN_POINT ( 'NONE',  ( -7.013164391525951138E-17, -0.5726683315065850266, 1.728125000000000133 ) ) ;
#2983 = CARTESIAN_POINT ( 'NONE',  ( 0.4959453230275510105, -0.2863341657532930129, 0.03645833333333570181 ) ) ;
#2984 = EDGE_LOOP ( 'NONE', ( #1416, #2742, #606, #727 ) ) ;
#2985 = DIRECTION ( 'NONE',  ( 0.000000000000000000, 0.000000000000000000, 1.000000000000000000 ) ) ;
#2986 = CARTESIAN_POINT ( 'NONE',  ( -1.355805339942949862E-15, 0.2999999999999999889, 4.419999999999999929 ) ) ;
#2987 = AXIS2_PLACEMENT_3D ( 'NONE', #2079, #3475, #1175 ) ;
#2988 = CARTESIAN_POINT ( 'NONE',  ( 0.2094395102389235430, -0.8000000000000893063, 1.217708333333304305 ) ) ;
#2989 = CARTESIAN_POINT ( 'NONE',  ( -0.6612604307034024576, 4.049052349318610191E-17, 2.734375000000000000 ) ) ;
#2990 = DIRECTION ( 'NONE',  ( 1.000000000000000000, 0.000000000000000000, 0.000000000000000000 ) ) ;
#2991 = CARTESIAN_POINT ( 'NONE',  ( -0.7999999999999982681, 0.2094395102393830088, 1.801041666666663099 ) ) ;
#2992 = EDGE_CURVE ( 'NONE', #2167, #626, #3600, .T. ) ;
#2993 = CARTESIAN_POINT ( 'NONE',  ( 0.5086088056151139014, 0.6177739075266526214, 0.2893526743770957754 ) ) ;
#2994 = CARTESIAN_POINT ( 'NONE',  ( 0.7999999999999994893, -5.211057976097259850E-16, 1.334374999999997868 ) ) ;
#2995 = CARTESIAN_POINT ( 'NONE',  ( -0.5726683315065850266, -4.998835764369250253E-16, 0.9843750000000000000 ) ) ;
#2996 = ORIENTED_EDGE ( 'NONE', *, *, #2490, .T. ) ;
#2997 = FILL_AREA_STYLE_COLOUR ( '', #534 ) ;
#2998 = EDGE_CURVE ( 'NONE', #2204, #3644, #2510, .T. ) ;
#2999 = FACE_OUTER_BOUND ( 'NONE', #3464, .T. ) ;
#3000 = CARTESIAN_POINT ( 'NONE',  ( 0.5726683315065853597, 3.486133158594716017E-16, 0.8093749999999999556 ) ) ;
#3001 = CARTESIAN_POINT ( 'NONE',  ( 0.000000000000000000, 0.000000000000000000, 0.000000000000000000 ) ) ;
#3002 = CARTESIAN_POINT ( 'NONE',  ( 0.5396719401164673524, 0.3322796987161552584, 0.06099448892561061542 ) ) ;
#3003 = ORIENTED_EDGE ( 'NONE', *, *, #1305, .F. ) ;
#3004 = CARTESIAN_POINT ( 'NONE',  ( 0.4435241527946416351, -0.6660623036987937118, 2.986015071818391320 ) ) ;
#3005 = CARTESIAN_POINT ( 'NONE',  ( -0.4618874416088531998, 0.8000125162445367311, 1.451034440409510795 ) ) ;
#3006 = ORIENTED_EDGE ( 'NONE', *, *, #2213, .T. ) ;
#3007 = EDGE_CURVE ( 'NONE', #473, #1041, #1461, .T. ) ;
#3008 = AXIS2_PLACEMENT_3D ( 'NONE', #2285, #1208, #2002 ) ;
#3009 = CARTESIAN_POINT ( 'NONE',  ( -0.4572242438734330228, 0.3531198023977579759, 0.2046410685812520003 ) ) ;
#3010 = AXIS2_PLACEMENT_3D ( 'NONE', #2986, #2680, #1830 ) ;
#3011 = CARTESIAN_POINT ( 'NONE',  ( 0.9237604307034010809, -1.696920381959850373E-16, 0.2406249999999993117 ) ) ;
#3012 = CARTESIAN_POINT ( 'NONE',  ( -0.5726683315065854707, 0.1534460169580681987, 1.668744630441516330 ) ) ;
#3013 = CARTESIAN_POINT ( 'NONE',  ( -0.5726683315065850266, 2.071230857988570058E-17, 0.5906249999999999556 ) ) ;
#3014 = CARTESIAN_POINT ( 'NONE',  ( 0.5799883871066804364, 0.3508478331061137268, 2.999999999999999112 ) ) ;
#3015 = EDGE_CURVE ( 'NONE', #354, #2204, #67, .T. ) ;
#3016 = EDGE_LOOP ( 'NONE', ( #2846, #1907, #1204, #3105, #1215, #3649 ) ) ;
#3017 = CARTESIAN_POINT ( 'NONE',  ( 0.3419017662381122480, -0.4718861781984394210, 0.008527833406474501915 ) ) ;
#3018 = B_SPLINE_CURVE_WITH_KNOTS ( 'NONE', 3,
 ( #2636, #68, #1217, #2654, #2374, #29, #938, #3225, #2336, #2357 ),
 .UNSPECIFIED., .F., .F.,
 ( 4, 2, 2, 2, 4 ),
 ( 0.5000000000000000000, 0.6250000000000000000, 0.7500000000000000000, 0.8750000000000000000, 1.000000000000000000 ),
 .UNSPECIFIED. ) ;
#3019 = DIRECTION ( 'NONE',  ( 0.000000000000000000, 5.100724083162849976E-17, -1.000000000000000000 ) ) ;
#3020 =( NAMED_UNIT ( * ) SI_UNIT ( $, .STERADIAN. ) SOLID_ANGLE_UNIT ( ) );
#3021 = CARTESIAN_POINT ( 'NONE',  ( 0.000000000000000000, 0.5726683315065850266, 3.653125000000000178 ) ) ;
#3022 = CARTESIAN_POINT ( 'NONE',  ( -0.7137815228885070473, -0.4175893270095314413, 1.494791666666575036 ) ) ;
#3023 = ORIENTED_EDGE ( 'NONE', *, *, #3097, .T. ) ;
#3024 = CARTESIAN_POINT ( 'NONE',  ( 0.5109500922155194580, 0.2989252289426638787, 2.194791666666666696 ) ) ;
#3025 = ADVANCED_FACE ( 'NONE', ( #2105 ), #50, .T. ) ;
#3026 = B_SPLINE_CURVE_WITH_KNOTS ( 'NONE', 3,
 ( #1325, #2484, #3022, #2736, #2430, #3297, #746, #1359, #2449, #201 ),
 .UNSPECIFIED., .F., .F.,
 ( 4, 2, 2, 2, 4 ),
 ( 0.000000000000000000, 0.1250000000000000000, 0.2500000000000000000, 0.3750000000000000000, 0.5000000000000000000 ),
 .UNSPECIFIED. ) ;
#3027 = EDGE_CURVE ( 'NONE', #2918, #563, #1797, .T. ) ;
#3028 = CARTESIAN_POINT ( 'NONE',  ( -0.6928311624132799107, -0.4000062581222680325, 2.588534440409509862 ) ) ;
#3029 = ORIENTED_EDGE ( 'NONE', *, *, #2743, .F. ) ;
#3030 = CARTESIAN_POINT ( 'NONE',  ( -0.8000000000000009326, -0.2094395102392606900, 1.130208333333329485 ) ) ;
#3031 = CARTESIAN_POINT ( 'NONE',  ( 0.4959453230275510105, -0.2863341657532930129, 2.880208333333329929 ) ) ;
#3032 = ORIENTED_EDGE ( 'NONE', *, *, #604, .F. ) ;
#3033 = AXIS2_PLACEMENT_3D ( 'NONE', #51, #980, #3542 ) ;
#3034 = CARTESIAN_POINT ( 'NONE',  ( 0.1499242186003850452, 0.5726683315065849156, 1.188541666666666829 ) ) ;
#3035 =( BOUNDED_CURVE ( )  B_SPLINE_CURVE ( 2, ( #2214, #3383, #1968, #3126, #489, #507, #1690, #1933, #1636 ),
 .UNSPECIFIED., .F., .T. ) 
 B_SPLINE_CURVE_WITH_KNOTS ( ( 3, 2, 2, 2, 3 ),
 ( 0.5000000000000000000, 0.5833333333333328152, 0.7500000000000016653, 0.9166666666666705154, 1.000000000000000000 ),
 .UNSPECIFIED. ) 
 CURVE ( )  GEOMETRIC_REPRESENTATION_ITEM ( )  RATIONAL_B_SPLINE_CURVE ( ( 0.9330127018922194093, 0.9330127018922167448, 1.000000000000000000, 0.8660254037844389297, 1.000000000000000000, 0.8660254037844389297, 1.000000000000000000, 0.9330127018922194093, 0.9330127018922194093 ) ) 
 REPRESENTATION_ITEM ( '' )  );
#3036 = PRODUCT_DEFINITION ( 'General', '', #2379, #224 ) ;
#3037 = CARTESIAN_POINT ( 'NONE',  ( -9.797174393178803964E-17, -0.7999999999999983791, 1.596874999999993605 ) ) ;
#3038 = CARTESIAN_POINT ( 'NONE',  ( -0.1499242186003836852, 0.5726683315065851376, 1.917708333333333126 ) ) ;
#3039 = CARTESIAN_POINT ( 'NONE',  ( -0.2220952075380589752, -0.5278472664504030298, 0.000000000000000000 ) ) ;
#3040 = VERTEX_POINT ( 'NONE', #3467 ) ;
#3041 = CARTESIAN_POINT ( 'NONE',  ( 0.5533074566179225773, -0.2319944684098144416, 0.02730356155634422466 ) ) ;
#3042 = CARTESIAN_POINT ( 'NONE',  ( -0.4789288748584545896, 0.3206338634854443148, 0.5584957142937896357 ) ) ;
#3043 = CARTESIAN_POINT ( 'NONE',  ( 0.4618802153517005404, 0.8000000000000000444, 3.448958333333332682 ) ) ;
#3044 = CARTESIAN_POINT ( 'NONE',  ( 0.5726683315065893565, 0.1534460169580619260, 2.225005369558477941 ) ) ;
#3045 = CARTESIAN_POINT ( 'NONE',  ( 0.000000000000000000, 0.000000000000000000, 0.000000000000000000 ) ) ;
#3046 = EDGE_LOOP ( 'NONE', ( #1947, #664, #553, #206 ) ) ;
#3047 = CARTESIAN_POINT ( 'NONE',  ( -0.5726683315065850266, 2.038021363020030207E-15, 2.340624999999999734 ) ) ;
#3048 = CARTESIAN_POINT ( 'NONE',  ( -0.6928311624132790225, 0.4000062581222680325, 1.830201107076180111 ) ) ;
#3049 = VERTEX_POINT ( 'NONE', #2037 ) ;
#3050 = EDGE_CURVE ( 'NONE', #79, #2315, #1932, .T. ) ;
#3051 = CARTESIAN_POINT ( 'NONE',  ( -0.2989252289426651554, -0.5109500922155184588, 1.348958333333333259 ) ) ;
#3052 = CARTESIAN_POINT ( 'NONE',  ( 0.6928203230275510327, 0.4000000000000000222, 0.2697916666666659857 ) ) ;
#3053 = LINE ( 'NONE', #2192, #386 ) ;
#3054 =( BOUNDED_CURVE ( )  B_SPLINE_CURVE ( 2, ( #3221, #1821, #2195, #1061, #1840, #989, #417, #3325, #2995 ),
 .UNSPECIFIED., .F., .T. ) 
 B_SPLINE_CURVE_WITH_KNOTS ( ( 3, 2, 2, 2, 3 ),
 ( 0.5000000000000000000, 0.5833333333333292625, 0.7499999999999983347, 0.9166666666666674068, 1.000000000000000000 ),
 .UNSPECIFIED. ) 
 CURVE ( )  GEOMETRIC_REPRESENTATION_ITEM ( )  RATIONAL_B_SPLINE_CURVE ( ( 0.9330127018922194093, 0.9330127018922196314, 1.000000000000000000, 0.8660254037844389297, 1.000000000000000000, 0.8660254037844389297, 1.000000000000000000, 0.9330127018922169668, 0.9330127018922194093 ) ) 
 REPRESENTATION_ITEM ( '' )  );
#3055 = CARTESIAN_POINT ( 'NONE',  ( 9.282569373169191444E-17, -8.517672144715439952E-16, 4.082036362917359718 ) ) ;
#3056 = CARTESIAN_POINT ( 'NONE',  ( 0.7000990486185553197, 0.1301255580761119246, 3.000000000000000000 ) ) ;
#3057 = CARTESIAN_POINT ( 'NONE',  ( 0.2990559319219890377, 0.6248122131836350013, 4.409209252490970066 ) ) ;
#3058 = ORIENTED_EDGE ( 'NONE', *, *, #2790, .T. ) ;
#3059 = CARTESIAN_POINT ( 'NONE',  ( 0.7999999999999994893, -5.211057976097259850E-16, 1.334374999999997868 ) ) ;
#3060 = CARTESIAN_POINT ( 'NONE',  ( 0.5726692198312645088, -0.1534444783345905450, 0.09374478716929897371 ) ) ;
#3061 = CARTESIAN_POINT ( 'NONE',  ( 0.5726683315065853597, 6.031663774324813546E-16, 1.509374999999999023 ) ) ;
#3062 = EDGE_CURVE ( 'NONE', #1904, #44, #1843, .T. ) ;
#3063 = LINE ( 'NONE', #2715, #299 ) ;
#3064 = CARTESIAN_POINT ( 'NONE',  ( -0.1858527066731049115, 0.6669014813310824019, 0.1062505778468464668 ) ) ;
#3065 = ORIENTED_EDGE ( 'NONE', *, *, #37, .T. ) ;
#3066 = LINE ( 'NONE', #481, #2477 ) ;
#3067 = CARTESIAN_POINT ( 'NONE',  ( 0.000000000000000000, 0.8000125162445370641, 2.471867773742839614 ) ) ;
#3068 = VERTEX_POINT ( 'NONE', #220 ) ;
#3069 = CARTESIAN_POINT ( 'NONE',  ( 1.159442916372621202, 0.000000000000000000, 4.082036362917359718 ) ) ;
#3070 = CARTESIAN_POINT ( 'NONE',  ( -0.6507807100353816265, -0.09694484283021514992, 3.000000000000000000 ) ) ;
#3071 = CARTESIAN_POINT ( 'NONE',  ( -0.4618802153517005959, 0.7999999999999998224, 0.4010416666666657415 ) ) ;
#3072 = CARTESIAN_POINT ( 'NONE',  ( 0.6143556356901060944, -0.4325780779777152474, 0.1786989155554780662 ) ) ;
#3073 = EDGE_LOOP ( 'NONE', ( #1300, #959, #1177, #1872 ) ) ;
#3074 = CARTESIAN_POINT ( 'NONE',  ( -1.600000000000000089, 0.000000000000000000, 0.000000000000000000 ) ) ;
#3075 = DIRECTION ( 'NONE',  ( 1.000000000000000000, 0.000000000000000000, 0.000000000000000000 ) ) ;
#3076 = DIRECTION ( 'NONE',  ( 0.000000000000000000, 0.000000000000000000, 1.000000000000000000 ) ) ;
#3077 = CARTESIAN_POINT ( 'NONE',  ( 0.6050547367823660982, 0.1535254030419951343, 0.05073062674295868157 ) ) ;
#3078 = ORIENTED_EDGE ( 'NONE', *, *, #159, .T. ) ;
#3079 = CARTESIAN_POINT ( 'NONE',  ( -0.3033655145612569881, -0.7413310097637688667, 2.931805267012339566 ) ) ;
#3080 = CARTESIAN_POINT ( 'NONE',  ( 0.5688207003685631369, -0.06732146825163080883, 2.858777003919871884 ) ) ;
#3081 = CARTESIAN_POINT ( 'NONE',  ( -9.797327672966920967E-17, -0.8000125162445370641, 1.946867773742840146 ) ) ;
#3082 = ORIENTED_EDGE ( 'NONE', *, *, #554, .F. ) ;
#3083 = DIRECTION ( 'NONE',  ( 0.08714264840443985971, -0.01733375049385909444, 0.9960450290638855897 ) ) ;
#3084 = CARTESIAN_POINT ( 'NONE',  ( 0.000000000000000000, 0.000000000000000000, 0.000000000000000000 ) ) ;
#3085 = CARTESIAN_POINT ( 'NONE',  ( -0.4559549497648193728, -0.3491884742273087538, 0.2770531384369734895 ) ) ;
#3086 = EDGE_CURVE ( 'NONE', #2292, #1658, #1607, .T. ) ;
#3087 = CONICAL_SURFACE ( 'NONE', #3616, 3.747668331506590178, 0.7853981633974433940 ) ;
#3088 = CARTESIAN_POINT ( 'NONE',  ( -0.4618802153516995967, 0.7999999999999980460, 1.801041666666661989 ) ) ;
#3089 = VECTOR ( 'NONE', #2264, 1000.000000000000114 ) ;
#3090 = CARTESIAN_POINT ( 'NONE',  ( -0.8000000000000041522, 0.2143593539448907792, 1.143744630441519083 ) ) ;
#3091 = ORIENTED_EDGE ( 'NONE', *, *, #3496, .F. ) ;
#3092 = CYLINDRICAL_SURFACE ( 'NONE', #519, 0.5726683315065850266 ) ;
#3093 = CARTESIAN_POINT ( 'NONE',  ( 0.5384304806514442765, 0.1951035427802604028, 2.885498929096887100 ) ) ;
#3094 = CARTESIAN_POINT ( 'NONE',  ( -0.5726683315065850266, 2.047317718109609937E-15, 2.034375000000000266 ) ) ;
#3095 = ORIENTED_EDGE ( 'NONE', *, *, #1775, .T. ) ;
#3096 = CARTESIAN_POINT ( 'NONE',  ( -0.7999999999999970468, 0.2143593539448988006, 2.193744630441514687 ) ) ;
#3097 = EDGE_CURVE ( 'NONE', #3150, #2424, #3026, .T. ) ;
#3098 = CARTESIAN_POINT ( 'NONE',  ( 0.000000000000000000, 0.5726683315065850266, 0.1531249999999999833 ) ) ;
#3099 = CARTESIAN_POINT ( 'NONE',  ( -0.4959453230275510105, 0.2863341657532930129, 0.5614583333333350579 ) ) ;
#3100 = ORIENTED_EDGE ( 'NONE', *, *, #2857, .T. ) ;
#3101 = CARTESIAN_POINT ( 'NONE',  ( 0.5726683315065853597, 5.327974987891251901E-16, 1.465625000000000400 ) ) ;
#3102 = CARTESIAN_POINT ( 'NONE',  ( 0.1944011831242170030, -0.9059627718705370869, 3.213000000000000078 ) ) ;
#3103 = CARTESIAN_POINT ( 'NONE',  ( -0.5726683315065850266, 4.855300630591810072E-16, 0.9406249999999999334 ) ) ;
#3104 = CARTESIAN_POINT ( 'NONE',  ( -0.8000000000000000444, 3.017535308331670097E-16, 1.115625000000000089 ) ) ;
#3105 = ORIENTED_EDGE ( 'NONE', *, *, #2158, .F. ) ;
#3106 = LINE ( 'NONE', #3074, #155 ) ;
#3107 = AXIS2_PLACEMENT_3D ( 'NONE', #41, #3513, #2368 ) ;
#3108 = CARTESIAN_POINT ( 'NONE',  ( -0.7999999999999962697, -0.2143593539449052954, 1.175005369558481672 ) ) ;
#3109 = CARTESIAN_POINT ( 'NONE',  ( -0.6251389982024619929, -0.3006987911525840218, 4.427987219422709231 ) ) ;
#3110 = CARTESIAN_POINT ( 'NONE',  ( 0.7966570982054678174, -0.07521236579070712802, 0.2351460850810211112 ) ) ;
#3111 = VERTEX_POINT ( 'NONE', #3576 ) ;
#3112 = CARTESIAN_POINT ( 'NONE',  ( -0.5109500922155179037, 0.2989252289426665432, 2.661458333333333037 ) ) ;
#3113 = CARTESIAN_POINT ( 'NONE',  ( 0.000000000000000000, 0.000000000000000000, 0.000000000000000000 ) ) ;
#3114 = CARTESIAN_POINT ( 'NONE',  ( 0.4618802153517005404, 0.8000000000000000444, 0.9989583333333310611 ) ) ;
#3115 = CARTESIAN_POINT ( 'NONE',  ( -0.3306302153517012288, 0.5726683315065848046, 1.582291666666670649 ) ) ;
#3116 = ORIENTED_EDGE ( 'NONE', *, *, #3519, .F. ) ;
#3117 = ADVANCED_FACE ( 'NONE', ( #479 ), #2754, .T. ) ;
#3118 = CIRCLE ( 'NONE', #476, 1.600000000000000089 ) ;
#3119 = CARTESIAN_POINT ( 'NONE',  ( 0.5726683315066217750, 0.000000000000000000, -1.079092098222560088E-17 ) ) ;
#3120 = CARTESIAN_POINT ( 'NONE',  ( -0.8000000000000000444, 1.677063986631030025E-15, 1.815625000000000044 ) ) ;
#3121 = CARTESIAN_POINT ( 'NONE',  ( -0.2480717412554007406, -0.7222127992331021096, 3.000000000000000888 ) ) ;
#3122 = AXIS2_PLACEMENT_3D ( 'NONE', #2861, #3697, #286 ) ;
#3123 = DIRECTION ( 'NONE',  ( -1.000000000000000000, 0.000000000000000000, 0.000000000000000000 ) ) ;
#3124 = EDGE_CURVE ( 'NONE', #354, #1646, #2958, .T. ) ;
#3125 = ORIENTED_EDGE ( 'NONE', *, *, #2536, .F. ) ;
#3126 = CARTESIAN_POINT ( 'NONE',  ( 0.3306302153517012288, 0.5726683315065848046, 0.5177083333333341031 ) ) ;
#3127 = CONICAL_SURFACE ( 'NONE', #3480, 1.250000000000000000, 0.2617993877991502405 ) ;
#3128 = CARTESIAN_POINT ( 'NONE',  ( -0.4959453230275510105, 0.2863341657532930129, 2.705208333333330106 ) ) ;
#3129 = CARTESIAN_POINT ( 'NONE',  ( 0.4575296912145074835, 0.4499294672572199949, 0.06871291922347522174 ) ) ;
#3130 = ORIENTED_EDGE ( 'NONE', *, *, #2296, .T. ) ;
#3131 = CARTESIAN_POINT ( 'NONE',  ( 0.1975951480571850050, -0.4770368862987740544, 4.419999999999999929 ) ) ;
#3132 = CARTESIAN_POINT ( 'NONE',  ( 0.5460810327114700158, -0.1729290834271980659, 2.847978315253529402 ) ) ;
#3133 = CARTESIAN_POINT ( 'NONE',  ( -0.6928203230275510327, -0.4000000000000000222, 0.7947916666666650087 ) ) ;
#3134 = CARTESIAN_POINT ( 'NONE',  ( 0.6612604307034024576, -1.214715704795581023E-16, 0.7656250000000011102 ) ) ;
#3135 = VERTEX_POINT ( 'NONE', #726 ) ;
#3136 = ADVANCED_FACE ( 'NONE', ( #780 ), #1868, .T. ) ;
#3137 = DIRECTION ( 'NONE',  ( 0.000000000000000000, 0.000000000000000000, 1.000000000000000000 ) ) ;
#3138 = CARTESIAN_POINT ( 'NONE',  ( -0.4618802153517008735, -0.7999999999999992673, 0.5177083333333326598 ) ) ;
#3139 = DIRECTION ( 'NONE',  ( 1.000000000000000000, 0.000000000000000000, 0.000000000000000000 ) ) ;
#3140 = EDGE_CURVE ( 'NONE', #2339, #2279, #2462, .T. ) ;
#3141 = LINE ( 'NONE', #1963, #3591 ) ;
#3142 = CARTESIAN_POINT ( 'NONE',  ( -0.6612604307034024576, 4.049052349318610191E-17, -0.06562499999999825417 ) ) ;
#3143 = ORIENTED_EDGE ( 'NONE', *, *, #1515, .F. ) ;
#3144 = DIRECTION ( 'NONE',  ( 0.000000000000000000, 0.000000000000000000, 1.000000000000000000 ) ) ;
#3145 =( BOUNDED_CURVE ( )  B_SPLINE_CURVE ( 2, ( #2597, #1334, #2476, #316, #3155, #485, #1734, #3620, #2493 ),
 .UNSPECIFIED., .F., .F. ) 
 B_SPLINE_CURVE_WITH_KNOTS ( ( 3, 2, 2, 2, 3 ),
 ( 0.000000000000000000, 0.1096405774992521426, 0.3289217324977753987, 0.5482028874963000842, 0.6578405054279147235 ),
 .UNSPECIFIED. ) 
 CURVE ( )  GEOMETRIC_REPRESENTATION_ITEM ( )  RATIONAL_B_SPLINE_CURVE ( ( 0.9330127018922194093, 0.9330127018922211857, 1.000000000000000000, 0.8660254037844389297, 1.000000000000000000, 0.8660254037844389297, 1.000000000000000000, 0.9330145101045106415, 0.9330127019410291433 ) ) 
 REPRESENTATION_ITEM ( '' )  );
#3146 = CIRCLE ( 'NONE', #208, 2.133001533022941487 ) ;
#3147 = CARTESIAN_POINT ( 'NONE',  ( 0.7137815228878500173, 0.4175893270106263433, 2.719791666666666163 ) ) ;
#3148 = CARTESIAN_POINT ( 'NONE',  ( 0.2482074220771501583, 0.5174776301205230578, 2.928410431191980745 ) ) ;
#3149 = CARTESIAN_POINT ( 'NONE',  ( 0.7997648141974298408, -0.02001747867154381882, 0.2391660302023031481 ) ) ;
#3150 = VERTEX_POINT ( 'NONE', #1570 ) ;
#3151 = DIRECTION ( 'NONE',  ( 0.000000000000000000, 0.000000000000000000, 1.000000000000000000 ) ) ;
#3152 = DIRECTION ( 'NONE',  ( 0.3826834323650800118, -0.9238795325112908463, -1.687552098263382824E-14 ) ) ;
#3153 = CARTESIAN_POINT ( 'NONE',  ( -0.6928311624132799107, -0.4000062581222680325, 3.288534440409510040 ) ) ;
#3154 = ORIENTED_EDGE ( 'NONE', *, *, #2472, .T. ) ;
#3155 = CARTESIAN_POINT ( 'NONE',  ( -7.013164391525951138E-17, -0.5726683315065850266, 2.821875000000000355 ) ) ;
#3156 = CARTESIAN_POINT ( 'NONE',  ( -0.5650693082132740575, 0.5663021221474604516, 0.3722876520443021420 ) ) ;
#3157 = CARTESIAN_POINT ( 'NONE',  ( -0.6034954045199287798, 0.3671632464316064715, 0.1332141670904744279 ) ) ;
#3158 = CARTESIAN_POINT ( 'NONE',  ( -0.1850703315174739294, -0.5420194617238001111, 2.760228921807297731 ) ) ;
#3159 = B_SPLINE_CURVE_WITH_KNOTS ( 'NONE', 3,
 ( #416, #3272, #1839, #1008, #2766, #1284, #178, #2176, #1563, #1319, #2135, #3056, #2709, #2461, #138, #471, #2422, #3570, #1581, #3014, #1060, #3291, #720, #437, #3254, #2729, #158, #1302, #2442, #3605, #3324 ),
 .UNSPECIFIED., .F., .F.,
 ( 4, 1, 2, 2, 2, 2, 1, 1, 1, 2, 2, 1, 1, 1, 2, 2, 2, 2, 4 ),
 ( 0.000000000000000000, 0.1250000000000013045, 0.1875000000000018874, 0.2500000000000024980, 0.3750000000000036082, 0.5000000000000047740, 0.5625000000000053291, 0.5937500000000055511, 0.6093750000000055511, 0.6171875000000055511, 0.6250000000000055511, 0.6875000000000052180, 0.7187500000000051070, 0.7343750000000048850, 0.7421875000000047740, 0.7500000000000045519, 0.8750000000000023315, 0.9375000000000012212, 1.000000000000000000 ),
 .UNSPECIFIED. ) ;
#3160 = CARTESIAN_POINT ( 'NONE',  ( -0.6928203230275495894, -0.3999999999999987454, 2.238541666666663765 ) ) ;
#3161 = CARTESIAN_POINT ( 'NONE',  ( -0.4175893270106308952, -0.7137815228878472418, 2.223958333333333481 ) ) ;
#3162 = ORIENTED_EDGE ( 'NONE', *, *, #2227, .T. ) ;
#3163 = CARTESIAN_POINT ( 'NONE',  ( -0.7078377256506128701, -0.2039854464113293742, 0.1628384692798190425 ) ) ;
#3164 = CARTESIAN_POINT ( 'NONE',  ( 0.5726683315065850266, 0.000000000000000000, 0.000000000000000000 ) ) ;
#3165 = CARTESIAN_POINT ( 'NONE',  ( 0.1117920889670709766, 0.5617338566109312259, 2.942707523154758142 ) ) ;
#3166 = CARTESIAN_POINT ( 'NONE',  ( 0.000000000000000000, 0.000000000000000000, 0.000000000000000000 ) ) ;
#3167 = ORIENTED_EDGE ( 'NONE', *, *, #1560, .F. ) ;
#3168 = CARTESIAN_POINT ( 'NONE',  ( 0.5726683315065852486, 6.031663774324814532E-16, 1.509374999999999023 ) ) ;
#3169 = CARTESIAN_POINT ( 'NONE',  ( -0.2094395102393128982, 0.8000000000000018208, 2.092708333333333393 ) ) ;
#3170 = CARTESIAN_POINT ( 'NONE',  ( -7.013164391525951138E-17, -0.5726683315065850266, 1.378125000000000044 ) ) ;
#3171 = ORIENTED_EDGE ( 'NONE', *, *, #3672, .F. ) ;
#3172 = EDGE_CURVE ( 'NONE', #2144, #2315, #1252, .T. ) ;
#3173 = CARTESIAN_POINT ( 'NONE',  ( -0.7999999999999994893, 0.2143593539448979124, 0.4437446304415175180 ) ) ;
#3174 = CARTESIAN_POINT ( 'NONE',  ( -0.5852290101235205766, 0.5460681535681985999, 0.3743347506972508620 ) ) ;
#3175 = CARTESIAN_POINT ( 'NONE',  ( -4.499686510280750387E-17, -4.509040089515960257E-16, 3.213000000000000078 ) ) ;
#3176 = DIRECTION ( 'NONE',  ( 0.000000000000000000, 1.000000000000000000, 0.000000000000000000 ) ) ;
#3177 = EDGE_CURVE ( 'NONE', #2798, #3150, #2883, .T. ) ;
#3178 = DIRECTION ( 'NONE',  ( 0.06666269134683319719, -0.06666269134683198982, 0.9955461672694008168 ) ) ;
#3179 = AXIS2_PLACEMENT_3D ( 'NONE', #1912, #233, #1371 ) ;
#3180 = CARTESIAN_POINT ( 'NONE',  ( -0.3306302153517012288, 0.5726683315065848046, 1.276041666666671182 ) ) ;
#3181 = ORIENTED_EDGE ( 'NONE', *, *, #613, .F. ) ;
#3182 = CARTESIAN_POINT ( 'NONE',  ( -0.5489365953476883497, -0.5134691008875149620, 0.1787772668819504196 ) ) ;
#3183 = MECHANICAL_DESIGN_GEOMETRIC_PRESENTATION_REPRESENTATION (  '', ( #419 ), #847 ) ;
#3184 = CARTESIAN_POINT ( 'NONE',  ( 0.5726683315065850266, 0.000000000000000000, 0.000000000000000000 ) ) ;
#3185 = CYLINDRICAL_SURFACE ( 'NONE', #3248, 0.8000000000000000444 ) ;
#3186 = ORIENTED_EDGE ( 'NONE', *, *, #1355, .F. ) ;
#3187 = CIRCLE ( 'NONE', #639, 2.154970731095211089 ) ;
#3188 = CARTESIAN_POINT ( 'NONE',  ( -0.7999999999999982681, 0.2094395102393269426, 2.151041666666666519 ) ) ;
#3189 = CARTESIAN_POINT ( 'NONE',  ( 0.000000000000000000, 0.8000000000000000444, 2.778125000000000178 ) ) ;
#3190 = AXIS2_PLACEMENT_3D ( 'NONE', #246, #1456, #1387 ) ;
#3191 = CARTESIAN_POINT ( 'NONE',  ( 0.000000000000000000, 0.5726683315065850266, 1.903125000000000178 ) ) ;
#3192 = ORIENTED_EDGE ( 'NONE', *, *, #2058, .T. ) ;
#3193 = CARTESIAN_POINT ( 'NONE',  ( -0.2450864965515500427, 1.053716265586979839, 3.792335783456319831 ) ) ;
#3194 = PRODUCT_RELATED_PRODUCT_CATEGORY ( 'part', '', ( #903 ) ) ;
#3195 = CARTESIAN_POINT ( 'NONE',  ( -0.9237748832177063996, 5.656489769326419855E-17, 0.4593677737428472074 ) ) ;
#3196 = CARTESIAN_POINT ( 'NONE',  ( -0.7040492032909071440, 0.1416307065343046234, 0.1452636038470142832 ) ) ;
#3197 = SPHERICAL_SURFACE ( 'NONE', #1997, 2.157816901408450505 ) ;
#3198 = FACE_BOUND ( 'NONE', #2149, .T. ) ;
#3199 = CARTESIAN_POINT ( 'NONE',  ( 0.6612604307034024576, -1.214715704795581023E-16, 0.8093749999999997335 ) ) ;
#3200 = ORIENTED_EDGE ( 'NONE', *, *, #1781, .T. ) ;
#3201 = CARTESIAN_POINT ( 'NONE',  ( -0.1499242186003854616, -0.5726683315065846935, 1.713541666666666741 ) ) ;
#3202 = EDGE_CURVE ( 'NONE', #856, #3444, #1692, .T. ) ;
#3203 = DIRECTION ( 'NONE',  ( 0.000000000000000000, 0.000000000000000000, 1.000000000000000000 ) ) ;
#3204 = LINE ( 'NONE', #645, #1151 ) ;
#3205 = VERTEX_POINT ( 'NONE', #1989 ) ;
#3206 = DIRECTION ( 'NONE',  ( 1.000000000000000000, 0.000000000000000000, 0.000000000000000000 ) ) ;
#3207 = CARTESIAN_POINT ( 'NONE',  ( -0.5109500922155182367, 0.2989252289426657105, 1.611458333333332993 ) ) ;
#3208 = CARTESIAN_POINT ( 'NONE',  ( -9.797174393178831081E-17, -0.8000000000000000444, 1.553125000000000089 ) ) ;
#3209 = CARTESIAN_POINT ( 'NONE',  ( -7.013164391525951138E-17, -0.5726683315065850266, 3.478124999999999911 ) ) ;
#3210 = AXIS2_PLACEMENT_3D ( 'NONE', #409, #1810, #2107 ) ;
#3211 = ORIENTED_EDGE ( 'NONE', *, *, #1973, .T. ) ;
#3212 = CARTESIAN_POINT ( 'NONE',  ( -0.4618802153517008180, -0.7999999999999993783, 0.8677083333333320825 ) ) ;
#3213 = CARTESIAN_POINT ( 'NONE',  ( -9.797327672966920967E-17, -0.8000125162445370641, 0.8968677737428459862 ) ) ;
#3214 = CARTESIAN_POINT ( 'NONE',  ( 0.008379179711483131579, -0.5726842366451715405, 2.778898239820602356 ) ) ;
#3215 = CARTESIAN_POINT ( 'NONE',  ( -0.01742269549834438852, 0.5726683315065849156, 2.998411949523788422 ) ) ;
#3216 = CARTESIAN_POINT ( 'NONE',  ( 0.4959453230275510105, -0.2863341657532930129, 0.4302083333333339699 ) ) ;
#3217 = ORIENTED_EDGE ( 'NONE', *, *, #3646, .F. ) ;
#3218 = CARTESIAN_POINT ( 'NONE',  ( -0.4952349711530724674, -0.5715650250525049492, 0.1825367926637520011 ) ) ;
#3219 = CARTESIAN_POINT ( 'NONE',  ( 0.8000000000000009326, 0.2094395102393168395, 2.355208333333333126 ) ) ;
#3220 = CARTESIAN_POINT ( 'NONE',  ( -0.5726683315065850266, -4.998835764369250253E-16, 1.334375000000000089 ) ) ;
#3221 = CARTESIAN_POINT ( 'NONE',  ( 0.5726683315065852486, 3.486133158594716017E-16, 0.8093749999999999556 ) ) ;
#3222 = EDGE_LOOP ( 'NONE', ( #1469, #3511, #3162, #1015 ) ) ;
#3223 = CARTESIAN_POINT ( 'NONE',  ( 0.2704320130712899450, -1.127463703465820144, 4.082036362917359718 ) ) ;
#3224 = CIRCLE ( 'NONE', #3692, 2.133001533022940155 ) ;
#3225 = CARTESIAN_POINT ( 'NONE',  ( -0.7137815228878504614, 0.4175893270106255106, 1.086458333333333526 ) ) ;
#3226 = CARTESIAN_POINT ( 'NONE',  ( -0.6928203230275510327, 0.4000000000000000222, 1.786458333333329929 ) ) ;
#3227 = CARTESIAN_POINT ( 'NONE',  ( -0.3306302153517012288, 0.5726683315065848046, 1.932291666666659191 ) ) ;
#3228 = EDGE_CURVE ( 'NONE', #1321, #563, #2138, .T. ) ;
#3229 = ORIENTED_EDGE ( 'NONE', *, *, #2971, .F. ) ;
#3230 = CARTESIAN_POINT ( 'NONE',  ( 0.000000000000000000, -7.589415207398530052E-16, 4.082036362917359718 ) ) ;
#3231 = CARTESIAN_POINT ( 'NONE',  ( -9.797327672966920967E-17, -0.8000125162445370641, 0.1968677737428469743 ) ) ;
#3232 = DIRECTION ( 'NONE',  ( 0.000000000000000000, 0.000000000000000000, 1.000000000000000000 ) ) ;
#3233 = CARTESIAN_POINT ( 'NONE',  ( -7.013164391525951138E-17, -0.5726683315065850266, 1.071874999999999911 ) ) ;
#3234 = ORIENTED_EDGE ( 'NONE', *, *, #2906, .F. ) ;
#3235 = CARTESIAN_POINT ( 'NONE',  ( -0.6344964320995097884, -0.3917883101560486470, 0.1719355932835327783 ) ) ;
#3236 = DIRECTION ( 'NONE',  ( 1.000000000000000000, 0.000000000000000000, 0.000000000000000000 ) ) ;
#3237 = VECTOR ( 'NONE', #1462, 1000.000000000000000 ) ;
#3238 = CARTESIAN_POINT ( 'NONE',  ( -0.02364809512279990311, 0.5722101253303188972, 2.955322311024146664 ) ) ;
#3239 = CARTESIAN_POINT ( 'NONE',  ( -0.2094395102382484164, 0.8000000000002658318, 1.392708333333253501 ) ) ;
#3240 = ORIENTED_EDGE ( 'NONE', *, *, #287, .T. ) ;
#3241 = CARTESIAN_POINT ( 'NONE',  ( 0.8000000000000008216, -4.079866730341832724E-15, 2.734374999999997335 ) ) ;
#3242 = CYLINDRICAL_SURFACE ( 'NONE', #943, 0.5726683315065850266 ) ;
#3243 = CARTESIAN_POINT ( 'NONE',  ( -0.6928203230275510327, 0.4000000000000000222, 2.836458333333330195 ) ) ;
#3244 = CARTESIAN_POINT ( 'NONE',  ( -0.3306302153517012288, 0.5726683315065848046, 2.282291666666660834 ) ) ;
#3245 = ORIENTED_EDGE ( 'NONE', *, *, #271, .T. ) ;
#3246 = CARTESIAN_POINT ( 'NONE',  ( -0.8000000000000000444, -2.918471586026470130E-16, 0.8093749999999999556 ) ) ;
#3247 = CARTESIAN_POINT ( 'NONE',  ( 0.5726683315065850266, 0.000000000000000000, 0.000000000000000000 ) ) ;
#3248 = AXIS2_PLACEMENT_3D ( 'NONE', #2944, #1784, #2903 ) ;
#3249 = CARTESIAN_POINT ( 'NONE',  ( -0.5726683315065850266, -4.998835764369250253E-16, 0.2843749999999999889 ) ) ;
#3250 = CARTESIAN_POINT ( 'NONE',  ( -0.6612604307034024576, 4.049052349318610191E-17, 1.684374999999999734 ) ) ;
#3251 = VERTEX_POINT ( 'NONE', #1449 ) ;
#3252 = CARTESIAN_POINT ( 'NONE',  ( -0.5109500922155175706, -0.2989252289426670428, 0.6197916666666667407 ) ) ;
#3253 = CARTESIAN_POINT ( 'NONE',  ( 0.5498469168714998911, 0.5816801382324923164, 0.2854111171365067423 ) ) ;
#3254 = CARTESIAN_POINT ( 'NONE',  ( 0.4643010545072667750, 0.4729783854379539521, 2.999999999999999112 ) ) ;
#3255 = CARTESIAN_POINT ( 'NONE',  ( -7.013164391525951138E-17, -0.5726683315065850266, 2.471875000000000266 ) ) ;
#3256 = ORIENTED_EDGE ( 'NONE', *, *, #3401, .F. ) ;
#3257 = CARTESIAN_POINT ( 'NONE',  ( -0.4618802153517020392, -0.8000000000000013767, 2.617708333333329307 ) ) ;
#3258 = CARTESIAN_POINT ( 'NONE',  ( 0.5726683314969673866, 3.319008835888033870E-06, 0.1093753009988401859 ) ) ;
#3259 = CARTESIAN_POINT ( 'NONE',  ( -9.797174393178831081E-17, -0.8000000000000000444, 1.903125000000000178 ) ) ;
#3260 = CARTESIAN_POINT ( 'NONE',  ( 0.4959453230275510105, -0.2863341657532930129, 3.536458333333330373 ) ) ;
#3261 = CARTESIAN_POINT ( 'NONE',  ( 0.000000000000000000, 0.8000000000000000444, -0.3281250000000000000 ) ) ;
#3262 = ORIENTED_EDGE ( 'NONE', *, *, #2836, .T. ) ;
#3263 = FACE_OUTER_BOUND ( 'NONE', #651, .T. ) ;
#3264 = FACE_OUTER_BOUND ( 'NONE', #245, .T. ) ;
#3265 = VECTOR ( 'NONE', #3647, 1000.000000000000000 ) ;
#3266 = CARTESIAN_POINT ( 'NONE',  ( 2.416068787736940071E-17, -4.509040089515960257E-16, 4.419999999999999929 ) ) ;
#3267 = CARTESIAN_POINT ( 'NONE',  ( -0.3306302153517012288, 0.5726683315065848046, 2.326041666666661900 ) ) ;
#3268 = VERTEX_POINT ( 'NONE', #1099 ) ;
#3269 = CARTESIAN_POINT ( 'NONE',  ( -0.7137815228877981699, 0.4175893270107431943, 1.786458333333325044 ) ) ;
#3270 = CONICAL_SURFACE ( 'NONE', #2243, 1.250000000000000000, 0.2617993877991502405 ) ;
#3271 = CARTESIAN_POINT ( 'NONE',  ( 0.6928203230275483682, -0.3999999999999996891, 1.655208333333333615 ) ) ;
#3272 = CARTESIAN_POINT ( 'NONE',  ( 0.6227874352743305586, -0.4946995503434850061, 3.000000000000000000 ) ) ;
#3273 = CARTESIAN_POINT ( 'NONE',  ( -0.4618802153517008180, 0.8000000000000004885, 1.101041666666662922 ) ) ;
#3274 = ORIENTED_EDGE ( 'NONE', *, *, #1032, .F. ) ;
#3275 = CARTESIAN_POINT ( 'NONE',  ( 0.000000000000000000, -8.120284726157790267E-16, 3.788750244264619926 ) ) ;
#3276 = FACE_OUTER_BOUND ( 'NONE', #2904, .T. ) ;
#3277 = CARTESIAN_POINT ( 'NONE',  ( -0.3143684607229280115, -0.3143684607229320083, 3.213000000000000078 ) ) ;
#3278 = CARTESIAN_POINT ( 'NONE',  ( -0.3993760737017801321, 0.5649180226144703276, 0.1189414582880885529 ) ) ;
#3279 = ORIENTED_EDGE ( 'NONE', *, *, #1020, .F. ) ;
#3280 = EDGE_CURVE ( 'NONE', #2424, #632, #7, .T. ) ;
#3281 = CARTESIAN_POINT ( 'NONE',  ( 0.4972138143229435370, -0.6270670910580441459, 2.990822425579092503 ) ) ;
#3282 = CARTESIAN_POINT ( 'NONE',  ( -0.9237748832177063996, 5.656489769326419855E-17, 1.509367773742839258 ) ) ;
#3283 = EDGE_CURVE ( 'NONE', #127, #1862, #87, .T. ) ;
#3284 = EDGE_LOOP ( 'NONE', ( #2923, #3240, #834, #1971, #480 ) ) ;
#3285 = AXIS2_PLACEMENT_3D ( 'NONE', #2770, #199, #1586 ) ;
#3286 = CARTESIAN_POINT ( 'NONE',  ( 0.5726683315065838054, -3.065927711112500097E-08, 0.4156246945102467505 ) ) ;
#3287 = CARTESIAN_POINT ( 'NONE',  ( 0.3306302153517012288, 0.5726683315065848046, 2.267708333333330550 ) ) ;
#3288 = CARTESIAN_POINT ( 'NONE',  ( -0.7137815228878494622, -0.4175893270106272315, 2.544791666666666785 ) ) ;
#3289 = CARTESIAN_POINT ( 'NONE',  ( -0.2094395102393181440, -0.8000000000000003775, 0.8385416666666668517 ) ) ;
#3290 = CARTESIAN_POINT ( 'NONE',  ( -0.4664525856458116571, 0.6504673470491042497, 0.3626666885091918702 ) ) ;
#3291 = CARTESIAN_POINT ( 'NONE',  ( 0.5502903761134153582, 0.3846618582683895560, 3.000000000000000444 ) ) ;
#3292 = CARTESIAN_POINT ( 'NONE',  ( 0.5926495805985461107, -0.4538672109261716048, 0.1737030325149935550 ) ) ;
#3293 = ORIENTED_EDGE ( 'NONE', *, *, #1294, .F. ) ;
#3294 = CIRCLE ( 'NONE', #56, 1.600000000000000089 ) ;
#3295 = CARTESIAN_POINT ( 'NONE',  ( -0.5719133503765229110, 0.02248899513299186526, 0.5883388200782392330 ) ) ;
#3296 = CARTESIAN_POINT ( 'NONE',  ( 0.4959453230275520097, 0.2863341657532920137, 3.594791666666659946 ) ) ;
#3297 = CARTESIAN_POINT ( 'NONE',  ( 0.2094395102383607155, -0.8000000000002658318, 1.567708333333261983 ) ) ;
#3298 = ORIENTED_EDGE ( 'NONE', *, *, #327, .T. ) ;
#3299 = CARTESIAN_POINT ( 'NONE',  ( 0.000000000000000000, 0.000000000000000000, 4.419999999999999929 ) ) ;
#3300 = CARTESIAN_POINT ( 'NONE',  ( -9.797327672966920967E-17, -0.8000125162445370641, 2.646867773742839880 ) ) ;
#3301 = ORIENTED_EDGE ( 'NONE', *, *, #2109, .T. ) ;
#3302 = AXIS2_PLACEMENT_3D ( 'NONE', #3175, #2622, #1149 ) ;
#3303 = CARTESIAN_POINT ( 'NONE',  ( -0.2392460927032459828, 0.5241002165312219629, 0.1767038133015139956 ) ) ;
#3304 = CARTESIAN_POINT ( 'NONE',  ( 0.3306302153517012288, -0.5726683315065848046, 2.151041666666658525 ) ) ;
#3305 = CARTESIAN_POINT ( 'NONE',  ( 0.2220952075308740004, -0.5278472664534260561, 0.000000000000000000 ) ) ;
#3306 = CARTESIAN_POINT ( 'NONE',  ( -0.5726683315065846935, -0.1499242186003854616, 0.6052083333333333481 ) ) ;
#3307 = CARTESIAN_POINT ( 'NONE',  ( 0.3075066339306705698, 0.7385393421517747470, 0.3064651576950295775 ) ) ;
#3308 = CARTESIAN_POINT ( 'NONE',  ( 0.5726683315065853597, -5.681194267446310862E-14, 1.859374999999992895 ) ) ;
#3309 = CARTESIAN_POINT ( 'NONE',  ( 0.5813016814321096959, -0.4641301099471937253, 0.1711180644037683940 ) ) ;
#3310 = ORIENTED_EDGE ( 'NONE', *, *, #3124, .F. ) ;
#3311 = CARTESIAN_POINT ( 'NONE',  ( -0.2094395102393269148, -0.7999999999999982681, 1.888541666666666785 ) ) ;
#3312 = CARTESIAN_POINT ( 'NONE',  ( 0.5698321926780687274, 0.07495745393139051360, 0.4231785086432555132 ) ) ;
#3313 = DIRECTION ( 'NONE',  ( 1.000000000000000000, 0.000000000000000000, 0.000000000000000000 ) ) ;
#3314 = CYLINDRICAL_SURFACE ( 'NONE', #916, 0.8000000000000000444 ) ;
#3315 = CARTESIAN_POINT ( 'NONE',  ( -0.3139342924564458848, 0.6104609735567285700, 0.1137713255539184454 ) ) ;
#3316 = VERTEX_POINT ( 'NONE', #3094 ) ;
#3317 = CARTESIAN_POINT ( 'NONE',  ( 0.5726683315065853597, -3.288016507657826581E-15, 2.165624999999998135 ) ) ;
#3318 = CARTESIAN_POINT ( 'NONE',  ( -0.4618874416088531998, -0.8000125162445358429, 2.267701107076182332 ) ) ;
#3319 = VERTEX_POINT ( 'NONE', #3664 ) ;
#3320 = CARTESIAN_POINT ( 'NONE',  ( -0.5726683315065846935, -0.1499242186003854616, 1.305208333333333748 ) ) ;
#3321 = CARTESIAN_POINT ( 'NONE',  ( 0.000000000000000000, 0.5726683315065850266, 2.296875000000000000 ) ) ;
#3322 = CARTESIAN_POINT ( 'NONE',  ( 0.5726683315065852486, 6.031663774324814532E-16, 1.509374999999999023 ) ) ;
#3323 = CARTESIAN_POINT ( 'NONE',  ( -0.1499242186003836852, 0.5726683315065851376, 1.217708333333332948 ) ) ;
#3324 = CARTESIAN_POINT ( 'NONE',  ( -0.03481316785341410230, 0.5716091857681659949, 3.000000000000000000 ) ) ;
#3325 = CARTESIAN_POINT ( 'NONE',  ( -0.5726683315065884683, 0.1534460169580629252, 0.9687446304415182619 ) ) ;
#3326 = ORIENTED_EDGE ( 'NONE', *, *, #1930, .F. ) ;
#3327 = DIRECTION ( 'NONE',  ( 0.9961946980917456562, 1.043903116868559536E-14, -0.08715574274765836016 ) ) ;
#3328 = DIRECTION ( 'NONE',  ( -0.9961946980917456562, -3.473749624281608593E-15, -0.08715574274765836016 ) ) ;
#3329 = CYLINDRICAL_SURFACE ( 'NONE', #2345, 0.5726683315065850266 ) ;
#3330 = CARTESIAN_POINT ( 'NONE',  ( 0.6142812489239974916, -5.143107230795432664E-06, 0.04159902593695438688 ) ) ;
#3331 = EDGE_LOOP ( 'NONE', ( #950, #84, #1344, #2570 ) ) ;
#3332 = AXIS2_PLACEMENT_3D ( 'NONE', #2947, #1511, #1233 ) ;
#3333 = CARTESIAN_POINT ( 'NONE',  ( 0.2502497771862023934, -0.7598523458054060598, 2.970386145702358149 ) ) ;
#3334 = B_SPLINE_CURVE_WITH_KNOTS ( 'NONE', 3,
 ( #584, #1728, #2882, #24, #739, #3038, #1878, #399, #699, #678 ),
 .UNSPECIFIED., .F., .F.,
 ( 4, 2, 2, 2, 4 ),
 ( 0.5000000000000000000, 0.6250000000000000000, 0.7500000000000000000, 0.8750000000000000000, 1.000000000000000000 ),
 .UNSPECIFIED. ) ;
#3335 = EDGE_CURVE ( 'NONE', #2759, #1553, #3700, .T. ) ;
#3336 = CARTESIAN_POINT ( 'NONE',  ( -0.6928203230275510327, 0.4000000000000000222, 0.7364583333333319937 ) ) ;
#3337 = CARTESIAN_POINT ( 'NONE',  ( 0.4618874416088531998, 0.8000125162445358429, 2.092701107076178957 ) ) ;
#3338 = ORIENTED_EDGE ( 'NONE', *, *, #1305, .T. ) ;
#3339 = EDGE_CURVE ( 'NONE', #3049, #91, #880, .T. ) ;
#3340 = AXIS2_PLACEMENT_3D ( 'NONE', #521, #1671, #855 ) ;
#3341 = CARTESIAN_POINT ( 'NONE',  ( 0.000000000000000000, 0.000000000000000000, 3.213000000000000078 ) ) ;
#3342 = CARTESIAN_POINT ( 'NONE',  ( -0.4959453230275510105, -0.2863341657532930129, 3.113541666666659768 ) ) ;
#3343 = CARTESIAN_POINT ( 'NONE',  ( 0.4618802153517005959, 0.7999999999999986011, 0.3427083333333326154 ) ) ;
#3344 = CARTESIAN_POINT ( 'NONE',  ( 0.000000000000000000, -8.028050097838260149E-16, 3.607923705099339795 ) ) ;
#3345 = CARTESIAN_POINT ( 'NONE',  ( 0.5025627577111839717, -0.5244136776834277258, 0.1536354988089218276 ) ) ;
#3346 = VERTEX_POINT ( 'NONE', #3438 ) ;
#3347 = CYLINDRICAL_SURFACE ( 'NONE', #2208, 0.8000000000000000444 ) ;
#3348 = FACE_OUTER_BOUND ( 'NONE', #581, .T. ) ;
#3349 = CARTESIAN_POINT ( 'NONE',  ( 0.1944011831242089816, 0.9059627718705380861, 3.213000000000000078 ) ) ;
#3350 = DIRECTION ( 'NONE',  ( 0.000000000000000000, 0.000000000000000000, 1.000000000000000000 ) ) ;
#3351 = ORIENTED_EDGE ( 'NONE', *, *, #1288, .F. ) ;
#3352 = CARTESIAN_POINT ( 'NONE',  ( 0.2239776311537623743, -0.7683043026276187293, 2.968576706950015964 ) ) ;
#3353 = CARTESIAN_POINT ( 'NONE',  ( 0.4618874416088531998, -0.8000125162445367311, 1.626034440409509951 ) ) ;
#3354 = B_SPLINE_CURVE_WITH_KNOTS ( 'NONE', 3,
 ( #72, #372, #92, #690 ),
 .UNSPECIFIED., .F., .F.,
 ( 4, 4 ),
 ( 0.000000000000000000, 0.0009000375269246589779 ),
 .UNSPECIFIED. ) ;
#3355 = ADVANCED_FACE ( 'NONE', ( #2866 ), #2590, .T. ) ;
#3356 = AXIS2_PLACEMENT_3D ( 'NONE', #478, #2448, #2735 ) ;
#3357 = ORIENTED_EDGE ( 'NONE', *, *, #2460, .T. ) ;
#3358 = ADVANCED_FACE ( 'NONE', ( #2008 ), #1657, .T. ) ;
#3359 = CARTESIAN_POINT ( 'NONE',  ( 0.6928203230275514768, 0.3999999999999998557, 0.6635416666666653640 ) ) ;
#3360 = CARTESIAN_POINT ( 'NONE',  ( -0.2181809498435720585, -0.7360030164988425883, 2.999999999999999556 ) ) ;
#3361 = AXIS2_PLACEMENT_3D ( 'NONE', #1051, #3076, #995 ) ;
#3362 = CARTESIAN_POINT ( 'NONE',  ( 0.000000000000000000, 0.7999999999999983791, 1.771874999999993650 ) ) ;
#3363 = CARTESIAN_POINT ( 'NONE',  ( 0.7137815228878485740, -0.4175893270106289523, 2.311458333333334281 ) ) ;
#3364 = EDGE_LOOP ( 'NONE', ( #3439, #3234, #1790, #3186 ) ) ;
#3365 = CARTESIAN_POINT ( 'NONE',  ( -0.7137815228878505724, 0.4175893270106254551, 0.7364583333333336590 ) ) ;
#3366 = CARTESIAN_POINT ( 'NONE',  ( 0.8000000000000004885, -0.2143593539448979679, 1.318744630441514021 ) ) ;
#3367 = CARTESIAN_POINT ( 'NONE',  ( 0.5726683315065852486, -2.963569036897654143E-15, 2.559374999999999289 ) ) ;
#3368 = ORIENTED_EDGE ( 'NONE', *, *, #1207, .T. ) ;
#3369 = CARTESIAN_POINT ( 'NONE',  ( 0.6928203230275494784, 0.3999999999999986899, 2.063541666666663499 ) ) ;
#3370 = CARTESIAN_POINT ( 'NONE',  ( 0.6230442147037800193, 0.2901676033421889955, 4.307615191939739852 ) ) ;
#3371 = CARTESIAN_POINT ( 'NONE',  ( 0.000000000000000000, 0.8000125162445370641, 3.521867773742839880 ) ) ;
#3372 = ORIENTED_EDGE ( 'NONE', *, *, #3519, .T. ) ;
#3373 = CARTESIAN_POINT ( 'NONE',  ( -0.8000000000000000444, 1.078584387419030000E-15, 0.4593749999999999778 ) ) ;
#3374 = EDGE_CURVE ( 'NONE', #2196, #2558, #821, .T. ) ;
#3375 = FACE_OUTER_BOUND ( 'NONE', #898, .T. ) ;
#3376 =( BOUNDED_CURVE ( )  B_SPLINE_CURVE ( 2, ( #3408, #1953, #843, #1452, #1787, #588, #1530, #956, #2907 ),
 .UNSPECIFIED., .F., .T. ) 
 B_SPLINE_CURVE_WITH_KNOTS ( ( 3, 2, 2, 2, 3 ),
 ( 0.3856139084373065851, 0.4880106685510918751, 0.6928064011306553915, 0.8976021337102225717, 1.000000000000000000 ),
 .UNSPECIFIED. ) 
 CURVE ( )  GEOMETRIC_REPRESENTATION_ITEM ( )  RATIONAL_B_SPLINE_CURVE ( ( 0.9330127019000369337, 0.9330134255375832630, 1.000000000000000000, 0.8660254037844389297, 1.000000000000000000, 0.8660254037844389297, 1.000000000000000000, 0.9330127018922194093, 0.9330127018922194093 ) ) 
 REPRESENTATION_ITEM ( '' )  );
#3377 = AXIS2_PLACEMENT_3D ( 'NONE', #1262, #2401, #2384 ) ;
#3378 = CARTESIAN_POINT ( 'NONE',  ( 0.5726683315065853597, -2.301499817456139984E-16, 1.115625000000000311 ) ) ;
#3379 = CARTESIAN_POINT ( 'NONE',  ( 0.4959453230275510105, -0.2863341657532930129, 1.130208333333329929 ) ) ;
#3380 = VERTEX_POINT ( 'NONE', #2829 ) ;
#3381 = PLANE ( 'NONE',  #1471 ) ;
#3382 = ADVANCED_FACE ( 'NONE', ( #256 ), #3185, .T. ) ;
#3383 = CARTESIAN_POINT ( 'NONE',  ( 0.5726683315065893565, 0.1534460169580619260, 0.4750053695584823821 ) ) ;
#3384 = LINE ( 'NONE', #272, #777 ) ;
#3385 = CARTESIAN_POINT ( 'NONE',  ( -0.8000000000000060396, -0.2143593539449025476, 2.925005369558474122 ) ) ;
#3386 = VERTEX_POINT ( 'NONE', #1230 ) ;
#3387 = DIRECTION ( 'NONE',  ( 1.000000000000000000, 0.000000000000000000, 0.000000000000000000 ) ) ;
#3388 = CARTESIAN_POINT ( 'NONE',  ( -0.4618802153517005404, -0.8000000000000000444, 1.173958333333330106 ) ) ;
#3389 = AXIS2_PLACEMENT_3D ( 'NONE', #2175, #154, #1301 ) ;
#3390 = CARTESIAN_POINT ( 'NONE',  ( 0.4959453230275510105, -0.2863341657532930129, 1.086458333333329973 ) ) ;
#3391 = EDGE_LOOP ( 'NONE', ( #1313, #2962, #802, #819 ) ) ;
#3392 = EDGE_CURVE ( 'NONE', #905, #3585, #3204, .T. ) ;
#3393 = CARTESIAN_POINT ( 'NONE',  ( -0.7301571182954320616, 0.3270254778891177327, 0.3918175207210094491 ) ) ;
#3394 = DIRECTION ( 'NONE',  ( 0.000000000000000000, 5.100724083162849976E-17, -1.000000000000000000 ) ) ;
#3395 = CARTESIAN_POINT ( 'NONE',  ( -0.6505405464181752695, -0.08104215688923889493, 3.000000000000000000 ) ) ;
#3396 = EDGE_CURVE ( 'NONE', #1753, #2454, #1508, .T. ) ;
#3397 = DIRECTION ( 'NONE',  ( 0.000000000000000000, -0.9961946980917455452, 0.08715574274765836016 ) ) ;
#3398 = CARTESIAN_POINT ( 'NONE',  ( -0.4959453230275510105, 0.2863341657532930129, 2.005208333333330373 ) ) ;
#3399 = EDGE_LOOP ( 'NONE', ( #2515, #1125, #1761, #2545 ) ) ;
#3400 = CARTESIAN_POINT ( 'NONE',  ( 0.5726683315065850266, 0.000000000000000000, 0.000000000000000000 ) ) ;
#3401 = EDGE_CURVE ( 'NONE', #806, #3205, #2689, .T. ) ;
#3402 = CARTESIAN_POINT ( 'NONE',  ( -0.2704320130712709602, -1.127463703465820144, 4.082036362917359718 ) ) ;
#3403 = CARTESIAN_POINT ( 'NONE',  ( -0.5726683315065850266, 2.119598400713870011E-18, 1.684375000000000178 ) ) ;
#3404 = CARTESIAN_POINT ( 'NONE',  ( 0.1455967083872736212, 0.6627832604654623205, 0.09011492895887784904 ) ) ;
#3405 = ORIENTED_EDGE ( 'NONE', *, *, #3124, .T. ) ;
#3406 = CARTESIAN_POINT ( 'NONE',  ( -0.5726683315065850266, -4.812908662577529436E-16, 1.290625000000000133 ) ) ;
#3407 = EDGE_CURVE ( 'NONE', #13, #1698, #1736, .T. ) ;
#3408 = CARTESIAN_POINT ( 'NONE',  ( 0.5726683314969672756, 3.319008835888034293E-06, 0.1093753009988401859 ) ) ;
#3409 = CARTESIAN_POINT ( 'NONE',  ( 0.6928311624132790225, -0.4000062581222690317, 3.405201107076170075 ) ) ;
#3410 = ORIENTED_EDGE ( 'NONE', *, *, #3335, .F. ) ;
#3411 = EDGE_CURVE ( 'NONE', #1646, #1658, #3187, .T. ) ;
#3412 = VECTOR ( 'NONE', #2502, 1000.000000000000000 ) ;
#3413 = CARTESIAN_POINT ( 'NONE',  ( -2.254520044757980128E-16, -2.496126923531660022E-16, 4.419999999999999929 ) ) ;
#3414 = LINE ( 'NONE', #3633, #2342 ) ;
#3415 = CARTESIAN_POINT ( 'NONE',  ( -0.6507295546149098886, -0.1061225800913754014, 3.000000000000000444 ) ) ;
#3416 = CARTESIAN_POINT ( 'NONE',  ( 0.7999999999999982681, 0.2143593539448973850, 1.700005369558477808 ) ) ;
#3417 = CARTESIAN_POINT ( 'NONE',  ( -0.3306302153517012288, -0.5726683315065848046, 1.042708333333330684 ) ) ;
#3418 = ORIENTED_EDGE ( 'NONE', *, *, #1973, .F. ) ;
#3419 = DIRECTION ( 'NONE',  ( 0.000000000000000000, -0.2228687765782415287, -0.9748484540822320854 ) ) ;
#3420 = LINE ( 'NONE', #2826, #1017 ) ;
#3421 = CARTESIAN_POINT ( 'NONE',  ( 0.4032933453271774216, 0.4079262759346485301, 2.909137769546037422 ) ) ;
#3422 = CARTESIAN_POINT ( 'NONE',  ( 0.9059627718705399735, -0.1944011831241999888, 3.213000000000000078 ) ) ;
#3423 = ORIENTED_EDGE ( 'NONE', *, *, #1799, .T. ) ;
#3424 = CARTESIAN_POINT ( 'NONE',  ( -0.5726683315065850266, 2.119598400713870011E-18, 0.6343749999999999112 ) ) ;
#3425 = DIRECTION ( 'NONE',  ( 1.000000000000000000, 0.000000000000000000, 0.000000000000000000 ) ) ;
#3426 = CARTESIAN_POINT ( 'NONE',  ( -0.4959453230275510105, 0.2863341657532930129, 0.2114583333333349691 ) ) ;
#3427 = ORIENTED_EDGE ( 'NONE', *, *, #946, .F. ) ;
#3428 = DIRECTION ( 'NONE',  ( 0.000000000000000000, 0.000000000000000000, -1.000000000000000000 ) ) ;
#3429 = DIRECTION ( 'NONE',  ( 0.000000000000000000, 0.000000000000000000, -1.000000000000000000 ) ) ;
#3430 = CARTESIAN_POINT ( 'NONE',  ( -0.4959453230275520097, 0.2863341657532920137, -0.1385416666666639818 ) ) ;
#3431 = CARTESIAN_POINT ( 'NONE',  ( 0.2730612498110440711, -0.5058549957900763117, 2.805633283237453757 ) ) ;
#3432 = FACE_OUTER_BOUND ( 'NONE', #1296, .T. ) ;
#3433 = CARTESIAN_POINT ( 'NONE',  ( 0.4959453230275520097, 0.2863341657532920137, 0.1385416666666680063 ) ) ;
#3434 = ORIENTED_EDGE ( 'NONE', *, *, #52, .T. ) ;
#3435 = DIRECTION ( 'NONE',  ( 0.000000000000000000, 5.100724083162849976E-17, -1.000000000000000000 ) ) ;
#3436 = CARTESIAN_POINT ( 'NONE',  ( -0.4175893270106249000, 0.7137815228878507945, 2.457291666666666874 ) ) ;
#3437 = VECTOR ( 'NONE', #512, 999.9999999999998863 ) ;
#3438 = CARTESIAN_POINT ( 'NONE',  ( 0.1944011831242089816, 0.6039950893427460388, 3.213000000000000078 ) ) ;
#3439 = ORIENTED_EDGE ( 'NONE', *, *, #2765, .F. ) ;
#3440 = DIRECTION ( 'NONE',  ( -0.3812272063696547919, 0.9203638919632237680, 0.08715574274765840179 ) ) ;
#3441 = CARTESIAN_POINT ( 'NONE',  ( 0.4968660831496948260, -0.2871969229835513171, 2.836437894362113354 ) ) ;
#3442 = CARTESIAN_POINT ( 'NONE',  ( -0.9237604307034010809, 5.656401273199498780E-17, 0.7656249999999977796 ) ) ;
#3443 = CARTESIAN_POINT ( 'NONE',  ( -7.013164391525951138E-17, -0.5726683315065850266, 1.028124999999999956 ) ) ;
#3444 = VERTEX_POINT ( 'NONE', #2354 ) ;
#3445 = CARTESIAN_POINT ( 'NONE',  ( 0.8000000000000001554, -1.670438805159968420E-16, 2.384374999999996803 ) ) ;
#3446 = EDGE_CURVE ( 'NONE', #1753, #3150, #2776, .T. ) ;
#3447 = ADVANCED_FACE ( 'NONE', ( #3498 ), #118, .T. ) ;
#3448 = CARTESIAN_POINT ( 'NONE',  ( -0.4618802153517020392, 0.8000000000000022649, 2.851041666666663588 ) ) ;
#3449 = CARTESIAN_POINT ( 'NONE',  ( -0.8000000000000000444, -2.918471586026470130E-16, 0.8093749999999999556 ) ) ;
#3450 = CARTESIAN_POINT ( 'NONE',  ( -0.4770368862987740544, -0.1975951480571840058, 4.419999999999999929 ) ) ;
#3451 = CARTESIAN_POINT ( 'NONE',  ( 0.6928203230275485902, -0.3999999999999997446, 2.355208333333333126 ) ) ;
#3452 = CARTESIAN_POINT ( 'NONE',  ( -0.4959453230275510105, -0.2863341657532930129, 1.013541666666669894 ) ) ;
#3453 = ORIENTED_EDGE ( 'NONE', *, *, #3563, .T. ) ;
#3454 = CARTESIAN_POINT ( 'NONE',  ( -0.2132764564440053634, -0.7410647992049879118, 0.1984615775749282163 ) ) ;
#3455 = DIRECTION ( 'NONE',  ( -0.9203638919632303184, 0.3812272063696391378, 0.08715574274765838791 ) ) ;
#3456 = CARTESIAN_POINT ( 'NONE',  ( 0.000000000000000000, 0.5726683315065850266, 1.246874999999999956 ) ) ;
#3457 = CARTESIAN_POINT ( 'NONE',  ( 0.5726683315065852486, -2.963569036897654143E-15, 2.559374999999999289 ) ) ;
#3458 = EDGE_LOOP ( 'NONE', ( #2647, #1919, #812, #2745, #1583, #1062 ) ) ;
#3459 = CARTESIAN_POINT ( 'NONE',  ( -0.5726683315065850266, 2.071230857988570058E-17, 1.990625000000000311 ) ) ;
#3460 = VECTOR ( 'NONE', #3203, 1000.000000000000000 ) ;
#3461 = CARTESIAN_POINT ( 'NONE',  ( 0.2094395102393261376, 0.7999999999999982681, 2.063541666666667052 ) ) ;
#3462 = CARTESIAN_POINT ( 'NONE',  ( 0.6928203230275510327, -0.4000000000000000222, 3.361458333333330106 ) ) ;
#3463 = CARTESIAN_POINT ( 'NONE',  ( -0.4959453230275510105, 0.2863341657532930129, 2.661458333333330373 ) ) ;
#3464 = EDGE_LOOP ( 'NONE', ( #71, #866, #2480, #1942, #1236 ) ) ;
#3465 = CARTESIAN_POINT ( 'NONE',  ( 0.000000000000000000, 0.000000000000000000, -1.079092098222560088E-17 ) ) ;
#3466 = CARTESIAN_POINT ( 'NONE',  ( -0.7000033118358356399, 0.3888416359539281775, 0.3873102646142703165 ) ) ;
#3467 = CARTESIAN_POINT ( 'NONE',  ( 0.5726683314957675686, 3.519760241532527749E-06, 2.865625713578762834 ) ) ;
#3468 = CARTESIAN_POINT ( 'NONE',  ( -0.5726683315065845825, -0.1497282324352825766, 2.705876667346573949 ) ) ;
#3469 = EDGE_CURVE ( 'NONE', #510, #2415, #3637, .T. ) ;
#3470 = DIRECTION ( 'NONE',  ( 0.000000000000000000, 0.000000000000000000, -1.000000000000000000 ) ) ;
#3471 = CARTESIAN_POINT ( 'NONE',  ( -0.4959453230275510105, 0.2863341657532930129, 0.9552083333333329929 ) ) ;
#3472 = VERTEX_POINT ( 'NONE', #1527 ) ;
#3473 = CARTESIAN_POINT ( 'NONE',  ( -0.6962214307338568942, -0.2429757782687863576, 0.1647330996957675209 ) ) ;
#3474 = VECTOR ( 'NONE', #1491, 1000.000000000000000 ) ;
#3475 = DIRECTION ( 'NONE',  ( 0.9961946980917456562, 2.753114676338589107E-16, -0.08715574274765836016 ) ) ;
#3476 = CARTESIAN_POINT ( 'NONE',  ( -0.5726683315065850266, -4.998835764369250253E-16, 1.334375000000000089 ) ) ;
#3477 = DIRECTION ( 'NONE',  ( 0.3812272063696419133, 0.9203638919632290971, 0.08715574274765837404 ) ) ;
#3478 = ORIENTED_EDGE ( 'NONE', *, *, #828, .T. ) ;
#3479 = DIRECTION ( 'NONE',  ( 0.000000000000000000, 0.000000000000000000, 1.000000000000000000 ) ) ;
#3480 = AXIS2_PLACEMENT_3D ( 'NONE', #3266, #1021, #2151 ) ;
#3481 = EDGE_CURVE ( 'NONE', #1189, #591, #1194, .T. ) ;
#3482 = CARTESIAN_POINT ( 'NONE',  ( 0.5726683315065846935, 0.1499242186003845456, 1.480208333333332904 ) ) ;
#3483 = CARTESIAN_POINT ( 'NONE',  ( -0.4618802153517005404, -0.8000000000000000444, 2.923958333333333659 ) ) ;
#3484 = AXIS2_PLACEMENT_3D ( 'NONE', #1902, #1917, #442 ) ;
#3485 = CARTESIAN_POINT ( 'NONE',  ( 0.000000000000000000, 0.5726683315065850266, 3.303125000000000089 ) ) ;
#3486 = ORIENTED_EDGE ( 'NONE', *, *, #2813, .T. ) ;
#3487 = CARTESIAN_POINT ( 'NONE',  ( -0.5633754710709401037, -0.5698782829170999653, 2.909133018320427144 ) ) ;
#3488 = CARTESIAN_POINT ( 'NONE',  ( -0.6928311624132799107, -0.4000062581222680325, 0.8385344404095120829 ) ) ;
#3489 = CARTESIAN_POINT ( 'NONE',  ( -0.6686769087117609978, 0.2489717173719984689, 0.1396298076675398792 ) ) ;
#3490 = CARTESIAN_POINT ( 'NONE',  ( -0.2140916610599268577, -0.5311486092766912748, 2.757124582618863062 ) ) ;
#3491 = FACE_OUTER_BOUND ( 'NONE', #2867, .T. ) ;
#3492 = CARTESIAN_POINT ( 'NONE',  ( 0.3306302153517012288, 0.5726683315065848046, 1.217708333333331172 ) ) ;
#3493 = ORIENTED_EDGE ( 'NONE', *, *, #2396, .T. ) ;
#3494 = ADVANCED_FACE ( 'NONE', ( #400 ), #1248, .T. ) ;
#3495 = CARTESIAN_POINT ( 'NONE',  ( -0.7287030044815498986, -0.06833214679362793753, 0.1560346724443347766 ) ) ;
#3496 = EDGE_CURVE ( 'NONE', #448, #1268, #2224, .T. ) ;
#3497 = LINE ( 'NONE', #3164, #3460 ) ;
#3498 = FACE_OUTER_BOUND ( 'NONE', #750, .T. ) ;
#3499 = ORIENTED_EDGE ( 'NONE', *, *, #1642, .T. ) ;
#3500 = CARTESIAN_POINT ( 'NONE',  ( -0.8000000000000000444, -1.046451870652559874E-15, 1.859375000000000000 ) ) ;
#3501 = CYLINDRICAL_SURFACE ( 'NONE', #3332, 0.8000000000000000444 ) ;
#3502 = CARTESIAN_POINT ( 'NONE',  ( -0.4618802153517005404, -0.8000000000000000444, 2.223958333333329929 ) ) ;
#3503 = CARTESIAN_POINT ( 'NONE',  ( 0.3306302153517012288, 0.5726683315065848046, 1.873958333333328508 ) ) ;
#3504 = ORIENTED_EDGE ( 'NONE', *, *, #1873, .T. ) ;
#3505 = CARTESIAN_POINT ( 'NONE',  ( 0.5726683315065853597, 9.477195847075204231E-17, 0.4593750000000002554 ) ) ;
#3506 = CARTESIAN_POINT ( 'NONE',  ( 0.9237748832177063996, -1.696946930797919054E-16, 0.9843677737428467855 ) ) ;
#3507 = ORIENTED_EDGE ( 'NONE', *, *, #2246, .F. ) ;
#3508 = CARTESIAN_POINT ( 'NONE',  ( -0.3006987911525819679, 0.6251389982024631031, 4.427987219422709231 ) ) ;
#3509 = AXIS2_PLACEMENT_3D ( 'NONE', #1123, #225, #1363 ) ;
#3510 = CARTESIAN_POINT ( 'NONE',  ( 0.3306302153517012288, 0.5726683315065848046, 0.8677083333333328596 ) ) ;
#3511 = ORIENTED_EDGE ( 'NONE', *, *, #1282, .F. ) ;
#3512 = CARTESIAN_POINT ( 'NONE',  ( -0.1064095280217499245, -0.7690036851906689730, 0.2032114006056753852 ) ) ;
#3513 = DIRECTION ( 'NONE',  ( 0.000000000000000000, 5.100724083162849976E-17, -1.000000000000000000 ) ) ;
#3514 = CARTESIAN_POINT ( 'NONE',  ( 0.3306302153517012288, -0.5726683315065848046, 2.151041666666658525 ) ) ;
#3515 = CARTESIAN_POINT ( 'NONE',  ( 0.7999999999999999334, -6.721274847306179372E-13, 1.290624999999949285 ) ) ;
#3516 = EDGE_LOOP ( 'NONE', ( #763, #1292, #145, #1485 ) ) ;
#3517 = FACE_OUTER_BOUND ( 'NONE', #1095, .T. ) ;
#3518 = VECTOR ( 'NONE', #2479, 1000.000000000000000 ) ;
#3519 = EDGE_CURVE ( 'NONE', #3706, #806, #3054, .T. ) ;
#3520 = CARTESIAN_POINT ( 'NONE',  ( 0.1499242186003839628, 0.5726683315065851376, 1.538541666666666696 ) ) ;
#3521 = CARTESIAN_POINT ( 'NONE',  ( -9.797174393178831081E-17, -0.8000000000000000444, 2.253124999999999822 ) ) ;
#3522 = CARTESIAN_POINT ( 'NONE',  ( -0.4959453230275510105, -0.2863341657532930129, 2.719791666666659946 ) ) ;
#3523 = EDGE_CURVE ( 'NONE', #1984, #2788, #1565, .T. ) ;
#3524 = ORIENTED_EDGE ( 'NONE', *, *, #86, .T. ) ;
#3525 = DIRECTION ( 'NONE',  ( 0.000000000000000000, 0.000000000000000000, -1.000000000000000000 ) ) ;
#3526 =( BOUNDED_CURVE ( )  B_SPLINE_CURVE ( 2, ( #887, #1895, #1370, #3343, #1911, #3071, #1437, #3173, #1631 ),
 .UNSPECIFIED., .F., .F. ) 
 B_SPLINE_CURVE_WITH_KNOTS ( ( 3, 2, 2, 2, 3 ),
 ( 0.2461106205017243309, 0.3717589891393482393, 0.6230553934836093877, 0.8743517978278749769, 1.000000000000000000 ),
 .UNSPECIFIED. ) 
 CURVE ( )  GEOMETRIC_REPRESENTATION_ITEM ( )  RATIONAL_B_SPLINE_CURVE ( ( 0.9330127018923370930, 0.9330126131438452042, 1.000000000000000000, 0.8660254037844389297, 1.000000000000000000, 0.8660254037844389297, 1.000000000000000000, 0.9330127018922194093, 0.9330127018922194093 ) ) 
 REPRESENTATION_ITEM ( '' )  );
#3527 = CARTESIAN_POINT ( 'NONE',  ( -0.9237748832177063996, 5.656489769326419855E-17, 0.1093677737428469660 ) ) ;
#3528 = EDGE_CURVE ( 'NONE', #3346, #1163, #196, .T. ) ;
#3529 = DIRECTION ( 'NONE',  ( -0.3826834323650811220, 0.9238795325112902912, 0.000000000000000000 ) ) ;
#3530 = CARTESIAN_POINT ( 'NONE',  ( 0.000000000000000000, 0.5726683315065850266, 0.5468750000000000000 ) ) ;
#3531 = ORIENTED_EDGE ( 'NONE', *, *, #3172, .T. ) ;
#3532 = CARTESIAN_POINT ( 'NONE',  ( 0.5726683315065853597, -2.301499817456139984E-16, 1.115625000000000311 ) ) ;
#3533 = CARTESIAN_POINT ( 'NONE',  ( 0.5700420203370559769, 0.5612974037517166614, 0.2834622644433481553 ) ) ;
#3534 = AXIS2_PLACEMENT_3D ( 'NONE', #2530, #542, #502 ) ;
#3535 = CARTESIAN_POINT ( 'NONE',  ( 0.5903676298586464366, -0.5774532699408063685, 0.2422690324001490758 ) ) ;
#3536 = EDGE_LOOP ( 'NONE', ( #3418, #1056, #841, #2719 ) ) ;
#3537 = CARTESIAN_POINT ( 'NONE',  ( -0.2989252289426657661, -0.5109500922155181257, 2.048958333333332771 ) ) ;
#3538 = CARTESIAN_POINT ( 'NONE',  ( 0.7137815228878541252, 0.4175893270106194599, 2.019791666666667762 ) ) ;
#3539 = CARTESIAN_POINT ( 'NONE',  ( -0.4618802153517005404, 0.8000000000000000444, 1.757291666666661367 ) ) ;
#3540 = CARTESIAN_POINT ( 'NONE',  ( -7.013164391525951138E-17, -0.5726683315065850266, 3.128124999999999822 ) ) ;
#3541 = ORIENTED_EDGE ( 'NONE', *, *, #555, .F. ) ;
#3542 = DIRECTION ( 'NONE',  ( 1.000000000000000000, 0.000000000000000000, 0.000000000000000000 ) ) ;
#3543 = CARTESIAN_POINT ( 'NONE',  ( 0.9237748832177063996, -1.696946930797919054E-16, 1.334367773742840546 ) ) ;
#3544 = CARTESIAN_POINT ( 'NONE',  ( 0.5109500922155180147, 0.2989252289426664877, 0.7947916666666668961 ) ) ;
#3545 = CARTESIAN_POINT ( 'NONE',  ( -0.3306302153517012288, -0.5726683315065848046, 3.142708333333332327 ) ) ;
#3546 = ORIENTED_EDGE ( 'NONE', *, *, #2628, .F. ) ;
#3547 = CARTESIAN_POINT ( 'NONE',  ( 0.2094395102397181574, 0.7999999999999103384, 1.713541666666637653 ) ) ;
#3548 = EDGE_CURVE ( 'NONE', #2697, #1220, #3224, .T. ) ;
#3549 = CARTESIAN_POINT ( 'NONE',  ( 0.3061928478182798785, 0.7390845364343219259, 0.3065686333252128359 ) ) ;
#3550 = CARTESIAN_POINT ( 'NONE',  ( 0.000000000000000000, -7.717964989505679617E-16, 3.000000000000000000 ) ) ;
#3551 = CARTESIAN_POINT ( 'NONE',  ( 0.000000000000000000, 0.8000000000000005995, 1.071875000000002354 ) ) ;
#3552 = ORIENTED_EDGE ( 'NONE', *, *, #2864, .T. ) ;
#3553 = CARTESIAN_POINT ( 'NONE',  ( 0.4618802153517008180, 0.7999999999999992673, 1.392708333333332327 ) ) ;
#3554 = EDGE_CURVE ( 'NONE', #1876, #127, #2091, .T. ) ;
#3555 = CARTESIAN_POINT ( 'NONE',  ( 0.6612604307034024576, -1.214715704795581023E-16, 3.565624999999988276 ) ) ;
#3556 = CARTESIAN_POINT ( 'NONE',  ( -0.5604447229888063209, 0.4237807830064660997, 0.1299605828311257982 ) ) ;
#3557 = ORIENTED_EDGE ( 'NONE', *, *, #2334, .T. ) ;
#3558 = FACE_OUTER_BOUND ( 'NONE', #1348, .T. ) ;
#3559 = VECTOR ( 'NONE', #1361, 1000.000000000000000 ) ;
#3560 = CARTESIAN_POINT ( 'NONE',  ( 0.6928311624132799107, 0.4000062581222680325, 0.3135344404095140036 ) ) ;
#3561 = CONICAL_SURFACE ( 'NONE', #1169, 3.747668331506590178, 0.7853981633974433940 ) ;
#3562 = ORIENTED_EDGE ( 'NONE', *, *, #1941, .F. ) ;
#3563 = EDGE_CURVE ( 'NONE', #3472, #26, #2784, .T. ) ;
#3564 = CARTESIAN_POINT ( 'NONE',  ( -0.5109500922155182367, 0.2989252289426657105, 0.9114583333333335924 ) ) ;
#3565 = CARTESIAN_POINT ( 'NONE',  ( 0.6612604307034024576, -1.214715704795581023E-16, 2.209375000000000533 ) ) ;
#3566 = CARTESIAN_POINT ( 'NONE',  ( -0.7999999999999994893, -0.2094395102393212249, 2.530208333333333393 ) ) ;
#3567 = CARTESIAN_POINT ( 'NONE',  ( -0.4175893270106246224, -0.7137815228878507945, 0.8239583333333333481 ) ) ;
#3568 = CIRCLE ( 'NONE', #334, 1.159442916372619869 ) ;
#3569 = CARTESIAN_POINT ( 'NONE',  ( 0.6941446855098936108, 0.4011332618328100619, 0.2700571844838509650 ) ) ;
#3570 = CARTESIAN_POINT ( 'NONE',  ( 0.6465937996225357143, 0.2520466523355665012, 3.000000000000000000 ) ) ;
#3571 = CARTESIAN_POINT ( 'NONE',  ( 0.4939792431932160666, -0.5299456668807807080, 0.1517654629108992625 ) ) ;
#3572 = ORIENTED_EDGE ( 'NONE', *, *, #3177, .T. ) ;
#3573 = CARTESIAN_POINT ( 'NONE',  ( 0.5599441458725132881, -0.2179339193474737479, 0.02820784963141461169 ) ) ;
#3574 = CARTESIAN_POINT ( 'NONE',  ( -0.3836953564044567888, 0.4366090258208847330, 0.5437648059727996364 ) ) ;
#3575 = CARTESIAN_POINT ( 'NONE',  ( -0.8000000000000000444, 6.882716053242488967E-16, 2.909375000000000266 ) ) ;
#3576 = CARTESIAN_POINT ( 'NONE',  ( 0.000000000000000000, 1.344399999999999151, 3.000000000000000000 ) ) ;
#3577 = ORIENTED_EDGE ( 'NONE', *, *, #2527, .F. ) ;
#3578 = AXIS2_PLACEMENT_3D ( 'NONE', #1587, #2734, #3313 ) ;
#3579 = CARTESIAN_POINT ( 'NONE',  ( 0.1047593980784187889, -0.7971459192229204405, 2.960486008955828918 ) ) ;
#3580 = CARTESIAN_POINT ( 'NONE',  ( -0.9237748832177063996, 5.656489769326419855E-17, 2.209367773742839880 ) ) ;
#3581 = ORIENTED_EDGE ( 'NONE', *, *, #1726, .T. ) ;
#3582 = CARTESIAN_POINT ( 'NONE',  ( 0.5726683315065852486, 9.477195847075205464E-17, 0.4593750000000002554 ) ) ;
#3583 = EDGE_CURVE ( 'NONE', #1385, #3316, #217, .T. ) ;
#3584 = CARTESIAN_POINT ( 'NONE',  ( -0.3306302153517012288, 0.5726683315065848046, 2.676041666666663765 ) ) ;
#3585 = VERTEX_POINT ( 'NONE', #1946 ) ;
#3586 = CARTESIAN_POINT ( 'NONE',  ( -0.2989252289426651554, -0.5109500922155184588, 0.6489583333333333037 ) ) ;
#3587 = CARTESIAN_POINT ( 'NONE',  ( 0.4959453230275510105, -0.2863341657532930129, 1.830208333333329884 ) ) ;
#3588 = CARTESIAN_POINT ( 'NONE',  ( 0.4598963322091381145, -0.5505168076393199827, 0.1444026160090411404 ) ) ;
#3589 = VERTEX_POINT ( 'NONE', #2859 ) ;
#3590 = CARTESIAN_POINT ( 'NONE',  ( -0.5726683315065850266, 8.666806217322030616E-16, 0.2406250000000000056 ) ) ;
#3591 = VECTOR ( 'NONE', #3636, 1000.000000000000000 ) ;
#3592 = DIRECTION ( 'NONE',  ( 0.01733375049385998956, 0.08714264840443966542, 0.9960450290638855897 ) ) ;
#3593 = SHAPE_DEFINITION_REPRESENTATION ( #836, #1960 ) ;
#3594 = FACE_OUTER_BOUND ( 'NONE', #1430, .T. ) ;
#3595 = CARTESIAN_POINT ( 'NONE',  ( 0.6118293669014770453, 0.1046989350154226978, 0.04785077706458791547 ) ) ;
#3596 = EDGE_LOOP ( 'NONE', ( #3493, #3301, #1677, #2032, #1010 ) ) ;
#3597 = CARTESIAN_POINT ( 'NONE',  ( 0.2022382208778779611, -0.7742743126743713011, 2.967095631420267221 ) ) ;
#3598 = CARTESIAN_POINT ( 'NONE',  ( -0.9237748832177063996, 5.656489769326419855E-17, 1.859367773742839125 ) ) ;
#3599 = ORIENTED_EDGE ( 'NONE', *, *, #891, .F. ) ;
#3600 = CIRCLE ( 'NONE', #729, 0.9265853247356339306 ) ;
#3601 = CARTESIAN_POINT ( 'NONE',  ( 0.7999999999998229638, -0.2094395102399406738, 1.276041666666620777 ) ) ;
#3602 = CARTESIAN_POINT ( 'NONE',  ( -0.4618802153517005404, 0.8000000000000000444, 0.007291666666666605200 ) ) ;
#3603 = ORIENTED_EDGE ( 'NONE', *, *, #1096, .F. ) ;
#3604 = CARTESIAN_POINT ( 'NONE',  ( -0.5109500922155182367, 0.2989252289426656550, 1.261458333333333126 ) ) ;
#3605 = CARTESIAN_POINT ( 'NONE',  ( 0.01572660357322271801, 0.5827734924931735616, 3.000000000000000444 ) ) ;
#3606 = DIRECTION ( 'NONE',  ( 0.3812272063696477975, 0.9203638919632266546, -0.08715574274765836016 ) ) ;
#3607 = ORIENTED_EDGE ( 'NONE', *, *, #2274, .F. ) ;
#3608 = CARTESIAN_POINT ( 'NONE',  ( 0.8000000000000000444, -6.534008055986669554E-15, 1.990624999999996314 ) ) ;
#3609 = DIRECTION ( 'NONE',  ( 0.08715574274765845730, 0.000000000000000000, -0.9961946980917456562 ) ) ;
#3610 = CARTESIAN_POINT ( 'NONE',  ( 0.6142812489239974916, -5.143107230795432664E-06, 0.04159902593695438688 ) ) ;
#3611 = CARTESIAN_POINT ( 'NONE',  ( 0.000000000000000000, -8.028050097838260149E-16, 3.607923705099339795 ) ) ;
#3612 = ORIENTED_EDGE ( 'NONE', *, *, #287, .F. ) ;
#3613 = CARTESIAN_POINT ( 'NONE',  ( 0.2591631608370696949, -0.7568779926892060805, 2.971052886217446787 ) ) ;
#3614 = CARTESIAN_POINT ( 'NONE',  ( -0.4618874416088531998, -0.8000125162445358429, 2.617701107076178424 ) ) ;
#3615 = VERTEX_POINT ( 'NONE', #3104 ) ;
#3616 = AXIS2_PLACEMENT_3D ( 'NONE', #2257, #3151, #882 ) ;
#3617 = CONICAL_SURFACE ( 'NONE', #1938, 3.747668331506590178, 0.7853981633974433940 ) ;
#3618 = CARTESIAN_POINT ( 'NONE',  ( -0.8000000000000005995, -0.2143593539448980512, 0.4750053695584813274 ) ) ;
#3619 = CARTESIAN_POINT ( 'NONE',  ( 0.6612604307034024576, -1.214715704795581023E-16, 3.259374999999993694 ) ) ;
#3620 = CARTESIAN_POINT ( 'NONE',  ( 0.5726661118070962564, -0.1534498615903613361, 2.893744238818290793 ) ) ;
#3621 = CARTESIAN_POINT ( 'NONE',  ( 0.5914439286892579917, -0.5386966486034748813, 3.000000000000000000 ) ) ;
#3622 = DIRECTION ( 'NONE',  ( 0.9238795325112899581, -0.3826834323650819547, 2.663485841837387227E-14 ) ) ;
#3623 = ORIENTED_EDGE ( 'NONE', *, *, #2777, .T. ) ;
#3624 = CARTESIAN_POINT ( 'NONE',  ( 0.8000000000000001554, 0.2143593539448986618, 1.350005369558476609 ) ) ;
#3625 = CARTESIAN_POINT ( 'NONE',  ( 0.8000000000000000444, -1.555371102520683408E-15, 2.340624999999996625 ) ) ;
#3626 = CARTESIAN_POINT ( 'NONE',  ( 0.000000000000000000, 0.000000000000000000, 0.000000000000000000 ) ) ;
#3627 = CARTESIAN_POINT ( 'NONE',  ( 0.5982167377635168037, 0.1836336852228301619, 0.05248732744999200922 ) ) ;
#3628 = VERTEX_POINT ( 'NONE', #3695 ) ;
#3629 = CARTESIAN_POINT ( 'NONE',  ( -0.1057487098632643313, -0.7934225864178271470, 2.946229604473865393 ) ) ;
#3630 = APPLICATION_CONTEXT ( 'automotive_design' ) ;
#3631 = CARTESIAN_POINT ( 'NONE',  ( -9.797327672966920967E-17, -0.8000125162445370641, 2.996867773742839525 ) ) ;
#3632 = ORIENTED_EDGE ( 'NONE', *, *, #2892, .T. ) ;
#3633 = CARTESIAN_POINT ( 'NONE',  ( -0.1571842303614620073, 0.3794763007298250224, 3.213000000000000078 ) ) ;
#3634 = CARTESIAN_POINT ( 'NONE',  ( -0.4473037092154683592, 0.3668367365558589110, 3.000000000000000888 ) ) ;
#3635 = CARTESIAN_POINT ( 'NONE',  ( -0.8000000000000000444, -7.500672410554620019E-17, 2.559375000000000178 ) ) ;
#3636 = DIRECTION ( 'NONE',  ( 0.000000000000000000, 0.000000000000000000, -1.000000000000000000 ) ) ;
#3637 =( BOUNDED_CURVE ( )  B_SPLINE_CURVE ( 2, ( #605, #3535, #2672, #2961, #43 ),
 .UNSPECIFIED., .F., .F. ) 
 B_SPLINE_CURVE_WITH_KNOTS ( ( 3, 2, 3 ),
 ( 0.000000000000000000, 0.1204625847952663642, 0.2461106205017243309 ),
 .UNSPECIFIED. ) 
 CURVE ( )  GEOMETRIC_REPRESENTATION_ITEM ( )  RATIONAL_B_SPLINE_CURVE ( ( 0.9331268006303282680, 0.9357773295675887448, 1.000000000000000000, 0.9330127906405938365, 0.9330127018923370930 ) ) 
 REPRESENTATION_ITEM ( '' )  );
#3638 = CARTESIAN_POINT ( 'NONE',  ( -0.4959453230275510105, 0.2863341657532930129, -0.09479166666666480334 ) ) ;
#3639 = ORIENTED_EDGE ( 'NONE', *, *, #2246, .T. ) ;
#3640 = CARTESIAN_POINT ( 'NONE',  ( 1.250000000000000000, 0.000000000000000000, 4.419999999999999929 ) ) ;
#3641 = CARTESIAN_POINT ( 'NONE',  ( 0.6928203230275503666, -0.4000000000000007994, 1.305208333333332194 ) ) ;
#3642 = CARTESIAN_POINT ( 'NONE',  ( 0.4370706441554860211, 0.3700396925599653275, 2.904229708122665343 ) ) ;
#3643 = DIRECTION ( 'NONE',  ( 1.000000000000000000, 0.000000000000000000, 0.000000000000000000 ) ) ;
#3644 = VERTEX_POINT ( 'NONE', #3677 ) ;
#3645 = LINE ( 'NONE', #2885, #3559 ) ;
#3646 = EDGE_CURVE ( 'NONE', #1698, #2974, #948, .T. ) ;
#3647 = DIRECTION ( 'NONE',  ( 7.250400679739301502E-15, -1.000000000000000000, 0.000000000000000000 ) ) ;
#3648 = CARTESIAN_POINT ( 'NONE',  ( 0.4618874416088531998, -0.8000125162445367311, 1.976034440409511594 ) ) ;
#3649 = ORIENTED_EDGE ( 'NONE', *, *, #824, .F. ) ;
#3650 = AXIS2_PLACEMENT_3D ( 'NONE', #3275, #2825, #545 ) ;
#3651 = CARTESIAN_POINT ( 'NONE',  ( 0.3074102114990716617, 0.7385807579151109081, 0.3064735116127733638 ) ) ;
#3652 = DIRECTION ( 'NONE',  ( -1.047890657185990164E-14, 1.000000000000000000, 0.000000000000000000 ) ) ;
#3653 = DIRECTION ( 'NONE',  ( 1.000000000000000000, 0.000000000000000000, 0.000000000000000000 ) ) ;
#3654 = AXIS2_PLACEMENT_3D ( 'NONE', #1979, #517, #499 ) ;
#3655 = VECTOR ( 'NONE', #1438, 1000.000000000000000 ) ;
#3656 = CARTESIAN_POINT ( 'NONE',  ( 0.4959453230275520097, 0.2863341657532920137, 2.938541666666659946 ) ) ;
#3657 = CARTESIAN_POINT ( 'NONE',  ( 0.5726683315066122271, 0.1534460169580220135, 1.875005369558473411 ) ) ;
#3658 = ORIENTED_EDGE ( 'NONE', *, *, #1341, .T. ) ;
#3659 = EDGE_CURVE ( 'NONE', #626, #2967, #2552, .T. ) ;
#3660 = CARTESIAN_POINT ( 'NONE',  ( 0.4175893270106255106, 0.7137815228878504614, 0.6489583333333334147 ) ) ;
#3661 = ADVANCED_FACE ( 'NONE', ( #875 ), #2925, .T. ) ;
#3662 = DIRECTION ( 'NONE',  ( 0.000000000000000000, 0.000000000000000000, 1.000000000000000000 ) ) ;
#3663 = CARTESIAN_POINT ( 'NONE',  ( 0.4646036963987851265, 0.3351079768702308059, 2.900245279632919448 ) ) ;
#3664 = CARTESIAN_POINT ( 'NONE',  ( 1.600000000000000089, 1.959434878635765230E-16, 3.255599999999999827 ) ) ;
#3665 = ORIENTED_EDGE ( 'NONE', *, *, #2813, .F. ) ;
#3666 = CARTESIAN_POINT ( 'NONE',  ( 0.5726683315065853597, -1.247176054397169461E-15, 2.515624999999998668 ) ) ;
#3667 = EDGE_CURVE ( 'NONE', #3589, #3049, #1650, .T. ) ;
#3668 = CARTESIAN_POINT ( 'NONE',  ( 0.9059627718705399735, -0.1944011831241999888, 3.213000000000000078 ) ) ;
#3669 = CARTESIAN_POINT ( 'NONE',  ( 0.6928203230275510327, 0.4000000000000000222, 0.9697916666666639429 ) ) ;
#3670 = CARTESIAN_POINT ( 'NONE',  ( 0.000000000000000000, 0.5726683315065850266, 1.203125000000000000 ) ) ;
#3671 = ORIENTED_EDGE ( 'NONE', *, *, #2296, .F. ) ;
#3672 = EDGE_CURVE ( 'NONE', #806, #1000, #1741, .T. ) ;
#3673 = CARTESIAN_POINT ( 'NONE',  ( -0.5612689845700225000, 0.5700770494752184225, 0.3718854764885097253 ) ) ;
#3674 = CARTESIAN_POINT ( 'NONE',  ( 0.2704320130712899450, -1.127463703465820144, 4.082036362917359718 ) ) ;
#3675 = ADVANCED_FACE ( 'NONE', ( #2267 ), #1129, .F. ) ;
#3676 = FACE_OUTER_BOUND ( 'NONE', #1243, .T. ) ;
#3677 = CARTESIAN_POINT ( 'NONE',  ( 0.1944011831242140054, -0.6039950893427450396, 3.213000000000000078 ) ) ;
#3678 = ORIENTED_EDGE ( 'NONE', *, *, #1362, .T. ) ;
#3679 = CARTESIAN_POINT ( 'NONE',  ( 0.000000000000000000, 0.000000000000000000, 0.000000000000000000 ) ) ;
#3680 = DIRECTION ( 'NONE',  ( 0.000000000000000000, 5.100724083162849976E-17, -1.000000000000000000 ) ) ;
#3681 = B_SPLINE_CURVE_WITH_KNOTS ( 'NONE', 3,
 ( #693, #3030, #449, #2455, #1832, #2988, #411, #172, #3601, #1042 ),
 .UNSPECIFIED., .F., .F.,
 ( 4, 2, 2, 2, 4 ),
 ( 0.000000000000000000, 0.1250000000000000278, 0.2500000000000000000, 0.3750000000000000000, 0.5000000000000000000 ),
 .UNSPECIFIED. ) ;
#3682 = CARTESIAN_POINT ( 'NONE',  ( 0.9799036712383589753, -0.2197424177264989953, 3.502651636920829592 ) ) ;
#3683 = VERTEX_POINT ( 'NONE', #3061 ) ;
#3684 = CARTESIAN_POINT ( 'NONE',  ( -0.5726683315065850266, 2.071230857988570058E-17, 2.690624999999999822 ) ) ;
#3685 = LINE ( 'NONE', #2795, #95 ) ;
#3686 = CARTESIAN_POINT ( 'NONE',  ( -7.013164391525951138E-17, -0.5726683315065850266, 0.6781249999999999778 ) ) ;
#3687 = AXIS2_PLACEMENT_3D ( 'NONE', #1731, #2593, #2887 ) ;
#3688 = ORIENTED_EDGE ( 'NONE', *, *, #2777, .F. ) ;
#3689 = DIRECTION ( 'NONE',  ( 0.000000000000000000, 0.000000000000000000, -1.000000000000000000 ) ) ;
#3690 = CARTESIAN_POINT ( 'NONE',  ( 1.357496206254399835E-15, -0.1944011831242080102, 3.213000000000000078 ) ) ;
#3691 = CARTESIAN_POINT ( 'NONE',  ( -0.5315133901875123135, 0.2731968004071868017, 3.000000000000000444 ) ) ;
#3692 = AXIS2_PLACEMENT_3D ( 'NONE', #1337, #3606, #3622 ) ;
#3693 = B_SPLINE_CURVE_WITH_KNOTS ( 'NONE', 3,
 ( #2390, #681, #1823, #1451, #1547, #2481, #1900, #141, #991, #702 ),
 .UNSPECIFIED., .F., .F.,
 ( 4, 2, 2, 2, 4 ),
 ( 0.000000000000000000, 0.1250000000000000000, 0.2500000000000000000, 0.3750000000000000000, 0.5000000000000000000 ),
 .UNSPECIFIED. ) ;
#3694 = FACE_OUTER_BOUND ( 'NONE', #464, .T. ) ;
#3695 = CARTESIAN_POINT ( 'NONE',  ( 0.5726683315065853597, 5.327974987891251901E-16, 1.465625000000000400 ) ) ;
#3696 = ORIENTED_EDGE ( 'NONE', *, *, #3396, .T. ) ;
#3697 = DIRECTION ( 'NONE',  ( 0.000000000000000000, 0.000000000000000000, 1.000000000000000000 ) ) ;
#3698 = DIRECTION ( 'NONE',  ( 0.000000000000000000, 0.000000000000000000, -1.000000000000000000 ) ) ;
#3699 = CARTESIAN_POINT ( 'NONE',  ( 0.4560788238301671793, 0.3466209129916791309, 2.901528343445058944 ) ) ;
#3700 = LINE ( 'NONE', #1429, #1684 ) ;
#3701 = EDGE_LOOP ( 'NONE', ( #3607, #990, #3562, #2094 ) ) ;
#3702 = CARTESIAN_POINT ( 'NONE',  ( -7.013164391525951138E-17, -0.5726683315065850266, 0.7218749999999999334 ) ) ;
#3703 = CARTESIAN_POINT ( 'NONE',  ( 3.747668331506590178, 0.000000000000000000, 3.174999999999999822 ) ) ;
#3704 = CARTESIAN_POINT ( 'NONE',  ( -0.6928203230275510327, 0.4000000000000000222, 1.086458333333329973 ) ) ;
#3705 = CARTESIAN_POINT ( 'NONE',  ( 0.000000000000000000, 0.5726683315065850266, 1.553125000000000089 ) ) ;
#3706 = VERTEX_POINT ( 'NONE', #3000 ) ;
#3707 = LINE ( 'NONE', #192, #22 ) ;
#3708 = VECTOR ( 'NONE', #2663, 1000.000000000000000 ) ;
#3709 = LINE ( 'NONE', #3247, #788 ) ;
#3710 = CARTESIAN_POINT ( 'NONE',  ( 9.797174393178831081E-17, -0.8000000000000000444, -0.1531249999999999833 ) ) ;
#3711 = CARTESIAN_POINT ( 'NONE',  ( -0.5689859150192452253, -0.4128081460043666051, 2.999999999999999556 ) ) ;
ENDSEC;
END-ISO-10303-21;
