ISO-10303-21;
HEADER;
FILE_DESCRIPTION (( 'STEP AP214' ),
    '1' );
FILE_NAME ('Drilling-Guide.STEP',
    '2026-09-05T15:41:11',
    ( '' ),
    ( '' ),
    'SwSTEP 2.0',
    'SolidWorks 2026',
    '' );
FILE_SCHEMA (( 'AUTOMOTIVE_DESIGN' ));
ENDSEC;

DATA;
#1 = EDGE_LOOP ( 'NONE', ( #1188, #126, #657, #1013 ) ) ;
#2 = CARTESIAN_POINT ( 'NONE',  ( -1.452391591922874259, -12.41535037508794836, 370.3874541618272929 ) ) ;
#3 = ORIENTED_EDGE ( 'NONE', *, *, #1497, .T. ) ;
#4 = CYLINDRICAL_SURFACE ( 'NONE', #1168, 1.500000000000001332 ) ;
#5 = CARTESIAN_POINT ( 'NONE',  ( -8.500000000000000000, 0.000000000000000000, 122.5000000000000000 ) ) ;
#6 = B_SPLINE_CURVE_WITH_KNOTS ( 'NONE', 3,
 ( #1480, #1487, #623, #400, #756, #1243, #258, #166, #638, #849, #1341, #1216, #142, #1095, #498, #978, #969, #1295, #1057, #827, #1085, #813, #1172, #5 ),
 .UNSPECIFIED., .F., .F.,
 ( 4, 2, 2, 2, 2, 2, 2, 2, 2, 2, 2, 4 ),
 ( 0.004698892127675480083, 0.005286105592425901882, 0.005873319057176323681, 0.006166925789551534580, 0.006460532521926745479, 0.007047745986677168145, 0.007341352719052358228, 0.007634959451427549178, 0.007928566183802738393, 0.008222172916177930210, 0.008809386380928339866, 0.009396599845678749521 ),
 .UNSPECIFIED. ) ;
#7 = CARTESIAN_POINT ( 'NONE',  ( -8.400000547032604459, 1.301156998487678074, 139.2473071040679145 ) ) ;
#9 = ORIENTED_EDGE ( 'NONE', *, *, #771, .T. ) ;
#8 = CARTESIAN_POINT ( 'NONE',  ( -1.193679758706968297, -12.44299455416120281, 280.9136363900436777 ) ) ;
#10 = VECTOR ( 'NONE', #1486, 1000.000000000000000 ) ;
#11 = VECTOR ( 'NONE', #1447, 1000.000000000000000 ) ;
#12 = CARTESIAN_POINT ( 'NONE',  ( 12.49511705667184813, 0.3933292612530505106, 141.4606399218670845 ) ) ;
#13 = ADVANCED_FACE ( 'NONE', ( #611 ), #592, .F. ) ;
#14 = ORIENTED_EDGE ( 'NONE', *, *, #99, .F. ) ;
#15 = CARTESIAN_POINT ( 'NONE',  ( 1.500056936032837296, 8.366590057606217101, 280.0982154358869707 ) ) ;
#16 = DIRECTION ( 'NONE',  ( -0.000000000000000000, 1.000000000000000000, -0.000000000000000000 ) ) ;
#17 = CARTESIAN_POINT ( 'NONE',  ( -0.1975489296258216010, 8.498250731809095626, 278.5098238944332820 ) ) ;
#18 = CARTESIAN_POINT ( 'NONE',  ( 0.9215893646803184902, 12.46675394982377760, 368.8004558132234365 ) ) ;
#19 = CARTESIAN_POINT ( 'NONE',  ( -8.368339422667746774, 1.490392332803966768, 140.1957494996732976 ) ) ;
#20 = CARTESIAN_POINT ( 'NONE',  ( 12.50000000000000178, 0.1983620543609510567, 119.5000000000000568 ) ) ;
#21 = CARTESIAN_POINT ( 'NONE',  ( 8.398688004956536446, -1.310647127300604620, 120.2447762761375571 ) ) ;
#22 = CARTESIAN_POINT ( 'NONE',  ( 12.40968240849053217, 1.499927506806439270, 140.1002687718780351 ) ) ;
#23 = CARTESIAN_POINT ( 'NONE',  ( -0.7543796072455440926, -12.47852433486674784, 368.6888599246144054 ) ) ;
#24 = ORIENTED_EDGE ( 'NONE', *, *, #628, .T. ) ;
#25 = CARTESIAN_POINT ( 'NONE',  ( -1.348247696834893983, -8.392477424430943245, 370.6647252283295870 ) ) ;
#26 = CARTESIAN_POINT ( 'NONE',  ( 1.451841265011196702, 12.41541494869714946, 369.6104939282075748 ) ) ;
#27 = CARTESIAN_POINT ( 'NONE',  ( 12.41540656073440907, -1.451913452599219667, 121.3893259559212368 ) ) ;
#29 = AXIS2_PLACEMENT_3D ( 'NONE', #425, #1400, #183 ) ;
#28 = CARTESIAN_POINT ( 'NONE',  ( -1.499927506806445265, -12.40968240849052862, 279.8997312281220502 ) ) ;
#30 = CARTESIAN_POINT ( 'NONE',  ( 8.467067332022203630, -0.7519779605241996290, 119.6984131987144195 ) ) ;
#31 = CARTESIAN_POINT ( 'NONE',  ( 0.000000000000000000, 12.50000000000000000, 281.5000000000000000 ) ) ;
#32 = B_SPLINE_CURVE_WITH_KNOTS ( 'NONE', 3,
 ( #1135, #1412, #536, #661, #889, #1273, #1026, #898, #1287, #1397, #1257, #1143, #49, #1158, #314, #326, #1280, #669, #430, #58, #786, #1150, #528, #1018 ),
 .UNSPECIFIED., .F., .F.,
 ( 4, 2, 2, 2, 2, 2, 2, 2, 2, 2, 2, 4 ),
 ( 0.004698892127675546870, 0.005286105592426064946, 0.005873319057176582154, 0.006166925789551782645, 0.006460532521926982269, 0.007047745986677230595, 0.007341352719052438025, 0.007634959451427643720, 0.007928566183802849415, 0.008222172916178056845, 0.008809386380928468235, 0.009396599845678881360 ),
 .UNSPECIFIED. ) ;
#33 = CARTESIAN_POINT ( 'NONE',  ( 1.192459731305335335, 8.416118969814808892, 279.0847973341847137 ) ) ;
#34 = CARTESIAN_POINT ( 'NONE',  ( 1.836971119779179831E-16, 8.500000000000000000, 278.5000000000000000 ) ) ;
#35 = LINE ( 'NONE', #391, #84 ) ;
#36 = CARTESIAN_POINT ( 'NONE',  ( 12.48263028716286271, -0.6649857906522216311, 122.3481310541170899 ) ) ;
#37 = CARTESIAN_POINT ( 'NONE',  ( -12.42712566357910120, 1.348324937156611059, 140.6645978691411187 ) ) ;
#38 = CARTESIAN_POINT ( 'NONE',  ( -12.41880724335821995, -1.422907925835153131, 121.4847640774655417 ) ) ;
#39 = CARTESIAN_POINT ( 'NONE',  ( 12.42711642649888582, 1.348409296814607083, 139.3355804194752920 ) ) ;
#40 = CARTESIAN_POINT ( 'NONE',  ( 1.490258184319204871, -12.41086231034069520, 279.8031296927868539 ) ) ;
#41 = LINE ( 'NONE', #749, #754 ) ;
#42 = EDGE_CURVE ( 'NONE', #357, #581, #151, .T. ) ;
#43 = FACE_OUTER_BOUND ( 'NONE', #1072, .T. ) ;
#44 = CARTESIAN_POINT ( 'NONE',  ( -12.50000000000000000, 0.000000000000000000, 119.5000000000000142 ) ) ;
#45 = VERTEX_POINT ( 'NONE', #1204 ) ;
#46 = CARTESIAN_POINT ( 'NONE',  ( -0.3898388263140047938, 12.49429012712622011, 278.5482254090601941 ) ) ;
#47 = CARTESIAN_POINT ( 'NONE',  ( 8.366590057606217101, 1.500056936032831523, 120.9017845641130862 ) ) ;
#48 = CARTESIAN_POINT ( 'NONE',  ( 0.000000000000000000, -12.50000000000000000, 281.5000000000000000 ) ) ;
#49 = CARTESIAN_POINT ( 'NONE',  ( -1.490392332803970987, -8.368339422667744998, 280.1957494996732976 ) ) ;
#50 = CARTESIAN_POINT ( 'NONE',  ( -0.3889306286315221683, 8.491640552456217961, 281.4520033414765976 ) ) ;
#51 = DIRECTION ( 'NONE',  ( 1.000000000000000000, 0.000000000000000000, 0.000000000000000000 ) ) ;
#52 = EDGE_CURVE ( 'NONE', #54, #672, #359, .T. ) ;
#53 = CARTESIAN_POINT ( 'NONE',  ( 8.500000000000000000, 0.000000000000000000, 119.5000000000000142 ) ) ;
#54 = VERTEX_POINT ( 'NONE', #947 ) ;
#55 = CARTESIAN_POINT ( 'NONE',  ( -0.9146560170946970159, 12.46675884608607809, 281.1928997866783675 ) ) ;
#56 = CARTESIAN_POINT ( 'NONE',  ( 1.310418190536415839, -8.398728247455428786, 369.2439899905558605 ) ) ;
#57 = CARTESIAN_POINT ( 'NONE',  ( 0.3885825194311091080, -12.49432711963323861, 281.4520913373451663 ) ) ;
#58 = CARTESIAN_POINT ( 'NONE',  ( -0.9234843832375552175, -8.450827680818418841, 281.1980186669396744 ) ) ;
#59 = CARTESIAN_POINT ( 'NONE',  ( -1.490231457880341059, 8.368368429005741405, 279.8029051509227543 ) ) ;
#60 = APPLICATION_CONTEXT ( 'automotive_design' ) ;
#61 = CARTESIAN_POINT ( 'NONE',  ( -12.50000000000000000, -1.817910234559191180E-23, 122.5000000000000142 ) ) ;
#62 = ORIENTED_EDGE ( 'NONE', *, *, #1443, .F. ) ;
#63 = CARTESIAN_POINT ( 'NONE',  ( -0.9908048652624106278, 12.46086827546074360, 278.8694683274349018 ) ) ;
#64 = VECTOR ( 'NONE', #1563, 1000.000000000000000 ) ;
#65 = CARTESIAN_POINT ( 'NONE',  ( 0.3889306286315220573, -8.491640552456219737, 371.4520033414765408 ) ) ;
#66 = COLOUR_RGB ( '',0.7921568627450980005, 0.8196078431372548767, 0.9333333333333333481 ) ;
#67 = ADVANCED_FACE ( 'NONE', ( #351 ), #826, .F. ) ;
#68 = CARTESIAN_POINT ( 'NONE',  ( 1.348324937156628156, -12.42712566357910120, 279.3354021308588244 ) ) ;
#69 = CARTESIAN_POINT ( 'NONE',  ( 12.40966931437717946, -1.500035835943863916, 140.0973830699883820 ) ) ;
#70 = CARTESIAN_POINT ( 'NONE',  ( -8.368368429005739628, -1.490231457880346388, 139.8029051509226406 ) ) ;
#71 = CARTESIAN_POINT ( 'NONE',  ( -12.41461637598816026, 1.460468453404687228, 120.6060410245514021 ) ) ;
#72 = ORIENTED_EDGE ( 'NONE', *, *, #1508, .T. ) ;
#73 = CARTESIAN_POINT ( 'NONE',  ( 8.392629457981790608, 1.347307643918906006, 140.6666748623965191 ) ) ;
#74 = CARTESIAN_POINT ( 'NONE',  ( 0.9152780080342490798, -8.450971261715809035, 368.8076078103761120 ) ) ;
#75 = EDGE_CURVE ( 'NONE', #135, #467, #158, .T. ) ;
#76 = CARTESIAN_POINT ( 'NONE',  ( -12.50000000000000000, 1.836970198721026729E-16, 141.5000000000000284 ) ) ;
#77 = CARTESIAN_POINT ( 'NONE',  ( -8.500000000000000000, 0.000000000000000000, 400.0000000000000000 ) ) ;
#78 = CARTESIAN_POINT ( 'NONE',  ( -8.398728247455428786, -1.310418190536442040, 139.2439899905560026 ) ) ;
#79 = CARTESIAN_POINT ( 'NONE',  ( -12.49882004151870696, 0.1967336182265052580, 119.5097444816877896 ) ) ;
#80 = B_SPLINE_CURVE_WITH_KNOTS ( 'NONE', 3,
 ( #61, #1391, #308, #780, #316, #1275, #200, #635, #1115, #38, #997, #1129, #510, #1474, #261, #402, #163, #531, #1230, #1367, #169, #1489, #1107, #646, #284, #44 ),
 .UNSPECIFIED., .F., .F.,
 ( 4, 2, 2, 2, 2, 2, 2, 2, 2, 2, 2, 2, 4 ),
 ( 0.004693911485340966465, 0.005280510558114600086, 0.005867109630888232841, 0.006160409167275064830, 0.006453708703661895953, 0.006747008240048727942, 0.007040307776435559065, 0.007333607312822390187, 0.007626906849209221309, 0.007920206385596052431, 0.008213505921982885288, 0.008800104994756547533, 0.009386704067530213247 ),
 .UNSPECIFIED. ) ;
#81 = ORIENTED_EDGE ( 'NONE', *, *, #791, .T. ) ;
#82 = CARTESIAN_POINT ( 'NONE',  ( 0.7565211530710459487, 8.468196648509033864, 371.3098985607880422 ) ) ;
#83 = DIRECTION ( 'NONE',  ( -0.000000000000000000, -0.000000000000000000, -1.000000000000000000 ) ) ;
#84 = VECTOR ( 'NONE', #860, 1000.000000000000000 ) ;
#85 = FACE_BOUND ( 'NONE', #1060, .T. ) ;
#86 = CARTESIAN_POINT ( 'NONE',  ( 12.41461637598816026, -1.460468453404687228, 139.6060410245514163 ) ) ;
#87 = CARTESIAN_POINT ( 'NONE',  ( -12.43219232783412131, 1.301372456459305882, 121.7523115303412311 ) ) ;
#88 = CARTESIAN_POINT ( 'NONE',  ( 0.1958370400149695711, 12.50000000000000178, 278.5000000000000568 ) ) ;
#89 = DIRECTION ( 'NONE',  ( 0.000000000000000000, 0.000000000000000000, 1.000000000000000000 ) ) ;
#90 = DIRECTION ( 'NONE',  ( 1.000000000000000000, -0.000000000000000000, -0.000000000000000000 ) ) ;
#91 = VECTOR ( 'NONE', #370, 1000.000000000000000 ) ;
#92 = CARTESIAN_POINT ( 'NONE',  ( 0.9917595663931340066, -12.46078747305131174, 371.1295886323923696 ) ) ;
#93 = B_SPLINE_CURVE_WITH_KNOTS ( 'NONE', 3,
 ( #313, #288, #1371, #1510, #197, #1517, #762, #422, #637, #776, #668, #551, #1265, #768, #881, #172, #897, #1033, #411, #643, #1025, #1364, #1387, #280, #1242, #755, #1125, #1500 ),
 .UNSPECIFIED., .F., .F.,
 ( 4, 2, 2, 2, 2, 2, 2, 2, 2, 2, 2, 2, 2, 4 ),
 ( 0.000000000000000000, 0.0002936807579797071511, 0.0005873615159594143022, 0.0008810422739391214533, 0.001174723031918828604, 0.001762084547878242907, 0.002349446063837657209, 0.002643126821817384960, 0.002936807579797113144, 0.003524169095756568646, 0.003817849853736296831, 0.004111530611716024582, 0.004405211369695752333, 0.004698892127675480083 ),
 .UNSPECIFIED. ) ;
#94 = CARTESIAN_POINT ( 'NONE',  ( -1.198965026476234375, 8.416165659157027079, 370.9222908879772262 ) ) ;
#95 = B_SPLINE_CURVE_WITH_KNOTS ( 'NONE', 3,
 ( #1124, #674, #1523, #65, #428, #302, #904, #319, #1006, #294, #1394, #1386, #666, #1404, #1278, #1148, #784, #56, #312, #1271, #74, #410, #1498, #550, #1031, #203, #1376, #435 ),
 .UNSPECIFIED., .F., .F.,
 ( 4, 2, 2, 2, 2, 2, 2, 2, 2, 2, 2, 2, 2, 4 ),
 ( 0.000000000000000000, 0.0002936807579797777326, 0.0005873615159595552485, 0.0008810422739393328727, 0.001174723031919110280, 0.001762084547878665745, 0.002349446063838220560, 0.002643126821817914918, 0.002936807579797609709, 0.003524169095756998424, 0.003817849853736635102, 0.004111530611716272647, 0.004405211369695908458, 0.004698892127675546003 ),
 .UNSPECIFIED. ) ;
#96 = CARTESIAN_POINT ( 'NONE',  ( -0.9146560170946973489, 12.46675884608607809, 371.1928997866784812 ) ) ;
#97 = CARTESIAN_POINT ( 'NONE',  ( -12.41541494869715123, -1.451841265011200699, 140.3895060717925105 ) ) ;
#98 = CARTESIAN_POINT ( 'NONE',  ( 0.3898388263140056265, -12.49429012712621834, 368.5482254090600804 ) ) ;
#99 = EDGE_CURVE ( 'NONE', #1553, #480, #796, .T. ) ;
#100 = CARTESIAN_POINT ( 'NONE',  ( -1.451834503863481007, 8.375115314730159355, 369.6103684420114632 ) ) ;
#101 = CARTESIAN_POINT ( 'NONE',  ( -8.450971261715809035, -0.9152780080342685087, 138.8076078103762256 ) ) ;
#102 = DIRECTION ( 'NONE',  ( 0.000000000000000000, 0.000000000000000000, -1.000000000000000000 ) ) ;
#103 = CARTESIAN_POINT ( 'NONE',  ( 0.000000000000000000, 0.000000000000000000, 400.0000000000000000 ) ) ;
#104 = CIRCLE ( 'NONE', #311, 8.500000000000000000 ) ;
#105 = CARTESIAN_POINT ( 'NONE',  ( -12.50000000000000178, -0.1983620543609513343, 138.5000000000000000 ) ) ;
#106 = CARTESIAN_POINT ( 'NONE',  ( 0.4839036700400448643, -12.49096079992120245, 371.4232017403501231 ) ) ;
#108 = ORIENTED_EDGE ( 'NONE', *, *, #1016, .T. ) ;
#107 = CARTESIAN_POINT ( 'NONE',  ( -0.9908331434176756991, 8.442345620408721274, 368.8695156213141786 ) ) ;
#109 =( NAMED_UNIT ( * ) PLANE_ANGLE_UNIT ( ) SI_UNIT ( $, .RADIAN. ) );
#110 = ADVANCED_FACE ( 'NONE', ( #620 ), #254, .F. ) ;
#111 = CARTESIAN_POINT ( 'NONE',  ( 0.1974331986599767996, -12.49881115240055784, 278.5098174925642525 ) ) ;
#112 = CARTESIAN_POINT ( 'NONE',  ( -0.3885825194311092745, 12.49432711963324216, 371.4520913373451094 ) ) ;
#113 = ORIENTED_EDGE ( 'NONE', *, *, #325, .F. ) ;
#114 = CARTESIAN_POINT ( 'NONE',  ( 0.000000000000000000, 8.500000000000000000, 371.5000000000000000 ) ) ;
#115 = PLANE ( 'NONE',  #1077 ) ;
#117 = VERTEX_POINT ( 'NONE', #992 ) ;
#116 = DIRECTION ( 'NONE',  ( 0.000000000000000000, 0.000000000000000000, 1.000000000000000000 ) ) ;
#118 = CARTESIAN_POINT ( 'NONE',  ( 8.498250731809092073, -0.1975489296258251815, 141.4901761055667748 ) ) ;
#119 = ORIENTED_EDGE ( 'NONE', *, *, #328, .F. ) ;
#120 = EDGE_CURVE ( 'NONE', #251, #957, #567, .T. ) ;
#121 = CARTESIAN_POINT ( 'NONE',  ( 1.836970198721031906E-16, -12.50000000000000000, 278.5000000000000000 ) ) ;
#122 = DIRECTION ( 'NONE',  ( 0.000000000000000000, 0.000000000000000000, -1.000000000000000000 ) ) ;
#123 = LINE ( 'NONE', #1075, #64 ) ;
#124 = CARTESIAN_POINT ( 'NONE',  ( 1.460468453404699218, -12.41461637598816203, 370.3939589754485269 ) ) ;
#126 = ORIENTED_EDGE ( 'NONE', *, *, #1414, .T. ) ;
#125 = CARTESIAN_POINT ( 'NONE',  ( -1.129123276050099545, -12.44909237165973437, 279.0077102586633373 ) ) ;
#127 =( NAMED_UNIT ( * ) SI_UNIT ( $, .STERADIAN. ) SOLID_ANGLE_UNIT ( ) );
#128 = ORIENTED_EDGE ( 'NONE', *, *, #606, .F. ) ;
#129 = CARTESIAN_POINT ( 'NONE',  ( -1.347472495736468989, -12.42721844124117503, 369.3336809702257142 ) ) ;
#130 = CARTESIAN_POINT ( 'NONE',  ( 0.000000000000000000, -12.50000000000000000, 370.0000000000000000 ) ) ;
#131 = DIRECTION ( 'NONE',  ( 1.000000000000000000, -0.000000000000000000, -0.000000000000000000 ) ) ;
#132 = CARTESIAN_POINT ( 'NONE',  ( -12.49511705667184458, -0.3933292612530490118, 141.4606399218671413 ) ) ;
#133 = CARTESIAN_POINT ( 'NONE',  ( -8.451032802989450587, 0.9216747668926728032, 138.8005234619804469 ) ) ;
#135 = VERTEX_POINT ( 'NONE', #1535 ) ;
#134 = CARTESIAN_POINT ( 'NONE',  ( -1.348409296814600422, -12.42711642649888226, 280.6644195805246795 ) ) ;
#136 = CARTESIAN_POINT ( 'NONE',  ( 8.416165659157023526, -1.198965026476223938, 139.0777091120229159 ) ) ;
#137 = ORIENTED_EDGE ( 'NONE', *, *, #328, .T. ) ;
#138 = CARTESIAN_POINT ( 'NONE',  ( 1.836970017140960950E-16, -12.50000000000000000, 368.5000000000000000 ) ) ;
#139 = ORIENTED_EDGE ( 'NONE', *, *, #503, .F. ) ;
#140 = CARTESIAN_POINT ( 'NONE',  ( 0.000000000000000000, 0.000000000000000000, 109.9999999999999858 ) ) ;
#141 = CIRCLE ( 'NONE', #1219, 8.500000000000000000 ) ;
#142 = CARTESIAN_POINT ( 'NONE',  ( -8.368339422667744998, 1.490392332803966546, 121.1957494996733260 ) ) ;
#143 = LINE ( 'NONE', #614, #1368 ) ;
#144 = MECHANICAL_DESIGN_GEOMETRIC_PRESENTATION_REPRESENTATION (  '', ( #1509 ), #485 ) ;
#145 = CARTESIAN_POINT ( 'NONE',  ( -1.451841265011197590, -12.41541494869715301, 279.6104939282075748 ) ) ;
#146 = CARTESIAN_POINT ( 'NONE',  ( 8.375115314730157579, -1.451834503863482784, 121.3896315579883805 ) ) ;
#147 = AXIS2_PLACEMENT_3D ( 'NONE', #130, #16, #857 ) ;
#148 = CARTESIAN_POINT ( 'NONE',  ( 8.366613755563482968, -1.499924755126927023, 139.8033254457848500 ) ) ;
#149 = EDGE_LOOP ( 'NONE', ( #1315, #504 ) ) ;
#150 = CARTESIAN_POINT ( 'NONE',  ( -1.490117304760209427, -12.41087917212862735, 369.8022414178682880 ) ) ;
#151 = LINE ( 'NONE', #621, #810 ) ;
#152 = CARTESIAN_POINT ( 'NONE',  ( -0.7565211530710459487, -8.468196648509033864, 371.3098985607880422 ) ) ;
#153 = CARTESIAN_POINT ( 'NONE',  ( 1.452391591922874925, 12.41535037508795014, 370.3874541618273497 ) ) ;
#154 = CARTESIAN_POINT ( 'NONE',  ( -8.392629457981794161, 1.347307643918906450, 139.3333251376035662 ) ) ;
#155 = CARTESIAN_POINT ( 'NONE',  ( 12.41872961614443405, 1.423581761119317779, 120.5172205678271382 ) ) ;
#156 = CARTESIAN_POINT ( 'NONE',  ( 8.491640552456216184, -0.3889306286315222794, 119.5479966585234592 ) ) ;
#157 = DIRECTION ( 'NONE',  ( 1.000000000000000000, -0.000000000000000000, -0.000000000000000000 ) ) ;
#158 = LINE ( 'NONE', #984, #11 ) ;
#159 = CARTESIAN_POINT ( 'NONE',  ( -0.3958075011082328731, -8.492703642240792661, 371.4599640121128914 ) ) ;
#160 = CARTESIAN_POINT ( 'NONE',  ( 0.7561687199503958068, 12.47841377293009479, 371.3101005098843643 ) ) ;
#161 = CARTESIAN_POINT ( 'NONE',  ( 12.46672313643619567, -0.9151153637875241165, 122.1925205861736288 ) ) ;
#162 = CARTESIAN_POINT ( 'NONE',  ( -12.40966931437717768, 1.500035835943863471, 140.0973830699883536 ) ) ;
#163 = CARTESIAN_POINT ( 'NONE',  ( -12.41872961614443227, -1.423581761119317557, 120.5172205678271382 ) ) ;
#164 = CARTESIAN_POINT ( 'NONE',  ( 1.302249794529017679, 8.399831814550571707, 370.7508451700802539 ) ) ;
#165 = CARTESIAN_POINT ( 'NONE',  ( 0.9917595663931340066, -12.46078747305130818, 281.1295886323923128 ) ) ;
#166 = CARTESIAN_POINT ( 'NONE',  ( -8.400000547032599130, 1.301156998487677185, 120.2473071040679002 ) ) ;
#167 = B_SPLINE_CURVE_WITH_KNOTS ( 'NONE', 3,
 ( #1350, #1104, #868, #1365, #18, #875, #1470, #268, #730, #1358, #26, #1227, #1119, #987, #613, #153, #372, #514, #275, #1112, #1235, #507, #160, #281, #994, #632 ),
 .UNSPECIFIED., .F., .F.,
 ( 4, 2, 2, 2, 2, 2, 2, 2, 2, 2, 2, 2, 4 ),
 ( 0.004693911485340968200, 0.005280510558114595750, 0.005867109630888223300, 0.006160409167275037075, 0.006453708703661850850, 0.006747008240048663757, 0.007040307776435477533, 0.007333607312822291308, 0.007626906849209104215, 0.007920206385595918858, 0.008213505921982730898, 0.008800104994756474674, 0.009386704067530218451 ),
 .UNSPECIFIED. ) ;
#168 = DIRECTION ( 'NONE',  ( -1.000000000000000000, 0.000000000000000000, 0.000000000000000000 ) ) ;
#169 = CARTESIAN_POINT ( 'NONE',  ( -12.44897097523742069, -1.130453806491438895, 120.0092293874808007 ) ) ;
#170 = CARTESIAN_POINT ( 'NONE',  ( 1.836971119787068440E-16, 8.500000000000000000, 368.5000000000000000 ) ) ;
#171 = CARTESIAN_POINT ( 'NONE',  ( 8.366620815185237703, 1.499885378424139493, 121.1990280993632609 ) ) ;
#172 = CARTESIAN_POINT ( 'NONE',  ( -8.375115314730161131, -1.451834503863483006, 120.6103684420115911 ) ) ;
#173 = CARTESIAN_POINT ( 'NONE',  ( 0.000000000000000000, -12.50000000000000000, 280.0000000000000000 ) ) ;
#174 = EDGE_CURVE ( 'NONE', #957, #251, #1444, .T. ) ;
#175 = CARTESIAN_POINT ( 'NONE',  ( -12.50000000000000000, 0.09920467492581272473, 138.5000000000000000 ) ) ;
#176 = CARTESIAN_POINT ( 'NONE',  ( -12.50000000000000000, -1.816253626658227055E-23, 141.5000000000000284 ) ) ;
#177 = VERTEX_POINT ( 'NONE', #713 ) ;
#178 = CARTESIAN_POINT ( 'NONE',  ( 1.129182222660791490, 8.424951481243642348, 369.0077779516039413 ) ) ;
#179 = LINE ( 'NONE', #1516, #1473 ) ;
#180 = CARTESIAN_POINT ( 'NONE',  ( 0.9151153637875295566, -12.46672313643619390, 278.8074794138263997 ) ) ;
#181 = CARTESIAN_POINT ( 'NONE',  ( 12.49096079992119890, -0.4839036700400520252, 138.5767982596499337 ) ) ;
#182 = DIRECTION ( 'NONE',  ( 0.000000000000000000, 0.000000000000000000, 1.000000000000000000 ) ) ;
#183 = DIRECTION ( 'NONE',  ( 0.000000000000000000, 0.000000000000000000, 1.000000000000000000 ) ) ;
#184 = EDGE_CURVE ( 'NONE', #1288, #602, #469, .T. ) ;
#185 = ORIENTED_EDGE ( 'NONE', *, *, #481, .F. ) ;
#186 = CARTESIAN_POINT ( 'NONE',  ( -0.1967336182264997901, 12.49882004151870341, 281.4902555183123241 ) ) ;
#187 = VECTOR ( 'NONE', #83, 1000.000000000000000 ) ;
#188 = CARTESIAN_POINT ( 'NONE',  ( -12.50000000000000000, -1.816253626658227055E-23, 141.5000000000000284 ) ) ;
#189 = CARTESIAN_POINT ( 'NONE',  ( 0.7516576565780354047, -12.47764731523457726, 281.3017742884128438 ) ) ;
#190 = CARTESIAN_POINT ( 'NONE',  ( 12.49432711963324039, -0.3885825194311122721, 138.5479086626548053 ) ) ;
#191 = CARTESIAN_POINT ( 'NONE',  ( -0.9148968747956419678, 8.451015546465464823, 281.1927123554672789 ) ) ;
#192 = CARTESIAN_POINT ( 'NONE',  ( -12.41873308735461023, 1.423552211753601027, 121.4828763446647599 ) ) ;
#193 = EDGE_LOOP ( 'NONE', ( #523, #466 ) ) ;
#194 = CARTESIAN_POINT ( 'NONE',  ( 8.424951481243644125, 1.129182222660783053, 140.9922220483961439 ) ) ;
#195 = ADVANCED_FACE ( 'NONE', ( #1190, #1564 ), #115, .T. ) ;
#196 = CARTESIAN_POINT ( 'NONE',  ( -12.43219232783412131, 1.301372456459302551, 140.7523115303412737 ) ) ;
#197 = CARTESIAN_POINT ( 'NONE',  ( -8.486679023007038580, -0.4843135366636108774, 122.4230612619174394 ) ) ;
#198 = CARTESIAN_POINT ( 'NONE',  ( 12.47764731523457549, -0.7516576565780442865, 138.6982257115873267 ) ) ;
#199 = CARTESIAN_POINT ( 'NONE',  ( -8.474365490793221767, -0.6658903586899518334, 141.3476843054549192 ) ) ;
#200 = CARTESIAN_POINT ( 'NONE',  ( -12.44311109198404708, -1.192468017653596890, 121.9152115399785430 ) ) ;
#201 = VERTEX_POINT ( 'NONE', #1068 ) ;
#202 = CARTESIAN_POINT ( 'NONE',  ( 0.000000000000000000, 8.500000000000000000, 371.5000000000000000 ) ) ;
#203 = CARTESIAN_POINT ( 'NONE',  ( 0.1975489296258216843, -8.498250731809092073, 368.5098238944332252 ) ) ;
#204 = CARTESIAN_POINT ( 'NONE',  ( 0.4837310432150874751, -8.486711464432350027, 278.5767473500811775 ) ) ;
#205 = LINE ( 'NONE', #77, #456 ) ;
#206 = CARTESIAN_POINT ( 'NONE',  ( -12.42712566357910298, 1.348324937156612391, 121.6645978691412040 ) ) ;
#207 = CARTESIAN_POINT ( 'NONE',  ( 0.000000000000000000, 0.000000000000000000, 400.0000000000000000 ) ) ;
#208 = CARTESIAN_POINT ( 'NONE',  ( 0.3933292612530560062, 12.49511705667184458, 278.5393600781329155 ) ) ;
#209 = CARTESIAN_POINT ( 'NONE',  ( 0.000000000000000000, 0.000000000000000000, 0.000000000000000000 ) ) ;
#210 = CARTESIAN_POINT ( 'NONE',  ( 12.41086231034069698, -1.490258184319200874, 140.1968703072132314 ) ) ;
#211 = ADVANCED_FACE ( 'NONE', ( #446 ), #924, .F. ) ;
#212 = CARTESIAN_POINT ( 'NONE',  ( 0.6649857906522327333, -12.48263028716286094, 368.6518689458830522 ) ) ;
#213 = CARTESIAN_POINT ( 'NONE',  ( 1.500071700528065266, 12.40966497930337908, 280.0980879481044781 ) ) ;
#214 = CARTESIAN_POINT ( 'NONE',  ( 1.310647127300611281, -8.398688004956531117, 280.7552237238624571 ) ) ;
#215 = CARTESIAN_POINT ( 'NONE',  ( -0.7516576565780354047, 12.47764731523457371, 371.3017742884126733 ) ) ;
#216 = ADVANCED_FACE ( 'NONE', ( #353 ), #828, .F. ) ;
#217 = CARTESIAN_POINT ( 'NONE',  ( -12.43219535261178166, -1.301350196942081316, 140.7523827489751795 ) ) ;
#218 = CARTESIAN_POINT ( 'NONE',  ( 1.490258184319205093, -12.41086231034069698, 369.8031296927868539 ) ) ;
#219 = CARTESIAN_POINT ( 'NONE',  ( 0.000000000000000000, 12.50000000000000000, 281.5000000000000000 ) ) ;
#220 = DIRECTION ( 'NONE',  ( -0.000000000000000000, 1.000000000000000000, -0.000000000000000000 ) ) ;
#221 = CARTESIAN_POINT ( 'NONE',  ( 0.1969374199134031889, -8.498261113818788459, 281.4902336696588350 ) ) ;
#222 = CARTESIAN_POINT ( 'NONE',  ( 1.836969277654859786E-16, -8.500000000000000000, 278.5000000000000000 ) ) ;
#223 = CARTESIAN_POINT ( 'NONE',  ( -12.50000000000000000, 0.000000000000000000, 119.5000000000000142 ) ) ;
#224 = CARTESIAN_POINT ( 'NONE',  ( -0.1983620543609513620, -12.50000000000000355, 371.5000000000001137 ) ) ;
#226 = ORIENTED_EDGE ( 'NONE', *, *, #560, .T. ) ;
#225 = CARTESIAN_POINT ( 'NONE',  ( 0.000000000000000000, 0.000000000000000000, 109.9999999999999858 ) ) ;
#227 = EDGE_CURVE ( 'NONE', #902, #728, #1237, .T. ) ;
#228 = CARTESIAN_POINT ( 'NONE',  ( -0.7561687199503959178, -12.47841377293009657, 281.3101005098843643 ) ) ;
#229 = CARTESIAN_POINT ( 'NONE',  ( -1.130761108126679959, 12.44894821965935527, 369.0094569872798047 ) ) ;
#230 = LINE ( 'NONE', #223, #951 ) ;
#231 = CARTESIAN_POINT ( 'NONE',  ( 1.836970017140960950E-16, -12.50000000000000000, 368.5000000000000000 ) ) ;
#233 = ORIENTED_EDGE ( 'NONE', *, *, #1130, .F. ) ;
#232 = CARTESIAN_POINT ( 'NONE',  ( -0.4837310432150876971, 8.486711464432346474, 368.5767473500809501 ) ) ;
#234 = CARTESIAN_POINT ( 'NONE',  ( 8.398688004956538222, -1.310647127300597070, 139.2447762761375429 ) ) ;
#235 = APPLICATION_PROTOCOL_DEFINITION ( 'draft international standard', 'automotive_design', 1998, #303 ) ;
#236 = ORIENTED_EDGE ( 'NONE', *, *, #744, .F. ) ;
#237 = CARTESIAN_POINT ( 'NONE',  ( -12.50000000000000000, 0.000000000000000000, 121.0000000000000142 ) ) ;
#238 = DIRECTION ( 'NONE',  ( 1.000000000000000000, -0.000000000000000000, -0.000000000000000000 ) ) ;
#239 = CARTESIAN_POINT ( 'NONE',  ( -12.41872961614443049, -1.423581761119320888, 139.5172205678270814 ) ) ;
#240 = CARTESIAN_POINT ( 'NONE',  ( 12.50000000000000178, -0.09920467492581282187, 119.5000000000000142 ) ) ;
#242 = EDGE_LOOP ( 'NONE', ( #139, #1153, #1466, #1438 ) ) ;
#241 = DIRECTION ( 'NONE',  ( 0.000000000000000000, 0.000000000000000000, 1.000000000000000000 ) ) ;
#243 = CARTESIAN_POINT ( 'NONE',  ( 8.451015546465463046, -0.9148968747956305325, 138.8072876445328347 ) ) ;
#244 = EDGE_LOOP ( 'NONE', ( #1192, #1269, #1551, #962 ) ) ;
#245 = CARTESIAN_POINT ( 'NONE',  ( 1.452298113880956532, 8.375034578261383089, 280.3878367707181383 ) ) ;
#246 = ORIENTED_EDGE ( 'NONE', *, *, #939, .T. ) ;
#247 = DIRECTION ( 'NONE',  ( -1.000000000000000000, 0.000000000000000000, 0.000000000000000000 ) ) ;
#248 = CARTESIAN_POINT ( 'NONE',  ( 12.50000000000000355, -0.09920467492581279412, 138.5000000000000000 ) ) ;
#249 = CARTESIAN_POINT ( 'NONE',  ( 12.46078747305130641, -0.9917595663931251249, 119.8704113676076446 ) ) ;
#251 = VERTEX_POINT ( 'NONE', #1481 ) ;
#250 = CARTESIAN_POINT ( 'NONE',  ( -1.500071700528065266, -12.40966497930337908, 280.0980879481044781 ) ) ;
#252 = CARTESIAN_POINT ( 'NONE',  ( 8.500000000000000000, 1.040949871468861084E-15, 141.5000000000000284 ) ) ;
#253 = ORIENTED_EDGE ( 'NONE', *, *, #791, .F. ) ;
#254 = CYLINDRICAL_SURFACE ( 'NONE', #1159, 1.500000000000001332 ) ;
#255 = ORIENTED_EDGE ( 'NONE', *, *, #1479, .F. ) ;
#256 = CARTESIAN_POINT ( 'NONE',  ( -1.500056936032837074, -8.366590057606215325, 370.0982154358869707 ) ) ;
#257 = EDGE_CURVE ( 'NONE', #1288, #1065, #519, .T. ) ;
#258 = CARTESIAN_POINT ( 'NONE',  ( -8.416118969814810669, 1.192459731305325565, 120.0847973341847705 ) ) ;
#259 = CARTESIAN_POINT ( 'NONE',  ( -8.492703642240789108, 0.3958075011082172190, 141.4599640121130051 ) ) ;
#260 = CARTESIAN_POINT ( 'NONE',  ( 12.41084478235201694, 1.490401979618394490, 120.8043881318655366 ) ) ;
#261 = CARTESIAN_POINT ( 'NONE',  ( -12.41084478235201694, -1.490401979618393824, 120.8043881318655224 ) ) ;
#262 = CARTESIAN_POINT ( 'NONE',  ( 12.41880724335821995, 1.422907925835152465, 140.4847640774655702 ) ) ;
#263 = ORIENTED_EDGE ( 'NONE', *, *, #594, .T. ) ;
#264 = DIRECTION ( 'NONE',  ( 1.000000000000000000, -0.000000000000000000, -0.000000000000000000 ) ) ;
#265 = ORIENTED_EDGE ( 'NONE', *, *, #1526, .T. ) ;
#266 = CARTESIAN_POINT ( 'NONE',  ( -0.9152780080342499680, 8.450971261715810812, 278.8076078103762256 ) ) ;
#267 = B_SPLINE_CURVE_WITH_KNOTS ( 'NONE', 3,
 ( #1403, #1147, #318, #556, #439, #194, #917, #323, #73, #549, #662, #1019, #1430, #1027, #1380, #306, #1249, #1300, #431, #1053, #1419, #1267, #907, #692 ),
 .UNSPECIFIED., .F., .F.,
 ( 4, 2, 2, 2, 2, 2, 2, 2, 2, 2, 2, 4 ),
 ( 0.004698892127675502635, 0.005286105592425952189, 0.005873319057176401743, 0.006166925789551597030, 0.006460532521926793184, 0.007047745986677260085, 0.007341352719052451903, 0.007634959451427643720, 0.007928566183802837272, 0.008222172916178029090, 0.008809386380928412724, 0.009396599845678796359 ),
 .UNSPECIFIED. ) ;
#268 = CARTESIAN_POINT ( 'NONE',  ( 1.301350196942087756, 12.43219535261177988, 369.2476172510248489 ) ) ;
#269 = CARTESIAN_POINT ( 'NONE',  ( -8.424951481243644125, 1.129182222660783053, 139.0077779516039129 ) ) ;
#270 = CARTESIAN_POINT ( 'NONE',  ( 12.50000000000000000, 0.1958370400149686275, 122.5000000000000426 ) ) ;
#271 = FACE_BOUND ( 'NONE', #548, .T. ) ;
#272 = CARTESIAN_POINT ( 'NONE',  ( -0.9151153637875294455, 12.46672313643619390, 278.8074794138262860 ) ) ;
#273 = CARTESIAN_POINT ( 'NONE',  ( -1.129123276050099323, -12.44909237165973437, 369.0077102586632236 ) ) ;
#274 = CARTESIAN_POINT ( 'NONE',  ( 0.000000000000000000, -12.50000000000000000, 280.0000000000000000 ) ) ;
#275 = CARTESIAN_POINT ( 'NONE',  ( 1.302401170190220947, 12.43208494312676038, 370.7505691250283348 ) ) ;
#276 = CARTESIAN_POINT ( 'NONE',  ( -8.424799179599084198, 1.130303834227447846, 140.9909244549589573 ) ) ;
#277 = CARTESIAN_POINT ( 'NONE',  ( 0.000000000000000000, -12.50000000000000000, 370.0000000000000000 ) ) ;
#278 = CARTESIAN_POINT ( 'NONE',  ( 8.500000000000000000, 1.040949871430995760E-15, 122.5000000000000142 ) ) ;
#279 = CARTESIAN_POINT ( 'NONE',  ( -0.6649857906522321782, 12.48263028716286094, 278.6518689458829954 ) ) ;
#280 = CARTESIAN_POINT ( 'NONE',  ( -8.486711464432346474, -0.4837310432150895845, 119.5767473500810070 ) ) ;
#281 = CARTESIAN_POINT ( 'NONE',  ( 0.3954347771936482792, 12.49504832957715195, 371.4600636342353823 ) ) ;
#282 = VECTOR ( 'NONE', #703, 1000.000000000000000 ) ;
#283 = CYLINDRICAL_SURFACE ( 'NONE', #1264, 12.50000000000000000 ) ;
#284 = CARTESIAN_POINT ( 'NONE',  ( -12.50000000000000178, -0.1983620543609514730, 119.5000000000000142 ) ) ;
#285 = CARTESIAN_POINT ( 'NONE',  ( 0.1959496514703176484, 8.500000000000001776, 368.5000000000000568 ) ) ;
#286 = CARTESIAN_POINT ( 'NONE',  ( 8.451032802989450587, 0.9216747668926810189, 122.1994765380195247 ) ) ;
#287 = EDGE_CURVE ( 'NONE', #836, #717, #143, .T. ) ;
#288 = CARTESIAN_POINT ( 'NONE',  ( -8.500000000000000000, -0.09931784444946818724, 122.5000000000000142 ) ) ;
#289 = DIRECTION ( 'NONE',  ( -0.000000000000000000, -0.000000000000000000, -1.000000000000000000 ) ) ;
#290 = AXIS2_PLACEMENT_3D ( 'NONE', #207, #783, #1154 ) ;
#291 = CARTESIAN_POINT ( 'NONE',  ( 8.442216378004124167, -0.9918785264490833642, 119.8705260547676090 ) ) ;
#292 = ORIENTED_EDGE ( 'NONE', *, *, #831, .T. ) ;
#293 = CARTESIAN_POINT ( 'NONE',  ( 1.836970380297022973E-16, 12.50000000000000000, 278.5000000000000000 ) ) ;
#294 = CARTESIAN_POINT ( 'NONE',  ( 1.198965026476234375, -8.416165659157027079, 370.9222908879772262 ) ) ;
#295 = CARTESIAN_POINT ( 'NONE',  ( -12.50000000000000000, -1.817910234559191180E-23, 122.5000000000000142 ) ) ;
#296 = CYLINDRICAL_SURFACE ( 'NONE', #932, 8.500000000000000000 ) ;
#297 = CARTESIAN_POINT ( 'NONE',  ( -8.366593549838288624, -1.500037457286004461, 139.9025248002387229 ) ) ;
#298 = EDGE_CURVE ( 'NONE', #377, #426, #41, .T. ) ;
#299 = CARTESIAN_POINT ( 'NONE',  ( -12.46086827546074360, 0.9908048652624147357, 122.1305316725650840 ) ) ;
#300 = ORIENTED_EDGE ( 'NONE', *, *, #298, .F. ) ;
#301 = CARTESIAN_POINT ( 'NONE',  ( 0.9216747668926804637, 8.451032802989450587, 368.8005234619805606 ) ) ;
#302 = CARTESIAN_POINT ( 'NONE',  ( 0.6658903586899318494, -8.474365490793225320, 371.3476843054548908 ) ) ;
#303 = APPLICATION_CONTEXT ( 'automotive_design' ) ;
#304 = CARTESIAN_POINT ( 'NONE',  ( 0.1967336182264997346, -12.49882004151870341, 281.4902555183123241 ) ) ;
#305 = CARTESIAN_POINT ( 'NONE',  ( 12.41540656073440907, -1.451913452599228105, 140.3893259559212368 ) ) ;
#306 = CARTESIAN_POINT ( 'NONE',  ( 8.392477424430943245, 1.348247696834889320, 139.3352747716704414 ) ) ;
#307 = EDGE_CURVE ( 'NONE', #117, #389, #35, .T. ) ;
#308 = CARTESIAN_POINT ( 'NONE',  ( -12.49511705667184636, -0.3933292612530472354, 122.4606399218671271 ) ) ;
#309 = ORIENTED_EDGE ( 'NONE', *, *, #1409, .F. ) ;
#310 = DIRECTION ( 'NONE',  ( 1.000000000000000000, -0.000000000000000000, -0.000000000000000000 ) ) ;
#311 = AXIS2_PLACEMENT_3D ( 'NONE', #438, #540, #1407 ) ;
#312 = CARTESIAN_POINT ( 'NONE',  ( 1.200249930558850764, -8.416008535779326394, 369.0789239453859523 ) ) ;
#313 = CARTESIAN_POINT ( 'NONE',  ( -8.500000000000000000, 0.000000000000000000, 122.5000000000000000 ) ) ;
#314 = CARTESIAN_POINT ( 'NONE',  ( -1.423364979404151853, -8.380064516876316816, 280.4833876463092110 ) ) ;
#315 = CARTESIAN_POINT ( 'NONE',  ( -8.500000000000000000, 0.000000000000000000, 141.5000000000000284 ) ) ;
#316 = CARTESIAN_POINT ( 'NONE',  ( -12.46675394982377050, -0.9215893646803344774, 122.1995441867765209 ) ) ;
#317 = ORIENTED_EDGE ( 'NONE', *, *, #1526, .F. ) ;
#318 = CARTESIAN_POINT ( 'NONE',  ( 8.492807084307063548, 0.3936705028018576691, 141.4605548144162697 ) ) ;
#319 = CARTESIAN_POINT ( 'NONE',  ( 0.9148968747956411907, -8.451015546465461270, 371.1927123554671084 ) ) ;
#320 = CARTESIAN_POINT ( 'NONE',  ( 0.9918785264490860287, -8.442216378004118837, 281.1294739452325189 ) ) ;
#321 = FACE_BOUND ( 'NONE', #486, .T. ) ;
#322 = CARTESIAN_POINT ( 'NONE',  ( -12.50000000000000000, 0.000000000000000000, 119.5000000000000142 ) ) ;
#323 = CARTESIAN_POINT ( 'NONE',  ( 8.400000547032606235, 1.301156998487678074, 140.7526928959321140 ) ) ;
#324 = CARTESIAN_POINT ( 'NONE',  ( 1.490401979618387829, 12.41084478235201338, 280.1956118681346197 ) ) ;
#325 = EDGE_CURVE ( 'NONE', #389, #581, #167, .T. ) ;
#326 = CARTESIAN_POINT ( 'NONE',  ( -1.348247696834893983, -8.392477424430941468, 280.6647252283295870 ) ) ;
#327 = CARTESIAN_POINT ( 'NONE',  ( 8.500000000000001776, 0.1985856204945599390, 119.5000000000000142 ) ) ;
#328 = EDGE_CURVE ( 'NONE', #377, #602, #6, .T. ) ;
#329 = LINE ( 'NONE', #583, #1381 ) ;
#330 = DIRECTION ( 'NONE',  ( -1.000000000000000000, 0.000000000000000000, 0.000000000000000000 ) ) ;
#331 = CARTESIAN_POINT ( 'NONE',  ( 12.46675884608607632, -0.9146560170947038992, 119.8071002133216751 ) ) ;
#332 = CARTESIAN_POINT ( 'NONE',  ( 1.836970380297022973E-16, 12.50000000000000000, 278.5000000000000000 ) ) ;
#333 = CARTESIAN_POINT ( 'NONE',  ( -8.398688004956539999, -1.310647127300597292, 140.7552237238625423 ) ) ;
#334 = AXIS2_PLACEMENT_3D ( 'NONE', #343, #1189, #1197 ) ;
#335 = CARTESIAN_POINT ( 'NONE',  ( 0.9152780080342499680, -8.450971261715810812, 278.8076078103762256 ) ) ;
#336 = CARTESIAN_POINT ( 'NONE',  ( -1.310825960206487339, 12.43130737969230992, 370.7549219030969994 ) ) ;
#337 = DIRECTION ( 'NONE',  ( 1.000000000000000000, -0.000000000000000000, -0.000000000000000000 ) ) ;
#338 = CARTESIAN_POINT ( 'NONE',  ( 0.09920467492581286351, -12.50000000000000533, 371.5000000000000000 ) ) ;
#340 = ORIENTED_EDGE ( 'NONE', *, *, #708, .F. ) ;
#339 = CARTESIAN_POINT ( 'NONE',  ( 0.9232688180617807383, 12.46662710171656308, 281.1982418581262664 ) ) ;
#341 = CARTESIAN_POINT ( 'NONE',  ( -8.416165659157023526, -1.198965026476223938, 140.9222908879770557 ) ) ;
#342 = DIRECTION ( 'NONE',  ( -0.000000000000000000, -0.000000000000000000, -1.000000000000000000 ) ) ;
#343 = CARTESIAN_POINT ( 'NONE',  ( -12.50000000000000000, 0.000000000000000000, 140.0000000000000000 ) ) ;
#344 = CARTESIAN_POINT ( 'NONE',  ( 0.1974331986599774102, -12.49881115240056140, 368.5098174925644230 ) ) ;
#345 = EDGE_CURVE ( 'NONE', #135, #902, #230, .T. ) ;
#347 = ORIENTED_EDGE ( 'NONE', *, *, #859, .F. ) ;
#346 = CARTESIAN_POINT ( 'NONE',  ( 8.415990715324701554, 1.193368895042605571, 120.0859465676840756 ) ) ;
#348 = CARTESIAN_POINT ( 'NONE',  ( 8.500000000000000000, 0.000000000000000000, 138.5000000000000000 ) ) ;
#349 = CARTESIAN_POINT ( 'NONE',  ( 1.836970380298995125E-16, 12.50000000000000000, 368.5000000000000000 ) ) ;
#350 = EDGE_LOOP ( 'NONE', ( #1307, #1195, #1100, #1138 ) ) ;
#351 = FACE_OUTER_BOUND ( 'NONE', #1080, .T. ) ;
#352 = CYLINDRICAL_SURFACE ( 'NONE', #1423, 1.500000000000001332 ) ;
#353 = FACE_OUTER_BOUND ( 'NONE', #1, .T. ) ;
#355 = ORIENTED_EDGE ( 'NONE', *, *, #573, .T. ) ;
#354 = CARTESIAN_POINT ( 'NONE',  ( 12.49504832957715195, 0.3954347771936667089, 119.5399363657647598 ) ) ;
#356 = CARTESIAN_POINT ( 'NONE',  ( 8.442345620408721274, -0.9908331434176697039, 141.1304843786857361 ) ) ;
#357 = VERTEX_POINT ( 'NONE', #114 ) ;
#358 = CARTESIAN_POINT ( 'NONE',  ( -1.451841265011196702, -12.41541494869714946, 369.6104939282075748 ) ) ;
#359 = LINE ( 'NONE', #121, #1382 ) ;
#360 = LINE ( 'NONE', #630, #10 ) ;
#361 = DIRECTION ( 'NONE',  ( -0.000000000000000000, 1.000000000000000000, -0.000000000000000000 ) ) ;
#362 = CARTESIAN_POINT ( 'NONE',  ( 1.130761108126679959, -12.44894821965935883, 369.0094569872798047 ) ) ;
#364 = ORIENTED_EDGE ( 'NONE', *, *, #184, .F. ) ;
#363 = CARTESIAN_POINT ( 'NONE',  ( -1.422907925835149578, -12.41880724335822173, 279.5152359225346004 ) ) ;
#365 = CARTESIAN_POINT ( 'NONE',  ( 8.380052813327843353, -1.423436984207482103, 140.4832327535540060 ) ) ;
#366 = PRODUCT_CONTEXT ( 'NONE', #60, 'mechanical' ) ;
#367 = VERTEX_POINT ( 'NONE', #1207 ) ;
#368 = CARTESIAN_POINT ( 'NONE',  ( -0.1958370400149686552, -12.50000000000000000, 368.5000000000000000 ) ) ;
#369 = ORIENTED_EDGE ( 'NONE', *, *, #655, .F. ) ;
#370 = DIRECTION ( 'NONE',  ( 1.000000000000000000, -0.000000000000000000, -0.000000000000000000 ) ) ;
#372 = CARTESIAN_POINT ( 'NONE',  ( 1.423581761119318667, 12.41872961614443049, 370.4827794321729471 ) ) ;
#371 = PRODUCT_DEFINITION_CONTEXT ( 'detailed design', #303, 'design' ) ;
#373 = CARTESIAN_POINT ( 'NONE',  ( -8.392477424430943245, 1.348247696834889764, 140.6647252283296154 ) ) ;
#375 = VERTEX_POINT ( 'NONE', #488 ) ;
#374 = CARTESIAN_POINT ( 'NONE',  ( 0.000000000000000000, 0.000000000000000000, 400.0000000000000000 ) ) ;
#376 = CARTESIAN_POINT ( 'NONE',  ( 12.43219535261178343, 1.301350196942080650, 140.7523827489751795 ) ) ;
#377 = VERTEX_POINT ( 'NONE', #820 ) ;
#378 = CARTESIAN_POINT ( 'NONE',  ( 1.836971119779179831E-16, 8.500000000000000000, 278.5000000000000000 ) ) ;
#379 = ADVANCED_FACE ( 'NONE', ( #696 ), #352, .F. ) ;
#380 = ORIENTED_EDGE ( 'NONE', *, *, #606, .T. ) ;
#381 = CARTESIAN_POINT ( 'NONE',  ( -1.193368895042628663, -8.415990715324698002, 370.9140534323158818 ) ) ;
#382 = VECTOR ( 'NONE', #1098, 1000.000000000000000 ) ;
#383 = DIRECTION ( 'NONE',  ( -0.000000000000000000, 1.000000000000000000, -0.000000000000000000 ) ) ;
#384 = CARTESIAN_POINT ( 'NONE',  ( 12.44307809647055940, -1.192805026742881358, 121.9147453619954717 ) ) ;
#385 = CARTESIAN_POINT ( 'NONE',  ( 12.43208494312676216, 1.302401170190225166, 120.2494308749717078 ) ) ;
#386 = CYLINDRICAL_SURFACE ( 'NONE', #1109, 1.500000000000001332 ) ;
#387 = CARTESIAN_POINT ( 'NONE',  ( -0.09920467492581284963, 12.50000000000000178, 281.5000000000000000 ) ) ;
#388 = CARTESIAN_POINT ( 'NONE',  ( -1.423581761119318667, -12.41872961614443049, 370.4827794321729471 ) ) ;
#389 = VERTEX_POINT ( 'NONE', #1311 ) ;
#390 = CARTESIAN_POINT ( 'NONE',  ( -1.490392332803970321, -8.368339422667743221, 370.1957494996731839 ) ) ;
#391 = CARTESIAN_POINT ( 'NONE',  ( 1.836970198721031660E-16, -12.50000000000000000, 368.5000000000000000 ) ) ;
#392 = CARTESIAN_POINT ( 'NONE',  ( -8.380064516876316816, 1.423364979404146080, 140.4833876463090974 ) ) ;
#393 = EDGE_CURVE ( 'NONE', #844, #946, #1424, .T. ) ;
#394 = CARTESIAN_POINT ( 'NONE',  ( -0.7543796072455448698, -12.47852433486674606, 278.6888599246143485 ) ) ;
#395 = CARTESIAN_POINT ( 'NONE',  ( 8.498261113818788459, -0.1969374199134055481, 119.5097663303412929 ) ) ;
#396 = CARTESIAN_POINT ( 'NONE',  ( 1.500056936032837074, 8.366590057606215325, 370.0982154358869707 ) ) ;
#397 = B_SPLINE_CURVE_WITH_KNOTS ( 'NONE', 3,
 ( #31, #387, #186, #1005, #1116, #1022, #533, #55, #1231, #1484, #759, #1132, #409, #1123, #865, #1490, #1385, #1363, #872, #886, #774, #63, #272, #895, #279, #403, #46, #878, #746, #293 ),
 .UNSPECIFIED., .F., .F.,
 ( 4, 2, 2, 2, 2, 2, 2, 2, 2, 2, 2, 2, 2, 2, 4 ),
 ( 0.000000000000000000, 0.0002933694678338083441, 0.0005867389356676166881, 0.0008801084035014246527, 0.001173477871335232726, 0.001760216807002966182, 0.002346955742670699639, 0.002640325210504482992, 0.002933694678338265912, 0.003227064146172049265, 0.003520433614005832618, 0.003813803081839615972, 0.004107172549673399758, 0.004400542017507183545, 0.004693911485340966465 ),
 .UNSPECIFIED. ) ;
#398 = CARTESIAN_POINT ( 'NONE',  ( -1.422907925835149356, -12.41880724335821817, 369.5152359225343730 ) ) ;
#399 = CYLINDRICAL_SURFACE ( 'NONE', #490, 8.500000000000000000 ) ;
#400 = CARTESIAN_POINT ( 'NONE',  ( -8.468356558159976899, 0.7547753572430766500, 119.6890800974928482 ) ) ;
#401 = CARTESIAN_POINT ( 'NONE',  ( -12.46675884608607809, 0.9146560170947054536, 138.8071002133217178 ) ) ;
#402 = CARTESIAN_POINT ( 'NONE',  ( -12.41535037508794836, -1.452391591922892244, 120.6125458381728777 ) ) ;
#403 = CARTESIAN_POINT ( 'NONE',  ( -0.4833537503353357856, 12.49098211270041503, 278.5766122830089557 ) ) ;
#404 = LINE ( 'NONE', #1155, #187 ) ;
#405 = CARTESIAN_POINT ( 'NONE',  ( 1.130761108126680403, -12.44894821965935527, 279.0094569872798616 ) ) ;
#406 = CARTESIAN_POINT ( 'NONE',  ( -12.44312649555922867, 1.199103398315006563, 139.0778388947701956 ) ) ;
#407 = CARTESIAN_POINT ( 'NONE',  ( 0.000000000000000000, -12.50000000000000000, 281.5000000000000000 ) ) ;
#408 = EDGE_LOOP ( 'NONE', ( #317, #1183, #855, #246 ) ) ;
#409 = CARTESIAN_POINT ( 'NONE',  ( -1.499928025140621068, 12.40968234583944430, 280.1964174257606714 ) ) ;
#410 = CARTESIAN_POINT ( 'NONE',  ( 0.7529811554227472392, -8.466975166959915811, 368.6990186990408915 ) ) ;
#411 = CARTESIAN_POINT ( 'NONE',  ( -8.416008535779329947, -1.200249930558852540, 120.0789239453860091 ) ) ;
#412 = DIRECTION ( 'NONE',  ( 0.000000000000000000, 0.000000000000000000, 1.000000000000000000 ) ) ;
#413 = CARTESIAN_POINT ( 'NONE',  ( -0.7519779605242086218, 8.467067332022207182, 281.3015868012855663 ) ) ;
#414 = VECTOR ( 'NONE', #1393, 1000.000000000000000 ) ;
#415 = CARTESIAN_POINT ( 'NONE',  ( -12.40966931437718124, 1.500035835943863027, 121.0973830699883962 ) ) ;
#416 = ORIENTED_EDGE ( 'NONE', *, *, #1140, .T. ) ;
#417 = CARTESIAN_POINT ( 'NONE',  ( 1.499885378424140603, 8.366620815185239479, 369.8009719006366822 ) ) ;
#418 = CARTESIAN_POINT ( 'NONE',  ( 8.380064516876316816, 1.423364979404145414, 120.5166123536909311 ) ) ;
#419 = PRODUCT_DEFINITION_FORMATION_WITH_SPECIFIED_SOURCE ( 'ANY', '', #1054, .NOT_KNOWN. ) ;
#420 = CLOSED_SHELL ( 'NONE', ( #379, #67, #216, #1361, #781, #812, #1305, #1377, #618, #879, #909, #1401, #195, #1040, #211, #1066, #13, #1259, #421, #110, #1175, #1537 ) ) ;
#421 = ADVANCED_FACE ( 'NONE', ( #578 ), #460, .F. ) ;
#422 = CARTESIAN_POINT ( 'NONE',  ( -8.451015546465468375, -0.9148968747956309766, 122.1927123554672647 ) ) ;
#423 = CARTESIAN_POINT ( 'NONE',  ( 12.43219232783412131, -1.301372456459302551, 140.7523115303412737 ) ) ;
#424 = CARTESIAN_POINT ( 'NONE',  ( -8.442216378004122390, -0.9918785264490810327, 141.1294739452324620 ) ) ;
#425 = CARTESIAN_POINT ( 'NONE',  ( 0.000000000000000000, -12.50000000000000000, 370.0000000000000000 ) ) ;
#426 = VERTEX_POINT ( 'NONE', #468 ) ;
#427 = CARTESIAN_POINT ( 'NONE',  ( 12.50000000000000000, 1.530808498934191521E-15, 400.0000000000000000 ) ) ;
#428 = CARTESIAN_POINT ( 'NONE',  ( 0.4843135366635971661, -8.486679023007038580, 371.4230612619174963 ) ) ;
#429 = CARTESIAN_POINT ( 'NONE',  ( 1.499928025140620846, -12.40968234583944252, 280.1964174257606714 ) ) ;
#430 = CARTESIAN_POINT ( 'NONE',  ( -1.130303834227461390, -8.424799179599075316, 280.9909244549588720 ) ) ;
#431 = CARTESIAN_POINT ( 'NONE',  ( 8.424799179599084198, 1.130303834227448068, 139.0090755450411564 ) ) ;
#432 = CARTESIAN_POINT ( 'NONE',  ( -12.50000000000000000, 0.000000000000000000, 400.0000000000000000 ) ) ;
#433 = EDGE_LOOP ( 'NONE', ( #1088, #541, #1448, #1435 ) ) ;
#434 = CARTESIAN_POINT ( 'NONE',  ( 0.1985856204945601333, 8.499999999999996447, 371.4999999999999432 ) ) ;
#435 = CARTESIAN_POINT ( 'NONE',  ( 1.836969277646971177E-16, -8.500000000000000000, 368.5000000000000000 ) ) ;
#436 = CARTESIAN_POINT ( 'NONE',  ( 0.09794186673307182789, -12.49999999999999822, 278.5000000000000000 ) ) ;
#437 = DIRECTION ( 'NONE',  ( -0.000000000000000000, -0.000000000000000000, -1.000000000000000000 ) ) ;
#438 = CARTESIAN_POINT ( 'NONE',  ( 0.000000000000000000, 0.000000000000000000, 109.9999999999999858 ) ) ;
#439 = CARTESIAN_POINT ( 'NONE',  ( 8.451032802989454140, 0.9216747668926729142, 141.1994765380196100 ) ) ;
#440 = CARTESIAN_POINT ( 'NONE',  ( 8.424799179599080645, 1.130303834227451842, 120.0090755450411280 ) ) ;
#441 = APPLICATION_PROTOCOL_DEFINITION ( 'draft international standard', 'automotive_design', 1998, #60 ) ;
#442 = CARTESIAN_POINT ( 'NONE',  ( 12.41873308735461023, -1.423552211753602137, 140.4828763446648168 ) ) ;
#443 = CARTESIAN_POINT ( 'NONE',  ( -1.500037457286011344, 8.366593549838283295, 369.9025248002388935 ) ) ;
#444 = CARTESIAN_POINT ( 'NONE',  ( 1.200249930558850986, -8.416008535779326394, 279.0789239453860091 ) ) ;
#445 = CARTESIAN_POINT ( 'NONE',  ( -12.50000000000000000, 0.000000000000000000, 400.0000000000000000 ) ) ;
#446 = FACE_OUTER_BOUND ( 'NONE', #1131, .T. ) ;
#447 = CARTESIAN_POINT ( 'NONE',  ( 1.423581761119318445, 12.41872961614443049, 280.4827794321730039 ) ) ;
#448 = CARTESIAN_POINT ( 'NONE',  ( -8.375115314730161131, -1.451834503863490111, 139.6103684420116622 ) ) ;
#449 = CARTESIAN_POINT ( 'NONE',  ( 1.836970017144905254E-16, -12.50000000000000000, 278.5000000000000000 ) ) ;
#450 = CARTESIAN_POINT ( 'NONE',  ( 8.500000000000000000, 0.000000000000000000, 138.5000000000000000 ) ) ;
#451 = CARTESIAN_POINT ( 'NONE',  ( -12.41084478235201694, -1.490401979618393824, 139.8043881318655224 ) ) ;
#452 = CARTESIAN_POINT ( 'NONE',  ( 12.47764731523457371, -0.7516576565780423991, 119.6982257115873267 ) ) ;
#454 = ORIENTED_EDGE ( 'NONE', *, *, #1352, .T. ) ;
#453 = CARTESIAN_POINT ( 'NONE',  ( -1.423436984207467448, 8.380052813327850458, 369.5167672464459656 ) ) ;
#455 = CARTESIAN_POINT ( 'NONE',  ( 0.000000000000000000, 8.500000000000000000, 281.5000000000000000 ) ) ;
#456 = VECTOR ( 'NONE', #437, 1000.000000000000000 ) ;
#457 = CARTESIAN_POINT ( 'NONE',  ( 1.460355682211531558, -8.373954703623290641, 280.3943603007639922 ) ) ;
#458 = CARTESIAN_POINT ( 'NONE',  ( -0.4833537503353345088, 12.49098211270041148, 368.5766122830089557 ) ) ;
#459 = PRODUCT_RELATED_PRODUCT_CATEGORY ( 'part', '', ( #1054 ) ) ;
#460 = CYLINDRICAL_SURFACE ( 'NONE', #334, 1.500000000000001332 ) ;
#461 = CARTESIAN_POINT ( 'NONE',  ( 0.000000000000000000, -12.50000000000000000, 371.5000000000000000 ) ) ;
#463 = ORIENTED_EDGE ( 'NONE', *, *, #120, .F. ) ;
#462 = CARTESIAN_POINT ( 'NONE',  ( -1.499924755126923692, 8.366613755563484744, 370.1966745542151784 ) ) ;
#464 = B_SPLINE_CURVE_WITH_KNOTS ( 'NONE', 3,
 ( #1069, #270, #1353, #952, #714, #491, #1229, #732, #851, #1557, #1332, #1106, #1078, #597, #260, #509, #155, #1565, #385, #989, #1441, #1343, #1209, #354, #20, #1218 ),
 .UNSPECIFIED., .F., .F.,
 ( 4, 2, 2, 2, 2, 2, 2, 2, 2, 2, 2, 2, 4 ),
 ( 0.004693911485340968200, 0.005280510558114601821, 0.005867109630888235443, 0.006160409167275067432, 0.006453708703661898555, 0.006747008240048729677, 0.007040307776435560799, 0.007333607312822391922, 0.007626906849209223911, 0.007920206385596055901, 0.008213505921982885288, 0.008800104994756551002, 0.009386704067530213247 ),
 .UNSPECIFIED. ) ;
#465 = CARTESIAN_POINT ( 'NONE',  ( -1.192805026742882468, 12.44307809647055763, 369.0852546380045283 ) ) ;
#466 = ORIENTED_EDGE ( 'NONE', *, *, #900, .T. ) ;
#467 = VERTEX_POINT ( 'NONE', #948 ) ;
#468 = CARTESIAN_POINT ( 'NONE',  ( -8.500000000000000000, 0.000000000000000000, 109.9999999999999858 ) ) ;
#469 = LINE ( 'NONE', #682, #282 ) ;
#471 = ORIENTED_EDGE ( 'NONE', *, *, #1285, .F. ) ;
#470 = DIRECTION ( 'NONE',  ( -0.000000000000000000, 1.000000000000000000, -0.000000000000000000 ) ) ;
#472 = CARTESIAN_POINT ( 'NONE',  ( 8.486711464432350027, -0.4837310432150879747, 141.4232526499190499 ) ) ;
#473 = AXIS2_PLACEMENT_3D ( 'NONE', #1556, #1076, #960 ) ;
#474 = ORIENTED_EDGE ( 'NONE', *, *, #1325, .F. ) ;
#475 = ORIENTED_EDGE ( 'NONE', *, *, #939, .F. ) ;
#476 = FACE_OUTER_BOUND ( 'NONE', #1442, .T. ) ;
#477 = LINE ( 'NONE', #1450, #538 ) ;
#478 = CARTESIAN_POINT ( 'NONE',  ( 12.49432711963324216, -0.3885825194311146591, 119.5479086626547058 ) ) ;
#480 = VERTEX_POINT ( 'NONE', #1439 ) ;
#479 = CARTESIAN_POINT ( 'NONE',  ( -1.192468017653616874, -12.44311109198404708, 279.0847884600215707 ) ) ;
#481 = EDGE_CURVE ( 'NONE', #715, #825, #123, .T. ) ;
#482 = CARTESIAN_POINT ( 'NONE',  ( 0.000000000000000000, -12.50000000000000000, 281.5000000000000000 ) ) ;
#483 = ORIENTED_EDGE ( 'NONE', *, *, #950, .T. ) ;
#484 = CARTESIAN_POINT ( 'NONE',  ( 1.347307643918923548, 8.392629457981787056, 279.3333251376036515 ) ) ;
#485 =( GEOMETRIC_REPRESENTATION_CONTEXT ( 3 ) GLOBAL_UNCERTAINTY_ASSIGNED_CONTEXT ( ( #695 ) ) GLOBAL_UNIT_ASSIGNED_CONTEXT ( ( #1211, #109, #127 ) ) REPRESENTATION_CONTEXT ( 'NONE', 'WORKASPACE' ) );
#486 = EDGE_LOOP ( 'NONE', ( #475, #1348 ) ) ;
#487 = CARTESIAN_POINT ( 'NONE',  ( -12.50000000000000000, 1.836970198721026729E-16, 141.5000000000000284 ) ) ;
#488 = CARTESIAN_POINT ( 'NONE',  ( -8.500000000000000000, 0.000000000000000000, 400.0000000000000000 ) ) ;
#489 = CARTESIAN_POINT ( 'NONE',  ( -8.366620815185239479, 1.499885378424136162, 139.8009719006367391 ) ) ;
#490 = AXIS2_PLACEMENT_3D ( 'NONE', #1319, #1329, #247 ) ;
#492 = ORIENTED_EDGE ( 'NONE', *, *, #174, .T. ) ;
#491 = CARTESIAN_POINT ( 'NONE',  ( 12.44909237165973082, 1.129123276050114200, 121.9922897413368190 ) ) ;
#493 = CARTESIAN_POINT ( 'NONE',  ( 8.375115314730162908, -1.451834503863489667, 140.3896315579883947 ) ) ;
#494 = EDGE_LOOP ( 'NONE', ( #765, #705, #608, #113 ) ) ;
#495 = CARTESIAN_POINT ( 'NONE',  ( 0.1959496514703179537, 8.500000000000001776, 278.4999999999999432 ) ) ;
#496 = ORIENTED_EDGE ( 'NONE', *, *, #227, .T. ) ;
#497 = CARTESIAN_POINT ( 'NONE',  ( -0.9216747668926804637, -8.451032802989450587, 368.8005234619805606 ) ) ;
#498 = CARTESIAN_POINT ( 'NONE',  ( -8.380064516876316816, 1.423364979404146080, 121.4833876463090832 ) ) ;
#499 = CARTESIAN_POINT ( 'NONE',  ( 12.40966931437717768, -1.500035835943862583, 121.0973830699883536 ) ) ;
#500 = CARTESIAN_POINT ( 'NONE',  ( 1.836970017144905254E-16, -12.50000000000000000, 278.5000000000000000 ) ) ;
#501 = LINE ( 'NONE', #864, #854 ) ;
#502 = CARTESIAN_POINT ( 'NONE',  ( 0.7547753572430715430, 8.468356558159976899, 278.6890800974929903 ) ) ;
#503 = EDGE_CURVE ( 'NONE', #1553, #1459, #477, .T. ) ;
#504 = ORIENTED_EDGE ( 'NONE', *, *, #1184, .F. ) ;
#505 = FACE_OUTER_BOUND ( 'NONE', #1402, .T. ) ;
#506 = AXIS2_PLACEMENT_3D ( 'NONE', #577, #1552, #330 ) ;
#507 = CARTESIAN_POINT ( 'NONE',  ( 0.9232688180617798501, 12.46662710171655952, 371.1982418581262095 ) ) ;
#508 = CARTESIAN_POINT ( 'NONE',  ( -8.500000000000000000, 9.219338513227442869E-23, 138.5000000000000000 ) ) ;
#509 = CARTESIAN_POINT ( 'NONE',  ( 12.41535037508794481, 1.452391591922892244, 120.6125458381728635 ) ) ;
#510 = CARTESIAN_POINT ( 'NONE',  ( -12.40968240849053039, -1.499927506806439048, 121.1002687718780209 ) ) ;
#511 = CARTESIAN_POINT ( 'NONE',  ( 1.347307643918923103, 8.392629457981785279, 369.3333251376035378 ) ) ;
#512 = CARTESIAN_POINT ( 'NONE',  ( 1.193368895042628441, 8.415990715324694449, 280.9140534323158249 ) ) ;
#513 = CARTESIAN_POINT ( 'NONE',  ( -0.3936705028018382402, -8.492807084307063548, 368.5394451855838156 ) ) ;
#514 = CARTESIAN_POINT ( 'NONE',  ( 1.348409296814600422, 12.42711642649888226, 370.6644195805246227 ) ) ;
#515 = CARTESIAN_POINT ( 'NONE',  ( 12.50000000000000000, 1.530808517113370584E-15, 122.5000000000000142 ) ) ;
#516 = FACE_BOUND ( 'NONE', #1514, .T. ) ;
#517 = DIRECTION ( 'NONE',  ( 0.000000000000000000, 0.000000000000000000, 1.000000000000000000 ) ) ;
#518 = CARTESIAN_POINT ( 'NONE',  ( 12.49999999999999822, 0.1983620543609517506, 138.4999999999999716 ) ) ;
#519 = B_SPLINE_CURVE_WITH_KNOTS ( 'NONE', 3,
 ( #508, #1208, #742, #1351, #133, #269, #1086, #7, #154, #624, #489, #988, #19, #1105, #392, #373, #869, #1359, #276, #970, #850, #259, #731, #1217 ),
 .UNSPECIFIED., .F., .F.,
 ( 4, 2, 2, 2, 2, 2, 2, 2, 2, 2, 2, 4 ),
 ( 0.004698892127675501768, 0.005286105592425951322, 0.005873319057176400876, 0.006166925789551596163, 0.006460532521926791449, 0.007047745986677258351, 0.007341352719052450168, 0.007634959451427642853, 0.007928566183802835537, 0.008222172916178027355, 0.008809386380928412724, 0.009396599845678796359 ),
 .UNSPECIFIED. ) ;
#520 = DIRECTION ( 'NONE',  ( 1.000000000000000000, -0.000000000000000000, -0.000000000000000000 ) ) ;
#521 = CARTESIAN_POINT ( 'NONE',  ( -12.49432711963324394, 0.3885825194311121611, 138.5479086626548053 ) ) ;
#522 = CARTESIAN_POINT ( 'NONE',  ( 8.398728247455432339, -1.310418190536422056, 121.7560100094440259 ) ) ;
#523 = ORIENTED_EDGE ( 'NONE', *, *, #1285, .T. ) ;
#524 = CARTESIAN_POINT ( 'NONE',  ( 12.41535037508794659, 1.452391591922892244, 139.6125458381728492 ) ) ;
#525 = CARTESIAN_POINT ( 'NONE',  ( -12.44894821965935705, 1.130761108126689729, 140.9905430127201384 ) ) ;
#526 = B_SPLINE_CURVE_WITH_KNOTS ( 'NONE', 3,
 ( #322, #554, #79, #1268, #547, #788, #1035, #1145, #1383, #1527, #916, #71, #1282, #415, #795, #1020, #192, #206, #87, #893, #663, #299, #1028, #901, #656, #772, #1137, #1520, #677, #1513 ),
 .UNSPECIFIED., .F., .F.,
 ( 4, 2, 2, 2, 2, 2, 2, 2, 2, 2, 2, 2, 2, 2, 4 ),
 ( 0.000000000000000000, 0.0002933694678338104041, 0.0005867389356676208081, 0.0008801084035014310495, 0.001173477871335241399, 0.001760216807002862316, 0.002346955742670483666, 0.002640325210504294341, 0.002933694678338104583, 0.003227064146171914824, 0.003520433614005725499, 0.003813803081839535741, 0.004107172549673345982, 0.004400542017507156657, 0.004693911485340966465 ),
 .UNSPECIFIED. ) ;
#527 = DIRECTION ( 'NONE',  ( 1.000000000000000000, -0.000000000000000000, -0.000000000000000000 ) ) ;
#528 = CARTESIAN_POINT ( 'NONE',  ( -0.1985856204945596060, -8.499999999999998224, 281.5000000000000000 ) ) ;
#529 = CARTESIAN_POINT ( 'NONE',  ( -8.366613755563484744, -1.499924755126926801, 140.1966745542151500 ) ) ;
#530 = CARTESIAN_POINT ( 'NONE',  ( -12.43130737969231525, 1.310825960206468466, 139.2450780969030291 ) ) ;
#531 = CARTESIAN_POINT ( 'NONE',  ( -12.42711642649888226, -1.348409296814600866, 120.3355804194752494 ) ) ;
#532 = VERTEX_POINT ( 'NONE', #839 ) ;
#533 = CARTESIAN_POINT ( 'NONE',  ( -0.7516576565780352936, 12.47764731523457549, 281.3017742884127870 ) ) ;
#534 = CARTESIAN_POINT ( 'NONE',  ( 8.392629457981788832, 1.347307643918906006, 121.6666748623964907 ) ) ;
#535 = CARTESIAN_POINT ( 'NONE',  ( 1.192805026742882912, -12.44307809647056118, 279.0852546380045283 ) ) ;
#536 = CARTESIAN_POINT ( 'NONE',  ( -0.3936705028018386288, -8.492807084307063548, 278.5394451855837019 ) ) ;
#537 = CARTESIAN_POINT ( 'NONE',  ( -1.451834503863481673, 8.375115314730159355, 279.6103684420115769 ) ) ;
#538 = VECTOR ( 'NONE', #361, 1000.000000000000000 ) ;
#539 = AXIS2_PLACEMENT_3D ( 'NONE', #173, #220, #182 ) ;
#540 = DIRECTION ( 'NONE',  ( 0.000000000000000000, 0.000000000000000000, -1.000000000000000000 ) ) ;
#541 = ORIENTED_EDGE ( 'NONE', *, *, #973, .T. ) ;
#542 = CARTESIAN_POINT ( 'NONE',  ( 12.49504832957714839, 0.3954347771936649880, 138.5399363657647029 ) ) ;
#543 = CARTESIAN_POINT ( 'NONE',  ( -12.50000000000000000, 0.09794186673307131441, 141.5000000000000284 ) ) ;
#544 = CARTESIAN_POINT ( 'NONE',  ( 1.500035835943867468, -12.40966931437717768, 279.9026169300116749 ) ) ;
#545 = CARTESIAN_POINT ( 'NONE',  ( 12.49098211270041503, -0.4833537503353259601, 141.4233877169909874 ) ) ;
#546 = CARTESIAN_POINT ( 'NONE',  ( -0.09931784444946915869, 8.500000000000001776, 281.5000000000001137 ) ) ;
#547 = CARTESIAN_POINT ( 'NONE',  ( -12.49096079992120600, 0.4839036700400592972, 119.5767982596499621 ) ) ;
#548 = EDGE_LOOP ( 'NONE', ( #1505, #935 ) ) ;
#549 = CARTESIAN_POINT ( 'NONE',  ( 8.373904804552061876, 1.460680235261575310, 140.3939369091247329 ) ) ;
#550 = CARTESIAN_POINT ( 'NONE',  ( 0.4837310432150876971, -8.486711464432346474, 368.5767473500809501 ) ) ;
#551 = CARTESIAN_POINT ( 'NONE',  ( -8.373954703623292417, -1.460355682211520900, 121.3943603007638359 ) ) ;
#552 = CARTESIAN_POINT ( 'NONE',  ( 12.44307809647056295, -1.192805026742879360, 140.9147453619954717 ) ) ;
#553 = CARTESIAN_POINT ( 'NONE',  ( -8.474421784463418206, -0.6651636052199454419, 138.6519639448582666 ) ) ;
#554 = CARTESIAN_POINT ( 'NONE',  ( -12.50000000000000178, 0.09920467492581284963, 119.5000000000000142 ) ) ;
#555 = ORIENTED_EDGE ( 'NONE', *, *, #1422, .F. ) ;
#556 = CARTESIAN_POINT ( 'NONE',  ( 8.468356558159975123, 0.7547753572430837554, 141.3109199025072087 ) ) ;
#557 = CARTESIAN_POINT ( 'NONE',  ( 0.1983620543609520559, 12.49999999999999822, 281.5000000000000000 ) ) ;
#558 = CARTESIAN_POINT ( 'NONE',  ( 0.3902141719275372123, -8.491585480952133835, 278.5483170782759998 ) ) ;
#559 = CARTESIAN_POINT ( 'NONE',  ( 12.46086827546074893, -0.9908048652624229513, 141.1305316725650982 ) ) ;
#560 = EDGE_CURVE ( 'NONE', #45, #1225, #1007, .T. ) ;
#561 = CARTESIAN_POINT ( 'NONE',  ( 1.451841265011197590, 12.41541494869715301, 279.6104939282075748 ) ) ;
#562 = AXIS2_PLACEMENT_3D ( 'NONE', #209, #89, #1301 ) ;
#563 = CARTESIAN_POINT ( 'NONE',  ( 1.836969277654859786E-16, -8.500000000000000000, 278.5000000000000000 ) ) ;
#564 = DIRECTION ( 'NONE',  ( -1.000000000000000000, 0.000000000000000000, 0.000000000000000000 ) ) ;
#565 = CARTESIAN_POINT ( 'NONE',  ( 1.301372456459308546, -12.43219232783412309, 369.2476884696588399 ) ) ;
#566 = CARTESIAN_POINT ( 'NONE',  ( 0.3954347771936490008, 12.49504832957714662, 281.4600636342352686 ) ) ;
#567 = B_SPLINE_CURVE_WITH_KNOTS ( 'NONE', 3,
 ( #138, #368, #1347, #23, #1467, #273, #1485, #856, #129, #398, #358, #150, #1101, #1081, #956, #2, #388, #1356, #845, #1337, #747, #1233, #1433, #1304, #224, #461 ),
 .UNSPECIFIED., .F., .F.,
 ( 4, 2, 2, 2, 2, 2, 2, 2, 2, 2, 2, 2, 4 ),
 ( 0.004693911485340967332, 0.005280510558114594882, 0.005867109630888221565, 0.006160409167275035340, 0.006453708703661849115, 0.006747008240048662023, 0.007040307776435475798, 0.007333607312822289573, 0.007626906849209103348, 0.007920206385595917123, 0.008213505921982730898, 0.008800104994756474674, 0.009386704067530218451 ),
 .UNSPECIFIED. ) ;
#568 = CARTESIAN_POINT ( 'NONE',  ( -1.460468453404699440, 12.41461637598816559, 370.3939589754485837 ) ) ;
#569 = CARTESIAN_POINT ( 'NONE',  ( -12.50000000000000000, -1.816253626658227055E-23, 141.5000000000000284 ) ) ;
#570 = DIRECTION ( 'NONE',  ( 1.000000000000000000, -0.000000000000000000, -0.000000000000000000 ) ) ;
#571 = CARTESIAN_POINT ( 'NONE',  ( 0.7561687199503958068, 12.47841377293009657, 281.3101005098843643 ) ) ;
#572 = AXIS2_PLACEMENT_3D ( 'NONE', #1488, #289, #168 ) ;
#573 = EDGE_CURVE ( 'NONE', #672, #717, #32, .T. ) ;
#574 = CARTESIAN_POINT ( 'NONE',  ( -8.491640552456219737, -0.3889306286315200034, 141.4520033414765408 ) ) ;
#575 = B_SPLINE_CURVE_WITH_KNOTS ( 'NONE', 3,
 ( #1434, #1042, #1413, #1544, #925, #698, #1169, #1182, #1428, #94, #1418, #1174, #462, #443, #942, #100, #453, #798, #815, #107, #580, #822, #1314, #232, #1038, #1529, #918, #751 ),
 .UNSPECIFIED., .F., .F.,
 ( 4, 2, 2, 2, 2, 2, 2, 2, 2, 2, 2, 2, 2, 4 ),
 ( 0.000000000000000000, 0.0002936807579797777326, 0.0005873615159595552485, 0.0008810422739393328727, 0.001174723031919110280, 0.001762084547878665745, 0.002349446063838220560, 0.002643126821817914918, 0.002936807579797609709, 0.003524169095756998424, 0.003817849853736635102, 0.004111530611716272647, 0.004405211369695908458, 0.004698892127675546003 ),
 .UNSPECIFIED. ) ;
#576 = CARTESIAN_POINT ( 'NONE',  ( 0.000000000000000000, 0.000000000000000000, 110.0000000000000000 ) ) ;
#577 = CARTESIAN_POINT ( 'NONE',  ( 0.000000000000000000, 0.000000000000000000, 109.9999999999999858 ) ) ;
#578 = FACE_OUTER_BOUND ( 'NONE', #350, .T. ) ;
#579 = CARTESIAN_POINT ( 'NONE',  ( 1.348324937156628600, -12.42712566357910653, 369.3354021308588244 ) ) ;
#581 = VERTEX_POINT ( 'NONE', #1511 ) ;
#580 = CARTESIAN_POINT ( 'NONE',  ( -0.9152780080342490798, 8.450971261715809035, 368.8076078103761120 ) ) ;
#582 = SURFACE_STYLE_FILL_AREA ( #1559 ) ;
#583 = CARTESIAN_POINT ( 'NONE',  ( 1.836970198721031660E-16, -12.50000000000000000, 368.5000000000000000 ) ) ;
#584 = CARTESIAN_POINT ( 'NONE',  ( -1.348324937156628156, 12.42712566357910120, 369.3354021308588244 ) ) ;
#585 = VERTEX_POINT ( 'NONE', #1009 ) ;
#586 = CARTESIAN_POINT ( 'NONE',  ( -12.41535037508794481, -1.452391591922891800, 139.6125458381728492 ) ) ;
#587 = CARTESIAN_POINT ( 'NONE',  ( 1.199103398315011448, -12.44312649555922867, 370.9221611052296907 ) ) ;
#589 = EDGE_LOOP ( 'NONE', ( #253, #885, #3, #62 ) ) ;
#588 = DIRECTION ( 'NONE',  ( 0.000000000000000000, 0.000000000000000000, 1.000000000000000000 ) ) ;
#590 = CARTESIAN_POINT ( 'NONE',  ( 8.474365490793223543, -0.6658903586899518334, 138.6523156945450523 ) ) ;
#591 = ORIENTED_EDGE ( 'NONE', *, *, #1024, .T. ) ;
#592 = CYLINDRICAL_SURFACE ( 'NONE', #147, 1.500000000000001332 ) ;
#593 = CARTESIAN_POINT ( 'NONE',  ( -0.9234843832375329020, -8.450827680818422394, 371.1980186669395039 ) ) ;
#594 = EDGE_CURVE ( 'NONE', #375, #1065, #205, .T. ) ;
#595 = CARTESIAN_POINT ( 'NONE',  ( -12.50000000000000000, 0.000000000000000000, 138.5000000000000000 ) ) ;
#596 = CARTESIAN_POINT ( 'NONE',  ( 1.499928025140621735, -12.40968234583944785, 370.1964174257606714 ) ) ;
#598 = EDGE_LOOP ( 'NONE', ( #773, #1336 ) ) ;
#597 = CARTESIAN_POINT ( 'NONE',  ( 12.40966497930338264, 1.500071700528063490, 120.9019120518955361 ) ) ;
#599 = CARTESIAN_POINT ( 'NONE',  ( 8.467067332022207182, -0.7519779605242001841, 138.6984131987144337 ) ) ;
#600 = ORIENTED_EDGE ( 'NONE', *, *, #75, .F. ) ;
#601 = CARTESIAN_POINT ( 'NONE',  ( 1.302249794529018123, 8.399831814550571707, 280.7508451700803676 ) ) ;
#602 = VERTEX_POINT ( 'NONE', #915 ) ;
#603 = CARTESIAN_POINT ( 'NONE',  ( -1.302249794529017679, -8.399831814550571707, 370.7508451700802539 ) ) ;
#604 = CARTESIAN_POINT ( 'NONE',  ( -12.46675394982377227, -0.9215893646803345884, 141.1995441867765351 ) ) ;
#605 = CARTESIAN_POINT ( 'NONE',  ( 12.46086827546074360, -0.9908048652624142916, 122.1305316725650840 ) ) ;
#606 = EDGE_CURVE ( 'NONE', #375, #177, #141, .T. ) ;
#608 = ORIENTED_EDGE ( 'NONE', *, *, #42, .T. ) ;
#607 = CARTESIAN_POINT ( 'NONE',  ( -1.347472495736468767, -12.42721844124117325, 279.3336809702257142 ) ) ;
#609 = ORIENTED_EDGE ( 'NONE', *, *, #1118, .T. ) ;
#610 = CARTESIAN_POINT ( 'NONE',  ( 0.000000000000000000, 8.500000000000000000, 281.5000000000000000 ) ) ;
#611 = FACE_OUTER_BOUND ( 'NONE', #408, .T. ) ;
#612 = DIRECTION ( 'NONE',  ( 0.000000000000000000, 0.000000000000000000, -1.000000000000000000 ) ) ;
#613 = CARTESIAN_POINT ( 'NONE',  ( 1.490401979618387163, 12.41084478235201338, 370.1956118681346197 ) ) ;
#614 = CARTESIAN_POINT ( 'NONE',  ( 0.000000000000000000, -12.50000000000000000, 281.5000000000000000 ) ) ;
#615 = CARTESIAN_POINT ( 'NONE',  ( -1.490401979618387829, -12.41084478235201338, 280.1956118681346197 ) ) ;
#616 = CARTESIAN_POINT ( 'NONE',  ( -12.50000000000000000, 0.000000000000000000, 400.0000000000000000 ) ) ;
#617 = FILL_AREA_STYLE_COLOUR ( '', #66 ) ;
#618 = ADVANCED_FACE ( 'NONE', ( #321, #1379, #675 ), #296, .F. ) ;
#619 = ORIENTED_EDGE ( 'NONE', *, *, #481, .T. ) ;
#620 = FACE_OUTER_BOUND ( 'NONE', #433, .T. ) ;
#621 = CARTESIAN_POINT ( 'NONE',  ( 0.000000000000000000, -12.50000000000000000, 371.5000000000000000 ) ) ;
#622 = CARTESIAN_POINT ( 'NONE',  ( -0.1985856204945601333, -8.499999999999996447, 371.4999999999999432 ) ) ;
#623 = CARTESIAN_POINT ( 'NONE',  ( -8.492807084307063548, 0.3936705028018486763, 119.5394451855837445 ) ) ;
#624 = CARTESIAN_POINT ( 'NONE',  ( -8.373904804552065428, 1.460680235261575532, 139.6060630908752955 ) ) ;
#625 = CARTESIAN_POINT ( 'NONE',  ( -1.130453806491426905, -12.44897097523742779, 280.9907706125193272 ) ) ;
#626 = CARTESIAN_POINT ( 'NONE',  ( 8.442345620408723050, -0.9908331434176765873, 122.1304843786857930 ) ) ;
#627 = CARTESIAN_POINT ( 'NONE',  ( 1.301156998487686067, 8.400000547032600906, 369.2473071040679429 ) ) ;
#628 = EDGE_CURVE ( 'NONE', #1384, #1036, #735, .T. ) ;
#629 = CARTESIAN_POINT ( 'NONE',  ( 0.1985856204945596060, 8.499999999999998224, 281.5000000000000000 ) ) ;
#630 = CARTESIAN_POINT ( 'NONE',  ( -12.50000000000000000, 1.836970198721026729E-16, 122.5000000000000142 ) ) ;
#631 = AXIS2_PLACEMENT_3D ( 'NONE', #225, #1410, #1162 ) ;
#632 = CARTESIAN_POINT ( 'NONE',  ( 0.000000000000000000, 12.50000000000000000, 371.5000000000000000 ) ) ;
#633 = CARTESIAN_POINT ( 'NONE',  ( 12.49429012712622011, -0.3898388263140131205, 122.4517745909398911 ) ) ;
#634 = CARTESIAN_POINT ( 'NONE',  ( -12.41086231034069698, 1.490258184319200874, 140.1968703072132314 ) ) ;
#635 = CARTESIAN_POINT ( 'NONE',  ( -12.43219535261178521, -1.301350196942073101, 121.7523827489751795 ) ) ;
#636 = FACE_OUTER_BOUND ( 'NONE', #724, .T. ) ;
#637 = CARTESIAN_POINT ( 'NONE',  ( -8.442216378004124167, -0.9918785264490831421, 122.1294739452324478 ) ) ;
#638 = CARTESIAN_POINT ( 'NONE',  ( -8.392629457981787056, 1.347307643918905784, 120.3333251376035378 ) ) ;
#639 = CARTESIAN_POINT ( 'NONE',  ( 8.500000000000000000, 1.040949871468861084E-15, 141.5000000000000284 ) ) ;
#640 = CARTESIAN_POINT ( 'NONE',  ( 8.486711464432350027, -0.4837310432150847550, 122.4232526499190215 ) ) ;
#641 = CARTESIAN_POINT ( 'NONE',  ( 12.41084478235201694, 1.490401979618394268, 139.8043881318655508 ) ) ;
#642 = CARTESIAN_POINT ( 'NONE',  ( -12.49429012712622189, 0.3898388263140140642, 141.4517745909399196 ) ) ;
#643 = CARTESIAN_POINT ( 'NONE',  ( -8.442345620408719498, -0.9908331434176770314, 119.8695156213142496 ) ) ;
#644 = CARTESIAN_POINT ( 'NONE',  ( -0.1969374199134031889, 8.498261113818788459, 281.4902336696588350 ) ) ;
#645 = CARTESIAN_POINT ( 'NONE',  ( -12.47764731523457549, 0.7516576565780441754, 138.6982257115873267 ) ) ;
#646 = CARTESIAN_POINT ( 'NONE',  ( -12.49504832957715372, -0.3954347771936680411, 119.5399363657647456 ) ) ;
#647 = EDGE_LOOP ( 'NONE', ( #955, #1093 ) ) ;
#648 = CARTESIAN_POINT ( 'NONE',  ( 1.490392332803970321, 8.368339422667743221, 370.1957494996731839 ) ) ;
#649 = CARTESIAN_POINT ( 'NONE',  ( 8.492807084307065324, 0.3936705028018495089, 122.4605548144162981 ) ) ;
#650 = LINE ( 'NONE', #76, #1041 ) ;
#651 = CARTESIAN_POINT ( 'NONE',  ( 12.42712566357910120, -1.348324937156611059, 140.6645978691411187 ) ) ;
#652 = CARTESIAN_POINT ( 'NONE',  ( -8.416008535779333499, -1.200249930558846545, 139.0789239453860091 ) ) ;
#653 = B_SPLINE_CURVE_WITH_KNOTS ( 'NONE', 3,
 ( #1103, #858, #513, #958, #497, #1357, #1562, #729, #1349, #1111, #977, #256, #390, #1215, #986, #25, #603, #381, #740, #593, #152, #159, #622, #968 ),
 .UNSPECIFIED., .F., .F.,
 ( 4, 2, 2, 2, 2, 2, 2, 2, 2, 2, 2, 4 ),
 ( 0.004698892127675546003, 0.005286105592426063211, 0.005873319057176580420, 0.006166925789551780043, 0.006460532521926980534, 0.007047745986677228860, 0.007341352719052436290, 0.007634959451427641985, 0.007928566183802849415, 0.008222172916178055110, 0.008809386380928468235, 0.009396599845678879626 ),
 .UNSPECIFIED. ) ;
#654 = VECTOR ( 'NONE', #342, 1000.000000000000000 ) ;
#655 = EDGE_CURVE ( 'NONE', #581, #389, #882, .T. ) ;
#656 = CARTESIAN_POINT ( 'NONE',  ( -12.48263028716286271, 0.6649857906522268491, 122.3481310541170899 ) ) ;
#657 = ORIENTED_EDGE ( 'NONE', *, *, #1325, .T. ) ;
#658 = CARTESIAN_POINT ( 'NONE',  ( 12.41872961614443049, 1.423581761119321332, 139.5172205678271666 ) ) ;
#659 = DIRECTION ( 'NONE',  ( -0.000000000000000000, 1.000000000000000000, -0.000000000000000000 ) ) ;
#660 = CARTESIAN_POINT ( 'NONE',  ( 0.9146560170946970159, -12.46675884608607809, 281.1928997866783675 ) ) ;
#661 = CARTESIAN_POINT ( 'NONE',  ( -0.7547753572430715430, -8.468356558159976899, 278.6890800974929903 ) ) ;
#662 = CARTESIAN_POINT ( 'NONE',  ( 8.366620815185241256, 1.499885378424136384, 140.1990280993633462 ) ) ;
#663 = CARTESIAN_POINT ( 'NONE',  ( -12.44894821965935527, 1.130761108126681957, 121.9905430127200958 ) ) ;
#664 = ORIENTED_EDGE ( 'NONE', *, *, #1016, .F. ) ;
#665 = LINE ( 'NONE', #427, #414 ) ;
#666 = CARTESIAN_POINT ( 'NONE',  ( 1.499924755126923692, -8.366613755563484744, 370.1966745542151784 ) ) ;
#667 = EDGE_CURVE ( 'NONE', #946, #1288, #1431, .T. ) ;
#668 = CARTESIAN_POINT ( 'NONE',  ( -8.398688004956534670, -1.310647127300604398, 121.7552237238624571 ) ) ;
#669 = CARTESIAN_POINT ( 'NONE',  ( -1.193368895042628441, -8.415990715324694449, 280.9140534323158249 ) ) ;
#670 = CARTESIAN_POINT ( 'NONE',  ( -8.451015546465468375, -0.9148968747956306435, 141.1927123554672789 ) ) ;
#671 = LINE ( 'NONE', #432, #983 ) ;
#672 = VERTEX_POINT ( 'NONE', #222 ) ;
#673 = CARTESIAN_POINT ( 'NONE',  ( 0.3958075011082328731, 8.492703642240792661, 371.4599640121128914 ) ) ;
#674 = CARTESIAN_POINT ( 'NONE',  ( 0.09931784444946913093, -8.500000000000000000, 371.4999999999998863 ) ) ;
#675 = FACE_OUTER_BOUND ( 'NONE', #842, .T. ) ;
#676 = AXIS2_PLACEMENT_3D ( 'NONE', #1427, #570, #814 ) ;
#677 = CARTESIAN_POINT ( 'NONE',  ( -12.50000000000000000, 0.09794186673306953805, 122.5000000000000000 ) ) ;
#678 = CARTESIAN_POINT ( 'NONE',  ( 1.130453806491426683, 12.44897097523742779, 280.9907706125193272 ) ) ;
#679 = CARTESIAN_POINT ( 'NONE',  ( 0.6649857906522321782, -12.48263028716286094, 278.6518689458829954 ) ) ;
#680 = CARTESIAN_POINT ( 'NONE',  ( -1.423552211753615016, 12.41873308735460668, 369.5171236553352969 ) ) ;
#681 = ORIENTED_EDGE ( 'NONE', *, *, #1130, .T. ) ;
#682 = CARTESIAN_POINT ( 'NONE',  ( -8.500000000000000000, 0.000000000000000000, 400.0000000000000000 ) ) ;
#683 = CARTESIAN_POINT ( 'NONE',  ( 1.348409296814600422, 12.42711642649888226, 280.6644195805246795 ) ) ;
#684 = AXIS2_PLACEMENT_3D ( 'NONE', #576, #102, #1279 ) ;
#685 =( NAMED_UNIT ( * ) PLANE_ANGLE_UNIT ( ) SI_UNIT ( $, .RADIAN. ) );
#686 = CARTESIAN_POINT ( 'NONE',  ( 0.000000000000000000, 12.50000000000000000, 371.5000000000000000 ) ) ;
#687 = B_SPLINE_CURVE_WITH_KNOTS ( 'NONE', 3,
 ( #48, #1008, #304, #57, #1134, #1149, #189, #660, #165, #1142, #888, #1117, #429, #544, #40, #1492, #1256, #68, #905, #535, #405, #1396, #180, #785, #679, #922, #1177, #111, #436, #449 ),
 .UNSPECIFIED., .F., .F.,
 ( 4, 2, 2, 2, 2, 2, 2, 2, 2, 2, 2, 2, 2, 2, 4 ),
 ( 0.000000000000000000, 0.0002933694678338078562, 0.0005867389356676157124, 0.0008801084035014237854, 0.001173477871335231858, 0.001760216807002965098, 0.002346955742670697904, 0.002640325210504481258, 0.002933694678338264611, 0.003227064146172048398, 0.003520433614005831751, 0.003813803081839614671, 0.004107172549673398024, 0.004400542017507181811, 0.004693911485340965598 ),
 .UNSPECIFIED. ) ;
#688 = CARTESIAN_POINT ( 'NONE',  ( -12.42721844124117325, -1.347472495736475206, 140.6663190297741721 ) ) ;
#689 = CARTESIAN_POINT ( 'NONE',  ( 1.310825960206487784, -12.43130737969231348, 370.7549219030969994 ) ) ;
#690 = EDGE_CURVE ( 'NONE', #946, #1453, #1534, .T. ) ;
#691 = CARTESIAN_POINT ( 'NONE',  ( 1.452391591922874481, 12.41535037508795014, 280.3874541618272929 ) ) ;
#692 = CARTESIAN_POINT ( 'NONE',  ( 8.500000000000000000, 0.000000000000000000, 138.5000000000000000 ) ) ;
#693 = CARTESIAN_POINT ( 'NONE',  ( 0.7519779605242086218, -8.467067332022207182, 281.3015868012855663 ) ) ;
#694 = CARTESIAN_POINT ( 'NONE',  ( -0.1967336182264998456, 12.49882004151870696, 371.4902555183122104 ) ) ;
#696 = FACE_OUTER_BOUND ( 'NONE', #589, .T. ) ;
#695 = UNCERTAINTY_MEASURE_WITH_UNIT (LENGTH_MEASURE( 1.000000000000000082E-05 ), #1211, 'distance_accuracy_value', 'NONE');
#697 = CARTESIAN_POINT ( 'NONE',  ( 0.9146560170946969048, -12.46675884608607809, 371.1928997866785380 ) ) ;
#699 = ORIENTED_EDGE ( 'NONE', *, *, #42, .F. ) ;
#698 = CARTESIAN_POINT ( 'NONE',  ( -0.6658903586899318494, 8.474365490793225320, 371.3476843054548908 ) ) ;
#700 = CARTESIAN_POINT ( 'NONE',  ( 8.498261113818786683, -0.1969374199134032721, 138.5097663303412787 ) ) ;
#701 = CARTESIAN_POINT ( 'NONE',  ( 12.50000000000000000, 1.530808517113370584E-15, 122.5000000000000142 ) ) ;
#702 = CARTESIAN_POINT ( 'NONE',  ( -12.41880724335821995, -1.422907925835152465, 140.4847640774655417 ) ) ;
#703 = DIRECTION ( 'NONE',  ( -0.000000000000000000, -0.000000000000000000, -1.000000000000000000 ) ) ;
#705 = ORIENTED_EDGE ( 'NONE', *, *, #1184, .T. ) ;
#704 = CARTESIAN_POINT ( 'NONE',  ( 8.500000000000000000, 0.000000000000000000, 119.5000000000000142 ) ) ;
#706 = B_SPLINE_CURVE_WITH_KNOTS ( 'NONE', 3,
 ( #880, #1015, #649, #1370, #286, #760, #1247, #887, #534, #767, #171, #47, #1507, #1255, #418, #896, #1284, #346, #440, #802, #1052, #1536, #327, #704 ),
 .UNSPECIFIED., .F., .F.,
 ( 4, 2, 2, 2, 2, 2, 2, 2, 2, 2, 2, 4 ),
 ( 0.004698892127675503502, 0.005286105592425927903, 0.005873319057176353171, 0.006166925789551564938, 0.006460532521926777572, 0.007047745986677202840, 0.007341352719052394657, 0.007634959451427586474, 0.007928566183802778292, 0.008222172916177970109, 0.008809386380928384969, 0.009396599845678796359 ),
 .UNSPECIFIED. ) ;
#707 = CARTESIAN_POINT ( 'NONE',  ( -0.3954347771936489453, -12.49504832957714662, 281.4600636342352686 ) ) ;
#708 = EDGE_CURVE ( 'NONE', #45, #728, #1292, .T. ) ;
#709 = ORIENTED_EDGE ( 'NONE', *, *, #1390, .T. ) ;
#710 = DIRECTION ( 'NONE',  ( 1.000000000000000000, -0.000000000000000000, -0.000000000000000000 ) ) ;
#711 = DIRECTION ( 'NONE',  ( -0.000000000000000000, 1.000000000000000000, -0.000000000000000000 ) ) ;
#712 = CARTESIAN_POINT ( 'NONE',  ( -12.50000000000000000, -0.1958370400149656021, 141.5000000000000000 ) ) ;
#713 = CARTESIAN_POINT ( 'NONE',  ( 8.500000000000000000, 1.040949779275250140E-15, 400.0000000000000000 ) ) ;
#715 = VERTEX_POINT ( 'NONE', #450 ) ;
#714 = CARTESIAN_POINT ( 'NONE',  ( 12.46675394982377227, 0.9215893646803345884, 122.1995441867765493 ) ) ;
#716 = CARTESIAN_POINT ( 'NONE',  ( 8.474421784463419982, -0.6651636052199443316, 141.3480360551417903 ) ) ;
#717 = VERTEX_POINT ( 'NONE', #929 ) ;
#718 = CARTESIAN_POINT ( 'NONE',  ( 0.7565211530710411747, 8.468196648509033864, 281.3098985607881559 ) ) ;
#719 = ORIENTED_EDGE ( 'NONE', *, *, #1455, .T. ) ;
#720 = LINE ( 'NONE', #1205, #1297 ) ;
#721 = CARTESIAN_POINT ( 'NONE',  ( -12.40966497930338086, -1.500071700528063046, 139.9019120518954935 ) ) ;
#722 = CARTESIAN_POINT ( 'NONE',  ( 12.41086231034069698, -1.490258184319197765, 121.1968703072132314 ) ) ;
#724 = EDGE_LOOP ( 'NONE', ( #309, #236, #830, #137 ) ) ;
#723 = DIRECTION ( 'NONE',  ( 1.000000000000000000, 0.000000000000000000, 0.000000000000000000 ) ) ;
#725 = SURFACE_STYLE_USAGE ( .BOTH. , #954 ) ;
#726 = ORIENTED_EDGE ( 'NONE', *, *, #1497, .F. ) ;
#727 = DIRECTION ( 'NONE',  ( 0.000000000000000000, 0.000000000000000000, -1.000000000000000000 ) ) ;
#728 = VERTEX_POINT ( 'NONE', #701 ) ;
#729 = CARTESIAN_POINT ( 'NONE',  ( -1.301156998487686067, -8.400000547032600906, 369.2473071040679429 ) ) ;
#730 = CARTESIAN_POINT ( 'NONE',  ( 1.347472495736468989, 12.42721844124117503, 369.3336809702257142 ) ) ;
#731 = CARTESIAN_POINT ( 'NONE',  ( -8.499999999999998224, 0.1985856204945598003, 141.5000000000000000 ) ) ;
#732 = CARTESIAN_POINT ( 'NONE',  ( 12.43219535261178343, 1.301350196942072657, 121.7523827489751511 ) ) ;
#733 = DIRECTION ( 'NONE',  ( -0.000000000000000000, 1.000000000000000000, -0.000000000000000000 ) ) ;
#734 = CARTESIAN_POINT ( 'NONE',  ( 12.41541494869715123, 1.451841265011200255, 140.3895060717924821 ) ) ;
#735 = CIRCLE ( 'NONE', #506, 12.50000000000000000 ) ;
#736 = VERTEX_POINT ( 'NONE', #1152 ) ;
#737 = CARTESIAN_POINT ( 'NONE',  ( 1.130303834227461390, 8.424799179599075316, 280.9909244549588720 ) ) ;
#738 = AXIS2_PLACEMENT_3D ( 'NONE', #1139, #157, #1369 ) ;
#739 = ORIENTED_EDGE ( 'NONE', *, *, #1455, .F. ) ;
#740 = CARTESIAN_POINT ( 'NONE',  ( -1.130303834227443849, -8.424799179599084198, 370.9909244549589289 ) ) ;
#741 = DIRECTION ( 'NONE',  ( -0.000000000000000000, -0.000000000000000000, -1.000000000000000000 ) ) ;
#742 = CARTESIAN_POINT ( 'NONE',  ( -8.492807084307065324, 0.3936705028018571140, 138.5394451855837303 ) ) ;
#743 = CYLINDRICAL_SURFACE ( 'NONE', #1293, 1.500000000000001332 ) ;
#744 = EDGE_CURVE ( 'NONE', #532, #1453, #526, .T. ) ;
#745 = FACE_OUTER_BOUND ( 'NONE', #1090, .T. ) ;
#746 = CARTESIAN_POINT ( 'NONE',  ( -0.09794186673307081481, 12.49999999999999467, 278.4999999999999432 ) ) ;
#747 = CARTESIAN_POINT ( 'NONE',  ( -1.130453806491426239, -12.44897097523742602, 370.9907706125192703 ) ) ;
#748 = DIRECTION ( 'NONE',  ( 0.000000000000000000, 0.000000000000000000, 1.000000000000000000 ) ) ;
#749 = CARTESIAN_POINT ( 'NONE',  ( -8.500000000000000000, 0.000000000000000000, 400.0000000000000000 ) ) ;
#750 = CARTESIAN_POINT ( 'NONE',  ( 12.42712566357910298, -1.348324937156612613, 121.6645978691412040 ) ) ;
#751 = CARTESIAN_POINT ( 'NONE',  ( 1.836971119787068440E-16, 8.500000000000000000, 368.5000000000000000 ) ) ;
#752 = LINE ( 'NONE', #616, #382 ) ;
#753 = CARTESIAN_POINT ( 'NONE',  ( 1.423364979404150965, 8.380064516876311487, 370.4833876463089837 ) ) ;
#754 = VECTOR ( 'NONE', #741, 1000.000000000000000 ) ;
#755 = CARTESIAN_POINT ( 'NONE',  ( -8.498250731809093850, -0.1975489296258280125, 119.5098238944332252 ) ) ;
#756 = CARTESIAN_POINT ( 'NONE',  ( -8.451032802989450587, 0.9216747668926785764, 119.8005234619805321 ) ) ;
#757 = CARTESIAN_POINT ( 'NONE',  ( -12.48260128292279703, 0.6655296226467682930, 138.6521364026752394 ) ) ;
#758 = CARTESIAN_POINT ( 'NONE',  ( 8.474365490793221767, -0.6658903586899416194, 119.6523156945451234 ) ) ;
#759 = CARTESIAN_POINT ( 'NONE',  ( -1.310825960206458252, 12.43130737969231525, 280.7549219030971130 ) ) ;
#760 = CARTESIAN_POINT ( 'NONE',  ( 8.424951481243640572, 1.129182222660789714, 121.9922220483961013 ) ) ;
#761 = EDGE_CURVE ( 'NONE', #532, #1036, #671, .T. ) ;
#762 = CARTESIAN_POINT ( 'NONE',  ( -8.467067332022205406, -0.7519779605241999620, 122.3015868012855947 ) ) ;
#763 = CARTESIAN_POINT ( 'NONE',  ( 0.000000000000000000, 0.000000000000000000, 400.0000000000000000 ) ) ;
#764 = FACE_OUTER_BOUND ( 'NONE', #965, .T. ) ;
#765 = ORIENTED_EDGE ( 'NONE', *, *, #307, .F. ) ;
#766 = CARTESIAN_POINT ( 'NONE',  ( 1.192459731305335335, 8.416118969814812445, 369.0847973341848274 ) ) ;
#767 = CARTESIAN_POINT ( 'NONE',  ( 8.373904804552061876, 1.460680235261573312, 121.3939369091247471 ) ) ;
#768 = CARTESIAN_POINT ( 'NONE',  ( -8.366593549838285071, -1.500037457286004461, 120.9025248002387514 ) ) ;
#769 = CARTESIAN_POINT ( 'NONE',  ( 12.44312649555922867, -1.199103398315006785, 139.0778388947702240 ) ) ;
#770 = CARTESIAN_POINT ( 'NONE',  ( -1.198965026476233708, 8.416165659157019974, 280.9222908879771694 ) ) ;
#771 = EDGE_CURVE ( 'NONE', #467, #426, #104, .T. ) ;
#772 = CARTESIAN_POINT ( 'NONE',  ( -12.49098211270041681, 0.4833537503353300124, 122.4233877169910301 ) ) ;
#773 = ORIENTED_EDGE ( 'NONE', *, *, #1554, .F. ) ;
#774 = CARTESIAN_POINT ( 'NONE',  ( -1.130761108126679959, 12.44894821965935883, 279.0094569872798047 ) ) ;
#775 = CARTESIAN_POINT ( 'NONE',  ( -12.49881115240055962, 0.1974331986599887345, 141.4901825074357475 ) ) ;
#776 = CARTESIAN_POINT ( 'NONE',  ( -8.416165659157021750, -1.198965026476225271, 121.9222908879771268 ) ) ;
#777 = CARTESIAN_POINT ( 'NONE',  ( 12.46675884608607632, -0.9146560170947048984, 138.8071002133216609 ) ) ;
#778 = CARTESIAN_POINT ( 'NONE',  ( -8.486711464432350027, -0.4837310432150893624, 138.5767473500810070 ) ) ;
#779 = VECTOR ( 'NONE', #1310, 1000.000000000000000 ) ;
#780 = CARTESIAN_POINT ( 'NONE',  ( -12.47852433486674784, -0.7543796072455348778, 122.3111400753855378 ) ) ;
#781 = ADVANCED_FACE ( 'NONE', ( #910 ), #1161, .F. ) ;
#782 = ORIENTED_EDGE ( 'NONE', *, *, #973, .F. ) ;
#783 = DIRECTION ( 'NONE',  ( 0.000000000000000000, 0.000000000000000000, 1.000000000000000000 ) ) ;
#784 = CARTESIAN_POINT ( 'NONE',  ( 1.423436984207467448, -8.380052813327850458, 369.5167672464459656 ) ) ;
#785 = CARTESIAN_POINT ( 'NONE',  ( 0.7527279578378419655, -12.47758079561430122, 278.6988689155287489 ) ) ;
#786 = CARTESIAN_POINT ( 'NONE',  ( -0.7565211530710411747, -8.468196648509033864, 281.3098985607881559 ) ) ;
#787 = CARTESIAN_POINT ( 'NONE',  ( -8.486679023007038580, -0.4843135366636222017, 141.4230612619174678 ) ) ;
#788 = CARTESIAN_POINT ( 'NONE',  ( -12.48260128292279703, 0.6655296226467756204, 119.6521364026751826 ) ) ;
#789 = EDGE_LOOP ( 'NONE', ( #1083, #14 ) ) ;
#790 = FACE_OUTER_BOUND ( 'NONE', #1566, .T. ) ;
#791 = EDGE_CURVE ( 'NONE', #1453, #532, #80, .T. ) ;
#792 = CARTESIAN_POINT ( 'NONE',  ( -12.44307809647056295, 1.192805026742879360, 140.9147453619954717 ) ) ;
#793 = CARTESIAN_POINT ( 'NONE',  ( 0.9908331434176756991, -8.442345620408723050, 278.8695156213142354 ) ) ;
#794 = CARTESIAN_POINT ( 'NONE',  ( 0.000000000000000000, 0.000000000000000000, 400.0000000000000000 ) ) ;
#795 = CARTESIAN_POINT ( 'NONE',  ( -12.41086231034069876, 1.490258184319199097, 121.1968703072132172 ) ) ;
#796 = B_SPLINE_CURVE_WITH_KNOTS ( 'NONE', 3,
 ( #378, #495, #834, #502, #966, #1110, #33, #1091, #484, #866, #1224, #15, #1327, #245, #873, #1476, #601, #512, #737, #1213, #718, #1458, #629, #610 ),
 .UNSPECIFIED., .F., .F.,
 ( 4, 2, 2, 2, 2, 2, 2, 2, 2, 2, 2, 4 ),
 ( 0.004698892127675546870, 0.005286105592426064946, 0.005873319057176582154, 0.006166925789551782645, 0.006460532521926982269, 0.007047745986677230595, 0.007341352719052438025, 0.007634959451427643720, 0.007928566183802849415, 0.008222172916178056845, 0.008809386380928468235, 0.009396599845678881360 ),
 .UNSPECIFIED. ) ;
#797 = LINE ( 'NONE', #1408, #964 ) ;
#798 = CARTESIAN_POINT ( 'NONE',  ( -1.310418190536415839, 8.398728247455428786, 369.2439899905558605 ) ) ;
#799 = FACE_OUTER_BOUND ( 'NONE', #1477, .T. ) ;
#800 = CARTESIAN_POINT ( 'NONE',  ( 12.43130737969231525, -1.310825960206468466, 139.2450780969030291 ) ) ;
#801 = B_SPLINE_CURVE_WITH_KNOTS ( 'NONE', 3,
 ( #348, #1445, #700, #1567, #1201, #590, #599, #243, #1185, #136, #234, #1221, #148, #832, #1193, #493, #365, #1324, #1334, #356, #843, #1456, #716, #472, #1308, #118, #824, #252 ),
 .UNSPECIFIED., .F., .F.,
 ( 4, 2, 2, 2, 2, 2, 2, 2, 2, 2, 2, 2, 2, 4 ),
 ( 0.000000000000000000, 0.0002936807579797404903, 0.0005873615159594810890, 0.0008810422739392218504, 0.001174723031918962612, 0.001762084547878443484, 0.002349446063837923922, 0.002643126821817664250, 0.002936807579797405011, 0.003524169095756809773, 0.003817849853736482880, 0.004111530611716156421, 0.004405211369695829528, 0.004698892127675502635 ),
 .UNSPECIFIED. ) ;
#802 = CARTESIAN_POINT ( 'NONE',  ( 8.450827680818420617, 0.9234843832375410067, 119.8019813330603824 ) ) ;
#803 = CARTESIAN_POINT ( 'NONE',  ( 0.9148968747956419678, -8.451015546465464823, 281.1927123554672789 ) ) ;
#804 = CARTESIAN_POINT ( 'NONE',  ( -0.4839036700400449753, 12.49096079992120245, 371.4232017403501231 ) ) ;
#805 = CARTESIAN_POINT ( 'NONE',  ( -12.44311109198404885, -1.192468017653607104, 140.9152115399785146 ) ) ;
#806 = CARTESIAN_POINT ( 'NONE',  ( 0.000000000000000000, -12.50000000000000000, 371.5000000000000000 ) ) ;
#807 = AXIS2_PLACEMENT_3D ( 'NONE', #1283, #310, #1515 ) ;
#808 = CARTESIAN_POINT ( 'NONE',  ( 1.193679758706968519, 12.44299455416120281, 280.9136363900436777 ) ) ;
#809 = CARTESIAN_POINT ( 'NONE',  ( -8.499999999999996447, -0.09799952764046833409, 138.4999999999999432 ) ) ;
#810 = VECTOR ( 'NONE', #1102, 1000.000000000000000 ) ;
#811 = CARTESIAN_POINT ( 'NONE',  ( -0.9908048652624101837, 12.46086827546074716, 368.8694683274349586 ) ) ;
#812 = ADVANCED_FACE ( 'NONE', ( #764 ), #386, .F. ) ;
#813 = CARTESIAN_POINT ( 'NONE',  ( -8.492703642240790884, 0.3958075011082258787, 122.4599640121129625 ) ) ;
#814 = DIRECTION ( 'NONE',  ( 0.000000000000000000, 0.000000000000000000, -1.000000000000000000 ) ) ;
#816 = ORIENTED_EDGE ( 'NONE', *, *, #761, .T. ) ;
#815 = CARTESIAN_POINT ( 'NONE',  ( -1.200249930558850764, 8.416008535779326394, 369.0789239453859523 ) ) ;
#817 = CARTESIAN_POINT ( 'NONE',  ( 12.44909237165973082, 1.129123276050113756, 140.9922897413368048 ) ) ;
#818 = CARTESIAN_POINT ( 'NONE',  ( 0.09799952764047005493, -8.500000000000001776, 278.5000000000001137 ) ) ;
#819 = CARTESIAN_POINT ( 'NONE',  ( -0.6649857906522310680, 12.48263028716286271, 368.6518689458830522 ) ) ;
#820 = CARTESIAN_POINT ( 'NONE',  ( -8.500000000000000000, 9.215630866972904113E-23, 119.5000000000000142 ) ) ;
#821 = CARTESIAN_POINT ( 'NONE',  ( 1.423552211753614571, -12.41873308735460490, 369.5171236553351832 ) ) ;
#823 = ORIENTED_EDGE ( 'NONE', *, *, #761, .F. ) ;
#822 = CARTESIAN_POINT ( 'NONE',  ( -0.7529811554227472392, 8.466975166959915811, 368.6990186990408915 ) ) ;
#824 = CARTESIAN_POINT ( 'NONE',  ( 8.499999999999996447, -0.09799952764046743203, 141.5000000000000284 ) ) ;
#825 = VERTEX_POINT ( 'NONE', #1362 ) ;
#826 = CYLINDRICAL_SURFACE ( 'NONE', #892, 1.500000000000001332 ) ;
#827 = CARTESIAN_POINT ( 'NONE',  ( -8.450827680818422394, 0.9234843832375421169, 122.1980186669397028 ) ) ;
#828 = CYLINDRICAL_SURFACE ( 'NONE', #676, 1.500000000000001332 ) ;
#830 = ORIENTED_EDGE ( 'NONE', *, *, #1443, .T. ) ;
#829 = FACE_OUTER_BOUND ( 'NONE', #494, .T. ) ;
#831 = EDGE_CURVE ( 'NONE', #135, #825, #838, .T. ) ;
#832 = CARTESIAN_POINT ( 'NONE',  ( 8.366593549838286847, -1.500037457286003795, 140.0974751997612486 ) ) ;
#833 = ORIENTED_EDGE ( 'NONE', *, *, #1160, .F. ) ;
#834 = CARTESIAN_POINT ( 'NONE',  ( 0.3936705028018386288, 8.492807084307063548, 278.5394451855837019 ) ) ;
#835 = VECTOR ( 'NONE', #527, 1000.000000000000000 ) ;
#836 = VERTEX_POINT ( 'NONE', #407 ) ;
#837 = FACE_BOUND ( 'NONE', #149, .T. ) ;
#838 = B_SPLINE_CURVE_WITH_KNOTS ( 'NONE', 3,
 ( #53, #1354, #395, #156, #877, #758, #30, #1494, #291, #871, #21, #1012, #1220, #990, #1245, #146, #1252, #522, #981, #626, #1504, #852, #884, #640, #1344, #1003, #1121, #278 ),
 .UNSPECIFIED., .F., .F.,
 ( 4, 2, 2, 2, 2, 2, 2, 2, 2, 2, 2, 2, 2, 4 ),
 ( 0.000000000000000000, 0.0002936807579797087232, 0.0005873615159594174464, 0.0008810422739391261153, 0.001174723031918834893, 0.001762084547878251797, 0.002349446063837668484, 0.002643126821817397103, 0.002936807579797126588, 0.003524169095756584692, 0.003817849853736314612, 0.004111530611716044531, 0.004405211369695774017, 0.004698892127675503502 ),
 .UNSPECIFIED. ) ;
#839 = CARTESIAN_POINT ( 'NONE',  ( -12.50000000000000000, 0.000000000000000000, 119.5000000000000142 ) ) ;
#840 = CARTESIAN_POINT ( 'NONE',  ( 12.50000000000000178, -0.09794186673306794211, 122.5000000000000142 ) ) ;
#842 = EDGE_LOOP ( 'NONE', ( #380, #483, #1468, #619, #1464, #1021, #9, #300, #726, #364, #474, #1194 ) ) ;
#841 = CARTESIAN_POINT ( 'NONE',  ( -1.490117304760209871, -12.41087917212862557, 279.8022414178684016 ) ) ;
#843 = CARTESIAN_POINT ( 'NONE',  ( 8.450971261715812588, -0.9152780080342683977, 141.1923921896238596 ) ) ;
#844 = VERTEX_POINT ( 'NONE', #176 ) ;
#845 = CARTESIAN_POINT ( 'NONE',  ( -1.302401170190220725, -12.43208494312676393, 370.7505691250283348 ) ) ;
#846 = EDGE_CURVE ( 'NONE', #201, #844, #752, .T. ) ;
#847 = ORIENTED_EDGE ( 'NONE', *, *, #628, .F. ) ;
#848 = CARTESIAN_POINT ( 'NONE',  ( -0.9908331434176756991, 8.442345620408723050, 278.8695156213142354 ) ) ;
#849 = CARTESIAN_POINT ( 'NONE',  ( -8.373904804552061876, 1.460680235261573090, 120.6060630908752955 ) ) ;
#850 = CARTESIAN_POINT ( 'NONE',  ( -8.468196648509033864, 0.7565211530710326260, 141.3098985607880991 ) ) ;
#851 = CARTESIAN_POINT ( 'NONE',  ( 12.42721844124117325, 1.347472495736476539, 121.6663190297741863 ) ) ;
#852 = CARTESIAN_POINT ( 'NONE',  ( 8.466975166959914034, -0.7529811554227622272, 122.3009813009591369 ) ) ;
#853 = CARTESIAN_POINT ( 'NONE',  ( 12.42721844124117858, 1.347472495736476095, 140.6663190297742290 ) ) ;
#854 = VECTOR ( 'NONE', #1373, 1000.000000000000000 ) ;
#855 = ORIENTED_EDGE ( 'NONE', *, *, #859, .T. ) ;
#856 = CARTESIAN_POINT ( 'NONE',  ( -1.301350196942087756, -12.43219535261177988, 369.2476172510248489 ) ) ;
#857 = DIRECTION ( 'NONE',  ( 0.000000000000000000, 0.000000000000000000, 1.000000000000000000 ) ) ;
#858 = CARTESIAN_POINT ( 'NONE',  ( -0.1959496514703176484, -8.500000000000001776, 368.5000000000000568 ) ) ;
#859 = EDGE_CURVE ( 'NONE', #957, #1253, #501, .T. ) ;
#860 = DIRECTION ( 'NONE',  ( -0.000000000000000000, 1.000000000000000000, -0.000000000000000000 ) ) ;
#861 = CARTESIAN_POINT ( 'NONE',  ( 12.44312649555923045, -1.199103398315004343, 120.0778388947702098 ) ) ;
#862 = B_SPLINE_CURVE_WITH_KNOTS ( 'NONE', 3,
 ( #315, #1398, #1519, #574, #787, #199, #1545, #670, #424, #341, #333, #926, #529, #297, #70, #448, #1151, #78, #652, #1047, #101, #899, #553, #778, #1127, #1538, #809, #1176 ),
 .UNSPECIFIED., .F., .F.,
 ( 4, 2, 2, 2, 2, 2, 2, 2, 2, 2, 2, 2, 2, 4 ),
 ( 0.000000000000000000, 0.0002936807579797406529, 0.0005873615159594811974, 0.0008810422739392217420, 0.001174723031918962395, 0.001762084547878443050, 0.002349446063837923489, 0.002643126821817664250, 0.002936807579797404144, 0.003524169095756808905, 0.003817849853736482446, 0.004111530611716155553, 0.004405211369695828660, 0.004698892127675501768 ),
 .UNSPECIFIED. ) ;
#863 = CARTESIAN_POINT ( 'NONE',  ( 0.000000000000000000, -12.50000000000000000, 280.0000000000000000 ) ) ;
#864 = CARTESIAN_POINT ( 'NONE',  ( 0.000000000000000000, -12.50000000000000000, 371.5000000000000000 ) ) ;
#865 = CARTESIAN_POINT ( 'NONE',  ( -1.490258184319204871, 12.41086231034069520, 279.8031296927867970 ) ) ;
#866 = CARTESIAN_POINT ( 'NONE',  ( 1.460680235261584192, 8.373904804552063652, 279.6060630908754092 ) ) ;
#867 = FACE_OUTER_BOUND ( 'NONE', #244, .T. ) ;
#868 = CARTESIAN_POINT ( 'NONE',  ( 0.3933292612530560062, 12.49511705667184636, 368.5393600781329155 ) ) ;
#869 = CARTESIAN_POINT ( 'NONE',  ( -8.399831814550573483, 1.302249794529001470, 140.7508451700803107 ) ) ;
#870 = CARTESIAN_POINT ( 'NONE',  ( -8.500000000000000000, 0.000000000000000000, 141.5000000000000284 ) ) ;
#871 = CARTESIAN_POINT ( 'NONE',  ( 8.416165659157025303, -1.198965026476226381, 120.0777091120229301 ) ) ;
#872 = CARTESIAN_POINT ( 'NONE',  ( -1.301372456459308102, 12.43219232783412131, 279.2476884696586694 ) ) ;
#873 = CARTESIAN_POINT ( 'NONE',  ( 1.423364979404151853, 8.380064516876316816, 280.4833876463092110 ) ) ;
#874 = CARTESIAN_POINT ( 'NONE',  ( -12.50000000000000000, 0.000000000000000000, 119.5000000000000142 ) ) ;
#875 = CARTESIAN_POINT ( 'NONE',  ( 1.129123276050098879, 12.44909237165973082, 369.0077102586632236 ) ) ;
#876 = DIRECTION ( 'NONE',  ( -1.000000000000000000, 0.000000000000000000, 0.000000000000000000 ) ) ;
#877 = CARTESIAN_POINT ( 'NONE',  ( 8.486679023007038580, -0.4843135366636112660, 119.5769387380825606 ) ) ;
#878 = CARTESIAN_POINT ( 'NONE',  ( -0.1974331986599761612, 12.49881115240055784, 278.5098174925641956 ) ) ;
#879 = ADVANCED_FACE ( 'NONE', ( #1239, #271, #745 ), #1244, .T. ) ;
#880 = CARTESIAN_POINT ( 'NONE',  ( 8.500000000000000000, 1.040949871430995760E-15, 122.5000000000000142 ) ) ;
#881 = CARTESIAN_POINT ( 'NONE',  ( -8.368368429005739628, -1.490231457880341948, 120.8029051509225837 ) ) ;
#882 = B_SPLINE_CURVE_WITH_KNOTS ( 'NONE', 3,
 ( #686, #1421, #694, #112, #804, #1187, #215, #96, #1044, #1178, #336, #568, #1436, #1302, #923, #1539, #680, #584, #1056, #465, #229, #811, #1547, #1064, #819, #458, #945, #1416, #938, #349 ),
 .UNSPECIFIED., .F., .F.,
 ( 4, 2, 2, 2, 2, 2, 2, 2, 2, 2, 2, 2, 2, 2, 4 ),
 ( 0.000000000000000000, 0.0002933694678338081272, 0.0005867389356676162545, 0.0008801084035014242191, 0.001173477871335232075, 0.001760216807002965749, 0.002346955742670699206, 0.002640325210504482559, 0.002933694678338266779, 0.003227064146172050133, 0.003520433614005833486, 0.003813803081839617273, 0.004107172549673400626, 0.004400542017507184413, 0.004693911485340968200 ),
 .UNSPECIFIED. ) ;
#883 = CARTESIAN_POINT ( 'NONE',  ( 12.50000000000000000, 0.000000000000000000, 119.5000000000000142 ) ) ;
#884 = CARTESIAN_POINT ( 'NONE',  ( 8.474421784463418206, -0.6651636052199396687, 122.3480360551417618 ) ) ;
#885 = ORIENTED_EDGE ( 'NONE', *, *, #1409, .T. ) ;
#886 = CARTESIAN_POINT ( 'NONE',  ( -1.192805026742883134, 12.44307809647056118, 279.0852546380045283 ) ) ;
#887 = CARTESIAN_POINT ( 'NONE',  ( 8.400000547032600906, 1.301156998487677185, 121.7526928959320571 ) ) ;
#888 = CARTESIAN_POINT ( 'NONE',  ( 1.310825960206458252, -12.43130737969231525, 280.7549219030971130 ) ) ;
#889 = CARTESIAN_POINT ( 'NONE',  ( -0.9216747668926804637, -8.451032802989448811, 278.8005234619805037 ) ) ;
#890 = CARTESIAN_POINT ( 'NONE',  ( -0.9918785264490860287, 8.442216378004118837, 281.1294739452325189 ) ) ;
#891 = VECTOR ( 'NONE', #1524, 1000.000000000000000 ) ;
#892 = AXIS2_PLACEMENT_3D ( 'NONE', #237, #710, #727 ) ;
#893 = CARTESIAN_POINT ( 'NONE',  ( -12.44307809647055940, 1.192805026742881580, 121.9147453619954717 ) ) ;
#894 = VERTEX_POINT ( 'NONE', #639 ) ;
#895 = CARTESIAN_POINT ( 'NONE',  ( -0.7527279578378418545, 12.47758079561430300, 278.6988689155287489 ) ) ;
#896 = CARTESIAN_POINT ( 'NONE',  ( 8.392477424430943245, 1.348247696834888210, 120.3352747716704130 ) ) ;
#897 = CARTESIAN_POINT ( 'NONE',  ( -8.380052813327848682, -1.423436984207467670, 120.5167672464459372 ) ) ;
#898 = CARTESIAN_POINT ( 'NONE',  ( -1.301156998487686511, -8.400000547032599130, 279.2473071040680566 ) ) ;
#899 = CARTESIAN_POINT ( 'NONE',  ( -8.466975166959912258, -0.7529811554227702208, 138.6990186990409484 ) ) ;
#900 = EDGE_CURVE ( 'NONE', #736, #201, #1181, .T. ) ;
#901 = CARTESIAN_POINT ( 'NONE',  ( -12.47758079561430122, 0.7527279578378381908, 122.3011310844711943 ) ) ;
#902 = VERTEX_POINT ( 'NONE', #883 ) ;
#903 = CARTESIAN_POINT ( 'NONE',  ( 12.50000000000000000, 1.530808517096804505E-15, 141.5000000000000284 ) ) ;
#904 = CARTESIAN_POINT ( 'NONE',  ( 0.7519779605242080667, -8.467067332022207182, 371.3015868012856231 ) ) ;
#905 = CARTESIAN_POINT ( 'NONE',  ( 1.301372456459308768, -12.43219232783412309, 279.2476884696588399 ) ) ;
#906 = CARTESIAN_POINT ( 'NONE',  ( 12.40968234583944252, -1.499928025140617516, 139.8035825742394138 ) ) ;
#907 = CARTESIAN_POINT ( 'NONE',  ( 8.500000000000000000, 0.1985856204945601888, 138.5000000000000000 ) ) ;
#908 = AXIS2_PLACEMENT_3D ( 'NONE', #763, #1128, #51 ) ;
#909 = ADVANCED_FACE ( 'NONE', ( #43, #516, #1493 ), #283, .T. ) ;
#910 = FACE_OUTER_BOUND ( 'NONE', #1214, .T. ) ;
#911 = ORIENTED_EDGE ( 'NONE', *, *, #1294, .T. ) ;
#912 = DIRECTION ( 'NONE',  ( -0.000000000000000000, -0.000000000000000000, -1.000000000000000000 ) ) ;
#913 = CARTESIAN_POINT ( 'NONE',  ( -12.49098211270041503, 0.4833537503353272924, 141.4233877169909874 ) ) ;
#914 = CARTESIAN_POINT ( 'NONE',  ( 1.499924755126924580, -8.366613755563484744, 280.1966745542152921 ) ) ;
#915 = CARTESIAN_POINT ( 'NONE',  ( -8.500000000000000000, 0.000000000000000000, 122.5000000000000000 ) ) ;
#916 = CARTESIAN_POINT ( 'NONE',  ( -12.43130737969231703, 1.310825960206468910, 120.2450780969030859 ) ) ;
#917 = CARTESIAN_POINT ( 'NONE',  ( 8.416118969814812445, 1.192459731305325343, 140.9152026658152863 ) ) ;
#918 = CARTESIAN_POINT ( 'NONE',  ( -0.09799952764046995779, 8.499999999999998224, 368.5000000000000000 ) ) ;
#919 = CARTESIAN_POINT ( 'NONE',  ( 12.50000000000000000, 1.530808517096804505E-15, 141.5000000000000284 ) ) ;
#920 = CARTESIAN_POINT ( 'NONE',  ( 1.192468017653616874, 12.44311109198404708, 279.0847884600215707 ) ) ;
#921 = EDGE_CURVE ( 'NONE', #946, #844, #1062, .T. ) ;
#922 = CARTESIAN_POINT ( 'NONE',  ( 0.4833537503353356191, -12.49098211270041325, 278.5766122830090126 ) ) ;
#923 = CARTESIAN_POINT ( 'NONE',  ( -1.490258184319205315, 12.41086231034069520, 369.8031296927868539 ) ) ;
#924 = CYLINDRICAL_SURFACE ( 'NONE', #473, 1.500000000000001332 ) ;
#925 = CARTESIAN_POINT ( 'NONE',  ( -0.4843135366635971661, 8.486679023007038580, 371.4230612619174963 ) ) ;
#926 = CARTESIAN_POINT ( 'NONE',  ( -8.373954703623290641, -1.460355682211516459, 140.3943603007638217 ) ) ;
#927 = EDGE_CURVE ( 'NONE', #480, #585, #179, .T. ) ;
#928 = CARTESIAN_POINT ( 'NONE',  ( 0.6658903586899320715, -8.474365490793227096, 281.3476843054549477 ) ) ;
#929 = CARTESIAN_POINT ( 'NONE',  ( 0.000000000000000000, -8.500000000000000000, 281.5000000000000000 ) ) ;
#930 = CARTESIAN_POINT ( 'NONE',  ( -12.44299455416119926, -1.193679758706969185, 139.0863636099563792 ) ) ;
#931 = CARTESIAN_POINT ( 'NONE',  ( 0.7527279578378411884, -12.47758079561430300, 368.6988689155287489 ) ) ;
#932 = AXIS2_PLACEMENT_3D ( 'NONE', #103, #1049, #564 ) ;
#933 = CIRCLE ( 'NONE', #1166, 8.500000000000000000 ) ;
#935 = ORIENTED_EDGE ( 'NONE', *, *, #995, .T. ) ;
#934 = CARTESIAN_POINT ( 'NONE',  ( 1.129123276050099545, 12.44909237165973437, 279.0077102586633373 ) ) ;
#936 = CYLINDRICAL_SURFACE ( 'NONE', #539, 1.500000000000001332 ) ;
#937 = CARTESIAN_POINT ( 'NONE',  ( 0.1975489296258216010, -8.498250731809095626, 278.5098238944332820 ) ) ;
#938 = CARTESIAN_POINT ( 'NONE',  ( -0.09794186673307077318, 12.49999999999999289, 368.4999999999999432 ) ) ;
#939 = EDGE_CURVE ( 'NONE', #1253, #367, #95, .T. ) ;
#940 = CARTESIAN_POINT ( 'NONE',  ( -12.50000000000000000, 0.000000000000000000, 121.0000000000000142 ) ) ;
#941 = CARTESIAN_POINT ( 'NONE',  ( 0.3885825194311093855, -12.49432711963324216, 371.4520913373452800 ) ) ;
#943 = ORIENTED_EDGE ( 'NONE', *, *, #52, .F. ) ;
#942 = CARTESIAN_POINT ( 'NONE',  ( -1.490231457880340837, 8.368368429005739628, 369.8029051509225837 ) ) ;
#944 = CARTESIAN_POINT ( 'NONE',  ( 12.41087917212862557, 1.490117304760209427, 140.1977585821315699 ) ) ;
#945 = CARTESIAN_POINT ( 'NONE',  ( -0.3898388263140052934, 12.49429012712622011, 368.5482254090601373 ) ) ;
#946 = VERTEX_POINT ( 'NONE', #1133 ) ;
#947 = CARTESIAN_POINT ( 'NONE',  ( 1.836970017144905254E-16, -12.50000000000000000, 278.5000000000000000 ) ) ;
#948 = CARTESIAN_POINT ( 'NONE',  ( 8.500000000000000000, 1.040949779275250140E-15, 109.9999999999999858 ) ) ;
#949 = CARTESIAN_POINT ( 'NONE',  ( 1.451913452599230991, -12.41540656073440729, 369.6106740440788485 ) ) ;
#950 = EDGE_CURVE ( 'NONE', #177, #894, #404, .T. ) ;
#951 = VECTOR ( 'NONE', #959, 1000.000000000000000 ) ;
#953 = ORIENTED_EDGE ( 'NONE', *, *, #771, .F. ) ;
#952 = CARTESIAN_POINT ( 'NONE',  ( 12.47852433486674784, 0.7543796072455353219, 122.3111400753855094 ) ) ;
#954 = SURFACE_SIDE_STYLE ('',( #582 ) ) ;
#955 = ORIENTED_EDGE ( 'NONE', *, *, #655, .T. ) ;
#956 = CARTESIAN_POINT ( 'NONE',  ( -1.490401979618387385, -12.41084478235201516, 370.1956118681346766 ) ) ;
#957 = VERTEX_POINT ( 'NONE', #1491 ) ;
#958 = CARTESIAN_POINT ( 'NONE',  ( -0.7547753572430712099, -8.468356558159975123, 368.6890800974928197 ) ) ;
#959 = DIRECTION ( 'NONE',  ( 1.000000000000000000, -0.000000000000000000, -0.000000000000000000 ) ) ;
#960 = DIRECTION ( 'NONE',  ( 0.000000000000000000, 0.000000000000000000, 1.000000000000000000 ) ) ;
#962 = ORIENTED_EDGE ( 'NONE', *, *, #927, .F. ) ;
#961 = FACE_OUTER_BOUND ( 'NONE', #242, .T. ) ;
#963 = PRESENTATION_STYLE_ASSIGNMENT (( #725 ) ) ;
#964 = VECTOR ( 'NONE', #912, 1000.000000000000000 ) ;
#965 = EDGE_LOOP ( 'NONE', ( #591, #1374, #369, #699 ) ) ;
#966 = CARTESIAN_POINT ( 'NONE',  ( 0.9216747668926804637, 8.451032802989448811, 278.8005234619805037 ) ) ;
#967 = DIRECTION ( 'NONE',  ( -0.000000000000000000, 1.000000000000000000, -0.000000000000000000 ) ) ;
#968 = CARTESIAN_POINT ( 'NONE',  ( 0.000000000000000000, -8.500000000000000000, 371.5000000000000000 ) ) ;
#969 = CARTESIAN_POINT ( 'NONE',  ( -8.399831814550575260, 1.302249794528999471, 121.7508451700803249 ) ) ;
#970 = CARTESIAN_POINT ( 'NONE',  ( -8.450827680818420617, 0.9234843832375378980, 141.1980186669396460 ) ) ;
#972 = ORIENTED_EDGE ( 'NONE', *, *, #1160, .T. ) ;
#971 = CARTESIAN_POINT ( 'NONE',  ( -0.9232688180617800722, -12.46662710171656308, 281.1982418581262664 ) ) ;
#973 = EDGE_CURVE ( 'NONE', #825, #135, #706, .T. ) ;
#974 = ORIENTED_EDGE ( 'NONE', *, *, #393, .T. ) ;
#975 = DIRECTION ( 'NONE',  ( 0.000000000000000000, 0.000000000000000000, -1.000000000000000000 ) ) ;
#976 = ORIENTED_EDGE ( 'NONE', *, *, #1232, .F. ) ;
#977 = CARTESIAN_POINT ( 'NONE',  ( -1.499885378424140603, -8.366620815185239479, 369.8009719006366822 ) ) ;
#978 = CARTESIAN_POINT ( 'NONE',  ( -8.392477424430943245, 1.348247696834887988, 121.6647252283295728 ) ) ;
#979 = CARTESIAN_POINT ( 'NONE',  ( 12.43130737969231525, -1.310825960206468244, 120.2450780969030433 ) ) ;
#980 = CARTESIAN_POINT ( 'NONE',  ( -1.423581761119318445, -12.41872961614443049, 280.4827794321730039 ) ) ;
#981 = CARTESIAN_POINT ( 'NONE',  ( 8.416008535779329947, -1.200249930558852540, 121.9210760546139625 ) ) ;
#982 = CARTESIAN_POINT ( 'NONE',  ( 12.46675394982377583, 0.9215893646803345884, 141.1995441867765919 ) ) ;
#983 = VECTOR ( 'NONE', #1260, 1000.000000000000000 ) ;
#984 = CARTESIAN_POINT ( 'NONE',  ( 8.500000000000000000, 1.040949779275250140E-15, 400.0000000000000000 ) ) ;
#985 = ORIENTED_EDGE ( 'NONE', *, *, #1241, .T. ) ;
#986 = CARTESIAN_POINT ( 'NONE',  ( -1.423364979404150965, -8.380064516876311487, 370.4833876463089837 ) ) ;
#987 = CARTESIAN_POINT ( 'NONE',  ( 1.500071700528064822, 12.40966497930337908, 370.0980879481044212 ) ) ;
#988 = CARTESIAN_POINT ( 'NONE',  ( -8.366590057606218878, 1.500056936032832855, 140.0982154358869423 ) ) ;
#989 = CARTESIAN_POINT ( 'NONE',  ( 12.44299455416119926, 1.193679758706977401, 120.0863636099564928 ) ) ;
#990 = CARTESIAN_POINT ( 'NONE',  ( 8.366593549838285071, -1.500037457286004683, 121.0974751997613339 ) ) ;
#991 = CARTESIAN_POINT ( 'NONE',  ( 12.43208494312676038, 1.302401170190218505, 139.2494308749717220 ) ) ;
#992 = CARTESIAN_POINT ( 'NONE',  ( 1.836971119787068440E-16, 8.500000000000000000, 368.5000000000000000 ) ) ;
#993 = CYLINDRICAL_SURFACE ( 'NONE', #1540, 1.500000000000001332 ) ;
#994 = CARTESIAN_POINT ( 'NONE',  ( 0.1983620543609523612, 12.50000000000000178, 371.5000000000000000 ) ) ;
#995 = EDGE_CURVE ( 'NONE', #1459, #585, #1281, .T. ) ;
#996 = CARTESIAN_POINT ( 'NONE',  ( -12.41540656073440907, 1.451913452599228105, 140.3893259559212368 ) ) ;
#997 = CARTESIAN_POINT ( 'NONE',  ( -12.41541494869715478, -1.451841265011200477, 121.3895060717925105 ) ) ;
#998 = CARTESIAN_POINT ( 'NONE',  ( 12.50000000000000000, 0.000000000000000000, 138.5000000000000000 ) ) ;
#999 = CARTESIAN_POINT ( 'NONE',  ( -12.48263028716286449, 0.6649857906522245177, 141.3481310541171752 ) ) ;
#1000 = CARTESIAN_POINT ( 'NONE',  ( 1.836970380297022973E-16, 12.50000000000000000, 278.5000000000000000 ) ) ;
#1001 = CARTESIAN_POINT ( 'NONE',  ( -12.49882004151870341, 0.1967336182265028433, 138.5097444816877896 ) ) ;
#1002 = PRODUCT_DEFINITION ( 'UNKNOWN', '', #419, #371 ) ;
#1003 = CARTESIAN_POINT ( 'NONE',  ( 8.498250731809092073, -0.1975489296258274297, 122.4901761055667606 ) ) ;
#1004 = ORIENTED_EDGE ( 'NONE', *, *, #921, .T. ) ;
#1005 = CARTESIAN_POINT ( 'NONE',  ( -0.3885825194311094410, 12.49432711963324216, 281.4520913373452800 ) ) ;
#1006 = CARTESIAN_POINT ( 'NONE',  ( 0.9918785264490862508, -8.442216378004118837, 371.1294739452325189 ) ) ;
#1007 = B_SPLINE_CURVE_WITH_KNOTS ( 'NONE', 3,
 ( #1330, #248, #1073, #190, #181, #1531, #198, #777, #1501, #769, #800, #86, #906, #69, #210, #305, #442, #651, #423, #552, #1034, #559, #1525, #1126, #1388, #545, #1039, #1518, #1266, #919 ),
 .UNSPECIFIED., .F., .F.,
 ( 4, 2, 2, 2, 2, 2, 2, 2, 2, 2, 2, 2, 2, 2, 4 ),
 ( 0.000000000000000000, 0.0002933694678337890995, 0.0005867389356675781990, 0.0008801084035013675153, 0.001173477871335156615, 0.001760216807002735898, 0.002346955742670314964, 0.002640325210504146022, 0.002933694678337977514, 0.003227064146171809006, 0.003520433614005640498, 0.003813803081839471556, 0.004107172549673302614, 0.004400542017507134106, 0.004693911485340965598 ),
 .UNSPECIFIED. ) ;
#1008 = CARTESIAN_POINT ( 'NONE',  ( 0.09920467492581287738, -12.50000000000000178, 281.5000000000000568 ) ) ;
#1009 = CARTESIAN_POINT ( 'NONE',  ( 0.000000000000000000, 12.50000000000000000, 281.5000000000000000 ) ) ;
#1010 = CARTESIAN_POINT ( 'NONE',  ( -0.4843135366635973882, 8.486679023007038580, 281.4230612619174963 ) ) ;
#1011 = CARTESIAN_POINT ( 'NONE',  ( -12.41461637598816203, 1.460468453404687450, 139.6060410245514163 ) ) ;
#1012 = CARTESIAN_POINT ( 'NONE',  ( 8.373954703623290641, -1.460355682211520456, 120.6056396992361925 ) ) ;
#1013 = ORIENTED_EDGE ( 'NONE', *, *, #667, .F. ) ;
#1014 = CYLINDRICAL_SURFACE ( 'NONE', #738, 1.500000000000001332 ) ;
#1015 = CARTESIAN_POINT ( 'NONE',  ( 8.500000000000001776, 0.1959496514703147618, 122.5000000000000284 ) ) ;
#1016 = EDGE_CURVE ( 'NONE', #426, #467, #1313, .T. ) ;
#1017 = LINE ( 'NONE', #874, #835 ) ;
#1018 = CARTESIAN_POINT ( 'NONE',  ( 0.000000000000000000, -8.500000000000000000, 281.5000000000000000 ) ) ;
#1019 = CARTESIAN_POINT ( 'NONE',  ( 8.366590057606211772, 1.500056936032832855, 139.9017845641131146 ) ) ;
#1020 = CARTESIAN_POINT ( 'NONE',  ( -12.41540656073440907, 1.451913452599223442, 121.3893259559212225 ) ) ;
#1021 = ORIENTED_EDGE ( 'NONE', *, *, #75, .T. ) ;
#1022 = CARTESIAN_POINT ( 'NONE',  ( -0.6655296226467624088, 12.48260128292279703, 281.3478635973248174 ) ) ;
#1023 = CARTESIAN_POINT ( 'NONE',  ( -12.47758079561430300, 0.7527279578378336389, 141.3011310844712227 ) ) ;
#1024 = EDGE_CURVE ( 'NONE', #357, #117, #575, .T. ) ;
#1025 = CARTESIAN_POINT ( 'NONE',  ( -8.450971261715807259, -0.9152780080342600710, 119.8076078103761688 ) ) ;
#1026 = CARTESIAN_POINT ( 'NONE',  ( -1.192459731305335335, -8.416118969814808892, 279.0847973341847137 ) ) ;
#1027 = CARTESIAN_POINT ( 'NONE',  ( 8.375034578261381313, 1.452298113880952979, 139.6121632292819470 ) ) ;
#1028 = CARTESIAN_POINT ( 'NONE',  ( -12.46672313643619567, 0.9151153637875243385, 122.1925205861736288 ) ) ;
#1029 = ORIENTED_EDGE ( 'NONE', *, *, #560, .F. ) ;
#1030 = CARTESIAN_POINT ( 'NONE',  ( -8.500000000000000000, 9.219338513227442869E-23, 138.5000000000000000 ) ) ;
#1031 = CARTESIAN_POINT ( 'NONE',  ( 0.3902141719275367682, -8.491585480952128506, 368.5483170782758293 ) ) ;
#1032 = B_SPLINE_CURVE_WITH_KNOTS ( 'NONE', 3,
 ( #170, #285, #1246, #1375, #301, #178, #766, #627, #511, #1254, #417, #396, #648, #1506, #753, #1262, #164, #1528, #1522, #1037, #82, #673, #434, #202 ),
 .UNSPECIFIED., .F., .F.,
 ( 4, 2, 2, 2, 2, 2, 2, 2, 2, 2, 2, 4 ),
 ( 0.004698892127675546003, 0.005286105592426063211, 0.005873319057176580420, 0.006166925789551780043, 0.006460532521926980534, 0.007047745986677228860, 0.007341352719052436290, 0.007634959451427641985, 0.007928566183802849415, 0.008222172916178055110, 0.008809386380928468235, 0.009396599845678879626 ),
 .UNSPECIFIED. ) ;
#1033 = CARTESIAN_POINT ( 'NONE',  ( -8.398728247455430562, -1.310418190536421834, 120.2439899905559741 ) ) ;
#1034 = CARTESIAN_POINT ( 'NONE',  ( 12.44894821965935705, -1.130761108126689063, 140.9905430127201384 ) ) ;
#1035 = CARTESIAN_POINT ( 'NONE',  ( -12.47764731523457016, 0.7516576565780421770, 119.6982257115872983 ) ) ;
#1036 = VERTEX_POINT ( 'NONE', #1472 ) ;
#1037 = CARTESIAN_POINT ( 'NONE',  ( 0.9234843832375329020, 8.450827680818422394, 371.1980186669395039 ) ) ;
#1038 = CARTESIAN_POINT ( 'NONE',  ( -0.3902141719275367682, 8.491585480952128506, 368.5483170782758293 ) ) ;
#1039 = CARTESIAN_POINT ( 'NONE',  ( 12.49429012712622189, -0.3898388263140125654, 141.4517745909399480 ) ) ;
#1040 = ADVANCED_FACE ( 'NONE', ( #961 ), #1463, .F. ) ;
#1041 = VECTOR ( 'NONE', #520, 1000.000000000000000 ) ;
#1042 = CARTESIAN_POINT ( 'NONE',  ( -0.09931784444946913093, 8.500000000000000000, 371.4999999999998863 ) ) ;
#1043 = CARTESIAN_POINT ( 'NONE',  ( 0.3889306286315221683, -8.491640552456217961, 281.4520033414765976 ) ) ;
#1044 = CARTESIAN_POINT ( 'NONE',  ( -0.9917595663931335626, 12.46078747305130641, 371.1295886323923696 ) ) ;
#1045 = CARTESIAN_POINT ( 'NONE',  ( 1.192805026742882690, -12.44307809647056295, 369.0852546380045851 ) ) ;
#1046 = CARTESIAN_POINT ( 'NONE',  ( 1.301350196942088200, 12.43219535261177988, 279.2476172510249057 ) ) ;
#1047 = CARTESIAN_POINT ( 'NONE',  ( -8.442345620408723050, -0.9908331434176702590, 138.8695156213142923 ) ) ;
#1048 = CARTESIAN_POINT ( 'NONE',  ( 1.423436984207468115, -8.380052813327850458, 279.5167672464459088 ) ) ;
#1049 = DIRECTION ( 'NONE',  ( -0.000000000000000000, -0.000000000000000000, -1.000000000000000000 ) ) ;
#1050 = CARTESIAN_POINT ( 'NONE',  ( -12.40968240849053039, -1.499927506806439048, 140.1002687718780066 ) ) ;
#1051 = CARTESIAN_POINT ( 'NONE',  ( 0.6655296226467624088, -12.48260128292279525, 371.3478635973247606 ) ) ;
#1052 = CARTESIAN_POINT ( 'NONE',  ( 8.468196648509035640, 0.7565211530710337362, 119.6901014392119862 ) ) ;
#1053 = CARTESIAN_POINT ( 'NONE',  ( 8.450827680818420617, 0.9234843832375380090, 138.8019813330603824 ) ) ;
#1054 = PRODUCT ( 'Drilling-Guide', 'Drilling-Guide', '', ( #366 ) ) ;
#1055 = DIRECTION ( 'NONE',  ( -0.000000000000000000, 1.000000000000000000, -0.000000000000000000 ) ) ;
#1056 = CARTESIAN_POINT ( 'NONE',  ( -1.301372456459307880, 12.43219232783412131, 369.2476884696587831 ) ) ;
#1057 = CARTESIAN_POINT ( 'NONE',  ( -8.424799179599080645, 1.130303834227452509, 121.9909244549589147 ) ) ;
#1058 = CARTESIAN_POINT ( 'NONE',  ( 0.7516576565780349606, -12.47764731523457371, 371.3017742884127301 ) ) ;
#1060 = EDGE_LOOP ( 'NONE', ( #664, #953 ) ) ;
#1059 = CARTESIAN_POINT ( 'NONE',  ( 1.490117304760209871, 12.41087917212862557, 279.8022414178684016 ) ) ;
#1061 = CARTESIAN_POINT ( 'NONE',  ( 12.50000000000000000, 1.530808517096804505E-15, 141.5000000000000284 ) ) ;
#1062 = B_SPLINE_CURVE_WITH_KNOTS ( 'NONE', 3,
 ( #1120, #175, #1001, #521, #1503, #757, #645, #401, #1366, #406, #530, #1011, #1238, #162, #634, #996, #1114, #37, #196, #792, #525, #1263, #1141, #1023, #999, #913, #642, #775, #543, #188 ),
 .UNSPECIFIED., .F., .F.,
 ( 4, 2, 2, 2, 2, 2, 2, 2, 2, 2, 2, 2, 2, 2, 4 ),
 ( 0.000000000000000000, 0.0002933694678337889911, 0.0005867389356675780905, 0.0008801084035013672984, 0.001173477871335156615, 0.001760216807002735681, 0.002346955742670314531, 0.002640325210504145589, 0.002933694678337976647, 0.003227064146171808572, 0.003520433614005639630, 0.003813803081839470688, 0.004107172549673301747, 0.004400542017507133238, 0.004693911485340963863 ),
 .UNSPECIFIED. ) ;
#1063 = PLANE ( 'NONE',  #684 ) ;
#1064 = CARTESIAN_POINT ( 'NONE',  ( -0.7527279578378227587, 12.47758079561430300, 368.6988689155288057 ) ) ;
#1065 = VERTEX_POINT ( 'NONE', #870 ) ;
#1066 = ADVANCED_FACE ( 'NONE', ( #829 ), #743, .F. ) ;
#1067 = CARTESIAN_POINT ( 'NONE',  ( -12.42711642649888226, -1.348409296814607083, 139.3355804194752636 ) ) ;
#1068 = CARTESIAN_POINT ( 'NONE',  ( -12.50000000000000000, 0.000000000000000000, 400.0000000000000000 ) ) ;
#1070 = ORIENTED_EDGE ( 'NONE', *, *, #1479, .T. ) ;
#1069 = CARTESIAN_POINT ( 'NONE',  ( 12.50000000000000000, 1.530808517113370584E-15, 122.5000000000000142 ) ) ;
#1071 = CARTESIAN_POINT ( 'NONE',  ( 12.50000000000000000, 0.1958370400149672674, 141.5000000000000000 ) ) ;
#1072 = EDGE_LOOP ( 'NONE', ( #976, #471, #1079, #974, #1212, #81, #816, #847, #1560, #496, #340, #226 ) ) ;
#1073 = CARTESIAN_POINT ( 'NONE',  ( 12.49882004151870341, -0.1967336182265028988, 138.5097444816877896 ) ) ;
#1074 = CARTESIAN_POINT ( 'NONE',  ( -1.310418190536416283, 8.398728247455428786, 279.2439899905558605 ) ) ;
#1075 = CARTESIAN_POINT ( 'NONE',  ( 8.500000000000000000, 1.040949779275250140E-15, 400.0000000000000000 ) ) ;
#1076 = DIRECTION ( 'NONE',  ( -0.000000000000000000, 1.000000000000000000, -0.000000000000000000 ) ) ;
#1077 = AXIS2_PLACEMENT_3D ( 'NONE', #1542, #1451, #1440 ) ;
#1079 = ORIENTED_EDGE ( 'NONE', *, *, #846, .T. ) ;
#1078 = CARTESIAN_POINT ( 'NONE',  ( 12.40968240849053394, 1.499927506806439714, 121.1002687718780777 ) ) ;
#1080 = EDGE_LOOP ( 'NONE', ( #292, #709, #1122, #1333 ) ) ;
#1081 = CARTESIAN_POINT ( 'NONE',  ( -1.500071700528065266, -12.40966497930337908, 370.0980879481044212 ) ) ;
#1082 = B_SPLINE_CURVE_WITH_KNOTS ( 'NONE', 3,
 ( #455, #546, #644, #50, #1010, #1502, #413, #191, #890, #770, #1258, #1144, #1136, #1512, #59, #537, #1389, #1074, #1460, #848, #266, #1340, #1196, #1226, #1094, #17, #1469, #34 ),
 .UNSPECIFIED., .F., .F.,
 ( 4, 2, 2, 2, 2, 2, 2, 2, 2, 2, 2, 2, 2, 4 ),
 ( 0.000000000000000000, 0.0002936807579797778411, 0.0005873615159595556821, 0.0008810422739393335232, 0.001174723031919111364, 0.001762084547878667046, 0.002349446063838222729, 0.002643126821817917520, 0.002936807579797612311, 0.003524169095757001460, 0.003817849853736638138, 0.004111530611716274382, 0.004405211369695911060, 0.004698892127675546870 ),
 .UNSPECIFIED. ) ;
#1083 = ORIENTED_EDGE ( 'NONE', *, *, #1338, .F. ) ;
#1084 = LINE ( 'NONE', #487, #91 ) ;
#1085 = CARTESIAN_POINT ( 'NONE',  ( -8.468196648509037416, 0.7565211530710373999, 122.3098985607880564 ) ) ;
#1086 = CARTESIAN_POINT ( 'NONE',  ( -8.416118969814810669, 1.192459731305325121, 139.0847973341847990 ) ) ;
#1088 = ORIENTED_EDGE ( 'NONE', *, *, #1390, .F. ) ;
#1087 = CARTESIAN_POINT ( 'NONE',  ( -1.302401170190221169, -12.43208494312676038, 280.7505691250283917 ) ) ;
#1089 = PRESENTATION_LAYER_ASSIGNMENT (  '', '', ( #1509 ) ) ;
#1090 = EDGE_LOOP ( 'NONE', ( #1202, #1392, #972, #1339, #609, #985, #555, #823, #1495, #1328, #1004, #1346 ) ) ;
#1091 = CARTESIAN_POINT ( 'NONE',  ( 1.301156998487686511, 8.400000547032599130, 279.2473071040680566 ) ) ;
#1092 = CIRCLE ( 'NONE', #1250, 12.50000000000000000 ) ;
#1093 = ORIENTED_EDGE ( 'NONE', *, *, #325, .T. ) ;
#1094 = CARTESIAN_POINT ( 'NONE',  ( -0.3902141719275372123, 8.491585480952133835, 278.5483170782759998 ) ) ;
#1095 = CARTESIAN_POINT ( 'NONE',  ( -8.375034578261381313, 1.452298113880952757, 121.3878367707180672 ) ) ;
#1096 = CARTESIAN_POINT ( 'NONE',  ( 12.49098211270041681, -0.4833537503353246279, 122.4233877169910585 ) ) ;
#1097 = CARTESIAN_POINT ( 'NONE',  ( -1.452391591922874481, -12.41535037508795014, 280.3874541618272929 ) ) ;
#1098 = DIRECTION ( 'NONE',  ( -0.000000000000000000, -0.000000000000000000, -1.000000000000000000 ) ) ;
#1099 = EDGE_CURVE ( 'NONE', #177, #375, #933, .T. ) ;
#1100 = ORIENTED_EDGE ( 'NONE', *, *, #667, .T. ) ;
#1101 = CARTESIAN_POINT ( 'NONE',  ( -1.499927506806445265, -12.40968240849052862, 369.8997312281220502 ) ) ;
#1102 = DIRECTION ( 'NONE',  ( -0.000000000000000000, 1.000000000000000000, -0.000000000000000000 ) ) ;
#1103 = CARTESIAN_POINT ( 'NONE',  ( 1.836969277646971177E-16, -8.500000000000000000, 368.5000000000000000 ) ) ;
#1104 = CARTESIAN_POINT ( 'NONE',  ( 0.1958370400149695989, 12.50000000000000533, 368.5000000000000568 ) ) ;
#1105 = CARTESIAN_POINT ( 'NONE',  ( -8.375034578261383089, 1.452298113880952535, 140.3878367707180814 ) ) ;
#1106 = CARTESIAN_POINT ( 'NONE',  ( 12.41087917212862912, 1.490117304760209205, 121.1977585821316126 ) ) ;
#1107 = CARTESIAN_POINT ( 'NONE',  ( -12.47841377293009302, -0.7561687199504095735, 119.6898994901157067 ) ) ;
#1108 = CARTESIAN_POINT ( 'NONE',  ( 12.46662710171655597, 0.9232688180617875107, 138.8017581418738473 ) ) ;
#1109 = AXIS2_PLACEMENT_3D ( 'NONE', #1483, #733, #517 ) ;
#1110 = CARTESIAN_POINT ( 'NONE',  ( 1.129182222660791490, 8.424951481243638796, 279.0077779516039413 ) ) ;
#1111 = CARTESIAN_POINT ( 'NONE',  ( -1.460680235261583748, -8.373904804552063652, 369.6060630908754092 ) ) ;
#1112 = CARTESIAN_POINT ( 'NONE',  ( 1.193679758706968297, 12.44299455416120281, 370.9136363900435640 ) ) ;
#1113 = CARTESIAN_POINT ( 'NONE',  ( 12.47758079561430122, -0.7527279578378375247, 122.3011310844711943 ) ) ;
#1114 = CARTESIAN_POINT ( 'NONE',  ( -12.41873308735461023, 1.423552211753602137, 140.4828763446648168 ) ) ;
#1115 = CARTESIAN_POINT ( 'NONE',  ( -12.42721844124117681, -1.347472495736476983, 121.6663190297742432 ) ) ;
#1116 = CARTESIAN_POINT ( 'NONE',  ( -0.4839036700400452529, 12.49096079992120067, 281.4232017403501231 ) ) ;
#1117 = CARTESIAN_POINT ( 'NONE',  ( 1.460468453404683897, -12.41461637598816203, 280.3939589754485269 ) ) ;
#1118 = EDGE_CURVE ( 'NONE', #728, #902, #464, .T. ) ;
#1119 = CARTESIAN_POINT ( 'NONE',  ( 1.499927506806445265, 12.40968240849052862, 369.8997312281220502 ) ) ;
#1120 = CARTESIAN_POINT ( 'NONE',  ( -12.50000000000000000, 0.000000000000000000, 138.5000000000000000 ) ) ;
#1121 = CARTESIAN_POINT ( 'NONE',  ( 8.499999999999996447, -0.09799952764046747367, 122.4999999999999858 ) ) ;
#1122 = ORIENTED_EDGE ( 'NONE', *, *, #227, .F. ) ;
#1123 = CARTESIAN_POINT ( 'NONE',  ( -1.500035835943867690, 12.40966931437717946, 279.9026169300116180 ) ) ;
#1124 = CARTESIAN_POINT ( 'NONE',  ( 0.000000000000000000, -8.500000000000000000, 371.5000000000000000 ) ) ;
#1125 = CARTESIAN_POINT ( 'NONE',  ( -8.499999999999998224, -0.09799952764046845899, 119.4999999999999858 ) ) ;
#1126 = CARTESIAN_POINT ( 'NONE',  ( 12.47758079561430300, -0.7527279578378331948, 141.3011310844712227 ) ) ;
#1127 = CARTESIAN_POINT ( 'NONE',  ( -8.491585480952130283, -0.3902141719275373233, 138.5483170782759998 ) ) ;
#1128 = DIRECTION ( 'NONE',  ( 0.000000000000000000, 0.000000000000000000, 1.000000000000000000 ) ) ;
#1129 = CARTESIAN_POINT ( 'NONE',  ( -12.41087917212862735, -1.490117304760208983, 121.1977585821315841 ) ) ;
#1130 = EDGE_CURVE ( 'NONE', #54, #836, #1299, .T. ) ;
#1131 = EDGE_LOOP ( 'NONE', ( #943, #1521, #1317, #1558 ) ) ;
#1132 = CARTESIAN_POINT ( 'NONE',  ( -1.460468453404683897, 12.41461637598816381, 280.3939589754485837 ) ) ;
#1133 = CARTESIAN_POINT ( 'NONE',  ( -12.50000000000000000, 0.000000000000000000, 138.5000000000000000 ) ) ;
#1134 = CARTESIAN_POINT ( 'NONE',  ( 0.4839036700400451418, -12.49096079992119890, 281.4232017403500663 ) ) ;
#1135 = CARTESIAN_POINT ( 'NONE',  ( 1.836969277654859786E-16, -8.500000000000000000, 278.5000000000000000 ) ) ;
#1136 = CARTESIAN_POINT ( 'NONE',  ( -1.499924755126924580, 8.366613755563484744, 280.1966745542152921 ) ) ;
#1137 = CARTESIAN_POINT ( 'NONE',  ( -12.49429012712622011, 0.3898388263140137866, 122.4517745909398911 ) ) ;
#1138 = ORIENTED_EDGE ( 'NONE', *, *, #257, .T. ) ;
#1139 = CARTESIAN_POINT ( 'NONE',  ( -12.50000000000000000, 0.000000000000000000, 121.0000000000000142 ) ) ;
#1140 = EDGE_CURVE ( 'NONE', #715, #894, #801, .T. ) ;
#1141 = CARTESIAN_POINT ( 'NONE',  ( -12.46672313643619567, 0.9151153637875204527, 141.1925205861736572 ) ) ;
#1142 = CARTESIAN_POINT ( 'NONE',  ( 1.199103398315011670, -12.44312649555922867, 280.9221611052298044 ) ) ;
#1143 = CARTESIAN_POINT ( 'NONE',  ( -1.500056936032837296, -8.366590057606217101, 280.0982154358869707 ) ) ;
#1144 = CARTESIAN_POINT ( 'NONE',  ( -1.460355682211531558, 8.373954703623290641, 280.3943603007639922 ) ) ;
#1145 = CARTESIAN_POINT ( 'NONE',  ( -12.46675884608607277, 0.9146560170947035662, 119.8071002133216325 ) ) ;
#1146 = ORIENTED_EDGE ( 'NONE', *, *, #120, .T. ) ;
#1147 = CARTESIAN_POINT ( 'NONE',  ( 8.500000000000000000, 0.1959496514703144565, 141.5000000000000284 ) ) ;
#1148 = CARTESIAN_POINT ( 'NONE',  ( 1.451834503863481007, -8.375115314730159355, 369.6103684420114632 ) ) ;
#1149 = CARTESIAN_POINT ( 'NONE',  ( 0.6655296226467624088, -12.48260128292280058, 281.3478635973249311 ) ) ;
#1150 = CARTESIAN_POINT ( 'NONE',  ( -0.3958075011082304862, -8.492703642240792661, 281.4599640121129482 ) ) ;
#1151 = CARTESIAN_POINT ( 'NONE',  ( -8.380052813327845129, -1.423436984207482103, 139.5167672464460225 ) ) ;
#1152 = CARTESIAN_POINT ( 'NONE',  ( 12.50000000000000000, 1.530808498934191521E-15, 400.0000000000000000 ) ) ;
#1153 = ORIENTED_EDGE ( 'NONE', *, *, #99, .T. ) ;
#1154 = DIRECTION ( 'NONE',  ( 1.000000000000000000, 0.000000000000000000, 0.000000000000000000 ) ) ;
#1155 = CARTESIAN_POINT ( 'NONE',  ( 8.500000000000000000, 1.040949779275250140E-15, 400.0000000000000000 ) ) ;
#1156 = MANIFOLD_SOLID_BREP ( 'Cut-Extrude3', #420 ) ;
#1157 = CARTESIAN_POINT ( 'NONE',  ( 0.6651636052199455529, -8.474421784463418206, 278.6519639448582666 ) ) ;
#1158 = CARTESIAN_POINT ( 'NONE',  ( -1.452298113880956532, -8.375034578261383089, 280.3878367707181383 ) ) ;
#1159 = AXIS2_PLACEMENT_3D ( 'NONE', #1203, #264, #975 ) ;
#1160 = EDGE_CURVE ( 'NONE', #1225, #45, #1530, .T. ) ;
#1161 = CYLINDRICAL_SURFACE ( 'NONE', #29, 1.500000000000001332 ) ;
#1162 = DIRECTION ( 'NONE',  ( -1.000000000000000000, 0.000000000000000000, 0.000000000000000000 ) ) ;
#1163 = CARTESIAN_POINT ( 'NONE',  ( 1.198965026476233708, -8.416165659157019974, 280.9222908879771694 ) ) ;
#1164 = CARTESIAN_POINT ( 'NONE',  ( -12.50000000000000000, 0.000000000000000000, 138.5000000000000000 ) ) ;
#1165 = EDGE_CURVE ( 'NONE', #585, #1459, #397, .T. ) ;
#1166 = AXIS2_PLACEMENT_3D ( 'NONE', #374, #241, #723 ) ;
#1167 = CARTESIAN_POINT ( 'NONE',  ( 0.1967336182264997069, -12.49882004151870696, 371.4902555183122672 ) ) ;
#1168 = AXIS2_PLACEMENT_3D ( 'NONE', #274, #711, #748 ) ;
#1169 = CARTESIAN_POINT ( 'NONE',  ( -0.7519779605242080667, 8.467067332022207182, 371.3015868012856231 ) ) ;
#1170 = CARTESIAN_POINT ( 'NONE',  ( 1.310418190536416283, -8.398728247455428786, 279.2439899905558605 ) ) ;
#1171 = CARTESIAN_POINT ( 'NONE',  ( 12.50000000000000000, 1.530808498934191521E-15, 400.0000000000000000 ) ) ;
#1172 = CARTESIAN_POINT ( 'NONE',  ( -8.500000000000001776, 0.1985856204945584957, 122.5000000000000426 ) ) ;
#1173 = CARTESIAN_POINT ( 'NONE',  ( 0.4833537503353360631, -12.49098211270041503, 368.5766122830089557 ) ) ;
#1174 = CARTESIAN_POINT ( 'NONE',  ( -1.460355682211524897, 8.373954703623288864, 370.3943603007637080 ) ) ;
#1175 = ADVANCED_FACE ( 'NONE', ( #636 ), #1014, .F. ) ;
#1176 = CARTESIAN_POINT ( 'NONE',  ( -8.500000000000000000, 9.219338513227442869E-23, 138.5000000000000000 ) ) ;
#1177 = CARTESIAN_POINT ( 'NONE',  ( 0.3898388263140055154, -12.49429012712622011, 278.5482254090601941 ) ) ;
#1178 = CARTESIAN_POINT ( 'NONE',  ( -1.199103398315011226, 12.44312649555923400, 370.9221611052298613 ) ) ;
#1179 = CARTESIAN_POINT ( 'NONE',  ( -12.49504832957715195, -0.3954347771936645439, 138.5399363657647314 ) ) ;
#1180 = CARTESIAN_POINT ( 'NONE',  ( 1.500035835943867468, -12.40966931437717768, 369.9026169300116749 ) ) ;
#1181 = CIRCLE ( 'NONE', #908, 12.50000000000000000 ) ;
#1183 = ORIENTED_EDGE ( 'NONE', *, *, #174, .F. ) ;
#1182 = CARTESIAN_POINT ( 'NONE',  ( -0.9148968747956411907, 8.451015546465461270, 371.1927123554671084 ) ) ;
#1184 = EDGE_CURVE ( 'NONE', #117, #357, #1032, .T. ) ;
#1185 = CARTESIAN_POINT ( 'NONE',  ( 8.442216378004122390, -0.9918785264490812548, 138.8705260547675948 ) ) ;
#1186 = CARTESIAN_POINT ( 'NONE',  ( 0.7529811554227473502, -8.466975166959915811, 278.6990186990408915 ) ) ;
#1187 = CARTESIAN_POINT ( 'NONE',  ( -0.6655296226467624088, 12.48260128292279880, 371.3478635973248743 ) ) ;
#1188 = ORIENTED_EDGE ( 'NONE', *, *, #393, .F. ) ;
#1189 = DIRECTION ( 'NONE',  ( 1.000000000000000000, -0.000000000000000000, -0.000000000000000000 ) ) ;
#1190 = FACE_OUTER_BOUND ( 'NONE', #193, .T. ) ;
#1192 = ORIENTED_EDGE ( 'NONE', *, *, #1338, .T. ) ;
#1191 = CARTESIAN_POINT ( 'NONE',  ( 1.302401170190221169, 12.43208494312676038, 280.7505691250283917 ) ) ;
#1193 = CARTESIAN_POINT ( 'NONE',  ( 8.368368429005739628, -1.490231457880345722, 140.1970948490773594 ) ) ;
#1194 = ORIENTED_EDGE ( 'NONE', *, *, #594, .F. ) ;
#1195 = ORIENTED_EDGE ( 'NONE', *, *, #921, .F. ) ;
#1196 = CARTESIAN_POINT ( 'NONE',  ( -0.6651636052199455529, 8.474421784463418206, 278.6519639448582666 ) ) ;
#1197 = DIRECTION ( 'NONE',  ( 0.000000000000000000, 0.000000000000000000, -1.000000000000000000 ) ) ;
#1198 = CARTESIAN_POINT ( 'NONE',  ( 12.49882004151870696, -0.1967336182265053690, 119.5097444816877896 ) ) ;
#1200 = EDGE_LOOP ( 'NONE', ( #233, #1457, #355, #1223 ) ) ;
#1199 = CARTESIAN_POINT ( 'NONE',  ( -0.9215893646803188233, -12.46675394982377583, 278.8004558132234365 ) ) ;
#1201 = CARTESIAN_POINT ( 'NONE',  ( 8.486679023007036804, -0.4843135366636223682, 138.5769387380825606 ) ) ;
#1202 = ORIENTED_EDGE ( 'NONE', *, *, #900, .F. ) ;
#1203 = CARTESIAN_POINT ( 'NONE',  ( -12.50000000000000000, 0.000000000000000000, 121.0000000000000142 ) ) ;
#1204 = CARTESIAN_POINT ( 'NONE',  ( 12.50000000000000000, 0.000000000000000000, 138.5000000000000000 ) ) ;
#1205 = CARTESIAN_POINT ( 'NONE',  ( -12.50000000000000000, 1.836970198721026729E-16, 122.5000000000000142 ) ) ;
#1207 = CARTESIAN_POINT ( 'NONE',  ( 1.836969277646971177E-16, -8.500000000000000000, 368.5000000000000000 ) ) ;
#1206 = UNCERTAINTY_MEASURE_WITH_UNIT (LENGTH_MEASURE( 1.000000000000000082E-05 ), #1411, 'distance_accuracy_value', 'NONE');
#1208 = CARTESIAN_POINT ( 'NONE',  ( -8.499999999999998224, 0.1959496514703135961, 138.5000000000000000 ) ) ;
#1210 = ORIENTED_EDGE ( 'NONE', *, *, #1099, .T. ) ;
#1209 = CARTESIAN_POINT ( 'NONE',  ( 12.47841377293009479, 0.7561687199504085743, 119.6898994901157351 ) ) ;
#1211 =( LENGTH_UNIT ( ) NAMED_UNIT ( * ) SI_UNIT ( .MILLI., .METRE. ) );
#1212 = ORIENTED_EDGE ( 'NONE', *, *, #690, .T. ) ;
#1213 = CARTESIAN_POINT ( 'NONE',  ( 0.9234843832375552175, 8.450827680818418841, 281.1980186669396744 ) ) ;
#1214 = EDGE_LOOP ( 'NONE', ( #463, #265, #454, #347 ) ) ;
#1215 = CARTESIAN_POINT ( 'NONE',  ( -1.452298113880956310, -8.375034578261381313, 370.3878367707180246 ) ) ;
#1216 = CARTESIAN_POINT ( 'NONE',  ( -8.366590057606217101, 1.500056936032831079, 121.0982154358869280 ) ) ;
#1217 = CARTESIAN_POINT ( 'NONE',  ( -8.500000000000000000, 0.000000000000000000, 141.5000000000000284 ) ) ;
#1218 = CARTESIAN_POINT ( 'NONE',  ( 12.50000000000000000, 0.000000000000000000, 119.5000000000000142 ) ) ;
#1219 = AXIS2_PLACEMENT_3D ( 'NONE', #794, #412, #1406 ) ;
#1220 = CARTESIAN_POINT ( 'NONE',  ( 8.366613755563481192, -1.499924755126924580, 120.8033254457848500 ) ) ;
#1221 = CARTESIAN_POINT ( 'NONE',  ( 8.373954703623287088, -1.460355682211516459, 139.6056396992361783 ) ) ;
#1222 = CIRCLE ( 'NONE', #290, 12.50000000000000000 ) ;
#1223 = ORIENTED_EDGE ( 'NONE', *, *, #287, .F. ) ;
#1224 = CARTESIAN_POINT ( 'NONE',  ( 1.499885378424140603, 8.366620815185239479, 279.8009719006367391 ) ) ;
#1225 = VERTEX_POINT ( 'NONE', #903 ) ;
#1226 = CARTESIAN_POINT ( 'NONE',  ( -0.4837310432150874751, 8.486711464432350027, 278.5767473500811775 ) ) ;
#1227 = CARTESIAN_POINT ( 'NONE',  ( 1.490117304760209427, 12.41087917212862735, 369.8022414178682880 ) ) ;
#1228 = CARTESIAN_POINT ( 'NONE',  ( 12.49881115240055784, -0.1974331986599871247, 122.4901825074357760 ) ) ;
#1229 = CARTESIAN_POINT ( 'NONE',  ( 12.44311109198404885, 1.192468017653597334, 121.9152115399785430 ) ) ;
#1230 = CARTESIAN_POINT ( 'NONE',  ( -12.43208494312676038, -1.302401170190224500, 120.2494308749716794 ) ) ;
#1231 = CARTESIAN_POINT ( 'NONE',  ( -0.9917595663931340066, 12.46078747305130818, 281.1295886323923128 ) ) ;
#1232 = EDGE_CURVE ( 'NONE', #736, #1225, #665, .T. ) ;
#1233 = CARTESIAN_POINT ( 'NONE',  ( -0.9232688180617801832, -12.46662710171655952, 371.1982418581261527 ) ) ;
#1234 = CARTESIAN_POINT ( 'NONE',  ( 12.50000000000000000, 1.530808498934191521E-15, 109.9999999999999858 ) ) ;
#1235 = CARTESIAN_POINT ( 'NONE',  ( 1.130453806491427127, 12.44897097523743135, 370.9907706125193840 ) ) ;
#1236 = CARTESIAN_POINT ( 'NONE',  ( 12.43219232783412131, -1.301372456459305216, 121.7523115303412311 ) ) ;
#1237 = B_SPLINE_CURVE_WITH_KNOTS ( 'NONE', 3,
 ( #1321, #240, #1198, #478, #1289, #1417, #452, #331, #249, #861, #979, #1342, #1471, #499, #722, #27, #1462, #750, #1236, #384, #1331, #605, #161, #1113, #36, #1096, #633, #1228, #840, #515 ),
 .UNSPECIFIED., .F., .F.,
 ( 4, 2, 2, 2, 2, 2, 2, 2, 2, 2, 2, 2, 2, 2, 4 ),
 ( 0.000000000000000000, 0.0002933694678338105125, 0.0005867389356676210250, 0.0008801084035014315916, 0.001173477871335242050, 0.001760216807002863183, 0.002346955742670484100, 0.002640325210504294775, 0.002933694678338105016, 0.003227064146171915691, 0.003520433614005726367, 0.003813803081839536608, 0.004107172549673346849, 0.004400542017507157525, 0.004693911485340968200 ),
 .UNSPECIFIED. ) ;
#1238 = CARTESIAN_POINT ( 'NONE',  ( -12.40968234583944430, 1.499928025140617738, 139.8035825742394138 ) ) ;
#1239 = FACE_BOUND ( 'NONE', #647, .T. ) ;
#1240 = CARTESIAN_POINT ( 'NONE',  ( 12.47841377293009302, 0.7561687199504070200, 138.6898994901156925 ) ) ;
#1241 = EDGE_CURVE ( 'NONE', #902, #1384, #797, .T. ) ;
#1242 = CARTESIAN_POINT ( 'NONE',  ( -8.491585480952130283, -0.3902141719275385445, 119.5483170782759572 ) ) ;
#1243 = CARTESIAN_POINT ( 'NONE',  ( -8.424951481243640572, 1.129182222660787271, 120.0077779516039271 ) ) ;
#1244 = CYLINDRICAL_SURFACE ( 'NONE', #572, 12.50000000000000000 ) ;
#1245 = CARTESIAN_POINT ( 'NONE',  ( 8.368368429005741405, -1.490231457880342392, 121.1970948490774020 ) ) ;
#1246 = CARTESIAN_POINT ( 'NONE',  ( 0.3936705028018382402, 8.492807084307063548, 368.5394451855838156 ) ) ;
#1247 = CARTESIAN_POINT ( 'NONE',  ( 8.416118969814807116, 1.192459731305325343, 121.9152026658152295 ) ) ;
#1248 = DIRECTION ( 'NONE',  ( -1.000000000000000000, 0.000000000000000000, 0.000000000000000000 ) ) ;
#1249 = CARTESIAN_POINT ( 'NONE',  ( 8.399831814550571707, 1.302249794529001248, 139.2491548299196893 ) ) ;
#1250 = AXIS2_PLACEMENT_3D ( 'NONE', #140, #612, #1248 ) ;
#1251 = CARTESIAN_POINT ( 'NONE',  ( 0.000000000000000000, 0.000000000000000000, 400.0000000000000000 ) ) ;
#1252 = CARTESIAN_POINT ( 'NONE',  ( 8.380052813327848682, -1.423436984207467670, 121.4832327535540344 ) ) ;
#1253 = VERTEX_POINT ( 'NONE', #1277 ) ;
#1254 = CARTESIAN_POINT ( 'NONE',  ( 1.460680235261583748, 8.373904804552063652, 369.6060630908754092 ) ) ;
#1255 = CARTESIAN_POINT ( 'NONE',  ( 8.375034578261381313, 1.452298113880948760, 120.6121632292819328 ) ) ;
#1256 = CARTESIAN_POINT ( 'NONE',  ( 1.423552211753614793, -12.41873308735460490, 279.5171236553352401 ) ) ;
#1257 = CARTESIAN_POINT ( 'NONE',  ( -1.499885378424140603, -8.366620815185239479, 279.8009719006367391 ) ) ;
#1258 = CARTESIAN_POINT ( 'NONE',  ( -1.310647127300611281, 8.398688004956531117, 280.7552237238624571 ) ) ;
#1259 = ADVANCED_FACE ( 'NONE', ( #790 ), #1270, .F. ) ;
#1260 = DIRECTION ( 'NONE',  ( -0.000000000000000000, -0.000000000000000000, -1.000000000000000000 ) ) ;
#1261 = ORIENTED_EDGE ( 'NONE', *, *, #1422, .T. ) ;
#1262 = CARTESIAN_POINT ( 'NONE',  ( 1.348247696834893983, 8.392477424430943245, 370.6647252283295870 ) ) ;
#1263 = CARTESIAN_POINT ( 'NONE',  ( -12.46086827546074893, 0.9908048652624231734, 141.1305316725650982 ) ) ;
#1264 = AXIS2_PLACEMENT_3D ( 'NONE', #1251, #1372, #876 ) ;
#1265 = CARTESIAN_POINT ( 'NONE',  ( -8.366613755563482968, -1.499924755126925024, 121.1966745542151358 ) ) ;
#1266 = CARTESIAN_POINT ( 'NONE',  ( 12.50000000000000355, -0.09794186673306977398, 141.5000000000000568 ) ) ;
#1267 = CARTESIAN_POINT ( 'NONE',  ( 8.492703642240792661, 0.3958075011082171080, 138.5400359878870518 ) ) ;
#1268 = CARTESIAN_POINT ( 'NONE',  ( -12.49432711963324216, 0.3885825194311144370, 119.5479086626547485 ) ) ;
#1269 = ORIENTED_EDGE ( 'NONE', *, *, #503, .T. ) ;
#1270 = CYLINDRICAL_SURFACE ( 'NONE', #807, 1.500000000000001332 ) ;
#1271 = CARTESIAN_POINT ( 'NONE',  ( 0.9908331434176756991, -8.442345620408721274, 368.8695156213141786 ) ) ;
#1272 = LINE ( 'NONE', #1378, #891 ) ;
#1273 = CARTESIAN_POINT ( 'NONE',  ( -1.129182222660791490, -8.424951481243638796, 279.0077779516039413 ) ) ;
#1274 = FACE_OUTER_BOUND ( 'NONE', #1200, .T. ) ;
#1275 = CARTESIAN_POINT ( 'NONE',  ( -12.44909237165973259, -1.129123276050113756, 121.9922897413367906 ) ) ;
#1276 = ORIENTED_EDGE ( 'NONE', *, *, #950, .F. ) ;
#1277 = CARTESIAN_POINT ( 'NONE',  ( 0.000000000000000000, -8.500000000000000000, 371.5000000000000000 ) ) ;
#1278 = CARTESIAN_POINT ( 'NONE',  ( 1.490231457880340837, -8.368368429005739628, 369.8029051509225837 ) ) ;
#1279 = DIRECTION ( 'NONE',  ( -1.000000000000000000, 0.000000000000000000, -0.000000000000000000 ) ) ;
#1280 = CARTESIAN_POINT ( 'NONE',  ( -1.302249794529018123, -8.399831814550571707, 280.7508451700803676 ) ) ;
#1281 = B_SPLINE_CURVE_WITH_KNOTS ( 'NONE', 3,
 ( #332, #88, #208, #1290, #1306, #934, #920, #1046, #1298, #1550, #561, #1059, #1532, #213, #324, #691, #447, #683, #1191, #808, #678, #339, #571, #566, #557, #219 ),
 .UNSPECIFIED., .F., .F.,
 ( 4, 2, 2, 2, 2, 2, 2, 2, 2, 2, 2, 2, 4 ),
 ( 0.004693911485340966465, 0.005280510558114593148, 0.005867109630888220698, 0.006160409167275034473, 0.006453708703661847380, 0.006747008240048662023, 0.007040307776435475798, 0.007333607312822288705, 0.007626906849209101613, 0.007920206385595915388, 0.008213505921982729163, 0.008800104994756474674, 0.009386704067530218451 ),
 .UNSPECIFIED. ) ;
#1282 = CARTESIAN_POINT ( 'NONE',  ( -12.40968234583944074, 1.499928025140618626, 120.8035825742393996 ) ) ;
#1283 = CARTESIAN_POINT ( 'NONE',  ( -12.50000000000000000, 0.000000000000000000, 140.0000000000000000 ) ) ;
#1284 = CARTESIAN_POINT ( 'NONE',  ( 8.399831814550575260, 1.302249794528999249, 120.2491548299197177 ) ) ;
#1285 = EDGE_CURVE ( 'NONE', #201, #736, #1222, .T. ) ;
#1286 =( NAMED_UNIT ( * ) SI_UNIT ( $, .STERADIAN. ) SOLID_ANGLE_UNIT ( ) );
#1287 = CARTESIAN_POINT ( 'NONE',  ( -1.347307643918923548, -8.392629457981787056, 279.3333251376036515 ) ) ;
#1288 = VERTEX_POINT ( 'NONE', #1030 ) ;
#1289 = CARTESIAN_POINT ( 'NONE',  ( 12.49096079992120245, -0.4839036700400593527, 119.5767982596499337 ) ) ;
#1290 = CARTESIAN_POINT ( 'NONE',  ( 0.7543796072455447588, 12.47852433486674606, 278.6888599246143485 ) ) ;
#1291 = CARTESIAN_POINT ( 'NONE',  ( 0.4843135366635973882, -8.486679023007038580, 281.4230612619174963 ) ) ;
#1292 = LINE ( 'NONE', #1171, #779 ) ;
#1293 = AXIS2_PLACEMENT_3D ( 'NONE', #277, #470, #588 ) ;
#1294 = EDGE_CURVE ( 'NONE', #894, #715, #267, .T. ) ;
#1295 = CARTESIAN_POINT ( 'NONE',  ( -8.415990715324705107, 1.193368895042606015, 121.9140534323159528 ) ) ;
#1296 = CARTESIAN_POINT ( 'NONE',  ( 0.9908048652624104058, -12.46086827546075071, 368.8694683274349586 ) ) ;
#1297 = VECTOR ( 'NONE', #131, 1000.000000000000000 ) ;
#1298 = CARTESIAN_POINT ( 'NONE',  ( 1.347472495736468767, 12.42721844124117325, 279.3336809702257142 ) ) ;
#1299 = B_SPLINE_CURVE_WITH_KNOTS ( 'NONE', 3,
 ( #500, #1482, #1322, #394, #1199, #125, #479, #1452, #607, #363, #145, #841, #28, #250, #615, #1097, #980, #134, #1087, #8, #625, #971, #228, #707, #1316, #482 ),
 .UNSPECIFIED., .F., .F.,
 ( 4, 2, 2, 2, 2, 2, 2, 2, 2, 2, 2, 2, 4 ),
 ( 0.004693911485340965598, 0.005280510558114592280, 0.005867109630888219830, 0.006160409167275033605, 0.006453708703661847380, 0.006747008240048661155, 0.007040307776435474930, 0.007333607312822288705, 0.007626906849209101613, 0.007920206385595915388, 0.008213505921982729163, 0.008800104994756474674, 0.009386704067530218451 ),
 .UNSPECIFIED. ) ;
#1300 = CARTESIAN_POINT ( 'NONE',  ( 8.415990715324701554, 1.193368895042608457, 139.0859465676841182 ) ) ;
#1301 = DIRECTION ( 'NONE',  ( 1.000000000000000000, 0.000000000000000000, 0.000000000000000000 ) ) ;
#1302 = CARTESIAN_POINT ( 'NONE',  ( -1.500035835943867468, 12.40966931437718124, 369.9026169300116749 ) ) ;
#1303 = CARTESIAN_POINT ( 'NONE',  ( -12.43208494312676038, -1.302401170190218505, 139.2494308749717220 ) ) ;
#1304 = CARTESIAN_POINT ( 'NONE',  ( -0.3954347771936482792, -12.49504832957715550, 371.4600636342353823 ) ) ;
#1305 = ADVANCED_FACE ( 'NONE', ( #1274 ), #936, .F. ) ;
#1307 = ORIENTED_EDGE ( 'NONE', *, *, #1414, .F. ) ;
#1306 = CARTESIAN_POINT ( 'NONE',  ( 0.9215893646803188233, 12.46675394982377583, 278.8004558132234365 ) ) ;
#1308 = CARTESIAN_POINT ( 'NONE',  ( 8.491585480952132059, -0.3902141719275367127, 141.4516829217240854 ) ) ;
#1309 = CARTESIAN_POINT ( 'NONE',  ( 0.000000000000000000, -8.500000000000000000, 281.5000000000000000 ) ) ;
#1310 = DIRECTION ( 'NONE',  ( -0.000000000000000000, -0.000000000000000000, -1.000000000000000000 ) ) ;
#1311 = CARTESIAN_POINT ( 'NONE',  ( 1.836970380298995125E-16, 12.50000000000000000, 368.5000000000000000 ) ) ;
#1312 = CARTESIAN_POINT ( 'NONE',  ( 0.09794186673307185564, -12.49999999999999822, 368.5000000000000568 ) ) ;
#1313 = CIRCLE ( 'NONE', #631, 8.500000000000000000 ) ;
#1315 = ORIENTED_EDGE ( 'NONE', *, *, #1024, .F. ) ;
#1314 = CARTESIAN_POINT ( 'NONE',  ( -0.6651636052199457749, 8.474421784463419982, 368.6519639448582666 ) ) ;
#1316 = CARTESIAN_POINT ( 'NONE',  ( -0.1983620543609520559, -12.49999999999999822, 281.5000000000000000 ) ) ;
#1317 = ORIENTED_EDGE ( 'NONE', *, *, #287, .T. ) ;
#1318 = ORIENTED_EDGE ( 'NONE', *, *, #257, .F. ) ;
#1319 = CARTESIAN_POINT ( 'NONE',  ( 0.000000000000000000, 0.000000000000000000, 400.0000000000000000 ) ) ;
#1320 = CARTESIAN_POINT ( 'NONE',  ( -12.41087917212863090, -1.490117304760209427, 140.1977585821316268 ) ) ;
#1321 = CARTESIAN_POINT ( 'NONE',  ( 12.50000000000000000, 0.000000000000000000, 119.5000000000000142 ) ) ;
#1323 = EDGE_LOOP ( 'NONE', ( #128, #1429 ) ) ;
#1322 = CARTESIAN_POINT ( 'NONE',  ( -0.3933292612530559507, -12.49511705667184458, 278.5393600781329155 ) ) ;
#1324 = CARTESIAN_POINT ( 'NONE',  ( 8.398728247455432339, -1.310418190536442484, 140.7560100094441111 ) ) ;
#1325 = EDGE_CURVE ( 'NONE', #1065, #1288, #862, .T. ) ;
#1326 = ORIENTED_EDGE ( 'NONE', *, *, #1294, .F. ) ;
#1327 = CARTESIAN_POINT ( 'NONE',  ( 1.490392332803970987, 8.368339422667744998, 280.1957494996732976 ) ) ;
#1328 = ORIENTED_EDGE ( 'NONE', *, *, #690, .F. ) ;
#1329 = DIRECTION ( 'NONE',  ( -0.000000000000000000, -0.000000000000000000, -1.000000000000000000 ) ) ;
#1330 = CARTESIAN_POINT ( 'NONE',  ( 12.50000000000000000, 0.000000000000000000, 138.5000000000000000 ) ) ;
#1331 = CARTESIAN_POINT ( 'NONE',  ( 12.44894821965935527, -1.130761108126681735, 121.9905430127200958 ) ) ;
#1333 = ORIENTED_EDGE ( 'NONE', *, *, #345, .F. ) ;
#1332 = CARTESIAN_POINT ( 'NONE',  ( 12.41541494869715301, 1.451841265011200477, 121.3895060717925105 ) ) ;
#1334 = CARTESIAN_POINT ( 'NONE',  ( 8.416008535779329947, -1.200249930558846545, 140.9210760546140477 ) ) ;
#1335 = SHAPE_DEFINITION_REPRESENTATION ( #1499, #1543 ) ;
#1336 = ORIENTED_EDGE ( 'NONE', *, *, #573, .F. ) ;
#1337 = CARTESIAN_POINT ( 'NONE',  ( -1.193679758706968075, -12.44299455416120104, 370.9136363900434503 ) ) ;
#1338 = EDGE_CURVE ( 'NONE', #480, #1553, #1082, .T. ) ;
#1339 = ORIENTED_EDGE ( 'NONE', *, *, #708, .T. ) ;
#1340 = CARTESIAN_POINT ( 'NONE',  ( -0.7529811554227473502, 8.466975166959915811, 278.6990186990408915 ) ) ;
#1341 = CARTESIAN_POINT ( 'NONE',  ( -8.366620815185241256, 1.499885378424139937, 120.8009719006367533 ) ) ;
#1342 = CARTESIAN_POINT ( 'NONE',  ( 12.41461637598816559, -1.460468453404688338, 120.6060410245514589 ) ) ;
#1343 = CARTESIAN_POINT ( 'NONE',  ( 12.46662710171656130, 0.9232688180617998341, 119.8017581418738615 ) ) ;
#1344 = CARTESIAN_POINT ( 'NONE',  ( 8.491585480952130283, -0.3902141719275383225, 122.4516829217240712 ) ) ;
#1345 = CARTESIAN_POINT ( 'NONE',  ( 12.44311109198404708, 1.192468017653606882, 140.9152115399785146 ) ) ;
#1346 = ORIENTED_EDGE ( 'NONE', *, *, #846, .F. ) ;
#1347 = CARTESIAN_POINT ( 'NONE',  ( -0.3933292612530553400, -12.49511705667184458, 368.5393600781328587 ) ) ;
#1348 = ORIENTED_EDGE ( 'NONE', *, *, #1352, .F. ) ;
#1349 = CARTESIAN_POINT ( 'NONE',  ( -1.347307643918923103, -8.392629457981785279, 369.3333251376035378 ) ) ;
#1350 = CARTESIAN_POINT ( 'NONE',  ( 1.836970380298995125E-16, 12.50000000000000000, 368.5000000000000000 ) ) ;
#1351 = CARTESIAN_POINT ( 'NONE',  ( -8.468356558159975123, 0.7547753572430834224, 138.6890800974928766 ) ) ;
#1352 = EDGE_CURVE ( 'NONE', #367, #1253, #653, .T. ) ;
#1353 = CARTESIAN_POINT ( 'NONE',  ( 12.49511705667184813, 0.3933292612530477350, 122.4606399218671413 ) ) ;
#1354 = CARTESIAN_POINT ( 'NONE',  ( 8.500000000000000000, -0.09931784444946915869, 119.5000000000000284 ) ) ;
#1355 = CARTESIAN_POINT ( 'NONE',  ( 12.44299455416119748, 1.193679758706969185, 139.0863636099563792 ) ) ;
#1356 = CARTESIAN_POINT ( 'NONE',  ( -1.348409296814600200, -12.42711642649888582, 370.6644195805247364 ) ) ;
#1357 = CARTESIAN_POINT ( 'NONE',  ( -1.129182222660791490, -8.424951481243642348, 369.0077779516039413 ) ) ;
#1358 = CARTESIAN_POINT ( 'NONE',  ( 1.422907925835149356, 12.41880724335821817, 369.5152359225343730 ) ) ;
#1359 = CARTESIAN_POINT ( 'NONE',  ( -8.415990715324703331, 1.193368895042608235, 140.9140534323159102 ) ) ;
#1360 = DIRECTION ( 'NONE',  ( -0.000000000000000000, 1.000000000000000000, -0.000000000000000000 ) ) ;
#1361 = ADVANCED_FACE ( 'NONE', ( #505 ), #993, .F. ) ;
#1362 = CARTESIAN_POINT ( 'NONE',  ( 8.500000000000000000, 1.040949871430995760E-15, 122.5000000000000142 ) ) ;
#1363 = CARTESIAN_POINT ( 'NONE',  ( -1.348324937156628156, 12.42712566357910120, 279.3354021308588244 ) ) ;
#1364 = CARTESIAN_POINT ( 'NONE',  ( -8.466975166959912258, -0.7529811554227621162, 119.6990186990409342 ) ) ;
#1365 = CARTESIAN_POINT ( 'NONE',  ( 0.7543796072455446478, 12.47852433486674606, 368.6888599246144054 ) ) ;
#1366 = CARTESIAN_POINT ( 'NONE',  ( -12.46078747305131174, 0.9917595663931287886, 138.8704113676076872 ) ) ;
#1367 = CARTESIAN_POINT ( 'NONE',  ( -12.44299455416120281, -1.193679758706976957, 120.0863636099564502 ) ) ;
#1368 = VECTOR ( 'NONE', #383, 1000.000000000000000 ) ;
#1369 = DIRECTION ( 'NONE',  ( 0.000000000000000000, 0.000000000000000000, -1.000000000000000000 ) ) ;
#1370 = CARTESIAN_POINT ( 'NONE',  ( 8.468356558159976899, 0.7547753572430776492, 122.3109199025071518 ) ) ;
#1371 = CARTESIAN_POINT ( 'NONE',  ( -8.498261113818788459, -0.1969374199134052705, 122.4902336696587071 ) ) ;
#1372 = DIRECTION ( 'NONE',  ( -0.000000000000000000, -0.000000000000000000, -1.000000000000000000 ) ) ;
#1373 = DIRECTION ( 'NONE',  ( -0.000000000000000000, 1.000000000000000000, -0.000000000000000000 ) ) ;
#1374 = ORIENTED_EDGE ( 'NONE', *, *, #307, .T. ) ;
#1375 = CARTESIAN_POINT ( 'NONE',  ( 0.7547753572430712099, 8.468356558159975123, 368.6890800974928197 ) ) ;
#1376 = CARTESIAN_POINT ( 'NONE',  ( 0.09799952764046995779, -8.499999999999998224, 368.5000000000000000 ) ) ;
#1377 = ADVANCED_FACE ( 'NONE', ( #867 ), #4, .F. ) ;
#1378 = CARTESIAN_POINT ( 'NONE',  ( -12.50000000000000000, 0.000000000000000000, 138.5000000000000000 ) ) ;
#1379 = FACE_BOUND ( 'NONE', #598, .T. ) ;
#1380 = CARTESIAN_POINT ( 'NONE',  ( 8.380064516876318592, 1.423364979404146524, 139.5166123536909879 ) ) ;
#1381 = VECTOR ( 'NONE', #1055, 1000.000000000000000 ) ;
#1382 = VECTOR ( 'NONE', #967, 1000.000000000000000 ) ;
#1383 = CARTESIAN_POINT ( 'NONE',  ( -12.46078747305130641, 0.9917595663931251249, 119.8704113676076446 ) ) ;
#1384 = VERTEX_POINT ( 'NONE', #1234 ) ;
#1385 = CARTESIAN_POINT ( 'NONE',  ( -1.423552211753614349, 12.41873308735460490, 279.5171236553351832 ) ) ;
#1386 = CARTESIAN_POINT ( 'NONE',  ( 1.460355682211524897, -8.373954703623288864, 370.3943603007637080 ) ) ;
#1387 = CARTESIAN_POINT ( 'NONE',  ( -8.474421784463421758, -0.6651636052199448867, 119.6519639448582808 ) ) ;
#1388 = CARTESIAN_POINT ( 'NONE',  ( 12.48263028716286449, -0.6649857906522231854, 141.3481310541171752 ) ) ;
#1389 = CARTESIAN_POINT ( 'NONE',  ( -1.423436984207468115, 8.380052813327850458, 279.5167672464459088 ) ) ;
#1390 = EDGE_CURVE ( 'NONE', #825, #728, #360, .T. ) ;
#1391 = CARTESIAN_POINT ( 'NONE',  ( -12.50000000000000000, -0.1958370400149669899, 122.5000000000000426 ) ) ;
#1392 = ORIENTED_EDGE ( 'NONE', *, *, #1232, .T. ) ;
#1393 = DIRECTION ( 'NONE',  ( -0.000000000000000000, -0.000000000000000000, -1.000000000000000000 ) ) ;
#1394 = CARTESIAN_POINT ( 'NONE',  ( 1.310647127300617498, -8.398688004956529340, 370.7552237238624002 ) ) ;
#1395 = VECTOR ( 'NONE', #90, 1000.000000000000000 ) ;
#1396 = CARTESIAN_POINT ( 'NONE',  ( 0.9908048652624110719, -12.46086827546075071, 278.8694683274349018 ) ) ;
#1397 = CARTESIAN_POINT ( 'NONE',  ( -1.460680235261584192, -8.373904804552063652, 279.6060630908754092 ) ) ;
#1398 = CARTESIAN_POINT ( 'NONE',  ( -8.500000000000001776, -0.09931784444946918644, 141.5000000000000568 ) ) ;
#1399 = B_SPLINE_CURVE_WITH_KNOTS ( 'NONE', 3,
 ( #1309, #1546, #221, #1043, #1291, #928, #693, #803, #320, #1163, #214, #457, #914, #1405, #1420, #1533, #1048, #1170, #444, #793, #335, #1186, #1157, #204, #558, #937, #818, #563 ),
 .UNSPECIFIED., .F., .F.,
 ( 4, 2, 2, 2, 2, 2, 2, 2, 2, 2, 2, 2, 2, 4 ),
 ( 0.000000000000000000, 0.0002936807579797778411, 0.0005873615159595556821, 0.0008810422739393335232, 0.001174723031919111364, 0.001762084547878667046, 0.002349446063838222729, 0.002643126821817917520, 0.002936807579797612311, 0.003524169095757001460, 0.003817849853736638138, 0.004111530611716274382, 0.004405211369695911060, 0.004698892127675546870 ),
 .UNSPECIFIED. ) ;
#1400 = DIRECTION ( 'NONE',  ( -0.000000000000000000, 1.000000000000000000, -0.000000000000000000 ) ) ;
#1401 = ADVANCED_FACE ( 'NONE', ( #476, #1449, #837 ), #399, .F. ) ;
#1402 = EDGE_LOOP ( 'NONE', ( #416, #719, #1029, #255 ) ) ;
#1403 = CARTESIAN_POINT ( 'NONE',  ( 8.500000000000000000, 1.040949871468861084E-15, 141.5000000000000284 ) ) ;
#1404 = CARTESIAN_POINT ( 'NONE',  ( 1.500037457286011344, -8.366593549838283295, 369.9025248002388935 ) ) ;
#1405 = CARTESIAN_POINT ( 'NONE',  ( 1.500037457286012232, -8.366593549838286847, 279.9025248002387798 ) ) ;
#1406 = DIRECTION ( 'NONE',  ( 1.000000000000000000, 0.000000000000000000, 0.000000000000000000 ) ) ;
#1407 = DIRECTION ( 'NONE',  ( -1.000000000000000000, 0.000000000000000000, 0.000000000000000000 ) ) ;
#1408 = CARTESIAN_POINT ( 'NONE',  ( 12.50000000000000000, 1.530808498934191521E-15, 400.0000000000000000 ) ) ;
#1409 = EDGE_CURVE ( 'NONE', #1453, #602, #720, .T. ) ;
#1410 = DIRECTION ( 'NONE',  ( 0.000000000000000000, 0.000000000000000000, -1.000000000000000000 ) ) ;
#1411 =( LENGTH_UNIT ( ) NAMED_UNIT ( * ) SI_UNIT ( .MILLI., .METRE. ) );
#1412 = CARTESIAN_POINT ( 'NONE',  ( -0.1959496514703179537, -8.500000000000001776, 278.4999999999999432 ) ) ;
#1413 = CARTESIAN_POINT ( 'NONE',  ( -0.1969374199134031056, 8.498261113818790236, 371.4902336696587781 ) ) ;
#1414 = EDGE_CURVE ( 'NONE', #844, #1065, #1084, .T. ) ;
#1415 = CARTESIAN_POINT ( 'NONE',  ( 1.836971119779179831E-16, 8.500000000000000000, 278.5000000000000000 ) ) ;
#1416 = CARTESIAN_POINT ( 'NONE',  ( -0.1974331986599767441, 12.49881115240055607, 368.5098174925643093 ) ) ;
#1417 = CARTESIAN_POINT ( 'NONE',  ( 12.48260128292279703, -0.6655296226467759535, 119.6521364026751968 ) ) ;
#1418 = CARTESIAN_POINT ( 'NONE',  ( -1.310647127300617498, 8.398688004956529340, 370.7552237238624002 ) ) ;
#1419 = CARTESIAN_POINT ( 'NONE',  ( 8.468196648509033864, 0.7565211530710321819, 138.6901014392119578 ) ) ;
#1420 = CARTESIAN_POINT ( 'NONE',  ( 1.490231457880341059, -8.368368429005741405, 279.8029051509227543 ) ) ;
#1421 = CARTESIAN_POINT ( 'NONE',  ( -0.09920467492581290514, 12.50000000000000533, 371.5000000000001137 ) ) ;
#1422 = EDGE_CURVE ( 'NONE', #1036, #1384, #1092, .T. ) ;
#1423 = AXIS2_PLACEMENT_3D ( 'NONE', #940, #337, #1432 ) ;
#1424 = B_SPLINE_CURVE_WITH_KNOTS ( 'NONE', 3,
 ( #569, #712, #132, #1461, #604, #1541, #805, #217, #688, #702, #97, #1320, #1050, #721, #451, #586, #239, #1067, #1303, #930, #1548, #1555, #1426, #1179, #105, #595 ),
 .UNSPECIFIED., .F., .F.,
 ( 4, 2, 2, 2, 2, 2, 2, 2, 2, 2, 2, 2, 4 ),
 ( 0.004693911485340963863, 0.005280510558114619168, 0.005867109630888275341, 0.006160409167275102994, 0.006453708703661931514, 0.006747008240048759167, 0.007040307776435587687, 0.007333607312822416208, 0.007626906849209242993, 0.007920206385596071513, 0.008213505921982899166, 0.008800104994756554472, 0.009386704067530211512 ),
 .UNSPECIFIED. ) ;
#1425 = AXIS2_PLACEMENT_3D ( 'NONE', #863, #1360, #116 ) ;
#1426 = CARTESIAN_POINT ( 'NONE',  ( -12.47841377293009479, -0.7561687199504066870, 138.6898994901157494 ) ) ;
#1427 = CARTESIAN_POINT ( 'NONE',  ( -12.50000000000000000, 0.000000000000000000, 140.0000000000000000 ) ) ;
#1429 = ORIENTED_EDGE ( 'NONE', *, *, #1099, .F. ) ;
#1428 = CARTESIAN_POINT ( 'NONE',  ( -0.9918785264490862508, 8.442216378004118837, 371.1294739452325189 ) ) ;
#1430 = CARTESIAN_POINT ( 'NONE',  ( 8.368339422667744998, 1.490392332803966768, 139.8042505003267593 ) ) ;
#1431 = LINE ( 'NONE', #1164, #1395 ) ;
#1432 = DIRECTION ( 'NONE',  ( 0.000000000000000000, 0.000000000000000000, -1.000000000000000000 ) ) ;
#1433 = CARTESIAN_POINT ( 'NONE',  ( -0.7561687199503948076, -12.47841377293009479, 371.3101005098843075 ) ) ;
#1435 = ORIENTED_EDGE ( 'NONE', *, *, #1118, .F. ) ;
#1434 = CARTESIAN_POINT ( 'NONE',  ( 0.000000000000000000, 8.500000000000000000, 371.5000000000000000 ) ) ;
#1436 = CARTESIAN_POINT ( 'NONE',  ( -1.499928025140620846, 12.40968234583944252, 370.1964174257606714 ) ) ;
#1437 = ORIENTED_EDGE ( 'NONE', *, *, #298, .T. ) ;
#1438 = ORIENTED_EDGE ( 'NONE', *, *, #995, .F. ) ;
#1439 = CARTESIAN_POINT ( 'NONE',  ( 0.000000000000000000, 8.500000000000000000, 281.5000000000000000 ) ) ;
#1440 = DIRECTION ( 'NONE',  ( 1.000000000000000000, 0.000000000000000000, -0.000000000000000000 ) ) ;
#1442 = EDGE_LOOP ( 'NONE', ( #1276, #1210, #263, #1318, #1446, #119, #1437, #108, #600, #782, #185, #1326 ) ) ;
#1441 = CARTESIAN_POINT ( 'NONE',  ( 12.44897097523742246, 1.130453806491438895, 120.0092293874808149 ) ) ;
#1443 = EDGE_CURVE ( 'NONE', #532, #377, #1017, .T. ) ;
#1444 = B_SPLINE_CURVE_WITH_KNOTS ( 'NONE', 3,
 ( #806, #338, #1167, #941, #106, #1051, #1058, #697, #92, #587, #689, #124, #596, #1180, #218, #949, #821, #579, #565, #1045, #362, #1296, #1549, #931, #212, #1173, #98, #344, #1312, #231 ),
 .UNSPECIFIED., .F., .F.,
 ( 4, 2, 2, 2, 2, 2, 2, 2, 2, 2, 2, 2, 2, 2, 4 ),
 ( 0.000000000000000000, 0.0002933694678338076393, 0.0005867389356676152787, 0.0008801084035014230264, 0.001173477871335230991, 0.001760216807002964014, 0.002346955742670697904, 0.002640325210504481691, 0.002933694678338265045, 0.003227064146172048831, 0.003520433614005832185, 0.003813803081839616405, 0.004107172549673399758, 0.004400542017507183545, 0.004693911485340967332 ),
 .UNSPECIFIED. ) ;
#1445 = CARTESIAN_POINT ( 'NONE',  ( 8.500000000000000000, -0.09931784444946920032, 138.5000000000000284 ) ) ;
#1446 = ORIENTED_EDGE ( 'NONE', *, *, #184, .T. ) ;
#1447 = DIRECTION ( 'NONE',  ( -0.000000000000000000, -0.000000000000000000, -1.000000000000000000 ) ) ;
#1448 = ORIENTED_EDGE ( 'NONE', *, *, #345, .T. ) ;
#1449 = FACE_BOUND ( 'NONE', #789, .T. ) ;
#1450 = CARTESIAN_POINT ( 'NONE',  ( 1.836970198721031906E-16, -12.50000000000000000, 278.5000000000000000 ) ) ;
#1451 = DIRECTION ( 'NONE',  ( 0.000000000000000000, 0.000000000000000000, 1.000000000000000000 ) ) ;
#1453 = VERTEX_POINT ( 'NONE', #295 ) ;
#1452 = CARTESIAN_POINT ( 'NONE',  ( -1.301350196942088200, -12.43219535261177988, 279.2476172510249057 ) ) ;
#1454 =( GEOMETRIC_REPRESENTATION_CONTEXT ( 3 ) GLOBAL_UNCERTAINTY_ASSIGNED_CONTEXT ( ( #1206 ) ) GLOBAL_UNIT_ASSIGNED_CONTEXT ( ( #1411, #685, #1286 ) ) REPRESENTATION_CONTEXT ( 'NONE', 'WORKASPACE' ) );
#1455 = EDGE_CURVE ( 'NONE', #894, #1225, #650, .T. ) ;
#1456 = CARTESIAN_POINT ( 'NONE',  ( 8.466975166959914034, -0.7529811554227697767, 141.3009813009590800 ) ) ;
#1457 = ORIENTED_EDGE ( 'NONE', *, *, #52, .T. ) ;
#1458 = CARTESIAN_POINT ( 'NONE',  ( 0.3958075011082304862, 8.492703642240792661, 281.4599640121129482 ) ) ;
#1459 = VERTEX_POINT ( 'NONE', #1000 ) ;
#1460 = CARTESIAN_POINT ( 'NONE',  ( -1.200249930558850986, 8.416008535779326394, 279.0789239453860091 ) ) ;
#1461 = CARTESIAN_POINT ( 'NONE',  ( -12.47852433486674784, -0.7543796072455355439, 141.3111400753855662 ) ) ;
#1462 = CARTESIAN_POINT ( 'NONE',  ( 12.41873308735461023, -1.423552211753601027, 121.4828763446647457 ) ) ;
#1464 = ORIENTED_EDGE ( 'NONE', *, *, #831, .F. ) ;
#1463 = CYLINDRICAL_SURFACE ( 'NONE', #1425, 1.500000000000001332 ) ;
#1465 = CARTESIAN_POINT ( 'NONE',  ( 12.47852433486674784, 0.7543796072455357660, 141.3111400753855094 ) ) ;
#1466 = ORIENTED_EDGE ( 'NONE', *, *, #927, .T. ) ;
#1467 = CARTESIAN_POINT ( 'NONE',  ( -0.9215893646803182682, -12.46675394982377583, 368.8004558132233228 ) ) ;
#1468 = ORIENTED_EDGE ( 'NONE', *, *, #1140, .F. ) ;
#1469 = CARTESIAN_POINT ( 'NONE',  ( -0.09799952764047005493, 8.500000000000001776, 278.5000000000001137 ) ) ;
#1470 = CARTESIAN_POINT ( 'NONE',  ( 1.192468017653617096, 12.44311109198404708, 369.0847884600215139 ) ) ;
#1471 = CARTESIAN_POINT ( 'NONE',  ( 12.40968234583944074, -1.499928025140618626, 120.8035825742393996 ) ) ;
#1473 = VECTOR ( 'NONE', #659, 1000.000000000000000 ) ;
#1472 = CARTESIAN_POINT ( 'NONE',  ( -12.50000000000000000, 0.000000000000000000, 109.9999999999999858 ) ) ;
#1474 = CARTESIAN_POINT ( 'NONE',  ( -12.40966497930337908, -1.500071700528062824, 120.9019120518954935 ) ) ;
#1475 = CARTESIAN_POINT ( 'NONE',  ( 12.40966497930338086, 1.500071700528063712, 139.9019120518955219 ) ) ;
#1476 = CARTESIAN_POINT ( 'NONE',  ( 1.348247696834893983, 8.392477424430941468, 280.6647252283295870 ) ) ;
#1477 = EDGE_LOOP ( 'NONE', ( #1261, #24 ) ) ;
#1478 = CARTESIAN_POINT ( 'NONE',  ( -12.50000000000000000, 0.000000000000000000, 140.0000000000000000 ) ) ;
#1479 = EDGE_CURVE ( 'NONE', #715, #45, #1272, .T. ) ;
#1480 = CARTESIAN_POINT ( 'NONE',  ( -8.500000000000000000, 9.215630866972904113E-23, 119.5000000000000142 ) ) ;
#1481 = CARTESIAN_POINT ( 'NONE',  ( 1.836970017140960950E-16, -12.50000000000000000, 368.5000000000000000 ) ) ;
#1482 = CARTESIAN_POINT ( 'NONE',  ( -0.1958370400149687662, -12.50000000000000178, 278.5000000000000568 ) ) ;
#1483 = CARTESIAN_POINT ( 'NONE',  ( 0.000000000000000000, -12.50000000000000000, 370.0000000000000000 ) ) ;
#1484 = CARTESIAN_POINT ( 'NONE',  ( -1.199103398315011670, 12.44312649555922512, 280.9221611052297476 ) ) ;
#1485 = CARTESIAN_POINT ( 'NONE',  ( -1.192468017653617318, -12.44311109198404708, 369.0847884600215139 ) ) ;
#1486 = DIRECTION ( 'NONE',  ( 1.000000000000000000, -0.000000000000000000, -0.000000000000000000 ) ) ;
#1487 = CARTESIAN_POINT ( 'NONE',  ( -8.500000000000001776, 0.1959496514703133185, 119.5000000000000142 ) ) ;
#1488 = CARTESIAN_POINT ( 'NONE',  ( 0.000000000000000000, 0.000000000000000000, 400.0000000000000000 ) ) ;
#1489 = CARTESIAN_POINT ( 'NONE',  ( -12.46662710171655775, -0.9232688180617990570, 119.8017581418738615 ) ) ;
#1490 = CARTESIAN_POINT ( 'NONE',  ( -1.451913452599230547, 12.41540656073440374, 279.6106740440787348 ) ) ;
#1491 = CARTESIAN_POINT ( 'NONE',  ( 0.000000000000000000, -12.50000000000000000, 371.5000000000000000 ) ) ;
#1492 = CARTESIAN_POINT ( 'NONE',  ( 1.451913452599230991, -12.41540656073440552, 279.6106740440787917 ) ) ;
#1493 = FACE_BOUND ( 'NONE', #1561, .T. ) ;
#1494 = CARTESIAN_POINT ( 'NONE',  ( 8.451015546465466599, -0.9148968747956311987, 119.8072876445328205 ) ) ;
#1495 = ORIENTED_EDGE ( 'NONE', *, *, #744, .T. ) ;
#1496 = CARTESIAN_POINT ( 'NONE',  ( 12.44897097523742069, 1.130453806491428015, 139.0092293874807581 ) ) ;
#1497 = EDGE_CURVE ( 'NONE', #602, #377, #93, .T. ) ;
#1498 = CARTESIAN_POINT ( 'NONE',  ( 0.6651636052199457749, -8.474421784463419982, 368.6519639448582666 ) ) ;
#1499 = PRODUCT_DEFINITION_SHAPE ( 'NONE', 'NONE',  #1002 ) ;
#1500 = CARTESIAN_POINT ( 'NONE',  ( -8.500000000000000000, 9.215630866972904113E-23, 119.5000000000000142 ) ) ;
#1501 = CARTESIAN_POINT ( 'NONE',  ( 12.46078747305130996, -0.9917595663931284555, 138.8704113676076304 ) ) ;
#1502 = CARTESIAN_POINT ( 'NONE',  ( -0.6658903586899320715, 8.474365490793227096, 281.3476843054549477 ) ) ;
#1503 = CARTESIAN_POINT ( 'NONE',  ( -12.49096079992119712, 0.4839036700400520807, 138.5767982596499621 ) ) ;
#1504 = CARTESIAN_POINT ( 'NONE',  ( 8.450971261715810812, -0.9152780080342600710, 122.1923921896238312 ) ) ;
#1505 = ORIENTED_EDGE ( 'NONE', *, *, #1165, .T. ) ;
#1506 = CARTESIAN_POINT ( 'NONE',  ( 1.452298113880956310, 8.375034578261381313, 370.3878367707180246 ) ) ;
#1507 = CARTESIAN_POINT ( 'NONE',  ( 8.368339422667744998, 1.490392332803964548, 120.8042505003267308 ) ) ;
#1508 = EDGE_CURVE ( 'NONE', #836, #54, #687, .T. ) ;
#1509 = STYLED_ITEM ( 'NONE', ( #963 ), #1156 ) ;
#1510 = CARTESIAN_POINT ( 'NONE',  ( -8.491640552456217961, -0.3889306286315211691, 122.4520033414765123 ) ) ;
#1511 = CARTESIAN_POINT ( 'NONE',  ( 0.000000000000000000, 12.50000000000000000, 371.5000000000000000 ) ) ;
#1512 = CARTESIAN_POINT ( 'NONE',  ( -1.500037457286012232, 8.366593549838286847, 279.9025248002387798 ) ) ;
#1513 = CARTESIAN_POINT ( 'NONE',  ( -12.50000000000000000, -1.817910234559191180E-23, 122.5000000000000142 ) ) ;
#1514 = EDGE_LOOP ( 'NONE', ( #72, #681 ) ) ;
#1515 = DIRECTION ( 'NONE',  ( 0.000000000000000000, 0.000000000000000000, -1.000000000000000000 ) ) ;
#1516 = CARTESIAN_POINT ( 'NONE',  ( 0.000000000000000000, -12.50000000000000000, 281.5000000000000000 ) ) ;
#1517 = CARTESIAN_POINT ( 'NONE',  ( -8.474365490793223543, -0.6658903586899412863, 122.3476843054549335 ) ) ;
#1518 = CARTESIAN_POINT ( 'NONE',  ( 12.49881115240056317, -0.1974331986599870137, 141.4901825074357475 ) ) ;
#1519 = CARTESIAN_POINT ( 'NONE',  ( -8.498261113818786683, -0.1969374199134031611, 141.4902336696587781 ) ) ;
#1520 = CARTESIAN_POINT ( 'NONE',  ( -12.49881115240055607, 0.1974331986599880406, 122.4901825074357475 ) ) ;
#1521 = ORIENTED_EDGE ( 'NONE', *, *, #1508, .F. ) ;
#1522 = CARTESIAN_POINT ( 'NONE',  ( 1.130303834227443849, 8.424799179599084198, 370.9909244549589289 ) ) ;
#1523 = CARTESIAN_POINT ( 'NONE',  ( 0.1969374199134031056, -8.498261113818790236, 371.4902336696587781 ) ) ;
#1524 = DIRECTION ( 'NONE',  ( 1.000000000000000000, -0.000000000000000000, -0.000000000000000000 ) ) ;
#1525 = CARTESIAN_POINT ( 'NONE',  ( 12.46672313643619567, -0.9151153637875201197, 141.1925205861736572 ) ) ;
#1526 = EDGE_CURVE ( 'NONE', #251, #367, #329, .T. ) ;
#1527 = CARTESIAN_POINT ( 'NONE',  ( -12.44312649555923045, 1.199103398315003899, 120.0778388947701956 ) ) ;
#1528 = CARTESIAN_POINT ( 'NONE',  ( 1.193368895042628663, 8.415990715324698002, 370.9140534323158818 ) ) ;
#1529 = CARTESIAN_POINT ( 'NONE',  ( -0.1975489296258216843, 8.498250731809092073, 368.5098238944332252 ) ) ;
#1530 = B_SPLINE_CURVE_WITH_KNOTS ( 'NONE', 3,
 ( #1061, #1071, #12, #1465, #982, #817, #1345, #376, #853, #262, #734, #944, #22, #1475, #641, #524, #658, #39, #991, #1355, #1496, #1108, #1240, #542, #518, #998 ),
 .UNSPECIFIED., .F., .F.,
 ( 4, 2, 2, 2, 2, 2, 2, 2, 2, 2, 2, 2, 4 ),
 ( 0.004693911485340965598, 0.005280510558114620903, 0.005867109630888277076, 0.006160409167275104729, 0.006453708703661932382, 0.006747008240048760035, 0.007040307776435588555, 0.007333607312822416208, 0.007626906849209243860, 0.007920206385596071513, 0.008213505921982899166, 0.008800104994756554472, 0.009386704067530211512 ),
 .UNSPECIFIED. ) ;
#1531 = CARTESIAN_POINT ( 'NONE',  ( 12.48260128292280058, -0.6655296226467686260, 138.6521364026752678 ) ) ;
#1532 = CARTESIAN_POINT ( 'NONE',  ( 1.499927506806445265, 12.40968240849052862, 279.8997312281220502 ) ) ;
#1533 = CARTESIAN_POINT ( 'NONE',  ( 1.451834503863481673, -8.375115314730159355, 279.6103684420115769 ) ) ;
#1534 = LINE ( 'NONE', #445, #654 ) ;
#1535 = CARTESIAN_POINT ( 'NONE',  ( 8.500000000000000000, 0.000000000000000000, 119.5000000000000142 ) ) ;
#1536 = CARTESIAN_POINT ( 'NONE',  ( 8.492703642240792661, 0.3958075011082235473, 119.5400359878870802 ) ) ;
#1537 = ADVANCED_FACE ( 'NONE', ( #85, #799 ), #1063, .T. ) ;
#1538 = CARTESIAN_POINT ( 'NONE',  ( -8.498250731809092073, -0.1975489296258258753, 138.5098238944332536 ) ) ;
#1539 = CARTESIAN_POINT ( 'NONE',  ( -1.451913452599230769, 12.41540656073440552, 369.6106740440787348 ) ) ;
#1540 = AXIS2_PLACEMENT_3D ( 'NONE', #1478, #238, #122 ) ;
#1541 = CARTESIAN_POINT ( 'NONE',  ( -12.44909237165973259, -1.129123276050114200, 140.9922897413368332 ) ) ;
#1542 = CARTESIAN_POINT ( 'NONE',  ( 0.000000000000000000, 0.000000000000000000, 400.0000000000000000 ) ) ;
#1543 = ADVANCED_BREP_SHAPE_REPRESENTATION ( 'Drilling-Guide', ( #1156, #562 ), #1454 ) ;
#1544 = CARTESIAN_POINT ( 'NONE',  ( -0.3889306286315220573, 8.491640552456219737, 371.4520033414765408 ) ) ;
#1545 = CARTESIAN_POINT ( 'NONE',  ( -8.467067332022203630, -0.7519779605241998510, 141.3015868012855663 ) ) ;
#1546 = CARTESIAN_POINT ( 'NONE',  ( 0.09931784444946915869, -8.500000000000001776, 281.5000000000001137 ) ) ;
#1547 = CARTESIAN_POINT ( 'NONE',  ( -0.9151153637875115709, 12.46672313643619567, 368.8074794138263428 ) ) ;
#1548 = CARTESIAN_POINT ( 'NONE',  ( -12.44897097523742424, -1.130453806491428459, 139.0092293874807865 ) ) ;
#1549 = CARTESIAN_POINT ( 'NONE',  ( 0.9151153637875291125, -12.46672313643619745, 368.8074794138264565 ) ) ;
#1551 = ORIENTED_EDGE ( 'NONE', *, *, #1165, .F. ) ;
#1550 = CARTESIAN_POINT ( 'NONE',  ( 1.422907925835149578, 12.41880724335822173, 279.5152359225346004 ) ) ;
#1552 = DIRECTION ( 'NONE',  ( 0.000000000000000000, 0.000000000000000000, -1.000000000000000000 ) ) ;
#1553 = VERTEX_POINT ( 'NONE', #1415 ) ;
#1554 = EDGE_CURVE ( 'NONE', #717, #672, #1399, .T. ) ;
#1555 = CARTESIAN_POINT ( 'NONE',  ( -12.46662710171655952, -0.9232688180617872886, 138.8017581418739042 ) ) ;
#1556 = CARTESIAN_POINT ( 'NONE',  ( 0.000000000000000000, -12.50000000000000000, 280.0000000000000000 ) ) ;
#1558 = ORIENTED_EDGE ( 'NONE', *, *, #1554, .T. ) ;
#1557 = CARTESIAN_POINT ( 'NONE',  ( 12.41880724335821995, 1.422907925835153131, 121.4847640774655559 ) ) ;
#1559 = FILL_AREA_STYLE ('',( #617 ) ) ;
#1560 = ORIENTED_EDGE ( 'NONE', *, *, #1241, .F. ) ;
#1561 = EDGE_LOOP ( 'NONE', ( #492, #1146 ) ) ;
#1562 = CARTESIAN_POINT ( 'NONE',  ( -1.192459731305335335, -8.416118969814812445, 369.0847973341848274 ) ) ;
#1563 = DIRECTION ( 'NONE',  ( -0.000000000000000000, -0.000000000000000000, -1.000000000000000000 ) ) ;
#1564 = FACE_BOUND ( 'NONE', #1323, .T. ) ;
#1566 = EDGE_LOOP ( 'NONE', ( #739, #911, #1070, #833 ) ) ;
#1565 = CARTESIAN_POINT ( 'NONE',  ( 12.42711642649888582, 1.348409296814601310, 120.3355804194753063 ) ) ;
#1567 = CARTESIAN_POINT ( 'NONE',  ( 8.491640552456223290, -0.3889306286315202810, 138.5479966585235445 ) ) ;
ENDSEC;
END-ISO-10303-21;
