ISO-10303-21;
HEADER;
FILE_DESCRIPTION (( 'STEP AP214' ),
    '1' );
FILE_NAME ('Left Wing.STEP',
    '2026-08-28T03:37:02',
    ( '' ),
    ( '' ),
    'SwSTEP 2.0',
    'SolidWorks 2026',
    '' );
FILE_SCHEMA (( 'AUTOMOTIVE_DESIGN' ));
ENDSEC;

DATA;
#1 = CARTESIAN_POINT ( 'NONE',  ( 62.49999999999999289, -4.055719948554211918, 303.9999999999998863 ) ) ;
#2 = DIRECTION ( 'NONE',  ( 0.2565368879689197135, -0.9665344407268796623, 0.000000000000000000 ) ) ;
#3 = EDGE_LOOP ( 'NONE', ( #4899, #5445, #905, #3188 ) ) ;
#4 = CARTESIAN_POINT ( 'NONE',  ( 179.5235832351957015, -0.3557132430721732796, 480.0000000000000000 ) ) ;
#5 = CARTESIAN_POINT ( 'NONE',  ( 178.2260405236272334, -0.2461903796916639908, 479.0500000000021146 ) ) ;
#6 = ADVANCED_FACE ( 'NONE', ( #2122 ), #3675, .F. ) ;
#7 = CARTESIAN_POINT ( 'NONE',  ( 8.274866226242441059, -3.295938469596214837, 265.0000000001420517 ) ) ;
#8 = CARTESIAN_POINT ( 'NONE',  ( 68.50000000000001421, -7.000000000000000000, 338.9999999999999432 ) ) ;
#9 = DIRECTION ( 'NONE',  ( 0.000000000000000000, 0.000000000000000000, 1.000000000000000000 ) ) ;
#10 = CARTESIAN_POINT ( 'NONE',  ( 1.336957212632991387, -10.73635837598362386, 319.0102982669598077 ) ) ;
#11 = CARTESIAN_POINT ( 'NONE',  ( 169.3134940878089765, 1.617443507583104845, 480.0039967436516122 ) ) ;
#12 = ORIENTED_EDGE ( 'NONE', *, *, #520, .F. ) ;
#13 = VERTEX_POINT ( 'NONE', #1768 ) ;
#14 = LINE ( 'NONE', #6050, #27 ) ;
#15 = CARTESIAN_POINT ( 'NONE',  ( 179.4020258603785010, -0.3578742509294016716, 180.0000000000001137 ) ) ;
#16 = CARTESIAN_POINT ( 'NONE',  ( -16.32495259122673659, 1.939807044512829259, 484.7999999999998977 ) ) ;
#17 = DIRECTION ( 'NONE',  ( 1.000000000000000000, 0.000000000000000000, -2.040851148208007998E-16 ) ) ;
#18 = CARTESIAN_POINT ( 'NONE',  ( -32.53067397936293048, 13.35626926696480510, 264.9999999999999432 ) ) ;
#19 = CARTESIAN_POINT ( 'NONE',  ( -4.382537282638949705, -2.087695081651539386, 325.0000000000179057 ) ) ;
#20 = CARTESIAN_POINT ( 'NONE',  ( -35.85535389659850125, 4.971668222955061722, 324.9999999999998295 ) ) ;
#21 = EDGE_LOOP ( 'NONE', ( #3833, #3381, #2426, #4961 ) ) ;
#22 = ORIENTED_EDGE ( 'NONE', *, *, #2321, .T. ) ;
#23 = CARTESIAN_POINT ( 'NONE',  ( -14.03377766889005152, 4.809137969414130076, 484.8000000000001819 ) ) ;
#24 = CARTESIAN_POINT ( 'NONE',  ( 177.5654670684735947, 0.003850696498677484095, 0.000000000000000000 ) ) ;
#25 = CARTESIAN_POINT ( 'NONE',  ( -17.54577345132249988, -12.49999999999999645, 322.8512759280241653 ) ) ;
#26 = CARTESIAN_POINT ( 'NONE',  ( 178.7616054442715949, -0.2276258576920555388, 484.8000000000002387 ) ) ;
#27 = VECTOR ( 'NONE', #4586, 1000.000000000000114 ) ;
#28 = DIRECTION ( 'NONE',  ( -0.000000000000000000, 0.000000000000000000, -1.000000000000000000 ) ) ;
#29 = CARTESIAN_POINT ( 'NONE',  ( -14.92278497324127784, 3.772123826453781081, 345.0377952097171033 ) ) ;
#30 = EDGE_CURVE ( 'NONE', #1789, #786, #1003, .T. ) ;
#31 = CARTESIAN_POINT ( 'NONE',  ( -8.520316385899969092, 7.445811547124041141, 480.0000000000000568 ) ) ;
#32 = CARTESIAN_POINT ( 'NONE',  ( 178.6453989321685469, -0.2071220712402375708, 484.8000000000001251 ) ) ;
#33 = CARTESIAN_POINT ( 'NONE',  ( 172.3823993837822854, -0.08964324588926272930, 484.7999999999999545 ) ) ;
#34 = CARTESIAN_POINT ( 'NONE',  ( 13.18269288616778390, 11.89358281220603075, 480.0000000000000000 ) ) ;
#35 = CARTESIAN_POINT ( 'NONE',  ( 137.9726047538538012, -0.8709528034430135124, 484.7999999999998977 ) ) ;
#36 = DIRECTION ( 'NONE',  ( 1.000000000000000000, -3.614007241618349757E-16, 0.000000000000000000 ) ) ;
#37 = CARTESIAN_POINT ( 'NONE',  ( 8.398080405497980294, -25.00000000000001421, 574.9999999999998863 ) ) ;
#38 = CARTESIAN_POINT ( 'NONE',  ( -0.8815885615208581827, 12.50000000000000178, 330.9019886284365271 ) ) ;
#39 = CARTESIAN_POINT ( 'NONE',  ( -60.00000000000000000, 11.50000000000000355, 269.9999999999998863 ) ) ;
#40 = EDGE_CURVE ( 'NONE', #6625, #7494, #5851, .T. ) ;
#41 = CARTESIAN_POINT ( 'NONE',  ( -11.17365644366058852, -0.7462805817418287635, 484.8000000000001251 ) ) ;
#42 = CARTESIAN_POINT ( 'NONE',  ( 10.52565876619337359, 11.42535554618544502, 345.0213948763195617 ) ) ;
#43 = DIRECTION ( 'NONE',  ( -0.000000000000000000, 1.000000000000000000, 0.000000000000000000 ) ) ;
#44 = EDGE_LOOP ( 'NONE', ( #1668, #3943, #5976, #8321 ) ) ;
#45 = CARTESIAN_POINT ( 'NONE',  ( 178.3637266138744053, -0.2888283793465264981, 480.0000000000000000 ) ) ;
#46 = CARTESIAN_POINT ( 'NONE',  ( 213.0071114237243819, 5.990570228988397972, 575.0000000000000000 ) ) ;
#47 = B_SPLINE_CURVE_WITH_KNOTS ( 'NONE', 3,
 ( #2728, #8111, #4068, #6052, #1344, #4110, #5449, #831, #3333, #1386, #706, #5966, #2690, #3375, #2076, #4711, #6094, #6703, #8071, #7510, #7634, #8279, #1557, #4846, #4240, #8325, #6227, #351, #6182, #2330, #5578 ),
 .UNSPECIFIED., .F., .F.,
 ( 4, 1, 1, 1, 1, 1, 1, 1, 1, 1, 1, 1, 1, 1, 1, 1, 1, 1, 1, 1, 1, 1, 1, 1, 1, 1, 1, 1, 4 ),
 ( 0.04148161942023446958, 0.04160723688450877061, 0.04176977255962212310, 0.04185104039717879587, 0.04193230823473544783, 0.04201357607229212754, 0.04209484390984884195, 0.04213547782862713670, 0.04215579478801632224, 0.04217611174740547308, 0.04217865136732912301, 0.04218119098725277294, 0.04218627022710006585, 0.04219642870679464475, 0.04221674566618380947, 0.04223706262557298113, 0.04225737958496214586, 0.04229801350374048224, 0.04233864742251882557, 0.04241991526007545671, 0.04250118309763217112, 0.04258245093518884389, 0.04262308485396716640, 0.04264340181335633112, 0.04266371877274552360, 0.04268403573213466751, 0.04269419421182926028, 0.04269673383175291020, 0.04269860294809075391 ),
 .UNSPECIFIED. ) ;
#48 = CIRCLE ( 'NONE', #2107, 3.149999999999999911 ) ;
#49 = CARTESIAN_POINT ( 'NONE',  ( -0.6097146189400193261, -22.69149727561021024, 264.9999999999999432 ) ) ;
#50 = LINE ( 'NONE', #1809, #7622 ) ;
#51 = CARTESIAN_POINT ( 'NONE',  ( 200.6294900719518921, -0.4063160304696958325, 549.9999999999998863 ) ) ;
#52 = CIRCLE ( 'NONE', #8301, 1.000000000000000888 ) ;
#53 = DIRECTION ( 'NONE',  ( 1.000000000000000000, 0.000000000000000000, 0.000000000000000000 ) ) ;
#54 = CARTESIAN_POINT ( 'NONE',  ( 7.466893670423091045, -3.129026103815764959, 480.0000001818707460 ) ) ;
#55 = ORIENTED_EDGE ( 'NONE', *, *, #1740, .T. ) ;
#56 = AXIS2_PLACEMENT_3D ( 'NONE', #5349, #4103, #1423 ) ;
#57 = ORIENTED_EDGE ( 'NONE', *, *, #4181, .F. ) ;
#58 = CARTESIAN_POINT ( 'NONE',  ( 155.3145019227019077, -0.2160607861530055296, 480.0000000000000000 ) ) ;
#59 = CARTESIAN_POINT ( 'NONE',  ( 15.54971841395105514, -3.750528498727712989, 246.7679821123383306 ) ) ;
#60 = CARTESIAN_POINT ( 'NONE',  ( -27.95552861307223935, 1.361259802224432880, 549.9999999999998863 ) ) ;
#61 = CARTESIAN_POINT ( 'NONE',  ( -35.60249860838734293, -1.491060343596592341, 264.9999999999999432 ) ) ;
#62 = CARTESIAN_POINT ( 'NONE',  ( -10.92009982019856551, -0.8793532940239079387, 325.0000000000177351 ) ) ;
#63 = CIRCLE ( 'NONE', #476, 3.149999999999999911 ) ;
#64 = CARTESIAN_POINT ( 'NONE',  ( 137.4672068873615558, -25.15218399402633764, 434.0000000000000568 ) ) ;
#65 = ADVANCED_FACE ( 'NONE', ( #4975 ), #3762, .F. ) ;
#66 = ORIENTED_EDGE ( 'NONE', *, *, #2656, .F. ) ;
#67 = ORIENTED_EDGE ( 'NONE', *, *, #2797, .F. ) ;
#68 = CARTESIAN_POINT ( 'NONE',  ( -14.02080774682702646, 4.807708236950692715, 480.0000000000001705 ) ) ;
#69 = ORIENTED_EDGE ( 'NONE', *, *, #110, .F. ) ;
#70 = CARTESIAN_POINT ( 'NONE',  ( 57.55333226560097870, 13.27543098466125038, 484.7999999999999545 ) ) ;
#71 = VECTOR ( 'NONE', #5742, 1000.000000000000000 ) ;
#72 = CARTESIAN_POINT ( 'NONE',  ( -0.8993411530826691536, 12.50000000000000178, 264.9999999999998863 ) ) ;
#73 = CARTESIAN_POINT ( 'NONE',  ( 178.3710299646160991, -0.1606031863528518122, 0.000000000000000000 ) ) ;
#74 = DIRECTION ( 'NONE',  ( -0.000000000000000000, -0.000000000000000000, 1.000000000000000000 ) ) ;
#75 = CARTESIAN_POINT ( 'NONE',  ( -30.60278185021743624, 16.27267808334489985, 324.9999999999998863 ) ) ;
#76 = CARTESIAN_POINT ( 'NONE',  ( -5.309195033017677368, 8.372680397312210587, 479.0499999999998977 ) ) ;
#77 = CARTESIAN_POINT ( 'NONE',  ( 179.6761134231500421, -0.3871119056734552144, 0.000000000000000000 ) ) ;
#78 = CARTESIAN_POINT ( 'NONE',  ( 179.6595967840942194, -0.3900951690642417979, 480.0000000000006821 ) ) ;
#79 = DIRECTION ( 'NONE',  ( 1.000000000000000000, 0.000000000000000000, 0.000000000000000000 ) ) ;
#80 = CARTESIAN_POINT ( 'NONE',  ( 131.9521725672295815, -1.288648046957135085, 0.000000000000000000 ) ) ;
#81 = CARTESIAN_POINT ( 'NONE',  ( 120.6869970914120387, -1.941669787251453227, 0.000000000000000000 ) ) ;
#82 = LINE ( 'NONE', #1544, #1786 ) ;
#83 = DIRECTION ( 'NONE',  ( -1.000000000000000000, 0.000000000000000000, 0.000000000000000000 ) ) ;
#84 = CARTESIAN_POINT ( 'NONE',  ( 3.266386750819421092, -2.795382183869839388, 480.0000000000000000 ) ) ;
#85 = CARTESIAN_POINT ( 'NONE',  ( -7.138759228805987789, 11.43432160113281348, 333.6441360772586791 ) ) ;
#86 = ORIENTED_EDGE ( 'NONE', *, *, #1121, .F. ) ;
#87 = CARTESIAN_POINT ( 'NONE',  ( -15.14749774401184013, 2.525972188846042688, 0.000000000000000000 ) ) ;
#88 = CARTESIAN_POINT ( 'NONE',  ( 212.9986205953530600, 6.001904593475829053, 575.0000000000000000 ) ) ;
#89 = EDGE_CURVE ( 'NONE', #2245, #4428, #1684, .T. ) ;
#90 = CARTESIAN_POINT ( 'NONE',  ( -3.740415669507145324, -2.222195493008054967, 244.9878909376404863 ) ) ;
#91 = CARTESIAN_POINT ( 'NONE',  ( 168.6821646161110948, 1.699558679932335226, 0.000000000000000000 ) ) ;
#92 = CARTESIAN_POINT ( 'NONE',  ( 0.5292447168065115282, 9.772910345241857755, 345.0244128806289723 ) ) ;
#93 = FACE_OUTER_BOUND ( 'NONE', #7702, .T. ) ;
#94 = CARTESIAN_POINT ( 'NONE',  ( 40.92950548548045475, -5.333494030300689914, 485.8503607248481444 ) ) ;
#95 = EDGE_LOOP ( 'NONE', ( #7136, #2955 ) ) ;
#96 = ORIENTED_EDGE ( 'NONE', *, *, #1763, .T. ) ;
#97 = CARTESIAN_POINT ( 'NONE',  ( 210.7384546181766893, -8.196060192909877529, 575.0000000000000000 ) ) ;
#98 = CARTESIAN_POINT ( 'NONE',  ( 13.80923029299949256, -3.903690356958469110, 248.5407169090433683 ) ) ;
#99 = CARTESIAN_POINT ( 'NONE',  ( 61.80486844985845352, -16.00000000000000000, 575.0000000000000000 ) ) ;
#100 = CARTESIAN_POINT ( 'NONE',  ( -15.64705577819024285, 2.694404236606049885, 265.0000000000000000 ) ) ;
#101 = LINE ( 'NONE', #2897, #6818 ) ;
#102 = CARTESIAN_POINT ( 'NONE',  ( -15.72843431665163116, 1.220841485156521244, 345.0149397023849929 ) ) ;
#103 = EDGE_LOOP ( 'NONE', ( #524, #2892, #2327, #2259 ) ) ;
#104 = ORIENTED_EDGE ( 'NONE', *, *, #3832, .F. ) ;
#105 = CARTESIAN_POINT ( 'NONE',  ( -16.34177695965680499, 2.160829939336386563, 479.9999999999996021 ) ) ;
#106 = ORIENTED_EDGE ( 'NONE', *, *, #3823, .F. ) ;
#107 = CARTESIAN_POINT ( 'NONE',  ( 26.93167538785272441, 13.01856023937918216, 480.0000000000000000 ) ) ;
#108 = LINE ( 'NONE', #4036, #139 ) ;
#109 = CARTESIAN_POINT ( 'NONE',  ( 64.64770598085424069, 13.04881975100164482, 484.8000000000005230 ) ) ;
#110 = EDGE_CURVE ( 'NONE', #7859, #8243, #1812, .T. ) ;
#111 = CYLINDRICAL_SURFACE ( 'NONE', #949, 1.999999999999991340 ) ;
#112 = CARTESIAN_POINT ( 'NONE',  ( -15.54633733635953163, 3.037781740181018098, 324.9999999999998295 ) ) ;
#113 = CARTESIAN_POINT ( 'NONE',  ( -7.236775525309133705, -1.577935862927820843, 479.9999999999986926 ) ) ;
#114 = CARTESIAN_POINT ( 'NONE',  ( 179.1235647784492357, -0.2887907777566384171, 484.8000000000003524 ) ) ;
#115 = VECTOR ( 'NONE', #4994, 1000.000000000000000 ) ;
#116 = CARTESIAN_POINT ( 'NONE',  ( 179.6731949083432198, -0.3902158470050323680, 484.7999999999989313 ) ) ;
#117 = CARTESIAN_POINT ( 'NONE',  ( -60.00000000000000000, 11.50000000000000355, 319.9999999999998863 ) ) ;
#118 = CARTESIAN_POINT ( 'NONE',  ( 173.9606047222718814, -0.1393959665139902770, 0.000000000000000000 ) ) ;
#119 = CARTESIAN_POINT ( 'NONE',  ( 1.673388886832583244, 11.93600700941877157, 336.4572365795951328 ) ) ;
#120 = FACE_OUTER_BOUND ( 'NONE', #8165, .T. ) ;
#121 = LINE ( 'NONE', #3357, #2764 ) ;
#122 = CARTESIAN_POINT ( 'NONE',  ( -10.39775533393416040, -10.20679689864176076, 328.3099393863731734 ) ) ;
#123 = CARTESIAN_POINT ( 'NONE',  ( 117.0538319375458229, -2.010169846125767545, 480.0000000000000000 ) ) ;
#124 = CARTESIAN_POINT ( 'NONE',  ( -12.42787233021135762, -0.3907752496544687482, 479.9999999999997158 ) ) ;
#125 = ORIENTED_EDGE ( 'NONE', *, *, #6051, .F. ) ;
#126 = AXIS2_PLACEMENT_3D ( 'NONE', #3996, #7875, #5289 ) ;
#127 = ADVANCED_FACE ( 'NONE', ( #2984 ), #952, .F. ) ;
#128 = CARTESIAN_POINT ( 'NONE',  ( 146.4196550796953602, 5.146429442304700785, 479.9999999999993179 ) ) ;
#129 = CARTESIAN_POINT ( 'NONE',  ( 177.2607766814307979, 0.08094980436319376693, 479.9999999999997726 ) ) ;
#130 = CARTESIAN_POINT ( 'NONE',  ( 17.31230164913285208, -3.717289537694369539, 285.5755118255848402 ) ) ;
#131 = CARTESIAN_POINT ( 'NONE',  ( 152.9848059285570798, 4.136880100982744501, 0.000000000000000000 ) ) ;
#132 = LINE ( 'NONE', #7297, #5135 ) ;
#133 = CARTESIAN_POINT ( 'NONE',  ( 13.21682677568786524, -3.889908618014775943, 322.9999999999998863 ) ) ;
#134 = DIRECTION ( 'NONE',  ( -1.000000000000000000, 0.000000000000000000, 0.000000000000000000 ) ) ;
#135 = ORIENTED_EDGE ( 'NONE', *, *, #1133, .F. ) ;
#136 = ADVANCED_FACE ( 'NONE', ( #394 ), #5663, .F. ) ;
#137 = ORIENTED_EDGE ( 'NONE', *, *, #2403, .F. ) ;
#138 = CARTESIAN_POINT ( 'NONE',  ( 155.1754183216012564, -0.1288574371886595238, 479.0499999999999545 ) ) ;
#139 = VECTOR ( 'NONE', #2044, 1000.000000000000114 ) ;
#140 = CARTESIAN_POINT ( 'NONE',  ( -0.8993411530826266320, 12.50000000000000178, 264.9999999999998863 ) ) ;
#141 = FACE_OUTER_BOUND ( 'NONE', #348, .T. ) ;
#142 = CARTESIAN_POINT ( 'NONE',  ( -15.85865204544856333, 2.249307020179166283, 264.9999999999636202 ) ) ;
#143 = CARTESIAN_POINT ( 'NONE',  ( 9.462060650376805881, -3.326134091954493499, 325.0000000000000000 ) ) ;
#144 = CARTESIAN_POINT ( 'NONE',  ( -7.664171415912029772, -1.568554058403788920, 344.9891185067407378 ) ) ;
#145 = ORIENTED_EDGE ( 'NONE', *, *, #2247, .F. ) ;
#146 = ORIENTED_EDGE ( 'NONE', *, *, #2594, .F. ) ;
#147 = EDGE_CURVE ( 'NONE', #2516, #6061, #6443, .T. ) ;
#148 = CARTESIAN_POINT ( 'NONE',  ( -5.655393673449065517, 8.389668213939458496, 484.7999999999996135 ) ) ;
#149 = ORIENTED_EDGE ( 'NONE', *, *, #7236, .F. ) ;
#150 = CARTESIAN_POINT ( 'NONE',  ( 22.57586661410852003, 12.75416367618679381, 484.7999999999999545 ) ) ;
#151 = CARTESIAN_POINT ( 'NONE',  ( -60.00000000000000000, -6.999999999999986677, 295.0000000000000000 ) ) ;
#152 = CARTESIAN_POINT ( 'NONE',  ( 100.9402247912097863, 10.31702346686257066, -0.000000000000000000 ) ) ;
#153 = CARTESIAN_POINT ( 'NONE',  ( -35.00000000000001421, 0.000000000000000000, 575.0000000000000000 ) ) ;
#154 = CARTESIAN_POINT ( 'NONE',  ( -15.92281659456258680, 1.509477778972699635, 345.0241193428577731 ) ) ;
#155 = CARTESIAN_POINT ( 'NONE',  ( -36.10063762350313965, -11.22396527776907327, 575.0000000000000000 ) ) ;
#156 = CARTESIAN_POINT ( 'NONE',  ( 178.9416266097779840, -0.2585808545660672753, 479.9999999999998863 ) ) ;
#157 = CARTESIAN_POINT ( 'NONE',  ( 177.3360021288834218, -0.2378900616973192994, 484.8000000000002956 ) ) ;
#158 = DIRECTION ( 'NONE',  ( -0.000000000000000000, 1.000000000000000000, -0.000000000000000000 ) ) ;
#159 = CARTESIAN_POINT ( 'NONE',  ( 17.29411143377504345, -3.743533548862296279, 244.9867431194444123 ) ) ;
#160 = CARTESIAN_POINT ( 'NONE',  ( 172.5513961425386640, -0.1094143274831318180, 0.000000000000000000 ) ) ;
#161 = CARTESIAN_POINT ( 'NONE',  ( -4.268915507159403155, -12.50000000000000000, 262.6348501063590106 ) ) ;
#162 = DIRECTION ( 'NONE',  ( 1.000000000000000000, 0.000000000000000000, 0.000000000000000000 ) ) ;
#163 = CARTESIAN_POINT ( 'NONE',  ( 140.8048684498582190, -18.00000000000000355, 575.0000000000000000 ) ) ;
#164 = LINE ( 'NONE', #2143, #8528 ) ;
#165 = CARTESIAN_POINT ( 'NONE',  ( 97.35367145927115473, -3.084489664672571241, 479.9999999999998295 ) ) ;
#166 = CARTESIAN_POINT ( 'NONE',  ( -13.04985241089182502, -0.1897178009272447730, 479.9999999999998863 ) ) ;
#167 = ORIENTED_EDGE ( 'NONE', *, *, #1969, .T. ) ;
#168 = CARTESIAN_POINT ( 'NONE',  ( 122.3360895937509696, 8.056373889715743530, 479.0499999999997272 ) ) ;
#169 = CARTESIAN_POINT ( 'NONE',  ( 211.2645112934702070, 7.808810468232558755, 575.0000000000000000 ) ) ;
#170 = CARTESIAN_POINT ( 'NONE',  ( -60.00000000000000000, -12.49999999999999822, 269.9999999999998863 ) ) ;
#171 = CARTESIAN_POINT ( 'NONE',  ( 141.6720078607264384, 5.705339391695798845, 0.000000000000000000 ) ) ;
#172 = CARTESIAN_POINT ( 'NONE',  ( 28.21474802724121744, -3.988312836545817586, 328.0015232344832725 ) ) ;
#173 = LINE ( 'NONE', #5442, #1027 ) ;
#174 = CARTESIAN_POINT ( 'NONE',  ( 61.00000000000000711, 7.999999999999991118, 4.000000000000000000 ) ) ;
#175 = ORIENTED_EDGE ( 'NONE', *, *, #5300, .T. ) ;
#176 = ORIENTED_EDGE ( 'NONE', *, *, #2051, .F. ) ;
#177 = CARTESIAN_POINT ( 'NONE',  ( 177.0132187735076741, -0.2270137455174353336, 480.0000000000022737 ) ) ;
#178 = B_SPLINE_CURVE_WITH_KNOTS ( 'NONE', 3,
 ( #3104, #4311, #8404, #1037, #4440, #3059, #7034, #3664, #4488, #5693, #2501, #5133, #7756, #3841, #6303, #6476, #8315, #381, #5652, #2457 ),
 .UNSPECIFIED., .F., .F.,
 ( 4, 2, 2, 2, 2, 2, 2, 2, 2, 4 ),
 ( 0.000000000000000000, 0.009210481351885069223, 0.01381572202782760210, 0.01611834236579886767, 0.01842096270377012804, 0.02072358304174138841, 0.02302620337971264530, 0.02532882371768390567, 0.02763144405565516604, 0.03684192540754033934 ),
 .UNSPECIFIED. ) ;
#179 = CARTESIAN_POINT ( 'NONE',  ( 93.62913818886050876, -3.457398024471676212, 0.000000000000000000 ) ) ;
#180 = CARTESIAN_POINT ( 'NONE',  ( 34.92950548548044765, -12.00000000000000000, 575.0000000000000000 ) ) ;
#181 = CARTESIAN_POINT ( 'NONE',  ( -14.78411381644852796, 0.5201949428568400924, 245.0031132816855859 ) ) ;
#182 = FACE_OUTER_BOUND ( 'NONE', #8244, .T. ) ;
#183 = LINE ( 'NONE', #6795, #4442 ) ;
#184 = ORIENTED_EDGE ( 'NONE', *, *, #8355, .F. ) ;
#185 = CIRCLE ( 'NONE', #7218, 5.000000000000004441 ) ;
#186 = CARTESIAN_POINT ( 'NONE',  ( -33.72280787092170584, 7.587420105399379722, 265.0000000000000000 ) ) ;
#187 = VERTEX_POINT ( 'NONE', #5751 ) ;
#188 = CARTESIAN_POINT ( 'NONE',  ( -11.17276972862855899, 6.376785130063644225, 484.8000000000001819 ) ) ;
#189 = CIRCLE ( 'NONE', #5975, 1.400000000000012346 ) ;
#190 = EDGE_LOOP ( 'NONE', ( #5316, #2688 ) ) ;
#191 = CARTESIAN_POINT ( 'NONE',  ( 57.56396988985712682, 13.27199742884554112, 479.9999999999999432 ) ) ;
#192 = FACE_OUTER_BOUND ( 'NONE', #6851, .T. ) ;
#193 = CARTESIAN_POINT ( 'NONE',  ( 146.1556661685591791, 5.183276309448398678, 484.8000000000006366 ) ) ;
#194 = CARTESIAN_POINT ( 'NONE',  ( -8.217749194064371210, 7.193436872497785295, 245.0290035134347590 ) ) ;
#195 = CARTESIAN_POINT ( 'NONE',  ( -30.02904822362692272, -12.76510769002437939, 324.9999999999997158 ) ) ;
#196 = CARTESIAN_POINT ( 'NONE',  ( 140.8048684498582190, -18.00000000000000355, 549.9999999999998863 ) ) ;
#197 = CARTESIAN_POINT ( 'NONE',  ( -13.78716755521714887, 0.2701067281588469537, 479.0500000000012619 ) ) ;
#198 = CARTESIAN_POINT ( 'NONE',  ( 178.8543921576294338, -0.2436906426110737323, 480.0000000000001705 ) ) ;
#199 = AXIS2_PLACEMENT_3D ( 'NONE', #1426, #6740, #6698 ) ;
#200 = CARTESIAN_POINT ( 'NONE',  ( 179.1347111030222550, -0.3502083914692886157, 0.000000000000000000 ) ) ;
#201 = CARTESIAN_POINT ( 'NONE',  ( 140.8048684498582190, -18.00000000000000355, 549.9999999999998863 ) ) ;
#202 = LINE ( 'NONE', #7409, #3722 ) ;
#203 = CARTESIAN_POINT ( 'NONE',  ( 177.1304589700457086, -0.2373568107259753923, 0.000000000000000000 ) ) ;
#204 = CARTESIAN_POINT ( 'NONE',  ( -11.30749413028851258, -10.16683490932855527, 261.7605651312134682 ) ) ;
#205 = CARTESIAN_POINT ( 'NONE',  ( 29.79215858678077566, -4.022476539056263789, 319.0230751051036577 ) ) ;
#206 = LINE ( 'NONE', #2755, #3030 ) ;
#207 = AXIS2_PLACEMENT_3D ( 'NONE', #2762, #4269, #8060 ) ;
#208 = CARTESIAN_POINT ( 'NONE',  ( 140.8048684498582190, -18.00000000000000355, 549.9999999999998863 ) ) ;
#209 = CARTESIAN_POINT ( 'NONE',  ( 83.55203677180283250, -3.583123706565781941, 480.0000000000002274 ) ) ;
#210 = CARTESIAN_POINT ( 'NONE',  ( -11.17365644366058852, -0.7462805817418287635, 484.8000000000001251 ) ) ;
#211 = VERTEX_POINT ( 'NONE', #8204 ) ;
#212 = CARTESIAN_POINT ( 'NONE',  ( 122.5785822448783762, 8.224132564074993823, 479.9999999999997726 ) ) ;
#213 = CARTESIAN_POINT ( 'NONE',  ( 175.7243708175188885, 0.2529478387007879636, 479.0500000000007503 ) ) ;
#214 = EDGE_CURVE ( 'NONE', #3899, #6201, #6681, .T. ) ;
#215 = DIRECTION ( 'NONE',  ( 0.000000000000000000, 0.000000000000000000, -1.000000000000000000 ) ) ;
#216 = CARTESIAN_POINT ( 'NONE',  ( 20.30803642862554170, -3.794956838777434616, 323.7273361997421830 ) ) ;
#217 = CARTESIAN_POINT ( 'NONE',  ( 0.7458222229937284675, 12.22533148412128590, 304.9995591732108551 ) ) ;
#218 = EDGE_CURVE ( 'NONE', #6201, #3899, #63, .T. ) ;
#219 = CARTESIAN_POINT ( 'NONE',  ( 90.00000000000001421, 3.642033860375761822, 495.0000000000000000 ) ) ;
#220 = CARTESIAN_POINT ( 'NONE',  ( 213.6253440381961184, 5.061557424638714942, 574.9999999999998863 ) ) ;
#221 = EDGE_CURVE ( 'NONE', #6701, #6831, #5239, .T. ) ;
#222 = CARTESIAN_POINT ( 'NONE',  ( 63.09932674254688578, -4.216985242450103755, 0.000000000000000000 ) ) ;
#223 = CARTESIAN_POINT ( 'NONE',  ( 204.9999999999999716, 0.000000000000000000, 575.0000000000000000 ) ) ;
#224 = CARTESIAN_POINT ( 'NONE',  ( -14.30914499409891150, 0.2588961870828050960, 264.9999999999999432 ) ) ;
#225 = CARTESIAN_POINT ( 'NONE',  ( 3.905870305219072414, -3.163003197677249467, 0.000000000000000000 ) ) ;
#226 = CARTESIAN_POINT ( 'NONE',  ( 179.3077220686753890, -0.3644756942073276162, 434.0000000000004547 ) ) ;
#227 = ORIENTED_EDGE ( 'NONE', *, *, #7163, .T. ) ;
#228 = CARTESIAN_POINT ( 'NONE',  ( -16.32480884105120822, 12.50000000000000178, 261.2068454572057590 ) ) ;
#229 = ORIENTED_EDGE ( 'NONE', *, *, #6001, .F. ) ;
#230 = CARTESIAN_POINT ( 'NONE',  ( -15.54247413394721988, -12.50000000000000000, 266.7362637926833600 ) ) ;
#231 = ORIENTED_EDGE ( 'NONE', *, *, #5223, .F. ) ;
#232 = CARTESIAN_POINT ( 'NONE',  ( 75.28089048217225354, 12.50959537089430995, 484.7999999999996703 ) ) ;
#233 = EDGE_CURVE ( 'NONE', #7658, #5095, #3926, .T. ) ;
#234 = DIRECTION ( 'NONE',  ( -0.9494185892568517415, -0.3140132837532982890, -0.000000000000000000 ) ) ;
#235 = CARTESIAN_POINT ( 'NONE',  ( 157.7796258400848330, 3.423805315386827530, 0.000000000000000000 ) ) ;
#236 = CARTESIAN_POINT ( 'NONE',  ( 1.767786756731142273, 30.22406474547433319, 264.9999999999999432 ) ) ;
#237 = CARTESIAN_POINT ( 'NONE',  ( -15.99410014517894041, 1.769768713846990416, 324.9999999999998863 ) ) ;
#238 = CARTESIAN_POINT ( 'NONE',  ( 171.7177574804769336, -24.99999999999998224, 574.9999999999997726 ) ) ;
#239 = CARTESIAN_POINT ( 'NONE',  ( 14.92950548548044054, -3.747749974680598228, 322.9999999999998863 ) ) ;
#240 = CARTESIAN_POINT ( 'NONE',  ( 178.0252992649078578, -0.09256912565547804894, 0.000000000000000000 ) ) ;
#241 = CARTESIAN_POINT ( 'NONE',  ( 179.2493661488827854, -0.3591196806954906617, 484.7999999999994429 ) ) ;
#242 = CARTESIAN_POINT ( 'NONE',  ( -16.01454050083992797, 10.46055620797372754, 259.5219625632806242 ) ) ;
#243 = EDGE_CURVE ( 'NONE', #7111, #7848, #5187, .T. ) ;
#244 = DIRECTION ( 'NONE',  ( -1.000000000000000000, 0.000000000000000000, 0.000000000000000000 ) ) ;
#245 = CARTESIAN_POINT ( 'NONE',  ( 176.9821723455103495, -0.2269728047348208988, 484.7999999999999545 ) ) ;
#246 = CARTESIAN_POINT ( 'NONE',  ( -8.981411178153212660, -10.27157355457840460, 261.5332809209079983 ) ) ;
#247 = CARTESIAN_POINT ( 'NONE',  ( 34.60437631925113067, -4.086031391182887162, 322.3909933207863787 ) ) ;
#248 = ORIENTED_EDGE ( 'NONE', *, *, #7786, .F. ) ;
#249 = CARTESIAN_POINT ( 'NONE',  ( 9.743420186412290462, 11.21524539831733058, 245.3925874731355634 ) ) ;
#250 = CARTESIAN_POINT ( 'NONE',  ( 3.264315704490215353, -2.792051079964634308, 484.8000000000000114 ) ) ;
#251 = CARTESIAN_POINT ( 'NONE',  ( -14.77446611049176539, 0.4827928383448676919, 480.0000000000004547 ) ) ;
#252 = VERTEX_POINT ( 'NONE', #2557 ) ;
#253 = AXIS2_PLACEMENT_3D ( 'NONE', #7696, #7064, #1875 ) ;
#254 = CARTESIAN_POINT ( 'NONE',  ( 135.9905355663558737, 6.341737522962338502, 479.0500000000000114 ) ) ;
#255 = CARTESIAN_POINT ( 'NONE',  ( 186.9860531315488288, 23.70335970937971481, 574.9999999999998863 ) ) ;
#256 = ADVANCED_FACE ( 'NONE', ( #7811 ), #3245, .T. ) ;
#257 = AXIS2_PLACEMENT_3D ( 'NONE', #6787, #957, #825 ) ;
#258 = DIRECTION ( 'NONE',  ( 0.000000000000000000, 0.000000000000000000, 1.000000000000000000 ) ) ;
#259 = CARTESIAN_POINT ( 'NONE',  ( 15.93877964519282564, -3.673547764081629197, 343.5583308612979181 ) ) ;
#260 = CARTESIAN_POINT ( 'NONE',  ( -17.65661531524802896, -9.712461544463483420, 262.5842062574690772 ) ) ;
#261 = CARTESIAN_POINT ( 'NONE',  ( -0.8939857043291333794, 12.50000000000000178, 285.0000000078657649 ) ) ;
#262 = EDGE_CURVE ( 'NONE', #8023, #2824, #5959, .T. ) ;
#263 = CARTESIAN_POINT ( 'NONE',  ( 50.00000000000000000, 0.9999999999999943379, 571.0000000000000000 ) ) ;
#264 = CARTESIAN_POINT ( 'NONE',  ( 167.7886662411054033, -0.04947039230775105573, 479.0499999999999545 ) ) ;
#265 = LINE ( 'NONE', #2249, #2758 ) ;
#266 = AXIS2_PLACEMENT_3D ( 'NONE', #4869, #289, #1494 ) ;
#267 = CARTESIAN_POINT ( 'NONE',  ( 2.904562533513783684, 10.38750835287605767, 480.0000000000000000 ) ) ;
#268 = CARTESIAN_POINT ( 'NONE',  ( -22.20204212170271063, -18.12560541597255792, 264.9999999999999432 ) ) ;
#269 = CARTESIAN_POINT ( 'NONE',  ( 68.50000000000001421, 3.000000000000000000, 321.9999999999999432 ) ) ;
#270 = UNCERTAINTY_MEASURE_WITH_UNIT (LENGTH_MEASURE( 1.000000000000000082E-05 ), #6230, 'distance_accuracy_value', 'NONE');
#271 = CARTESIAN_POINT ( 'NONE',  ( 155.1117807192614464, -0.2226286565086620928, 480.0000000000000568 ) ) ;
#272 = VERTEX_POINT ( 'NONE', #7215 ) ;
#273 = CARTESIAN_POINT ( 'NONE',  ( -21.59926246380444681, 12.49999999999963407, 262.9484848992703974 ) ) ;
#274 = ORIENTED_EDGE ( 'NONE', *, *, #6011, .F. ) ;
#275 = CARTESIAN_POINT ( 'NONE',  ( -33.64451037336850447, -12.49999999999999822, 269.9999999999998863 ) ) ;
#276 = ADVANCED_FACE ( 'NONE', ( #4582 ), #1380, .T. ) ;
#277 = AXIS2_PLACEMENT_3D ( 'NONE', #6760, #5372, #4725 ) ;
#278 = VERTEX_POINT ( 'NONE', #701 ) ;
#279 = CARTESIAN_POINT ( 'NONE',  ( -14.63327313227927107, 0.4284746724301631837, 245.0016646340495186 ) ) ;
#280 = CARTESIAN_POINT ( 'NONE',  ( 92.98696270780391160, 11.21409753998637804, 479.9999999999999432 ) ) ;
#281 = B_SPLINE_CURVE_WITH_KNOTS ( 'NONE', 3,
 ( #6571, #54, #2072, #3897, #5919, #2024 ),
 .UNSPECIFIED., .F., .F.,
 ( 4, 2, 4 ),
 ( 0.000000000000000000, 0.01133339453850709319, 0.02266678907701418638 ),
 .UNSPECIFIED. ) ;
#282 = CARTESIAN_POINT ( 'NONE',  ( -15.68963876533662294, 25.75408537053721147, 264.9999999999998863 ) ) ;
#283 = CARTESIAN_POINT ( 'NONE',  ( -15.48858789028215099, 0.9954029364119664214, 345.0100450387372462 ) ) ;
#284 = CARTESIAN_POINT ( 'NONE',  ( 79.50328159950400675, -3.465623845257089553, 479.0499999999984198 ) ) ;
#285 = EDGE_LOOP ( 'NONE', ( #4209, #5585, #8399, #5531, #489, #4669 ) ) ;
#286 = CARTESIAN_POINT ( 'NONE',  ( 135.3213459832823276, 6.643853249325112564, 480.0000000000000000 ) ) ;
#287 = CARTESIAN_POINT ( 'NONE',  ( 178.8488032046543026, -0.2427547818291560522, 484.8000000000001819 ) ) ;
#288 = CARTESIAN_POINT ( 'NONE',  ( -22.73303476079455621, 9.156767288376617131, 262.0816285690148675 ) ) ;
#289 = DIRECTION ( 'NONE',  ( 0.000000000000000000, 0.000000000000000000, 1.000000000000000000 ) ) ;
#290 = CARTESIAN_POINT ( 'NONE',  ( 179.2437756139061662, -0.3586695648804109626, 479.9999999999994884 ) ) ;
#291 = CARTESIAN_POINT ( 'NONE',  ( -13.83852446750333343, 10.79432368520430074, 331.3814623038055629 ) ) ;
#292 = LINE ( 'NONE', #2840, #5074 ) ;
#293 = ORIENTED_EDGE ( 'NONE', *, *, #6214, .F. ) ;
#294 = CARTESIAN_POINT ( 'NONE',  ( -19.22356799653368142, -9.539507231714845048, 327.1615422501554349 ) ) ;
#295 = CARTESIAN_POINT ( 'NONE',  ( 176.5049536091283926, -0.2111021881640229581, 479.9999999999999432 ) ) ;
#296 = CARTESIAN_POINT ( 'NONE',  ( -9.047405106638299443, -1.235915632631911398, 480.0000000000000000 ) ) ;
#297 = ORIENTED_EDGE ( 'NONE', *, *, #5993, .T. ) ;
#298 = CARTESIAN_POINT ( 'NONE',  ( 176.4613894873126299, 0.2471926556059960700, 480.0000000000000000 ) ) ;
#299 = CARTESIAN_POINT ( 'NONE',  ( -13.05291568992309337, -0.1873067627558402115, 484.7999999999998977 ) ) ;
#300 = EDGE_CURVE ( 'NONE', #3802, #6712, #3326, .T. ) ;
#301 = CARTESIAN_POINT ( 'NONE',  ( 204.9999999999999716, 0.000000000000000000, 575.0000000000000000 ) ) ;
#302 = CARTESIAN_POINT ( 'NONE',  ( -10.74794611041746961, 6.557623883996591019, 480.0003586406142517 ) ) ;
#303 = CARTESIAN_POINT ( 'NONE',  ( 18.52913995830851590, -3.736473957193236828, 323.3171759508530840 ) ) ;
#304 = FACE_OUTER_BOUND ( 'NONE', #5601, .T. ) ;
#305 = CARTESIAN_POINT ( 'NONE',  ( 168.6925666505462971, -0.08023134587614337565, 0.000000000000000000 ) ) ;
#306 = CARTESIAN_POINT ( 'NONE',  ( 179.3154168234960935, -0.4530869019430808775, 479.0500000000020577 ) ) ;
#307 = CARTESIAN_POINT ( 'NONE',  ( -0.3376773574355795837, 12.47794308759262449, 333.7283234515471122 ) ) ;
#308 = CARTESIAN_POINT ( 'NONE',  ( -26.15965308578635629, -15.93568937087840354, 264.9999999999998863 ) ) ;
#309 = CARTESIAN_POINT ( 'NONE',  ( 168.8377281226287323, -0.05539710311291501377, 480.0000000000000000 ) ) ;
#310 = CARTESIAN_POINT ( 'NONE',  ( 172.3262654992006446, -0.09064185285348819177, 434.0000000000001705 ) ) ;
#311 = AXIS2_PLACEMENT_3D ( 'NONE', #4332, #6971, #6322 ) ;
#312 = ORIENTED_EDGE ( 'NONE', *, *, #1024, .F. ) ;
#313 = CARTESIAN_POINT ( 'NONE',  ( -22.12942374987072469, 9.279339166045371456, 261.8419909486113966 ) ) ;
#314 = ORIENTED_EDGE ( 'NONE', *, *, #5885, .F. ) ;
#315 = ORIENTED_EDGE ( 'NONE', *, *, #7128, .F. ) ;
#316 = CARTESIAN_POINT ( 'NONE',  ( 149.6572899754152672, -0.4229621634983014578, 179.9999999999999432 ) ) ;
#317 = CARTESIAN_POINT ( 'NONE',  ( 7.545309585098575411, 11.19785372777429444, 484.8000000000002956 ) ) ;
#318 = EDGE_CURVE ( 'NONE', #6455, #7038, #1899, .T. ) ;
#319 = EDGE_CURVE ( 'NONE', #6191, #1139, #2684, .T. ) ;
#320 = CARTESIAN_POINT ( 'NONE',  ( -11.51037674183701398, 5.794886493114194792, 245.0319574984145561 ) ) ;
#321 = CARTESIAN_POINT ( 'NONE',  ( -12.02290710718624744, -0.5681873334565076261, 324.9999999999999432 ) ) ;
#322 = AXIS2_PLACEMENT_3D ( 'NONE', #1976, #7846, #6602 ) ;
#323 = CARTESIAN_POINT ( 'NONE',  ( 143.3007538938483378, -24.99999999999999645, 575.0000000000001137 ) ) ;
#324 = AXIS2_PLACEMENT_3D ( 'NONE', #8353, #1841, #6514 ) ;
#325 = ORIENTED_EDGE ( 'NONE', *, *, #2150, .T. ) ;
#326 = CARTESIAN_POINT ( 'NONE',  ( 175.7282835823621951, 0.3988023927064961449, 484.8000000000002956 ) ) ;
#327 = CARTESIAN_POINT ( 'NONE',  ( 178.8543921576294338, -0.2436906426110737323, 480.0000000000001705 ) ) ;
#328 = CARTESIAN_POINT ( 'NONE',  ( -19.68387045561198079, -12.49999999999966960, 325.7797096095424081 ) ) ;
#329 = CARTESIAN_POINT ( 'NONE',  ( -59.00000000000000000, 7.500000000000002665, 264.9999999999998863 ) ) ;
#330 = CARTESIAN_POINT ( 'NONE',  ( 179.1551105706238332, -0.2939346916711294555, 484.8000000000003524 ) ) ;
#331 = ADVANCED_BREP_SHAPE_REPRESENTATION ( 'Left Wing', ( #1346, #3166 ), #4136 ) ;
#332 = CARTESIAN_POINT ( 'NONE',  ( -0.8993411530826266320, 12.50000000000000178, 264.9999999999998863 ) ) ;
#333 = EDGE_CURVE ( 'NONE', #5592, #538, #501, .T. ) ;
#334 = CARTESIAN_POINT ( 'NONE',  ( -15.87392614036118488, 2.041485770626469520, 245.0384629243256711 ) ) ;
#335 = ORIENTED_EDGE ( 'NONE', *, *, #8411, .T. ) ;
#336 = DIRECTION ( 'NONE',  ( 0.000000000000000000, 0.000000000000000000, 1.000000000000000000 ) ) ;
#337 = CARTESIAN_POINT ( 'NONE',  ( 178.3911328614198908, -0.2894097977796494803, 479.9999999999995453 ) ) ;
#338 = CARTESIAN_POINT ( 'NONE',  ( 50.01573855809878921, -4.067679805855194175, 484.8000000000006935 ) ) ;
#339 = VERTEX_POINT ( 'NONE', #4538 ) ;
#340 = CARTESIAN_POINT ( 'NONE',  ( 97.25628413753406676, 10.67597095335160873, 479.0499999999999545 ) ) ;
#341 = CARTESIAN_POINT ( 'NONE',  ( 171.2644083125207715, 1.069270870310259580, 479.0499999999995566 ) ) ;
#342 =( BOUNDED_SURFACE ( )  B_SPLINE_SURFACE ( 3, 2, ( 
 ( #6118, #2875, #6813 ),
 ( #5556, #4133, #6030 ),
 ( #4736, #2836, #4047 ),
 ( #807, #1407, #940 ) ),
 .UNSPECIFIED., .F., .F., .T. ) 
 B_SPLINE_SURFACE_WITH_KNOTS ( ( 4, 4 ),
 ( 3, 3 ),
 ( 0.09305416476400552028, 0.1619145641198521945 ),
 ( 0.000000000000000000, 1.000000000000000000 ),
 .UNSPECIFIED. ) 
 GEOMETRIC_REPRESENTATION_ITEM ( )  RATIONAL_B_SPLINE_SURFACE ( (
 ( 1.000000000000000000, 0.9079604905872572518, 1.000000000000000000),
 ( 1.000000000000000000, 0.9077969410835216024, 1.000000000000000000),
 ( 1.000000000000000000, 0.9076333522227606476, 1.000000000000000000),
 ( 1.000000000000000000, 0.9074697240739676429, 1.000000000000000000) ) ) 
 REPRESENTATION_ITEM ( '' )  SURFACE ( )  );
#343 = CARTESIAN_POINT ( 'NONE',  ( 185.0000000000000000, 25.00000000000001421, 575.0000000000000000 ) ) ;
#344 = CARTESIAN_POINT ( 'NONE',  ( -7.291836113345301129, 7.876696206707077152, 480.0002208305638760 ) ) ;
#345 = DIRECTION ( 'NONE',  ( 0.8944271909999119696, -0.4472135954999654772, 0.000000000000000000 ) ) ;
#346 = LINE ( 'NONE', #3752, #5987 ) ;
#347 = PLANE ( 'NONE',  #1360 ) ;
#348 = EDGE_LOOP ( 'NONE', ( #6884, #3073, #2222, #5219 ) ) ;
#349 = CARTESIAN_POINT ( 'NONE',  ( 213.4649098976098003, 5.324347018152836064, 574.9999999999998863 ) ) ;
#350 = EDGE_CURVE ( 'NONE', #487, #6671, #577, .T. ) ;
#351 = CARTESIAN_POINT ( 'NONE',  ( 179.6164139537059725, -0.3811085002871407168, 434.0000000000001705 ) ) ;
#352 = CARTESIAN_POINT ( 'NONE',  ( -5.320360193696640927, -1.990169817324088708, 264.9999999999998295 ) ) ;
#353 = CARTESIAN_POINT ( 'NONE',  ( 178.1846648807307361, -0.2772998869397528265, 480.0000000000000568 ) ) ;
#354 = CARTESIAN_POINT ( 'NONE',  ( 127.8568573780774784, -1.397633305517692381, 480.0000000000000000 ) ) ;
#355 = ORIENTED_EDGE ( 'NONE', *, *, #6444, .F. ) ;
#356 = ORIENTED_EDGE ( 'NONE', *, *, #5811, .F. ) ;
#357 = CARTESIAN_POINT ( 'NONE',  ( -5.488230908195103730, -1.978416069136148314, 244.9883790422393304 ) ) ;
#358 = CARTESIAN_POINT ( 'NONE',  ( 58.62773231547202357, 12.92864184727463339, -0.000000000000000000 ) ) ;
#359 = CARTESIAN_POINT ( 'NONE',  ( -9.419230454100366856, 6.764031828489423859, 264.9999999999999432 ) ) ;
#360 = CARTESIAN_POINT ( 'NONE',  ( -14.48407675934089944, 0.3467569630132494862, 344.9995471850799049 ) ) ;
#361 = CARTESIAN_POINT ( 'NONE',  ( 97.30808696949986825, -2.874286809861798186, 479.0499999999990450 ) ) ;
#362 = ORIENTED_EDGE ( 'NONE', *, *, #2305, .F. ) ;
#363 = CARTESIAN_POINT ( 'NONE',  ( 128.2815397657660696, 7.545898156911716725, 479.9999999999998863 ) ) ;
#364 = CARTESIAN_POINT ( 'NONE',  ( 179.1773778499615730, -0.2975674382804276430, 484.8000000000003524 ) ) ;
#365 = EDGE_CURVE ( 'NONE', #8419, #2761, #6266, .T. ) ;
#366 = FACE_OUTER_BOUND ( 'NONE', #6860, .T. ) ;
#367 = CARTESIAN_POINT ( 'NONE',  ( 179.6741888723610998, -0.3848439235190081464, 484.8000000000003524 ) ) ;
#368 = FACE_OUTER_BOUND ( 'NONE', #6256, .T. ) ;
#369 = CARTESIAN_POINT ( 'NONE',  ( 20.92950548548044054, -3.818209303610976324, 316.9999999999999432 ) ) ;
#370 = CARTESIAN_POINT ( 'NONE',  ( -0.3680655588606015494, 9.557580552255394934, 345.0248029099206519 ) ) ;
#371 = VERTEX_POINT ( 'NONE', #5917 ) ;
#372 = CARTESIAN_POINT ( 'NONE',  ( 63.80486844985845352, 16.00000000000000000, 575.0000000000000000 ) ) ;
#373 = CARTESIAN_POINT ( 'NONE',  ( 172.5513961425386640, -0.1094143274831318180, 0.000000000000000000 ) ) ;
#374 = CARTESIAN_POINT ( 'NONE',  ( -1.275715468150079968, -2.674737324832182850, 0.000000000000000000 ) ) ;
#375 = ORIENTED_EDGE ( 'NONE', *, *, #6373, .T. ) ;
#376 = CARTESIAN_POINT ( 'NONE',  ( 80.98348433227586440, 11.97193821087886612, 479.0499999999999545 ) ) ;
#377 = CARTESIAN_POINT ( 'NONE',  ( 9.533839577208354399, -3.562333622949445555, 0.000000000000000000 ) ) ;
#378 = B_SPLINE_CURVE_WITH_KNOTS ( 'NONE', 3,
 ( #6006, #94, #2724, #8461, #7340, #1944, #7177 ),
 .UNSPECIFIED., .F., .F.,
 ( 4, 3, 4 ),
 ( 0.0009723412039719655587, 0.01894864515860249926, 0.03789729105435116208 ),
 .UNSPECIFIED. ) ;
#379 = DIRECTION ( 'NONE',  ( 1.000000000000000000, 0.000000000000000000, 0.000000000000000000 ) ) ;
#380 = CARTESIAN_POINT ( 'NONE',  ( -15.20131383762920585, 3.863468793102631693, 479.9996888609041434 ) ) ;
#381 = CARTESIAN_POINT ( 'NONE',  ( -29.04078006538039958, 12.50000000000000711, 269.4704608693721184 ) ) ;
#382 = CARTESIAN_POINT ( 'NONE',  ( 171.1337556035917657, 1.278044818365496660, 0.000000000000000000 ) ) ;
#383 = PRODUCT_CONTEXT ( 'NONE', #5423, 'mechanical' ) ;
#384 = DIRECTION ( 'NONE',  ( 0.000000000000000000, 0.000000000000000000, 1.000000000000000000 ) ) ;
#385 = CARTESIAN_POINT ( 'NONE',  ( -15.74280968497124711, 3.300205011813220679, 484.8000000000001251 ) ) ;
#386 = CARTESIAN_POINT ( 'NONE',  ( 178.8111483402524016, -0.2301139700377272945, 480.0000000000001705 ) ) ;
#387 = VECTOR ( 'NONE', #1598, 1000.000000000000000 ) ;
#388 = AXIS2_PLACEMENT_3D ( 'NONE', #4180, #6816, #4263 ) ;
#389 = LINE ( 'NONE', #5702, #6060 ) ;
#390 = CARTESIAN_POINT ( 'NONE',  ( -17.37649135287117375, -19.86970115434494133, 264.9999999999998863 ) ) ;
#391 = DIRECTION ( 'NONE',  ( -1.000000000000000000, -1.214306433183764966E-16, 0.000000000000000000 ) ) ;
#392 = LINE ( 'NONE', #7636, #4723 ) ;
#393 = AXIS2_PLACEMENT_3D ( 'NONE', #4694, #7926, #3356 ) ;
#394 = FACE_OUTER_BOUND ( 'NONE', #4676, .T. ) ;
#395 = EDGE_CURVE ( 'NONE', #6831, #3462, #3586, .T. ) ;
#396 = CARTESIAN_POINT ( 'NONE',  ( -4.615351563975513827, 11.58002937079928785, 255.7049384386772601 ) ) ;
#397 = VERTEX_POINT ( 'NONE', #7769 ) ;
#398 = VERTEX_POINT ( 'NONE', #4499 ) ;
#399 = CARTESIAN_POINT ( 'NONE',  ( 178.3370220569426579, -0.2895774646977793410, 180.0000000000002274 ) ) ;
#400 = CARTESIAN_POINT ( 'NONE',  ( -3.122629924834370296, 9.076083798946390502, 479.9999999999998863 ) ) ;
#401 = AXIS2_PLACEMENT_3D ( 'NONE', #3884, #1887, #3192 ) ;
#402 = CARTESIAN_POINT ( 'NONE',  ( -12.43038165742820667, 5.348697583769721042, 264.9999999999998863 ) ) ;
#403 = CARTESIAN_POINT ( 'NONE',  ( -25.76538124172387256, -16.22124750115401781, 324.9999999999998863 ) ) ;
#404 = CARTESIAN_POINT ( 'NONE',  ( 119.1768790686635811, -1.889057518485766973, 480.0000000000002274 ) ) ;
#405 = ADVANCED_FACE ( 'NONE', ( #7900 ), #618, .F. ) ;
#406 = VECTOR ( 'NONE', #8506, 1000.000000000000000 ) ;
#407 = VERTEX_POINT ( 'NONE', #6489 ) ;
#408 = CARTESIAN_POINT ( 'NONE',  ( 129.0474599744955242, 7.330320395594376315, 0.000000000000000000 ) ) ;
#409 = CARTESIAN_POINT ( 'NONE',  ( 179.1289439517056792, -0.2897900515761177576, 480.0000000000003411 ) ) ;
#410 = CARTESIAN_POINT ( 'NONE',  ( 9.933685749452852320, -4.818200200273041744, 321.0000000005381366 ) ) ;
#411 = CARTESIAN_POINT ( 'NONE',  ( 179.6805448837741892, -0.3865505938747066383, 484.7999999999992156 ) ) ;
#412 = DIRECTION ( 'NONE',  ( 0.000000000000000000, -1.000000000000000000, 0.000000000000000000 ) ) ;
#413 = CARTESIAN_POINT ( 'NONE',  ( 5.642354724531019272, -2.984103968165806808, 480.0000000000000000 ) ) ;
#414 = CARTESIAN_POINT ( 'NONE',  ( -4.701637284425304486, 29.08361718325792111, 324.9999999999998863 ) ) ;
#415 = EDGE_LOOP ( 'NONE', ( #1332, #7534, #5656, #2124 ) ) ;
#416 = DIRECTION ( 'NONE',  ( 0.8944271909999120806, -0.4472135954999655327, -0.000000000000000000 ) ) ;
#417 = CARTESIAN_POINT ( 'NONE',  ( 171.4385716982216650, -0.07452532768800156082, 484.8000000000001819 ) ) ;
#418 = AXIS2_PLACEMENT_3D ( 'NONE', #2998, #3647, #2310 ) ;
#419 = CARTESIAN_POINT ( 'NONE',  ( 2.608971561588838917, -3.056866839938173097, 0.000000000000000000 ) ) ;
#420 = ORIENTED_EDGE ( 'NONE', *, *, #4155, .T. ) ;
#421 = CARTESIAN_POINT ( 'NONE',  ( 63.11532743188047334, 25.00000000000000000, 574.9999999999997726 ) ) ;
#422 = CARTESIAN_POINT ( 'NONE',  ( -1.505171342511034682, -2.345410297833389279, 479.9999999999995453 ) ) ;
#423 = CARTESIAN_POINT ( 'NONE',  ( 7.842872326143583095, 11.06572657864817799, 479.0499999999994429 ) ) ;
#424 = EDGE_CURVE ( 'NONE', #8473, #5454, #8009, .T. ) ;
#425 = CARTESIAN_POINT ( 'NONE',  ( -60.00000000000000000, 7.500000000000002665, 269.9999999999998863 ) ) ;
#426 = DIRECTION ( 'NONE',  ( -1.000000000000000000, 0.000000000000000000, -0.000000000000000000 ) ) ;
#427 = CARTESIAN_POINT ( 'NONE',  ( -30.69001754460301967, -7.807590339237012067, 264.8788443498496008 ) ) ;
#428 = DIRECTION ( 'NONE',  ( -1.000000000000000000, -1.214306433183764966E-16, 0.000000000000000000 ) ) ;
#429 = CARTESIAN_POINT ( 'NONE',  ( -28.40537873352962350, -12.49999999999999645, 269.6103549668126220 ) ) ;
#430 = DIRECTION ( 'NONE',  ( -1.000000000000000000, 0.000000000000000000, 0.000000000000000000 ) ) ;
#431 = VERTEX_POINT ( 'NONE', #2155 ) ;
#432 = CARTESIAN_POINT ( 'NONE',  ( -12.33332321899002437, 5.801817369703810456, 480.0000000000004547 ) ) ;
#433 = CARTESIAN_POINT ( 'NONE',  ( 178.7639096875396945, -0.3453150842948717325, 479.0500000000000114 ) ) ;
#434 = CYLINDRICAL_SURFACE ( 'NONE', #4545, 2.000000000000006217 ) ;
#435 = AXIS2_PLACEMENT_3D ( 'NONE', #7316, #1400, #4039 ) ;
#436 = CARTESIAN_POINT ( 'NONE',  ( -12.22993303771505147, -0.5290832367186277807, 244.9936852121105630 ) ) ;
#437 = CARTESIAN_POINT ( 'NONE',  ( 174.6429625660058775, -0.1475831293318962123, 480.0000000000001137 ) ) ;
#438 = DIRECTION ( 'NONE',  ( -2.312964634635740689E-15, 0.000000000000000000, 1.000000000000000000 ) ) ;
#439 = CARTESIAN_POINT ( 'NONE',  ( -1.795330629256057353, -12.46530475122297688, 325.6280669508927303 ) ) ;
#440 = DIRECTION ( 'NONE',  ( 0.000000000000000000, 0.000000000000000000, 1.000000000000000000 ) ) ;
#441 = VERTEX_POINT ( 'NONE', #5351 ) ;
#442 = ORIENTED_EDGE ( 'NONE', *, *, #6533, .T. ) ;
#443 = CARTESIAN_POINT ( 'NONE',  ( -15.85323138076929617, 1.707997490226333070, 245.0307339988834485 ) ) ;
#444 = CARTESIAN_POINT ( 'NONE',  ( 18.80728491080234832, 12.48051404408528420, 484.8000000000005230 ) ) ;
#445 = EDGE_CURVE ( 'NONE', #6994, #3694, #4202, .T. ) ;
#446 = CARTESIAN_POINT ( 'NONE',  ( -14.32353616276829733, 4.097258158663338534, 265.0000000000535465 ) ) ;
#447 = CARTESIAN_POINT ( 'NONE',  ( -22.04552516996073308, -18.18129151036152535, 324.9999999999998863 ) ) ;
#448 = CARTESIAN_POINT ( 'NONE',  ( 48.78794633476662312, 13.43669068042785675, 479.9996138637681611 ) ) ;
#449 = VERTEX_POINT ( 'NONE', #2851 ) ;
#450 = CARTESIAN_POINT ( 'NONE',  ( 7.545309585098575411, 11.19785372777429444, 484.8000000000002956 ) ) ;
#451 = CARTESIAN_POINT ( 'NONE',  ( 179.1098431417412939, -0.2866405753291713654, 480.0000000000002842 ) ) ;
#452 = LINE ( 'NONE', #2271, #5226 ) ;
#453 = CARTESIAN_POINT ( 'NONE',  ( 179.5480826296832504, -0.3843627034177751756, 0.000000000000000000 ) ) ;
#454 = B_SPLINE_CURVE_WITH_KNOTS ( 'NONE', 1,
 ( #1863, #2476 ),
 .UNSPECIFIED., .F., .F.,
 ( 2, 2 ),
 ( 0.000000000000000000, 0.3750000000000000000 ),
 .UNSPECIFIED. ) ;
#455 = CARTESIAN_POINT ( 'NONE',  ( 184.9999999999999716, -24.99999999999998579, 575.0000000000000000 ) ) ;
#456 = AXIS2_PLACEMENT_3D ( 'NONE', #2858, #4113, #750 ) ;
#457 = CARTESIAN_POINT ( 'NONE',  ( 25.86436156561570243, -3.841576507908579075, 480.0000000000000000 ) ) ;
#458 = CARTESIAN_POINT ( 'NONE',  ( -12.19847381178856693, 27.11042959043154710, 324.9999999999998863 ) ) ;
#459 = AXIS2_PLACEMENT_3D ( 'NONE', #6621, #7819, #2644 ) ;
#460 = VERTEX_POINT ( 'NONE', #1512 ) ;
#461 = CARTESIAN_POINT ( 'NONE',  ( 9.030512088101705359, 11.24119350575863585, 344.1093969228286369 ) ) ;
#462 = CARTESIAN_POINT ( 'NONE',  ( 177.3304796862705643, -0.2377835618468075451, 480.0000000000002842 ) ) ;
#463 = CARTESIAN_POINT ( 'NONE',  ( 1.095942733761275267, -2.608032609763812015, 480.0000000000003411 ) ) ;
#464 = VERTEX_POINT ( 'NONE', #741 ) ;
#465 = CARTESIAN_POINT ( 'NONE',  ( 97.48415468977107423, 10.81779302312040514, 480.0000000000000000 ) ) ;
#466 = CARTESIAN_POINT ( 'NONE',  ( -1.507465901254644303, -2.342117027563401344, 484.7999999999994998 ) ) ;
#467 = ORIENTED_EDGE ( 'NONE', *, *, #3187, .F. ) ;
#468 = LINE ( 'NONE', #1797, #1014 ) ;
#469 = DIRECTION ( 'NONE',  ( -0.000000000000000000, -0.000000000000000000, -1.000000000000000000 ) ) ;
#470 = CARTESIAN_POINT ( 'NONE',  ( 1.673388886832583244, 11.93600700941877157, 336.4572365795951328 ) ) ;
#471 = CARTESIAN_POINT ( 'NONE',  ( -35.11600534731272916, 7.500000000000522249, 264.9999999999998863 ) ) ;
#472 = CARTESIAN_POINT ( 'NONE',  ( 68.50000000000001421, 3.000000000000000000, 338.9999999999999432 ) ) ;
#473 = CARTESIAN_POINT ( 'NONE',  ( -24.53216141859453359, -12.49999999999999645, 268.8509817008310279 ) ) ;
#474 = CARTESIAN_POINT ( 'NONE',  ( -20.13399970831702390, 12.50000000000000000, 327.6194881107105630 ) ) ;
#475 = ORIENTED_EDGE ( 'NONE', *, *, #2217, .T. ) ;
#476 = AXIS2_PLACEMENT_3D ( 'NONE', #1644, #1048, #8283 ) ;
#477 = CARTESIAN_POINT ( 'NONE',  ( -14.03377766889005152, 4.809137969414130076, 484.8000000000001819 ) ) ;
#478 = CARTESIAN_POINT ( 'NONE',  ( 178.4279640076456701, -0.2841968400663320016, 479.0500000000000114 ) ) ;
#479 = EDGE_CURVE ( 'NONE', #712, #272, #8152, .T. ) ;
#480 = CARTESIAN_POINT ( 'NONE',  ( -33.64451037336850447, -12.49999999999999822, 269.9999999999998295 ) ) ;
#481 = CARTESIAN_POINT ( 'NONE',  ( -7.354407689272501436, -1.662976145087720958, 265.0000000000089244 ) ) ;
#482 = CARTESIAN_POINT ( 'NONE',  ( -60.00000000000000000, 0.000000000000000000, 0.000000000000000000 ) ) ;
#483 = ADVANCED_FACE ( 'NONE', ( #4150 ), #7362, .T. ) ;
#484 = CARTESIAN_POINT ( 'NONE',  ( 137.6222496684275711, -0.9030197523025463857, 434.0000000000002842 ) ) ;
#485 = CARTESIAN_POINT ( 'NONE',  ( 7.554853596219979650, -3.358665458554717098, 278.1350884369113601 ) ) ;
#486 = FACE_OUTER_BOUND ( 'NONE', #6058, .T. ) ;
#487 = VERTEX_POINT ( 'NONE', #1597 ) ;
#488 = ADVANCED_FACE ( 'NONE', ( #6005 ), #5486, .F. ) ;
#489 = ORIENTED_EDGE ( 'NONE', *, *, #7009, .F. ) ;
#490 = CARTESIAN_POINT ( 'NONE',  ( -18.37696410598900698, -9.636186714567328337, 327.2938407514275809 ) ) ;
#491 = CARTESIAN_POINT ( 'NONE',  ( 179.3410758159251657, -0.3607941740888547244, 180.0000000000000568 ) ) ;
#492 = CARTESIAN_POINT ( 'NONE',  ( 18.81960269152234488, 12.47689290710999899, 480.0000000000004547 ) ) ;
#493 = CARTESIAN_POINT ( 'NONE',  ( -14.47866398564919166, 3.968225250669992654, 264.9999999999819238 ) ) ;
#494 = EDGE_CURVE ( 'NONE', #7815, #3287, #173, .T. ) ;
#495 = CARTESIAN_POINT ( 'NONE',  ( -13.29891567975433020, -0.1365397112582317218, 344.9951700010652189 ) ) ;
#496 = B_SPLINE_CURVE_WITH_KNOTS ( 'NONE', 3,
 ( #7901, #5877, #7939, #5353 ),
 .UNSPECIFIED., .F., .F.,
 ( 4, 4 ),
 ( 9.382352591616782827E-17, 0.0003027164442172324086 ),
 .UNSPECIFIED. ) ;
#497 = CARTESIAN_POINT ( 'NONE',  ( 145.5428991962406258, -0.5402148793678149818, 480.0000000000000000 ) ) ;
#498 = VERTEX_POINT ( 'NONE', #7381 ) ;
#499 = CARTESIAN_POINT ( 'NONE',  ( 22.57586661410852003, 12.75416367618679381, 484.7999999999999545 ) ) ;
#500 = EDGE_CURVE ( 'NONE', #786, #4879, #8047, .T. ) ;
#501 = B_SPLINE_CURVE_WITH_KNOTS ( 'NONE', 3,
 ( #3980, #3939, #5876, #6570, #7938 ),
 .UNSPECIFIED., .F., .F.,
 ( 4, 1, 4 ),
 ( 0.000000000000000000, 0.005157539319817132893, 0.005500884174792783701 ),
 .UNSPECIFIED. ) ;
#502 = CARTESIAN_POINT ( 'NONE',  ( 177.4655210255767201, 0.03112513564933465718, 479.9999999999996589 ) ) ;
#503 = CARTESIAN_POINT ( 'NONE',  ( 63.80486844985845352, 16.00000000000000000, 549.9999999999998863 ) ) ;
#504 = CARTESIAN_POINT ( 'NONE',  ( 179.2441865832774681, -0.3084719051041991955, 484.7999999999998977 ) ) ;
#505 = CARTESIAN_POINT ( 'NONE',  ( 1.926338279300666256, 9.916801187671921980, 245.0240050587673579 ) ) ;
#506 = CARTESIAN_POINT ( 'NONE',  ( -9.716442654135732937, 27.83996951858427593, 324.9999999999998863 ) ) ;
#507 = ORIENTED_EDGE ( 'NONE', *, *, #987, .F. ) ;
#508 = CARTESIAN_POINT ( 'NONE',  ( 142.8048684498582190, -16.00000000000000000, 549.9999999999998863 ) ) ;
#509 = CARTESIAN_POINT ( 'NONE',  ( 179.4163311735762818, -0.3741274380531842692, 0.000000000000000000 ) ) ;
#510 = ADVANCED_FACE ( 'NONE', ( #93 ), #7999, .T. ) ;
#511 = CARTESIAN_POINT ( 'NONE',  ( -0.2073977378859176712, -2.478977691929240113, 484.7999999999998977 ) ) ;
#512 = EDGE_LOOP ( 'NONE', ( #8122, #5624, #3764, #2235, #3933, #7563, #6402, #2025 ) ) ;
#513 = CARTESIAN_POINT ( 'NONE',  ( 114.2000916076092238, 8.983259334396406004, 479.0500000000002387 ) ) ;
#514 = CARTESIAN_POINT ( 'NONE',  ( -11.17365644366058852, -0.7462805817418287635, 484.8000000000001251 ) ) ;
#515 = CARTESIAN_POINT ( 'NONE',  ( 171.9357754408380856, 15.98863689914002606, 549.9999999999998863 ) ) ;
#516 = CARTESIAN_POINT ( 'NONE',  ( -35.11600534731699952, 12.50000000000000178, 269.9999999999998295 ) ) ;
#517 = ADVANCED_FACE ( 'NONE', ( #8021 ), #4886, .F. ) ;
#518 = CARTESIAN_POINT ( 'NONE',  ( 68.50000000000001421, -3.953551804602113862, 338.9999999999999432 ) ) ;
#519 = CARTESIAN_POINT ( 'NONE',  ( 140.8048684498582190, -18.00000000000000355, 549.9999999999998863 ) ) ;
#520 = EDGE_CURVE ( 'NONE', #4293, #6513, #4105, .T. ) ;
#521 = CARTESIAN_POINT ( 'NONE',  ( -11.80136668324042226, -0.5769632035301655026, 479.9999999999999432 ) ) ;
#522 = LINE ( 'NONE', #2461, #1012 ) ;
#523 = CARTESIAN_POINT ( 'NONE',  ( -18.69200507880884388, 12.50000000000000178, 324.7770548140109668 ) ) ;
#524 = ORIENTED_EDGE ( 'NONE', *, *, #4900, .T. ) ;
#525 = CARTESIAN_POINT ( 'NONE',  ( -10.36390338139975675, 6.728540965846541155, 479.9999999999998863 ) ) ;
#526 = CARTESIAN_POINT ( 'NONE',  ( 179.4366512487684986, -0.3413099600247871956, 479.9999999999991473 ) ) ;
#527 = CARTESIAN_POINT ( 'NONE',  ( -23.25180348065255842, -12.49999999999999822, 268.5467317529805769 ) ) ;
#528 = CARTESIAN_POINT ( 'NONE',  ( -6.607208793129856872, -1.800245114839165828, 244.9887629342728985 ) ) ;
#529 = EDGE_CURVE ( 'NONE', #7556, #7058, #619, .T. ) ;
#530 = LINE ( 'NONE', #4497, #890 ) ;
#531 = B_SPLINE_CURVE_WITH_KNOTS ( 'NONE', 3,
 ( #275, #4353, #1715, #429, #6992, #473, #3106, #2170, #7439, #4164, #230, #4208, #5542, #568, #7248, #7890, #3318, #3845 ),
 .UNSPECIFIED., .F., .F.,
 ( 4, 2, 2, 2, 2, 2, 2, 2, 4 ),
 ( 0.000000000000000000, 0.003936149500940475630, 0.007872299001880951261, 0.01180844850282142602, 0.01574459800376190252, 0.01968074750470237902, 0.02361689700564285205, 0.02755304650658332855, 0.03148919600752380504 ),
 .UNSPECIFIED. ) ;
#532 = DIRECTION ( 'NONE',  ( -2.040034807748725143E-13, 1.000000000000000000, 0.000000000000000000 ) ) ;
#533 = EDGE_CURVE ( 'NONE', #371, #6659, #2451, .T. ) ;
#534 = CARTESIAN_POINT ( 'NONE',  ( -49.99999999999999289, 6.999999999999988454, 293.5999999999999091 ) ) ;
#535 = VECTOR ( 'NONE', #3986, 1000.000000000000000 ) ;
#536 = CARTESIAN_POINT ( 'NONE',  ( 1.930540567074971348, 11.92258269692733208, 253.6619485196947608 ) ) ;
#537 = EDGE_LOOP ( 'NONE', ( #7308, #2447, #6984, #2811 ) ) ;
#538 = VERTEX_POINT ( 'NONE', #824 ) ;
#539 = CARTESIAN_POINT ( 'NONE',  ( -16.99923612331637912, -9.771031284122269511, 327.4991799107030488 ) ) ;
#540 = CIRCLE ( 'NONE', #2458, 9.999999999999998224 ) ;
#541 = DIRECTION ( 'NONE',  ( 0.000000000000000000, 0.000000000000000000, -1.000000000000000000 ) ) ;
#542 = CARTESIAN_POINT ( 'NONE',  ( -13.47215274747598279, 5.162278072005647367, 480.0000000000001705 ) ) ;
#543 = CARTESIAN_POINT ( 'NONE',  ( -14.30059731284201341, 4.069014855603549030, 245.0364432091480182 ) ) ;
#544 = CARTESIAN_POINT ( 'NONE',  ( -1.100051224919317061, -2.490342113454695916, 325.0000000000000000 ) ) ;
#545 = CARTESIAN_POINT ( 'NONE',  ( 153.1975202241331999, -0.2720268787690488521, 480.0020631981929569 ) ) ;
#546 = EDGE_CURVE ( 'NONE', #3161, #7859, #783, .T. ) ;
#547 = ORIENTED_EDGE ( 'NONE', *, *, #4124, .T. ) ;
#548 = CARTESIAN_POINT ( 'NONE',  ( -1.854136707429091757, 9.387342469808674039, 480.0000000000001137 ) ) ;
#549 = CARTESIAN_POINT ( 'NONE',  ( 170.8688789245038890, 1.340684969138052018, 480.0000000000000000 ) ) ;
#550 = CARTESIAN_POINT ( 'NONE',  ( 120.9932936199123645, -1.784842463690856640, 480.0000000000000000 ) ) ;
#551 = CARTESIAN_POINT ( 'NONE',  ( 178.3318983316439699, -0.1491705515324701081, 479.9999999999998863 ) ) ;
#552 = CIRCLE ( 'NONE', #4680, 8.000000000000001776 ) ;
#553 = CARTESIAN_POINT ( 'NONE',  ( -11.60313098142539978, 5.754162990710518955, 245.0320153717134701 ) ) ;
#554 = CARTESIAN_POINT ( 'NONE',  ( -24.54065305541840658, 21.54821005085527119, 325.0000000000000568 ) ) ;
#555 = EDGE_LOOP ( 'NONE', ( #7670, #5753, #4389, #1341 ) ) ;
#556 = CARTESIAN_POINT ( 'NONE',  ( -16.00591751620202530, 2.948708766438778106, 480.0000000000002274 ) ) ;
#557 = CARTESIAN_POINT ( 'NONE',  ( 179.6749685898023472, -0.3861761184702209304, 479.9999999999992610 ) ) ;
#558 = CARTESIAN_POINT ( 'NONE',  ( 132.3092528716824461, -1.156614488275884423, 480.0000000000006821 ) ) ;
#559 = ORIENTED_EDGE ( 'NONE', *, *, #2353, .F. ) ;
#560 = CARTESIAN_POINT ( 'NONE',  ( 6.848377066155970638, 24.99999999999999289, 575.0000000000000000 ) ) ;
#561 = CARTESIAN_POINT ( 'NONE',  ( -5.395762043529284568, -1.853783416960951946, 479.9999999999996021 ) ) ;
#562 = VERTEX_POINT ( 'NONE', #4967 ) ;
#563 = CARTESIAN_POINT ( 'NONE',  ( 13.18258900499396979, 11.89450070430799222, 480.0000000000000000 ) ) ;
#564 = CARTESIAN_POINT ( 'NONE',  ( -15.76574975476843399, 1.138510833015198509, 480.0004941745069118 ) ) ;
#565 = FACE_OUTER_BOUND ( 'NONE', #3008, .T. ) ;
#566 = CARTESIAN_POINT ( 'NONE',  ( 168.3227864277240542, -0.07994941822546303145, 0.000000000000000000 ) ) ;
#567 = CARTESIAN_POINT ( 'NONE',  ( -14.77797644576511438, 0.4843874726529577845, 484.8000000000005230 ) ) ;
#568 = CARTESIAN_POINT ( 'NONE',  ( -9.035407612775754771, -12.49999999999999645, 265.7256004187728422 ) ) ;
#569 = CARTESIAN_POINT ( 'NONE',  ( 2.772459622320846861, 12.50000000000000178, 334.4142044972726353 ) ) ;
#570 = ORIENTED_EDGE ( 'NONE', *, *, #5577, .F. ) ;
#571 = CARTESIAN_POINT ( 'NONE',  ( -15.06641030865099928, 4.009126210267029755, 484.8000000000005798 ) ) ;
#572 = CARTESIAN_POINT ( 'NONE',  ( 213.3840496208111404, 5.450432263230484686, 575.0000000000000000 ) ) ;
#573 = CARTESIAN_POINT ( 'NONE',  ( 184.9999999999999716, -24.99999999999998579, 575.0000000000000000 ) ) ;
#574 = EDGE_CURVE ( 'NONE', #4030, #6357, #5022, .T. ) ;
#575 = CARTESIAN_POINT ( 'NONE',  ( 5.898384547493980889, -3.139590876951943166, 264.9999999998577778 ) ) ;
#576 = PLANE ( 'NONE',  #6242 ) ;
#577 = LINE ( 'NONE', #1858, #1437 ) ;
#578 = CARTESIAN_POINT ( 'NONE',  ( 41.33331492649166705, -4.140470822737907675, 318.9999999999999432 ) ) ;
#579 = ORIENTED_EDGE ( 'NONE', *, *, #1337, .F. ) ;
#580 = ORIENTED_EDGE ( 'NONE', *, *, #6661, .F. ) ;
#581 = CARTESIAN_POINT ( 'NONE',  ( -13.00776513822584590, -12.49999999999999822, 323.6821560546170531 ) ) ;
#582 = CARTESIAN_POINT ( 'NONE',  ( 154.0000000000000000, 0.000000000000000000, 519.9999999999998863 ) ) ;
#583 = CARTESIAN_POINT ( 'NONE',  ( -14.73811153846195765, 3.029975201025340237, 0.000000000000000000 ) ) ;
#584 = DIRECTION ( 'NONE',  ( 0.000000000000000000, 0.000000000000000000, 1.000000000000000000 ) ) ;
#585 = CARTESIAN_POINT ( 'NONE',  ( -15.37520087258124057, 3.062149920641148437, 264.9999999999864144 ) ) ;
#586 = CARTESIAN_POINT ( 'NONE',  ( -6.985802593575996866, -1.692283344221245711, 325.0000000000089244 ) ) ;
#587 = CARTESIAN_POINT ( 'NONE',  ( 169.0000000000000000, 14.22106106644589474, 549.9999999999998863 ) ) ;
#588 = ORIENTED_EDGE ( 'NONE', *, *, #2017, .T. ) ;
#589 = CARTESIAN_POINT ( 'NONE',  ( 14.43520232316378049, 11.56592333184330812, 0.000000000000000000 ) ) ;
#590 = CARTESIAN_POINT ( 'NONE',  ( 176.4274267913110634, 0.2549798538749673549, 479.9999999999996021 ) ) ;
#591 = CARTESIAN_POINT ( 'NONE',  ( 0.7397886009783117833, 12.23022529495807120, 335.3338441407848904 ) ) ;
#592 = CARTESIAN_POINT ( 'NONE',  ( 179.0143533623989072, -0.2708056270297092283, 479.9999999999998863 ) ) ;
#593 = EDGE_CURVE ( 'NONE', #3992, #8226, #1017, .T. ) ;
#594 = CARTESIAN_POINT ( 'NONE',  ( 10.27571215888064238, -3.056963814843948857, 479.0499999999998977 ) ) ;
#595 = CARTESIAN_POINT ( 'NONE',  ( -16.02731193468886417, 2.247770646532106564, 345.0410725985386193 ) ) ;
#596 = CARTESIAN_POINT ( 'NONE',  ( -7.011963821571867150, 7.836977641848799969, 479.0500000000000114 ) ) ;
#597 = CARTESIAN_POINT ( 'NONE',  ( 178.9205212266232081, -0.3304640621708436199, 479.9999999999992610 ) ) ;
#598 = CARTESIAN_POINT ( 'NONE',  ( 173.2560381169402319, -0.1227740179349057076, 0.000000000000000000 ) ) ;
#599 = EDGE_CURVE ( 'NONE', #7013, #8141, #2400, .T. ) ;
#600 = LINE ( 'NONE', #8483, #8470 ) ;
#601 = CARTESIAN_POINT ( 'NONE',  ( 166.2303651217159199, -0.07835411543026014891, -0.000000000000000000 ) ) ;
#602 = ORIENTED_EDGE ( 'NONE', *, *, #1843, .T. ) ;
#603 = CARTESIAN_POINT ( 'NONE',  ( -60.00000000000000000, -5.551115123125782702E-14, 289.4000000000000341 ) ) ;
#604 = CARTESIAN_POINT ( 'NONE',  ( 179.6217601365554515, -0.3840612319073073433, 434.0000000000000568 ) ) ;
#605 = CARTESIAN_POINT ( 'NONE',  ( -16.16674049731147633, 2.683738028704603096, 480.0009570718885357 ) ) ;
#606 = DIRECTION ( 'NONE',  ( 0.000000000000000000, 0.000000000000000000, -1.000000000000000000 ) ) ;
#607 = CARTESIAN_POINT ( 'NONE',  ( -10.53956819402852929, -0.9049651591802158057, 484.7999999999998977 ) ) ;
#608 = LINE ( 'NONE', #7802, #2389 ) ;
#609 = CARTESIAN_POINT ( 'NONE',  ( -12.17298895075649767, 12.50000000000000178, 328.0064290710669752 ) ) ;
#610 = ORIENTED_EDGE ( 'NONE', *, *, #1587, .F. ) ;
#611 = CARTESIAN_POINT ( 'NONE',  ( -16.26680833995730779, 2.482628477546126700, 480.0000000000005116 ) ) ;
#612 = CARTESIAN_POINT ( 'NONE',  ( 177.8089784167196115, -0.03149458118114541183, 479.9999999999992042 ) ) ;
#613 = AXIS2_PLACEMENT_3D ( 'NONE', #8, #6441, #1856 ) ;
#614 = CARTESIAN_POINT ( 'NONE',  ( -20.70396258935454981, -9.321115590162383668, 263.0937166937262646 ) ) ;
#615 = CARTESIAN_POINT ( 'NONE',  ( 8.274047816820491619, -3.309260439115779384, 244.9866619409919508 ) ) ;
#616 = CARTESIAN_POINT ( 'NONE',  ( 46.00000000000000711, 7.999999999999992895, 4.000000000000000000 ) ) ;
#617 = FACE_BOUND ( 'NONE', #1528, .T. ) ;
#618 = PLANE ( 'NONE',  #2951 ) ;
#619 = CIRCLE ( 'NONE', #199, 20.00000000000001776 ) ;
#620 = CARTESIAN_POINT ( 'NONE',  ( 13.18258900499396979, 11.89450070430799222, 480.0000000000000000 ) ) ;
#621 = ORIENTED_EDGE ( 'NONE', *, *, #1735, .T. ) ;
#622 = ADVANCED_FACE ( 'NONE', ( #304 ), #6990, .T. ) ;
#623 = ORIENTED_EDGE ( 'NONE', *, *, #6608, .F. ) ;
#624 = CARTESIAN_POINT ( 'NONE',  ( -22.80928312094681232, -12.50000000000000000, 325.3931386814526263 ) ) ;
#625 = B_SPLINE_CURVE_WITH_KNOTS ( 'NONE', 3,
 ( #81, #5991, #6727, #810, #3965, #6687, #5428 ),
 .UNSPECIFIED., .F., .F.,
 ( 4, 1, 1, 1, 4 ),
 ( 0.8504866054547431942, 0.8576791725988892612, 0.8814573644677696773, 0.9039286721297601357, 0.9076406900090270291 ),
 .UNSPECIFIED. ) ;
#626 = LINE ( 'NONE', #665, #7027 ) ;
#627 = CARTESIAN_POINT ( 'NONE',  ( -16.27800144591676101, 2.482195040433127442, 484.8000000000005798 ) ) ;
#628 = CARTESIAN_POINT ( 'NONE',  ( 135.5977691358189929, 6.501780541399247326, 0.000000000000000000 ) ) ;
#629 = CARTESIAN_POINT ( 'NONE',  ( -15.88853682966476022, 1.743945205742327476, 264.9999999999820375 ) ) ;
#630 = CARTESIAN_POINT ( 'NONE',  ( 9.462826331508523481, -3.312811818638758954, 344.9866469141653624 ) ) ;
#631 = CARTESIAN_POINT ( 'NONE',  ( -35.53218138118367619, -2.691827352884974101, 324.9999999999998863 ) ) ;
#632 = ORIENTED_EDGE ( 'NONE', *, *, #8393, .T. ) ;
#633 = CARTESIAN_POINT ( 'NONE',  ( 100.0568627815427618, 10.59107914445232979, 480.0000000000000568 ) ) ;
#634 = EDGE_CURVE ( 'NONE', #3790, #5605, #2325, .T. ) ;
#635 = CARTESIAN_POINT ( 'NONE',  ( 174.2282262401261903, 0.6855497064799302986, 0.000000000000000000 ) ) ;
#636 = CARTESIAN_POINT ( 'NONE',  ( 92.66000692198279864, -3.276590652148168470, 480.0037410334942933 ) ) ;
#637 = CARTESIAN_POINT ( 'NONE',  ( 174.2282262401261903, 0.6855497064799302986, 0.000000000000000000 ) ) ;
#638 = LINE ( 'NONE', #5895, #8375 ) ;
#639 = CARTESIAN_POINT ( 'NONE',  ( -15.68481170423127402, 2.921944435394975503, 345.0398791596588239 ) ) ;
#640 = CARTESIAN_POINT ( 'NONE',  ( -16.33458084631650209, 1.999382177506924263, 479.9999999999999432 ) ) ;
#641 = CARTESIAN_POINT ( 'NONE',  ( 179.1529970432456764, -0.3517692279230831276, 0.000000000000000000 ) ) ;
#642 = B_SPLINE_CURVE_WITH_KNOTS ( 'NONE', 3,
 ( #6002, #6486, #6204, #4691, #6854, #8134, #8178, #7321 ),
 .UNSPECIFIED., .F., .F.,
 ( 4, 1, 1, 1, 1, 4 ),
 ( 0.3176328308212379992, 0.3235439820415931811, 0.3465469936413138052, 0.3684957788645442656, 0.3892104602545716774, 0.3921532721216312023 ),
 .UNSPECIFIED. ) ;
#643 = CARTESIAN_POINT ( 'NONE',  ( 173.7926120247297774, -0.1216067574241290472, 480.0000000000001705 ) ) ;
#644 = PLANE ( 'NONE',  #1446 ) ;
#645 = CARTESIAN_POINT ( 'NONE',  ( 83.55203677180283250, -3.583123706565781941, 480.0000000000002274 ) ) ;
#646 = LINE ( 'NONE', #5172, #5696 ) ;
#647 = CARTESIAN_POINT ( 'NONE',  ( -3.234236132084055804, -2.152948662945761260, 480.0000165773636809 ) ) ;
#648 = CARTESIAN_POINT ( 'NONE',  ( 179.4576485405900996, -0.3470551430500146139, 180.0000000000000568 ) ) ;
#649 = LINE ( 'NONE', #5215, #1070 ) ;
#650 = CARTESIAN_POINT ( 'NONE',  ( -14.27681197132894120, 0.2612123839635183131, 479.9999999999994316 ) ) ;
#651 = CARTESIAN_POINT ( 'NONE',  ( 9.399623537519191885, 11.25558100290319707, 325.0000000001061267 ) ) ;
#652 = FACE_OUTER_BOUND ( 'NONE', #6873, .T. ) ;
#653 = ORIENTED_EDGE ( 'NONE', *, *, #5387, .F. ) ;
#654 = CARTESIAN_POINT ( 'NONE',  ( 179.2594001345486276, -0.3112247341639075016, 479.9999999999998863 ) ) ;
#655 = CARTESIAN_POINT ( 'NONE',  ( 178.7067724905249690, -0.2101257756767480611, 480.0000000000010232 ) ) ;
#656 = CARTESIAN_POINT ( 'NONE',  ( 1.239225848184919432, -2.763561551792610871, 264.9999999999999432 ) ) ;
#657 = DIRECTION ( 'NONE',  ( 0.000000000000000000, 0.000000000000000000, 1.000000000000000000 ) ) ;
#658 = CARTESIAN_POINT ( 'NONE',  ( -27.01975317223417861, -0.4063160304696958325, 549.9999999999998863 ) ) ;
#659 = DIRECTION ( 'NONE',  ( 0.000000000000000000, 0.000000000000000000, -1.000000000000000000 ) ) ;
#660 = CARTESIAN_POINT ( 'NONE',  ( 175.1560355434415897, 0.5138764795815342623, 479.9998113511587121 ) ) ;
#661 = ORIENTED_EDGE ( 'NONE', *, *, #800, .F. ) ;
#662 = VECTOR ( 'NONE', #2850, 1000.000000000000000 ) ;
#663 = ORIENTED_EDGE ( 'NONE', *, *, #5098, .T. ) ;
#664 = CARTESIAN_POINT ( 'NONE',  ( 146.1613474286119470, -0.5164253274445114172, 480.0000000000004547 ) ) ;
#665 = CARTESIAN_POINT ( 'NONE',  ( 62.49999999999999289, 3.000000000000000000, 303.9999999999998863 ) ) ;
#666 = CARTESIAN_POINT ( 'NONE',  ( -12.72381554052461361, 4.664734990606904219, 0.000000000000000000 ) ) ;
#667 = CARTESIAN_POINT ( 'NONE',  ( -49.99999999999999289, 6.999999999999988454, 296.3999999999999204 ) ) ;
#668 = ADVANCED_FACE ( 'NONE', ( #6871 ), #4352, .F. ) ;
#669 = CARTESIAN_POINT ( 'NONE',  ( -31.60922093404799327, 14.69470695703520136, 264.9999999999998295 ) ) ;
#670 = CARTESIAN_POINT ( 'NONE',  ( -7.482992924703576243, -1.607296790848734558, 324.9999999999909619 ) ) ;
#671 = CARTESIAN_POINT ( 'NONE',  ( 14.47040767720632282, -3.571905504447500768, 344.9866661721448509 ) ) ;
#672 = ORIENTED_EDGE ( 'NONE', *, *, #3280, .T. ) ;
#673 = CARTESIAN_POINT ( 'NONE',  ( -8.142932773706807126, 7.592386243149327640, 484.8000000000004093 ) ) ;
#674 = B_SPLINE_SURFACE_WITH_KNOTS ( 'NONE', 3, 1, ( 
 ( #2938, #8200, #1640 ),
 ( #4279, #6920, #5659 ),
 ( #8495, #5183, #7807 ),
 ( #6393, #8365, #2593 ),
 ( #3111, #3891, #2467 ),
 ( #3850, #5224, #573 ) ),
 .UNSPECIFIED., .F., .F., .F.,
 ( 4, 1, 1, 4 ),
 ( 2, 1, 2 ),
 ( 0.000000000000000000, 0.1886522377984299059, 0.8489103391409993371, 1.000000000000000000 ),
 ( -0.01000000000000000021, 0.000000000000000000, 1.000000000000000000 ),
 .UNSPECIFIED. ) ;
#675 = CARTESIAN_POINT ( 'NONE',  ( 175.7282835823621951, 0.3988023927064961449, 484.8000000000002956 ) ) ;
#676 = CARTESIAN_POINT ( 'NONE',  ( -15.59950102557813345, -12.49999999999999822, 323.2319818303387251 ) ) ;
#677 = CARTESIAN_POINT ( 'NONE',  ( 178.9360417254443973, -0.2576496270405531641, 484.7999999999998977 ) ) ;
#678 = EDGE_CURVE ( 'NONE', #5605, #6316, #346, .T. ) ;
#679 = CARTESIAN_POINT ( 'NONE',  ( 34.92950548548046186, -3.991727761287586329, 480.0006613128086883 ) ) ;
#680 = CARTESIAN_POINT ( 'NONE',  ( -15.34955099258838551, 3.273221297843877498, 324.9999999999822080 ) ) ;
#681 = CARTESIAN_POINT ( 'NONE',  ( -39.56706353833042300, -8.960829697851281139, 575.0000000000000000 ) ) ;
#682 = CARTESIAN_POINT ( 'NONE',  ( 179.6578906574508210, -0.3810917560862054909, 479.9999999999998295 ) ) ;
#683 = CARTESIAN_POINT ( 'NONE',  ( 97.42012990650121651, 10.62182601708778940, 0.000000000000000000 ) ) ;
#684 = CARTESIAN_POINT ( 'NONE',  ( 110.8828355312570721, -2.532755558739461677, 0.000000000000000000 ) ) ;
#685 = DIRECTION ( 'NONE',  ( 0.000000000000000000, 0.000000000000000000, -1.000000000000000000 ) ) ;
#686 = CARTESIAN_POINT ( 'NONE',  ( -15.84706008109117192, 1.212047642337737541, 479.9979939715014439 ) ) ;
#687 = CARTESIAN_POINT ( 'NONE',  ( -0.8813154473210280671, 12.50000000000000178, 331.9096560422399875 ) ) ;
#688 = CARTESIAN_POINT ( 'NONE',  ( 0.7517092625835420927, 12.22047404437035567, 274.9995570487809573 ) ) ;
#689 = CARTESIAN_POINT ( 'NONE',  ( -15.15491253764878010, 0.6966950364046660127, 480.0000000000000000 ) ) ;
#690 = CIRCLE ( 'NONE', #2331, 2.000000000000001776 ) ;
#691 = DIRECTION ( 'NONE',  ( -0.000000000000000000, -0.000000000000000000, -1.000000000000000000 ) ) ;
#692 = LINE ( 'NONE', #2674, #4338 ) ;
#693 = VERTEX_POINT ( 'NONE', #2933 ) ;
#694 = CARTESIAN_POINT ( 'NONE',  ( 179.5799607078864426, -0.3865061501174010816, 480.0000000000000000 ) ) ;
#695 = CARTESIAN_POINT ( 'NONE',  ( 212.9844116024985112, 6.020797071695964675, 574.9999999999998863 ) ) ;
#696 = EDGE_CURVE ( 'NONE', #8350, #6145, #3365, .T. ) ;
#697 = EDGE_CURVE ( 'NONE', #6233, #7038, #3705, .T. ) ;
#698 = CARTESIAN_POINT ( 'NONE',  ( -59.00000000000000000, -7.499999999999999112, 269.9999999999998863 ) ) ;
#699 = DIRECTION ( 'NONE',  ( -1.000000000000000000, 0.000000000000000000, 0.000000000000000000 ) ) ;
#700 = CARTESIAN_POINT ( 'NONE',  ( -15.46321662422502463, 3.203516426440763176, 345.0391272013758339 ) ) ;
#701 = CARTESIAN_POINT ( 'NONE',  ( 34.92950548548044054, -4.076663249259107502, 342.9999999999999432 ) ) ;
#702 = CARTESIAN_POINT ( 'NONE',  ( 173.0065881966704922, 0.9369105368851943227, 480.0035691349390845 ) ) ;
#703 = VERTEX_POINT ( 'NONE', #6345 ) ;
#704 = ORIENTED_EDGE ( 'NONE', *, *, #4920, .T. ) ;
#705 = CARTESIAN_POINT ( 'NONE',  ( 143.6297269594919896, -0.6211446336000946422, 480.0000000000000000 ) ) ;
#706 = CARTESIAN_POINT ( 'NONE',  ( 179.1631733028981159, -0.2959041423797006409, 434.0000000000001137 ) ) ;
#707 = CARTESIAN_POINT ( 'NONE',  ( 98.70851417315519427, 10.51026572595697317, 0.000000000000000000 ) ) ;
#708 = CARTESIAN_POINT ( 'NONE',  ( -15.86832491532655354, 1.844268717073305641, 245.0342055528778360 ) ) ;
#709 = CARTESIAN_POINT ( 'NONE',  ( -7.726456451445371520, -1.564302379299394419, 324.9999999999998863 ) ) ;
#710 = PLANE ( 'NONE',  #728 ) ;
#711 = ORIENTED_EDGE ( 'NONE', *, *, #4439, .T. ) ;
#712 = VERTEX_POINT ( 'NONE', #6387 ) ;
#713 = CARTESIAN_POINT ( 'NONE',  ( -3.064312150502369381, 8.445467503663943276, 0.000000000000000000 ) ) ;
#714 = EDGE_CURVE ( 'NONE', #6712, #4553, #2285, .T. ) ;
#715 = ORIENTED_EDGE ( 'NONE', *, *, #1658, .F. ) ;
#716 = CARTESIAN_POINT ( 'NONE',  ( 58.62773231547202357, 12.92864184727463339, -0.000000000000000000 ) ) ;
#717 = CARTESIAN_POINT ( 'NONE',  ( -2.475004693314782678, -12.49999999999999822, 324.8898947101527597 ) ) ;
#718 = CARTESIAN_POINT ( 'NONE',  ( 178.6509928305549693, -0.2080843563998996115, 480.0000000000001137 ) ) ;
#719 = AXIS2_PLACEMENT_3D ( 'NONE', #698, #5311, #7295 ) ;
#720 = CARTESIAN_POINT ( 'NONE',  ( -13.49890478352671330, 4.233246216610701218, 0.000000000000000000 ) ) ;
#721 = CARTESIAN_POINT ( 'NONE',  ( -14.65035002215513060, 4.016226648253318210, 345.0371207114461072 ) ) ;
#722 = CARTESIAN_POINT ( 'NONE',  ( -39.89501232885625370, 8.746720816119431419, 575.0000000000000000 ) ) ;
#723 = CARTESIAN_POINT ( 'NONE',  ( 179.6546130106197836, -0.3903059502528021252, 0.000000000000000000 ) ) ;
#724 = CARTESIAN_POINT ( 'NONE',  ( 179.6675918070775424, -0.3897966095237011541, 479.9999999999989768 ) ) ;
#725 = ADVANCED_FACE ( 'NONE', ( #8317 ), #3105, .F. ) ;
#726 = CARTESIAN_POINT ( 'NONE',  ( 21.70553239848458560, 12.54836240392214819, 479.0500000000001251 ) ) ;
#727 = CARTESIAN_POINT ( 'NONE',  ( 83.41125060206313435, -3.799612411080438346, 0.000000000000000000 ) ) ;
#728 = AXIS2_PLACEMENT_3D ( 'NONE', #2035, #1438, #3337 ) ;
#729 = DIRECTION ( 'NONE',  ( 2.185478394931409835E-16, 0.000000000000000000, 1.000000000000000000 ) ) ;
#730 = VECTOR ( 'NONE', #6155, 1000.000000000000000 ) ;
#731 = DIRECTION ( 'NONE',  ( -0.3140132837532982335, 0.9494185892568517415, 0.000000000000000000 ) ) ;
#732 = DIRECTION ( 'NONE',  ( 1.000000000000000000, 0.000000000000000000, 0.000000000000000000 ) ) ;
#733 = CARTESIAN_POINT ( 'NONE',  ( 111.1477477560874974, -2.354854627611102202, 484.8000000000001819 ) ) ;
#734 = CARTESIAN_POINT ( 'NONE',  ( -9.054253471490952165, 12.49999999999926814, 331.5225637870215678 ) ) ;
#735 = ORIENTED_EDGE ( 'NONE', *, *, #3842, .T. ) ;
#736 = CARTESIAN_POINT ( 'NONE',  ( -14.73811153846195765, 3.029975201025340237, 0.000000000000000000 ) ) ;
#737 = CARTESIAN_POINT ( 'NONE',  ( 212.9872591851317338, 6.017018380610054784, 574.9999999999998863 ) ) ;
#738 = CARTESIAN_POINT ( 'NONE',  ( 4.719947240813047173, -3.067332220393462983, 244.9867830297799571 ) ) ;
#739 = LINE ( 'NONE', #3449, #5708 ) ;
#740 = FACE_BOUND ( 'NONE', #190, .T. ) ;
#741 = CARTESIAN_POINT ( 'NONE',  ( 63.80486844985845352, 18.00000000000000355, 549.9999999999998863 ) ) ;
#742 = LINE ( 'NONE', #4020, #5627 ) ;
#743 = ORIENTED_EDGE ( 'NONE', *, *, #262, .T. ) ;
#744 = B_SPLINE_CURVE_WITH_KNOTS ( 'NONE', 3,
 ( #6633, #4772, #2088, #2743, #1447, #3303, #720, #7275, #4729, #6716 ),
 .UNSPECIFIED., .F., .F.,
 ( 4, 1, 1, 1, 1, 1, 1, 4 ),
 ( 0.4493073566756740078, 0.4566840043429132856, 0.4691303729052465066, 0.4796557222599565629, 0.4882444983449045206, 0.4949280465715466537, 0.4997685931606824505, 0.5019252815567920578 ),
 .UNSPECIFIED. ) ;
#745 = ORIENTED_EDGE ( 'NONE', *, *, #7076, .T. ) ;
#746 = CARTESIAN_POINT ( 'NONE',  ( 205.0537943868912123, -11.90742086966217528, 575.0000000000003411 ) ) ;
#747 = CARTESIAN_POINT ( 'NONE',  ( 17.29411143377504345, -3.743533548862296279, 244.9867431194444123 ) ) ;
#748 = CARTESIAN_POINT ( 'NONE',  ( 68.50000000000001421, -7.000000000000000000, 321.9999999999999432 ) ) ;
#749 = CARTESIAN_POINT ( 'NONE',  ( -15.80864558380655716, 1.497756613767582845, 265.0000000000177920 ) ) ;
#750 = DIRECTION ( 'NONE',  ( -1.000000000000000000, 0.000000000000000000, -0.000000000000000000 ) ) ;
#751 = AXIS2_PLACEMENT_3D ( 'NONE', #2512, #7298, #6612 ) ;
#752 = CARTESIAN_POINT ( 'NONE',  ( -35.32525794835776622, 7.500000000000531131, 324.9999999999995453 ) ) ;
#753 = EDGE_LOOP ( 'NONE', ( #968, #8101 ) ) ;
#754 = ORIENTED_EDGE ( 'NONE', *, *, #1587, .T. ) ;
#755 = CARTESIAN_POINT ( 'NONE',  ( -8.027979560528429204, 6.889172825458908633, 0.000000000000000000 ) ) ;
#756 = ORIENTED_EDGE ( 'NONE', *, *, #6013, .F. ) ;
#757 = CARTESIAN_POINT ( 'NONE',  ( 92.97783217125748934, 11.21697221355611163, 484.7999999999999545 ) ) ;
#758 = DIRECTION ( 'NONE',  ( -1.000000000000000000, -0.000000000000000000, -0.000000000000000000 ) ) ;
#759 = CARTESIAN_POINT ( 'NONE',  ( 135.3213459832823276, 6.643853249325112564, 480.0000000000000000 ) ) ;
#760 = CARTESIAN_POINT ( 'NONE',  ( 2.609736899717694847, -14.22106106644589474, 549.9999999999998863 ) ) ;
#761 = CARTESIAN_POINT ( 'NONE',  ( -15.04498813735366447, 3.654221519964311771, 345.0381078066722580 ) ) ;
#762 = EDGE_CURVE ( 'NONE', #2256, #3508, #5992, .T. ) ;
#763 = LINE ( 'NONE', #5419, #8370 ) ;
#764 = CARTESIAN_POINT ( 'NONE',  ( 178.3710299646160991, -0.1606031863528518122, 0.000000000000000000 ) ) ;
#765 = CARTESIAN_POINT ( 'NONE',  ( 179.6244055232605774, -0.3892075884706535649, 484.8000000000005230 ) ) ;
#766 = CARTESIAN_POINT ( 'NONE',  ( -29.55023891003685677, 7.980144190390517700, 264.3448774330012156 ) ) ;
#767 = CARTESIAN_POINT ( 'NONE',  ( 45.00000000000000711, 3.000000000000000000, 303.9999999999998863 ) ) ;
#768 = CARTESIAN_POINT ( 'NONE',  ( 116.7651309652681135, -2.175119729426225668, -0.000000000000000000 ) ) ;
#769 = FACE_OUTER_BOUND ( 'NONE', #6905, .T. ) ;
#770 = PLANE ( 'NONE',  #6946 ) ;
#771 = ADVANCED_FACE ( 'NONE', ( #5694 ), #1968, .T. ) ;
#772 = PLANE ( 'NONE',  #7852 ) ;
#773 = CARTESIAN_POINT ( 'NONE',  ( 143.6297269594919896, -0.6211446336000948643, 480.0000000000000568 ) ) ;
#774 = CARTESIAN_POINT ( 'NONE',  ( 20.67672414410298387, -3.712980603975950089, 479.9999999999996589 ) ) ;
#775 = CARTESIAN_POINT ( 'NONE',  ( -13.66921530816377484, 0.03016505849570760844, 484.8000000000004661 ) ) ;
#776 = ORIENTED_EDGE ( 'NONE', *, *, #5260, .F. ) ;
#777 = CARTESIAN_POINT ( 'NONE',  ( 179.5668402666393320, -0.3853346861741812068, 480.0000000000001137 ) ) ;
#778 = CARTESIAN_POINT ( 'NONE',  ( 177.4403984424804150, 0.04388620332709446820, 480.0000000000001137 ) ) ;
#779 = EDGE_CURVE ( 'NONE', #6233, #2370, #2368, .T. ) ;
#780 = EDGE_CURVE ( 'NONE', #464, #2822, #1171, .T. ) ;
#781 = CARTESIAN_POINT ( 'NONE',  ( 159.5524836738927661, 3.161072353973591653, 0.000000000000000000 ) ) ;
#782 = DIRECTION ( 'NONE',  ( 0.000000000000000000, 0.000000000000000000, -1.000000000000000000 ) ) ;
#783 = LINE ( 'NONE', #3451, #2678 ) ;
#784 = FACE_OUTER_BOUND ( 'NONE', #3743, .T. ) ;
#785 = VERTEX_POINT ( 'NONE', #2863 ) ;
#786 = VERTEX_POINT ( 'NONE', #1568 ) ;
#787 = CARTESIAN_POINT ( 'NONE',  ( -4.033661981980324995, -12.49999999999999645, 324.7589318289993230 ) ) ;
#788 = CARTESIAN_POINT ( 'NONE',  ( 83.43203411245119128, -3.799346583349470396, 0.000000000000000000 ) ) ;
#789 = CARTESIAN_POINT ( 'NONE',  ( 13.18269288616778212, 11.89358281220603075, 480.0000000000000000 ) ) ;
#790 = CARTESIAN_POINT ( 'NONE',  ( -33.30236251246799384, -8.175985057109548038, 264.9999999999999432 ) ) ;
#791 = DIRECTION ( 'NONE',  ( 1.000000000000000000, 0.000000000000000000, 0.000000000000000000 ) ) ;
#792 = CARTESIAN_POINT ( 'NONE',  ( 1.031473786181024810, 12.12023780839110465, 254.4519220220535658 ) ) ;
#793 = ORIENTED_EDGE ( 'NONE', *, *, #4568, .F. ) ;
#794 = VERTEX_POINT ( 'NONE', #5785 ) ;
#795 = CARTESIAN_POINT ( 'NONE',  ( -16.31589928474578599, 1.940912755614016438, 479.9999999999998863 ) ) ;
#796 = ORIENTED_EDGE ( 'NONE', *, *, #4758, .F. ) ;
#797 = CARTESIAN_POINT ( 'NONE',  ( 26.91971022712242956, 13.02220672126544088, 484.8000000000000114 ) ) ;
#798 = CARTESIAN_POINT ( 'NONE',  ( -27.95552861307223935, 1.361259802224432880, 549.9999999999998863 ) ) ;
#799 = CARTESIAN_POINT ( 'NONE',  ( 128.2815397657660696, 7.545898156911716725, 479.9999999999998863 ) ) ;
#800 = EDGE_CURVE ( 'NONE', #3685, #5354, #8360, .T. ) ;
#801 = DIRECTION ( 'NONE',  ( 0.0002677722858727926117, -1.110141695420214234E-14, 0.9999999641490009417 ) ) ;
#802 = CARTESIAN_POINT ( 'NONE',  ( -35.40449778301381656, -3.334681052107007826, 324.9999999999999432 ) ) ;
#803 = CARTESIAN_POINT ( 'NONE',  ( -24.14082161934459592, -19.03220517480721696, 574.9999999999998863 ) ) ;
#804 = CARTESIAN_POINT ( 'NONE',  ( 178.9360417254443973, -0.2576496270405531641, 484.7999999999998977 ) ) ;
#805 = CARTESIAN_POINT ( 'NONE',  ( 178.3966962334655761, -0.2896919715104155357, 484.7999999999994998 ) ) ;
#806 = CARTESIAN_POINT ( 'NONE',  ( -21.99112838187372532, 9.305498338954333093, 261.7860410022346969 ) ) ;
#807 = CARTESIAN_POINT ( 'NONE',  ( 1.336923283044083144, -10.73501300110882895, 329.4087684290277593 ) ) ;
#808 = CARTESIAN_POINT ( 'NONE',  ( 173.7979777638076655, -0.1215950848190212735, 484.8000000000001819 ) ) ;
#809 = CARTESIAN_POINT ( 'NONE',  ( -32.08501659581722265, 7.725818408596742515, 325.1812701573151116 ) ) ;
#810 = CARTESIAN_POINT ( 'NONE',  ( 132.7239282270294325, -1.240258920334050163, 0.000000000000000000 ) ) ;
#811 = AXIS2_PLACEMENT_3D ( 'NONE', #4609, #6121, #729 ) ;
#812 = CARTESIAN_POINT ( 'NONE',  ( 12.47386810385609301, 11.34795499150539300, 0.000000000000000000 ) ) ;
#813 = CARTESIAN_POINT ( 'NONE',  ( -15.00000000000001599, -25.00000000000000711, 575.0000000000000000 ) ) ;
#814 = CARTESIAN_POINT ( 'NONE',  ( 24.45212192561694664, -3.807614764218265613, 484.8000000000001251 ) ) ;
#815 = CARTESIAN_POINT ( 'NONE',  ( -16.24961937173226190, 1.733470343353972876, 480.0000000000000000 ) ) ;
#816 = ORIENTED_EDGE ( 'NONE', *, *, #5339, .T. ) ;
#817 = CARTESIAN_POINT ( 'NONE',  ( 176.4409039390243095, 0.2514743013748757527, 480.0000000000000568 ) ) ;
#818 = CARTESIAN_POINT ( 'NONE',  ( 208.8710670101497442, 9.415226977679870046, 574.9999999999998863 ) ) ;
#819 = AXIS2_PLACEMENT_3D ( 'NONE', #3441, #6078, #8098 ) ;
#820 = CARTESIAN_POINT ( 'NONE',  ( 68.50000000000001421, -7.000000000000000000, 338.9999999999999432 ) ) ;
#821 = CARTESIAN_POINT ( 'NONE',  ( 14.54135383891643230, -3.759952160352497685, 342.1354606519562367 ) ) ;
#822 = VECTOR ( 'NONE', #5032, 1000.000000000000000 ) ;
#823 = FACE_BOUND ( 'NONE', #1430, .T. ) ;
#824 = CARTESIAN_POINT ( 'NONE',  ( 74.00000000000002842, -3.864852240233503711, 318.9999999999999432 ) ) ;
#825 = DIRECTION ( 'NONE',  ( 0.000000000000000000, 0.000000000000000000, -1.000000000000000000 ) ) ;
#826 = ORIENTED_EDGE ( 'NONE', *, *, #5469, .F. ) ;
#827 = VERTEX_POINT ( 'NONE', #4443 ) ;
#828 = CARTESIAN_POINT ( 'NONE',  ( 211.2104452785964952, -7.851870248573925792, 574.9999999999995453 ) ) ;
#829 = EDGE_CURVE ( 'NONE', #6278, #3991, #885, .T. ) ;
#830 = VECTOR ( 'NONE', #1289, 1000.000000000000000 ) ;
#831 = CARTESIAN_POINT ( 'NONE',  ( 179.0678503232484786, -0.2797688263317796853, 433.9999999999997726 ) ) ;
#832 = B_SPLINE_CURVE_WITH_KNOTS ( 'NONE', 3,
 ( #5843, #2605, #628, #5238, #7865, #1951, #7944, #707, #3334 ),
 .UNSPECIFIED., .F., .F.,
 ( 4, 1, 1, 1, 1, 1, 4 ),
 ( 0.1028843989527536834, 0.1071435541828678617, 0.1289942283931136413, 0.1519972123813451148, 0.1759018318772400391, 0.2004336571828322922, 0.2102586148869249327 ),
 .UNSPECIFIED. ) ;
#833 = CARTESIAN_POINT ( 'NONE',  ( 13.50206664202871210, 11.76659813455083992, 479.0499999999999545 ) ) ;
#834 = B_SPLINE_CURVE_WITH_KNOTS ( 'NONE', 3,
 ( #4071, #7391, #4894, #7471, #7434, #4028, #2818, #1520, #3505, #6143, #1475, #225 ),
 .UNSPECIFIED., .F., .F.,
 ( 4, 1, 1, 1, 1, 1, 1, 1, 1, 4 ),
 ( 0.5019252815567920578, 0.5026160342004389880, 0.5028534821162612412, 0.5057681245129928005, 0.5108392435204863746, 0.5181865777112057980, 0.5278846746527748879, 0.5399152142816414646, 0.5542323862887206243, 0.5545432064315836129 ),
 .UNSPECIFIED. ) ;
#835 = CARTESIAN_POINT ( 'NONE',  ( -15.65252331809571729, 1.268929654534932894, 245.0174100173990155 ) ) ;
#836 = DIRECTION ( 'NONE',  ( 1.000000000000000000, 0.000000000000000000, 0.000000000000000000 ) ) ;
#837 = CARTESIAN_POINT ( 'NONE',  ( 177.6311701467575119, -0.2491511252952616495, 434.0000000000001705 ) ) ;
#838 = ORIENTED_EDGE ( 'NONE', *, *, #6608, .T. ) ;
#839 = CARTESIAN_POINT ( 'NONE',  ( -29.52610784245324282, 12.50000000000144063, 264.8019136555388968 ) ) ;
#840 = ORIENTED_EDGE ( 'NONE', *, *, #4631, .F. ) ;
#841 = CARTESIAN_POINT ( 'NONE',  ( -14.73811153846195765, 3.029975201025340237, 0.000000000000000000 ) ) ;
#842 = VERTEX_POINT ( 'NONE', #4810 ) ;
#843 = CARTESIAN_POINT ( 'NONE',  ( 40.38225471058058957, 13.07022899537195570, 0.000000000000000000 ) ) ;
#844 = CARTESIAN_POINT ( 'NONE',  ( -40.46678357353442834, -8.373426858827526686, 575.0000000000000000 ) ) ;
#845 = CARTESIAN_POINT ( 'NONE',  ( 93.90001636244501526, 10.92663018301284872, 0.000000000000000000 ) ) ;
#846 = CARTESIAN_POINT ( 'NONE',  ( -19.26387914680333679, 24.25851692816131333, 264.9999999999999432 ) ) ;
#847 = CARTESIAN_POINT ( 'NONE',  ( -16.00876621537000233, 1.858408790151287127, 325.0000000000269438 ) ) ;
#848 = CARTESIAN_POINT ( 'NONE',  ( -16.19759697758824402, 1.634185117020853895, 480.0007793127069249 ) ) ;
#849 = CARTESIAN_POINT ( 'NONE',  ( 50.00000000000000000, 0.9999999999999943379, 0.000000000000000000 ) ) ;
#850 = CARTESIAN_POINT ( 'NONE',  ( 179.1598703509199026, -0.2948807630413088354, 480.0000000000003411 ) ) ;
#851 = EDGE_CURVE ( 'NONE', #538, #5060, #8120, .T. ) ;
#852 = CARTESIAN_POINT ( 'NONE',  ( 177.3304796862705643, -0.2377835618468075451, 480.0000000000002842 ) ) ;
#853 = PLANE ( 'NONE',  #8526 ) ;
#854 = CARTESIAN_POINT ( 'NONE',  ( 170.2587149188199760, -0.06241267988908474201, 484.8000000000002956 ) ) ;
#855 = CIRCLE ( 'NONE', #719, 5.000000000000004441 ) ;
#856 = CARTESIAN_POINT ( 'NONE',  ( -8.048842037792258708, -12.50000000000000000, 262.9427410268875178 ) ) ;
#857 = FACE_OUTER_BOUND ( 'NONE', #103, .T. ) ;
#858 = EDGE_CURVE ( 'NONE', #2491, #4367, #2414, .T. ) ;
#859 = DIRECTION ( 'NONE',  ( -0.9494185892568517415, -0.3140132837532982335, 0.000000000000000000 ) ) ;
#860 = CARTESIAN_POINT ( 'NONE',  ( -14.82959924598070600, -9.949333300460583729, 327.8075792120858978 ) ) ;
#861 = CARTESIAN_POINT ( 'NONE',  ( 38.23463398828491933, -4.338361530491892104, 0.000000000000000000 ) ) ;
#862 = EDGE_CURVE ( 'NONE', #5354, #3888, #7476, .T. ) ;
#863 = CARTESIAN_POINT ( 'NONE',  ( -11.50857611114217782, -0.8406088135648717152, 0.000000000000000000 ) ) ;
#864 = ORIENTED_EDGE ( 'NONE', *, *, #7421, .F. ) ;
#865 = CARTESIAN_POINT ( 'NONE',  ( 160.1085848546968862, 2.876103974968839072, 479.0499999999995566 ) ) ;
#866 = CARTESIAN_POINT ( 'NONE',  ( -15.50061092689544573, 1.624525121353904700, 0.000000000000000000 ) ) ;
#867 = CARTESIAN_POINT ( 'NONE',  ( 137.4672068873615274, -0.9451602680861370676, 268.7278354960786828 ) ) ;
#868 = CARTESIAN_POINT ( 'NONE',  ( 3.837425951000213331, -8.259763558248423010, 331.4179663018214228 ) ) ;
#869 = FACE_BOUND ( 'NONE', #2639, .T. ) ;
#870 = CARTESIAN_POINT ( 'NONE',  ( -0.8831871637797072960, 12.50000000000000178, 324.9999999999999432 ) ) ;
#871 = FACE_OUTER_BOUND ( 'NONE', #21, .T. ) ;
#872 = ORIENTED_EDGE ( 'NONE', *, *, #7674, .T. ) ;
#873 = ORIENTED_EDGE ( 'NONE', *, *, #1669, .T. ) ;
#874 = CARTESIAN_POINT ( 'NONE',  ( 169.7914466704377503, -0.06028134300766858911, 479.9999999999994884 ) ) ;
#875 = DIRECTION ( 'NONE',  ( 0.000000000000000000, 0.000000000000000000, 1.000000000000000000 ) ) ;
#876 = CARTESIAN_POINT ( 'NONE',  ( 2.256833867229355750, 10.13079635666247569, 479.0499999999999545 ) ) ;
#877 = VECTOR ( 'NONE', #4069, 1000.000000000000000 ) ;
#878 = CARTESIAN_POINT ( 'NONE',  ( -27.96380492329312517, -14.58732933791981168, 264.9999999999998863 ) ) ;
#879 = DIRECTION ( 'NONE',  ( 1.000000000000000000, -0.000000000000000000, -0.000000000000000000 ) ) ;
#880 = CARTESIAN_POINT ( 'NONE',  ( 179.3958378201385813, -0.3719036231957272842, 433.9999999999999432 ) ) ;
#881 = ORIENTED_EDGE ( 'NONE', *, *, #494, .F. ) ;
#882 = EDGE_CURVE ( 'NONE', #1374, #6994, #4735, .T. ) ;
#883 = CARTESIAN_POINT ( 'NONE',  ( -23.94176563089333598, 12.49999999999963585, 263.6195950450742203 ) ) ;
#884 = ORIENTED_EDGE ( 'NONE', *, *, #6474, .T. ) ;
#885 = LINE ( 'NONE', #1079, #2685 ) ;
#886 = ORIENTED_EDGE ( 'NONE', *, *, #4194, .F. ) ;
#887 = CARTESIAN_POINT ( 'NONE',  ( 52.64339008310469126, 13.04683444728237696, 0.000000000000000000 ) ) ;
#888 = CARTESIAN_POINT ( 'NONE',  ( -35.32525794835776622, 7.500000000000531131, 324.9999999999995453 ) ) ;
#889 = CARTESIAN_POINT ( 'NONE',  ( 141.2737659297938819, 5.851432463350822566, 484.8000000000000114 ) ) ;
#890 = VECTOR ( 'NONE', #7131, 1000.000000000000114 ) ;
#891 = CARTESIAN_POINT ( 'NONE',  ( -6.097328088555531878, 7.944933259670224679, 264.9999999999999432 ) ) ;
#892 = CARTESIAN_POINT ( 'NONE',  ( -36.01212109701808828, 0.5043886760810135650, 324.9999999999999432 ) ) ;
#893 = CARTESIAN_POINT ( 'NONE',  ( 115.8641267959506820, -2.079885181454537602, 480.0000000000000568 ) ) ;
#894 = ADVANCED_FACE ( 'NONE', ( #3800 ), #1758, .F. ) ;
#895 = CARTESIAN_POINT ( 'NONE',  ( -31.97613746399109758, -13.91673970587432940, 575.0000000000000000 ) ) ;
#896 = CARTESIAN_POINT ( 'NONE',  ( 176.4217821969417912, 0.2562296049605907733, 484.7999999999995566 ) ) ;
#897 = CARTESIAN_POINT ( 'NONE',  ( 177.4826624208972419, -0.2481840386586353642, 0.000000000000000000 ) ) ;
#898 = CARTESIAN_POINT ( 'NONE',  ( -32.51974052121627778, -12.49999999999999822, 324.8792272744736920 ) ) ;
#899 = FACE_OUTER_BOUND ( 'NONE', #5050, .T. ) ;
#900 = CARTESIAN_POINT ( 'NONE',  ( 178.6908869873420542, -0.3116299658889879476, 484.8000000000005798 ) ) ;
#901 = PLANE ( 'NONE',  #3438 ) ;
#902 = CARTESIAN_POINT ( 'NONE',  ( -49.99999999999999289, 6.999999999999988454, 294.9999999999999432 ) ) ;
#903 = EDGE_CURVE ( 'NONE', #6138, #5560, #4026, .T. ) ;
#904 = EDGE_CURVE ( 'NONE', #2427, #7872, #522, .T. ) ;
#905 = ORIENTED_EDGE ( 'NONE', *, *, #696, .F. ) ;
#906 = CARTESIAN_POINT ( 'NONE',  ( 10.09122730323776906, 11.25906177100057981, 245.0215633017271273 ) ) ;
#907 = CARTESIAN_POINT ( 'NONE',  ( 126.6541552724023632, -1.461864165179212138, 484.7999999999994429 ) ) ;
#908 = CARTESIAN_POINT ( 'NONE',  ( -15.69496426312209536, 1.070561927608898678, 484.7999999999996703 ) ) ;
#909 = ORIENTED_EDGE ( 'NONE', *, *, #5812, .F. ) ;
#910 = CARTESIAN_POINT ( 'NONE',  ( 146.2272295574070711, 4.947893736727748681, 479.0499999999993292 ) ) ;
#911 = CARTESIAN_POINT ( 'NONE',  ( -15.42269904590971130, 1.302817067477976209, 0.000000000000000000 ) ) ;
#912 = EDGE_CURVE ( 'NONE', #7747, #6513, #48, .T. ) ;
#913 = CARTESIAN_POINT ( 'NONE',  ( -27.95552861307223935, 1.361259802224432880, 575.0000000000000000 ) ) ;
#914 = CARTESIAN_POINT ( 'NONE',  ( 12.45068182262814815, -4.088752340024793597, 340.0137430747683993 ) ) ;
#915 = CARTESIAN_POINT ( 'NONE',  ( -8.858071738935437978, -10.27819981418966400, 261.5189824779395167 ) ) ;
#916 = CARTESIAN_POINT ( 'NONE',  ( -60.00000000000000000, -7.499999999999999112, 269.9999999999998863 ) ) ;
#917 = CARTESIAN_POINT ( 'NONE',  ( 1.977402203690848070, 10.20713252769677304, 480.0000000000000568 ) ) ;
#918 = ORIENTED_EDGE ( 'NONE', *, *, #4552, .F. ) ;
#919 = CARTESIAN_POINT ( 'NONE',  ( 170.8212165418734969, -0.06931656345392334106, 480.0000000000007390 ) ) ;
#920 = DIRECTION ( 'NONE',  ( 0.8944271909999120806, 0.4472135954999655327, 0.000000000000000000 ) ) ;
#921 = LINE ( 'NONE', #8157, #877 ) ;
#922 = CARTESIAN_POINT ( 'NONE',  ( -14.68194039074215773, 0.4556844957880430980, 264.9999999999819238 ) ) ;
#923 = CARTESIAN_POINT ( 'NONE',  ( -0.2846902912822524279, -16.00991544844572445, 549.9999999999998863 ) ) ;
#924 = CARTESIAN_POINT ( 'NONE',  ( 34.92950548548042633, -4.020036625221988125, 434.3337742067006957 ) ) ;
#925 = ORIENTED_EDGE ( 'NONE', *, *, #4858, .F. ) ;
#926 = CARTESIAN_POINT ( 'NONE',  ( -23.24245935941524621, 9.049962677538681888, 262.2767909503420469 ) ) ;
#927 = ORIENTED_EDGE ( 'NONE', *, *, #1044, .T. ) ;
#928 = DIRECTION ( 'NONE',  ( 0.000000000000000000, 1.000000000000000000, 0.000000000000000000 ) ) ;
#929 = ORIENTED_EDGE ( 'NONE', *, *, #5469, .T. ) ;
#930 = CARTESIAN_POINT ( 'NONE',  ( 45.00000000000001421, 3.000000000000000000, 338.9999999999999432 ) ) ;
#931 = CARTESIAN_POINT ( 'NONE',  ( 171.4588886263078678, 1.212484262018443282, 0.000000000000000000 ) ) ;
#932 = EDGE_CURVE ( 'NONE', #8419, #6189, #3753, .T. ) ;
#933 = CARTESIAN_POINT ( 'NONE',  ( 5.581784542860279252, 30.82626338234738839, 264.9999999999998863 ) ) ;
#934 = CARTESIAN_POINT ( 'NONE',  ( -15.60350226456304590, 1.101186614350186055, 345.0123081280629549 ) ) ;
#935 = CARTESIAN_POINT ( 'NONE',  ( 97.36119553362617296, -3.093353277090889364, 479.9999999999990337 ) ) ;
#936 = ORIENTED_EDGE ( 'NONE', *, *, #1588, .T. ) ;
#937 = CARTESIAN_POINT ( 'NONE',  ( 146.1625916456029017, 5.181520537617123168, 480.0000000000005684 ) ) ;
#938 = CARTESIAN_POINT ( 'NONE',  ( 178.9416266097779840, -0.2585808545660672753, 479.9999999999998863 ) ) ;
#939 = CARTESIAN_POINT ( 'NONE',  ( -49.99999999999999289, 1.110223024625156540E-13, 302.0000000000000568 ) ) ;
#940 = CARTESIAN_POINT ( 'NONE',  ( -2.475515660308793997, -12.49999999999999822, 329.4083373104364227 ) ) ;
#941 = CARTESIAN_POINT ( 'NONE',  ( 178.5382952126774683, -0.3029090213491038019, 0.000000000000000000 ) ) ;
#942 = CARTESIAN_POINT ( 'NONE',  ( -9.222253029542203606, 11.27352166678765677, 332.9622437126051295 ) ) ;
#943 = DIRECTION ( 'NONE',  ( 0.000000000000000000, -1.000000000000000000, 0.000000000000000000 ) ) ;
#944 = VERTEX_POINT ( 'NONE', #1526 ) ;
#945 = CARTESIAN_POINT ( 'NONE',  ( 93.15000000000000568, 3.642033860375762266, 0.000000000000000000 ) ) ;
#946 = CARTESIAN_POINT ( 'NONE',  ( 178.0378221698416610, -0.2674784197346726233, 480.0000000000003411 ) ) ;
#947 = CARTESIAN_POINT ( 'NONE',  ( -14.27681197132894120, 0.2612123839635183131, 479.9999999999994316 ) ) ;
#948 = ORIENTED_EDGE ( 'NONE', *, *, #89, .F. ) ;
#949 = AXIS2_PLACEMENT_3D ( 'NONE', #3998, #8042, #1361 ) ;
#950 = CARTESIAN_POINT ( 'NONE',  ( 181.2867814755537665, 25.00000000000000711, 575.0000000000000000 ) ) ;
#951 = CARTESIAN_POINT ( 'NONE',  ( -15.15871382496573538, 0.6978826112740769139, 484.8000000000000114 ) ) ;
#952 =( BOUNDED_SURFACE ( )  B_SPLINE_SURFACE ( 3, 2, ( 
 ( #4322, #5620, #2336 ),
 ( #6314, #1136, #5057 ),
 ( #4283, #485, #5104 ),
 ( #8241, #3718, #3115 ) ),
 .UNSPECIFIED., .F., .F., .T. ) 
 B_SPLINE_SURFACE_WITH_KNOTS ( ( 4, 4 ),
 ( 3, 3 ),
 ( 0.1372043320964108359, 0.2384043629418517163 ),
 ( 0.000000000000000000, 0.8930672254646827568 ),
 .UNSPECIFIED. ) 
 GEOMETRIC_REPRESENTATION_ITEM ( )  RATIONAL_B_SPLINE_SURFACE ( (
 ( 1.000000000000000000, 0.8872612638933359275, 0.9758890683010189582),
 ( 1.000000000000000000, 0.8875506042269465379, 0.9759509482303347916),
 ( 1.000000000000000000, 0.8878397167076964580, 0.9760127794297734916),
 ( 1.000000000000000000, 0.8881286009501810907, 0.9760745618169104354) ) ) 
 REPRESENTATION_ITEM ( '' )  SURFACE ( )  );
#953 = CARTESIAN_POINT ( 'NONE',  ( 130.1482619447576496, -1.276165593811506627, 480.0000000000001137 ) ) ;
#954 = CARTESIAN_POINT ( 'NONE',  ( -4.794905379980599847, 8.631887407631598563, 479.9995888027048068 ) ) ;
#955 = CARTESIAN_POINT ( 'NONE',  ( 199.5239172629517839, -2.195170412469519938, 549.9999999999998863 ) ) ;
#956 = DIRECTION ( 'NONE',  ( 0.000000000000000000, 0.000000000000000000, 1.000000000000000000 ) ) ;
#957 = DIRECTION ( 'NONE',  ( 1.000000000000000000, 0.000000000000000000, 0.000000000000000000 ) ) ;
#958 = ORIENTED_EDGE ( 'NONE', *, *, #5577, .T. ) ;
#959 = CARTESIAN_POINT ( 'NONE',  ( 213.5277711050562175, 5.223366353458993139, 574.9999999999998863 ) ) ;
#960 = EDGE_CURVE ( 'NONE', #4238, #2474, #531, .T. ) ;
#961 = DIRECTION ( 'NONE',  ( -0.000000000000000000, -1.000000000000000000, -0.000000000000000000 ) ) ;
#962 = B_SPLINE_CURVE_WITH_KNOTS ( 'NONE', 3,
 ( #1369, #4784, #2798, #812, #8011, #5340, #2057 ),
 .UNSPECIFIED., .F., .F.,
 ( 4, 1, 1, 1, 4 ),
 ( 0.3921532721216312023, 0.4085232294566675804, 0.4262837370915291135, 0.4423729650729764096, 0.4493073566769590355 ),
 .UNSPECIFIED. ) ;
#963 = CARTESIAN_POINT ( 'NONE',  ( 13.46451981502946005, 11.76251864032809280, 479.0499999999999545 ) ) ;
#964 = CARTESIAN_POINT ( 'NONE',  ( -15.24756153232803513, 0.8520482100451909346, 245.0082176864670771 ) ) ;
#965 = CARTESIAN_POINT ( 'NONE',  ( 173.7411903585666266, -0.1217186198897451388, 434.0000000000003411 ) ) ;
#966 = VERTEX_POINT ( 'NONE', #1 ) ;
#967 = CARTESIAN_POINT ( 'NONE',  ( -18.61988969225626178, 10.00634094290741416, 260.4760864910507507 ) ) ;
#968 = ORIENTED_EDGE ( 'NONE', *, *, #1922, .T. ) ;
#969 = CIRCLE ( 'NONE', #2061, 2.000000000000003553 ) ;
#970 = EDGE_LOOP ( 'NONE', ( #1695, #3659, #4807, #743, #1091, #7680 ) ) ;
#971 = CARTESIAN_POINT ( 'NONE',  ( -4.780498842054324626, -2.081355857332266357, 244.9881626131902124 ) ) ;
#972 = CARTESIAN_POINT ( 'NONE',  ( -10.36390338139975675, 6.728540965846541155, 479.9999999999998863 ) ) ;
#973 = CARTESIAN_POINT ( 'NONE',  ( -0.2430361790377671138, 9.503757822348307016, 264.9999999999280931 ) ) ;
#974 = CARTESIAN_POINT ( 'NONE',  ( -35.71845255306307365, -1.751486526699325141, 324.9999999999999432 ) ) ;
#975 = CARTESIAN_POINT ( 'NONE',  ( 88.57131324059865563, -3.220575297754795674, 479.0500000000012619 ) ) ;
#976 = ORIENTED_EDGE ( 'NONE', *, *, #7260, .T. ) ;
#977 = CARTESIAN_POINT ( 'NONE',  ( 172.0228677175176699, 1.125193098904307298, 484.7999999999997840 ) ) ;
#978 = CARTESIAN_POINT ( 'NONE',  ( 179.5725825190899627, -0.3643346632252272288, 0.000000000000000000 ) ) ;
#979 = CARTESIAN_POINT ( 'NONE',  ( -24.30345487833434248, -12.50000000000128608, 325.2161009004514653 ) ) ;
#980 = CARTESIAN_POINT ( 'NONE',  ( -49.99999999999999289, -6.999999999999986677, 293.5999999999999659 ) ) ;
#981 = CARTESIAN_POINT ( 'NONE',  ( 179.4550882778674747, -0.3768415401650092589, 484.7999999999996703 ) ) ;
#982 = CARTESIAN_POINT ( 'NONE',  ( -22.13090243199783913, 9.314131327011104133, 328.2684428104970493 ) ) ;
#983 = CARTESIAN_POINT ( 'NONE',  ( 34.11932196764833236, -4.080858474265113500, 321.9513121411775955 ) ) ;
#984 = ORIENTED_EDGE ( 'NONE', *, *, #4887, .T. ) ;
#985 = LINE ( 'NONE', #2358, #115 ) ;
#986 = CARTESIAN_POINT ( 'NONE',  ( 175.2078126493726415, -0.1660505332818571766, 480.0000000000002274 ) ) ;
#987 = EDGE_CURVE ( 'NONE', #7440, #7250, #4316, .T. ) ;
#988 = CARTESIAN_POINT ( 'NONE',  ( 38.23463398828491933, -4.338361530491892104, 0.000000000000000000 ) ) ;
#989 = EDGE_LOOP ( 'NONE', ( #6047, #5180, #5964, #8286, #735, #7952 ) ) ;
#990 = CARTESIAN_POINT ( 'NONE',  ( 109.0030392308856761, 9.531344920933701559, 479.0499999999998977 ) ) ;
#991 = CARTESIAN_POINT ( 'NONE',  ( 171.5369742419072168, 1.217045947171025766, 479.9999999999995453 ) ) ;
#992 = LINE ( 'NONE', #4884, #2345 ) ;
#993 = DIRECTION ( 'NONE',  ( -1.000000000000000000, 0.000000000000000000, -0.000000000000000000 ) ) ;
#994 = CARTESIAN_POINT ( 'NONE',  ( -16.14865940509205444, 1.540778864864400743, 480.0000000000000568 ) ) ;
#995 = CARTESIAN_POINT ( 'NONE',  ( -32.54249843897223116, 12.50000000000297717, 324.9430935860134468 ) ) ;
#996 = CARTESIAN_POINT ( 'NONE',  ( 169.1483933801714841, -0.05670979176466944827, 480.0000000000000000 ) ) ;
#997 = LINE ( 'NONE', #6998, #4273 ) ;
#998 = VECTOR ( 'NONE', #3114, 1000.000000000000000 ) ;
#999 = CARTESIAN_POINT ( 'NONE',  ( -14.78573391034225359, 0.5175346397441343838, 265.0000000000356408 ) ) ;
#1000 = CARTESIAN_POINT ( 'NONE',  ( 176.7774722876272335, -0.2185493390993011598, 480.0000000000001137 ) ) ;
#1001 = CARTESIAN_POINT ( 'NONE',  ( 166.6877266364064099, -0.04956832174834151922, 434.0000000000002274 ) ) ;
#1002 = AXIS2_PLACEMENT_3D ( 'NONE', #1167, #469, #8270 ) ;
#1003 = LINE ( 'NONE', #534, #5160 ) ;
#1004 = CARTESIAN_POINT ( 'NONE',  ( -3.742685405589991632, 12.50000000000000000, 331.7378498208482824 ) ) ;
#1005 = VERTEX_POINT ( 'NONE', #5950 ) ;
#1006 = B_SPLINE_CURVE_WITH_KNOTS ( 'NONE', 3,
 ( #5610, #1713, #6989, #8357, #1077, #7584 ),
 .UNSPECIFIED., .F., .F.,
 ( 4, 1, 1, 4 ),
 ( 0.000000000000000000, 0.005017688249323868158, 0.01683649802867608417, 0.01750029575818286276 ),
 .UNSPECIFIED. ) ;
#1007 = EDGE_LOOP ( 'NONE', ( #4764, #4217, #2737, #6864 ) ) ;
#1008 = CARTESIAN_POINT ( 'NONE',  ( 176.1621492569772727, -0.2044535201694878124, 179.9999999999999716 ) ) ;
#1009 = CARTESIAN_POINT ( 'NONE',  ( 13.17898526449600638, 11.92255191709181261, 479.9999999999997158 ) ) ;
#1010 = CARTESIAN_POINT ( 'NONE',  ( 9.597803099176219987, 11.21739303949571109, 264.9999999999641886 ) ) ;
#1011 = CARTESIAN_POINT ( 'NONE',  ( -20.54639781314119062, -18.78059491039086026, 324.9999999999998863 ) ) ;
#1012 = VECTOR ( 'NONE', #7628, 1000.000000000000000 ) ;
#1013 = CARTESIAN_POINT ( 'NONE',  ( 118.7995280801134044, -1.910711437518445965, 479.9999999999994316 ) ) ;
#1014 = VECTOR ( 'NONE', #4566, 1000.000000000000000 ) ;
#1015 = ORIENTED_EDGE ( 'NONE', *, *, #7963, .T. ) ;
#1016 = CARTESIAN_POINT ( 'NONE',  ( 172.9558094409669025, 0.9463945913097160378, 480.0000000000001705 ) ) ;
#1017 = B_SPLINE_CURVE_WITH_KNOTS ( 'NONE', 3,
 ( #2460, #5004, #8359, #1675, #382, #4312, #2367 ),
 .UNSPECIFIED., .F., .F.,
 ( 4, 1, 1, 1, 4 ),
 ( 0.001844294212202345984, 0.006397970102377081858, 0.01389101205826193119, 0.02387363008128451369, 0.02836395765318350248 ),
 .UNSPECIFIED. ) ;
#1018 = CARTESIAN_POINT ( 'NONE',  ( 179.5409848462864204, -0.3578882001403654867, 484.8000000000000114 ) ) ;
#1019 = VECTOR ( 'NONE', #3703, 1000.000000000000000 ) ;
#1020 = CARTESIAN_POINT ( 'NONE',  ( -0.6243593033843523044, 12.49999999999991118, 256.9050273519865186 ) ) ;
#1021 = CARTESIAN_POINT ( 'NONE',  ( 179.1416781444353319, -0.2918876262118835774, 480.0000000000003411 ) ) ;
#1022 = CARTESIAN_POINT ( 'NONE',  ( -21.24559283397509546, 12.50000000000000178, 323.5205652351793901 ) ) ;
#1023 = CARTESIAN_POINT ( 'NONE',  ( 40.92950548548041922, -4.126272407088366734, 336.9999999999998863 ) ) ;
#1024 = EDGE_CURVE ( 'NONE', #3462, #5017, #5572, .T. ) ;
#1025 = CARTESIAN_POINT ( 'NONE',  ( -23.99586969658082580, 21.89771921835759727, 324.9999999999998863 ) ) ;
#1026 = EDGE_LOOP ( 'NONE', ( #6789, #1066, #6743, #6927 ) ) ;
#1027 = VECTOR ( 'NONE', #2723, 1000.000000000000227 ) ;
#1028 = CARTESIAN_POINT ( 'NONE',  ( 7.152877121105393421, 11.14494001381971167, 342.1163987570807308 ) ) ;
#1029 = CARTESIAN_POINT ( 'NONE',  ( 174.6650782723455677, -0.1594238095713558789, 0.000000000000000000 ) ) ;
#1030 = CARTESIAN_POINT ( 'NONE',  ( 20.67540511823415272, -3.709782746033077228, 484.7999999999996135 ) ) ;
#1031 = ORIENTED_EDGE ( 'NONE', *, *, #1145, .F. ) ;
#1032 = CARTESIAN_POINT ( 'NONE',  ( 51.81034221871809109, 13.39161288791119198, 479.9999999999999432 ) ) ;
#1033 = CARTESIAN_POINT ( 'NONE',  ( -2.803843094392451274, -2.196134473692548550, 480.0000000000001705 ) ) ;
#1034 = EDGE_CURVE ( 'NONE', #3821, #3723, #7826, .T. ) ;
#1035 = PLANE ( 'NONE',  #4868 ) ;
#1036 = CARTESIAN_POINT ( 'NONE',  ( -13.64705076227111569, 5.055984462240872723, 480.0003673968154203 ) ) ;
#1037 = CARTESIAN_POINT ( 'NONE',  ( -10.78853011164793152, 12.50000000000000355, 261.5192958477279035 ) ) ;
#1038 = CARTESIAN_POINT ( 'NONE',  ( -60.00000000000000000, -7.499999999999998224, 319.9999999999998863 ) ) ;
#1039 = DIRECTION ( 'NONE',  ( 1.000000000000000000, 0.000000000000000000, 0.000000000000000000 ) ) ;
#1040 = CARTESIAN_POINT ( 'NONE',  ( -28.27713257396106528, 12.50000000000000533, 325.4408238431325913 ) ) ;
#1041 = CARTESIAN_POINT ( 'NONE',  ( -12.72381554052461361, 4.664734990606904219, 0.000000000000000000 ) ) ;
#1042 = CARTESIAN_POINT ( 'NONE',  ( 214.2576745433115093, 3.788523900609837458, 575.0000000000000000 ) ) ;
#1043 = CARTESIAN_POINT ( 'NONE',  ( 50.00000000000000000, 4.999999999999992895, 575.0000000000000000 ) ) ;
#1044 = EDGE_CURVE ( 'NONE', #6233, #2245, #5136, .T. ) ;
#1045 = CARTESIAN_POINT ( 'NONE',  ( -12.91245591156953054, -0.3006458454347039067, 244.9947247217301367 ) ) ;
#1046 = CARTESIAN_POINT ( 'NONE',  ( -49.99999999999999289, 1.110223024625156540E-13, 302.0000000000000568 ) ) ;
#1047 = DIRECTION ( 'NONE',  ( -1.000000000000000000, 0.000000000000000000, 0.000000000000000000 ) ) ;
#1048 = DIRECTION ( 'NONE',  ( 0.000000000000000000, 0.000000000000000000, -1.000000000000000000 ) ) ;
#1049 = CARTESIAN_POINT ( 'NONE',  ( -11.20118215201624423, 11.05359042653551782, 257.8491967634271305 ) ) ;
#1050 = ORIENTED_EDGE ( 'NONE', *, *, #903, .F. ) ;
#1051 = ORIENTED_EDGE ( 'NONE', *, *, #4649, .F. ) ;
#1052 = CARTESIAN_POINT ( 'NONE',  ( 177.6908473267513955, -0.2554194315621493017, 180.0000000000001137 ) ) ;
#1053 = CARTESIAN_POINT ( 'NONE',  ( 47.73914881024762025, 13.10635989400364565, 0.000000000000000000 ) ) ;
#1054 = CARTESIAN_POINT ( 'NONE',  ( -14.66258287124036030, 3.755157745308569162, 245.0372585515469837 ) ) ;
#1055 = CARTESIAN_POINT ( 'NONE',  ( -19.33414877373428808, -19.21439146625221639, 324.9999999999999432 ) ) ;
#1056 = CARTESIAN_POINT ( 'NONE',  ( 111.9340104597996657, -2.307955437365520446, 479.9999999999997158 ) ) ;
#1057 = ORIENTED_EDGE ( 'NONE', *, *, #7076, .F. ) ;
#1058 = CARTESIAN_POINT ( 'NONE',  ( 141.9933586966414225, 5.663057077977454945, -0.000000000000000000 ) ) ;
#1059 = CARTESIAN_POINT ( 'NONE',  ( 179.1235647784492357, -0.2887907777566384171, 484.8000000000003524 ) ) ;
#1060 = CARTESIAN_POINT ( 'NONE',  ( 137.4672068873616126, 6.347434810304842578, 433.9989906716179462 ) ) ;
#1061 = CARTESIAN_POINT ( 'NONE',  ( 179.0835090010093893, -0.3458545580995858737, 0.000000000000000000 ) ) ;
#1062 = EDGE_CURVE ( 'NONE', #8381, #3161, #2064, .T. ) ;
#1063 = CARTESIAN_POINT ( 'NONE',  ( -35.32525794835808597, 12.50000000000000178, 319.9999999999999432 ) ) ;
#1064 = CARTESIAN_POINT ( 'NONE',  ( -15.10862747945876094, 3.312166748280822137, 245.0384003782845923 ) ) ;
#1065 = CARTESIAN_POINT ( 'NONE',  ( -11.02091994059093416, 6.205675185294275309, 345.0313343122301148 ) ) ;
#1066 = ORIENTED_EDGE ( 'NONE', *, *, #4184, .F. ) ;
#1067 = B_SPLINE_CURVE_WITH_KNOTS ( 'NONE', 3,
 ( #1621, #4260, #6326, #6899 ),
 .UNSPECIFIED., .F., .F.,
 ( 4, 4 ),
 ( 0.000000000000000000, 0.01033428440031619426 ),
 .UNSPECIFIED. ) ;
#1068 = CARTESIAN_POINT ( 'NONE',  ( -49.99999999999999289, -5.551115123125782702E-14, 289.4000000000000341 ) ) ;
#1069 = CARTESIAN_POINT ( 'NONE',  ( 173.7926120247297774, -0.1216067574241290472, 480.0000000000001705 ) ) ;
#1070 = VECTOR ( 'NONE', #5303, 1000.000000000000000 ) ;
#1071 = CARTESIAN_POINT ( 'NONE',  ( 15.01210826629306361, -3.505387265374221517, 484.7999999999999545 ) ) ;
#1072 = ORIENTED_EDGE ( 'NONE', *, *, #5711, .T. ) ;
#1073 = CARTESIAN_POINT ( 'NONE',  ( 81.23664473400089037, 12.10092892166224310, 480.0000000000000000 ) ) ;
#1074 = CARTESIAN_POINT ( 'NONE',  ( -11.80136668324042226, -0.5769632035301655026, 479.9999999999999432 ) ) ;
#1075 = CARTESIAN_POINT ( 'NONE',  ( -2.468236927336132425, -12.49999999999999822, 265.0632286554457551 ) ) ;
#1076 = CARTESIAN_POINT ( 'NONE',  ( -10.14924553797716733, 6.815987738028096210, 480.0049218220607372 ) ) ;
#1077 = CARTESIAN_POINT ( 'NONE',  ( 62.27874865570240104, -4.058400276322154276, 303.9999999999997158 ) ) ;
#1078 = DIRECTION ( 'NONE',  ( 0.000000000000000000, 0.000000000000000000, -1.000000000000000000 ) ) ;
#1079 = CARTESIAN_POINT ( 'NONE',  ( -49.99999999999999289, 1.110223024625156540E-13, 303.4000000000000341 ) ) ;
#1080 = CARTESIAN_POINT ( 'NONE',  ( -20.22393599435118006, 12.50000000000000000, 324.0129990829647113 ) ) ;
#1081 = ORIENTED_EDGE ( 'NONE', *, *, #7934, .F. ) ;
#1082 = CARTESIAN_POINT ( 'NONE',  ( -0.1696211013679466417, 9.779324898239870834, 484.8000000000001251 ) ) ;
#1083 = CARTESIAN_POINT ( 'NONE',  ( 213.0155764880919094, 5.979236647162332829, 575.0000000000000000 ) ) ;
#1084 = FACE_OUTER_BOUND ( 'NONE', #4285, .T. ) ;
#1085 = CARTESIAN_POINT ( 'NONE',  ( -11.88084467295309743, -0.6375495417346470628, 244.9931973373180654 ) ) ;
#1086 = CARTESIAN_POINT ( 'NONE',  ( -49.99999999999999289, 6.999999999999988454, 294.9999999999999432 ) ) ;
#1087 = CARTESIAN_POINT ( 'NONE',  ( -0.1503079449173560511, -11.94065843401922500, 327.4047269897889123 ) ) ;
#1088 = DIRECTION ( 'NONE',  ( 0.000000000000000000, 0.000000000000000000, 1.000000000000000000 ) ) ;
#1089 = ORIENTED_EDGE ( 'NONE', *, *, #5098, .F. ) ;
#1090 = EDGE_CURVE ( 'NONE', #693, #8428, #608, .T. ) ;
#1091 = ORIENTED_EDGE ( 'NONE', *, *, #2838, .T. ) ;
#1092 = CARTESIAN_POINT ( 'NONE',  ( -9.722906341872874947, -1.227993799161532396, 244.9905035251318282 ) ) ;
#1093 = CARTESIAN_POINT ( 'NONE',  ( -3.064312150502369381, 8.445467503663943276, 0.000000000000000000 ) ) ;
#1094 = VECTOR ( 'NONE', #416, 1000.000000000000000 ) ;
#1095 = CARTESIAN_POINT ( 'NONE',  ( -12.67653066631108771, 5.170831019936133366, 245.0334097329771055 ) ) ;
#1096 = CARTESIAN_POINT ( 'NONE',  ( -13.53274797321884115, -0.05054244471250315257, 344.9956084549713751 ) ) ;
#1097 = CARTESIAN_POINT ( 'NONE',  ( 143.6297269594919896, -0.6211446336000948643, 480.0000000000000568 ) ) ;
#1098 = ORIENTED_EDGE ( 'NONE', *, *, #3913, .T. ) ;
#1099 = CARTESIAN_POINT ( 'NONE',  ( 31.84053295742134182, 13.25697954159994296, 484.7999999999996703 ) ) ;
#1100 = CARTESIAN_POINT ( 'NONE',  ( 179.6228673654615591, -0.3737301795846849628, 0.000000000000000000 ) ) ;
#1101 = FACE_OUTER_BOUND ( 'NONE', #8276, .T. ) ;
#1102 = CARTESIAN_POINT ( 'NONE',  ( 179.3054121421480147, -0.3187896446592949906, 479.9999999999995453 ) ) ;
#1103 = CARTESIAN_POINT ( 'NONE',  ( 171.9357754408380856, 15.98863689914002606, 549.9999999999998863 ) ) ;
#1104 = CIRCLE ( 'NONE', #5520, 2.000000000000001776 ) ;
#1105 = CARTESIAN_POINT ( 'NONE',  ( 142.8048684498582190, -16.00000000000000000, 549.9999999999998863 ) ) ;
#1106 = CARTESIAN_POINT ( 'NONE',  ( -4.375558982322111490, 8.563780990208620381, 345.0265835272688264 ) ) ;
#1107 = ORIENTED_EDGE ( 'NONE', *, *, #3083, .T. ) ;
#1108 = CARTESIAN_POINT ( 'NONE',  ( -26.86707545869158409, 17.25230789290582223, 575.0000000000000000 ) ) ;
#1109 = EDGE_CURVE ( 'NONE', #3161, #4681, #6397, .T. ) ;
#1110 = CARTESIAN_POINT ( 'NONE',  ( 170.9070410475208348, -0.08914354673687260866, 0.000000000000000000 ) ) ;
#1111 = CARTESIAN_POINT ( 'NONE',  ( 61.85378191179223251, -3.984145287076783060, 484.7999999999991587 ) ) ;
#1112 = ORIENTED_EDGE ( 'NONE', *, *, #6112, .F. ) ;
#1113 = B_SPLINE_CURVE_WITH_KNOTS ( 'NONE', 3,
 ( #1929, #1971, #848, #2541, #4567, #686, #564, #7403, #3231, #6766, #7202, #4611, #7120, #1489, #1250, #5862, #6111, #1288, #3927, #8044, #647, #6515, #4127, #1326 ),
 .UNSPECIFIED., .F., .F.,
 ( 4, 2, 2, 2, 2, 2, 2, 2, 2, 2, 2, 4 ),
 ( 0.000000000000000000, 0.0003292290313216762656, 0.0006584580626433525312, 0.0009876870939650287968, 0.001316916125286709182, 0.001975374187930076242, 0.002633832250573443518, 0.003950748375860178505, 0.005267664501146913925, 0.01053532900229383652, 0.01580299350344075912, 0.02107065800458768345 ),
 .UNSPECIFIED. ) ;
#1114 = CARTESIAN_POINT ( 'NONE',  ( 31.64931819546265501, 13.24832073477213967, 479.9999999999994884 ) ) ;
#1115 = CARTESIAN_POINT ( 'NONE',  ( -11.50857611114217782, -0.8406088135648717152, 0.000000000000000000 ) ) ;
#1116 = ORIENTED_EDGE ( 'NONE', *, *, #7502, .T. ) ;
#1117 = ADVANCED_FACE ( 'NONE', ( #1849 ), #5356, .F. ) ;
#1118 = DIRECTION ( 'NONE',  ( 1.000000000000000000, 0.000000000000000000, 0.000000000000000000 ) ) ;
#1119 = DIRECTION ( 'NONE',  ( -1.000000000000000000, -1.214306433183764966E-16, 0.000000000000000000 ) ) ;
#1120 = DIRECTION ( 'NONE',  ( 0.000000000000000000, 0.000000000000000000, -1.000000000000000000 ) ) ;
#1121 = EDGE_CURVE ( 'NONE', #2978, #5712, #2805, .T. ) ;
#1122 = DIRECTION ( 'NONE',  ( -1.000000000000000000, -0.000000000000000000, -0.000000000000000000 ) ) ;
#1123 = DIRECTION ( 'NONE',  ( 1.000000000000000000, -0.000000000000000000, -0.000000000000000000 ) ) ;
#1124 = DIRECTION ( 'NONE',  ( -1.000000000000000000, -0.000000000000000000, -0.000000000000000000 ) ) ;
#1125 = CARTESIAN_POINT ( 'NONE',  ( -21.38240995311308268, 12.50000000000000178, 323.4604338720057513 ) ) ;
#1126 = ORIENTED_EDGE ( 'NONE', *, *, #2833, .T. ) ;
#1127 = CARTESIAN_POINT ( 'NONE',  ( -13.48522365642875798, 5.163921856896926954, 484.8000000000001819 ) ) ;
#1128 = CARTESIAN_POINT ( 'NONE',  ( 179.1045555161443303, -0.2847895914150854191, 480.0000000000000568 ) ) ;
#1129 = EDGE_CURVE ( 'NONE', #562, #5354, #185, .T. ) ;
#1130 = CARTESIAN_POINT ( 'NONE',  ( -17.53323023561485883, -9.721860410677352959, 262.5675781869651928 ) ) ;
#1131 = AXIS2_PLACEMENT_3D ( 'NONE', #3165, #6451, #8424 ) ;
#1132 = CARTESIAN_POINT ( 'NONE',  ( -12.69524666236326205, -21.02296289157625253, 264.9999999999998863 ) ) ;
#1133 = EDGE_CURVE ( 'NONE', #5909, #7271, #8305, .T. ) ;
#1134 = CARTESIAN_POINT ( 'NONE',  ( 177.2140440739036933, -0.2340318888846185663, 479.9999999999999432 ) ) ;
#1135 = CARTESIAN_POINT ( 'NONE',  ( -0.04794606564416742378, 12.49999999994289901, 328.4651041736184993 ) ) ;
#1136 = CARTESIAN_POINT ( 'NONE',  ( 7.555039196720725769, -3.336135959216510294, 311.8684376700746839 ) ) ;
#1137 = CARTESIAN_POINT ( 'NONE',  ( 199.5652655127899493, 1.361259802224432880, 549.9999999999998863 ) ) ;
#1138 = VERTEX_POINT ( 'NONE', #4850 ) ;
#1139 = VERTEX_POINT ( 'NONE', #4715 ) ;
#1140 = CARTESIAN_POINT ( 'NONE',  ( -15.25103071782857533, -9.912149031467231808, 327.7445116157817324 ) ) ;
#1141 = CARTESIAN_POINT ( 'NONE',  ( 140.8048684498582190, 18.00000000000000355, 575.0000000000000000 ) ) ;
#1142 = CARTESIAN_POINT ( 'NONE',  ( 39.22781886413584118, 13.43488509759600014, 484.8000000000002387 ) ) ;
#1143 = AXIS2_PLACEMENT_3D ( 'NONE', #1634, #3662, #379 ) ;
#1144 = CARTESIAN_POINT ( 'NONE',  ( -15.35086586037776435, 3.091602260314680883, 264.9999999999998863 ) ) ;
#1145 = EDGE_CURVE ( 'NONE', #4755, #7619, #7348, .T. ) ;
#1146 = CARTESIAN_POINT ( 'NONE',  ( -14.61413433723796018, 0.4136292942533165151, 324.9999999999820375 ) ) ;
#1147 = CARTESIAN_POINT ( 'NONE',  ( 30.96709668288495010, 13.19540211152679632, 479.9988001751814295 ) ) ;
#1148 = ORIENTED_EDGE ( 'NONE', *, *, #7128, .T. ) ;
#1149 = CARTESIAN_POINT ( 'NONE',  ( 65.69130363877256684, 12.71094276425027303, 0.000000000000000000 ) ) ;
#1150 = CARTESIAN_POINT ( 'NONE',  ( 178.8916077018280930, -0.2521523190111030766, 0.000000000000000000 ) ) ;
#1151 = CARTESIAN_POINT ( 'NONE',  ( 140.8048684498582190, -18.00000000000000355, 575.0000000000000000 ) ) ;
#1152 = CARTESIAN_POINT ( 'NONE',  ( 179.6223994067601666, -0.3728986358071959550, 484.8000000000001819 ) ) ;
#1153 = CARTESIAN_POINT ( 'NONE',  ( -49.99999999999999289, -6.999999999999986677, 295.0000000000000000 ) ) ;
#1154 = DIRECTION ( 'NONE',  ( -1.000000000000000000, 0.000000000000000000, 0.000000000000000000 ) ) ;
#1155 = CARTESIAN_POINT ( 'NONE',  ( -8.788676850197434831, 7.105548331497298697, 324.9999999999820375 ) ) ;
#1156 = VERTEX_POINT ( 'NONE', #2254 ) ;
#1157 = CARTESIAN_POINT ( 'NONE',  ( 6.469704797388914130, 11.15783560065992752, 341.3975085941830798 ) ) ;
#1158 = CARTESIAN_POINT ( 'NONE',  ( 179.3285346918228242, -0.3668268220185119111, 0.000000000000000000 ) ) ;
#1159 = CARTESIAN_POINT ( 'NONE',  ( 5.780536214515595184, -3.312630956503142876, 0.000000000000000000 ) ) ;
#1160 = ORIENTED_EDGE ( 'NONE', *, *, #6200, .T. ) ;
#1161 = CARTESIAN_POINT ( 'NONE',  ( 73.03822690971561826, 12.48165505429132516, 479.0499999999998977 ) ) ;
#1162 = CARTESIAN_POINT ( 'NONE',  ( 9.351836138392977560, -3.227169601372426921, 484.8000000000003524 ) ) ;
#1163 = ORIENTED_EDGE ( 'NONE', *, *, #546, .F. ) ;
#1164 = EDGE_CURVE ( 'NONE', #4248, #7747, #4159, .T. ) ;
#1165 = CARTESIAN_POINT ( 'NONE',  ( -59.00000000000000000, 7.500000000000002665, 264.9999999999998863 ) ) ;
#1166 = VECTOR ( 'NONE', #1943, 1000.000000000000000 ) ;
#1167 = CARTESIAN_POINT ( 'NONE',  ( 20.00000000000000000, 3.642033860375761822, 495.0000000000000000 ) ) ;
#1168 = CARTESIAN_POINT ( 'NONE',  ( -16.05554605053511708, 2.870733066186817339, 480.0003612653434288 ) ) ;
#1169 = CARTESIAN_POINT ( 'NONE',  ( 39.50000000000002842, -7.000000000000000000, 318.9999999999999432 ) ) ;
#1170 = CARTESIAN_POINT ( 'NONE',  ( 1.312996324523462377, -2.940313561218608651, 0.000000000000000000 ) ) ;
#1171 = LINE ( 'NONE', #6800, #71 ) ;
#1172 = CARTESIAN_POINT ( 'NONE',  ( -22.16062777901344205, 12.50000000000000178, 323.1047436811023204 ) ) ;
#1173 = EDGE_LOOP ( 'NONE', ( #1514, #610 ) ) ;
#1174 = VECTOR ( 'NONE', #5695, 1000.000000000000000 ) ;
#1175 = CARTESIAN_POINT ( 'NONE',  ( -9.037578645673754352, 6.493988540421182343, 0.000000000000000000 ) ) ;
#1176 = CARTESIAN_POINT ( 'NONE',  ( 213.0268233916300176, 5.964126338523074722, 575.0000000000000000 ) ) ;
#1177 = CARTESIAN_POINT ( 'NONE',  ( -16.65147131488883403, -12.50000000000000000, 266.9594727333679884 ) ) ;
#1178 = EDGE_CURVE ( 'NONE', #1005, #4637, #834, .T. ) ;
#1179 = CARTESIAN_POINT ( 'NONE',  ( -9.839180515705249874, -21.53747056659333126, 264.9999999999998863 ) ) ;
#1180 = LINE ( 'NONE', #616, #1564 ) ;
#1181 = DIRECTION ( 'NONE',  ( 1.000000000000000000, 0.000000000000000000, 0.000000000000000000 ) ) ;
#1182 = CARTESIAN_POINT ( 'NONE',  ( -6.253107619686481655, 11.47426474957362963, 256.2260001223468748 ) ) ;
#1183 = ORIENTED_EDGE ( 'NONE', *, *, #7836, .F. ) ;
#1184 = ORIENTED_EDGE ( 'NONE', *, *, #779, .F. ) ;
#1185 = CARTESIAN_POINT ( 'NONE',  ( -11.34104123395336394, -10.15718799497639502, 328.2096840094318395 ) ) ;
#1186 = CARTESIAN_POINT ( 'NONE',  ( 179.3086852967070115, -0.3632206149468222289, 180.0000000000002842 ) ) ;
#1187 = CARTESIAN_POINT ( 'NONE',  ( -15.74280968497124711, 3.300205011813220679, 484.8000000000001251 ) ) ;
#1188 = CARTESIAN_POINT ( 'NONE',  ( -14.85160255142542063, 3.576446590396077152, 245.0377361896477737 ) ) ;
#1189 = CARTESIAN_POINT ( 'NONE',  ( -12.37070652086639200, -0.4533453345146213342, 344.9937362317282918 ) ) ;
#1190 = CARTESIAN_POINT ( 'NONE',  ( 164.8805970329675858, 2.358024440157591606, 480.0000369097451767 ) ) ;
#1191 = ORIENTED_EDGE ( 'NONE', *, *, #4590, .F. ) ;
#1192 = CARTESIAN_POINT ( 'NONE',  ( 1.122619593841508667, 10.04083753680879987, 480.0000000000000000 ) ) ;
#1193 = CARTESIAN_POINT ( 'NONE',  ( 172.0287144818713330, 1.123915036401927692, 479.9999999999998295 ) ) ;
#1194 = CARTESIAN_POINT ( 'NONE',  ( 0.6097368997176888517, 14.22106106644589474, 549.9999999999998863 ) ) ;
#1195 = CARTESIAN_POINT ( 'NONE',  ( 179.6358483805277331, -0.3894879000592401108, 0.000000000000000000 ) ) ;
#1196 = CARTESIAN_POINT ( 'NONE',  ( 45.00000000000000711, 7.999999999999992895, 4.000000000000000000 ) ) ;
#1197 = CARTESIAN_POINT ( 'NONE',  ( -11.50832335406238016, 5.936108000609436885, 324.9999999999819806 ) ) ;
#1198 = ORIENTED_EDGE ( 'NONE', *, *, #3913, .F. ) ;
#1199 = CARTESIAN_POINT ( 'NONE',  ( -14.26620368311044551, 4.427370611784272825, 479.0500000000002387 ) ) ;
#1200 = CARTESIAN_POINT ( 'NONE',  ( 178.6908869873420542, -0.3116299658889879476, 484.8000000000005798 ) ) ;
#1201 = CARTESIAN_POINT ( 'NONE',  ( 173.0848874176376171, -0.1040025484831954977, 480.0000000000001137 ) ) ;
#1202 = VERTEX_POINT ( 'NONE', #1561 ) ;
#1203 = CARTESIAN_POINT ( 'NONE',  ( 14.43809059493205993, 12.03656992758739719, 479.9999999999999432 ) ) ;
#1204 = CARTESIAN_POINT ( 'NONE',  ( -5.398252977058826119, -1.850581650082053997, 484.7999999999995566 ) ) ;
#1205 = VERTEX_POINT ( 'NONE', #6665 ) ;
#1206 = CARTESIAN_POINT ( 'NONE',  ( 20.86027180600106945, -3.816117678051579087, 316.9999999999999432 ) ) ;
#1207 = CARTESIAN_POINT ( 'NONE',  ( 49.92090343977498179, -25.00000000000001776, 575.0000000000001137 ) ) ;
#1208 = CARTESIAN_POINT ( 'NONE',  ( -16.31655608926223522, 1.942968904050255574, 479.9999842535025891 ) ) ;
#1209 = CARTESIAN_POINT ( 'NONE',  ( -15.43967628065995612, 1.947080244569249663, 0.000000000000000000 ) ) ;
#1210 = CARTESIAN_POINT ( 'NONE',  ( -10.88396900911892473, -1.022690387948147706, 0.000000000000000000 ) ) ;
#1211 = CARTESIAN_POINT ( 'NONE',  ( 10.52844754355231061, 11.40412010804619847, 324.9999999999998863 ) ) ;
#1212 = CARTESIAN_POINT ( 'NONE',  ( -5.793957099389539067, 12.50000000000149214, 332.6802576920249521 ) ) ;
#1213 = ORIENTED_EDGE ( 'NONE', *, *, #8027, .T. ) ;
#1214 = CARTESIAN_POINT ( 'NONE',  ( -10.37716662875701523, 6.730886490100795427, 484.7999999999998977 ) ) ;
#1215 = CARTESIAN_POINT ( 'NONE',  ( 213.0240159205939960, 5.967903799584083124, 575.0000000000000000 ) ) ;
#1216 = CARTESIAN_POINT ( 'NONE',  ( -15.98104007619668288, -9.857882186494576260, 262.3401776813009292 ) ) ;
#1217 = B_SPLINE_CURVE_WITH_KNOTS ( 'NONE', 3,
 ( #8193, #2241, #2282, #2886, #953 ),
 .UNSPECIFIED., .F., .F.,
 ( 4, 1, 4 ),
 ( 0.8519167921874701843, 0.8576791725988892612, 0.8750367474620314168 ),
 .UNSPECIFIED. ) ;
#1218 = CARTESIAN_POINT ( 'NONE',  ( -5.837777429307646315, -1.923794285518207525, 244.9884952168332006 ) ) ;
#1219 = CARTESIAN_POINT ( 'NONE',  ( 137.4672068873614990, -0.9636549490623681491, 179.9999999999999716 ) ) ;
#1220 = DIRECTION ( 'NONE',  ( -1.000000000000000000, 0.000000000000000000, -2.312964634635740689E-15 ) ) ;
#1221 = CARTESIAN_POINT ( 'NONE',  ( 1.337081201297005251, -10.74153377007469068, 279.0102986019604145 ) ) ;
#1222 = AXIS2_PLACEMENT_3D ( 'NONE', #3293, #17, #4548 ) ;
#1223 = CARTESIAN_POINT ( 'NONE',  ( -10.60737334462359982, 12.50000000000000178, 259.1855531119452962 ) ) ;
#1224 = ORIENTED_EDGE ( 'NONE', *, *, #2908, .T. ) ;
#1225 = ORIENTED_EDGE ( 'NONE', *, *, #1588, .F. ) ;
#1226 = CARTESIAN_POINT ( 'NONE',  ( -16.41641961624553758, -9.821043946746382147, 327.5834466383744257 ) ) ;
#1227 = DIRECTION ( 'NONE',  ( -0.000000000000000000, -0.000000000000000000, 1.000000000000000000 ) ) ;
#1228 = CARTESIAN_POINT ( 'NONE',  ( -15.73065506083482568, 3.299876400299454726, 480.0000000000001137 ) ) ;
#1229 = DIRECTION ( 'NONE',  ( -1.000000000000000000, 3.614007241618349264E-16, -0.000000000000000000 ) ) ;
#1230 = CARTESIAN_POINT ( 'NONE',  ( -31.41530663863679251, 14.95473300465419264, 265.0000000000000000 ) ) ;
#1231 = CARTESIAN_POINT ( 'NONE',  ( -11.23047651779612544, -21.24415162891638786, 324.9999999999998863 ) ) ;
#1232 = CARTESIAN_POINT ( 'NONE',  ( 55.27162016254320775, 13.32066771203555255, 479.9990334033893191 ) ) ;
#1233 = ADVANCED_FACE ( 'NONE', ( #3418 ), #5494, .T. ) ;
#1234 = ORIENTED_EDGE ( 'NONE', *, *, #6848, .F. ) ;
#1235 = CARTESIAN_POINT ( 'NONE',  ( 46.61708230992802982, 13.46506174909488784, 484.7999999999996135 ) ) ;
#1236 = CARTESIAN_POINT ( 'NONE',  ( 170.0715686044421773, 1.461896488674552241, 0.000000000000000000 ) ) ;
#1237 = CARTESIAN_POINT ( 'NONE',  ( -60.00000000000000000, -5.551115123125782702E-14, 288.0000000000000568 ) ) ;
#1238 = CARTESIAN_POINT ( 'NONE',  ( 179.1189387099404939, -0.2881406831605658470, 480.0000000000003411 ) ) ;
#1239 = CARTESIAN_POINT ( 'NONE',  ( 10.02545758305014090, -3.274221598855395321, 479.9999999999999432 ) ) ;
#1240 = VECTOR ( 'NONE', #920, 1000.000000000000000 ) ;
#1241 = CARTESIAN_POINT ( 'NONE',  ( -31.01502631315809566, 15.78097733789252821, 324.9999999999998863 ) ) ;
#1242 = CARTESIAN_POINT ( 'NONE',  ( -34.98730854962371239, 11.95082767182055328, 575.0000000000000000 ) ) ;
#1243 = CARTESIAN_POINT ( 'NONE',  ( 179.5874193128985041, -0.3869465190114116937, 484.7999999999994998 ) ) ;
#1244 = CARTESIAN_POINT ( 'NONE',  ( 168.7926645202034308, -0.08030766244338630178, 0.000000000000000000 ) ) ;
#1245 = AXIS2_PLACEMENT_3D ( 'NONE', #2894, #1679, #1600 ) ;
#1246 = CARTESIAN_POINT ( 'NONE',  ( 160.8446027053937257, 2.998295259140310254, 434.0000000000007390 ) ) ;
#1247 = CARTESIAN_POINT ( 'NONE',  ( 145.7293061825303937, -0.5323296135784438832, 480.0000000000000000 ) ) ;
#1248 = ORIENTED_EDGE ( 'NONE', *, *, #1658, .T. ) ;
#1249 = CYLINDRICAL_SURFACE ( 'NONE', #5427, 8.000000000000001776 ) ;
#1250 = CARTESIAN_POINT ( 'NONE',  ( -13.44590554967168572, -0.05304195429326225703, 480.0005933873974300 ) ) ;
#1251 = EDGE_CURVE ( 'NONE', #1717, #4066, #6751, .T. ) ;
#1252 = LINE ( 'NONE', #3883, #3309 ) ;
#1253 = CARTESIAN_POINT ( 'NONE',  ( -49.99999999999999289, 1.110223024625156540E-13, 303.4000000000000341 ) ) ;
#1254 = CARTESIAN_POINT ( 'NONE',  ( -5.146668690575086025, -2.173960104850762409, 0.000000000000000000 ) ) ;
#1255 = CARTESIAN_POINT ( 'NONE',  ( 7.921489394065509337, 31.25507677822848862, 324.9999999999998295 ) ) ;
#1256 = CARTESIAN_POINT ( 'NONE',  ( -3.560103526300832488, 12.50000000000000178, 331.8054763344838420 ) ) ;
#1257 = VERTEX_POINT ( 'NONE', #923 ) ;
#1258 = DIRECTION ( 'NONE',  ( 1.010445639523992807E-14, 0.000000000000000000, -1.000000000000000000 ) ) ;
#1259 = CARTESIAN_POINT ( 'NONE',  ( 212.9663270449074162, 6.044730540437659450, 574.9999999999998863 ) ) ;
#1260 = CARTESIAN_POINT ( 'NONE',  ( -32.37594729742660604, -7.620845106383161927, 264.9999999999998295 ) ) ;
#1261 = CARTESIAN_POINT ( 'NONE',  ( 17.99335550117649873, -3.755804261446963110, 264.9999999999998863 ) ) ;
#1262 = CARTESIAN_POINT ( 'NONE',  ( 14.92950548548044054, -3.747749974680598228, 322.9999999999998863 ) ) ;
#1263 = CARTESIAN_POINT ( 'NONE',  ( -1.786908731566630548, 9.263309550107031498, 345.0253060920892949 ) ) ;
#1264 = CARTESIAN_POINT ( 'NONE',  ( 176.5397503273307791, 13.41419949129370259, 527.4999999999998863 ) ) ;
#1265 = CARTESIAN_POINT ( 'NONE',  ( 178.9311240570247037, -0.2584971724384658720, 0.000000000000000000 ) ) ;
#1266 = ORIENTED_EDGE ( 'NONE', *, *, #8231, .F. ) ;
#1267 = ORIENTED_EDGE ( 'NONE', *, *, #714, .F. ) ;
#1268 = CARTESIAN_POINT ( 'NONE',  ( -16.73804172474229546, -12.50000000000000000, 326.1325763521420527 ) ) ;
#1269 = DIRECTION ( 'NONE',  ( 1.000000000000000000, 0.000000000000000000, 0.000000000000000000 ) ) ;
#1270 = CARTESIAN_POINT ( 'NONE',  ( -11.01502431357670986, 5.605713568511839107, 0.000000000000000000 ) ) ;
#1271 = CARTESIAN_POINT ( 'NONE',  ( 2.609736899717690406, 14.22106106644589474, 549.9999999999998863 ) ) ;
#1272 = ADVANCED_FACE ( 'NONE', ( #182 ), #2248, .T. ) ;
#1273 = CARTESIAN_POINT ( 'NONE',  ( -8.999284766505171618, -21.61490043291752272, 324.9999999999998863 ) ) ;
#1274 = CARTESIAN_POINT ( 'NONE',  ( 10.02170820481654090, 11.28629072261857935, 278.7027182048815916 ) ) ;
#1275 = ORIENTED_EDGE ( 'NONE', *, *, #3729, .T. ) ;
#1276 = CARTESIAN_POINT ( 'NONE',  ( 64.65803863093263715, 13.04547443430113596, 480.0000000000004547 ) ) ;
#1277 = CARTESIAN_POINT ( 'NONE',  ( 178.0946640043522109, -0.1029550344470547829, 484.8000000000000114 ) ) ;
#1278 = CARTESIAN_POINT ( 'NONE',  ( -24.63041014695473052, -12.50000000000000178, 321.1474590035120400 ) ) ;
#1279 = CARTESIAN_POINT ( 'NONE',  ( 175.6110887918231640, 0.4129181052290945009, 0.000000000000000000 ) ) ;
#1280 = CARTESIAN_POINT ( 'NONE',  ( 74.00000000000002842, -3.864852240233503711, 318.9999999999999432 ) ) ;
#1281 = CARTESIAN_POINT ( 'NONE',  ( -15.62275122109266334, 2.938900675060049927, 324.9999999999998295 ) ) ;
#1282 = CARTESIAN_POINT ( 'NONE',  ( -42.07877810018239018, -7.091360016266910371, 574.9999999999998863 ) ) ;
#1283 = CARTESIAN_POINT ( 'NONE',  ( 179.1347111030222550, -0.3502083914692886157, 0.000000000000000000 ) ) ;
#1284 = CARTESIAN_POINT ( 'NONE',  ( 132.3128236747269568, -1.155294152689071874, 484.8000000000007503 ) ) ;
#1285 = CYLINDRICAL_SURFACE ( 'NONE', #2695, 1.000000000000000888 ) ;
#1286 = CARTESIAN_POINT ( 'NONE',  ( 126.3192003598809237, -1.608250353137633537, 0.000000000000000000 ) ) ;
#1287 = CARTESIAN_POINT ( 'NONE',  ( -16.04571079313861404, 1.868108738691283355, 345.0354188185255566 ) ) ;
#1288 = CARTESIAN_POINT ( 'NONE',  ( -10.11607163113296615, -1.053824950041687414, 480.0001995180849690 ) ) ;
#1289 = DIRECTION ( 'NONE',  ( -1.000000000000000000, -0.000000000000000000, -0.000000000000000000 ) ) ;
#1290 = DIRECTION ( 'NONE',  ( -1.000000000000000000, -0.000000000000000000, -0.000000000000000000 ) ) ;
#1291 = CARTESIAN_POINT ( 'NONE',  ( -13.35307842288795754, -0.2030987925562750263, 0.000000000000000000 ) ) ;
#1292 = CARTESIAN_POINT ( 'NONE',  ( 6.054751110287742044, 10.75381915568759972, 324.9999999999643592 ) ) ;
#1293 = CARTESIAN_POINT ( 'NONE',  ( 56.00000000000000000, -3.000000000000007994, 571.0000000000000000 ) ) ;
#1294 = ORIENTED_EDGE ( 'NONE', *, *, #4464, .T. ) ;
#1295 = CARTESIAN_POINT ( 'NONE',  ( 179.2723136884364408, -0.3133506144402821714, 480.0000000000000000 ) ) ;
#1296 = CARTESIAN_POINT ( 'NONE',  ( 213.0099359679886106, 5.986792283808128445, 575.0000000000000000 ) ) ;
#1297 = CARTESIAN_POINT ( 'NONE',  ( -6.978884997908921584, -21.96737997410872723, 264.9999999999998295 ) ) ;
#1298 = CARTESIAN_POINT ( 'NONE',  ( 184.9999999999999716, -24.99999999999998579, 575.0000000000000000 ) ) ;
#1299 = CARTESIAN_POINT ( 'NONE',  ( -15.06454280524622291, 3.641318458162656757, 345.0382167540610112 ) ) ;
#1300 = DIRECTION ( 'NONE',  ( 1.000000000000000000, -0.000000000000000000, -0.000000000000000000 ) ) ;
#1301 = AXIS2_PLACEMENT_3D ( 'NONE', #7035, #4397, #7585 ) ;
#1302 = CARTESIAN_POINT ( 'NONE',  ( 5.696164492347536523, 10.87230793708836707, 480.0020297289699442 ) ) ;
#1303 = ORIENTED_EDGE ( 'NONE', *, *, #1810, .F. ) ;
#1304 = ORIENTED_EDGE ( 'NONE', *, *, #6786, .T. ) ;
#1305 = CARTESIAN_POINT ( 'NONE',  ( 156.0524832324655051, -0.1136637878620017778, 479.0499999999998408 ) ) ;
#1306 = EDGE_CURVE ( 'NONE', #6316, #1825, #3548, .T. ) ;
#1307 = CARTESIAN_POINT ( 'NONE',  ( 179.3264502165620229, -0.3627714056898672657, 179.9999999999997158 ) ) ;
#1308 = CARTESIAN_POINT ( 'NONE',  ( -16.28276801086705916, 1.837218724313026241, 480.0000000000000000 ) ) ;
#1309 = DIRECTION ( 'NONE',  ( 0.000000000000000000, 1.000000000000000000, -0.000000000000000000 ) ) ;
#1310 = CARTESIAN_POINT ( 'NONE',  ( -15.86743216231745457, 1.649507630894151644, 265.0000000000357545 ) ) ;
#1311 = CARTESIAN_POINT ( 'NONE',  ( -8.439658634206555377, -1.433935740546951498, 324.9999999999998863 ) ) ;
#1312 = CARTESIAN_POINT ( 'NONE',  ( 155.1117807192614464, -0.2226286565086620928, 480.0000000000000568 ) ) ;
#1313 = ORIENTED_EDGE ( 'NONE', *, *, #2286, .T. ) ;
#1314 = CARTESIAN_POINT ( 'NONE',  ( -13.47215274747598279, 5.162278072005647367, 480.0000000000001705 ) ) ;
#1315 = CARTESIAN_POINT ( 'NONE',  ( 172.9500042083958533, 0.9476629655475991010, 484.8000000000001819 ) ) ;
#1316 = LINE ( 'NONE', #3955, #3852 ) ;
#1317 = CARTESIAN_POINT ( 'NONE',  ( 175.7339637657426579, 0.3975650606749668858, 480.0000000000002842 ) ) ;
#1318 = DIRECTION ( 'NONE',  ( 0.000000000000000000, 0.000000000000000000, 1.000000000000000000 ) ) ;
#1319 = CARTESIAN_POINT ( 'NONE',  ( -15.21291741355736349, 3.480884962046998599, 345.0385742151854629 ) ) ;
#1320 = CARTESIAN_POINT ( 'NONE',  ( -33.39205857927678522, 12.99232316471782234, 574.9999999999998863 ) ) ;
#1321 = CARTESIAN_POINT ( 'NONE',  ( 179.6652113678923968, -0.3905251619301205457, 484.8000000000007503 ) ) ;
#1322 = CARTESIAN_POINT ( 'NONE',  ( 162.5380566247195588, -0.05840627960562631144, 484.7999999999996135 ) ) ;
#1323 = CARTESIAN_POINT ( 'NONE',  ( 23.37580079073996231, 12.79913768633969617, 479.9999999999999432 ) ) ;
#1324 = CARTESIAN_POINT ( 'NONE',  ( 132.3092528716824461, -1.156614488275884423, 480.0000000000006821 ) ) ;
#1325 = CARTESIAN_POINT ( 'NONE',  ( -60.00000000000000000, -7.499999999999999112, 269.9999999999998863 ) ) ;
#1326 = CARTESIAN_POINT ( 'NONE',  ( 3.700711253864387817, -2.829880332028815282, 480.0000000000000000 ) ) ;
#1327 = DIRECTION ( 'NONE',  ( -0.000000000000000000, 1.000000000000000000, -0.000000000000000000 ) ) ;
#1328 = FACE_OUTER_BOUND ( 'NONE', #1566, .T. ) ;
#1329 = CARTESIAN_POINT ( 'NONE',  ( -13.95080214761354753, 0.05478149679117970405, 0.000000000000000000 ) ) ;
#1330 = CARTESIAN_POINT ( 'NONE',  ( 1.444010289436940875, -10.61929086004682965, 260.8454837255605412 ) ) ;
#1331 = CARTESIAN_POINT ( 'NONE',  ( -12.94645794306276088, 12.50000000000000178, 327.6405307936287841 ) ) ;
#1332 = ORIENTED_EDGE ( 'NONE', *, *, #319, .T. ) ;
#1333 = CARTESIAN_POINT ( 'NONE',  ( 178.4969175465840578, -0.2976456078832808716, 480.0000000000001705 ) ) ;
#1334 = CARTESIAN_POINT ( 'NONE',  ( 178.6940598876160777, -0.2076746821110573016, 480.0000000000012506 ) ) ;
#1335 = CARTESIAN_POINT ( 'NONE',  ( 45.00000000000002132, 3.000000000000000000, 321.9999999999999432 ) ) ;
#1336 = DIRECTION ( 'NONE',  ( -0.000000000000000000, 1.000000000000000000, -0.000000000000000000 ) ) ;
#1337 = EDGE_CURVE ( 'NONE', #4541, #3455, #101, .T. ) ;
#1338 = CARTESIAN_POINT ( 'NONE',  ( -16.06832335738054596, 2.018360848856382006, 345.0392403693946335 ) ) ;
#1339 = DIRECTION ( 'NONE',  ( -1.000000000000000000, 0.000000000000000000, 0.000000000000000000 ) ) ;
#1340 = CARTESIAN_POINT ( 'NONE',  ( 9.431955425392695602, 11.43713566499377698, 479.9982196888082626 ) ) ;
#1341 = ORIENTED_EDGE ( 'NONE', *, *, #5612, .F. ) ;
#1342 = ORIENTED_EDGE ( 'NONE', *, *, #445, .F. ) ;
#1343 = CARTESIAN_POINT ( 'NONE',  ( -8.530348542016525926, -12.49999999999999822, 324.2922476679396482 ) ) ;
#1344 = CARTESIAN_POINT ( 'NONE',  ( 178.8207796385153188, -0.2376233439187723229, 434.0000000000001137 ) ) ;
#1345 = PLANE ( 'NONE',  #1222 ) ;
#1346 = MANIFOLD_SOLID_BREP ( 'Fillet3', #6544 ) ;
#1347 = CARTESIAN_POINT ( 'NONE',  ( -15.61324897481095242, 2.673051248325880369, 245.0400490504444804 ) ) ;
#1348 = CARTESIAN_POINT ( 'NONE',  ( -15.95004888973819490, -20.22959003344866602, 324.9999999999998863 ) ) ;
#1349 = AXIS2_PLACEMENT_3D ( 'NONE', #3862, #4025, #4672 ) ;
#1350 = B_SPLINE_CURVE_WITH_KNOTS ( 'NONE', 3,
 ( #3612, #334, #5600, #7572, #8259, #2355, #7611, #4340, #1064, #3044, #6329, #5204, #1831, #3736, #2441, #553, #3178, #7109, #1741, #4559, #5854, #3783, #7739, #8433, #6419, #1917, #505, #7652, #3827, #4382 ),
 .UNSPECIFIED., .F., .F.,
 ( 4, 2, 2, 2, 2, 2, 2, 2, 2, 2, 2, 2, 2, 2, 4 ),
 ( 0.03427396945411428225, 0.03471608286566529866, 0.03515819627721630813, 0.03560030968876732455, 0.03604242310031833402, 0.03692664992342035990, 0.03781087674652238578, 0.03957933039272643061, 0.04134778403893047544, 0.04311623768513452720, 0.04488469133133857203, 0.04842159862374666168, 0.05195850591615476521, 0.05549541320856285487, 0.06256922779337904805 ),
 .UNSPECIFIED. ) ;
#1351 = FACE_OUTER_BOUND ( 'NONE', #5129, .T. ) ;
#1352 = EDGE_LOOP ( 'NONE', ( #7640, #4977, #5666, #3384, #7727, #4064, #909, #796, #2039, #4012, #2780 ) ) ;
#1353 = CIRCLE ( 'NONE', #6183, 5.000000000000000888 ) ;
#1354 = ORIENTED_EDGE ( 'NONE', *, *, #3716, .F. ) ;
#1355 = CARTESIAN_POINT ( 'NONE',  ( -11.76316932623526412, 6.097564934011805882, 484.7999999999994429 ) ) ;
#1356 = ORIENTED_EDGE ( 'NONE', *, *, #6911, .F. ) ;
#1357 = CARTESIAN_POINT ( 'NONE',  ( 141.2737659297938819, 5.851432463350822566, 484.8000000000000114 ) ) ;
#1358 = CARTESIAN_POINT ( 'NONE',  ( -11.68927088167301953, -12.50000000000000000, 323.8891711734123078 ) ) ;
#1359 = CARTESIAN_POINT ( 'NONE',  ( 179.1042782553597021, -0.2856739422456378574, 484.8000000000002956 ) ) ;
#1360 = AXIS2_PLACEMENT_3D ( 'NONE', #7715, #430, #384 ) ;
#1361 = DIRECTION ( 'NONE',  ( 1.000000000000000000, 0.000000000000000000, 0.000000000000000000 ) ) ;
#1362 = CARTESIAN_POINT ( 'NONE',  ( -15.95617839194720311, 2.344609352777327516, 324.9999999998926796 ) ) ;
#1363 = CARTESIAN_POINT ( 'NONE',  ( -12.87277737273456069, 5.324969705885720828, 479.0500000000000114 ) ) ;
#1364 = CARTESIAN_POINT ( 'NONE',  ( 178.3318983316439699, -0.1491705515324701081, 479.9999999999998863 ) ) ;
#1365 = CARTESIAN_POINT ( 'NONE',  ( 170.2535039429155574, -0.06261061152700533872, 480.0000000000002842 ) ) ;
#1366 = CARTESIAN_POINT ( 'NONE',  ( 138.4278544123163783, 6.220570200048370246, 434.0000000000000568 ) ) ;
#1367 = CARTESIAN_POINT ( 'NONE',  ( 50.01579269298395758, -4.070398742811987880, 480.0000000000006253 ) ) ;
#1368 = DIRECTION ( 'NONE',  ( 1.000000000000000000, 0.000000000000000000, 0.000000000000000000 ) ) ;
#1369 = CARTESIAN_POINT ( 'NONE',  ( 25.68063280482046906, 12.50272442990484123, 0.000000000000000000 ) ) ;
#1370 = LINE ( 'NONE', #4009, #6749 ) ;
#1371 = CARTESIAN_POINT ( 'NONE',  ( 83.41125060206313435, -3.799612411080438346, 0.000000000000000000 ) ) ;
#1372 = AXIS2_PLACEMENT_3D ( 'NONE', #1153, #4425, #6977 ) ;
#1373 = DIRECTION ( 'NONE',  ( 1.000000000000000000, 0.000000000000000000, 0.000000000000000000 ) ) ;
#1374 = VERTEX_POINT ( 'NONE', #4281 ) ;
#1375 = CARTESIAN_POINT ( 'NONE',  ( 179.5558328121157956, -0.3843390057457081732, 480.0000000000000000 ) ) ;
#1376 = CARTESIAN_POINT ( 'NONE',  ( 178.1905776531396839, -0.1085517825480160070, 479.9999999999989200 ) ) ;
#1377 = CARTESIAN_POINT ( 'NONE',  ( -2.119743803061406862, -2.414265254459088794, 264.9999999999287184 ) ) ;
#1378 = CARTESIAN_POINT ( 'NONE',  ( 6.371691940674414134, -6.408128025460689159, 333.9079285346946335 ) ) ;
#1379 = DIRECTION ( 'NONE',  ( -0.000000000000000000, 1.000000000000000000, -0.000000000000000000 ) ) ;
#1380 = CYLINDRICAL_SURFACE ( 'NONE', #8460, 1.000000000000000888 ) ;
#1381 = CARTESIAN_POINT ( 'NONE',  ( 174.2351096104238479, 0.6966025727418381219, 479.9952108062052503 ) ) ;
#1382 = VERTEX_POINT ( 'NONE', #5618 ) ;
#1383 = ADVANCED_FACE ( 'NONE', ( #8281, #3460, #3760, #6922, #5580 ), #3594, .F. ) ;
#1384 = VERTEX_POINT ( 'NONE', #2334 ) ;
#1385 = CARTESIAN_POINT ( 'NONE',  ( 0.2972017555162558833, -12.49999999999343814, 327.6012406445252623 ) ) ;
#1386 = CARTESIAN_POINT ( 'NONE',  ( 179.1478196552610314, -0.2932801254874542463, 434.0000000000001137 ) ) ;
#1387 = EDGE_CURVE ( 'NONE', #4799, #2505, #4414, .T. ) ;
#1388 = DIRECTION ( 'NONE',  ( -0.000000000000000000, -1.000000000000000000, -0.000000000000000000 ) ) ;
#1389 = CARTESIAN_POINT ( 'NONE',  ( -15.89418205959117714, 1.776200839742749116, 265.0000000000540012 ) ) ;
#1390 = CARTESIAN_POINT ( 'NONE',  ( 5.859333688225342840, -3.096979289055008522, 324.9999999999642455 ) ) ;
#1391 = CARTESIAN_POINT ( 'NONE',  ( -34.83692395409391196, -5.151824735038233349, 324.9999999999998295 ) ) ;
#1392 = ORIENTED_EDGE ( 'NONE', *, *, #365, .T. ) ;
#1393 = ORIENTED_EDGE ( 'NONE', *, *, #6640, .F. ) ;
#1394 = CARTESIAN_POINT ( 'NONE',  ( -16.26680833995730779, 2.482628477546126700, 480.0000000000005116 ) ) ;
#1395 = ORIENTED_EDGE ( 'NONE', *, *, #3503, .F. ) ;
#1396 = CARTESIAN_POINT ( 'NONE',  ( 117.7085213699710948, 8.790852632961161817, 480.0000000000002842 ) ) ;
#1397 = CARTESIAN_POINT ( 'NONE',  ( 39.50000000000002842, 3.000000000000000000, 318.9999999999999432 ) ) ;
#1398 = CARTESIAN_POINT ( 'NONE',  ( 173.6449985066282693, 0.8126298537061723559, 484.7999999999997272 ) ) ;
#1399 = EDGE_CURVE ( 'NONE', #4700, #6626, #3591, .T. ) ;
#1400 = DIRECTION ( 'NONE',  ( 0.000000000000000000, 0.000000000000000000, 1.000000000000000000 ) ) ;
#1401 = CARTESIAN_POINT ( 'NONE',  ( -15.77135932204748414, 2.724214533780088043, 324.9999999999998863 ) ) ;
#1402 = CARTESIAN_POINT ( 'NONE',  ( -14.55976888664091717, 0.3815568957952834572, 479.9999999999987494 ) ) ;
#1403 = CARTESIAN_POINT ( 'NONE',  ( 178.0946640043522109, -0.1029550344470547829, 484.8000000000000114 ) ) ;
#1404 = CARTESIAN_POINT ( 'NONE',  ( 178.8018294378918540, -0.3227118378417206945, 0.000000000000000000 ) ) ;
#1405 = DIRECTION ( 'NONE',  ( -1.000000000000000000, 0.000000000000000000, 0.000000000000000000 ) ) ;
#1406 = EDGE_CURVE ( 'NONE', #4245, #3134, #2422, .T. ) ;
#1407 = CARTESIAN_POINT ( 'NONE',  ( -0.1607415714035670684, -12.49999999999999822, 329.4085990699450122 ) ) ;
#1408 = CARTESIAN_POINT ( 'NONE',  ( 103.0378865257724499, -2.980921702196101641, 0.000000000000000000 ) ) ;
#1409 = ADVANCED_FACE ( 'NONE', ( #3673 ), #5661, .T. ) ;
#1410 = CARTESIAN_POINT ( 'NONE',  ( -24.42320018589200004, -8.729110129898144166, 263.8373854016141422 ) ) ;
#1411 = AXIS2_PLACEMENT_3D ( 'NONE', #1605, #6839, #2898 ) ;
#1412 = CARTESIAN_POINT ( 'NONE',  ( 154.0000000000000000, 0.000000000000000000, 519.9999999999998863 ) ) ;
#1413 = AXIS2_PLACEMENT_3D ( 'NONE', #4271, #4437, #5088 ) ;
#1414 = CARTESIAN_POINT ( 'NONE',  ( -49.99999999999999289, -5.533970067937719529E-14, 286.6000000000000227 ) ) ;
#1415 = DIRECTION ( 'NONE',  ( 0.000000000000000000, 0.000000000000000000, 1.000000000000000000 ) ) ;
#1416 = CARTESIAN_POINT ( 'NONE',  ( 83.55344463350023432, -3.580958819520635661, 484.8000000000002387 ) ) ;
#1417 = CARTESIAN_POINT ( 'NONE',  ( -4.103248748458943496, -2.029567179110544739, 484.8000000000005798 ) ) ;
#1418 = VERTEX_POINT ( 'NONE', #1941 ) ;
#1419 = CARTESIAN_POINT ( 'NONE',  ( -15.93458128960008935, 3.044823465643497595, 480.0000000000002842 ) ) ;
#1420 = CARTESIAN_POINT ( 'NONE',  ( 177.9981046782267526, -0.06982742248209734826, 480.0000000000008527 ) ) ;
#1421 = VECTOR ( 'NONE', #2902, 1000.000000000000000 ) ;
#1422 = CARTESIAN_POINT ( 'NONE',  ( 15.53565647206736244, -3.667815441651235631, 265.0000000002842739 ) ) ;
#1423 = DIRECTION ( 'NONE',  ( -1.000000000000000000, 0.000000000000000000, 0.000000000000000000 ) ) ;
#1424 = AXIS2_PLACEMENT_3D ( 'NONE', #3881, #7796, #4521 ) ;
#1425 = CARTESIAN_POINT ( 'NONE',  ( -49.99999999999999289, 1.111937530143962858E-13, 300.6000000000000227 ) ) ;
#1426 = CARTESIAN_POINT ( 'NONE',  ( 14.92950548548043876, -2.000000000000000000, 342.9999999999999432 ) ) ;
#1427 = CARTESIAN_POINT ( 'NONE',  ( 172.3919533657626175, 1.055057703060891194, 480.0045914087897359 ) ) ;
#1428 = ORIENTED_EDGE ( 'NONE', *, *, #3959, .T. ) ;
#1429 = VECTOR ( 'NONE', #391, 1000.000000000000000 ) ;
#1430 = EDGE_LOOP ( 'NONE', ( #2862, #1804, #229, #5797, #5710, #3173, #5640 ) ) ;
#1431 = CARTESIAN_POINT ( 'NONE',  ( 1.720444849953551181, -10.54722971824495303, 329.1783153445118728 ) ) ;
#1432 = ADVANCED_FACE ( 'NONE', ( #3283 ), #7809, .F. ) ;
#1433 = CARTESIAN_POINT ( 'NONE',  ( 1.499260999905817293, -10.55609781639726563, 260.7928155965000769 ) ) ;
#1434 = CARTESIAN_POINT ( 'NONE',  ( -15.00000000000002309, 24.99999999999998934, 575.0000000000000000 ) ) ;
#1435 = CARTESIAN_POINT ( 'NONE',  ( -15.90759090975000412, 1.968858982034575211, 264.9999999999642455 ) ) ;
#1436 = CARTESIAN_POINT ( 'NONE',  ( -59.00000000000000000, -7.499999999999998224, 319.9999999999998863 ) ) ;
#1437 = VECTOR ( 'NONE', #4019, 1000.000000000000000 ) ;
#1438 = DIRECTION ( 'NONE',  ( 0.000000000000000000, 0.000000000000000000, -1.000000000000000000 ) ) ;
#1439 = EDGE_LOOP ( 'NONE', ( #3636, #7427, #580 ) ) ;
#1440 = VERTEX_POINT ( 'NONE', #6527 ) ;
#1441 = CARTESIAN_POINT ( 'NONE',  ( -14.56292053636571637, 4.425828859560478890, 484.7999999999994998 ) ) ;
#1442 = ORIENTED_EDGE ( 'NONE', *, *, #5387, .T. ) ;
#1443 = CARTESIAN_POINT ( 'NONE',  ( 18.81960269152234488, 12.47689290710999899, 480.0000000000004547 ) ) ;
#1444 = LINE ( 'NONE', #844, #6618 ) ;
#1445 = CARTESIAN_POINT ( 'NONE',  ( 170.0715686044421773, 1.461896488674552241, 0.000000000000000000 ) ) ;
#1446 = AXIS2_PLACEMENT_3D ( 'NONE', #6511, #3834, #79 ) ;
#1447 = CARTESIAN_POINT ( 'NONE',  ( -8.070681554721442552, 6.930005832337500671, 0.000000000000000000 ) ) ;
#1448 = CARTESIAN_POINT ( 'NONE',  ( -16.04798289023810653, 1.883185476649875678, 345.0358024347280548 ) ) ;
#1449 = CARTESIAN_POINT ( 'NONE',  ( -33.33100738357345705, -13.03218183661435248, 575.0000000000000000 ) ) ;
#1450 = CARTESIAN_POINT ( 'NONE',  ( 178.6509928305549693, -0.2080843563998996115, 480.0000000000001137 ) ) ;
#1451 = CARTESIAN_POINT ( 'NONE',  ( 179.0213315115409785, -0.3406081189126065611, 0.000000000000000000 ) ) ;
#1452 = CARTESIAN_POINT ( 'NONE',  ( -19.76424413796832624, 9.776417234718067562, 260.9130408174705167 ) ) ;
#1453 = FACE_OUTER_BOUND ( 'NONE', #7993, .T. ) ;
#1454 = CARTESIAN_POINT ( 'NONE',  ( 171.8466964852550802, -0.09917325880769785329, 0.000000000000000000 ) ) ;
#1455 = CARTESIAN_POINT ( 'NONE',  ( -28.94861368229582155, 8.073776023301455496, 325.8628361005654028 ) ) ;
#1456 = CARTESIAN_POINT ( 'NONE',  ( -60.00000000000000000, -7.499999999999998224, 264.9999999999998863 ) ) ;
#1457 = DIRECTION ( 'NONE',  ( -0.000000000000000000, 1.000000000000000000, -0.000000000000000000 ) ) ;
#1458 = DIRECTION ( 'NONE',  ( 1.000000000000000000, -0.000000000000000000, -0.000000000000000000 ) ) ;
#1459 = CARTESIAN_POINT ( 'NONE',  ( 137.5863742976799244, -0.9904066149026217181, 0.000000000000000000 ) ) ;
#1460 = CARTESIAN_POINT ( 'NONE',  ( -11.80429458896140460, -0.5743267474298184849, 484.7999999999999545 ) ) ;
#1461 = ORIENTED_EDGE ( 'NONE', *, *, #3332, .T. ) ;
#1462 = CARTESIAN_POINT ( 'NONE',  ( 153.0852628111908871, 25.00000000000003197, 575.0000000000013642 ) ) ;
#1463 = CARTESIAN_POINT ( 'NONE',  ( -12.74352450776498280, -0.4308216180677003626, 0.000000000000000000 ) ) ;
#1464 = CARTESIAN_POINT ( 'NONE',  ( 17.32633731060354521, -3.696972146681746452, 316.9999999999999432 ) ) ;
#1465 = CARTESIAN_POINT ( 'NONE',  ( -49.99999999999999289, 6.999999999999988454, 293.5999999999999091 ) ) ;
#1466 = FACE_OUTER_BOUND ( 'NONE', #7912, .T. ) ;
#1467 = CARTESIAN_POINT ( 'NONE',  ( 0.7536636120186406274, 12.21885314993295069, 264.9995573711195220 ) ) ;
#1468 = CARTESIAN_POINT ( 'NONE',  ( 178.9650536262227547, -0.2641641556851995198, 0.000000000000000000 ) ) ;
#1469 = VERTEX_POINT ( 'NONE', #2682 ) ;
#1470 = ORIENTED_EDGE ( 'NONE', *, *, #4091, .F. ) ;
#1471 = CARTESIAN_POINT ( 'NONE',  ( 1.819937675367686136, -12.50000000000000000, 327.6805232668979784 ) ) ;
#1472 = CARTESIAN_POINT ( 'NONE',  ( 17.12128024037913576, -3.736979509622511131, 245.1634241344406462 ) ) ;
#1473 = DIRECTION ( 'NONE',  ( -1.000000000000000000, 0.000000000000000000, 0.000000000000000000 ) ) ;
#1474 = CARTESIAN_POINT ( 'NONE',  ( -24.79937830111104446, -16.80164897144069514, 264.9999999999999432 ) ) ;
#1475 = CARTESIAN_POINT ( 'NONE',  ( 3.865088502814493232, -3.159748169853668909, 0.000000000000000000 ) ) ;
#1476 = B_SPLINE_CURVE_WITH_KNOTS ( 'NONE', 3,
 ( #717, #1915, #3259, #2613, #6545, #1358, #6504, #7192, #676, #1959, #25, #5161, #3910, #3344, #1278, #5891, #8515, #5246, #7147, #4598 ),
 .UNSPECIFIED., .F., .F.,
 ( 4, 2, 2, 2, 2, 2, 2, 2, 2, 4 ),
 ( 3.209238430557093125E-17, 0.003965067297043566898, 0.007930134594087100836, 0.01189520189113063564, 0.01387773553965240131, 0.01586026918817417738, 0.01982533648521773301, 0.02379040378226128516, 0.02775547107930484425, 0.03172053837634840334 ),
 .UNSPECIFIED. ) ;
#1477 = DIRECTION ( 'NONE',  ( 1.000000000000000000, 0.000000000000000000, 0.000000000000000000 ) ) ;
#1478 = ORIENTED_EDGE ( 'NONE', *, *, #2669, .F. ) ;
#1479 = VECTOR ( 'NONE', #2767, 1000.000000000000000 ) ;
#1480 = CARTESIAN_POINT ( 'NONE',  ( -35.11600534731628898, 7.499999999999566569, 264.9999999999998295 ) ) ;
#1481 = ORIENTED_EDGE ( 'NONE', *, *, #5365, .T. ) ;
#1482 = CARTESIAN_POINT ( 'NONE',  ( -15.74280968497124711, 3.300205011813220679, 484.8000000000001251 ) ) ;
#1483 = VERTEX_POINT ( 'NONE', #1298 ) ;
#1484 = CARTESIAN_POINT ( 'NONE',  ( 129.0474599744955242, 7.330320395594376315, 0.000000000000000000 ) ) ;
#1485 = CARTESIAN_POINT ( 'NONE',  ( -60.00000000000000000, -12.49999999999999822, 324.9999999999998863 ) ) ;
#1486 = CARTESIAN_POINT ( 'NONE',  ( 157.1316013417298905, 3.574618523668342096, 480.0000000000004547 ) ) ;
#1487 = CARTESIAN_POINT ( 'NONE',  ( -4.211269195399880871, 8.493165598104480907, 264.9999999999819806 ) ) ;
#1488 = CARTESIAN_POINT ( 'NONE',  ( -35.03988897189898211, -4.566285886316350684, 324.9999999999999432 ) ) ;
#1489 = CARTESIAN_POINT ( 'NONE',  ( -13.85640338740969035, 0.09434900575366979292, 479.9995061533825265 ) ) ;
#1490 = DIRECTION ( 'NONE',  ( 0.000000000000000000, 0.000000000000000000, -1.000000000000000000 ) ) ;
#1491 = CARTESIAN_POINT ( 'NONE',  ( 179.6228673654615591, -0.3737301795846849628, 0.000000000000000000 ) ) ;
#1492 = CARTESIAN_POINT ( 'NONE',  ( 179.6805448837741892, -0.3865505938747066383, 484.7999999999992156 ) ) ;
#1493 = CARTESIAN_POINT ( 'NONE',  ( 0.1436408604006084722, 11.84252696139318672, 254.2156663180682017 ) ) ;
#1494 = DIRECTION ( 'NONE',  ( 1.000000000000000000, 0.000000000000000000, 0.000000000000000000 ) ) ;
#1495 = CARTESIAN_POINT ( 'NONE',  ( 176.5104384787628078, -0.2112085668519355086, 484.7999999999999545 ) ) ;
#1496 = CARTESIAN_POINT ( 'NONE',  ( -13.41921102994373882, -12.49999999999999822, 263.4594291902399732 ) ) ;
#1497 = DIRECTION ( 'NONE',  ( 1.000000000000000000, 0.000000000000000000, 0.000000000000000000 ) ) ;
#1498 = CARTESIAN_POINT ( 'NONE',  ( 64.50005441264607953, -4.027643544126023656, 311.4999999999997726 ) ) ;
#1499 = CARTESIAN_POINT ( 'NONE',  ( 1.696823433226871014, 11.91216676627798243, 253.7343669164797575 ) ) ;
#1500 = CARTESIAN_POINT ( 'NONE',  ( 15.01366798195515351, -3.508652782660410363, 479.9999999999999432 ) ) ;
#1501 = CARTESIAN_POINT ( 'NONE',  ( -13.95080214761354753, 0.05478149679117970405, 0.000000000000000000 ) ) ;
#1502 = ORIENTED_EDGE ( 'NONE', *, *, #5282, .F. ) ;
#1503 = VECTOR ( 'NONE', #3689, 1000.000000000000000 ) ;
#1504 = CARTESIAN_POINT ( 'NONE',  ( 165.6622073085238753, 24.99999999999997868, 575.0000000000000000 ) ) ;
#1505 = CARTESIAN_POINT ( 'NONE',  ( 174.0699401764568393, 0.5760819100872359710, 479.0499999999999545 ) ) ;
#1506 = AXIS2_PLACEMENT_3D ( 'NONE', #1931, #1290, #1415 ) ;
#1507 = EDGE_CURVE ( 'NONE', #6138, #8034, #3281, .T. ) ;
#1508 = PLANE ( 'NONE',  #4212 ) ;
#1509 = CARTESIAN_POINT ( 'NONE',  ( 164.6861746698830302, 2.356922097261328286, 0.000000000000000000 ) ) ;
#1510 = AXIS2_PLACEMENT_3D ( 'NONE', #1485, #2173, #7954 ) ;
#1511 = FACE_BOUND ( 'NONE', #7555, .T. ) ;
#1512 = CARTESIAN_POINT ( 'NONE',  ( 45.00000000000000711, -4.148680361291821050, 318.9999999999999432 ) ) ;
#1513 = CARTESIAN_POINT ( 'NONE',  ( 150.1924201125049763, -0.4273949009109216934, 0.000000000000000000 ) ) ;
#1514 = ORIENTED_EDGE ( 'NONE', *, *, #8517, .F. ) ;
#1515 = CARTESIAN_POINT ( 'NONE',  ( 214.9866399265320638, 0.6270805528368028625, 575.0000000000000000 ) ) ;
#1516 = CARTESIAN_POINT ( 'NONE',  ( 34.71125804112625701, -4.300087277776126982, 0.000000000000000000 ) ) ;
#1517 = CARTESIAN_POINT ( 'NONE',  ( 10.65013634284185784, 11.44203032303759926, 479.0500000000006366 ) ) ;
#1518 = EDGE_CURVE ( 'NONE', #7309, #3755, #4719, .T. ) ;
#1519 = CARTESIAN_POINT ( 'NONE',  ( -31.95831216086454063, -10.37459223629733174, 264.9999999999998863 ) ) ;
#1520 = CARTESIAN_POINT ( 'NONE',  ( -6.252716960336958785, -2.037681824853898593, 0.000000000000000000 ) ) ;
#1521 = CARTESIAN_POINT ( 'NONE',  ( 163.3148638551168972, -0.05272901930151641103, 480.0000000000000000 ) ) ;
#1522 = ORIENTED_EDGE ( 'NONE', *, *, #4304, .T. ) ;
#1523 = AXIS2_PLACEMENT_3D ( 'NONE', #3609, #1659, #8256 ) ;
#1524 = CARTESIAN_POINT ( 'NONE',  ( -0.8810422564203866935, 12.50000000000000178, 332.9173234560227002 ) ) ;
#1525 = ORIENTED_EDGE ( 'NONE', *, *, #4216, .T. ) ;
#1526 = CARTESIAN_POINT ( 'NONE',  ( 120.9932936199123645, -1.784842463690856640, 480.0000000000000000 ) ) ;
#1527 = B_SPLINE_CURVE_WITH_KNOTS ( 'NONE', 3,
 ( #5945, #3269, #7885, #3882 ),
 .UNSPECIFIED., .F., .F.,
 ( 4, 4 ),
 ( 0.000000000000000000, 0.01500000257108702675 ),
 .UNSPECIFIED. ) ;
#1528 = EDGE_LOOP ( 'NONE', ( #3256, #8253, #5370, #2601 ) ) ;
#1529 = CARTESIAN_POINT ( 'NONE',  ( 13.17898526449600638, 11.92255191709181261, 479.9999999999997158 ) ) ;
#1530 = LINE ( 'NONE', #5329, #6902 ) ;
#1531 = CARTESIAN_POINT ( 'NONE',  ( 157.1251210967463408, 3.576126655751157291, 484.8000000000004661 ) ) ;
#1532 = CARTESIAN_POINT ( 'NONE',  ( 6.230633800698308633, 10.71360009036857264, 264.9999999999641318 ) ) ;
#1533 = CARTESIAN_POINT ( 'NONE',  ( -35.77409952662973325, -1.432646662753646716, 324.9999999999998863 ) ) ;
#1534 = CARTESIAN_POINT ( 'NONE',  ( 118.1155190966247517, -1.950107575500059864, 480.0000000000000000 ) ) ;
#1535 = CARTESIAN_POINT ( 'NONE',  ( -18.05135017773468320, -23.00785612509943689, 575.0000000000001137 ) ) ;
#1536 = CARTESIAN_POINT ( 'NONE',  ( 179.1365487957734786, -0.2909034429714744130, 484.8000000000003524 ) ) ;
#1537 = CARTESIAN_POINT ( 'NONE',  ( 179.6631224529951112, -0.3814005897323746175, 484.7999999999997840 ) ) ;
#1538 = CARTESIAN_POINT ( 'NONE',  ( 45.00000000000002132, -4.146923868913771294, 321.9999999999999432 ) ) ;
#1539 = CARTESIAN_POINT ( 'NONE',  ( 74.00000000000002842, 3.000000000000000000, 318.9999999999999432 ) ) ;
#1540 = CARTESIAN_POINT ( 'NONE',  ( 175.9564666456865609, -0.2004643193727667361, 0.000000000000000000 ) ) ;
#1541 = AXIS2_PLACEMENT_3D ( 'NONE', #3347, #28, #2657 ) ;
#1542 = CARTESIAN_POINT ( 'NONE',  ( -4.385265390573159117, -10.43331325327447878, 261.1402001373688790 ) ) ;
#1543 = CARTESIAN_POINT ( 'NONE',  ( -60.00000000000000000, 7.500000000000002665, 323.9999999999998863 ) ) ;
#1544 = CARTESIAN_POINT ( 'NONE',  ( 45.00000000000002132, -7.000000000000000000, 321.9999999999999432 ) ) ;
#1545 = CARTESIAN_POINT ( 'NONE',  ( 9.220118439742345018, 11.16060529130542989, 245.9494596255608769 ) ) ;
#1546 = CARTESIAN_POINT ( 'NONE',  ( 126.6508388871298791, -1.463313533376820352, 479.9999999999994884 ) ) ;
#1547 = CARTESIAN_POINT ( 'NONE',  ( -6.687969257384455801, -1.656052731520758492, 480.0000000000003411 ) ) ;
#1548 = ORIENTED_EDGE ( 'NONE', *, *, #6080, .F. ) ;
#1549 = CARTESIAN_POINT ( 'NONE',  ( 166.8553349073998504, 1.777477593876225503, 479.0499999999999545 ) ) ;
#1550 = CARTESIAN_POINT ( 'NONE',  ( 167.9102956612081528, 1.596682972413265400, 479.0499999999999545 ) ) ;
#1551 = DIRECTION ( 'NONE',  ( 0.000000000000000000, 1.000000000000000000, 0.000000000000000000 ) ) ;
#1552 = FACE_OUTER_BOUND ( 'NONE', #2203, .T. ) ;
#1553 = CARTESIAN_POINT ( 'NONE',  ( -13.27141805419251419, -10.05914082719639779, 261.9763562779529593 ) ) ;
#1554 = EDGE_CURVE ( 'NONE', #5909, #3276, #1982, .T. ) ;
#1555 = CYLINDRICAL_SURFACE ( 'NONE', #2034, 3.149999999999999911 ) ;
#1556 = CARTESIAN_POINT ( 'NONE',  ( 168.2561051892132866, -0.05293950669439657919, 480.0000000000000000 ) ) ;
#1557 = CARTESIAN_POINT ( 'NONE',  ( 179.5110591763935588, -0.3581665849492120524, 433.9999999999998863 ) ) ;
#1558 = CARTESIAN_POINT ( 'NONE',  ( 50.00000000000000000, 3.000000000000000000, 338.9999999999999432 ) ) ;
#1559 = VECTOR ( 'NONE', #7223, 1000.000000000000000 ) ;
#1560 = CARTESIAN_POINT ( 'NONE',  ( -15.13217443550720454, 0.7523428261113604965, 264.9999999999909619 ) ) ;
#1561 = CARTESIAN_POINT ( 'NONE',  ( 175.4628258227722313, 0.4519751704831234673, 480.0000000000000000 ) ) ;
#1562 = CARTESIAN_POINT ( 'NONE',  ( 140.8048684498582190, 18.00000000000000355, 575.0000000000000000 ) ) ;
#1563 = ORIENTED_EDGE ( 'NONE', *, *, #7334, .F. ) ;
#1564 = VECTOR ( 'NONE', #5956, 1000.000000000000000 ) ;
#1565 = CARTESIAN_POINT ( 'NONE',  ( -28.10665554215336570, 12.50000000000000711, 264.5769617709405566 ) ) ;
#1566 = EDGE_LOOP ( 'NONE', ( #6378, #6293, #6102, #8015 ) ) ;
#1567 = ADVANCED_FACE ( 'NONE', ( #4624 ), #3243, .F. ) ;
#1568 = CARTESIAN_POINT ( 'NONE',  ( -60.00000000000000000, 6.999999999999988454, 293.5999999999999091 ) ) ;
#1569 = ORIENTED_EDGE ( 'NONE', *, *, #1602, .F. ) ;
#1570 = CARTESIAN_POINT ( 'NONE',  ( 50.00000000000000000, 0.9999999999999943379, 338.9999999999999432 ) ) ;
#1571 = CARTESIAN_POINT ( 'NONE',  ( 169.4750937906892148, 1.589832884879827990, 480.0000000000001137 ) ) ;
#1572 = AXIS2_PLACEMENT_3D ( 'NONE', #2890, #5529, #2071 ) ;
#1573 = CARTESIAN_POINT ( 'NONE',  ( -8.227687997523391417, 7.220641104366039897, 264.9999999999819806 ) ) ;
#1574 = CARTESIAN_POINT ( 'NONE',  ( -15.94537427657972373, 1.617938231839666452, 324.9999999999999432 ) ) ;
#1575 = CARTESIAN_POINT ( 'NONE',  ( 89.47235246632526184, -24.99999999999999289, 575.0000000000002274 ) ) ;
#1576 = ORIENTED_EDGE ( 'NONE', *, *, #904, .F. ) ;
#1577 = CARTESIAN_POINT ( 'NONE',  ( 146.1556661685591791, 5.183276309448398678, 484.8000000000006366 ) ) ;
#1578 = CARTESIAN_POINT ( 'NONE',  ( 179.0835090010093893, -0.3458545580995858737, 0.000000000000000000 ) ) ;
#1579 = CARTESIAN_POINT ( 'NONE',  ( -24.22241348802207384, 8.844817006069119358, 262.6511057234558280 ) ) ;
#1580 = PLANE ( 'NONE',  #8387 ) ;
#1581 = CARTESIAN_POINT ( 'NONE',  ( 176.4260419063955965, -0.2159371727581584077, 0.000000000000000000 ) ) ;
#1582 = CARTESIAN_POINT ( 'NONE',  ( -12.21454292862634361, -12.49999999999999822, 266.1678963718953241 ) ) ;
#1583 = CARTESIAN_POINT ( 'NONE',  ( 33.10009873341303432, -4.069007663678473108, 321.1157019324455177 ) ) ;
#1584 = VERTEX_POINT ( 'NONE', #4536 ) ;
#1585 = VECTOR ( 'NONE', #7252, 1000.000000000000000 ) ;
#1586 = DIRECTION ( 'NONE',  ( -0.000000000000000000, -0.000000000000000000, 1.000000000000000000 ) ) ;
#1587 = EDGE_CURVE ( 'NONE', #398, #3991, #6260, .T. ) ;
#1588 = EDGE_CURVE ( 'NONE', #371, #3455, #3894, .T. ) ;
#1589 = CARTESIAN_POINT ( 'NONE',  ( 175.9564666456865609, -0.2004643193727667361, 0.000000000000000000 ) ) ;
#1590 = CARTESIAN_POINT ( 'NONE',  ( -4.100825255654071633, -2.032809435610510196, 480.0000000000005116 ) ) ;
#1591 = ORIENTED_EDGE ( 'NONE', *, *, #6582, .T. ) ;
#1592 = CARTESIAN_POINT ( 'NONE',  ( 68.49999999999997158, -3.965957343743206742, 314.0000000000058549 ) ) ;
#1593 = CARTESIAN_POINT ( 'NONE',  ( -14.27681197132894120, 0.2612123839635183131, 479.9999999999994316 ) ) ;
#1594 = CARTESIAN_POINT ( 'NONE',  ( 17.32136734776664966, -3.704168244741517846, 305.8698961922673334 ) ) ;
#1595 = FACE_OUTER_BOUND ( 'NONE', #2405, .T. ) ;
#1596 = CARTESIAN_POINT ( 'NONE',  ( -10.33217142841485270, -10.21870248204720966, 261.6554828678567333 ) ) ;
#1597 = CARTESIAN_POINT ( 'NONE',  ( 55.99999999999999289, 4.999999999999992006, 575.0000000000000000 ) ) ;
#1598 = DIRECTION ( 'NONE',  ( -0.000000000000000000, -0.000000000000000000, 1.000000000000000000 ) ) ;
#1599 = CARTESIAN_POINT ( 'NONE',  ( 174.9646317818935586, -0.2059331324792462448, 479.0500000000023419 ) ) ;
#1600 = DIRECTION ( 'NONE',  ( -1.000000000000000000, 0.000000000000000000, 0.000000000000000000 ) ) ;
#1601 = CARTESIAN_POINT ( 'NONE',  ( -25.96576415016787465, 17.84074963117499379, 575.0000000000000000 ) ) ;
#1602 = EDGE_CURVE ( 'NONE', #6365, #1717, #7721, .T. ) ;
#1603 = CARTESIAN_POINT ( 'NONE',  ( -13.77343200178894733, 0.02154786209883168338, 244.9965247321625839 ) ) ;
#1604 = CARTESIAN_POINT ( 'NONE',  ( 90.18336224010219837, 11.22913806788481317, 0.000000000000000000 ) ) ;
#1605 = CARTESIAN_POINT ( 'NONE',  ( -60.00000000000000000, -6.999999999999986677, 295.0000000000000000 ) ) ;
#1606 = ORIENTED_EDGE ( 'NONE', *, *, #2051, .T. ) ;
#1607 = CARTESIAN_POINT ( 'NONE',  ( -16.67562103247512084, 12.50000000000000178, 264.3451081136568632 ) ) ;
#1608 = EDGE_LOOP ( 'NONE', ( #7217, #1833, #4993, #4467, #8119, #2948, #6604, #6933, #2381, #4186 ) ) ;
#1609 = EDGE_LOOP ( 'NONE', ( #3598, #6149, #8222, #8302, #2361, #5067, #5952, #2651 ) ) ;
#1610 = CARTESIAN_POINT ( 'NONE',  ( -7.608252828162592962, -1.633623757766097695, 244.9891360241429084 ) ) ;
#1611 = CARTESIAN_POINT ( 'NONE',  ( -9.368913683457790853, 7.141295909911153039, 484.7999999999995566 ) ) ;
#1612 = CARTESIAN_POINT ( 'NONE',  ( 8.468275632421338628, 11.03504526206711844, 245.0219859815213681 ) ) ;
#1613 = EDGE_CURVE ( 'NONE', #8059, #3899, #3201, .T. ) ;
#1614 = CARTESIAN_POINT ( 'NONE',  ( -15.30062050460649203, 0.8443661484433077069, 345.0073022208950420 ) ) ;
#1615 = VECTOR ( 'NONE', #2796, 1000.000000000000000 ) ;
#1616 = CARTESIAN_POINT ( 'NONE',  ( 122.5613411471780836, -24.99999999999998934, 574.9999999999998863 ) ) ;
#1617 = ORIENTED_EDGE ( 'NONE', *, *, #1044, .F. ) ;
#1618 = CARTESIAN_POINT ( 'NONE',  ( 164.4272967997114563, 2.432631802965700363, 484.7999999999992156 ) ) ;
#1619 = CARTESIAN_POINT ( 'NONE',  ( 179.2471954550240696, -0.3092232991469078818, 479.9999999999998863 ) ) ;
#1620 = CARTESIAN_POINT ( 'NONE',  ( -20.46884364214330176, -12.50000000000032507, 325.6841732496748705 ) ) ;
#1621 = CARTESIAN_POINT ( 'NONE',  ( 0.7418463230745093728, 12.22855855130002745, 324.9995600797401494 ) ) ;
#1622 = CARTESIAN_POINT ( 'NONE',  ( 179.3669371508039774, -0.3693641824639470328, 484.8000000000002956 ) ) ;
#1623 = B_SPLINE_CURVE_WITH_KNOTS ( 'NONE', 3,
 ( #3981, #660, #5272, #1381, #7812, #702, #1427, #4707, #7981, #11, #3286, #5231 ),
 .UNSPECIFIED., .F., .F.,
 ( 4, 2, 2, 2, 2, 4 ),
 ( 0.000000000000000000, 0.0009388160162814879629, 0.001877632032562975926, 0.003755264065125951851, 0.005632896097688928211, 0.007510528130251903703 ),
 .UNSPECIFIED. ) ;
#1624 = CARTESIAN_POINT ( 'NONE',  ( -13.07290589410345838, 10.88463502606518674, 331.6508495849186602 ) ) ;
#1625 = DIRECTION ( 'NONE',  ( -1.000000000000000000, -0.000000000000000000, -0.000000000000000000 ) ) ;
#1626 = ORIENTED_EDGE ( 'NONE', *, *, #3622, .F. ) ;
#1627 = CIRCLE ( 'NONE', #3838, 2.000000000000001776 ) ;
#1628 = CARTESIAN_POINT ( 'NONE',  ( -24.28943851034542334, -8.775355855984406261, 326.2083570159711030 ) ) ;
#1629 = CARTESIAN_POINT ( 'NONE',  ( 162.0452908397753617, -0.1066482759819040033, 0.000000000000000000 ) ) ;
#1630 = CARTESIAN_POINT ( 'NONE',  ( 9.353638152638675152, -3.230488057031605464, 480.0000000000003411 ) ) ;
#1631 = ORIENTED_EDGE ( 'NONE', *, *, #529, .T. ) ;
#1632 = FACE_OUTER_BOUND ( 'NONE', #4939, .T. ) ;
#1633 = CARTESIAN_POINT ( 'NONE',  ( -15.02381742328137193, 0.7880684819408501074, 0.000000000000000000 ) ) ;
#1634 = CARTESIAN_POINT ( 'NONE',  ( 0.6097368997176888517, -14.22106106644589474, 575.0000000000000000 ) ) ;
#1635 = CARTESIAN_POINT ( 'NONE',  ( 167.2449245657303152, 1.952854528380131294, 179.9999999999999432 ) ) ;
#1636 = CARTESIAN_POINT ( 'NONE',  ( 34.49363614727229077, -4.074495326211553525, 338.8039898803370420 ) ) ;
#1637 = DIRECTION ( 'NONE',  ( -1.000000000000000000, 0.000000000000000000, 0.000000000000000000 ) ) ;
#1638 = CARTESIAN_POINT ( 'NONE',  ( 178.9311240570247037, -0.2584971724384658720, 0.000000000000000000 ) ) ;
#1639 = CARTESIAN_POINT ( 'NONE',  ( 179.6832068226328829, -0.3879446594930216485, 479.9999999999985789 ) ) ;
#1640 = CARTESIAN_POINT ( 'NONE',  ( 184.9999999999999716, -24.99999999999998579, 575.0000000000000000 ) ) ;
#1641 = CARTESIAN_POINT ( 'NONE',  ( -13.66250962521072232, -0.02319482804393114758, 244.9961620433193730 ) ) ;
#1642 = CARTESIAN_POINT ( 'NONE',  ( 177.2591535292351352, -0.2356156659378865204, 480.0000000000000000 ) ) ;
#1643 = CARTESIAN_POINT ( 'NONE',  ( 174.4485298944847216, -0.1423910622695865325, 434.0000000000002274 ) ) ;
#1644 = CARTESIAN_POINT ( 'NONE',  ( 20.00000000000000000, 3.642033860375761822, 0.000000000000000000 ) ) ;
#1645 = CARTESIAN_POINT ( 'NONE',  ( -18.57542865299550527, 12.50000000000000178, 265.3010289113190652 ) ) ;
#1646 = ORIENTED_EDGE ( 'NONE', *, *, #1844, .F. ) ;
#1647 = ORIENTED_EDGE ( 'NONE', *, *, #6615, .T. ) ;
#1648 = EDGE_CURVE ( 'NONE', #7658, #3613, #1180, .T. ) ;
#1649 = CARTESIAN_POINT ( 'NONE',  ( 174.8686036637307097, -0.1619088309627938482, 180.0000000000000853 ) ) ;
#1650 = CARTESIAN_POINT ( 'NONE',  ( 46.61708230992802982, 13.46506174909488784, 484.7999999999996135 ) ) ;
#1651 = CARTESIAN_POINT ( 'NONE',  ( -3.233616778821977178, 8.729933462588233439, 245.0261075308343948 ) ) ;
#1652 = CARTESIAN_POINT ( 'NONE',  ( -14.95067110599807236, 0.6094943246006898629, 324.9999999999640750 ) ) ;
#1653 = CARTESIAN_POINT ( 'NONE',  ( 120.0384149250420052, -1.839459143381151129, 480.0000000000000000 ) ) ;
#1654 = ORIENTED_EDGE ( 'NONE', *, *, #3969, .F. ) ;
#1655 = CARTESIAN_POINT ( 'NONE',  ( 165.0515877543363672, 2.296492863462257894, 0.000000000000000000 ) ) ;
#1656 = CARTESIAN_POINT ( 'NONE',  ( 179.6520006852142046, -0.3800095318273943867, 0.000000000000000000 ) ) ;
#1657 = CARTESIAN_POINT ( 'NONE',  ( -17.45766722790283154, -12.49999999999999822, 322.8673009389264053 ) ) ;
#1658 = EDGE_CURVE ( 'NONE', #5848, #842, #50, .T. ) ;
#1659 = DIRECTION ( 'NONE',  ( -0.000000000000000000, 1.000000000000000000, -0.000000000000000000 ) ) ;
#1660 = CARTESIAN_POINT ( 'NONE',  ( 179.4654470622491544, -0.3453993604932796280, 480.0000000000001137 ) ) ;
#1661 = LINE ( 'NONE', #6418, #1918 ) ;
#1662 = CARTESIAN_POINT ( 'NONE',  ( 26.09666729672691332, -3.951611898743267126, 317.6678829459047506 ) ) ;
#1663 = CARTESIAN_POINT ( 'NONE',  ( -12.86712186928670931, 5.254018276788873898, 345.0335573282956148 ) ) ;
#1664 = ORIENTED_EDGE ( 'NONE', *, *, #1090, .T. ) ;
#1665 = CARTESIAN_POINT ( 'NONE',  ( -25.96576415016787465, 17.84074963117499735, 575.0000000000000000 ) ) ;
#1666 = CARTESIAN_POINT ( 'NONE',  ( 149.4942963167617052, -0.4553763770814573952, 0.000000000000000000 ) ) ;
#1667 = CARTESIAN_POINT ( 'NONE',  ( -1.507465901254644303, -2.342117027563401344, 484.7999999999994998 ) ) ;
#1668 = ORIENTED_EDGE ( 'NONE', *, *, #2247, .T. ) ;
#1669 = EDGE_CURVE ( 'NONE', #6659, #5517, #5653, .T. ) ;
#1670 = CARTESIAN_POINT ( 'NONE',  ( 122.5712462999990606, 25.00000000000000000, 575.0000000000002274 ) ) ;
#1671 = CARTESIAN_POINT ( 'NONE',  ( -4.100825255654071633, -2.032809435610510196, 480.0000000000005116 ) ) ;
#1672 = DIRECTION ( 'NONE',  ( -1.000000000000000000, 0.000000000000000000, 0.000000000000000000 ) ) ;
#1673 = CARTESIAN_POINT ( 'NONE',  ( -12.51223099643202374, 5.709856265243345774, 479.9999178667100068 ) ) ;
#1674 = CARTESIAN_POINT ( 'NONE',  ( -24.16769102377455170, -8.773943516359775430, 263.7803169833600236 ) ) ;
#1675 = CARTESIAN_POINT ( 'NONE',  ( 173.8991586315732718, 0.7546497483138756568, 0.000000000000000000 ) ) ;
#1676 = CARTESIAN_POINT ( 'NONE',  ( -35.32525794835802202, 7.500000000000108358, 324.9999999999998863 ) ) ;
#1677 = CARTESIAN_POINT ( 'NONE',  ( -15.45539092237115320, 3.627542445908428448, 484.7999999999996135 ) ) ;
#1678 = CARTESIAN_POINT ( 'NONE',  ( 173.0448190597452935, -0.1037842005003579149, 480.0000000000015348 ) ) ;
#1679 = DIRECTION ( 'NONE',  ( -0.000000000000000000, -0.000000000000000000, -1.000000000000000000 ) ) ;
#1680 = CARTESIAN_POINT ( 'NONE',  ( -10.79162974174517409, -21.37663274786932277, 264.9999999999999432 ) ) ;
#1681 = CARTESIAN_POINT ( 'NONE',  ( 177.3695076223024500, -0.2396070434754271894, 480.0000000000000000 ) ) ;
#1682 = B_SPLINE_CURVE_WITH_KNOTS ( 'NONE', 3,
 ( #5781, #3928, #3270, #470 ),
 .UNSPECIFIED., .F., .F.,
 ( 4, 4 ),
 ( 6.418806508714932365E-18, 0.001490028343646158200 ),
 .UNSPECIFIED. ) ;
#1683 = CARTESIAN_POINT ( 'NONE',  ( 179.6214105269462777, -0.3854458263518074079, 434.0000000000006821 ) ) ;
#1684 = LINE ( 'NONE', #2471, #4058 ) ;
#1685 = DIRECTION ( 'NONE',  ( -0.000000000000000000, -0.000000000000000000, 1.000000000000000000 ) ) ;
#1686 = EDGE_LOOP ( 'NONE', ( #2435, #6337, #2103, #2600 ) ) ;
#1687 = EDGE_CURVE ( 'NONE', #5324, #6436, #530, .T. ) ;
#1688 = ORIENTED_EDGE ( 'NONE', *, *, #8182, .T. ) ;
#1689 = CARTESIAN_POINT ( 'NONE',  ( 176.9853270229658335, -0.2311273211898211555, 180.0000000000001137 ) ) ;
#1690 = CARTESIAN_POINT ( 'NONE',  ( 20.05138076352200471, 12.11477920958154186, 0.000000000000000000 ) ) ;
#1691 = CARTESIAN_POINT ( 'NONE',  ( -15.40776557431074067, 2.959664260968628557, 245.0390864326039093 ) ) ;
#1692 = CARTESIAN_POINT ( 'NONE',  ( -14.14082043991629511, 0.1915086188342135787, 344.9975682826448633 ) ) ;
#1693 = FACE_OUTER_BOUND ( 'NONE', #8214, .T. ) ;
#1694 = VECTOR ( 'NONE', #8054, 1000.000000000000000 ) ;
#1695 = ORIENTED_EDGE ( 'NONE', *, *, #5791, .T. ) ;
#1696 = CARTESIAN_POINT ( 'NONE',  ( 173.6507730386431092, 0.8113716344267045688, 479.9999999999997726 ) ) ;
#1697 = CARTESIAN_POINT ( 'NONE',  ( 179.5846532353714053, -0.3868135951900047997, 0.000000000000000000 ) ) ;
#1698 = CARTESIAN_POINT ( 'NONE',  ( 39.50000000000002842, 3.000000000000000000, 318.9999999999999432 ) ) ;
#1699 = CARTESIAN_POINT ( 'NONE',  ( 179.3035713611694462, -0.3181774561818160874, 484.7999999999994998 ) ) ;
#1700 = DIRECTION ( 'NONE',  ( -1.000000000000000000, 0.000000000000000000, 0.000000000000000000 ) ) ;
#1701 = CARTESIAN_POINT ( 'NONE',  ( 40.92950548548049028, -7.000000000000000000, 575.0000000000000000 ) ) ;
#1702 = CARTESIAN_POINT ( 'NONE',  ( -9.582962737323985181, 6.827239011664780755, 345.0299710062369627 ) ) ;
#1703 = ORIENTED_EDGE ( 'NONE', *, *, #2421, .F. ) ;
#1704 = AXIS2_PLACEMENT_3D ( 'NONE', #4936, #4455, #7595 ) ;
#1705 = CYLINDRICAL_SURFACE ( 'NONE', #3559, 2.000000000000001776 ) ;
#1706 = CARTESIAN_POINT ( 'NONE',  ( 176.4260419063955965, -0.2159371727581584077, 0.000000000000000000 ) ) ;
#1707 = CARTESIAN_POINT ( 'NONE',  ( -0.2051657827764376829, -2.482288674659357319, 479.9999999999998863 ) ) ;
#1708 = EDGE_LOOP ( 'NONE', ( #6928, #3051, #7518, #1576, #315, #2231, #6562, #4509, #1267, #5564 ) ) ;
#1709 = CARTESIAN_POINT ( 'NONE',  ( 112.3567029134488990, 25.00000000000001421, 575.0000000000001137 ) ) ;
#1710 = CARTESIAN_POINT ( 'NONE',  ( 20.80862673098597071, -4.032766398263228247, 0.000000000000000000 ) ) ;
#1711 = CARTESIAN_POINT ( 'NONE',  ( -1.790171334047837126, -12.46548568389081701, 264.3261419479538290 ) ) ;
#1712 = CARTESIAN_POINT ( 'NONE',  ( 152.6761104397055533, 4.202931780019739882, 179.9999999999997442 ) ) ;
#1713 = CARTESIAN_POINT ( 'NONE',  ( 46.67257315975590615, -4.159141721436121486, 304.0000000000000000 ) ) ;
#1714 = DIRECTION ( 'NONE',  ( -0.000000000000000000, 0.000000000000000000, 1.000000000000000000 ) ) ;
#1715 = CARTESIAN_POINT ( 'NONE',  ( -31.01163009194564779, -12.50000000000000000, 269.9159837186857658 ) ) ;
#1716 = CARTESIAN_POINT ( 'NONE',  ( -26.29126775285063644, 8.478853725740592040, 326.6851605024977516 ) ) ;
#1717 = VERTEX_POINT ( 'NONE', #6487 ) ;
#1718 = CARTESIAN_POINT ( 'NONE',  ( 1.122619593841508667, 10.04083753680879987, 480.0000000000000000 ) ) ;
#1719 = CARTESIAN_POINT ( 'NONE',  ( 213.0296280342570014, 5.960348951872777690, 575.0000000000000000 ) ) ;
#1720 = CARTESIAN_POINT ( 'NONE',  ( -0.8810422564203866935, 12.50000000000000178, 332.9173234560227002 ) ) ;
#1721 = CARTESIAN_POINT ( 'NONE',  ( -12.73963670235654000, -0.3545201623153598769, 264.9999999999954525 ) ) ;
#1722 = CARTESIAN_POINT ( 'NONE',  ( -49.99999999999999289, 6.999999999999988454, 294.9999999999999432 ) ) ;
#1723 = CARTESIAN_POINT ( 'NONE',  ( -1.127460156741317387, -12.32700735546422344, 326.3509244402604281 ) ) ;
#1724 = CARTESIAN_POINT ( 'NONE',  ( 1.217863579096961635, 12.50000000000000178, 256.4597235708385483 ) ) ;
#1725 = VERTEX_POINT ( 'NONE', #1219 ) ;
#1726 = EDGE_LOOP ( 'NONE', ( #7950, #7823, #1234, #3880 ) ) ;
#1727 = DIRECTION ( 'NONE',  ( -0.000000000000000000, -0.000000000000000000, 1.000000000000000000 ) ) ;
#1728 = CARTESIAN_POINT ( 'NONE',  ( 1.109574817118943457, 10.04410538617507065, 484.8000000000000114 ) ) ;
#1729 = ADVANCED_FACE ( 'NONE', ( #6567 ), #2432, .F. ) ;
#1730 = CARTESIAN_POINT ( 'NONE',  ( -30.18556735823054638, 16.45609725122023193, 264.9999999999998863 ) ) ;
#1731 = CARTESIAN_POINT ( 'NONE',  ( -17.80526675643488943, -19.70879257487022329, 324.9999999999999432 ) ) ;
#1732 = CARTESIAN_POINT ( 'NONE',  ( 45.00000000000000711, 7.999999999999992895, 0.000000000000000000 ) ) ;
#1733 = EDGE_LOOP ( 'NONE', ( #4997, #1815, #3655, #3599 ) ) ;
#1734 = CARTESIAN_POINT ( 'NONE',  ( 172.9500042083958533, 0.9476629655475991010, 484.8000000000001819 ) ) ;
#1735 = EDGE_CURVE ( 'NONE', #8226, #8372, #2459, .T. ) ;
#1736 = CARTESIAN_POINT ( 'NONE',  ( 179.1749398370855886, -0.3536458699244799941, 0.000000000000000000 ) ) ;
#1737 = CARTESIAN_POINT ( 'NONE',  ( 137.4672068873615558, 6.347435019065557071, 434.0000000000000568 ) ) ;
#1738 = CARTESIAN_POINT ( 'NONE',  ( 179.2553949887262377, -0.3605449118594362679, 0.000000000000000000 ) ) ;
#1739 = CARTESIAN_POINT ( 'NONE',  ( 56.00000000000000000, 0.9999999999999922284, 338.9999999999999432 ) ) ;
#1740 = EDGE_CURVE ( 'NONE', #8395, #6020, #2147, .T. ) ;
#1741 = CARTESIAN_POINT ( 'NONE',  ( -9.442684421050028476, 6.724809834688818100, 245.0299426540541390 ) ) ;
#1742 = CARTESIAN_POINT ( 'NONE',  ( -12.16258602441244108, 5.640259172689733980, 345.0325795532572215 ) ) ;
#1743 = EDGE_LOOP ( 'NONE', ( #3339, #7484, #5921, #4844 ) ) ;
#1744 = FACE_OUTER_BOUND ( 'NONE', #7760, .T. ) ;
#1745 = CARTESIAN_POINT ( 'NONE',  ( 174.5002454657331157, -0.1427085148151105709, 480.0000000000000000 ) ) ;
#1746 = VECTOR ( 'NONE', #5958, 1000.000000000000000 ) ;
#1747 = CARTESIAN_POINT ( 'NONE',  ( 30.28671187949859345, -3.938157837356208280, 480.0000000000000000 ) ) ;
#1748 = ORIENTED_EDGE ( 'NONE', *, *, #3198, .F. ) ;
#1749 = CARTESIAN_POINT ( 'NONE',  ( 39.45082309431839462, 13.43728064590361093, 480.0000000000006253 ) ) ;
#1750 = CARTESIAN_POINT ( 'NONE',  ( -0.2051657827764376829, -2.482288674659357319, 479.9999999999998863 ) ) ;
#1751 = EDGE_CURVE ( 'NONE', #6365, #7013, #739, .T. ) ;
#1752 = ORIENTED_EDGE ( 'NONE', *, *, #8140, .F. ) ;
#1753 = DIRECTION ( 'NONE',  ( -0.000000000000000000, -0.000000000000000000, 1.000000000000000000 ) ) ;
#1754 = CARTESIAN_POINT ( 'NONE',  ( -35.70677545819562226, -0.7799890932860575887, 265.0000000000001137 ) ) ;
#1755 = CARTESIAN_POINT ( 'NONE',  ( 63.80486844985845352, 16.00000000000000000, 549.9999999999998863 ) ) ;
#1756 = CARTESIAN_POINT ( 'NONE',  ( -21.28286540860624498, -9.234820229967281691, 263.2025587372768314 ) ) ;
#1757 = CARTESIAN_POINT ( 'NONE',  ( -15.24682053801738846, 1.025590132473305660, 0.000000000000000000 ) ) ;
#1758 = PLANE ( 'NONE',  #3491 ) ;
#1759 = CARTESIAN_POINT ( 'NONE',  ( -19.07400462675525432, 12.50000000000000178, 324.5839274367540384 ) ) ;
#1760 = ORIENTED_EDGE ( 'NONE', *, *, #8441, .F. ) ;
#1761 = CARTESIAN_POINT ( 'NONE',  ( -3.135809833173868189, 9.079141839719385487, 484.7999999999998977 ) ) ;
#1762 = CARTESIAN_POINT ( 'NONE',  ( 178.4086843958612860, -0.2806029728433950821, 479.0499999999995566 ) ) ;
#1763 = EDGE_CURVE ( 'NONE', #6531, #4584, #4663, .T. ) ;
#1764 = CARTESIAN_POINT ( 'NONE',  ( -18.04744335375179531, -12.49999999999967315, 264.0134680260377991 ) ) ;
#1765 = CARTESIAN_POINT ( 'NONE',  ( -12.99741239285028627, -0.2707784650286680361, 244.9948509620389530 ) ) ;
#1766 =( NAMED_UNIT ( * ) PLANE_ANGLE_UNIT ( ) SI_UNIT ( $, .RADIAN. ) );
#1767 = CARTESIAN_POINT ( 'NONE',  ( 149.8872921381819765, -0.3772221065531813355, 434.0000000000000568 ) ) ;
#1768 = CARTESIAN_POINT ( 'NONE',  ( 61.80486844985845352, -16.00000000000000000, 575.0000000000000000 ) ) ;
#1769 = CARTESIAN_POINT ( 'NONE',  ( -0.3607474557354415912, 12.50000000000000178, 257.0942201716572413 ) ) ;
#1770 = ORIENTED_EDGE ( 'NONE', *, *, #2196, .T. ) ;
#1771 = EDGE_LOOP ( 'NONE', ( #7311, #4492, #2536, #4657 ) ) ;
#1772 = B_SPLINE_CURVE_WITH_KNOTS ( 'NONE', 3,
 ( #7414, #1498, #4051, #4741 ),
 .UNSPECIFIED., .F., .F.,
 ( 4, 4 ),
 ( 6.938893903907228378E-18, 0.006000596609098580135 ),
 .UNSPECIFIED. ) ;
#1773 = CARTESIAN_POINT ( 'NONE',  ( -6.902068682671138156, -1.754105561783000367, 244.9888611710707380 ) ) ;
#1774 = CARTESIAN_POINT ( 'NONE',  ( 57.56396988985712682, 13.27199742884554112, 479.9999999999999432 ) ) ;
#1775 = CARTESIAN_POINT ( 'NONE',  ( -15.32102927863712871, 3.066834381073231253, 245.0388518376597631 ) ) ;
#1776 = CARTESIAN_POINT ( 'NONE',  ( -15.00675607155571889, 0.6405177717356700384, 345.0041342294945252 ) ) ;
#1777 = DIRECTION ( 'NONE',  ( -0.000000000000000000, -0.000000000000000000, 1.000000000000000000 ) ) ;
#1778 = VECTOR ( 'NONE', #2980, 1000.000000000000000 ) ;
#1779 = ORIENTED_EDGE ( 'NONE', *, *, #2759, .F. ) ;
#1780 = CARTESIAN_POINT ( 'NONE',  ( 47.73914881024762025, 13.10635989400364565, 0.000000000000000000 ) ) ;
#1781 = ADVANCED_FACE ( 'NONE', ( #4840 ), #7336, .T. ) ;
#1782 = CARTESIAN_POINT ( 'NONE',  ( 179.0087710708319833, -0.2698703366677540627, 484.7999999999998977 ) ) ;
#1783 = CARTESIAN_POINT ( 'NONE',  ( 82.65080883497073216, -3.594570608163270897, 479.9992906481788850 ) ) ;
#1784 = CARTESIAN_POINT ( 'NONE',  ( 179.3285346918228242, -0.3668268220185119111, 0.000000000000000000 ) ) ;
#1785 = DIRECTION ( 'NONE',  ( -1.000000000000000000, 1.445602896647339656E-16, 0.000000000000000000 ) ) ;
#1786 = VECTOR ( 'NONE', #8096, 1000.000000000000000 ) ;
#1787 = CARTESIAN_POINT ( 'NONE',  ( 5.848778271776329696, -2.763945007847464552, 479.0499999999999545 ) ) ;
#1788 = CARTESIAN_POINT ( 'NONE',  ( -5.957261499917567704, 28.79807008321314399, 324.9999999999998295 ) ) ;
#1789 = VERTEX_POINT ( 'NONE', #1465 ) ;
#1790 = CARTESIAN_POINT ( 'NONE',  ( 9.883335888088259580, 11.33970709881218220, 345.0215620463154096 ) ) ;
#1791 = CARTESIAN_POINT ( 'NONE',  ( 178.5382952126774683, -0.3029090213491038019, 0.000000000000000000 ) ) ;
#1792 = CARTESIAN_POINT ( 'NONE',  ( 83.55203677180283250, -3.583123706565781941, 480.0000000000002274 ) ) ;
#1793 = ORIENTED_EDGE ( 'NONE', *, *, #1763, .F. ) ;
#1794 = EDGE_CURVE ( 'NONE', #966, #6306, #2040, .T. ) ;
#1795 = CARTESIAN_POINT ( 'NONE',  ( 67.02788996452663639, 12.92026685231311944, 479.9999999999997726 ) ) ;
#1796 = CARTESIAN_POINT ( 'NONE',  ( -10.25537900499189803, -1.190590822281883954, 0.000000000000000000 ) ) ;
#1797 = CARTESIAN_POINT ( 'NONE',  ( 20.92950548548044054, -12.00000000000000000, 316.9999999999999432 ) ) ;
#1798 = FACE_OUTER_BOUND ( 'NONE', #5400, .T. ) ;
#1799 = CARTESIAN_POINT ( 'NONE',  ( -15.79318366959399356, 3.221570934590510138, 480.0004675801836811 ) ) ;
#1800 = DIRECTION ( 'NONE',  ( 1.000000000000000000, 0.000000000000000000, 0.000000000000000000 ) ) ;
#1801 = CARTESIAN_POINT ( 'NONE',  ( 20.92950548548044054, -2.000000000000000000, 336.9999999999998863 ) ) ;
#1802 = DIRECTION ( 'NONE',  ( 0.000000000000000000, -0.000000000000000000, -1.000000000000000000 ) ) ;
#1803 = CARTESIAN_POINT ( 'NONE',  ( -18.09261107334235419, 12.50000000000000178, 328.3023050284407987 ) ) ;
#1804 = ORIENTED_EDGE ( 'NONE', *, *, #3116, .F. ) ;
#1805 = CARTESIAN_POINT ( 'NONE',  ( -14.55009125632864198, 4.424652883337928166, 479.9999999999995453 ) ) ;
#1806 = CARTESIAN_POINT ( 'NONE',  ( 178.4859994893257067, -0.2949603814511265187, 479.0500000000000114 ) ) ;
#1807 = CARTESIAN_POINT ( 'NONE',  ( -27.18479915146581760, -8.288523633249990752, 264.3704021607374557 ) ) ;
#1808 = CARTESIAN_POINT ( 'NONE',  ( -9.599527868998059432, -1.225089326080134544, 264.9999999999641318 ) ) ;
#1809 = CARTESIAN_POINT ( 'NONE',  ( 21.99999999999998579, 7.225416114969380052E-15, 519.9999999999998863 ) ) ;
#1810 = EDGE_CURVE ( 'NONE', #4161, #6753, #3773, .T. ) ;
#1811 = CARTESIAN_POINT ( 'NONE',  ( 141.7043578040532452, -0.7113903156559419072, 434.0000000000002274 ) ) ;
#1812 = LINE ( 'NONE', #3633, #3506 ) ;
#1813 = CARTESIAN_POINT ( 'NONE',  ( 171.0000000000000000, -14.22106106644589474, 549.9999999999998863 ) ) ;
#1814 = EDGE_LOOP ( 'NONE', ( #5107, #2700, #4756, #4333, #1051, #145, #3811, #274, #4207, #1470, #5805, #4375, #8167, #7515 ) ) ;
#1815 = ORIENTED_EDGE ( 'NONE', *, *, #3280, .F. ) ;
#1816 = CARTESIAN_POINT ( 'NONE',  ( -14.86078794873152908, -9.940849971877192104, 327.7960945620374105 ) ) ;
#1817 = CARTESIAN_POINT ( 'NONE',  ( 179.2682406703231948, -0.3605884636505893859, 180.0000000000001990 ) ) ;
#1818 = CARTESIAN_POINT ( 'NONE',  ( -11.17276972862855899, 6.376785130063644225, 484.8000000000001819 ) ) ;
#1819 = VECTOR ( 'NONE', #7810, 1000.000000000000000 ) ;
#1820 = CIRCLE ( 'NONE', #2928, 2.000000000000001776 ) ;
#1821 = CARTESIAN_POINT ( 'NONE',  ( -13.78032090336291304, 4.464827262999230051, 245.0353140280500952 ) ) ;
#1822 = CARTESIAN_POINT ( 'NONE',  ( -19.63826264604736949, -19.10964986601985416, 324.9999999999998863 ) ) ;
#1823 = CARTESIAN_POINT ( 'NONE',  ( 35.82575135786005660, 13.35849669093032155, 480.0014630093409096 ) ) ;
#1824 = ADVANCED_FACE ( 'NONE', ( #1552 ), #8019, .F. ) ;
#1825 = VERTEX_POINT ( 'NONE', #2807 ) ;
#1826 = CARTESIAN_POINT ( 'NONE',  ( 7.558108185811684088, 11.19438381542522443, 480.0000000000002842 ) ) ;
#1827 = CARTESIAN_POINT ( 'NONE',  ( 174.3454610345534377, 0.6749216265904885992, 480.0000000000000568 ) ) ;
#1828 = CARTESIAN_POINT ( 'NONE',  ( 2.609736899717690406, 14.22106106644589474, 549.9999999999998863 ) ) ;
#1829 = CARTESIAN_POINT ( 'NONE',  ( 179.6498966909412616, -0.3902478993981575717, 484.7999999999991019 ) ) ;
#1830 = VECTOR ( 'NONE', #879, 1000.000000000000000 ) ;
#1831 = CARTESIAN_POINT ( 'NONE',  ( -13.87819343290744811, 4.395783828167545870, 245.0355077243721951 ) ) ;
#1832 = CARTESIAN_POINT ( 'NONE',  ( -9.571746752212519027, 6.799395379400155370, 325.0000000000179057 ) ) ;
#1833 = ORIENTED_EDGE ( 'NONE', *, *, #2779, .F. ) ;
#1834 = DIRECTION ( 'NONE',  ( 0.000000000000000000, 0.000000000000000000, 1.000000000000000000 ) ) ;
#1835 = CARTESIAN_POINT ( 'NONE',  ( 178.8018294378918540, -0.3227118378417206945, 0.000000000000000000 ) ) ;
#1836 = CARTESIAN_POINT ( 'NONE',  ( 175.9564666456865609, -0.2004643193727667361, 0.000000000000000000 ) ) ;
#1837 = ORIENTED_EDGE ( 'NONE', *, *, #5838, .T. ) ;
#1838 = CARTESIAN_POINT ( 'NONE',  ( 56.48064758360303017, 13.17794852227420321, 479.0499999999999545 ) ) ;
#1839 = CARTESIAN_POINT ( 'NONE',  ( 24.45212192561694664, -3.807614764218265613, 484.8000000000001251 ) ) ;
#1840 = ORIENTED_EDGE ( 'NONE', *, *, #3570, .T. ) ;
#1841 = DIRECTION ( 'NONE',  ( 0.000000000000000000, 0.000000000000000000, 1.000000000000000000 ) ) ;
#1842 = VECTOR ( 'NONE', #1300, 1000.000000000000000 ) ;
#1843 = EDGE_CURVE ( 'NONE', #3487, #1384, #8316, .T. ) ;
#1844 = EDGE_CURVE ( 'NONE', #464, #4413, #2945, .T. ) ;
#1845 = CARTESIAN_POINT ( 'NONE',  ( 47.15689257406053514, -3.857249597102192507, 479.0499999999997840 ) ) ;
#1846 = CARTESIAN_POINT ( 'NONE',  ( 9.942046277401049181, -4.817229260535832225, 316.9999999999998295 ) ) ;
#1847 = CARTESIAN_POINT ( 'NONE',  ( -27.77588605773615527, -8.196742465951345480, 264.4843548156437123 ) ) ;
#1848 = CARTESIAN_POINT ( 'NONE',  ( -15.02381742328137193, 0.7880684819408501074, 0.000000000000000000 ) ) ;
#1849 = FACE_OUTER_BOUND ( 'NONE', #5284, .T. ) ;
#1850 = CARTESIAN_POINT ( 'NONE',  ( -11.28272685510925299, 11.07847565500059694, 332.2663795152548118 ) ) ;
#1851 = ORIENTED_EDGE ( 'NONE', *, *, #5438, .F. ) ;
#1852 = CARTESIAN_POINT ( 'NONE',  ( -12.90842309148559508, 5.492254055297093096, 479.9999999999994884 ) ) ;
#1853 = CARTESIAN_POINT ( 'NONE',  ( 213.3512176415574118, 5.500841604948733199, 575.0000000000002274 ) ) ;
#1854 = CARTESIAN_POINT ( 'NONE',  ( -16.10555199800267800, -12.49999999999999645, 263.7769306074158635 ) ) ;
#1855 = CARTESIAN_POINT ( 'NONE',  ( -10.78377988236249152, -0.9486368749494427099, 244.9918085524660682 ) ) ;
#1856 = DIRECTION ( 'NONE',  ( 0.000000000000000000, 0.000000000000000000, -1.000000000000000000 ) ) ;
#1857 = DIRECTION ( 'NONE',  ( -1.000000000000000000, 0.000000000000000000, 0.000000000000000000 ) ) ;
#1858 = CARTESIAN_POINT ( 'NONE',  ( 56.00000000000000000, 4.999999999999992006, 575.1521839940262453 ) ) ;
#1859 = CARTESIAN_POINT ( 'NONE',  ( -13.67907837371552127, 10.77789695823862104, 258.6974346672873253 ) ) ;
#1860 = ORIENTED_EDGE ( 'NONE', *, *, #7384, .F. ) ;
#1861 = VERTEX_POINT ( 'NONE', #8150 ) ;
#1862 = CARTESIAN_POINT ( 'NONE',  ( -26.29686100296918383, -12.49999999999999822, 320.7865268788904132 ) ) ;
#1863 = CARTESIAN_POINT ( 'NONE',  ( 178.9311240570247037, -0.2584971724384658720, 0.000000000000000000 ) ) ;
#1864 = CARTESIAN_POINT ( 'NONE',  ( -14.56292053636571637, 4.425828859560478890, 484.7999999999994998 ) ) ;
#1865 = CARTESIAN_POINT ( 'NONE',  ( -14.75336021127482233, 3.722117085235934208, 264.9999999999998863 ) ) ;
#1866 = CARTESIAN_POINT ( 'NONE',  ( -12.18272464335537109, -21.07062022329606776, 324.9999999999998863 ) ) ;
#1867 = CARTESIAN_POINT ( 'NONE',  ( 16.40813449450724093, 12.23472709979117390, 480.0010319958441301 ) ) ;
#1868 = ORIENTED_EDGE ( 'NONE', *, *, #218, .T. ) ;
#1869 = CARTESIAN_POINT ( 'NONE',  ( 93.90001636244501526, 10.92663018301284872, 0.000000000000000000 ) ) ;
#1870 = CARTESIAN_POINT ( 'NONE',  ( 178.0252992649078578, -0.09256912565547804894, 0.000000000000000000 ) ) ;
#1871 = CARTESIAN_POINT ( 'NONE',  ( -60.00000000000000000, -6.999999999999986677, 296.3999999999999773 ) ) ;
#1872 = CARTESIAN_POINT ( 'NONE',  ( 178.8543921576294338, -0.2436906426110737323, 480.0000000000001705 ) ) ;
#1873 = ADVANCED_FACE ( 'NONE', ( #1595 ), #2242, .T. ) ;
#1874 =( BOUNDED_SURFACE ( )  B_SPLINE_SURFACE ( 3, 2, ( 
 ( #4162, #3463, #1480 ),
 ( #4853, #8118, #186 ),
 ( #3597, #6926, #5583 ),
 ( #2821, #839, #6754 ),
 ( #5497, #1565, #6234 ),
 ( #5540, #6276, #3635 ),
 ( #2211, #7474, #6797 ),
 ( #2168, #883, #6146 ),
 ( #4898, #8164, #6841 ),
 ( #3509, #6190, #926 ),
 ( #6101, #6886, #5409 ),
 ( #8205, #273, #313 ),
 ( #4116, #2946, #4206 ),
 ( #5455, #2900, #8033 ),
 ( #1645, #2123, #2257 ),
 ( #7517, #4284, #8077 ),
 ( #1607, #4246, #967 ),
 ( #2861, #7394, #4808 ),
 ( #7437, #228, #4324 ),
 ( #7004, #3676, #3117 ),
 ( #5058, #2513, #5016 ),
 ( #4500, #2985, #5147 ),
 ( #3072, #3763, #1859 ),
 ( #6445, #7679, #7638 ),
 ( #5709, #1223, #1049 ),
 ( #7134, #8329, #2338 ),
 ( #3720, #4976, #2472 ),
 ( #5105, #3856, #1182 ),
 ( #7724, #8418, #396 ),
 ( #1769, #2380, #5622 ),
 ( #1724, #6490, #4366 ),
 ( #7596, #6315, #536 ) ),
 .UNSPECIFIED., .F., .F., .T. ) 
 B_SPLINE_SURFACE_WITH_KNOTS ( ( 4, 2, 2, 2, 2, 2, 2, 2, 2, 2, 2, 2, 2, 2, 2, 4 ),
 ( 3, 3 ),
 ( 0.000000000000000000, 0.005042952861720033722, 0.01008590572344006744, 0.01260738215430008344, 0.01386812036973009143, 0.01512885858516010117, 0.01638959680059011090, 0.01765033501602011889, 0.02017181144688013489, 0.02143254966231014289, 0.02269328787774015088, 0.02521476430860016688, 0.02773624073946018287, 0.03025771717032020233, 0.03530067003204023779, 0.04034362289376026978 ),
 ( 0.000000000000000000, 1.000000000000000000 ),
 .UNSPECIFIED. ) 
 GEOMETRIC_REPRESENTATION_ITEM ( )  RATIONAL_B_SPLINE_SURFACE ( (
 ( 1.000000000000000000, 0.7071067811865168196, 1.000000000000000000),
 ( 1.000000000000000000, 0.7133037296132268557, 1.000000000000000000),
 ( 1.000000000000000000, 0.7206176266720322188, 1.000000000000000000),
 ( 1.000000000000000000, 0.7393902042891008497, 1.000000000000000000),
 ( 1.000000000000000000, 0.7508792685938313616, 1.000000000000000000),
 ( 1.000000000000000000, 0.7731842241847227681, 1.000000000000000000),
 ( 1.000000000000000000, 0.7814994864260567109, 1.000000000000000000),
 ( 1.000000000000000000, 0.7950718665917989592, 1.000000000000000000),
 ( 1.000000000000000000, 0.7997824793755563544, 1.000000000000000000),
 ( 1.000000000000000000, 0.8093324832171244765, 1.000000000000000000),
 ( 1.000000000000000000, 0.8140600214524830180, 1.000000000000000000),
 ( 1.000000000000000000, 0.8233806136632541017, 1.000000000000000000),
 ( 1.000000000000000000, 0.8279938998422453622, 1.000000000000000000),
 ( 1.000000000000000000, 0.8375535515442892320, 1.000000000000000000),
 ( 1.000000000000000000, 0.8425291826959232511, 1.000000000000000000),
 ( 1.000000000000000000, 0.8570998075717212172, 1.000000000000000000),
 ( 1.000000000000000000, 0.8664332858534123938, 1.000000000000000000),
 ( 1.000000000000000000, 0.8792092484096426519, 1.000000000000000000),
 ( 1.000000000000000000, 0.8832391067118229300, 1.000000000000000000),
 ( 1.000000000000000000, 0.8908603753825553584, 1.000000000000000000),
 ( 1.000000000000000000, 0.8944543164652623002, 1.000000000000000000),
 ( 1.000000000000000000, 0.9043416823166293694, 1.000000000000000000),
 ( 1.000000000000000000, 0.9098441842378029998, 1.000000000000000000),
 ( 1.000000000000000000, 0.9201870602426681645, 1.000000000000000000),
 ( 1.000000000000000000, 0.9248656242305193231, 1.000000000000000000),
 ( 1.000000000000000000, 0.9332035492594858983, 1.000000000000000000),
 ( 1.000000000000000000, 0.9369902703235746255, 1.000000000000000000),
 ( 1.000000000000000000, 0.9473511413628324940, 1.000000000000000000),
 ( 1.000000000000000000, 0.9529046458631188488, 1.000000000000000000),
 ( 1.000000000000000000, 0.9627691345566841141, 1.000000000000000000),
 ( 1.000000000000000000, 0.9669689212659470234, 1.000000000000000000),
 ( 1.000000000000000000, 0.9706998865214383487, 1.000000000000000000) ) ) 
 REPRESENTATION_ITEM ( '' )  SURFACE ( )  );
#1875 = DIRECTION ( 'NONE',  ( 0.000000000000000000, -0.000000000000000000, 1.000000000000000000 ) ) ;
#1876 = CARTESIAN_POINT ( 'NONE',  ( -34.27129131629390457, 10.59003962241085972, 324.9999999999998863 ) ) ;
#1877 = CARTESIAN_POINT ( 'NONE',  ( -16.18951178073033859, 2.657965158445607212, 479.9999999999996589 ) ) ;
#1878 = CARTESIAN_POINT ( 'NONE',  ( 179.1072816805087768, -0.3478728613905757716, 0.000000000000000000 ) ) ;
#1879 = CARTESIAN_POINT ( 'NONE',  ( 149.4942963167617052, -0.4553763770814573952, 0.000000000000000000 ) ) ;
#1880 = CARTESIAN_POINT ( 'NONE',  ( 166.9232003226708230, 2.021591638351842857, 434.0000000000000568 ) ) ;
#1881 = CARTESIAN_POINT ( 'NONE',  ( 50.02120618150093634, -4.342292438491305084, 0.000000000000000000 ) ) ;
#1882 = DIRECTION ( 'NONE',  ( -0.8837879163470631072, 0.4678877204190302064, 0.000000000000000000 ) ) ;
#1883 = CARTESIAN_POINT ( 'NONE',  ( 32.22541182675592353, -3.965044681375323510, 479.9999999999996589 ) ) ;
#1884 = APPLICATION_CONTEXT ( 'automotive_design' ) ;
#1885 = CARTESIAN_POINT ( 'NONE',  ( -49.99999999999999289, -5.551115123125782702E-14, 288.0000000000000568 ) ) ;
#1886 = CIRCLE ( 'NONE', #7408, 2.000000000000001776 ) ;
#1887 = DIRECTION ( 'NONE',  ( 1.000000000000000000, 0.000000000000000000, -0.000000000000000000 ) ) ;
#1888 = CARTESIAN_POINT ( 'NONE',  ( -2.803843094392451274, -2.196134473692548550, 480.0000000000001705 ) ) ;
#1889 = CARTESIAN_POINT ( 'NONE',  ( -0.8921901204472381108, 12.50000000000000178, 291.6666678824208248 ) ) ;
#1890 = CARTESIAN_POINT ( 'NONE',  ( -0.3977807794021564480, 12.50000000000000178, 333.1191324788195516 ) ) ;
#1891 = ORIENTED_EDGE ( 'NONE', *, *, #7145, .T. ) ;
#1892 = CARTESIAN_POINT ( 'NONE',  ( -16.13276459538644758, 2.775992224259407060, 484.7999999999993861 ) ) ;
#1893 = CARTESIAN_POINT ( 'NONE',  ( 178.7705547405824120, -0.2223696540075289496, 480.0000000000000568 ) ) ;
#1894 = EDGE_CURVE ( 'NONE', #785, #712, #4350, .T. ) ;
#1895 = CARTESIAN_POINT ( 'NONE',  ( -31.10297529605246680, -7.760734073284182521, 264.9121641045881574 ) ) ;
#1896 = CARTESIAN_POINT ( 'NONE',  ( 2.384331949546993901, -2.878691981843598757, 244.9869318834699072 ) ) ;
#1897 = CARTESIAN_POINT ( 'NONE',  ( -16.04571079313861404, 1.868108738691283355, 345.0354188185255566 ) ) ;
#1898 = CARTESIAN_POINT ( 'NONE',  ( 164.3148634797460090, -12.81057231680004094, 527.5000000000000000 ) ) ;
#1899 = LINE ( 'NONE', #3896, #1842 ) ;
#1900 = CARTESIAN_POINT ( 'NONE',  ( -60.00000000000000000, 1.110223024625156540E-13, 303.4000000000000341 ) ) ;
#1901 = ORIENTED_EDGE ( 'NONE', *, *, #3119, .T. ) ;
#1902 = ORIENTED_EDGE ( 'NONE', *, *, #7288, .F. ) ;
#1903 = CARTESIAN_POINT ( 'NONE',  ( -16.02915433322658956, -9.852101197694233647, 327.6381500376999725 ) ) ;
#1904 = CARTESIAN_POINT ( 'NONE',  ( 178.8943671778671103, -0.3305373264379279363, 179.9999999999998010 ) ) ;
#1905 = CARTESIAN_POINT ( 'NONE',  ( -11.76316932623526412, 6.097564934011805882, 484.7999999999994429 ) ) ;
#1906 = FACE_OUTER_BOUND ( 'NONE', #7050, .T. ) ;
#1907 = CARTESIAN_POINT ( 'NONE',  ( -15.80869341165472264, 2.275446398174805651, 245.0398723748678833 ) ) ;
#1908 = CARTESIAN_POINT ( 'NONE',  ( -5.955423341435357010, -1.859128075700015925, 325.0000000000716796 ) ) ;
#1909 = CARTESIAN_POINT ( 'NONE',  ( 21.25469505280162963, 12.64902476366858153, 480.0006890742924952 ) ) ;
#1910 = VERTEX_POINT ( 'NONE', #2974 ) ;
#1911 = CARTESIAN_POINT ( 'NONE',  ( 100.0480291614460953, 10.59381970122822736, 484.8000000000000682 ) ) ;
#1912 = CIRCLE ( 'NONE', #8264, 1.000000000000000888 ) ;
#1913 = CARTESIAN_POINT ( 'NONE',  ( 157.7796258400848330, 3.423805315386827530, 0.000000000000000000 ) ) ;
#1914 = VECTOR ( 'NONE', #1586, 1000.000000000000000 ) ;
#1915 = CARTESIAN_POINT ( 'NONE',  ( -3.796796170947398963, -12.50000000000000178, 324.7791565135516976 ) ) ;
#1916 = CARTESIAN_POINT ( 'NONE',  ( 176.3019821037892143, 0.2738318575220421991, 0.000000000000000000 ) ) ;
#1917 = CARTESIAN_POINT ( 'NONE',  ( 0.7683006437778641118, 9.679769368219391268, 245.0244292613520258 ) ) ;
#1918 = VECTOR ( 'NONE', #1785, 1000.000000000000000 ) ;
#1919 = CARTESIAN_POINT ( 'NONE',  ( -15.43415411350444089, 3.235374643552783258, 345.0390645475856672 ) ) ;
#1920 = CARTESIAN_POINT ( 'NONE',  ( -15.41716355118551540, 3.656568708198685513, 479.9999999999999432 ) ) ;
#1921 = CARTESIAN_POINT ( 'NONE',  ( 178.6853143112727764, -0.3112826824056618147, 480.0000000000005116 ) ) ;
#1922 = EDGE_CURVE ( 'NONE', #5095, #7658, #2620, .T. ) ;
#1923 = B_SPLINE_CURVE_WITH_KNOTS ( 'NONE', 3,
 ( #3057, #7707, #8313, #6429, #2322, #5737, #3702, #1754, #6301, #4964, #7077, #6384, #5649, #5001, #7032, #5044 ),
 .UNSPECIFIED., .F., .F.,
 ( 4, 2, 2, 2, 2, 2, 2, 4 ),
 ( 0.005416017660544067761, 0.007344064997205010381, 0.009272112333865953002, 0.01312820700718783998, 0.01505625434384878260, 0.01698430168050972522, 0.01891234901717066957, 0.02084039635383161393 ),
 .UNSPECIFIED. ) ;
#1924 = CARTESIAN_POINT ( 'NONE',  ( 122.8822390496891046, -1.675450117173495013, 484.8000000000000114 ) ) ;
#1925 = VECTOR ( 'NONE', #4696, 1000.000000000000000 ) ;
#1926 = CARTESIAN_POINT ( 'NONE',  ( 137.9475525737503574, 6.284168814830116467, 434.0000000000000568 ) ) ;
#1927 = CARTESIAN_POINT ( 'NONE',  ( 137.5863742976799244, -0.9904066149026217181, 0.000000000000000000 ) ) ;
#1928 = DIRECTION ( 'NONE',  ( 1.000000000000000000, 0.000000000000000000, 0.000000000000000000 ) ) ;
#1929 = CARTESIAN_POINT ( 'NONE',  ( -16.28276782249963972, 1.837218134739944331, 480.0000000039622705 ) ) ;
#1930 = CARTESIAN_POINT ( 'NONE',  ( -15.65230900798612268, 3.389083802234256648, 479.9998877879337442 ) ) ;
#1931 = CARTESIAN_POINT ( 'NONE',  ( -49.99999999999999289, -6.999999999999986677, 295.0000000000000000 ) ) ;
#1932 = EDGE_CURVE ( 'NONE', #7292, #13, #992, .T. ) ;
#1933 = CARTESIAN_POINT ( 'NONE',  ( -11.80429458896140460, -0.5743267474298184849, 484.7999999999999545 ) ) ;
#1934 = CARTESIAN_POINT ( 'NONE',  ( 2.796576080035921397, 10.18226455648927065, 324.9999999999643023 ) ) ;
#1935 = CARTESIAN_POINT ( 'NONE',  ( -6.313887847754570792, 11.49265361947805530, 333.9121276907112019 ) ) ;
#1936 = VERTEX_POINT ( 'NONE', #4234 ) ;
#1937 = CARTESIAN_POINT ( 'NONE',  ( 179.6861496565532832, -0.3957207449031932556, 480.0000000000000000 ) ) ;
#1938 = CARTESIAN_POINT ( 'NONE',  ( 212.8375408948257643, 6.211142028290554506, 574.9999999999994316 ) ) ;
#1939 = CARTESIAN_POINT ( 'NONE',  ( -33.64451037336852579, -7.499999999999933387, 264.9999999999998295 ) ) ;
#1940 = CARTESIAN_POINT ( 'NONE',  ( 12.16144314372801993, -23.55411410896530811, 264.9999999999998863 ) ) ;
#1941 = CARTESIAN_POINT ( 'NONE',  ( 1.673388886832583244, 11.93600700941877157, 336.4572365795951328 ) ) ;
#1942 = CARTESIAN_POINT ( 'NONE',  ( -6.362735189207450404, 7.984418060499544723, 345.0276246737420252 ) ) ;
#1943 = DIRECTION ( 'NONE',  ( 0.000000000000000000, 1.000000000000000000, 0.000000000000000000 ) ) ;
#1944 = CARTESIAN_POINT ( 'NONE',  ( 40.92950548548051160, -10.63926230276537233, 509.8884027068141336 ) ) ;
#1945 = ORIENTED_EDGE ( 'NONE', *, *, #4082, .F. ) ;
#1946 = EDGE_LOOP ( 'NONE', ( #4163, #3320 ) ) ;
#1947 = CARTESIAN_POINT ( 'NONE',  ( -8.078028363778686938, -12.50000000000196287, 327.0244834134154530 ) ) ;
#1948 = CIRCLE ( 'NONE', #7057, 1.400000000000012346 ) ;
#1949 = CARTESIAN_POINT ( 'NONE',  ( 179.4519302563790291, -0.3547937725077797144, 180.0000000000001137 ) ) ;
#1950 = CARTESIAN_POINT ( 'NONE',  ( -14.55009125632864198, 4.424652883337928166, 479.9999999999995453 ) ) ;
#1951 = CARTESIAN_POINT ( 'NONE',  ( 110.8456426649968307, 9.366999014998230066, 0.000000000000000000 ) ) ;
#1952 = CARTESIAN_POINT ( 'NONE',  ( -35.82895355675507432, 0.4463512503780079355, 264.9999999999998863 ) ) ;
#1953 = CARTESIAN_POINT ( 'NONE',  ( -7.082322496028510272, -21.89288559071549045, 324.9999999999998863 ) ) ;
#1954 = CARTESIAN_POINT ( 'NONE',  ( -36.07806956841149315, 1.141598054940945461, 325.0000000000000000 ) ) ;
#1955 = EDGE_CURVE ( 'NONE', #4584, #3755, #4362, .T. ) ;
#1956 = ORIENTED_EDGE ( 'NONE', *, *, #3035, .F. ) ;
#1957 = CARTESIAN_POINT ( 'NONE',  ( 107.1225966799624132, 9.921177262985183987, 479.9999999999996021 ) ) ;
#1958 = CARTESIAN_POINT ( 'NONE',  ( 178.1002630076085325, -0.1040350834536253183, 480.0000000000000000 ) ) ;
#1959 = CARTESIAN_POINT ( 'NONE',  ( -16.89775834487543449, -12.49999999999999467, 322.9825528021365244 ) ) ;
#1960 = CARTESIAN_POINT ( 'NONE',  ( 179.1098431417412939, -0.2866405753291713654, 480.0000000000002842 ) ) ;
#1961 = DIRECTION ( 'NONE',  ( -0.000000000000000000, -1.000000000000000000, 0.000000000000000000 ) ) ;
#1962 = CARTESIAN_POINT ( 'NONE',  ( -15.23970334425511552, 3.395426234781989017, 325.0000000000177351 ) ) ;
#1963 = CARTESIAN_POINT ( 'NONE',  ( -40.16531452347938114, -8.570247835299360517, 575.0000000000000000 ) ) ;
#1964 = CARTESIAN_POINT ( 'NONE',  ( 179.6442888920310565, -0.3898083613654984014, 479.9999999999991473 ) ) ;
#1965 = CARTESIAN_POINT ( 'NONE',  ( 141.7465949386485420, -0.6998853873985781959, 484.8000000000000114 ) ) ;
#1966 = CARTESIAN_POINT ( 'NONE',  ( 177.8649670279575901, -0.05565516047695444335, 434.0000000000001705 ) ) ;
#1967 = CARTESIAN_POINT ( 'NONE',  ( 122.8790918552931686, -1.676979508180784340, 480.0000000000000000 ) ) ;
#1968 = B_SPLINE_SURFACE_WITH_KNOTS ( 'NONE', 3, 1, ( 
 ( #3016, #2976, #4275 ),
 ( #8273, #5611, #8233 ),
 ( #6917, #994, #6304 ),
 ( #2412, #5047, #7667 ),
 ( #1757, #7889, #5134 ),
 ( #1848, #7205, #5865 ),
 ( #2587, #689, #7757 ),
 ( #6518, #4572, #567 ),
 ( #1329, #650, #8448 ),
 ( #1291, #7844, #6432 ),
 ( #3930, #5906, #6559 ),
 ( #7123, #8533, #5826 ),
 ( #3273, #521, #1933 ),
 ( #1210, #3970, #41 ),
 ( #5949, #2544, #607 ),
 ( #5216, #2672, #8489 ),
 ( #3148, #3844, #2627 ),
 ( #5262, #6601, #1975 ),
 ( #4614, #5304, #7929 ),
 ( #1254, #4527, #3193 ),
 ( #6477, #5177, #7800 ),
 ( #3317, #1888, #4489 ),
 ( #7164, #3234, #3885 ),
 ( #7247, #4441, #7080 ),
 ( #1170, #3799, #5783 ),
 ( #8405, #2502, #4832 ),
 ( #6168, #84, #250 ),
 ( #4140, #6777, #4183 ),
 ( #4787, #3531, #5342 ),
 ( #6126, #1500, #7416 ),
 ( #6690, #774, #2800 ),
 ( #3442, #4094, #814 ),
 ( #6730, #2190, #6079 ),
 ( #861, #6644, #7971 ),
 ( #5476, #2881, #2715 ),
 ( #6820, #3485, #2060 ),
 ( #4698, #7459, #7328 ),
 ( #1371, #209, #1416 ),
 ( #5519, #2843, #2014 ),
 ( #8099, #165, #4010 ),
 ( #4053, #4656, #7289 ),
 ( #3401, #6036, #733 ),
 ( #3360, #123, #5996 ),
 ( #2757, #5388, #8013 ),
 ( #5432, #1546, #907 ),
 ( #2101, #4744, #7373 ),
 ( #1459, #8057, #2144 ),
 ( #4228, #4876, #4387 ),
 ( #8304, #5683, #6335 ),
 ( #1666, #8187, #2316 ),
 ( #5642, #8224, #2359 ),
 ( #1629, #6376, #3697 ),
 ( #4959, #4266, #2402 ),
 ( #8143, #7536, #6907 ),
 ( #7577, #4303, #6982 ),
 ( #1110, #3657, #417 ),
 ( #3006, #8263, #6295 ),
 ( #373, #5038, #5562 ),
 ( #4995, #1069, #3049 ),
 ( #7656, #1745, #6944 ),
 ( #1029, #986, #2233 ),
 ( #7615, #4921, #3615 ),
 ( #1589, #295, #7024 ),
 ( #1706, #4344, #3577 ),
 ( #3741, #462, #2922 ),
 ( #2277, #3094, #7496 ),
 ( #6862, #946, #6254 ),
 ( #6213, #337, #2968 ),
 ( #5603, #1921, #1200 ),
 ( #2578, #597, #7700 ),
 ( #1791, #3224, #5816 ),
 ( #4604, #7745, #3961 ),
 ( #1835, #2533, #4478 ),
 ( #7880, #5730, #5124 ),
 ( #8481, #5166, #7791 ),
 ( #3876, #7238, #1243 ),
 ( #4431, #8392, #4562 ),
 ( #7197, #1964, #6550 ),
 ( #5857, #6591, #1321 ),
 ( #1878, #8438, #7113 ),
 ( #2493, #3831, #6465 ),
 ( #5252, #557, #6423 ),
 ( #3182, #4517, #7152 ),
 ( #1283, #682, #8348 ),
 ( #641, #6509, #5207 ),
 ( #7070, #3264, #7834 ),
 ( #3136, #3919, #2445 ),
 ( #5898, #5079, #8521 ),
 ( #1158, #2618, #3788 ),
 ( #509, #5773, #4689 ),
 ( #2832, #7319, #4002 ),
 ( #4084, #7921, #2179 ),
 ( #7405, #4821, #3307 ),
 ( #6768, #3391, #6720 ),
 ( #2006, #850, #8003 ),
 ( #723, #6027, #1536 ),
 ( #3475, #7450, #114 ),
 ( #6636, #4042, #2662 ),
 ( #77, #2790, #4174 ),
 ( #6810, #6115, #4776 ),
 ( #5295, #5378, #2708 ),
 ( #1491, #2091, #5334 ),
 ( #5940, #4647, #3351 ),
 ( #6069, #156, #804 ),
 ( #5986, #198, #5466 ),
 ( #4129, #7959, #5420 ),
 ( #8089, #1450, #32 ),
 ( #7279, #4732, #3432 ),
 ( #2052, #1364, #8046 ),
 ( #6680, #2134, #1403 ),
 ( #764, #2747, #7361 ),
 ( #240, #8293, #2911 ),
 ( #4985, #5552, #6244 ),
 ( #3686, #3039, #896 ),
 ( #8176, #3645, #326 ),
 ( #8254, #7564, #2392 ),
 ( #7606, #8132, #3566 ),
 ( #2349, #1696, #5673 ),
 ( #5508, #1016, #1734 ),
 ( #5027, #2956, #977 ),
 ( #2223, #6202, #2267 ),
 ( #8215, #2872, #7647 ),
 ( #4376, #4334, #4909 ),
 ( #7527, #6324, #3522 ),
 ( #1655, #6157, #1618 ),
 ( #6852, #4256, #4866 ),
 ( #4949, #7485, #2307 ),
 ( #6934, #4294, #6895 ),
 ( #6973, #937, #1577 ),
 ( #1058, #5633, #4218 ),
 ( #6286, #286, #3606 ),
 ( #408, #363, #2996 ),
 ( #5593, #5763, #7782 ),
 ( #5889, #1957, #2570 ),
 ( #7014, #633, #1911 ),
 ( #1869, #8513, #3082 ),
 ( #3174, #3128, #4421 ),
 ( #5244, #5068, #4554 ),
 ( #1149, #1276, #7689 ),
 ( #6366, #6502, #3776 ),
 ( #2610, #5199, #7873 ),
 ( #1780, #7735, #1235 ),
 ( #8382, #3257, #8474 ),
 ( #6412, #2483, #1099 ),
 ( #7059, #7190, #3869 ),
 ( #4510, #2436, #499 ),
 ( #3908, #5115, #7824 ),
 ( #589, #8429, #6542 ),
 ( #3731, #1826, #450 ),
 ( #7144, #4468, #7104 ),
 ( #3217, #1192, #3822 ),
 ( #5719, #8338, #5849 ),
 ( #6456, #548, #5806 ),
 ( #2524, #5158, #7352 ),
 ( #713, #3340, #5368 ),
 ( #3466, #8079, #148 ),
 ( #4595, #6756, #8035 ),
 ( #7994, #6103, #673 ),
 ( #755, #5974, #1997 ),
 ( #2823, #2652, #2125 ),
 ( #4679, #3952, #188 ),
 ( #6584, #4075, #1355 ),
 ( #5457, #2781, #7228 ),
 ( #6059, #3383, #3298 ),
 ( #3993, #1314, #5932 ),
 ( #6627, #68, #23 ),
 ( #5285, #4767, #1441 ),
 ( #2083, #7913, #4639 ),
 ( #7396, #7270, #5411 ),
 ( #6711, #6019, #1482 ),
 ( #841, #2699, #4118 ),
 ( #5326, #7951, #2041 ),
 ( #7310, #1394, #4032 ),
 ( #6669, #105, #2738 ),
 ( #4720, #795, #3422 ),
 ( #6388, #3554, #5093 ) ),
 .UNSPECIFIED., .T., .F., .F.,
 ( 4, 1, 1, 1, 1, 1, 1, 1, 1, 1, 1, 1, 1, 1, 1, 1, 1, 1, 1, 1, 1, 1, 1, 1, 1, 2, 1, 1, 1, 2, 1, 1, 1, 1, 1, 1, 1, 1, 1, 2, 1, 1, 1, 2, 1, 1, 1, 2, 1, 1, 1, 1, 1, 1, 1, 1, 1, 1, 1, 1, 1, 1, 1, 1, 1, 1, 1, 1, 1, 1, 1, 1, 1, 1, 1, 1, 1, 1, 1, 1, 1, 1, 1, 1, 1, 1, 1, 1, 1, 1, 1, 1, 1, 1, 1, 1, 1, 1, 1, 1, 1, 1, 1, 1, 1, 1, 1, 1, 1, 1, 1, 1, 1, 1, 1, 1, 2, 1, 1, 1, 1, 1, 2, 1, 1, 1, 2, 1, 1, 1, 2, 1, 1, 1, 2, 1, 1, 1, 2, 1, 1, 1, 1, 1, 1, 1, 1, 1, 1, 1, 1, 1, 1, 1, 1, 1, 1, 1, 1, 1, 1, 1, 4 ),
 ( 2, 1, 2 ),
 ( 0.000000000000000000, 0.0008237319807652783085, 0.001647463961530556617, 0.002471195942295835359, 0.003294927923061113234, 0.004118659903826392410, 0.004942391884591670718, 0.006589855846122226468, 0.008237319807652784820, 0.009884783769183341437, 0.01153224773071389805, 0.01317971169224445294, 0.01482717565377500955, 0.01647463961530556964, 0.01812210357683612799, 0.01976956753836668287, 0.02306449546142779611, 0.02635942338448890587, 0.02965435130755001911, 0.03294927923061113928, 0.03624420715367225598, 0.03953913507673336575, 0.04283406299979447551, 0.04612899092285559222, 0.04942391884591670892, 0.05271884676897781175, 0.06700456601260233735, 0.08129028525622686296, 0.09557600449985140245, 0.1098617237434759419, 0.1397041679073839360, 0.1695466120712919855, 0.1993890562351999796, 0.2292315003991080014, 0.2590739445630160231, 0.2739951666449700340, 0.2889163887269239339, 0.3038376108088780003, 0.3187588328908319557, 0.3486012770547399775, 0.3628866872906078567, 0.3771720975264756803, 0.3914575077623435040, 0.4057429179982113832, 0.4216366099394953659, 0.4375303018807794597, 0.4534239938220634425, 0.4693176857633474253, 0.4728868046100280220, 0.4764559234567085633, 0.4782404828800488339, 0.4800250423033891045, 0.4818096017267294306, 0.4835941611500697013, 0.4853787205734100274, 0.4871632799967502980, 0.4889478394200905131, 0.4898401191317606762, 0.4907323988434308393, 0.4916246785551010023, 0.4925169582667711099, 0.4934092379784412730, 0.4943015176901114360, 0.4947476575459464065, 0.4951937974017815991, 0.4956399372576165696, 0.4958630071855341104, 0.4960860771134517067, 0.4963091470413691919, 0.4964206820053279623, 0.4965322169692867882, 0.4965879844512661179, 0.4966158681922558382, 0.4966437519332455031, 0.4966576938037403632, 0.4966646647389877933, 0.4966716356742352234, 0.4966995194152249438, 0.4967552868972042734, 0.4968110543791837141, 0.4968668218611630993, 0.4969783568251218142, 0.4972014267530393550, 0.4974244966809570068, 0.4976475666088744365, 0.4977591015728332069, 0.4978706365367919773, 0.4979264040187713625, 0.4979821715007507477, 0.4980379389827301329, 0.4980658227237197977, 0.4980797645942146579, 0.4980867355294620880, 0.4980937064647095180, 0.4981494739466888477, 0.4982052414286682884, 0.4983167763926269478, 0.4985398463205445996, 0.4987629162484621403, 0.4989859861763796256, 0.4992090561042971664, 0.4996551959601322479, 0.5001013358159673849, 0.5005474756718023555, 0.5014397553834724075, 0.5023320350951427926, 0.5032243148068128447, 0.5050088742301531708, 0.5067934336534933859, 0.5085779930768337120, 0.5103625525001740382, 0.5121471119235142533, 0.5139316713468545794, 0.5157162307701946835, 0.5192853496168753358, 0.5228544684635558770, 0.5264235873102365293, 0.5357396301179888631, 0.5450556729257411970, 0.5543717157334937529, 0.5636877585412461977, 0.5823198441567511985, 0.6009519297722558662, 0.6277899237874338123, 0.6546279178026122025, 0.6814659118177903707, 0.7083039058329685389, 0.7351420421112005998, 0.7619801783894326608, 0.7888183146676646107, 0.8156564509458967827, 0.8342830680623517514, 0.8529096851788067202, 0.8715363022952615779, 0.8901629194117164356, 0.9044493821942760636, 0.9187358449768356916, 0.9330223077593952086, 0.9473087705419548366, 0.9538951742242103293, 0.9571883760653382422, 0.9604815779064660441, 0.9637747797475938460, 0.9670679815887217590, 0.9703611834298495609, 0.9736543852709773628, 0.9769475871121051647, 0.9802407889532329666, 0.9818873898737969785, 0.9835339907943608795, 0.9851805917149247804, 0.9868271926354886814, 0.9884737935560525823, 0.9901203944766164833, 0.9917669953971804953, 0.9934135963177443962, 0.9950601972383081861, 0.9958834976985901921, 0.9967067981588721981, 0.9975300986191542041, 0.9983533990794360991, 0.9991766995397179940, 1.000000000000000000 ),
 ( 0.000000000000000000, 1.000000000000000000, 1.010000000000000009 ),
 .UNSPECIFIED. ) ;
#1969 = EDGE_CURVE ( 'NONE', #449, #4755, #2584, .T. ) ;
#1970 = DIRECTION ( 'NONE',  ( -0.000000000000000000, -0.000000000000000000, 1.000000000000000000 ) ) ;
#1971 = CARTESIAN_POINT ( 'NONE',  ( -16.24889589297813686, 1.731205517121127135, 480.0000157883531529 ) ) ;
#1972 = CARTESIAN_POINT ( 'NONE',  ( 178.8687833260879358, -0.2458884634310300188, 179.9999999999999147 ) ) ;
#1973 = VECTOR ( 'NONE', #5536, 1000.000000000000000 ) ;
#1974 = CARTESIAN_POINT ( 'NONE',  ( 0.7418463230745093728, 12.22855855130002745, 324.9995600797401494 ) ) ;
#1975 = CARTESIAN_POINT ( 'NONE',  ( -7.979676073740515463, -1.435648214093898867, 484.7999999999993292 ) ) ;
#1976 = CARTESIAN_POINT ( 'NONE',  ( -60.00000000000000000, -5.551115123125782702E-14, 288.0000000000000568 ) ) ;
#1977 = DIRECTION ( 'NONE',  ( -1.000000000000000000, -0.000000000000000000, -0.000000000000000000 ) ) ;
#1978 = VERTEX_POINT ( 'NONE', #6557 ) ;
#1979 = DIRECTION ( 'NONE',  ( -1.000000000000000000, 0.000000000000000000, -1.010445639523992807E-14 ) ) ;
#1980 = CARTESIAN_POINT ( 'NONE',  ( 178.3574323002862911, -0.2710083474403375825, 479.0499999999986471 ) ) ;
#1981 = CARTESIAN_POINT ( 'NONE',  ( 17.99288199805528166, -3.769041237737274841, 244.9867633209035205 ) ) ;
#1982 = LINE ( 'NONE', #3853, #5291 ) ;
#1983 = DIRECTION ( 'NONE',  ( -1.000000000000000000, 0.000000000000000000, 0.000000000000000000 ) ) ;
#1984 = DIRECTION ( 'NONE',  ( 0.1705038397089090330, 0.2334947016064373437, 0.9572923612806274463 ) ) ;
#1985 = VECTOR ( 'NONE', #7723, 1000.000000000000000 ) ;
#1986 = CARTESIAN_POINT ( 'NONE',  ( 43.16665486976471300, -4.146740490843434657, 319.0000000000000568 ) ) ;
#1987 = ORIENTED_EDGE ( 'NONE', *, *, #6108, .F. ) ;
#1988 = ORIENTED_EDGE ( 'NONE', *, *, #2237, .T. ) ;
#1989 = CARTESIAN_POINT ( 'NONE',  ( 144.0436062077191934, -0.3561374653719724948, 479.0499999999999545 ) ) ;
#1990 = FACE_OUTER_BOUND ( 'NONE', #2514, .T. ) ;
#1991 = CARTESIAN_POINT ( 'NONE',  ( 63.80486844985845352, 16.00000000000000000, 549.9999999999998863 ) ) ;
#1992 = CARTESIAN_POINT ( 'NONE',  ( -35.77413432529793624, 4.303272073383644702, 264.9999999999998863 ) ) ;
#1993 = CARTESIAN_POINT ( 'NONE',  ( -4.380919009412199472, -2.075845244437088066, 344.9880331914472436 ) ) ;
#1994 = CARTESIAN_POINT ( 'NONE',  ( -35.63471795965165256, 6.240625067241261981, 324.9999999999998863 ) ) ;
#1995 = VERTEX_POINT ( 'NONE', #4438 ) ;
#1996 = VERTEX_POINT ( 'NONE', #3232 ) ;
#1997 = CARTESIAN_POINT ( 'NONE',  ( -9.368913683457790853, 7.141295909911153039, 484.7999999999995566 ) ) ;
#1998 = VERTEX_POINT ( 'NONE', #6475 ) ;
#1999 = CARTESIAN_POINT ( 'NONE',  ( 100.0480291614460953, 10.59381970122822736, 484.8000000000000682 ) ) ;
#2000 = CARTESIAN_POINT ( 'NONE',  ( 84.31923436562938434, -3.549554451799217691, 479.9970658921420181 ) ) ;
#2001 = CARTESIAN_POINT ( 'NONE',  ( 178.7671967067198011, -0.2285705020599343162, 480.0000000000002274 ) ) ;
#2002 = LINE ( 'NONE', #5982, #5261 ) ;
#2003 = CARTESIAN_POINT ( 'NONE',  ( -33.71554495226246928, 11.75178740920114251, 324.9999999999998863 ) ) ;
#2004 = EDGE_CURVE ( 'NONE', #2845, #1418, #1682, .T. ) ;
#2005 = CARTESIAN_POINT ( 'NONE',  ( -42.25194281934528107, 7.023455332186800959, 575.0000000000000000 ) ) ;
#2006 = CARTESIAN_POINT ( 'NONE',  ( 179.6358483805277331, -0.3894879000592401108, 0.000000000000000000 ) ) ;
#2007 = CARTESIAN_POINT ( 'NONE',  ( 173.7979777638076655, -0.1215950848190212735, 484.8000000000001819 ) ) ;
#2008 = CARTESIAN_POINT ( 'NONE',  ( 39.50000000000002842, -4.129413519195018090, 318.9999999999999432 ) ) ;
#2009 = CARTESIAN_POINT ( 'NONE',  ( 141.3435129927467528, -0.8096804507680653851, -0.000000000000000000 ) ) ;
#2010 = FACE_OUTER_BOUND ( 'NONE', #4835, .T. ) ;
#2011 = EDGE_CURVE ( 'NONE', #460, #2970, #5132, .T. ) ;
#2012 = CARTESIAN_POINT ( 'NONE',  ( -0.8818615991841980417, 12.50000000000000178, 329.8943212146122619 ) ) ;
#2013 = CARTESIAN_POINT ( 'NONE',  ( 0.7431705906471065548, 12.22748263488691833, 318.3328905265483968 ) ) ;
#2014 = CARTESIAN_POINT ( 'NONE',  ( 91.44159269330823747, -3.327669260358023351, 484.7999999999999545 ) ) ;
#2015 = FACE_BOUND ( 'NONE', #1814, .T. ) ;
#2016 = ORIENTED_EDGE ( 'NONE', *, *, #4194, .T. ) ;
#2017 = EDGE_CURVE ( 'NONE', #6980, #4809, #2456, .T. ) ;
#2018 = CARTESIAN_POINT ( 'NONE',  ( -16.35194089961022712, 2.159932859908994640, 484.7999999999995566 ) ) ;
#2019 = CARTESIAN_POINT ( 'NONE',  ( 178.6285885010674406, -0.1950042491409013090, 479.9999999999988631 ) ) ;
#2020 = DIRECTION ( 'NONE',  ( 1.000000000000000000, 0.000000000000000000, -1.110223024625157487E-14 ) ) ;
#2021 = CARTESIAN_POINT ( 'NONE',  ( 17.33881699713977653, -3.678877918054627827, 344.9867466024439864 ) ) ;
#2022 = CARTESIAN_POINT ( 'NONE',  ( -16.05170705905799977, 2.171986969224841690, 345.0408884395160953 ) ) ;
#2023 = CARTESIAN_POINT ( 'NONE',  ( 50.00000000000000000, 0.9999999999999943379, 575.1521839940262453 ) ) ;
#2024 = CARTESIAN_POINT ( 'NONE',  ( 26.34175115327878558, -3.852002394093176019, 480.0000000000000000 ) ) ;
#2025 = ORIENTED_EDGE ( 'NONE', *, *, #6247, .T. ) ;
#2026 = EDGE_CURVE ( 'NONE', #4066, #693, #7203, .T. ) ;
#2027 = ORIENTED_EDGE ( 'NONE', *, *, #3209, .T. ) ;
#2028 = CARTESIAN_POINT ( 'NONE',  ( 213.4645703810057569, -5.367961532368655142, 574.9999999999992042 ) ) ;
#2029 = CARTESIAN_POINT ( 'NONE',  ( 29.04759714938792214, -4.216801713765878645, 0.000000000000000000 ) ) ;
#2030 = FACE_OUTER_BOUND ( 'NONE', #2073, .T. ) ;
#2031 = CARTESIAN_POINT ( 'NONE',  ( -15.83915612344372370, 1.656978049637362504, 245.0292271268507420 ) ) ;
#2032 = CARTESIAN_POINT ( 'NONE',  ( 2.321547250473384505, -2.820850705201953801, 324.9999999999999432 ) ) ;
#2033 = AXIS2_PLACEMENT_3D ( 'NONE', #6068, #1490, #2133 ) ;
#2034 = AXIS2_PLACEMENT_3D ( 'NONE', #219, #6046, #134 ) ;
#2035 = CARTESIAN_POINT ( 'NONE',  ( 39.50000000000002842, -7.000000000000000000, 318.9999999999999432 ) ) ;
#2036 = ORIENTED_EDGE ( 'NONE', *, *, #5749, .T. ) ;
#2037 = VECTOR ( 'NONE', #1961, 1000.000000000000000 ) ;
#2038 = EDGE_CURVE ( 'NONE', #6104, #2505, #8269, .T. ) ;
#2039 = ORIENTED_EDGE ( 'NONE', *, *, #7145, .F. ) ;
#2040 = B_SPLINE_CURVE_WITH_KNOTS ( 'NONE', 3,
 ( #4017, #7978, #8105, #2721 ),
 .UNSPECIFIED., .F., .F.,
 ( 4, 4 ),
 ( 5.551115123125782702E-17, 0.007500001017796706880 ),
 .UNSPECIFIED. ) ;
#2041 = CARTESIAN_POINT ( 'NONE',  ( -16.13276459538644758, 2.775992224259407060, 484.7999999999993861 ) ) ;
#2042 = EDGE_LOOP ( 'NONE', ( #1428, #6177, #7351 ) ) ;
#2043 = CARTESIAN_POINT ( 'NONE',  ( 46.61708230992802982, 13.46506174909488784, 484.7999999999996135 ) ) ;
#2044 = DIRECTION ( 'NONE',  ( -0.8837879163470631072, 0.4678877204190302064, 0.000000000000000000 ) ) ;
#2045 = CARTESIAN_POINT ( 'NONE',  ( 178.0252992649078578, -0.09256912565547804894, 0.000000000000000000 ) ) ;
#2046 = AXIS2_PLACEMENT_3D ( 'NONE', #5664, #4411, #1088 ) ;
#2047 = FACE_OUTER_BOUND ( 'NONE', #4287, .T. ) ;
#2048 = CARTESIAN_POINT ( 'NONE',  ( -15.50095921825878520, 3.094377467797079895, 325.0000000000088676 ) ) ;
#2049 = EDGE_CURVE ( 'NONE', #3019, #6628, #5738, .T. ) ;
#2050 = DIRECTION ( 'NONE',  ( 0.5476301895293579358, -0.1986248291869298632, 0.8128033912001737527 ) ) ;
#2051 = EDGE_CURVE ( 'NONE', #6840, #3487, #7867, .T. ) ;
#2052 = CARTESIAN_POINT ( 'NONE',  ( 178.8916077018280930, -0.2521523190111030766, 0.000000000000000000 ) ) ;
#2053 = CARTESIAN_POINT ( 'NONE',  ( 177.8347956568510142, -0.2611924247030477098, 0.000000000000000000 ) ) ;
#2054 = CARTESIAN_POINT ( 'NONE',  ( 18.97514770265229345, 12.47129935402962708, 479.9999999999998295 ) ) ;
#2055 = CARTESIAN_POINT ( 'NONE',  ( 73.68978544301258182, -3.810458425130815119, 480.0000000000005684 ) ) ;
#2056 = CYLINDRICAL_SURFACE ( 'NONE', #7537, 1.400000000000012346 ) ;
#2057 = CARTESIAN_POINT ( 'NONE',  ( 3.278752439849013989, 9.877156664669229258, 0.000000000000000000 ) ) ;
#2058 = CARTESIAN_POINT ( 'NONE',  ( 45.00000000000001421, -4.136970482234673341, 338.9999999999999432 ) ) ;
#2059 = EDGE_CURVE ( 'NONE', #339, #8473, #4783, .T. ) ;
#2060 = CARTESIAN_POINT ( 'NONE',  ( 61.85378191179223251, -3.984145287076783060, 484.7999999999991587 ) ) ;
#2061 = AXIS2_PLACEMENT_3D ( 'NONE', #1194, #7784, #3871 ) ;
#2062 = CARTESIAN_POINT ( 'NONE',  ( -9.623513384105720547, -1.345554904536800711, 0.000000000000000000 ) ) ;
#2063 = ORIENTED_EDGE ( 'NONE', *, *, #3119, .F. ) ;
#2064 = B_SPLINE_CURVE_WITH_KNOTS ( 'NONE', 3,
 ( #4573, #3971, #2545, #5178 ),
 .UNSPECIFIED., .F., .F.,
 ( 4, 4 ),
 ( 6.938893903907228378E-18, 0.005500033951647266724 ),
 .UNSPECIFIED. ) ;
#2065 = CARTESIAN_POINT ( 'NONE',  ( 179.0656129257457110, -0.3417086377613484660, 480.0000000000000568 ) ) ;
#2066 = CARTESIAN_POINT ( 'NONE',  ( 212.9929456645166681, 6.009461295187249696, 575.0000000000000000 ) ) ;
#2067 = VECTOR ( 'NONE', #1327, 1000.000000000000000 ) ;
#2068 = CARTESIAN_POINT ( 'NONE',  ( 1.238022415002657306, -2.776473538798720941, 244.9870407764891240 ) ) ;
#2069 = CARTESIAN_POINT ( 'NONE',  ( 2.632517328566984727, -9.324620722738204748, 330.2478044407517928 ) ) ;
#2070 = CARTESIAN_POINT ( 'NONE',  ( 7.530674109501080515, 11.02121927653219480, 345.0221787578723820 ) ) ;
#2071 = DIRECTION ( 'NONE',  ( -1.000000000000000000, 0.000000000000000000, -0.000000000000000000 ) ) ;
#2072 = CARTESIAN_POINT ( 'NONE',  ( 11.23959568609549642, -3.335506712598542922, 479.9994427990866939 ) ) ;
#2073 = EDGE_LOOP ( 'NONE', ( #547, #1793, #3413, #5733 ) ) ;
#2074 = ORIENTED_EDGE ( 'NONE', *, *, #8070, .F. ) ;
#2075 = CARTESIAN_POINT ( 'NONE',  ( 208.7387505096237419, -9.501612836633237080, 575.0000000000000000 ) ) ;
#2076 = CARTESIAN_POINT ( 'NONE',  ( 179.1908344024446649, -0.3013193822658049581, 434.0000000000001705 ) ) ;
#2077 = DIRECTION ( 'NONE',  ( 0.000000000000000000, 1.000000000000000000, -0.000000000000000000 ) ) ;
#2078 = CARTESIAN_POINT ( 'NONE',  ( -15.87008972675862672, 1.877599935510121831, 245.0349707224999065 ) ) ;
#2079 = CARTESIAN_POINT ( 'NONE',  ( 86.85000000000000853, 3.642033860375761822, 495.0000000000000000 ) ) ;
#2080 = CARTESIAN_POINT ( 'NONE',  ( -14.71429384972372922, 0.4648883305250140485, 345.0013664097778019 ) ) ;
#2081 = ORIENTED_EDGE ( 'NONE', *, *, #2116, .T. ) ;
#2082 = ORIENTED_EDGE ( 'NONE', *, *, #6361, .F. ) ;
#2083 = CARTESIAN_POINT ( 'NONE',  ( -13.78998987344098026, 3.919528527948139551, 0.000000000000000000 ) ) ;
#2084 = VERTEX_POINT ( 'NONE', #1846 ) ;
#2085 = CARTESIAN_POINT ( 'NONE',  ( 75.29076941807873879, 12.50641280270544264, 479.9999999999997158 ) ) ;
#2086 = CARTESIAN_POINT ( 'NONE',  ( 64.65803863093263715, 13.04547443430113596, 480.0000000000004547 ) ) ;
#2087 = ADVANCED_FACE ( 'NONE', ( #565 ), #5824, .F. ) ;
#2088 = CARTESIAN_POINT ( 'NONE',  ( -0.2313791376834210822, 9.170307281342790162, 0.000000000000000000 ) ) ;
#2089 = CARTESIAN_POINT ( 'NONE',  ( -16.04953012248772382, 1.895635540364881466, 345.0361033008998106 ) ) ;
#2090 = CARTESIAN_POINT ( 'NONE',  ( -10.86127950730169545, -0.6502727945834910761, 479.0499999999990450 ) ) ;
#2091 = CARTESIAN_POINT ( 'NONE',  ( 179.0652779708134688, -0.2792706371412809196, 480.0000000000000568 ) ) ;
#2092 = CARTESIAN_POINT ( 'NONE',  ( 178.5382952126774683, -0.3029090213491038019, 0.000000000000000000 ) ) ;
#2093 = CARTESIAN_POINT ( 'NONE',  ( -30.76136872681602696, -12.49999999999999822, 320.1100293561823378 ) ) ;
#2094 = DIRECTION ( 'NONE',  ( -0.000000000000000000, 0.000000000000000000, 1.000000000000000000 ) ) ;
#2095 = CARTESIAN_POINT ( 'NONE',  ( 176.5049536091283926, -0.2111021881640229581, 479.9999999999999432 ) ) ;
#2096 = CARTESIAN_POINT ( 'NONE',  ( -25.12253139189629536, 8.696593633720432592, 327.1045970355453960 ) ) ;
#2097 = CIRCLE ( 'NONE', #3620, 1.000000000000000888 ) ;
#2098 = CARTESIAN_POINT ( 'NONE',  ( 50.00000000000000000, 0.9999999999999943379, 575.1521839940262453 ) ) ;
#2099 = LINE ( 'NONE', #6688, #6764 ) ;
#2100 = CARTESIAN_POINT ( 'NONE',  ( -19.95075407318836724, -9.441733224467782293, 327.0404489981288521 ) ) ;
#2101 = CARTESIAN_POINT ( 'NONE',  ( 131.9521725672295815, -1.288648046957135085, 0.000000000000000000 ) ) ;
#2102 = CARTESIAN_POINT ( 'NONE',  ( -7.979676073740515463, -1.435648214093898867, 484.7999999999993292 ) ) ;
#2103 = ORIENTED_EDGE ( 'NONE', *, *, #5489, .T. ) ;
#2104 = CARTESIAN_POINT ( 'NONE',  ( 130.5869208583905561, 7.046708160302418200, 479.0499999999997840 ) ) ;
#2105 = CARTESIAN_POINT ( 'NONE',  ( 176.9112193075395680, 0.01252642635971669242, 479.0499999999997272 ) ) ;
#2106 = EDGE_CURVE ( 'NONE', #1978, #2698, #1252, .T. ) ;
#2107 = AXIS2_PLACEMENT_3D ( 'NONE', #4855, #7714, #7036 ) ;
#2108 = DIRECTION ( 'NONE',  ( 1.000000000000000000, 0.000000000000000000, 0.000000000000000000 ) ) ;
#2109 = DIRECTION ( 'NONE',  ( 1.000000000000000000, 0.000000000000000000, 0.000000000000000000 ) ) ;
#2110 = CARTESIAN_POINT ( 'NONE',  ( 29.09124355822028463, -4.003612177348323087, 328.8256586871380023 ) ) ;
#2111 = DIRECTION ( 'NONE',  ( 1.000000000000000000, 0.000000000000000000, 0.000000000000000000 ) ) ;
#2112 = CARTESIAN_POINT ( 'NONE',  ( 119.2304721684897117, 25.00000000000000711, 575.0000000000000000 ) ) ;
#2113 = ORIENTED_EDGE ( 'NONE', *, *, #6620, .F. ) ;
#2114 = ORIENTED_EDGE ( 'NONE', *, *, #6200, .F. ) ;
#2115 = CARTESIAN_POINT ( 'NONE',  ( -1.224915373420041531, -12.49999999999869260, 327.5135627071200020 ) ) ;
#2116 = EDGE_CURVE ( 'NONE', #6436, #4264, #121, .T. ) ;
#2117 = CARTESIAN_POINT ( 'NONE',  ( 14.50482170711609342, -3.820524733452396848, 247.8329420019402392 ) ) ;
#2118 = CARTESIAN_POINT ( 'NONE',  ( 10.36903161630340442, 11.55854672981736186, 480.0000000000006253 ) ) ;
#2119 = CARTESIAN_POINT ( 'NONE',  ( -14.99385773009935008, 0.6537065047473944457, 264.9999999999998295 ) ) ;
#2120 = DIRECTION ( 'NONE',  ( 1.000000000000000000, 0.000000000000000000, 0.000000000000000000 ) ) ;
#2121 = CARTESIAN_POINT ( 'NONE',  ( 11.60404759278022446, -3.439663131657018980, 344.9866182133475832 ) ) ;
#2122 = FACE_OUTER_BOUND ( 'NONE', #7385, .T. ) ;
#2123 = CARTESIAN_POINT ( 'NONE',  ( -20.00726623765271484, 12.50000000000037126, 262.4424927695000633 ) ) ;
#2124 = ORIENTED_EDGE ( 'NONE', *, *, #7866, .T. ) ;
#2125 = CARTESIAN_POINT ( 'NONE',  ( -10.37716662875701523, 6.730886490100795427, 484.7999999999998977 ) ) ;
#2126 = ORIENTED_EDGE ( 'NONE', *, *, #2554, .F. ) ;
#2127 = CARTESIAN_POINT ( 'NONE',  ( 64.65803863093263715, 13.04547443430113596, 480.0000000000004547 ) ) ;
#2128 = DIRECTION ( 'NONE',  ( -0.4678877204190302619, 0.8837879163470631072, 0.000000000000000000 ) ) ;
#2129 = CARTESIAN_POINT ( 'NONE',  ( 107.1225966799624132, 9.921177262985183987, 479.9999999999996021 ) ) ;
#2130 = DIRECTION ( 'NONE',  ( 0.000000000000000000, -0.000000000000000000, 1.000000000000000000 ) ) ;
#2131 = CARTESIAN_POINT ( 'NONE',  ( -16.01784093581159851, 1.968553120435581061, 324.9999999999641886 ) ) ;
#2132 = CARTESIAN_POINT ( 'NONE',  ( 28.22738620154323286, -3.893183469062001745, 480.0000000000000000 ) ) ;
#2133 = DIRECTION ( 'NONE',  ( -1.000000000000000000, 0.000000000000000000, 0.000000000000000000 ) ) ;
#2134 = CARTESIAN_POINT ( 'NONE',  ( 178.1002630076085325, -0.1040350834536253183, 480.0000000000000000 ) ) ;
#2135 = CARTESIAN_POINT ( 'NONE',  ( 179.6818268418665809, -0.3897363228606443575, 484.8000000000007503 ) ) ;
#2136 = CARTESIAN_POINT ( 'NONE',  ( -17.52168438762436153, 10.20987082955851832, 260.0678810694233221 ) ) ;
#2137 = ADVANCED_FACE ( 'NONE', ( #7969 ), #7286, .F. ) ;
#2138 = DIRECTION ( 'NONE',  ( -0.000000000000000000, -0.000000000000000000, -1.000000000000000000 ) ) ;
#2139 = CARTESIAN_POINT ( 'NONE',  ( 173.0848874176376171, -0.1040025484831954977, 480.0000000000001137 ) ) ;
#2140 = CARTESIAN_POINT ( 'NONE',  ( -33.68745727355352670, 7.601409985771214295, 324.9999999999997726 ) ) ;
#2141 = DIRECTION ( 'NONE',  ( -3.614007241618349757E-16, -1.000000000000000000, 0.000000000000000000 ) ) ;
#2142 = DIRECTION ( 'NONE',  ( 0.000000000000000000, 0.000000000000000000, 1.000000000000000000 ) ) ;
#2143 = CARTESIAN_POINT ( 'NONE',  ( 185.0000000000000000, 25.00000000000001421, 575.0000000000000000 ) ) ;
#2144 = CARTESIAN_POINT ( 'NONE',  ( 137.9726047538538012, -0.8709528034430135124, 484.7999999999998977 ) ) ;
#2145 = CARTESIAN_POINT ( 'NONE',  ( -13.35307842288795754, -0.2030987925562750263, 0.000000000000000000 ) ) ;
#2146 = VERTEX_POINT ( 'NONE', #163 ) ;
#2147 = B_SPLINE_CURVE_WITH_KNOTS ( 'NONE', 3,
 ( #2021, #5312, #4704, #259, #6696, #821, #6652, #914, #4148, #6003, #6043, #8063, #1378, #4060, #7464, #868, #7379, #2069, #2766, #7936 ),
 .UNSPECIFIED., .F., .F.,
 ( 4, 2, 2, 2, 2, 2, 2, 2, 2, 4 ),
 ( -2.828427471214977251E-05, 0.001468539865103873779, 0.002965364004919897236, 0.005959012284551940680, 0.008952660564183981956, 0.01194630884381602670, 0.01793360540308023068, 0.01943042954289633112, 0.02092725368271243502, 0.02392090196234464283 ),
 .UNSPECIFIED. ) ;
#2148 = CARTESIAN_POINT ( 'NONE',  ( 68.49999999999998579, -3.967197849379837660, 311.4999999999998863 ) ) ;
#2149 = CARTESIAN_POINT ( 'NONE',  ( -15.69496426312209536, 1.070561927608898678, 484.7999999999996703 ) ) ;
#2150 = EDGE_CURVE ( 'NONE', #6061, #5077, #5651, .T. ) ;
#2151 = CARTESIAN_POINT ( 'NONE',  ( 23.15000000000000213, 3.642033860375762266, 495.0000000000000000 ) ) ;
#2152 = B_SPLINE_CURVE_WITH_KNOTS ( 'NONE', 3,
 ( #3141, #5779, #2539, #1206, #8400 ),
 .UNSPECIFIED., .F., .F.,
 ( 4, 1, 4 ),
 ( 0.007392072493601254887, 0.01078936562241351524, 0.01099715382972159261 ),
 .UNSPECIFIED. ) ;
#2153 = CARTESIAN_POINT ( 'NONE',  ( 146.2312238247947107, 5.091282632290184296, 0.000000000000000000 ) ) ;
#2154 = DIRECTION ( 'NONE',  ( 0.000000000000000000, 0.000000000000000000, 1.000000000000000000 ) ) ;
#2155 = CARTESIAN_POINT ( 'NONE',  ( 137.4672068873615558, 6.347435019065557071, 434.0000000000000568 ) ) ;
#2156 = CARTESIAN_POINT ( 'NONE',  ( 66.95468053416004750, -25.00000000000000000, 575.0000000000000000 ) ) ;
#2157 = ORIENTED_EDGE ( 'NONE', *, *, #697, .T. ) ;
#2158 = EDGE_CURVE ( 'NONE', #13, #2306, #1104, .T. ) ;
#2159 = ORIENTED_EDGE ( 'NONE', *, *, #6270, .T. ) ;
#2160 = CARTESIAN_POINT ( 'NONE',  ( 171.4809435121226500, -0.1020881813613422062, 479.0499999999989313 ) ) ;
#2161 = CARTESIAN_POINT ( 'NONE',  ( 112.7461152114842378, -2.417814823600769270, 0.000000000000000000 ) ) ;
#2162 = CARTESIAN_POINT ( 'NONE',  ( 185.0000000000000000, 25.00000000000001421, 575.0000000000000000 ) ) ;
#2163 = CARTESIAN_POINT ( 'NONE',  ( -20.41673958045463877, -18.85401501096576382, 265.0000000000000568 ) ) ;
#2164 = DIRECTION ( 'NONE',  ( 0.000000000000000000, 0.000000000000000000, 1.000000000000000000 ) ) ;
#2165 = CARTESIAN_POINT ( 'NONE',  ( 177.9846193605678195, -0.2656293748815523603, 434.0000000000005116 ) ) ;
#2166 = ORIENTED_EDGE ( 'NONE', *, *, #1399, .F. ) ;
#2167 = CIRCLE ( 'NONE', #4539, 3.149999999999999911 ) ;
#2168 = CARTESIAN_POINT ( 'NONE',  ( -22.41904661199281534, 12.50000000000000178, 267.1171641910316907 ) ) ;
#2169 = ORIENTED_EDGE ( 'NONE', *, *, #7277, .F. ) ;
#2170 = CARTESIAN_POINT ( 'NONE',  ( -20.68820535176051933, -12.49999999999999645, 267.8920304918186730 ) ) ;
#2171 = ORIENTED_EDGE ( 'NONE', *, *, #8052, .F. ) ;
#2172 = CARTESIAN_POINT ( 'NONE',  ( 51.54281766245475183, 13.40044920636132630, 484.8000000000000114 ) ) ;
#2173 = DIRECTION ( 'NONE',  ( 0.000000000000000000, -1.000000000000000000, 0.000000000000000000 ) ) ;
#2174 = CARTESIAN_POINT ( 'NONE',  ( 172.0287144818713330, 1.123915036401927692, 479.9999999999998295 ) ) ;
#2175 = CARTESIAN_POINT ( 'NONE',  ( -8.314978851824633921, 28.07416674686314906, 264.9999999999998863 ) ) ;
#2176 = CARTESIAN_POINT ( 'NONE',  ( -15.48201871272509855, 1.003015668728589826, 325.0000000000180762 ) ) ;
#2177 = CARTESIAN_POINT ( 'NONE',  ( 126.7286181960007241, -24.99999999999999289, 575.0000000000000000 ) ) ;
#2178 = CARTESIAN_POINT ( 'NONE',  ( -13.44224820425161759, -0.05275930415779626903, 479.9999999999993747 ) ) ;
#2179 = CARTESIAN_POINT ( 'NONE',  ( 179.2441865832774681, -0.3084719051041991955, 484.7999999999998977 ) ) ;
#2180 = AXIS2_PLACEMENT_3D ( 'NONE', #2891, #2769, #4106 ) ;
#2181 = CARTESIAN_POINT ( 'NONE',  ( 178.1280467043445981, -0.2765543340730498012, 0.000000000000000000 ) ) ;
#2182 = DIRECTION ( 'NONE',  ( 0.000000000000000000, 0.000000000000000000, 1.000000000000000000 ) ) ;
#2183 = FACE_OUTER_BOUND ( 'NONE', #1026, .T. ) ;
#2184 = CARTESIAN_POINT ( 'NONE',  ( 177.8347956568510142, -0.2611924247030477098, 0.000000000000000000 ) ) ;
#2185 = CARTESIAN_POINT ( 'NONE',  ( -12.64758597719835009, -12.50000000000065015, 263.3755074040399791 ) ) ;
#2186 = DIRECTION ( 'NONE',  ( 0.000000000000000000, 0.000000000000000000, 1.000000000000000000 ) ) ;
#2187 = EDGE_CURVE ( 'NONE', #5754, #6448, #962, .T. ) ;
#2188 = CARTESIAN_POINT ( 'NONE',  ( 199.5652655127899493, 1.361259802224432880, 549.9999999999998863 ) ) ;
#2189 = CARTESIAN_POINT ( 'NONE',  ( 3.278752439849013989, 9.877156664669229258, 0.000000000000000000 ) ) ;
#2190 = CARTESIAN_POINT ( 'NONE',  ( 30.28671187949859345, -3.938157837356208280, 480.0000000000000000 ) ) ;
#2191 = CARTESIAN_POINT ( 'NONE',  ( -16.29119892388976254, 1.836120124459753145, 484.8000000000000114 ) ) ;
#2192 = ORIENTED_EDGE ( 'NONE', *, *, #333, .T. ) ;
#2193 = CARTESIAN_POINT ( 'NONE',  ( 199.5652655127899493, 1.361259802224432880, 575.0000000000000000 ) ) ;
#2194 = CARTESIAN_POINT ( 'NONE',  ( 168.8100012509715668, 1.704716092841258801, 480.0000000000000000 ) ) ;
#2195 = AXIS2_PLACEMENT_3D ( 'NONE', #3233, #5864, #6689 ) ;
#2196 = EDGE_CURVE ( 'NONE', #8381, #8243, #82, .T. ) ;
#2197 = CARTESIAN_POINT ( 'NONE',  ( 17.32468131038517711, -3.699370830043669844, 313.2899653971200564 ) ) ;
#2198 = CARTESIAN_POINT ( 'NONE',  ( 167.6526450614175019, 1.873736364684580824, 0.000000000000000000 ) ) ;
#2199 = VECTOR ( 'NONE', #758, 1000.000000000000000 ) ;
#2200 = CARTESIAN_POINT ( 'NONE',  ( -1.467770784400246775, -10.50102014760952507, 260.9517614400293724 ) ) ;
#2201 = DIRECTION ( 'NONE',  ( -1.000000000000000000, -0.000000000000000000, -0.000000000000000000 ) ) ;
#2202 = CARTESIAN_POINT ( 'NONE',  ( 168.3227864277240542, -0.07994941822546303145, 0.000000000000000000 ) ) ;
#2203 = EDGE_LOOP ( 'NONE', ( #6332, #4668, #5106, #5399 ) ) ;
#2204 = CARTESIAN_POINT ( 'NONE',  ( 175.9106754017074081, -0.2413913008653562897, 479.0499999999977945 ) ) ;
#2205 = CARTESIAN_POINT ( 'NONE',  ( 12.41998860014864725, -4.145233325225001764, 249.9516068391774581 ) ) ;
#2206 = LINE ( 'NONE', #1434, #2386 ) ;
#2207 = CARTESIAN_POINT ( 'NONE',  ( -29.41175184700505341, -13.29796923032787781, 264.9999999999999432 ) ) ;
#2208 = DIRECTION ( 'NONE',  ( 1.000000000000000000, 0.000000000000000000, 0.000000000000000000 ) ) ;
#2209 = CARTESIAN_POINT ( 'NONE',  ( 40.92950548548046896, -12.00000000000000000, 516.0563009700706516 ) ) ;
#2210 = ORIENTED_EDGE ( 'NONE', *, *, #7766, .F. ) ;
#2211 = CARTESIAN_POINT ( 'NONE',  ( -23.59349490806424754, 12.50000000000000178, 267.6155402531267100 ) ) ;
#2212 = ORIENTED_EDGE ( 'NONE', *, *, #6108, .T. ) ;
#2213 = DIRECTION ( 'NONE',  ( 0.000000000000000000, 0.000000000000000000, 1.000000000000000000 ) ) ;
#2214 = ORIENTED_EDGE ( 'NONE', *, *, #4082, .T. ) ;
#2215 = DIRECTION ( 'NONE',  ( -0.000000000000000000, 1.000000000000000000, -0.000000000000000000 ) ) ;
#2216 = CARTESIAN_POINT ( 'NONE',  ( 100.0480291614460953, 10.59381970122822736, 484.8000000000000682 ) ) ;
#2217 = EDGE_CURVE ( 'NONE', #7494, #7440, #3482, .T. ) ;
#2218 = CARTESIAN_POINT ( 'NONE',  ( -6.089165515397828798, 7.918653467118539346, 245.0275531473828892 ) ) ;
#2219 = CARTESIAN_POINT ( 'NONE',  ( -15.83464106365467217, 1.365942347077608199, 345.0193922868788832 ) ) ;
#2220 = CARTESIAN_POINT ( 'NONE',  ( 102.6720519462558912, -25.00000000000000000, 575.0000000000003411 ) ) ;
#2221 = CARTESIAN_POINT ( 'NONE',  ( 0.9707851155078544014, -2.602294329166729092, 480.0000000000001705 ) ) ;
#2222 = ORIENTED_EDGE ( 'NONE', *, *, #4838, .T. ) ;
#2223 = CARTESIAN_POINT ( 'NONE',  ( 171.4588886263078678, 1.212484262018443282, 0.000000000000000000 ) ) ;
#2224 = CARTESIAN_POINT ( 'NONE',  ( 178.3625134362879407, -0.2910163483026827480, 0.000000000000000000 ) ) ;
#2225 = DIRECTION ( 'NONE',  ( 0.000000000000000000, 0.000000000000000000, 1.000000000000000000 ) ) ;
#2226 = DIRECTION ( 'NONE',  ( 1.000000000000000000, 0.000000000000000000, 0.000000000000000000 ) ) ;
#2227 = CARTESIAN_POINT ( 'NONE',  ( 170.2535039429155574, -0.06261061152700533872, 480.0000000000002842 ) ) ;
#2228 = VECTOR ( 'NONE', #2681, 1000.000000000000000 ) ;
#2229 = CARTESIAN_POINT ( 'NONE',  ( -60.00000000000000000, -11.50000000000000000, 269.9999999999998863 ) ) ;
#2230 = CARTESIAN_POINT ( 'NONE',  ( 38.87138447181136058, -4.119930399620786332, 328.1390129974705587 ) ) ;
#2231 = ORIENTED_EDGE ( 'NONE', *, *, #1406, .F. ) ;
#2232 = CARTESIAN_POINT ( 'NONE',  ( -21.40071590651688993, -9.232817828939966276, 326.7785019191337597 ) ) ;
#2233 = CARTESIAN_POINT ( 'NONE',  ( 175.2132399931429063, -0.1661168005189621877, 484.8000000000002387 ) ) ;
#2234 = CARTESIAN_POINT ( 'NONE',  ( -15.42269904590971130, 1.302817067477976209, 0.000000000000000000 ) ) ;
#2235 = ORIENTED_EDGE ( 'NONE', *, *, #5310, .F. ) ;
#2236 = DIRECTION ( 'NONE',  ( 1.000000000000000000, 0.000000000000000000, 0.000000000000000000 ) ) ;
#2237 = EDGE_CURVE ( 'NONE', #1936, #2370, #2099, .T. ) ;
#2238 = CARTESIAN_POINT ( 'NONE',  ( -14.42343258315682064, 0.3233294075358580932, 0.000000000000000000 ) ) ;
#2239 = CIRCLE ( 'NONE', #7066, 1.999999999999991340 ) ;
#2240 = CIRCLE ( 'NONE', #7744, 1.000000000000000888 ) ;
#2241 = CARTESIAN_POINT ( 'NONE',  ( 121.7538155905333781, -1.741342503863519742, 480.0000000000000000 ) ) ;
#2242 = PLANE ( 'NONE',  #4742 ) ;
#2243 = PLANE ( 'NONE',  #2993 ) ;
#2244 = FACE_OUTER_BOUND ( 'NONE', #3, .T. ) ;
#2245 = VERTEX_POINT ( 'NONE', #6123 ) ;
#2246 = CARTESIAN_POINT ( 'NONE',  ( 213.9967124636208098, 4.368464130069179774, 575.0000000000002274 ) ) ;
#2247 = EDGE_CURVE ( 'NONE', #6306, #4326, #1772, .T. ) ;
#2248 = TOROIDAL_SURFACE ( 'NONE', #2937, 4.000000000000000000, 1.000000000000000000 ) ;
#2249 = CARTESIAN_POINT ( 'NONE',  ( -60.00000000000000000, -11.50000000000000000, 319.9999999999998863 ) ) ;
#2250 = CARTESIAN_POINT ( 'NONE',  ( 13.22022986881226103, 11.89785819428693259, 480.0000000000000000 ) ) ;
#2251 = AXIS2_PLACEMENT_3D ( 'NONE', #7201, #4393, #8529 ) ;
#2252 = AXIS2_PLACEMENT_3D ( 'NONE', #4760, #4157, #2408 ) ;
#2253 = CARTESIAN_POINT ( 'NONE',  ( -15.48697913011784522, 1.054458823330128636, 265.0000000000180194 ) ) ;
#2254 = CARTESIAN_POINT ( 'NONE',  ( 50.00000000000000000, 0.9999999999999943379, 0.000000000000000000 ) ) ;
#2255 = CARTESIAN_POINT ( 'NONE',  ( 120.9932936199123645, -1.784842463690856196, 480.0000000000000000 ) ) ;
#2256 = VERTEX_POINT ( 'NONE', #4008 ) ;
#2257 = CARTESIAN_POINT ( 'NONE',  ( -20.60525287023355290, 9.598318344508657063, 261.2408231292499750 ) ) ;
#2258 = ORIENTED_EDGE ( 'NONE', *, *, #4871, .F. ) ;
#2259 = ORIENTED_EDGE ( 'NONE', *, *, #5365, .F. ) ;
#2260 = CARTESIAN_POINT ( 'NONE',  ( -15.76221464724635446, 1.449559008583016118, 245.0227552013761567 ) ) ;
#2261 = CARTESIAN_POINT ( 'NONE',  ( 85.90368065218514460, 11.79578937440576780, 484.8000000000004661 ) ) ;
#2262 = VECTOR ( 'NONE', #7339, 1000.000000000000000 ) ;
#2263 = CARTESIAN_POINT ( 'NONE',  ( -10.84711740004624758, 6.113733066424170914, 245.0312648526486896 ) ) ;
#2264 = CARTESIAN_POINT ( 'NONE',  ( -15.76190788204371174, 1.295965729997011762, 325.0000000000713385 ) ) ;
#2265 = CARTESIAN_POINT ( 'NONE',  ( 111.8864367863799032, -2.081034991739175943, 479.0499999999996703 ) ) ;
#2266 = EDGE_LOOP ( 'NONE', ( #6658, #4031, #2986, #1266 ) ) ;
#2267 = CARTESIAN_POINT ( 'NONE',  ( 170.8629788274858470, 1.341966976209248097, 484.8000000000000114 ) ) ;
#2268 = CARTESIAN_POINT ( 'NONE',  ( 179.4654470622491544, -0.3453993604932796280, 480.0000000000001137 ) ) ;
#2269 = CARTESIAN_POINT ( 'NONE',  ( -27.28473410579327663, -8.295605314575194456, 325.6292215023191829 ) ) ;
#2270 = EDGE_CURVE ( 'NONE', #4637, #1584, #7949, .T. ) ;
#2271 = CARTESIAN_POINT ( 'NONE',  ( -0.3260385411203708950, 15.98863689914002251, 549.9999999999998863 ) ) ;
#2272 = CARTESIAN_POINT ( 'NONE',  ( 178.6853143112727764, -0.3112826824056618147, 480.0000000000005116 ) ) ;
#2273 = CARTESIAN_POINT ( 'NONE',  ( -17.64121875003812434, 10.22957945679993585, 330.0126546851702187 ) ) ;
#2274 = DIRECTION ( 'NONE',  ( 1.000000000000000000, 0.000000000000000000, -9.714451465470111840E-15 ) ) ;
#2275 = VERTEX_POINT ( 'NONE', #7370 ) ;
#2276 = CARTESIAN_POINT ( 'NONE',  ( 40.92950548548049738, -2.000000000000000000, 571.0000000000000000 ) ) ;
#2277 = CARTESIAN_POINT ( 'NONE',  ( 177.1304589700457086, -0.2373568107259753923, 0.000000000000000000 ) ) ;
#2278 = CARTESIAN_POINT ( 'NONE',  ( 0.01802972817156376500, -2.813386947671081106, 0.000000000000000000 ) ) ;
#2279 = CARTESIAN_POINT ( 'NONE',  ( 161.6389359802598733, 25.00000000000001421, 575.0000000000000000 ) ) ;
#2280 = CARTESIAN_POINT ( 'NONE',  ( 169.7674083123418427, 1.305569647900689301, 479.0500000000005798 ) ) ;
#2281 = ADVANCED_FACE ( 'NONE', ( #6775 ), #772, .T. ) ;
#2282 = CARTESIAN_POINT ( 'NONE',  ( 124.8052344100814821, -1.567499702288184693, 480.0000000000000000 ) ) ;
#2283 = CARTESIAN_POINT ( 'NONE',  ( 168.9202105129192262, 1.669342554848026960, 179.9999999999999147 ) ) ;
#2284 = FACE_OUTER_BOUND ( 'NONE', #1007, .T. ) ;
#2285 = LINE ( 'NONE', #4929, #7099 ) ;
#2286 = EDGE_CURVE ( 'NONE', #1257, #1998, #206, .T. ) ;
#2287 = CARTESIAN_POINT ( 'NONE',  ( 178.2644603043168559, -0.2674441249738635507, 0.000000000000000000 ) ) ;
#2288 = ORIENTED_EDGE ( 'NONE', *, *, #3484, .T. ) ;
#2289 = CARTESIAN_POINT ( 'NONE',  ( 170.3801147242002969, -0.08215967370606173936, 479.0500000000007503 ) ) ;
#2290 = CYLINDRICAL_SURFACE ( 'NONE', #1245, 3.149999999999999911 ) ;
#2291 = CARTESIAN_POINT ( 'NONE',  ( -15.34588171183836636, 0.9365453068305886752, 245.0097536212314537 ) ) ;
#2292 = CARTESIAN_POINT ( 'NONE',  ( 175.1281023069877563, -0.1630004879945832208, 479.9999999999998863 ) ) ;
#2293 = CARTESIAN_POINT ( 'NONE',  ( 179.0433362959816179, -0.3415653402749584400, 434.0000000000010800 ) ) ;
#2294 = DIRECTION ( 'NONE',  ( -1.000000000000000000, 0.000000000000000000, 0.000000000000000000 ) ) ;
#2295 = ADVANCED_FACE ( 'NONE', ( #2841 ), #4092, .F. ) ;
#2296 = CARTESIAN_POINT ( 'NONE',  ( -14.32348297141592397, 12.50000000000000178, 326.9773958033500207 ) ) ;
#2297 = EDGE_LOOP ( 'NONE', ( #6018, #5488, #7698, #6390, #3829, #1647, #4368, #2590 ) ) ;
#2298 = ORIENTED_EDGE ( 'NONE', *, *, #7333, .T. ) ;
#2299 = CARTESIAN_POINT ( 'NONE',  ( 172.0455960762924121, -0.09563488767461550411, 179.9999999999999716 ) ) ;
#2300 = CARTESIAN_POINT ( 'NONE',  ( 31.84053295742134182, 13.25697954159994296, 484.7999999999996703 ) ) ;
#2301 = B_SPLINE_CURVE_WITH_KNOTS ( 'NONE', 3,
 ( #5766, #6936, #7530, #5722, #1020, #7567 ),
 .UNSPECIFIED., .F., .F.,
 ( 4, 2, 4 ),
 ( 1.705336630678629287E-17, 0.001488305019972335731, 0.002976610039944654115 ),
 .UNSPECIFIED. ) ;
#2302 = CARTESIAN_POINT ( 'NONE',  ( -4.690522409977138985, 8.358271935191355695, 264.9999999999999432 ) ) ;
#2303 = CARTESIAN_POINT ( 'NONE',  ( -14.78812729670484494, 0.5087768751799776057, 345.0020897971821228 ) ) ;
#2304 = CARTESIAN_POINT ( 'NONE',  ( 119.8556740799799485, -1.588850851913524043, 479.0499999999998977 ) ) ;
#2305 = EDGE_CURVE ( 'NONE', #1996, #3821, #8358, .T. ) ;
#2306 = VERTEX_POINT ( 'NONE', #6205 ) ;
#2307 = CARTESIAN_POINT ( 'NONE',  ( 157.1251210967463408, 3.576126655751157291, 484.8000000000004661 ) ) ;
#2308 = CARTESIAN_POINT ( 'NONE',  ( 179.1365487957734786, -0.2909034429714744130, 484.8000000000003524 ) ) ;
#2309 = CARTESIAN_POINT ( 'NONE',  ( -16.71777707272994107, -12.49999999999999645, 323.0162095168341239 ) ) ;
#2310 = DIRECTION ( 'NONE',  ( -1.000000000000000000, 0.000000000000000000, 0.000000000000000000 ) ) ;
#2311 = CARTESIAN_POINT ( 'NONE',  ( 179.5381572239343484, -0.3579145042167919399, 480.0000000000000000 ) ) ;
#2312 = CARTESIAN_POINT ( 'NONE',  ( -22.65460699793666777, 12.50000000000001066, 322.8820624642984853 ) ) ;
#2313 = CARTESIAN_POINT ( 'NONE',  ( 86.85000000000000853, 3.642033860375761822, 0.000000000000000000 ) ) ;
#2314 = ORIENTED_EDGE ( 'NONE', *, *, #7726, .F. ) ;
#2315 = CARTESIAN_POINT ( 'NONE',  ( -59.00000000000000000, 7.500000000000002665, 324.9999999999998863 ) ) ;
#2316 = CARTESIAN_POINT ( 'NONE',  ( 149.9332925707352899, -0.3680740951641573999, 484.7999999999997840 ) ) ;
#2317 = CARTESIAN_POINT ( 'NONE',  ( 103.2676083542078516, -2.790202921447929807, 484.7999999999998977 ) ) ;
#2318 = ORIENTED_EDGE ( 'NONE', *, *, #5438, .T. ) ;
#2319 = CARTESIAN_POINT ( 'NONE',  ( 31.77416380512535810, 13.13080394211986146, 479.0499999999994998 ) ) ;
#2320 = CARTESIAN_POINT ( 'NONE',  ( -13.66921530816377484, 0.03016505849570760844, 484.8000000000004661 ) ) ;
#2321 = EDGE_CURVE ( 'NONE', #2245, #1156, #4779, .T. ) ;
#2322 = CARTESIAN_POINT ( 'NONE',  ( -35.73982888268677982, 4.339344174675515475, 264.9999999999998863 ) ) ;
#2323 = CARTESIAN_POINT ( 'NONE',  ( 161.1796308570341978, 2.922775979924479017, 180.0000000000002558 ) ) ;
#2324 = CARTESIAN_POINT ( 'NONE',  ( -26.33105603730261990, -8.421586077859403829, 264.2115357485862432 ) ) ;
#2325 = LINE ( 'NONE', #472, #3092 ) ;
#2326 = CARTESIAN_POINT ( 'NONE',  ( -23.73152105923536226, 12.50000000000000178, 322.4244413984895345 ) ) ;
#2327 = ORIENTED_EDGE ( 'NONE', *, *, #2650, .T. ) ;
#2328 = CARTESIAN_POINT ( 'NONE',  ( -11.01502431357670986, 5.605713568511839107, 0.000000000000000000 ) ) ;
#2329 = CARTESIAN_POINT ( 'NONE',  ( 172.6279524799504941, -0.1280577162072053521, 479.0500000000015461 ) ) ;
#2330 = CARTESIAN_POINT ( 'NONE',  ( 179.6217873457017902, -0.3836408461809958648, 433.9999999999997726 ) ) ;
#2331 = AXIS2_PLACEMENT_3D ( 'NONE', #4671, #875, #3457 ) ;
#2332 = PRODUCT_DEFINITION_FORMATION_WITH_SPECIFIED_SOURCE ( 'ANY', '', #4276, .NOT_KNOWN. ) ;
#2333 = CARTESIAN_POINT ( 'NONE',  ( -19.20881848217383236, -19.28534167272662714, 264.9999999999998863 ) ) ;
#2334 = CARTESIAN_POINT ( 'NONE',  ( 137.4672068873614990, 6.294479892970873181, 179.9999999999999716 ) ) ;
#2335 = CARTESIAN_POINT ( 'NONE',  ( 34.92950548548046186, -3.991727761287586329, 480.0006613128086883 ) ) ;
#2336 = CARTESIAN_POINT ( 'NONE',  ( 1.265884669237595128, -10.81713522556671592, 345.5983603882106081 ) ) ;
#2337 = B_SPLINE_CURVE_WITH_KNOTS ( 'NONE', 3,
 ( #620, #2599, #1340, #2558, #1302, #3940, #6613, #917 ),
 .UNSPECIFIED., .F., .F.,
 ( 4, 2, 2, 4 ),
 ( 0.000000000000000000, 0.005667280035200711504, 0.008500920052801067689, 0.01133456007040142127 ),
 .UNSPECIFIED. ) ;
#2338 = CARTESIAN_POINT ( 'NONE',  ( -9.552547215373611067, 11.20851484083364191, 257.2988231723152239 ) ) ;
#2339 = ORIENTED_EDGE ( 'NONE', *, *, #3942, .T. ) ;
#2340 = AXIS2_PLACEMENT_3D ( 'NONE', #2670, #731, #859 ) ;
#2341 = ORIENTED_EDGE ( 'NONE', *, *, #634, .T. ) ;
#2342 = CARTESIAN_POINT ( 'NONE',  ( 176.6325259803243739, -0.2200345608683053344, 179.9999999999999716 ) ) ;
#2343 = CARTESIAN_POINT ( 'NONE',  ( 51.54281766245475183, 13.40044920636132630, 484.8000000000000114 ) ) ;
#2344 = CARTESIAN_POINT ( 'NONE',  ( -10.51435521567605669, 6.299505625363396533, 264.9999999999998295 ) ) ;
#2345 = VECTOR ( 'NONE', #3750, 1000.000000000000000 ) ;
#2346 = CARTESIAN_POINT ( 'NONE',  ( -13.93165564463010142, 0.1041099617359730473, 344.9966931030706405 ) ) ;
#2347 = CARTESIAN_POINT ( 'NONE',  ( 184.9999999999999716, -24.99999999999998579, 575.0000000000000000 ) ) ;
#2348 = ORIENTED_EDGE ( 'NONE', *, *, #350, .F. ) ;
#2349 = CARTESIAN_POINT ( 'NONE',  ( 174.2282262401261903, 0.6855497064799302986, 0.000000000000000000 ) ) ;
#2350 = CARTESIAN_POINT ( 'NONE',  ( 179.1551105706238332, -0.2939346916711294555, 484.8000000000003524 ) ) ;
#2351 = DIRECTION ( 'NONE',  ( -0.000000000000000000, -0.000000000000000000, 1.000000000000000000 ) ) ;
#2352 = CARTESIAN_POINT ( 'NONE',  ( 179.5409848462864204, -0.3578882001403654867, 484.8000000000000114 ) ) ;
#2353 = EDGE_CURVE ( 'NONE', #5592, #785, #202, .T. ) ;
#2354 = CARTESIAN_POINT ( 'NONE',  ( -2.470122903636190692, -12.49999999999999822, 281.7298952154051790 ) ) ;
#2355 = CARTESIAN_POINT ( 'NONE',  ( -15.49337665661559527, 2.853215768000025410, 245.0394611774324005 ) ) ;
#2356 = CARTESIAN_POINT ( 'NONE',  ( -15.85843244536863317, 25.84706421119535591, 324.9999999999999432 ) ) ;
#2357 = VERTEX_POINT ( 'NONE', #159 ) ;
#2358 = CARTESIAN_POINT ( 'NONE',  ( 56.00000000000000000, 0.9999999999999922284, 575.1521839940262453 ) ) ;
#2359 = CARTESIAN_POINT ( 'NONE',  ( 156.2348080999998103, -0.1819855254509684939, 484.8000000000002956 ) ) ;
#2360 = CARTESIAN_POINT ( 'NONE',  ( 30.37738945242669431, -4.243994551180683139, 0.000000000000000000 ) ) ;
#2361 = ORIENTED_EDGE ( 'NONE', *, *, #3517, .T. ) ;
#2362 = CARTESIAN_POINT ( 'NONE',  ( 92.48953618409355215, 11.25225053745967685, 479.9999999999993179 ) ) ;
#2363 = CARTESIAN_POINT ( 'NONE',  ( 3.264315704490215353, -2.792051079964634308, 484.8000000000000114 ) ) ;
#2364 = DIRECTION ( 'NONE',  ( 1.000000000000000000, 0.000000000000000000, 0.000000000000000000 ) ) ;
#2365 = CARTESIAN_POINT ( 'NONE',  ( -15.35703167612250475, 3.711467857370073009, 480.0002121114028455 ) ) ;
#2366 = CARTESIAN_POINT ( 'NONE',  ( 40.92950548548048317, -12.00000000000000000, 575.0000000000000000 ) ) ;
#2367 = CARTESIAN_POINT ( 'NONE',  ( 168.6821646161110948, 1.699558679932335226, 0.000000000000000000 ) ) ;
#2368 = LINE ( 'NONE', #8166, #8192 ) ;
#2369 = CARTESIAN_POINT ( 'NONE',  ( -24.12565139948473458, 8.903649773294471714, 327.4837949447480696 ) ) ;
#2370 = VERTEX_POINT ( 'NONE', #767 ) ;
#2371 = CARTESIAN_POINT ( 'NONE',  ( -5.642151587238918964, 8.386780365232946011, 479.9999999999996589 ) ) ;
#2372 = CARTESIAN_POINT ( 'NONE',  ( 178.4215355470631721, -0.2829996184057230191, 479.0499999999997840 ) ) ;
#2373 = ADVANCED_FACE ( 'NONE', ( #2183 ), #853, .F. ) ;
#2374 = CARTESIAN_POINT ( 'NONE',  ( 2.609736899717690406, 14.22106106644589474, 575.0000000000000000 ) ) ;
#2375 = CARTESIAN_POINT ( 'NONE',  ( -6.860021897537500024, -1.747150977635400837, 264.9999999999910187 ) ) ;
#2376 = DIRECTION ( 'NONE',  ( -1.000000000000000000, 0.000000000000000000, 0.000000000000000000 ) ) ;
#2377 = EDGE_CURVE ( 'NONE', #5060, #785, #6771, .T. ) ;
#2378 = CYLINDRICAL_SURFACE ( 'NONE', #5827, 1.400000000000012346 ) ;
#2379 = CARTESIAN_POINT ( 'NONE',  ( 20.00000000000000000, 3.642033860375761822, 0.000000000000000000 ) ) ;
#2380 = CARTESIAN_POINT ( 'NONE',  ( -0.8956008668057483524, 12.50000000000146905, 255.7931418266778962 ) ) ;
#2381 = ORIENTED_EDGE ( 'NONE', *, *, #678, .F. ) ;
#2382 = ADVANCED_FACE ( 'NONE', ( #1453 ), #5470, .F. ) ;
#2383 = VERTEX_POINT ( 'NONE', #3478 ) ;
#2384 = CARTESIAN_POINT ( 'NONE',  ( 104.8812459403910538, 25.00000000000000355, 575.0000000000000000 ) ) ;
#2385 = CARTESIAN_POINT ( 'NONE',  ( 13.16642309390932830, 11.92611820294429847, 484.7999999999996703 ) ) ;
#2386 = VECTOR ( 'NONE', #4847, 1000.000000000000000 ) ;
#2387 = CARTESIAN_POINT ( 'NONE',  ( -29.75184772976490777, 16.93542655617049775, 264.9999999999998863 ) ) ;
#2388 = CARTESIAN_POINT ( 'NONE',  ( -12.37261169632520108, -0.4593107679492823836, 325.0000000000000000 ) ) ;
#2389 = VECTOR ( 'NONE', #691, 1000.000000000000000 ) ;
#2390 = CARTESIAN_POINT ( 'NONE',  ( 10.04496497565292046, 11.27722554789622222, 267.4756667346449035 ) ) ;
#2391 = ORIENTED_EDGE ( 'NONE', *, *, #3843, .F. ) ;
#2392 = CARTESIAN_POINT ( 'NONE',  ( 175.0341868594698838, 0.5384311715328768955, 484.7999999999995566 ) ) ;
#2393 = CARTESIAN_POINT ( 'NONE',  ( 179.6668612773497387, -0.3897174335240548015, 0.000000000000000000 ) ) ;
#2394 = CARTESIAN_POINT ( 'NONE',  ( 47.60506790503134056, -4.075548647328104401, 479.9991288063436059 ) ) ;
#2395 = CARTESIAN_POINT ( 'NONE',  ( 179.5927413771753720, -0.3672807695279510787, 484.7999999999997272 ) ) ;
#2396 = DIRECTION ( 'NONE',  ( -1.000000000000000000, 0.000000000000000000, -4.081702296416013038E-16 ) ) ;
#2397 = CARTESIAN_POINT ( 'NONE',  ( 23.07882928888691154, -3.556939096827422819, 479.0499999999999545 ) ) ;
#2398 = CARTESIAN_POINT ( 'NONE',  ( -11.67175259294094403, 5.855259033094581511, 324.9999999999997726 ) ) ;
#2399 = ORIENTED_EDGE ( 'NONE', *, *, #1178, .T. ) ;
#2400 = CIRCLE ( 'NONE', #4610, 19.99999999999996092 ) ;
#2401 = CARTESIAN_POINT ( 'NONE',  ( 55.09513661494081305, 12.99841169906614269, 0.000000000000000000 ) ) ;
#2402 = CARTESIAN_POINT ( 'NONE',  ( 166.7412611178494615, -0.04619892469985890232, 484.8000000000000114 ) ) ;
#2403 = EDGE_CURVE ( 'NONE', #1257, #8023, #4146, .T. ) ;
#2404 = CARTESIAN_POINT ( 'NONE',  ( 50.02120618150093634, -4.342292438491305084, 0.000000000000000000 ) ) ;
#2405 = EDGE_LOOP ( 'NONE', ( #2569, #7575 ) ) ;
#2406 = CARTESIAN_POINT ( 'NONE',  ( 92.03395835822431081, 25.00000000000000711, 575.0000000000001137 ) ) ;
#2407 = CARTESIAN_POINT ( 'NONE',  ( -5.146668690575086025, -2.173960104850762409, 0.000000000000000000 ) ) ;
#2408 = DIRECTION ( 'NONE',  ( 0.000000000000000000, -0.000000000000000000, -1.000000000000000000 ) ) ;
#2409 = CARTESIAN_POINT ( 'NONE',  ( 0.7803944954302445280, -11.31973960990497474, 261.5531918379388685 ) ) ;
#2410 = CARTESIAN_POINT ( 'NONE',  ( 174.7044380260759908, 0.5968958414081658725, 179.9999999999999716 ) ) ;
#2411 = LINE ( 'NONE', #2366, #7814 ) ;
#2412 = CARTESIAN_POINT ( 'NONE',  ( -15.42269904590971130, 1.302817067477976209, 0.000000000000000000 ) ) ;
#2413 = EDGE_CURVE ( 'NONE', #3898, #3100, #5092, .T. ) ;
#2414 = LINE ( 'NONE', #6843, #1174 ) ;
#2415 = CARTESIAN_POINT ( 'NONE',  ( -21.12985625085281427, 9.527039128480975450, 328.6671419497774878 ) ) ;
#2416 = ORIENTED_EDGE ( 'NONE', *, *, #5705, .T. ) ;
#2417 = CARTESIAN_POINT ( 'NONE',  ( -3.064312150502369381, 8.445467503663943276, 0.000000000000000000 ) ) ;
#2418 = CARTESIAN_POINT ( 'NONE',  ( 178.5592936641905055, -0.3084139468798809403, 479.0500000000005230 ) ) ;
#2419 = CARTESIAN_POINT ( 'NONE',  ( -18.85844455463089275, -12.49999999999999645, 267.4387177662909494 ) ) ;
#2420 = CARTESIAN_POINT ( 'NONE',  ( -13.95666101202681553, -20.75550175756113092, 264.9999999999998863 ) ) ;
#2421 = EDGE_CURVE ( 'NONE', #278, #7058, #4087, .T. ) ;
#2422 = LINE ( 'NONE', #6960, #1429 ) ;
#2423 = CARTESIAN_POINT ( 'NONE',  ( -49.99999999999999289, 6.999999999999988454, 296.3999999999999204 ) ) ;
#2424 = CARTESIAN_POINT ( 'NONE',  ( 0.1711155875960922446, -11.75893912432237975, 327.7504016627373176 ) ) ;
#2425 = CARTESIAN_POINT ( 'NONE',  ( -59.00000000000000000, -12.49999999999999822, 269.9999999999998863 ) ) ;
#2426 = ORIENTED_EDGE ( 'NONE', *, *, #4987, .F. ) ;
#2427 = VERTEX_POINT ( 'NONE', #3525 ) ;
#2428 = CARTESIAN_POINT ( 'NONE',  ( 11.58060273222206149, -3.505370448784523862, 244.9866168089135385 ) ) ;
#2429 = CARTESIAN_POINT ( 'NONE',  ( 14.43520232316378049, 11.56592333184330812, 0.000000000000000000 ) ) ;
#2430 = CARTESIAN_POINT ( 'NONE',  ( -14.87796276335622991, 3.603353758761550285, 264.9999999999998295 ) ) ;
#2431 = CARTESIAN_POINT ( 'NONE',  ( -15.00453802772486789, 0.6440081712229669408, 325.0000000000088676 ) ) ;
#2432 =( BOUNDED_SURFACE ( )  B_SPLINE_SURFACE ( 3, 2, ( 
 ( #5833, #8457, #5873 ),
 ( #2555, #5185, #5227 ),
 ( #7854, #3937, #3408 ),
 ( #6783, #7423, #5395 ) ),
 .UNSPECIFIED., .F., .F., .T. ) 
 B_SPLINE_SURFACE_WITH_KNOTS ( ( 4, 4 ),
 ( 3, 3 ),
 ( 0.1376645033057092016, 0.2388647515253998488 ),
 ( 0.000000000000000000, 0.9267722489266443375 ),
 .UNSPECIFIED. ) 
 GEOMETRIC_REPRESENTATION_ITEM ( )  RATIONAL_B_SPLINE_SURFACE ( (
 ( 1.000000000000000000, 0.9695537446864924691, 0.9955409783895732279),
 ( 1.000000000000000000, 0.9699933379913434628, 0.9956053592477756009),
 ( 1.000000000000000000, 0.9704320503348141669, 0.9956696110843364922),
 ( 1.000000000000000000, 0.9708698795093029243, 0.9957337335759408603) ) ) 
 REPRESENTATION_ITEM ( '' )  SURFACE ( )  );
#2433 = CARTESIAN_POINT ( 'NONE',  ( 19.63816888996295518, 12.52259554015352450, 479.9988921818874132 ) ) ;
#2434 = ADVANCED_FACE ( 'NONE', ( #899 ), #342, .T. ) ;
#2435 = ORIENTED_EDGE ( 'NONE', *, *, #2908, .F. ) ;
#2436 = CARTESIAN_POINT ( 'NONE',  ( 22.58802016605103447, 12.75052606318385173, 479.9999999999999432 ) ) ;
#2437 = CARTESIAN_POINT ( 'NONE',  ( 179.5381572239343484, -0.3579145042167919399, 480.0000000000000000 ) ) ;
#2438 = CARTESIAN_POINT ( 'NONE',  ( 74.30785146322864421, -3.786318332315823820, 479.9997404137795343 ) ) ;
#2439 = CARTESIAN_POINT ( 'NONE',  ( 179.6675918070775424, -0.3897966095237011541, 479.9999999999989768 ) ) ;
#2440 = CARTESIAN_POINT ( 'NONE',  ( -0.8831871637797010788, 12.50000000000000178, 324.9999999999999432 ) ) ;
#2441 = CARTESIAN_POINT ( 'NONE',  ( -12.64219134374524245, 5.197902595434809037, 245.0333226097051238 ) ) ;
#2442 = CARTESIAN_POINT ( 'NONE',  ( -22.88745869306846714, 22.56659823383584751, 324.9999999999998863 ) ) ;
#2443 = ORIENTED_EDGE ( 'NONE', *, *, #6447, .T. ) ;
#2444 = CARTESIAN_POINT ( 'NONE',  ( 9.942046277401049181, -12.00000000000000000, 316.9999999999998295 ) ) ;
#2445 = CARTESIAN_POINT ( 'NONE',  ( 179.5927413771753720, -0.3672807695279510787, 484.7999999999997272 ) ) ;
#2446 = CARTESIAN_POINT ( 'NONE',  ( 97.15242082108964894, -3.282864461709983583, 0.000000000000000000 ) ) ;
#2447 = ORIENTED_EDGE ( 'NONE', *, *, #8398, .T. ) ;
#2448 = CARTESIAN_POINT ( 'NONE',  ( 95.27301496602076725, 11.01264453567707591, 480.0000000000000000 ) ) ;
#2449 = CARTESIAN_POINT ( 'NONE',  ( 0.01802972817156376500, -2.813386947671081106, 0.000000000000000000 ) ) ;
#2450 = ORIENTED_EDGE ( 'NONE', *, *, #1648, .F. ) ;
#2451 = B_SPLINE_CURVE_WITH_KNOTS ( 'NONE', 3,
 ( #3410, #6045, #133, #2768 ),
 .UNSPECIFIED., .F., .F.,
 ( 4, 4 ),
 ( 0.000000000000000000, 0.005113404966914537365 ),
 .UNSPECIFIED. ) ;
#2452 = EDGE_CURVE ( 'NONE', #1825, #5060, #8180, .T. ) ;
#2453 = DIRECTION ( 'NONE',  ( 0.000000000000000000, 0.000000000000000000, 1.000000000000000000 ) ) ;
#2454 = AXIS2_PLACEMENT_3D ( 'NONE', #6906, #6294, #1834 ) ;
#2455 = CARTESIAN_POINT ( 'NONE',  ( 171.8944271909999486, -16.00991544844572445, 549.9999999999998863 ) ) ;
#2456 = LINE ( 'NONE', #8402, #7172 ) ;
#2457 = CARTESIAN_POINT ( 'NONE',  ( -35.11600534731699952, 12.50000000000000178, 269.9999999999998295 ) ) ;
#2458 = AXIS2_PLACEMENT_3D ( 'NONE', #153, #1318, #3388 ) ;
#2459 = B_SPLINE_CURVE_WITH_KNOTS ( 'NONE', 3,
 ( #91, #2198, #1509, #781, #131, #2153, #171, #7296 ),
 .UNSPECIFIED., .F., .F.,
 ( 4, 1, 1, 1, 1, 4 ),
 ( 0.02836395765318224307, 0.03630054073346587751, 0.05105539932445986306, 0.06793458397480531263, 0.08671127375272320859, 0.1028843989527536834 ),
 .UNSPECIFIED. ) ;
#2460 = CARTESIAN_POINT ( 'NONE',  ( 178.9311240570247037, -0.2584971724384658720, 0.000000000000000000 ) ) ;
#2461 = CARTESIAN_POINT ( 'NONE',  ( 185.0000000000000000, 25.00000000000001421, 575.0000000000000000 ) ) ;
#2462 = CARTESIAN_POINT ( 'NONE',  ( -17.54700331774021294, 12.50000000000000178, 325.3585798435589140 ) ) ;
#2463 = ORIENTED_EDGE ( 'NONE', *, *, #3782, .T. ) ;
#2464 = CARTESIAN_POINT ( 'NONE',  ( -4.317942966224210366, 8.097995494581660125, 0.000000000000000000 ) ) ;
#2465 = CARTESIAN_POINT ( 'NONE',  ( 178.8282642937555522, -0.2333631945416926867, 480.0000000000000568 ) ) ;
#2466 = AXIS2_PLACEMENT_3D ( 'NONE', #6699, #3496, #6135 ) ;
#2467 = CARTESIAN_POINT ( 'NONE',  ( 184.9999999999999716, -24.99999999999998579, 575.0000000000000000 ) ) ;
#2468 = CARTESIAN_POINT ( 'NONE',  ( -7.356288128501780044, -1.673755157184546594, 244.9890642464862651 ) ) ;
#2469 = CARTESIAN_POINT ( 'NONE',  ( 174.3975018475782122, -0.1398978137132795008, 480.0000000000000000 ) ) ;
#2470 = CARTESIAN_POINT ( 'NONE',  ( 146.0000000000000000, 9.797174393178845379E-16, 575.0000000000000000 ) ) ;
#2471 = CARTESIAN_POINT ( 'NONE',  ( 50.00000000000000000, 0.9999999999999943379, 303.9999999999998863 ) ) ;
#2472 = CARTESIAN_POINT ( 'NONE',  ( -8.726881280442503552, 11.27938839173531349, 257.0276953821388588 ) ) ;
#2473 = ORIENTED_EDGE ( 'NONE', *, *, #3187, .T. ) ;
#2474 = VERTEX_POINT ( 'NONE', #3435 ) ;
#2475 = CARTESIAN_POINT ( 'NONE',  ( -23.05414141240596493, -8.982802712760536323, 326.4624863503515257 ) ) ;
#2476 = CARTESIAN_POINT ( 'NONE',  ( 178.7212343070215752, -0.2202689680733342370, 180.0000000000000000 ) ) ;
#2477 = CARTESIAN_POINT ( 'NONE',  ( 28.12819146088234845, 12.65391205075330738, -0.000000000000000000 ) ) ;
#2478 = CARTESIAN_POINT ( 'NONE',  ( -15.38847298053292612, 2.984022616513587689, 245.0390183692329060 ) ) ;
#2479 = CARTESIAN_POINT ( 'NONE',  ( -21.44862309781987975, -18.43070422022589838, 324.9999999999998863 ) ) ;
#2480 = CARTESIAN_POINT ( 'NONE',  ( 22.06332270431901321, 12.70800946148653132, 479.9998728714525669 ) ) ;
#2481 = VECTOR ( 'NONE', #412, 1000.000000000000000 ) ;
#2482 = EDGE_LOOP ( 'NONE', ( #1392, #3983, #6017, #5829 ) ) ;
#2483 = CARTESIAN_POINT ( 'NONE',  ( 31.85228413495082833, 13.25333667459913300, 479.9999999999997158 ) ) ;
#2484 = CARTESIAN_POINT ( 'NONE',  ( 176.9918862282382293, 0.1300047453126323416, 0.000000000000000000 ) ) ;
#2485 = DIRECTION ( 'NONE',  ( 0.000000000000000000, 0.000000000000000000, 1.000000000000000000 ) ) ;
#2486 = CARTESIAN_POINT ( 'NONE',  ( 179.6393930653197515, -0.3771960394430751706, 479.9999999999998295 ) ) ;
#2487 = ADVANCED_FACE ( 'NONE', ( #7490 ), #1580, .T. ) ;
#2488 = AXIS2_PLACEMENT_3D ( 'NONE', #1885, #7161, #5214 ) ;
#2489 = CARTESIAN_POINT ( 'NONE',  ( -15.00000000000001599, -25.00000000000000711, 575.0000000000000000 ) ) ;
#2490 = CARTESIAN_POINT ( 'NONE',  ( -8.391549403302663634, 7.284419216267792763, 345.0290405520798913 ) ) ;
#2491 = VERTEX_POINT ( 'NONE', #6073 ) ;
#2492 = CARTESIAN_POINT ( 'NONE',  ( 9.799337183394245088, 11.32823791344345565, 344.9315097304204869 ) ) ;
#2493 = CARTESIAN_POINT ( 'NONE',  ( 179.1136819242181843, -0.3484173097124478313, 0.000000000000000000 ) ) ;
#2494 = CARTESIAN_POINT ( 'NONE',  ( 175.9153428639339722, -0.1906123319560492635, 480.0000000000000000 ) ) ;
#2495 = EDGE_LOOP ( 'NONE', ( #6317, #66, #5243, #4076 ) ) ;
#2496 = CARTESIAN_POINT ( 'NONE',  ( 77.64939791381453915, 25.00000000000000711, 575.0000000000003411 ) ) ;
#2497 = CARTESIAN_POINT ( 'NONE',  ( 2.608971561588838917, -3.056866839938173097, 0.000000000000000000 ) ) ;
#2498 = CARTESIAN_POINT ( 'NONE',  ( -60.00000000000000000, -5.533970067937719529E-14, 286.6000000000000227 ) ) ;
#2499 = DIRECTION ( 'NONE',  ( -1.000000000000000000, 0.000000000000000000, 0.000000000000000000 ) ) ;
#2500 = CARTESIAN_POINT ( 'NONE',  ( -16.32913621938528337, 2.054618203960115963, 479.9993345236932214 ) ) ;
#2501 = CARTESIAN_POINT ( 'NONE',  ( -19.06799366100049298, 12.50000000000000178, 265.5490588590477614 ) ) ;
#2502 = CARTESIAN_POINT ( 'NONE',  ( 2.397923356052029220, -2.723905108740113157, 480.0000000000001705 ) ) ;
#2503 = CARTESIAN_POINT ( 'NONE',  ( 39.50000000000002132, -4.128203515825453529, 320.9999999999992610 ) ) ;
#2504 = CARTESIAN_POINT ( 'NONE',  ( -25.57865668520190994, 8.609645374642148852, 326.9395531183164962 ) ) ;
#2505 = VERTEX_POINT ( 'NONE', #6684 ) ;
#2506 = CARTESIAN_POINT ( 'NONE',  ( -15.05377248255981115, 4.008239104501496008, 480.0000000000005116 ) ) ;
#2507 = CARTESIAN_POINT ( 'NONE',  ( 178.6713555922500518, -0.3285862942692236999, 479.0500000000002956 ) ) ;
#2508 = CARTESIAN_POINT ( 'NONE',  ( -22.98077832069947846, -8.974625971902472799, 263.5327721445174802 ) ) ;
#2509 = CARTESIAN_POINT ( 'NONE',  ( -5.836019412418469443, -1.912417714625764820, 264.9999999999999432 ) ) ;
#2510 = CARTESIAN_POINT ( 'NONE',  ( 17.32907934080627399, -3.692999519254710261, 323.1444706614797155 ) ) ;
#2511 = CARTESIAN_POINT ( 'NONE',  ( -0.04783812198004339100, 12.50000000000000178, 335.3960634754017178 ) ) ;
#2512 = CARTESIAN_POINT ( 'NONE',  ( -59.00000000000000000, 11.50000000000000355, 324.9999999999998863 ) ) ;
#2513 = CARTESIAN_POINT ( 'NONE',  ( -15.08827664182885364, 12.50000000000037126, 260.7781395288778867 ) ) ;
#2514 = EDGE_LOOP ( 'NONE', ( #8067, #8185 ) ) ;
#2515 = EDGE_CURVE ( 'NONE', #6189, #498, #1912, .T. ) ;
#2516 = VERTEX_POINT ( 'NONE', #329 ) ;
#2517 = CARTESIAN_POINT ( 'NONE',  ( -10.02566803527066952, -12.49999999999999822, 324.1100734190301864 ) ) ;
#2518 = FACE_OUTER_BOUND ( 'NONE', #6217, .T. ) ;
#2519 = CARTESIAN_POINT ( 'NONE',  ( 20.00000000000000000, 3.642033860375761822, 495.0000000000000000 ) ) ;
#2520 = CARTESIAN_POINT ( 'NONE',  ( -15.10987189433540223, 3.365643041650249856, 264.9999999999998295 ) ) ;
#2521 = CARTESIAN_POINT ( 'NONE',  ( -14.70222225509379044, -20.53795510374647648, 324.9999999999998863 ) ) ;
#2522 = CARTESIAN_POINT ( 'NONE',  ( 60.13291733358300206, 13.18306721502351131, 480.0000037529875954 ) ) ;
#2523 = ORIENTED_EDGE ( 'NONE', *, *, #5749, .F. ) ;
#2524 = CARTESIAN_POINT ( 'NONE',  ( -1.804639090884555319, 8.770279721646868865, 0.000000000000000000 ) ) ;
#2525 = CARTESIAN_POINT ( 'NONE',  ( 169.4691290425516854, 1.591112248841880961, 484.8000000000001251 ) ) ;
#2526 = DIRECTION ( 'NONE',  ( 0.000000000000000000, 0.000000000000000000, 1.000000000000000000 ) ) ;
#2527 = CARTESIAN_POINT ( 'NONE',  ( 174.3397174026890752, 0.6761700391534056775, 484.8000000000000682 ) ) ;
#2528 = DIRECTION ( 'NONE',  ( -0.000000000000000000, -0.000000000000000000, 1.000000000000000000 ) ) ;
#2529 = CARTESIAN_POINT ( 'NONE',  ( -20.59888192520086747, 23.78877507291727866, 324.9999999999998295 ) ) ;
#2530 = CIRCLE ( 'NONE', #5151, 2.000000000000001776 ) ;
#2531 = CARTESIAN_POINT ( 'NONE',  ( -13.56989901565983025, 5.101899785427889356, 479.9999999999998863 ) ) ;
#2532 = EDGE_CURVE ( 'NONE', #703, #407, #2301, .T. ) ;
#2533 = CARTESIAN_POINT ( 'NONE',  ( 179.3613420249335491, -0.3689022780617467467, 480.0000000000002842 ) ) ;
#2534 = AXIS2_PLACEMENT_3D ( 'NONE', #1755, #3583, #3624 ) ;
#2535 = CARTESIAN_POINT ( 'NONE',  ( 166.7412611178494615, -0.04619892469985890232, 484.8000000000000114 ) ) ;
#2536 = ORIENTED_EDGE ( 'NONE', *, *, #6762, .T. ) ;
#2537 = CARTESIAN_POINT ( 'NONE',  ( 14.71732368449781703, 11.90693562686327134, 479.0499999999998977 ) ) ;
#2538 = CARTESIAN_POINT ( 'NONE',  ( 141.7465949386485420, -0.6998853873985781959, 484.8000000000000114 ) ) ;
#2539 = CARTESIAN_POINT ( 'NONE',  ( 19.65908882150135284, -3.779603654883618269, 316.9999999999999432 ) ) ;
#2540 = VECTOR ( 'NONE', #7506, 1000.000000000000000 ) ;
#2541 = CARTESIAN_POINT ( 'NONE',  ( -16.07247524109308401, 1.451764437544371900, 480.0002771116219833 ) ) ;
#2542 = CARTESIAN_POINT ( 'NONE',  ( -16.28991762886921890, 2.382149038846165023, 479.9982944641217273 ) ) ;
#2543 = CARTESIAN_POINT ( 'NONE',  ( 0.7438311798464083413, 12.22694433791939872, 314.9995557497009031 ) ) ;
#2544 = CARTESIAN_POINT ( 'NONE',  ( -10.53675443968163172, -0.9077931360426085838, 479.9999999999998863 ) ) ;
#2545 = CARTESIAN_POINT ( 'NONE',  ( 41.33331488395902653, -4.138674705046188507, 321.9999999999998295 ) ) ;
#2546 = CARTESIAN_POINT ( 'NONE',  ( -11.50536867525120854, 12.49999999999852207, 330.6420015260439982 ) ) ;
#2547 = ORIENTED_EDGE ( 'NONE', *, *, #221, .T. ) ;
#2548 = CARTESIAN_POINT ( 'NONE',  ( 179.2643059976280426, -0.3120338454660837590, 480.0000000000000568 ) ) ;
#2549 = CARTESIAN_POINT ( 'NONE',  ( 213.0183924737189898, 5.975458952110618505, 575.0000000000000000 ) ) ;
#2550 = CARTESIAN_POINT ( 'NONE',  ( -27.07760659212897991, -12.49999999999999645, 265.0401898868505555 ) ) ;
#2551 = VECTOR ( 'NONE', #5483, 1000.000000000000000 ) ;
#2552 = B_SPLINE_CURVE_WITH_KNOTS ( 'NONE', 1,
 ( #1209, #3704 ),
 .UNSPECIFIED., .F., .F.,
 ( 2, 2 ),
 ( 0.000000000000000000, 0.5104900717203574301 ),
 .UNSPECIFIED. ) ;
#2553 = LINE ( 'NONE', #4623, #2228 ) ;
#2554 = EDGE_CURVE ( 'NONE', #2306, #2146, #4297, .T. ) ;
#2555 = CARTESIAN_POINT ( 'NONE',  ( 10.02309322021962856, 11.28588168589185869, 278.1548976495722627 ) ) ;
#2556 = CARTESIAN_POINT ( 'NONE',  ( 0.7411574128113855853, 12.22911771009010451, 328.4649900014290438 ) ) ;
#2557 = CARTESIAN_POINT ( 'NONE',  ( 0.7536636120186699372, 12.21885314993296667, 264.9995573711195220 ) ) ;
#2558 = CARTESIAN_POINT ( 'NONE',  ( 6.629156256024187677, 11.02013046243089178, 480.0001203302512636 ) ) ;
#2559 = ORIENTED_EDGE ( 'NONE', *, *, #5980, .F. ) ;
#2560 = EDGE_LOOP ( 'NONE', ( #1031, #3617, #7742, #4957, #579, #7438, #6277, #3038, #4433 ) ) ;
#2561 = CARTESIAN_POINT ( 'NONE',  ( -20.03840024878817516, -12.49999999999999822, 322.2800170100802575 ) ) ;
#2562 = CARTESIAN_POINT ( 'NONE',  ( 179.3246268193846618, -0.3637585274654910328, 180.0000000000002842 ) ) ;
#2563 = CARTESIAN_POINT ( 'NONE',  ( -14.20409303523256028, 3.569733162405588800, 0.000000000000000000 ) ) ;
#2564 = CARTESIAN_POINT ( 'NONE',  ( 179.4672068873596231, -0.3509341913035193272, 179.9999999999999432 ) ) ;
#2565 = CARTESIAN_POINT ( 'NONE',  ( -15.46127521953358119, 2.890821390001685920, 245.0392959192506055 ) ) ;
#2566 = ADVANCED_FACE ( 'NONE', ( #1101 ), #6288, .F. ) ;
#2567 = CARTESIAN_POINT ( 'NONE',  ( -9.734797146557104597, -1.166064554608668979, 325.0000000000177920 ) ) ;
#2568 = CARTESIAN_POINT ( 'NONE',  ( 62.00000000000000711, 7.999999999999991118, 4.000000000000000000 ) ) ;
#2569 = ORIENTED_EDGE ( 'NONE', *, *, #6181, .T. ) ;
#2570 = CARTESIAN_POINT ( 'NONE',  ( 107.1140591042983345, 9.923781088357626956, 484.7999999999995566 ) ) ;
#2571 = CARTESIAN_POINT ( 'NONE',  ( 160.7839283157265697, 3.011971978998295274, 480.0000000000007390 ) ) ;
#2572 = CARTESIAN_POINT ( 'NONE',  ( 109.3296008545867011, -2.454996467821942030, 479.9990988203355187 ) ) ;
#2573 = CARTESIAN_POINT ( 'NONE',  ( 175.0398987597902192, 0.5371884679061067480, 479.9999999999996021 ) ) ;
#2574 = EDGE_CURVE ( 'NONE', #5354, #5541, #7860, .T. ) ;
#2575 = CARTESIAN_POINT ( 'NONE',  ( -15.00000000000001599, -25.00000000000000711, 575.0000000000000000 ) ) ;
#2576 = CARTESIAN_POINT ( 'NONE',  ( -35.48457969924561439, 6.915376452152556475, 324.9999999999996021 ) ) ;
#2577 = CARTESIAN_POINT ( 'NONE',  ( -14.70412970699438659, 4.091939996712099514, 479.0499999999995566 ) ) ;
#2578 = CARTESIAN_POINT ( 'NONE',  ( 178.3625134362879407, -0.2910163483026827480, 0.000000000000000000 ) ) ;
#2579 = CARTESIAN_POINT ( 'NONE',  ( 162.5331777555616952, -0.05888392313410431567, 479.9999999999996589 ) ) ;
#2580 = CARTESIAN_POINT ( 'NONE',  ( 45.00000000000000711, 7.999999999999992895, 4.000000000000000000 ) ) ;
#2581 = CARTESIAN_POINT ( 'NONE',  ( 166.7412611178494615, -0.04619892469985890232, 484.8000000000000114 ) ) ;
#2582 = DIRECTION ( 'NONE',  ( -1.000000000000000000, 0.000000000000000000, 0.000000000000000000 ) ) ;
#2583 = CARTESIAN_POINT ( 'NONE',  ( 59.09202830025012076, -3.789479903932125637, 479.0500000000000114 ) ) ;
#2584 = LINE ( 'NONE', #4569, #4004 ) ;
#2585 = AXIS2_PLACEMENT_3D ( 'NONE', #6263, #6087, #345 ) ;
#2586 = CARTESIAN_POINT ( 'NONE',  ( 0.7536636120186699372, 12.21885314993296667, 264.9995573711195220 ) ) ;
#2587 = CARTESIAN_POINT ( 'NONE',  ( -14.77478380595319152, 0.5779375494635786703, 0.000000000000000000 ) ) ;
#2588 = CARTESIAN_POINT ( 'NONE',  ( 4.959318854255441167, 10.57182683158669789, 325.0000000000354703 ) ) ;
#2589 = CARTESIAN_POINT ( 'NONE',  ( -14.59514491313404605, 10.70173497400135609, 331.1124246345331130 ) ) ;
#2590 = ORIENTED_EDGE ( 'NONE', *, *, #4650, .T. ) ;
#2591 = CARTESIAN_POINT ( 'NONE',  ( -16.34177695965680499, 2.160829939336386563, 479.9999999999996021 ) ) ;
#2592 = CARTESIAN_POINT ( 'NONE',  ( 178.6560061079116792, -0.2003185025116216156, 480.0000000000001137 ) ) ;
#2593 = CARTESIAN_POINT ( 'NONE',  ( 184.9999999999999716, -24.99999999999998579, 575.0000000000000000 ) ) ;
#2594 = EDGE_CURVE ( 'NONE', #2084, #371, #7751, .T. ) ;
#2595 = CARTESIAN_POINT ( 'NONE',  ( -4.273923472740865925, -2.150826311558470039, 244.9880269296389486 ) ) ;
#2596 = CARTESIAN_POINT ( 'NONE',  ( -60.00000000000000000, 1.110223024625156540E-13, 302.0000000000000568 ) ) ;
#2597 = CARTESIAN_POINT ( 'NONE',  ( 50.00000000000000000, 0.9999999999999943379, 338.9999999999999432 ) ) ;
#2598 = DIRECTION ( 'NONE',  ( -0.000000000000000000, 0.000000000000000000, -1.000000000000000000 ) ) ;
#2599 = CARTESIAN_POINT ( 'NONE',  ( 11.30564588669064285, 11.67986660864808535, 480.0004553048418074 ) ) ;
#2600 = ORIENTED_EDGE ( 'NONE', *, *, #2106, .F. ) ;
#2601 = ORIENTED_EDGE ( 'NONE', *, *, #6070, .F. ) ;
#2602 = CARTESIAN_POINT ( 'NONE',  ( 212.7523369411281351, -6.358581625646088753, 575.0000000000002274 ) ) ;
#2603 = CARTESIAN_POINT ( 'NONE',  ( 179.2938014601425039, -0.3623372343243030924, 179.9999999999996874 ) ) ;
#2604 = CARTESIAN_POINT ( 'NONE',  ( -15.05377248255981115, 4.008239104501496008, 480.0000000000005116 ) ) ;
#2605 = CARTESIAN_POINT ( 'NONE',  ( 139.0055370991217387, 6.056185073929505336, 0.000000000000000000 ) ) ;
#2606 = CARTESIAN_POINT ( 'NONE',  ( -33.51623459383389303, 11.69122414920588859, 264.9999999999999432 ) ) ;
#2607 = CARTESIAN_POINT ( 'NONE',  ( -9.732752327501072998, -1.156905436713107305, 344.9906115944193061 ) ) ;
#2608 = CARTESIAN_POINT ( 'NONE',  ( -15.32169847122890971, 0.8546460727889320097, 345.0073145986434042 ) ) ;
#2609 = ORIENTED_EDGE ( 'NONE', *, *, #4542, .F. ) ;
#2610 = CARTESIAN_POINT ( 'NONE',  ( 52.64339008310469126, 13.04683444728237696, 0.000000000000000000 ) ) ;
#2611 = CARTESIAN_POINT ( 'NONE',  ( 175.0341868594698838, 0.5384311715328768955, 484.7999999999995566 ) ) ;
#2612 = VECTOR ( 'NONE', #1458, 1000.000000000000000 ) ;
#2613 = CARTESIAN_POINT ( 'NONE',  ( -7.751420327639010566, -12.49999999999999467, 324.3835887021996882 ) ) ;
#2614 = CARTESIAN_POINT ( 'NONE',  ( 178.5058532011818784, -0.1818291523457959413, 479.9999999999998863 ) ) ;
#2615 = FACE_OUTER_BOUND ( 'NONE', #3195, .T. ) ;
#2616 = CARTESIAN_POINT ( 'NONE',  ( -16.03479500955609538, 2.213803452477516309, 345.0408673330144325 ) ) ;
#2617 = CARTESIAN_POINT ( 'NONE',  ( -15.93061911753581761, 2.755458410192732188, 479.0499999999996703 ) ) ;
#2618 = CARTESIAN_POINT ( 'NONE',  ( 179.4654470622491544, -0.3453993604932796280, 480.0000000000001137 ) ) ;
#2619 = CARTESIAN_POINT ( 'NONE',  ( 137.5863742976799244, -0.9904066149026217181, 0.000000000000000000 ) ) ;
#2620 = CIRCLE ( 'NONE', #4833, 1.000000000000000888 ) ;
#2621 = CARTESIAN_POINT ( 'NONE',  ( 176.4815208206832438, 0.2430030726377436223, 433.9999999999996589 ) ) ;
#2622 = CARTESIAN_POINT ( 'NONE',  ( 126.6541552724023632, -1.461864165179212138, 484.7999999999994429 ) ) ;
#2623 = LINE ( 'NONE', #2754, #6048 ) ;
#2624 = DIRECTION ( 'NONE',  ( 0.000000000000000000, -0.000000000000000000, 1.000000000000000000 ) ) ;
#2625 = CARTESIAN_POINT ( 'NONE',  ( -16.31598080661063932, 2.273175219884599585, 480.0016405816777478 ) ) ;
#2626 = DIRECTION ( 'NONE',  ( 1.000000000000000000, 0.000000000000000000, 0.000000000000000000 ) ) ;
#2627 = CARTESIAN_POINT ( 'NONE',  ( -9.050106222369976194, -1.232911155810593407, 484.8000000000000114 ) ) ;
#2628 = CARTESIAN_POINT ( 'NONE',  ( -0.8975552037851151077, 12.50000000000000178, 271.6666678771558736 ) ) ;
#2629 = CARTESIAN_POINT ( 'NONE',  ( -9.626197140300424948, 11.23343110710276704, 332.8254829890418023 ) ) ;
#2630 = VERTEX_POINT ( 'NONE', #4378 ) ;
#2631 = CARTESIAN_POINT ( 'NONE',  ( 176.6663659009704759, 0.2043314757471744181, 480.0000000000001705 ) ) ;
#2632 = CARTESIAN_POINT ( 'NONE',  ( 212.3325166839031510, 6.800160002206005139, 575.0000000000004547 ) ) ;
#2633 = CARTESIAN_POINT ( 'NONE',  ( 13.09479501131066037, -3.575397758984336427, 244.9866408218196625 ) ) ;
#2634 = DIRECTION ( 'NONE',  ( -0.002090127421253744778, 0.000000000000000000, 0.9999978156812958652 ) ) ;
#2635 = CARTESIAN_POINT ( 'NONE',  ( -11.33358457762585125, 6.062385531788197390, 345.0316460761356439 ) ) ;
#2636 = DIRECTION ( 'NONE',  ( 0.000000000000000000, 0.000000000000000000, -1.000000000000000000 ) ) ;
#2637 = CARTESIAN_POINT ( 'NONE',  ( 40.92950548548043344, -2.000000000000000000, 336.9999999999998863 ) ) ;
#2638 = ORIENTED_EDGE ( 'NONE', *, *, #2413, .T. ) ;
#2639 = EDGE_LOOP ( 'NONE', ( #4768, #3237, #5434, #5149, #2169, #2126, #3699, #3994 ) ) ;
#2640 = CARTESIAN_POINT ( 'NONE',  ( 144.4714755600920171, -0.5855375376662256270, 480.0000000000000000 ) ) ;
#2641 = AXIS2_PLACEMENT_3D ( 'NONE', #6677, #6588, #3957 ) ;
#2642 = DIRECTION ( 'NONE',  ( -1.000000000000000000, -0.000000000000000000, -0.000000000000000000 ) ) ;
#2643 = CARTESIAN_POINT ( 'NONE',  ( -15.32538296431460978, 2.250537882075580143, 0.000000000000000000 ) ) ;
#2644 = DIRECTION ( 'NONE',  ( 0.000000000000000000, 0.000000000000000000, -1.000000000000000000 ) ) ;
#2645 = ADVANCED_FACE ( 'NONE', ( #366 ), #5635, .T. ) ;
#2646 = CARTESIAN_POINT ( 'NONE',  ( -15.84035139958781713, 2.166097387790752560, 245.0392228539223254 ) ) ;
#2647 = CARTESIAN_POINT ( 'NONE',  ( -5.953670421073573138, -1.847773705571062131, 344.9885047093350749 ) ) ;
#2648 = CARTESIAN_POINT ( 'NONE',  ( -11.17394629037482545, -0.8400869474289870409, 344.9919354914421206 ) ) ;
#2649 = VERTEX_POINT ( 'NONE', #4988 ) ;
#2650 = EDGE_CURVE ( 'NONE', #1384, #431, #5912, .T. ) ;
#2651 = ORIENTED_EDGE ( 'NONE', *, *, #2854, .T. ) ;
#2652 = CARTESIAN_POINT ( 'NONE',  ( -10.36390338139975675, 6.728540965846541155, 479.9999999999998863 ) ) ;
#2653 = CARTESIAN_POINT ( 'NONE',  ( 172.0228677175176699, 1.125193098904307298, 484.7999999999997840 ) ) ;
#2654 = LINE ( 'NONE', #7915, #6478 ) ;
#2655 = CARTESIAN_POINT ( 'NONE',  ( 178.0946640043522109, -0.1029550344470547829, 484.8000000000000114 ) ) ;
#2656 = EDGE_CURVE ( 'NONE', #1861, #3508, #452, .T. ) ;
#2657 = DIRECTION ( 'NONE',  ( -1.000000000000000000, 0.000000000000000000, 0.000000000000000000 ) ) ;
#2658 = B_SPLINE_CURVE_WITH_KNOTS ( 'NONE', 3,
 ( #3950, #6056, #7990, #7267, #6624, #102, #4029, #2608, #5887, #2734, #2080, #4716, #7947, #8511, #8031, #2648, #4072, #144, #2777, #5406, #5242, #6581, #3419, #4675, #2696, #2121, #671, #7307 ),
 .UNSPECIFIED., .F., .F.,
 ( 4, 2, 2, 2, 2, 2, 2, 2, 2, 2, 2, 2, 2, 4 ),
 ( 0.02844444355675934330, 0.02871369614935493156, 0.02898294874195052329, 0.02952145392714170674, 0.03005995911233289020, 0.03059846429752407365, 0.03167547466790644056, 0.03275248503828881441, 0.03706052651981826818, 0.03921454726058300200, 0.04136856800134773582, 0.04567660948287719652, 0.05429269244593611793, 0.06290877540899504627 ),
 .UNSPECIFIED. ) ;
#2659 = CARTESIAN_POINT ( 'NONE',  ( -14.50044000678167500, 4.142152709407300293, 345.0367422672327962 ) ) ;
#2660 = EDGE_CURVE ( 'NONE', #3138, #6436, #7691, .T. ) ;
#2661 = CARTESIAN_POINT ( 'NONE',  ( -15.74593272095256147, 3.286261240138723227, 479.9999999999996589 ) ) ;
#2662 = CARTESIAN_POINT ( 'NONE',  ( 179.1170607660166638, -0.2877304002468198951, 484.8000000000003524 ) ) ;
#2663 = CARTESIAN_POINT ( 'NONE',  ( 166.2303651217159199, -0.07835411543026014891, -0.000000000000000000 ) ) ;
#2664 = CARTESIAN_POINT ( 'NONE',  ( 21.51990414651761085, 12.67164594447737436, 480.0000000000001705 ) ) ;
#2665 = CARTESIAN_POINT ( 'NONE',  ( 145.3127488991191854, -0.6305310351637890554, 0.000000000000000000 ) ) ;
#2666 = B_SPLINE_SURFACE_WITH_KNOTS ( 'NONE', 3, 1, ( 
 ( #2255, #3549 ),
 ( #6231, #5495 ),
 ( #2983, #8240 ),
 ( #354, #3461 ),
 ( #8116, #3507 ) ),
 .UNSPECIFIED., .F., .F., .F.,
 ( 4, 1, 4 ),
 ( 2, 2 ),
 ( 0.000000000000000000, 0.2492383579189449139, 1.000000000000000000 ),
 ( 0.000000000000000000, 1.000000000000000000 ),
 .UNSPECIFIED. ) ;
#2667 = VECTOR ( 'NONE', #7431, 1000.000000000000000 ) ;
#2668 = CARTESIAN_POINT ( 'NONE',  ( 39.20186447531714435, -3.828751898376373752, 479.0500000000003524 ) ) ;
#2669 = EDGE_CURVE ( 'NONE', #5681, #7859, #6415, .T. ) ;
#2670 = CARTESIAN_POINT ( 'NONE',  ( 40.92950548548049738, -2.000000000000000000, 571.0000000000000000 ) ) ;
#2671 = CARTESIAN_POINT ( 'NONE',  ( 0.7523617166200943229, 12.21993396588788983, 271.6662238230546791 ) ) ;
#2672 = CARTESIAN_POINT ( 'NONE',  ( -9.899836811204282938, -1.054570910742610446, 479.9999999999999432 ) ) ;
#2673 = CARTESIAN_POINT ( 'NONE',  ( 39.50000000000002132, -4.127598515805739332, 321.9999999999999432 ) ) ;
#2674 = CARTESIAN_POINT ( 'NONE',  ( 49.99999999999998579, 0.000000000000000000, 575.0000000000000000 ) ) ;
#2675 = VERTEX_POINT ( 'NONE', #7649 ) ;
#2676 = CARTESIAN_POINT ( 'NONE',  ( 178.4176504534131027, -0.2923001461151835678, 480.0000000000000000 ) ) ;
#2677 = CARTESIAN_POINT ( 'NONE',  ( 178.6877090781129311, -0.2064489170172096599, 479.9999999999990337 ) ) ;
#2678 = VECTOR ( 'NONE', #6088, 1000.000000000000000 ) ;
#2679 = EDGE_CURVE ( 'NONE', #2649, #2845, #1067, .T. ) ;
#2680 = EDGE_CURVE ( 'NONE', #7639, #7903, #7016, .T. ) ;
#2681 = DIRECTION ( 'NONE',  ( 0.000000000000000000, 1.000000000000000000, 0.000000000000000000 ) ) ;
#2682 = CARTESIAN_POINT ( 'NONE',  ( 169.0000000000000000, 14.22106106644589474, 549.9999999999998863 ) ) ;
#2683 = CARTESIAN_POINT ( 'NONE',  ( 45.00000000000000711, 7.999999999999992895, 0.000000000000000000 ) ) ;
#2684 = LINE ( 'NONE', #3159, #1166 ) ;
#2685 = VECTOR ( 'NONE', #1124, 1000.000000000000000 ) ;
#2686 = CARTESIAN_POINT ( 'NONE',  ( 146.0000000000000000, 9.797174393178845379E-16, 519.9999999999998863 ) ) ;
#2687 = ORIENTED_EDGE ( 'NONE', *, *, #3465, .F. ) ;
#2688 = ORIENTED_EDGE ( 'NONE', *, *, #218, .F. ) ;
#2689 = CARTESIAN_POINT ( 'NONE',  ( 1.983188947200640762, -12.49999999999999822, 325.2228941806398552 ) ) ;
#2690 = CARTESIAN_POINT ( 'NONE',  ( 179.1754404784023507, -0.2984215195640915752, 434.0000000000001705 ) ) ;
#2691 = EDGE_CURVE ( 'NONE', #6147, #944, #6745, .T. ) ;
#2692 = CARTESIAN_POINT ( 'NONE',  ( 40.92950548548041922, -4.126272407088366734, 336.9999999999998863 ) ) ;
#2693 = CARTESIAN_POINT ( 'NONE',  ( -15.87842862534871458, 2.175262473940087204, 265.0000000000359250 ) ) ;
#2694 = CARTESIAN_POINT ( 'NONE',  ( -1.098690452246688043, -2.477768349113825597, 344.9873452074150464 ) ) ;
#2695 = AXIS2_PLACEMENT_3D ( 'NONE', #2580, #7282, #7924 ) ;
#2696 = CARTESIAN_POINT ( 'NONE',  ( 5.877687543378189439, -3.096749239448287838, 344.9867018962571592 ) ) ;
#2697 = ORIENTED_EDGE ( 'NONE', *, *, #4758, .T. ) ;
#2698 = VERTEX_POINT ( 'NONE', #1871 ) ;
#2699 = CARTESIAN_POINT ( 'NONE',  ( -15.93458128960008935, 3.044823465643497595, 480.0000000000002842 ) ) ;
#2700 = ORIENTED_EDGE ( 'NONE', *, *, #8386, .F. ) ;
#2701 = CARTESIAN_POINT ( 'NONE',  ( 146.8551393499750191, 5.005943354489486907, 0.000000000000000000 ) ) ;
#2702 = CARTESIAN_POINT ( 'NONE',  ( 45.00000000000000711, 3.000000000000000000, 318.9999999999999432 ) ) ;
#2703 = CARTESIAN_POINT ( 'NONE',  ( 176.9990080581038114, 0.1340737841093406491, 484.8000000000004093 ) ) ;
#2704 = EDGE_CURVE ( 'NONE', #4413, #3127, #1316, .T. ) ;
#2705 = CARTESIAN_POINT ( 'NONE',  ( 20.92950548548044054, -2.000000000000000000, 316.9999999999999432 ) ) ;
#2706 = CARTESIAN_POINT ( 'NONE',  ( -13.95736971343767863, 4.512430897987556477, 325.0000000000180762 ) ) ;
#2707 = CARTESIAN_POINT ( 'NONE',  ( -41.06788025052433255, 7.980987121157851583, 575.0000000000000000 ) ) ;
#2708 = CARTESIAN_POINT ( 'NONE',  ( 179.0888049171928174, -0.2831283885241616671, 484.8000000000002387 ) ) ;
#2709 = CARTESIAN_POINT ( 'NONE',  ( 179.6741888723610998, -0.3848439235190081464, 484.8000000000003524 ) ) ;
#2710 = CARTESIAN_POINT ( 'NONE',  ( 146.2289608006052504, 5.164694390900725018, 434.0000000000006253 ) ) ;
#2711 = CARTESIAN_POINT ( 'NONE',  ( 149.9289460731712040, -0.3689384741930415990, 479.9999999999998295 ) ) ;
#2712 = DIRECTION ( 'NONE',  ( -0.9494185892568517415, -0.3140132837532982890, -0.000000000000000000 ) ) ;
#2713 = CARTESIAN_POINT ( 'NONE',  ( -35.11600534731699952, 7.500000000000002665, 269.9999999999998863 ) ) ;
#2714 = CARTESIAN_POINT ( 'NONE',  ( 0.7464735354129915512, 12.22479115105212344, 301.6662228520418694 ) ) ;
#2715 = CARTESIAN_POINT ( 'NONE',  ( 50.01573855809878921, -4.067679805855194175, 484.8000000000006935 ) ) ;
#2716 = DIRECTION ( 'NONE',  ( 0.000000000000000000, -1.000000000000000000, 0.000000000000000000 ) ) ;
#2717 = EDGE_LOOP ( 'NONE', ( #2159, #8504, #8337, #588 ) ) ;
#2718 = CARTESIAN_POINT ( 'NONE',  ( 9.942046277401049181, -2.000000000000000000, 316.9999999999998295 ) ) ;
#2719 = CARTESIAN_POINT ( 'NONE',  ( 178.6750184118387779, -0.2039970276329849119, 479.9999999999997726 ) ) ;
#2720 = CARTESIAN_POINT ( 'NONE',  ( -6.342675345249880081, -22.05241495766411575, 264.9999999999999432 ) ) ;
#2721 = CARTESIAN_POINT ( 'NONE',  ( 62.49999999999999289, -4.051812653789749419, 311.4999999999998863 ) ) ;
#2722 = CARTESIAN_POINT ( 'NONE',  ( 21.99999999999998579, 7.225416114969380052E-15, 519.9999999999998863 ) ) ;
#2723 = DIRECTION ( 'NONE',  ( 0.9665344407268795512, 0.2565368879689196580, -0.000000000000000000 ) ) ;
#2724 = CARTESIAN_POINT ( 'NONE',  ( 40.92950548548045475, -6.625396046827986218, 491.7015374134699073 ) ) ;
#2725 = ORIENTED_EDGE ( 'NONE', *, *, #2026, .T. ) ;
#2726 = ORIENTED_EDGE ( 'NONE', *, *, #243, .F. ) ;
#2727 = CARTESIAN_POINT ( 'NONE',  ( 151.1070984833474711, -0.2042735603341988282, 479.0500000000007503 ) ) ;
#2728 = CARTESIAN_POINT ( 'NONE',  ( 178.4250651999156787, -0.1662733002750787503, 434.0000000000002274 ) ) ;
#2729 = FACE_OUTER_BOUND ( 'NONE', #2297, .T. ) ;
#2730 = CARTESIAN_POINT ( 'NONE',  ( -34.07254951739901827, 10.53399196888055833, 264.9999999999999432 ) ) ;
#2731 = DIRECTION ( 'NONE',  ( -0.002090127421253744778, -0.000000000000000000, 0.9999978156812958652 ) ) ;
#2732 = VECTOR ( 'NONE', #1388, 1000.000000000000000 ) ;
#2733 = VECTOR ( 'NONE', #5573, 1000.000000000000000 ) ;
#2734 = CARTESIAN_POINT ( 'NONE',  ( -14.87159934114604631, 0.5539178955086365708, 345.0028195707510577 ) ) ;
#2735 = ORIENTED_EDGE ( 'NONE', *, *, #2594, .T. ) ;
#2736 = AXIS2_PLACEMENT_3D ( 'NONE', #5559, #2274, #4915 ) ;
#2737 = ORIENTED_EDGE ( 'NONE', *, *, #6524, .F. ) ;
#2738 = CARTESIAN_POINT ( 'NONE',  ( -16.35194089961022712, 2.159932859908994640, 484.7999999999995566 ) ) ;
#2739 = ORIENTED_EDGE ( 'NONE', *, *, #7233, .F. ) ;
#2740 = CARTESIAN_POINT ( 'NONE',  ( 141.2808906106537279, 5.849567360525343318, 480.0000000000000000 ) ) ;
#2741 = LINE ( 'NONE', #930, #8534 ) ;
#2742 = CARTESIAN_POINT ( 'NONE',  ( 117.7004243908100278, 8.793235754207634258, 484.8000000000002956 ) ) ;
#2743 = CARTESIAN_POINT ( 'NONE',  ( -4.109593581351200342, 8.207141195834214642, 0.000000000000000000 ) ) ;
#2744 = CARTESIAN_POINT ( 'NONE',  ( -35.62746180536485952, 6.276290582284199893, 324.9999999999998863 ) ) ;
#2745 = VECTOR ( 'NONE', #4423, 1000.000000000000000 ) ;
#2746 = CARTESIAN_POINT ( 'NONE',  ( -37.81098792698023203, -10.10732389525303176, 575.0000000000000000 ) ) ;
#2747 = CARTESIAN_POINT ( 'NONE',  ( 177.8113290208463013, -0.04453163699702063910, 480.0000000000001137 ) ) ;
#2748 = ADVANCED_FACE ( 'NONE', ( #3176 ), #6586, .T. ) ;
#2749 = CARTESIAN_POINT ( 'NONE',  ( 179.4494898094206405, -0.3763749653332660872, 479.9999999999997158 ) ) ;
#2750 = FACE_OUTER_BOUND ( 'NONE', #8292, .T. ) ;
#2751 = CARTESIAN_POINT ( 'NONE',  ( 137.4672068873615558, -25.15218399402633764, 434.0000000000000568 ) ) ;
#2752 = CARTESIAN_POINT ( 'NONE',  ( 179.5230571657159260, -0.3822719442071789153, 480.0000000000003979 ) ) ;
#2753 = CARTESIAN_POINT ( 'NONE',  ( -22.87585540041199295, 9.165127380452489092, 327.9670446593301563 ) ) ;
#2754 = CARTESIAN_POINT ( 'NONE',  ( 169.0000000000000000, 14.22106106644589474, 549.9999999999998863 ) ) ;
#2755 = CARTESIAN_POINT ( 'NONE',  ( -0.2846902912822524279, -16.00991544844572445, 549.9999999999998863 ) ) ;
#2756 = LINE ( 'NONE', #208, #2612 ) ;
#2757 = CARTESIAN_POINT ( 'NONE',  ( 122.5643724156991254, -1.829918608909704814, 0.000000000000000000 ) ) ;
#2758 = VECTOR ( 'NONE', #4198, 1000.000000000000000 ) ;
#2759 = EDGE_CURVE ( 'NONE', #6701, #3685, #1476, .T. ) ;
#2760 = CARTESIAN_POINT ( 'NONE',  ( -16.25742756507860065, 1.732378858475866812, 484.8000000000000114 ) ) ;
#2761 = VERTEX_POINT ( 'NONE', #7231 ) ;
#2762 = CARTESIAN_POINT ( 'NONE',  ( 50.00000000000000000, 4.999999999999992895, 575.1521839940262453 ) ) ;
#2763 = CARTESIAN_POINT ( 'NONE',  ( 178.3318960041058574, -0.2662071817154152975, 479.0499999999997272 ) ) ;
#2764 = VECTOR ( 'NONE', #5429, 1000.000000000000000 ) ;
#2765 = CARTESIAN_POINT ( 'NONE',  ( 137.4672068873615274, -0.9336564657986842208, 323.8185570053647098 ) ) ;
#2766 = CARTESIAN_POINT ( 'NONE',  ( 2.054685958216587505, -9.908035446471311403, 329.6922663359705439 ) ) ;
#2767 = DIRECTION ( 'NONE',  ( -0.8373426858827525132, 0.5466783573534423901, 0.000000000000000000 ) ) ;
#2768 = CARTESIAN_POINT ( 'NONE',  ( 14.92950548548044054, -3.747749974680598228, 322.9999999999998863 ) ) ;
#2769 = DIRECTION ( 'NONE',  ( -0.000000000000000000, -0.000000000000000000, 1.000000000000000000 ) ) ;
#2770 = ORIENTED_EDGE ( 'NONE', *, *, #6382, .F. ) ;
#2771 = ORIENTED_EDGE ( 'NONE', *, *, #714, .T. ) ;
#2772 = CARTESIAN_POINT ( 'NONE',  ( -8.241302637429644307, -10.28884687567918910, 328.5015004879387561 ) ) ;
#2773 = CARTESIAN_POINT ( 'NONE',  ( 43.58620529274593025, -4.348143293032396883, 0.000000000000000000 ) ) ;
#2774 = CARTESIAN_POINT ( 'NONE',  ( 5.043607168232412619, 10.63494026972919571, 479.0500000000004661 ) ) ;
#2775 = CARTESIAN_POINT ( 'NONE',  ( -15.21416190672363555, 0.8149205842009549228, 265.0000000000088107 ) ) ;
#2776 = CARTESIAN_POINT ( 'NONE',  ( 14.75013191552844560, -23.59948035011595380, 324.9999999999998863 ) ) ;
#2777 = CARTESIAN_POINT ( 'NONE',  ( -6.955015402218301723, -1.688805143344489279, 344.9888474477136242 ) ) ;
#2778 = ORIENTED_EDGE ( 'NONE', *, *, #4871, .T. ) ;
#2779 = EDGE_CURVE ( 'NONE', #1138, #4901, #2654, .T. ) ;
#2780 = ORIENTED_EDGE ( 'NONE', *, *, #5810, .F. ) ;
#2781 = CARTESIAN_POINT ( 'NONE',  ( -12.33332321899002437, 5.801817369703810456, 480.0000000000004547 ) ) ;
#2782 = VERTEX_POINT ( 'NONE', #8384 ) ;
#2783 = CARTESIAN_POINT ( 'NONE',  ( 18.80728491080234832, 12.48051404408528420, 484.8000000000005230 ) ) ;
#2784 = FACE_OUTER_BOUND ( 'NONE', #989, .T. ) ;
#2785 = CARTESIAN_POINT ( 'NONE',  ( 165.0515877543363672, 2.296492863462257894, 0.000000000000000000 ) ) ;
#2786 = DIRECTION ( 'NONE',  ( 0.000000000000000000, 1.000000000000000000, 0.000000000000000000 ) ) ;
#2787 = CARTESIAN_POINT ( 'NONE',  ( -15.81892050362227309, 1.377404621941228147, 324.9999999998925659 ) ) ;
#2788 = B_SPLINE_CURVE_WITH_KNOTS ( 'NONE', 3,
 ( #1790, #2492, #4958, #5123, #3135, #461, #7576, #2967, #1028, #1157, #3656, #7614, #6253 ),
 .UNSPECIFIED., .F., .F.,
 ( 4, 2, 1, 2, 2, 2, 4 ),
 ( -2.828430188218317704E-05, 0.0003427556993150621643, 0.0007137957005123074820, 0.001455875702906921391, 0.002940035707696148342, 0.005908355717274603978, 0.01184499573643151352 ),
 .UNSPECIFIED. ) ;
#2789 = CARTESIAN_POINT ( 'NONE',  ( 3.700711253864386485, -2.829880332028823720, 480.0000000000000000 ) ) ;
#2790 = CARTESIAN_POINT ( 'NONE',  ( 179.1189387099404939, -0.2881406831605658470, 480.0000000000003411 ) ) ;
#2791 = CARTESIAN_POINT ( 'NONE',  ( 179.0981384042747209, -0.3470958824763704653, 0.000000000000000000 ) ) ;
#2792 = CARTESIAN_POINT ( 'NONE',  ( -26.47893870092616098, 8.417328128873643678, 263.4598101207431000 ) ) ;
#2793 = CARTESIAN_POINT ( 'NONE',  ( -59.00000000000000000, 11.50000000000000355, 269.9999999999998863 ) ) ;
#2794 = CARTESIAN_POINT ( 'NONE',  ( 173.0902223303885989, -0.1039484306931961338, 484.8000000000001251 ) ) ;
#2795 = CARTESIAN_POINT ( 'NONE',  ( -4.562054164469580009, 11.61080322215814498, 334.4788324987258079 ) ) ;
#2796 = DIRECTION ( 'NONE',  ( -1.000000000000000000, -0.000000000000000000, -0.000000000000000000 ) ) ;
#2797 = EDGE_CURVE ( 'NONE', #5848, #827, #552, .T. ) ;
#2798 = CARTESIAN_POINT ( 'NONE',  ( 19.04930242280947184, 12.03820371419361734, 0.000000000000000000 ) ) ;
#2799 = CARTESIAN_POINT ( 'NONE',  ( -4.454450883713034770, -10.41876941116398569, 328.8175481322275004 ) ) ;
#2800 = CARTESIAN_POINT ( 'NONE',  ( 20.67540511823415272, -3.709782746033077228, 484.7999999999996135 ) ) ;
#2801 = CARTESIAN_POINT ( 'NONE',  ( -12.12889779239684174, -0.6442235117830167335, 0.000000000000000000 ) ) ;
#2802 = ORIENTED_EDGE ( 'NONE', *, *, #1613, .T. ) ;
#2803 = CARTESIAN_POINT ( 'NONE',  ( 175.6948909011991589, 0.4051302327048296736, 480.0000000000000000 ) ) ;
#2804 = CARTESIAN_POINT ( 'NONE',  ( -15.46880003709868667, 1.842618831164563487, 0.000000000000000000 ) ) ;
#2805 = CIRCLE ( 'NONE', #7617, 8.000000000000007105 ) ;
#2806 = DIRECTION ( 'NONE',  ( -1.000000000000000000, 0.000000000000000000, 0.000000000000000000 ) ) ;
#2807 = CARTESIAN_POINT ( 'NONE',  ( 74.00000000000002842, 3.000000000000000000, 321.9999999999999432 ) ) ;
#2808 = CARTESIAN_POINT ( 'NONE',  ( 50.00000000000000000, 4.999999999999992895, 575.1521839940262453 ) ) ;
#2809 = DIRECTION ( 'NONE',  ( 2.990902544787598099E-17, 0.000000000000000000, 1.000000000000000000 ) ) ;
#2810 = LINE ( 'NONE', #6830, #6735 ) ;
#2811 = ORIENTED_EDGE ( 'NONE', *, *, #7333, .F. ) ;
#2812 = VECTOR ( 'NONE', #3978, 1000.000000000000000 ) ;
#2813 = EDGE_LOOP ( 'NONE', ( #8189, #2212, #7350, #1050 ) ) ;
#2814 = CARTESIAN_POINT ( 'NONE',  ( 214.4491709642735486, -3.334728252984879848, 574.9999999999997726 ) ) ;
#2815 = CARTESIAN_POINT ( 'NONE',  ( -0.9011394522146501940, 12.50000000000000178, 258.2802628217229426 ) ) ;
#2816 = PLANE ( 'NONE',  #2252 ) ;
#2817 = CARTESIAN_POINT ( 'NONE',  ( -14.44292319944174530, 0.3261058938769867965, 245.0001372574753873 ) ) ;
#2818 = CARTESIAN_POINT ( 'NONE',  ( -10.00833405466326731, -1.313671118910841651, 0.000000000000000000 ) ) ;
#2819 = CARTESIAN_POINT ( 'NONE',  ( 34.92950548548043344, -4.048348451373076529, 388.6668871024290297 ) ) ;
#2820 = VERTEX_POINT ( 'NONE', #7737 ) ;
#2821 = CARTESIAN_POINT ( 'NONE',  ( -28.41843930786787453, 12.50000000000000000, 269.2283515090486503 ) ) ;
#2822 = VERTEX_POINT ( 'NONE', #3825 ) ;
#2823 = CARTESIAN_POINT ( 'NONE',  ( -9.037578645673754352, 6.493988540421182343, 0.000000000000000000 ) ) ;
#2824 = VERTEX_POINT ( 'NONE', #1828 ) ;
#2825 = CARTESIAN_POINT ( 'NONE',  ( 31.85228413495082833, 13.25333667459913300, 479.9999999999997158 ) ) ;
#2826 = CARTESIAN_POINT ( 'NONE',  ( 0.7556509137721170166, 12.21719844299995827, 254.7992978900612400 ) ) ;
#2827 = CARTESIAN_POINT ( 'NONE',  ( 141.2808906106537279, 5.849567360525343318, 480.0000000000000000 ) ) ;
#2828 = CARTESIAN_POINT ( 'NONE',  ( 6.856282770585939268, 31.00721619743583446, 264.9999999999998863 ) ) ;
#2829 = CARTESIAN_POINT ( 'NONE',  ( -16.00660351546758520, 1.843645163500028161, 325.0000000000000000 ) ) ;
#2830 = CARTESIAN_POINT ( 'NONE',  ( 28.58170834244064906, -3.682115303752621749, 479.0499999999999545 ) ) ;
#2831 = CARTESIAN_POINT ( 'NONE',  ( -7.036893866561927169, -1.423528552418941162, 479.0499999999987040 ) ) ;
#2832 = CARTESIAN_POINT ( 'NONE',  ( 179.4894902400031356, -0.3800084924071890358, 0.000000000000000000 ) ) ;
#2833 = EDGE_CURVE ( 'NONE', #7250, #7440, #5784, .T. ) ;
#2834 = CARTESIAN_POINT ( 'NONE',  ( 179.5874193128985041, -0.3869465190114116937, 484.7999999999994998 ) ) ;
#2835 = CARTESIAN_POINT ( 'NONE',  ( 68.50000000000001421, -3.961987655314662238, 321.9999999999999432 ) ) ;
#2836 = CARTESIAN_POINT ( 'NONE',  ( -0.1605107790462875494, -12.50000000005971224, 306.4592706110651648 ) ) ;
#2837 = CARTESIAN_POINT ( 'NONE',  ( 177.4826624208972419, -0.2481840386586353642, 0.000000000000000000 ) ) ;
#2838 = EDGE_CURVE ( 'NONE', #2824, #1861, #969, .T. ) ;
#2839 = CARTESIAN_POINT ( 'NONE',  ( -4.017033947640748615, -12.49999999999999822, 265.1752501717309656 ) ) ;
#2840 = CARTESIAN_POINT ( 'NONE',  ( 40.92950548548043344, -12.00000000000000000, 336.9999999999998863 ) ) ;
#2841 = FACE_OUTER_BOUND ( 'NONE', #6909, .T. ) ;
#2842 = DIRECTION ( 'NONE',  ( -1.000000000000000000, -1.214306433183764966E-16, 0.000000000000000000 ) ) ;
#2843 = CARTESIAN_POINT ( 'NONE',  ( 91.43983822534151784, -3.329680300746034494, 479.9999999999999432 ) ) ;
#2844 = CARTESIAN_POINT ( 'NONE',  ( -10.25537900499189803, -1.190590822281883954, 0.000000000000000000 ) ) ;
#2845 = VERTEX_POINT ( 'NONE', #591 ) ;
#2846 = FACE_OUTER_BOUND ( 'NONE', #1708, .T. ) ;
#2847 = CARTESIAN_POINT ( 'NONE',  ( 175.6640171615035513, 0.4113616534522022694, 480.0000000000000000 ) ) ;
#2848 = DIRECTION ( 'NONE',  ( 1.000000000000000000, 0.000000000000000000, 0.000000000000000000 ) ) ;
#2849 = CARTESIAN_POINT ( 'NONE',  ( 178.7080739469559205, -0.2179584973969457828, 179.9999999999999432 ) ) ;
#2850 = DIRECTION ( 'NONE',  ( -0.000000000000000000, -0.000000000000000000, -1.000000000000000000 ) ) ;
#2851 = CARTESIAN_POINT ( 'NONE',  ( 34.92950548548044765, -12.00000000000000000, 575.0000000000000000 ) ) ;
#2852 = CARTESIAN_POINT ( 'NONE',  ( 68.49999999999998579, -3.967197849379837660, 311.4999999999998863 ) ) ;
#2853 = CARTESIAN_POINT ( 'NONE',  ( 177.5409732638387084, -0.2452477804638957537, 479.9999999999980105 ) ) ;
#2854 = EDGE_CURVE ( 'NONE', #1995, #8419, #3714, .T. ) ;
#2855 = CARTESIAN_POINT ( 'NONE',  ( 3.830516351172466472, -8.286337017375426939, 258.5398198906042353 ) ) ;
#2856 = CARTESIAN_POINT ( 'NONE',  ( -60.00000000000000000, -7.499999999999998224, 319.9999999999998863 ) ) ;
#2857 = CARTESIAN_POINT ( 'NONE',  ( -14.06282794086235555, 0.1472500560664686819, 264.9999999999999432 ) ) ;
#2858 = CARTESIAN_POINT ( 'NONE',  ( 61.00000000000000711, 7.999999999999991118, 4.000000000000000000 ) ) ;
#2859 = CARTESIAN_POINT ( 'NONE',  ( 158.7521392545124570, -0.1307479445518214545, 480.0000000000000000 ) ) ;
#2860 = ORIENTED_EDGE ( 'NONE', *, *, #4552, .T. ) ;
#2861 = CARTESIAN_POINT ( 'NONE',  ( -15.53328313419405404, 12.50000000000000178, 263.7768916416242178 ) ) ;
#2862 = ORIENTED_EDGE ( 'NONE', *, *, #7315, .F. ) ;
#2863 = CARTESIAN_POINT ( 'NONE',  ( 68.49999999999998579, 3.000000000000000000, 318.9999999999999432 ) ) ;
#2864 = VERTEX_POINT ( 'NONE', #1570 ) ;
#2865 = CARTESIAN_POINT ( 'NONE',  ( 7.558108185811684088, 11.19438381542522443, 480.0000000000002842 ) ) ;
#2866 = LINE ( 'NONE', #8125, #7845 ) ;
#2867 = CARTESIAN_POINT ( 'NONE',  ( 169.4691290425516854, 1.591112248841880961, 484.8000000000001251 ) ) ;
#2868 = CARTESIAN_POINT ( 'NONE',  ( 1.868248623830966570, 9.944712986060023852, 264.9999999999999432 ) ) ;
#2869 = CARTESIAN_POINT ( 'NONE',  ( -15.97884197720845023, 1.710451529961747097, 324.9999999999999432 ) ) ;
#2870 = CARTESIAN_POINT ( 'NONE',  ( 88.64529440145176409, -3.436213166093856408, 480.0000000000012506 ) ) ;
#2871 = CARTESIAN_POINT ( 'NONE',  ( -34.42899924679222323, -12.31533269194298796, 575.0000000000000000 ) ) ;
#2872 = CARTESIAN_POINT ( 'NONE',  ( 169.4750937906892148, 1.589832884879827990, 480.0000000000001137 ) ) ;
#2873 = CARTESIAN_POINT ( 'NONE',  ( 178.8896429647381865, -0.3297174821589472504, 0.000000000000000000 ) ) ;
#2874 = CARTESIAN_POINT ( 'NONE',  ( 17.33881699713977653, -3.678877918054627827, 344.9867466024439864 ) ) ;
#2875 = CARTESIAN_POINT ( 'NONE',  ( -0.1600496869376518971, -12.50000000000000000, 260.5481995410603986 ) ) ;
#2876 = CARTESIAN_POINT ( 'NONE',  ( 175.2078126493726415, -0.1660505332818571766, 480.0000000000002274 ) ) ;
#2877 = CARTESIAN_POINT ( 'NONE',  ( -1.327213120873519392, -10.50438524016676922, 260.9425697399742035 ) ) ;
#2878 = CARTESIAN_POINT ( 'NONE',  ( 38.25386280040178377, -4.116335553324637964, 326.9852730519463648 ) ) ;
#2879 = ORIENTED_EDGE ( 'NONE', *, *, #6162, .T. ) ;
#2880 = CARTESIAN_POINT ( 'NONE',  ( 45.00000000000001421, 3.000000000000000000, 338.9999999999999432 ) ) ;
#2881 = CARTESIAN_POINT ( 'NONE',  ( 50.01579269298395758, -4.070398742811987880, 480.0000000000006253 ) ) ;
#2882 = CARTESIAN_POINT ( 'NONE',  ( -15.02381742328137193, 0.7880684819408501074, 0.000000000000000000 ) ) ;
#2883 = ORIENTED_EDGE ( 'NONE', *, *, #1932, .F. ) ;
#2884 = CARTESIAN_POINT ( 'NONE',  ( 176.4701378418040463, 0.2453630243533867772, 480.0000000000000000 ) ) ;
#2885 = CARTESIAN_POINT ( 'NONE',  ( 176.0762533964886813, 0.3277583597852609665, 480.0000000000007390 ) ) ;
#2886 = CARTESIAN_POINT ( 'NONE',  ( 127.8568566116443606, -1.397633348180638890, 480.0000000000000000 ) ) ;
#2887 = CARTESIAN_POINT ( 'NONE',  ( 169.8478905492847844, 1.509872637251530758, 180.0000000000000000 ) ) ;
#2888 = AXIS2_PLACEMENT_3D ( 'NONE', #151, #7399, #6151 ) ;
#2889 = CARTESIAN_POINT ( 'NONE',  ( 34.92950548548044765, -4.077419727291685447, 341.7799313613941194 ) ) ;
#2890 = CARTESIAN_POINT ( 'NONE',  ( 45.00000000000000711, -7.000000000000000000, 303.9999999999998863 ) ) ;
#2891 = CARTESIAN_POINT ( 'NONE',  ( 140.8048684498582190, -16.00000000000000000, 549.9999999999998863 ) ) ;
#2892 = ORIENTED_EDGE ( 'NONE', *, *, #3097, .T. ) ;
#2893 = CARTESIAN_POINT ( 'NONE',  ( 175.3552890902026888, -0.1705512259329063918, 480.0000000000023306 ) ) ;
#2894 = CARTESIAN_POINT ( 'NONE',  ( 20.00000000000000000, 3.642033860375761822, 495.0000000000000000 ) ) ;
#2895 = DIRECTION ( 'NONE',  ( 0.000000000000000000, 0.000000000000000000, -1.000000000000000000 ) ) ;
#2896 = CARTESIAN_POINT ( 'NONE',  ( -14.06374917252847645, 0.1451975514236720222, 244.9977505695873958 ) ) ;
#2897 = CARTESIAN_POINT ( 'NONE',  ( 9.929505485480440541, -2.000000000000000000, 322.9999999999999432 ) ) ;
#2898 = DIRECTION ( 'NONE',  ( 0.000000000000000000, 0.000000000000000000, 1.000000000000000000 ) ) ;
#2899 = ORIENTED_EDGE ( 'NONE', *, *, #5546, .F. ) ;
#2900 = CARTESIAN_POINT ( 'NONE',  ( -20.41065198197017239, 12.50000000000000178, 262.5713078060342127 ) ) ;
#2901 = ORIENTED_EDGE ( 'NONE', *, *, #3380, .T. ) ;
#2902 = DIRECTION ( 'NONE',  ( 0.000000000000000000, 0.000000000000000000, -1.000000000000000000 ) ) ;
#2903 = EDGE_LOOP ( 'NONE', ( #7475, #873, #1860, #55, #2214, #6007, #5412, #7103, #7227, #3373, #2735 ) ) ;
#2904 = CARTESIAN_POINT ( 'NONE',  ( -13.15006358021609145, -0.2196504118830533980, 244.9949928415562965 ) ) ;
#2905 = CARTESIAN_POINT ( 'NONE',  ( 92.97783217125748934, 11.21697221355611163, 484.7999999999999545 ) ) ;
#2906 = CARTESIAN_POINT ( 'NONE',  ( -9.781569499729581452, 6.582884919377157473, 245.0302582530530060 ) ) ;
#2907 = CARTESIAN_POINT ( 'NONE',  ( -28.61228230513503945, -14.10748957419403560, 324.9999999999999432 ) ) ;
#2908 = EDGE_CURVE ( 'NONE', #7639, #1978, #5923, .T. ) ;
#2909 = CARTESIAN_POINT ( 'NONE',  ( 105.1110563319202811, -2.468712606187837721, 479.0500000000005230 ) ) ;
#2910 = ORIENTED_EDGE ( 'NONE', *, *, #4621, .T. ) ;
#2911 = CARTESIAN_POINT ( 'NONE',  ( 177.4599232431833968, 0.03236207826238278462, 484.7999999999996135 ) ) ;
#2912 = CARTESIAN_POINT ( 'NONE',  ( 179.5927413771753720, -0.3672807695279510787, 484.7999999999997272 ) ) ;
#2913 = CARTESIAN_POINT ( 'NONE',  ( -4.509424525261402472, 11.58622310510195064, 255.6716211529838176 ) ) ;
#2914 = EDGE_CURVE ( 'NONE', #5584, #6436, #1444, .T. ) ;
#2915 = DIRECTION ( 'NONE',  ( -0.000000000000000000, 1.000000000000000000, -0.000000000000000000 ) ) ;
#2916 = CARTESIAN_POINT ( 'NONE',  ( 179.2493661488827854, -0.3591196806954906617, 484.7999999999994429 ) ) ;
#2917 = CARTESIAN_POINT ( 'NONE',  ( -6.118092488002567997, 11.51136526014550654, 333.9773525142380777 ) ) ;
#2918 = DIRECTION ( 'NONE',  ( -2.040851148208007998E-16, -0.000000000000000000, -1.000000000000000000 ) ) ;
#2919 = EDGE_CURVE ( 'NONE', #8243, #6455, #2741, .T. ) ;
#2920 = ORIENTED_EDGE ( 'NONE', *, *, #350, .T. ) ;
#2921 = CARTESIAN_POINT ( 'NONE',  ( -8.912275402231225385, -10.26592964758133952, 328.4456886580558717 ) ) ;
#2922 = CARTESIAN_POINT ( 'NONE',  ( 177.3360021288834218, -0.2378900616973192994, 484.8000000000002956 ) ) ;
#2923 = CARTESIAN_POINT ( 'NONE',  ( -15.50061092689544573, 1.624525121353904700, 0.000000000000000000 ) ) ;
#2924 = ORIENTED_EDGE ( 'NONE', *, *, #6640, .T. ) ;
#2925 = CARTESIAN_POINT ( 'NONE',  ( 141.3126960292267427, 5.845328346181212886, 480.0000000000000000 ) ) ;
#2926 = CARTESIAN_POINT ( 'NONE',  ( 174.4145057886715904, 0.6635981978851828167, 480.0000000000000000 ) ) ;
#2927 = AXIS2_PLACEMENT_3D ( 'NONE', #6961, #3202, #532 ) ;
#2928 = AXIS2_PLACEMENT_3D ( 'NONE', #7226, #4763, #1477 ) ;
#2929 = EDGE_CURVE ( 'NONE', #5718, #3019, #5235, .T. ) ;
#2930 = DIRECTION ( 'NONE',  ( -0.000000000000000000, 1.000000000000000000, -0.000000000000000000 ) ) ;
#2931 = CARTESIAN_POINT ( 'NONE',  ( -10.94658110982378751, 6.469374259298248830, 479.9977627786008725 ) ) ;
#2932 = PLANE ( 'NONE',  #2585 ) ;
#2933 = CARTESIAN_POINT ( 'NONE',  ( 56.00000000000000000, 0.9999999999999922284, 571.0000000000000000 ) ) ;
#2934 = CARTESIAN_POINT ( 'NONE',  ( 173.3471052529941687, -0.1064731620283199537, 0.000000000000000000 ) ) ;
#2935 = ORIENTED_EDGE ( 'NONE', *, *, #4101, .F. ) ;
#2936 = CARTESIAN_POINT ( 'NONE',  ( 179.6528595525589367, -0.3948358813600444939, 480.0000000000021032 ) ) ;
#2937 = AXIS2_PLACEMENT_3D ( 'NONE', #6015, #6186, #6706 ) ;
#2938 = CARTESIAN_POINT ( 'NONE',  ( 129.5996696269390327, -1.037508102651121700, 479.0499999999999545 ) ) ;
#2939 = EDGE_CURVE ( 'NONE', #4030, #5712, #1530, .T. ) ;
#2940 = VECTOR ( 'NONE', #3837, 1000.000000000000000 ) ;
#2941 = CARTESIAN_POINT ( 'NONE',  ( -23.66311038483009099, -17.42921510851463296, 264.9999999999999432 ) ) ;
#2942 = PRESENTATION_STYLE_ASSIGNMENT (( #7676 ) ) ;
#2943 = CARTESIAN_POINT ( 'NONE',  ( 168.8377281226287323, -0.05539710311291501377, 480.0000000000000000 ) ) ;
#2944 = EDGE_LOOP ( 'NONE', ( #1303, #175, #5198, #6236 ) ) ;
#2945 = CIRCLE ( 'NONE', #2534, 2.000000000000001776 ) ;
#2946 = CARTESIAN_POINT ( 'NONE',  ( -21.20635929647353279, 12.50000000000000178, 262.8244892567521447 ) ) ;
#2947 = ORIENTED_EDGE ( 'NONE', *, *, #3097, .F. ) ;
#2948 = ORIENTED_EDGE ( 'NONE', *, *, #2377, .F. ) ;
#2949 = CARTESIAN_POINT ( 'NONE',  ( -15.08778573593238193, 0.7234990107302224915, 245.0061362446681699 ) ) ;
#2950 = CARTESIAN_POINT ( 'NONE',  ( -1.867279924347390097, 9.390473158144189370, 484.8000000000001251 ) ) ;
#2951 = AXIS2_PLACEMENT_3D ( 'NONE', #8500, #2598, #7133 ) ;
#2952 = CARTESIAN_POINT ( 'NONE',  ( -4.555975203803371620, 29.01475558526845688, 264.9999999999997726 ) ) ;
#2953 = CARTESIAN_POINT ( 'NONE',  ( -27.09375501123461305, -15.31151488329829569, 324.9999999999998295 ) ) ;
#2954 = CARTESIAN_POINT ( 'NONE',  ( 115.7971546524384081, -1.850684033269083262, 479.0500000000000114 ) ) ;
#2955 = ORIENTED_EDGE ( 'NONE', *, *, #3302, .T. ) ;
#2956 = CARTESIAN_POINT ( 'NONE',  ( 172.0287144818713330, 1.123915036401927692, 479.9999999999998295 ) ) ;
#2957 = CARTESIAN_POINT ( 'NONE',  ( 179.6442570255404974, -0.3774503075582750777, 484.7999999999997840 ) ) ;
#2958 = CARTESIAN_POINT ( 'NONE',  ( -19.28848737569082061, -12.50000000000000000, 325.8272508909251428 ) ) ;
#2959 = CARTESIAN_POINT ( 'NONE',  ( 9.937866013426393863, -4.817713627180432390, 319.0000000005355787 ) ) ;
#2960 = CARTESIAN_POINT ( 'NONE',  ( 179.6652113678923968, -0.3905251619301205457, 484.8000000000007503 ) ) ;
#2961 = ADVANCED_FACE ( 'NONE', ( #6845 ), #4078, .F. ) ;
#2962 = B_SPLINE_CURVE_WITH_KNOTS ( 'NONE', 3,
 ( #4114, #5970, #1391, #7870, #631, #5281, #3255, #1954, #4593, #5929, #20, #1994, #6666, #752 ),
 .UNSPECIFIED., .F., .F.,
 ( 4, 2, 2, 2, 2, 2, 4 ),
 ( 0.006109262333072197279, 0.009966084992047638536, 0.01189449632153536350, 0.01382290765102308847, 0.01767973030999853840, 0.01960814163948625816, 0.02153655296897398486 ),
 .UNSPECIFIED. ) ;
#2963 = CARTESIAN_POINT ( 'NONE',  ( -2.474263826086684936, -12.49999999999999822, 318.3387837937107747 ) ) ;
#2964 = CARTESIAN_POINT ( 'NONE',  ( -49.99999999999999289, 1.110223024625156540E-13, 302.0000000000000568 ) ) ;
#2965 = PRODUCT_DEFINITION_SHAPE ( 'NONE', 'NONE',  #2987 ) ;
#2966 = ORIENTED_EDGE ( 'NONE', *, *, #4838, .F. ) ;
#2967 = CARTESIAN_POINT ( 'NONE',  ( 8.177225591109369418, 11.17821415749940428, 343.2011215477834298 ) ) ;
#2968 = CARTESIAN_POINT ( 'NONE',  ( 178.3966962334655761, -0.2896919715104155357, 484.7999999999994998 ) ) ;
#2969 = CARTESIAN_POINT ( 'NONE',  ( 61.80725352453702470, -4.239326296989593956, 0.000000000000000000 ) ) ;
#2970 = VERTEX_POINT ( 'NONE', #2702 ) ;
#2971 = CARTESIAN_POINT ( 'NONE',  ( 47.12613800551047660, 13.45878582596390949, 479.9999999999996021 ) ) ;
#2972 = CARTESIAN_POINT ( 'NONE',  ( -16.28276801086705916, 1.837218724313026241, 480.0000000000000000 ) ) ;
#2973 = CARTESIAN_POINT ( 'NONE',  ( 1.069040691763212036, -11.05829210771292281, 261.2436945926521048 ) ) ;
#2974 = CARTESIAN_POINT ( 'NONE',  ( -15.87006644795936694, 1.890996277842477369, 245.0352344257715629 ) ) ;
#2975 = CARTESIAN_POINT ( 'NONE',  ( 30.29642567501260331, -4.022833171109367889, 330.1849909047184610 ) ) ;
#2976 = CARTESIAN_POINT ( 'NONE',  ( -16.28276801086705916, 1.837218724313026241, 480.0000000000000000 ) ) ;
#2977 = CARTESIAN_POINT ( 'NONE',  ( -26.01121656609517174, 12.50000000000000533, 325.9315203497029074 ) ) ;
#2978 = VERTEX_POINT ( 'NONE', #3386 ) ;
#2979 = CARTESIAN_POINT ( 'NONE',  ( 164.5743731616119021, -0.03168021738740726262, 479.0499999999997272 ) ) ;
#2980 = DIRECTION ( 'NONE',  ( -0.000000000000000000, 1.000000000000000000, -0.000000000000000000 ) ) ;
#2981 = CARTESIAN_POINT ( 'NONE',  ( -5.322072654038226602, -2.001718931322375550, 244.9883316293833388 ) ) ;
#2982 = CARTESIAN_POINT ( 'NONE',  ( 81.65521185280321959, 11.85170624527342476, 0.000000000000000000 ) ) ;
#2983 = CARTESIAN_POINT ( 'NONE',  ( 124.8052347932724899, -1.567499680457357325, 480.0000000000000000 ) ) ;
#2984 = FACE_OUTER_BOUND ( 'NONE', #2903, .T. ) ;
#2985 = CARTESIAN_POINT ( 'NONE',  ( -13.86312916891037261, 12.49999999999926992, 260.3476849503523454 ) ) ;
#2986 = ORIENTED_EDGE ( 'NONE', *, *, #1894, .T. ) ;
#2987 = PRODUCT_DEFINITION ( 'UNKNOWN', '', #2332, #5874 ) ;
#2988 = ORIENTED_EDGE ( 'NONE', *, *, #3116, .T. ) ;
#2989 = CARTESIAN_POINT ( 'NONE',  ( -12.81264284572838541, -0.3377657950296362177, 244.9945714330900444 ) ) ;
#2990 = CARTESIAN_POINT ( 'NONE',  ( 52.64339008310469126, 13.04683444728237696, 0.000000000000000000 ) ) ;
#2991 = CARTESIAN_POINT ( 'NONE',  ( 8.132893573706359902, 31.17495169774602104, 264.9999999999998863 ) ) ;
#2992 = CARTESIAN_POINT ( 'NONE',  ( -22.34257799193549232, -18.05165564661980326, 324.9999999999998863 ) ) ;
#2993 = AXIS2_PLACEMENT_3D ( 'NONE', #6870, #6222, #3625 ) ;
#2994 = CARTESIAN_POINT ( 'NONE',  ( 128.2746906480449525, -24.99999999999999289, 575.0000000000000000 ) ) ;
#2995 = ORIENTED_EDGE ( 'NONE', *, *, #1687, .T. ) ;
#2996 = CARTESIAN_POINT ( 'NONE',  ( 128.2738805636787731, 7.548053934524890707, 484.7999999999998977 ) ) ;
#2997 = CARTESIAN_POINT ( 'NONE',  ( 179.4668161859534337, -0.3451850858780273201, 484.8000000000001251 ) ) ;
#2998 = CARTESIAN_POINT ( 'NONE',  ( -59.00000000000000000, -11.50000000000000000, 319.9999999999998863 ) ) ;
#2999 = CARTESIAN_POINT ( 'NONE',  ( 179.6762016446621715, -0.3893272237205632202, 480.0000000000006821 ) ) ;
#3000 = CARTESIAN_POINT ( 'NONE',  ( -17.09089069740272393, 12.50000000000000533, 325.5915762815083667 ) ) ;
#3001 = CARTESIAN_POINT ( 'NONE',  ( 27.35234903737641687, -3.977590364072006501, 318.0480240691184690 ) ) ;
#3002 = CARTESIAN_POINT ( 'NONE',  ( -10.66173767918688675, 6.335260481189861181, 324.9999999999998295 ) ) ;
#3003 = ORIENTED_EDGE ( 'NONE', *, *, #960, .F. ) ;
#3004 = ADVANCED_FACE ( 'NONE', ( #8038 ), #5978, .F. ) ;
#3005 = LINE ( 'NONE', #8347, #6458 ) ;
#3006 = CARTESIAN_POINT ( 'NONE',  ( 171.8466964852550802, -0.09917325880769785329, 0.000000000000000000 ) ) ;
#3007 = CARTESIAN_POINT ( 'NONE',  ( 2.395812873996661096, -2.720575491428132597, 484.8000000000001819 ) ) ;
#3008 = EDGE_LOOP ( 'NONE', ( #149, #475, #7973, #3081 ) ) ;
#3009 = CARTESIAN_POINT ( 'NONE',  ( 114.4601763457910693, 9.141840925144956387, 480.0000000000002842 ) ) ;
#3010 = CARTESIAN_POINT ( 'NONE',  ( 15.16963954816413640, -3.835204511279307393, 0.000000000000000000 ) ) ;
#3011 = TOROIDAL_SURFACE ( 'NONE', #6883, 4.000000000000000000, 1.000000000000000000 ) ;
#3012 = FACE_OUTER_BOUND ( 'NONE', #5878, .T. ) ;
#3013 = CARTESIAN_POINT ( 'NONE',  ( -11.53849383139748319, 6.195505320016645889, 479.9978609908837370 ) ) ;
#3014 = ADVANCED_FACE ( 'NONE', ( #192 ), #5684, .T. ) ;
#3015 = DIRECTION ( 'NONE',  ( -0.000000000000000000, -0.000000000000000000, 1.000000000000000000 ) ) ;
#3016 = CARTESIAN_POINT ( 'NONE',  ( -15.43967670859687935, 1.947078709640329697, 0.000000000000000000 ) ) ;
#3017 =( NAMED_UNIT ( * ) SI_UNIT ( $, .STERADIAN. ) SOLID_ANGLE_UNIT ( ) );
#3018 = CARTESIAN_POINT ( 'NONE',  ( -32.54072858932497070, 7.690750650402183197, 325.1319952990513684 ) ) ;
#3019 = VERTEX_POINT ( 'NONE', #888 ) ;
#3020 = CIRCLE ( 'NONE', #819, 2.000000000000001776 ) ;
#3021 = CARTESIAN_POINT ( 'NONE',  ( -5.564543446643932079, 7.726004115337648415, 0.000000000000000000 ) ) ;
#3022 = CARTESIAN_POINT ( 'NONE',  ( 178.7940253536831108, -0.2268522457350040655, 480.0000000000002842 ) ) ;
#3023 = LINE ( 'NONE', #2374, #1778 ) ;
#3024 = CARTESIAN_POINT ( 'NONE',  ( -7.597809594955482915, -1.631168241348069259, 244.9891786057600314 ) ) ;
#3025 = SURFACE_STYLE_FILL_AREA ( #8367 ) ;
#3026 = CARTESIAN_POINT ( 'NONE',  ( 39.50000000000002842, -7.000000000000000000, 318.9999999999999432 ) ) ;
#3027 = DIRECTION ( 'NONE',  ( -0.000000000000000000, -0.000000000000000000, 1.000000000000000000 ) ) ;
#3028 = CYLINDRICAL_SURFACE ( 'NONE', #2046, 19.99999999999996092 ) ;
#3029 = ORIENTED_EDGE ( 'NONE', *, *, #6762, .F. ) ;
#3030 = VECTOR ( 'NONE', #6599, 1000.000000000000000 ) ;
#3031 = ORIENTED_EDGE ( 'NONE', *, *, #8140, .T. ) ;
#3032 = CARTESIAN_POINT ( 'NONE',  ( -15.80090357314116822, 1.534003020791541605, 245.0254602831287798 ) ) ;
#3033 = CARTESIAN_POINT ( 'NONE',  ( 22.58802016605103447, 12.75052606318385173, 479.9999999999999432 ) ) ;
#3034 = CARTESIAN_POINT ( 'NONE',  ( -13.98543168564500938, 4.359189398161550599, 264.9999999999462830 ) ) ;
#3035 = EDGE_CURVE ( 'NONE', #2698, #7903, #5100, .T. ) ;
#3036 = CARTESIAN_POINT ( 'NONE',  ( -14.48430004362372614, 0.3463611444071993950, 324.9999999999818669 ) ) ;
#3037 = CARTESIAN_POINT ( 'NONE',  ( 9.883335888088259580, 11.33970709881218220, 345.0215620463154096 ) ) ;
#3038 = ORIENTED_EDGE ( 'NONE', *, *, #1751, .F. ) ;
#3039 = CARTESIAN_POINT ( 'NONE',  ( 176.4274267913110634, 0.2549798538749673549, 479.9999999999996021 ) ) ;
#3040 = CARTESIAN_POINT ( 'NONE',  ( 179.0888049171928174, -0.2831283885241616671, 484.8000000000002387 ) ) ;
#3041 = CARTESIAN_POINT ( 'NONE',  ( 137.4672068873615274, 6.328683246480197866, 343.5306093966487424 ) ) ;
#3042 = CARTESIAN_POINT ( 'NONE',  ( 179.1347111030222550, -0.3502083914692886157, 0.000000000000000000 ) ) ;
#3043 = PLANE ( 'NONE',  #8252 ) ;
#3044 = CARTESIAN_POINT ( 'NONE',  ( -14.79858115798201190, 3.636192695799209673, 245.0376429409917023 ) ) ;
#3045 = CARTESIAN_POINT ( 'NONE',  ( -11.52233965671940830, 5.964776761282966078, 345.0318601245712671 ) ) ;
#3046 = ADVANCED_FACE ( 'NONE', ( #2784 ), #5414, .T. ) ;
#3047 = ORIENTED_EDGE ( 'NONE', *, *, #318, .T. ) ;
#3048 = LINE ( 'NONE', #508, #7547 ) ;
#3049 = CARTESIAN_POINT ( 'NONE',  ( 173.7979777638076655, -0.1215950848190212735, 484.8000000000001819 ) ) ;
#3050 = CARTESIAN_POINT ( 'NONE',  ( 2.397923356052029220, -2.723905108740113157, 480.0000000000001705 ) ) ;
#3051 = ORIENTED_EDGE ( 'NONE', *, *, #6748, .T. ) ;
#3052 = AXIS2_PLACEMENT_3D ( 'NONE', #8497, #6609, #2020 ) ;
#3053 = CARTESIAN_POINT ( 'NONE',  ( 51.86716317233808127, 13.27552901679030306, 479.0499999999998977 ) ) ;
#3054 = CARTESIAN_POINT ( 'NONE',  ( 1.312996324523462377, -2.940313561218608651, 0.000000000000000000 ) ) ;
#3055 = ORIENTED_EDGE ( 'NONE', *, *, #912, .T. ) ;
#3056 = CARTESIAN_POINT ( 'NONE',  ( -15.00000000000002309, 24.99999999999998934, 575.0000000000000000 ) ) ;
#3057 = CARTESIAN_POINT ( 'NONE',  ( -35.11600534731272916, 7.500000000000522249, 264.9999999999998863 ) ) ;
#3058 = CARTESIAN_POINT ( 'NONE',  ( -6.462555195472908132, 8.140099356494021166, 480.0000363144569633 ) ) ;
#3059 = CARTESIAN_POINT ( 'NONE',  ( -14.25950146016738174, 12.50000000000000178, 263.1522647330946825 ) ) ;
#3060 = DIRECTION ( 'NONE',  ( 0.000000000000000000, 0.000000000000000000, 1.000000000000000000 ) ) ;
#3061 = CARTESIAN_POINT ( 'NONE',  ( 34.92950548548044765, -12.00000000000000000, 516.1134194443175147 ) ) ;
#3062 = CARTESIAN_POINT ( 'NONE',  ( -22.55160212786236329, 12.50000000000000178, 322.9309085242148853 ) ) ;
#3063 = ORIENTED_EDGE ( 'NONE', *, *, #4091, .T. ) ;
#3064 = CARTESIAN_POINT ( 'NONE',  ( -1.854136707429091757, 9.387342469808674039, 480.0000000000001137 ) ) ;
#3065 = CARTESIAN_POINT ( 'NONE',  ( 213.0732057534447961, 5.901178166891245525, 575.0000000000001137 ) ) ;
#3066 = CARTESIAN_POINT ( 'NONE',  ( 171.8944271909999486, -16.00991544844572445, 549.9999999999998863 ) ) ;
#3067 = B_SPLINE_CURVE_WITH_KNOTS ( 'NONE', 3,
 ( #6752, #6144, #1683, #4851, #4896, #8075, #4244, #7472, #4203, #880, #226, #6188, #2293, #5453, #7552, #4160, #2165, #837, #7594, #7514, #5537, #4806, #8161, #1643, #965, #3595, #310, #5581, #8203, #6923, #1001, #6274, #8458, #1767, #5662, #1811, #8282, #484, #3674 ),
 .UNSPECIFIED., .F., .F.,
 ( 4, 1, 1, 1, 1, 1, 1, 1, 1, 1, 1, 1, 1, 1, 1, 1, 1, 1, 1, 1, 1, 1, 1, 1, 1, 1, 1, 1, 2, 1, 1, 1, 2, 1, 4 ),
 ( 7.061608341440795559E-14, 7.386020796625943096E-07, 6.333704504596893374E-06, 1.752390935444321496E-05, 2.871411420431181606E-05, 5.109452390400445753E-05, 9.585534330345656800E-05, 0.0001406161627028864117, 0.0002301378015017238458, 0.0003196594403006057863, 0.0004091810790994654737, 0.0005882243566971401792, 0.0007672676342949041146, 0.0009463109118925790370, 0.001304397467088017895, 0.001662484022283456427, 0.002020570577478873059, 0.002378657132674311808, 0.002736743687869750124, 0.003094830243065189307, 0.003811003353456022136, 0.004527176463846877517, 0.005243349574237755016, 0.005959522684628609963, 0.006675695795019487462, 0.007391868905410342409, 0.008108042015801196489, 0.009540388236582906384, 0.01097273445736464056, 0.01735113499943111495, 0.02372953554149759281, 0.03010793608356411577, 0.03648633662563059016, 0.04221930721098727385, 0.04269063054469516422 ),
 .UNSPECIFIED. ) ;
#3068 = CARTESIAN_POINT ( 'NONE',  ( -11.87886760546421705, -0.6310379491268982566, 264.9999999999998295 ) ) ;
#3069 = CARTESIAN_POINT ( 'NONE',  ( 177.8982238011619188, -0.2615267500431749381, 479.9999999999999432 ) ) ;
#3070 = DIRECTION ( 'NONE',  ( 0.000000000000000000, 0.000000000000000000, 1.000000000000000000 ) ) ;
#3071 = DIRECTION ( 'NONE',  ( 1.000000000000000000, -3.614007241618349757E-16, 0.000000000000000000 ) ) ;
#3072 = CARTESIAN_POINT ( 'NONE',  ( -12.08348741654500458, 12.50000000000000178, 262.1217933341352477 ) ) ;
#3073 = ORIENTED_EDGE ( 'NONE', *, *, #520, .T. ) ;
#3074 = ORIENTED_EDGE ( 'NONE', *, *, #2854, .F. ) ;
#3075 = CARTESIAN_POINT ( 'NONE',  ( 141.4931721310766193, -0.7689149569427606856, 180.0000000000000000 ) ) ;
#3076 = CARTESIAN_POINT ( 'NONE',  ( -1.854136707429091757, 9.387342469808674039, 480.0000000000001137 ) ) ;
#3077 = AXIS2_PLACEMENT_3D ( 'NONE', #3592, #7389, #1473 ) ;
#3078 = CARTESIAN_POINT ( 'NONE',  ( -28.38096280152346651, 18.31154097331123864, 264.9999999999998863 ) ) ;
#3079 = CARTESIAN_POINT ( 'NONE',  ( -14.23574712738633252, 0.2310141033290692703, 325.0000000000089244 ) ) ;
#3080 = CARTESIAN_POINT ( 'NONE',  ( 45.54675268957417700, 13.45692632751671702, 480.0010723621435886 ) ) ;
#3081 = ORIENTED_EDGE ( 'NONE', *, *, #7187, .F. ) ;
#3082 = CARTESIAN_POINT ( 'NONE',  ( 92.97783217125748934, 11.21697221355611163, 484.7999999999999545 ) ) ;
#3083 = EDGE_CURVE ( 'NONE', #7111, #7619, #4121, .T. ) ;
#3084 = CARTESIAN_POINT ( 'NONE',  ( 179.3781836717156182, -0.3307856057230973423, 480.0000000000002842 ) ) ;
#3085 = VECTOR ( 'NONE', #7174, 1000.000000000000000 ) ;
#3086 = CARTESIAN_POINT ( 'NONE',  ( 54.28117704434090030, -4.050154856173638684, 479.9999414296181044 ) ) ;
#3087 = CARTESIAN_POINT ( 'NONE',  ( 179.0579070957538761, -0.3436874056859845483, 0.000000000000000000 ) ) ;
#3088 = LINE ( 'NONE', #1739, #2481 ) ;
#3089 = PLANE ( 'NONE',  #253 ) ;
#3090 = CARTESIAN_POINT ( 'NONE',  ( -10.67440979504680776, 6.363599824770680868, 345.0309930499275879 ) ) ;
#3091 = ORIENTED_EDGE ( 'NONE', *, *, #3540, .F. ) ;
#3092 = VECTOR ( 'NONE', #1123, 1000.000000000000000 ) ;
#3093 = CARTESIAN_POINT ( 'NONE',  ( -0.4325427428152586740, 9.720396412651645335, 480.0000000000001137 ) ) ;
#3094 = CARTESIAN_POINT ( 'NONE',  ( 177.6842409166393679, -0.2504012139362459255, 479.9999999999999432 ) ) ;
#3095 = CARTESIAN_POINT ( 'NONE',  ( 9.533839577208354399, -3.562333622949445555, 0.000000000000000000 ) ) ;
#3096 = ORIENTED_EDGE ( 'NONE', *, *, #6100, .F. ) ;
#3097 = EDGE_CURVE ( 'NONE', #1725, #1384, #2866, .T. ) ;
#3098 = CARTESIAN_POINT ( 'NONE',  ( 132.6143217947179096, 25.00000000000000711, 575.0000000000000000 ) ) ;
#3099 = CARTESIAN_POINT ( 'NONE',  ( 3.266386750819421092, -2.795382183869839388, 480.0000000000000000 ) ) ;
#3100 = VERTEX_POINT ( 'NONE', #3469 ) ;
#3101 = CARTESIAN_POINT ( 'NONE',  ( -49.99999999999999289, -5.551115123125782702E-14, 288.0000000000000568 ) ) ;
#3102 = PLANE ( 'NONE',  #3621 ) ;
#3103 = CARTESIAN_POINT ( 'NONE',  ( 179.4137713424685501, -0.3383078511684084466, 179.9999999999999716 ) ) ;
#3104 = CARTESIAN_POINT ( 'NONE',  ( -0.9013971479588530622, 12.50000000000000178, 257.3165695183393495 ) ) ;
#3105 = CYLINDRICAL_SURFACE ( 'NONE', #7501, 2.000000000000003553 ) ;
#3106 = CARTESIAN_POINT ( 'NONE',  ( -23.24962056419091638, -12.50000000000000000, 268.5362665987883020 ) ) ;
#3107 = CARTESIAN_POINT ( 'NONE',  ( -19.55473942341982507, 9.860504629925374687, 329.2868638753105301 ) ) ;
#3108 = ORIENTED_EDGE ( 'NONE', *, *, #4919, .T. ) ;
#3109 = CARTESIAN_POINT ( 'NONE',  ( 3.818597042041810941, 10.57121810395871719, 484.7999999999999545 ) ) ;
#3110 = CARTESIAN_POINT ( 'NONE',  ( 178.9011429026951987, -0.2471073226478610052, 480.0000000000005116 ) ) ;
#3111 = CARTESIAN_POINT ( 'NONE',  ( 142.5301233920719994, -0.4063706062296971178, 479.0499999999999545 ) ) ;
#3112 = CARTESIAN_POINT ( 'NONE',  ( -12.99569515393359431, -0.2659227799121268165, 264.9999999999955094 ) ) ;
#3113 = CARTESIAN_POINT ( 'NONE',  ( 63.03648786918748925, 12.80057870041357404, 0.000000000000000000 ) ) ;
#3114 = DIRECTION ( 'NONE',  ( 1.000000000000000000, 1.040834085586084503E-16, -0.000000000000000000 ) ) ;
#3115 = CARTESIAN_POINT ( 'NONE',  ( 1.267501487684918438, -10.82809515808463807, 244.3983619119469779 ) ) ;
#3116 = EDGE_CURVE ( 'NONE', #4628, #6530, #108, .T. ) ;
#3117 = CARTESIAN_POINT ( 'NONE',  ( -16.15211354570179125, 10.43617687488877976, 259.5726255749378879 ) ) ;
#3118 = ORIENTED_EDGE ( 'NONE', *, *, #1306, .T. ) ;
#3119 = EDGE_CURVE ( 'NONE', #2970, #5681, #4859, .T. ) ;
#3120 = ORIENTED_EDGE ( 'NONE', *, *, #1669, .F. ) ;
#3121 = CARTESIAN_POINT ( 'NONE',  ( -28.61471519104614103, -8.099839566379577249, 325.4021091063553399 ) ) ;
#3122 = CARTESIAN_POINT ( 'NONE',  ( 179.4573566194248144, -0.3540102236775158895, 180.0000000000001137 ) ) ;
#3123 = CARTESIAN_POINT ( 'NONE',  ( -0.1696211013679466417, 9.779324898239870834, 484.8000000000001251 ) ) ;
#3124 = CARTESIAN_POINT ( 'NONE',  ( -22.12828441889347886, 22.80515140117407924, 264.9999999999998863 ) ) ;
#3125 = CARTESIAN_POINT ( 'NONE',  ( -14.14178681025246931, 0.1892772630205482032, 324.9999999999998295 ) ) ;
#3126 = CARTESIAN_POINT ( 'NONE',  ( 10.06813746520604447, 11.26814915922712146, 256.2486150985650397 ) ) ;
#3127 = VERTEX_POINT ( 'NONE', #5061 ) ;
#3128 = CARTESIAN_POINT ( 'NONE',  ( 85.91310893928543635, 11.79278189224696760, 480.0000000000004547 ) ) ;
#3129 = CARTESIAN_POINT ( 'NONE',  ( 176.3019821037892143, 0.2738318575220421991, 0.000000000000000000 ) ) ;
#3130 = CARTESIAN_POINT ( 'NONE',  ( 137.4672068873614990, 6.294479892970873181, 179.9999999999999716 ) ) ;
#3131 = CARTESIAN_POINT ( 'NONE',  ( 179.5846532353714053, -0.3868135951900047997, 0.000000000000000000 ) ) ;
#3132 = FACE_OUTER_BOUND ( 'NONE', #555, .T. ) ;
#3133 = CARTESIAN_POINT ( 'NONE',  ( -1.395705858035240166, 9.323499764147490154, 345.0252110977713187 ) ) ;
#3134 = VERTEX_POINT ( 'NONE', #2384 ) ;
#3135 = CARTESIAN_POINT ( 'NONE',  ( 9.286461948780086573, 11.26606693282252714, 344.3825952879110446 ) ) ;
#3136 = CARTESIAN_POINT ( 'NONE',  ( 179.2041965293383328, -0.3561519036549405937, 0.000000000000000000 ) ) ;
#3137 = CARTESIAN_POINT ( 'NONE',  ( 173.0902223303885989, -0.1039484306931961338, 484.8000000000001251 ) ) ;
#3138 = VERTEX_POINT ( 'NONE', #7600 ) ;
#3139 = CARTESIAN_POINT ( 'NONE',  ( 109.2700934134951893, 9.684499921716534843, 479.9999999999999432 ) ) ;
#3140 = CARTESIAN_POINT ( 'NONE',  ( -6.687969257384455801, -1.656052731520758492, 480.0000000000003411 ) ) ;
#3141 = CARTESIAN_POINT ( 'NONE',  ( 17.32633731060354521, -3.696972146681746452, 316.9999999999999432 ) ) ;
#3142 = AXIS2_PLACEMENT_3D ( 'NONE', #5264, #1977, #4617 ) ;
#3143 = FACE_OUTER_BOUND ( 'NONE', #7941, .T. ) ;
#3144 = ADVANCED_FACE ( 'NONE', ( #7683 ), #3724, .F. ) ;
#3145 = CARTESIAN_POINT ( 'NONE',  ( 179.1166506097338242, -0.2876107750523560491, 180.0000000000000284 ) ) ;
#3146 = CARTESIAN_POINT ( 'NONE',  ( -33.64451037336857553, -7.499999999999733546, 264.9999999999998863 ) ) ;
#3147 = VECTOR ( 'NONE', #2528, 1000.000000000000000 ) ;
#3148 = CARTESIAN_POINT ( 'NONE',  ( -8.777293533470617248, -1.536363314763732557, 0.000000000000000000 ) ) ;
#3149 = CARTESIAN_POINT ( 'NONE',  ( -60.00000000000000000, 11.50000000000000355, 269.9999999999998863 ) ) ;
#3150 = CARTESIAN_POINT ( 'NONE',  ( -16.43773407129233632, 12.49999999999999822, 328.8753256067617485 ) ) ;
#3151 = ORIENTED_EDGE ( 'NONE', *, *, #6361, .T. ) ;
#3152 = CARTESIAN_POINT ( 'NONE',  ( -14.56292053636571637, 4.425828859560478890, 484.7999999999994998 ) ) ;
#3153 = CARTESIAN_POINT ( 'NONE',  ( 213.2255553854704146, 5.687205508539681986, 575.0000000000004547 ) ) ;
#3154 = AXIS2_PLACEMENT_3D ( 'NONE', #6355, #440, #8371 ) ;
#3155 = CARTESIAN_POINT ( 'NONE',  ( -17.14219018695255414, -9.758811215838434805, 262.5092084667266477 ) ) ;
#3156 = CARTESIAN_POINT ( 'NONE',  ( -12.74142757666107428, -0.3597585074778180680, 244.9944655448712183 ) ) ;
#3157 = CARTESIAN_POINT ( 'NONE',  ( 15.73118455471177946, -3.681207658121273596, 322.9999999999998295 ) ) ;
#3158 = CARTESIAN_POINT ( 'NONE',  ( 68.49999999999998579, -7.000000000000000000, 318.9999999999999432 ) ) ;
#3159 = CARTESIAN_POINT ( 'NONE',  ( 142.8048684498582190, -16.00000000000000000, 575.0000000000000000 ) ) ;
#3160 = CARTESIAN_POINT ( 'NONE',  ( 16.85000000000000142, 3.642033860375761822, 0.000000000000000000 ) ) ;
#3161 = VERTEX_POINT ( 'NONE', #3638 ) ;
#3162 = EDGE_LOOP ( 'NONE', ( #936, #2288, #356, #5086 ) ) ;
#3163 = CARTESIAN_POINT ( 'NONE',  ( -14.49376696128959630, -12.49999999999999822, 323.4306395196701374 ) ) ;
#3164 = CYLINDRICAL_SURFACE ( 'NONE', #3304, 1.400000000000012346 ) ;
#3165 = CARTESIAN_POINT ( 'NONE',  ( -60.00000000000000000, 1.110223024625156540E-13, 302.0000000000000568 ) ) ;
#3166 = AXIS2_PLACEMENT_3D ( 'NONE', #5005, #8274, #1039 ) ;
#3167 = EDGE_CURVE ( 'NONE', #2357, #1910, #6942, .T. ) ;
#3168 = CARTESIAN_POINT ( 'NONE',  ( -23.78269956314878186, 21.82909779838157149, 264.9999999999999432 ) ) ;
#3169 = CARTESIAN_POINT ( 'NONE',  ( -9.956687729857444324, -21.46134158815840109, 324.9999999999998863 ) ) ;
#3170 = B_SPLINE_CURVE_WITH_KNOTS ( 'NONE', 3,
 ( #3452, #4151, #1513, #8153, #5530, #3541, #2202 ),
 .UNSPECIFIED., .F., .F.,
 ( 4, 1, 1, 1, 4 ),
 ( 0.9076406900090270291, 0.9247358138567488561, 0.9435534584672748970, 0.9600782507486774753, 0.9712098730982335892 ),
 .UNSPECIFIED. ) ;
#3171 = CARTESIAN_POINT ( 'NONE',  ( 142.4353866658786671, 5.709635615817284737, 480.0001610595097077 ) ) ;
#3172 = AXIS2_PLACEMENT_3D ( 'NONE', #4979, #1727, #6318 ) ;
#3173 = ORIENTED_EDGE ( 'NONE', *, *, #2413, .F. ) ;
#3174 = CARTESIAN_POINT ( 'NONE',  ( 86.85593764931454075, 11.49203367636692974, 0.000000000000000000 ) ) ;
#3175 = CARTESIAN_POINT ( 'NONE',  ( 179.2103826691958943, -0.3043128723661052137, 0.000000000000000000 ) ) ;
#3176 = FACE_OUTER_BOUND ( 'NONE', #4789, .T. ) ;
#3177 = CARTESIAN_POINT ( 'NONE',  ( 178.1002630076085325, -0.1040350834536253183, 480.0000000000000000 ) ) ;
#3178 = CARTESIAN_POINT ( 'NONE',  ( -11.07181019206276495, 6.012250408225074061, 245.0314829012903886 ) ) ;
#3179 = CARTESIAN_POINT ( 'NONE',  ( -8.381577029401874768, 7.257098136641675801, 324.9999999999640750 ) ) ;
#3180 = ORIENTED_EDGE ( 'NONE', *, *, #3782, .F. ) ;
#3181 = CARTESIAN_POINT ( 'NONE',  ( -42.83010060301227639, -6.255530197333855291, 575.0000000000000000 ) ) ;
#3182 = CARTESIAN_POINT ( 'NONE',  ( 179.1228250817308947, -0.3491956325188248500, 0.000000000000000000 ) ) ;
#3183 = CARTESIAN_POINT ( 'NONE',  ( 122.5643724156991254, -1.829918608909704814, 0.000000000000000000 ) ) ;
#3184 = ORIENTED_EDGE ( 'NONE', *, *, #2929, .T. ) ;
#3185 = CARTESIAN_POINT ( 'NONE',  ( -3.861187779809954534, 25.00000000000002132, 575.0000000000002274 ) ) ;
#3186 = CARTESIAN_POINT ( 'NONE',  ( -8.777293533470617248, -1.536363314763732557, 0.000000000000000000 ) ) ;
#3187 = EDGE_CURVE ( 'NONE', #1725, #6840, #4365, .T. ) ;
#3188 = ORIENTED_EDGE ( 'NONE', *, *, #6013, .T. ) ;
#3189 = DIRECTION ( 'NONE',  ( 0.000000000000000000, 0.000000000000000000, -1.000000000000000000 ) ) ;
#3190 = CARTESIAN_POINT ( 'NONE',  ( 32.46368514096850078, -3.754695128189076136, 479.0499999999996703 ) ) ;
#3191 = CARTESIAN_POINT ( 'NONE',  ( -60.00000000000000000, 7.500000000000002665, 324.9999999999998863 ) ) ;
#3192 = DIRECTION ( 'NONE',  ( -0.000000000000000000, 0.000000000000000000, -1.000000000000000000 ) ) ;
#3193 = CARTESIAN_POINT ( 'NONE',  ( -5.398252977058826119, -1.850581650082053997, 484.7999999999995566 ) ) ;
#3194 = CARTESIAN_POINT ( 'NONE',  ( 1.337133764547210113, -10.74386969984630014, 260.9566322063618600 ) ) ;
#3195 = EDGE_LOOP ( 'NONE', ( #6491, #6193, #5839, #3029 ) ) ;
#3196 = CARTESIAN_POINT ( 'NONE',  ( -6.904252818436327210, 8.006765205107180705, 484.8000000000001251 ) ) ;
#3197 = CARTESIAN_POINT ( 'NONE',  ( 178.7449983191094987, -0.2174749209426146690, 480.0000000000002274 ) ) ;
#3198 = EDGE_CURVE ( 'NONE', #3992, #3487, #454, .T. ) ;
#3199 = CARTESIAN_POINT ( 'NONE',  ( -15.17530288533547633, -12.49999999999999645, 266.6752221014951942 ) ) ;
#3200 = CARTESIAN_POINT ( 'NONE',  ( -4.433261799578422035, -22.29351898079004002, 264.9999999999999432 ) ) ;
#3201 = LINE ( 'NONE', #3324, #3085 ) ;
#3202 = DIRECTION ( 'NONE',  ( 1.000000000000000000, 2.040034807748724638E-13, -0.000000000000000000 ) ) ;
#3203 = CARTESIAN_POINT ( 'NONE',  ( 1.337041600383644724, -10.73980860872217491, 292.3436318236282432 ) ) ;
#3204 = EDGE_CURVE ( 'NONE', #272, #1138, #626, .T. ) ;
#3205 = CARTESIAN_POINT ( 'NONE',  ( 34.92950548548046186, -3.991727761287586329, 480.0006613128086883 ) ) ;
#3206 = EDGE_LOOP ( 'NONE', ( #3775, #4640, #5317, #1356 ) ) ;
#3207 = ORIENTED_EDGE ( 'NONE', *, *, #1794, .T. ) ;
#3208 = CARTESIAN_POINT ( 'NONE',  ( -13.68985340278937279, -10.02224259408241380, 327.9457248436926307 ) ) ;
#3209 = EDGE_CURVE ( 'NONE', #5543, #2822, #7729, .T. ) ;
#3210 = CARTESIAN_POINT ( 'NONE',  ( 179.4622624358005964, -0.3533990787374576281, 180.0000000000001137 ) ) ;
#3211 = CARTESIAN_POINT ( 'NONE',  ( -15.44300183437968066, 3.626970076764835849, 479.9999999999996589 ) ) ;
#3212 = CARTESIAN_POINT ( 'NONE',  ( 13.57716029602721441, 11.77475712299633770, 479.0499999999999545 ) ) ;
#3213 = CARTESIAN_POINT ( 'NONE',  ( -15.19547963759437081, 3.214017738365900545, 245.0385558390765368 ) ) ;
#3214 = CARTESIAN_POINT ( 'NONE',  ( 4.673868395745813586, -3.010882796168862008, 324.9999999999998863 ) ) ;
#3215 = LINE ( 'NONE', #2568, #5960 ) ;
#3216 = ORIENTED_EDGE ( 'NONE', *, *, #6112, .T. ) ;
#3217 = CARTESIAN_POINT ( 'NONE',  ( 2.427097266098021677, 9.714052600181668495, 0.000000000000000000 ) ) ;
#3218 = CARTESIAN_POINT ( 'NONE',  ( 173.6507730386431092, 0.8113716344267045688, 479.9999999999997726 ) ) ;
#3219 = CARTESIAN_POINT ( 'NONE',  ( -60.00000000000000000, 7.500000000000002665, 319.9999999999998863 ) ) ;
#3220 = CARTESIAN_POINT ( 'NONE',  ( 178.8488032046543026, -0.2427547818291560522, 484.8000000000001819 ) ) ;
#3221 = CARTESIAN_POINT ( 'NONE',  ( 74.00000000000004263, -3.863903220308571917, 321.0000000000009663 ) ) ;
#3222 = CARTESIAN_POINT ( 'NONE',  ( -35.14364714107065879, 8.166759499708019732, 324.9999999999996021 ) ) ;
#3223 = CARTESIAN_POINT ( 'NONE',  ( -9.461847519800224759, 7.103001923884747271, 480.0000000000002274 ) ) ;
#3224 = CARTESIAN_POINT ( 'NONE',  ( 179.0968659960553566, -0.3456625538016619426, 480.0000000000009663 ) ) ;
#3225 = CARTESIAN_POINT ( 'NONE',  ( 145.3127488991191854, -0.6305310351637890554, 0.000000000000000000 ) ) ;
#3226 = ADVANCED_FACE ( 'NONE', ( #4546 ), #3164, .F. ) ;
#3227 = CARTESIAN_POINT ( 'NONE',  ( 56.00000000000000000, 3.000000000000000000, 575.1521839940262453 ) ) ;
#3228 = CARTESIAN_POINT ( 'NONE',  ( 149.4942963167617052, -0.4553763770814573952, 0.000000000000000000 ) ) ;
#3229 = ORIENTED_EDGE ( 'NONE', *, *, #779, .T. ) ;
#3230 = CARTESIAN_POINT ( 'NONE',  ( 13.99999999999998224, 7.225416114969380052E-15, 519.9999999999998863 ) ) ;
#3231 = CARTESIAN_POINT ( 'NONE',  ( -15.50723292766757311, 0.9332716328363785951, 480.0017962685435577 ) ) ;
#3232 = CARTESIAN_POINT ( 'NONE',  ( -0.8810422564203866935, 12.50000000000000178, 332.9173234560227002 ) ) ;
#3233 = CARTESIAN_POINT ( 'NONE',  ( 13.99999999999998224, 7.225416114969380052E-15, 575.0000000000000000 ) ) ;
#3234 = CARTESIAN_POINT ( 'NONE',  ( -1.505171342511034682, -2.345410297833389279, 479.9999999999995453 ) ) ;
#3235 = CARTESIAN_POINT ( 'NONE',  ( 6.654216174283668295, 31.08865012678582573, 324.9999999999998295 ) ) ;
#3236 = CARTESIAN_POINT ( 'NONE',  ( -8.237327279482103748, 12.49999999999925748, 331.8140479585572962 ) ) ;
#3237 = ORIENTED_EDGE ( 'NONE', *, *, #3209, .F. ) ;
#3238 = CARTESIAN_POINT ( 'NONE',  ( -15.43967670859687935, 1.947078709640329697, 0.000000000000000000 ) ) ;
#3239 = CARTESIAN_POINT ( 'NONE',  ( 177.6231125481428705, 0.006443517347699902892, 480.0000000000005684 ) ) ;
#3240 = CARTESIAN_POINT ( 'NONE',  ( -17.75606839811495874, -12.49999999999999645, 267.1910301421549434 ) ) ;
#3241 = VECTOR ( 'NONE', #5999, 1000.000000000000000 ) ;
#3242 = CARTESIAN_POINT ( 'NONE',  ( 4.494979753708106429, -23.10379684584063753, 264.9999999999998863 ) ) ;
#3243 = PLANE ( 'NONE',  #613 ) ;
#3244 = CARTESIAN_POINT ( 'NONE',  ( -15.06869740429285187, 2.626790534657204912, 0.000000000000000000 ) ) ;
#3245 = CYLINDRICAL_SURFACE ( 'NONE', #751, 1.000000000000000888 ) ;
#3246 = DIRECTION ( 'NONE',  ( 1.000000000000000000, 0.000000000000000000, 0.000000000000000000 ) ) ;
#3247 = ORIENTED_EDGE ( 'NONE', *, *, #1602, .T. ) ;
#3248 = ORIENTED_EDGE ( 'NONE', *, *, #2150, .F. ) ;
#3249 = CARTESIAN_POINT ( 'NONE',  ( -19.97251594709426925, -9.437167990343471757, 327.0344140774164430 ) ) ;
#3250 = DIRECTION ( 'NONE',  ( -1.000000000000000000, 0.000000000000000000, 0.000000000000000000 ) ) ;
#3251 = CARTESIAN_POINT ( 'NONE',  ( -16.34177695965680499, 2.160829939336386563, 479.9999999999996021 ) ) ;
#3252 = CARTESIAN_POINT ( 'NONE',  ( 50.00000000000000000, 0.9999999999999943379, 0.000000000000000000 ) ) ;
#3253 = CARTESIAN_POINT ( 'NONE',  ( -34.86929519812781564, -4.622915724419451422, 264.9999999999998295 ) ) ;
#3254 = CARTESIAN_POINT ( 'NONE',  ( -2.214787216059617592, -2.365633563972965980, 324.9999999999998295 ) ) ;
#3255 = CARTESIAN_POINT ( 'NONE',  ( -35.87848919112062163, -0.7898618519657634174, 324.9999999999999432 ) ) ;
#3256 = ORIENTED_EDGE ( 'NONE', *, *, #6877, .F. ) ;
#3257 = CARTESIAN_POINT ( 'NONE',  ( 39.23924892202143866, 13.43127464113833547, 480.0000000000002274 ) ) ;
#3258 = CARTESIAN_POINT ( 'NONE',  ( 157.1251210967463408, 3.576126655751157291, 484.8000000000004661 ) ) ;
#3259 = CARTESIAN_POINT ( 'NONE',  ( -5.116660810602242648, -12.49999999999999645, 324.6570631302602123 ) ) ;
#3260 = CARTESIAN_POINT ( 'NONE',  ( 177.5654670684735947, 0.003850696498677484095, 0.000000000000000000 ) ) ;
#3261 = LINE ( 'NONE', #7401, #7284 ) ;
#3262 = CARTESIAN_POINT ( 'NONE',  ( -15.76569555000257061, 2.808602221987489767, 345.0403759042491174 ) ) ;
#3263 = CARTESIAN_POINT ( 'NONE',  ( -15.98635972858915011, 1.761071087984004357, 479.0499999999998977 ) ) ;
#3264 = CARTESIAN_POINT ( 'NONE',  ( 179.6179691139911085, -0.3727080143628125897, 480.0000000000001705 ) ) ;
#3265 = CARTESIAN_POINT ( 'NONE',  ( 173.9606047222718814, -0.1393959665139902770, 0.000000000000000000 ) ) ;
#3266 = CARTESIAN_POINT ( 'NONE',  ( 157.1937036894888990, 3.560165591208030111, 434.0000000000004547 ) ) ;
#3267 = CARTESIAN_POINT ( 'NONE',  ( 111.1477477560874974, -2.354854627611102202, 484.8000000000001819 ) ) ;
#3268 = DIRECTION ( 'NONE',  ( 0.000000000000000000, 0.000000000000000000, 1.000000000000000000 ) ) ;
#3269 = CARTESIAN_POINT ( 'NONE',  ( 45.00000000000001421, -4.151607851683095873, 313.9999999999908482 ) ) ;
#3270 = CARTESIAN_POINT ( 'NONE',  ( 1.329176410465566560, 12.03525813220925222, 336.1105161341683925 ) ) ;
#3271 = AXIS2_PLACEMENT_3D ( 'NONE', #2683, #5875, #4537 ) ;
#3272 = CARTESIAN_POINT ( 'NONE',  ( 0.7425089735916411415, 12.22802070646765848, 321.6662253032288277 ) ) ;
#3273 = CARTESIAN_POINT ( 'NONE',  ( -11.50857611114217782, -0.8406088135648717152, 0.000000000000000000 ) ) ;
#3274 = CARTESIAN_POINT ( 'NONE',  ( 2.792185392044934655, 10.20553588404277789, 345.0236530491314966 ) ) ;
#3275 = CARTESIAN_POINT ( 'NONE',  ( -13.77377811039531252, 10.80201084720559024, 331.4051432568495557 ) ) ;
#3276 = VERTEX_POINT ( 'NONE', #7905 ) ;
#3277 = ADVANCED_FACE ( 'NONE', ( #1990 ), #4632, .T. ) ;
#3278 = CARTESIAN_POINT ( 'NONE',  ( 179.2012999467019085, -0.3015888923538975752, 480.0000000000000000 ) ) ;
#3279 = CARTESIAN_POINT ( 'NONE',  ( 213.0014537423006118, 5.998126382029152381, 575.0000000000000000 ) ) ;
#3280 = EDGE_CURVE ( 'NONE', #6753, #4161, #5514, .T. ) ;
#3281 = B_SPLINE_CURVE_WITH_KNOTS ( 'NONE', 3,
 ( #5144, #5269, #7897, #8415, #5915, #7767 ),
 .UNSPECIFIED., .F., .F.,
 ( 4, 2, 4 ),
 ( 2.269307408739323421E-16, 0.01849502813203500462, 0.03699005626406978720 ),
 .UNSPECIFIED. ) ;
#3282 = CARTESIAN_POINT ( 'NONE',  ( 13.09541912373310701, -3.562043891242157034, 265.0000000001419949 ) ) ;
#3283 = FACE_OUTER_BOUND ( 'NONE', #5390, .T. ) ;
#3284 = CARTESIAN_POINT ( 'NONE',  ( -14.39624682825217050, 4.229495553269027930, 345.0364938122621652 ) ) ;
#3285 = CARTESIAN_POINT ( 'NONE',  ( 1.336935597460259251, -10.73549667196017232, 325.6704362163969222 ) ) ;
#3286 = CARTESIAN_POINT ( 'NONE',  ( 168.6966803410664966, 1.723902740487771146, 479.9999999997064606 ) ) ;
#3287 = VERTEX_POINT ( 'NONE', #8423 ) ;
#3288 = ORIENTED_EDGE ( 'NONE', *, *, #2049, .F. ) ;
#3289 = CARTESIAN_POINT ( 'NONE',  ( 159.3834567163833640, -0.1233012264270736819, 480.0000000000001137 ) ) ;
#3290 = CARTESIAN_POINT ( 'NONE',  ( -49.99999999999999289, -6.999999999999986677, 295.0000000000000000 ) ) ;
#3291 = CARTESIAN_POINT ( 'NONE',  ( -14.02080774682702646, 4.807708236950692715, 480.0000000000001705 ) ) ;
#3292 = ADVANCED_FACE ( 'NONE', ( #2518 ), #5152, .F. ) ;
#3293 = CARTESIAN_POINT ( 'NONE',  ( 40.92950548548043344, -12.00000000000000000, 336.9999999999998863 ) ) ;
#3294 = CARTESIAN_POINT ( 'NONE',  ( -15.82256713005719284, 1.599647613126780943, 245.0274536796143536 ) ) ;
#3295 = CARTESIAN_POINT ( 'NONE',  ( -8.437704627008013603, -1.423712830358354164, 344.9895869875099379 ) ) ;
#3296 = CARTESIAN_POINT ( 'NONE',  ( 45.00000000000001421, -4.136970482234673341, 338.9999999999999432 ) ) ;
#3297 = EDGE_LOOP ( 'NONE', ( #5931, #6616, #4874, #7771 ) ) ;
#3298 = CARTESIAN_POINT ( 'NONE',  ( -12.92156397461537232, 5.494077158936595318, 484.7999999999994429 ) ) ;
#3299 = CARTESIAN_POINT ( 'NONE',  ( 172.6133909172349092, 0.9961087861639728036, 0.000000000000000000 ) ) ;
#3300 = CARTESIAN_POINT ( 'NONE',  ( 87.65587695826796732, -3.450828258875008991, 479.9973739790718810 ) ) ;
#3301 = CARTESIAN_POINT ( 'NONE',  ( 179.1225769593129371, -0.2887405847492392486, 480.0000000000003411 ) ) ;
#3302 = EDGE_CURVE ( 'NONE', #1789, #5623, #6485, .T. ) ;
#3303 = CARTESIAN_POINT ( 'NONE',  ( -11.18651824709755083, 5.586618177445990874, 0.000000000000000000 ) ) ;
#3304 = AXIS2_PLACEMENT_3D ( 'NONE', #3290, #2642, #5276 ) ;
#3305 = CARTESIAN_POINT ( 'NONE',  ( -15.01820989238512993, 3.626990449491829693, 325.0000000000354703 ) ) ;
#3306 = CARTESIAN_POINT ( 'NONE',  ( -15.33984145588347481, 1.073255179440146367, 479.0499999999995566 ) ) ;
#3307 = CARTESIAN_POINT ( 'NONE',  ( 179.2070715806897283, -0.3024137194622057434, 484.8000000000002387 ) ) ;
#3308 = CARTESIAN_POINT ( 'NONE',  ( 170.9070410475208348, -0.08914354673687260866, 0.000000000000000000 ) ) ;
#3309 = VECTOR ( 'NONE', #6516, 1000.000000000000000 ) ;
#3310 = CARTESIAN_POINT ( 'NONE',  ( 170.9254215209267613, 1.328399068039089581, 434.0000000000000568 ) ) ;
#3311 = CARTESIAN_POINT ( 'NONE',  ( 117.0538319375458229, -2.010169846125767545, 480.0000000000000000 ) ) ;
#3312 = EDGE_CURVE ( 'NONE', #3100, #3276, #8465, .T. ) ;
#3313 = FACE_OUTER_BOUND ( 'NONE', #5082, .T. ) ;
#3314 = DIRECTION ( 'NONE',  ( 0.000000000000000000, 0.000000000000000000, -1.000000000000000000 ) ) ;
#3315 = CARTESIAN_POINT ( 'NONE',  ( 3.905870305219072414, -3.163003197677249467, 0.000000000000000000 ) ) ;
#3316 = DIRECTION ( 'NONE',  ( -0.000000000000000000, -0.000000000000000000, -1.000000000000000000 ) ) ;
#3317 = CARTESIAN_POINT ( 'NONE',  ( -2.568003707435939198, -2.523232583551511254, 0.000000000000000000 ) ) ;
#3318 = CARTESIAN_POINT ( 'NONE',  ( -3.785229381624836353, -12.50000000000000000, 265.1750832716267041 ) ) ;
#3319 = CARTESIAN_POINT ( 'NONE',  ( -10.62140692113280949, 12.50000000000000178, 328.7282427928008133 ) ) ;
#3320 = ORIENTED_EDGE ( 'NONE', *, *, #6718, .F. ) ;
#3321 = CARTESIAN_POINT ( 'NONE',  ( 9.942046277401049181, -12.00000000000000000, 316.9999999999998295 ) ) ;
#3322 = CARTESIAN_POINT ( 'NONE',  ( 178.3638256780072027, -0.2722082972538070744, 479.0500000000010346 ) ) ;
#3323 = DIRECTION ( 'NONE',  ( -1.000000000000000000, -1.214306433183764966E-16, 0.000000000000000000 ) ) ;
#3324 = CARTESIAN_POINT ( 'NONE',  ( 16.85000000000000142, 3.642033860375761822, 495.0000000000000000 ) ) ;
#3325 = CARTESIAN_POINT ( 'NONE',  ( 23.15000000000000213, 3.642033860375762266, 495.0000000000000000 ) ) ;
#3326 = LINE ( 'NONE', #1264, #5437 ) ;
#3327 = LINE ( 'NONE', #2637, #8235 ) ;
#3328 = ORIENTED_EDGE ( 'NONE', *, *, #4712, .F. ) ;
#3329 = ORIENTED_EDGE ( 'NONE', *, *, #6180, .T. ) ;
#3330 = CARTESIAN_POINT ( 'NONE',  ( -9.009861187505928015, -10.26039526940215119, 328.4337981341441264 ) ) ;
#3331 = CIRCLE ( 'NONE', #3744, 8.000000000000007105 ) ;
#3332 = EDGE_CURVE ( 'NONE', #1584, #8198, #7047, .T. ) ;
#3333 = CARTESIAN_POINT ( 'NONE',  ( 179.1187136211339066, -0.2883230099587738016, 433.9999999999999432 ) ) ;
#3334 = CARTESIAN_POINT ( 'NONE',  ( 97.42012990650121651, 10.62182601708778940, 0.000000000000000000 ) ) ;
#3335 = CARTESIAN_POINT ( 'NONE',  ( -35.69808920268314267, -0.8473199310917101101, 264.9999999999998863 ) ) ;
#3336 = CARTESIAN_POINT ( 'NONE',  ( 3.173592638402811694, -22.94157622528934226, 324.9999999999998863 ) ) ;
#3337 = DIRECTION ( 'NONE',  ( -1.000000000000000000, 0.000000000000000000, -0.000000000000000000 ) ) ;
#3338 = ORIENTED_EDGE ( 'NONE', *, *, #851, .T. ) ;
#3339 = ORIENTED_EDGE ( 'NONE', *, *, #1062, .T. ) ;
#3340 = CARTESIAN_POINT ( 'NONE',  ( -4.385666828608902001, 8.743354799095246932, 479.9999999999996589 ) ) ;
#3341 = ORIENTED_EDGE ( 'NONE', *, *, #4621, .F. ) ;
#3342 = CIRCLE ( 'NONE', #1411, 1.400000000000012346 ) ;
#3343 = CARTESIAN_POINT ( 'NONE',  ( 65.69130363877256684, 12.71094276425027303, 0.000000000000000000 ) ) ;
#3344 = CARTESIAN_POINT ( 'NONE',  ( -23.34244699112394628, -12.50000000000000000, 321.4607979479876008 ) ) ;
#3345 = CARTESIAN_POINT ( 'NONE',  ( 177.4599232431833968, 0.03236207826238278462, 484.7999999999996135 ) ) ;
#3346 = VECTOR ( 'NONE', #3379, 1000.000000000000000 ) ;
#3347 = CARTESIAN_POINT ( 'NONE',  ( -27.01975317223417861, -0.4063160304696958325, 549.9999999999998863 ) ) ;
#3348 = CARTESIAN_POINT ( 'NONE',  ( -25.60957961844939845, 20.81618010632933391, 325.0000000000000568 ) ) ;
#3349 = EDGE_CURVE ( 'NONE', #5017, #2357, #3544, .T. ) ;
#3350 = CARTESIAN_POINT ( 'NONE',  ( -43.78601002634511019, 5.012489648437827405, 574.9999999999995453 ) ) ;
#3351 = CARTESIAN_POINT ( 'NONE',  ( 179.0087710708319833, -0.2698703366677540627, 484.7999999999998977 ) ) ;
#3352 = CARTESIAN_POINT ( 'NONE',  ( 179.6687298249291302, -0.3844909701427686732, 480.0000000000003411 ) ) ;
#3353 = VECTOR ( 'NONE', #8450, 1000.000000000000000 ) ;
#3354 = DIRECTION ( 'NONE',  ( 0.000000000000000000, 0.000000000000000000, -1.000000000000000000 ) ) ;
#3355 = CARTESIAN_POINT ( 'NONE',  ( 97.35367145927115473, -3.084489664672571241, 479.9999999999998295 ) ) ;
#3356 = DIRECTION ( 'NONE',  ( 1.000000000000000000, 0.000000000000000000, 0.000000000000000000 ) ) ;
#3357 = CARTESIAN_POINT ( 'NONE',  ( 184.9999999999999716, -24.99999999999998579, 575.0000000000000000 ) ) ;
#3358 = CARTESIAN_POINT ( 'NONE',  ( 45.00000000000002842, -4.143606053484491625, 327.6666666666549190 ) ) ;
#3359 = EDGE_CURVE ( 'NONE', #3723, #407, #5393, .T. ) ;
#3360 = CARTESIAN_POINT ( 'NONE',  ( 116.7651309652681135, -2.175119729426225668, -0.000000000000000000 ) ) ;
#3361 = CARTESIAN_POINT ( 'NONE',  ( -5.137648362032829930, 12.50000000000000178, 331.1401596133728731 ) ) ;
#3362 = ORIENTED_EDGE ( 'NONE', *, *, #221, .F. ) ;
#3363 = CARTESIAN_POINT ( 'NONE',  ( 50.00000000000000000, 0.9999999999999943379, 575.1521839940262453 ) ) ;
#3364 = CARTESIAN_POINT ( 'NONE',  ( 212.7566202712094423, 6.312156108576213676, 574.9999999999992042 ) ) ;
#3365 = CIRCLE ( 'NONE', #7092, 2.000000000000001776 ) ;
#3366 = LINE ( 'NONE', #7895, #5948 ) ;
#3367 = DIRECTION ( 'NONE',  ( -2.040851148208007998E-16, -0.000000000000000000, -1.000000000000000000 ) ) ;
#3368 = FACE_OUTER_BOUND ( 'NONE', #6348, .T. ) ;
#3369 = CARTESIAN_POINT ( 'NONE',  ( 46.67244209961349810, -4.138861272310230710, 339.0000000000001705 ) ) ;
#3370 = VECTOR ( 'NONE', #7710, 1000.000000000000000 ) ;
#3371 = DIRECTION ( 'NONE',  ( 0.000000000000000000, 0.000000000000000000, -1.000000000000000000 ) ) ;
#3372 = VERTEX_POINT ( 'NONE', #6791 ) ;
#3373 = ORIENTED_EDGE ( 'NONE', *, *, #6632, .T. ) ;
#3374 = CARTESIAN_POINT ( 'NONE',  ( -7.781820861324842298, -12.49999999999999822, 324.3768756099437383 ) ) ;
#3375 = CARTESIAN_POINT ( 'NONE',  ( 179.1804943620798838, -0.2993664256794617562, 434.0000000000001705 ) ) ;
#3376 = CARTESIAN_POINT ( 'NONE',  ( -60.00000000000000000, -7.499999999999998224, 265.9999999999998863 ) ) ;
#3377 = CARTESIAN_POINT ( 'NONE',  ( -35.88065988084055391, 3.022384109211307734, 264.9999999999999432 ) ) ;
#3378 = CARTESIAN_POINT ( 'NONE',  ( 56.00000000000000000, -3.000000000000007994, 571.0000000000000000 ) ) ;
#3379 = DIRECTION ( 'NONE',  ( -0.000000000000000000, 1.000000000000000000, -0.000000000000000000 ) ) ;
#3380 = EDGE_CURVE ( 'NONE', #3276, #6166, #690, .T. ) ;
#3381 = ORIENTED_EDGE ( 'NONE', *, *, #8124, .F. ) ;
#3382 = ORIENTED_EDGE ( 'NONE', *, *, #7413, .F. ) ;
#3383 = CARTESIAN_POINT ( 'NONE',  ( -12.90842309148559508, 5.492254055297093096, 479.9999999999994884 ) ) ;
#3384 = ORIENTED_EDGE ( 'NONE', *, *, #4568, .T. ) ;
#3385 = CARTESIAN_POINT ( 'NONE',  ( 135.3213459832823276, 6.643853249325112564, 480.0000000000000000 ) ) ;
#3386 = CARTESIAN_POINT ( 'NONE',  ( 162.0000000000000000, 0.000000000000000000, 575.0000000000000000 ) ) ;
#3387 = CARTESIAN_POINT ( 'NONE',  ( 160.7839283157265697, 3.011971978998295274, 480.0000000000007390 ) ) ;
#3388 = DIRECTION ( 'NONE',  ( 1.000000000000000000, 0.000000000000000000, 0.000000000000000000 ) ) ;
#3389 = CARTESIAN_POINT ( 'NONE',  ( -15.37885278733462613, 3.299016262094263130, 345.0389594215068314 ) ) ;
#3390 = CARTESIAN_POINT ( 'NONE',  ( -9.403842085888985736, -1.176094245924335757, 480.0000000000006821 ) ) ;
#3391 = CARTESIAN_POINT ( 'NONE',  ( 179.1817015099051389, -0.2984686403942442001, 480.0000000000003411 ) ) ;
#3392 = CARTESIAN_POINT ( 'NONE',  ( 179.6442888920310565, -0.3898083613654984014, 479.9999999999991473 ) ) ;
#3393 = CARTESIAN_POINT ( 'NONE',  ( -12.97645477236201295, 10.86090934414356646, 258.4536305704254460 ) ) ;
#3394 = DIRECTION ( 'NONE',  ( -1.000000000000000000, 0.000000000000000000, -0.000000000000000000 ) ) ;
#3395 = CARTESIAN_POINT ( 'NONE',  ( 117.0567189472686067, -2.008520347292762853, 484.8000000000000114 ) ) ;
#3396 = CARTESIAN_POINT ( 'NONE',  ( -19.91917787278929453, -9.436488493145029466, 262.9509742131118060 ) ) ;
#3397 = B_SPLINE_CURVE_WITH_KNOTS ( 'NONE', 3,
 ( #8186, #4227, #6035, #773 ),
 .UNSPECIFIED., .F., .F.,
 ( 4, 4 ),
 ( 0.000000000000000000, 0.01349746142443136385 ),
 .UNSPECIFIED. ) ;
#3398 = DIRECTION ( 'NONE',  ( 0.000000000000000000, 0.000000000000000000, -1.000000000000000000 ) ) ;
#3399 = CARTESIAN_POINT ( 'NONE',  ( 154.0000000000000000, 0.000000000000000000, 519.9999999999998863 ) ) ;
#3400 = CARTESIAN_POINT ( 'NONE',  ( 1.501792217101280302, -10.54322367482140343, 329.1667956419890970 ) ) ;
#3401 = CARTESIAN_POINT ( 'NONE',  ( 110.8828355312570721, -2.532755558739461677, 0.000000000000000000 ) ) ;
#3402 = CARTESIAN_POINT ( 'NONE',  ( -2.568003707435939198, -2.523232583551511254, 0.000000000000000000 ) ) ;
#3403 = ORIENTED_EDGE ( 'NONE', *, *, #6232, .T. ) ;
#3404 = CARTESIAN_POINT ( 'NONE',  ( 168.0795006546601940, 1.828398982587615684, 480.0000000000000000 ) ) ;
#3405 = CARTESIAN_POINT ( 'NONE',  ( 178.3446567122488773, -0.2686080191392542504, 479.0499999999990450 ) ) ;
#3406 = EDGE_CURVE ( 'NONE', #6104, #5157, #47, .T. ) ;
#3407 = CARTESIAN_POINT ( 'NONE',  ( 17.32302465626231580, -3.701769529412089810, 309.5799307945424061 ) ) ;
#3408 = CARTESIAN_POINT ( 'NONE',  ( 0.6900930497555690657, 12.24529688114159853, 311.8661301170830029 ) ) ;
#3409 = DIRECTION ( 'NONE',  ( -1.000000000000000000, 0.000000000000000000, 0.000000000000000000 ) ) ;
#3410 = CARTESIAN_POINT ( 'NONE',  ( 9.929505485480440541, -4.818688981191355580, 322.9999999999999432 ) ) ;
#3411 = LINE ( 'NONE', #6176, #4805 ) ;
#3412 = EDGE_LOOP ( 'NONE', ( #3108, #5458 ) ) ;
#3413 = ORIENTED_EDGE ( 'NONE', *, *, #7163, .F. ) ;
#3414 = CARTESIAN_POINT ( 'NONE',  ( -4.400782186270323137, -10.41206108657121909, 328.8071454632802784 ) ) ;
#3415 = CARTESIAN_POINT ( 'NONE',  ( -0.9013971479588530622, 12.50000000000000178, 257.3165695183393495 ) ) ;
#3416 = CARTESIAN_POINT ( 'NONE',  ( 12.24426832005581289, 11.78669826018351507, 480.0000000000000000 ) ) ;
#3417 = CARTESIAN_POINT ( 'NONE',  ( -15.52292018234588689, 2.873805404073163317, 265.0000000000089244 ) ) ;
#3418 = FACE_OUTER_BOUND ( 'NONE', #4717, .T. ) ;
#3419 = CARTESIAN_POINT ( 'NONE',  ( -1.263581074923622261, -2.462401490474107391, 344.9873631724346978 ) ) ;
#3420 = ORIENTED_EDGE ( 'NONE', *, *, #4813, .F. ) ;
#3421 = EDGE_LOOP ( 'NONE', ( #3184, #1354, #3605, #8175, #2391 ) ) ;
#3422 = CARTESIAN_POINT ( 'NONE',  ( -16.32495259122673659, 1.939807044512829259, 484.7999999999998977 ) ) ;
#3423 = ORIENTED_EDGE ( 'NONE', *, *, #2779, .T. ) ;
#3424 = CARTESIAN_POINT ( 'NONE',  ( 13.16642309390932830, 11.92611820294429847, 484.7999999999996703 ) ) ;
#3425 = CARTESIAN_POINT ( 'NONE',  ( -0.9011612175025421889, 12.50000000000000178, 258.1998273153310492 ) ) ;
#3426 = CARTESIAN_POINT ( 'NONE',  ( 170.8629788274858470, 1.341966976209248097, 484.8000000000000114 ) ) ;
#3427 = VECTOR ( 'NONE', #8221, 1000.000000000000000 ) ;
#3428 = DIRECTION ( 'NONE',  ( 0.9999999641490008306, 0.000000000000000000, -0.0002677722858779318384 ) ) ;
#3429 = CARTESIAN_POINT ( 'NONE',  ( -36.06785876269692181, 3.081653344206845890, 324.9999999999999432 ) ) ;
#3430 = AXIS2_PLACEMENT_3D ( 'NONE', #8136, #5381, #244 ) ;
#3431 = CARTESIAN_POINT ( 'NONE',  ( -15.00000000000001421, -25.00000000000001066, 575.0000000000000000 ) ) ;
#3432 = CARTESIAN_POINT ( 'NONE',  ( 178.5002571078444760, -0.1808399222023152619, 484.7999999999998977 ) ) ;
#3433 = CARTESIAN_POINT ( 'NONE',  ( 178.9628068802957443, -0.3357248228443199256, 0.000000000000000000 ) ) ;
#3434 = LINE ( 'NONE', #6722, #6364 ) ;
#3435 = CARTESIAN_POINT ( 'NONE',  ( -2.468236927336132425, -12.49999999999999822, 265.0632286554457551 ) ) ;
#3436 = CARTESIAN_POINT ( 'NONE',  ( 178.9205212266232081, -0.3304640621708436199, 479.9999999999992610 ) ) ;
#3437 = CARTESIAN_POINT ( 'NONE',  ( -8.495299573253142000, -12.49999999999999822, 265.6666011509087753 ) ) ;
#3438 = AXIS2_PLACEMENT_3D ( 'NONE', #6901, #3527, #8138 ) ;
#3439 = FACE_OUTER_BOUND ( 'NONE', #3858, .T. ) ;
#3440 = CARTESIAN_POINT ( 'NONE',  ( 6.026689628833050705, -3.332277861868527591, 0.000000000000000000 ) ) ;
#3441 = CARTESIAN_POINT ( 'NONE',  ( 171.0000000000000000, -14.22106106644589474, 549.9999999999998863 ) ) ;
#3442 = CARTESIAN_POINT ( 'NONE',  ( 24.56905792275457046, -4.125220352701166604, -0.000000000000000000 ) ) ;
#3443 = CARTESIAN_POINT ( 'NONE',  ( -16.15513988987402172, 1.539941402299505713, 484.8000000000000682 ) ) ;
#3444 = ORIENTED_EDGE ( 'NONE', *, *, #424, .T. ) ;
#3445 = CARTESIAN_POINT ( 'NONE',  ( 176.3289071330666218, 0.2748533026400906687, 480.0000000000000000 ) ) ;
#3446 = CARTESIAN_POINT ( 'NONE',  ( 184.9999999999999716, 25.00000000000001066, 574.9999999999998863 ) ) ;
#3447 = VECTOR ( 'NONE', #2915, 1000.000000000000000 ) ;
#3448 = DIRECTION ( 'NONE',  ( -0.000000000000000000, -0.000000000000000000, 1.000000000000000000 ) ) ;
#3449 = CARTESIAN_POINT ( 'NONE',  ( 40.92950548548043344, -2.000000000000000000, 336.9999999999998863 ) ) ;
#3450 = CARTESIAN_POINT ( 'NONE',  ( 32.66868786811382108, -4.055609371706112576, 333.6849581808204448 ) ) ;
#3451 = CARTESIAN_POINT ( 'NONE',  ( 39.50000000000002132, -7.000000000000000000, 321.9999999999999432 ) ) ;
#3452 = CARTESIAN_POINT ( 'NONE',  ( 143.2223681989937063, -0.7248792900046533427, 0.000000000000000000 ) ) ;
#3453 = ORIENTED_EDGE ( 'NONE', *, *, #8398, .F. ) ;
#3454 = ADVANCED_FACE ( 'NONE', ( #1084 ), #434, .F. ) ;
#3455 = VERTEX_POINT ( 'NONE', #4932 ) ;
#3456 = CARTESIAN_POINT ( 'NONE',  ( 158.8426455797371659, -0.07085462336765786795, 479.0500000000000682 ) ) ;
#3457 = DIRECTION ( 'NONE',  ( 1.000000000000000000, 0.000000000000000000, 0.000000000000000000 ) ) ;
#3458 = LINE ( 'NONE', #180, #4596 ) ;
#3459 = CARTESIAN_POINT ( 'NONE',  ( -15.12814886558779293, 0.7576694125533461888, 245.0066781627157297 ) ) ;
#3460 = FACE_BOUND ( 'NONE', #3553, .T. ) ;
#3461 = CARTESIAN_POINT ( 'NONE',  ( 184.9999999999999716, -24.99999999999998579, 575.0000000000000000 ) ) ;
#3462 = VERTEX_POINT ( 'NONE', #7591 ) ;
#3463 = CARTESIAN_POINT ( 'NONE',  ( -35.11600534731629608, 12.50000000000000355, 264.9999999999994316 ) ) ;
#3464 = EDGE_LOOP ( 'NONE', ( #2473, #1606, #602, #2947 ) ) ;
#3465 = EDGE_CURVE ( 'NONE', #7630, #2256, #3023, .T. ) ;
#3466 = CARTESIAN_POINT ( 'NONE',  ( -4.317942966224210366, 8.097995494581660125, 0.000000000000000000 ) ) ;
#3467 = ORIENTED_EDGE ( 'NONE', *, *, #2919, .F. ) ;
#3468 = CARTESIAN_POINT ( 'NONE',  ( 39.23924892202143866, 13.43127464113833547, 480.0000000000002274 ) ) ;
#3469 = CARTESIAN_POINT ( 'NONE',  ( 171.8944271909999486, -16.00991544844572445, 575.0000000000000000 ) ) ;
#3470 = CARTESIAN_POINT ( 'NONE',  ( 152.9265747029647855, 4.142416645514345852, 0.000000000000000000 ) ) ;
#3471 = CARTESIAN_POINT ( 'NONE',  ( -20.42418331633806616, 23.70072543593522241, 264.9999999999999432 ) ) ;
#3472 = CARTESIAN_POINT ( 'NONE',  ( -16.01684527195693875, 1.940757322329618839, 324.9999999999999432 ) ) ;
#3473 = DIRECTION ( 'NONE',  ( 0.000000000000000000, 0.000000000000000000, -1.000000000000000000 ) ) ;
#3474 = CARTESIAN_POINT ( 'NONE',  ( -14.00809300143780156, 0.1563040350308477489, 480.0000000000012506 ) ) ;
#3475 = CARTESIAN_POINT ( 'NONE',  ( 179.6668612773497387, -0.3897174335240548015, 0.000000000000000000 ) ) ;
#3476 = CARTESIAN_POINT ( 'NONE',  ( 179.3613420249335491, -0.3689022780617467467, 480.0000000000002842 ) ) ;
#3477 = CARTESIAN_POINT ( 'NONE',  ( 139.5613689813760914, 5.983050495165401550, 0.000000000000000000 ) ) ;
#3478 = CARTESIAN_POINT ( 'NONE',  ( 40.92950548548048317, -12.00000000000000000, 575.0000000000000000 ) ) ;
#3479 = CARTESIAN_POINT ( 'NONE',  ( 172.3823993837822854, -0.08964324588926272930, 484.7999999999999545 ) ) ;
#3480 = CARTESIAN_POINT ( 'NONE',  ( -7.749424327514836008, -12.49999999999999822, 265.5810607758987771 ) ) ;
#3481 = PLANE ( 'NONE',  #811 ) ;
#3482 = LINE ( 'NONE', #1414, #1925 ) ;
#3483 = CARTESIAN_POINT ( 'NONE',  ( 7.295719343095941056, 11.06853315759720680, 247.9831585468124615 ) ) ;
#3484 = EDGE_CURVE ( 'NONE', #3455, #7556, #997, .T. ) ;
#3485 = CARTESIAN_POINT ( 'NONE',  ( 61.85332123469070353, -3.986671831729384774, 479.9999999999992042 ) ) ;
#3486 = CARTESIAN_POINT ( 'NONE',  ( -15.93240977845752582, 1.289699972310160758, 479.9999999999999432 ) ) ;
#3487 = VERTEX_POINT ( 'NONE', #5533 ) ;
#3488 = CARTESIAN_POINT ( 'NONE',  ( 44.00000000000000711, 7.999999999999992895, 0.000000000000000000 ) ) ;
#3489 = CARTESIAN_POINT ( 'NONE',  ( 173.2423326805015051, 0.8912415148179173574, 480.0000000000002842 ) ) ;
#3490 = AXIS2_PLACEMENT_3D ( 'NONE', #223, #3502, #7346 ) ;
#3491 = AXIS2_PLACEMENT_3D ( 'NONE', #7668, #6346, #6192 ) ;
#3492 = CARTESIAN_POINT ( 'NONE',  ( 178.4119001463974143, -0.1638045562373627861, 433.9999999999999432 ) ) ;
#3493 = DIRECTION ( 'NONE',  ( 0.2813500811265908785, -0.07686025141729213583, -0.9565221553116954878 ) ) ;
#3494 = CARTESIAN_POINT ( 'NONE',  ( 24.75158659877108391, -3.915791245029268453, 325.5675206360124889 ) ) ;
#3495 = DIRECTION ( 'NONE',  ( -1.000000000000000000, 0.000000000000000000, 0.000000000000000000 ) ) ;
#3496 = DIRECTION ( 'NONE',  ( 0.000000000000000000, -1.000000000000000000, 0.000000000000000000 ) ) ;
#3497 = AXIS2_PLACEMENT_3D ( 'NONE', #482, #5055, #6273 ) ;
#3498 = ORIENTED_EDGE ( 'NONE', *, *, #6898, .T. ) ;
#3499 = CARTESIAN_POINT ( 'NONE',  ( 179.2391084509260963, -0.4419743674384962184, 479.0499999999963734 ) ) ;
#3500 = CARTESIAN_POINT ( 'NONE',  ( -0.9006238609701786579, 12.50000000000000178, 260.2076494284365253 ) ) ;
#3501 = B_SPLINE_CURVE_WITH_KNOTS ( 'NONE', 3,
 ( #2058, #4655, #3358, #4613 ),
 .UNSPECIFIED., .F., .F.,
 ( 4, 4 ),
 ( 0.000000000000000000, 0.01700000291382054024 ),
 .UNSPECIFIED. ) ;
#3502 = DIRECTION ( 'NONE',  ( 0.000000000000000000, 0.000000000000000000, 1.000000000000000000 ) ) ;
#3503 = EDGE_CURVE ( 'NONE', #2845, #1996, #7154, .T. ) ;
#3504 = CARTESIAN_POINT ( 'NONE',  ( -15.25277842605195566, 0.8457020395669190282, 264.9999999999998863 ) ) ;
#3505 = CARTESIAN_POINT ( 'NONE',  ( -1.548043350828450349, -2.678313004792312046, 0.000000000000000000 ) ) ;
#3506 = VECTOR ( 'NONE', #6275, 1000.000000000000000 ) ;
#3507 = CARTESIAN_POINT ( 'NONE',  ( 184.9999999999999716, -24.99999999999998579, 575.0000000000000000 ) ) ;
#3508 = VERTEX_POINT ( 'NONE', #5011 ) ;
#3509 = CARTESIAN_POINT ( 'NONE',  ( -21.25508077319871703, 12.50000000000000178, 266.5959886881529428 ) ) ;
#3510 = EDGE_LOOP ( 'NONE', ( #3328, #4798, #6758, #5522, #7991, #1688, #2920, #6211, #1393, #711 ) ) ;
#3511 = DIRECTION ( 'NONE',  ( -1.000000000000000000, -0.000000000000000000, -0.000000000000000000 ) ) ;
#3512 = EDGE_LOOP ( 'NONE', ( #976, #1224 ) ) ;
#3513 = CARTESIAN_POINT ( 'NONE',  ( 20.05138076352200471, 12.11477920958154186, 0.000000000000000000 ) ) ;
#3514 = CARTESIAN_POINT ( 'NONE',  ( -0.04908705622272120650, 12.50000000000000000, 254.7995129838025434 ) ) ;
#3515 = CARTESIAN_POINT ( 'NONE',  ( 128.2738805636787731, 7.548053934524890707, 484.7999999999998977 ) ) ;
#3516 = VECTOR ( 'NONE', #2930, 1000.000000000000000 ) ;
#3517 = EDGE_CURVE ( 'NONE', #3694, #5541, #265, .T. ) ;
#3518 = CARTESIAN_POINT ( 'NONE',  ( -4.204164309270526978, 8.467587735646883829, 245.0265809699844510 ) ) ;
#3519 = CARTESIAN_POINT ( 'NONE',  ( -15.42372853543341371, 0.9399508984040064741, 345.0089484333391283 ) ) ;
#3520 = CARTESIAN_POINT ( 'NONE',  ( 119.2981752573940497, -1.881988429804042129, 479.9999999999997726 ) ) ;
#3521 = CARTESIAN_POINT ( 'NONE',  ( -11.86674974307018537, -0.3739328986831323975, 479.0500000000005230 ) ) ;
#3522 = CARTESIAN_POINT ( 'NONE',  ( 166.8588554740589416, 2.035339060346185391, 484.8000000000000114 ) ) ;
#3523 = CARTESIAN_POINT ( 'NONE',  ( 179.5286596685701284, -0.3827374154208075252, 484.8000000000004093 ) ) ;
#3524 = CARTESIAN_POINT ( 'NONE',  ( -32.50410390975097386, -7.622272744324056326, 324.9999999999997158 ) ) ;
#3525 = CARTESIAN_POINT ( 'NONE',  ( 49.93663054968052961, 24.99999999999999645, 575.0000000000000000 ) ) ;
#3526 = CARTESIAN_POINT ( 'NONE',  ( 178.9261013045265827, -0.3308585393095251903, 484.7999999999992156 ) ) ;
#3527 = DIRECTION ( 'NONE',  ( 0.000000000000000000, 0.000000000000000000, -1.000000000000000000 ) ) ;
#3528 = CARTESIAN_POINT ( 'NONE',  ( -59.00000000000000000, -7.499999999999998224, 324.9999999999998863 ) ) ;
#3529 = ORIENTED_EDGE ( 'NONE', *, *, #8027, .F. ) ;
#3530 = CARTESIAN_POINT ( 'NONE',  ( -26.45538248335931897, -8.424678892374776851, 325.7820649779685596 ) ) ;
#3531 = CARTESIAN_POINT ( 'NONE',  ( 9.353638152638675152, -3.230488057031605464, 480.0000000000003411 ) ) ;
#3532 = CARTESIAN_POINT ( 'NONE',  ( -15.46880003709868667, 1.842618831164563487, 0.000000000000000000 ) ) ;
#3533 = ORIENTED_EDGE ( 'NONE', *, *, #2554, .T. ) ;
#3534 = CARTESIAN_POINT ( 'NONE',  ( 153.9769484203349919, 3.819824448087635549, 479.0500000000009209 ) ) ;
#3535 = CARTESIAN_POINT ( 'NONE',  ( -15.43332856782055273, 0.8757112466182158661, 484.7999999999996135 ) ) ;
#3536 = CARTESIAN_POINT ( 'NONE',  ( 34.92950548548044765, -2.000000000000000000, 575.0000000000000000 ) ) ;
#3537 = DIRECTION ( 'NONE',  ( 0.000000000000000000, 0.000000000000000000, -1.000000000000000000 ) ) ;
#3538 = CARTESIAN_POINT ( 'NONE',  ( -16.92731163255474769, -9.780577570888787875, 262.4765727718987591 ) ) ;
#3539 = CARTESIAN_POINT ( 'NONE',  ( -0.04892972099269368019, 12.50000000000000000, 264.9997722833786611 ) ) ;
#3540 = EDGE_CURVE ( 'NONE', #3508, #4809, #3671, .T. ) ;
#3541 = CARTESIAN_POINT ( 'NONE',  ( 166.8644190179115867, -0.07883753048160475896, 0.000000000000000000 ) ) ;
#3542 = ORIENTED_EDGE ( 'NONE', *, *, #214, .T. ) ;
#3543 = CARTESIAN_POINT ( 'NONE',  ( 214.4210199211155441, 3.367639428701076909, 574.9999999999997726 ) ) ;
#3544 = B_SPLINE_CURVE_WITH_KNOTS ( 'NONE', 3,
 ( #1433, #5491, #5319, #4801, #2855, #7345, #6619, #6140, #7430, #3985, #7263, #6662, #2205, #98, #2117, #59, #4759, #7986, #6010, #7304, #1472, #747 ),
 .UNSPECIFIED., .F., .F.,
 ( 4, 2, 2, 2, 2, 2, 2, 2, 2, 2, 4 ),
 ( 0.002812228981930028123, 0.005779160744211619613, 0.007262626625352465448, 0.008746092506493311283, 0.01467995603105669115, 0.01764688779333838456, 0.02061381955562007276, 0.02358075131790176790, 0.02506421719904261547, 0.02580595013961306874, 0.02654768308018352202 ),
 .UNSPECIFIED. ) ;
#3545 = FACE_OUTER_BOUND ( 'NONE', #4502, .T. ) ;
#3546 = CARTESIAN_POINT ( 'NONE',  ( -23.22432311262593174, 19.63056222338124357, 575.0000000000001137 ) ) ;
#3547 = CARTESIAN_POINT ( 'NONE',  ( -14.68088883853352478, 0.4575353114167412527, 245.0021287271159736 ) ) ;
#3548 = LINE ( 'NONE', #269, #7755 ) ;
#3549 = CARTESIAN_POINT ( 'NONE',  ( 184.9999999999999716, -24.99999999999998579, 575.0000000000000000 ) ) ;
#3550 = ORIENTED_EDGE ( 'NONE', *, *, #500, .F. ) ;
#3551 = ADVANCED_FACE ( 'NONE', ( #6309 ), #7549, .F. ) ;
#3552 = FACE_OUTER_BOUND ( 'NONE', #8154, .T. ) ;
#3553 = EDGE_LOOP ( 'NONE', ( #106, #3550 ) ) ;
#3554 = CARTESIAN_POINT ( 'NONE',  ( -16.28276801086705916, 1.837218724313026241, 480.0000000000000000 ) ) ;
#3555 = ORIENTED_EDGE ( 'NONE', *, *, #2669, .T. ) ;
#3556 = ADVANCED_FACE ( 'NONE', ( #6958 ), #2290, .F. ) ;
#3557 = CARTESIAN_POINT ( 'NONE',  ( -14.78891846481379879, 0.5210550506661587589, 245.0031376457634735 ) ) ;
#3558 = CARTESIAN_POINT ( 'NONE',  ( 146.1625916456029017, 5.181520537617123168, 480.0000000000005684 ) ) ;
#3559 = AXIS2_PLACEMENT_3D ( 'NONE', #5682, #5037, #5772 ) ;
#3560 = VECTOR ( 'NONE', #43, 1000.000000000000000 ) ;
#3561 = CARTESIAN_POINT ( 'NONE',  ( -9.560497486403033207, 27.73749359478920695, 264.9999999999998863 ) ) ;
#3562 = CARTESIAN_POINT ( 'NONE',  ( -29.57096434043819144, -13.22496673675700585, 324.9999999999999432 ) ) ;
#3563 = CARTESIAN_POINT ( 'NONE',  ( 137.4954818893936590, -24.99999999999999289, 575.0000000000000000 ) ) ;
#3564 = AXIS2_PLACEMENT_3D ( 'NONE', #2964, #1625, #6291 ) ;
#3565 = ORIENTED_EDGE ( 'NONE', *, *, #6497, .T. ) ;
#3566 = CARTESIAN_POINT ( 'NONE',  ( 174.3397174026890752, 0.6761700391534056775, 484.8000000000000682 ) ) ;
#3567 = AXIS2_PLACEMENT_3D ( 'NONE', #1293, #2, #4529 ) ;
#3568 = CARTESIAN_POINT ( 'NONE',  ( 179.4132874551425800, -0.3372767208028413788, 0.000000000000000000 ) ) ;
#3569 = CARTESIAN_POINT ( 'NONE',  ( 70.21916129662452022, -3.934352587839556215, 321.9999999999998863 ) ) ;
#3570 = EDGE_CURVE ( 'NONE', #7115, #5909, #6878, .T. ) ;
#3571 = DIRECTION ( 'NONE',  ( -0.000000000000000000, -0.000000000000000000, -1.000000000000000000 ) ) ;
#3572 = CARTESIAN_POINT ( 'NONE',  ( 179.0968659960553566, -0.3456625538016619426, 480.0000000000009663 ) ) ;
#3573 = CARTESIAN_POINT ( 'NONE',  ( -13.64968450514603049, -10.02996539787607766, 262.0284949180610283 ) ) ;
#3574 = CARTESIAN_POINT ( 'NONE',  ( 36.81621071012382629, -4.106461505683965285, 324.7795241644260500 ) ) ;
#3575 = ORIENTED_EDGE ( 'NONE', *, *, #2270, .F. ) ;
#3576 = LINE ( 'NONE', #6212, #1094 ) ;
#3577 = CARTESIAN_POINT ( 'NONE',  ( 176.9821723455103495, -0.2269728047348208988, 484.7999999999999545 ) ) ;
#3578 = CARTESIAN_POINT ( 'NONE',  ( -10.53675443968163172, -0.9077931360426085838, 479.9999999999998863 ) ) ;
#3579 = VERTEX_POINT ( 'NONE', #1043 ) ;
#3580 = CARTESIAN_POINT ( 'NONE',  ( 176.8231149595451086, 25.00000000000000355, 575.0000000000001137 ) ) ;
#3581 = CARTESIAN_POINT ( 'NONE',  ( -13.35307842288795754, -0.2030987925562750263, 0.000000000000000000 ) ) ;
#3582 = LINE ( 'NONE', #4147, #6417 ) ;
#3583 = DIRECTION ( 'NONE',  ( 0.000000000000000000, 0.000000000000000000, 1.000000000000000000 ) ) ;
#3584 = CARTESIAN_POINT ( 'NONE',  ( 34.03417539876981834, -4.070332187547943903, 337.0521350301971211 ) ) ;
#3585 = CARTESIAN_POINT ( 'NONE',  ( 50.00000000000000000, 3.000000000000000000, 575.1521839940262453 ) ) ;
#3586 = B_SPLINE_CURVE_WITH_KNOTS ( 'NONE', 3,
 ( #7091, #3285, #7176, #10, #5146, #3203, #1221, #5271, #3855, #6529 ),
 .UNSPECIFIED., .F., .F.,
 ( 4, 3, 3, 4 ),
 ( 9.792992174823269302E-06, 0.01000000000000001235, 0.05000000000000068279, 0.06805366654679657901 ),
 .UNSPECIFIED. ) ;
#3587 = DIRECTION ( 'NONE',  ( -1.000000000000000000, 0.000000000000000000, 0.000000000000000000 ) ) ;
#3588 = ORIENTED_EDGE ( 'NONE', *, *, #574, .T. ) ;
#3589 = CARTESIAN_POINT ( 'NONE',  ( 179.5775320998562847, -0.3841828480633645015, 479.9999999999964189 ) ) ;
#3590 = CARTESIAN_POINT ( 'NONE',  ( 46.00000000000000711, 7.999999999999992895, 0.000000000000000000 ) ) ;
#3591 = B_SPLINE_CURVE_WITH_KNOTS ( 'NONE', 3,
 ( #4243, #6312, #1604, #2982, #6881, #3113, #8239, #4319 ),
 .UNSPECIFIED., .F., .F.,
 ( 4, 1, 1, 1, 1, 4 ),
 ( 0.2102586148869249050, 0.2253389986458528838, 0.2503516702908959446, 0.2752209619929371631, 0.2996939128141439812, 0.3176328308212379437 ),
 .UNSPECIFIED. ) ;
#3592 = CARTESIAN_POINT ( 'NONE',  ( 90.00000000000001421, 3.642033860375761822, 495.0000000000000000 ) ) ;
#3593 = CARTESIAN_POINT ( 'NONE',  ( -13.97451508131323195, 0.1058987755421671589, 244.9973185450207893 ) ) ;
#3594 = PLANE ( 'NONE',  #3497 ) ;
#3595 = CARTESIAN_POINT ( 'NONE',  ( 173.0337611704406129, -0.1045211773040227304, 434.0000000000002842 ) ) ;
#3596 = ORIENTED_EDGE ( 'NONE', *, *, #4045, .T. ) ;
#3597 = CARTESIAN_POINT ( 'NONE',  ( -31.72481360804561135, 12.50000000000000000, 269.8374986551824577 ) ) ;
#3598 = ORIENTED_EDGE ( 'NONE', *, *, #932, .T. ) ;
#3599 = ORIENTED_EDGE ( 'NONE', *, *, #5731, .T. ) ;
#3600 = CARTESIAN_POINT ( 'NONE',  ( -15.86772883050601557, 1.799852521227862878, 245.0332790900136217 ) ) ;
#3601 = CARTESIAN_POINT ( 'NONE',  ( -10.37716662875701523, 6.730886490100795427, 484.7999999999998977 ) ) ;
#3602 = CARTESIAN_POINT ( 'NONE',  ( -6.977033394981082104, 7.662618643532761453, 265.0000000000355840 ) ) ;
#3603 = CARTESIAN_POINT ( 'NONE',  ( -31.33361360163805642, -11.33590646218961950, 324.9999999999997158 ) ) ;
#3604 = CARTESIAN_POINT ( 'NONE',  ( 118.4447065651502840, -1.931145279196254450, 479.9999999999990337 ) ) ;
#3605 = ORIENTED_EDGE ( 'NONE', *, *, #2004, .F. ) ;
#3606 = CARTESIAN_POINT ( 'NONE',  ( 135.3139765718591434, 6.645852033962916572, 484.8000000000000114 ) ) ;
#3607 = CARTESIAN_POINT ( 'NONE',  ( 179.6223994067601666, -0.3728986358071959550, 484.8000000000001819 ) ) ;
#3608 = CARTESIAN_POINT ( 'NONE',  ( -16.90282453103944604, -12.49999999999999822, 322.9795399248892522 ) ) ;
#3609 = CARTESIAN_POINT ( 'NONE',  ( 14.92950548548043876, -12.00000000000000000, 342.9999999999999432 ) ) ;
#3610 = CARTESIAN_POINT ( 'NONE',  ( 178.9628068802957443, -0.3357248228443199256, 0.000000000000000000 ) ) ;
#3611 = CARTESIAN_POINT ( 'NONE',  ( -14.57043308596624520, -12.50000000000000000, 263.5919086876235724 ) ) ;
#3612 = CARTESIAN_POINT ( 'NONE',  ( -15.87006644795936694, 1.890996277842477369, 245.0352344257715629 ) ) ;
#3613 = VERTEX_POINT ( 'NONE', #3590 ) ;
#3614 = DIRECTION ( 'NONE',  ( -0.8373426858827532904, -0.5466783573534412799, 0.000000000000000000 ) ) ;
#3615 = CARTESIAN_POINT ( 'NONE',  ( 175.9208014638844304, -0.1907033052966000397, 484.8000000000000114 ) ) ;
#3616 = CARTESIAN_POINT ( 'NONE',  ( 3.264315704490215353, -2.792051079964634308, 484.8000000000000114 ) ) ;
#3617 = ORIENTED_EDGE ( 'NONE', *, *, #4829, .F. ) ;
#3618 = CARTESIAN_POINT ( 'NONE',  ( 87.49568126942089918, 11.49936439748917927, 479.0500000000003524 ) ) ;
#3619 = CARTESIAN_POINT ( 'NONE',  ( 198.7935671805543052, 15.99455363324764079, 575.0000000000000000 ) ) ;
#3620 = AXIS2_PLACEMENT_3D ( 'NONE', #8416, #782, #1983 ) ;
#3621 = AXIS2_PLACEMENT_3D ( 'NONE', #2455, #5608, #3796 ) ;
#3622 = EDGE_CURVE ( 'NONE', #4413, #7292, #389, .T. ) ;
#3623 = LINE ( 'NONE', #343, #4448 ) ;
#3624 = DIRECTION ( 'NONE',  ( 1.000000000000000000, 0.000000000000000000, 0.000000000000000000 ) ) ;
#3625 = DIRECTION ( 'NONE',  ( 1.000000000000000000, 0.000000000000000000, 0.000000000000000000 ) ) ;
#3626 = CARTESIAN_POINT ( 'NONE',  ( 0.6097368997176888517, 14.22106106644589474, 575.0000000000000000 ) ) ;
#3627 = CARTESIAN_POINT ( 'NONE',  ( -31.91183491843720077, 12.50000000000000178, 320.1649941241298052 ) ) ;
#3628 = CARTESIAN_POINT ( 'NONE',  ( 176.2903486605351588, -0.2014911503557009209, 479.9999999999978400 ) ) ;
#3629 = CARTESIAN_POINT ( 'NONE',  ( 0.6097368997176888517, -14.22106106644589474, 549.9999999999998863 ) ) ;
#3630 = CARTESIAN_POINT ( 'NONE',  ( -13.66109453698791931, -0.01962629036940980246, 265.0000000000000568 ) ) ;
#3631 = CARTESIAN_POINT ( 'NONE',  ( 177.5328077019218256, -0.2457840599959370820, 479.9999999999998863 ) ) ;
#3632 = CARTESIAN_POINT ( 'NONE',  ( 167.1904192908288564, -0.04843654490134041701, 480.0000000000000000 ) ) ;
#3633 = CARTESIAN_POINT ( 'NONE',  ( 39.50000000000002132, 3.000000000000000000, 321.9999999999999432 ) ) ;
#3634 = VECTOR ( 'NONE', #1336, 1000.000000000000000 ) ;
#3635 = CARTESIAN_POINT ( 'NONE',  ( -26.13191722093805325, 8.477585655337092518, 263.3427136180656021 ) ) ;
#3636 = ORIENTED_EDGE ( 'NONE', *, *, #4848, .T. ) ;
#3637 = ORIENTED_EDGE ( 'NONE', *, *, #4439, .F. ) ;
#3638 = CARTESIAN_POINT ( 'NONE',  ( 39.50000000000002132, -4.127598515805739332, 321.9999999999999432 ) ) ;
#3639 = CARTESIAN_POINT ( 'NONE',  ( 2.427097266098021677, 9.714052600181668495, 0.000000000000000000 ) ) ;
#3640 = ADVANCED_FACE ( 'NONE', ( #3545 ), #674, .T. ) ;
#3641 = CARTESIAN_POINT ( 'NONE',  ( -15.08526918676994022, 25.97846660247954986, 264.9999999999998295 ) ) ;
#3642 = CARTESIAN_POINT ( 'NONE',  ( -20.09296179996537290, -18.94734903701939999, 324.9999999999998863 ) ) ;
#3643 = CARTESIAN_POINT ( 'NONE',  ( 118.0293881056309857, -1.719608651255060572, 479.0499999999999545 ) ) ;
#3644 = VERTEX_POINT ( 'NONE', #7851 ) ;
#3645 = CARTESIAN_POINT ( 'NONE',  ( 175.7339637657426579, 0.3975650606749668858, 480.0000000000002842 ) ) ;
#3646 = CARTESIAN_POINT ( 'NONE',  ( 179.2108100129142656, -0.3032493617961443677, 480.0000000000002274 ) ) ;
#3647 = DIRECTION ( 'NONE',  ( -0.000000000000000000, -0.000000000000000000, -1.000000000000000000 ) ) ;
#3648 = CARTESIAN_POINT ( 'NONE',  ( 179.6668612773497387, -0.3897174335240548015, 0.000000000000000000 ) ) ;
#3649 = AXIS2_PLACEMENT_3D ( 'NONE', #7249, #3972, #1373 ) ;
#3650 = CARTESIAN_POINT ( 'NONE',  ( -20.54748611010552040, 12.50000000000000178, 323.8535748220908772 ) ) ;
#3651 = EDGE_CURVE ( 'NONE', #1205, #3898, #3805, .T. ) ;
#3652 = FACE_OUTER_BOUND ( 'NONE', #3297, .T. ) ;
#3653 = CARTESIAN_POINT ( 'NONE',  ( -7.131954150666272696, 7.700163224740133927, 325.0000000000715090 ) ) ;
#3654 = B_SPLINE_SURFACE_WITH_KNOTS ( 'NONE', 3, 1, ( 
 ( #6258, #2972, #6084 ),
 ( #2804, #5607, #6913 ),
 ( #866, #4232, #6824 ),
 ( #911, #4925, #5524 ),
 ( #8061, #5436, #2149 ),
 ( #1633, #4791, #3535 ),
 ( #6172, #8147, #951 ),
 ( #2238, #4270, #4881 ),
 ( #7500, #1593, #8228 ),
 ( #3581, #7541, #2320 ),
 ( #1463, #6219, #299 ),
 ( #7029, #5042, #7705 ),
 ( #1115, #1074, #6300 ),
 ( #6340, #5688, #514 ),
 ( #1796, #4963, #7749 ),
 ( #5084, #4482, #6986 ),
 ( #3186, #7660, #3746 ),
 ( #6380, #8310, #3835 ),
 ( #4308, #3140, #5821 ),
 ( #2407, #561, #1204 ),
 ( #5647, #1671, #6948 ),
 ( #8397, #1033, #7581 ),
 ( #8443, #422, #466 ),
 ( #2449, #1750, #3701 ),
 ( #3054, #5000, #5777 ),
 ( #2497, #8268, #3661 ),
 ( #6469, #3099, #2363 ),
 ( #4435, #7074, #5735 ),
 ( #377, #7117, #1162 ),
 ( #3010, #7621, #5128 ),
 ( #1710, #3792, #4348 ),
 ( #4391, #8352, #1839 ),
 ( #6427, #3924, #7838 ),
 ( #7925, #5943, #4520 ),
 ( #1881, #1367, #8525 ),
 ( #4048, #4608, #6594 ),
 ( #7965, #2055, #4692 ),
 ( #727, #645, #3964 ),
 ( #5255, #6554, #7157 ),
 ( #4006, #3355, #6685 ),
 ( #1408, #5860, #6512 ),
 ( #684, #5990, #3267 ),
 ( #768, #3311, #3395 ),
 ( #5901, #1967, #6639 ),
 ( #1286, #7242, #2622 ),
 ( #80, #1324, #7200 ),
 ( #1927, #7883, #35 ),
 ( #2009, #5299, #2538 ),
 ( #2665, #1247, #4652 ),
 ( #3228, #2711, #6031 ),
 ( #7323, #5337, #5171 ),
 ( #7283, #3879, #7795 ),
 ( #601, #8484, #2581 ),
 ( #5210, #4565, #5382 ),
 ( #7410, #2227, #854 ),
 ( #8137, #5425, #4870 ),
 ( #1454, #6161, #3479 ),
 ( #160, #2139, #2794 ),
 ( #8006, #4222, #808 ),
 ( #118, #7531, #4178 ),
 ( #4780, #2876, #5512 ),
 ( #8051, #8093, #6119 ),
 ( #1540, #2095, #1495 ),
 ( #1581, #4088, #245 ),
 ( #4825, #4134, #5471 ),
 ( #203, #7454, #6772 ),
 ( #2837, #6857, #4737 ),
 ( #2184, #6814, #4913 ),
 ( #6725, #2272, #900 ),
 ( #7491, #3436, #3526 ),
 ( #941, #3572, #6206 ),
 ( #6074, #290, #2916 ),
 ( #5557, #8181, #1622 ),
 ( #4261, #6900, #981 ),
 ( #3610, #2752, #7367 ),
 ( #6416, #7650, #6976 ),
 ( #3087, #5598, #4424 ),
 ( #1061, #3690, #1829 ),
 ( #8341, #6937, #2960 ),
 ( #4989, #2439, #6327 ),
 ( #5723, #2999, #5071 ),
 ( #7568, #3734, #411 ),
 ( #6289, #8257, #367 ),
 ( #3042, #5676, #7692 ),
 ( #7062, #2486, #7738 ),
 ( #8385, #8219, #1152 ),
 ( #5636, #8297, #2395 ),
 ( #1738, #2311, #2352 ),
 ( #1784, #1660, #6369 ),
 ( #5030, #7609, #4379 ),
 ( #7017, #1102, #1699 ),
 ( #453, #3780, #504 ),
 ( #3131, #4954, #5767 ),
 ( #5119, #4472, #7107 ),
 ( #1195, #6249, #330 ),
 ( #4298, #1021, #4337 ),
 ( #3648, #6546, #7829 ),
 ( #5290, #3301, #7274 ),
 ( #7232, #1238, #7876 ),
 ( #5162, #1960, #1359 ),
 ( #5892, #3826, #5853 ),
 ( #6587, #3997, #8516 ),
 ( #7785, #592, #5202 ),
 ( #7916, #5936, #677 ),
 ( #6631, #1872, #3220 ),
 ( #4557, #2001, #26 ),
 ( #6460, #718, #7193 ),
 ( #5247, #2614, #4513 ),
 ( #5330, #551, #5979 ),
 ( #7314, #3177, #2655 ),
 ( #73, #3956, #4643 ),
 ( #2045, #7148, #3345 ),
 ( #3260, #4599, #2703 ),
 ( #5809, #8432, #8477 ),
 ( #1916, #1317, #3872 ),
 ( #1279, #2573, #6505 ),
 ( #3911, #7955, #2527 ),
 ( #637, #4684, #1398 ),
 ( #5461, #7357, #6064 ),
 ( #6804, #2174, #5373 ),
 ( #931, #4169, #3426 ),
 ( #1445, #1571, #2867 ),
 ( #7443, #7998, #6107 ),
 ( #6761, #4079, #4771 ),
 ( #2785, #6715, #7400 ),
 ( #4815, #3387, #4211 ),
 ( #235, #1486, #1531 ),
 ( #3470, #8083, #4860 ),
 ( #6846, #3558, #193 ),
 ( #8039, #2827, #889 ),
 ( #5415, #759, #4726 ),
 ( #7479, #799, #3515 ),
 ( #6152, #5503, #2742 ),
 ( #6195, #2129, #8126 ),
 ( #152, #4122, #2216 ),
 ( #845, #280, #2905 ),
 ( #5545, #8170, #2261 ),
 ( #4903, #4037, #6674 ),
 ( #6023, #2086, #109 ),
 ( #358, #1774, #5587 ),
 ( #2990, #4289, #2343 ),
 ( #1053, #7559, #1650 ),
 ( #8246, #8210, #1142 ),
 ( #5021, #7642, #2300 ),
 ( #2477, #6319, #6280 ),
 ( #4941, #3033, #6930 ),
 ( #1690, #492, #444 ),
 ( #2429, #1009, #2385 ),
 ( #5668, #8288, #317 ),
 ( #5062, #5626, #3680 ),
 ( #3639, #4980, #1728 ),
 ( #4370, #7008, #3123 ),
 ( #4328, #3076, #2950 ),
 ( #7601, #400, #6967 ),
 ( #1093, #7053, #3725 ),
 ( #5757, #6359, #5714 ),
 ( #8333, #7684, #6406 ),
 ( #6890, #4416, #8377 ),
 ( #3768, #7521, #1611 ),
 ( #4250, #972, #3601 ),
 ( #6238, #3861, #1818 ),
 ( #5277, #4505, #1905 ),
 ( #1270, #6495, #7139 ),
 ( #7775, #5801, #5237 ),
 ( #7864, #542, #7730 ),
 ( #666, #3291, #6577 ),
 ( #4462, #1950, #1864 ),
 ( #8466, #2604, #7098 ),
 ( #2563, #3211, #6536 ),
 ( #5193, #1228, #1187 ),
 ( #583, #5842, #4588 ),
 ( #7818, #4547, #7182 ),
 ( #3902, #5925, #627 ),
 ( #2643, #3251, #5882 ),
 ( #8507, #7222, #16 ),
 ( #3816, #1308, #5110 ) ),
 .UNSPECIFIED., .T., .F., .F.,
 ( 4, 1, 1, 1, 1, 1, 1, 1, 1, 1, 1, 1, 1, 1, 1, 1, 1, 1, 1, 1, 1, 1, 1, 1, 1, 2, 1, 1, 1, 2, 1, 1, 1, 1, 1, 1, 1, 1, 1, 2, 1, 1, 1, 2, 1, 1, 1, 2, 1, 1, 1, 1, 1, 1, 1, 1, 1, 1, 1, 1, 1, 1, 1, 1, 1, 1, 1, 1, 1, 1, 1, 1, 1, 1, 1, 1, 1, 1, 1, 1, 1, 1, 1, 1, 1, 1, 1, 1, 1, 1, 1, 1, 1, 1, 1, 1, 1, 1, 1, 1, 1, 1, 1, 1, 1, 1, 1, 1, 1, 1, 1, 1, 1, 1, 1, 1, 2, 1, 1, 1, 1, 1, 2, 1, 1, 1, 2, 1, 1, 1, 2, 1, 1, 1, 2, 1, 1, 1, 2, 1, 1, 1, 1, 1, 1, 1, 1, 1, 1, 1, 1, 1, 1, 1, 1, 1, 1, 1, 1, 1, 1, 1, 4 ),
 ( 2, 1, 2 ),
 ( 0.000000000000000000, 0.0008237319807652783085, 0.001647463961530556617, 0.002471195942295835359, 0.003294927923061113234, 0.004118659903826392410, 0.004942391884591670718, 0.006589855846122226468, 0.008237319807652784820, 0.009884783769183341437, 0.01153224773071389805, 0.01317971169224445294, 0.01482717565377500955, 0.01647463961530556964, 0.01812210357683612799, 0.01976956753836668287, 0.02306449546142779611, 0.02635942338448890587, 0.02965435130755001911, 0.03294927923061113928, 0.03624420715367225598, 0.03953913507673336575, 0.04283406299979447551, 0.04612899092285559222, 0.04942391884591670892, 0.05271884676897781175, 0.06700456601260233735, 0.08129028525622686296, 0.09557600449985140245, 0.1098617237434759419, 0.1397041679073839360, 0.1695466120712919855, 0.1993890562351999796, 0.2292315003991080014, 0.2590739445630160231, 0.2739951666449700340, 0.2889163887269239339, 0.3038376108088780003, 0.3187588328908319557, 0.3486012770547399775, 0.3628866872906078567, 0.3771720975264756803, 0.3914575077623435040, 0.4057429179982113832, 0.4216366099394953659, 0.4375303018807794597, 0.4534239938220634425, 0.4693176857633474253, 0.4728868046100280220, 0.4764559234567085633, 0.4782404828800488339, 0.4800250423033891045, 0.4818096017267294306, 0.4835941611500697013, 0.4853787205734100274, 0.4871632799967502980, 0.4889478394200905131, 0.4898401191317606762, 0.4907323988434308393, 0.4916246785551010023, 0.4925169582667711099, 0.4934092379784412730, 0.4943015176901114360, 0.4947476575459464065, 0.4951937974017815991, 0.4956399372576165696, 0.4958630071855341104, 0.4960860771134517067, 0.4963091470413691919, 0.4964206820053279623, 0.4965322169692867882, 0.4965879844512661179, 0.4966158681922558382, 0.4966437519332455031, 0.4966576938037403632, 0.4966646647389877933, 0.4966716356742352234, 0.4966995194152249438, 0.4967552868972042734, 0.4968110543791837141, 0.4968668218611630993, 0.4969783568251218142, 0.4972014267530393550, 0.4974244966809570068, 0.4976475666088744365, 0.4977591015728332069, 0.4978706365367919773, 0.4979264040187713625, 0.4979821715007507477, 0.4980379389827301329, 0.4980658227237197977, 0.4980797645942146579, 0.4980867355294620880, 0.4980937064647095180, 0.4981494739466888477, 0.4982052414286682884, 0.4983167763926269478, 0.4985398463205445996, 0.4987629162484621403, 0.4989859861763796256, 0.4992090561042971664, 0.4996551959601322479, 0.5001013358159673849, 0.5005474756718023555, 0.5014397553834724075, 0.5023320350951427926, 0.5032243148068128447, 0.5050088742301531708, 0.5067934336534933859, 0.5085779930768337120, 0.5103625525001740382, 0.5121471119235142533, 0.5139316713468545794, 0.5157162307701946835, 0.5192853496168753358, 0.5228544684635558770, 0.5264235873102365293, 0.5357396301179888631, 0.5450556729257411970, 0.5543717157334937529, 0.5636877585412461977, 0.5823198441567511985, 0.6009519297722558662, 0.6277899237874338123, 0.6546279178026122025, 0.6814659118177903707, 0.7083039058329685389, 0.7351420421112005998, 0.7619801783894326608, 0.7888183146676646107, 0.8156564509458967827, 0.8342830680623517514, 0.8529096851788067202, 0.8715363022952615779, 0.8901629194117164356, 0.9044493821942760636, 0.9187358449768356916, 0.9330223077593952086, 0.9473087705419548366, 0.9538951742242103293, 0.9571883760653382422, 0.9604815779064660441, 0.9637747797475938460, 0.9670679815887217590, 0.9703611834298495609, 0.9736543852709773628, 0.9769475871121051647, 0.9802407889532329666, 0.9818873898737969785, 0.9835339907943608795, 0.9851805917149247804, 0.9868271926354886814, 0.9884737935560525823, 0.9901203944766164833, 0.9917669953971804953, 0.9934135963177443962, 0.9950601972383081861, 0.9958834976985901921, 0.9967067981588721981, 0.9975300986191542041, 0.9983533990794360991, 0.9991766995397179940, 1.000000000000000000 ),
 ( 0.000000000000000000, 1.000000000000000000, 1.010000000000000009 ),
 .UNSPECIFIED. ) ;
#3655 = ORIENTED_EDGE ( 'NONE', *, *, #6341, .T. ) ;
#3656 = CARTESIAN_POINT ( 'NONE',  ( 4.418758268558861779, 11.30275561126228112, 339.2543155888473621 ) ) ;
#3657 = CARTESIAN_POINT ( 'NONE',  ( 171.4333090185117499, -0.07467006253006959471, 480.0000000000001705 ) ) ;
#3658 = CARTESIAN_POINT ( 'NONE',  ( 30.28580510376931301, -3.935099470217963802, 484.8000000000000114 ) ) ;
#3659 = ORIENTED_EDGE ( 'NONE', *, *, #6524, .T. ) ;
#3660 = CARTESIAN_POINT ( 'NONE',  ( 98.96103918823074252, 10.52044202017594365, 479.0499999999996135 ) ) ;
#3661 = CARTESIAN_POINT ( 'NONE',  ( 2.395812873996661096, -2.720575491428132597, 484.8000000000001819 ) ) ;
#3662 = DIRECTION ( 'NONE',  ( 0.000000000000000000, 0.000000000000000000, 1.000000000000000000 ) ) ;
#3663 = CARTESIAN_POINT ( 'NONE',  ( -14.36799745840431797, 4.563683579292745485, 479.9996548666862850 ) ) ;
#3664 = CARTESIAN_POINT ( 'NONE',  ( -16.32485508737183366, 12.50000000000000178, 264.1695196931418650 ) ) ;
#3665 = CARTESIAN_POINT ( 'NONE',  ( 140.8048684498582190, -16.00000000000000000, 549.9999999999998863 ) ) ;
#3666 = CARTESIAN_POINT ( 'NONE',  ( -22.52180508193816166, 12.49999999999962697, 326.8602688282966824 ) ) ;
#3667 = ORIENTED_EDGE ( 'NONE', *, *, #2452, .T. ) ;
#3668 = CARTESIAN_POINT ( 'NONE',  ( -11.17276972862855899, 6.376785130063644225, 484.8000000000001819 ) ) ;
#3669 = CARTESIAN_POINT ( 'NONE',  ( 213.1043303887526577, 5.858380833453982639, 575.0000000000003411 ) ) ;
#3670 = ADVANCED_FACE ( 'NONE', ( #769 ), #6855, .T. ) ;
#3671 = LINE ( 'NONE', #4317, #7571 ) ;
#3672 = CARTESIAN_POINT ( 'NONE',  ( -19.05706064581278270, -19.33690581789969443, 264.9999999999998863 ) ) ;
#3673 = FACE_OUTER_BOUND ( 'NONE', #3412, .T. ) ;
#3674 = CARTESIAN_POINT ( 'NONE',  ( 137.4672068873615558, -0.9105344200795034704, 434.0000000000000568 ) ) ;
#3675 = CYLINDRICAL_SURFACE ( 'NONE', #7230, 1.400000000000012346 ) ;
#3676 = CARTESIAN_POINT ( 'NONE',  ( -15.50082660246213706, 12.50000000000000355, 260.9214810442952057 ) ) ;
#3677 = ORIENTED_EDGE ( 'NONE', *, *, #2919, .T. ) ;
#3678 = ORIENTED_EDGE ( 'NONE', *, *, #7187, .T. ) ;
#3679 = CARTESIAN_POINT ( 'NONE',  ( 178.0434221085643287, -0.2717739396067734292, 179.9999999999998295 ) ) ;
#3680 = CARTESIAN_POINT ( 'NONE',  ( 3.818597042041810941, 10.57121810395871719, 484.7999999999999545 ) ) ;
#3681 = CARTESIAN_POINT ( 'NONE',  ( -29.07956187772279577, 17.63515867965786654, 264.9999999999998863 ) ) ;
#3682 = CARTESIAN_POINT ( 'NONE',  ( -24.66069959036910220, -16.88657978932784687, 324.9999999999999432 ) ) ;
#3683 = VECTOR ( 'NONE', #6344, 1000.000000000000000 ) ;
#3684 = PLANE ( 'NONE',  #311 ) ;
#3685 = VERTEX_POINT ( 'NONE', #4179 ) ;
#3686 = CARTESIAN_POINT ( 'NONE',  ( 176.9918862282382293, 0.1300047453126323416, 0.000000000000000000 ) ) ;
#3687 = CARTESIAN_POINT ( 'NONE',  ( 179.3263229515422381, -0.3230349388478090944, 0.000000000000000000 ) ) ;
#3688 = ADVANCED_FACE ( 'NONE', ( #6815 ), #901, .T. ) ;
#3689 = DIRECTION ( 'NONE',  ( -2.312964634635740689E-15, 0.000000000000000000, 1.000000000000000000 ) ) ;
#3690 = CARTESIAN_POINT ( 'NONE',  ( 179.6442888920310565, -0.3898083613654984014, 479.9999999999991473 ) ) ;
#3691 = CARTESIAN_POINT ( 'NONE',  ( -32.21148694061727014, 12.50000000000000533, 319.9999999999999432 ) ) ;
#3692 = CARTESIAN_POINT ( 'NONE',  ( 32.57053312572314496, -4.062378300820885357, 320.7238502307168346 ) ) ;
#3693 = CARTESIAN_POINT ( 'NONE',  ( -3.398381142286170054, 8.826922893034318207, 345.0260966803862743 ) ) ;
#3694 = VERTEX_POINT ( 'NONE', #2229 ) ;
#3695 = DIRECTION ( 'NONE',  ( -0.000000000000000000, 1.000000000000000000, -0.000000000000000000 ) ) ;
#3696 = VECTOR ( 'NONE', #943, 1000.000000000000000 ) ;
#3697 = CARTESIAN_POINT ( 'NONE',  ( 162.5380566247195588, -0.05840627960562631144, 484.7999999999996135 ) ) ;
#3698 = CARTESIAN_POINT ( 'NONE',  ( 83.41125060206313435, -3.799612411080438346, 0.000000000000000000 ) ) ;
#3699 = ORIENTED_EDGE ( 'NONE', *, *, #2158, .F. ) ;
#3700 = CARTESIAN_POINT ( 'NONE',  ( 106.5526849065020798, 25.00000000000000000, 574.9999999999998863 ) ) ;
#3701 = CARTESIAN_POINT ( 'NONE',  ( -0.2073977378859176712, -2.478977691929240113, 484.7999999999998977 ) ) ;
#3702 = CARTESIAN_POINT ( 'NONE',  ( -35.89601723385250409, 1.149283908704218371, 265.0000000000000568 ) ) ;
#3703 = DIRECTION ( 'NONE',  ( 0.000000000000000000, 0.000000000000000000, -1.000000000000000000 ) ) ;
#3704 = CARTESIAN_POINT ( 'NONE',  ( -15.87006644795936694, 1.890996277842477369, 245.0352344257715629 ) ) ;
#3705 = LINE ( 'NONE', #3585, #3370 ) ;
#3706 = APPLICATION_PROTOCOL_DEFINITION ( 'draft international standard', 'automotive_design', 1998, #1884 ) ;
#3707 = DIRECTION ( 'NONE',  ( -0.000000000000000000, 1.000000000000000000, -0.000000000000000000 ) ) ;
#3708 = CARTESIAN_POINT ( 'NONE',  ( -21.89629713240318054, 9.364630365499648335, 328.3614553140085377 ) ) ;
#3709 = ORIENTED_EDGE ( 'NONE', *, *, #8294, .T. ) ;
#3710 = AXIS2_PLACEMENT_3D ( 'NONE', #8012, #5431, #6729 ) ;
#3711 = CARTESIAN_POINT ( 'NONE',  ( -8.129656950725099307, 7.589736333483711128, 480.0000000000003979 ) ) ;
#3712 = CARTESIAN_POINT ( 'NONE',  ( 178.3894365434340443, -0.2770063998277794703, 479.0500000000002956 ) ) ;
#3713 = DIRECTION ( 'NONE',  ( 1.000000000000000000, 0.000000000000000000, -0.000000000000000000 ) ) ;
#3714 = CIRCLE ( 'NONE', #3867, 4.000000000000003553 ) ;
#3715 = CARTESIAN_POINT ( 'NONE',  ( -13.23674325880416625, -0.1801074562960992831, 265.0000000000088676 ) ) ;
#3716 = EDGE_CURVE ( 'NONE', #1418, #3019, #3739, .T. ) ;
#3717 = CARTESIAN_POINT ( 'NONE',  ( 0.7397762345840001030, 12.23023529101655527, 335.3958498451532364 ) ) ;
#3718 = CARTESIAN_POINT ( 'NONE',  ( 7.554615172892046537, -3.381198326143885158, 244.3907840209594724 ) ) ;
#3719 = B_SPLINE_CURVE_WITH_KNOTS ( 'NONE', 3,
 ( #8049, #4132, #6159, #766, #6072, #6770, #2792, #4220, #1579, #288, #806, #6029, #1452, #5422, #2136, #242, #4176, #7452, #3393, #7487, #4778, #4823, #2913, #7407, #1493, #5555 ),
 .UNSPECIFIED., .F., .F.,
 ( 4, 2, 2, 2, 2, 2, 2, 2, 2, 2, 2, 2, 4 ),
 ( 4.252140316836403943E-15, 0.004810901573775459676, 0.007216352360661067514, 0.009621803147546674484, 0.01202725393443228319, 0.01443270472131789189, 0.01683815550820350060, 0.01924360629508910930, 0.02164905708197471454, 0.02405450786886032324, 0.02886540944263159963, 0.03367631101640287949, 0.03848721259017415242 ),
 .UNSPECIFIED. ) ;
#3720 = CARTESIAN_POINT ( 'NONE',  ( -7.428760651886004318, 12.50000000000000178, 260.0346192277659725 ) ) ;
#3721 = ORIENTED_EDGE ( 'NONE', *, *, #7836, .T. ) ;
#3722 = VECTOR ( 'NONE', #8092, 1000.000000000000000 ) ;
#3723 = VERTEX_POINT ( 'NONE', #332 ) ;
#3724 = CYLINDRICAL_SURFACE ( 'NONE', #3172, 2.000000000000001776 ) ;
#3725 = CARTESIAN_POINT ( 'NONE',  ( -4.398880375389967234, 8.746333672049560803, 484.7999999999996135 ) ) ;
#3726 = CARTESIAN_POINT ( 'NONE',  ( -13.80075951127417966, 4.493557429903895617, 264.9999999999998863 ) ) ;
#3727 = CARTESIAN_POINT ( 'NONE',  ( -13.37956379915155125, -0.1122204906082160530, 324.9999999999998295 ) ) ;
#3728 = CARTESIAN_POINT ( 'NONE',  ( 160.0775387007903987, 3.120825373192201546, 480.0003486560343049 ) ) ;
#3729 = EDGE_CURVE ( 'NONE', #827, #6323, #3735, .T. ) ;
#3730 = ORIENTED_EDGE ( 'NONE', *, *, #2011, .T. ) ;
#3731 = CARTESIAN_POINT ( 'NONE',  ( 8.837968257122474469, 10.84739258051824073, 0.000000000000000000 ) ) ;
#3732 = CARTESIAN_POINT ( 'NONE',  ( 179.0143533623989072, -0.2708056270297092283, 479.9999999999998863 ) ) ;
#3733 = CARTESIAN_POINT ( 'NONE',  ( 9.929505485480440541, -4.818688981191355580, 322.9999999999999432 ) ) ;
#3734 = CARTESIAN_POINT ( 'NONE',  ( 179.6749685898023472, -0.3861761184702209304, 479.9999999999992610 ) ) ;
#3735 = LINE ( 'NONE', #7018, #3999 ) ;
#3736 = CARTESIAN_POINT ( 'NONE',  ( -13.14953859055950325, 4.899062733818516868, 245.0341129854200517 ) ) ;
#3737 = CARTESIAN_POINT ( 'NONE',  ( -6.259392609302795840, 8.010069813479594458, 345.0275699899694928 ) ) ;
#3738 = ORIENTED_EDGE ( 'NONE', *, *, #4861, .T. ) ;
#3739 = B_SPLINE_CURVE_WITH_KNOTS ( 'NONE', 3,
 ( #119, #7492, #6858, #2795, #2917, #942, #6208, #1624, #291, #5558, #8183, #2273, #4914, #8053, #7532, #982, #2753, #8007, #2096, #4739, #7368, #1455, #6726, #809, #2140, #7063 ),
 .UNSPECIFIED., .F., .F.,
 ( 4, 2, 2, 2, 2, 2, 2, 2, 2, 2, 2, 2, 4 ),
 ( 1.951563910473907981E-18, 0.004912327112886238738, 0.009824654225772475741, 0.01473698133865871014, 0.01719314489510182647, 0.01964930845154493760, 0.02210547200798804179, 0.02456163556443114945, 0.02701779912087425364, 0.02947396267731736130, 0.03193012623376045855, 0.03438628979020356968, 0.03929861690308979194 ),
 .UNSPECIFIED. ) ;
#3740 = CARTESIAN_POINT ( 'NONE',  ( -0.1510794844079475507, 9.656253131464200834, 479.0500000000000682 ) ) ;
#3741 = CARTESIAN_POINT ( 'NONE',  ( 176.7782354249829666, -0.2271335767956293161, 0.000000000000000000 ) ) ;
#3742 = CARTESIAN_POINT ( 'NONE',  ( 97.35367145927115473, -3.084489664672571241, 479.9999999999998295 ) ) ;
#3743 = EDGE_LOOP ( 'NONE', ( #12, #7269, #7094, #3055 ) ) ;
#3744 = AXIS2_PLACEMENT_3D ( 'NONE', #5468, #2182, #5510 ) ;
#3745 = CARTESIAN_POINT ( 'NONE',  ( 77.69577474832911435, 12.33591373098371058, 479.9999999999998863 ) ) ;
#3746 = CARTESIAN_POINT ( 'NONE',  ( -9.050106222369976194, -1.232911155810593407, 484.8000000000000114 ) ) ;
#3747 = CARTESIAN_POINT ( 'NONE',  ( 17.33881699713977653, -3.678877918054627827, 344.9867466024439864 ) ) ;
#3748 = ADVANCED_FACE ( 'NONE', ( #6370 ), #3781, .T. ) ;
#3749 = CARTESIAN_POINT ( 'NONE',  ( -0.7952437352026059392, -12.22505487372897015, 263.2492279665382853 ) ) ;
#3750 = DIRECTION ( 'NONE',  ( -0.000000000000000000, -0.000000000000000000, 1.000000000000000000 ) ) ;
#3751 = FACE_OUTER_BOUND ( 'NONE', #1726, .T. ) ;
#3752 = CARTESIAN_POINT ( 'NONE',  ( 68.50000000000001421, 3.000000000000000000, 338.9999999999999432 ) ) ;
#3753 = LINE ( 'NONE', #3149, #4046 ) ;
#3754 = CARTESIAN_POINT ( 'NONE',  ( -21.73410055494389681, 12.50000000000037303, 327.1032646698209874 ) ) ;
#3755 = VERTEX_POINT ( 'NONE', #5072 ) ;
#3756 = CARTESIAN_POINT ( 'NONE',  ( 5.126131857836603523, 10.23095606731147633, -0.000000000000000000 ) ) ;
#3757 = CARTESIAN_POINT ( 'NONE',  ( 213.0602952126870946, 5.918802070554714412, 575.0000000000001137 ) ) ;
#3758 = CARTESIAN_POINT ( 'NONE',  ( -28.44278594026515705, -12.50000000000127898, 265.1234994157220513 ) ) ;
#3759 = CARTESIAN_POINT ( 'NONE',  ( -12.39761271104001850, -0.4686765331330086659, 265.0000000000088107 ) ) ;
#3760 = FACE_BOUND ( 'NONE', #1173, .T. ) ;
#3761 = CARTESIAN_POINT ( 'NONE',  ( -0.8831871637797842345, 12.50000000000000178, 324.9999999999998863 ) ) ;
#3762 = CYLINDRICAL_SURFACE ( 'NONE', #6955, 2.000000000000001776 ) ;
#3763 = CARTESIAN_POINT ( 'NONE',  ( -13.05140337109131821, 12.49999999999926281, 260.0558129429348924 ) ) ;
#3764 = ORIENTED_EDGE ( 'NONE', *, *, #6605, .F. ) ;
#3765 = ORIENTED_EDGE ( 'NONE', *, *, #243, .T. ) ;
#3766 = CARTESIAN_POINT ( 'NONE',  ( -28.55007716567047993, -12.49999999999871214, 324.8716905389377416 ) ) ;
#3767 = DIRECTION ( 'NONE',  ( 1.000000000000000000, 0.000000000000000000, -0.000000000000000000 ) ) ;
#3768 = CARTESIAN_POINT ( 'NONE',  ( -8.027979560528429204, 6.889172825458908633, 0.000000000000000000 ) ) ;
#3769 = ADVANCED_FACE ( 'NONE', ( #368 ), #3043, .F. ) ;
#3770 = VECTOR ( 'NONE', #7183, 1000.000000000000000 ) ;
#3771 = CARTESIAN_POINT ( 'NONE',  ( -31.01656716211570242, 15.46510299813147249, 264.9999999999998863 ) ) ;
#3772 = CARTESIAN_POINT ( 'NONE',  ( -26.56947622100243933, -15.68592640343625177, 324.9999999999998295 ) ) ;
#3773 = CIRCLE ( 'NONE', #56, 1.000000000000000888 ) ;
#3774 = CARTESIAN_POINT ( 'NONE',  ( -59.00000000000000000, -12.49999999999999822, 319.9999999999998863 ) ) ;
#3775 = ORIENTED_EDGE ( 'NONE', *, *, #2059, .T. ) ;
#3776 = CARTESIAN_POINT ( 'NONE',  ( 57.55333226560097870, 13.27543098466125038, 484.7999999999999545 ) ) ;
#3777 = CARTESIAN_POINT ( 'NONE',  ( 176.4217821969417912, 0.2562296049605907733, 484.7999999999995566 ) ) ;
#3778 = AXIS2_PLACEMENT_3D ( 'NONE', #2379, #6962, #2294 ) ;
#3779 = CARTESIAN_POINT ( 'NONE',  ( 137.4672068873616126, 6.338078910570530411, 388.7645476979236037 ) ) ;
#3780 = CARTESIAN_POINT ( 'NONE',  ( 179.2471954550240696, -0.3092232991469078818, 479.9999999999998863 ) ) ;
#3781 = PLANE ( 'NONE',  #1372 ) ;
#3782 = EDGE_CURVE ( 'NONE', #2275, #1483, #5678, .T. ) ;
#3783 = CARTESIAN_POINT ( 'NONE',  ( -6.104897716604149593, 7.920264440670156780, 245.0275531687449302 ) ) ;
#3784 = CARTESIAN_POINT ( 'NONE',  ( -9.944449063845864245, 6.646057229808961075, 324.9999999999998295 ) ) ;
#3785 = ORIENTED_EDGE ( 'NONE', *, *, #5838, .F. ) ;
#3786 = AXIS2_PLACEMENT_3D ( 'NONE', #3626, #3060, #1637 ) ;
#3787 = CARTESIAN_POINT ( 'NONE',  ( -2.986807133991108199, 9.122483009153155464, 480.0000000000001137 ) ) ;
#3788 = CARTESIAN_POINT ( 'NONE',  ( 179.4668161859534337, -0.3451850858780273201, 484.8000000000001251 ) ) ;
#3789 = CARTESIAN_POINT ( 'NONE',  ( 116.7651309652681135, -2.175119729426225668, -0.000000000000000000 ) ) ;
#3790 = VERTEX_POINT ( 'NONE', #5725 ) ;
#3791 = CARTESIAN_POINT ( 'NONE',  ( 99.19480361507993393, 10.66380398037222221, 479.9999999999996021 ) ) ;
#3792 = CARTESIAN_POINT ( 'NONE',  ( 20.67672414410298387, -3.712980603975950089, 479.9999999999996589 ) ) ;
#3793 = VERTEX_POINT ( 'NONE', #1103 ) ;
#3794 = CARTESIAN_POINT ( 'NONE',  ( 17.33557362667216140, -3.683585056486132547, 337.7059879542950398 ) ) ;
#3795 = VECTOR ( 'NONE', #7461, 1000.000000000000000 ) ;
#3796 = DIRECTION ( 'NONE',  ( 0.8944271909999119696, 0.4472135954999654772, 0.000000000000000000 ) ) ;
#3797 = CARTESIAN_POINT ( 'NONE',  ( 45.00000000000000711, -7.000000000000000000, 318.9999999999999432 ) ) ;
#3798 = CARTESIAN_POINT ( 'NONE',  ( -23.44711526705412652, -8.893090869830544420, 263.6331726830952675 ) ) ;
#3799 = CARTESIAN_POINT ( 'NONE',  ( 1.095942733761275267, -2.608032609763812015, 480.0000000000003411 ) ) ;
#3800 = FACE_OUTER_BOUND ( 'NONE', #6541, .T. ) ;
#3801 = CARTESIAN_POINT ( 'NONE',  ( -16.25767363579464941, 10.46380815581035861, 330.5180001843884270 ) ) ;
#3802 = VERTEX_POINT ( 'NONE', #8342 ) ;
#3803 = CARTESIAN_POINT ( 'NONE',  ( -5.655393673449065517, 8.389668213939458496, 484.7999999999996135 ) ) ;
#3804 = CARTESIAN_POINT ( 'NONE',  ( 178.4151070002120889, -0.2818011450697495701, 479.0500000000004093 ) ) ;
#3805 = LINE ( 'NONE', #5871, #7165 ) ;
#3806 = CARTESIAN_POINT ( 'NONE',  ( -10.00341079013599987, -1.132828321429555585, 264.9999999999463967 ) ) ;
#3807 = DIRECTION ( 'NONE',  ( 0.000000000000000000, 0.000000000000000000, 1.000000000000000000 ) ) ;
#3808 = DIRECTION ( 'NONE',  ( 0.000000000000000000, 0.000000000000000000, -1.000000000000000000 ) ) ;
#3809 = CARTESIAN_POINT ( 'NONE',  ( 13.99999999999998224, 7.225416114969380052E-15, 519.9999999999998863 ) ) ;
#3810 = CARTESIAN_POINT ( 'NONE',  ( 0.000000000000000000, 3.000000000000000000, 0.000000000000000000 ) ) ;
#3811 = ORIENTED_EDGE ( 'NONE', *, *, #1794, .F. ) ;
#3812 = ORIENTED_EDGE ( 'NONE', *, *, #6100, .T. ) ;
#3813 = CARTESIAN_POINT ( 'NONE',  ( -24.50628157382314853, -8.737307433632366838, 326.1599072612078203 ) ) ;
#3814 = B_SPLINE_CURVE_WITH_KNOTS ( 'NONE', 3,
 ( #6555, #8444, #4485, #5043 ),
 .UNSPECIFIED., .F., .F.,
 ( 4, 4 ),
 ( 0.0001891309983496371183, 0.01032855426760359921 ),
 .UNSPECIFIED. ) ;
#3815 = CARTESIAN_POINT ( 'NONE',  ( 179.4651422802332092, -0.3522446652935783962, 180.0000000000001137 ) ) ;
#3816 = CARTESIAN_POINT ( 'NONE',  ( -15.43967670859687935, 1.947078709640329697, 0.000000000000000000 ) ) ;
#3817 = CARTESIAN_POINT ( 'NONE',  ( -31.11716058844415755, 15.33831673528447048, 265.0000000000000000 ) ) ;
#3818 = EDGE_CURVE ( 'NONE', #3790, #8428, #3088, .T. ) ;
#3819 = CARTESIAN_POINT ( 'NONE',  ( -18.41906040739073802, -19.51893239535448998, 324.9999999999999432 ) ) ;
#3820 = CARTESIAN_POINT ( 'NONE',  ( 18.83026945328309409, 12.45516256394129684, 479.9992540099882490 ) ) ;
#3821 = VERTEX_POINT ( 'NONE', #2440 ) ;
#3822 = CARTESIAN_POINT ( 'NONE',  ( 1.109574817118943457, 10.04410538617507065, 484.8000000000000114 ) ) ;
#3823 = EDGE_CURVE ( 'NONE', #4879, #786, #4686, .T. ) ;
#3824 = CARTESIAN_POINT ( 'NONE',  ( 171.4588886263078678, 1.212484262018443282, 0.000000000000000000 ) ) ;
#3825 = CARTESIAN_POINT ( 'NONE',  ( 63.80486844985845352, 18.00000000000000355, 575.0000000000000000 ) ) ;
#3826 = CARTESIAN_POINT ( 'NONE',  ( 179.0943811129157837, -0.2840876077647877529, 480.0000000000002274 ) ) ;
#3827 = CARTESIAN_POINT ( 'NONE',  ( 7.746223045531460905, 10.94140421320100742, 245.0221759211246990 ) ) ;
#3828 = CARTESIAN_POINT ( 'NONE',  ( -8.799041841110467388, 7.133044763231155549, 345.0293401462081988 ) ) ;
#3829 = ORIENTED_EDGE ( 'NONE', *, *, #696, .T. ) ;
#3830 = CARTESIAN_POINT ( 'NONE',  ( -14.09916684330421255, 4.752868584454892797, 480.0000000000001705 ) ) ;
#3831 = CARTESIAN_POINT ( 'NONE',  ( 179.6762016446621715, -0.3893272237205632202, 480.0000000000006821 ) ) ;
#3832 = EDGE_CURVE ( 'NONE', #487, #3579, #1661, .T. ) ;
#3833 = ORIENTED_EDGE ( 'NONE', *, *, #882, .T. ) ;
#3834 = DIRECTION ( 'NONE',  ( -0.000000000000000000, 0.000000000000000000, 1.000000000000000000 ) ) ;
#3835 = CARTESIAN_POINT ( 'NONE',  ( -7.979676073740515463, -1.435648214093898867, 484.7999999999993292 ) ) ;
#3836 = ORIENTED_EDGE ( 'NONE', *, *, #3987, .F. ) ;
#3837 = DIRECTION ( 'NONE',  ( -0.000000000000000000, -0.000000000000000000, 1.000000000000000000 ) ) ;
#3838 = AXIS2_PLACEMENT_3D ( 'NONE', #372, #336, #6981 ) ;
#3839 = CARTESIAN_POINT ( 'NONE',  ( 30.29042484551414915, -24.99999999999998224, 575.0000000000000000 ) ) ;
#3840 = DIRECTION ( 'NONE',  ( -0.000000000000000000, 1.000000000000000000, -0.000000000000000000 ) ) ;
#3841 = CARTESIAN_POINT ( 'NONE',  ( -22.54253164180308389, 12.50000000000000178, 267.1742702864539751 ) ) ;
#3842 = EDGE_CURVE ( 'NONE', #2474, #6701, #6875, .T. ) ;
#3843 = EDGE_CURVE ( 'NONE', #5718, #1996, #4917, .T. ) ;
#3844 = CARTESIAN_POINT ( 'NONE',  ( -9.047405106638299443, -1.235915632631911398, 480.0000000000000000 ) ) ;
#3845 = CARTESIAN_POINT ( 'NONE',  ( -2.468236927336132425, -12.49999999999999822, 265.0632286554457551 ) ) ;
#3846 = CARTESIAN_POINT ( 'NONE',  ( 0.2693842152364908649, 11.87438563740885122, 336.0134698606381107 ) ) ;
#3847 = ORIENTED_EDGE ( 'NONE', *, *, #5063, .F. ) ;
#3848 = CARTESIAN_POINT ( 'NONE',  ( -6.802074652554455980, 7.324745366922071454, 0.000000000000000000 ) ) ;
#3849 = CARTESIAN_POINT ( 'NONE',  ( 178.4022643775633981, -0.2794042596731469708, 479.0500000000001819 ) ) ;
#3850 = CARTESIAN_POINT ( 'NONE',  ( 143.2160242290869121, -0.3773560799360956564, 479.0499999999999545 ) ) ;
#3851 = CARTESIAN_POINT ( 'NONE',  ( -11.69907203580412514, -0.6846624259887502673, 264.9999999999998863 ) ) ;
#3852 = VECTOR ( 'NONE', #5201, 1000.000000000000000 ) ;
#3853 = CARTESIAN_POINT ( 'NONE',  ( 199.5239172629517839, -2.195170412469519938, 549.9999999999998863 ) ) ;
#3854 = FACE_OUTER_BOUND ( 'NONE', #4412, .T. ) ;
#3855 = CARTESIAN_POINT ( 'NONE',  ( 1.337116596021887149, -10.74309105054145519, 266.9745210048949389 ) ) ;
#3856 = CARTESIAN_POINT ( 'NONE',  ( -5.745613545234976804, 12.49999999999853806, 257.4744515550510187 ) ) ;
#3857 = ORIENTED_EDGE ( 'NONE', *, *, #851, .F. ) ;
#3858 = EDGE_LOOP ( 'NONE', ( #1664, #7804, #2609, #886 ) ) ;
#3859 = CARTESIAN_POINT ( 'NONE',  ( -17.82716317552329599, -12.50000000000000000, 322.7895042158945103 ) ) ;
#3860 = CARTESIAN_POINT ( 'NONE',  ( 179.4671206530604479, -0.3519136554404010409, 180.0000000000001137 ) ) ;
#3861 = CARTESIAN_POINT ( 'NONE',  ( -11.15953075203189293, 6.374583833916525499, 480.0000000000001705 ) ) ;
#3862 = CARTESIAN_POINT ( 'NONE',  ( 63.80486844985845352, -16.00000000000000000, 549.9999999999998863 ) ) ;
#3863 = CARTESIAN_POINT ( 'NONE',  ( -28.14204128457822662, 18.53205784195739270, 264.9999999999999432 ) ) ;
#3864 = CARTESIAN_POINT ( 'NONE',  ( -14.07513069131696071, -20.68093249206937045, 324.9999999999998863 ) ) ;
#3865 = CARTESIAN_POINT ( 'NONE',  ( 17.21525141663144964, 12.31123843905681348, 480.0016494212334237 ) ) ;
#3866 = ADVANCED_FACE ( 'NONE', ( #3552 ), #1874, .T. ) ;
#3867 = AXIS2_PLACEMENT_3D ( 'NONE', #3219, #5852, #7828 ) ;
#3868 = VERTEX_POINT ( 'NONE', #8284 ) ;
#3869 = CARTESIAN_POINT ( 'NONE',  ( 26.91971022712242956, 13.02220672126544088, 484.8000000000000114 ) ) ;
#3870 = CARTESIAN_POINT ( 'NONE',  ( 164.4334778982721161, 2.431283892673586688, 479.9999999999992610 ) ) ;
#3871 = DIRECTION ( 'NONE',  ( -1.000000000000000000, 0.000000000000000000, 0.000000000000000000 ) ) ;
#3872 = CARTESIAN_POINT ( 'NONE',  ( 175.7282835823621951, 0.3988023927064961449, 484.8000000000002956 ) ) ;
#3873 = CARTESIAN_POINT ( 'NONE',  ( 17.41727864792425251, -3.386905203725167013, 479.0499999999999545 ) ) ;
#3874 = CARTESIAN_POINT ( 'NONE',  ( -15.96800790161598371, 2.307730153024554642, 324.9999999999996021 ) ) ;
#3875 = CARTESIAN_POINT ( 'NONE',  ( -44.82101495370693556, 2.481629537944627817, 575.0000000000019327 ) ) ;
#3876 = CARTESIAN_POINT ( 'NONE',  ( 179.0213315115409785, -0.3406081189126065611, 0.000000000000000000 ) ) ;
#3877 = CARTESIAN_POINT ( 'NONE',  ( 169.7324063524727364, -0.08240377531906616093, 0.000000000000000000 ) ) ;
#3878 = CARTESIAN_POINT ( 'NONE',  ( 172.0847459735936980, 1.111666937420790369, 433.9999999999998863 ) ) ;
#3879 = CARTESIAN_POINT ( 'NONE',  ( 162.5331777555616952, -0.05888392313410431567, 479.9999999999996589 ) ) ;
#3880 = ORIENTED_EDGE ( 'NONE', *, *, #1932, .T. ) ;
#3881 = CARTESIAN_POINT ( 'NONE',  ( 62.49999999999999289, -7.000000000000000000, 311.4999999999998863 ) ) ;
#3882 = CARTESIAN_POINT ( 'NONE',  ( 45.00000000000000711, -4.157462878890926916, 303.9999999999998863 ) ) ;
#3883 = CARTESIAN_POINT ( 'NONE',  ( -49.99999999999999289, -6.999999999999986677, 296.3999999999999773 ) ) ;
#3884 = CARTESIAN_POINT ( 'NONE',  ( 62.49999999999999289, -7.000000000000000000, 303.9999999999998863 ) ) ;
#3885 = CARTESIAN_POINT ( 'NONE',  ( -1.507465901254644303, -2.342117027563401344, 484.7999999999994998 ) ) ;
#3886 = CARTESIAN_POINT ( 'NONE',  ( 9.396656818588013493, 11.27708790198187572, 345.0216865694320063 ) ) ;
#3887 = LINE ( 'NONE', #7891, #3560 ) ;
#3888 = VERTEX_POINT ( 'NONE', #2425 ) ;
#3889 = CARTESIAN_POINT ( 'NONE',  ( -15.94654598711147209, 3.044971948289679098, 484.8000000000002956 ) ) ;
#3890 = CARTESIAN_POINT ( 'NONE',  ( 178.3702228041367164, -0.2734080898533219339, 479.0499999999985903 ) ) ;
#3891 = CARTESIAN_POINT ( 'NONE',  ( 142.9506172198732656, -0.6498718873561356579, 480.0000000000000000 ) ) ;
#3892 = EDGE_CURVE ( 'NONE', #1440, #4628, #8242, .T. ) ;
#3893 = LINE ( 'NONE', #7254, #4165 ) ;
#3894 = LINE ( 'NONE', #7255, #3634 ) ;
#3895 = FACE_BOUND ( 'NONE', #1946, .T. ) ;
#3896 = CARTESIAN_POINT ( 'NONE',  ( 68.50000000000001421, 3.000000000000000000, 338.9999999999999432 ) ) ;
#3897 = CARTESIAN_POINT ( 'NONE',  ( 18.78868161036944073, -3.657183817329943132, 480.0003470125398621 ) ) ;
#3898 = VERTEX_POINT ( 'NONE', #4456 ) ;
#3899 = VERTEX_POINT ( 'NONE', #3160 ) ;
#3900 = CARTESIAN_POINT ( 'NONE',  ( -10.37424693091941741, -12.49999999999934452, 326.8246776675886167 ) ) ;
#3901 = CARTESIAN_POINT ( 'NONE',  ( 179.3173979779720639, -0.3635942669404977901, 179.9999999999996021 ) ) ;
#3902 = CARTESIAN_POINT ( 'NONE',  ( -15.14749774401184013, 2.525972188846042688, 0.000000000000000000 ) ) ;
#3903 = FACE_OUTER_BOUND ( 'NONE', #7178, .T. ) ;
#3904 = CARTESIAN_POINT ( 'NONE',  ( -15.79953653056224816, 2.414555490986117992, 265.0000000000000000 ) ) ;
#3905 = CARTESIAN_POINT ( 'NONE',  ( 8.252807907660388409, -3.254534514924428468, 325.0000000000356977 ) ) ;
#3906 = CARTESIAN_POINT ( 'NONE',  ( 9.975915172306713430, 11.30414022733652679, 300.8090001381339675 ) ) ;
#3907 = ORIENTED_EDGE ( 'NONE', *, *, #494, .T. ) ;
#3908 = CARTESIAN_POINT ( 'NONE',  ( 20.05138076352200471, 12.11477920958154186, 0.000000000000000000 ) ) ;
#3909 = CARTESIAN_POINT ( 'NONE',  ( 174.3397174026890752, 0.6761700391534056775, 484.8000000000000682 ) ) ;
#3910 = CARTESIAN_POINT ( 'NONE',  ( -20.76969258160075427, -12.50000000000000000, 322.0996791096159768 ) ) ;
#3911 = CARTESIAN_POINT ( 'NONE',  ( 174.9198242209895113, 0.5500803702987722144, 0.000000000000000000 ) ) ;
#3912 = ADVANCED_FACE ( 'NONE', ( #6963 ), #3028, .F. ) ;
#3913 = EDGE_CURVE ( 'NONE', #5712, #2978, #5222, .T. ) ;
#3914 = AXIS2_PLACEMENT_3D ( 'NONE', #5048, #928, #2213 ) ;
#3915 = CARTESIAN_POINT ( 'NONE',  ( 40.92950548548046896, -4.040475199406840190, 479.9994308403718719 ) ) ;
#3916 = CARTESIAN_POINT ( 'NONE',  ( -29.74439764815653220, 17.22469185019171078, 324.9999999999998863 ) ) ;
#3917 = ADVANCED_FACE ( 'NONE', ( #7048 ), #7093, .F. ) ;
#3918 = CARTESIAN_POINT ( 'NONE',  ( -16.09052019372298759, 2.101322293582901235, 479.0499999999998977 ) ) ;
#3919 = CARTESIAN_POINT ( 'NONE',  ( 179.5888943984839159, -0.3671705827371291586, 479.9999999999997726 ) ) ;
#3920 = COLOUR_RGB ( '',0.7921568627450980005, 0.8196078431372548767, 0.9333333333333333481 ) ;
#3921 = CARTESIAN_POINT ( 'NONE',  ( 170.2587149188199760, -0.06241267988908474201, 484.8000000000002956 ) ) ;
#3922 = ADVANCED_FACE ( 'NONE', ( #486 ), #5752, .T. ) ;
#3923 = CARTESIAN_POINT ( 'NONE',  ( 164.4927134261449453, 2.418366419040834714, 433.9999999999993747 ) ) ;
#3924 = CARTESIAN_POINT ( 'NONE',  ( 30.28671187949859345, -3.938157837356208280, 480.0000000000000000 ) ) ;
#3925 = CARTESIAN_POINT ( 'NONE',  ( 200.6294900719518921, -0.4063160304696958325, 549.9999999999998863 ) ) ;
#3926 = CIRCLE ( 'NONE', #5575, 1.000000000000000888 ) ;
#3927 = CARTESIAN_POINT ( 'NONE',  ( -8.404606758109490983, -1.376779811060288461, 480.0001633104795928 ) ) ;
#3928 = CARTESIAN_POINT ( 'NONE',  ( 1.013161796228571943, 12.13662855835858778, 335.7409167788818536 ) ) ;
#3929 = CARTESIAN_POINT ( 'NONE',  ( 40.92950548548046896, -4.040475199406840190, 479.9994308403718719 ) ) ;
#3930 = CARTESIAN_POINT ( 'NONE',  ( -12.74352450776498280, -0.4308216180677003626, 0.000000000000000000 ) ) ;
#3931 = CARTESIAN_POINT ( 'NONE',  ( -0.8993411530826266320, 12.50000000000000178, 264.9999999999998863 ) ) ;
#3932 = CARTESIAN_POINT ( 'NONE',  ( -12.11570005236845482, 10.99189696586737064, 331.9825942342446865 ) ) ;
#3933 = ORIENTED_EDGE ( 'NONE', *, *, #6474, .F. ) ;
#3934 = CARTESIAN_POINT ( 'NONE',  ( 179.2667465703308096, -0.3124355981178672526, 480.0000000000000000 ) ) ;
#3935 = CARTESIAN_POINT ( 'NONE',  ( 178.3766236384773833, -0.2746077096933024486, 479.0500000000010346 ) ) ;
#3936 = CARTESIAN_POINT ( 'NONE',  ( -1.011870828192105609, -2.537977783554496103, 264.9999999999999432 ) ) ;
#3937 = CARTESIAN_POINT ( 'NONE',  ( 5.210026291355515760, 10.67087401669418867, 311.8637113639791778 ) ) ;
#3938 = CARTESIAN_POINT ( 'NONE',  ( -15.89781167912784632, 2.594931988101066622, 345.0413562055109651 ) ) ;
#3939 = CARTESIAN_POINT ( 'NONE',  ( 70.21895776736002404, -3.935823207083407382, 318.9999999999999432 ) ) ;
#3940 = CARTESIAN_POINT ( 'NONE',  ( 3.833951004004296337, 10.55601079234079975, 480.0020431583810705 ) ) ;
#3941 = ORIENTED_EDGE ( 'NONE', *, *, #1518, .F. ) ;
#3942 = EDGE_CURVE ( 'NONE', #7619, #6365, #3327, .T. ) ;
#3943 = ORIENTED_EDGE ( 'NONE', *, *, #8231, .T. ) ;
#3944 = CARTESIAN_POINT ( 'NONE',  ( 156.6063073976319231, -0.1836447512767485080, 479.9999999999998863 ) ) ;
#3945 = CARTESIAN_POINT ( 'NONE',  ( 179.4352499391860647, -0.3561854268161999126, 179.9999999999999432 ) ) ;
#3946 = CARTESIAN_POINT ( 'NONE',  ( 60.00000000000000711, 7.999999999999991118, 0.000000000000000000 ) ) ;
#3947 = DIRECTION ( 'NONE',  ( -0.2819532390782713005, 0.1311229126945265278, 0.9504257744504694960 ) ) ;
#3948 = CARTESIAN_POINT ( 'NONE',  ( -15.75689221029533016, 1.398461926225315954, 264.9999999999277520 ) ) ;
#3949 = CARTESIAN_POINT ( 'NONE',  ( -6.983970585802609321, -1.681310328434489909, 344.9888689764729293 ) ) ;
#3950 = CARTESIAN_POINT ( 'NONE',  ( -16.04571079313861404, 1.868108738691283355, 345.0354188185255566 ) ) ;
#3951 = ORIENTED_EDGE ( 'NONE', *, *, #4452, .F. ) ;
#3952 = CARTESIAN_POINT ( 'NONE',  ( -11.15953075203189293, 6.374583833916525499, 480.0000000000001705 ) ) ;
#3953 = EDGE_CURVE ( 'NONE', #2370, #2970, #4583, .T. ) ;
#3954 = CARTESIAN_POINT ( 'NONE',  ( 166.8649353022742332, 2.034040091338845890, 480.0000000000000000 ) ) ;
#3955 = CARTESIAN_POINT ( 'NONE',  ( 61.80486844985845352, 16.00000000000000000, 549.9999999999998863 ) ) ;
#3956 = CARTESIAN_POINT ( 'NONE',  ( 177.8113290208463013, -0.04453163699702063910, 480.0000000000001137 ) ) ;
#3957 = DIRECTION ( 'NONE',  ( 0.000000000000000000, 0.000000000000000000, 1.000000000000000000 ) ) ;
#3958 = CARTESIAN_POINT ( 'NONE',  ( -15.65449369841332228, 2.962893989855431620, 345.0397080350201122 ) ) ;
#3959 = EDGE_CURVE ( 'NONE', #5324, #3138, #281, .T. ) ;
#3960 = CARTESIAN_POINT ( 'NONE',  ( -36.19572683490425646, 11.16188410745826332, 574.9999999999997726 ) ) ;
#3961 = CARTESIAN_POINT ( 'NONE',  ( 179.2493661488827854, -0.3591196806954906617, 484.7999999999994429 ) ) ;
#3962 = CARTESIAN_POINT ( 'NONE',  ( 176.4260419063955965, -0.2159371727581584077, 0.000000000000000000 ) ) ;
#3963 = CARTESIAN_POINT ( 'NONE',  ( 16.37115668076781461, 12.23459777471997612, 480.0000000000004547 ) ) ;
#3964 = CARTESIAN_POINT ( 'NONE',  ( 83.55344463350023432, -3.580958819520635661, 484.8000000000002387 ) ) ;
#3965 = CARTESIAN_POINT ( 'NONE',  ( 139.2919189062400847, -0.9049860668769991179, 0.000000000000000000 ) ) ;
#3966 = FACE_OUTER_BOUND ( 'NONE', #6008, .T. ) ;
#3967 = CARTESIAN_POINT ( 'NONE',  ( 178.3726171505934417, -0.1507396460314145148, 479.9999999999998863 ) ) ;
#3968 = CARTESIAN_POINT ( 'NONE',  ( -27.01975317223417861, -0.4063160304696958325, 575.0000000000000000 ) ) ;
#3969 = EDGE_CURVE ( 'NONE', #1202, #3802, #1623, .T. ) ;
#3970 = CARTESIAN_POINT ( 'NONE',  ( -11.17078825123938302, -0.7490173124963467322, 480.0000000000001137 ) ) ;
#3971 = CARTESIAN_POINT ( 'NONE',  ( 43.16665482410805765, -4.144964070957567692, 321.9999999999999432 ) ) ;
#3972 = DIRECTION ( 'NONE',  ( 0.000000000000000000, 0.000000000000000000, 1.000000000000000000 ) ) ;
#3973 = ORIENTED_EDGE ( 'NONE', *, *, #1554, .T. ) ;
#3974 = CARTESIAN_POINT ( 'NONE',  ( 178.5865631562098486, -0.3041231502725081914, 480.0000000000001137 ) ) ;
#3975 = CARTESIAN_POINT ( 'NONE',  ( 212.9901038708397891, 6.013239789038181016, 575.0000000000000000 ) ) ;
#3976 = CARTESIAN_POINT ( 'NONE',  ( 2.385458112466171343, -2.865663698278324123, 265.0000000000709974 ) ) ;
#3977 = B_SPLINE_SURFACE_WITH_KNOTS ( 'NONE', 3, 1, ( 
 ( #5257, #7797, #6598 ),
 ( #2830, #2132, #7752 ),
 ( #3190, #1883, #37 ),
 ( #2668, #4774, #3839 ),
 ( #1845, #4486, #1207 ),
 ( #6473, #8486, #4523 ),
 ( #2583, #5213, #7160 ),
 ( #8213, #8174, #4215 ),
 ( #7524, #4864, #8086 ),
 ( #284, #4946, #1575 ),
 ( #975, #2870, #6850 ),
 ( #361, #935, #2220 ),
 ( #2909, #5549, #6893 ),
 ( #2265, #1056, #4907 ),
 ( #2954, #893, #1616 ),
 ( #3643, #1534, #2177 ),
 ( #4254, #5630, #2994 ),
 ( #4819, #3604, #5506 ),
 ( #4172, #5591, #6241 ),
 ( #8130, #1013, #3563 ),
 ( #7482, #404, #323 ),
 ( #6198, #3520, #6807 ),
 ( #2304, #7562, #238 ),
 ( #8251, #1653, #4292 ),
 ( #6932, #6284, #2347 ) ),
 .UNSPECIFIED., .F., .F., .F.,
 ( 4, 1, 1, 1, 2, 1, 1, 1, 1, 1, 1, 1, 2, 1, 1, 1, 1, 1, 1, 1, 4 ),
 ( 2, 1, 2 ),
 ( 0.000000000000000000, 0.09398586947742851305, 0.1879717389548570261, 0.2819576084322855669, 0.3759434779097140522, 0.4301203789476166772, 0.4842972799855193022, 0.5384741810234219273, 0.5926510820613246633, 0.6468279830992271773, 0.7010048841371299133, 0.7551817851750326493, 0.8093586862129351633, 0.8212737683246267295, 0.8331888504363182957, 0.8451039325480100839, 0.8570190146597014280, 0.8808491788830844493, 0.9046793431064674706, 0.9523396715532337353, 1.000000000000000000 ),
 ( -0.01000000000000000021, 0.000000000000000000, 1.000000000000000000 ),
 .UNSPECIFIED. ) ;
#3978 = DIRECTION ( 'NONE',  ( -1.387778780781445676E-15, -1.000000000000000000, -0.000000000000000000 ) ) ;
#3979 = CARTESIAN_POINT ( 'NONE',  ( -5.226258958573516189, 8.324570533793536953, 345.0270152916629058 ) ) ;
#3980 = CARTESIAN_POINT ( 'NONE',  ( 68.49999999999998579, -3.963476296555109801, 318.9999999999999432 ) ) ;
#3981 = CARTESIAN_POINT ( 'NONE',  ( 175.4628258227722313, 0.4519751704831234673, 480.0000000000000000 ) ) ;
#3982 = ORIENTED_EDGE ( 'NONE', *, *, #2038, .F. ) ;
#3983 = ORIENTED_EDGE ( 'NONE', *, *, #5203, .F. ) ;
#3984 = CARTESIAN_POINT ( 'NONE',  ( 211.9887239142733222, -7.181741092751420474, 575.0000000000004547 ) ) ;
#3985 = CARTESIAN_POINT ( 'NONE',  ( 9.678300165255292242, -4.929456608943302065, 252.7233421346972762 ) ) ;
#3986 = DIRECTION ( 'NONE',  ( -1.000000000000000000, -0.000000000000000000, -0.000000000000000000 ) ) ;
#3987 = EDGE_CURVE ( 'NONE', #6147, #5560, #378, .T. ) ;
#3988 = CARTESIAN_POINT ( 'NONE',  ( -15.90240235765469379, 1.841857218672622754, 264.9999999999457714 ) ) ;
#3989 = CARTESIAN_POINT ( 'NONE',  ( -12.81538769445303139, -20.94728553218053335, 324.9999999999998863 ) ) ;
#3990 = DIRECTION ( 'NONE',  ( 0.000000000000000000, 0.000000000000000000, -1.000000000000000000 ) ) ;
#3991 = VERTEX_POINT ( 'NONE', #1900 ) ;
#3992 = VERTEX_POINT ( 'NONE', #1265 ) ;
#3993 = CARTESIAN_POINT ( 'NONE',  ( -12.16506185219846614, 4.997899582877721514, 0.000000000000000000 ) ) ;
#3994 = ORIENTED_EDGE ( 'NONE', *, *, #6786, .F. ) ;
#3995 = CARTESIAN_POINT ( 'NONE',  ( 93.90001636244501526, 10.92663018301284872, 0.000000000000000000 ) ) ;
#3996 = CARTESIAN_POINT ( 'NONE',  ( -60.00000000000000000, 12.50000000000000178, 324.9999999999998863 ) ) ;
#3997 = CARTESIAN_POINT ( 'NONE',  ( 179.0652779708134688, -0.2792706371412809196, 480.0000000000000568 ) ) ;
#3998 = CARTESIAN_POINT ( 'NONE',  ( -27.01975317223417861, -0.4063160304696958325, 549.9999999999998863 ) ) ;
#3999 = VECTOR ( 'NONE', #7651, 1000.000000000000000 ) ;
#4000 = CARTESIAN_POINT ( 'NONE',  ( -29.96317730616516073, 16.99056251521889749, 324.9999999999999432 ) ) ;
#4001 = CARTESIAN_POINT ( 'NONE',  ( -14.85901457521715407, 0.7531038203347010240, 479.0500000000008640 ) ) ;
#4002 = CARTESIAN_POINT ( 'NONE',  ( 179.3035713611694462, -0.3181774561818160874, 484.7999999999994998 ) ) ;
#4003 = CARTESIAN_POINT ( 'NONE',  ( 172.5513961425386640, -0.1094143274831318180, 0.000000000000000000 ) ) ;
#4004 = VECTOR ( 'NONE', #3840, 1000.000000000000000 ) ;
#4005 = DIRECTION ( 'NONE',  ( 0.4887245646603154969, -0.2113896856182434780, 0.8464411974329967281 ) ) ;
#4006 = CARTESIAN_POINT ( 'NONE',  ( 97.15242082108964894, -3.282864461709983583, 0.000000000000000000 ) ) ;
#4007 = CARTESIAN_POINT ( 'NONE',  ( -49.99999999999999289, 1.111937530143962858E-13, 300.6000000000000227 ) ) ;
#4008 = CARTESIAN_POINT ( 'NONE',  ( 2.609736899717690406, 14.22106106644589474, 575.0000000000000000 ) ) ;
#4009 = CARTESIAN_POINT ( 'NONE',  ( 60.00000000000000711, 7.999999999999991118, 4.000000000000000000 ) ) ;
#4010 = CARTESIAN_POINT ( 'NONE',  ( 97.35568396565297178, -3.082505916702197091, 484.7999999999997840 ) ) ;
#4011 = CARTESIAN_POINT ( 'NONE',  ( -10.68539899171294927, 12.50000000000075140, 330.9366081718887926 ) ) ;
#4012 = ORIENTED_EDGE ( 'NONE', *, *, #4155, .F. ) ;
#4013 = CARTESIAN_POINT ( 'NONE',  ( -15.41056863665070331, 2.051483865732729672, 0.000000000000000000 ) ) ;
#4014 = CARTESIAN_POINT ( 'NONE',  ( 178.4862397805057128, -0.1672022508620588099, 479.9999999999968168 ) ) ;
#4015 = ADVANCED_FACE ( 'NONE', ( #4063 ), #5347, .T. ) ;
#4016 = CARTESIAN_POINT ( 'NONE',  ( 185.0000000000000000, 25.00000000000001421, 575.0000000000000000 ) ) ;
#4017 = CARTESIAN_POINT ( 'NONE',  ( 62.49999999999999289, -4.055719948554211918, 303.9999999999998863 ) ) ;
#4018 = CARTESIAN_POINT ( 'NONE',  ( -40.46678357353443545, 8.373426858827533792, 575.0000000000000000 ) ) ;
#4019 = DIRECTION ( 'NONE',  ( -0.000000000000000000, -0.000000000000000000, -1.000000000000000000 ) ) ;
#4020 = CARTESIAN_POINT ( 'NONE',  ( -60.00000000000000000, 12.50000000000000178, 319.9999999999998863 ) ) ;
#4021 = EDGE_LOOP ( 'NONE', ( #3941, #1442, #5672, #2559, #2899, #2935, #8206, #1089 ) ) ;
#4022 = ORIENTED_EDGE ( 'NONE', *, *, #7766, .T. ) ;
#4023 = CARTESIAN_POINT ( 'NONE',  ( -5.936682220653201725, -10.36811739668313770, 328.6942081367479886 ) ) ;
#4024 = CARTESIAN_POINT ( 'NONE',  ( 118.3815500981269935, -2.078902025670234632, 0.000000000000000000 ) ) ;
#4025 = DIRECTION ( 'NONE',  ( 0.000000000000000000, 0.000000000000000000, 1.000000000000000000 ) ) ;
#4026 = B_SPLINE_CURVE_WITH_KNOTS ( 'NONE', 3,
 ( #3061, #6434, #8319, #4399 ),
 .UNSPECIFIED., .F., .F.,
 ( 4, 4 ),
 ( 0.02452091136965334900, 0.03052097345496166889 ),
 .UNSPECIFIED. ) ;
#4027 = CARTESIAN_POINT ( 'NONE',  ( -34.15693356081189336, -6.422577927632628914, 264.9999999999998295 ) ) ;
#4028 = CARTESIAN_POINT ( 'NONE',  ( -12.81333723345890974, -0.4500714423084946070, 0.000000000000000000 ) ) ;
#4029 = CARTESIAN_POINT ( 'NONE',  ( -15.59890795880944303, 1.090349089851091247, 345.0119312875461901 ) ) ;
#4030 = VERTEX_POINT ( 'NONE', #2686 ) ;
#4031 = ORIENTED_EDGE ( 'NONE', *, *, #2353, .T. ) ;
#4032 = CARTESIAN_POINT ( 'NONE',  ( -16.27800144591676101, 2.482195040433127442, 484.8000000000005798 ) ) ;
#4033 = ORIENTED_EDGE ( 'NONE', *, *, #8182, .F. ) ;
#4034 = AXIS2_PLACEMENT_3D ( 'NONE', #6488, #1857, #3070 ) ;
#4035 = CARTESIAN_POINT ( 'NONE',  ( 28.12819146088234845, 12.65391205075330738, -0.000000000000000000 ) ) ;
#4036 = CARTESIAN_POINT ( 'NONE',  ( 199.5652655127899493, 1.361259802224432880, 575.0000000000000000 ) ) ;
#4037 = CARTESIAN_POINT ( 'NONE',  ( 75.29076941807873879, 12.50641280270544264, 479.9999999999997158 ) ) ;
#4038 = VECTOR ( 'NONE', #2624, 1000.000000000000000 ) ;
#4039 = DIRECTION ( 'NONE',  ( 1.000000000000000000, 0.000000000000000000, -0.000000000000000000 ) ) ;
#4040 = CARTESIAN_POINT ( 'NONE',  ( -14.89687294145439900, 3.744497782635940020, 325.0000000000177920 ) ) ;
#4041 = CARTESIAN_POINT ( 'NONE',  ( -27.22494140002978824, -17.01866691381580310, 574.9999999999997726 ) ) ;
#4042 = CARTESIAN_POINT ( 'NONE',  ( 179.1225769593129371, -0.2887405847492392486, 480.0000000000003411 ) ) ;
#4043 = CARTESIAN_POINT ( 'NONE',  ( 177.1304589700457086, -0.2373568107259753923, 0.000000000000000000 ) ) ;
#4044 = CARTESIAN_POINT ( 'NONE',  ( 73.88577751713543762, -3.865686368546324747, 322.0000000000000568 ) ) ;
#4045 = EDGE_CURVE ( 'NONE', #2761, #5718, #742, .T. ) ;
#4046 = VECTOR ( 'NONE', #1802, 1000.000000000000000 ) ;
#4047 = CARTESIAN_POINT ( 'NONE',  ( -2.472920034167390035, -12.49999999999999822, 306.4548710052469005 ) ) ;
#4048 = CARTESIAN_POINT ( 'NONE',  ( 61.80725352453702470, -4.239326296989593956, 0.000000000000000000 ) ) ;
#4049 = CARTESIAN_POINT ( 'NONE',  ( -31.10559289478944578, -12.49999999999867839, 265.1647729339408670 ) ) ;
#4050 = CARTESIAN_POINT ( 'NONE',  ( -59.00000000000000000, -7.499999999999999112, 269.9999999999998863 ) ) ;
#4051 = CARTESIAN_POINT ( 'NONE',  ( 66.50005942507883105, -3.999433085388207854, 311.4999999999998863 ) ) ;
#4052 = CARTESIAN_POINT ( 'NONE',  ( 68.50000000000001421, 3.000000000000000000, 321.9999999999999432 ) ) ;
#4053 = CARTESIAN_POINT ( 'NONE',  ( 103.0378865257724499, -2.980921702196101641, 0.000000000000000000 ) ) ;
#4054 = CARTESIAN_POINT ( 'NONE',  ( -14.77797644576511438, 0.4843874726529577845, 484.8000000000005230 ) ) ;
#4055 = ORIENTED_EDGE ( 'NONE', *, *, #8308, .T. ) ;
#4056 = CARTESIAN_POINT ( 'NONE',  ( -16.31589928474578599, 1.940912755614016438, 479.9999999999998863 ) ) ;
#4057 = CARTESIAN_POINT ( 'NONE',  ( 212.4443174970359109, 6.677551561746645881, 575.0000000000002274 ) ) ;
#4058 = VECTOR ( 'NONE', #3071, 1000.000000000000000 ) ;
#4059 = CARTESIAN_POINT ( 'NONE',  ( 17.29411143377504345, -3.743533548862296279, 244.9867431194444123 ) ) ;
#4060 = CARTESIAN_POINT ( 'NONE',  ( 4.775479050779609658, -7.529520271824733157, 332.3363935666759517 ) ) ;
#4061 = PLANE ( 'NONE',  #5616 ) ;
#4062 = CARTESIAN_POINT ( 'NONE',  ( -0.04862107417019824462, 12.50000000046829207, 284.9964364617812862 ) ) ;
#4063 = FACE_OUTER_BOUND ( 'NONE', #8463, .T. ) ;
#4064 = ORIENTED_EDGE ( 'NONE', *, *, #300, .T. ) ;
#4065 = AXIS2_PLACEMENT_3D ( 'NONE', #6868, #8104, #4926 ) ;
#4066 = VERTEX_POINT ( 'NONE', #5315 ) ;
#4067 = CARTESIAN_POINT ( 'NONE',  ( 187.2584107973735001, -23.52554476709153519, 575.0000000000000000 ) ) ;
#4068 = CARTESIAN_POINT ( 'NONE',  ( 178.5726672731552469, -0.1936712471755272780, 433.9999999999997726 ) ) ;
#4069 = DIRECTION ( 'NONE',  ( -1.000000000000000000, -0.000000000000000000, -0.000000000000000000 ) ) ;
#4070 = CARTESIAN_POINT ( 'NONE',  ( -15.77174613688042015, 1.475397320095550580, 245.0235891259310108 ) ) ;
#4071 = CARTESIAN_POINT ( 'NONE',  ( -15.43967628065995612, 1.947080244569249663, 0.000000000000000000 ) ) ;
#4072 = CARTESIAN_POINT ( 'NONE',  ( -9.779398583576163873, -1.166879861051231204, 344.9904653820178169 ) ) ;
#4073 = ORIENTED_EDGE ( 'NONE', *, *, #780, .F. ) ;
#4074 = ORIENTED_EDGE ( 'NONE', *, *, #4590, .T. ) ;
#4075 = CARTESIAN_POINT ( 'NONE',  ( -11.74995525580223621, 6.095480333916906801, 479.9999999999994884 ) ) ;
#4076 = ORIENTED_EDGE ( 'NONE', *, *, #6799, .T. ) ;
#4077 = CARTESIAN_POINT ( 'NONE',  ( 118.5182192860785477, 8.552540508313922984, 0.000000000000000000 ) ) ;
#4078 = CYLINDRICAL_SURFACE ( 'NONE', #7303, 1.000000000000000888 ) ;
#4079 = CARTESIAN_POINT ( 'NONE',  ( 166.8649353022742332, 2.034040091338845890, 480.0000000000000000 ) ) ;
#4080 = CARTESIAN_POINT ( 'NONE',  ( -0.8831871637797074071, 7.500000000000001776, 324.9999999999999432 ) ) ;
#4081 = CARTESIAN_POINT ( 'NONE',  ( -16.04337954052498816, 1.852639199647942769, 345.0350252097697421 ) ) ;
#4082 = EDGE_CURVE ( 'NONE', #6020, #6831, #496, .T. ) ;
#4083 = CARTESIAN_POINT ( 'NONE',  ( -2.475004693314782678, -12.49999999999999822, 324.8898947101527597 ) ) ;
#4084 = CARTESIAN_POINT ( 'NONE',  ( 179.5480826296832504, -0.3843627034177751756, 0.000000000000000000 ) ) ;
#4085 = CARTESIAN_POINT ( 'NONE',  ( 179.6187966279387354, -0.3887568935915974300, 480.0000000000004547 ) ) ;
#4086 = CARTESIAN_POINT ( 'NONE',  ( -27.77806438295559488, -12.49999999999999822, 320.5026363823952238 ) ) ;
#4087 = LINE ( 'NONE', #6856, #3447 ) ;
#4088 = CARTESIAN_POINT ( 'NONE',  ( 176.9766661035389177, -0.2268635410518836382, 479.9999999999999432 ) ) ;
#4089 = CARTESIAN_POINT ( 'NONE',  ( -10.33910116170106797, -12.50000000000065370, 263.1452631059739247 ) ) ;
#4090 = LINE ( 'NONE', #1456, #1615 ) ;
#4091 = EDGE_CURVE ( 'NONE', #4681, #460, #5539, .T. ) ;
#4092 = PLANE ( 'NONE',  #4141 ) ;
#4093 = CARTESIAN_POINT ( 'NONE',  ( -23.56812936939653724, -8.894167792192790856, 326.3535476578761063 ) ) ;
#4094 = CARTESIAN_POINT ( 'NONE',  ( 24.45327970776682491, -3.810759374005224576, 480.0000000000001137 ) ) ;
#4095 = B_SPLINE_CURVE_WITH_KNOTS ( 'NONE', 3,
 ( #1075, #7623, #1711, #5691, #3749, #6987, #5780, #2409, #2973, #7664 ),
 .UNSPECIFIED., .F., .F.,
 ( 4, 2, 2, 2, 4 ),
 ( -1.416764132351225733E-05, 0.001487852687037721430, 0.002989873015398955211, 0.004491893343760188992, 0.005993913672121422773 ),
 .UNSPECIFIED. ) ;
#4096 = CARTESIAN_POINT ( 'NONE',  ( -13.66608523999272684, 0.02785551541598500769, 480.0000000000004547 ) ) ;
#4097 = ORIENTED_EDGE ( 'NONE', *, *, #2187, .F. ) ;
#4098 = CARTESIAN_POINT ( 'NONE',  ( 3.905870305219072414, -3.163003197677249467, 0.000000000000000000 ) ) ;
#4099 = CARTESIAN_POINT ( 'NONE',  ( 176.2719211554500873, 0.1416650577184203896, 479.0499999999991587 ) ) ;
#4100 = VECTOR ( 'NONE', #1122, 1000.000000000000000 ) ;
#4101 = EDGE_CURVE ( 'NONE', #3138, #8034, #4605, .T. ) ;
#4102 = CARTESIAN_POINT ( 'NONE',  ( 137.4672068873614990, -0.9636546337094935577, 180.0015156117451625 ) ) ;
#4103 = DIRECTION ( 'NONE',  ( 0.000000000000000000, 0.000000000000000000, -1.000000000000000000 ) ) ;
#4104 = CARTESIAN_POINT ( 'NONE',  ( 34.81880459132003836, -4.076995795610753426, 340.5787154272260295 ) ) ;
#4105 = LINE ( 'NONE', #4706, #2262 ) ;
#4106 = DIRECTION ( 'NONE',  ( 1.000000000000000000, 0.000000000000000000, 0.000000000000000000 ) ) ;
#4107 = VERTEX_POINT ( 'NONE', #7258 ) ;
#4108 = ORIENTED_EDGE ( 'NONE', *, *, #1129, .F. ) ;
#4109 = CARTESIAN_POINT ( 'NONE',  ( 155.7302205687002186, -0.2053229105687116585, 480.0000000000000000 ) ) ;
#4110 = CARTESIAN_POINT ( 'NONE',  ( 178.9079529569744125, -0.2526593084377847798, 434.0000000000000568 ) ) ;
#4111 = CARTESIAN_POINT ( 'NONE',  ( 50.00000000000000000, 0.9999999999999943379, 575.0000000000000000 ) ) ;
#4112 = CARTESIAN_POINT ( 'NONE',  ( -15.31543952959799348, 0.9095555401690491593, 245.0092431641537303 ) ) ;
#4113 = DIRECTION ( 'NONE',  ( 0.000000000000000000, 0.000000000000000000, -1.000000000000000000 ) ) ;
#4114 = CARTESIAN_POINT ( 'NONE',  ( -33.77870876562013791, -7.500000000006646239, 324.9999999999999432 ) ) ;
#4115 = ORIENTED_EDGE ( 'NONE', *, *, #1843, .F. ) ;
#4116 = CARTESIAN_POINT ( 'NONE',  ( -19.71886612935745475, 12.50000000000000178, 265.8668537909514384 ) ) ;
#4117 = ORIENTED_EDGE ( 'NONE', *, *, #697, .F. ) ;
#4118 = CARTESIAN_POINT ( 'NONE',  ( -15.94654598711147209, 3.044971948289679098, 484.8000000000002956 ) ) ;
#4119 = ORIENTED_EDGE ( 'NONE', *, *, #5980, .T. ) ;
#4120 = CARTESIAN_POINT ( 'NONE',  ( 107.1225966799624132, 9.921177262985183987, 479.9999999999996021 ) ) ;
#4121 = LINE ( 'NONE', #4814, #4827 ) ;
#4122 = CARTESIAN_POINT ( 'NONE',  ( 100.0568627815427618, 10.59107914445232979, 480.0000000000000568 ) ) ;
#4123 = AXIS2_PLACEMENT_3D ( 'NONE', #1325, #6596, #685 ) ;
#4124 = EDGE_CURVE ( 'NONE', #7261, #4584, #2337, .T. ) ;
#4125 = CARTESIAN_POINT ( 'NONE',  ( -16.89164030284011631, 25.28478930513561096, 264.9999999999998863 ) ) ;
#4126 = CARTESIAN_POINT ( 'NONE',  ( -16.01167338991481515, 2.113162617089837880, 324.9999999999640181 ) ) ;
#4127 = CARTESIAN_POINT ( 'NONE',  ( 1.963385994723355177, -2.691885554291624238, 479.9999999161038318 ) ) ;
#4128 = CARTESIAN_POINT ( 'NONE',  ( -14.33586122102656013, 0.4920633648578642272, 479.0499999999987608 ) ) ;
#4129 = CARTESIAN_POINT ( 'NONE',  ( 179.3263229515422381, -0.3230349388478090944, 0.000000000000000000 ) ) ;
#4130 = CIRCLE ( 'NONE', #2195, 8.000000000000001776 ) ;
#4131 = CARTESIAN_POINT ( 'NONE',  ( 178.3911328614198908, -0.2894097977796494803, 479.9999999999995453 ) ) ;
#4132 = CARTESIAN_POINT ( 'NONE',  ( -33.48802866314793647, 7.602151988291135254, 265.0000000000002274 ) ) ;
#4133 = CARTESIAN_POINT ( 'NONE',  ( -0.1602801511385614774, -12.49999999994026290, 283.5058013672183961 ) ) ;
#4134 = CARTESIAN_POINT ( 'NONE',  ( 177.3304796862705643, -0.2377835618468075451, 480.0000000000002842 ) ) ;
#4135 = CARTESIAN_POINT ( 'NONE',  ( -8.809608239940692087, -12.49999999999935163, 263.0075941852808796 ) ) ;
#4136 =( GEOMETRIC_REPRESENTATION_CONTEXT ( 3 ) GLOBAL_UNCERTAINTY_ASSIGNED_CONTEXT ( ( #7001 ) ) GLOBAL_UNIT_ASSIGNED_CONTEXT ( ( #8318, #7711, #3017 ) ) REPRESENTATION_CONTEXT ( 'NONE', 'WORKASPACE' ) );
#4137 = CARTESIAN_POINT ( 'NONE',  ( 46.00000000000000711, 7.999999999999992895, 4.000000000000000000 ) ) ;
#4138 = CARTESIAN_POINT ( 'NONE',  ( 17.80811955274250025, -3.945346200937884351, 0.000000000000000000 ) ) ;
#4139 = CARTESIAN_POINT ( 'NONE',  ( 4.498303836904417707, 11.24419815271026835, 250.8973598481651948 ) ) ;
#4140 = CARTESIAN_POINT ( 'NONE',  ( 5.780536214515595184, -3.312630956503142876, 0.000000000000000000 ) ) ;
#4141 = AXIS2_PLACEMENT_3D ( 'NONE', #2188, #7927, #7457 ) ;
#4142 = CARTESIAN_POINT ( 'NONE',  ( -14.42343258315682064, 0.3233294075358580932, 0.000000000000000000 ) ) ;
#4143 = ORIENTED_EDGE ( 'NONE', *, *, #5203, .T. ) ;
#4144 = CARTESIAN_POINT ( 'NONE',  ( 146.8278473576189356, 24.99999999999998579, 574.9999999999987494 ) ) ;
#4145 = CARTESIAN_POINT ( 'NONE',  ( 191.3983480452997128, 20.82269188212625011, 575.0000000000000000 ) ) ;
#4146 = CIRCLE ( 'NONE', #266, 2.000000000000006217 ) ;
#4147 = CARTESIAN_POINT ( 'NONE',  ( 45.00000000000001421, -7.000000000000000000, 338.9999999999999432 ) ) ;
#4148 = CARTESIAN_POINT ( 'NONE',  ( 11.75407896656400553, -4.249214845756350556, 339.3087213067061612 ) ) ;
#4149 = CARTESIAN_POINT ( 'NONE',  ( 31.39985393656897372, -4.038956432846843470, 331.6379906375518658 ) ) ;
#4150 = FACE_OUTER_BOUND ( 'NONE', #7911, .T. ) ;
#4151 = CARTESIAN_POINT ( 'NONE',  ( 145.4699906326359269, -0.6234340106148253957, 0.000000000000000000 ) ) ;
#4152 = EDGE_LOOP ( 'NONE', ( #2450, #6798, #7301, #816 ) ) ;
#4153 = ORIENTED_EDGE ( 'NONE', *, *, #1406, .T. ) ;
#4154 = CARTESIAN_POINT ( 'NONE',  ( 178.6026739691936314, -0.3868130256455197258, 479.0500000000013756 ) ) ;
#4155 = EDGE_CURVE ( 'NONE', #1483, #2630, #2810, .T. ) ;
#4156 = CARTESIAN_POINT ( 'NONE',  ( -0.8997689059870142003, 12.50000000000000178, 263.4025498095279545 ) ) ;
#4157 = DIRECTION ( 'NONE',  ( 0.000000000000000000, -1.000000000000000000, 0.000000000000000000 ) ) ;
#4158 = CARTESIAN_POINT ( 'NONE',  ( -15.61076092493280143, 1.185884053167703733, 264.9999999999641318 ) ) ;
#4159 = LINE ( 'NONE', #2079, #1973 ) ;
#4160 = CARTESIAN_POINT ( 'NONE',  ( 178.3378172126487016, -0.2867056328598084902, 433.9999999999997726 ) ) ;
#4161 = VERTEX_POINT ( 'NONE', #4930 ) ;
#4162 = CARTESIAN_POINT ( 'NONE',  ( -35.11600534731699952, 12.50000000000000178, 269.9999999999998295 ) ) ;
#4163 = ORIENTED_EDGE ( 'NONE', *, *, #5731, .F. ) ;
#4164 = CARTESIAN_POINT ( 'NONE',  ( -16.83596256123458446, -12.49999999999999645, 266.9843195443292529 ) ) ;
#4165 = VECTOR ( 'NONE', #4578, 1000.000000000000000 ) ;
#4166 = VERTEX_POINT ( 'NONE', #7382 ) ;
#4167 = CARTESIAN_POINT ( 'NONE',  ( 8.837968257122474469, 10.84739258051824073, 0.000000000000000000 ) ) ;
#4168 = DIRECTION ( 'NONE',  ( 0.000000000000000000, 0.000000000000000000, -1.000000000000000000 ) ) ;
#4169 = CARTESIAN_POINT ( 'NONE',  ( 170.8688789245038890, 1.340684969138052018, 480.0000000000000000 ) ) ;
#4170 = CARTESIAN_POINT ( 'NONE',  ( -2.033029907395687452, 29.53947872195903557, 264.9999999999999432 ) ) ;
#4171 = CARTESIAN_POINT ( 'NONE',  ( -16.00794369044818666, 1.700730283665271791, 345.0305864308655259 ) ) ;
#4172 = CARTESIAN_POINT ( 'NONE',  ( 118.4448665225099120, -1.691800768356422680, 479.0500000000006935 ) ) ;
#4173 = CARTESIAN_POINT ( 'NONE',  ( -13.22406650848792253, 0.06443832333052401662, 479.0499999999993861 ) ) ;
#4174 = CARTESIAN_POINT ( 'NONE',  ( 179.1133669628084135, -0.2871509709354370110, 484.8000000000003524 ) ) ;
#4175 = CARTESIAN_POINT ( 'NONE',  ( 179.6393930653197515, -0.3771960394430751706, 479.9999999999998295 ) ) ;
#4176 = CARTESIAN_POINT ( 'NONE',  ( -15.25704298190516894, 10.57318902355158663, 259.2545609556680120 ) ) ;
#4177 = DIRECTION ( 'NONE',  ( 1.000000000000000000, 0.000000000000000000, -0.000000000000000000 ) ) ;
#4178 = CARTESIAN_POINT ( 'NONE',  ( 174.5056418731677184, -0.1427416402981217525, 484.8000000000000114 ) ) ;
#4179 = CARTESIAN_POINT ( 'NONE',  ( -33.77870876562938918, -12.49999999999999822, 319.9999999999997726 ) ) ;
#4180 = CARTESIAN_POINT ( 'NONE',  ( 90.00000000000001421, 3.642033860375761822, 495.0000000000000000 ) ) ;
#4181 = EDGE_CURVE ( 'NONE', #4916, #6090, #3170, .T. ) ;
#4182 = CARTESIAN_POINT ( 'NONE',  ( 9.482053661607752204, 11.18535695667105934, 245.6710388640171914 ) ) ;
#4183 = CARTESIAN_POINT ( 'NONE',  ( 5.581846213248563338, -2.976122298430114999, 484.8000000000000114 ) ) ;
#4184 = EDGE_CURVE ( 'NONE', #4166, #3898, #3411, .T. ) ;
#4185 = CARTESIAN_POINT ( 'NONE',  ( -5.395762043529284568, -1.853783416960951946, 479.9999999999996021 ) ) ;
#4186 = ORIENTED_EDGE ( 'NONE', *, *, #634, .F. ) ;
#4187 = CARTESIAN_POINT ( 'NONE',  ( 154.1518011535805215, 4.029529156522412059, 480.0000000000009095 ) ) ;
#4188 = FACE_OUTER_BOUND ( 'NONE', #7330, .T. ) ;
#4189 = AXIS2_PLACEMENT_3D ( 'NONE', #7305, #2077, #6537 ) ;
#4190 = CARTESIAN_POINT ( 'NONE',  ( 90.00000000000001421, 3.642033860375761822, 0.000000000000000000 ) ) ;
#4191 = CARTESIAN_POINT ( 'NONE',  ( 178.4502007111289856, -0.1715381463642844939, 179.9999999999999432 ) ) ;
#4192 = CARTESIAN_POINT ( 'NONE',  ( -14.73642571996147765, -9.958920791100618786, 262.1617703918665825 ) ) ;
#4193 = DIRECTION ( 'NONE',  ( -1.000000000000000000, 0.000000000000000000, 2.990902544787598099E-17 ) ) ;
#4194 = EDGE_CURVE ( 'NONE', #693, #7848, #5487, .T. ) ;
#4195 = PLANE ( 'NONE',  #257 ) ;
#4196 = ORIENTED_EDGE ( 'NONE', *, *, #3953, .T. ) ;
#4197 = CARTESIAN_POINT ( 'NONE',  ( 167.0285686839585537, -0.04991195343505580584, 479.9999999999999432 ) ) ;
#4198 = DIRECTION ( 'NONE',  ( -0.000000000000000000, 0.000000000000000000, 1.000000000000000000 ) ) ;
#4199 = CARTESIAN_POINT ( 'NONE',  ( -59.00000000000000000, 7.500000000000002665, 319.9999999999998863 ) ) ;
#4200 = CARTESIAN_POINT ( 'NONE',  ( -27.20592294166905845, -15.18599532771486160, 264.9999999999998863 ) ) ;
#4201 = CARTESIAN_POINT ( 'NONE',  ( 198.6294900719518921, -0.4063160304696958325, 549.9999999999998863 ) ) ;
#4202 = CIRCLE ( 'NONE', #5296, 4.000000000000003553 ) ;
#4203 = CARTESIAN_POINT ( 'NONE',  ( 179.4693665133631555, -0.3778111784099049131, 434.0000000000005684 ) ) ;
#4204 = ORIENTED_EDGE ( 'NONE', *, *, #6605, .T. ) ;
#4205 = ADVANCED_FACE ( 'NONE', ( #2244 ), #4888, .F. ) ;
#4206 = CARTESIAN_POINT ( 'NONE',  ( -21.75548291074911944, 9.355510514208235762, 261.6934830331288708 ) ) ;
#4207 = ORIENTED_EDGE ( 'NONE', *, *, #5173, .F. ) ;
#4208 = CARTESIAN_POINT ( 'NONE',  ( -12.94887657461525166, -12.49999999999999645, 266.2785179492616976 ) ) ;
#4209 = ORIENTED_EDGE ( 'NONE', *, *, #5546, .T. ) ;
#4210 = DIRECTION ( 'NONE',  ( 1.000000000000000000, 0.000000000000000000, 0.000000000000000000 ) ) ;
#4211 = CARTESIAN_POINT ( 'NONE',  ( 160.7775970750656427, 3.013399114983476235, 484.8000000000008072 ) ) ;
#4212 = AXIS2_PLACEMENT_3D ( 'NONE', #4750, #1551, #7378 ) ;
#4213 = CARTESIAN_POINT ( 'NONE',  ( 1.872881136446497674, 9.921181851050356215, 245.0240084485465673 ) ) ;
#4214 = CARTESIAN_POINT ( 'NONE',  ( -32.11372198333953776, -10.31485665749565150, 324.9999999999999432 ) ) ;
#4215 = CARTESIAN_POINT ( 'NONE',  ( 75.66690683702474018, -25.00000000000000000, 574.9999999999997726 ) ) ;
#4216 = EDGE_CURVE ( 'NONE', #794, #2306, #7507, .T. ) ;
#4217 = ORIENTED_EDGE ( 'NONE', *, *, #2286, .F. ) ;
#4218 = CARTESIAN_POINT ( 'NONE',  ( 141.2737659297938819, 5.851432463350822566, 484.8000000000000114 ) ) ;
#4219 = CARTESIAN_POINT ( 'NONE',  ( 179.6652113678923968, -0.3905251619301205457, 484.8000000000007503 ) ) ;
#4220 = CARTESIAN_POINT ( 'NONE',  ( -24.96958860918248391, 8.692234068130364477, 262.9303460789247993 ) ) ;
#4221 = CARTESIAN_POINT ( 'NONE',  ( 171.0000000000000000, 14.22106106644589474, 549.9999999999998863 ) ) ;
#4222 = CARTESIAN_POINT ( 'NONE',  ( 173.7926120247297774, -0.1216067574241290472, 480.0000000000001705 ) ) ;
#4223 = CARTESIAN_POINT ( 'NONE',  ( 1.717267271376163862, -10.56011654726756355, 260.7811987648326522 ) ) ;
#4224 = DIRECTION ( 'NONE',  ( -1.000000000000000000, -0.000000000000000000, -0.000000000000000000 ) ) ;
#4225 = ADVANCED_FACE ( 'NONE', ( #4237 ), #8197, .F. ) ;
#4226 = ORIENTED_EDGE ( 'NONE', *, *, #3406, .T. ) ;
#4227 = CARTESIAN_POINT ( 'NONE',  ( 134.6408868018829708, -1.033817138828478033, 479.9999217095785866 ) ) ;
#4228 = CARTESIAN_POINT ( 'NONE',  ( 141.3435129927467528, -0.8096804507680653851, -0.000000000000000000 ) ) ;
#4229 = CARTESIAN_POINT ( 'NONE',  ( -9.050106222369976194, -1.232911155810593407, 484.8000000000000114 ) ) ;
#4230 = ORIENTED_EDGE ( 'NONE', *, *, #5310, .T. ) ;
#4231 = CARTESIAN_POINT ( 'NONE',  ( 140.8048684498582190, 18.00000000000000355, 549.9999999999998863 ) ) ;
#4232 = CARTESIAN_POINT ( 'NONE',  ( -16.14865940509205444, 1.540778864864400743, 480.0000000000000568 ) ) ;
#4233 = LINE ( 'NONE', #3536, #2551 ) ;
#4234 = CARTESIAN_POINT ( 'NONE',  ( 45.00000000000000711, -4.157462878890926916, 303.9999999999998863 ) ) ;
#4235 = CARTESIAN_POINT ( 'NONE',  ( -19.83612853431768741, -9.446286492581521088, 262.9371888342303691 ) ) ;
#4236 = CARTESIAN_POINT ( 'NONE',  ( -59.00000000000000000, 7.500000000000002665, 269.9999999999998863 ) ) ;
#4237 = FACE_OUTER_BOUND ( 'NONE', #1733, .T. ) ;
#4238 = VERTEX_POINT ( 'NONE', #6089 ) ;
#4239 = CARTESIAN_POINT ( 'NONE',  ( 178.0537195392835201, -0.2693598321060017842, 480.0000000000012506 ) ) ;
#4240 = CARTESIAN_POINT ( 'NONE',  ( 179.5755121416210045, -0.3708812255208057129, 434.0000000000000568 ) ) ;
#4241 = CARTESIAN_POINT ( 'NONE',  ( -14.96344745283279742, 25.02386416789607537, 575.0000000000000000 ) ) ;
#4242 = CARTESIAN_POINT ( 'NONE',  ( -29.87261222682213457, -12.83457613273721698, 265.0000000000000000 ) ) ;
#4243 = CARTESIAN_POINT ( 'NONE',  ( 97.42012990650121651, 10.62182601708778940, 0.000000000000000000 ) ) ;
#4244 = CARTESIAN_POINT ( 'NONE',  ( 179.5650447144376756, -0.3844377343339762110, 434.0000000000006821 ) ) ;
#4245 = VERTEX_POINT ( 'NONE', #2112 ) ;
#4246 = CARTESIAN_POINT ( 'NONE',  ( -17.97757487794996933, 12.50000000000000178, 261.7726427588636966 ) ) ;
#4247 = ORIENTED_EDGE ( 'NONE', *, *, #2929, .F. ) ;
#4248 = VERTEX_POINT ( 'NONE', #6741 ) ;
#4249 = CARTESIAN_POINT ( 'NONE',  ( 166.4200542291912654, -0.06641530699075473554, 180.0000000000000000 ) ) ;
#4250 = CARTESIAN_POINT ( 'NONE',  ( -9.037578645673754352, 6.493988540421182343, 0.000000000000000000 ) ) ;
#4251 = VECTOR ( 'NONE', #3947, 1000.000000000000114 ) ;
#4252 = CARTESIAN_POINT ( 'NONE',  ( -6.968219748245139122, 7.635953567183448421, 245.0281171399641664 ) ) ;
#4253 = CARTESIAN_POINT ( 'NONE',  ( -15.29622512317367189, 0.8502016737539409563, 325.0000000000088676 ) ) ;
#4254 = CARTESIAN_POINT ( 'NONE',  ( 117.9641039578100248, -1.722491891179565249, 479.0500000000005230 ) ) ;
#4255 = ORIENTED_EDGE ( 'NONE', *, *, #7288, .T. ) ;
#4256 = CARTESIAN_POINT ( 'NONE',  ( 160.7839283157265697, 3.011971978998295274, 480.0000000000007390 ) ) ;
#4257 = CARTESIAN_POINT ( 'NONE',  ( 179.3778021966970186, -0.3303521873997964931, 484.8000000000002956 ) ) ;
#4258 = CARTESIAN_POINT ( 'NONE',  ( -18.77651199109388358, -9.590488815563551483, 327.2316033727113904 ) ) ;
#4259 = VECTOR ( 'NONE', #2712, 1000.000000000000114 ) ;
#4260 = CARTESIAN_POINT ( 'NONE',  ( 0.7411615215031452930, 12.22911437518725464, 328.4443214336025676 ) ) ;
#4261 = CARTESIAN_POINT ( 'NONE',  ( 178.8896429647381865, -0.3297174821589472504, 0.000000000000000000 ) ) ;
#4262 = CARTESIAN_POINT ( 'NONE',  ( -11.10836462515526080, -12.49999999999934985, 263.2184611456455059 ) ) ;
#4263 = DIRECTION ( 'NONE',  ( -1.000000000000000000, 0.000000000000000000, 0.000000000000000000 ) ) ;
#4264 = VERTEX_POINT ( 'NONE', #2156 ) ;
#4265 = CARTESIAN_POINT ( 'NONE',  ( -17.03107233508876917, -9.770493742336688214, 327.4960348082789210 ) ) ;
#4266 = CARTESIAN_POINT ( 'NONE',  ( 166.7362027416500894, -0.04651729292491237761, 480.0000000000000000 ) ) ;
#4267 = CARTESIAN_POINT ( 'NONE',  ( 15.16963954816413640, -3.835204511279307393, 0.000000000000000000 ) ) ;
#4268 = ORIENTED_EDGE ( 'NONE', *, *, #2939, .T. ) ;
#4269 = DIRECTION ( 'NONE',  ( 1.445602896647339656E-16, 1.000000000000000000, -0.000000000000000000 ) ) ;
#4270 = CARTESIAN_POINT ( 'NONE',  ( -14.77446611049176539, 0.4827928383448676919, 480.0000000000004547 ) ) ;
#4271 = CARTESIAN_POINT ( 'NONE',  ( -59.00000000000000000, 7.500000000000002665, 265.9999999999998863 ) ) ;
#4272 = DIRECTION ( 'NONE',  ( 0.000000000000000000, 0.000000000000000000, -1.000000000000000000 ) ) ;
#4273 = VECTOR ( 'NONE', #6268, 1000.000000000000000 ) ;
#4274 = DIRECTION ( 'NONE',  ( 0.000000000000000000, 0.000000000000000000, -1.000000000000000000 ) ) ;
#4275 = CARTESIAN_POINT ( 'NONE',  ( -16.29119892388976254, 1.836120124459753145, 484.8000000000000114 ) ) ;
#4276 = PRODUCT ( 'Left Wing', 'Left Wing', '', ( #383 ) ) ;
#4277 = CARTESIAN_POINT ( 'NONE',  ( -14.48816983189600016, 12.50000000000000178, 326.8975002300231836 ) ) ;
#4278 = CARTESIAN_POINT ( 'NONE',  ( 166.5493288220594366, -0.03868648424819258469, 479.0499999999998977 ) ) ;
#4279 = CARTESIAN_POINT ( 'NONE',  ( 130.4557145069595947, -0.9916026150084730206, 479.0499999999999545 ) ) ;
#4280 = CARTESIAN_POINT ( 'NONE',  ( -28.45592412374815083, -14.17039378882136980, 264.9999999999998863 ) ) ;
#4281 = CARTESIAN_POINT ( 'NONE',  ( -59.00000000000000000, -7.499999999999998224, 264.9999999999998863 ) ) ;
#4282 = CARTESIAN_POINT ( 'NONE',  ( 17.32907934080627399, -3.692999519254710261, 323.1444706614797155 ) ) ;
#4283 = CARTESIAN_POINT ( 'NONE',  ( 17.30897711502347747, -3.722109696354718000, 278.1200775775711236 ) ) ;
#4284 = CARTESIAN_POINT ( 'NONE',  ( -18.79814170703416565, 12.49999999999927169, 262.0487284032529374 ) ) ;
#4285 = EDGE_LOOP ( 'NONE', ( #7995, #5138, #137, #1313 ) ) ;
#4286 = ADVANCED_FACE ( 'NONE', ( #7426 ), #4195, .F. ) ;
#4287 = EDGE_LOOP ( 'NONE', ( #3444, #7716, #3047, #2523, #840, #6710, #2341, #5446 ) ) ;
#4288 = CARTESIAN_POINT ( 'NONE',  ( 175.5741803670314880, -0.1849264981716267076, 180.0000000000000000 ) ) ;
#4289 = CARTESIAN_POINT ( 'NONE',  ( 51.55371441909485242, 13.39694807013282229, 480.0000000000000000 ) ) ;
#4290 = CARTESIAN_POINT ( 'NONE',  ( -13.26303712060899009, 26.62380599278261784, 264.9999999999998295 ) ) ;
#4291 = CARTESIAN_POINT ( 'NONE',  ( -23.81120656602440633, -17.35436628214005594, 324.9999999999999432 ) ) ;
#4292 = CARTESIAN_POINT ( 'NONE',  ( 181.0470604228781326, -24.99999999999998579, 575.0000000000000000 ) ) ;
#4293 = VERTEX_POINT ( 'NONE', #5398 ) ;
#4294 = CARTESIAN_POINT ( 'NONE',  ( 152.2586700009402136, 4.303790337528730525, 479.9999999999994884 ) ) ;
#4295 = CARTESIAN_POINT ( 'NONE',  ( 179.5888943984839159, -0.3671705827371291586, 479.9999999999997726 ) ) ;
#4296 = CARTESIAN_POINT ( 'NONE',  ( -17.31814569549245775, -12.50000000000016342, 326.0619393697454029 ) ) ;
#4297 = LINE ( 'NONE', #1151, #2745 ) ;
#4298 = CARTESIAN_POINT ( 'NONE',  ( 179.6546130106197836, -0.3903059502528021252, 0.000000000000000000 ) ) ;
#4299 = CARTESIAN_POINT ( 'NONE',  ( -2.473893363949764890, -12.49999999999999822, 315.0632283354930223 ) ) ;
#4300 = CARTESIAN_POINT ( 'NONE',  ( 39.87004904333880972, -4.124627975760194687, 330.5437349714219977 ) ) ;
#4301 = CARTESIAN_POINT ( 'NONE',  ( -21.17792697322303397, 23.49528350143802768, 324.9999999999998295 ) ) ;
#4302 = LINE ( 'NONE', #6943, #4660 ) ;
#4303 = CARTESIAN_POINT ( 'NONE',  ( 170.2535039429155574, -0.06261061152700533872, 480.0000000000002842 ) ) ;
#4304 = EDGE_CURVE ( 'NONE', #6090, #3992, #5846, .T. ) ;
#4305 = CARTESIAN_POINT ( 'NONE',  ( 1.093772197853653427, -2.604709800249264351, 484.8000000000003524 ) ) ;
#4306 = ORIENTED_EDGE ( 'NONE', *, *, #8393, .F. ) ;
#4307 = CARTESIAN_POINT ( 'NONE',  ( 66.92167488503375239, 12.79946952083625078, 479.0499999999997272 ) ) ;
#4308 = CARTESIAN_POINT ( 'NONE',  ( -6.431983354062349001, -1.971677242654267248, 0.000000000000000000 ) ) ;
#4309 = FACE_OUTER_BOUND ( 'NONE', #5632, .T. ) ;
#4310 = CARTESIAN_POINT ( 'NONE',  ( -13.27431449593812118, 5.282721000578115778, 480.0001557239073122 ) ) ;
#4311 = CARTESIAN_POINT ( 'NONE',  ( -3.746223219039293006, 12.50000000000000355, 258.4712029915835387 ) ) ;
#4312 = CARTESIAN_POINT ( 'NONE',  ( 169.2646419864702807, 1.601013140581285743, 0.000000000000000000 ) ) ;
#4313 = CARTESIAN_POINT ( 'NONE',  ( -35.32525794835802202, 12.50000000000000355, 324.9999999999997726 ) ) ;
#4314 = CARTESIAN_POINT ( 'NONE',  ( -4.385666828608902001, 8.743354799095246932, 479.9999999999996589 ) ) ;
#4315 = CARTESIAN_POINT ( 'NONE',  ( 214.7314770392224830, 2.323567370184387304, 575.0000000000004547 ) ) ;
#4316 = CIRCLE ( 'NONE', #322, 1.400000000000012346 ) ;
#4317 = CARTESIAN_POINT ( 'NONE',  ( -27.95552861307223935, 1.361259802224432880, 575.0000000000000000 ) ) ;
#4318 = CARTESIAN_POINT ( 'NONE',  ( -16.45210170607143496, -20.13668199133860170, 264.9999999999998863 ) ) ;
#4319 = CARTESIAN_POINT ( 'NONE',  ( 55.09513661494081305, 12.99841169906614269, 0.000000000000000000 ) ) ;
#4320 = PLANE ( 'NONE',  #4034 ) ;
#4321 = ADVANCED_FACE ( 'NONE', ( #871 ), #8022, .T. ) ;
#4322 = CARTESIAN_POINT ( 'NONE',  ( 17.33908427435809330, -3.678490007635818682, 345.5867466238642578 ) ) ;
#4323 = AXIS2_PLACEMENT_3D ( 'NONE', #1046, #2376, #657 ) ;
#4324 = CARTESIAN_POINT ( 'NONE',  ( -16.97947603119467885, 10.30096798694894566, 259.8709795703850887 ) ) ;
#4325 = ORIENTED_EDGE ( 'NONE', *, *, #6247, .F. ) ;
#4326 = VERTEX_POINT ( 'NONE', #2852 ) ;
#4327 = CARTESIAN_POINT ( 'NONE',  ( 14.43624133517289287, -3.637096392296208069, 244.9866636833660039 ) ) ;
#4328 = CARTESIAN_POINT ( 'NONE',  ( -0.5398150155992577082, 9.074273636257252917, 0.000000000000000000 ) ) ;
#4329 = AXIS2_PLACEMENT_3D ( 'NONE', #7466, #3495, #7980 ) ;
#4330 = CARTESIAN_POINT ( 'NONE',  ( -24.32202814928017531, 21.48407758508126975, 264.9999999999998295 ) ) ;
#4331 = CARTESIAN_POINT ( 'NONE',  ( -20.24428032856826931, -18.89237492560140197, 324.9999999999998863 ) ) ;
#4332 = CARTESIAN_POINT ( 'NONE',  ( 50.00000000000000000, 0.9999999999999943379, 575.1521839940262453 ) ) ;
#4333 = ORIENTED_EDGE ( 'NONE', *, *, #333, .F. ) ;
#4334 = CARTESIAN_POINT ( 'NONE',  ( 168.5448192131706548, 1.749614729351153031, 479.9999999999999432 ) ) ;
#4335 = CARTESIAN_POINT ( 'NONE',  ( 179.2041965293383328, -0.3561519036549405937, 0.000000000000000000 ) ) ;
#4336 = CARTESIAN_POINT ( 'NONE',  ( 137.4672068873614990, 6.302766255113471772, 219.4322236948547697 ) ) ;
#4337 = CARTESIAN_POINT ( 'NONE',  ( 179.1365487957734786, -0.2909034429714744130, 484.8000000000003524 ) ) ;
#4338 = VECTOR ( 'NONE', #2716, 1000.000000000000000 ) ;
#4339 = CARTESIAN_POINT ( 'NONE',  ( -2.474634269190646219, -12.49999999999999822, 321.6143392519307440 ) ) ;
#4340 = CARTESIAN_POINT ( 'NONE',  ( -15.20857379217095939, 3.201065336382458604, 245.0385913351913416 ) ) ;
#4341 = CARTESIAN_POINT ( 'NONE',  ( -0.3626990716660935532, 9.533332319377928243, 325.0000000000356408 ) ) ;
#4342 = ORIENTED_EDGE ( 'NONE', *, *, #8527, .T. ) ;
#4343 = CARTESIAN_POINT ( 'NONE',  ( 16.06013572453363736, -3.649769285636550453, 316.9999999999998863 ) ) ;
#4344 = CARTESIAN_POINT ( 'NONE',  ( 176.9766661035389177, -0.2268635410518836382, 479.9999999999999432 ) ) ;
#4345 = CARTESIAN_POINT ( 'NONE',  ( 38.17799096969362438, -4.044939271942894266, 479.9999999999995453 ) ) ;
#4346 = ORIENTED_EDGE ( 'NONE', *, *, #4464, .F. ) ;
#4347 = CARTESIAN_POINT ( 'NONE',  ( 95.04694839359308389, 10.87277098103384709, 479.0499999999999545 ) ) ;
#4348 = CARTESIAN_POINT ( 'NONE',  ( 20.67540511823415272, -3.709782746033077228, 484.7999999999996135 ) ) ;
#4349 = CARTESIAN_POINT ( 'NONE',  ( 74.00000000000002842, 3.000000000000000000, 318.9999999999999432 ) ) ;
#4350 = LINE ( 'NONE', #6915, #1019 ) ;
#4351 = DIRECTION ( 'NONE',  ( 0.000000000000000000, 0.000000000000000000, 1.000000000000000000 ) ) ;
#4352 = PLANE ( 'NONE',  #6400 ) ;
#4353 = CARTESIAN_POINT ( 'NONE',  ( -32.32302254043831624, -12.49999999999999822, 269.9999999999998295 ) ) ;
#4354 = CARTESIAN_POINT ( 'NONE',  ( -25.25257835334284806, 12.49999999999925215, 326.1139072318242143 ) ) ;
#4355 = ORIENTED_EDGE ( 'NONE', *, *, #2305, .T. ) ;
#4356 = CARTESIAN_POINT ( 'NONE',  ( 3.831542931307105881, 10.56784917290280390, 479.9999999999999432 ) ) ;
#4357 = CARTESIAN_POINT ( 'NONE',  ( 213.0547447367409291, 5.926355496401688683, 575.0000000000001137 ) ) ;
#4358 = DIRECTION ( 'NONE',  ( -0.000000000000000000, 0.000000000000000000, -1.000000000000000000 ) ) ;
#4359 = ADVANCED_FACE ( 'NONE', ( #784 ), #1555, .F. ) ;
#4360 = CARTESIAN_POINT ( 'NONE',  ( -12.65411588409320665, -0.3834385810648676673, 264.9999999999954525 ) ) ;
#4361 = FILL_AREA_STYLE_COLOUR ( '', #3920 ) ;
#4362 = B_SPLINE_CURVE_WITH_KNOTS ( 'NONE', 3,
 ( #6869, #7583, #6385, #6262, #954, #3058, #344, #5609, #6221, #6988, #1076, #302, #2931, #5569, #3013, #8230, #1673, #4310, #1036, #3663, #6302, #380, #2365, #5002, #1930, #1799, #8531, #4487, #1168, #605, #7121, #2542, #2625, #2500, #1208, #7245 ),
 .UNSPECIFIED., .F., .F.,
 ( 4, 2, 2, 2, 2, 2, 2, 2, 2, 2, 2, 2, 2, 2, 2, 2, 2, 4 ),
 ( -0.02101803473556563065, -0.01576352605167420304, -0.01313627170972848923, -0.01050901736778277543, -0.009195390196809921993, -0.007881763025837066824, -0.007224949440350642710, -0.006568135854864220330, -0.005254508683891372101, -0.003940881512918523871, -0.002627254341945675642, -0.001970440756459253262, -0.001642033963716045541, -0.001313627170972834352, -0.0009852203782296266310, -0.0006568135854864154410, -0.0003284067927432077205, 0.000000000000000000 ),
 .UNSPECIFIED. ) ;
#4363 = CARTESIAN_POINT ( 'NONE',  ( 0.7404673852688042901, 12.22967662390265353, 331.9304199232333872 ) ) ;
#4364 = CARTESIAN_POINT ( 'NONE',  ( -2.135505083850796293, -12.49999999999972822, 325.2590599919012107 ) ) ;
#4365 = B_SPLINE_CURVE_WITH_KNOTS ( 'NONE', 3,
 ( #4902, #8332, #6929, #3075, #5713, #316, #5667, #7520, #4249, #6889, #8287, #5586, #2299, #4940, #5625, #7558, #1649, #4288, #1008, #2342, #1689, #6966, #1052, #3679, #399, #5020, #7641, #1904, #5109, #7097, #7221, #4587, #1817, #2603, #1186, #3901, #2562, #1307, #7817, #5924, #4461, #491, #7863, #5756, #6405, #15, #4504, #3945, #6576, #1949, #3122, #3210, #3815, #3860, #8376, #7181 ),
 .UNSPECIFIED., .F., .F.,
 ( 4, 1, 2, 1, 1, 1, 2, 1, 1, 1, 1, 1, 1, 1, 1, 1, 1, 1, 1, 1, 1, 1, 1, 1, 1, 1, 1, 1, 1, 1, 1, 1, 1, 1, 1, 1, 1, 1, 1, 1, 1, 1, 1, 1, 1, 1, 1, 1, 1, 1, 1, 4 ),
 ( 0.000000000000000000, 0.0002605079209529601513, 0.005855596749910611278, 0.01208059251575112521, 0.01830558828159168164, 0.02453058404743219470, 0.03075557981327270082, 0.03215347715458567041, 0.03355137449589862264, 0.03425032316655510223, 0.03494927183721157488, 0.03564822050786806834, 0.03634716917852454793, 0.03704611784918104833, 0.03774506651983751404, 0.03844401519049397281, 0.03879348952582221954, 0.03914296386115047321, 0.03949243819647871301, 0.03984191253180694586, 0.04019138686713519260, 0.04054086120246344627, 0.04071559837012752453, 0.04089033553779168606, 0.04106507270545577126, 0.04115244128928782774, 0.04123980987311991198, 0.04132717845695196152, 0.04137086274886798282, 0.04141454704078404575, 0.04143638918674203558, 0.04144731025972105132, 0.04145823133270004623, 0.04146369186918955757, 0.04146642213743430977, 0.04146915240567906891, 0.04148007347865809158, 0.04150191562461608141, 0.04152375777057411982, 0.04154559991653213047, 0.04158928420844814483, 0.04167665279228020131, 0.04176402137611231330, 0.04185138995994433508, 0.04189507425186035638, 0.04193875854377639156, 0.04196060068973440915, 0.04198244283569242674, 0.04200428498165043739, 0.04201520605462943925, 0.04202066659111894364, 0.04202149688366157987 ),
 .UNSPECIFIED. ) ;
#4366 = CARTESIAN_POINT ( 'NONE',  ( 0.2979221703770097429, 11.85026253612810443, 254.1677895719904825 ) ) ;
#4367 = VERTEX_POINT ( 'NONE', #4754 ) ;
#4368 = ORIENTED_EDGE ( 'NONE', *, *, #4452, .T. ) ;
#4369 = CARTESIAN_POINT ( 'NONE',  ( -15.62353176650780995, 1.214227418103579481, 245.0157300353073424 ) ) ;
#4370 = CARTESIAN_POINT ( 'NONE',  ( 1.152418390752388389, 9.454505675806926135, 0.000000000000000000 ) ) ;
#4371 = CARTESIAN_POINT ( 'NONE',  ( -11.83170788099072190, 5.631802027043459447, 245.0323029167932418 ) ) ;
#4372 = CARTESIAN_POINT ( 'NONE',  ( -15.25534778606333575, 0.8105807410022047854, 345.0067564526164006 ) ) ;
#4373 = AXIS2_PLACEMENT_3D ( 'NONE', #7709, #6386, #1800 ) ;
#4374 = DIRECTION ( 'NONE',  ( 0.000000000000000000, 0.000000000000000000, -1.000000000000000000 ) ) ;
#4375 = ORIENTED_EDGE ( 'NONE', *, *, #1062, .F. ) ;
#4376 = CARTESIAN_POINT ( 'NONE',  ( 169.1454452927683292, 1.621179250146151274, -0.000000000000000000 ) ) ;
#4377 = CARTESIAN_POINT ( 'NONE',  ( 179.3035713611694462, -0.3181774561818160874, 484.7999999999994998 ) ) ;
#4378 = CARTESIAN_POINT ( 'NONE',  ( 210.4667835735343715, -8.373426858827519581, 575.0000000000000000 ) ) ;
#4379 = CARTESIAN_POINT ( 'NONE',  ( 179.3778021966970186, -0.3303521873997964931, 484.8000000000002956 ) ) ;
#4380 = ADVANCED_FACE ( 'NONE', ( #5786 ), #347, .T. ) ;
#4381 = DIRECTION ( 'NONE',  ( 0.000000000000000000, 0.000000000000000000, 1.000000000000000000 ) ) ;
#4382 = CARTESIAN_POINT ( 'NONE',  ( 10.09122730323776906, 11.25906177100057981, 245.0215633017271273 ) ) ;
#4383 = CARTESIAN_POINT ( 'NONE',  ( 1.729593061648123653, 9.974865339667916331, 324.9999999999642455 ) ) ;
#4384 = ORIENTED_EDGE ( 'NONE', *, *, #4184, .T. ) ;
#4385 = VECTOR ( 'NONE', #5961, 1000.000000000000000 ) ;
#4386 = CARTESIAN_POINT ( 'NONE',  ( 11.13727503982439693, -4.396607388514855330, 316.9999999999998863 ) ) ;
#4387 = CARTESIAN_POINT ( 'NONE',  ( 141.7465949386485420, -0.6998853873985781959, 484.8000000000000114 ) ) ;
#4388 = CARTESIAN_POINT ( 'NONE',  ( 91.26439142866983900, -3.530784339547171857, 0.000000000000000000 ) ) ;
#4389 = ORIENTED_EDGE ( 'NONE', *, *, #5819, .T. ) ;
#4390 = CARTESIAN_POINT ( 'NONE',  ( 115.5577066307064058, 24.99999999999999289, 574.9999999999997726 ) ) ;
#4391 = CARTESIAN_POINT ( 'NONE',  ( 24.56905792275457046, -4.125220352701166604, -0.000000000000000000 ) ) ;
#4392 = ORIENTED_EDGE ( 'NONE', *, *, #7315, .T. ) ;
#4393 = DIRECTION ( 'NONE',  ( -1.000000000000000000, 0.000000000000000000, 0.000000000000000000 ) ) ;
#4394 = DIRECTION ( 'NONE',  ( 0.000000000000000000, 0.000000000000000000, 1.000000000000000000 ) ) ;
#4395 = CARTESIAN_POINT ( 'NONE',  ( 90.00000000000001421, 3.642033860375761822, 495.0000000000000000 ) ) ;
#4396 = LINE ( 'NONE', #519, #6723 ) ;
#4397 = DIRECTION ( 'NONE',  ( 0.000000000000000000, 0.000000000000000000, 1.000000000000000000 ) ) ;
#4398 = ADVANCED_FACE ( 'NONE', ( #5613 ), #4525, .T. ) ;
#4399 = CARTESIAN_POINT ( 'NONE',  ( 40.92950548548046896, -12.00000000000000000, 516.0563009700706516 ) ) ;
#4400 = CARTESIAN_POINT ( 'NONE',  ( -20.73985941446346359, 9.610969585513707614, 328.8216438509770683 ) ) ;
#4401 = ORIENTED_EDGE ( 'NONE', *, *, #1810, .T. ) ;
#4402 = AXIS2_PLACEMENT_3D ( 'NONE', #3968, #4570, #5905 ) ;
#4403 = CARTESIAN_POINT ( 'NONE',  ( -9.368913683457790853, 7.141295909911153039, 484.7999999999995566 ) ) ;
#4404 = CARTESIAN_POINT ( 'NONE',  ( 178.5118614858119486, -0.2997258483521672012, 479.0499999999992156 ) ) ;
#4405 = CARTESIAN_POINT ( 'NONE',  ( -17.38816579939523876, -12.50000000000000000, 267.1116914253498180 ) ) ;
#4406 = AXIS2_PLACEMENT_3D ( 'NONE', #5841, #3250, #7774 ) ;
#4407 = CARTESIAN_POINT ( 'NONE',  ( -11.15430603855470792, -0.8493295157936414652, 244.9922600660011085 ) ) ;
#4408 = CARTESIAN_POINT ( 'NONE',  ( 172.5617661698770462, -0.08840303790665964001, 480.0000000000000000 ) ) ;
#4409 = CARTESIAN_POINT ( 'NONE',  ( -0.04799997839913011655, 12.50000000000000888, 324.9997739026508725 ) ) ;
#4410 = CARTESIAN_POINT ( 'NONE',  ( 45.00000000000000711, 7.999999999999992895, 4.000000000000000000 ) ) ;
#4411 = DIRECTION ( 'NONE',  ( -0.000000000000000000, 1.000000000000000000, -0.000000000000000000 ) ) ;
#4412 = EDGE_LOOP ( 'NONE', ( #1015, #362, #1395, #6709 ) ) ;
#4413 = VERTEX_POINT ( 'NONE', #7167 ) ;
#4414 = B_SPLINE_CURVE_WITH_KNOTS ( 'NONE', 3,
 ( #309, #7551, #4408, #7043, #2469, #8202, #5102, #6396, #437, #2292, #4934, #1000, #1134, #1642, #1681, #3631, #3069, #353, #5704 ),
 .UNSPECIFIED., .F., .F.,
 ( 4, 1, 1, 1, 2, 2, 1, 1, 2, 2, 1, 1, 4 ),
 ( 0.000000000000000000, 0.2111211983221212285, 0.2375113481123827808, 0.2441088855599492513, 0.2474076542837324866, 0.2507064230075157218, 0.2639014979026486074, 0.3166817974831803717, 0.3694620970637120805, 0.3760596345112818262, 0.3826571719588515719, 0.3958522468539945049, 0.4222423966442839793 ),
 .UNSPECIFIED. ) ;
#4415 = CARTESIAN_POINT ( 'NONE',  ( -11.11602183403043043, -0.8967899190559260880, 244.9919895300317592 ) ) ;
#4416 = CARTESIAN_POINT ( 'NONE',  ( -8.129656950725099307, 7.589736333483711128, 480.0000000000003979 ) ) ;
#4417 = CARTESIAN_POINT ( 'NONE',  ( -15.34517407184624815, 3.037536297668097074, 245.0389005538282561 ) ) ;
#4418 = CARTESIAN_POINT ( 'NONE',  ( -13.53428851676470757, -0.05465392377261004547, 324.9999999999999432 ) ) ;
#4419 = CARTESIAN_POINT ( 'NONE',  ( 53.65055256591904254, 13.35601250998065126, 480.0000274637162079 ) ) ;
#4420 = ORIENTED_EDGE ( 'NONE', *, *, #1251, .T. ) ;
#4421 = CARTESIAN_POINT ( 'NONE',  ( 85.90368065218514460, 11.79578937440576780, 484.8000000000004661 ) ) ;
#4422 = CARTESIAN_POINT ( 'NONE',  ( 178.3318983316439699, -0.1491705515324701081, 479.9999999999998863 ) ) ;
#4423 = DIRECTION ( 'NONE',  ( 1.000000000000000000, -0.000000000000000000, -0.000000000000000000 ) ) ;
#4424 = CARTESIAN_POINT ( 'NONE',  ( 179.6244055232605774, -0.3892075884706535649, 484.8000000000005230 ) ) ;
#4425 = DIRECTION ( 'NONE',  ( -1.000000000000000000, 0.000000000000000000, 0.000000000000000000 ) ) ;
#4426 = CARTESIAN_POINT ( 'NONE',  ( -0.8993411530826115330, 7.500000000000015987, 264.9999999999998295 ) ) ;
#4427 = CARTESIAN_POINT ( 'NONE',  ( -7.140790388729429949, 7.726930048180932431, 345.0281416716827039 ) ) ;
#4428 = VERTEX_POINT ( 'NONE', #7207 ) ;
#4429 = CARTESIAN_POINT ( 'NONE',  ( -2.706551617747494198, 9.068248192088896431, 479.0500000000000682 ) ) ;
#4430 = ADVANCED_FACE ( 'NONE', ( #652 ), #5343, .F. ) ;
#4431 = CARTESIAN_POINT ( 'NONE',  ( 179.0579070957538761, -0.3436874056859845483, 0.000000000000000000 ) ) ;
#4432 = CARTESIAN_POINT ( 'NONE',  ( 111.1451248627723487, -2.356616022968808899, 480.0000000000001705 ) ) ;
#4433 = ORIENTED_EDGE ( 'NONE', *, *, #3942, .F. ) ;
#4434 = CARTESIAN_POINT ( 'NONE',  ( 135.9755116744465795, 25.00000000000000711, 575.0000000000000000 ) ) ;
#4435 = CARTESIAN_POINT ( 'NONE',  ( 5.780536214515595184, -3.312630956503142876, 0.000000000000000000 ) ) ;
#4436 = FACE_OUTER_BOUND ( 'NONE', #5114, .T. ) ;
#4437 = DIRECTION ( 'NONE',  ( 0.000000000000000000, 1.000000000000000000, 0.000000000000000000 ) ) ;
#4438 = CARTESIAN_POINT ( 'NONE',  ( -60.00000000000000000, 7.500000000000002665, 323.9999999999998863 ) ) ;
#4439 = EDGE_CURVE ( 'NONE', #4428, #4901, #3887, .T. ) ;
#4440 = CARTESIAN_POINT ( 'NONE',  ( -12.18152780059540063, 12.50000000000000355, 262.1624584593096756 ) ) ;
#4441 = CARTESIAN_POINT ( 'NONE',  ( -0.2051657827764376829, -2.482288674659357319, 479.9999999999998863 ) ) ;
#4442 = VECTOR ( 'NONE', #6098, 1000.000000000000000 ) ;
#4443 = CARTESIAN_POINT ( 'NONE',  ( 5.999999999999979572, 8.205133554287264393E-15, 519.9999999999998863 ) ) ;
#4444 = CARTESIAN_POINT ( 'NONE',  ( -16.78482411032574362, 12.50000000000000000, 325.7487466279306432 ) ) ;
#4445 = ORIENTED_EDGE ( 'NONE', *, *, #6011, .T. ) ;
#4446 = CARTESIAN_POINT ( 'NONE',  ( -11.59433477850806149, 5.309943691346839856, 0.000000000000000000 ) ) ;
#4447 = CARTESIAN_POINT ( 'NONE',  ( 178.7790906705548082, -0.2240015631016402664, 479.9999999999994884 ) ) ;
#4448 = VECTOR ( 'NONE', #1119, 1000.000000000000000 ) ;
#4449 = EDGE_CURVE ( 'NONE', #6189, #3868, #6876, .T. ) ;
#4450 = CARTESIAN_POINT ( 'NONE',  ( -24.21922186361216234, -12.49999999999999822, 264.7761094727003979 ) ) ;
#4451 = CARTESIAN_POINT ( 'NONE',  ( -9.601587281339856617, -1.234285944326468210, 244.9905806606047065 ) ) ;
#4452 = EDGE_CURVE ( 'NONE', #5551, #5306, #7961, .T. ) ;
#4453 = DIRECTION ( 'NONE',  ( -0.000000000000000000, -0.000000000000000000, 1.000000000000000000 ) ) ;
#4454 = CARTESIAN_POINT ( 'NONE',  ( -0.04789211383029440966, 12.49999999997896616, 331.9305341302065813 ) ) ;
#4455 = DIRECTION ( 'NONE',  ( -1.000000000000000000, 0.000000000000000000, 0.000000000000000000 ) ) ;
#4456 = CARTESIAN_POINT ( 'NONE',  ( 169.0000000000000000, -14.22106106644589474, 575.0000000000000000 ) ) ;
#4457 = ORIENTED_EDGE ( 'NONE', *, *, #862, .F. ) ;
#4458 = VERTEX_POINT ( 'NONE', #6603 ) ;
#4459 = CARTESIAN_POINT ( 'NONE',  ( -13.46373334931175236, -12.49999999999934275, 326.5155442505233054 ) ) ;
#4460 = AXIS2_PLACEMENT_3D ( 'NONE', #7706, #1928, #3189 ) ;
#4461 = CARTESIAN_POINT ( 'NONE',  ( 179.3353955515234475, -0.3613042822430801437, 179.9999999999999432 ) ) ;
#4462 = CARTESIAN_POINT ( 'NONE',  ( -13.26716325262118445, 4.307055261082852304, 0.000000000000000000 ) ) ;
#4463 = CARTESIAN_POINT ( 'NONE',  ( -26.91668749295584107, 19.59378708946727699, 264.9999999999998863 ) ) ;
#4464 = EDGE_CURVE ( 'NONE', #3579, #7111, #692, .T. ) ;
#4465 = CARTESIAN_POINT ( 'NONE',  ( -12.88517086626757902, -0.2821316319747658174, 344.9945226424656539 ) ) ;
#4466 = CARTESIAN_POINT ( 'NONE',  ( 151.2835857570857456, -0.3310402109622484490, 479.9993559385933395 ) ) ;
#4467 = ORIENTED_EDGE ( 'NONE', *, *, #479, .F. ) ;
#4468 = CARTESIAN_POINT ( 'NONE',  ( 3.831542931307105881, 10.56784917290280390, 479.9999999999999432 ) ) ;
#4469 = CARTESIAN_POINT ( 'NONE',  ( 178.6509928305549693, -0.2080843563998996115, 480.0000000000001137 ) ) ;
#4470 = VECTOR ( 'NONE', #5314, 1000.000000000000000 ) ;
#4471 = CARTESIAN_POINT ( 'NONE',  ( 97.66268544201224699, -3.064417148481291875, 479.9978899294509915 ) ) ;
#4472 = CARTESIAN_POINT ( 'NONE',  ( 179.1817015099051389, -0.2984686403942442001, 480.0000000000003411 ) ) ;
#4473 = ADVANCED_FACE ( 'NONE', ( #2015, #7291 ), #7896, .T. ) ;
#4474 = LINE ( 'NONE', #1105, #3147 ) ;
#4475 = CARTESIAN_POINT ( 'NONE',  ( -13.57097447633829823, 4.820215489182292146, 345.0347655578313493 ) ) ;
#4476 = ORIENTED_EDGE ( 'NONE', *, *, #2939, .F. ) ;
#4477 = CARTESIAN_POINT ( 'NONE',  ( -12.09527791912904604, 5.928267616272923313, 480.0000000000003979 ) ) ;
#4478 = CARTESIAN_POINT ( 'NONE',  ( 179.3669371508039774, -0.3693641824639470328, 484.8000000000002956 ) ) ;
#4479 = CARTESIAN_POINT ( 'NONE',  ( 176.5049536091283926, -0.2111021881640229581, 479.9999999999999432 ) ) ;
#4480 = ORIENTED_EDGE ( 'NONE', *, *, #5705, .F. ) ;
#4481 = CARTESIAN_POINT ( 'NONE',  ( 56.45759273064744121, 13.29499853690515110, 480.0000000000000000 ) ) ;
#4482 = CARTESIAN_POINT ( 'NONE',  ( -9.899836811204282938, -1.054570910742610446, 479.9999999999999432 ) ) ;
#4483 = EDGE_LOOP ( 'NONE', ( #1304, #2883, #1626, #8346 ) ) ;
#4484 = ADVANCED_FACE ( 'NONE', ( #6693 ), #7169, .F. ) ;
#4485 = CARTESIAN_POINT ( 'NONE',  ( 0.7543231281302865687, 12.21830509648270535, 261.6197497234834941 ) ) ;
#4486 = CARTESIAN_POINT ( 'NONE',  ( 47.18425901827552593, -4.066583759507121698, 479.9999999999998295 ) ) ;
#4487 = CARTESIAN_POINT ( 'NONE',  ( -15.99267748109062204, 2.960965168139286341, 479.9991435751491622 ) ) ;
#4488 = CARTESIAN_POINT ( 'NONE',  ( -17.01038970658837712, 12.50000000000000178, 264.5149482895283199 ) ) ;
#4489 = CARTESIAN_POINT ( 'NONE',  ( -2.806201488262016319, -2.192863492593958963, 484.8000000000001819 ) ) ;
#4490 = CARTESIAN_POINT ( 'NONE',  ( -0.8831871637797010788, 12.50000000000000178, 324.9999999999999432 ) ) ;
#4491 = CARTESIAN_POINT ( 'NONE',  ( -4.169856507788940903, 12.49999999999852207, 333.2540547568554530 ) ) ;
#4492 = ORIENTED_EDGE ( 'NONE', *, *, #5596, .F. ) ;
#4493 = CARTESIAN_POINT ( 'NONE',  ( -0.5398150155992577082, 9.074273636257252917, 0.000000000000000000 ) ) ;
#4494 = CARTESIAN_POINT ( 'NONE',  ( 178.8539800315950856, -0.2382310492963828352, 479.9999999999992042 ) ) ;
#4495 = CARTESIAN_POINT ( 'NONE',  ( -15.54460650934197652, -12.49999999999999822, 266.7443854084634154 ) ) ;
#4496 = CARTESIAN_POINT ( 'NONE',  ( -6.605391032780413951, -1.789149591697426489, 264.9999999999998295 ) ) ;
#4497 = CARTESIAN_POINT ( 'NONE',  ( -5.649644373067813419, -13.91494016601441785, 527.5000000000000000 ) ) ;
#4498 = FACE_OUTER_BOUND ( 'NONE', #4483, .T. ) ;
#4499 = CARTESIAN_POINT ( 'NONE',  ( -60.00000000000000000, 1.111937530143962858E-13, 300.6000000000000227 ) ) ;
#4500 = CARTESIAN_POINT ( 'NONE',  ( -12.85351093981824278, 12.50000000000000000, 262.4821930272160557 ) ) ;
#4501 = ORIENTED_EDGE ( 'NONE', *, *, #3953, .F. ) ;
#4502 = EDGE_LOOP ( 'NONE', ( #3151, #6732, #5837 ) ) ;
#4503 = CARTESIAN_POINT ( 'NONE',  ( -18.56527420491974922, -12.50000000000000000, 322.6273553487373533 ) ) ;
#4504 = CARTESIAN_POINT ( 'NONE',  ( 179.4204609533074688, -0.3570514245017287758, 179.9999999999998295 ) ) ;
#4505 = CARTESIAN_POINT ( 'NONE',  ( -11.74995525580223621, 6.095480333916906801, 479.9999999999994884 ) ) ;
#4506 = CARTESIAN_POINT ( 'NONE',  ( -14.93602773031676811, 3.545975501662243179, 264.9999999999729994 ) ) ;
#4507 = CARTESIAN_POINT ( 'NONE',  ( -8.885311543337675033, -1.346397256234482143, 324.9999999999820943 ) ) ;
#4508 = CARTESIAN_POINT ( 'NONE',  ( 68.23096321071712111, 12.86212786476685643, 480.0009413388701205 ) ) ;
#4509 = ORIENTED_EDGE ( 'NONE', *, *, #6447, .F. ) ;
#4510 = CARTESIAN_POINT ( 'NONE',  ( 23.80337536030227952, 12.38676476288977035, 0.000000000000000000 ) ) ;
#4511 = CARTESIAN_POINT ( 'NONE',  ( 177.0046165631569579, 0.1327844466082449826, 480.0000000000003979 ) ) ;
#4512 = CARTESIAN_POINT ( 'NONE',  ( 104.3302884181620982, -2.731129061152095083, 480.0011662138249449 ) ) ;
#4513 = CARTESIAN_POINT ( 'NONE',  ( 178.5002571078444760, -0.1808399222023152619, 484.7999999999998977 ) ) ;
#4514 = CARTESIAN_POINT ( 'NONE',  ( 3.887718366403030590, -2.608179135349111721, 479.0499999999999545 ) ) ;
#4515 = CARTESIAN_POINT ( 'NONE',  ( -15.99555047213168457, 2.357952969319697445, 345.0414670054667567 ) ) ;
#4516 = CARTESIAN_POINT ( 'NONE',  ( -44.65024986815784303, -3.039637022852069492, 575.0000000000015916 ) ) ;
#4517 = CARTESIAN_POINT ( 'NONE',  ( 179.6687298249291302, -0.3844909701427686732, 480.0000000000003411 ) ) ;
#4518 = CARTESIAN_POINT ( 'NONE',  ( 117.0567189472686067, -2.008520347292762853, 484.8000000000000114 ) ) ;
#4519 = CARTESIAN_POINT ( 'NONE',  ( -15.00000000000001421, 24.99999999999998934, 575.0000000000000000 ) ) ;
#4520 = CARTESIAN_POINT ( 'NONE',  ( 38.17742453950771164, -4.042005049357404900, 484.7999999999994998 ) ) ;
#4521 = DIRECTION ( 'NONE',  ( -1.000000000000000000, 0.000000000000000000, -0.000000000000000000 ) ) ;
#4522 = CIRCLE ( 'NONE', #388, 3.149999999999999911 ) ;
#4523 = CARTESIAN_POINT ( 'NONE',  ( 61.49773537197074091, -25.00000000000000000, 575.0000000000000000 ) ) ;
#4524 = CARTESIAN_POINT ( 'NONE',  ( 179.3632465853308133, -0.3292612746519080202, 179.9999999999999147 ) ) ;
#4525 =( BOUNDED_SURFACE ( )  B_SPLINE_SURFACE ( 3, 2, ( 
 ( #1676, #4313, #6347 ),
 ( #6918, #8407, #6305 ),
 ( #3018, #995, #3627 ),
 ( #7759, #5655, #6265 ),
 ( #8275, #1040, #7669 ),
 ( #1716, #2977, #6389 ),
 ( #2504, #4354, #2326 ),
 ( #4968, #8361, #3062 ),
 ( #2369, #7587, #1172 ),
 ( #5007, #7629, #1125 ),
 ( #6954, #3666, #7037 ),
 ( #6993, #3754, #1080 ),
 ( #3708, #5697, #8320 ),
 ( #2415, #5049, #1759 ),
 ( #4400, #474, #523 ),
 ( #3107, #5743, #2462 ),
 ( #5094, #1803, #4444 ),
 ( #5137, #3150, #7083 ),
 ( #3801, #6435, #4277 ),
 ( #2589, #5951, #1331 ),
 ( #3275, #6520, #609 ),
 ( #3932, #2546, #3319 ),
 ( #1850, #4011, #5305 ),
 ( #2629, #734, #6480 ),
 ( #6561, #3236, #7803 ),
 ( #85, #8451, #7930 ),
 ( #1935, #1212, #3361 ),
 ( #7124, #4491, #1256 ),
 ( #5867, #5908, #5179 ),
 ( #5218, #8491, #1890 ),
 ( #3846, #7847, #6645 ),
 ( #5997, #4574, #569 ) ),
 .UNSPECIFIED., .F., .F., .T. ) 
 B_SPLINE_SURFACE_WITH_KNOTS ( ( 4, 2, 2, 2, 2, 2, 2, 2, 2, 2, 2, 2, 2, 2, 2, 4 ),
 ( 3, 3 ),
 ( 0.000000000000000000, 0.005076588037395299464, 0.01015317607479059893, 0.01269147009348824823, 0.01396061710283707374, 0.01522976411218589926, 0.01649891112153472478, 0.01776805813088355029, 0.02030635214958119786, 0.02284464616827884542, 0.02538294018697649645, 0.02792123420567414749, 0.03045952822437179852, 0.03299782224306944955, 0.03553611626176710059, 0.04061270429916239572 ),
 ( 0.000000000000000000, 1.000000000000000000 ),
 .UNSPECIFIED. ) 
 GEOMETRIC_REPRESENTATION_ITEM ( )  RATIONAL_B_SPLINE_SURFACE ( (
 ( 1.000000000000000000, 0.7071067811865550112, 1.000000000000000000),
 ( 1.000000000000000000, 0.7132603094352806261, 1.000000000000000000),
 ( 1.000000000000000000, 0.7205295001356261109, 1.000000000000000000),
 ( 1.000000000000000000, 0.7392586772806707396, 1.000000000000000000),
 ( 1.000000000000000000, 0.7507161550120684534, 1.000000000000000000),
 ( 1.000000000000000000, 0.7732670154297137666, 1.000000000000000000),
 ( 1.000000000000000000, 0.7816960491823292667, 1.000000000000000000),
 ( 1.000000000000000000, 0.7954581567053613522, 1.000000000000000000),
 ( 1.000000000000000000, 0.8002424611168575952, 1.000000000000000000),
 ( 1.000000000000000000, 0.8098381352615474649, 1.000000000000000000),
 ( 1.000000000000000000, 0.8145148411411305966, 1.000000000000000000),
 ( 1.000000000000000000, 0.8239194465402360779, 1.000000000000000000),
 ( 1.000000000000000000, 0.8285449720830607712, 1.000000000000000000),
 ( 1.000000000000000000, 0.8382885225396389250, 1.000000000000000000),
 ( 1.000000000000000000, 0.8432799067639228374, 1.000000000000000000),
 ( 1.000000000000000000, 0.8579898794995544087, 1.000000000000000000),
 ( 1.000000000000000000, 0.8675011509751511252, 1.000000000000000000),
 ( 1.000000000000000000, 0.8846708789757640190, 1.000000000000000000),
 ( 1.000000000000000000, 0.8924262370424992374, 1.000000000000000000),
 ( 1.000000000000000000, 0.9056584734098030998, 1.000000000000000000),
 ( 1.000000000000000000, 0.9111684379849988025, 1.000000000000000000),
 ( 1.000000000000000000, 0.9215294538167534411, 1.000000000000000000),
 ( 1.000000000000000000, 0.9262099668502745686, 1.000000000000000000),
 ( 1.000000000000000000, 0.9345375583182182755, 1.000000000000000000),
 ( 1.000000000000000000, 0.9383310258570343176, 1.000000000000000000),
 ( 1.000000000000000000, 0.9452216832127700030, 1.000000000000000000),
 ( 1.000000000000000000, 0.9483003444665738524, 1.000000000000000000),
 ( 1.000000000000000000, 0.9540209635145224798, 1.000000000000000000),
 ( 1.000000000000000000, 0.9566619126313592458, 1.000000000000000000),
 ( 1.000000000000000000, 0.9640317284015770261, 1.000000000000000000),
 ( 1.000000000000000000, 0.9682147936867498972, 1.000000000000000000),
 ( 1.000000000000000000, 0.9719246681125763843, 1.000000000000000000) ) ) 
 REPRESENTATION_ITEM ( '' )  SURFACE ( )  );
#4526 = DIRECTION ( 'NONE',  ( -0.000000000000000000, -0.000000000000000000, -1.000000000000000000 ) ) ;
#4527 = CARTESIAN_POINT ( 'NONE',  ( -5.395762043529284568, -1.853783416960951946, 479.9999999999996021 ) ) ;
#4528 = CARTESIAN_POINT ( 'NONE',  ( 39.50000000000002842, -4.129413519195018090, 318.9999999999999432 ) ) ;
#4529 = DIRECTION ( 'NONE',  ( 0.9665344407268795512, 0.2565368879689196580, 0.000000000000000000 ) ) ;
#4530 = ORIENTED_EDGE ( 'NONE', *, *, #1518, .T. ) ;
#4531 = CARTESIAN_POINT ( 'NONE',  ( 179.2657871775458602, -0.3122779496695076706, 480.0000000000000568 ) ) ;
#4532 = CARTESIAN_POINT ( 'NONE',  ( 178.3958487530745458, -0.2782054806067417174, 479.0499999999996703 ) ) ;
#4533 = AXIS2_PLACEMENT_3D ( 'NONE', #3810, #7770, #5188 ) ;
#4534 = CARTESIAN_POINT ( 'NONE',  ( -20.41292871695304356, -12.50000000000064659, 264.3036737781866350 ) ) ;
#4535 = CARTESIAN_POINT ( 'NONE',  ( 9.474619149458389344, -3.380334777589153905, 244.9866464869625418 ) ) ;
#4536 = CARTESIAN_POINT ( 'NONE',  ( 26.44940346370246687, -4.163671417925266738, 0.000000000000000000 ) ) ;
#4537 = DIRECTION ( 'NONE',  ( -1.000000000000000000, 0.000000000000000000, 0.000000000000000000 ) ) ;
#4538 = CARTESIAN_POINT ( 'NONE',  ( 68.50000000000001421, -3.961987655314662238, 321.9999999999999432 ) ) ;
#4539 = AXIS2_PLACEMENT_3D ( 'NONE', #7204, #606, #83 ) ;
#4540 = CARTESIAN_POINT ( 'NONE',  ( -59.00000000000000000, 7.500000000000002665, 319.9999999999998863 ) ) ;
#4541 = VERTEX_POINT ( 'NONE', #2718 ) ;
#4542 = EDGE_CURVE ( 'NONE', #7848, #2864, #6648, .T. ) ;
#4543 = EDGE_LOOP ( 'NONE', ( #8080, #297, #7393, #335, #884, #7734, #4984 ) ) ;
#4544 = CARTESIAN_POINT ( 'NONE',  ( -12.90570535983931677, -10.07107082227582495, 328.0385051406419166 ) ) ;
#4545 = AXIS2_PLACEMENT_3D ( 'NONE', #3629, #8237, #4972 ) ;
#4546 = FACE_OUTER_BOUND ( 'NONE', #1686, .T. ) ;
#4547 = CARTESIAN_POINT ( 'NONE',  ( -16.12105712665058732, 2.776075199643781133, 479.9999999999994316 ) ) ;
#4548 = DIRECTION ( 'NONE',  ( -2.040851148208007998E-16, 0.000000000000000000, -1.000000000000000000 ) ) ;
#4549 = CARTESIAN_POINT ( 'NONE',  ( -15.90498867984576492, 1.876209011491856371, 265.0000000000177920 ) ) ;
#4550 = CARTESIAN_POINT ( 'NONE',  ( 4.458388011938455797, -23.03475331601590526, 324.9999999999999432 ) ) ;
#4551 = CARTESIAN_POINT ( 'NONE',  ( 13.18258900499396979, 11.89450070430799222, 480.0000000000000000 ) ) ;
#4552 = EDGE_CURVE ( 'NONE', #7661, #1825, #6606, .T. ) ;
#4553 = VERTEX_POINT ( 'NONE', #5345 ) ;
#4554 = CARTESIAN_POINT ( 'NONE',  ( 75.28089048217225354, 12.50959537089430995, 484.7999999999996703 ) ) ;
#4555 = CARTESIAN_POINT ( 'NONE',  ( 168.5388129523746841, 1.750899084143203055, 484.7999999999999545 ) ) ;
#4556 = CARTESIAN_POINT ( 'NONE',  ( 102.6636406421289962, -2.819214149280331316, 479.9997614249883782 ) ) ;
#4557 = CARTESIAN_POINT ( 'NONE',  ( 179.3263229515422381, -0.3230349388478090944, 0.000000000000000000 ) ) ;
#4558 = AXIS2_PLACEMENT_3D ( 'NONE', #503, #2351, #6975 ) ;
#4559 = CARTESIAN_POINT ( 'NONE',  ( -8.339108326147751882, 7.151132856167804697, 245.0290801617271086 ) ) ;
#4560 = CARTESIAN_POINT ( 'NONE',  ( -15.18483775152233584, 3.454324340328764897, 324.9999999999820943 ) ) ;
#4561 = CARTESIAN_POINT ( 'NONE',  ( -13.80229841147380476, 4.750272373815064064, 479.0500000000001251 ) ) ;
#4562 = CARTESIAN_POINT ( 'NONE',  ( 179.6244055232605774, -0.3892075884706535649, 484.8000000000005230 ) ) ;
#4563 = CARTESIAN_POINT ( 'NONE',  ( 169.3096507831619988, -0.05739117070157361000, 479.9999999999999432 ) ) ;
#4564 = CARTESIAN_POINT ( 'NONE',  ( 10.09122730323776906, 11.25906177100057981, 245.0215633017271273 ) ) ;
#4565 = CARTESIAN_POINT ( 'NONE',  ( 169.3096507831619988, -0.05739117070157361000, 479.9999999999999432 ) ) ;
#4566 = DIRECTION ( 'NONE',  ( -0.000000000000000000, 1.000000000000000000, -0.000000000000000000 ) ) ;
#4567 = CARTESIAN_POINT ( 'NONE',  ( -16.00014997607325640, 1.368564198422710820, 479.9985501649011326 ) ) ;
#4568 = EDGE_CURVE ( 'NONE', #2505, #1202, #6565, .T. ) ;
#4569 = CARTESIAN_POINT ( 'NONE',  ( 34.92950548548044765, -12.00000000000000000, 575.0000000000000000 ) ) ;
#4570 = DIRECTION ( 'NONE',  ( 0.000000000000000000, 0.000000000000000000, 1.000000000000000000 ) ) ;
#4571 = VECTOR ( 'NONE', #3323, 1000.000000000000000 ) ;
#4572 = CARTESIAN_POINT ( 'NONE',  ( -14.77446611049176539, 0.4827928383448676919, 480.0000000000004547 ) ) ;
#4573 = CARTESIAN_POINT ( 'NONE',  ( 45.00000000000002132, -4.146923868913771294, 321.9999999999999432 ) ) ;
#4574 = CARTESIAN_POINT ( 'NONE',  ( 2.314870265122101589, 12.50000000000000533, 335.5348242932169001 ) ) ;
#4575 = ORIENTED_EDGE ( 'NONE', *, *, #2574, .F. ) ;
#4576 = CARTESIAN_POINT ( 'NONE',  ( 179.3347843922599623, -0.3647405849131249433, 480.0000000000000568 ) ) ;
#4577 = CARTESIAN_POINT ( 'NONE',  ( 212.9957845710564186, 6.005682897264163600, 575.0000000000000000 ) ) ;
#4578 = DIRECTION ( 'NONE',  ( -0.000000000000000000, 1.000000000000000000, -0.000000000000000000 ) ) ;
#4579 = DIRECTION ( 'NONE',  ( -0.000000000000000000, -0.000000000000000000, 1.000000000000000000 ) ) ;
#4580 = ADVANCED_FACE ( 'NONE', ( #1632 ), #5566, .F. ) ;
#4581 = CARTESIAN_POINT ( 'NONE',  ( -8.604978570547066496, 7.220244263860298162, 345.0291663668443221 ) ) ;
#4582 = FACE_OUTER_BOUND ( 'NONE', #6225, .T. ) ;
#4583 = LINE ( 'NONE', #6657, #4385 ) ;
#4584 = VERTEX_POINT ( 'NONE', #6865 ) ;
#4585 = EDGE_LOOP ( 'NONE', ( #5008, #507 ) ) ;
#4586 = DIRECTION ( 'NONE',  ( -0.8837879163470631072, -0.4678877204190302064, -0.000000000000000000 ) ) ;
#4587 = CARTESIAN_POINT ( 'NONE',  ( 179.2315126259064186, -0.3578129704344401585, 179.9999999999998295 ) ) ;
#4588 = CARTESIAN_POINT ( 'NONE',  ( -15.94654598711147209, 3.044971948289679098, 484.8000000000002956 ) ) ;
#4589 = PLANE ( 'NONE',  #5287 ) ;
#4590 = EDGE_CURVE ( 'NONE', #562, #397, #5435, .T. ) ;
#4591 = CARTESIAN_POINT ( 'NONE',  ( -34.94936268364015319, 8.109018906392515547, 264.9999999999997726 ) ) ;
#4592 = CARTESIAN_POINT ( 'NONE',  ( -0.6776944680203706994, -22.62017680170664136, 324.9999999999998863 ) ) ;
#4593 = CARTESIAN_POINT ( 'NONE',  ( -36.09068000410876209, 2.422875772635949776, 324.9999999999997726 ) ) ;
#4594 = VERTEX_POINT ( 'NONE', #3488 ) ;
#4595 = CARTESIAN_POINT ( 'NONE',  ( -5.564543446643932079, 7.726004115337648415, 0.000000000000000000 ) ) ;
#4596 = VECTOR ( 'NONE', #6879, 1000.000000000000000 ) ;
#4597 = CARTESIAN_POINT ( 'NONE',  ( 175.6110887918231640, 0.4129181052290945009, 0.000000000000000000 ) ) ;
#4598 = CARTESIAN_POINT ( 'NONE',  ( -33.77870876562938918, -12.49999999999999822, 319.9999999999997726 ) ) ;
#4599 = CARTESIAN_POINT ( 'NONE',  ( 177.0046165631569579, 0.1327844466082449826, 480.0000000000003979 ) ) ;
#4600 = AXIS2_PLACEMENT_3D ( 'NONE', #4201, #2164, #2208 ) ;
#4601 = CARTESIAN_POINT ( 'NONE',  ( 40.92950548548041922, -4.126272407088366734, 336.9999999999998863 ) ) ;
#4602 = CARTESIAN_POINT ( 'NONE',  ( -15.26820359194698007, 3.421744675789320844, 345.0387155755881281 ) ) ;
#4603 = CARTESIAN_POINT ( 'NONE',  ( -15.77051723561674557, 1.444889690021423645, 479.0500000000002956 ) ) ;
#4604 = CARTESIAN_POINT ( 'NONE',  ( 178.6847221162436767, -0.3136579833724381650, 0.000000000000000000 ) ) ;
#4605 = B_SPLINE_CURVE_WITH_KNOTS ( 'NONE', 3,
 ( #5836, #4667, #8501, #3205 ),
 .UNSPECIFIED., .F., .F.,
 ( 4, 4 ),
 ( 3.469446951953614189E-18, 0.008588374218139988026 ),
 .UNSPECIFIED. ) ;
#4606 = CARTESIAN_POINT ( 'NONE',  ( 141.7426040282930728, -0.7009724672339195939, 480.0000000000000000 ) ) ;
#4607 = CARTESIAN_POINT ( 'NONE',  ( 26.77671796540631632, 13.00899827302828093, 479.9999999999999432 ) ) ;
#4608 = CARTESIAN_POINT ( 'NONE',  ( 61.85332123469070353, -3.986671831729384774, 479.9999999999992042 ) ) ;
#4609 = CARTESIAN_POINT ( 'NONE',  ( 137.4672068873614990, -25.15218399402633764, 179.9999999999999716 ) ) ;
#4610 = AXIS2_PLACEMENT_3D ( 'NONE', #1801, #8196, #5091 ) ;
#4611 = CARTESIAN_POINT ( 'NONE',  ( -14.66448780168324184, 0.4335785250230530519, 480.0026340418563109 ) ) ;
#4612 = CARTESIAN_POINT ( 'NONE',  ( 178.7660135913587851, -0.2281305480646686479, 179.9999999999999147 ) ) ;
#4613 = CARTESIAN_POINT ( 'NONE',  ( 45.00000000000002132, -4.146923868913771294, 321.9999999999999432 ) ) ;
#4614 = CARTESIAN_POINT ( 'NONE',  ( -6.431983354062349001, -1.971677242654267248, 0.000000000000000000 ) ) ;
#4615 = B_SPLINE_CURVE_WITH_KNOTS ( 'NONE', 3,
 ( #5323, #7910, #792, #6708 ),
 .UNSPECIFIED., .F., .F.,
 ( 4, 4 ),
 ( 2.359479019930957698E-17, 0.001498743081419208045 ),
 .UNSPECIFIED. ) ;
#4616 = CARTESIAN_POINT ( 'NONE',  ( 1.389936855151710837, -10.68194167344015355, 260.9000929566340119 ) ) ;
#4617 = DIRECTION ( 'NONE',  ( 0.000000000000000000, 0.000000000000000000, -1.000000000000000000 ) ) ;
#4618 = ORIENTED_EDGE ( 'NONE', *, *, #6620, .T. ) ;
#4619 = CARTESIAN_POINT ( 'NONE',  ( 74.00000000000002842, -7.000000000000000000, 321.9999999999999432 ) ) ;
#4620 = CARTESIAN_POINT ( 'NONE',  ( 178.7194997551630138, -0.2125762449538796950, 480.0000000000010232 ) ) ;
#4621 = EDGE_CURVE ( 'NONE', #7115, #3100, #7499, .T. ) ;
#4622 = VECTOR ( 'NONE', #2108, 1000.000000000000000 ) ;
#4623 = CARTESIAN_POINT ( 'NONE',  ( 55.99999999999999289, 0.000000000000000000, 575.0000000000000000 ) ) ;
#4624 = FACE_OUTER_BOUND ( 'NONE', #3206, .T. ) ;
#4625 = CARTESIAN_POINT ( 'NONE',  ( -16.04571079313861404, 1.868108738691283355, 345.0354188185255566 ) ) ;
#4626 = CARTESIAN_POINT ( 'NONE',  ( 60.11928745629785453, -4.073896223636812586, 338.9999999999996021 ) ) ;
#4627 = CARTESIAN_POINT ( 'NONE',  ( 45.00000000000000711, -4.148680361291821050, 318.9999999999999432 ) ) ;
#4628 = VERTEX_POINT ( 'NONE', #2193 ) ;
#4629 = ORIENTED_EDGE ( 'NONE', *, *, #1145, .T. ) ;
#4630 = CARTESIAN_POINT ( 'NONE',  ( 160.6151376147503811, -0.05057409969750912421, 479.0500000000002956 ) ) ;
#4631 = EDGE_CURVE ( 'NONE', #8428, #2864, #6912, .T. ) ;
#4632 = PLANE ( 'NONE',  #8121 ) ;
#4633 = DIRECTION ( 'NONE',  ( 1.000000000000000000, 0.000000000000000000, -0.000000000000000000 ) ) ;
#4634 = CARTESIAN_POINT ( 'NONE',  ( -15.76273685713448103, 2.398221968298321460, 245.0402712755192454 ) ) ;
#4635 = CARTESIAN_POINT ( 'NONE',  ( -6.728487315682357917, -1.723499873398619764, 344.9887744697891776 ) ) ;
#4636 = CARTESIAN_POINT ( 'NONE',  ( 0.000000000000000000, 0.000000000000000000, 571.0000000000000000 ) ) ;
#4637 = VERTEX_POINT ( 'NONE', #4098 ) ;
#4638 = ORIENTED_EDGE ( 'NONE', *, *, #1740, .F. ) ;
#4639 = CARTESIAN_POINT ( 'NONE',  ( -15.06641030865099928, 4.009126210267029755, 484.8000000000005798 ) ) ;
#4640 = ORIENTED_EDGE ( 'NONE', *, *, #4786, .T. ) ;
#4641 = CARTESIAN_POINT ( 'NONE',  ( 117.7004243908100278, 8.793235754207634258, 484.8000000000002956 ) ) ;
#4642 = CARTESIAN_POINT ( 'NONE',  ( 13.99999999999998224, 7.225416114969380052E-15, 519.9999999999998863 ) ) ;
#4643 = CARTESIAN_POINT ( 'NONE',  ( 177.8057320114086224, -0.04337092150346232716, 484.8000000000001251 ) ) ;
#4644 = DIRECTION ( 'NONE',  ( 0.9999999633568098512, 0.000000000000000000, -0.0002707145712821379391 ) ) ;
#4645 = CARTESIAN_POINT ( 'NONE',  ( -15.94953281760676944, 2.481420517742272569, 345.0415832739216739 ) ) ;
#4646 = CARTESIAN_POINT ( 'NONE',  ( -5.587243186941035056, 8.418419434613257479, 479.9999999999999432 ) ) ;
#4647 = CARTESIAN_POINT ( 'NONE',  ( 179.0143533623989072, -0.2708056270297092283, 479.9999999999998863 ) ) ;
#4648 = CARTESIAN_POINT ( 'NONE',  ( 149.9332925707352899, -0.3680740951641573999, 484.7999999999997840 ) ) ;
#4649 = EDGE_CURVE ( 'NONE', #4326, #5592, #6676, .T. ) ;
#4650 = EDGE_CURVE ( 'NONE', #5306, #464, #6780, .T. ) ;
#4651 = CARTESIAN_POINT ( 'NONE',  ( 16.63624100555432861, 12.10694375246717591, 479.0500000000004093 ) ) ;
#4652 = CARTESIAN_POINT ( 'NONE',  ( 145.7334717553644907, -0.5313475993625904614, 484.8000000000000114 ) ) ;
#4653 = LINE ( 'NONE', #4007, #1694 ) ;
#4654 = CARTESIAN_POINT ( 'NONE',  ( -0.8810422564203866935, 12.50000000000000178, 332.9173234560227002 ) ) ;
#4655 = CARTESIAN_POINT ( 'NONE',  ( 45.00000000000000711, -4.140288257927823956, 333.3333333333216046 ) ) ;
#4656 = CARTESIAN_POINT ( 'NONE',  ( 103.2653338806589858, -2.792091226207813026, 479.9999999999998863 ) ) ;
#4657 = ORIENTED_EDGE ( 'NONE', *, *, #3823, .T. ) ;
#4658 = CARTESIAN_POINT ( 'NONE',  ( -16.32495259122673659, 1.939807044512829259, 484.7999999999998977 ) ) ;
#4659 = CARTESIAN_POINT ( 'NONE',  ( 178.5697380513917949, -0.1835547536513795208, 480.0000000000021032 ) ) ;
#4660 = VECTOR ( 'NONE', #3614, 1000.000000000000000 ) ;
#4661 = CIRCLE ( 'NONE', #6595, 5.000000000000000000 ) ;
#4662 = FACE_OUTER_BOUND ( 'NONE', #3162, .T. ) ;
#4663 = LINE ( 'NONE', #4794, #7909 ) ;
#4664 = ADVANCED_FACE ( 'NONE', ( #2846 ), #5286, .T. ) ;
#4665 = CARTESIAN_POINT ( 'NONE',  ( -12.91735546884947006, 5.232661954313382324, 345.0335944169587492 ) ) ;
#4666 = DIRECTION ( 'NONE',  ( -1.000000000000000000, 0.000000000000000000, 0.000000000000000000 ) ) ;
#4667 = CARTESIAN_POINT ( 'NONE',  ( 29.20425145656019694, -3.914517587211406191, 479.9999999990977244 ) ) ;
#4668 = ORIENTED_EDGE ( 'NONE', *, *, #6799, .F. ) ;
#4669 = ORIENTED_EDGE ( 'NONE', *, *, #1507, .T. ) ;
#4670 = CARTESIAN_POINT ( 'NONE',  ( -1.336958090026947321, -10.48761348089770706, 329.0091915852058264 ) ) ;
#4671 = CARTESIAN_POINT ( 'NONE',  ( 198.6294900719518921, -0.4063160304696958325, 575.0000000000000000 ) ) ;
#4672 = DIRECTION ( 'NONE',  ( -1.000000000000000000, 0.000000000000000000, 0.000000000000000000 ) ) ;
#4673 = CARTESIAN_POINT ( 'NONE',  ( -15.86603052968228411, 2.029874186739111241, 245.0377755898034309 ) ) ;
#4674 = CARTESIAN_POINT ( 'NONE',  ( -8.883320394436914569, -1.336504943440441684, 344.9899046721196214 ) ) ;
#4675 = CARTESIAN_POINT ( 'NONE',  ( 3.017542716675205128, -2.887864038438730407, 344.9868015625749536 ) ) ;
#4676 = EDGE_LOOP ( 'NONE', ( #293, #1275, #7654, #715 ) ) ;
#4677 = EDGE_CURVE ( 'NONE', #2820, #1483, #600, .T. ) ;
#4678 = EDGE_LOOP ( 'NONE', ( #7813, #6049, #1760, #4852 ) ) ;
#4679 = CARTESIAN_POINT ( 'NONE',  ( -9.835633092365277719, 6.154454219204675169, 0.000000000000000000 ) ) ;
#4680 = AXIS2_PLACEMENT_3D ( 'NONE', #4642, #2485, #5118 ) ;
#4681 = VERTEX_POINT ( 'NONE', #2008 ) ;
#4682 = CARTESIAN_POINT ( 'NONE',  ( 146.1556661685591791, 5.183276309448398678, 484.8000000000006366 ) ) ;
#4683 = CARTESIAN_POINT ( 'NONE',  ( 0.7549895177636426480, 12.21775023856431197, 258.1993843836480096 ) ) ;
#4684 = CARTESIAN_POINT ( 'NONE',  ( 173.6507730386431092, 0.8113716344267045688, 479.9999999999997726 ) ) ;
#4685 = PLANE ( 'NONE',  #435 ) ;
#4686 = CIRCLE ( 'NONE', #5645, 1.400000000000012346 ) ;
#4687 = CARTESIAN_POINT ( 'NONE',  ( -31.80392852207191723, 14.76462181532018469, 324.9999999999998863 ) ) ;
#4688 = CARTESIAN_POINT ( 'NONE',  ( -15.08626183612569882, 0.6455748330516541955, 480.0000000000008527 ) ) ;
#4689 = CARTESIAN_POINT ( 'NONE',  ( 179.3778021966970186, -0.3303521873997964931, 484.8000000000002956 ) ) ;
#4690 = CARTESIAN_POINT ( 'NONE',  ( 179.0968659960553566, -0.3456625538016619426, 480.0000000000009663 ) ) ;
#4691 = CARTESIAN_POINT ( 'NONE',  ( 43.81677558687979257, 13.11397923034863489, 0.000000000000000000 ) ) ;
#4692 = CARTESIAN_POINT ( 'NONE',  ( 73.69076227093798082, -3.808170903544597863, 484.8000000000006366 ) ) ;
#4693 = CARTESIAN_POINT ( 'NONE',  ( -32.13483718726371308, -12.49999999999999822, 269.9999999994550990 ) ) ;
#4694 = CARTESIAN_POINT ( 'NONE',  ( 13.99999999999998224, 7.225416114969380052E-15, 575.0000000000000000 ) ) ;
#4695 = ADVANCED_FACE ( 'NONE', ( #5859 ), #644, .F. ) ;
#4696 = DIRECTION ( 'NONE',  ( -1.000000000000000000, -0.000000000000000000, -0.000000000000000000 ) ) ;
#4697 = CARTESIAN_POINT ( 'NONE',  ( 142.8048684498582190, -16.00000000000000000, 575.0000000000000000 ) ) ;
#4698 = CARTESIAN_POINT ( 'NONE',  ( 73.59210265047120458, -4.039210583752561590, 0.000000000000000000 ) ) ;
#4699 = CARTESIAN_POINT ( 'NONE',  ( -3.858475975166894223, -2.357035085607076308, 0.000000000000000000 ) ) ;
#4700 = VERTEX_POINT ( 'NONE', #683 ) ;
#4701 = CARTESIAN_POINT ( 'NONE',  ( 179.5270031395164665, -0.3817499897318608060, 480.0000000000000568 ) ) ;
#4702 = CARTESIAN_POINT ( 'NONE',  ( 212.9394908278481466, 6.080007850377064038, 574.9999999999997726 ) ) ;
#4703 = CARTESIAN_POINT ( 'NONE',  ( 120.6869970914120387, -1.941669787251453227, 0.000000000000000000 ) ) ;
#4704 = CARTESIAN_POINT ( 'NONE',  ( 16.63842014545398129, -3.662441128202330365, 344.2717482186993152 ) ) ;
#4705 = LINE ( 'NONE', #6611, #1479 ) ;
#4706 = CARTESIAN_POINT ( 'NONE',  ( 93.15000000000000568, 3.642033860375762266, 495.0000000000000000 ) ) ;
#4707 = CARTESIAN_POINT ( 'NONE',  ( 171.1616830931408231, 1.285984647226983579, 480.0049617298898852 ) ) ;
#4708 = ORIENTED_EDGE ( 'NONE', *, *, #5035, .T. ) ;
#4709 = VERTEX_POINT ( 'NONE', #4564 ) ;
#4710 = CARTESIAN_POINT ( 'NONE',  ( 154.7602623957471621, -0.1362607920854368160, 479.0499999999999545 ) ) ;
#4711 = CARTESIAN_POINT ( 'NONE',  ( 179.2054849120906681, -0.3039472803388605926, 434.0000000000001705 ) ) ;
#4712 = EDGE_CURVE ( 'NONE', #3790, #4901, #5820, .T. ) ;
#4713 = CARTESIAN_POINT ( 'NONE',  ( -59.00000000000000000, 7.500000000000002665, 323.9999999999998863 ) ) ;
#4714 = CARTESIAN_POINT ( 'NONE',  ( -33.88974459108138149, -7.016527941877461316, 264.9999999999999432 ) ) ;
#4715 = CARTESIAN_POINT ( 'NONE',  ( 142.8048684498582190, 16.00000000000000000, 575.0000000000000000 ) ) ;
#4716 = CARTESIAN_POINT ( 'NONE',  ( -14.22817153037972027, 0.2196933798122692461, 344.9976912755981289 ) ) ;
#4717 = EDGE_LOOP ( 'NONE', ( #672, #4401 ) ) ;
#4718 = ORIENTED_EDGE ( 'NONE', *, *, #40, .T. ) ;
#4719 = B_SPLINE_CURVE_WITH_KNOTS ( 'NONE', 1,
 ( #1897, #8498 ),
 .UNSPECIFIED., .F., .F.,
 ( 2, 2 ),
 ( 0.7188237892052615763, 1.000000000007846612 ),
 .UNSPECIFIED. ) ;
#4720 = CARTESIAN_POINT ( 'NONE',  ( -15.41056863665070331, 2.051483865732729672, 0.000000000000000000 ) ) ;
#4721 = B_SPLINE_CURVE_WITH_KNOTS ( 'NONE', 3,
 ( #271, #6882, #2859, #1521, #3632, #2943 ),
 .UNSPECIFIED., .F., .F.,
 ( 4, 1, 1, 4 ),
 ( 0.9380370429649700359, 0.9435534584672748970, 0.9600782507486774753, 0.9726400598275890541 ),
 .UNSPECIFIED. ) ;
#4722 = EDGE_LOOP ( 'NONE', ( #4718, #6796 ) ) ;
#4723 = VECTOR ( 'NONE', #7677, 1000.000000000000000 ) ;
#4724 = CARTESIAN_POINT ( 'NONE',  ( 51.55371441909485242, 13.39694807013282229, 480.0000000000000000 ) ) ;
#4725 = DIRECTION ( 'NONE',  ( 0.000000000000000000, 0.000000000000000000, 1.000000000000000000 ) ) ;
#4726 = CARTESIAN_POINT ( 'NONE',  ( 135.3139765718591434, 6.645852033962916572, 484.8000000000000114 ) ) ;
#4727 = AXIS2_PLACEMENT_3D ( 'NONE', #5418, #3473, #7841 ) ;
#4728 = ADVANCED_FACE ( 'NONE', ( #5170 ), #1285, .F. ) ;
#4729 = CARTESIAN_POINT ( 'NONE',  ( -15.36408756940127951, 2.218202674539132779, 0.000000000000000000 ) ) ;
#4730 = CARTESIAN_POINT ( 'NONE',  ( -35.91197821312457705, -0.4662713687035577870, 324.9999999999999432 ) ) ;
#4731 = CARTESIAN_POINT ( 'NONE',  ( 2.985747477145740181, -2.542386213233397640, 479.0500000000000114 ) ) ;
#4732 = CARTESIAN_POINT ( 'NONE',  ( 178.5058532011818784, -0.1818291523457959413, 479.9999999999998863 ) ) ;
#4733 = CARTESIAN_POINT ( 'NONE',  ( 179.3669371508039774, -0.3693641824639470328, 484.8000000000002956 ) ) ;
#4734 = CARTESIAN_POINT ( 'NONE',  ( -31.22730333282699178, -12.50000000000132516, 324.8325647381793146 ) ) ;
#4735 = CIRCLE ( 'NONE', #3914, 1.000000000000000888 ) ;
#4736 = CARTESIAN_POINT ( 'NONE',  ( 1.336998951217469589, -10.73798275295996874, 306.4553019419448106 ) ) ;
#4737 = CARTESIAN_POINT ( 'NONE',  ( 178.0433737673311043, -0.2676713635454329721, 484.8000000000003524 ) ) ;
#4738 = EDGE_CURVE ( 'NONE', #431, #6104, #8097, .T. ) ;
#4739 = CARTESIAN_POINT ( 'NONE',  ( -26.63890646361421588, 8.418063564645979824, 326.5665046575074371 ) ) ;
#4740 = CARTESIAN_POINT ( 'NONE',  ( -49.99999999999999289, -5.533970067937719529E-14, 286.6000000000000227 ) ) ;
#4741 = CARTESIAN_POINT ( 'NONE',  ( 68.49999999999998579, -3.967197849379837660, 311.4999999999998863 ) ) ;
#4742 = AXIS2_PLACEMENT_3D ( 'NONE', #4395, #4272, #426 ) ;
#4743 = CARTESIAN_POINT ( 'NONE',  ( 142.8048684498582190, 16.00000000000000000, 549.9999999999998863 ) ) ;
#4744 = CARTESIAN_POINT ( 'NONE',  ( 132.3092528716824461, -1.156614488275884423, 480.0000000000006821 ) ) ;
#4745 = CARTESIAN_POINT ( 'NONE',  ( -15.42927400203303456, 0.8748434964728954988, 479.9999999999996589 ) ) ;
#4746 = ORIENTED_EDGE ( 'NONE', *, *, #5173, .T. ) ;
#4747 = CARTESIAN_POINT ( 'NONE',  ( 171.8944271909999486, -16.00991544844572445, 549.9999999999998863 ) ) ;
#4748 = CARTESIAN_POINT ( 'NONE',  ( 177.2749004986539489, -0.06026756309628955588, 479.0500000000005798 ) ) ;
#4749 = AXIS2_PLACEMENT_3D ( 'NONE', #4236, #2111, #4796 ) ;
#4750 = CARTESIAN_POINT ( 'NONE',  ( 14.92950548548043876, -12.00000000000000000, 342.9999999999999432 ) ) ;
#4751 = CARTESIAN_POINT ( 'NONE',  ( 178.7212343070215752, -0.2202689680733342370, 180.0000000000000000 ) ) ;
#4752 = DIRECTION ( 'NONE',  ( 1.000000000000000000, 0.000000000000000000, -0.000000000000000000 ) ) ;
#4753 = CARTESIAN_POINT ( 'NONE',  ( 34.92950548548044765, -12.00000000000000000, 575.0000000000000000 ) ) ;
#4754 = CARTESIAN_POINT ( 'NONE',  ( -27.91418036323409169, -2.195170412469513277, 575.0000000000000000 ) ) ;
#4755 = VERTEX_POINT ( 'NONE', #5394 ) ;
#4756 = ORIENTED_EDGE ( 'NONE', *, *, #7898, .F. ) ;
#4757 = FACE_OUTER_BOUND ( 'NONE', #1352, .T. ) ;
#4758 = EDGE_CURVE ( 'NONE', #3644, #4107, #5031, .T. ) ;
#4759 = CARTESIAN_POINT ( 'NONE',  ( 15.89826476048132520, -3.736342507566916105, 246.4124400070600416 ) ) ;
#4760 = CARTESIAN_POINT ( 'NONE',  ( 0.000000000000000000, 3.000000000000000000, 0.000000000000000000 ) ) ;
#4761 = CARTESIAN_POINT ( 'NONE',  ( -14.44296116509639383, 0.3259700347835378098, 265.0000000000179625 ) ) ;
#4762 = CARTESIAN_POINT ( 'NONE',  ( 13.10836098959758189, -3.522656267037575617, 325.0000000000000000 ) ) ;
#4763 = DIRECTION ( 'NONE',  ( 0.000000000000000000, 0.000000000000000000, 1.000000000000000000 ) ) ;
#4764 = ORIENTED_EDGE ( 'NONE', *, *, #8070, .T. ) ;
#4765 = CARTESIAN_POINT ( 'NONE',  ( -6.597965074388159046, 12.50000000000000533, 330.5408803981353003 ) ) ;
#4766 = ORIENTED_EDGE ( 'NONE', *, *, #7598, .F. ) ;
#4767 = CARTESIAN_POINT ( 'NONE',  ( -14.55009125632864198, 4.424652883337928166, 479.9999999999995453 ) ) ;
#4768 = ORIENTED_EDGE ( 'NONE', *, *, #6533, .F. ) ;
#4769 = CARTESIAN_POINT ( 'NONE',  ( 46.62819187923812336, 13.46151024557913267, 479.9999999999996589 ) ) ;
#4770 = CARTESIAN_POINT ( 'NONE',  ( -0.9002516015099235602, 12.50000000000000178, 261.5999136577772788 ) ) ;
#4771 = CARTESIAN_POINT ( 'NONE',  ( 166.8588554740589416, 2.035339060346185391, 484.8000000000000114 ) ) ;
#4772 = CARTESIAN_POINT ( 'NONE',  ( 2.325022955463442731, 9.694503919615144127, 0.000000000000000000 ) ) ;
#4773 = CARTESIAN_POINT ( 'NONE',  ( -15.64139787145122540, 1.158789669006307088, 324.9999999999639613 ) ) ;
#4774 = CARTESIAN_POINT ( 'NONE',  ( 39.11363239977454498, -4.038368216214230699, 480.0000000000003979 ) ) ;
#4775 = CARTESIAN_POINT ( 'NONE',  ( -35.26041778062109699, -11.77252205298982268, 575.0000000000000000 ) ) ;
#4776 = CARTESIAN_POINT ( 'NONE',  ( 179.1042782553597021, -0.2856739422456378574, 484.8000000000002956 ) ) ;
#4777 = CARTESIAN_POINT ( 'NONE',  ( 179.6762016446621715, -0.3893272237205632202, 480.0000000000006821 ) ) ;
#4778 = CARTESIAN_POINT ( 'NONE',  ( -9.145932893173817746, 11.24877809890065095, 257.1622625518603513 ) ) ;
#4779 = LINE ( 'NONE', #7453, #7446 ) ;
#4780 = CARTESIAN_POINT ( 'NONE',  ( 174.6650782723455677, -0.1594238095713558789, 0.000000000000000000 ) ) ;
#4781 = CARTESIAN_POINT ( 'NONE',  ( -14.95555309897380880, -12.49999999999999645, 263.6371104388176718 ) ) ;
#4782 = CARTESIAN_POINT ( 'NONE',  ( 2.609736899717694847, -14.22106106644589474, 575.0000000000000000 ) ) ;
#4783 = B_SPLINE_CURVE_WITH_KNOTS ( 'NONE', 3,
 ( #5089, #7078, #6430, #518 ),
 .UNSPECIFIED., .F., .F.,
 ( 4, 4 ),
 ( 0.000000000000000000, 0.01700000209304627571 ),
 .UNSPECIFIED. ) ;
#4784 = CARTESIAN_POINT ( 'NONE',  ( 23.52996745093203401, 12.36987614155419735, 0.000000000000000000 ) ) ;
#4785 = CARTESIAN_POINT ( 'NONE',  ( -17.76364389419904910, -9.704122841339559713, 327.3886244158586010 ) ) ;
#4786 = EDGE_CURVE ( 'NONE', #8473, #5605, #5568, .T. ) ;
#4787 = CARTESIAN_POINT ( 'NONE',  ( 9.533839577208354399, -3.562333622949445555, 0.000000000000000000 ) ) ;
#4788 = CARTESIAN_POINT ( 'NONE',  ( -11.17078825123938302, -0.7490173124963467322, 480.0000000000001137 ) ) ;
#4789 = EDGE_LOOP ( 'NONE', ( #6243, #4022, #4074, #929 ) ) ;
#4790 = CARTESIAN_POINT ( 'NONE',  ( 185.0000000000000000, 25.00000000000001421, 575.0000000000000000 ) ) ;
#4791 = CARTESIAN_POINT ( 'NONE',  ( -15.42927400203303456, 0.8748434964728954988, 479.9999999999996589 ) ) ;
#4792 = AXIS2_PLACEMENT_3D ( 'NONE', #5995, #6643, #7327 ) ;
#4793 = CARTESIAN_POINT ( 'NONE',  ( 168.8377281226287323, -0.05539710311291501377, 480.0000000000000000 ) ) ;
#4794 = CARTESIAN_POINT ( 'NONE',  ( -11.99418097323855292, 14.02394107943612234, 527.5000000000000000 ) ) ;
#4795 = CARTESIAN_POINT ( 'NONE',  ( 26.79211137422911548, -3.960355678370877985, 326.8866026177587401 ) ) ;
#4796 = DIRECTION ( 'NONE',  ( 0.000000000000000000, 0.000000000000000000, -1.000000000000000000 ) ) ;
#4797 = CARTESIAN_POINT ( 'NONE',  ( 170.5169128323909717, -0.08390574603299791323, 0.000000000000000000 ) ) ;
#4798 = ORIENTED_EDGE ( 'NONE', *, *, #3818, .T. ) ;
#4799 = VERTEX_POINT ( 'NONE', #4793 ) ;
#4800 = CARTESIAN_POINT ( 'NONE',  ( 213.8732207599756237, 4.614301357401574322, 575.0000000000001137 ) ) ;
#4801 = CARTESIAN_POINT ( 'NONE',  ( 3.525859485471753096, -8.542408338093622433, 258.8373595138696714 ) ) ;
#4802 = CARTESIAN_POINT ( 'NONE',  ( 13.53961346902796237, 11.77067762877358881, 479.0499999999999545 ) ) ;
#4803 = CARTESIAN_POINT ( 'NONE',  ( -21.90707494691975654, -18.25492026416692681, 264.9999999999998863 ) ) ;
#4804 = CARTESIAN_POINT ( 'NONE',  ( 18.04269886680001633, -3.704608257562889140, 344.9867671242155893 ) ) ;
#4805 = VECTOR ( 'NONE', #5444, 1000.000000000000000 ) ;
#4806 = CARTESIAN_POINT ( 'NONE',  ( 175.8630312810755925, -0.1897405041091044520, 434.0000000000002274 ) ) ;
#4807 = ORIENTED_EDGE ( 'NONE', *, *, #2403, .T. ) ;
#4808 = CARTESIAN_POINT ( 'NONE',  ( -17.39138733639152079, 10.22990766354635461, 260.0215133132367100 ) ) ;
#4809 = VERTEX_POINT ( 'NONE', #913 ) ;
#4810 = CARTESIAN_POINT ( 'NONE',  ( 21.99999999999998579, 7.225416114969380052E-15, 575.0000000000000000 ) ) ;
#4811 = ORIENTED_EDGE ( 'NONE', *, *, #6051, .T. ) ;
#4812 = CARTESIAN_POINT ( 'NONE',  ( 22.58802016605103447, 12.75052606318385173, 479.9999999999999432 ) ) ;
#4813 = EDGE_CURVE ( 'NONE', #3888, #4238, #7503, .T. ) ;
#4814 = CARTESIAN_POINT ( 'NONE',  ( 40.92950548548049738, -2.000000000000000000, 575.0000000000000000 ) ) ;
#4815 = CARTESIAN_POINT ( 'NONE',  ( 161.4170523818187348, 2.869258380480189441, 0.000000000000000000 ) ) ;
#4816 = CARTESIAN_POINT ( 'NONE',  ( 10.73553960508406213, 11.36658654622833353, 264.9999999999998863 ) ) ;
#4817 = CARTESIAN_POINT ( 'NONE',  ( -16.05556439775074651, 1.966994586480124596, 345.0376663270549784 ) ) ;
#4818 = ADVANCED_FACE ( 'NONE', ( #8018 ), #1508, .T. ) ;
#4819 = CARTESIAN_POINT ( 'NONE',  ( 118.3214296559621914, -1.700456731988216896, 479.0499999999990450 ) ) ;
#4820 = CARTESIAN_POINT ( 'NONE',  ( 1.161006468440279882, -2.398238711207401952, 479.0500000000001251 ) ) ;
#4821 = CARTESIAN_POINT ( 'NONE',  ( 179.2108100129142656, -0.3032493617961443677, 480.0000000000002274 ) ) ;
#4822 = CARTESIAN_POINT ( 'NONE',  ( 178.6847221162436767, -0.3136579833724381650, 0.000000000000000000 ) ) ;
#4823 = CARTESIAN_POINT ( 'NONE',  ( -6.057931849042980765, 11.48671944890612373, 256.1642580722997877 ) ) ;
#4824 = DIRECTION ( 'NONE',  ( -0.000000000000000000, 0.000000000000000000, 1.000000000000000000 ) ) ;
#4825 = CARTESIAN_POINT ( 'NONE',  ( 176.7782354249829666, -0.2271335767956293161, 0.000000000000000000 ) ) ;
#4826 = CARTESIAN_POINT ( 'NONE',  ( -14.81622955047876644, -9.947774955360307203, 262.1801564072825386 ) ) ;
#4827 = VECTOR ( 'NONE', #234, 1000.000000000000114 ) ;
#4828 = CARTESIAN_POINT ( 'NONE',  ( 40.25130852294366690, -4.125987136323550963, 331.7946685246905645 ) ) ;
#4829 = EDGE_CURVE ( 'NONE', #7058, #4755, #4233, .T. ) ;
#4830 = DIRECTION ( 'NONE',  ( 0.000000000000000000, 0.000000000000000000, 1.000000000000000000 ) ) ;
#4831 = LINE ( 'NONE', #4743, #8247 ) ;
#4832 = CARTESIAN_POINT ( 'NONE',  ( 2.395812873996661096, -2.720575491428132597, 484.8000000000001819 ) ) ;
#4833 = AXIS2_PLACEMENT_3D ( 'NONE', #5527, #1120, #7504 ) ;
#4834 = CARTESIAN_POINT ( 'NONE',  ( -12.43086207558950207, -0.3882407670331832761, 484.7999999999996703 ) ) ;
#4835 = EDGE_LOOP ( 'NONE', ( #3420, #3709, #6467, #1183 ) ) ;
#4836 = CARTESIAN_POINT ( 'NONE',  ( 68.49999999999998579, -3.963476296555109801, 318.9999999999999432 ) ) ;
#4837 = CARTESIAN_POINT ( 'NONE',  ( 168.0795006546615298, 1.828398982587391641, 480.0000000000000000 ) ) ;
#4838 = EDGE_CURVE ( 'NONE', #6513, #7747, #7371, .T. ) ;
#4839 = CARTESIAN_POINT ( 'NONE',  ( 143.2223681989937063, -0.7248792900046533427, 0.000000000000000000 ) ) ;
#4840 = FACE_OUTER_BOUND ( 'NONE', #7135, .T. ) ;
#4841 = CARTESIAN_POINT ( 'NONE',  ( -4.429510694748471700, -10.43129353578222407, 261.1448212981371739 ) ) ;
#4842 = CARTESIAN_POINT ( 'NONE',  ( 62.49999999999999289, 3.000000000000000000, 311.4999999999998863 ) ) ;
#4843 = CARTESIAN_POINT ( 'NONE',  ( 180.0260495143340904, -0.4312430566355563988, 0.000000000000000000 ) ) ;
#4844 = ORIENTED_EDGE ( 'NONE', *, *, #2196, .F. ) ;
#4845 = CARTESIAN_POINT ( 'NONE',  ( 171.9102988624776458, -0.08346188416283042977, 479.9999999999989200 ) ) ;
#4846 = CARTESIAN_POINT ( 'NONE',  ( 179.5520275193574378, -0.3661146259917527623, 433.9999999999996589 ) ) ;
#4847 = DIRECTION ( 'NONE',  ( -0.8373426858827532904, -0.5466783573534412799, 0.000000000000000000 ) ) ;
#4848 = EDGE_CURVE ( 'NONE', #944, #2820, #1217, .T. ) ;
#4849 = CARTESIAN_POINT ( 'NONE',  ( -28.69798388474643147, -13.95649820821097364, 264.9999999999999432 ) ) ;
#4850 = CARTESIAN_POINT ( 'NONE',  ( 62.49999999999999289, 3.000000000000000000, 303.9999999999998863 ) ) ;
#4851 = CARTESIAN_POINT ( 'NONE',  ( 179.6138954199480224, -0.3857789169942766327, 433.9999999999992610 ) ) ;
#4852 = ORIENTED_EDGE ( 'NONE', *, *, #2656, .T. ) ;
#4853 = CARTESIAN_POINT ( 'NONE',  ( -33.40502930708031215, 12.50000000000000178, 269.9999999993825099 ) ) ;
#4854 = ORIENTED_EDGE ( 'NONE', *, *, #6334, .T. ) ;
#4855 = CARTESIAN_POINT ( 'NONE',  ( 90.00000000000001421, 3.642033860375761822, 0.000000000000000000 ) ) ;
#4856 = CIRCLE ( 'NONE', #1131, 1.400000000000012346 ) ;
#4857 = ORIENTED_EDGE ( 'NONE', *, *, #4449, .F. ) ;
#4858 = EDGE_CURVE ( 'NONE', #5454, #6455, #3582, .T. ) ;
#4859 = LINE ( 'NONE', #1397, #2199 ) ;
#4860 = CARTESIAN_POINT ( 'NONE',  ( 152.2519909539199432, 4.305404074448874852, 484.7999999999994429 ) ) ;
#4861 = EDGE_CURVE ( 'NONE', #1717, #7815, #5526, .T. ) ;
#4862 = CARTESIAN_POINT ( 'NONE',  ( -2.746895939597818082, 8.882695827015597345, 265.0000000000177351 ) ) ;
#4863 = CARTESIAN_POINT ( 'NONE',  ( -16.01710987037633771, 2.053793137605874897, 325.0000000000714522 ) ) ;
#4864 = CARTESIAN_POINT ( 'NONE',  ( 71.09025167511678944, -3.849073921656534392, 480.0000000000010232 ) ) ;
#4865 = ORIENTED_EDGE ( 'NONE', *, *, #2377, .T. ) ;
#4866 = CARTESIAN_POINT ( 'NONE',  ( 160.7775970750656427, 3.013399114983476235, 484.8000000000008072 ) ) ;
#4867 = CARTESIAN_POINT ( 'NONE',  ( 176.9766661035389177, -0.2268635410518836382, 479.9999999999999432 ) ) ;
#4868 = AXIS2_PLACEMENT_3D ( 'NONE', #8401, #2499, #6914 ) ;
#4869 = CARTESIAN_POINT ( 'NONE',  ( 0.6097368997176888517, -14.22106106644589474, 549.9999999999998863 ) ) ;
#4870 = CARTESIAN_POINT ( 'NONE',  ( 171.4385716982216650, -0.07452532768800156082, 484.8000000000001819 ) ) ;
#4871 = EDGE_CURVE ( 'NONE', #8059, #4908, #5724, .T. ) ;
#4872 = CARTESIAN_POINT ( 'NONE',  ( -8.214588207645700635, -10.30031550394167361, 261.4648486207229894 ) ) ;
#4873 = CARTESIAN_POINT ( 'NONE',  ( 39.42935805560588847, -4.122827157728711889, 329.3172501245998660 ) ) ;
#4874 = ORIENTED_EDGE ( 'NONE', *, *, #829, .T. ) ;
#4875 = CARTESIAN_POINT ( 'NONE',  ( 10.00538695376295806, 11.24753341538205653, 245.1132190444218395 ) ) ;
#4876 = CARTESIAN_POINT ( 'NONE',  ( 141.7426040282930728, -0.7009724672339195939, 480.0000000000000000 ) ) ;
#4877 = VECTOR ( 'NONE', #6838, 1000.000000000000227 ) ;
#4878 = CARTESIAN_POINT ( 'NONE',  ( -9.899836811204282938, -1.054570910742610446, 479.9999999999999432 ) ) ;
#4879 = VERTEX_POINT ( 'NONE', #7542 ) ;
#4880 = CARTESIAN_POINT ( 'NONE',  ( 164.6839117174684759, 2.137531227852845106, 479.0500000000000682 ) ) ;
#4881 = CARTESIAN_POINT ( 'NONE',  ( -14.77797644576511438, 0.4843874726529577845, 484.8000000000005230 ) ) ;
#4882 = CIRCLE ( 'NONE', #6809, 5.000000000000004441 ) ;
#4883 = CARTESIAN_POINT ( 'NONE',  ( 40.92950548548049028, -7.000000000000000000, 571.0000000000000000 ) ) ;
#4884 = CARTESIAN_POINT ( 'NONE',  ( 61.80486844985845352, -16.00000000000000000, 549.9999999999998863 ) ) ;
#4885 = CARTESIAN_POINT ( 'NONE',  ( 34.92950548548044054, -4.076663249259107502, 342.9999999999999432 ) ) ;
#4886 = PLANE ( 'NONE',  #1572 ) ;
#4887 = EDGE_CURVE ( 'NONE', #2782, #2357, #5430, .T. ) ;
#4888 = CYLINDRICAL_SURFACE ( 'NONE', #2180, 2.000000000000001776 ) ;
#4889 = VECTOR ( 'NONE', #7856, 1000.000000000000000 ) ;
#4890 = CARTESIAN_POINT ( 'NONE',  ( 178.9494330787877061, -0.3328687637615174166, 480.0000000000013642 ) ) ;
#4891 = CARTESIAN_POINT ( 'NONE',  ( 0.7397886009783117833, 12.23022529495807120, 335.3338441407848904 ) ) ;
#4892 = CARTESIAN_POINT ( 'NONE',  ( 171.8944271909999486, -16.00991544844572445, 549.9999999999998863 ) ) ;
#4893 = CARTESIAN_POINT ( 'NONE',  ( -21.31393547779839892, -18.50373173875183141, 264.9999999999998863 ) ) ;
#4894 = CARTESIAN_POINT ( 'NONE',  ( -15.48321353072682882, 1.740880221811629491, 0.000000000000000000 ) ) ;
#4895 = VECTOR ( 'NONE', #3707, 1000.000000000000000 ) ;
#4896 = CARTESIAN_POINT ( 'NONE',  ( 179.6057903560281659, -0.3859744040995707892, 434.0000000000008527 ) ) ;
#4897 = ORIENTED_EDGE ( 'NONE', *, *, #2914, .T. ) ;
#4898 = CARTESIAN_POINT ( 'NONE',  ( -22.02985037142813596, 12.50000000000000178, 266.9460656245873338 ) ) ;
#4899 = ORIENTED_EDGE ( 'NONE', *, *, #7277, .T. ) ;
#4900 = EDGE_CURVE ( 'NONE', #7383, #1725, #7387, .T. ) ;
#4901 = VERTEX_POINT ( 'NONE', #5439 ) ;
#4902 = CARTESIAN_POINT ( 'NONE',  ( 137.4672068873614990, -0.9636549490623681491, 179.9999999999999716 ) ) ;
#4903 = CARTESIAN_POINT ( 'NONE',  ( 76.27866300872892680, 12.18815598381853427, 0.000000000000000000 ) ) ;
#4904 = AXIS2_PLACEMENT_3D ( 'NONE', #4190, #7422, #2806 ) ;
#4905 = CARTESIAN_POINT ( 'NONE',  ( -11.52459000875800932, 5.823455584492378101, 264.9999999999820943 ) ) ;
#4906 = CARTESIAN_POINT ( 'NONE',  ( -15.41807245732552722, 0.9468934061368382560, 324.9999999999819806 ) ) ;
#4907 = CARTESIAN_POINT ( 'NONE',  ( 116.6913778017766532, -24.99999999999999645, 575.0000000000000000 ) ) ;
#4908 = VERTEX_POINT ( 'NONE', #2151 ) ;
#4909 = CARTESIAN_POINT ( 'NONE',  ( 168.5388129523746841, 1.750899084143203055, 484.7999999999999545 ) ) ;
#4910 = CARTESIAN_POINT ( 'NONE',  ( 179.2441865832774681, -0.3084719051041991955, 484.7999999999998977 ) ) ;
#4911 = CARTESIAN_POINT ( 'NONE',  ( -16.16233324679708261, -12.50000000000000000, 323.1239748883416496 ) ) ;
#4912 = DIRECTION ( 'NONE',  ( -0.000000000000000000, -0.000000000000000000, 1.000000000000000000 ) ) ;
#4913 = CARTESIAN_POINT ( 'NONE',  ( 178.3966962334655761, -0.2896919715104155357, 484.7999999999994998 ) ) ;
#4914 = CARTESIAN_POINT ( 'NONE',  ( -18.39459975577963746, 10.09061720295793130, 329.7302248063206207 ) ) ;
#4915 = DIRECTION ( 'NONE',  ( -9.714451465470111840E-15, 0.000000000000000000, -1.000000000000000000 ) ) ;
#4916 = VERTEX_POINT ( 'NONE', #4839 ) ;
#4917 = B_SPLINE_CURVE_WITH_KNOTS ( 'NONE', 3,
 ( #1063, #3691, #5599, #8220, #6938, #7570, #2312, #1022, #3650, #6290, #8258, #3000, #5637, #6328, #2296, #4937, #7554, #4765, #1004, #1524 ),
 .UNSPECIFIED., .F., .F.,
 ( 4, 2, 2, 2, 2, 2, 2, 2, 2, 4 ),
 ( 0.000000000000000000, 0.009177735975881671712, 0.01147216996985211956, 0.01376660396382256395, 0.01606103795779301180, 0.01835547195176345792, 0.02064990594573390403, 0.02294433993970435709, 0.02753320792764519034, 0.03671094390352686032 ),
 .UNSPECIFIED. ) ;
#4918 = CARTESIAN_POINT ( 'NONE',  ( -27.90264812083083967, -8.200131765063401801, 325.5117018583081858 ) ) ;
#4919 = EDGE_CURVE ( 'NONE', #6278, #5868, #6832, .T. ) ;
#4920 = EDGE_CURVE ( 'NONE', #6061, #211, #1923, .T. ) ;
#4921 = CARTESIAN_POINT ( 'NONE',  ( 175.9153428639339722, -0.1906123319560492635, 480.0000000000000000 ) ) ;
#4922 = CARTESIAN_POINT ( 'NONE',  ( 1.312996324523462377, -2.940313561218608651, 0.000000000000000000 ) ) ;
#4923 = VERTEX_POINT ( 'NONE', #6261 ) ;
#4924 = CARTESIAN_POINT ( 'NONE',  ( 136.2020541334874224, 6.526472795012216110, 480.0000000000000568 ) ) ;
#4925 = CARTESIAN_POINT ( 'NONE',  ( -15.93240977845752582, 1.289699972310160758, 479.9999999999999432 ) ) ;
#4926 = DIRECTION ( 'NONE',  ( -1.000000000000000000, 0.000000000000000000, 0.000000000000000000 ) ) ;
#4927 = CARTESIAN_POINT ( 'NONE',  ( 176.7802139393905350, 0.1768704110235079507, 179.9999999999998010 ) ) ;
#4928 = PLANE ( 'NONE',  #6310 ) ;
#4929 = CARTESIAN_POINT ( 'NONE',  ( 185.0000000000000000, 25.00000000000001421, 575.0000000000000000 ) ) ;
#4930 = CARTESIAN_POINT ( 'NONE',  ( 62.00000000000000711, 7.999999999999991118, 4.000000000000000000 ) ) ;
#4931 = CARTESIAN_POINT ( 'NONE',  ( 168.6898773139731986, -0.05941265215246606390, 479.0499999999999545 ) ) ;
#4932 = CARTESIAN_POINT ( 'NONE',  ( 9.929505485480440541, -2.000000000000000000, 322.9999999999999432 ) ) ;
#4933 = CARTESIAN_POINT ( 'NONE',  ( -15.08482026721502223, 0.7252274508483256277, 245.0061743539843064 ) ) ;
#4934 = CARTESIAN_POINT ( 'NONE',  ( 176.0013220874567708, -0.1916969847573624375, 480.0000000000000000 ) ) ;
#4935 = CARTESIAN_POINT ( 'NONE',  ( -60.00000000000000000, -11.49999999999999822, 319.9999999999998863 ) ) ;
#4936 = CARTESIAN_POINT ( 'NONE',  ( -49.99999999999999289, -5.551115123125782702E-14, 288.0000000000000568 ) ) ;
#4937 = CARTESIAN_POINT ( 'NONE',  ( -12.23244932512723082, 12.50000000000000000, 327.9834892746374635 ) ) ;
#4938 = EDGE_LOOP ( 'NONE', ( #6285, #2860, #3667, #3857 ) ) ;
#4939 = EDGE_LOOP ( 'NONE', ( #6583, #7725, #8266, #2348 ) ) ;
#4940 = CARTESIAN_POINT ( 'NONE',  ( 172.7514553707007678, -0.1073849103581556996, 180.0000000000000568 ) ) ;
#4941 = CARTESIAN_POINT ( 'NONE',  ( 23.80337536030227952, 12.38676476288977035, 0.000000000000000000 ) ) ;
#4942 = VECTOR ( 'NONE', #5278, 1000.000000000000000 ) ;
#4943 = CARTESIAN_POINT ( 'NONE',  ( -0.2377611848484329493, 9.479576768163530787, 245.0247701147215480 ) ) ;
#4944 = EDGE_CURVE ( 'NONE', #1998, #7630, #6656, .T. ) ;
#4945 = CARTESIAN_POINT ( 'NONE',  ( -27.35233423259016661, -15.11901297141156952, 324.9999999999998863 ) ) ;
#4946 = CARTESIAN_POINT ( 'NONE',  ( 79.60198527145273317, -3.678835490353554505, 479.9999999999984084 ) ) ;
#4947 = B_SPLINE_CURVE_WITH_KNOTS ( 'NONE', 3,
 ( #1499, #7495, #4139, #5475, #3483, #7458, #5561, #1545, #4182, #249, #6819, #4875, #906 ),
 .UNSPECIFIED., .F., .F.,
 ( 4, 2, 2, 2, 1, 2, 4 ),
 ( 0.002436703267057448337, 0.008489699678475867359, 0.01151619788418510593, 0.01302944698703975210, 0.01378607153846704916, 0.01416438381418066300, 0.01454269608989427684 ),
 .UNSPECIFIED. ) ;
#4948 = ORIENTED_EDGE ( 'NONE', *, *, #4944, .F. ) ;
#4949 = CARTESIAN_POINT ( 'NONE',  ( 157.7796258400848330, 3.423805315386827530, 0.000000000000000000 ) ) ;
#4950 = CARTESIAN_POINT ( 'NONE',  ( 179.6741962889418858, -0.3897590349911759788, 0.000000000000000000 ) ) ;
#4951 = CARTESIAN_POINT ( 'NONE',  ( -17.58412011428002231, -9.717760267174465838, 327.4129676137700358 ) ) ;
#4952 = AXIS2_PLACEMENT_3D ( 'NONE', #1412, #1970, #1497 ) ;
#4953 = CARTESIAN_POINT ( 'NONE',  ( 5.670875576639384796, -14.42600119704659178, 527.5000000000000000 ) ) ;
#4954 = CARTESIAN_POINT ( 'NONE',  ( 179.2108100129142656, -0.3032493617961443677, 480.0000000000002274 ) ) ;
#4955 = CARTESIAN_POINT ( 'NONE',  ( 45.00000000000001421, -7.000000000000000000, 338.9999999999999432 ) ) ;
#4956 = CARTESIAN_POINT ( 'NONE',  ( 40.79996361340048594, -4.127256085969237098, 334.3730924249173313 ) ) ;
#4957 = ORIENTED_EDGE ( 'NONE', *, *, #3484, .F. ) ;
#4958 = CARTESIAN_POINT ( 'NONE',  ( 9.713016161963876627, 11.31701246533686778, 344.8390343981556043 ) ) ;
#4959 = CARTESIAN_POINT ( 'NONE',  ( 166.2303651217159199, -0.07835411543026014891, -0.000000000000000000 ) ) ;
#4960 = CARTESIAN_POINT ( 'NONE',  ( -2.803843094392451274, -2.196134473692548550, 480.0000000000001705 ) ) ;
#4961 = ORIENTED_EDGE ( 'NONE', *, *, #7251, .F. ) ;
#4962 = CARTESIAN_POINT ( 'NONE',  ( 19.16475722919270908, 24.99999999999996803, 574.9999999999988631 ) ) ;
#4963 = CARTESIAN_POINT ( 'NONE',  ( -10.53675443968163172, -0.9077931360426085838, 479.9999999999998863 ) ) ;
#4964 = CARTESIAN_POINT ( 'NONE',  ( -35.37168522785241009, -2.681183271079366826, 264.9999999999999432 ) ) ;
#4965 = CARTESIAN_POINT ( 'NONE',  ( 146.5954339608354928, 5.071784798162350505, 180.0000000000001705 ) ) ;
#4966 = CARTESIAN_POINT ( 'NONE',  ( -22.00468858123132776, -9.123667961969134765, 263.3444934794579240 ) ) ;
#4967 = CARTESIAN_POINT ( 'NONE',  ( -59.00000000000000000, -7.499999999999998224, 324.9999999999998863 ) ) ;
#4968 = CARTESIAN_POINT ( 'NONE',  ( -24.49164774489668517, 8.827326351227901213, 327.3447268196094342 ) ) ;
#4969 = ORIENTED_EDGE ( 'NONE', *, *, #2116, .F. ) ;
#4970 = CARTESIAN_POINT ( 'NONE',  ( -15.44300183437968066, 3.626970076764835849, 479.9999999999996589 ) ) ;
#4971 = CARTESIAN_POINT ( 'NONE',  ( 169.3394947378768052, -0.06715496196611331348, 479.0499999999994998 ) ) ;
#4972 = DIRECTION ( 'NONE',  ( 1.000000000000000000, 0.000000000000000000, 0.000000000000000000 ) ) ;
#4973 = CARTESIAN_POINT ( 'NONE',  ( -12.39949466379449206, -0.4744371589564939096, 244.9939417185308912 ) ) ;
#4974 = FACE_OUTER_BOUND ( 'NONE', #1439, .T. ) ;
#4975 = FACE_OUTER_BOUND ( 'NONE', #7300, .T. ) ;
#4976 = CARTESIAN_POINT ( 'NONE',  ( -8.170835212341923892, 12.50000000000074785, 258.3235455233377138 ) ) ;
#4977 = ORIENTED_EDGE ( 'NONE', *, *, #5481, .T. ) ;
#4978 = ORIENTED_EDGE ( 'NONE', *, *, #7251, .T. ) ;
#4979 = CARTESIAN_POINT ( 'NONE',  ( 198.6294900719518921, -0.4063160304696958325, 549.9999999999998863 ) ) ;
#4980 = CARTESIAN_POINT ( 'NONE',  ( 1.122619593841508667, 10.04083753680879987, 480.0000000000000000 ) ) ;
#4981 = CARTESIAN_POINT ( 'NONE',  ( 6.234233842660954039, 10.69129409474996351, 245.0226195962147528 ) ) ;
#4982 = CARTESIAN_POINT ( 'NONE',  ( -15.16137170318016025, 0.7434685169531485283, 345.0056975357503575 ) ) ;
#4983 = LINE ( 'NONE', #7604, #730 ) ;
#4984 = ORIENTED_EDGE ( 'NONE', *, *, #3167, .F. ) ;
#4985 = CARTESIAN_POINT ( 'NONE',  ( 177.5654670684735947, 0.003850696498677484095, 0.000000000000000000 ) ) ;
#4986 = CARTESIAN_POINT ( 'NONE',  ( 179.6761134231500421, -0.3871119056734552144, 0.000000000000000000 ) ) ;
#4987 = EDGE_CURVE ( 'NONE', #2516, #3868, #8162, .T. ) ;
#4988 = CARTESIAN_POINT ( 'NONE',  ( 0.7418463230745093728, 12.22855855130002745, 324.9995600797401494 ) ) ;
#4989 = CARTESIAN_POINT ( 'NONE',  ( 179.1072816805087768, -0.3478728613905757716, 0.000000000000000000 ) ) ;
#4990 = DIRECTION ( 'NONE',  ( -4.081702296416013038E-16, 0.000000000000000000, 1.000000000000000000 ) ) ;
#4991 = PLANE ( 'NONE',  #8236 ) ;
#4992 = CARTESIAN_POINT ( 'NONE',  ( -13.42881376968411011, 26.71705245298557685, 324.9999999999998863 ) ) ;
#4993 = ORIENTED_EDGE ( 'NONE', *, *, #3204, .F. ) ;
#4994 = DIRECTION ( 'NONE',  ( -0.000000000000000000, -0.000000000000000000, -1.000000000000000000 ) ) ;
#4995 = CARTESIAN_POINT ( 'NONE',  ( 173.2560381169402319, -0.1227740179349057076, 0.000000000000000000 ) ) ;
#4996 = CARTESIAN_POINT ( 'NONE',  ( 91.44159269330823747, -3.327669260358023351, 484.7999999999999545 ) ) ;
#4997 = ORIENTED_EDGE ( 'NONE', *, *, #5300, .F. ) ;
#4998 = ADVANCED_FACE ( 'NONE', ( #4309 ), #7582, .F. ) ;
#4999 = CARTESIAN_POINT ( 'NONE',  ( 140.4686501639753828, 25.00000000000003197, 575.0000000000006821 ) ) ;
#5000 = CARTESIAN_POINT ( 'NONE',  ( 1.095942733761275267, -2.608032609763812015, 480.0000000000003411 ) ) ;
#5001 = CARTESIAN_POINT ( 'NONE',  ( -34.19623955104391655, -6.330624879614322964, 264.9999999999998863 ) ) ;
#5002 = CARTESIAN_POINT ( 'NONE',  ( -15.57978634865120604, 3.471294489310543074, 480.0001781869082720 ) ) ;
#5003 = DIRECTION ( 'NONE',  ( 1.000000000000000000, -0.000000000000000000, -0.000000000000000000 ) ) ;
#5004 = CARTESIAN_POINT ( 'NONE',  ( 178.1446646041443671, -0.1267534310566012790, 0.000000000000000000 ) ) ;
#5005 = CARTESIAN_POINT ( 'NONE',  ( 0.000000000000000000, 0.000000000000000000, 0.000000000000000000 ) ) ;
#5006 = CARTESIAN_POINT ( 'NONE',  ( 74.00000000000002842, -7.000000000000000000, 318.9999999999999432 ) ) ;
#5007 = CARTESIAN_POINT ( 'NONE',  ( -23.38782745857443501, 9.058147860876728075, 327.7683470977383422 ) ) ;
#5008 = ORIENTED_EDGE ( 'NONE', *, *, #2833, .F. ) ;
#5009 = CARTESIAN_POINT ( 'NONE',  ( -13.47215274747598279, 5.162278072005647367, 480.0000000000001705 ) ) ;
#5010 = CARTESIAN_POINT ( 'NONE',  ( 179.0125631858074939, -0.2677279738159903388, 480.0000000000003411 ) ) ;
#5011 = CARTESIAN_POINT ( 'NONE',  ( -0.3260385411203708950, 15.98863689914002251, 575.0000000000000000 ) ) ;
#5012 = CARTESIAN_POINT ( 'NONE',  ( -13.38732140058389497, -0.1292354900052897770, 244.9955125232907562 ) ) ;
#5013 =( NAMED_UNIT ( * ) SI_UNIT ( $, .STERADIAN. ) SOLID_ANGLE_UNIT ( ) );
#5014 = CARTESIAN_POINT ( 'NONE',  ( -0.8813099769997441157, 12.50000000000000178, 331.9308595262156700 ) ) ;
#5015 = CARTESIAN_POINT ( 'NONE',  ( -2.475004693314782678, -12.49999999999999822, 324.8898947101527597 ) ) ;
#5016 = CARTESIAN_POINT ( 'NONE',  ( -15.73638164529326033, 10.50037662039244957, 259.4248819327306705 ) ) ;
#5017 = VERTEX_POINT ( 'NONE', #8354 ) ;
#5018 = ADVANCED_FACE ( 'NONE', ( #3012 ), #5131, .T. ) ;
#5019 = ORIENTED_EDGE ( 'NONE', *, *, #2038, .T. ) ;
#5020 = CARTESIAN_POINT ( 'NONE',  ( 178.5717663576637051, -0.3058092410032430819, 179.9999999999997158 ) ) ;
#5021 = CARTESIAN_POINT ( 'NONE',  ( 33.02740188789960030, 12.88904997451816570, 0.000000000000000000 ) ) ;
#5022 = CIRCLE ( 'NONE', #1301, 8.000000000000007105 ) ;
#5023 = CARTESIAN_POINT ( 'NONE',  ( -25.38070181684420135, 20.76166857949048250, 264.9999999999998295 ) ) ;
#5024 = CARTESIAN_POINT ( 'NONE',  ( -14.84295850477909795, 0.5403999368482209631, 345.0025911823710203 ) ) ;
#5025 = CARTESIAN_POINT ( 'NONE',  ( 77.94145511042367502, 12.31758502953923795, 479.9978611844899206 ) ) ;
#5026 = ORIENTED_EDGE ( 'NONE', *, *, #6568, .F. ) ;
#5027 = CARTESIAN_POINT ( 'NONE',  ( 172.6133909172349092, 0.9961087861639728036, 0.000000000000000000 ) ) ;
#5028 = CARTESIAN_POINT ( 'NONE',  ( 179.1133669628084135, -0.2871509709354370110, 484.8000000000003524 ) ) ;
#5029 = CARTESIAN_POINT ( 'NONE',  ( 137.4672068873615274, 6.319247570267690683, 298.2966711037379355 ) ) ;
#5030 = CARTESIAN_POINT ( 'NONE',  ( 179.4163311735762818, -0.3741274380531842692, 0.000000000000000000 ) ) ;
#5031 = CIRCLE ( 'NONE', #7239, 10.00000000000000888 ) ;
#5032 = DIRECTION ( 'NONE',  ( 1.000000000000000000, 1.040834085586084503E-16, -0.000000000000000000 ) ) ;
#5033 = CARTESIAN_POINT ( 'NONE',  ( -15.00000000000001599, -25.00000000000000711, 575.0000000000000000 ) ) ;
#5034 = CARTESIAN_POINT ( 'NONE',  ( -11.99197991526528284, 5.692549322061750239, 324.9999999999998295 ) ) ;
#5035 = EDGE_CURVE ( 'NONE', #7872, #4923, #3623, .T. ) ;
#5036 = ORIENTED_EDGE ( 'NONE', *, *, #1735, .F. ) ;
#5037 = DIRECTION ( 'NONE',  ( -0.000000000000000000, -0.000000000000000000, 1.000000000000000000 ) ) ;
#5038 = CARTESIAN_POINT ( 'NONE',  ( 173.0848874176376171, -0.1040025484831954977, 480.0000000000001137 ) ) ;
#5039 = CARTESIAN_POINT ( 'NONE',  ( -1.505171342511034682, -2.345410297833389279, 479.9999999999995453 ) ) ;
#5040 = VERTEX_POINT ( 'NONE', #6342 ) ;
#5041 = CARTESIAN_POINT ( 'NONE',  ( 92.25885447962741637, 11.11477304283427436, 479.0499999999993292 ) ) ;
#5042 = CARTESIAN_POINT ( 'NONE',  ( -12.42787233021135762, -0.3907752496544687482, 479.9999999999997158 ) ) ;
#5043 = CARTESIAN_POINT ( 'NONE',  ( 0.7536636120186699372, 12.21885314993296667, 264.9995573711195220 ) ) ;
#5044 = CARTESIAN_POINT ( 'NONE',  ( -33.64451037336857553, -7.499999999999733546, 264.9999999999998863 ) ) ;
#5045 = CARTESIAN_POINT ( 'NONE',  ( 174.0116812895700207, 0.7327329294599705944, 179.9999999999998579 ) ) ;
#5046 = LINE ( 'NONE', #7666, #4100 ) ;
#5047 = CARTESIAN_POINT ( 'NONE',  ( -15.93240977845752582, 1.289699972310160758, 479.9999999999999432 ) ) ;
#5048 = CARTESIAN_POINT ( 'NONE',  ( -59.00000000000000000, -7.499999999999998224, 265.9999999999998863 ) ) ;
#5049 = CARTESIAN_POINT ( 'NONE',  ( -20.53894477122171480, 12.49999999999963052, 327.4878190252896957 ) ) ;
#5050 = EDGE_LOOP ( 'NONE', ( #5775, #5500, #3362, #5357 ) ) ;
#5051 = CARTESIAN_POINT ( 'NONE',  ( 1.152418390752388389, 9.454505675806926135, 0.000000000000000000 ) ) ;
#5052 = CARTESIAN_POINT ( 'NONE',  ( 213.0333637930730220, 5.955312533162540056, 575.0000000000000000 ) ) ;
#5053 = CARTESIAN_POINT ( 'NONE',  ( -18.72706583186445073, -9.588836398076509226, 262.7528241136843690 ) ) ;
#5054 = CARTESIAN_POINT ( 'NONE',  ( -8.751463009931828907, -1.404189025881697583, 265.0000000000356977 ) ) ;
#5055 = DIRECTION ( 'NONE',  ( 1.000000000000000000, 0.000000000000000000, 0.000000000000000000 ) ) ;
#5056 = DIRECTION ( 'NONE',  ( 0.000000000000000000, 0.000000000000000000, 1.000000000000000000 ) ) ;
#5057 = CARTESIAN_POINT ( 'NONE',  ( 1.266433618554309026, -10.82078512017321792, 311.8671663891727803 ) ) ;
#5058 = CARTESIAN_POINT ( 'NONE',  ( -14.00472562046496883, 12.50000000000000000, 263.0311024161363775 ) ) ;
#5059 = ORIENTED_EDGE ( 'NONE', *, *, #882, .F. ) ;
#5060 = VERTEX_POINT ( 'NONE', #4349 ) ;
#5061 = CARTESIAN_POINT ( 'NONE',  ( 61.80486844985843931, 16.00000000000000000, 575.0000000000000000 ) ) ;
#5062 = CARTESIAN_POINT ( 'NONE',  ( 5.126131857836603523, 10.23095606731147633, -0.000000000000000000 ) ) ;
#5063 = EDGE_CURVE ( 'NONE', #2474, #3462, #4095, .T. ) ;
#5064 = CARTESIAN_POINT ( 'NONE',  ( -29.53067089666012279, 17.17126037234873337, 264.9999999999998863 ) ) ;
#5065 = CARTESIAN_POINT ( 'NONE',  ( -13.05800441771901532, -0.2280791421819888531, 325.0000000000267164 ) ) ;
#5066 = CARTESIAN_POINT ( 'NONE',  ( 13.98849035761102932, 11.98539443816009786, 480.0001956805313625 ) ) ;
#5067 = ORIENTED_EDGE ( 'NONE', *, *, #7153, .T. ) ;
#5068 = CARTESIAN_POINT ( 'NONE',  ( 75.29076941807873879, 12.50641280270544264, 479.9999999999997158 ) ) ;
#5069 = CARTESIAN_POINT ( 'NONE',  ( 179.0943811129157837, -0.2840876077647877529, 480.0000000000002274 ) ) ;
#5070 = CARTESIAN_POINT ( 'NONE',  ( 77.64526327495505598, -3.718444837903632560, 480.0032327616922316 ) ) ;
#5071 = CARTESIAN_POINT ( 'NONE',  ( 179.6818268418665809, -0.3897363228606443575, 484.8000000000007503 ) ) ;
#5072 = CARTESIAN_POINT ( 'NONE',  ( -16.28276782249963972, 1.837218134739944331, 480.0000000039622705 ) ) ;
#5073 = ADVANCED_FACE ( 'NONE', ( #1798 ), #3102, .F. ) ;
#5074 = VECTOR ( 'NONE', #2918, 1000.000000000000000 ) ;
#5075 = CARTESIAN_POINT ( 'NONE',  ( 26.75516866481157408, -3.640522418034106700, 479.0499999999998977 ) ) ;
#5076 = CARTESIAN_POINT ( 'NONE',  ( -13.34940417141148927, 4.962982972885276567, 345.0343661142622409 ) ) ;
#5077 = VERTEX_POINT ( 'NONE', #516 ) ;
#5078 = CARTESIAN_POINT ( 'NONE',  ( -25.96576415016787465, 17.84074963117499379, 575.0000000000000000 ) ) ;
#5079 = CARTESIAN_POINT ( 'NONE',  ( 179.5381572239343484, -0.3579145042167919399, 480.0000000000000000 ) ) ;
#5080 = ADVANCED_FACE ( 'NONE', ( #3143 ), #1035, .F. ) ;
#5081 = CARTESIAN_POINT ( 'NONE',  ( 110.8828355312570721, -2.532755558739461677, 0.000000000000000000 ) ) ;
#5082 = EDGE_LOOP ( 'NONE', ( #5879, #4978, #6092, #704 ) ) ;
#5083 = CARTESIAN_POINT ( 'NONE',  ( 77.46495051476306060, 12.20927286829354586, 479.0499999999998408 ) ) ;
#5084 = CARTESIAN_POINT ( 'NONE',  ( -9.623513384105720547, -1.345554904536800711, 0.000000000000000000 ) ) ;
#5085 = ADVANCED_FACE ( 'NONE', ( #8229 ), #5823, .T. ) ;
#5086 = ORIENTED_EDGE ( 'NONE', *, *, #533, .F. ) ;
#5087 = DIRECTION ( 'NONE',  ( 1.000000000000000000, 0.000000000000000000, 0.000000000000000000 ) ) ;
#5088 = DIRECTION ( 'NONE',  ( 0.000000000000000000, 0.000000000000000000, 1.000000000000000000 ) ) ;
#5089 = CARTESIAN_POINT ( 'NONE',  ( 68.50000000000001421, -3.961987655314662238, 321.9999999999999432 ) ) ;
#5090 = CARTESIAN_POINT ( 'NONE',  ( 1.501792217101280302, -10.54322367482140343, 329.1667956419890970 ) ) ;
#5091 = DIRECTION ( 'NONE',  ( 0.000000000000000000, 0.000000000000000000, -1.000000000000000000 ) ) ;
#5092 = CIRCLE ( 'NONE', #3430, 2.000000000000001776 ) ;
#5093 = CARTESIAN_POINT ( 'NONE',  ( -16.29119892388976254, 1.836120124459753145, 484.8000000000000114 ) ) ;
#5094 = CARTESIAN_POINT ( 'NONE',  ( -18.74256661618119679, 10.02484547054907438, 329.5989973022743129 ) ) ;
#5095 = VERTEX_POINT ( 'NONE', #5174 ) ;
#5096 = CARTESIAN_POINT ( 'NONE',  ( -11.76316932623526412, 6.097564934011805882, 484.7999999999994429 ) ) ;
#5097 = CARTESIAN_POINT ( 'NONE',  ( 179.0980733328242991, -0.4005880047062873039, 479.0499999999991587 ) ) ;
#5098 = EDGE_CURVE ( 'NONE', #3755, #5324, #1113, .T. ) ;
#5099 = DIRECTION ( 'NONE',  ( 0.000000000000000000, -1.000000000000000000, 0.000000000000000000 ) ) ;
#5100 = CIRCLE ( 'NONE', #2888, 1.400000000000012346 ) ;
#5101 = CARTESIAN_POINT ( 'NONE',  ( -10.15672777594874887, -21.48500333649249683, 264.9999999999999432 ) ) ;
#5102 = CARTESIAN_POINT ( 'NONE',  ( 174.5020997639953180, -0.1431394670749267517, 480.0000000000001137 ) ) ;
#5103 = CARTESIAN_POINT ( 'NONE',  ( -35.32525794835808597, 12.50000000000000178, 319.9999999999999432 ) ) ;
#5104 = CARTESIAN_POINT ( 'NONE',  ( 1.266972577630958163, -10.82443843706854558, 278.1338300567313127 ) ) ;
#5105 = CARTESIAN_POINT ( 'NONE',  ( -5.082331612948794763, 12.50000000000000178, 259.0325001527489803 ) ) ;
#5106 = ORIENTED_EDGE ( 'NONE', *, *, #262, .F. ) ;
#5107 = ORIENTED_EDGE ( 'NONE', *, *, #2059, .F. ) ;
#5108 = CARTESIAN_POINT ( 'NONE',  ( -17.78180052335373773, -9.698189826483240239, 327.3836319397681223 ) ) ;
#5109 = CARTESIAN_POINT ( 'NONE',  ( 179.0116466580324754, -0.3400332529242304780, 180.0000000000001137 ) ) ;
#5110 = CARTESIAN_POINT ( 'NONE',  ( -16.29119892388976254, 1.836120124459753145, 484.8000000000000114 ) ) ;
#5111 = CARTESIAN_POINT ( 'NONE',  ( -12.41437034177291032, 5.319858879933626383, 245.0330360156519021 ) ) ;
#5112 = CARTESIAN_POINT ( 'NONE',  ( -14.78710199810790904, 0.5105982165026634600, 325.0000000000089813 ) ) ;
#5113 = CARTESIAN_POINT ( 'NONE',  ( 152.0635243040338480, 4.332172808662418717, 479.9998657836077314 ) ) ;
#5114 = EDGE_LOOP ( 'NONE', ( #4392, #1502, #1851, #6492 ) ) ;
#5115 = CARTESIAN_POINT ( 'NONE',  ( 18.81960269152234488, 12.47689290710999899, 480.0000000000004547 ) ) ;
#5116 = ADVANCED_FACE ( 'NONE', ( #7244 ), #5903, .F. ) ;
#5117 = CARTESIAN_POINT ( 'NONE',  ( 178.6601633332413144, -0.2120399841106799521, 0.000000000000000000 ) ) ;
#5118 = DIRECTION ( 'NONE',  ( 1.000000000000000000, 0.000000000000000000, 0.000000000000000000 ) ) ;
#5119 = CARTESIAN_POINT ( 'NONE',  ( 179.6140675042633745, -0.3885888517759009675, 0.000000000000000000 ) ) ;
#5120 = CARTESIAN_POINT ( 'NONE',  ( -15.00000000000001599, -25.00000000000000711, 575.0000000000000000 ) ) ;
#5121 = CARTESIAN_POINT ( 'NONE',  ( -22.32380613363313770, 22.88592823379308427, 324.9999999999998295 ) ) ;
#5122 = ORIENTED_EDGE ( 'NONE', *, *, #4738, .T. ) ;
#5123 = CARTESIAN_POINT ( 'NONE',  ( 9.542395717359223539, 11.29596155429765858, 344.6563809560448135 ) ) ;
#5124 = CARTESIAN_POINT ( 'NONE',  ( 179.4550882778674747, -0.3768415401650092589, 484.7999999999996703 ) ) ;
#5125 = CARTESIAN_POINT ( 'NONE',  ( 174.6650782723455677, -0.1594238095713558789, 0.000000000000000000 ) ) ;
#5126 = ORIENTED_EDGE ( 'NONE', *, *, #8087, .T. ) ;
#5127 = CARTESIAN_POINT ( 'NONE',  ( 60.83811338793480417, 13.04996574091570416, 479.0500000000001251 ) ) ;
#5128 = CARTESIAN_POINT ( 'NONE',  ( 15.01210826629306361, -3.505387265374221517, 484.7999999999999545 ) ) ;
#5129 = EDGE_LOOP ( 'NONE', ( #3063, #3730, #1901, #3096 ) ) ;
#5130 = DIRECTION ( 'NONE',  ( -0.000000000000000000, 1.000000000000000000, -0.000000000000000000 ) ) ;
#5131 = CYLINDRICAL_SURFACE ( 'NONE', #8437, 5.000000000000004441 ) ;
#5132 = LINE ( 'NONE', #3797, #2067 ) ;
#5133 = CARTESIAN_POINT ( 'NONE',  ( -20.44785792748024988, 12.50000000000000178, 266.2207867850731873 ) ) ;
#5134 = CARTESIAN_POINT ( 'NONE',  ( -15.69496426312209536, 1.070561927608898678, 484.7999999999996703 ) ) ;
#5135 = VECTOR ( 'NONE', #1379, 1000.000000000000000 ) ;
#5136 = LINE ( 'NONE', #8406, #3353 ) ;
#5137 = CARTESIAN_POINT ( 'NONE',  ( -17.09519922913527168, 10.32568864216249516, 330.2146624852784953 ) ) ;
#5138 = ORIENTED_EDGE ( 'NONE', *, *, #5525, .F. ) ;
#5139 = CARTESIAN_POINT ( 'NONE',  ( -14.20409303523256028, 3.569733162405588800, 0.000000000000000000 ) ) ;
#5140 = CARTESIAN_POINT ( 'NONE',  ( 179.2373764462693089, -0.3074769715872550657, 480.0000000000001137 ) ) ;
#5141 = AXIS2_PLACEMENT_3D ( 'NONE', #196, #8445, #3314 ) ;
#5142 = CARTESIAN_POINT ( 'NONE',  ( -18.32763809108756803, -9.636168554201864467, 262.6893531400089614 ) ) ;
#5143 = CARTESIAN_POINT ( 'NONE',  ( -12.91071407533641846, -0.2956649203671380399, 265.0000000000043201 ) ) ;
#5144 = CARTESIAN_POINT ( 'NONE',  ( 34.92950548548044765, -12.00000000000000000, 516.1134194443175147 ) ) ;
#5145 = DIRECTION ( 'NONE',  ( 0.000000000000000000, 0.000000000000000000, 1.000000000000000000 ) ) ;
#5146 = CARTESIAN_POINT ( 'NONE',  ( 1.337000269754748949, -10.73808347720123102, 305.6769650452948781 ) ) ;
#5147 = CARTESIAN_POINT ( 'NONE',  ( -14.49628782054177734, 10.67790429447807021, 258.9857544221297303 ) ) ;
#5148 = ORIENTED_EDGE ( 'NONE', *, *, #5339, .F. ) ;
#5149 = ORIENTED_EDGE ( 'NONE', *, *, #319, .F. ) ;
#5150 = CARTESIAN_POINT ( 'NONE',  ( -27.17745542954221349, -12.49999999999866240, 324.9543296577438696 ) ) ;
#5151 = AXIS2_PLACEMENT_3D ( 'NONE', #7840, #2453, #5087 ) ;
#5152 = CYLINDRICAL_SURFACE ( 'NONE', #5375, 8.000000000000007105 ) ;
#5153 = DIRECTION ( 'NONE',  ( 0.000000000000000000, 0.000000000000000000, -1.000000000000000000 ) ) ;
#5154 = CARTESIAN_POINT ( 'NONE',  ( -14.45488417259796243, 3.940245386525106586, 245.0367773693969298 ) ) ;
#5155 = CARTESIAN_POINT ( 'NONE',  ( -6.730299066035699163, -1.734571909023614023, 324.9999999999640181 ) ) ;
#5156 = CARTESIAN_POINT ( 'NONE',  ( 64.99252378596965229, 13.00784070083006760, 479.9993004211107177 ) ) ;
#5157 = VERTEX_POINT ( 'NONE', #604 ) ;
#5158 = CARTESIAN_POINT ( 'NONE',  ( -3.122629924834370296, 9.076083798946390502, 479.9999999999998863 ) ) ;
#5159 = CARTESIAN_POINT ( 'NONE',  ( 169.1454452927683292, 1.621179250146151274, -0.000000000000000000 ) ) ;
#5160 = VECTOR ( 'NONE', #6399, 1000.000000000000000 ) ;
#5161 = CARTESIAN_POINT ( 'NONE',  ( -19.48440285591475885, -12.49999999999999822, 322.4255283911448373 ) ) ;
#5162 = CARTESIAN_POINT ( 'NONE',  ( 179.6663317798993944, -0.3833038836825206075, 0.000000000000000000 ) ) ;
#5163 = CARTESIAN_POINT ( 'NONE',  ( 74.00000000000002842, -3.864377731389799120, 320.0000000000010232 ) ) ;
#5164 = CARTESIAN_POINT ( 'NONE',  ( -31.21682190617895003, 15.53112040943818783, 324.9999999999998295 ) ) ;
#5165 = CARTESIAN_POINT ( 'NONE',  ( -37.95901873932260173, 10.01067858779004816, 575.0000000000004547 ) ) ;
#5166 = CARTESIAN_POINT ( 'NONE',  ( 179.5230571657159260, -0.3822719442071789153, 480.0000000000003979 ) ) ;
#5167 = VECTOR ( 'NONE', #6823, 1000.000000000000000 ) ;
#5168 = CARTESIAN_POINT ( 'NONE',  ( 171.8466964852550802, -0.09917325880769785329, 0.000000000000000000 ) ) ;
#5169 = ORIENTED_EDGE ( 'NONE', *, *, #5761, .T. ) ;
#5170 = FACE_OUTER_BOUND ( 'NONE', #4152, .T. ) ;
#5171 = CARTESIAN_POINT ( 'NONE',  ( 156.2348080999998103, -0.1819855254509684939, 484.8000000000002956 ) ) ;
#5172 = CARTESIAN_POINT ( 'NONE',  ( 199.5652655127899493, 1.361259802224432880, 549.9999999999998863 ) ) ;
#5173 = EDGE_CURVE ( 'NONE', #460, #1936, #1527, .T. ) ;
#5174 = CARTESIAN_POINT ( 'NONE',  ( 44.00000000000000711, 7.999999999999992895, 4.000000000000000000 ) ) ;
#5175 = DIRECTION ( 'NONE',  ( -0.000000000000000000, 1.000000000000000000, -0.000000000000000000 ) ) ;
#5176 = CARTESIAN_POINT ( 'NONE',  ( 0.7490994464373313955, 12.22263435830021550, 288.3328899516960178 ) ) ;
#5177 = CARTESIAN_POINT ( 'NONE',  ( -4.100825255654071633, -2.032809435610510196, 480.0000000000005116 ) ) ;
#5178 = CARTESIAN_POINT ( 'NONE',  ( 39.50000000000002132, -4.127598515805739332, 321.9999999999999432 ) ) ;
#5179 = CARTESIAN_POINT ( 'NONE',  ( -2.770166374859618141, 12.50000000000000178, 332.1354008608540767 ) ) ;
#5180 = ORIENTED_EDGE ( 'NONE', *, *, #862, .T. ) ;
#5181 = CARTESIAN_POINT ( 'NONE',  ( 179.0111663242661848, -0.2683821394981456554, 480.0000000000000000 ) ) ;
#5182 = CARTESIAN_POINT ( 'NONE',  ( 178.8974946568772850, -0.3674237963885244040, 479.0500000000000682 ) ) ;
#5183 = CARTESIAN_POINT ( 'NONE',  ( 134.8098852296949985, -1.027653029874043833, 480.0000000000000000 ) ) ;
#5184 = DIRECTION ( 'NONE',  ( -0.000000000000000000, -1.000000000000000000, -0.000000000000000000 ) ) ;
#5185 = CARTESIAN_POINT ( 'NONE',  ( 5.243521275210728305, 10.63856740345663532, 278.1303207269182280 ) ) ;
#5186 = CARTESIAN_POINT ( 'NONE',  ( 39.50000000000002842, 3.000000000000000000, 318.9999999999999432 ) ) ;
#5187 = LINE ( 'NONE', #2023, #4470 ) ;
#5188 = DIRECTION ( 'NONE',  ( 0.000000000000000000, -0.000000000000000000, -1.000000000000000000 ) ) ;
#5189 = ORIENTED_EDGE ( 'NONE', *, *, #4304, .F. ) ;
#5190 = ORIENTED_EDGE ( 'NONE', *, *, #574, .F. ) ;
#5191 = CARTESIAN_POINT ( 'NONE',  ( -20.75850999619857973, -9.325978868705670166, 326.8954468933388853 ) ) ;
#5192 = DIRECTION ( 'NONE',  ( -0.000000000000000000, -0.000000000000000000, -1.000000000000000000 ) ) ;
#5193 = CARTESIAN_POINT ( 'NONE',  ( -14.51519264719298796, 3.267015248922876758, 0.000000000000000000 ) ) ;
#5194 = PLANE ( 'NONE',  #459 ) ;
#5195 = CARTESIAN_POINT ( 'NONE',  ( -15.73800732154963988, 1.408804022869900141, 245.0215433910675529 ) ) ;
#5196 = CARTESIAN_POINT ( 'NONE',  ( -2.213339611049925715, -2.353259938827518827, 344.9875347243543047 ) ) ;
#5197 = DIRECTION ( 'NONE',  ( -0.000000000000000000, -0.000000000000000000, -1.000000000000000000 ) ) ;
#5198 = ORIENTED_EDGE ( 'NONE', *, *, #6718, .T. ) ;
#5199 = CARTESIAN_POINT ( 'NONE',  ( 51.55371441909485242, 13.39694807013282229, 480.0000000000000000 ) ) ;
#5200 = CARTESIAN_POINT ( 'NONE',  ( 178.3710299646160991, -0.1606031863528518122, 0.000000000000000000 ) ) ;
#5201 = DIRECTION ( 'NONE',  ( -0.000000000000000000, -0.000000000000000000, 1.000000000000000000 ) ) ;
#5202 = CARTESIAN_POINT ( 'NONE',  ( 179.0087710708319833, -0.2698703366677540627, 484.7999999999998977 ) ) ;
#5203 = EDGE_CURVE ( 'NONE', #498, #2761, #8530, .T. ) ;
#5204 = CARTESIAN_POINT ( 'NONE',  ( -14.11564491479588490, 4.218787896790034075, 245.0360354821707460 ) ) ;
#5205 = CARTESIAN_POINT ( 'NONE',  ( -14.14258920013752352, 4.376053522650504846, 324.9999999999998863 ) ) ;
#5206 = CARTESIAN_POINT ( 'NONE',  ( -8.243562281409925419, 7.408650821520700092, 479.0500000000000114 ) ) ;
#5207 = CARTESIAN_POINT ( 'NONE',  ( 179.6442570255404974, -0.3774503075582750777, 484.7999999999997840 ) ) ;
#5208 = CARTESIAN_POINT ( 'NONE',  ( 149.9289460731712040, -0.3689384741930415990, 479.9999999999998295 ) ) ;
#5209 = CARTESIAN_POINT ( 'NONE',  ( 173.7061123037852042, 0.7993136996651387660, 433.9999999999998295 ) ) ;
#5210 = CARTESIAN_POINT ( 'NONE',  ( 168.7926645202034308, -0.08030766244338630178, 0.000000000000000000 ) ) ;
#5211 = ADVANCED_FACE ( 'NONE', ( #3966 ), #3977, .T. ) ;
#5212 = LINE ( 'NONE', #5736, #5565 ) ;
#5213 = CARTESIAN_POINT ( 'NONE',  ( 59.20102073091622685, -3.999485053398144085, 480.0000000000000568 ) ) ;
#5214 = DIRECTION ( 'NONE',  ( 0.000000000000000000, 0.000000000000000000, 1.000000000000000000 ) ) ;
#5215 = CARTESIAN_POINT ( 'NONE',  ( 62.49999999999999289, -7.000000000000000000, 311.4999999999998863 ) ) ;
#5216 = CARTESIAN_POINT ( 'NONE',  ( -9.623513384105720547, -1.345554904536800711, 0.000000000000000000 ) ) ;
#5217 = CARTESIAN_POINT ( 'NONE',  ( 1.596059736919727134, 30.31115437330150897, 324.9999999999998863 ) ) ;
#5218 = CARTESIAN_POINT ( 'NONE',  ( -1.373146532889772953, 11.79333033713664136, 335.4953059829857693 ) ) ;
#5219 = ORIENTED_EDGE ( 'NONE', *, *, #1164, .F. ) ;
#5220 = CARTESIAN_POINT ( 'NONE',  ( 179.7089398268272191, -0.3907004012986977082, 480.0000000000000000 ) ) ;
#5221 = CARTESIAN_POINT ( 'NONE',  ( 178.3830282670356553, -0.2758071624085766671, 479.0499999999993292 ) ) ;
#5222 = CIRCLE ( 'NONE', #3154, 8.000000000000007105 ) ;
#5223 = EDGE_CURVE ( 'NONE', #4066, #3287, #4983, .T. ) ;
#5224 = CARTESIAN_POINT ( 'NONE',  ( 143.6297269594919896, -0.6211446336000946422, 480.0000000000000000 ) ) ;
#5225 = CARTESIAN_POINT ( 'NONE',  ( -2.121194805354489787, -2.426656746308021528, 244.9875321267321908 ) ) ;
#5226 = VECTOR ( 'NONE', #4912, 1000.000000000000000 ) ;
#5227 = CARTESIAN_POINT ( 'NONE',  ( 0.6942030540905830271, 12.24093525630922841, 278.1327887070640372 ) ) ;
#5228 = CARTESIAN_POINT ( 'NONE',  ( -14.84923296042870078, 3.844646164888525952, 345.0376137974819244 ) ) ;
#5229 = CARTESIAN_POINT ( 'NONE',  ( 66.27994042119775031, -3.989082864721404498, 338.9999999999998295 ) ) ;
#5230 = CIRCLE ( 'NONE', #7021, 1.000000000000000888 ) ;
#5231 = CARTESIAN_POINT ( 'NONE',  ( 168.0795006546612171, 1.828398982587448263, 479.9999999999999432 ) ) ;
#5232 = ORIENTED_EDGE ( 'NONE', *, *, #1751, .T. ) ;
#5233 = EDGE_LOOP ( 'NONE', ( #6887, #67, #1248, #3403 ) ) ;
#5234 = CARTESIAN_POINT ( 'NONE',  ( -4.269195249061849218, -12.50000000000130917, 327.3168190958819537 ) ) ;
#5235 = CIRCLE ( 'NONE', #6066, 5.000000000000004441 ) ;
#5236 = CARTESIAN_POINT ( 'NONE',  ( 26.44940346370246687, -4.163671417925266738, 0.000000000000000000 ) ) ;
#5237 = CARTESIAN_POINT ( 'NONE',  ( -12.92156397461537232, 5.494077158936595318, 484.7999999999994429 ) ) ;
#5238 = CARTESIAN_POINT ( 'NONE',  ( 129.1838746267443412, 7.308192698241585461, 0.000000000000000000 ) ) ;
#5239 = B_SPLINE_CURVE_WITH_KNOTS ( 'NONE', 3,
 ( #5015, #4364, #439, #1723, #7003, #1087, #2424, #6354, #5707, #8328 ),
 .UNSPECIFIED., .F., .F.,
 ( 4, 2, 2, 2, 4 ),
 ( -1.416682204818253388E-05, 0.001490454710501451941, 0.002995076243051086363, 0.004499697775600721220, 0.006004319308150355208 ),
 .UNSPECIFIED. ) ;
#5240 = CARTESIAN_POINT ( 'NONE',  ( -35.43629686845497417, 6.215016244004961443, 264.9999999999998863 ) ) ;
#5241 = CARTESIAN_POINT ( 'NONE',  ( -10.27567795747664547, -21.40869128518869857, 324.9999999999999432 ) ) ;
#5242 = CARTESIAN_POINT ( 'NONE',  ( -4.823692908581453942, -2.015470976646708490, 344.9881504353625132 ) ) ;
#5243 = ORIENTED_EDGE ( 'NONE', *, *, #2838, .F. ) ;
#5244 = CARTESIAN_POINT ( 'NONE',  ( 76.27866300872892680, 12.18815598381853427, 0.000000000000000000 ) ) ;
#5245 = CARTESIAN_POINT ( 'NONE',  ( 152.9265747029647855, 4.142416645514345852, 0.000000000000000000 ) ) ;
#5246 = CARTESIAN_POINT ( 'NONE',  ( -31.13556530061609706, -12.50000000000000000, 320.0842212136672629 ) ) ;
#5247 = CARTESIAN_POINT ( 'NONE',  ( 179.0654625349204707, -0.2807521666938629368, 0.000000000000000000 ) ) ;
#5248 = CARTESIAN_POINT ( 'NONE',  ( 16.85000000000000142, 3.642033860375761822, 495.0000000000000000 ) ) ;
#5249 = CARTESIAN_POINT ( 'NONE',  ( -14.47715264283290004, 4.113634501232692919, 324.9999999999998295 ) ) ;
#5250 = ADVANCED_FACE ( 'NONE', ( #1693 ), #3684, .F. ) ;
#5251 = CARTESIAN_POINT ( 'NONE',  ( -16.32928535935653969, 2.302567935840244218, 480.0000000000001137 ) ) ;
#5252 = CARTESIAN_POINT ( 'NONE',  ( 179.1173391926178624, -0.3487285780216550779, 0.000000000000000000 ) ) ;
#5253 = CARTESIAN_POINT ( 'NONE',  ( 175.2132399931429063, -0.1661168005189621877, 484.8000000000002387 ) ) ;
#5254 = CARTESIAN_POINT ( 'NONE',  ( 177.0583647365831155, 0.1204282955560781188, 434.0000000000003979 ) ) ;
#5255 = CARTESIAN_POINT ( 'NONE',  ( 91.26439142866983900, -3.530784339547171857, 0.000000000000000000 ) ) ;
#5256 = DIRECTION ( 'NONE',  ( 0.000000000000000000, -1.000000000000000000, 0.000000000000000000 ) ) ;
#5257 = CARTESIAN_POINT ( 'NONE',  ( 26.75516866481157408, -3.640522418034106700, 479.0499999999998977 ) ) ;
#5258 = DIRECTION ( 'NONE',  ( -0.000000000000000000, -0.000000000000000000, 1.000000000000000000 ) ) ;
#5259 = CARTESIAN_POINT ( 'NONE',  ( 5.999999999999979572, 8.205133554287264393E-15, 575.0000000000000000 ) ) ;
#5260 = EDGE_CURVE ( 'NONE', #3802, #7261, #6575, .T. ) ;
#5261 = VECTOR ( 'NONE', #74, 1000.000000000000000 ) ;
#5262 = CARTESIAN_POINT ( 'NONE',  ( -7.713863743854060040, -1.748473150709804136, 0.000000000000000000 ) ) ;
#5263 = CARTESIAN_POINT ( 'NONE',  ( 2.859144061282705707, 30.52040879297119957, 324.9999999999998863 ) ) ;
#5264 = CARTESIAN_POINT ( 'NONE',  ( -60.00000000000000000, 7.500000000000002665, 269.9999999999998863 ) ) ;
#5265 = ORIENTED_EDGE ( 'NONE', *, *, #7992, .T. ) ;
#5266 = CARTESIAN_POINT ( 'NONE',  ( 176.5296324905193046, 0.2329144246761202797, 480.0000000000000000 ) ) ;
#5267 = CARTESIAN_POINT ( 'NONE',  ( 178.2852111156290391, -0.2574015970366869133, 479.0499999999988745 ) ) ;
#5268 = CARTESIAN_POINT ( 'NONE',  ( 15.53511801854780927, -3.681124009262710661, 244.9866895516645400 ) ) ;
#5269 = CARTESIAN_POINT ( 'NONE',  ( 34.92950548548044054, -10.66934709644614188, 510.0937263172188523 ) ) ;
#5270 = LINE ( 'NONE', #2597, #5957 ) ;
#5271 = CARTESIAN_POINT ( 'NONE',  ( 1.337099074839124269, -10.74231240726963499, 272.9924098034277904 ) ) ;
#5272 = CARTESIAN_POINT ( 'NONE',  ( 174.8491107465091261, 0.5750561518038874720, 479.9973052996527940 ) ) ;
#5273 = ORIENTED_EDGE ( 'NONE', *, *, #147, .F. ) ;
#5274 = ORIENTED_EDGE ( 'NONE', *, *, #8527, .F. ) ;
#5275 = CARTESIAN_POINT ( 'NONE',  ( -8.840842728218827773, -12.50000000000065192, 326.9603942754240506 ) ) ;
#5276 = DIRECTION ( 'NONE',  ( 0.000000000000000000, 0.000000000000000000, 1.000000000000000000 ) ) ;
#5277 = CARTESIAN_POINT ( 'NONE',  ( -10.42854821249937025, 5.887020324426982754, 0.000000000000000000 ) ) ;
#5278 = DIRECTION ( 'NONE',  ( -0.000000000000000000, -0.000000000000000000, 1.000000000000000000 ) ) ;
#5279 = CARTESIAN_POINT ( 'NONE',  ( -15.49119744426403500, 2.850491704150297512, 245.0394421281145014 ) ) ;
#5280 = CARTESIAN_POINT ( 'NONE',  ( 2.322671100498465258, -2.807839159019525077, 344.9869316782034616 ) ) ;
#5281 = CARTESIAN_POINT ( 'NONE',  ( -35.78168326280087541, -1.431597182373441246, 324.9999999999999432 ) ) ;
#5282 = EDGE_CURVE ( 'NONE', #1469, #1205, #7733, .T. ) ;
#5283 = ORIENTED_EDGE ( 'NONE', *, *, #1387, .F. ) ;
#5284 = EDGE_LOOP ( 'NONE', ( #826, #375, #4638, #653, #6801, #4204, #8145 ) ) ;
#5285 = CARTESIAN_POINT ( 'NONE',  ( -13.26716325262118445, 4.307055261082852304, 0.000000000000000000 ) ) ;
#5286 = B_SPLINE_SURFACE_WITH_KNOTS ( 'NONE', 3, 1, ( 
 ( #8016, #3404, #4790 ),
 ( #1549, #8190, #6083 ),
 ( #4880, #8146, #950 ),
 ( #865, #6128, #3580 ),
 ( #3534, #4187, #7419 ),
 ( #910, #128, #1504 ),
 ( #6218, #2925, #2279 ),
 ( #254, #4924, #6733 ),
 ( #2104, #7376, #1462 ),
 ( #168, #212, #4144 ),
 ( #513, #3009, #4999 ),
 ( #990, #3139, #4434 ),
 ( #8267, #5776, #3098 ),
 ( #5687, #5646, #6947 ),
 ( #7748, #7580, #7073 ),
 ( #3660, #3791, #1670 ),
 ( #340, #465, #6299 ),
 ( #4347, #2448, #8351 ),
 ( #5041, #2362, #4390 ),
 ( #3618, #7620, #1709 ),
 ( #5734, #8396, #6985 ),
 ( #376, #1073, #3700 ),
 ( #5083, #3745, #6339 ),
 ( #1161, #7704, #2406 ),
 ( #4307, #1795, #2496 ),
 ( #5127, #6426, #421 ),
 ( #1838, #4481, #6257 ),
 ( #3053, #1032, #8309 ),
 ( #7659, #2971, #5606 ),
 ( #8227, #1749, #7028 ),
 ( #2319, #1114, #4962 ),
 ( #6379, #4607, #7837 ),
 ( #7156, #1323, #560 ),
 ( #726, #2664, #7794 ),
 ( #7116, #2054, #3185 ),
 ( #4651, #3963, #6593 ),
 ( #2537, #1203, #6468 ),
 ( #5298, #34, #4519 ) ),
 .UNSPECIFIED., .F., .F., .F.,
 ( 4, 1, 1, 1, 1, 2, 1, 1, 1, 2, 1, 1, 1, 2, 1, 1, 1, 2, 1, 1, 1, 2, 1, 1, 1, 2, 1, 1, 1, 4 ),
 ( 2, 1, 2 ),
 ( 0.000000000000000000, 0.02001064485902915094, 0.04002128971805830188, 0.08004257943611660375, 0.1200638691541749264, 0.1600851588722332353, 0.2027431919900224977, 0.2454012251078118156, 0.2880592582256010781, 0.3307172913433903960, 0.3479060545221989154, 0.3650948177010073792, 0.3822835808798158985, 0.3994723440586244179, 0.4217820764779501852, 0.4440918088972758415, 0.4664015413166015533, 0.4887112737359273207, 0.5434771976904870794, 0.5982431216450470046, 0.6530090455996069299, 0.7077749695541668551, 0.7572520886057373390, 0.8067292076573078230, 0.8562063267088780849, 0.9056834457604485689, 0.9292625843203363711, 0.9528417228802243955, 0.9764208614401121977, 1.000000000000000000 ),
 ( -0.01000000000000000021, 0.000000000000000000, 1.000000000000000000 ),
 .UNSPECIFIED. ) ;
#5287 = AXIS2_PLACEMENT_3D ( 'NONE', #1991, #5967, #4633 ) ;
#5288 = CARTESIAN_POINT ( 'NONE',  ( 165.0515877543363672, 2.296492863462257894, 0.000000000000000000 ) ) ;
#5289 = DIRECTION ( 'NONE',  ( 1.000000000000000000, 0.000000000000000000, 0.000000000000000000 ) ) ;
#5290 = CARTESIAN_POINT ( 'NONE',  ( 179.6741962889418858, -0.3897590349911759788, 0.000000000000000000 ) ) ;
#5291 = VECTOR ( 'NONE', #4579, 1000.000000000000000 ) ;
#5292 = LINE ( 'NONE', #8518, #2037 ) ;
#5293 = CARTESIAN_POINT ( 'NONE',  ( -32.36687705600920850, 13.97575234178944825, 324.9999999999998863 ) ) ;
#5294 = CARTESIAN_POINT ( 'NONE',  ( -38.68287173285199998, -9.538094576321840989, 575.0000000000000000 ) ) ;
#5295 = CARTESIAN_POINT ( 'NONE',  ( 179.6520006852142046, -0.3800095318273943867, 0.000000000000000000 ) ) ;
#5296 = AXIS2_PLACEMENT_3D ( 'NONE', #916, #2201, #8065 ) ;
#5297 = CARTESIAN_POINT ( 'NONE',  ( 169.3148206457915705, -0.05716200578415548544, 484.7999999999999545 ) ) ;
#5298 = CARTESIAN_POINT ( 'NONE',  ( 13.46451981502946182, 11.76251864032809280, 479.0499999999999545 ) ) ;
#5299 = CARTESIAN_POINT ( 'NONE',  ( 141.7426040282930728, -0.7009724672339195939, 480.0000000000000000 ) ) ;
#5300 = EDGE_CURVE ( 'NONE', #4161, #4458, #3215, .T. ) ;
#5301 = FACE_OUTER_BOUND ( 'NONE', #7436, .T. ) ;
#5302 = DIRECTION ( 'NONE',  ( 0.000000000000000000, 0.000000000000000000, -1.000000000000000000 ) ) ;
#5303 = DIRECTION ( 'NONE',  ( -0.000000000000000000, 1.000000000000000000, -0.000000000000000000 ) ) ;
#5304 = CARTESIAN_POINT ( 'NONE',  ( -6.687969257384455801, -1.656052731520758492, 480.0000000000003411 ) ) ;
#5305 = CARTESIAN_POINT ( 'NONE',  ( -9.842743156327458109, 12.50000000000000355, 329.0829743940719823 ) ) ;
#5306 = VERTEX_POINT ( 'NONE', #8380 ) ;
#5307 = CARTESIAN_POINT ( 'NONE',  ( -15.32538296431460978, 2.250537882075580143, 0.000000000000000000 ) ) ;
#5308 = CARTESIAN_POINT ( 'NONE',  ( 178.3382744948919481, -0.2674076835534461294, 479.0500000000006935 ) ) ;
#5309 = VECTOR ( 'NONE', #6171, 1000.000000000000000 ) ;
#5310 = EDGE_CURVE ( 'NONE', #4709, #7118, #6271, .T. ) ;
#5311 = DIRECTION ( 'NONE',  ( 1.000000000000000000, 0.000000000000000000, 0.000000000000000000 ) ) ;
#5312 = CARTESIAN_POINT ( 'NONE',  ( 16.98984772312902436, -3.666100020077347477, 344.6303764275540402 ) ) ;
#5313 = DIRECTION ( 'NONE',  ( -0.000000000000000000, -0.000000000000000000, 1.000000000000000000 ) ) ;
#5314 = DIRECTION ( 'NONE',  ( -0.000000000000000000, -0.000000000000000000, -1.000000000000000000 ) ) ;
#5315 = CARTESIAN_POINT ( 'NONE',  ( 56.00000000000000000, -3.000000000000007994, 571.0000000000000000 ) ) ;
#5316 = ORIENTED_EDGE ( 'NONE', *, *, #214, .F. ) ;
#5317 = ORIENTED_EDGE ( 'NONE', *, *, #678, .T. ) ;
#5318 = CARTESIAN_POINT ( 'NONE',  ( 214.0213202607155552, -4.363044677718124653, 575.0000000000004547 ) ) ;
#5319 = CARTESIAN_POINT ( 'NONE',  ( 2.628201759273525173, -9.344640009569149086, 259.7104083590238588 ) ) ;
#5320 = LINE ( 'NONE', #3252, #3770 ) ;
#5321 = CARTESIAN_POINT ( 'NONE',  ( -15.85719787981184759, 1.749115143345296941, 245.0317988956805664 ) ) ;
#5322 = CARTESIAN_POINT ( 'NONE',  ( -10.14009743503836170, -1.072977871442188480, 324.9999999999821512 ) ) ;
#5323 = CARTESIAN_POINT ( 'NONE',  ( 1.696823433226871014, 11.91216676627798243, 253.7343669164797575 ) ) ;
#5324 = VERTEX_POINT ( 'NONE', #5671 ) ;
#5325 = ORIENTED_EDGE ( 'NONE', *, *, #4738, .F. ) ;
#5326 = CARTESIAN_POINT ( 'NONE',  ( -14.95031025306459860, 2.784372738081177356, 0.000000000000000000 ) ) ;
#5327 = ORIENTED_EDGE ( 'NONE', *, *, #2270, .T. ) ;
#5328 = CARTESIAN_POINT ( 'NONE',  ( 141.9933586966414225, 5.663057077977454945, -0.000000000000000000 ) ) ;
#5329 = CARTESIAN_POINT ( 'NONE',  ( 146.0000000000000000, 9.797174393178841435E-16, 519.9999999999998863 ) ) ;
#5330 = CARTESIAN_POINT ( 'NONE',  ( 178.8916077018280930, -0.2521523190111030766, 0.000000000000000000 ) ) ;
#5331 = DIRECTION ( 'NONE',  ( 0.0002707145712812705773, -3.404708185156971045E-19, 0.9999999633568097401 ) ) ;
#5332 = CARTESIAN_POINT ( 'NONE',  ( -13.97807698326506554, 4.541422321141142859, 345.0355569259872368 ) ) ;
#5333 = CARTESIAN_POINT ( 'NONE',  ( -13.28307857762297495, 5.082684229960300115, 479.0499999999998408 ) ) ;
#5334 = CARTESIAN_POINT ( 'NONE',  ( 179.0597020768670120, -0.2783260417168468281, 484.8000000000000682 ) ) ;
#5335 = CARTESIAN_POINT ( 'NONE',  ( 176.7782354249829666, -0.2271335767956293161, 0.000000000000000000 ) ) ;
#5336 = CARTESIAN_POINT ( 'NONE',  ( 173.0114429197727191, 0.9342393381966708210, 434.0000000000002274 ) ) ;
#5337 = CARTESIAN_POINT ( 'NONE',  ( 156.2301953925314137, -0.1826681069502283372, 480.0000000000002842 ) ) ;
#5338 = CYLINDRICAL_SURFACE ( 'NONE', #4952, 8.000000000000007105 ) ;
#5339 = EDGE_CURVE ( 'NONE', #4594, #3613, #2240, .T. ) ;
#5340 = CARTESIAN_POINT ( 'NONE',  ( 4.175302475959648874, 10.04885873308905175, 0.000000000000000000 ) ) ;
#5341 = CYLINDRICAL_SURFACE ( 'NONE', #1506, 1.400000000000012346 ) ;
#5342 = CARTESIAN_POINT ( 'NONE',  ( 9.351836138392977560, -3.227169601372426921, 484.8000000000003524 ) ) ;
#5343 = PLANE ( 'NONE',  #3567 ) ;
#5344 = ORIENTED_EDGE ( 'NONE', *, *, #40, .F. ) ;
#5345 = CARTESIAN_POINT ( 'NONE',  ( 159.5647507252336084, 25.00000000000001066, 575.0000000000000000 ) ) ;
#5346 = CARTESIAN_POINT ( 'NONE',  ( 178.3127790626548688, -0.2626052341015582825, 479.0500000000000682 ) ) ;
#5347 = TOROIDAL_SURFACE ( 'NONE', #6187, 4.000000000000000000, 1.000000000000000000 ) ;
#5348 = CARTESIAN_POINT ( 'NONE',  ( 8.327171395281458999, -23.34751517758691719, 264.9999999999998863 ) ) ;
#5349 = CARTESIAN_POINT ( 'NONE',  ( 61.00000000000000711, 7.999999999999991118, 4.000000000000000000 ) ) ;
#5350 = FACE_BOUND ( 'NONE', #5771, .T. ) ;
#5351 = CARTESIAN_POINT ( 'NONE',  ( 143.6297269594919896, -0.6211446336000948643, 480.0000000000000568 ) ) ;
#5352 = AXIS2_PLACEMENT_3D ( 'NONE', #1813, #5796, #6401 ) ;
#5353 = CARTESIAN_POINT ( 'NONE',  ( 1.336924628381834568, -10.73506582279105537, 329.0005051911152805 ) ) ;
#5354 = VERTEX_POINT ( 'NONE', #3774 ) ;
#5355 = EDGE_CURVE ( 'NONE', #441, #2675, #6163, .T. ) ;
#5356 =( BOUNDED_SURFACE ( )  B_SPLINE_SURFACE ( 3, 2, ( 
 ( #42, #1211, #1255 ),
 ( #3886, #651, #3235 ),
 ( #7206, #5907, #6519 ),
 ( #5866, #1292, #5263 ),
 ( #8490, #2588, #5217 ),
 ( #3274, #1934, #8435 ),
 ( #6462, #4383, #7653 ),
 ( #370, #4341, #414 ),
 ( #3133, #7065, #1788 ),
 ( #3693, #6330, #8344 ),
 ( #1106, #8260, #506 ),
 ( #3737, #7740, #458 ),
 ( #4427, #3653, #4992 ),
 ( #2490, #3179, #5639 ),
 ( #3828, #1155, #2356 ),
 ( #1702, #1832, #7612 ),
 ( #6940, #3784, #6979 ),
 ( #3090, #3002, #5814 ),
 ( #1065, #8300, #6420 ),
 ( #3045, #1197, #5770 ),
 ( #5680, #2398, #2529 ),
 ( #7573, #5034, #4301 ),
 ( #1742, #7020, #6292 ),
 ( #6372, #8389, #5121 ),
 ( #1663, #5727, #2442 ),
 ( #5076, #7697, #1025 ),
 ( #4475, #7110, #554 ),
 ( #5332, #2706, #3348 ),
 ( #7235, #5205, #7878 ),
 ( #2659, #5249, #7919 ),
 ( #721, #6548, #7957 ),
 ( #29, #4040, #7831 ),
 ( #761, #3305, #6678 ),
 ( #1319, #4560, #3916 ),
 ( #4602, #1962, #4000 ),
 ( #3389, #680, #5983 ),
 ( #1919, #6634, #75 ),
 ( #7317, #2048, #1241 ),
 ( #6025, #112, #5164 ),
 ( #3958, #1281, #6507 ),
 ( #639, #5896, #4687 ),
 ( #3262, #5855, #5293 ),
 ( #6589, #1401, #7195 ),
 ( #7789, #5938, #2003 ),
 ( #4645, #7276, #1876 ),
 ( #4515, #1362, #8519 ),
 ( #7150, #3874, #3222 ),
 ( #595, #8479, #2576 ),
 ( #2616, #8001, #2744 ),
 ( #6240, #4126, #6806 ),
 ( #6892, #4863, #3429 ),
 ( #4817, #2131, #5376 ),
 ( #7359, #3472, #892 ),
 ( #2089, #7447, #4730 ),
 ( #1448, #6197, #7402 ),
 ( #4081, #847, #1533 ),
 ( #7481, #2829, #974 ),
 ( #6717, #237, #802 ),
 ( #4171, #2869, #1488 ),
 ( #8173, #1574, #6765 ),
 ( #8128, #6154, #6067 ),
 ( #154, #5505, #5463 ),
 ( #5417, #6849, #6110 ),
 ( #2219, #2787, #4214 ),
 ( #8043, #2264, #3603 ),
 ( #5548, #4773, #195 ),
 ( #934, #8085, #3562 ),
 ( #283, #2176, #2907 ),
 ( #3519, #4906, #7523 ),
 ( #1614, #4253, #4945 ),
 ( #4372, #8379, #2953 ),
 ( #4982, #5590, #3772 ),
 ( #5629, #7561, #6970 ),
 ( #1776, #2431, #403 ),
 ( #6321, #1652, #6362 ),
 ( #5024, #8212, #7055 ),
 ( #2303, #5112, #3682 ),
 ( #6409, #1146, #4291 ),
 ( #360, #3036, #6931 ),
 ( #5670, #3079, #2992 ),
 ( #1692, #3125, #447 ),
 ( #2346, #5759, #2479 ),
 ( #8250, #7603, #5716 ),
 ( #8290, #7686, #7011 ),
 ( #1096, #4418, #1011 ),
 ( #8335, #3727, #4331 ),
 ( #495, #6283, #3642 ),
 ( #7732, #5065, #1822 ),
 ( #4465, #7101, #1055 ),
 ( #1189, #2388, #3819 ),
 ( #7644, #321, #1731 ),
 ( #8510, #7141, #7908 ),
 ( #6453, #62, #1348 ),
 ( #7225, #5322, #2521 ),
 ( #2607, #2567, #3864 ),
 ( #4674, #4507, #3989 ),
 ( #3295, #1311, #1866 ),
 ( #6623, #709, #1231 ),
 ( #6499, #670, #7869 ),
 ( #3949, #586, #5241 ),
 ( #4635, #5155, #3169 ),
 ( #2647, #1908, #1273 ),
 ( #6580, #8426, #5803 ),
 ( #1993, #19, #1953 ),
 ( #7946, #8469, #7306 ),
 ( #5196, #3254, #7821 ),
 ( #2694, #544, #5845 ),
 ( #5928, #5886, #4592 ),
 ( #5280, #2032, #7266 ),
 ( #7778, #3214, #3336 ),
 ( #5969, #1390, #4550 ),
 ( #7185, #3905, #6539 ),
 ( #630, #143, #5362 ),
 ( #5405, #4762, #8115 ),
 ( #6794, #5452, #2776 ),
 ( #4804, #8074, #6097 ) ),
 .UNSPECIFIED., .F., .F., .T. ) 
 B_SPLINE_SURFACE_WITH_KNOTS ( ( 4, 2, 2, 2, 2, 2, 2, 2, 2, 2, 2, 2, 2, 2, 2, 2, 2, 2, 2, 2, 2, 2, 2, 2, 2, 2, 2, 2, 2, 2, 2, 2, 2, 2, 2, 2, 2, 2, 2, 2, 2, 2, 2, 2, 2, 2, 2, 2, 2, 2, 2, 2, 2, 2, 2, 2, 2, 4 ),
 ( 3, 3 ),
 ( 0.1940656828154743718, 0.1978609075974595566, 0.2016561323794447413, 0.2054513571614299261, 0.2092465819434151109, 0.2130418067254002956, 0.2168370315073854804, 0.2187346438983780728, 0.2206322562893706651, 0.2225298686803632853, 0.2234786748758595953, 0.2244274810713558777, 0.2263250934623484700, 0.2282227058533410902, 0.2301203182443336825, 0.2320179306353262749, 0.2339155430263188673, 0.2348643492218151496, 0.2358131554173114597, 0.2367619616128077698, 0.2377107678083040521, 0.2396083801992966444, 0.2434036049812818292, 0.2453012173722744216, 0.2471988297632670140, 0.2509940545452521987, 0.2528916669362447633, 0.2538404731317410734, 0.2547892793272373835, 0.2585845041092225682, 0.2604821165002151329, 0.2623797288912077530, 0.2661749536731929378, 0.2680725660641855024, 0.2699701784551781225, 0.2709189846506744326, 0.2718677908461707426, 0.2728165970416670527, 0.2737654032371633073, 0.2756630156281558719, 0.2766118218236521820, 0.2775606280191484920, 0.2780350311168966471, 0.2785094342146448021, 0.2794582404101411122, 0.2813558528011337323, 0.2832534651921263524, 0.2851510775831189171, 0.2870486899741114817, 0.2879974961696077917, 0.2889463023651041018, 0.2908439147560967220, 0.2927415271470893421, 0.2965367519290745268, 0.3003319767110597116, 0.3041272014930448964, 0.3079224262750300811, 0.3155128758390004506 ),
 ( 0.000000000000000000, 1.000000000000000000 ),
 .UNSPECIFIED. ) 
 GEOMETRIC_REPRESENTATION_ITEM ( )  RATIONAL_B_SPLINE_SURFACE ( (
 ( 1.000000000000000000, 0.7067284684318363430, 1.000000000000000000),
 ( 1.000000000000000000, 0.7067232544552264351, 1.000000000000000000),
 ( 1.000000000000000000, 0.7067180618679586024, 1.000000000000000000),
 ( 1.000000000000000000, 0.7067069002628473262, 1.000000000000000000),
 ( 1.000000000000000000, 0.7067009261531776998, 1.000000000000000000),
 ( 1.000000000000000000, 0.7066885267281964866, 1.000000000000000000),
 ( 1.000000000000000000, 0.7066820842564073279, 1.000000000000000000),
 ( 1.000000000000000000, 0.7066681875535775204, 1.000000000000000000),
 ( 1.000000000000000000, 0.7066609672374083440, 1.000000000000000000),
 ( 1.000000000000000000, 0.7066453021508342092, 1.000000000000000000),
 ( 1.000000000000000000, 0.7066366901692826552, 1.000000000000000000),
 ( 1.000000000000000000, 0.7066192399927231360, 1.000000000000000000),
 ( 1.000000000000000000, 0.7066091269727408086, 1.000000000000000000),
 ( 1.000000000000000000, 0.7065932254314797323, 1.000000000000000000),
 ( 1.000000000000000000, 0.7065879254388034436, 1.000000000000000000),
 ( 1.000000000000000000, 0.7065767650264449529, 1.000000000000000000),
 ( 1.000000000000000000, 0.7065707539841137308, 1.000000000000000000),
 ( 1.000000000000000000, 0.7065586838955493221, 1.000000000000000000),
 ( 1.000000000000000000, 0.7065526464695516262, 1.000000000000000000),
 ( 1.000000000000000000, 0.7065433439606683130, 1.000000000000000000),
 ( 1.000000000000000000, 0.7065401808547564499, 1.000000000000000000),
 ( 1.000000000000000000, 0.7065338620596444130, 1.000000000000000000),
 ( 1.000000000000000000, 0.7065306158835156225, 1.000000000000000000),
 ( 1.000000000000000000, 0.7065203405179312224, 1.000000000000000000),
 ( 1.000000000000000000, 0.7065133168195421032, 1.000000000000000000),
 ( 1.000000000000000000, 0.7064990072145052036, 1.000000000000000000),
 ( 1.000000000000000000, 0.7064919398710922671, 1.000000000000000000),
 ( 1.000000000000000000, 0.7064779380134549314, 1.000000000000000000),
 ( 1.000000000000000000, 0.7064709371267384741, 1.000000000000000000),
 ( 1.000000000000000000, 0.7064569649794562034, 1.000000000000000000),
 ( 1.000000000000000000, 0.7064502687730097596, 1.000000000000000000),
 ( 1.000000000000000000, 0.7064383340339598361, 1.000000000000000000),
 ( 1.000000000000000000, 0.7064328027944144495, 1.000000000000000000),
 ( 1.000000000000000000, 0.7064245498478050056, 1.000000000000000000),
 ( 1.000000000000000000, 0.7064220485058230192, 1.000000000000000000),
 ( 1.000000000000000000, 0.7064177336864998491, 1.000000000000000000),
 ( 1.000000000000000000, 0.7064158734875123358, 1.000000000000000000),
 ( 1.000000000000000000, 0.7064114037267004154, 1.000000000000000000),
 ( 1.000000000000000000, 0.7064093560472270994, 1.000000000000000000),
 ( 1.000000000000000000, 0.7064044869127339421, 1.000000000000000000),
 ( 1.000000000000000000, 0.7064014588158077368, 1.000000000000000000),
 ( 1.000000000000000000, 0.7063926687247902292, 1.000000000000000000),
 ( 1.000000000000000000, 0.7063870972461669950, 1.000000000000000000),
 ( 1.000000000000000000, 0.7063742642437421670, 1.000000000000000000),
 ( 1.000000000000000000, 0.7063713033230495375, 1.000000000000000000),
 ( 1.000000000000000000, 0.7063733608096826044, 1.000000000000000000),
 ( 1.000000000000000000, 0.7063750373114351389, 1.000000000000000000),
 ( 1.000000000000000000, 0.7063803402158944644, 1.000000000000000000),
 ( 1.000000000000000000, 0.7063839725643623613, 1.000000000000000000),
 ( 1.000000000000000000, 0.7063977849978202439, 1.000000000000000000),
 ( 1.000000000000000000, 0.7064124415674559732, 1.000000000000000000),
 ( 1.000000000000000000, 0.7064406145674851922, 1.000000000000000000),
 ( 1.000000000000000000, 0.7064510618306252265, 1.000000000000000000),
 ( 1.000000000000000000, 0.7064682707032461373, 1.000000000000000000),
 ( 1.000000000000000000, 0.7064735941126193408, 1.000000000000000000),
 ( 1.000000000000000000, 0.7064873458199402156, 1.000000000000000000),
 ( 1.000000000000000000, 0.7064945120982849547, 1.000000000000000000),
 ( 1.000000000000000000, 0.7065317046642721754, 1.000000000000000000),
 ( 1.000000000000000000, 0.7065658784575726825, 1.000000000000000000),
 ( 1.000000000000000000, 0.7066214421321379557, 1.000000000000000000),
 ( 1.000000000000000000, 0.7066404969723077967, 1.000000000000000000),
 ( 1.000000000000000000, 0.7066802790680676294, 1.000000000000000000),
 ( 1.000000000000000000, 0.7067008738064747275, 1.000000000000000000),
 ( 1.000000000000000000, 0.7067638888561423860, 1.000000000000000000),
 ( 1.000000000000000000, 0.7068076900469523194, 1.000000000000000000),
 ( 1.000000000000000000, 0.7068690747877863778, 1.000000000000000000),
 ( 1.000000000000000000, 0.7068891689638036047, 1.000000000000000000),
 ( 1.000000000000000000, 0.7069291862926238013, 1.000000000000000000),
 ( 1.000000000000000000, 0.7069485763070677553, 1.000000000000000000),
 ( 1.000000000000000000, 0.7069776832206174921, 1.000000000000000000),
 ( 1.000000000000000000, 0.7069873328230320553, 1.000000000000000000),
 ( 1.000000000000000000, 0.7070060549202257238, 1.000000000000000000),
 ( 1.000000000000000000, 0.7070152324159155732, 1.000000000000000000),
 ( 1.000000000000000000, 0.7070336939268471177, 1.000000000000000000),
 ( 1.000000000000000000, 0.7070428827069874522, 1.000000000000000000),
 ( 1.000000000000000000, 0.7070609736956587899, 1.000000000000000000),
 ( 1.000000000000000000, 0.7070698375334987240, 1.000000000000000000),
 ( 1.000000000000000000, 0.7070964959744752143, 1.000000000000000000),
 ( 1.000000000000000000, 0.7071147860728079770, 1.000000000000000000),
 ( 1.000000000000000000, 0.7071411882941225358, 1.000000000000000000),
 ( 1.000000000000000000, 0.7071497670180684203, 1.000000000000000000),
 ( 1.000000000000000000, 0.7071652370436916080, 1.000000000000000000),
 ( 1.000000000000000000, 0.7071722331075358525, 1.000000000000000000),
 ( 1.000000000000000000, 0.7071815153906673146, 1.000000000000000000),
 ( 1.000000000000000000, 0.7071844092121639669, 1.000000000000000000),
 ( 1.000000000000000000, 0.7071897183387227948, 1.000000000000000000),
 ( 1.000000000000000000, 0.7071921591608623103, 1.000000000000000000),
 ( 1.000000000000000000, 0.7071991703309952193, 1.000000000000000000),
 ( 1.000000000000000000, 0.7072036014895766165, 1.000000000000000000),
 ( 1.000000000000000000, 0.7072175014043819985, 1.000000000000000000),
 ( 1.000000000000000000, 0.7072262454876052651, 1.000000000000000000),
 ( 1.000000000000000000, 0.7072428363157068354, 1.000000000000000000),
 ( 1.000000000000000000, 0.7072508781540562950, 1.000000000000000000),
 ( 1.000000000000000000, 0.7072657953557708321, 1.000000000000000000),
 ( 1.000000000000000000, 0.7072727268734024797, 1.000000000000000000),
 ( 1.000000000000000000, 0.7072852205692066185, 1.000000000000000000),
 ( 1.000000000000000000, 0.7072908350413279477, 1.000000000000000000),
 ( 1.000000000000000000, 0.7072977479071339557, 1.000000000000000000),
 ( 1.000000000000000000, 0.7072997963267728672, 1.000000000000000000),
 ( 1.000000000000000000, 0.7073035243738334810, 1.000000000000000000),
 ( 1.000000000000000000, 0.7073051945640927984, 1.000000000000000000),
 ( 1.000000000000000000, 0.7073099619527569715, 1.000000000000000000),
 ( 1.000000000000000000, 0.7073128692938854822, 1.000000000000000000),
 ( 1.000000000000000000, 0.7073182948441041340, 1.000000000000000000),
 ( 1.000000000000000000, 0.7073207184903687050, 1.000000000000000000),
 ( 1.000000000000000000, 0.7073271038983974801, 1.000000000000000000),
 ( 1.000000000000000000, 0.7073304530570020399, 1.000000000000000000),
 ( 1.000000000000000000, 0.7073358310667486881, 1.000000000000000000),
 ( 1.000000000000000000, 0.7073377609364713825, 1.000000000000000000),
 ( 1.000000000000000000, 0.7073403927560911741, 1.000000000000000000),
 ( 1.000000000000000000, 0.7073413117942450867, 1.000000000000000000),
 ( 1.000000000000000000, 0.7073425266898374364, 1.000000000000000000),
 ( 1.000000000000000000, 0.7073427932380833560, 1.000000000000000000),
 ( 1.000000000000000000, 0.7073428712745210012, 1.000000000000000000),
 ( 1.000000000000000000, 0.7073419724330970437, 1.000000000000000000),
 ( 1.000000000000000000, 0.7073406689103968192, 1.000000000000000000) ) ) 
 REPRESENTATION_ITEM ( '' )  SURFACE ( )  );
#5357 = ORIENTED_EDGE ( 'NONE', *, *, #3842, .F. ) ;
#5358 = CARTESIAN_POINT ( 'NONE',  ( 0.1928760686619635234, -10.51943536885019448, 329.0982571408898139 ) ) ;
#5359 = CARTESIAN_POINT ( 'NONE',  ( 73.22275164550062243, -4.044607191464002938, 0.000000000000000000 ) ) ;
#5360 = CARTESIAN_POINT ( 'NONE',  ( -0.9086535569161144910, 18.44679140610301005, 527.5000000000000000 ) ) ;
#5361 = CARTESIAN_POINT ( 'NONE',  ( -32.17560872438215114, 13.90100300818595080, 264.9999999999998295 ) ) ;
#5362 = CARTESIAN_POINT ( 'NONE',  ( 8.315312730190337120, -23.27998774923640468, 324.9999999999999432 ) ) ;
#5363 = PLANE ( 'NONE',  #5554 ) ;
#5364 = ORIENTED_EDGE ( 'NONE', *, *, #5711, .F. ) ;
#5365 = EDGE_CURVE ( 'NONE', #7383, #431, #7392, .T. ) ;
#5366 = ORIENTED_EDGE ( 'NONE', *, *, #4861, .F. ) ;
#5367 = ADVANCED_FACE ( 'NONE', ( #7349 ), #5363, .F. ) ;
#5368 = CARTESIAN_POINT ( 'NONE',  ( -4.398880375389967234, 8.746333672049560803, 484.7999999999996135 ) ) ;
#5369 = AXIS2_PLACEMENT_3D ( 'NONE', #1237, #8431, #2526 ) ;
#5370 = ORIENTED_EDGE ( 'NONE', *, *, #8171, .F. ) ;
#5371 = CARTESIAN_POINT ( 'NONE',  ( 107.9763542463709740, 9.660794725740885269, 0.000000000000000000 ) ) ;
#5372 = DIRECTION ( 'NONE',  ( -1.000000000000000000, 0.000000000000000000, 0.000000000000000000 ) ) ;
#5373 = CARTESIAN_POINT ( 'NONE',  ( 172.0228677175176699, 1.125193098904307298, 484.7999999999997840 ) ) ;
#5374 = CARTESIAN_POINT ( 'NONE',  ( 50.00000000000000000, 4.999999999999992895, 0.000000000000000000 ) ) ;
#5375 = AXIS2_PLACEMENT_3D ( 'NONE', #582, #1227, #1269 ) ;
#5376 = CARTESIAN_POINT ( 'NONE',  ( -36.04827200287651578, 1.149878394553051297, 324.9999999999999432 ) ) ;
#5377 = CARTESIAN_POINT ( 'NONE',  ( -4.544105112502749400, -1.983239494114235946, 480.0000000000008527 ) ) ;
#5378 = CARTESIAN_POINT ( 'NONE',  ( 179.0943811129157837, -0.2840876077647877529, 480.0000000000002274 ) ) ;
#5379 = CARTESIAN_POINT ( 'NONE',  ( 176.9821723455103495, -0.2269728047348208988, 484.7999999999999545 ) ) ;
#5380 = CARTESIAN_POINT ( 'NONE',  ( 74.00000000000004263, -3.863428706989938011, 321.9999999999999432 ) ) ;
#5381 = DIRECTION ( 'NONE',  ( 0.000000000000000000, 0.000000000000000000, 1.000000000000000000 ) ) ;
#5382 = CARTESIAN_POINT ( 'NONE',  ( 169.3148206457915705, -0.05716200578415548544, 484.7999999999999545 ) ) ;
#5383 = CARTESIAN_POINT ( 'NONE',  ( -14.43619683072993887, -12.49999999999999645, 266.5405182355230522 ) ) ;
#5384 = CARTESIAN_POINT ( 'NONE',  ( 14.92950548548044054, -2.000000000000000000, 322.9999999999998863 ) ) ;
#5385 = CARTESIAN_POINT ( 'NONE',  ( 23.20150807599229381, -4.095375873349510698, 0.000000000000000000 ) ) ;
#5386 = PLANE ( 'NONE',  #3710 ) ;
#5387 = EDGE_CURVE ( 'NONE', #7309, #8395, #2658, .T. ) ;
#5388 = CARTESIAN_POINT ( 'NONE',  ( 122.8790918552931686, -1.676979508180784340, 480.0000000000000000 ) ) ;
#5389 = CARTESIAN_POINT ( 'NONE',  ( -15.24682053801738846, 1.025590132473305660, 0.000000000000000000 ) ) ;
#5390 = EDGE_LOOP ( 'NONE', ( #4618, #7539, #1225, #146 ) ) ;
#5391 = CARTESIAN_POINT ( 'NONE',  ( 68.50000000000000000, -3.964716826134216721, 316.5000000000059117 ) ) ;
#5392 = CARTESIAN_POINT ( 'NONE',  ( 212.9006789042973082, 6.130423946210862063, 574.9999999999996589 ) ) ;
#5393 = B_SPLINE_CURVE_WITH_KNOTS ( 'NONE', 3,
 ( #140, #4156, #7388, #3500, #7943, #2815, #3415 ),
 .UNSPECIFIED., .F., .F.,
 ( 4, 3, 4 ),
 ( 0.000000000000000000, 0.004792350743226451645, 0.007683430756740472142 ),
 .UNSPECIFIED. ) ;
#5394 = CARTESIAN_POINT ( 'NONE',  ( 34.92950548548044765, -2.000000000000000000, 575.0000000000000000 ) ) ;
#5395 = CARTESIAN_POINT ( 'NONE',  ( 0.6859091234224308220, 12.24965199316424069, 345.6016333656649522 ) ) ;
#5396 = CARTESIAN_POINT ( 'NONE',  ( -15.36593927849821561, 3.315298290796673708, 345.0389464901834344 ) ) ;
#5397 = CARTESIAN_POINT ( 'NONE',  ( 0.7497609299098405566, 12.22209625363661090, 284.9995582704967774 ) ) ;
#5398 = CARTESIAN_POINT ( 'NONE',  ( 93.15000000000000568, 3.642033860375762266, 495.0000000000000000 ) ) ;
#5399 = ORIENTED_EDGE ( 'NONE', *, *, #5525, .T. ) ;
#5400 = EDGE_LOOP ( 'NONE', ( #6692, #8373, #7268, #2910 ) ) ;
#5401 = CARTESIAN_POINT ( 'NONE',  ( -1.028001422267758258, -12.49999999999999645, 325.0114894816082369 ) ) ;
#5402 = CARTESIAN_POINT ( 'NONE',  ( 53.18170167061617093, -4.319182288010790849, 0.000000000000000000 ) ) ;
#5403 = CARTESIAN_POINT ( 'NONE',  ( 12.52584914004817840, 11.66053128475937051, 479.0499999999999545 ) ) ;
#5404 = CARTESIAN_POINT ( 'NONE',  ( -15.08847551795578035, 0.7202531345088437620, 264.9999999999998295 ) ) ;
#5405 = CARTESIAN_POINT ( 'NONE',  ( 13.10898456323028682, -3.509321918369738391, 344.9866424982857325 ) ) ;
#5406 = CARTESIAN_POINT ( 'NONE',  ( -5.534631947937238117, -1.912725965275871909, 344.9883669684548408 ) ) ;
#5407 = EDGE_LOOP ( 'NONE', ( #2778, #4342 ) ) ;
#5408 =( BOUNDED_SURFACE ( )  B_SPLINE_SURFACE ( 3, 2, ( 
 ( #3761, #4409, #7045 ),
 ( #6442, #1135, #2556 ),
 ( #5014, #4454, #4363 ),
 ( #7002, #2511, #3717 ) ),
 .UNSPECIFIED., .F., .F., .T. ) 
 B_SPLINE_SURFACE_WITH_KNOTS ( ( 4, 4 ),
 ( 3, 3 ),
 ( 0.1218048142385008692, 0.1322011039091433582 ),
 ( 0.000000000000000000, 1.000000000000000000 ),
 .UNSPECIFIED. ) 
 GEOMETRIC_REPRESENTATION_ITEM ( )  RATIONAL_B_SPLINE_SURFACE ( (
 ( 1.000000000000000000, 0.9863345553766237339, 1.000000000000000000),
 ( 1.000000000000000000, 0.9863629006691584378, 1.000000000000000000),
 ( 1.000000000000000000, 0.9863912323162686846, 1.000000000000000000),
 ( 1.000000000000000000, 0.9864195502430268547, 1.000000000000000000) ) ) 
 REPRESENTATION_ITEM ( '' )  SURFACE ( )  );
#5409 = CARTESIAN_POINT ( 'NONE',  ( -22.87285606488744705, 9.126720001595781895, 262.1336414289838785 ) ) ;
#5410 = ORIENTED_EDGE ( 'NONE', *, *, #1109, .T. ) ;
#5411 = CARTESIAN_POINT ( 'NONE',  ( -15.45539092237115320, 3.627542445908428448, 484.7999999999996135 ) ) ;
#5412 = ORIENTED_EDGE ( 'NONE', *, *, #1024, .T. ) ;
#5413 = CARTESIAN_POINT ( 'NONE',  ( 86.85593764931454075, 11.49203367636692974, 0.000000000000000000 ) ) ;
#5414 = PLANE ( 'NONE',  #1510 ) ;
#5415 = CARTESIAN_POINT ( 'NONE',  ( 136.0582871256010264, 6.443974785544743789, 0.000000000000000000 ) ) ;
#5416 = CARTESIAN_POINT ( 'NONE',  ( 40.92950548548046186, -4.069072019512292471, 432.3329538922318420 ) ) ;
#5417 = CARTESIAN_POINT ( 'NONE',  ( -15.90333528467425062, 1.474954915564842040, 345.0229550161312773 ) ) ;
#5418 = CARTESIAN_POINT ( 'NONE',  ( 45.00000000000000711, 7.999999999999992895, 4.000000000000000000 ) ) ;
#5419 = CARTESIAN_POINT ( 'NONE',  ( 152.9966468099561610, -13.39242123184542343, 527.5000000000000000 ) ) ;
#5420 = CARTESIAN_POINT ( 'NONE',  ( 178.7616054442715949, -0.2276258576920555388, 484.8000000000002387 ) ) ;
#5421 = CARTESIAN_POINT ( 'NONE',  ( 179.5230571657159260, -0.3822719442071789153, 480.0000000000003979 ) ) ;
#5422 = CARTESIAN_POINT ( 'NONE',  ( -18.27149348248784477, 10.07149967861274398, 260.3458082299382568 ) ) ;
#5423 = APPLICATION_CONTEXT ( 'automotive_design' ) ;
#5424 = DIRECTION ( 'NONE',  ( 0.000000000000000000, 0.000000000000000000, -1.000000000000000000 ) ) ;
#5425 = CARTESIAN_POINT ( 'NONE',  ( 171.4333090185117499, -0.07467006253006959471, 480.0000000000001705 ) ) ;
#5426 = CARTESIAN_POINT ( 'NONE',  ( -12.95598713352844733, -12.49999999999999822, 266.2856186474998594 ) ) ;
#5427 = AXIS2_PLACEMENT_3D ( 'NONE', #3230, #6076, #1368 ) ;
#5428 = CARTESIAN_POINT ( 'NONE',  ( 143.2223681989937063, -0.7248792900046533427, 0.000000000000000000 ) ) ;
#5429 = DIRECTION ( 'NONE',  ( 1.000000000000000000, 1.040834085586084503E-16, -0.000000000000000000 ) ) ;
#5430 = B_SPLINE_CURVE_WITH_KNOTS ( 'NONE', 3,
 ( #1464, #2197, #3407, #1594, #130, #6042, #4059 ),
 .UNSPECIFIED., .F., .F.,
 ( 4, 3, 4 ),
 ( 0.02798675523409364235, 0.03911686247774757291, 0.1000000343777302791 ),
 .UNSPECIFIED. ) ;
#5431 = DIRECTION ( 'NONE',  ( 1.000000000000000000, -0.000000000000000000, 0.000000000000000000 ) ) ;
#5432 = CARTESIAN_POINT ( 'NONE',  ( 126.3192003598809237, -1.608250353137633537, 0.000000000000000000 ) ) ;
#5433 = CARTESIAN_POINT ( 'NONE',  ( -15.43332856782055273, 0.8757112466182158661, 484.7999999999996135 ) ) ;
#5434 = ORIENTED_EDGE ( 'NONE', *, *, #6162, .F. ) ;
#5435 = LINE ( 'NONE', #8102, #7508 ) ;
#5436 = CARTESIAN_POINT ( 'NONE',  ( -15.69052719653689998, 1.070116662310526490, 479.9999999999997158 ) ) ;
#5437 = VECTOR ( 'NONE', #1984, 1000.000000000000114 ) ;
#5438 = EDGE_CURVE ( 'NONE', #3793, #1469, #1820, .T. ) ;
#5439 = CARTESIAN_POINT ( 'NONE',  ( 56.00000000000000000, 3.000000000000000000, 303.9999999999998863 ) ) ;
#5440 = CARTESIAN_POINT ( 'NONE',  ( 177.8153824251587025, -0.04618377766617329239, 179.9999999999998295 ) ) ;
#5441 = FACE_BOUND ( 'NONE', #8285, .T. ) ;
#5442 = CARTESIAN_POINT ( 'NONE',  ( 56.00000000000000000, -3.000000000000007994, 575.0000000000000000 ) ) ;
#5443 = ADVANCED_FACE ( 'NONE', ( #1351 ), #710, .F. ) ;
#5444 = DIRECTION ( 'NONE',  ( -0.000000000000000000, -0.000000000000000000, 1.000000000000000000 ) ) ;
#5445 = ORIENTED_EDGE ( 'NONE', *, *, #7866, .F. ) ;
#5446 = ORIENTED_EDGE ( 'NONE', *, *, #4786, .F. ) ;
#5447 = CARTESIAN_POINT ( 'NONE',  ( 215.0000000000000000, -0.3998509453589491058, 575.0000000000001137 ) ) ;
#5448 = EDGE_CURVE ( 'NONE', #187, #703, #4615, .T. ) ;
#5449 = CARTESIAN_POINT ( 'NONE',  ( 178.9951484179748888, -0.2675051183522445530, 433.9999999999997726 ) ) ;
#5450 = DIRECTION ( 'NONE',  ( 1.000000000000000000, 0.000000000000000000, 0.000000000000000000 ) ) ;
#5451 = CARTESIAN_POINT ( 'NONE',  ( -23.08166192385543170, -17.72148140599658461, 264.9999999999999432 ) ) ;
#5452 = CARTESIAN_POINT ( 'NONE',  ( 15.56647767975654340, -3.629207550179363473, 324.9999999996420001 ) ) ;
#5453 = CARTESIAN_POINT ( 'NONE',  ( 178.8670454800494554, -0.3266836562584781722, 433.9999999999995453 ) ) ;
#5454 = VERTEX_POINT ( 'NONE', #3296 ) ;
#5455 = CARTESIAN_POINT ( 'NONE',  ( -18.95593300793569114, 12.50000000000000178, 265.4910324088034486 ) ) ;
#5456 = ORIENTED_EDGE ( 'NONE', *, *, #2574, .T. ) ;
#5457 = CARTESIAN_POINT ( 'NONE',  ( -11.01502431357670986, 5.605713568511839107, 0.000000000000000000 ) ) ;
#5458 = ORIENTED_EDGE ( 'NONE', *, *, #8355, .T. ) ;
#5459 = CARTESIAN_POINT ( 'NONE',  ( 92.98696270780391160, 11.21409753998637804, 479.9999999999999432 ) ) ;
#5460 = CARTESIAN_POINT ( 'NONE',  ( -35.32525794835808597, 7.500000000000002665, 319.9999999999998863 ) ) ;
#5461 = CARTESIAN_POINT ( 'NONE',  ( 173.5363326980711633, 0.8195571675214184948, 0.000000000000000000 ) ) ;
#5462 = CARTESIAN_POINT ( 'NONE',  ( 5.128875349848571297, 10.53093626981159936, 264.9999999999999432 ) ) ;
#5463 = CARTESIAN_POINT ( 'NONE',  ( -33.46644085210192543, -8.113335773688410413, 325.0000000000000568 ) ) ;
#5464 = CARTESIAN_POINT ( 'NONE',  ( 168.0795006546612171, 1.828398982587448263, 479.9999999999999432 ) ) ;
#5465 = CARTESIAN_POINT ( 'NONE',  ( -21.09022594543206708, -21.02385645460060815, 575.0000000000002274 ) ) ;
#5466 = CARTESIAN_POINT ( 'NONE',  ( 178.8488032046543026, -0.2427547818291560522, 484.8000000000001819 ) ) ;
#5467 = CARTESIAN_POINT ( 'NONE',  ( 179.1529970432456764, -0.3517692279230831276, 0.000000000000000000 ) ) ;
#5468 = CARTESIAN_POINT ( 'NONE',  ( 154.0000000000000000, 0.000000000000000000, 519.9999999999998863 ) ) ;
#5469 = EDGE_CURVE ( 'NONE', #397, #3019, #2962, .T. ) ;
#5470 = PLANE ( 'NONE',  #6053 ) ;
#5471 = CARTESIAN_POINT ( 'NONE',  ( 177.3360021288834218, -0.2378900616973192994, 484.8000000000002956 ) ) ;
#5472 = CARTESIAN_POINT ( 'NONE',  ( -1.222536482236468380, -12.50000000002618705, 262.4394301616185317 ) ) ;
#5473 = DIRECTION ( 'NONE',  ( -1.000000000000000000, 0.000000000000000000, 0.000000000000000000 ) ) ;
#5474 = CARTESIAN_POINT ( 'NONE',  ( 26.44940346370246687, -4.163671417925266738, 0.000000000000000000 ) ) ;
#5475 = CARTESIAN_POINT ( 'NONE',  ( 6.596310711228589696, 11.08491270020650354, 248.7157515783843280 ) ) ;
#5476 = CARTESIAN_POINT ( 'NONE',  ( 50.02120618150093634, -4.342292438491305084, 0.000000000000000000 ) ) ;
#5477 = CARTESIAN_POINT ( 'NONE',  ( -15.43967670859687935, 1.947078709640329697, 0.000000000000000000 ) ) ;
#5478 = ORIENTED_EDGE ( 'NONE', *, *, #903, .T. ) ;
#5479 = CARTESIAN_POINT ( 'NONE',  ( 176.0217122149476268, 0.3385209066594010441, 480.0000000000000000 ) ) ;
#5480 = CARTESIAN_POINT ( 'NONE',  ( 169.9815760324701728, 1.498808481902922596, 480.0000000000005684 ) ) ;
#5481 = EDGE_CURVE ( 'NONE', #2675, #4799, #4721, .T. ) ;
#5482 = VECTOR ( 'NONE', #8232, 1000.000000000000000 ) ;
#5483 = DIRECTION ( 'NONE',  ( 2.990902544787598099E-17, -0.000000000000000000, 1.000000000000000000 ) ) ;
#5484 = CARTESIAN_POINT ( 'NONE',  ( 178.6369842778252917, -0.2054198879661938149, 179.9999999999999147 ) ) ;
#5485 = CARTESIAN_POINT ( 'NONE',  ( 33.84372149436056532, -4.068456019909240773, 336.4714772482542458 ) ) ;
#5486 = PLANE ( 'NONE',  #8322 ) ;
#5487 = LINE ( 'NONE', #263, #2733 ) ;
#5488 = ORIENTED_EDGE ( 'NONE', *, *, #3622, .T. ) ;
#5489 = EDGE_CURVE ( 'NONE', #7903, #2698, #3342, .T. ) ;
#5490 = CARTESIAN_POINT ( 'NONE',  ( 178.9151918408735185, -0.4130421842292033574, 479.0499999999982492 ) ) ;
#5491 = CARTESIAN_POINT ( 'NONE',  ( 2.051402886870140829, -9.924585097961937663, 260.2664824522628351 ) ) ;
#5492 = DIRECTION ( 'NONE',  ( -1.000000000000000000, -0.000000000000000000, -0.000000000000000000 ) ) ;
#5493 = CARTESIAN_POINT ( 'NONE',  ( -15.59885429716072380, 1.195670049065039375, 245.0154042156097489 ) ) ;
#5494 = PLANE ( 'NONE',  #456 ) ;
#5495 = CARTESIAN_POINT ( 'NONE',  ( 184.9999999999999716, -24.99999999999998579, 575.0000000000000000 ) ) ;
#5496 = ORIENTED_EDGE ( 'NONE', *, *, #5885, .T. ) ;
#5497 = CARTESIAN_POINT ( 'NONE',  ( -26.79258455559956076, 12.50000000000000178, 268.7798464419742004 ) ) ;
#5498 = ORIENTED_EDGE ( 'NONE', *, *, #6497, .F. ) ;
#5499 = CARTESIAN_POINT ( 'NONE',  ( -59.00000000000000000, -12.49999999999999822, 269.9999999999998863 ) ) ;
#5500 = ORIENTED_EDGE ( 'NONE', *, *, #395, .F. ) ;
#5501 = CARTESIAN_POINT ( 'NONE',  ( 136.0582871256010264, 6.443974785544743789, 0.000000000000000000 ) ) ;
#5502 = DIRECTION ( 'NONE',  ( 0.8373426858827529573, -0.5466783573534418350, 0.000000000000000000 ) ) ;
#5503 = CARTESIAN_POINT ( 'NONE',  ( 117.7085213699710948, 8.790852632961161817, 480.0000000000002842 ) ) ;
#5504 = CARTESIAN_POINT ( 'NONE',  ( 9.600765739555438216, 11.19593122133724528, 245.0216883798420042 ) ) ;
#5505 = CARTESIAN_POINT ( 'NONE',  ( -15.90165022814556828, 1.521128360044893713, 324.9999999999819806 ) ) ;
#5506 = CARTESIAN_POINT ( 'NONE',  ( 130.7723974839587697, -24.99999999999999289, 575.0000000000000000 ) ) ;
#5507 = CARTESIAN_POINT ( 'NONE',  ( -9.199469025347449147, -1.034749024362861647, 479.0500000000006935 ) ) ;
#5508 = CARTESIAN_POINT ( 'NONE',  ( 173.5363326980711633, 0.8195571675214184948, 0.000000000000000000 ) ) ;
#5509 = CARTESIAN_POINT ( 'NONE',  ( 179.5818144831821144, -0.3864877229708294504, 479.9999999999995453 ) ) ;
#5510 = DIRECTION ( 'NONE',  ( 1.000000000000000000, 0.000000000000000000, 0.000000000000000000 ) ) ;
#5511 = CARTESIAN_POINT ( 'NONE',  ( 169.0000000000000000, 14.22106106644589474, 549.9999999999998863 ) ) ;
#5512 = CARTESIAN_POINT ( 'NONE',  ( 175.2132399931429063, -0.1661168005189621877, 484.8000000000002387 ) ) ;
#5513 = CARTESIAN_POINT ( 'NONE',  ( -1.020398512309407257, -12.49999999999999822, 264.9282957082396024 ) ) ;
#5514 = CIRCLE ( 'NONE', #7985, 1.000000000000000888 ) ;
#5515 = LINE ( 'NONE', #3528, #3696 ) ;
#5516 = ADVANCED_FACE ( 'NONE', ( #4974 ), #2666, .T. ) ;
#5517 = VERTEX_POINT ( 'NONE', #4282 ) ;
#5518 = LINE ( 'NONE', #8142, #1914 ) ;
#5519 = CARTESIAN_POINT ( 'NONE',  ( 91.26439142866983900, -3.530784339547171857, 0.000000000000000000 ) ) ;
#5520 = AXIS2_PLACEMENT_3D ( 'NONE', #7326, #2142, #6077 ) ;
#5521 = CARTESIAN_POINT ( 'NONE',  ( -13.05291568992309337, -0.1873067627558402115, 484.7999999999998977 ) ) ;
#5522 = ORIENTED_EDGE ( 'NONE', *, *, #2026, .F. ) ;
#5523 = CARTESIAN_POINT ( 'NONE',  ( 50.00000000000000000, 0.9999999999999943379, 338.9999999999999432 ) ) ;
#5524 = CARTESIAN_POINT ( 'NONE',  ( -15.93750688578300334, 1.289568801358482730, 484.7999999999999545 ) ) ;
#5525 = EDGE_CURVE ( 'NONE', #8023, #7630, #183, .T. ) ;
#5526 = LINE ( 'NONE', #4883, #7779 ) ;
#5527 = CARTESIAN_POINT ( 'NONE',  ( 45.00000000000000711, 7.999999999999992895, 4.000000000000000000 ) ) ;
#5528 = CARTESIAN_POINT ( 'NONE',  ( -19.11103347987505430, -9.544126018643670051, 262.8136929565919786 ) ) ;
#5529 = DIRECTION ( 'NONE',  ( 0.000000000000000000, 0.000000000000000000, -1.000000000000000000 ) ) ;
#5530 = CARTESIAN_POINT ( 'NONE',  ( 163.1972850973974971, -0.09387297503331773485, 0.000000000000000000 ) ) ;
#5531 = ORIENTED_EDGE ( 'NONE', *, *, #1969, .F. ) ;
#5532 = CARTESIAN_POINT ( 'NONE',  ( 214.9313983091909677, 1.214994461759915545, 575.0000000000000000 ) ) ;
#5533 = CARTESIAN_POINT ( 'NONE',  ( 178.7212343070215752, -0.2202689680733342370, 180.0000000000000000 ) ) ;
#5534 = CARTESIAN_POINT ( 'NONE',  ( 34.92950548548044054, -2.000000000000000000, 342.9999999999999432 ) ) ;
#5535 = CARTESIAN_POINT ( 'NONE',  ( -27.71375422804765520, -14.79038117296693322, 264.9999999999998863 ) ) ;
#5536 = DIRECTION ( 'NONE',  ( -0.000000000000000000, -0.000000000000000000, -1.000000000000000000 ) ) ;
#5537 = CARTESIAN_POINT ( 'NONE',  ( 176.4523902751318758, -0.2100827257381942259, 434.0000000000001705 ) ) ;
#5538 = EDGE_LOOP ( 'NONE', ( #3216, #4143, #3596, #6742, #4355, #6038, #6374, #7049 ) ) ;
#5539 = B_SPLINE_CURVE_WITH_KNOTS ( 'NONE', 3,
 ( #7216, #578, #1986, #4627 ),
 .UNSPECIFIED., .F., .F.,
 ( 4, 4 ),
 ( 0.000000000000000000, 0.005500033746369574310 ),
 .UNSPECIFIED. ) ;
#5540 = CARTESIAN_POINT ( 'NONE',  ( -24.38773671355541595, 12.50000000000000178, 267.9283920229005389 ) ) ;
#5541 = VERTEX_POINT ( 'NONE', #4935 ) ;
#5542 = CARTESIAN_POINT ( 'NONE',  ( -11.64749783048062426, -12.50000000000000000, 266.0761850056144340 ) ) ;
#5543 = VERTEX_POINT ( 'NONE', #1562 ) ;
#5544 = CARTESIAN_POINT ( 'NONE',  ( -15.50007679546676265, 1.077831519624451229, 245.0125228295220268 ) ) ;
#5545 = CARTESIAN_POINT ( 'NONE',  ( 86.85593764931454075, 11.49203367636692974, 0.000000000000000000 ) ) ;
#5546 = EDGE_CURVE ( 'NONE', #8034, #278, #7801, .T. ) ;
#5547 = CARTESIAN_POINT ( 'NONE',  ( -3.240236730472616955, 8.755153266795595357, 265.0000000000178488 ) ) ;
#5548 = CARTESIAN_POINT ( 'NONE',  ( -15.65104558604171459, 1.149403465552747194, 345.0134444610742435 ) ) ;
#5549 = CARTESIAN_POINT ( 'NONE',  ( 105.1545666652641131, -2.691794659591918659, 480.0000000000005116 ) ) ;
#5550 = AXIS2_PLACEMENT_3D ( 'NONE', #1722, #1047, #5145 ) ;
#5551 = VERTEX_POINT ( 'NONE', #7435 ) ;
#5552 = CARTESIAN_POINT ( 'NONE',  ( 177.0046165631569579, 0.1327844466082449826, 480.0000000000003979 ) ) ;
#5553 = CARTESIAN_POINT ( 'NONE',  ( 179.6140675042633745, -0.3885888517759009675, 0.000000000000000000 ) ) ;
#5554 = AXIS2_PLACEMENT_3D ( 'NONE', #4636, #3990, #6016 ) ;
#5555 = CARTESIAN_POINT ( 'NONE',  ( 1.696823433226871014, 11.91216676627798243, 253.7343669164797575 ) ) ;
#5556 = CARTESIAN_POINT ( 'NONE',  ( 1.337069505420682924, -10.74095259477411091, 283.5018354550877007 ) ) ;
#5557 = CARTESIAN_POINT ( 'NONE',  ( 178.8018294378918540, -0.3227118378417206945, 0.000000000000000000 ) ) ;
#5558 = CARTESIAN_POINT ( 'NONE',  ( -15.36510464306796919, 10.59623141709174199, 330.8372799571671408 ) ) ;
#5559 = CARTESIAN_POINT ( 'NONE',  ( -33.64451037336850447, -7.499999999999999112, 269.9999999999998863 ) ) ;
#5560 = VERTEX_POINT ( 'NONE', #2209 ) ;
#5561 = CARTESIAN_POINT ( 'NONE',  ( 8.695468806469277112, 11.11795783582259745, 246.5062413144691504 ) ) ;
#5562 = CARTESIAN_POINT ( 'NONE',  ( 173.0902223303885989, -0.1039484306931961338, 484.8000000000001251 ) ) ;
#5563 = CARTESIAN_POINT ( 'NONE',  ( 9.351836138392977560, -3.227169601372426921, 484.8000000000003524 ) ) ;
#5564 = ORIENTED_EDGE ( 'NONE', *, *, #300, .F. ) ;
#5565 = VECTOR ( 'NONE', #5130, 1000.000000000000000 ) ;
#5566 = PLANE ( 'NONE',  #207 ) ;
#5567 = CARTESIAN_POINT ( 'NONE',  ( 205.3554047313576234, 11.71050764589651649, 575.0000000000004547 ) ) ;
#5568 = LINE ( 'NONE', #820, #3516 ) ;
#5569 = CARTESIAN_POINT ( 'NONE',  ( -11.34185501590540568, 6.288315049657210665, 479.9967336405571814 ) ) ;
#5570 = CARTESIAN_POINT ( 'NONE',  ( 30.68132738036531393, -4.028633590118502639, 330.6611288261665891 ) ) ;
#5571 = DIRECTION ( 'NONE',  ( 1.000000000000000000, 0.000000000000000000, 0.000000000000000000 ) ) ;
#5572 = B_SPLINE_CURVE_WITH_KNOTS ( 'NONE', 3,
 ( #3194, #4616, #1330, #6479 ),
 .UNSPECIFIED., .F., .F.,
 ( 4, 4 ),
 ( 7.059813062317230268E-18, 0.0002972867341904501478 ),
 .UNSPECIFIED. ) ;
#5573 = DIRECTION ( 'NONE',  ( -1.000000000000000000, 3.614007241618349264E-16, -0.000000000000000000 ) ) ;
#5574 = ORIENTED_EDGE ( 'NONE', *, *, #4987, .T. ) ;
#5575 = AXIS2_PLACEMENT_3D ( 'NONE', #4410, #2636, #4666 ) ;
#5576 = CARTESIAN_POINT ( 'NONE',  ( 213.3971324588453626, 5.430266176943595369, 575.0000000000000000 ) ) ;
#5577 = EDGE_CURVE ( 'NONE', #5157, #7383, #3067, .T. ) ;
#5578 = CARTESIAN_POINT ( 'NONE',  ( 179.6217601365554515, -0.3840612319073073433, 434.0000000000000568 ) ) ;
#5579 = CARTESIAN_POINT ( 'NONE',  ( -15.20935658698737214, 0.8209319347471466521, 245.0076982872515714 ) ) ;
#5580 = FACE_BOUND ( 'NONE', #4585, .T. ) ;
#5581 = CARTESIAN_POINT ( 'NONE',  ( 171.3828750046251344, -0.07605710476655487551, 434.0000000000003411 ) ) ;
#5582 = CARTESIAN_POINT ( 'NONE',  ( 140.8048684498582190, 16.00000000000000000, 549.9999999999998863 ) ) ;
#5583 = CARTESIAN_POINT ( 'NONE',  ( -32.34802193781647617, 7.692016614458178303, 264.8699989244730091 ) ) ;
#5584 = VERTEX_POINT ( 'NONE', #5706 ) ;
#5585 = ORIENTED_EDGE ( 'NONE', *, *, #2421, .T. ) ;
#5586 = CARTESIAN_POINT ( 'NONE',  ( 171.1043915366424244, -0.08371599015932147669, 180.0000000000000568 ) ) ;
#5587 = CARTESIAN_POINT ( 'NONE',  ( 57.55333226560097870, 13.27543098466125038, 484.7999999999999545 ) ) ;
#5588 = B_SPLINE_SURFACE_WITH_KNOTS ( 'NONE', 3, 1, ( 
 ( #6009, #705, #7262 ),
 ( #1989, #2640, #4067 ),
 ( #6702, #664, #7220 ),
 ( #7386, #6660, #5922 ),
 ( #2727, #7984, #746 ),
 ( #6744, #8025, #2075 ),
 ( #4710, #58, #97 ),
 ( #138, #4109, #828 ),
 ( #1305, #3944, #3984 ),
 ( #7302, #7904, #2602 ),
 ( #3456, #3289, #2028 ),
 ( #4630, #8505, #5318 ),
 ( #7942, #6919, #2814 ),
 ( #2979, #5614, #8234 ),
 ( #4278, #4197, #7509 ),
 ( #264, #1556, #5447 ),
 ( #4931, #996, #7590 ),
 ( #4971, #874, #1515 ),
 ( #2289, #919, #5532 ),
 ( #2160, #4845, #8155 ),
 ( #2329, #1678, #4315 ),
 ( #6957, #6139, #8110 ),
 ( #1599, #2893, #3543 ),
 ( #2204, #3628, #1042 ),
 ( #6093, #177, #8069 ),
 ( #7468, #2853, #2246 ),
 ( #6179, #4239, #4800 ),
 ( #6267, #7548, #7429 ),
 ( #4154, #4890, #220 ),
 ( #5490, #6874, #959 ),
 ( #6790, #6833, #349 ),
 ( #3499, #3589, #6226 ),
 ( #306, #2936, #5576 ),
 ( #8199, #1639, #572 ),
 ( #5831, #8364, #1853 ),
 ( #5097, #526, #6392 ),
 ( #5182, #5140, #3153 ),
 ( #433, #1128, #7040 ),
 ( #2507, #5010, #7718 ),
 ( #7672, #5746, #3669 ),
 ( #2418, #3110, #7762 ),
 ( #8324, #7633, #3065 ),
 ( #4404, #4494, #5789 ),
 ( #6308, #6483, #3757 ),
 ( #1806, #2465, #4357 ),
 ( #7806, #386, #8453 ),
 ( #7170, #3022, #8410 ),
 ( #7127, #4447, #5052 ),
 ( #478, #1893, #1719 ),
 ( #2372, #7086, #1176 ),
 ( #3804, #5658, #1215 ),
 ( #1762, #6438, #6996 ),
 ( #3849, #3197, #2549 ),
 ( #4532, #8278, #1083 ),
 ( #3712, #6350, #5700 ),
 ( #5221, #5954, #1296 ),
 ( #3935, #4620, #46 ),
 ( #3890, #6564, #7975 ),
 ( #3322, #655, #3279 ),
 ( #1980, #7850, #88 ),
 ( #7253, #1334, #4577 ),
 ( #3405, #2677, #2066 ),
 ( #5308, #6649, #3975 ),
 ( #2763, #2719, #737 ),
 ( #5911, #6607, #695 ),
 ( #5346, #2592, #7933 ),
 ( #5267, #2019, #1259 ),
 ( #5, #4659, #4702 ),
 ( #6523, #4014, #5392 ),
 ( #7294, #7332, #1938 ),
 ( #7894, #1376, #3364 ),
 ( #6000, #1420, #7210 ),
 ( #8017, #612, #6040 ),
 ( #4748, #3239, #4057 ),
 ( #6694, #778, #2632 ),
 ( #2105, #129, #5870 ),
 ( #8494, #6734, #6129 ),
 ( #4099, #7377, #6781 ),
 ( #213, #2885, #169 ),
 ( #8103, #2847, #7420 ),
 ( #1505, #2926, #818 ),
 ( #6866, #3489, #5567 ),
 ( #341, #991, #3619 ),
 ( #2280, #5480, #4145 ),
 ( #8191, #2194, #255 ),
 ( #1550, #4837, #3446 ) ),
 .UNSPECIFIED., .F., .F., .F.,
 ( 4, 1, 1, 1, 2, 1, 1, 1, 1, 1, 1, 1, 1, 2, 1, 1, 1, 1, 1, 1, 1, 1, 1, 1, 1, 1, 1, 1, 1, 1, 1, 1, 1, 1, 1, 1, 1, 1, 1, 1, 1, 1, 1, 1, 1, 1, 1, 1, 1, 1, 1, 1, 1, 1, 1, 1, 1, 1, 1, 1, 1, 1, 1, 1, 1, 1, 1, 1, 1, 1, 1, 1, 1, 1, 1, 1, 2, 1, 1, 1, 4 ),
 ( 2, 1, 2 ),
 ( 0.000000000000000000, 0.07861503985812630380, 0.1572300797162526076, 0.2358451195743789530, 0.3144601594325052707, 0.3268195468885402022, 0.3391789343445750782, 0.3638977092566447746, 0.3886164841687145821, 0.4133352590807842786, 0.4380540339928540861, 0.4627728089049237825, 0.4874915838169934790, 0.5122103587290632865, 0.5254136366950286074, 0.5386169146609940395, 0.5518201926269593605, 0.5650234705929249035, 0.5782267485588902245, 0.5914300265248555455, 0.6046333044908208665, 0.6112349434738035825, 0.6178365824567861875, 0.6244382214397689035, 0.6310398604227516195, 0.6376414994057343355, 0.6409423188972256380, 0.6442431383887169405, 0.6458935481344625362, 0.6467187530073353896, 0.6471313554437719828, 0.6475439578802082430, 0.6508447773716995455, 0.6541455968631909590, 0.6557960066089365547, 0.6574464163546822615, 0.6582716212275550038, 0.6590968261004280793, 0.6595094285368643394, 0.6597157297550827471, 0.6599220309733007106, 0.6601283321915190072, 0.6603346334097371928, 0.6607472358461736750, 0.6609535370643918606, 0.6610566876735008979, 0.6611598382826100462, 0.6612629888917191945, 0.6613661395008282318, 0.6614692901099373801, 0.6615724407190465284, 0.6616755913281555657, 0.6617787419372647140, 0.6618818925463738623, 0.6619850431554828996, 0.6620881937645919368, 0.6621913443737010851, 0.6622944949828102335, 0.6623976455919192707, 0.6625007962010284190, 0.6626039468101374563, 0.6627070974192466046, 0.6628102480283557529, 0.6632228504647921241, 0.6640480553376650885, 0.6656984650834106843, 0.6673488748291562800, 0.6706496943206476935, 0.6739505138121389960, 0.6772513333036305205, 0.6805521527951217120, 0.6838529722866131255, 0.6871537917781044280, 0.6904546112695957305, 0.6970562502525784465, 0.7102595282185438785, 0.7234628061845091995, 0.7925971046383818441, 0.8617314030922547108, 0.9308657015461273554, 1.000000000000000000 ),
 ( -0.01000000000000000021, 0.000000000000000000, 1.000000000000000000 ),
 .UNSPECIFIED. ) ;
#5589 = CARTESIAN_POINT ( 'NONE',  ( 8.465117289589850103, 11.05677957895296437, 265.0000000000356408 ) ) ;
#5590 = CARTESIAN_POINT ( 'NONE',  ( -15.15812719730719849, 0.7481547118864346757, 324.9999999999998295 ) ) ;
#5591 = CARTESIAN_POINT ( 'NONE',  ( 118.5938950802371323, -1.922575018174675687, 480.0000000000006821 ) ) ;
#5592 = VERTEX_POINT ( 'NONE', #6313 ) ;
#5593 = CARTESIAN_POINT ( 'NONE',  ( 118.5182192860785477, 8.552540508313922984, 0.000000000000000000 ) ) ;
#5594 = CARTESIAN_POINT ( 'NONE',  ( 179.6179691139911085, -0.3727080143628125897, 480.0000000000001705 ) ) ;
#5595 = CARTESIAN_POINT ( 'NONE',  ( -17.19290863059217145, -9.754128435146204978, 327.4707198783892750 ) ) ;
#5596 = EDGE_CURVE ( 'NONE', #5623, #1789, #8158, .T. ) ;
#5597 = CARTESIAN_POINT ( 'NONE',  ( 67.63263149693804621, -3.900481749728291980, 479.9989686250062277 ) ) ;
#5598 = CARTESIAN_POINT ( 'NONE',  ( 179.6187966279387354, -0.3887568935915974300, 480.0000000000004547 ) ) ;
#5599 = CARTESIAN_POINT ( 'NONE',  ( -29.20001330718739752, 12.50000000000000000, 320.5394230792188068 ) ) ;
#5600 = CARTESIAN_POINT ( 'NONE',  ( -15.84131851034002736, 2.193069076641431359, 245.0396535711932700 ) ) ;
#5601 = EDGE_LOOP ( 'NONE', ( #1191, #6964, #661, #4480 ) ) ;
#5602 = FACE_OUTER_BOUND ( 'NONE', #5644, .T. ) ;
#5603 = CARTESIAN_POINT ( 'NONE',  ( 178.1280467043445981, -0.2765543340730498012, 0.000000000000000000 ) ) ;
#5604 = CARTESIAN_POINT ( 'NONE',  ( 73.59210265047120458, -4.039210583752561590, 0.000000000000000000 ) ) ;
#5605 = VERTEX_POINT ( 'NONE', #5750 ) ;
#5606 = CARTESIAN_POINT ( 'NONE',  ( 39.06239810745459096, 24.99999999999995026, 574.9999999999984084 ) ) ;
#5607 = CARTESIAN_POINT ( 'NONE',  ( -16.24961937173226190, 1.733470343353972876, 480.0000000000000000 ) ) ;
#5608 = DIRECTION ( 'NONE',  ( 0.4472135954999655327, -0.8944271909999120806, 0.000000000000000000 ) ) ;
#5609 = CARTESIAN_POINT ( 'NONE',  ( -8.525975476501605144, 7.443898946343222356, 480.0003990153833797 ) ) ;
#5610 = CARTESIAN_POINT ( 'NONE',  ( 45.00000000000000711, -4.157462878890926916, 303.9999999999998863 ) ) ;
#5611 = CARTESIAN_POINT ( 'NONE',  ( -16.24961937173226190, 1.733470343353972876, 480.0000000000000000 ) ) ;
#5612 = EDGE_CURVE ( 'NONE', #5095, #4594, #392, .T. ) ;
#5613 = FACE_OUTER_BOUND ( 'NONE', #3421, .T. ) ;
#5614 = CARTESIAN_POINT ( 'NONE',  ( 165.0712484563057103, -0.05388854242351608093, 479.9999999999997726 ) ) ;
#5615 = CARTESIAN_POINT ( 'NONE',  ( 0.2026962350460386753, 12.38890424540495871, 334.5338902718964391 ) ) ;
#5616 = AXIS2_PLACEMENT_3D ( 'NONE', #3244, #4274, #993 ) ;
#5617 = CARTESIAN_POINT ( 'NONE',  ( -8.250696017348843725, -21.78645517688715216, 264.9999999999998295 ) ) ;
#5618 = CARTESIAN_POINT ( 'NONE',  ( 133.5796983965886966, 25.00000000000000711, 575.0000000000000000 ) ) ;
#5619 = CARTESIAN_POINT ( 'NONE',  ( 34.92950548548044054, -4.076663249259107502, 342.9999999999999432 ) ) ;
#5620 = CARTESIAN_POINT ( 'NONE',  ( 7.555172254156213185, -3.313609912267620139, 345.5907689892324584 ) ) ;
#5621 = ADVANCED_FACE ( 'NONE', ( #7768 ), #2378, .F. ) ;
#5622 = CARTESIAN_POINT ( 'NONE',  ( -1.337684842112656591, 11.76900079414019729, 254.6753761373633438 ) ) ;
#5623 = VERTEX_POINT ( 'NONE', #2423 ) ;
#5624 = ORIENTED_EDGE ( 'NONE', *, *, #2004, .T. ) ;
#5625 = CARTESIAN_POINT ( 'NONE',  ( 173.4572533323613470, -0.1223362952433644374, 180.0000000000000568 ) ) ;
#5626 = CARTESIAN_POINT ( 'NONE',  ( 3.831542931307105881, 10.56784917290280390, 479.9999999999999432 ) ) ;
#5627 = VECTOR ( 'NONE', #7299, 1000.000000000000000 ) ;
#5628 = CARTESIAN_POINT ( 'NONE',  ( -9.408056432877605957, 6.736318218943436520, 245.0299244007286461 ) ) ;
#5629 = CARTESIAN_POINT ( 'NONE',  ( -15.11185443465967992, 0.7095075547956644080, 345.0051784486829547 ) ) ;
#5630 = CARTESIAN_POINT ( 'NONE',  ( 118.0661889745450281, -1.952962268494619069, 480.0000000000005116 ) ) ;
#5631 = ADVANCED_FACE ( 'NONE', ( #4498 ), #4320, .F. ) ;
#5632 = EDGE_LOOP ( 'NONE', ( #3785, #2258, #2802, #3542 ) ) ;
#5633 = CARTESIAN_POINT ( 'NONE',  ( 141.2808906106537279, 5.849567360525343318, 480.0000000000000000 ) ) ;
#5634 = CARTESIAN_POINT ( 'NONE',  ( 179.2070715806897283, -0.3024137194622057434, 484.8000000000002387 ) ) ;
#5635 = CYLINDRICAL_SURFACE ( 'NONE', #1523, 20.00000000000001776 ) ;
#5636 = CARTESIAN_POINT ( 'NONE',  ( 179.2041965293383328, -0.3561519036549405937, 0.000000000000000000 ) ) ;
#5637 = CARTESIAN_POINT ( 'NONE',  ( -16.40133832285942361, 12.50000000000000178, 325.9429742866045672 ) ) ;
#5638 = FACE_OUTER_BOUND ( 'NONE', #95, .T. ) ;
#5639 = CARTESIAN_POINT ( 'NONE',  ( -15.25359945289326546, 26.07145252368175647, 324.9999999999998863 ) ) ;
#5640 = ORIENTED_EDGE ( 'NONE', *, *, #3651, .F. ) ;
#5641 = CARTESIAN_POINT ( 'NONE',  ( 13.56416341083716581, -3.795501347995733354, 316.9999999999999432 ) ) ;
#5642 = CARTESIAN_POINT ( 'NONE',  ( 155.7689246456909018, -0.2509262568762115619, 0.000000000000000000 ) ) ;
#5643 = CARTESIAN_POINT ( 'NONE',  ( 3.266386750819421092, -2.795382183869839388, 480.0000000000000000 ) ) ;
#5644 = EDGE_LOOP ( 'NONE', ( #2114, #5496, #8408, #5920 ) ) ;
#5645 = AXIS2_PLACEMENT_3D ( 'NONE', #7695, #1700, #4381 ) ;
#5646 = CARTESIAN_POINT ( 'NONE',  ( 103.9863821327348177, 10.21178259631727769, 480.0000000000000000 ) ) ;
#5647 = CARTESIAN_POINT ( 'NONE',  ( -3.858475975166894223, -2.357035085607076308, 0.000000000000000000 ) ) ;
#5648 = ADVANCED_FACE ( 'NONE', ( #7132 ), #576, .F. ) ;
#5649 = CARTESIAN_POINT ( 'NONE',  ( -34.66283992144459347, -5.135953788862795300, 265.0000000000000000 ) ) ;
#5650 = CARTESIAN_POINT ( 'NONE',  ( 164.8197965583122766, 2.347039499416506469, 179.9999999999996589 ) ) ;
#5651 = CIRCLE ( 'NONE', #8403, 5.000000000000004441 ) ;
#5652 = CARTESIAN_POINT ( 'NONE',  ( -32.02811332072602113, 12.50000000000000000, 270.0000000000003979 ) ) ;
#5653 = B_SPLINE_CURVE_WITH_KNOTS ( 'NONE', 3,
 ( #1262, #3157, #5793, #2510 ),
 .UNSPECIFIED., .F., .F.,
 ( 4, 4 ),
 ( 1.999588014608250359E-07, 0.002404742198326082197 ),
 .UNSPECIFIED. ) ;
#5654 = DIRECTION ( 'NONE',  ( 1.000000000000000000, 0.000000000000000000, 0.000000000000000000 ) ) ;
#5655 = CARTESIAN_POINT ( 'NONE',  ( -29.70324397566985297, 12.49999999999710454, 325.2097160370530560 ) ) ;
#5656 = ORIENTED_EDGE ( 'NONE', *, *, #6615, .F. ) ;
#5657 = CARTESIAN_POINT ( 'NONE',  ( -11.15953075203189293, 6.374583833916525499, 480.0000000000001705 ) ) ;
#5658 = CARTESIAN_POINT ( 'NONE',  ( 178.7577694647703481, -0.2199228782909987689, 480.0000000000004547 ) ) ;
#5659 = CARTESIAN_POINT ( 'NONE',  ( 184.9999999999999716, -24.99999999999998579, 575.0000000000000000 ) ) ;
#5660 = CARTESIAN_POINT ( 'NONE',  ( -12.65593050029715982, -0.3888077030740055284, 244.9943341647728516 ) ) ;
#5661 = PLANE ( 'NONE',  #4323 ) ;
#5662 = CARTESIAN_POINT ( 'NONE',  ( 145.6893861095368266, -0.5417405831470394340, 434.0000000000002274 ) ) ;
#5663 = CYLINDRICAL_SURFACE ( 'NONE', #7631, 8.000000000000001776 ) ;
#5664 = CARTESIAN_POINT ( 'NONE',  ( 20.92950548548044054, -12.00000000000000000, 336.9999999999998863 ) ) ;
#5665 = ORIENTED_EDGE ( 'NONE', *, *, #2515, .T. ) ;
#5666 = ORIENTED_EDGE ( 'NONE', *, *, #1387, .T. ) ;
#5667 = CARTESIAN_POINT ( 'NONE',  ( 155.9419011757561009, -0.2253294506539678388, 180.0000000000001137 ) ) ;
#5668 = CARTESIAN_POINT ( 'NONE',  ( 8.837968257122474469, 10.84739258051824073, 0.000000000000000000 ) ) ;
#5669 = CARTESIAN_POINT ( 'NONE',  ( -14.72786630626066184, 3.694820565591806716, 245.0374174749097733 ) ) ;
#5670 = CARTESIAN_POINT ( 'NONE',  ( -14.23495184469162922, 0.2327904900559269741, 344.9980535958174528 ) ) ;
#5671 = CARTESIAN_POINT ( 'NONE',  ( 3.700711253864387817, -2.829880332028815282, 480.0000000000000000 ) ) ;
#5672 = ORIENTED_EDGE ( 'NONE', *, *, #7384, .T. ) ;
#5673 = CARTESIAN_POINT ( 'NONE',  ( 173.6449985066282693, 0.8126298537061723559, 484.7999999999997272 ) ) ;
#5674 = CARTESIAN_POINT ( 'NONE',  ( 178.7671967067198011, -0.2285705020599343162, 480.0000000000002274 ) ) ;
#5675 = CARTESIAN_POINT ( 'NONE',  ( 137.4672068873615274, 6.311022115901219642, 258.8644473961309131 ) ) ;
#5676 = CARTESIAN_POINT ( 'NONE',  ( 179.6578906574508210, -0.3810917560862054909, 479.9999999999998295 ) ) ;
#5677 = ADVANCED_FACE ( 'NONE', ( #3854 ), #5408, .T. ) ;
#5678 = LINE ( 'NONE', #455, #822 ) ;
#5679 = CARTESIAN_POINT ( 'NONE',  ( 3.700711253864386485, -2.829880332028823720, 480.0000000000000000 ) ) ;
#5680 = CARTESIAN_POINT ( 'NONE',  ( -11.68605149904378848, 5.883988499004434658, 345.0320389139070585 ) ) ;
#5681 = VERTEX_POINT ( 'NONE', #5186 ) ;
#5682 = CARTESIAN_POINT ( 'NONE',  ( 198.6294900719518921, -0.4063160304696958325, 549.9999999999998863 ) ) ;
#5683 = CARTESIAN_POINT ( 'NONE',  ( 145.7293061825303937, -0.5323296135784438832, 480.0000000000000000 ) ) ;
#5684 =( BOUNDED_SURFACE ( )  B_SPLINE_SURFACE ( 3, 2, ( 
 ( #6673, #3514, #2826 ),
 ( #3425, #7997, #4683 ),
 ( #4770, #6803, #8082 ),
 ( #72, #6063, #7313 ) ),
 .UNSPECIFIED., .F., .F., .T. ) 
 B_SPLINE_SURFACE_WITH_KNOTS ( ( 4, 4 ),
 ( 3, 3 ),
 ( 0.04459209135091295184, 0.05479235074326919280 ),
 ( 0.000000000000000000, 1.000000000000000000 ),
 .UNSPECIFIED. ) 
 GEOMETRIC_REPRESENTATION_ITEM ( )  RATIONAL_B_SPLINE_SURFACE ( (
 ( 1.000000000000000000, 0.9857585121620788815, 1.000000000000000000),
 ( 1.000000000000000000, 0.9857865005449932827, 1.000000000000000000),
 ( 1.000000000000000000, 0.9858144762571190434, 1.000000000000000000),
 ( 1.000000000000000000, 0.9858424392332147956, 1.000000000000000000) ) ) 
 REPRESENTATION_ITEM ( '' )  SURFACE ( )  );
#5685 = CARTESIAN_POINT ( 'NONE',  ( 20.80862673098597071, -4.032766398263228247, 0.000000000000000000 ) ) ;
#5686 = ORIENTED_EDGE ( 'NONE', *, *, #3198, .T. ) ;
#5687 = CARTESIAN_POINT ( 'NONE',  ( 103.7213774298839155, 10.06390042228045090, 479.0499999999999545 ) ) ;
#5688 = CARTESIAN_POINT ( 'NONE',  ( -11.17078825123938302, -0.7490173124963467322, 480.0000000000001137 ) ) ;
#5689 = ORIENTED_EDGE ( 'NONE', *, *, #2650, .F. ) ;
#5690 = CARTESIAN_POINT ( 'NONE',  ( 4.763726670402132157, 10.72400583362674098, 480.0000000000004547 ) ) ;
#5691 = CARTESIAN_POINT ( 'NONE',  ( -1.123827968008919376, -12.32791014315788836, 263.6043369304206294 ) ) ;
#5692 = CARTESIAN_POINT ( 'NONE',  ( 172.3941372539735539, 1.044036130003205942, 179.9999999999998863 ) ) ;
#5693 = CARTESIAN_POINT ( 'NONE',  ( -18.38202752968118858, 12.50000000000000178, 265.2045688054463994 ) ) ;
#5694 = FACE_OUTER_BOUND ( 'NONE', #4021, .T. ) ;
#5695 = DIRECTION ( 'NONE',  ( -0.000000000000000000, -0.000000000000000000, 1.000000000000000000 ) ) ;
#5696 = VECTOR ( 'NONE', #1882, 1000.000000000000114 ) ;
#5697 = CARTESIAN_POINT ( 'NONE',  ( -21.33987735192278734, 12.50000000000037481, 327.2300855132730248 ) ) ;
#5698 = ORIENTED_EDGE ( 'NONE', *, *, #5489, .F. ) ;
#5699 = CARTESIAN_POINT ( 'NONE',  ( -12.34650620804415588, 5.803778407715729948, 484.8000000000005230 ) ) ;
#5700 = CARTESIAN_POINT ( 'NONE',  ( 213.0127576544797989, 5.983014423797137660, 575.0000000000000000 ) ) ;
#5701 = EDGE_CURVE ( 'NONE', #6531, #6572, #6398, .T. ) ;
#5702 = CARTESIAN_POINT ( 'NONE',  ( 61.80486844985845352, -16.00000000000000000, 549.9999999999998863 ) ) ;
#5703 = CARTESIAN_POINT ( 'NONE',  ( -10.78170246313199954, -0.9407090253129435364, 265.0000000000534328 ) ) ;
#5704 = CARTESIAN_POINT ( 'NONE',  ( 178.3637266138744053, -0.2888283793465264981, 480.0000000000000000 ) ) ;
#5705 = EDGE_CURVE ( 'NONE', #397, #3685, #6653, .T. ) ;
#5706 = CARTESIAN_POINT ( 'NONE',  ( -40.46678357353443545, -8.373426858827530239, 575.0000000000000000 ) ) ;
#5707 = CARTESIAN_POINT ( 'NONE',  ( 1.068823321542438975, -11.05105059479317475, 328.7135975006480066 ) ) ;
#5708 = VECTOR ( 'NONE', #3367, 1000.000000000000000 ) ;
#5709 = CARTESIAN_POINT ( 'NONE',  ( -9.763806910524543525, 12.50000000000000355, 261.0614959544710700 ) ) ;
#5710 = ORIENTED_EDGE ( 'NONE', *, *, #3312, .F. ) ;
#5711 = EDGE_CURVE ( 'NONE', #4264, #2275, #8368, .T. ) ;
#5712 = VERTEX_POINT ( 'NONE', #2470 ) ;
#5713 = CARTESIAN_POINT ( 'NONE',  ( 145.4689578803983636, -0.5937055020692846297, 180.0000000000000000 ) ) ;
#5714 = CARTESIAN_POINT ( 'NONE',  ( -5.655393673449065517, 8.389668213939458496, 484.7999999999996135 ) ) ;
#5715 = CARTESIAN_POINT ( 'NONE',  ( -15.22432073621426163, 3.239497778107638393, 264.9999999999998295 ) ) ;
#5716 = CARTESIAN_POINT ( 'NONE',  ( -21.14875871222048431, -18.55042770512131156, 324.9999999999998863 ) ) ;
#5717 = CARTESIAN_POINT ( 'NONE',  ( 58.51272095786547567, 13.23418934478671893, 479.9975548374879963 ) ) ;
#5718 = VERTEX_POINT ( 'NONE', #5103 ) ;
#5719 = CARTESIAN_POINT ( 'NONE',  ( 1.152418390752388389, 9.454505675806926135, 0.000000000000000000 ) ) ;
#5720 = ADVANCED_FACE ( 'NONE', ( #7722 ), #7090, .F. ) ;
#5721 = CARTESIAN_POINT ( 'NONE',  ( 179.5480826296832504, -0.3843627034177751756, 0.000000000000000000 ) ) ;
#5722 = CARTESIAN_POINT ( 'NONE',  ( -0.3458134759601957375, 12.47690860452914130, 256.4917617451899901 ) ) ;
#5723 = CARTESIAN_POINT ( 'NONE',  ( 179.1136819242181843, -0.3484173097124478313, 0.000000000000000000 ) ) ;
#5724 = CIRCLE ( 'NONE', #4065, 3.149999999999999911 ) ;
#5725 = CARTESIAN_POINT ( 'NONE',  ( 56.00000000000000000, 3.000000000000000000, 338.9999999999999432 ) ) ;
#5726 = CARTESIAN_POINT ( 'NONE',  ( -15.00000000000001599, -25.00000000000000711, 575.0000000000000000 ) ) ;
#5727 = CARTESIAN_POINT ( 'NONE',  ( -12.85028961579702411, 5.224915959563834811, 324.9999999999818669 ) ) ;
#5728 = EDGE_LOOP ( 'NONE', ( #1956, #5698 ) ) ;
#5729 = CARTESIAN_POINT ( 'NONE',  ( 1.977402203690769245, 10.20713252769725266, 480.0000000000000000 ) ) ;
#5730 = CARTESIAN_POINT ( 'NONE',  ( 179.4494898094206405, -0.3763749653332660872, 479.9999999999997158 ) ) ;
#5731 = EDGE_CURVE ( 'NONE', #8502, #4458, #2097, .T. ) ;
#5732 = CARTESIAN_POINT ( 'NONE',  ( 103.0378865257724499, -2.980921702196101641, 0.000000000000000000 ) ) ;
#5733 = ORIENTED_EDGE ( 'NONE', *, *, #6748, .F. ) ;
#5734 = CARTESIAN_POINT ( 'NONE',  ( 83.24291511193607107, 11.81574362506088072, 479.0499999999999545 ) ) ;
#5735 = CARTESIAN_POINT ( 'NONE',  ( 5.581846213248563338, -2.976122298430114999, 484.8000000000000114 ) ) ;
#5736 = CARTESIAN_POINT ( 'NONE',  ( 62.49999999999999289, -7.000000000000000000, 303.9999999999998863 ) ) ;
#5737 = CARTESIAN_POINT ( 'NONE',  ( -35.90290282572767211, 2.429043034418723046, 264.9999999999999432 ) ) ;
#5738 = LINE ( 'NONE', #3191, #830 ) ;
#5739 =( BOUNDED_SURFACE ( )  B_SPLINE_SURFACE ( 3, 2, ( 
 ( #6117, #8091, #8005 ),
 ( #6812, #898, #3524 ),
 ( #2093, #4734, #7364 ),
 ( #4086, #3766, #3121 ),
 ( #1862, #5150, #2269 ),
 ( #5755, #979, #3813 ),
 ( #6404, #624, #2475 ),
 ( #2561, #6449, #8374 ),
 ( #7773, #1620, #5191 ),
 ( #6532, #328, #3249 ),
 ( #4503, #2958, #7529 ),
 ( #3859, #5840, #4258 ),
 ( #1657, #5880, #490 ),
 ( #3608, #8421, #5108 ),
 ( #2309, #4296, #4951 ),
 ( #6897, #6493, #5595 ),
 ( #4911, #1268, #539 ),
 ( #7051, #7137, #1226 ),
 ( #6246, #8217, #1903 ),
 ( #3163, #7566, #1140 ),
 ( #8464, #7728, #1816 ),
 ( #581, #4459, #3208 ),
 ( #7816, #5799, #4544 ),
 ( #7180, #7096, #1185 ),
 ( #2517, #3900, #6574 ),
 ( #1343, #5275, #3330 ),
 ( #3374, #1947, #2772 ),
 ( #7343, #5965, #4023 ),
 ( #787, #5234, #3414 ),
 ( #5401, #2115, #4670 ),
 ( #6617, #1385, #5358 ),
 ( #2689, #1471, #1431 ) ),
 .UNSPECIFIED., .F., .F., .T. ) 
 B_SPLINE_SURFACE_WITH_KNOTS ( ( 4, 2, 2, 2, 2, 2, 2, 2, 2, 2, 2, 2, 2, 2, 2, 4 ),
 ( 3, 3 ),
 ( -1.012644829101461141E-15, 0.004513268839285817895, 0.009026537678572648868, 0.01353980651785947897, 0.01466812372768118780, 0.01579644093750289663, 0.01692475814732460199, 0.01748891675223545467, 0.01805307535714631081, 0.01918139256696801964, 0.02030970977678972500, 0.02256634419643314265, 0.02482297861607655684, 0.02707961303571997103, 0.03159288187500680634, 0.03610615071429363471 ),
 ( 0.000000000000000000, 1.000000000000000000 ),
 .UNSPECIFIED. ) 
 GEOMETRIC_REPRESENTATION_ITEM ( )  RATIONAL_B_SPLINE_SURFACE ( (
 ( 1.000000000000000000, 0.7071067811865131558, 1.000000000000000000),
 ( 1.000000000000000000, 0.7157439174058135567, 1.000000000000000000),
 ( 1.000000000000000000, 0.7256126243411710197, 1.000000000000000000),
 ( 1.000000000000000000, 0.7484075485801259253, 1.000000000000000000),
 ( 1.000000000000000000, 0.7614218315484670985, 1.000000000000000000),
 ( 1.000000000000000000, 0.7898945609522745048, 1.000000000000000000),
 ( 1.000000000000000000, 0.8052799698395957106, 1.000000000000000000),
 ( 1.000000000000000000, 0.8227602497854212826, 1.000000000000000000),
 ( 1.000000000000000000, 0.8262016190111152181, 1.000000000000000000),
 ( 1.000000000000000000, 0.8329033721843863702, 1.000000000000000000),
 ( 1.000000000000000000, 0.8361144280928796135, 1.000000000000000000),
 ( 1.000000000000000000, 0.8420556430953951565, 1.000000000000000000),
 ( 1.000000000000000000, 0.8447630571426938406, 1.000000000000000000),
 ( 1.000000000000000000, 0.8484223420416747707, 1.000000000000000000),
 ( 1.000000000000000000, 0.8495746989671663085, 1.000000000000000000),
 ( 1.000000000000000000, 0.8517123845270148097, 1.000000000000000000),
 ( 1.000000000000000000, 0.8527039825120209526, 1.000000000000000000),
 ( 1.000000000000000000, 0.8556332206067706059, 1.000000000000000000),
 ( 1.000000000000000000, 0.8574457257085287276, 1.000000000000000000),
 ( 1.000000000000000000, 0.8609401581465186970, 1.000000000000000000),
 ( 1.000000000000000000, 0.8626050436448198244, 1.000000000000000000),
 ( 1.000000000000000000, 0.8673143120846539267, 1.000000000000000000),
 ( 1.000000000000000000, 0.8701225027125545353, 1.000000000000000000),
 ( 1.000000000000000000, 0.8750570764283560621, 1.000000000000000000),
 ( 1.000000000000000000, 0.8771960869690142992, 1.000000000000000000),
 ( 1.000000000000000000, 0.8809330384065965358, 1.000000000000000000),
 ( 1.000000000000000000, 0.8825457047782090392, 1.000000000000000000),
 ( 1.000000000000000000, 0.8870291277518819184, 1.000000000000000000),
 ( 1.000000000000000000, 0.8895001946553801053, 1.000000000000000000),
 ( 1.000000000000000000, 0.8937370059137935696, 1.000000000000000000),
 ( 1.000000000000000000, 0.8955131247676043627, 1.000000000000000000),
 ( 1.000000000000000000, 0.8970635271955361700, 1.000000000000000000) ) ) 
 REPRESENTATION_ITEM ( '' )  SURFACE ( )  );
#5740 = DIRECTION ( 'NONE',  ( 1.000000000000000000, 0.000000000000000000, 0.000000000000000000 ) ) ;
#5741 = CARTESIAN_POINT ( 'NONE',  ( 0.6097368997176888517, 14.22106106644589474, 549.9999999999998863 ) ) ;
#5742 = DIRECTION ( 'NONE',  ( -0.000000000000000000, -0.000000000000000000, 1.000000000000000000 ) ) ;
#5743 = CARTESIAN_POINT ( 'NONE',  ( -18.91901279157258742, 12.50000000000000355, 328.0213157354382929 ) ) ;
#5744 = EDGE_LOOP ( 'NONE', ( #1522, #5686, #176, #467, #6573, #570, #7259, #5019, #5283, #6235, #5778, #2082, #6170, #7597, #7418, #248, #864, #984, #7519, #125, #2399, #5327, #1461, #7030, #8462 ) ) ;
#5745 = CARTESIAN_POINT ( 'NONE',  ( -4.398880375389967234, 8.746333672049560803, 484.7999999999996135 ) ) ;
#5746 = CARTESIAN_POINT ( 'NONE',  ( 178.9453837524798132, -0.2554508088859497872, 479.9999999999988631 ) ) ;
#5747 = CARTESIAN_POINT ( 'NONE',  ( -30.63840544856356018, -12.49999999999999822, 269.8902051302271730 ) ) ;
#5748 = CARTESIAN_POINT ( 'NONE',  ( -18.60100208013111001, -19.48919339466081269, 264.9999999999998863 ) ) ;
#5749 = EDGE_CURVE ( 'NONE', #2864, #7038, #5270, .T. ) ;
#5750 = CARTESIAN_POINT ( 'NONE',  ( 68.50000000000001421, 3.000000000000000000, 338.9999999999999432 ) ) ;
#5751 = CARTESIAN_POINT ( 'NONE',  ( 1.696823433226871014, 11.91216676627798243, 253.7343669164797575 ) ) ;
#5752 = PLANE ( 'NONE',  #4533 ) ;
#5753 = ORIENTED_EDGE ( 'NONE', *, *, #1648, .T. ) ;
#5754 = VERTEX_POINT ( 'NONE', #7937 ) ;
#5755 = CARTESIAN_POINT ( 'NONE',  ( -23.34640045012804066, -12.49999999999999822, 321.4498840755184688 ) ) ;
#5756 = CARTESIAN_POINT ( 'NONE',  ( 179.3614308269292792, -0.3595585089934446588, 180.0000000000000000 ) ) ;
#5757 = CARTESIAN_POINT ( 'NONE',  ( -4.317942966224210366, 8.097995494581660125, 0.000000000000000000 ) ) ;
#5758 = CARTESIAN_POINT ( 'NONE',  ( -15.05190541179147878, 3.427237644874376432, 265.0000000000268301 ) ) ;
#5759 = CARTESIAN_POINT ( 'NONE',  ( -13.93290371743272438, 0.1010480780837275105, 324.9999999999998295 ) ) ;
#5760 = CARTESIAN_POINT ( 'NONE',  ( 147.4562771832263479, -0.4651962439578178343, 479.9996857304553828 ) ) ;
#5761 = EDGE_CURVE ( 'NONE', #7118, #7309, #7290, .T. ) ;
#5762 = ORIENTED_EDGE ( 'NONE', *, *, #6632, .F. ) ;
#5763 = CARTESIAN_POINT ( 'NONE',  ( 117.7085213699710948, 8.790852632961161817, 480.0000000000002842 ) ) ;
#5764 = CARTESIAN_POINT ( 'NONE',  ( 176.9990080581038114, 0.1340737841093406491, 484.8000000000004093 ) ) ;
#5765 = CIRCLE ( 'NONE', #2033, 1.000000000000000888 ) ;
#5766 = CARTESIAN_POINT ( 'NONE',  ( 0.7556390795296343832, 12.21720831606052471, 254.8601344277199416 ) ) ;
#5767 = CARTESIAN_POINT ( 'NONE',  ( 179.2070715806897283, -0.3024137194622057434, 484.8000000000002387 ) ) ;
#5768 = AXIS2_PLACEMENT_3D ( 'NONE', #6065, #2786, #2130 ) ;
#5769 = DIRECTION ( 'NONE',  ( -0.000000000000000000, -0.000000000000000000, -1.000000000000000000 ) ) ;
#5770 = CARTESIAN_POINT ( 'NONE',  ( -20.30811941882269522, 23.93219811131586638, 324.9999999999999432 ) ) ;
#5771 = EDGE_LOOP ( 'NONE', ( #6481, #2966 ) ) ;
#5772 = DIRECTION ( 'NONE',  ( 1.000000000000000000, 0.000000000000000000, 0.000000000000000000 ) ) ;
#5773 = CARTESIAN_POINT ( 'NONE',  ( 179.3781836717156182, -0.3307856057230973423, 480.0000000000002842 ) ) ;
#5774 = CARTESIAN_POINT ( 'NONE',  ( 172.3770953946879558, -0.08973760245281159342, 479.9999999999999432 ) ) ;
#5775 = ORIENTED_EDGE ( 'NONE', *, *, #5063, .T. ) ;
#5776 = CARTESIAN_POINT ( 'NONE',  ( 105.7392095916274570, 10.03904319151572189, 480.0000000000000568 ) ) ;
#5777 = CARTESIAN_POINT ( 'NONE',  ( 1.093772197853653427, -2.604709800249264351, 484.8000000000003524 ) ) ;
#5778 = ORIENTED_EDGE ( 'NONE', *, *, #5355, .F. ) ;
#5779 = CARTESIAN_POINT ( 'NONE',  ( 18.45802337757805844, -3.739160389654956784, 316.9999999999999432 ) ) ;
#5780 = CARTESIAN_POINT ( 'NONE',  ( 0.1723954697947727710, -11.76265222675795918, 262.2063614706015073 ) ) ;
#5781 = CARTESIAN_POINT ( 'NONE',  ( 0.7397886009783117833, 12.23022529495807120, 335.3338441407848904 ) ) ;
#5782 = CARTESIAN_POINT ( 'NONE',  ( -32.15905341745924773, -7.641506723473931117, 264.9999999999999432 ) ) ;
#5783 = CARTESIAN_POINT ( 'NONE',  ( 1.093772197853653427, -2.604709800249264351, 484.8000000000003524 ) ) ;
#5784 = CIRCLE ( 'NONE', #5369, 1.400000000000012346 ) ;
#5785 = CARTESIAN_POINT ( 'NONE',  ( 63.80486844985845352, -18.00000000000000355, 549.9999999999998863 ) ) ;
#5786 = FACE_OUTER_BOUND ( 'NONE', #4722, .T. ) ;
#5787 = EDGE_LOOP ( 'NONE', ( #1107, #2339, #7342, #2726 ) ) ;
#5788 = CARTESIAN_POINT ( 'NONE',  ( -13.78998987344098026, 3.919528527948139551, 0.000000000000000000 ) ) ;
#5789 = CARTESIAN_POINT ( 'NONE',  ( 213.0658346099097855, 5.911248856282051989, 575.0000000000001137 ) ) ;
#5790 = CARTESIAN_POINT ( 'NONE',  ( -16.87555745862940526, -12.49999999999999645, 263.8715686251081252 ) ) ;
#5791 = EDGE_CURVE ( 'NONE', #6980, #2491, #2239, .T. ) ;
#5792 = CARTESIAN_POINT ( 'NONE',  ( -8.305364980614436732, -1.491379765741492891, 264.9999999999998863 ) ) ;
#5793 = CARTESIAN_POINT ( 'NONE',  ( 16.53105825953660712, -3.663311491836362066, 323.0480284820764041 ) ) ;
#5794 = DIRECTION ( 'NONE',  ( -1.000000000000000000, 0.000000000000000000, -0.000000000000000000 ) ) ;
#5795 = CARTESIAN_POINT ( 'NONE',  ( -59.00000000000000000, 11.50000000000000355, 319.9999999999998863 ) ) ;
#5796 = DIRECTION ( 'NONE',  ( -0.000000000000000000, -0.000000000000000000, 1.000000000000000000 ) ) ;
#5797 = ORIENTED_EDGE ( 'NONE', *, *, #3380, .F. ) ;
#5798 = EDGE_LOOP ( 'NONE', ( #2318, #872, #6888, #1840, #7341, #1160, #6082 ) ) ;
#5799 = CARTESIAN_POINT ( 'NONE',  ( -12.68963946689624223, -12.50000000000065370, 326.5981224206202000 ) ) ;
#5800 = CARTESIAN_POINT ( 'NONE',  ( 61.00000000000000711, 7.999999999999991118, 4.000000000000000000 ) ) ;
#5801 = CARTESIAN_POINT ( 'NONE',  ( -12.90842309148559508, 5.492254055297093096, 479.9999999999994884 ) ) ;
#5802 = CARTESIAN_POINT ( 'NONE',  ( -13.15548972132631356, 4.882378105484121988, 245.0341798093196815 ) ) ;
#5803 = CARTESIAN_POINT ( 'NONE',  ( -8.360571339877417074, -21.71126389104935939, 324.9999999999998863 ) ) ;
#5804 = CARTESIAN_POINT ( 'NONE',  ( 73.08690889370690513, 12.60542586382926800, 480.0023235643092221 ) ) ;
#5805 = ORIENTED_EDGE ( 'NONE', *, *, #1109, .F. ) ;
#5806 = CARTESIAN_POINT ( 'NONE',  ( -1.867279924347390097, 9.390473158144189370, 484.8000000000001251 ) ) ;
#5807 = CARTESIAN_POINT ( 'NONE',  ( 179.0654625349204707, -0.2807521666938629368, 0.000000000000000000 ) ) ;
#5808 = CARTESIAN_POINT ( 'NONE',  ( 107.6632638340249457, -2.548932093340577687, 479.9999199783262043 ) ) ;
#5809 = CARTESIAN_POINT ( 'NONE',  ( 176.9918862282382293, 0.1300047453126323416, 0.000000000000000000 ) ) ;
#5810 = EDGE_CURVE ( 'NONE', #441, #1483, #7256, .T. ) ;
#5811 = EDGE_CURVE ( 'NONE', #6659, #7556, #132, .T. ) ;
#5812 = EDGE_CURVE ( 'NONE', #4107, #6712, #4705, .T. ) ;
#5813 = CARTESIAN_POINT ( 'NONE',  ( 39.50000000000002132, 3.000000000000000000, 321.9999999999999432 ) ) ;
#5814 = CARTESIAN_POINT ( 'NONE',  ( -18.84368204445178563, 24.62084219970206433, 324.9999999999998295 ) ) ;
#5815 = CARTESIAN_POINT ( 'NONE',  ( -7.288947432740697785, 7.877708830264361417, 480.0000000000000568 ) ) ;
#5816 = CARTESIAN_POINT ( 'NONE',  ( 179.1024517038891020, -0.3460900891261874945, 484.8000000000010346 ) ) ;
#5817 = CARTESIAN_POINT ( 'NONE',  ( 162.0452908397753617, -0.1066482759819040033, 0.000000000000000000 ) ) ;
#5818 = VERTEX_POINT ( 'NONE', #4018 ) ;
#5819 = EDGE_CURVE ( 'NONE', #3613, #4594, #5893, .T. ) ;
#5820 = LINE ( 'NONE', #3227, #6551 ) ;
#5821 = CARTESIAN_POINT ( 'NONE',  ( -6.690529116417677002, -1.652896486409423327, 484.8000000000003524 ) ) ;
#5822 = LINE ( 'NONE', #1165, #6670 ) ;
#5823 = PLANE ( 'NONE',  #4727 ) ;
#5824 = CYLINDRICAL_SURFACE ( 'NONE', #2488, 1.400000000000012346 ) ;
#5825 = FACE_OUTER_BOUND ( 'NONE', #7095, .T. ) ;
#5826 = CARTESIAN_POINT ( 'NONE',  ( -12.43086207558950207, -0.3882407670331832761, 484.7999999999996703 ) ) ;
#5827 = AXIS2_PLACEMENT_3D ( 'NONE', #1086, #8327, #5056 ) ;
#5828 = CARTESIAN_POINT ( 'NONE',  ( -0.8876990733008313095, 12.50000000000000178, 308.3333339440403051 ) ) ;
#5829 = ORIENTED_EDGE ( 'NONE', *, *, #932, .F. ) ;
#5830 = CARTESIAN_POINT ( 'NONE',  ( 178.6712569927236984, -0.3105226546147502042, 480.0000000000001705 ) ) ;
#5831 = CARTESIAN_POINT ( 'NONE',  ( 179.2229006280601595, -0.4200959100666865065, 479.0500000000009777 ) ) ;
#5832 = CARTESIAN_POINT ( 'NONE',  ( 7.049457369491442194, -23.27192922645892637, 264.9999999999998863 ) ) ;
#5833 = CARTESIAN_POINT ( 'NONE',  ( 10.09246119973371236, 11.25857610915796059, 244.4215632834340113 ) ) ;
#5834 = CARTESIAN_POINT ( 'NONE',  ( 184.9999999999999716, -24.99999999999998579, 575.0000000000000000 ) ) ;
#5835 = CARTESIAN_POINT ( 'NONE',  ( 68.50000000000001421, -3.953551804602113862, 338.9999999999999432 ) ) ;
#5836 = CARTESIAN_POINT ( 'NONE',  ( 26.34175115327878558, -3.852002394093176019, 480.0000000000000000 ) ) ;
#5837 = ORIENTED_EDGE ( 'NONE', *, *, #4677, .F. ) ;
#5838 = EDGE_CURVE ( 'NONE', #4908, #6201, #7338, .T. ) ;
#5839 = ORIENTED_EDGE ( 'NONE', *, *, #500, .T. ) ;
#5840 = CARTESIAN_POINT ( 'NONE',  ( -18.49782541001052394, -12.50000000000000000, 325.9215343964198155 ) ) ;
#5841 = CARTESIAN_POINT ( 'NONE',  ( -49.99999999999999289, 6.999999999999988454, 294.9999999999999432 ) ) ;
#5842 = CARTESIAN_POINT ( 'NONE',  ( -15.93458128960008935, 3.044823465643497595, 480.0000000000002842 ) ) ;
#5843 = CARTESIAN_POINT ( 'NONE',  ( 139.5613689813760914, 5.983050495165401550, 0.000000000000000000 ) ) ;
#5844 = CARTESIAN_POINT ( 'NONE',  ( -13.96417305324112412, 4.330579914268279929, 245.0356982952875455 ) ) ;
#5845 = CARTESIAN_POINT ( 'NONE',  ( -3.242053703348856786, -22.36314410342563264, 324.9999999999998863 ) ) ;
#5846 = B_SPLINE_CURVE_WITH_KNOTS ( 'NONE', 3,
 ( #6224, #305, #4797, #2934, #8108, #2287, #4843, #7546, #1468, #1638 ),
 .UNSPECIFIED., .F., .F.,
 ( 4, 1, 1, 1, 1, 1, 1, 4 ),
 ( 0.9712098730982335892, 0.9740323811747969573, 0.9851778332605045652, 0.9933297185954823583, 0.9983163330336950470, 1.000000000000000000, 1.001647854522668357, 1.001844294212202335 ),
 .UNSPECIFIED. ) ;
#5847 = CARTESIAN_POINT ( 'NONE',  ( 26.10949269537459827, 12.96749029024955568, 480.0005658437519855 ) ) ;
#5848 = VERTEX_POINT ( 'NONE', #2722 ) ;
#5849 = CARTESIAN_POINT ( 'NONE',  ( -0.1696211013679466417, 9.779324898239870834, 484.8000000000001251 ) ) ;
#5850 = CARTESIAN_POINT ( 'NONE',  ( 164.4272967997114563, 2.432631802965700363, 484.7999999999992156 ) ) ;
#5851 = CIRCLE ( 'NONE', #1704, 1.400000000000012346 ) ;
#5852 = DIRECTION ( 'NONE',  ( -1.000000000000000000, -0.000000000000000000, -0.000000000000000000 ) ) ;
#5853 = CARTESIAN_POINT ( 'NONE',  ( 179.0888049171928174, -0.2831283885241616671, 484.8000000000002387 ) ) ;
#5854 = CARTESIAN_POINT ( 'NONE',  ( -7.783142884730142264, 7.351401060557567924, 245.0286852122503660 ) ) ;
#5855 = CARTESIAN_POINT ( 'NONE',  ( -15.73211915603227595, 2.786004323982545383, 324.9999999999999432 ) ) ;
#5856 = CARTESIAN_POINT ( 'NONE',  ( -12.37670607418226965, 5.601999943639293988, 479.0500000000000114 ) ) ;
#5857 = CARTESIAN_POINT ( 'NONE',  ( 179.0981384042747209, -0.3470958824763704653, 0.000000000000000000 ) ) ;
#5858 = CARTESIAN_POINT ( 'NONE',  ( 156.2301953925314137, -0.1826681069502283372, 480.0000000000002842 ) ) ;
#5859 = FACE_OUTER_BOUND ( 'NONE', #1743, .T. ) ;
#5860 = CARTESIAN_POINT ( 'NONE',  ( 103.2653338806589858, -2.792091226207813026, 479.9999999999998863 ) ) ;
#5861 = CARTESIAN_POINT ( 'NONE',  ( 137.4672068873615558, -0.9105344200795034704, 434.0000000000000568 ) ) ;
#5862 = CARTESIAN_POINT ( 'NONE',  ( -12.62069287523101657, -0.3314219050481558293, 479.9996991018067547 ) ) ;
#5863 = CARTESIAN_POINT ( 'NONE',  ( 56.00000000000000000, 0.9999999999999922284, 571.0000000000000000 ) ) ;
#5864 = DIRECTION ( 'NONE',  ( 0.000000000000000000, 0.000000000000000000, 1.000000000000000000 ) ) ;
#5865 = CARTESIAN_POINT ( 'NONE',  ( -15.43332856782055273, 0.8757112466182158661, 484.7999999999996135 ) ) ;
#5866 = CARTESIAN_POINT ( 'NONE',  ( 6.051148984066367476, 10.77617123885440442, 345.0226142860830691 ) ) ;
#5867 = CARTESIAN_POINT ( 'NONE',  ( -3.842019643458101985, 11.65195980176961932, 334.7083206887181177 ) ) ;
#5868 = VERTEX_POINT ( 'NONE', #1425 ) ;
#5869 = CARTESIAN_POINT ( 'NONE',  ( -16.28276801086705916, 1.837218724313026241, 480.0000000000000000 ) ) ;
#5870 = CARTESIAN_POINT ( 'NONE',  ( 212.2165140705546378, 6.923287604710901100, 575.0000000000003411 ) ) ;
#5871 = CARTESIAN_POINT ( 'NONE',  ( 169.0000000000000000, 14.22106106644589474, 575.0000000000000000 ) ) ;
#5872 = CARTESIAN_POINT ( 'NONE',  ( 14.71914778773411925, -23.66472303539454458, 264.9999999999998863 ) ) ;
#5873 = CARTESIAN_POINT ( 'NONE',  ( 0.6982427634707842889, 12.23656766022096853, 244.4016360077564798 ) ) ;
#5874 = PRODUCT_DEFINITION_CONTEXT ( 'detailed design', #1884, 'design' ) ;
#5875 = DIRECTION ( 'NONE',  ( 0.000000000000000000, 0.000000000000000000, -1.000000000000000000 ) ) ;
#5876 = CARTESIAN_POINT ( 'NONE',  ( 72.05229834099702657, -3.903156747445819086, 319.0000000000000568 ) ) ;
#5877 = CARTESIAN_POINT ( 'NONE',  ( 1.445586862093846570, -10.60779481610241248, 329.1133780235481936 ) ) ;
#5878 = EDGE_LOOP ( 'NONE', ( #5273, #8420, #1112, #3248 ) ) ;
#5879 = ORIENTED_EDGE ( 'NONE', *, *, #7569, .T. ) ;
#5880 = CARTESIAN_POINT ( 'NONE',  ( -18.10277995276863194, -12.50000000000000178, 325.9684773800490234 ) ) ;
#5881 = CARTESIAN_POINT ( 'NONE',  ( 171.8944271909999486, -16.00991544844572445, 575.0000000000000000 ) ) ;
#5882 = CARTESIAN_POINT ( 'NONE',  ( -16.35194089961022712, 2.159932859908994640, 484.7999999999995566 ) ) ;
#5883 = LINE ( 'NONE', #5360, #4251 ) ;
#5884 = CARTESIAN_POINT ( 'NONE',  ( -15.84863243038181224, 1.591006307278273635, 264.9999999999640750 ) ) ;
#5885 = EDGE_CURVE ( 'NONE', #7271, #6166, #7175, .T. ) ;
#5886 = CARTESIAN_POINT ( 'NONE',  ( 1.167059989797530672, -2.717886487192075595, 324.9999999999998863 ) ) ;
#5887 = CARTESIAN_POINT ( 'NONE',  ( -15.17498772873323176, 0.7492809823360168098, 345.0057842250702720 ) ) ;
#5888 = ORIENTED_EDGE ( 'NONE', *, *, #6413, .T. ) ;
#5889 = CARTESIAN_POINT ( 'NONE',  ( 107.9763542463709740, 9.660794725740885269, 0.000000000000000000 ) ) ;
#5890 = CARTESIAN_POINT ( 'NONE',  ( 169.4750937906892148, 1.589832884879827990, 480.0000000000001137 ) ) ;
#5891 = CARTESIAN_POINT ( 'NONE',  ( -27.21919692240102506, -12.49999999999999822, 320.6119472636305545 ) ) ;
#5892 = CARTESIAN_POINT ( 'NONE',  ( 179.6520006852142046, -0.3800095318273943867, 0.000000000000000000 ) ) ;
#5893 = CIRCLE ( 'NONE', #3271, 1.000000000000000888 ) ;
#5894 = ADVANCED_FACE ( 'NONE', ( #3895, #6654, #617, #5350, #740, #3368 ), #4061, .T. ) ;
#5895 = CARTESIAN_POINT ( 'NONE',  ( 9.942046277401049181, -2.000000000000000000, 316.9999999999998295 ) ) ;
#5896 = CARTESIAN_POINT ( 'NONE',  ( -15.65260809366351680, 2.898281429057062208, 324.9999999999998295 ) ) ;
#5897 = CARTESIAN_POINT ( 'NONE',  ( -10.71038114893529958, 6.432427616063363551, 479.0499999999996703 ) ) ;
#5898 = CARTESIAN_POINT ( 'NONE',  ( 179.2553949887262377, -0.3605449118594362679, 0.000000000000000000 ) ) ;
#5899 = CARTESIAN_POINT ( 'NONE',  ( 174.5002454657331157, -0.1427085148151105709, 480.0000000000000000 ) ) ;
#5900 = CARTESIAN_POINT ( 'NONE',  ( 175.0946378045267124, 0.5252792248162264643, 433.9999999999996589 ) ) ;
#5901 = CARTESIAN_POINT ( 'NONE',  ( 122.5643724156991254, -1.829918608909704814, 0.000000000000000000 ) ) ;
#5902 = DIRECTION ( 'NONE',  ( -0.000000000000000000, 1.000000000000000000, 0.000000000000000000 ) ) ;
#5903 = PLANE ( 'NONE',  #5141 ) ;
#5904 = CARTESIAN_POINT ( 'NONE',  ( 179.4428933456023003, -0.3440388103039169199, 180.0000000000000284 ) ) ;
#5905 = DIRECTION ( 'NONE',  ( -1.000000000000000000, 0.000000000000000000, 0.000000000000000000 ) ) ;
#5906 = CARTESIAN_POINT ( 'NONE',  ( -13.04985241089182502, -0.1897178009272447730, 479.9999999999998863 ) ) ;
#5907 = CARTESIAN_POINT ( 'NONE',  ( 8.275098828615178093, 11.09567239132335104, 325.0000000000354134 ) ) ;
#5908 = CARTESIAN_POINT ( 'NONE',  ( -3.357731203037950252, 12.50000000000000355, 333.5401148410438168 ) ) ;
#5909 = VERTEX_POINT ( 'NONE', #955 ) ;
#5910 = CARTESIAN_POINT ( 'NONE',  ( 177.5022874757130182, 0.03012302683833612341, 479.9999999999999432 ) ) ;
#5911 = CARTESIAN_POINT ( 'NONE',  ( 178.3255212053025787, -0.2650066649109520944, 479.0500000000000682 ) ) ;
#5912 = B_SPLINE_CURVE_WITH_KNOTS ( 'NONE', 3,
 ( #3130, #4336, #5675, #5029, #3041, #3779, #7608, #1060, #6368, #1737 ),
 .UNSPECIFIED., .F., .F.,
 ( 4, 3, 3, 4 ),
 ( 0.000000000000000000, 0.1182966736965321009, 0.2539984915276616295, 0.2540000055202671914 ),
 .UNSPECIFIED. ) ;
#5913 = ADVANCED_FACE ( 'NONE', ( #5441, #823, #869, #7544, #8195, #1511, #8020 ), #4928, .T. ) ;
#5914 = CARTESIAN_POINT ( 'NONE',  ( -3.159277350910953519, -22.43565904471365613, 264.9999999999999432 ) ) ;
#5915 = CARTESIAN_POINT ( 'NONE',  ( 34.92950548548046896, -5.335218379618961393, 486.0175036951207517 ) ) ;
#5916 = CARTESIAN_POINT ( 'NONE',  ( -15.64965316029737608, 2.972038345053543917, 345.0396579779818467 ) ) ;
#5917 = CARTESIAN_POINT ( 'NONE',  ( 9.929505485480440541, -4.818688981191355580, 322.9999999999999432 ) ) ;
#5918 = CIRCLE ( 'NONE', #7432, 8.000000000000001776 ) ;
#5919 = CARTESIAN_POINT ( 'NONE',  ( 22.56474803003226626, -3.769515038760063774, 480.0000000011914381 ) ) ;
#5920 = ORIENTED_EDGE ( 'NONE', *, *, #3892, .F. ) ;
#5921 = ORIENTED_EDGE ( 'NONE', *, *, #110, .T. ) ;
#5922 = CARTESIAN_POINT ( 'NONE',  ( 198.7870259094799508, -15.99882425193962021, 574.9999999999996589 ) ) ;
#5923 = CIRCLE ( 'NONE', #277, 1.400000000000012346 ) ;
#5924 = CARTESIAN_POINT ( 'NONE',  ( 179.3309034359329814, -0.3617896532006324439, 179.9999999999999432 ) ) ;
#5925 = CARTESIAN_POINT ( 'NONE',  ( -16.26680833995730779, 2.482628477546126700, 480.0000000000005116 ) ) ;
#5926 = CARTESIAN_POINT ( 'NONE',  ( 1.336924628381834568, -10.73506582279105537, 329.0005051911152805 ) ) ;
#5927 = CARTESIAN_POINT ( 'NONE',  ( -15.57192712468618012, 2.737363029167822148, 245.0398390658648395 ) ) ;
#5928 = CARTESIAN_POINT ( 'NONE',  ( 1.168260752024266491, -2.704991227521506225, 344.9870408838547746 ) ) ;
#5929 = CARTESIAN_POINT ( 'NONE',  ( -35.93602335488579769, 4.335623664814590050, 324.9999999999996589 ) ) ;
#5930 = ORIENTED_EDGE ( 'NONE', *, *, #3359, .F. ) ;
#5931 = ORIENTED_EDGE ( 'NONE', *, *, #7502, .F. ) ;
#5932 = CARTESIAN_POINT ( 'NONE',  ( -13.48522365642875798, 5.163921856896926954, 484.8000000000001819 ) ) ;
#5933 = EDGE_CURVE ( 'NONE', #3579, #7940, #7380, .T. ) ;
#5934 = CARTESIAN_POINT ( 'NONE',  ( 157.1316013417298905, 3.574618523668342096, 480.0000000000004547 ) ) ;
#5935 = CARTESIAN_POINT ( 'NONE',  ( 99.32983699112523368, -2.985817554575061372, 479.9976973668550499 ) ) ;
#5936 = CARTESIAN_POINT ( 'NONE',  ( 178.9416266097779840, -0.2585808545660672753, 479.9999999999998863 ) ) ;
#5937 = FACE_OUTER_BOUND ( 'NONE', #970, .T. ) ;
#5938 = CARTESIAN_POINT ( 'NONE',  ( -15.87021425705893130, 2.555629848891924016, 324.9999999999998863 ) ) ;
#5939 = CARTESIAN_POINT ( 'NONE',  ( -15.57096056753662872, 0.9681923105712156863, 479.9999999999995453 ) ) ;
#5940 = CARTESIAN_POINT ( 'NONE',  ( 179.5725825190899627, -0.3643346632252272288, 0.000000000000000000 ) ) ;
#5941 = CARTESIAN_POINT ( 'NONE',  ( 126.6508388871298791, -1.463313533376820352, 479.9999999999994884 ) ) ;
#5942 = CARTESIAN_POINT ( 'NONE',  ( 178.1539201221483495, -0.1143855530999263737, 434.0000000000000568 ) ) ;
#5943 = CARTESIAN_POINT ( 'NONE',  ( 38.17799096969362438, -4.044939271942894266, 479.9999999999995453 ) ) ;
#5944 = DIRECTION ( 'NONE',  ( 0.000000000000000000, 0.000000000000000000, -1.000000000000000000 ) ) ;
#5945 = CARTESIAN_POINT ( 'NONE',  ( 45.00000000000000711, -4.148680361291821050, 318.9999999999999432 ) ) ;
#5946 = CARTESIAN_POINT ( 'NONE',  ( 26.16227612288307824, -4.157799969370177706, 0.000000000000000000 ) ) ;
#5947 = DIRECTION ( 'NONE',  ( -1.000000000000000000, 0.000000000000000000, 0.000000000000000000 ) ) ;
#5948 = VECTOR ( 'NONE', #5184, 1000.000000000000000 ) ;
#5949 = CARTESIAN_POINT ( 'NONE',  ( -10.25537900499189803, -1.190590822281883954, 0.000000000000000000 ) ) ;
#5950 = CARTESIAN_POINT ( 'NONE',  ( -15.43967628065995612, 1.947080244569249663, 0.000000000000000000 ) ) ;
#5951 = CARTESIAN_POINT ( 'NONE',  ( -13.95679250477911282, 12.50000000000000178, 329.7538140171734540 ) ) ;
#5952 = ORIENTED_EDGE ( 'NONE', *, *, #7726, .T. ) ;
#5953 = CARTESIAN_POINT ( 'NONE',  ( 176.4777642374268396, 0.2437675744910767772, 479.9999999999998863 ) ) ;
#5954 = CARTESIAN_POINT ( 'NONE',  ( 178.7258689373421134, -0.2138012272975201300, 479.9999999999993179 ) ) ;
#5955 = CARTESIAN_POINT ( 'NONE',  ( -4.272300318203140712, -2.138956361787004656, 264.9999999999998295 ) ) ;
#5956 = DIRECTION ( 'NONE',  ( -0.000000000000000000, -0.000000000000000000, -1.000000000000000000 ) ) ;
#5957 = VECTOR ( 'NONE', #6569, 1000.000000000000000 ) ;
#5958 = DIRECTION ( 'NONE',  ( -0.000000000000000000, -0.000000000000000000, -1.000000000000000000 ) ) ;
#5959 = LINE ( 'NONE', #6655, #4889 ) ;
#5960 = VECTOR ( 'NONE', #5197, 1000.000000000000000 ) ;
#5961 = DIRECTION ( 'NONE',  ( -0.000000000000000000, -0.000000000000000000, 1.000000000000000000 ) ) ;
#5962 = EDGE_LOOP ( 'NONE', ( #881, #623, #1987, #167, #4629, #7189, #4346, #104, #4033 ) ) ;
#5963 = ADVANCED_FACE ( 'NONE', ( #1466 ), #2243, .F. ) ;
#5964 = ORIENTED_EDGE ( 'NONE', *, *, #4813, .T. ) ;
#5965 = CARTESIAN_POINT ( 'NONE',  ( -5.795034175323539039, -12.49999999999609024, 327.2075757465237871 ) ) ;
#5966 = CARTESIAN_POINT ( 'NONE',  ( 179.1723346199564162, -0.2976254253180510845, 434.0000000000001705 ) ) ;
#5967 = DIRECTION ( 'NONE',  ( 0.000000000000000000, 0.000000000000000000, 1.000000000000000000 ) ) ;
#5968 = CARTESIAN_POINT ( 'NONE',  ( -15.86187222631788707, 1.780506207859738455, 245.0326322738491740 ) ) ;
#5969 = CARTESIAN_POINT ( 'NONE',  ( 5.860264344331357123, -3.083751396561100755, 344.9867307451496004 ) ) ;
#5970 = CARTESIAN_POINT ( 'NONE',  ( -34.36505944159554105, -6.343548145773437064, 324.9999999999997158 ) ) ;
#5971 = ORIENTED_EDGE ( 'NONE', *, *, #7421, .T. ) ;
#5972 = ADVANCED_FACE ( 'NONE', ( #2284 ), #2932, .F. ) ;
#5973 = EDGE_LOOP ( 'NONE', ( #2638, #3341, #355, #4384 ) ) ;
#5974 = CARTESIAN_POINT ( 'NONE',  ( -9.355637107983243439, 7.138799641748259539, 479.9999999999996021 ) ) ;
#5975 = AXIS2_PLACEMENT_3D ( 'NONE', #3101, #2582, #3268 ) ;
#5976 = ORIENTED_EDGE ( 'NONE', *, *, #479, .T. ) ;
#5977 = CARTESIAN_POINT ( 'NONE',  ( 64.64770598085424069, 13.04881975100164482, 484.8000000000005230 ) ) ;
#5978 = PLANE ( 'NONE',  #6209 ) ;
#5979 = CARTESIAN_POINT ( 'NONE',  ( 178.3263012379421184, -0.1481407338576837818, 484.7999999999998977 ) ) ;
#5980 = EDGE_CURVE ( 'NONE', #278, #5517, #7188, .T. ) ;
#5981 =( GEOMETRIC_REPRESENTATION_CONTEXT ( 3 ) GLOBAL_UNCERTAINTY_ASSIGNED_CONTEXT ( ( #270 ) ) GLOBAL_UNIT_ASSIGNED_CONTEXT ( ( #6230, #1766, #5013 ) ) REPRESENTATION_CONTEXT ( 'NONE', 'WORKASPACE' ) );
#5982 = CARTESIAN_POINT ( 'NONE',  ( 140.8048684498582190, 18.00000000000000355, 549.9999999999998863 ) ) ;
#5983 = CARTESIAN_POINT ( 'NONE',  ( -30.39234902226574420, 16.51453675452047776, 324.9999999999999432 ) ) ;
#5984 = B_SPLINE_CURVE_WITH_KNOTS ( 'NONE', 3,
 ( #3747, #3794, #7075, #7119 ),
 .UNSPECIFIED., .F., .F.,
 ( 4, 4 ),
 ( 1.110223024625156540E-16, 0.02184228267656010414 ),
 .UNSPECIFIED. ) ;
#5985 = CARTESIAN_POINT ( 'NONE',  ( -11.82557429685885886, 5.894668337957067017, 479.0500000000003524 ) ) ;
#5986 = CARTESIAN_POINT ( 'NONE',  ( 179.4132874551425800, -0.3372767208028413788, 0.000000000000000000 ) ) ;
#5987 = VECTOR ( 'NONE', #1078, 1000.000000000000000 ) ;
#5988 = CARTESIAN_POINT ( 'NONE',  ( 179.1072816805087768, -0.3478728613905757716, 0.000000000000000000 ) ) ;
#5989 = CARTESIAN_POINT ( 'NONE',  ( 137.4672068873615558, 6.347435019065557071, 434.0000000000000568 ) ) ;
#5990 = CARTESIAN_POINT ( 'NONE',  ( 111.1451248627723487, -2.356616022968808899, 480.0000000000001705 ) ) ;
#5991 = CARTESIAN_POINT ( 'NONE',  ( 121.6320360809254879, -1.885416133924482818, 0.000000000000000000 ) ) ;
#5992 = CIRCLE ( 'NONE', #3786, 2.000000000000003553 ) ;
#5993 = EDGE_CURVE ( 'NONE', #5017, #211, #8413, .T. ) ;
#5994 = DIRECTION ( 'NONE',  ( 1.000000000000000000, -0.000000000000000000, 0.000000000000000000 ) ) ;
#5995 = CARTESIAN_POINT ( 'NONE',  ( 140.8048684498582190, 16.00000000000000000, 575.0000000000000000 ) ) ;
#5996 = CARTESIAN_POINT ( 'NONE',  ( 117.0567189472686067, -2.008520347292762853, 484.8000000000000114 ) ) ;
#5997 = CARTESIAN_POINT ( 'NONE',  ( 1.907947434143921317, 11.94637560485741723, 336.5313635978180855 ) ) ;
#5998 = ORIENTED_EDGE ( 'NONE', *, *, #6736, .T. ) ;
#5999 = DIRECTION ( 'NONE',  ( -0.000000000000000000, -0.000000000000000000, -1.000000000000000000 ) ) ;
#6000 = CARTESIAN_POINT ( 'NONE',  ( 177.6515241432381629, -0.1348618779603014128, 479.0500000000008640 ) ) ;
#6001 = EDGE_CURVE ( 'NONE', #6166, #4628, #1886, .T. ) ;
#6002 = CARTESIAN_POINT ( 'NONE',  ( 55.09513661494081305, 12.99841169906614269, 0.000000000000000000 ) ) ;
#6003 = CARTESIAN_POINT ( 'NONE',  ( 10.38002586638138602, -4.644784769411909764, 337.9217962737913581 ) ) ;
#6004 = CARTESIAN_POINT ( 'NONE',  ( -14.15804942500806440, 4.411561335310861587, 345.0359353744508439 ) ) ;
#6005 = FACE_OUTER_BOUND ( 'NONE', #285, .T. ) ;
#6006 = CARTESIAN_POINT ( 'NONE',  ( 40.92950548548046896, -4.040475199406840190, 479.9994308403718719 ) ) ;
#6007 = ORIENTED_EDGE ( 'NONE', *, *, #395, .T. ) ;
#6008 = EDGE_LOOP ( 'NONE', ( #6668, #5478, #3836, #8331, #6381, #3180, #5364, #4969, #8390, #6403 ) ) ;
#6009 = CARTESIAN_POINT ( 'NONE',  ( 143.2160242290869121, -0.3773560799360956564, 479.0499999999999545 ) ) ;
#6010 = CARTESIAN_POINT ( 'NONE',  ( 16.59595328275472426, -3.728505868270393098, 245.7001481356166437 ) ) ;
#6011 = EDGE_CURVE ( 'NONE', #1936, #966, #1006, .T. ) ;
#6012 = CARTESIAN_POINT ( 'NONE',  ( 13.29530383410122063, 11.90640895844873626, 480.0000000000000000 ) ) ;
#6013 = EDGE_CURVE ( 'NONE', #8350, #2146, #4396, .T. ) ;
#6014 = CARTESIAN_POINT ( 'NONE',  ( -15.78609728176926730, 1.507522595402980281, 245.0245901054254034 ) ) ;
#6015 = CARTESIAN_POINT ( 'NONE',  ( -59.00000000000000000, -7.499999999999998224, 319.9999999999998863 ) ) ;
#6016 = DIRECTION ( 'NONE',  ( -1.000000000000000000, 0.000000000000000000, -0.000000000000000000 ) ) ;
#6017 = ORIENTED_EDGE ( 'NONE', *, *, #2515, .F. ) ;
#6018 = ORIENTED_EDGE ( 'NONE', *, *, #1844, .T. ) ;
#6019 = CARTESIAN_POINT ( 'NONE',  ( -15.73065506083482568, 3.299876400299454726, 480.0000000000001137 ) ) ;
#6020 = VERTEX_POINT ( 'NONE', #5090 ) ;
#6021 = CARTESIAN_POINT ( 'NONE',  ( 31.84053295742134182, 13.25697954159994296, 484.7999999999996703 ) ) ;
#6022 = DIRECTION ( 'NONE',  ( -1.000000000000000000, 0.000000000000000000, 0.000000000000000000 ) ) ;
#6023 = CARTESIAN_POINT ( 'NONE',  ( 65.69130363877256684, 12.71094276425027303, 0.000000000000000000 ) ) ;
#6024 = FACE_OUTER_BOUND ( 'NONE', #2717, .T. ) ;
#6025 = CARTESIAN_POINT ( 'NONE',  ( -15.57723271848413304, 3.062415726749244449, 345.0394328677938915 ) ) ;
#6026 = CARTESIAN_POINT ( 'NONE',  ( -12.64915765956812344, -0.1304508766447985413, 479.0500000000001251 ) ) ;
#6027 = CARTESIAN_POINT ( 'NONE',  ( 179.1416781444353319, -0.2918876262118835774, 480.0000000000003411 ) ) ;
#6028 = CARTESIAN_POINT ( 'NONE',  ( 179.1024517038891020, -0.3460900891261874945, 484.8000000000010346 ) ) ;
#6029 = CARTESIAN_POINT ( 'NONE',  ( -20.50722237673975457, 9.617364489361511559, 261.2012486131738456 ) ) ;
#6030 = CARTESIAN_POINT ( 'NONE',  ( -2.470323476877291036, -12.49999999999999822, 283.5014047001629933 ) ) ;
#6031 = CARTESIAN_POINT ( 'NONE',  ( 149.9332925707352899, -0.3680740951641573999, 484.7999999999997840 ) ) ;
#6032 = CARTESIAN_POINT ( 'NONE',  ( -19.62800072771419480, -12.49999999999999822, 264.2055462497415874 ) ) ;
#6033 = CARTESIAN_POINT ( 'NONE',  ( 40.92950548548049738, -2.000000000000000000, 575.0000000000000000 ) ) ;
#6034 = DIRECTION ( 'NONE',  ( 1.000000000000000000, 0.000000000000000000, -0.000000000000000000 ) ) ;
#6035 = CARTESIAN_POINT ( 'NONE',  ( 139.1345857353432791, -0.8112951425411976114, 480.0000000000001137 ) ) ;
#6036 = CARTESIAN_POINT ( 'NONE',  ( 111.1451248627723487, -2.356616022968808899, 480.0000000000001705 ) ) ;
#6037 = CARTESIAN_POINT ( 'NONE',  ( -8.777293533470617248, -1.536363314763732557, 0.000000000000000000 ) ) ;
#6038 = ORIENTED_EDGE ( 'NONE', *, *, #1034, .T. ) ;
#6039 = CARTESIAN_POINT ( 'NONE',  ( 175.4628258227722313, 0.4519751704831234673, 480.0000000000000000 ) ) ;
#6040 = CARTESIAN_POINT ( 'NONE',  ( 212.5521276235598407, 6.555393772926268348, 574.9999999999997726 ) ) ;
#6041 = CIRCLE ( 'NONE', #1349, 2.000000000000001776 ) ;
#6042 = CARTESIAN_POINT ( 'NONE',  ( 17.30321637018107950, -3.730411308251760705, 265.2811274679482949 ) ) ;
#6043 = CARTESIAN_POINT ( 'NONE',  ( 9.700509618837838133, -4.880111844292331469, 337.2377986405085721 ) ) ;
#6044 = DIRECTION ( 'NONE',  ( 0.3886490067431515039, -0.2290247858506744005, 0.8924682610735321653 ) ) ;
#6045 = CARTESIAN_POINT ( 'NONE',  ( 11.55016011262840614, -4.246888303693014954, 322.9999999999999432 ) ) ;
#6046 = DIRECTION ( 'NONE',  ( -0.000000000000000000, -0.000000000000000000, -1.000000000000000000 ) ) ;
#6047 = ORIENTED_EDGE ( 'NONE', *, *, #800, .T. ) ;
#6048 = VECTOR ( 'NONE', #5256, 1000.000000000000000 ) ;
#6049 = ORIENTED_EDGE ( 'NONE', *, *, #2017, .F. ) ;
#6050 = CARTESIAN_POINT ( 'NONE',  ( -27.95552861307223935, 1.361259802224432880, 549.9999999999998863 ) ) ;
#6051 = EDGE_CURVE ( 'NONE', #1005, #1910, #2552, .T. ) ;
#6052 = CARTESIAN_POINT ( 'NONE',  ( 178.7046010234247149, -0.2173062558466609950, 434.0000000000000000 ) ) ;
#6053 = AXIS2_PLACEMENT_3D ( 'NONE', #2751, #2094, #2226 ) ;
#6054 = CARTESIAN_POINT ( 'NONE',  ( -25.05195047098721517, 18.43735382857707705, 575.0000000000000000 ) ) ;
#6055 = CARTESIAN_POINT ( 'NONE',  ( -15.71829701826186287, 2.495580326574251551, 245.0404044810166795 ) ) ;
#6056 = CARTESIAN_POINT ( 'NONE',  ( -16.03201168672950416, 1.777083252889541942, 345.0331036528748996 ) ) ;
#6057 = EDGE_LOOP ( 'NONE', ( #4897, #2081, #1072, #2463, #420, #1891, #2697, #7861, #2771, #2443, #4055, #4153, #1148, #7646, #4708, #227, #7681, #1591, #1213 ) ) ;
#6058 = EDGE_LOOP ( 'NONE', ( #2157, #8362, #3467, #69, #1478, #2063, #4501, #1184 ) ) ;
#6059 = CARTESIAN_POINT ( 'NONE',  ( -11.59433477850806149, 5.309943691346839856, 0.000000000000000000 ) ) ;
#6060 = VECTOR ( 'NONE', #961, 1000.000000000000000 ) ;
#6061 = VERTEX_POINT ( 'NONE', #471 ) ;
#6062 = CARTESIAN_POINT ( 'NONE',  ( 135.3139765718591434, 6.645852033962916572, 484.8000000000000114 ) ) ;
#6063 = CARTESIAN_POINT ( 'NONE',  ( -0.04892972099271362951, 12.50000000000000533, 264.9997722833787179 ) ) ;
#6064 = CARTESIAN_POINT ( 'NONE',  ( 172.9500042083958533, 0.9476629655475991010, 484.8000000000001819 ) ) ;
#6065 = CARTESIAN_POINT ( 'NONE',  ( 14.92950548548043876, -2.000000000000000000, 342.9999999999999432 ) ) ;
#6066 = AXIS2_PLACEMENT_3D ( 'NONE', #5460, #4210, #4168 ) ;
#6067 = CARTESIAN_POINT ( 'NONE',  ( -34.05796233647254212, -6.951639504740461994, 325.0000000000000568 ) ) ;
#6068 = CARTESIAN_POINT ( 'NONE',  ( 61.00000000000000711, 7.999999999999991118, 0.000000000000000000 ) ) ;
#6069 = CARTESIAN_POINT ( 'NONE',  ( 179.5001150431373844, -0.3517036071174818312, 0.000000000000000000 ) ) ;
#6070 = EDGE_CURVE ( 'NONE', #7940, #6671, #6952, .T. ) ;
#6071 = CARTESIAN_POINT ( 'NONE',  ( 178.9261013045265827, -0.3308585393095251903, 484.7999999999992156 ) ) ;
#6072 = CARTESIAN_POINT ( 'NONE',  ( -28.77618257341141828, 8.075528924518824425, 264.1512311282166934 ) ) ;
#6073 = CARTESIAN_POINT ( 'NONE',  ( -27.91418036323409169, -2.195170412469510168, 549.9999999999998863 ) ) ;
#6074 = CARTESIAN_POINT ( 'NONE',  ( 178.6847221162436767, -0.3136579833724381650, 0.000000000000000000 ) ) ;
#6075 = CARTESIAN_POINT ( 'NONE',  ( 1.982403205741490870, -12.49999999999999822, 264.7264984560408720 ) ) ;
#6076 = DIRECTION ( 'NONE',  ( -0.000000000000000000, -0.000000000000000000, 1.000000000000000000 ) ) ;
#6077 = DIRECTION ( 'NONE',  ( -1.000000000000000000, 0.000000000000000000, 0.000000000000000000 ) ) ;
#6078 = DIRECTION ( 'NONE',  ( 0.000000000000000000, 0.000000000000000000, 1.000000000000000000 ) ) ;
#6079 = CARTESIAN_POINT ( 'NONE',  ( 30.28580510376931301, -3.935099470217963802, 484.8000000000000114 ) ) ;
#6080 = EDGE_CURVE ( 'NONE', #407, #5077, #178, .T. ) ;
#6081 = CARTESIAN_POINT ( 'NONE',  ( -12.74352450776498280, -0.4308216180677003626, 0.000000000000000000 ) ) ;
#6082 = ORIENTED_EDGE ( 'NONE', *, *, #7233, .T. ) ;
#6083 = CARTESIAN_POINT ( 'NONE',  ( 183.7144671410645458, 25.00000000000001421, 575.0000000000000000 ) ) ;
#6084 = CARTESIAN_POINT ( 'NONE',  ( -16.29119892388976254, 1.836120124459753145, 484.8000000000000114 ) ) ;
#6085 = CARTESIAN_POINT ( 'NONE',  ( 137.4672068873615558, -0.9221144475597237156, 378.9092785066837905 ) ) ;
#6086 = CARTESIAN_POINT ( 'NONE',  ( 2.609736899717690406, 14.22106106644589474, 549.9999999999998863 ) ) ;
#6087 = DIRECTION ( 'NONE',  ( -0.4472135954999655327, -0.8944271909999120806, 0.000000000000000000 ) ) ;
#6088 = DIRECTION ( 'NONE',  ( -0.000000000000000000, 1.000000000000000000, -0.000000000000000000 ) ) ;
#6089 = CARTESIAN_POINT ( 'NONE',  ( -33.64451037336850447, -12.49999999999999822, 269.9999999999998863 ) ) ;
#6090 = VERTEX_POINT ( 'NONE', #566 ) ;
#6091 = B_SPLINE_CURVE_WITH_KNOTS ( 'NONE', 3,
 ( #4601, #8000, #5416, #3915 ),
 .UNSPECIFIED., .F., .F.,
 ( 4, 4 ),
 ( 0.000000000000000000, 0.1429994565787967298 ),
 .UNSPECIFIED. ) ;
#6092 = ORIENTED_EDGE ( 'NONE', *, *, #147, .T. ) ;
#6093 = CARTESIAN_POINT ( 'NONE',  ( 176.6422236811827418, -0.2704937964783263316, 479.0500000000022851 ) ) ;
#6094 = CARTESIAN_POINT ( 'NONE',  ( 179.2231365843644539, -0.3071051606516529420, 434.0000000000001705 ) ) ;
#6095 = FACE_OUTER_BOUND ( 'NONE', #1608, .T. ) ;
#6096 = CARTESIAN_POINT ( 'NONE',  ( -31.17998318474642616, -11.39834863317629399, 265.0000000000000000 ) ) ;
#6097 = CARTESIAN_POINT ( 'NONE',  ( 17.32667768594181723, -23.69178260912046241, 324.9999999999998863 ) ) ;
#6098 = DIRECTION ( 'NONE',  ( -0.000000000000000000, -0.000000000000000000, 1.000000000000000000 ) ) ;
#6099 = ORIENTED_EDGE ( 'NONE', *, *, #8052, .T. ) ;
#6100 = EDGE_CURVE ( 'NONE', #4681, #5681, #7079, .T. ) ;
#6101 = CARTESIAN_POINT ( 'NONE',  ( -20.86948834992544377, 12.50000000000000178, 266.4170517860038672 ) ) ;
#6102 = ORIENTED_EDGE ( 'NONE', *, *, #2106, .T. ) ;
#6103 = CARTESIAN_POINT ( 'NONE',  ( -8.129656950725099307, 7.589736333483711128, 480.0000000000003979 ) ) ;
#6104 = VERTEX_POINT ( 'NONE', #8272 ) ;
#6105 = CARTESIAN_POINT ( 'NONE',  ( 39.22781886413584118, 13.43488509759600014, 484.8000000000002387 ) ) ;
#6106 = DIRECTION ( 'NONE',  ( -0.000000000000000000, -0.000000000000000000, 1.000000000000000000 ) ) ;
#6107 = CARTESIAN_POINT ( 'NONE',  ( 168.5388129523746841, 1.750899084143203055, 484.7999999999999545 ) ) ;
#6108 = EDGE_CURVE ( 'NONE', #449, #2383, #2411, .T. ) ;
#6109 = CARTESIAN_POINT ( 'NONE',  ( -20.99740267424826712, 23.41060030260999270, 264.9999999999998863 ) ) ;
#6110 = CARTESIAN_POINT ( 'NONE',  ( -33.14529461093755458, -8.677719161348152355, 324.9999999999999432 ) ) ;
#6111 = CARTESIAN_POINT ( 'NONE',  ( -12.20523775272721423, -0.4595307279978627646, 480.0001146160690269 ) ) ;
#6112 = EDGE_CURVE ( 'NONE', #5077, #498, #5046, .T. ) ;
#6113 = CARTESIAN_POINT ( 'NONE',  ( -1.601597192380195711, -2.133703556610348162, 479.0499999999993861 ) ) ;
#6114 = CIRCLE ( 'NONE', #7214, 4.000000000000003553 ) ;
#6115 = CARTESIAN_POINT ( 'NONE',  ( 179.1098431417412939, -0.2866405753291713654, 480.0000000000002842 ) ) ;
#6116 = CARTESIAN_POINT ( 'NONE',  ( 179.6578906574508210, -0.3810917560862054909, 479.9999999999998295 ) ) ;
#6117 = CARTESIAN_POINT ( 'NONE',  ( -33.77870876562938918, -12.49999999999999822, 319.9999999999999432 ) ) ;
#6118 = CARTESIAN_POINT ( 'NONE',  ( 1.337134928746482210, -10.74392252467452913, 260.5483689684572823 ) ) ;
#6119 = CARTESIAN_POINT ( 'NONE',  ( 175.9208014638844304, -0.1907033052966000397, 484.8000000000000114 ) ) ;
#6120 = CARTESIAN_POINT ( 'NONE',  ( -10.72914109213351175, -12.49999999999999822, 265.9507064139245927 ) ) ;
#6121 = DIRECTION ( 'NONE',  ( -1.000000000000000000, 0.000000000000000000, 2.185478394931409835E-16 ) ) ;
#6122 = ADVANCED_FACE ( 'NONE', ( #3751 ), #6431, .F. ) ;
#6123 = CARTESIAN_POINT ( 'NONE',  ( 50.00000000000000000, 0.9999999999999943379, 303.9999999999998863 ) ) ;
#6124 = AXIS2_PLACEMENT_3D ( 'NONE', #2596, #699, #3807 ) ;
#6125 = CARTESIAN_POINT ( 'NONE',  ( -22.12371225986884937, -9.122361864087501715, 326.6386248371108536 ) ) ;
#6126 = CARTESIAN_POINT ( 'NONE',  ( 15.16963954816413640, -3.835204511279307393, 0.000000000000000000 ) ) ;
#6127 = CARTESIAN_POINT ( 'NONE',  ( -15.69052719653689998, 1.070116662310526490, 479.9999999999997158 ) ) ;
#6128 = CARTESIAN_POINT ( 'NONE',  ( 160.2740752517745761, 3.095152450464197624, 479.9999999999995453 ) ) ;
#6129 = CARTESIAN_POINT ( 'NONE',  ( 212.0555573820909672, 7.088366436899528722, 575.0000000000000000 ) ) ;
#6130 = AXIS2_PLACEMENT_3D ( 'NONE', #5795, #659, #1339 ) ;
#6131 = CARTESIAN_POINT ( 'NONE',  ( 137.4672068873614990, -0.9636547388271226033, 180.0010104078300799 ) ) ;
#6132 = CARTESIAN_POINT ( 'NONE',  ( -60.00000000000000000, 7.500000000000002665, 319.9999999999998863 ) ) ;
#6133 = CARTESIAN_POINT ( 'NONE',  ( 23.14724380230468981, -3.876773892478137196, 324.7263240248757938 ) ) ;
#6134 = CARTESIAN_POINT ( 'NONE',  ( -0.8886014574407282707, 12.50000000000000178, 305.0000000079856477 ) ) ;
#6135 = DIRECTION ( 'NONE',  ( 0.000000000000000000, 0.000000000000000000, -1.000000000000000000 ) ) ;
#6136 = EDGE_LOOP ( 'NONE', ( #3247, #4420, #2725, #2016, #8492 ) ) ;
#6137 = AXIS2_PLACEMENT_3D ( 'NONE', #3321, #1258, #1979 ) ;
#6138 = VERTEX_POINT ( 'NONE', #7799 ) ;
#6139 = CARTESIAN_POINT ( 'NONE',  ( 174.2022865672294074, -0.1326725120738730945, 479.9999999999976694 ) ) ;
#6140 = CARTESIAN_POINT ( 'NONE',  ( 6.358767963598851658, -6.446362860523068505, 256.0500960257093084 ) ) ;
#6141 = CARTESIAN_POINT ( 'NONE',  ( 13.25776685145674172, 11.90213357636783442, 480.0000000000000000 ) ) ;
#6142 = CARTESIAN_POINT ( 'NONE',  ( -14.93934690147229283, 0.6224636212624856668, 245.0046420626512713 ) ) ;
#6143 = CARTESIAN_POINT ( 'NONE',  ( 1.945836540681390447, -3.006007933518223485, 0.000000000000000000 ) ) ;
#6144 = CARTESIAN_POINT ( 'NONE',  ( 179.6217503746345301, -0.3842120358184129003, 434.0000000000002842 ) ) ;
#6145 = VERTEX_POINT ( 'NONE', #6517 ) ;
#6146 = CARTESIAN_POINT ( 'NONE',  ( -24.34125562465432679, 8.821188053317015942, 262.6937313526182152 ) ) ;
#6147 = VERTEX_POINT ( 'NONE', #3929 ) ;
#6148 = CARTESIAN_POINT ( 'NONE',  ( -60.00000000000000000, -12.49999999999999822, 319.9999999999998863 ) ) ;
#6149 = ORIENTED_EDGE ( 'NONE', *, *, #4449, .T. ) ;
#6150 = CARTESIAN_POINT ( 'NONE',  ( 152.2586700009402136, 4.303790337528730525, 479.9999999999994884 ) ) ;
#6151 = DIRECTION ( 'NONE',  ( 0.000000000000000000, 0.000000000000000000, 1.000000000000000000 ) ) ;
#6152 = CARTESIAN_POINT ( 'NONE',  ( 118.5182192860785477, 8.552540508313922984, 0.000000000000000000 ) ) ;
#6153 = CARTESIAN_POINT ( 'NONE',  ( -8.635885756730658613, 7.069200392941535682, 264.9999999999998863 ) ) ;
#6154 = CARTESIAN_POINT ( 'NONE',  ( -15.93260519860490732, 1.586883916991008503, 325.0000000000181899 ) ) ;
#6155 = DIRECTION ( 'NONE',  ( -0.000000000000000000, -0.000000000000000000, 1.000000000000000000 ) ) ;
#6156 = CARTESIAN_POINT ( 'NONE',  ( -4.348137947434330464, -1.812749837307306100, 479.0500000000008640 ) ) ;
#6157 = CARTESIAN_POINT ( 'NONE',  ( 164.4334778982721161, 2.431283892673586688, 479.9999999999992610 ) ) ;
#6158 = CARTESIAN_POINT ( 'NONE',  ( 179.1173391926178624, -0.3487285780216550779, 0.000000000000000000 ) ) ;
#6159 = CARTESIAN_POINT ( 'NONE',  ( -31.89495029487997257, 7.727321045532887567, 264.8214382348741083 ) ) ;
#6160 = DIRECTION ( 'NONE',  ( -1.000000000000000000, -0.000000000000000000, -0.000000000000000000 ) ) ;
#6161 = CARTESIAN_POINT ( 'NONE',  ( 172.3770953946879558, -0.08973760245281159342, 479.9999999999999432 ) ) ;
#6162 = EDGE_CURVE ( 'NONE', #1139, #5543, #8503, .T. ) ;
#6163 = B_SPLINE_CURVE_WITH_KNOTS ( 'NONE', 3,
 ( #1097, #497, #5760, #4466, #545, #1312 ),
 .UNSPECIFIED., .F., .F.,
 ( 4, 2, 4 ),
 ( 0.000000000000000000, 0.005744488300466399876, 0.01148897660093279975 ),
 .UNSPECIFIED. ) ;
#6164 = CARTESIAN_POINT ( 'NONE',  ( -10.52815186853018048, -10.20489679388335524, 261.6809966906051841 ) ) ;
#6165 = CYLINDRICAL_SURFACE ( 'NONE', #3564, 1.400000000000012346 ) ;
#6166 = VERTEX_POINT ( 'NONE', #8447 ) ;
#6167 = CARTESIAN_POINT ( 'NONE',  ( -13.35622806735789858, -10.04822706615699524, 327.9917060069075774 ) ) ;
#6168 = CARTESIAN_POINT ( 'NONE',  ( 3.473491383740019423, -3.128492574390381087, -0.000000000000000000 ) ) ;
#6169 = CARTESIAN_POINT ( 'NONE',  ( -14.77478380595319152, 0.5779375494635786703, 0.000000000000000000 ) ) ;
#6170 = ORIENTED_EDGE ( 'NONE', *, *, #4848, .F. ) ;
#6171 = DIRECTION ( 'NONE',  ( -0.000000000000000000, -0.000000000000000000, 1.000000000000000000 ) ) ;
#6172 = CARTESIAN_POINT ( 'NONE',  ( -14.77478380595319152, 0.5779375494635786703, 0.000000000000000000 ) ) ;
#6173 = CARTESIAN_POINT ( 'NONE',  ( 177.3551481289798346, 0.05220085278976527993, 180.0000000000000853 ) ) ;
#6174 = CARTESIAN_POINT ( 'NONE',  ( 19.72012404838044475, -3.776341305528239545, 323.5726763378881969 ) ) ;
#6175 = CARTESIAN_POINT ( 'NONE',  ( 45.00000000000001421, -4.136970482234673341, 338.9999999999999432 ) ) ;
#6176 = CARTESIAN_POINT ( 'NONE',  ( 169.0000000000000000, -14.22106106644589474, 549.9999999999998863 ) ) ;
#6177 = ORIENTED_EDGE ( 'NONE', *, *, #2660, .T. ) ;
#6178 = CIRCLE ( 'NONE', #2454, 1.000000000000000888 ) ;
#6179 = CARTESIAN_POINT ( 'NONE',  ( 177.6955245270766284, -0.3181964440010775497, 479.0500000000012619 ) ) ;
#6180 = EDGE_CURVE ( 'NONE', #6306, #272, #649, .T. ) ;
#6181 = EDGE_CURVE ( 'NONE', #4248, #4293, #2167, .T. ) ;
#6182 = CARTESIAN_POINT ( 'NONE',  ( 179.6213040244631998, -0.3825223201761721037, 433.9999999999992610 ) ) ;
#6183 = AXIS2_PLACEMENT_3D ( 'NONE', #4426, #801, #3428 ) ;
#6184 = CARTESIAN_POINT ( 'NONE',  ( -17.74144103754202106, 23.21018740779375733, 575.0000000000001137 ) ) ;
#6185 = CARTESIAN_POINT ( 'NONE',  ( -14.30954931748560099, 0.2581257272178706930, 244.9991311132158955 ) ) ;
#6186 = DIRECTION ( 'NONE',  ( 1.000000000000000000, 0.000000000000000000, 0.000000000000000000 ) ) ;
#6187 = AXIS2_PLACEMENT_3D ( 'NONE', #4540, #3246, #3371 ) ;
#6188 = CARTESIAN_POINT ( 'NONE',  ( 179.1901996537135346, -0.3543559549858969482, 433.9999999999997726 ) ) ;
#6189 = VERTEX_POINT ( 'NONE', #39 ) ;
#6190 = CARTESIAN_POINT ( 'NONE',  ( -22.77444250476369092, 12.50000000000037126, 263.3002955457322400 ) ) ;
#6191 = VERTEX_POINT ( 'NONE', #4697 ) ;
#6192 = DIRECTION ( 'NONE',  ( 0.000000000000000000, -0.000000000000000000, 1.000000000000000000 ) ) ;
#6193 = ORIENTED_EDGE ( 'NONE', *, *, #30, .T. ) ;
#6194 = CARTESIAN_POINT ( 'NONE',  ( -15.23180910693945123, 0.8323366577509977438, 245.0077176472336191 ) ) ;
#6195 = CARTESIAN_POINT ( 'NONE',  ( 107.9763542463709740, 9.660794725740885269, 0.000000000000000000 ) ) ;
#6196 = CARTESIAN_POINT ( 'NONE',  ( -10.18110714260621030, 27.56260570163493639, 264.9999999999999432 ) ) ;
#6197 = CARTESIAN_POINT ( 'NONE',  ( -16.01243484129242134, 1.887986360944001518, 324.9999999999728857 ) ) ;
#6198 = CARTESIAN_POINT ( 'NONE',  ( 118.9473560236144891, -1.650808314102082619, 479.0499999999997272 ) ) ;
#6199 = VECTOR ( 'NONE', #3571, 1000.000000000000000 ) ;
#6200 = EDGE_CURVE ( 'NONE', #7271, #1440, #7839, .T. ) ;
#6201 = VERTEX_POINT ( 'NONE', #7246 ) ;
#6202 = CARTESIAN_POINT ( 'NONE',  ( 170.8688789245038890, 1.340684969138052018, 480.0000000000000000 ) ) ;
#6203 = CARTESIAN_POINT ( 'NONE',  ( 179.5001150431373844, -0.3517036071174818312, 0.000000000000000000 ) ) ;
#6204 = CARTESIAN_POINT ( 'NONE',  ( 50.51194112279041093, 13.07972322722169700, 0.000000000000000000 ) ) ;
#6205 = CARTESIAN_POINT ( 'NONE',  ( 63.80486844985845352, -18.00000000000000355, 575.0000000000000000 ) ) ;
#6206 = CARTESIAN_POINT ( 'NONE',  ( 179.1024517038891020, -0.3460900891261874945, 484.8000000000010346 ) ) ;
#6207 = B_SPLINE_CURVE_WITH_KNOTS ( 'NONE', 3,
 ( #5380, #4044, #6683, #3569, #2835 ),
 .UNSPECIFIED., .F., .F.,
 ( 4, 1, 4 ),
 ( 0.000000000000000000, 0.0003427340299903255190, 0.005500883007872016221 ),
 .UNSPECIFIED. ) ;
#6208 = CARTESIAN_POINT ( 'NONE',  ( -10.76809582072490912, 11.13642160137531434, 332.4452246009153100 ) ) ;
#6209 = AXIS2_PLACEMENT_3D ( 'NONE', #798, #2128, #7442 ) ;
#6210 = CARTESIAN_POINT ( 'NONE',  ( 40.41273883029570158, -4.126446674909365342, 332.4351828254745556 ) ) ;
#6211 = ORIENTED_EDGE ( 'NONE', *, *, #8171, .T. ) ;
#6212 = CARTESIAN_POINT ( 'NONE',  ( -0.2846902912822524279, -16.00991544844572445, 549.9999999999998863 ) ) ;
#6213 = CARTESIAN_POINT ( 'NONE',  ( 177.8347956568510142, -0.2611924247030477098, 0.000000000000000000 ) ) ;
#6214 = EDGE_CURVE ( 'NONE', #827, #5848, #5918, .T. ) ;
#6215 = VECTOR ( 'NONE', #5175, 1000.000000000000000 ) ;
#6216 = CARTESIAN_POINT ( 'NONE',  ( -10.88396900911892473, -1.022690387948147706, 0.000000000000000000 ) ) ;
#6217 = EDGE_LOOP ( 'NONE', ( #4476, #4306, #3565, #7613 ) ) ;
#6218 = CARTESIAN_POINT ( 'NONE',  ( 141.1094336297164205, 5.653781629643024331, 479.0499999999999545 ) ) ;
#6219 = CARTESIAN_POINT ( 'NONE',  ( -13.04985241089182502, -0.1897178009272447730, 479.9999999999998863 ) ) ;
#6220 = CARTESIAN_POINT ( 'NONE',  ( 137.4672068873614990, -0.9636548439447482073, 180.0005052039150542 ) ) ;
#6221 = CARTESIAN_POINT ( 'NONE',  ( -8.934752366610158703, 7.293677300863900648, 479.9970545754035811 ) ) ;
#6222 = DIRECTION ( 'NONE',  ( -0.000000000000000000, 0.000000000000000000, 1.000000000000000000 ) ) ;
#6223 = DIRECTION ( 'NONE',  ( 0.000000000000000000, 0.000000000000000000, -1.000000000000000000 ) ) ;
#6224 = CARTESIAN_POINT ( 'NONE',  ( 168.3227864277240542, -0.07994941822546303145, 0.000000000000000000 ) ) ;
#6225 = EDGE_LOOP ( 'NONE', ( #5456, #6646, #7219, #4457 ) ) ;
#6226 = CARTESIAN_POINT ( 'NONE',  ( 213.4198969928766871, 5.394969089449808131, 575.0000000000000000 ) ) ;
#6227 = CARTESIAN_POINT ( 'NONE',  ( 179.6077526168181180, -0.3781321003104176071, 433.9999999999997158 ) ) ;
#6228 = CARTESIAN_POINT ( 'NONE',  ( -20.48288207508391068, 21.42037481558748624, 575.0000000000000000 ) ) ;
#6229 = CARTESIAN_POINT ( 'NONE',  ( -15.47812822376521069, 1.063048069141805607, 245.0123347302752279 ) ) ;
#6230 =( LENGTH_UNIT ( ) NAMED_UNIT ( * ) SI_UNIT ( .MILLI., .METRE. ) );
#6231 = CARTESIAN_POINT ( 'NONE',  ( 121.7538155905333781, -1.741342503863519742, 480.0000000000000000 ) ) ;
#6232 = EDGE_CURVE ( 'NONE', #842, #6323, #4130, .T. ) ;
#6233 = VERTEX_POINT ( 'NONE', #6600 ) ;
#6234 = CARTESIAN_POINT ( 'NONE',  ( -28.23529782931452559, 8.135985599635779053, 264.0238771540889502 ) ) ;
#6235 = ORIENTED_EDGE ( 'NONE', *, *, #5481, .F. ) ;
#6236 = ORIENTED_EDGE ( 'NONE', *, *, #6341, .F. ) ;
#6237 = CARTESIAN_POINT ( 'NONE',  ( -15.87006644795936694, 1.890996277842477369, 245.0352344257715629 ) ) ;
#6238 = CARTESIAN_POINT ( 'NONE',  ( -9.835633092365277719, 6.154454219204675169, 0.000000000000000000 ) ) ;
#6239 = CARTESIAN_POINT ( 'NONE',  ( -10.86024714582105588, 6.142056939121027348, 265.0000000000178488 ) ) ;
#6240 = CARTESIAN_POINT ( 'NONE',  ( -16.05166861805732381, 2.117640239850344219, 345.0400867774006315 ) ) ;
#6241 = CARTESIAN_POINT ( 'NONE',  ( 133.4967508529591100, -24.99999999999999289, 575.0000000000000000 ) ) ;
#6242 = AXIS2_PLACEMENT_3D ( 'NONE', #3026, #1220, #438 ) ;
#6243 = ORIENTED_EDGE ( 'NONE', *, *, #2049, .T. ) ;
#6244 = CARTESIAN_POINT ( 'NONE',  ( 176.9990080581038114, 0.1340737841093406491, 484.8000000000004093 ) ) ;
#6245 = CARTESIAN_POINT ( 'NONE',  ( 179.1416781444353319, -0.2918876262118835774, 480.0000000000003411 ) ) ;
#6246 = CARTESIAN_POINT ( 'NONE',  ( -15.23580123941135511, -12.49999999999999822, 323.2976875471819653 ) ) ;
#6247 = EDGE_CURVE ( 'NONE', #252, #2649, #7825, .T. ) ;
#6248 = DIRECTION ( 'NONE',  ( -1.000000000000000000, -0.000000000000000000, -0.000000000000000000 ) ) ;
#6249 = CARTESIAN_POINT ( 'NONE',  ( 179.1598703509199026, -0.2948807630413088354, 480.0000000000003411 ) ) ;
#6250 = CARTESIAN_POINT ( 'NONE',  ( -2.468236927336132425, -12.49999999999999822, 265.0632286554457551 ) ) ;
#6251 = CARTESIAN_POINT ( 'NONE',  ( 35.98816872328671934, -4.099731271597955029, 323.7736121565711187 ) ) ;
#6252 = ADVANCED_FACE ( 'NONE', ( #1328 ), #5341, .F. ) ;
#6253 = CARTESIAN_POINT ( 'NONE',  ( 1.673388886832583244, 11.93600700941877157, 336.4572365795951328 ) ) ;
#6254 = CARTESIAN_POINT ( 'NONE',  ( 178.0433737673311043, -0.2676713635454329721, 484.8000000000003524 ) ) ;
#6255 = CARTESIAN_POINT ( 'NONE',  ( 38.17742453950771164, -4.042005049357404900, 484.7999999999994998 ) ) ;
#6256 = EDGE_LOOP ( 'NONE', ( #7168, #1770, #3677, #925 ) ) ;
#6257 = CARTESIAN_POINT ( 'NONE',  ( 54.15210743508875879, 24.99999999999999289, 575.0000000000000000 ) ) ;
#6258 = CARTESIAN_POINT ( 'NONE',  ( -15.43967670859687935, 1.947078709640329697, 0.000000000000000000 ) ) ;
#6259 = ADVANCED_FACE ( 'NONE', ( #5825 ), #7287, .F. ) ;
#6260 = CIRCLE ( 'NONE', #6124, 1.400000000000012346 ) ;
#6261 = CARTESIAN_POINT ( 'NONE',  ( -15.00000000000002309, 24.99999999999998934, 575.0000000000000000 ) ) ;
#6262 = CARTESIAN_POINT ( 'NONE',  ( -3.956525171274879682, 8.860228784657374845, 479.9997890221553121 ) ) ;
#6263 = CARTESIAN_POINT ( 'NONE',  ( -0.2846902912822524279, -16.00991544844572445, 549.9999999999998863 ) ) ;
#6264 = DIRECTION ( 'NONE',  ( 1.000000000000000000, 0.000000000000000000, 0.000000000000000000 ) ) ;
#6265 = CARTESIAN_POINT ( 'NONE',  ( -28.58451693520417791, 12.50000000000000178, 320.7840277556053366 ) ) ;
#6266 = CIRCLE ( 'NONE', #6130, 1.000000000000000888 ) ;
#6267 = CARTESIAN_POINT ( 'NONE',  ( 178.1969555298100829, -0.3512063509182560272, 479.0499999999989882 ) ) ;
#6268 = DIRECTION ( 'NONE',  ( 1.000000000000000000, -0.000000000000000000, -1.110223024625157487E-14 ) ) ;
#6269 = EDGE_CURVE ( 'NONE', #5454, #8381, #3501, .T. ) ;
#6270 = EDGE_CURVE ( 'NONE', #4809, #4367, #8113, .T. ) ;
#6271 = B_SPLINE_CURVE_WITH_KNOTS ( 'NONE', 3,
 ( #7186, #3126, #2390, #1274, #3906, #7645, #3037 ),
 .UNSPECIFIED., .F., .F.,
 ( 4, 3, 4 ),
 ( 0.000000000000000000, 0.03368123765438460482, 0.1000002473682419929 ),
 .UNSPECIFIED. ) ;
#6272 = CARTESIAN_POINT ( 'NONE',  ( -15.71872705923851932, 1.374530042875506952, 245.0205045850008503 ) ) ;
#6273 = DIRECTION ( 'NONE',  ( 0.000000000000000000, 0.000000000000000000, -1.000000000000000000 ) ) ;
#6274 = CARTESIAN_POINT ( 'NONE',  ( 162.4864219261321523, -0.06346134028201842747, 433.9999999999998863 ) ) ;
#6275 = DIRECTION ( 'NONE',  ( 1.000000000000000000, 0.000000000000000000, 0.000000000000000000 ) ) ;
#6276 = CARTESIAN_POINT ( 'NONE',  ( -25.85493057263305161, 12.50000000000000355, 264.0965750397254510 ) ) ;
#6277 = ORIENTED_EDGE ( 'NONE', *, *, #599, .F. ) ;
#6278 = VERTEX_POINT ( 'NONE', #1253 ) ;
#6279 = CARTESIAN_POINT ( 'NONE',  ( 17.29411143377504345, -3.743533548862296279, 244.9867431194444123 ) ) ;
#6280 = CARTESIAN_POINT ( 'NONE',  ( 26.91971022712242956, 13.02220672126544088, 484.8000000000000114 ) ) ;
#6281 = B_SPLINE_SURFACE_WITH_KNOTS ( 'NONE', 3, 1, ( 
 ( #3212, #6012, #8467 ),
 ( #4802, #6141, #6704 ),
 ( #833, #2250, #4241 ),
 ( #963, #789, #3056 ),
 ( #5403, #3416, #7470 ),
 ( #1517, #2118, #6184 ),
 ( #423, #7511, #6228 ),
 ( #2774, #5690, #3546 ),
 ( #6792, #267, #6054 ),
 ( #876, #8312, #1601 ) ),
 .UNSPECIFIED., .F., .F., .F.,
 ( 4, 3, 1, 1, 1, 4 ),
 ( 2, 1, 2 ),
 ( -0.01000000000000000021, 0.000000000000000000, 0.2500000000000000000, 0.5000000000000000000, 0.7500000000000000000, 1.000000000000000000 ),
 ( -0.01000000000000000021, 0.000000000000000000, 1.000000000000000000 ),
 .UNSPECIFIED. ) ;
#6282 = CARTESIAN_POINT ( 'NONE',  ( -8.625559173631499377, 7.041826719500718923, 245.0292976835285685 ) ) ;
#6283 = CARTESIAN_POINT ( 'NONE',  ( -13.30055677996227814, -0.1410811621628503543, 324.9999999999865281 ) ) ;
#6284 = CARTESIAN_POINT ( 'NONE',  ( 120.9932936199123787, -1.784842463690856640, 480.0000000000000000 ) ) ;
#6285 = ORIENTED_EDGE ( 'NONE', *, *, #7898, .T. ) ;
#6286 = CARTESIAN_POINT ( 'NONE',  ( 136.0582871256010264, 6.443974785544743789, 0.000000000000000000 ) ) ;
#6287 = CARTESIAN_POINT ( 'NONE',  ( 179.4163311735762818, -0.3741274380531842692, 0.000000000000000000 ) ) ;
#6288 = CYLINDRICAL_SURFACE ( 'NONE', #4558, 2.000000000000001776 ) ;
#6289 = CARTESIAN_POINT ( 'NONE',  ( 179.1228250817308947, -0.3491956325188248500, 0.000000000000000000 ) ) ;
#6290 = CARTESIAN_POINT ( 'NONE',  ( -19.15999056804571055, 12.50000000000000178, 324.5383339946225760 ) ) ;
#6291 = DIRECTION ( 'NONE',  ( 0.000000000000000000, 0.000000000000000000, 1.000000000000000000 ) ) ;
#6292 = CARTESIAN_POINT ( 'NONE',  ( -21.46606843217409377, 23.34531655975660058, 324.9999999999998295 ) ) ;
#6293 = ORIENTED_EDGE ( 'NONE', *, *, #7260, .F. ) ;
#6294 = DIRECTION ( 'NONE',  ( 0.000000000000000000, 1.000000000000000000, -0.000000000000000000 ) ) ;
#6295 = CARTESIAN_POINT ( 'NONE',  ( 172.3823993837822854, -0.08964324588926272930, 484.7999999999999545 ) ) ;
#6296 =( BOUNDED_SURFACE ( )  B_SPLINE_SURFACE ( 3, 2, ( 
 ( #2991, #4816, #6847 ),
 ( #2828, #1010, #5504 ),
 ( #933, #5589, #1612 ),
 ( #7445, #1532, #4981 ),
 ( #236, #5462, #8084 ),
 ( #4170, #2868, #4213 ),
 ( #2952, #973, #4943 ),
 ( #7480, #4862, #8211 ),
 ( #2175, #5547, #1651 ),
 ( #3561, #1487, #3518 ),
 ( #6196, #2302, #8127 ),
 ( #6805, #891, #2218 ),
 ( #4290, #3602, #4252 ),
 ( #3641, #1573, #194 ),
 ( #282, #6153, #6282 ),
 ( #4125, #359, #5628 ),
 ( #6763, #6891, #2906 ),
 ( #8248, #2344, #8172 ),
 ( #846, #6239, #2263 ),
 ( #3471, #4905, #320 ),
 ( #6109, #7522, #4371 ),
 ( #3124, #402, #5111 ),
 ( #6360, #7643, #1095 ),
 ( #3168, #6969, #5802 ),
 ( #4330, #7602, #6498 ),
 ( #5023, #3726, #1821 ),
 ( #8378, #3034, #5844 ),
 ( #4463, #446, #543 ),
 ( #7100, #493, #5154 ),
 ( #3863, #8289, #1054 ),
 ( #3078, #1865, #5669 ),
 ( #7010, #2430, #1188 ),
 ( #3681, #4506, #6320 ),
 ( #5064, #5758, #7731 ),
 ( #2387, #2520, #7776 ),
 ( #1730, #5715, #3213 ),
 ( #7685, #7054, #8425 ),
 ( #8334, #1144, #1775 ),
 ( #7140, #585, #4417 ),
 ( #3771, #6408, #2478 ),
 ( #3817, #6452, #1691 ),
 ( #1230, #8468, #2565 ),
 ( #669, #3417, #5279 ),
 ( #5361, #6622, #5927 ),
 ( #18, #100, #1347 ),
 ( #2606, #7907, #6055 ),
 ( #2730, #3904, #4634 ),
 ( #6664, #7988, #1907 ),
 ( #4591, #142, #6579 ),
 ( #6538, #2693, #2646 ),
 ( #5240, #7224, #7868 ),
 ( #1992, #7265, #4673 ),
 ( #3377, #1435, #6705 ),
 ( #7347, #4549, #2078 ),
 ( #1952, #3988, #708 ),
 ( #3335, #1389, #5968 ),
 ( #61, #629, #5321 ),
 ( #7945, #1310, #2031 ),
 ( #3253, #5884, #3294 ),
 ( #4027, #749, #6014 ),
 ( #4714, #7184, #4070 ),
 ( #790, #3948, #5195 ),
 ( #8509, #7820, #6272 ),
 ( #1519, #6750, #835 ),
 ( #6096, #4158, #5493 ),
 ( #4242, #2253, #6229 ),
 ( #2207, #6880, #7390 ),
 ( #4849, #6793, #2291 ),
 ( #4280, #7433, #4112 ),
 ( #878, #3504, #964 ),
 ( #5535, #2775, #5579 ),
 ( #4200, #1560, #3459 ),
 ( #6921, #5404, #4933 ),
 ( #8029, #2119, #8159 ),
 ( #308, #6837, #6142 ),
 ( #8114, #999, #181 ),
 ( #1474, #922, #3547 ),
 ( #2941, #4761, #2817 ),
 ( #5451, #224, #6185 ),
 ( #268, #2857, #2896 ),
 ( #4803, #8073, #3593 ),
 ( #4893, #7512, #1603 ),
 ( #7550, #3630, #1641 ),
 ( #2163, #8201, #5012 ),
 ( #8326, #3715, #6352 ),
 ( #6311, #3112, #1765 ),
 ( #7042, #5143, #1045 ),
 ( #2333, #1721, #3156 ),
 ( #3672, #4360, #5660 ),
 ( #5748, #3759, #4973 ),
 ( #8238, #7720, #436 ),
 ( #7635, #3068, #1085 ),
 ( #390, #3851, #7675 ),
 ( #4318, #6959, #4407 ),
 ( #7000, #5703, #1855 ),
 ( #8366, #3806, #8280 ),
 ( #2420, #1808, #4451 ),
 ( #1132, #5054, #7765 ),
 ( #7592, #5792, #6440 ),
 ( #6395, #7130, #3024 ),
 ( #1680, #481, #2468 ),
 ( #5101, #2375, #7088 ),
 ( #1179, #4496, #528 ),
 ( #8414, #2509, #1218 ),
 ( #5617, #352, #2981 ),
 ( #1297, #5955, #2595 ),
 ( #2720, #7977, #90 ),
 ( #3200, #1377, #5225 ),
 ( #5914, #3936, #6566 ),
 ( #49, #656, #2068 ),
 ( #7808, #3976, #1896 ),
 ( #8456, #7853, #738 ),
 ( #3242, #575, #6526 ),
 ( #5832, #7, #615 ),
 ( #5348, #7211, #4535 ),
 ( #1940, #3282, #2633 ),
 ( #5872, #1422, #5268 ),
 ( #7173, #1261, #1981 ) ),
 .UNSPECIFIED., .F., .F., .T. ) 
 B_SPLINE_SURFACE_WITH_KNOTS ( ( 4, 2, 2, 2, 2, 2, 2, 2, 2, 2, 2, 2, 2, 2, 2, 2, 2, 2, 2, 2, 2, 2, 2, 2, 2, 2, 2, 2, 2, 2, 2, 2, 2, 2, 2, 2, 2, 2, 2, 2, 2, 2, 2, 2, 2, 2, 2, 2, 2, 2, 2, 2, 2, 2, 2, 2, 2, 2, 4 ),
 ( 3, 3 ),
 ( 0.2098102103238317917, 0.2136775172232506237, 0.2175448241226694279, 0.2252794379215070641, 0.2272130913712164801, 0.2291467448209258684, 0.2330140517203446726, 0.2349477051700540886, 0.2368813586197635046, 0.2388150120694729206, 0.2407486655191823088, 0.2426823189688916971, 0.2446159724186011131, 0.2465496258683105291, 0.2484832793180199451, 0.2494501060428746531, 0.2504169327677293611, 0.2513837594925840691, 0.2523505862174387770, 0.2528339995798661310, 0.2533174129422934850, 0.2542842396671481930, 0.2562178931168575535, 0.2600852000162763300, 0.2620188534659857460, 0.2639525069156951620, 0.2678198138151139940, 0.2697534672648234100, 0.2716871207145328260, 0.2755544276139516580, 0.2774880810636610740, 0.2794217345133704899, 0.2832890414127893219, 0.2852226948624987379, 0.2861895215873534459, 0.2871563483122080984, 0.2881231750370627509, 0.2890900017619174589, 0.2910236552116268749, 0.2929573086613362909, 0.2939241353861909989, 0.2948909621110457069, 0.2958577888359004149, 0.2963412021983277689, 0.2968246155607551229, 0.2977914422856098309, 0.2987582690104645389, 0.3006919224601739549, 0.3026255759098833709, 0.3045592293595927869, 0.3055260560844474949, 0.3064928828093022029, 0.3084265362590116188, 0.3103601897087209793, 0.3142274966081397558, 0.3180948035075585878, 0.3219621104069774198, 0.3258294173063962518, 0.3335640311052338602 ),
 ( 0.000000000000000000, 1.000000000000000000 ),
 .UNSPECIFIED. ) 
 GEOMETRIC_REPRESENTATION_ITEM ( )  RATIONAL_B_SPLINE_SURFACE ( (
 ( 1.000000000000000000, 0.7074849018760689390, 1.000000000000000000),
 ( 1.000000000000000000, 0.7074901307649088533, 1.000000000000000000),
 ( 1.000000000000000000, 0.7074953353687375435, 1.000000000000000000),
 ( 1.000000000000000000, 0.7075065299610624470, 1.000000000000000000),
 ( 1.000000000000000000, 0.7075125078088657649, 1.000000000000000000),
 ( 1.000000000000000000, 0.7075310674215301576, 1.000000000000000000),
 ( 1.000000000000000000, 0.7075445237678668065, 1.000000000000000000),
 ( 1.000000000000000000, 0.7075640612332347867, 1.000000000000000000),
 ( 1.000000000000000000, 0.7075681509847009387, 1.000000000000000000),
 ( 1.000000000000000000, 0.7075765147795289867, 1.000000000000000000),
 ( 1.000000000000000000, 0.7075807094789785534, 1.000000000000000000),
 ( 1.000000000000000000, 0.7075936890331023799, 1.000000000000000000),
 ( 1.000000000000000000, 0.7076036521996722506, 1.000000000000000000),
 ( 1.000000000000000000, 0.7076193099852440271, 1.000000000000000000),
 ( 1.000000000000000000, 0.7076245064430944920, 1.000000000000000000),
 ( 1.000000000000000000, 0.7076355771503323178, 1.000000000000000000),
 ( 1.000000000000000000, 0.7076414744496163367, 1.000000000000000000),
 ( 1.000000000000000000, 0.7076532949501296299, 1.000000000000000000),
 ( 1.000000000000000000, 0.7076592551171547729, 1.000000000000000000),
 ( 1.000000000000000000, 0.7076714898160447742, 1.000000000000000000),
 ( 1.000000000000000000, 0.7076775911116011120, 1.000000000000000000),
 ( 1.000000000000000000, 0.7076905400197543994, 1.000000000000000000),
 ( 1.000000000000000000, 0.7076971409936865243, 1.000000000000000000),
 ( 1.000000000000000000, 0.7077107426620612429, 1.000000000000000000),
 ( 1.000000000000000000, 0.7077173840177910513, 1.000000000000000000),
 ( 1.000000000000000000, 0.7077307756106852032, 1.000000000000000000),
 ( 1.000000000000000000, 0.7077375625372132051, 1.000000000000000000),
 ( 1.000000000000000000, 0.7077507190185851060, 1.000000000000000000),
 ( 1.000000000000000000, 0.7077566207869446790, 1.000000000000000000),
 ( 1.000000000000000000, 0.7077651190870694053, 1.000000000000000000),
 ( 1.000000000000000000, 0.7077679258632765258, 1.000000000000000000),
 ( 1.000000000000000000, 0.7077735547115200365, 1.000000000000000000),
 ( 1.000000000000000000, 0.7077764944570561489, 1.000000000000000000),
 ( 1.000000000000000000, 0.7077817377339508109, 1.000000000000000000),
 ( 1.000000000000000000, 0.7077840063977549612, 1.000000000000000000),
 ( 1.000000000000000000, 0.7077880304022949876, 1.000000000000000000),
 ( 1.000000000000000000, 0.7077902522756100989, 1.000000000000000000),
 ( 1.000000000000000000, 0.7077932579097907517, 1.000000000000000000),
 ( 1.000000000000000000, 0.7077941182625727690, 1.000000000000000000),
 ( 1.000000000000000000, 0.7077961989383706465, 1.000000000000000000),
 ( 1.000000000000000000, 0.7077974009676964995, 1.000000000000000000),
 ( 1.000000000000000000, 0.7078011005835844749, 1.000000000000000000),
 ( 1.000000000000000000, 0.7078036826748715926, 1.000000000000000000),
 ( 1.000000000000000000, 0.7078106926777115726, 1.000000000000000000),
 ( 1.000000000000000000, 0.7078144010013251997, 1.000000000000000000),
 ( 1.000000000000000000, 0.7078206778868367799, 1.000000000000000000),
 ( 1.000000000000000000, 0.7078183254971314176, 1.000000000000000000),
 ( 1.000000000000000000, 0.7078112809057575117, 1.000000000000000000),
 ( 1.000000000000000000, 0.7078080887173672231, 1.000000000000000000),
 ( 1.000000000000000000, 0.7077998102320597340, 1.000000000000000000),
 ( 1.000000000000000000, 0.7077942392995909549, 1.000000000000000000),
 ( 1.000000000000000000, 0.7077742506779662879, 1.000000000000000000),
 ( 1.000000000000000000, 0.7077566358289718584, 1.000000000000000000),
 ( 1.000000000000000000, 0.7077247121410031871, 1.000000000000000000),
 ( 1.000000000000000000, 0.7077111974641230319, 1.000000000000000000),
 ( 1.000000000000000000, 0.7076834087628336434, 1.000000000000000000),
 ( 1.000000000000000000, 0.7076686884568125224, 1.000000000000000000),
 ( 1.000000000000000000, 0.7076232607021321064, 1.000000000000000000),
 ( 1.000000000000000000, 0.7075919326342604565, 1.000000000000000000),
 ( 1.000000000000000000, 0.7075413436113546783, 1.000000000000000000),
 ( 1.000000000000000000, 0.7075236593027173226, 1.000000000000000000),
 ( 1.000000000000000000, 0.7074875158651435791, 1.000000000000000000),
 ( 1.000000000000000000, 0.7074691618420131389, 1.000000000000000000),
 ( 1.000000000000000000, 0.7074144837104168193, 1.000000000000000000),
 ( 1.000000000000000000, 0.7073790403311800423, 1.000000000000000000),
 ( 1.000000000000000000, 0.7073247970931374473, 1.000000000000000000),
 ( 1.000000000000000000, 0.7073063523924115747, 1.000000000000000000),
 ( 1.000000000000000000, 0.7072791815213430588, 1.000000000000000000),
 ( 1.000000000000000000, 0.7072701599713105969, 1.000000000000000000),
 ( 1.000000000000000000, 0.7072520358711759103, 1.000000000000000000),
 ( 1.000000000000000000, 0.7072428559288022054, 1.000000000000000000),
 ( 1.000000000000000000, 0.7072248257445463704, 1.000000000000000000),
 ( 1.000000000000000000, 0.7072159210100157356, 1.000000000000000000),
 ( 1.000000000000000000, 0.7071979857170593853, 1.000000000000000000),
 ( 1.000000000000000000, 0.7071888373327941402, 1.000000000000000000),
 ( 1.000000000000000000, 0.7071618148382321500, 1.000000000000000000),
 ( 1.000000000000000000, 0.7071444113391456288, 1.000000000000000000),
 ( 1.000000000000000000, 0.7071092077934237885, 1.000000000000000000),
 ( 1.000000000000000000, 0.7070914213134859017, 1.000000000000000000),
 ( 1.000000000000000000, 0.7070670154277252095, 1.000000000000000000),
 ( 1.000000000000000000, 0.7070593777572860006, 1.000000000000000000),
 ( 1.000000000000000000, 0.7070453439161752396, 1.000000000000000000),
 ( 1.000000000000000000, 0.7070389318248738730, 1.000000000000000000),
 ( 1.000000000000000000, 0.7070274486292046356, 1.000000000000000000),
 ( 1.000000000000000000, 0.7070225952912742029, 1.000000000000000000),
 ( 1.000000000000000000, 0.7070157523396484178, 1.000000000000000000),
 ( 1.000000000000000000, 0.7070135204140984841, 1.000000000000000000),
 ( 1.000000000000000000, 0.7070089381522709493, 1.000000000000000000),
 ( 1.000000000000000000, 0.7070066153331108216, 1.000000000000000000),
 ( 1.000000000000000000, 0.7069996767923282244, 1.000000000000000000),
 ( 1.000000000000000000, 0.7069951416533871713, 1.000000000000000000),
 ( 1.000000000000000000, 0.7069865157493709917, 1.000000000000000000),
 ( 1.000000000000000000, 0.7069823534019816780, 1.000000000000000000),
 ( 1.000000000000000000, 0.7069699439993808454, 1.000000000000000000),
 ( 1.000000000000000000, 0.7069619606921585531, 1.000000000000000000),
 ( 1.000000000000000000, 0.7069471328617665806, 1.000000000000000000),
 ( 1.000000000000000000, 0.7069402496356402832, 1.000000000000000000),
 ( 1.000000000000000000, 0.7069278394102349594, 1.000000000000000000),
 ( 1.000000000000000000, 0.7069222697067439887, 1.000000000000000000),
 ( 1.000000000000000000, 0.7069154582757859462, 1.000000000000000000),
 ( 1.000000000000000000, 0.7069134361187265903, 1.000000000000000000),
 ( 1.000000000000000000, 0.7069097562554116365, 1.000000000000000000),
 ( 1.000000000000000000, 0.7069081081437850189, 1.000000000000000000),
 ( 1.000000000000000000, 0.7069033741824773953, 1.000000000000000000),
 ( 1.000000000000000000, 0.7069004814979927831, 1.000000000000000000),
 ( 1.000000000000000000, 0.7068950935237759969, 1.000000000000000000),
 ( 1.000000000000000000, 0.7068926887757626121, 1.000000000000000000),
 ( 1.000000000000000000, 0.7068863438968914226, 1.000000000000000000),
 ( 1.000000000000000000, 0.7068830113719771768, 1.000000000000000000),
 ( 1.000000000000000000, 0.7068776551989123247, 1.000000000000000000),
 ( 1.000000000000000000, 0.7068757295917558192, 1.000000000000000000),
 ( 1.000000000000000000, 0.7068730973440988663, 1.000000000000000000),
 ( 1.000000000000000000, 0.7068721785623328646, 1.000000000000000000),
 ( 1.000000000000000000, 0.7068709560606232234, 1.000000000000000000),
 ( 1.000000000000000000, 0.7068706827810223858, 1.000000000000000000),
 ( 1.000000000000000000, 0.7068705825984087365, 1.000000000000000000),
 ( 1.000000000000000000, 0.7068714634589191581, 1.000000000000000000),
 ( 1.000000000000000000, 0.7068727488187608321, 1.000000000000000000) ) ) 
 REPRESENTATION_ITEM ( '' )  SURFACE ( )  );
#6297 = CARTESIAN_POINT ( 'NONE',  ( 20.67672414410298387, -3.712980603975950089, 479.9999999999996589 ) ) ;
#6298 = ORIENTED_EDGE ( 'NONE', *, *, #2704, .F. ) ;
#6299 = CARTESIAN_POINT ( 'NONE',  ( 120.2712099134718784, 25.00000000000000711, 575.0000000000000000 ) ) ;
#6300 = CARTESIAN_POINT ( 'NONE',  ( -11.80429458896140460, -0.5743267474298184849, 484.7999999999999545 ) ) ;
#6301 = CARTESIAN_POINT ( 'NONE',  ( -35.61376254413335829, -1.421034961434409105, 265.0000000000000000 ) ) ;
#6302 = CARTESIAN_POINT ( 'NONE',  ( -14.71604988753035670, 4.299102877078537333, 480.0002379557486734 ) ) ;
#6303 = CARTESIAN_POINT ( 'NONE',  ( -23.24897722032199354, 12.50000000000000178, 267.4742173543768331 ) ) ;
#6304 = CARTESIAN_POINT ( 'NONE',  ( -16.15513988987402172, 1.539941402299505713, 484.8000000000000682 ) ) ;
#6305 = CARTESIAN_POINT ( 'NONE',  ( -33.60295365251798927, 12.50000000000000355, 320.0000000009081873 ) ) ;
#6306 = VERTEX_POINT ( 'NONE', #8532 ) ;
#6307 = CARTESIAN_POINT ( 'NONE',  ( -8.142932773706807126, 7.592386243149327640, 484.8000000000004093 ) ) ;
#6308 = CARTESIAN_POINT ( 'NONE',  ( 178.4989821901681353, -0.2973591674299455034, 479.0500000000004661 ) ) ;
#6309 = FACE_OUTER_BOUND ( 'NONE', #4938, .T. ) ;
#6310 = AXIS2_PLACEMENT_3D ( 'NONE', #8064, #2154, #4752 ) ;
#6311 = CARTESIAN_POINT ( 'NONE',  ( -19.66305418994625143, -19.12747014733387374, 264.9999999999999432 ) ) ;
#6312 = CARTESIAN_POINT ( 'NONE',  ( 95.44258152865783984, 10.79306054584405494, 0.000000000000000000 ) ) ;
#6313 = CARTESIAN_POINT ( 'NONE',  ( 68.49999999999998579, -3.963476296555109801, 318.9999999999999432 ) ) ;
#6314 = CARTESIAN_POINT ( 'NONE',  ( 17.32405767399500363, -3.700299185460060869, 311.8534120860849157 ) ) ;
#6315 = CARTESIAN_POINT ( 'NONE',  ( 2.337404907464554871, 12.49999999999999822, 254.6783413940542005 ) ) ;
#6316 = VERTEX_POINT ( 'NONE', #4052 ) ;
#6317 = ORIENTED_EDGE ( 'NONE', *, *, #762, .T. ) ;
#6318 = DIRECTION ( 'NONE',  ( 1.000000000000000000, 0.000000000000000000, 0.000000000000000000 ) ) ;
#6319 = CARTESIAN_POINT ( 'NONE',  ( 26.93167538785272441, 13.01856023937918216, 480.0000000000000000 ) ) ;
#6320 = CARTESIAN_POINT ( 'NONE',  ( -14.90922532242522180, 3.519273135718675949, 245.0379026439321137 ) ) ;
#6321 = CARTESIAN_POINT ( 'NONE',  ( -14.95256993774259335, 0.6064177762689308970, 345.0036144837720826 ) ) ;
#6322 = DIRECTION ( 'NONE',  ( 1.000000000000000000, -3.614007241618349757E-16, 0.000000000000000000 ) ) ;
#6323 = VERTEX_POINT ( 'NONE', #5259 ) ;
#6324 = CARTESIAN_POINT ( 'NONE',  ( 166.8649353022742332, 2.034040091338845890, 480.0000000000000000 ) ) ;
#6325 = CARTESIAN_POINT ( 'NONE',  ( 179.3054121421480147, -0.3187896446592949906, 479.9999999999995453 ) ) ;
#6326 = CARTESIAN_POINT ( 'NONE',  ( 0.7404756162222895233, 12.22966995691337999, 331.8890827872848490 ) ) ;
#6327 = CARTESIAN_POINT ( 'NONE',  ( 179.6731949083432198, -0.3902158470050323680, 484.7999999999989313 ) ) ;
#6328 = CARTESIAN_POINT ( 'NONE',  ( -15.01769336815286948, 12.50000000000000000, 326.6360106767022558 ) ) ;
#6329 = CARTESIAN_POINT ( 'NONE',  ( -14.57560103913497151, 3.839387527131663980, 245.0370563637333134 ) ) ;
#6330 = CARTESIAN_POINT ( 'NONE',  ( -3.391779943134307196, 8.801637644476038247, 324.9999999999998295 ) ) ;
#6331 = AXIS2_PLACEMENT_3D ( 'NONE', #7970, #7928, #732 ) ;
#6332 = ORIENTED_EDGE ( 'NONE', *, *, #3465, .T. ) ;
#6333 = CARTESIAN_POINT ( 'NONE',  ( 171.9357754408380856, 15.98863689914002606, 575.0000000000000000 ) ) ;
#6334 = EDGE_CURVE ( 'NONE', #3888, #3694, #5230, .T. ) ;
#6335 = CARTESIAN_POINT ( 'NONE',  ( 145.7334717553644907, -0.5313475993625904614, 484.8000000000000114 ) ) ;
#6336 = CARTESIAN_POINT ( 'NONE',  ( 50.01579269298395758, -4.070398742811987880, 480.0000000000006253 ) ) ;
#6337 = ORIENTED_EDGE ( 'NONE', *, *, #2680, .T. ) ;
#6338 = VECTOR ( 'NONE', #6450, 1000.000000000000000 ) ;
#6339 = CARTESIAN_POINT ( 'NONE',  ( 100.7781981049346740, 25.00000000000000711, 575.0000000000000000 ) ) ;
#6340 = CARTESIAN_POINT ( 'NONE',  ( -10.88396900911892473, -1.022690387948147706, 0.000000000000000000 ) ) ;
#6341 = EDGE_CURVE ( 'NONE', #6753, #8502, #1370, .T. ) ;
#6342 = CARTESIAN_POINT ( 'NONE',  ( 20.92950548548044054, -3.818209303610976324, 316.9999999999999432 ) ) ;
#6343 = CARTESIAN_POINT ( 'NONE',  ( 176.0889752270217627, 0.3202318087043889427, 180.0000000000000568 ) ) ;
#6344 = DIRECTION ( 'NONE',  ( 1.000000000000000000, -1.445602896647339656E-16, 0.000000000000000000 ) ) ;
#6345 = CARTESIAN_POINT ( 'NONE',  ( 0.7556390795296343832, 12.21720831606052471, 254.8601344277199416 ) ) ;
#6346 = DIRECTION ( 'NONE',  ( 0.000000000000000000, 1.000000000000000000, 0.000000000000000000 ) ) ;
#6347 = CARTESIAN_POINT ( 'NONE',  ( -35.32525794835808597, 12.50000000000000355, 319.9999999999998863 ) ) ;
#6348 = EDGE_LOOP ( 'NONE', ( #7125, #2171, #4097, #8068, #2166, #7605, #5036, #7477, #5189, #57, #4766, #7006, #3575 ) ) ;
#6349 = CARTESIAN_POINT ( 'NONE',  ( -11.74995525580223621, 6.095480333916906801, 479.9999999999994884 ) ) ;
#6350 = CARTESIAN_POINT ( 'NONE',  ( 178.7322417029493238, -0.2150259956334733269, 480.0000000000003411 ) ) ;
#6351 = DIRECTION ( 'NONE',  ( -0.8837879163470631072, -0.4678877204190302064, -0.000000000000000000 ) ) ;
#6352 = CARTESIAN_POINT ( 'NONE',  ( -13.23838405118586081, -0.1845792169919313608, 244.9952380092815645 ) ) ;
#6353 = CARTESIAN_POINT ( 'NONE',  ( -15.00000000000002309, 24.99999999999998934, 575.0000000000000000 ) ) ;
#6354 = CARTESIAN_POINT ( 'NONE',  ( 0.7799353098040506804, -11.31379148809644342, 328.4040285084525976 ) ) ;
#6355 = CARTESIAN_POINT ( 'NONE',  ( 154.0000000000000000, 0.000000000000000000, 575.0000000000000000 ) ) ;
#6356 = ORIENTED_EDGE ( 'NONE', *, *, #7787, .F. ) ;
#6357 = VERTEX_POINT ( 'NONE', #7162 ) ;
#6358 = CARTESIAN_POINT ( 'NONE',  ( -14.15062792272106229, 0.1734644300063212796, 244.9978977639333664 ) ) ;
#6359 = CARTESIAN_POINT ( 'NONE',  ( -5.642151587238918964, 8.386780365232946011, 479.9999999999996589 ) ) ;
#6360 = CARTESIAN_POINT ( 'NONE',  ( -22.68585346165814443, 22.48967643793112359, 264.9999999999999432 ) ) ;
#6361 = EDGE_CURVE ( 'NONE', #2820, #441, #3397, .T. ) ;
#6362 = CARTESIAN_POINT ( 'NONE',  ( -25.49270000862140151, -16.39277111323365688, 324.9999999999998863 ) ) ;
#6363 = CARTESIAN_POINT ( 'NONE',  ( 123.1380248462957496, 8.167296705073580299, 479.9997950583767761 ) ) ;
#6364 = VECTOR ( 'NONE', #158, 1000.000000000000000 ) ;
#6365 = VERTEX_POINT ( 'NONE', #2276 ) ;
#6366 = CARTESIAN_POINT ( 'NONE',  ( 58.62773231547202357, 12.92864184727463339, -0.000000000000000000 ) ) ;
#6367 = CARTESIAN_POINT ( 'NONE',  ( 178.9360417254443973, -0.2576496270405531641, 484.7999999999998977 ) ) ;
#6368 = CARTESIAN_POINT ( 'NONE',  ( 137.4672068873616126, 6.347434914685198493, 433.9994953358090015 ) ) ;
#6369 = CARTESIAN_POINT ( 'NONE',  ( 179.4668161859534337, -0.3451850858780273201, 484.8000000000001251 ) ) ;
#6370 = FACE_OUTER_BOUND ( 'NONE', #3512, .T. ) ;
#6371 = CARTESIAN_POINT ( 'NONE',  ( 74.00000000000004263, -3.863428706989938011, 321.9999999999999432 ) ) ;
#6372 = CARTESIAN_POINT ( 'NONE',  ( -12.60298721842688607, 5.404389581402083031, 345.0331603392186821 ) ) ;
#6373 = EDGE_CURVE ( 'NONE', #397, #6020, #8434, .T. ) ;
#6374 = ORIENTED_EDGE ( 'NONE', *, *, #3359, .T. ) ;
#6375 = CARTESIAN_POINT ( 'NONE',  ( -28.57886858354637383, 16.13472453139600660, 575.0000000000003411 ) ) ;
#6376 = CARTESIAN_POINT ( 'NONE',  ( 162.5331777555616952, -0.05888392313410431567, 479.9999999999996589 ) ) ;
#6377 = CARTESIAN_POINT ( 'NONE',  ( 97.35568396565297178, -3.082505916702197091, 484.7999999999997840 ) ) ;
#6378 = ORIENTED_EDGE ( 'NONE', *, *, #2680, .F. ) ;
#6379 = CARTESIAN_POINT ( 'NONE',  ( 26.92188751560741977, 12.88908825575856376, 479.0499999999998977 ) ) ;
#6380 = CARTESIAN_POINT ( 'NONE',  ( -7.713863743854060040, -1.748473150709804136, 0.000000000000000000 ) ) ;
#6381 = ORIENTED_EDGE ( 'NONE', *, *, #6661, .T. ) ;
#6382 = EDGE_CURVE ( 'NONE', #794, #8350, #2756, .T. ) ;
#6383 = CARTESIAN_POINT ( 'NONE',  ( -60.00000000000000000, -7.499999999999998224, 323.9999999999998863 ) ) ;
#6384 = CARTESIAN_POINT ( 'NONE',  ( -34.86796585779342195, -4.530401842429980341, 265.0000000000000568 ) ) ;
#6385 = CARTESIAN_POINT ( 'NONE',  ( -1.430315475684351911, 9.502600939639743061, 479.9995560151452310 ) ) ;
#6386 = DIRECTION ( 'NONE',  ( -0.000000000000000000, -0.000000000000000000, 1.000000000000000000 ) ) ;
#6387 = CARTESIAN_POINT ( 'NONE',  ( 68.49999999999998579, 3.000000000000000000, 311.4999999999998863 ) ) ;
#6388 = CARTESIAN_POINT ( 'NONE',  ( -15.43967670859687935, 1.947078709640329697, 0.000000000000000000 ) ) ;
#6389 = CARTESIAN_POINT ( 'NONE',  ( -24.52941300905765587, 12.50000000000000178, 322.1064506277338637 ) ) ;
#6390 = ORIENTED_EDGE ( 'NONE', *, *, #6382, .T. ) ;
#6391 = CARTESIAN_POINT ( 'NONE',  ( -10.42854821249937025, 5.887020324426982754, 0.000000000000000000 ) ) ;
#6392 = CARTESIAN_POINT ( 'NONE',  ( 213.2944428431888753, 5.586494508125224634, 575.0000000000003411 ) ) ;
#6393 = CARTESIAN_POINT ( 'NONE',  ( 138.8470494202377097, -0.5663003726320811060, 479.0499999999999545 ) ) ;
#6394 = ADVANCED_FACE ( 'NONE', ( #6776 ), #5386, .F. ) ;
#6395 = CARTESIAN_POINT ( 'NONE',  ( -11.10898367419060939, -21.32071559312383968, 264.9999999999998863 ) ) ;
#6396 = CARTESIAN_POINT ( 'NONE',  ( 174.5216767487243317, -0.1437550466431671004, 479.9999999999999432 ) ) ;
#6397 = B_SPLINE_CURVE_WITH_KNOTS ( 'NONE', 3,
 ( #2673, #2503, #7758, #4528 ),
 .UNSPECIFIED., .F., .F.,
 ( 4, 4 ),
 ( 0.000000000000000000, 0.003000000549039502726 ),
 .UNSPECIFIED. ) ;
#6398 = LINE ( 'NONE', #6353, #1819 ) ;
#6399 = DIRECTION ( 'NONE',  ( -1.000000000000000000, -0.000000000000000000, -0.000000000000000000 ) ) ;
#6400 = AXIS2_PLACEMENT_3D ( 'NONE', #7626, #6953, #1714 ) ;
#6401 = DIRECTION ( 'NONE',  ( 1.000000000000000000, 0.000000000000000000, 0.000000000000000000 ) ) ;
#6402 = ORIENTED_EDGE ( 'NONE', *, *, #7344, .T. ) ;
#6403 = ORIENTED_EDGE ( 'NONE', *, *, #4101, .T. ) ;
#6404 = CARTESIAN_POINT ( 'NONE',  ( -21.87742455980964706, -12.49999999999999822, 321.8281079390974355 ) ) ;
#6405 = CARTESIAN_POINT ( 'NONE',  ( 179.3798768307327123, -0.3587915239465497841, 180.0000000000000568 ) ) ;
#6406 = CARTESIAN_POINT ( 'NONE',  ( -6.904252818436327210, 8.006765205107180705, 484.8000000000001251 ) ) ;
#6407 = VECTOR ( 'NONE', #7082, 1000.000000000000000 ) ;
#6408 = CARTESIAN_POINT ( 'NONE',  ( -15.41890248510609496, 3.008325105341771444, 265.0000000000133582 ) ) ;
#6409 = CARTESIAN_POINT ( 'NONE',  ( -14.61437632417109889, 0.4130983473301186870, 345.0005818278399374 ) ) ;
#6410 = CARTESIAN_POINT ( 'NONE',  ( 87.64502657711121003, 11.64267963148866691, 480.0030837222704463 ) ) ;
#6411 = EDGE_LOOP ( 'NONE', ( #5148, #7983 ) ) ;
#6412 = CARTESIAN_POINT ( 'NONE',  ( 33.02740188789960030, 12.88904997451816570, 0.000000000000000000 ) ) ;
#6413 = EDGE_CURVE ( 'NONE', #5551, #1139, #4831, .T. ) ;
#6414 = CARTESIAN_POINT ( 'NONE',  ( 175.7339637657426579, 0.3975650606749668858, 480.0000000000002842 ) ) ;
#6415 = LINE ( 'NONE', #1698, #1503 ) ;
#6416 = CARTESIAN_POINT ( 'NONE',  ( 179.0213315115409785, -0.3406081189126065611, 0.000000000000000000 ) ) ;
#6417 = VECTOR ( 'NONE', #8062, 1000.000000000000000 ) ;
#6418 = CARTESIAN_POINT ( 'NONE',  ( 204.9999999999999716, 4.999999999999970690, 575.0000000000000000 ) ) ;
#6419 = CARTESIAN_POINT ( 'NONE',  ( -1.539484437092578872, 9.160884366863209394, 245.0253367791364951 ) ) ;
#6420 = CARTESIAN_POINT ( 'NONE',  ( -19.43229022702665176, 24.35297670201778786, 324.9999999999999432 ) ) ;
#6421 = ORIENTED_EDGE ( 'NONE', *, *, #3204, .T. ) ;
#6422 = CARTESIAN_POINT ( 'NONE',  ( -31.01235875835250511, 14.54596471557902504, 575.0000000000001137 ) ) ;
#6423 = CARTESIAN_POINT ( 'NONE',  ( 179.6805448837741892, -0.3865505938747066383, 484.7999999999992156 ) ) ;
#6424 = CARTESIAN_POINT ( 'NONE',  ( 117.0538319375458229, -2.010169846125767545, 480.0000000000000000 ) ) ;
#6425 = EDGE_LOOP ( 'NONE', ( #5274, #1837, #1868, #8036 ) ) ;
#6426 = CARTESIAN_POINT ( 'NONE',  ( 60.86066006163723330, 13.16828291179772670, 480.0000000000001705 ) ) ;
#6427 = CARTESIAN_POINT ( 'NONE',  ( 30.37738945242669431, -4.243994551180683139, 0.000000000000000000 ) ) ;
#6428 = LINE ( 'NONE', #515, #2940 ) ;
#6429 = CARTESIAN_POINT ( 'NONE',  ( -35.65644090847716541, 4.974547984286117774, 264.9999999999997726 ) ) ;
#6430 = CARTESIAN_POINT ( 'NONE',  ( 68.50000000000001421, -3.956363816317446158, 333.3333333333637825 ) ) ;
#6431 = CYLINDRICAL_SURFACE ( 'NONE', #4373, 2.000000000000001776 ) ;
#6432 = CARTESIAN_POINT ( 'NONE',  ( -13.66921530816377484, 0.03016505849570760844, 484.8000000000004661 ) ) ;
#6433 = APPLICATION_PROTOCOL_DEFINITION ( 'draft international standard', 'automotive_design', 1998, #5423 ) ;
#6434 = CARTESIAN_POINT ( 'NONE',  ( 36.92941670539178034, -12.00000000000000000, 516.0894156007674383 ) ) ;
#6435 = CARTESIAN_POINT ( 'NONE',  ( -15.60445227821706560, 12.50000000000000178, 329.1672530786107700 ) ) ;
#6436 = VERTEX_POINT ( 'NONE', #813 ) ;
#6437 = CARTESIAN_POINT ( 'NONE',  ( -1.804639090884555319, 8.770279721646868865, 0.000000000000000000 ) ) ;
#6438 = CARTESIAN_POINT ( 'NONE',  ( 178.7513826257661833, -0.2186991677969366832, 479.9999999999995453 ) ) ;
#6439 = CARTESIAN_POINT ( 'NONE',  ( -26.19067869048575048, -12.49999999999999822, 269.2130026999590768 ) ) ;
#6440 = CARTESIAN_POINT ( 'NONE',  ( -8.307329664359826893, -1.501635296792275032, 244.9895638154769983 ) ) ;
#6441 = DIRECTION ( 'NONE',  ( 1.000000000000000000, 0.000000000000000000, 0.000000000000000000 ) ) ;
#6442 = CARTESIAN_POINT ( 'NONE',  ( -0.8822490212196671955, 12.50000000000000178, 328.4654297632288831 ) ) ;
#6443 = LINE ( 'NONE', #8369, #1985 ) ;
#6444 = EDGE_CURVE ( 'NONE', #4166, #7115, #3020, .T. ) ;
#6445 = CARTESIAN_POINT ( 'NONE',  ( -10.53886984010360806, 12.50000000000000178, 261.4109348925472318 ) ) ;
#6446 = ORIENTED_EDGE ( 'NONE', *, *, #8411, .F. ) ;
#6447 = EDGE_CURVE ( 'NONE', #4553, #1382, #164, .T. ) ;
#6448 = VERTEX_POINT ( 'NONE', #2189 ) ;
#6449 = CARTESIAN_POINT ( 'NONE',  ( -20.85766135403738275, -12.50000000000000178, 325.6358194643445927 ) ) ;
#6450 = DIRECTION ( 'NONE',  ( -1.000000000000000000, 0.000000000000000000, 0.000000000000000000 ) ) ;
#6451 = DIRECTION ( 'NONE',  ( -1.000000000000000000, 0.000000000000000000, 0.000000000000000000 ) ) ;
#6452 = CARTESIAN_POINT ( 'NONE',  ( -15.43840658683364531, 2.983809347999561545, 264.9999999999999432 ) ) ;
#6453 = CARTESIAN_POINT ( 'NONE',  ( -10.91804051645303630, -0.8714681916569373410, 344.9918478162382485 ) ) ;
#6454 = CARTESIAN_POINT ( 'NONE',  ( 79.55932944144547037, 12.21362710817964192, 479.9984401924512554 ) ) ;
#6455 = VERTEX_POINT ( 'NONE', #2880 ) ;
#6456 = CARTESIAN_POINT ( 'NONE',  ( -0.5398150155992577082, 9.074273636257252917, 0.000000000000000000 ) ) ;
#6457 = CARTESIAN_POINT ( 'NONE',  ( 173.5363326980711633, 0.8195571675214184948, 0.000000000000000000 ) ) ;
#6458 = VECTOR ( 'NONE', #8223, 1000.000000000000000 ) ;
#6459 = CARTESIAN_POINT ( 'NONE',  ( 117.6607574845596105, -1.975455218671114732, 480.0000000001491003 ) ) ;
#6460 = CARTESIAN_POINT ( 'NONE',  ( 179.2103826691958943, -0.3043128723661052137, 0.000000000000000000 ) ) ;
#6461 = CARTESIAN_POINT ( 'NONE',  ( -60.00000000000000000, -6.999999999999986677, 293.5999999999999659 ) ) ;
#6462 = CARTESIAN_POINT ( 'NONE',  ( 1.724904970870795085, 9.998451634196653615, 345.0240172735720421 ) ) ;
#6463 = EDGE_LOOP ( 'NONE', ( #5410, #3812, #3555, #1163 ) ) ;
#6464 = CARTESIAN_POINT ( 'NONE',  ( -43.74219808698517653, -4.970254326506482911, 575.0000000000002274 ) ) ;
#6465 = CARTESIAN_POINT ( 'NONE',  ( 179.6818268418665809, -0.3897363228606443575, 484.8000000000007503 ) ) ;
#6466 = CARTESIAN_POINT ( 'NONE',  ( 126.3192003598809237, -1.608250353137633537, 0.000000000000000000 ) ) ;
#6467 = ORIENTED_EDGE ( 'NONE', *, *, #7569, .F. ) ;
#6468 = CARTESIAN_POINT ( 'NONE',  ( -13.48521836164364451, 24.99999999999998934, 575.0000000000000000 ) ) ;
#6469 = CARTESIAN_POINT ( 'NONE',  ( 3.473491383740019423, -3.128492574390381087, -0.000000000000000000 ) ) ;
#6470 = VECTOR ( 'NONE', #7061, 999.9999999999998863 ) ;
#6471 = EDGE_LOOP ( 'NONE', ( #3533, #756, #2770, #1525 ) ) ;
#6472 = PLANE ( 'NONE',  #1424 ) ;
#6473 = CARTESIAN_POINT ( 'NONE',  ( 53.54439746913610776, -3.833127453854696221, 479.0499999999999545 ) ) ;
#6474 = EDGE_CURVE ( 'NONE', #187, #4709, #4947, .T. ) ;
#6475 = CARTESIAN_POINT ( 'NONE',  ( -0.2846902912822524279, -16.00991544844572445, 575.0000000000000000 ) ) ;
#6476 = CARTESIAN_POINT ( 'NONE',  ( -24.67969327727804796, 12.50000000000000178, 268.0353421692523170 ) ) ;
#6477 = CARTESIAN_POINT ( 'NONE',  ( -3.858475975166894223, -2.357035085607076308, 0.000000000000000000 ) ) ;
#6478 = VECTOR ( 'NONE', #7106, 1000.000000000000000 ) ;
#6479 = CARTESIAN_POINT ( 'NONE',  ( 1.499260999905817293, -10.55609781639726563, 260.7928155965000769 ) ) ;
#6480 = CARTESIAN_POINT ( 'NONE',  ( -8.280491982039176690, 12.50000000000000355, 329.7818537362988423 ) ) ;
#6481 = ORIENTED_EDGE ( 'NONE', *, *, #912, .F. ) ;
#6482 = CARTESIAN_POINT ( 'NONE',  ( -12.16506185219846614, 4.997899582877721514, 0.000000000000000000 ) ) ;
#6483 = CARTESIAN_POINT ( 'NONE',  ( 178.8411734082128817, -0.2358130165588102900, 480.0000000000004547 ) ) ;
#6484 = CARTESIAN_POINT ( 'NONE',  ( -15.72356699918228351, -12.49999999999999822, 263.7295537366785538 ) ) ;
#6485 = CIRCLE ( 'NONE', #4406, 1.400000000000012346 ) ;
#6486 = CARTESIAN_POINT ( 'NONE',  ( 54.31722890837494333, 13.01377561557275797, 0.000000000000000000 ) ) ;
#6487 = CARTESIAN_POINT ( 'NONE',  ( 40.92950548548049028, -7.000000000000000000, 571.0000000000000000 ) ) ;
#6488 = CARTESIAN_POINT ( 'NONE',  ( 61.80486844985845352, -16.00000000000000000, 549.9999999999998863 ) ) ;
#6489 = CARTESIAN_POINT ( 'NONE',  ( -0.9013971479588530622, 12.50000000000000178, 257.3165695183393495 ) ) ;
#6490 = CARTESIAN_POINT ( 'NONE',  ( 0.7199518030991775008, 12.50000000000444800, 255.2368619161410379 ) ) ;
#6491 = ORIENTED_EDGE ( 'NONE', *, *, #3302, .F. ) ;
#6492 = ORIENTED_EDGE ( 'NONE', *, *, #7413, .T. ) ;
#6493 = CARTESIAN_POINT ( 'NONE',  ( -16.93043864355465544, -12.49999999999983480, 326.1089084102459879 ) ) ;
#6494 = DIRECTION ( 'NONE',  ( -1.000000000000000000, 0.000000000000000000, 0.000000000000000000 ) ) ;
#6495 = CARTESIAN_POINT ( 'NONE',  ( -12.33332321899002437, 5.801817369703810456, 480.0000000000004547 ) ) ;
#6496 = LINE ( 'NONE', #1271, #4942 ) ;
#6497 = EDGE_CURVE ( 'NONE', #6357, #2978, #5518, .T. ) ;
#6498 = CARTESIAN_POINT ( 'NONE',  ( -13.37648619537510974, 4.740391056792880420, 245.0345558238623198 ) ) ;
#6499 = CARTESIAN_POINT ( 'NONE',  ( -7.481119363672136480, -1.596544616880138934, 344.9890799247833684 ) ) ;
#6500 = CARTESIAN_POINT ( 'NONE',  ( 14.79475419476403353, 12.07180145830477969, 479.9967410909206365 ) ) ;
#6501 = ORIENTED_EDGE ( 'NONE', *, *, #7857, .T. ) ;
#6502 = CARTESIAN_POINT ( 'NONE',  ( 57.56396988985712682, 13.27199742884554112, 479.9999999999999432 ) ) ;
#6503 = CARTESIAN_POINT ( 'NONE',  ( 167.4729181238039928, 1.904143190604902447, 0.000000000000000000 ) ) ;
#6504 = CARTESIAN_POINT ( 'NONE',  ( -12.99604894294836122, -12.49999999999999822, 323.6899563391472725 ) ) ;
#6505 = CARTESIAN_POINT ( 'NONE',  ( 175.0341868594698838, 0.5384311715328768955, 484.7999999999995566 ) ) ;
#6506 = FACE_OUTER_BOUND ( 'NONE', #5538, .T. ) ;
#6507 = CARTESIAN_POINT ( 'NONE',  ( -31.61130517643537274, 15.02297243411733341, 324.9999999999998295 ) ) ;
#6508 = CARTESIAN_POINT ( 'NONE',  ( -41.28578484716949504, -7.800544652873090179, 575.0000000000000000 ) ) ;
#6509 = CARTESIAN_POINT ( 'NONE',  ( 179.6393930653197515, -0.3771960394430751706, 479.9999999999998295 ) ) ;
#6510 = CARTESIAN_POINT ( 'NONE',  ( 141.3435129927467528, -0.8096804507680653851, -0.000000000000000000 ) ) ;
#6511 = CARTESIAN_POINT ( 'NONE',  ( 39.50000000000002132, -7.000000000000000000, 321.9999999999999432 ) ) ;
#6512 = CARTESIAN_POINT ( 'NONE',  ( 103.2676083542078516, -2.790202921447929807, 484.7999999999998977 ) ) ;
#6513 = VERTEX_POINT ( 'NONE', #945 ) ;
#6514 = DIRECTION ( 'NONE',  ( 1.000000000000000000, 0.000000000000000000, 0.000000000000000000 ) ) ;
#6515 = CARTESIAN_POINT ( 'NONE',  ( 0.2283251642450987162, -2.534178299438392123, 480.0002419666564606 ) ) ;
#6516 = DIRECTION ( 'NONE',  ( -1.000000000000000000, -0.000000000000000000, -0.000000000000000000 ) ) ;
#6517 = CARTESIAN_POINT ( 'NONE',  ( 142.8048684498582190, -16.00000000000000000, 549.9999999999998863 ) ) ;
#6518 = CARTESIAN_POINT ( 'NONE',  ( -14.42343258315682064, 0.3233294075358580932, 0.000000000000000000 ) ) ;
#6519 = CARTESIAN_POINT ( 'NONE',  ( 5.388231418552349439, 30.90906872491446933, 324.9999999999998863 ) ) ;
#6520 = CARTESIAN_POINT ( 'NONE',  ( -13.14125475942876520, 12.50000000000149392, 330.0509234287235358 ) ) ;
#6521 = ORIENTED_EDGE ( 'NONE', *, *, #2321, .F. ) ;
#6522 = CARTESIAN_POINT ( 'NONE',  ( -16.12105712665058732, 2.776075199643781133, 479.9999999999994316 ) ) ;
#6523 = CARTESIAN_POINT ( 'NONE',  ( 178.1420953892677801, -0.2301785128327880070, 479.0499999999968281 ) ) ;
#6524 = EDGE_CURVE ( 'NONE', #2491, #1257, #3576, .T. ) ;
#6525 = CARTESIAN_POINT ( 'NONE',  ( -28.50733444125866356, -8.093765143783272720, 264.5978872059612286 ) ) ;
#6526 = CARTESIAN_POINT ( 'NONE',  ( 5.897452283066846768, -3.152835978831293851, 244.9867310728787118 ) ) ;
#6527 = CARTESIAN_POINT ( 'NONE',  ( 199.5652655127899493, 1.361259802224432880, 549.9999999999998863 ) ) ;
#6528 = CARTESIAN_POINT ( 'NONE',  ( -15.96457637879978009, 2.460770334975276974, 345.0417933561900554 ) ) ;
#6529 = CARTESIAN_POINT ( 'NONE',  ( 1.337133764547210113, -10.74386969984630014, 260.9566322063618600 ) ) ;
#6530 = VERTEX_POINT ( 'NONE', #6333 ) ;
#6531 = VERTEX_POINT ( 'NONE', #1665 ) ;
#6532 = CARTESIAN_POINT ( 'NONE',  ( -18.93389122054263396, -12.49999999999999645, 322.5430175963637112 ) ) ;
#6533 = EDGE_CURVE ( 'NONE', #2822, #3127, #1627, .T. ) ;
#6534 = CIRCLE ( 'NONE', #2251, 1.400000000000012346 ) ;
#6535 = DIRECTION ( 'NONE',  ( 0.000000000000000000, 0.000000000000000000, 1.000000000000000000 ) ) ;
#6536 = CARTESIAN_POINT ( 'NONE',  ( -15.45539092237115320, 3.627542445908428448, 484.7999999999996135 ) ) ;
#6537 = DIRECTION ( 'NONE',  ( 0.000000000000000000, 0.000000000000000000, 1.000000000000000000 ) ) ;
#6538 = CARTESIAN_POINT ( 'NONE',  ( -35.29326705959000066, 6.852246635543732367, 264.9999999999997726 ) ) ;
#6539 = CARTESIAN_POINT ( 'NONE',  ( 7.029251572345142307, -23.20391159653500779, 324.9999999999999432 ) ) ;
#6540 = CARTESIAN_POINT ( 'NONE',  ( 39.06565502813528212, 13.41784000430677537, 479.9988990848468688 ) ) ;
#6541 = EDGE_LOOP ( 'NONE', ( #2027, #4073, #8307, #3031 ) ) ;
#6542 = CARTESIAN_POINT ( 'NONE',  ( 13.16642309390932830, 11.92611820294429847, 484.7999999999996703 ) ) ;
#6543 = CARTESIAN_POINT ( 'NONE',  ( 177.4599232431833968, 0.03236207826238278462, 484.7999999999996135 ) ) ;
#6544 = CLOSED_SHELL ( 'NONE', ( #8129, #6, #3226, #2087, #6647, #2961, #7886, #7108, #3556, #136, #7627, #4473, #8496, #7616, #6836, #5250, #5894, #771, #5913, #6650, #7917, #6997, #5211, #5516, #3640, #8472, #4664, #3292, #2281, #7488, #3277, #4998, #3688, #4359, #1873, #7497, #3046, #2748, #7871, #1383, #1729, #8168, #1117, #127, #7693, #3670, #2434, #622, #8422, #5018, #3866, #3014, #510, #1781, #5677, #4398, #2382, #7662, #405, #8249, #1432, #488, #2645, #4484, #3912, #4818, #8040, #5080, #6867, #4580, #2137, #4430, #5367, #4728, #5085, #4225, #1233, #8148, #517, #3922, #7044, #1567, #3769, #4695, #5648, #5443, #668, #6259, #7444, #4286, #5720, #3551, #5963, #2566, #894, #65, #6394, #4205, #5116, #6122, #5631, #6968, #7365, #2295, #3144, #5073, #3917, #2373, #2487, #8010, #3004, #725, #1824, #3454, #5972, #8135, #7713, #4380, #6252, #3748, #7777, #1409, #5621, #7754, #1272, #6885, #276, #4015, #7525, #256, #4321, #483 ) ) ;
#6545 = CARTESIAN_POINT ( 'NONE',  ( -9.066722333632966979, -12.50000000000000000, 324.2346069361711898 ) ) ;
#6546 = CARTESIAN_POINT ( 'NONE',  ( 179.1289439517056792, -0.2897900515761177576, 480.0000000000003411 ) ) ;
#6547 = DIRECTION ( 'NONE',  ( 0.8944271909999120806, -0.4472135954999655327, -0.000000000000000000 ) ) ;
#6548 = CARTESIAN_POINT ( 'NONE',  ( -14.62617762112561337, 3.987950920765239715, 324.9999999999820375 ) ) ;
#6549 = CARTESIAN_POINT ( 'NONE',  ( -10.98016963992923323, 6.467855843506201907, 479.9999999999996589 ) ) ;
#6550 = CARTESIAN_POINT ( 'NONE',  ( 179.6498966909412616, -0.3902478993981575717, 484.7999999999991019 ) ) ;
#6551 = VECTOR ( 'NONE', #3354, 1000.000000000000000 ) ;
#6552 = CARTESIAN_POINT ( 'NONE',  ( 171.4333090185117499, -0.07467006253006959471, 480.0000000000001705 ) ) ;
#6553 = CARTESIAN_POINT ( 'NONE',  ( 174.4005041732535517, 0.6629576728625324877, 434.0000000000001137 ) ) ;
#6554 = CARTESIAN_POINT ( 'NONE',  ( 91.43983822534151784, -3.329680300746034494, 479.9999999999999432 ) ) ;
#6555 = CARTESIAN_POINT ( 'NONE',  ( 0.7556390795296343832, 12.21720831606052471, 254.8601344277199416 ) ) ;
#6556 = CARTESIAN_POINT ( 'NONE',  ( -59.00000000000000000, 12.50000000000000178, 319.9999999999998863 ) ) ;
#6557 = CARTESIAN_POINT ( 'NONE',  ( -49.99999999999999289, -6.999999999999986677, 296.3999999999999773 ) ) ;
#6558 = CARTESIAN_POINT ( 'NONE',  ( 0.7530131646568056780, 12.21939366731318977, 268.3328905971669087 ) ) ;
#6559 = CARTESIAN_POINT ( 'NONE',  ( -13.05291568992309337, -0.1873067627558402115, 484.7999999999998977 ) ) ;
#6560 = CARTESIAN_POINT ( 'NONE',  ( -0.8984485786026525922, 12.50000000000000178, 268.3333339386849730 ) ) ;
#6561 = CARTESIAN_POINT ( 'NONE',  ( -8.795781448600511254, 11.30453243808819863, 333.1009113201751006 ) ) ;
#6562 = ORIENTED_EDGE ( 'NONE', *, *, #8308, .F. ) ;
#6563 = CARTESIAN_POINT ( 'NONE',  ( -16.27800144591676101, 2.482195040433127442, 484.8000000000005798 ) ) ;
#6564 = CARTESIAN_POINT ( 'NONE',  ( 178.7131343012917455, -0.2113510962792193304, 479.9999999999985789 ) ) ;
#6565 = B_SPLINE_CURVE_WITH_KNOTS ( 'NONE', 3,
 ( #45, #2676, #1333, #3974, #8493, #7293, #7331, #5830, #7974, #2065, #4576, #7209, #4701, #1375, #777, #694, #1937, #5220, #4, #8452, #7849, #1295, #4531, #3934, #2548, #654, #3278, #5181, #7805, #5910, #2631, #5266, #5953, #7540, #2884, #298, #817, #3445, #5479, #2803, #6039 ),
 .UNSPECIFIED., .F., .F.,
 ( 4, 1, 1, 1, 2, 2, 1, 1, 1, 2, 2, 1, 1, 1, 1, 1, 2, 2, 1, 1, 1, 1, 1, 1, 2, 2, 1, 1, 1, 1, 4 ),
 ( 0.4222423966442839793, 0.4301897016194707879, 0.4341633541070620828, 0.4361501803508577302, 0.4371435934727555539, 0.4381370065946533776, 0.4540316165450128394, 0.4619789215201925425, 0.4659525740077810063, 0.4679394002515752105, 0.4689328133734708692, 0.4699262264953665835, 0.4858208364457068384, 0.4937681414208801023, 0.4977417939084682885, 0.4997286201522611604, 0.4999769734327345061, 0.5002253267132078518, 0.5007220332741627589, 0.5017154463960725730, 0.5176100563466858873, 0.5493992762479065206, 0.6129777160503475653, 0.6209250210256542779, 0.6248986735133076342, 0.6253953800742625413, 0.6258920866352174484, 0.6268854997571319254, 0.6288723260009652094, 0.6447669359516319254, 0.6765561558529695763 ),
 .UNSPECIFIED. ) ;
#6566 = CARTESIAN_POINT ( 'NONE',  ( -1.013235134019377703, -2.550568822655095325, 244.9873436703701373 ) ) ;
#6567 = FACE_OUTER_BOUND ( 'NONE', #512, .T. ) ;
#6568 = EDGE_CURVE ( 'NONE', #7395, #562, #6178, .T. ) ;
#6569 = DIRECTION ( 'NONE',  ( 0.000000000000000000, 1.000000000000000000, -0.000000000000000000 ) ) ;
#6570 = CARTESIAN_POINT ( 'NONE',  ( 73.88557397452429143, -3.867115187884385907, 319.0000000000001137 ) ) ;
#6571 = CARTESIAN_POINT ( 'NONE',  ( 3.700711253864387817, -2.829880332028815282, 480.0000000000000000 ) ) ;
#6572 = VERTEX_POINT ( 'NONE', #7655 ) ;
#6573 = ORIENTED_EDGE ( 'NONE', *, *, #4900, .F. ) ;
#6574 = CARTESIAN_POINT ( 'NONE',  ( -10.55972151062418973, -10.19469483806790322, 328.2880587354317186 ) ) ;
#6575 = B_SPLINE_CURVE_WITH_KNOTS ( 'NONE', 3,
 ( #5464, #7448, #1190, #7822, #3728, #7142, #5113, #3171, #7687, #6363, #8471, #7780, #7056, #6410, #8427, #6454, #5025, #8291, #5804, #4508, #5156, #2522, #5717, #1232, #4419, #448, #3080, #6540, #1823, #1147, #8336, #5847, #7102, #2480, #1909, #2433, #3820, #3865, #1867, #6500, #5066, #4551 ),
 .UNSPECIFIED., .F., .F.,
 ( 4, 2, 2, 2, 2, 2, 2, 2, 2, 2, 2, 2, 2, 2, 2, 2, 2, 2, 2, 2, 4 ),
 ( 3.367481681713556694E-16, 0.004863013721522514710, 0.009726027443044692883, 0.01945205488608904923, 0.03890410977217768906, 0.05835616465826636706, 0.07780821954435503118, 0.08753424698739936671, 0.09239726070892152754, 0.09726027443044368836, 0.1069863018734880655, 0.1118493155950102541, 0.1167123293165324566, 0.1264383567595768476, 0.1361643842026212525, 0.1410273979241434272, 0.1458904116456656297, 0.1483219185064267309, 0.1507534253671878599, 0.1531849322279489611, 0.1556164390887100624 ),
 .UNSPECIFIED. ) ;
#6576 = CARTESIAN_POINT ( 'NONE',  ( 179.4444620269499637, -0.3554770076673071655, 180.0000000000000853 ) ) ;
#6577 = CARTESIAN_POINT ( 'NONE',  ( -14.03377766889005152, 4.809137969414130076, 484.8000000000001819 ) ) ;
#6578 = LINE ( 'NONE', #99, #2732 ) ;
#6579 = CARTESIAN_POINT ( 'NONE',  ( -15.82076302909055876, 2.237685095233399313, 245.0396916174374269 ) ) ;
#6580 = CARTESIAN_POINT ( 'NONE',  ( -5.435038193576721355, -1.926069124743662542, 344.9883401975445167 ) ) ;
#6581 = CARTESIAN_POINT ( 'NONE',  ( -2.689043035858918351, -2.301105643036614801, 344.9876051469408935 ) ) ;
#6582 = EDGE_CURVE ( 'NONE', #6572, #5818, #4302, .T. ) ;
#6583 = ORIENTED_EDGE ( 'NONE', *, *, #3832, .T. ) ;
#6584 = CARTESIAN_POINT ( 'NONE',  ( -10.42854821249937025, 5.887020324426982754, 0.000000000000000000 ) ) ;
#6585 = CARTESIAN_POINT ( 'NONE',  ( 178.5058532011818784, -0.1818291523457959413, 479.9999999999998863 ) ) ;
#6586 = PLANE ( 'NONE',  #126 ) ;
#6587 = CARTESIAN_POINT ( 'NONE',  ( 179.6228673654615591, -0.3737301795846849628, 0.000000000000000000 ) ) ;
#6588 = DIRECTION ( 'NONE',  ( -1.000000000000000000, -0.000000000000000000, -0.000000000000000000 ) ) ;
#6589 = CARTESIAN_POINT ( 'NONE',  ( -15.80584622847545972, 2.745999210384125977, 345.0406907544984847 ) ) ;
#6590 = CARTESIAN_POINT ( 'NONE',  ( -16.07972036447841191, 2.403599061727377695, 479.0500000000000682 ) ) ;
#6591 = CARTESIAN_POINT ( 'NONE',  ( 179.6595967840942194, -0.3900951690642417979, 480.0000000000006821 ) ) ;
#6592 = CARTESIAN_POINT ( 'NONE',  ( 137.9687806899312932, -0.8721355144475640975, 479.9999999999998863 ) ) ;
#6593 = CARTESIAN_POINT ( 'NONE',  ( -10.13727579788356437, 24.99999999999997868, 575.0000000000000000 ) ) ;
#6594 = CARTESIAN_POINT ( 'NONE',  ( 61.85378191179223251, -3.984145287076783060, 484.7999999999991587 ) ) ;
#6595 = AXIS2_PLACEMENT_3D ( 'NONE', #4080, #5331, #4644 ) ;
#6596 = DIRECTION ( 'NONE',  ( 1.000000000000000000, 0.000000000000000000, 0.000000000000000000 ) ) ;
#6597 = AXIS2_PLACEMENT_3D ( 'NONE', #174, #6872, #3587 ) ;
#6598 = CARTESIAN_POINT ( 'NONE',  ( -14.99999999999995737, -25.00000000000000711, 575.0000000000000000 ) ) ;
#6599 = DIRECTION ( 'NONE',  ( -0.000000000000000000, -0.000000000000000000, 1.000000000000000000 ) ) ;
#6600 = CARTESIAN_POINT ( 'NONE',  ( 50.00000000000000000, 3.000000000000000000, 303.9999999999998863 ) ) ;
#6601 = CARTESIAN_POINT ( 'NONE',  ( -7.977044268494115187, -1.438745490694056439, 479.9999999999993747 ) ) ;
#6602 = DIRECTION ( 'NONE',  ( 0.000000000000000000, 0.000000000000000000, 1.000000000000000000 ) ) ;
#6603 = CARTESIAN_POINT ( 'NONE',  ( 62.00000000000000711, 7.999999999999991118, 0.000000000000000000 ) ) ;
#6604 = ORIENTED_EDGE ( 'NONE', *, *, #2452, .F. ) ;
#6605 = EDGE_CURVE ( 'NONE', #7118, #1418, #2788, .T. ) ;
#6606 = LINE ( 'NONE', #4619, #1585 ) ;
#6607 = CARTESIAN_POINT ( 'NONE',  ( 178.6686785359678709, -0.2027709843504875709, 480.0000000000001137 ) ) ;
#6608 = EDGE_CURVE ( 'NONE', #2383, #7815, #3005, .T. ) ;
#6609 = DIRECTION ( 'NONE',  ( 1.110223024625157487E-14, 0.000000000000000000, 1.000000000000000000 ) ) ;
#6610 = DIRECTION ( 'NONE',  ( -0.9999978156812958652, 0.000000000000000000, -0.002090127421253744778 ) ) ;
#6611 = CARTESIAN_POINT ( 'NONE',  ( 210.4667835735343715, 8.373426858827528463, 575.0000000000000000 ) ) ;
#6612 = DIRECTION ( 'NONE',  ( -1.000000000000000000, 0.000000000000000000, 0.000000000000000000 ) ) ;
#6613 = CARTESIAN_POINT ( 'NONE',  ( 2.904641823089879615, 10.38752390794356550, 480.0000009416988860 ) ) ;
#6614 = ORIENTED_EDGE ( 'NONE', *, *, #1399, .T. ) ;
#6615 = EDGE_CURVE ( 'NONE', #6145, #5551, #3048, .T. ) ;
#6616 = ORIENTED_EDGE ( 'NONE', *, *, #4919, .F. ) ;
#6617 = CARTESIAN_POINT ( 'NONE',  ( 0.4768326469459798211, -12.49999999999999822, 325.1228324653029631 ) ) ;
#6618 = VECTOR ( 'NONE', #5502, 1000.000000000000000 ) ;
#6619 = CARTESIAN_POINT ( 'NONE',  ( 4.766242131346242417, -7.560765547649723750, 257.6215119356455148 ) ) ;
#6620 = EDGE_CURVE ( 'NONE', #2084, #4541, #7699, .T. ) ;
#6621 = CARTESIAN_POINT ( 'NONE',  ( 56.00000000000000000, 0.9999999999999922284, 575.1521839940262453 ) ) ;
#6622 = CARTESIAN_POINT ( 'NONE',  ( -15.60493050760854672, 2.759562755189008953, 264.9999999999817533 ) ) ;
#6623 = CARTESIAN_POINT ( 'NONE',  ( -7.724562256046555220, -1.553671395273102274, 344.9891958324327561 ) ) ;
#6624 = CARTESIAN_POINT ( 'NONE',  ( -15.88601463676907954, 1.442486813614322738, 345.0218282494075765 ) ) ;
#6625 = VERTEX_POINT ( 'NONE', #1068 ) ;
#6626 = VERTEX_POINT ( 'NONE', #2401 ) ;
#6627 = CARTESIAN_POINT ( 'NONE',  ( -12.72381554052461361, 4.664734990606904219, 0.000000000000000000 ) ) ;
#6628 = VERTEX_POINT ( 'NONE', #2315 ) ;
#6629 = CARTESIAN_POINT ( 'NONE',  ( 146.1625916456029017, 5.181520537617123168, 480.0000000000005684 ) ) ;
#6630 = CARTESIAN_POINT ( 'NONE',  ( 114.3284479577778399, -2.170101726614956039, 480.0006595660225912 ) ) ;
#6631 = CARTESIAN_POINT ( 'NONE',  ( 179.4132874551425800, -0.3372767208028413788, 0.000000000000000000 ) ) ;
#6632 = EDGE_CURVE ( 'NONE', #2782, #2084, #7712, .T. ) ;
#6633 = CARTESIAN_POINT ( 'NONE',  ( 3.278752439849013989, 9.877156664669229258, 0.000000000000000000 ) ) ;
#6634 = CARTESIAN_POINT ( 'NONE',  ( -15.40446950293780048, 3.209858616605516524, 324.9999999999910187 ) ) ;
#6635 = CARTESIAN_POINT ( 'NONE',  ( -39.06564014614764346, 9.288195447858525355, 574.9999999999998863 ) ) ;
#6636 = CARTESIAN_POINT ( 'NONE',  ( 179.6741962889418858, -0.3897590349911759788, 0.000000000000000000 ) ) ;
#6637 = CARTESIAN_POINT ( 'NONE',  ( 122.8790918552931686, -1.676979508180784340, 480.0000000000000000 ) ) ;
#6638 = CARTESIAN_POINT ( 'NONE',  ( 141.3491688022275525, 5.831693458447837486, 434.0000000000000568 ) ) ;
#6639 = CARTESIAN_POINT ( 'NONE',  ( 122.8822390496891046, -1.675450117173495013, 484.8000000000000114 ) ) ;
#6640 = EDGE_CURVE ( 'NONE', #4428, #3372, #985, .T. ) ;
#6641 = FACE_OUTER_BOUND ( 'NONE', #8109, .T. ) ;
#6642 = CARTESIAN_POINT ( 'NONE',  ( -0.8823036544396307690, 12.50000000000000178, 328.2628808097957744 ) ) ;
#6643 = DIRECTION ( 'NONE',  ( 0.000000000000000000, 0.000000000000000000, 1.000000000000000000 ) ) ;
#6644 = CARTESIAN_POINT ( 'NONE',  ( 38.17799096969362438, -4.044939271942894266, 479.9999999999995453 ) ) ;
#6645 = CARTESIAN_POINT ( 'NONE',  ( 1.187240444994699828, 12.50000000000000178, 333.7669025079876519 ) ) ;
#6646 = ORIENTED_EDGE ( 'NONE', *, *, #3517, .F. ) ;
#6647 = ADVANCED_FACE ( 'NONE', ( #5602 ), #1705, .F. ) ;
#6648 = LINE ( 'NONE', #3363, #3241 ) ;
#6649 = CARTESIAN_POINT ( 'NONE',  ( 178.6813619144558061, -0.2052230551119449131, 480.0000000000006821 ) ) ;
#6650 = ADVANCED_FACE ( 'NONE', ( #1744 ), #6904, .T. ) ;
#6651 = LINE ( 'NONE', #4016, #4571 ) ;
#6652 = CARTESIAN_POINT ( 'NONE',  ( 13.84379823945027788, -3.844386316814865534, 341.4266058415032603 ) ) ;
#6653 = CIRCLE ( 'NONE', #2927, 5.000000000000000000 ) ;
#6654 = FACE_BOUND ( 'NONE', #6411, .T. ) ;
#6655 = CARTESIAN_POINT ( 'NONE',  ( 2.609736899717690406, 14.22106106644589474, 549.9999999999998863 ) ) ;
#6656 = CIRCLE ( 'NONE', #1143, 2.000000000000006217 ) ;
#6657 = CARTESIAN_POINT ( 'NONE',  ( 45.00000000000000711, 3.000000000000000000, 318.9999999999999432 ) ) ;
#6658 = ORIENTED_EDGE ( 'NONE', *, *, #4649, .T. ) ;
#6659 = VERTEX_POINT ( 'NONE', #239 ) ;
#6660 = CARTESIAN_POINT ( 'NONE',  ( 148.7867217682601222, -0.4171275742737102776, 479.9999999999994316 ) ) ;
#6661 = EDGE_CURVE ( 'NONE', #944, #1483, #763, .T. ) ;
#6662 = CARTESIAN_POINT ( 'NONE',  ( 11.72556397899447234, -4.304082999095153461, 250.6554650407749136 ) ) ;
#6663 = CYLINDRICAL_SURFACE ( 'NONE', #4189, 1.000000000000000888 ) ;
#6664 = CARTESIAN_POINT ( 'NONE',  ( -34.74987829010061091, 8.724502865709718336, 264.9999999999999432 ) ) ;
#6665 = CARTESIAN_POINT ( 'NONE',  ( 169.0000000000000000, 14.22106106644589474, 575.0000000000000000 ) ) ;
#6666 = CARTESIAN_POINT ( 'NONE',  ( -35.49380899210381557, 6.876410357329337586, 324.9999999999997158 ) ) ;
#6667 = ORIENTED_EDGE ( 'NONE', *, *, #2532, .T. ) ;
#6668 = ORIENTED_EDGE ( 'NONE', *, *, #1507, .F. ) ;
#6669 = CARTESIAN_POINT ( 'NONE',  ( -15.32538296431460978, 2.250537882075580143, 0.000000000000000000 ) ) ;
#6670 = VECTOR ( 'NONE', #5902, 1000.000000000000000 ) ;
#6671 = VERTEX_POINT ( 'NONE', #8045 ) ;
#6672 = CARTESIAN_POINT ( 'NONE',  ( 107.1140591042983345, 9.923781088357626956, 484.7999999999995566 ) ) ;
#6673 = CARTESIAN_POINT ( 'NONE',  ( -0.9020700075643446336, 12.50000000000000178, 254.7997409726649494 ) ) ;
#6674 = CARTESIAN_POINT ( 'NONE',  ( 75.28089048217225354, 12.50959537089430995, 484.7999999999996703 ) ) ;
#6675 = AXIS2_PLACEMENT_3D ( 'NONE', #6086, #2109, #3537 ) ;
#6676 = B_SPLINE_CURVE_WITH_KNOTS ( 'NONE', 3,
 ( #2148, #1592, #5391, #4836 ),
 .UNSPECIFIED., .F., .F.,
 ( 4, 4 ),
 ( 0.000000000000000000, 0.007500000923330367615 ),
 .UNSPECIFIED. ) ;
#6677 = CARTESIAN_POINT ( 'NONE',  ( -49.99999999999999289, 6.999999999999988454, 294.9999999999999432 ) ) ;
#6678 = CARTESIAN_POINT ( 'NONE',  ( -29.07533796754128375, 17.91530021949571960, 324.9999999999998863 ) ) ;
#6679 = CARTESIAN_POINT ( 'NONE',  ( -16.02017245310238280, -24.33395704019165251, 575.0000000000000000 ) ) ;
#6680 = CARTESIAN_POINT ( 'NONE',  ( 178.6601633332413144, -0.2120399841106799521, 0.000000000000000000 ) ) ;
#6681 = CIRCLE ( 'NONE', #3778, 3.149999999999999911 ) ;
#6682 = CARTESIAN_POINT ( 'NONE',  ( 178.0433737673311043, -0.2676713635454329721, 484.8000000000003524 ) ) ;
#6683 = CARTESIAN_POINT ( 'NONE',  ( 72.05250186287014458, -3.901707972057607776, 322.0000000000000000 ) ) ;
#6684 = CARTESIAN_POINT ( 'NONE',  ( 178.3726171505934417, -0.1507396460314145148, 479.9999999999998863 ) ) ;
#6685 = CARTESIAN_POINT ( 'NONE',  ( 97.35568396565297178, -3.082505916702197091, 484.7999999999997840 ) ) ;
#6686 = CARTESIAN_POINT ( 'NONE',  ( -21.78892407604821102, -12.49999999999999822, 268.1659651791214287 ) ) ;
#6687 = CARTESIAN_POINT ( 'NONE',  ( 142.7343217400244555, -0.7469070152330069545, 0.000000000000000000 ) ) ;
#6688 = CARTESIAN_POINT ( 'NONE',  ( 45.00000000000000711, -7.000000000000000000, 303.9999999999998863 ) ) ;
#6689 = DIRECTION ( 'NONE',  ( 1.000000000000000000, 0.000000000000000000, 0.000000000000000000 ) ) ;
#6690 = CARTESIAN_POINT ( 'NONE',  ( 20.80862673098597071, -4.032766398263228247, 0.000000000000000000 ) ) ;
#6691 = CARTESIAN_POINT ( 'NONE',  ( -7.977044268494115187, -1.438745490694056439, 479.9999999999993747 ) ) ;
#6692 = ORIENTED_EDGE ( 'NONE', *, *, #3312, .T. ) ;
#6693 = FACE_OUTER_BOUND ( 'NONE', #6965, .T. ) ;
#6694 = CARTESIAN_POINT ( 'NONE',  ( 177.0914772600661991, -0.02367653466169463219, 479.0500000000000682 ) ) ;
#6695 = CARTESIAN_POINT ( 'NONE',  ( 137.4672068873614990, -0.9575008806662285155, 209.5769555754878866 ) ) ;
#6696 = CARTESIAN_POINT ( 'NONE',  ( 15.58923185366933950, -3.688263056128080475, 343.2021804961486851 ) ) ;
#6697 = CARTESIAN_POINT ( 'NONE',  ( -9.711275857285816215, 6.797670690760113210, 345.0300480129388916 ) ) ;
#6698 = DIRECTION ( 'NONE',  ( 0.000000000000000000, 0.000000000000000000, 1.000000000000000000 ) ) ;
#6699 = CARTESIAN_POINT ( 'NONE',  ( -59.00000000000000000, 12.50000000000000178, 265.9999999999998863 ) ) ;
#6700 = ORIENTED_EDGE ( 'NONE', *, *, #5811, .T. ) ;
#6701 = VERTEX_POINT ( 'NONE', #4083 ) ;
#6702 = CARTESIAN_POINT ( 'NONE',  ( 145.7037673792372914, -0.3167641579764019499, 479.0500000000004093 ) ) ;
#6703 = CARTESIAN_POINT ( 'NONE',  ( 179.2466366550663963, -0.3112576008297227026, 434.0000000000001137 ) ) ;
#6704 = CARTESIAN_POINT ( 'NONE',  ( -14.92689490566556998, 25.04772833579216140, 575.0000000000000000 ) ) ;
#6705 = CARTESIAN_POINT ( 'NONE',  ( -15.87086284488912646, 1.966997337544269309, 245.0367782042264935 ) ) ;
#6706 = DIRECTION ( 'NONE',  ( 0.000000000000000000, 0.000000000000000000, -1.000000000000000000 ) ) ;
#6707 = B_SPLINE_CURVE_WITH_KNOTS ( 'NONE', 3,
 ( #369, #7456, #8184, #6903, #1662, #3001, #8095, #205, #8139, #3692, #1583, #983, #247, #6251, #3574, #7493, #2878, #2230, #4873, #4300, #4828, #6210, #4956, #6859, #1023 ),
 .UNSPECIFIED., .F., .F.,
 ( 4, 2, 2, 2, 2, 2, 2, 2, 2, 1, 2, 2, 4 ),
 ( 1.388456241783856658E-17, 0.003905749788749585203, 0.005858624683124381491, 0.007811499577499179080, 0.01171724936624877166, 0.01367012426062356664, 0.01562299915499835816, 0.01952874894374782497, 0.02148162383812262169, 0.02343449873249741841, 0.02538737362687221166, 0.02734024852124701185, 0.03124599830999660530 ),
 .UNSPECIFIED. ) ;
#6708 = CARTESIAN_POINT ( 'NONE',  ( 0.7556390795296343832, 12.21720831606052471, 254.8601344277199416 ) ) ;
#6709 = ORIENTED_EDGE ( 'NONE', *, *, #2679, .F. ) ;
#6710 = ORIENTED_EDGE ( 'NONE', *, *, #3818, .F. ) ;
#6711 = CARTESIAN_POINT ( 'NONE',  ( -14.51519264719298796, 3.267015248922876758, 0.000000000000000000 ) ) ;
#6712 = VERTEX_POINT ( 'NONE', #6719 ) ;
#6713 = CARTESIAN_POINT ( 'NONE',  ( 100.0568627815427618, 10.59107914445232979, 480.0000000000000568 ) ) ;
#6714 = CARTESIAN_POINT ( 'NONE',  ( 61.00000000000000711, 7.999999999999991118, 4.000000000000000000 ) ) ;
#6715 = CARTESIAN_POINT ( 'NONE',  ( 164.4334778982721161, 2.431283892673586688, 479.9999999999992610 ) ) ;
#6716 = CARTESIAN_POINT ( 'NONE',  ( -15.43967628065995612, 1.947080244569249663, 0.000000000000000000 ) ) ;
#6717 = CARTESIAN_POINT ( 'NONE',  ( -16.02563885826265988, 1.761365363006403673, 345.0325180475805951 ) ) ;
#6718 = EDGE_CURVE ( 'NONE', #4458, #8502, #5765, .T. ) ;
#6719 = CARTESIAN_POINT ( 'NONE',  ( 185.0000000000000000, 25.00000000000001421, 575.0000000000000000 ) ) ;
#6720 = CARTESIAN_POINT ( 'NONE',  ( 179.1773778499615730, -0.2975674382804276430, 484.8000000000003524 ) ) ;
#6721 = CARTESIAN_POINT ( 'NONE',  ( 179.1136819242181843, -0.3484173097124478313, 0.000000000000000000 ) ) ;
#6722 = CARTESIAN_POINT ( 'NONE',  ( 40.92950548548041922, -12.00000000000000000, 336.9999999999998863 ) ) ;
#6723 = VECTOR ( 'NONE', #3015, 1000.000000000000000 ) ;
#6724 = CARTESIAN_POINT ( 'NONE',  ( 68.49999999999998579, 3.000000000000000000, 318.9999999999999432 ) ) ;
#6725 = CARTESIAN_POINT ( 'NONE',  ( 178.1280467043445981, -0.2765543340730498012, 0.000000000000000000 ) ) ;
#6726 = CARTESIAN_POINT ( 'NONE',  ( -29.72698777303781270, 7.978371293209644222, 325.6658385155719202 ) ) ;
#6727 = CARTESIAN_POINT ( 'NONE',  ( 125.7013709921760096, -1.644212870866315734, 0.000000000000000000 ) ) ;
#6728 = CARTESIAN_POINT ( 'NONE',  ( -0.8827455090738313137, 12.50000000000000178, 326.6314404049248878 ) ) ;
#6729 = DIRECTION ( 'NONE',  ( 0.000000000000000000, 0.000000000000000000, -1.000000000000000000 ) ) ;
#6730 = CARTESIAN_POINT ( 'NONE',  ( 30.37738945242669431, -4.243994551180683139, 0.000000000000000000 ) ) ;
#6731 = CARTESIAN_POINT ( 'NONE',  ( -5.146668690575086025, -2.173960104850762409, 0.000000000000000000 ) ) ;
#6732 = ORIENTED_EDGE ( 'NONE', *, *, #5810, .T. ) ;
#6733 = CARTESIAN_POINT ( 'NONE',  ( 157.3539108466422647, 25.00000000000001066, 575.0000000000000000 ) ) ;
#6734 = CARTESIAN_POINT ( 'NONE',  ( 177.0252251951551159, 0.1295706117894621645, 480.0000000000005684 ) ) ;
#6735 = VECTOR ( 'NONE', #7467, 999.9999999999998863 ) ;
#6736 = EDGE_CURVE ( 'NONE', #3372, #1156, #6767, .T. ) ;
#6737 = CARTESIAN_POINT ( 'NONE',  ( 137.4672068873614990, -0.9636549490623681491, 179.9999999999999716 ) ) ;
#6738 = CARTESIAN_POINT ( 'NONE',  ( 178.1611421107024285, -0.1170763553444151422, 180.0000000000000000 ) ) ;
#6739 = CARTESIAN_POINT ( 'NONE',  ( 34.35855691322172589, -4.073345787938765561, 338.2169600866251926 ) ) ;
#6740 = DIRECTION ( 'NONE',  ( -0.000000000000000000, -1.000000000000000000, -0.000000000000000000 ) ) ;
#6741 = CARTESIAN_POINT ( 'NONE',  ( 86.85000000000000853, 3.642033860375761822, 495.0000000000000000 ) ) ;
#6742 = ORIENTED_EDGE ( 'NONE', *, *, #3843, .T. ) ;
#6743 = ORIENTED_EDGE ( 'NONE', *, *, #7674, .F. ) ;
#6744 = CARTESIAN_POINT ( 'NONE',  ( 153.2729328402610633, -0.1628810874542427067, 479.0499999999999545 ) ) ;
#6745 = B_SPLINE_CURVE_WITH_KNOTS ( 'NONE', 3,
 ( #8296, #2394, #3086, #8340, #5597, #2438, #5070, #1783, #2000, #3300, #8476, #636, #7273, #4471, #5935, #4556, #4512, #5808, #2572, #6630, #6459, #550 ),
 .UNSPECIFIED., .F., .F.,
 ( 4, 2, 2, 2, 2, 2, 2, 2, 2, 2, 4 ),
 ( -0.01623272850040382784, 0.003795683006005315385, 0.01380988875920986098, 0.02382409451241441004, 0.02883119738901667242, 0.03383830026561893134, 0.03884540314222117985, 0.04385250601882344224, 0.04885960889542570462, 0.05386671177202796701, 0.06388091752523243627 ),
 .UNSPECIFIED. ) ;
#6746 = CARTESIAN_POINT ( 'NONE',  ( 103.7379580968664214, -2.952794380214587733, 0.000000000000000000 ) ) ;
#6747 = CARTESIAN_POINT ( 'NONE',  ( 9.883335888088259580, 11.33970709881218220, 345.0215620463154096 ) ) ;
#6748 = EDGE_CURVE ( 'NONE', #7261, #4923, #5883, .T. ) ;
#6749 = VECTOR ( 'NONE', #4526, 1000.000000000000000 ) ;
#6750 = CARTESIAN_POINT ( 'NONE',  ( -15.66663709124014758, 1.258693967387936485, 265.0000000000356408 ) ) ;
#6751 = LINE ( 'NONE', #3378, #4877 ) ;
#6752 = CARTESIAN_POINT ( 'NONE',  ( 179.6217601365554515, -0.3840612319073073433, 434.0000000000000568 ) ) ;
#6753 = VERTEX_POINT ( 'NONE', #8508 ) ;
#6754 = CARTESIAN_POINT ( 'NONE',  ( -29.60315227948645855, 7.966097717880992413, 264.3826812069118546 ) ) ;
#6755 = ORIENTED_EDGE ( 'NONE', *, *, #2187, .T. ) ;
#6756 = CARTESIAN_POINT ( 'NONE',  ( -6.890988369210660380, 8.003985392337185090, 480.0000000000001137 ) ) ;
#6757 = VECTOR ( 'NONE', #1685, 1000.000000000000000 ) ;
#6758 = ORIENTED_EDGE ( 'NONE', *, *, #1090, .F. ) ;
#6759 = CARTESIAN_POINT ( 'NONE',  ( 76.27866300872892680, 12.18815598381853427, 0.000000000000000000 ) ) ;
#6760 = CARTESIAN_POINT ( 'NONE',  ( -49.99999999999999289, -6.999999999999986677, 295.0000000000000000 ) ) ;
#6761 = CARTESIAN_POINT ( 'NONE',  ( 167.4729181238039928, 1.904143190604902447, 0.000000000000000000 ) ) ;
#6762 = EDGE_CURVE ( 'NONE', #5623, #4879, #7987, .T. ) ;
#6763 = CARTESIAN_POINT ( 'NONE',  ( -17.48923111978139033, 25.03974908680543621, 264.9999999999998863 ) ) ;
#6764 = VECTOR ( 'NONE', #1457, 1000.000000000000000 ) ;
#6765 = CARTESIAN_POINT ( 'NONE',  ( -34.32461854152933967, -6.361824675257661710, 324.9999999999999432 ) ) ;
#6766 = CARTESIAN_POINT ( 'NONE',  ( -15.23778011085909156, 0.7463671118173813568, 479.9968240285475076 ) ) ;
#6767 = LINE ( 'NONE', #849, #7960 ) ;
#6768 = CARTESIAN_POINT ( 'NONE',  ( 179.6140675042633745, -0.3885888517759009675, 0.000000000000000000 ) ) ;
#6769 = CARTESIAN_POINT ( 'NONE',  ( 179.1228250817308947, -0.3491956325188248500, 0.000000000000000000 ) ) ;
#6770 = CARTESIAN_POINT ( 'NONE',  ( -27.24103939192899659, 8.293979268156752127, 263.7089353178882334 ) ) ;
#6771 = LINE ( 'NONE', #6724, #7158 ) ;
#6772 = CARTESIAN_POINT ( 'NONE',  ( 177.6897787361052963, -0.2505316579683485867, 484.7999999999999545 ) ) ;
#6773 = CARTESIAN_POINT ( 'NONE',  ( -12.86787512739003425, -10.07948603510182117, 261.9343170974424311 ) ) ;
#6774 = PLANE ( 'NONE',  #7833 ) ;
#6775 = FACE_OUTER_BOUND ( 'NONE', #7579, .T. ) ;
#6776 = FACE_OUTER_BOUND ( 'NONE', #415, .T. ) ;
#6777 = CARTESIAN_POINT ( 'NONE',  ( 5.583813440983880660, -2.979454067321927635, 480.0000000000000000 ) ) ;
#6778 = CARTESIAN_POINT ( 'NONE',  ( -16.14865940509205444, 1.540778864864400743, 480.0000000000000568 ) ) ;
#6779 = EDGE_LOOP ( 'NONE', ( #2192, #3338, #4865, #559 ) ) ;
#6780 = LINE ( 'NONE', #4231, #5167 ) ;
#6781 = CARTESIAN_POINT ( 'NONE',  ( 211.7555851570400307, 7.380207977526243468, 574.9999999999995453 ) ) ;
#6782 = CARTESIAN_POINT ( 'NONE',  ( 178.4250651999156787, -0.1662733002750787503, 434.0000000000002274 ) ) ;
#6783 = CARTESIAN_POINT ( 'NONE',  ( 9.882074817888168994, 11.34018914531348798, 345.6215620119435812 ) ) ;
#6784 = CARTESIAN_POINT ( 'NONE',  ( 25.27794216675735228, -3.927888752120628713, 325.8745788856683703 ) ) ;
#6785 = CARTESIAN_POINT ( 'NONE',  ( -0.04799997839906364888, 12.50000000000000178, 324.9997739026509294 ) ) ;
#6786 = EDGE_CURVE ( 'NONE', #3127, #13, #6578, .T. ) ;
#6787 = CARTESIAN_POINT ( 'NONE',  ( 68.49999999999998579, -7.000000000000000000, 318.9999999999999432 ) ) ;
#6788 = ORIENTED_EDGE ( 'NONE', *, *, #2914, .F. ) ;
#6789 = ORIENTED_EDGE ( 'NONE', *, *, #3651, .T. ) ;
#6790 = CARTESIAN_POINT ( 'NONE',  ( 179.1140844411575586, -0.4337826416789603567, 479.0500000000037062 ) ) ;
#6791 = CARTESIAN_POINT ( 'NONE',  ( 56.00000000000000000, 0.9999999999999922284, 0.000000000000000000 ) ) ;
#6792 = CARTESIAN_POINT ( 'NONE',  ( 3.184127663558793842, 10.30700989811904833, 479.0499999999999545 ) ) ;
#6793 = CARTESIAN_POINT ( 'NONE',  ( -15.35238437783511856, 0.9292804989160190487, 264.9999999999819806 ) ) ;
#6794 = CARTESIAN_POINT ( 'NONE',  ( 15.56701581234721843, -3.615919357293868153, 344.9866922081413918 ) ) ;
#6795 = CARTESIAN_POINT ( 'NONE',  ( 2.609736899717694847, -14.22106106644589474, 549.9999999999998863 ) ) ;
#6796 = ORIENTED_EDGE ( 'NONE', *, *, #7236, .T. ) ;
#6797 = CARTESIAN_POINT ( 'NONE',  ( -25.42261303343684986, 8.606595763767465712, 263.0924322029156315 ) ) ;
#6798 = ORIENTED_EDGE ( 'NONE', *, *, #1922, .F. ) ;
#6799 = EDGE_CURVE ( 'NONE', #2824, #2256, #6496, .T. ) ;
#6800 = CARTESIAN_POINT ( 'NONE',  ( 63.80486844985845352, 18.00000000000000355, 549.9999999999998863 ) ) ;
#6801 = ORIENTED_EDGE ( 'NONE', *, *, #5761, .F. ) ;
#6802 = CARTESIAN_POINT ( 'NONE',  ( 152.2519909539199432, 4.305404074448874852, 484.7999999999994429 ) ) ;
#6803 = CARTESIAN_POINT ( 'NONE',  ( -0.04898220156937278108, 12.50000000005898393, 261.5995894056133011 ) ) ;
#6804 = CARTESIAN_POINT ( 'NONE',  ( 172.6133909172349092, 0.9961087861639728036, 0.000000000000000000 ) ) ;
#6805 = CARTESIAN_POINT ( 'NONE',  ( -12.03594043385972334, 27.01662196058989096, 264.9999999999999432 ) ) ;
#6806 = CARTESIAN_POINT ( 'NONE',  ( -35.96316620460296321, 4.363283330983345643, 324.9999999999998863 ) ) ;
#6807 = CARTESIAN_POINT ( 'NONE',  ( 154.3800986353487872, -25.00000000000000711, 575.0000000000003411 ) ) ;
#6808 = CARTESIAN_POINT ( 'NONE',  ( -36.95053544807673518, -10.66909001046279215, 575.0000000000000000 ) ) ;
#6809 = AXIS2_PLACEMENT_3D ( 'NONE', #4199, #5450, #2895 ) ;
#6810 = CARTESIAN_POINT ( 'NONE',  ( 179.6663317798993944, -0.3833038836825206075, 0.000000000000000000 ) ) ;
#6811 = CARTESIAN_POINT ( 'NONE',  ( 179.6498966909412616, -0.3902478993981575717, 484.7999999999991019 ) ) ;
#6812 = CARTESIAN_POINT ( 'NONE',  ( -32.26338748897793351, -12.49999999999999822, 320.0000000004205845 ) ) ;
#6813 = CARTESIAN_POINT ( 'NONE',  ( -2.467725971275473995, -12.49999999999999822, 260.5479383951858949 ) ) ;
#6814 = CARTESIAN_POINT ( 'NONE',  ( 178.3911328614198908, -0.2894097977796494803, 479.9999999999995453 ) ) ;
#6815 = FACE_OUTER_BOUND ( 'NONE', #5407, .T. ) ;
#6816 = DIRECTION ( 'NONE',  ( 0.000000000000000000, 0.000000000000000000, -1.000000000000000000 ) ) ;
#6817 = ORIENTED_EDGE ( 'NONE', *, *, #4542, .T. ) ;
#6818 = VECTOR ( 'NONE', #2731, 1000.000000000000114 ) ;
#6819 = CARTESIAN_POINT ( 'NONE',  ( 9.917539707861472209, 11.23631322621582385, 245.2069479295160477 ) ) ;
#6820 = CARTESIAN_POINT ( 'NONE',  ( 61.80725352453702470, -4.239326296989593956, 0.000000000000000000 ) ) ;
#6821 = CARTESIAN_POINT ( 'NONE',  ( -15.15491253764878010, 0.6966950364046660127, 480.0000000000000000 ) ) ;
#6822 = ORIENTED_EDGE ( 'NONE', *, *, #780, .T. ) ;
#6823 = DIRECTION ( 'NONE',  ( -1.000000000000000000, 0.000000000000000000, 0.000000000000000000 ) ) ;
#6824 = CARTESIAN_POINT ( 'NONE',  ( -16.15513988987402172, 1.539941402299505713, 484.8000000000000682 ) ) ;
#6825 = AXIS2_PLACEMENT_3D ( 'NONE', #1038, #5654, #6223 ) ;
#6826 = CARTESIAN_POINT ( 'NONE',  ( 137.4672068873615558, -0.9105344200795034704, 434.0000000000000568 ) ) ;
#6827 = DIRECTION ( 'NONE',  ( 1.000000000000000000, 0.000000000000000000, 0.000000000000000000 ) ) ;
#6828 = CARTESIAN_POINT ( 'NONE',  ( 33.19693970933242610, -4.061653455996190765, 334.7672876231592340 ) ) ;
#6829 = CARTESIAN_POINT ( 'NONE',  ( -0.04831118635444443810, 12.49999999986120613, 304.9964557071326681 ) ) ;
#6830 = CARTESIAN_POINT ( 'NONE',  ( 184.9999999999999716, -24.99999999999998579, 575.0000000000000000 ) ) ;
#6831 = VERTEX_POINT ( 'NONE', #5926 ) ;
#6832 = CIRCLE ( 'NONE', #7922, 1.400000000000012346 ) ;
#6833 = CARTESIAN_POINT ( 'NONE',  ( 179.4541916238947010, -0.3767714569281505055, 480.0000000000036380 ) ) ;
#6834 = CARTESIAN_POINT ( 'NONE',  ( 74.00000000000002842, -7.000000000000000000, 318.9999999999999432 ) ) ;
#6835 = CYLINDRICAL_SURFACE ( 'NONE', #3077, 3.149999999999999911 ) ;
#6836 = ADVANCED_FACE ( 'NONE', ( #3903 ), #1345, .F. ) ;
#6837 = CARTESIAN_POINT ( 'NONE',  ( -14.94194437464960323, 0.6186172275779848739, 264.9999999999820943 ) ) ;
#6838 = DIRECTION ( 'NONE',  ( 0.9665344407268795512, 0.2565368879689196580, -0.000000000000000000 ) ) ;
#6839 = DIRECTION ( 'NONE',  ( -1.000000000000000000, 0.000000000000000000, 0.000000000000000000 ) ) ;
#6840 = VERTEX_POINT ( 'NONE', #2564 ) ;
#6841 = CARTESIAN_POINT ( 'NONE',  ( -23.97733681706060693, 8.896292136659560867, 262.5568524998500379 ) ) ;
#6842 = VERTEX_POINT ( 'NONE', #2692 ) ;
#6843 = CARTESIAN_POINT ( 'NONE',  ( -27.91418036323409169, -2.195170412469510168, 549.9999999999998863 ) ) ;
#6844 = ORIENTED_EDGE ( 'NONE', *, *, #6910, .T. ) ;
#6845 = FACE_OUTER_BOUND ( 'NONE', #2944, .T. ) ;
#6846 = CARTESIAN_POINT ( 'NONE',  ( 146.8551393499750191, 5.005943354489486907, 0.000000000000000000 ) ) ;
#6847 = CARTESIAN_POINT ( 'NONE',  ( 10.73832384492584069, 11.34539609666646776, 245.0213954553035478 ) ) ;
#6848 = EDGE_CURVE ( 'NONE', #7292, #794, #6041, .T. ) ;
#6849 = CARTESIAN_POINT ( 'NONE',  ( -15.88354287355407024, 1.486652403711695269, 325.0000000000536602 ) ) ;
#6850 = CARTESIAN_POINT ( 'NONE',  ( 96.04341048676212722, -24.99999999999998579, 575.0000000000003411 ) ) ;
#6851 = EDGE_LOOP ( 'NONE', ( #6667, #5930, #1081, #7208 ) ) ;
#6852 = CARTESIAN_POINT ( 'NONE',  ( 161.4170523818187348, 2.869258380480189441, 0.000000000000000000 ) ) ;
#6853 = CARTESIAN_POINT ( 'NONE',  ( 179.6663317798993944, -0.3833038836825206075, 0.000000000000000000 ) ) ;
#6854 = CARTESIAN_POINT ( 'NONE',  ( 35.17394061859650378, 12.96703941266235383, 0.000000000000000000 ) ) ;
#6855 =( BOUNDED_SURFACE ( )  B_SPLINE_SURFACE ( 3, 2, ( 
 ( #1939, #7719, #480 ),
 ( #1260, #7171, #4693 ),
 ( #1895, #4049, #5747 ),
 ( #6525, #3758, #7324 ),
 ( #1807, #2550, #6439 ),
 ( #1410, #4450, #527 ),
 ( #2508, #7129, #6686 ),
 ( #614, #4534, #7041 ),
 ( #3396, #6032, #2419 ),
 ( #5053, #7673, #3240 ),
 ( #5142, #1764, #4405 ),
 ( #1130, #7087, #1177 ),
 ( #3155, #5790, #8412 ),
 ( #7764, #1854, #4495 ),
 ( #1216, #6484, #3199 ),
 ( #8455, #4781, #5383 ),
 ( #4826, #3611, #7411 ),
 ( #3573, #1496, #5426 ),
 ( #6773, #2185, #1582 ),
 ( #204, #4262, #6120 ),
 ( #6164, #4089, #7455 ),
 ( #246, #4135, #3437 ),
 ( #4872, #856, #3480 ),
 ( #1542, #161, #2839 ),
 ( #2877, #5472, #5513 ),
 ( #4223, #8094, #6075 ) ),
 .UNSPECIFIED., .F., .F., .T. ) 
 B_SPLINE_SURFACE_WITH_KNOTS ( ( 4, 2, 2, 2, 2, 2, 2, 2, 2, 2, 2, 2, 4 ),
 ( 3, 3 ),
 ( 0.000000000000000000, 0.004496601282176211460, 0.008993202564352422920, 0.01348980384652863351, 0.01573810448761674141, 0.01686225480816079536, 0.01798640512870484584, 0.01911055544924889632, 0.02023470576979295027, 0.02248300641088105817, 0.02473130705196916260, 0.02697960769305726703, 0.03597281025740969168 ),
 ( 0.000000000000000000, 1.000000000000000000 ),
 .UNSPECIFIED. ) 
 GEOMETRIC_REPRESENTATION_ITEM ( )  RATIONAL_B_SPLINE_SURFACE ( (
 ( 1.000000000000000000, 0.7071067811865429098, 1.000000000000000000),
 ( 1.000000000000000000, 0.7156449310728143498, 1.000000000000000000),
 ( 1.000000000000000000, 0.7253972225743028357, 1.000000000000000000),
 ( 1.000000000000000000, 0.7480001587907829652, 1.000000000000000000),
 ( 1.000000000000000000, 0.7609561559593155389, 1.000000000000000000),
 ( 1.000000000000000000, 0.7893750191867000554, 1.000000000000000000),
 ( 1.000000000000000000, 0.8047742085051545757, 1.000000000000000000),
 ( 1.000000000000000000, 0.8259305608556971601, 1.000000000000000000),
 ( 1.000000000000000000, 0.8328778369023328576, 1.000000000000000000),
 ( 1.000000000000000000, 0.8419577188207838514, 1.000000000000000000),
 ( 1.000000000000000000, 0.8447622436225697973, 1.000000000000000000),
 ( 1.000000000000000000, 0.8498190595245648238, 1.000000000000000000),
 ( 1.000000000000000000, 0.8519889172847101566, 1.000000000000000000),
 ( 1.000000000000000000, 0.8559857181105612334, 1.000000000000000000),
 ( 1.000000000000000000, 0.8577828021573068451, 1.000000000000000000),
 ( 1.000000000000000000, 0.8613138202101364715, 1.000000000000000000),
 ( 1.000000000000000000, 0.8630063764510269575, 1.000000000000000000),
 ( 1.000000000000000000, 0.8677595178609365245, 1.000000000000000000),
 ( 1.000000000000000000, 0.8706060297112000468, 1.000000000000000000),
 ( 1.000000000000000000, 0.8756082151299297012, 1.000000000000000000),
 ( 1.000000000000000000, 0.8777774604887846888, 1.000000000000000000),
 ( 1.000000000000000000, 0.8815673237113874627, 1.000000000000000000),
 ( 1.000000000000000000, 0.8831952277609463886, 1.000000000000000000),
 ( 1.000000000000000000, 0.8907117852902524113, 1.000000000000000000),
 ( 1.000000000000000000, 0.8946511758880518750, 1.000000000000000000),
 ( 1.000000000000000000, 0.8977815183700070811, 1.000000000000000000) ) ) 
 REPRESENTATION_ITEM ( '' )  SURFACE ( )  );
#6856 = CARTESIAN_POINT ( 'NONE',  ( 34.92950548548044054, -12.00000000000000000, 342.9999999999999432 ) ) ;
#6857 = CARTESIAN_POINT ( 'NONE',  ( 178.0378221698416610, -0.2674784197346726233, 480.0000000000003411 ) ) ;
#6858 = CARTESIAN_POINT ( 'NONE',  ( -1.446462823674784071, 11.78905802866480457, 335.4719030148186789 ) ) ;
#6859 = CARTESIAN_POINT ( 'NONE',  ( 40.92950548548041922, -4.127064842709505577, 335.6793402260405514 ) ) ;
#6860 = EDGE_LOOP ( 'NONE', ( #4119, #3120, #6700, #1631, #1703 ) ) ;
#6861 = CARTESIAN_POINT ( 'NONE',  ( -30.82070356262982003, -7.809989638591028793, 325.1204901871789730 ) ) ;
#6862 = CARTESIAN_POINT ( 'NONE',  ( 177.4826624208972419, -0.2481840386586353642, 0.000000000000000000 ) ) ;
#6863 = CARTESIAN_POINT ( 'NONE',  ( -14.28007206956609565, 0.2632766928352416325, 484.7999999999993861 ) ) ;
#6864 = ORIENTED_EDGE ( 'NONE', *, *, #858, .T. ) ;
#6865 = CARTESIAN_POINT ( 'NONE',  ( 1.977402203690848070, 10.20713252769677304, 480.0000000000000568 ) ) ;
#6866 = CARTESIAN_POINT ( 'NONE',  ( 172.9212019599929420, 0.7830488535071313816, 479.0500000000002387 ) ) ;
#6867 = ADVANCED_FACE ( 'NONE', ( #7264 ), #5194, .F. ) ;
#6868 = CARTESIAN_POINT ( 'NONE',  ( 20.00000000000000000, 3.642033860375761822, 495.0000000000000000 ) ) ;
#6869 = CARTESIAN_POINT ( 'NONE',  ( 1.977402203690848070, 10.20713252769677304, 480.0000000000000568 ) ) ;
#6870 = CARTESIAN_POINT ( 'NONE',  ( 68.50000000000001421, -7.000000000000000000, 321.9999999999999432 ) ) ;
#6871 = FACE_OUTER_BOUND ( 'NONE', #6941, .T. ) ;
#6872 = DIRECTION ( 'NONE',  ( -0.000000000000000000, -0.000000000000000000, -1.000000000000000000 ) ) ;
#6873 = EDGE_LOOP ( 'NONE', ( #3907, #231, #7473, #3738 ) ) ;
#6874 = CARTESIAN_POINT ( 'NONE',  ( 179.2578906454693879, -0.3572361591035776995, 479.9999999999982379 ) ) ;
#6875 = B_SPLINE_CURVE_WITH_KNOTS ( 'NONE', 3,
 ( #6250, #2354, #8298, #4299, #2963, #4339, #7610 ),
 .UNSPECIFIED., .F., .F.,
 ( 4, 3, 4 ),
 ( 0.000000000000000000, 0.05000000000000001665, 0.05982666643750170904 ),
 .UNSPECIFIED. ) ;
#6876 = CIRCLE ( 'NONE', #3142, 4.000000000000003553 ) ;
#6877 = EDGE_CURVE ( 'NONE', #1156, #7940, #5320, .T. ) ;
#6878 = LINE ( 'NONE', #3066, #1240 ) ;
#6879 = DIRECTION ( 'NONE',  ( 2.990902544787598099E-17, -0.000000000000000000, 1.000000000000000000 ) ) ;
#6880 = CARTESIAN_POINT ( 'NONE',  ( -15.43815627196935658, 1.006323759993861477, 265.0000000000358682 ) ) ;
#6881 = CARTESIAN_POINT ( 'NONE',  ( 71.88460016740160086, 12.42206749193156945, 0.000000000000000000 ) ) ;
#6882 = CARTESIAN_POINT ( 'NONE',  ( 155.8406252516191159, -0.2022121763614883883, 480.0000000000000000 ) ) ;
#6883 = AXIS2_PLACEMENT_3D ( 'NONE', #4050, #162, #3398 ) ;
#6884 = ORIENTED_EDGE ( 'NONE', *, *, #7763, .F. ) ;
#6885 = ADVANCED_FACE ( 'NONE', ( #1906 ), #6663, .T. ) ;
#6886 = CARTESIAN_POINT ( 'NONE',  ( -22.38322433700332326, 12.50000000000037481, 263.1865381625727309 ) ) ;
#6887 = ORIENTED_EDGE ( 'NONE', *, *, #3729, .F. ) ;
#6888 = ORIENTED_EDGE ( 'NONE', *, *, #6444, .T. ) ;
#6889 = CARTESIAN_POINT ( 'NONE',  ( 168.9865343688128974, -0.07171397804020654410, 179.9999999999999716 ) ) ;
#6890 = CARTESIAN_POINT ( 'NONE',  ( -6.802074652554455980, 7.324745366922071454, 0.000000000000000000 ) ) ;
#6891 = CARTESIAN_POINT ( 'NONE',  ( -9.793205997135293828, 6.610769351271032157, 264.9999999999999432 ) ) ;
#6892 = CARTESIAN_POINT ( 'NONE',  ( -16.05646729079746393, 2.055743908851479951, 345.0392585101650980 ) ) ;
#6893 = CARTESIAN_POINT ( 'NONE',  ( 109.5055999996471883, -25.00000000000000711, 575.0000000000001137 ) ) ;
#6894 = ORIENTED_EDGE ( 'NONE', *, *, #3987, .T. ) ;
#6895 = CARTESIAN_POINT ( 'NONE',  ( 152.2519909539199432, 4.305404074448874852, 484.7999999999994429 ) ) ;
#6896 = CARTESIAN_POINT ( 'NONE',  ( 179.0597020768670120, -0.2783260417168468281, 484.8000000000000682 ) ) ;
#6897 = CARTESIAN_POINT ( 'NONE',  ( -16.34752778237881188, -12.49999999999999645, 323.0883998483650430 ) ) ;
#6898 = EDGE_CURVE ( 'NONE', #8372, #4700, #832, .T. ) ;
#6899 = CARTESIAN_POINT ( 'NONE',  ( 0.7397886009783117833, 12.23022529495807120, 335.3338441407848904 ) ) ;
#6900 = CARTESIAN_POINT ( 'NONE',  ( 179.4494898094206405, -0.3763749653332660872, 479.9999999999997158 ) ) ;
#6901 = CARTESIAN_POINT ( 'NONE',  ( 20.00000000000000000, 3.642033860375761822, 495.0000000000000000 ) ) ;
#6902 = VECTOR ( 'NONE', #6106, 1000.000000000000000 ) ;
#6903 = CARTESIAN_POINT ( 'NONE',  ( 25.46340329436562300, -3.937659870409176754, 317.5098073486079784 ) ) ;
#6904 = B_SPLINE_SURFACE_WITH_KNOTS ( 'NONE', 3, 1, ( 
 ( #7023, #5729, #5078 ),
 ( #7068, #8391, #1108 ),
 ( #3740, #3093, #6375 ),
 ( #4429, #3787, #6422 ),
 ( #76, #4646, #1320 ),
 ( #596, #5815, #1242 ),
 ( #5206, #31, #3960 ),
 ( #7196, #3223, #7278 ),
 ( #5897, #6549, #5165 ),
 ( #5985, #4477, #6635 ),
 ( #5856, #8480, #722 ),
 ( #1363, #7920, #2707 ),
 ( #5333, #2531, #2005 ),
 ( #4561, #3830, #3350 ),
 ( #1199, #7112, #3875 ),
 ( #2577, #8520, #8436 ),
 ( #7832, #1920, #4516 ),
 ( #7151, #2661, #6464 ),
 ( #7790, #556, #3181 ),
 ( #2617, #1877, #1282 ),
 ( #6590, #5251, #6508 ),
 ( #3918, #640, #7879 ),
 ( #3263, #7958, #1963 ),
 ( #4603, #7237, #681 ),
 ( #3306, #5939, #5294 ),
 ( #4001, #4688, #2746 ),
 ( #4128, #1402, #6808 ),
 ( #197, #3474, #155 ),
 ( #4173, #2178, #4775 ),
 ( #6026, #8088, #2871 ),
 ( #3521, #7449, #1449 ),
 ( #2090, #7318, #895 ),
 ( #5507, #3390, #8131 ),
 ( #2831, #113, #4041 ),
 ( #6156, #5377, #803 ),
 ( #6113, #8002, #5465 ),
 ( #4820, #2221, #1535 ),
 ( #4731, #7360, #6679 ),
 ( #7404, #2789, #3431 ) ),
 .UNSPECIFIED., .F., .F., .F.,
 ( 4, 1, 1, 1, 2, 1, 1, 1, 2, 1, 1, 1, 1, 1, 1, 1, 1, 1, 2, 1, 1, 1, 1, 1, 1, 1, 1, 1, 1, 1, 1, 1, 1, 4 ),
 ( 2, 1, 2 ),
 ( 0.000000000000000000, 0.05229021663648925761, 0.1045804332729785152, 0.1568706499094677520, 0.2091608665459570304, 0.2347324185777749928, 0.2603039706095929273, 0.2858755226414107509, 0.3114470746732286854, 0.3383301598579120939, 0.3652132450425953913, 0.3920963302272787998, 0.4189794154119623193, 0.4458625005966455612, 0.4727455857813289697, 0.4861871283736707294, 0.4996286709660123782, 0.5130702135583540269, 0.5265117561506956756, 0.5413082637709863976, 0.5561047713912771195, 0.5709012790115678415, 0.5856977866318586745, 0.6004942942521493965, 0.6152908018724401185, 0.6300873094927309515, 0.6448838171130215624, 0.6744768323536032284, 0.7040698475941846723, 0.7632558780753477823, 0.8224419085565108922, 0.8816279390376737801, 0.9408139695188368901, 1.000000000000000000 ),
 ( -0.01000000000000000021, 0.000000000000000000, 1.000000000000000000 ),
 .UNSPECIFIED. ) ;
#6905 = EDGE_LOOP ( 'NONE', ( #8078, #312, #3847, #3003, #3721 ) ) ;
#6906 = CARTESIAN_POINT ( 'NONE',  ( -59.00000000000000000, -7.499999999999998224, 323.9999999999998863 ) ) ;
#6907 = CARTESIAN_POINT ( 'NONE',  ( 169.3148206457915705, -0.05716200578415548544, 484.7999999999999545 ) ) ;
#6908 = CARTESIAN_POINT ( 'NONE',  ( 24.45212192561694664, -3.807614764218265613, 484.8000000000001251 ) ) ;
#6909 = EDGE_LOOP ( 'NONE', ( #2988, #3382, #2739, #7931 ) ) ;
#6910 = EDGE_CURVE ( 'NONE', #1995, #6628, #52, .T. ) ;
#6911 = EDGE_CURVE ( 'NONE', #339, #6316, #7906, .T. ) ;
#6912 = LINE ( 'NONE', #5523, #3795 ) ;
#6913 = CARTESIAN_POINT ( 'NONE',  ( -16.25742756507860065, 1.732378858475866812, 484.8000000000000114 ) ) ;
#6914 = DIRECTION ( 'NONE',  ( 0.000000000000000000, 0.000000000000000000, 1.000000000000000000 ) ) ;
#6915 = CARTESIAN_POINT ( 'NONE',  ( 68.49999999999998579, 3.000000000000000000, 318.9999999999999432 ) ) ;
#6916 = CARTESIAN_POINT ( 'NONE',  ( 31.73485414377375591, -4.043503520977540511, 332.1398708388184104 ) ) ;
#6917 = CARTESIAN_POINT ( 'NONE',  ( -15.50061092689544573, 1.624525121353904700, 0.000000000000000000 ) ) ;
#6918 = CARTESIAN_POINT ( 'NONE',  ( -33.92354354372017866, 7.586791902405872534, 324.9999999999998863 ) ) ;
#6919 = CARTESIAN_POINT ( 'NONE',  ( 163.0747692043827897, -0.06923805043383098046, 480.0000000000000568 ) ) ;
#6920 = CARTESIAN_POINT ( 'NONE',  ( 130.9957569375837636, -1.229309519810369178, 480.0000000000000000 ) ) ;
#6921 = CARTESIAN_POINT ( 'NONE',  ( -26.94813293469026050, -15.37854487031546213, 264.9999999999998295 ) ) ;
#6922 = FACE_BOUND ( 'NONE', #5728, .T. ) ;
#6923 = CARTESIAN_POINT ( 'NONE',  ( 169.2601062662951108, -0.05958733449349731814, 434.0000000000001705 ) ) ;
#6924 = DIRECTION ( 'NONE',  ( -0.000000000000000000, -0.000000000000000000, 1.000000000000000000 ) ) ;
#6925 = B_SPLINE_CURVE_WITH_KNOTS ( 'NONE', 3,
 ( #1280, #5163, #3221, #6371 ),
 .UNSPECIFIED., .F., .F.,
 ( 4, 4 ),
 ( 0.000000000000000000, 0.003000000337741131999 ),
 .UNSPECIFIED. ) ;
#6926 = CARTESIAN_POINT ( 'NONE',  ( -32.34973717744639288, 12.49999999999852207, 265.0600261935037452 ) ) ;
#6927 = ORIENTED_EDGE ( 'NONE', *, *, #5282, .T. ) ;
#6928 = ORIENTED_EDGE ( 'NONE', *, *, #5260, .T. ) ;
#6929 = CARTESIAN_POINT ( 'NONE',  ( 139.5238623703997121, -0.8616087829394378783, 179.9999999999999432 ) ) ;
#6930 = CARTESIAN_POINT ( 'NONE',  ( 22.57586661410852003, 12.75416367618679381, 484.7999999999999545 ) ) ;
#6931 = CARTESIAN_POINT ( 'NONE',  ( -23.22902454731328703, -17.64613586052447047, 324.9999999999998863 ) ) ;
#6932 = CARTESIAN_POINT ( 'NONE',  ( 120.3532265561114940, -1.552690888327765251, 479.0499999999999545 ) ) ;
#6933 = ORIENTED_EDGE ( 'NONE', *, *, #1306, .F. ) ;
#6934 = CARTESIAN_POINT ( 'NONE',  ( 152.9265747029647855, 4.142416645514345852, 0.000000000000000000 ) ) ;
#6935 = CARTESIAN_POINT ( 'NONE',  ( 179.2553949887262377, -0.3605449118594362679, 0.000000000000000000 ) ) ;
#6936 = CARTESIAN_POINT ( 'NONE',  ( 0.4817774131838321039, 12.31348519556972754, 255.2654268979677283 ) ) ;
#6937 = CARTESIAN_POINT ( 'NONE',  ( 179.6595967840942194, -0.3900951690642417979, 480.0000000000006821 ) ) ;
#6938 = CARTESIAN_POINT ( 'NONE',  ( -24.80533713106666127, 12.50000000000000178, 322.0042924834770020 ) ) ;
#6939 = LINE ( 'NONE', #1543, #3427 ) ;
#6940 = CARTESIAN_POINT ( 'NONE',  ( -9.956131941843967326, 6.674078621696884817, 345.0303107860304408 ) ) ;
#6941 = EDGE_LOOP ( 'NONE', ( #4746, #1988, #4196, #7084 ) ) ;
#6942 = B_SPLINE_CURVE_WITH_KNOTS ( 'NONE', 3,
 ( #6279, #4327, #2428, #8169, #7007, #8245, #8209, #971, #357, #1773, #1610, #1092, #4415, #2989, #2904, #7052, #6358, #279, #3557, #2949, #6194, #5544, #4369, #2260, #3032, #443, #3600, #6237 ),
 .UNSPECIFIED., .F., .F.,
 ( 4, 2, 2, 2, 2, 2, 2, 2, 2, 2, 2, 2, 2, 4 ),
 ( 6.952433221959954168E-18, 0.008568492363528575767, 0.01713698472705714460, 0.02142123090882142727, 0.02356335399970357208, 0.02570547709058571342, 0.02998972327234999263, 0.03106078481779106504, 0.03213184636323213744, 0.03266737713595267018, 0.03320290790867320985, 0.03373843868139374258, 0.03400620406775401589, 0.03427396945411428225 ),
 .UNSPECIFIED. ) ;
#6943 = CARTESIAN_POINT ( 'NONE',  ( -15.00000000000002309, 24.99999999999998934, 575.0000000000000000 ) ) ;
#6944 = CARTESIAN_POINT ( 'NONE',  ( 174.5056418731677184, -0.1427416402981217525, 484.8000000000000114 ) ) ;
#6945 = CARTESIAN_POINT ( 'NONE',  ( 15.01366798195515351, -3.508652782660410363, 479.9999999999999432 ) ) ;
#6946 = AXIS2_PLACEMENT_3D ( 'NONE', #7412, #5944, #7884 ) ;
#6947 = CARTESIAN_POINT ( 'NONE',  ( 130.4868524178246219, 24.99999999999998934, 575.0000000000000000 ) ) ;
#6948 = CARTESIAN_POINT ( 'NONE',  ( -4.103248748458943496, -2.029567179110544739, 484.8000000000005798 ) ) ;
#6949 = STYLED_ITEM ( 'NONE', ( #2942 ), #1346 ) ;
#6950 = DIRECTION ( 'NONE',  ( 0.000000000000000000, 0.000000000000000000, -1.000000000000000000 ) ) ;
#6951 = CARTESIAN_POINT ( 'NONE',  ( 138.6827611030809067, 6.135390573650752799, 179.9999999999999432 ) ) ;
#6952 = LINE ( 'NONE', #7122, #3683 ) ;
#6953 = DIRECTION ( 'NONE',  ( -1.000000000000000000, 0.000000000000000000, -0.000000000000000000 ) ) ;
#6954 = CARTESIAN_POINT ( 'NONE',  ( -23.01784886461578949, 9.134123147835840228, 327.9138786939379315 ) ) ;
#6955 = AXIS2_PLACEMENT_3D ( 'NONE', #5582, #6924, #1181 ) ;
#6956 = CARTESIAN_POINT ( 'NONE',  ( -14.51519264719298796, 3.267015248922876758, 0.000000000000000000 ) ) ;
#6957 = CARTESIAN_POINT ( 'NONE',  ( 173.7984108521090150, -0.1625208348027150085, 479.0499999999976239 ) ) ;
#6958 = FACE_OUTER_BOUND ( 'NONE', #6425, .T. ) ;
#6959 = CARTESIAN_POINT ( 'NONE',  ( -11.15224485834813173, -0.8418654235428646437, 264.9999999999998863 ) ) ;
#6960 = CARTESIAN_POINT ( 'NONE',  ( 185.0000000000000000, 25.00000000000001421, 575.0000000000000000 ) ) ;
#6961 = CARTESIAN_POINT ( 'NONE',  ( -33.77870876563041236, -7.499999999999998224, 319.9999999999998863 ) ) ;
#6962 = DIRECTION ( 'NONE',  ( 0.000000000000000000, 0.000000000000000000, -1.000000000000000000 ) ) ;
#6963 = FACE_OUTER_BOUND ( 'NONE', #537, .T. ) ;
#6964 = ORIENTED_EDGE ( 'NONE', *, *, #1129, .T. ) ;
#6965 = EDGE_LOOP ( 'NONE', ( #5971, #2298, #5126, #2113, #5762 ) ) ;
#6966 = CARTESIAN_POINT ( 'NONE',  ( 177.3381272000183344, -0.2422484619298268249, 179.9999999999999716 ) ) ;
#6967 = CARTESIAN_POINT ( 'NONE',  ( -3.135809833173868189, 9.079141839719385487, 484.7999999999998977 ) ) ;
#6968 = ADVANCED_FACE ( 'NONE', ( #2729 ), #4589, .T. ) ;
#6969 = CARTESIAN_POINT ( 'NONE',  ( -13.17361230429347785, 4.911295439057426826, 265.0000000000000000 ) ) ;
#6970 = CARTESIAN_POINT ( 'NONE',  ( -26.30377234681866128, -15.86782960741188830, 324.9999999999998863 ) ) ;
#6971 = DIRECTION ( 'NONE',  ( -3.614007241618349757E-16, -1.000000000000000000, 0.000000000000000000 ) ) ;
#6972 = ORIENTED_EDGE ( 'NONE', *, *, #1034, .F. ) ;
#6973 = CARTESIAN_POINT ( 'NONE',  ( 146.8551393499750191, 5.005943354489486907, 0.000000000000000000 ) ) ;
#6974 = CARTESIAN_POINT ( 'NONE',  ( 179.3285346918228242, -0.3668268220185119111, 0.000000000000000000 ) ) ;
#6975 = DIRECTION ( 'NONE',  ( 1.000000000000000000, 0.000000000000000000, 0.000000000000000000 ) ) ;
#6976 = CARTESIAN_POINT ( 'NONE',  ( 179.5874193128985041, -0.3869465190114116937, 484.7999999999994998 ) ) ;
#6977 = DIRECTION ( 'NONE',  ( 0.000000000000000000, 0.000000000000000000, 1.000000000000000000 ) ) ;
#6978 = DIRECTION ( 'NONE',  ( 0.000000000000000000, 0.000000000000000000, 1.000000000000000000 ) ) ;
#6979 = CARTESIAN_POINT ( 'NONE',  ( -17.65783048292274771, 25.13343369270686978, 324.9999999999998295 ) ) ;
#6980 = VERTEX_POINT ( 'NONE', #60 ) ;
#6981 = DIRECTION ( 'NONE',  ( 1.000000000000000000, 0.000000000000000000, 0.000000000000000000 ) ) ;
#6982 = CARTESIAN_POINT ( 'NONE',  ( 170.2587149188199760, -0.06241267988908474201, 484.8000000000002956 ) ) ;
#6983 = CARTESIAN_POINT ( 'NONE',  ( 73.69076227093798082, -3.808170903544597863, 484.8000000000006366 ) ) ;
#6984 = ORIENTED_EDGE ( 'NONE', *, *, #599, .T. ) ;
#6985 = CARTESIAN_POINT ( 'NONE',  ( 109.0267248680274008, 25.00000000000000711, 575.0000000000003411 ) ) ;
#6986 = CARTESIAN_POINT ( 'NONE',  ( -9.902600045475269397, -1.051661070804668530, 484.7999999999999545 ) ) ;
#6987 = CARTESIAN_POINT ( 'NONE',  ( -0.1485055166699937312, -11.94348148099414431, 262.5517126949520730 ) ) ;
#6988 = CARTESIAN_POINT ( 'NONE',  ( -9.746384015613831053, 6.979716760445814572, 479.9990348388268444 ) ) ;
#6989 = CARTESIAN_POINT ( 'NONE',  ( 52.28478790373196006, -4.152679764534306983, 304.0000000000001137 ) ) ;
#6990 = CYLINDRICAL_SURFACE ( 'NONE', #6825, 5.000000000000004441 ) ;
#6991 = SHAPE_DEFINITION_REPRESENTATION ( #2965, #331 ) ;
#6992 = CARTESIAN_POINT ( 'NONE',  ( -27.11059748998836483, -12.50000000000000000, 269.3880961374503613 ) ) ;
#6993 = CARTESIAN_POINT ( 'NONE',  ( -22.27127415122914655, 9.288211427413902044, 328.2103992665053056 ) ) ;
#6994 = VERTEX_POINT ( 'NONE', #3376 ) ;
#6995 = CARTESIAN_POINT ( 'NONE',  ( 1.109574817118943457, 10.04410538617507065, 484.8000000000000114 ) ) ;
#6996 = CARTESIAN_POINT ( 'NONE',  ( 213.0212056162550027, 5.971681336848900123, 575.0000000000000000 ) ) ;
#6997 = ADVANCED_FACE ( 'NONE', ( #2030 ), #6281, .T. ) ;
#6998 = CARTESIAN_POINT ( 'NONE',  ( 14.92950548548043699, -2.000000000000000000, 322.9999999999998863 ) ) ;
#6999 = VECTOR ( 'NONE', #5313, 1000.000000000000000 ) ;
#7000 = CARTESIAN_POINT ( 'NONE',  ( -15.83189412528411921, -20.30257589644271476, 264.9999999999998863 ) ) ;
#7001 = UNCERTAINTY_MEASURE_WITH_UNIT (LENGTH_MEASURE( 1.000000000000000082E-05 ), #8318, 'distance_accuracy_value', 'NONE');
#7002 = CARTESIAN_POINT ( 'NONE',  ( -0.8803700237861178390, 12.50000000000000178, 335.3962892889557565 ) ) ;
#7003 = CARTESIAN_POINT ( 'NONE',  ( -0.7982016237633658973, -12.22362435920333468, 326.7064820404691545 ) ) ;
#7004 = CARTESIAN_POINT ( 'NONE',  ( -14.38767775585926856, 12.50000000000000178, 263.2157819686635207 ) ) ;
#7005 = ORIENTED_EDGE ( 'NONE', *, *, #6270, .F. ) ;
#7006 = ORIENTED_EDGE ( 'NONE', *, *, #3332, .F. ) ;
#7007 = CARTESIAN_POINT ( 'NONE',  ( 3.027414121831063731, -2.954627078248202476, 244.9868050467400167 ) ) ;
#7008 = CARTESIAN_POINT ( 'NONE',  ( -0.1565316014459631477, 9.776108866334592307, 480.0000000000001137 ) ) ;
#7009 = EDGE_CURVE ( 'NONE', #6138, #449, #3458, .T. ) ;
#7010 = CARTESIAN_POINT ( 'NONE',  ( -28.84960694755657329, 17.86320298773690851, 264.9999999999998863 ) ) ;
#7011 = CARTESIAN_POINT ( 'NONE',  ( -20.69720159102534041, -18.72380600665168160, 324.9999999999998863 ) ) ;
#7012 = DIRECTION ( 'NONE',  ( -1.000000000000000000, 0.000000000000000000, 0.000000000000000000 ) ) ;
#7013 = VERTEX_POINT ( 'NONE', #8028 ) ;
#7014 = CARTESIAN_POINT ( 'NONE',  ( 100.9402247912097863, 10.31702346686257066, -0.000000000000000000 ) ) ;
#7015 = CARTESIAN_POINT ( 'NONE',  ( 179.1042782553597021, -0.2856739422456378574, 484.8000000000002956 ) ) ;
#7016 = LINE ( 'NONE', #980, #7557 ) ;
#7017 = CARTESIAN_POINT ( 'NONE',  ( 179.4894902400031356, -0.3800084924071890358, 0.000000000000000000 ) ) ;
#7018 = CARTESIAN_POINT ( 'NONE',  ( 5.999999999999979572, 8.205133554287264393E-15, 519.9999999999998863 ) ) ;
#7019 = CARTESIAN_POINT ( 'NONE',  ( 22.70181117711575425, -3.769246630522200991, 480.0000000000000000 ) ) ;
#7020 = CARTESIAN_POINT ( 'NONE',  ( -12.14740819364014257, 5.611369868122770832, 325.0000000000358682 ) ) ;
#7021 = AXIS2_PLACEMENT_3D ( 'NONE', #7888, #3316, #5947 ) ;
#7022 = EDGE_LOOP ( 'NONE', ( #4445, #4255, #3423, #3637, #948, #1617, #3229, #7902 ) ) ;
#7023 = CARTESIAN_POINT ( 'NONE',  ( 2.256833867229355750, 10.13079635666247569, 479.0499999999999545 ) ) ;
#7024 = CARTESIAN_POINT ( 'NONE',  ( 176.5104384787628078, -0.2112085668519355086, 484.7999999999999545 ) ) ;
#7025 = CARTESIAN_POINT ( 'NONE',  ( 91.43983822534151784, -3.329680300746034494, 479.9999999999999432 ) ) ;
#7026 = ORIENTED_EDGE ( 'NONE', *, *, #6910, .F. ) ;
#7027 = VECTOR ( 'NONE', #5192, 1000.000000000000000 ) ;
#7028 = CARTESIAN_POINT ( 'NONE',  ( 29.07732818033455402, 25.00000000000004974, 575.0000000000017053 ) ) ;
#7029 = CARTESIAN_POINT ( 'NONE',  ( -12.12889779239684174, -0.6442235117830167335, 0.000000000000000000 ) ) ;
#7030 = ORIENTED_EDGE ( 'NONE', *, *, #7598, .T. ) ;
#7031 = CARTESIAN_POINT ( 'NONE',  ( 61.80486844985845352, -16.00000000000000000, 549.9999999999998863 ) ) ;
#7032 = CARTESIAN_POINT ( 'NONE',  ( -33.93390079467697973, -6.921489639786450709, 264.9999999999998863 ) ) ;
#7033 = CARTESIAN_POINT ( 'NONE',  ( 138.0750187970230627, 6.215202153374066896, 179.9999999999999432 ) ) ;
#7034 = CARTESIAN_POINT ( 'NONE',  ( -14.94943114236401804, 12.50000000000000355, 263.4881340271488739 ) ) ;
#7035 = CARTESIAN_POINT ( 'NONE',  ( 154.0000000000000000, 0.000000000000000000, 519.9999999999998863 ) ) ;
#7036 = DIRECTION ( 'NONE',  ( -1.000000000000000000, 0.000000000000000000, 0.000000000000000000 ) ) ;
#7037 = CARTESIAN_POINT ( 'NONE',  ( -20.99519413775078291, 12.50000000000000000, 323.6423483675893635 ) ) ;
#7038 = VERTEX_POINT ( 'NONE', #1558 ) ;
#7039 = CARTESIAN_POINT ( 'NONE',  ( -12.92156397461537232, 5.494077158936595318, 484.7999999999994429 ) ) ;
#7040 = CARTESIAN_POINT ( 'NONE',  ( 213.1691383766081174, 5.767759696563542704, 575.0000000000004547 ) ) ;
#7041 = CARTESIAN_POINT ( 'NONE',  ( -19.59153033479364936, -12.49999999999999822, 267.6171458679205557 ) ) ;
#7042 = CARTESIAN_POINT ( 'NONE',  ( -19.51181318513923912, -19.18061749920831005, 264.9999999999998863 ) ) ;
#7043 = CARTESIAN_POINT ( 'NONE',  ( 174.1652939542126433, -0.1328975063391989175, 479.9999999999999432 ) ) ;
#7044 = ADVANCED_FACE ( 'NONE', ( #6095 ), #2816, .T. ) ;
#7045 = CARTESIAN_POINT ( 'NONE',  ( 0.7418463230744459791, 12.22855855130002389, 324.9995600797401494 ) ) ;
#7046 = DIRECTION ( 'NONE',  ( -1.000000000000000000, -0.000000000000000000, -0.000000000000000000 ) ) ;
#7047 = B_SPLINE_CURVE_WITH_KNOTS ( 'NONE', 3,
 ( #5236, #2029, #1516, #2773, #5402, #222, #5359, #788, #179, #6746, #2161, #4024, #8026 ),
 .UNSPECIFIED., .F., .F.,
 ( 4, 1, 1, 1, 1, 1, 1, 1, 1, 1, 4 ),
 ( 0.6116972909856313034, 0.6314408397599369227, 0.6547303799955432879, 0.6791240111206857666, 0.7043413660541576471, 0.7300820865418696792, 0.7560463692433042615, 0.7819273340879761003, 0.8075946601029770910, 0.8329401523660624473, 0.8504866054547431942 ),
 .UNSPECIFIED. ) ;
#7048 = FACE_OUTER_BOUND ( 'NONE', #5973, .T. ) ;
#7049 = ORIENTED_EDGE ( 'NONE', *, *, #6080, .T. ) ;
#7050 = EDGE_LOOP ( 'NONE', ( #7354, #2210, #7026, #2314 ) ) ;
#7051 = CARTESIAN_POINT ( 'NONE',  ( -15.60656263299197910, -12.50000000000000000, 323.2293082980423264 ) ) ;
#7052 = CARTESIAN_POINT ( 'NONE',  ( -13.81898343536488483, 0.03620659272576173121, 244.9964961335873284 ) ) ;
#7053 = CARTESIAN_POINT ( 'NONE',  ( -4.385666828608902001, 8.743354799095246932, 479.9999999999996589 ) ) ;
#7054 = CARTESIAN_POINT ( 'NONE',  ( -15.27701405445577443, 3.179194169620766175, 264.9999999999998295 ) ) ;
#7055 = CARTESIAN_POINT ( 'NONE',  ( -24.94036109294466286, -16.72544009872942183, 324.9999999999998863 ) ) ;
#7056 = CARTESIAN_POINT ( 'NONE',  ( 97.34000244966354387, 10.85627185158279495, 479.9995461462880257 ) ) ;
#7057 = AXIS2_PLACEMENT_3D ( 'NONE', #939, #1405, #2225 ) ;
#7058 = VERTEX_POINT ( 'NONE', #5534 ) ;
#7059 = CARTESIAN_POINT ( 'NONE',  ( 28.12819146088234845, 12.65391205075330738, -0.000000000000000000 ) ) ;
#7060 = CARTESIAN_POINT ( 'NONE',  ( 177.8057320114086224, -0.04337092150346232716, 484.8000000000001251 ) ) ;
#7061 = DIRECTION ( 'NONE',  ( -0.3909679886236476221, -0.1999961263552659796, 0.8984128123053832793 ) ) ;
#7062 = CARTESIAN_POINT ( 'NONE',  ( 179.1529970432456764, -0.3517692279230831276, 0.000000000000000000 ) ) ;
#7063 = CARTESIAN_POINT ( 'NONE',  ( -35.32525794835776622, 7.500000000000531131, 324.9999999999995453 ) ) ;
#7064 = DIRECTION ( 'NONE',  ( -0.000000000000000000, 1.000000000000000000, 0.000000000000000000 ) ) ;
#7065 = CARTESIAN_POINT ( 'NONE',  ( -1.389965195113553653, 9.298915882956324097, 324.9999999999998295 ) ) ;
#7066 = AXIS2_PLACEMENT_3D ( 'NONE', #658, #9, #3409 ) ;
#7067 = ORIENTED_EDGE ( 'NONE', *, *, #7963, .F. ) ;
#7068 = CARTESIAN_POINT ( 'NONE',  ( 1.472123920194891689, 9.982264706696957646, 479.0499999999999545 ) ) ;
#7069 = VECTOR ( 'NONE', #1777, 1000.000000000000000 ) ;
#7070 = CARTESIAN_POINT ( 'NONE',  ( 179.1749398370855886, -0.3536458699244799941, 0.000000000000000000 ) ) ;
#7071 = CARTESIAN_POINT ( 'NONE',  ( 111.1477477560874974, -2.354854627611102202, 484.8000000000001819 ) ) ;
#7072 = ORIENTED_EDGE ( 'NONE', *, *, #1955, .F. ) ;
#7073 = CARTESIAN_POINT ( 'NONE',  ( 126.6107978497811928, 25.00000000000001421, 574.9999999999994316 ) ) ;
#7074 = CARTESIAN_POINT ( 'NONE',  ( 5.583813440983880660, -2.979454067321927635, 480.0000000000000000 ) ) ;
#7075 = CARTESIAN_POINT ( 'NONE',  ( 17.33232774240348917, -3.688292256999862850, 330.4252293073056421 ) ) ;
#7076 = EDGE_CURVE ( 'NONE', #2761, #6628, #4882, .T. ) ;
#7077 = CARTESIAN_POINT ( 'NONE',  ( -35.22237987218837674, -3.303014064219154999, 265.0000000000000568 ) ) ;
#7078 = CARTESIAN_POINT ( 'NONE',  ( 68.50000000000001421, -3.959175766563655774, 327.6666666666971537 ) ) ;
#7079 = LINE ( 'NONE', #1169, #5482 ) ;
#7080 = CARTESIAN_POINT ( 'NONE',  ( -0.2073977378859176712, -2.478977691929240113, 484.7999999999998977 ) ) ;
#7081 = CIRCLE ( 'NONE', #324, 2.000000000000001776 ) ;
#7082 = DIRECTION ( 'NONE',  ( -1.000000000000000000, -0.000000000000000000, -0.000000000000000000 ) ) ;
#7083 = CARTESIAN_POINT ( 'NONE',  ( -15.25546378971441008, 12.50000000000000000, 326.5183281065103529 ) ) ;
#7084 = ORIENTED_EDGE ( 'NONE', *, *, #2011, .F. ) ;
#7085 = CARTESIAN_POINT ( 'NONE',  ( 7.545309585098575411, 11.19785372777429444, 484.8000000000002956 ) ) ;
#7086 = CARTESIAN_POINT ( 'NONE',  ( 178.7641621593856200, -0.2211468861589032664, 479.9999999999998295 ) ) ;
#7087 = CARTESIAN_POINT ( 'NONE',  ( -17.26297566348757684, -12.50000000000032330, 263.9190900037299912 ) ) ;
#7088 = CARTESIAN_POINT ( 'NONE',  ( -6.861859807625076968, -1.758148598909758720, 244.9888561394136843 ) ) ;
#7089 = CARTESIAN_POINT ( 'NONE',  ( 9.929505485480440541, -12.00000000000000000, 322.9999999999999432 ) ) ;
#7090 = PLANE ( 'NONE',  #7337 ) ;
#7091 = CARTESIAN_POINT ( 'NONE',  ( 1.336924628381834568, -10.73506582279105537, 329.0005051911152805 ) ) ;
#7092 = AXIS2_PLACEMENT_3D ( 'NONE', #3665, #956, #5571 ) ;
#7093 = CYLINDRICAL_SURFACE ( 'NONE', #5352, 2.000000000000001776 ) ;
#7094 = ORIENTED_EDGE ( 'NONE', *, *, #1164, .T. ) ;
#7095 = EDGE_LOOP ( 'NONE', ( #3207, #3329, #6421, #1902 ) ) ;
#7096 = CARTESIAN_POINT ( 'NONE',  ( -11.14574111914335397, -12.49999999999934630, 326.7526603101673572 ) ) ;
#7097 = CARTESIAN_POINT ( 'NONE',  ( 179.0995855314941139, -0.3472140383493168003, 179.9999999999998863 ) ) ;
#7098 = CARTESIAN_POINT ( 'NONE',  ( -15.06641030865099928, 4.009126210267029755, 484.8000000000005798 ) ) ;
#7099 = VECTOR ( 'NONE', #428, 1000.000000000000000 ) ;
#7100 = CARTESIAN_POINT ( 'NONE',  ( -27.41405361015091913, 19.18079754418784333, 264.9999999999999432 ) ) ;
#7101 = CARTESIAN_POINT ( 'NONE',  ( -12.88693942422816541, -0.2873141956477827108, 325.0000000000000000 ) ) ;
#7102 = CARTESIAN_POINT ( 'NONE',  ( 24.49022694693579538, 12.87311581630281943, 479.9989285297750143 ) ) ;
#7103 = ORIENTED_EDGE ( 'NONE', *, *, #3349, .T. ) ;
#7104 = CARTESIAN_POINT ( 'NONE',  ( 3.818597042041810941, 10.57121810395871719, 484.7999999999999545 ) ) ;
#7105 = CARTESIAN_POINT ( 'NONE',  ( 173.6449985066282693, 0.8126298537061723559, 484.7999999999997272 ) ) ;
#7106 = DIRECTION ( 'NONE',  ( -1.000000000000000000, -0.000000000000000000, -0.000000000000000000 ) ) ;
#7107 = CARTESIAN_POINT ( 'NONE',  ( 179.1773778499615730, -0.2975674382804276430, 484.8000000000003524 ) ) ;
#7108 = ADVANCED_FACE ( 'NONE', ( #141 ), #6835, .F. ) ;
#7109 = CARTESIAN_POINT ( 'NONE',  ( -9.991299995528054367, 6.498050091673375661, 245.0304405581678111 ) ) ;
#7110 = CARTESIAN_POINT ( 'NONE',  ( -13.55188150599706454, 4.791081079128867160, 324.9999999999820943 ) ) ;
#7111 = VERTEX_POINT ( 'NONE', #4111 ) ;
#7112 = CARTESIAN_POINT ( 'NONE',  ( -14.56872656697773571, 4.408105848676949101, 480.0000000000002842 ) ) ;
#7113 = CARTESIAN_POINT ( 'NONE',  ( 179.6731949083432198, -0.3902158470050323680, 484.7999999999989313 ) ) ;
#7114 = CARTESIAN_POINT ( 'NONE',  ( 176.5104384787628078, -0.2112085668519355086, 484.7999999999999545 ) ) ;
#7115 = VERTEX_POINT ( 'NONE', #4892 ) ;
#7116 = CARTESIAN_POINT ( 'NONE',  ( 19.20351105747691989, 12.34601234756992305, 479.0499999999997840 ) ) ;
#7117 = CARTESIAN_POINT ( 'NONE',  ( 9.353638152638675152, -3.230488057031605464, 480.0000000000003411 ) ) ;
#7118 = VERTEX_POINT ( 'NONE', #6747 ) ;
#7119 = CARTESIAN_POINT ( 'NONE',  ( 17.32907934080627399, -3.692999519254710261, 323.1444706614797155 ) ) ;
#7120 = CARTESIAN_POINT ( 'NONE',  ( -14.46457164461687661, 0.3449139702650402262, 479.9995275919313258 ) ) ;
#7121 = CARTESIAN_POINT ( 'NONE',  ( -16.21532742083134693, 2.586850996158992722, 479.9986463852486622 ) ) ;
#7122 = CARTESIAN_POINT ( 'NONE',  ( 50.00000000000000000, 4.999999999999992895, 0.000000000000000000 ) ) ;
#7123 = CARTESIAN_POINT ( 'NONE',  ( -12.12889779239684174, -0.6442235117830167335, 0.000000000000000000 ) ) ;
#7124 = CARTESIAN_POINT ( 'NONE',  ( -4.665855699374296783, 11.60147817451649921, 334.4443810675741133 ) ) ;
#7125 = ORIENTED_EDGE ( 'NONE', *, *, #1178, .F. ) ;
#7126 = CARTESIAN_POINT ( 'NONE',  ( -9.835633092365277719, 6.154454219204675169, 0.000000000000000000 ) ) ;
#7127 = CARTESIAN_POINT ( 'NONE',  ( 178.4365479393296141, -0.2857947040642820902, 479.0499999999994998 ) ) ;
#7128 = EDGE_CURVE ( 'NONE', #3134, #2427, #8072, .T. ) ;
#7129 = CARTESIAN_POINT ( 'NONE',  ( -22.73375433991525085, -12.49999999999866596, 264.5975318995373300 ) ) ;
#7130 = CARTESIAN_POINT ( 'NONE',  ( -7.595907498244588218, -1.620509290086690424, 264.9999999999998863 ) ) ;
#7131 = DIRECTION ( 'NONE',  ( -0.1882705923873572440, -0.2231990808544784266, 0.9564185037669594713 ) ) ;
#7132 = FACE_OUTER_BOUND ( 'NONE', #6463, .T. ) ;
#7133 = DIRECTION ( 'NONE',  ( -1.000000000000000000, 0.000000000000000000, 0.000000000000000000 ) ) ;
#7134 = CARTESIAN_POINT ( 'NONE',  ( -8.208664572810409510, 12.50000000000000355, 260.3735289652069014 ) ) ;
#7135 = EDGE_LOOP ( 'NONE', ( #7375, #745, #3288, #4247 ) ) ;
#7136 = ORIENTED_EDGE ( 'NONE', *, *, #5596, .T. ) ;
#7137 = CARTESIAN_POINT ( 'NONE',  ( -16.16047637198634845, -12.50000000000000000, 326.2028090984042592 ) ) ;
#7138 = CARTESIAN_POINT ( 'NONE',  ( 13.99999999999998224, 7.225416114969380052E-15, 519.9999999999998863 ) ) ;
#7139 = CARTESIAN_POINT ( 'NONE',  ( -12.34650620804415588, 5.803778407715729948, 484.8000000000005230 ) ) ;
#7140 = CARTESIAN_POINT ( 'NONE',  ( -30.81306250518027667, 15.71661875046407708, 264.9999999999998863 ) ) ;
#7141 = CARTESIAN_POINT ( 'NONE',  ( -11.29243579283000365, -0.7794294240918319128, 325.0000000000000000 ) ) ;
#7142 = CARTESIAN_POINT ( 'NONE',  ( 155.2707778021824936, 3.858718474648613839, 480.0006627667647763 ) ) ;
#7143 = ORIENTED_EDGE ( 'NONE', *, *, #1955, .T. ) ;
#7144 = CARTESIAN_POINT ( 'NONE',  ( 5.126131857836603523, 10.23095606731147633, -0.000000000000000000 ) ) ;
#7145 = EDGE_CURVE ( 'NONE', #2630, #3644, #7483, .T. ) ;
#7146 = CARTESIAN_POINT ( 'NONE',  ( 166.8588554740589416, 2.035339060346185391, 484.8000000000000114 ) ) ;
#7147 = CARTESIAN_POINT ( 'NONE',  ( -32.45206492757170480, -12.50000000000000000, 319.9999999999996021 ) ) ;
#7148 = CARTESIAN_POINT ( 'NONE',  ( 177.4655210255767201, 0.03112513564933465718, 479.9999999999996589 ) ) ;
#7149 = CYLINDRICAL_SURFACE ( 'NONE', #7966, 1.000000000000000888 ) ;
#7150 = CARTESIAN_POINT ( 'NONE',  ( -16.00767612580891708, 2.319845662087974159, 345.0413722668128003 ) ) ;
#7151 = CARTESIAN_POINT ( 'NONE',  ( -15.46597006729223622, 3.368826395805175178, 479.0499999999996703 ) ) ;
#7152 = CARTESIAN_POINT ( 'NONE',  ( 179.6741888723610998, -0.3848439235190081464, 484.8000000000003524 ) ) ;
#7153 = EDGE_CURVE ( 'NONE', #5541, #7395, #6114, .T. ) ;
#7154 = B_SPLINE_CURVE_WITH_KNOTS ( 'NONE', 3,
 ( #4891, #7469, #5615, #307, #8156, #1720 ),
 .UNSPECIFIED., .F., .F.,
 ( 4, 2, 4 ),
 ( 4.770489558936219510E-18, 0.001461147549511378338, 0.002922295099022751905 ),
 .UNSPECIFIED. ) ;
#7155 = CARTESIAN_POINT ( 'NONE',  ( 166.7362027416500894, -0.04651729292491237761, 480.0000000000000000 ) ) ;
#7156 = CARTESIAN_POINT ( 'NONE',  ( 23.54107502798580143, 12.67712906320309330, 479.0499999999998977 ) ) ;
#7157 = CARTESIAN_POINT ( 'NONE',  ( 91.44159269330823747, -3.327669260358023351, 484.7999999999999545 ) ) ;
#7158 = VECTOR ( 'NONE', #6160, 1000.000000000000000 ) ;
#7159 = FACE_OUTER_BOUND ( 'NONE', #5233, .T. ) ;
#7160 = CARTESIAN_POINT ( 'NONE',  ( 70.10026379752703463, -24.99999999999999289, 574.9999999999997726 ) ) ;
#7161 = DIRECTION ( 'NONE',  ( -1.000000000000000000, -0.000000000000000000, -0.000000000000000000 ) ) ;
#7162 = CARTESIAN_POINT ( 'NONE',  ( 162.0000000000000000, 0.000000000000000000, 519.9999999999998863 ) ) ;
#7163 = EDGE_CURVE ( 'NONE', #4923, #6531, #2206, .T. ) ;
#7164 = CARTESIAN_POINT ( 'NONE',  ( -1.275715468150079968, -2.674737324832182850, 0.000000000000000000 ) ) ;
#7165 = VECTOR ( 'NONE', #5099, 1000.000000000000000 ) ;
#7166 = CARTESIAN_POINT ( 'NONE',  ( -0.8966610230667650949, 12.50000000000000178, 275.0000018154104851 ) ) ;
#7167 = CARTESIAN_POINT ( 'NONE',  ( 61.80486844985845352, 16.00000000000000000, 549.9999999999998863 ) ) ;
#7168 = ORIENTED_EDGE ( 'NONE', *, *, #6269, .T. ) ;
#7169 = PLANE ( 'NONE',  #6137 ) ;
#7170 = CARTESIAN_POINT ( 'NONE',  ( 178.4515666921616628, -0.2885857586754086435, 479.0500000000002387 ) ) ;
#7171 = CARTESIAN_POINT ( 'NONE',  ( -32.39132921756763750, -12.49999999999352873, 265.1193798030819266 ) ) ;
#7172 = VECTOR ( 'NONE', #5258, 1000.000000000000000 ) ;
#7173 = CARTESIAN_POINT ( 'NONE',  ( 17.27791453933194532, -23.75625330754063569, 264.9999999999998863 ) ) ;
#7174 = DIRECTION ( 'NONE',  ( -0.000000000000000000, -0.000000000000000000, -1.000000000000000000 ) ) ;
#7175 = LINE ( 'NONE', #51, #6999 ) ;
#7176 = CARTESIAN_POINT ( 'NONE',  ( 1.336946458894003431, -10.73592752302679187, 322.3403672416783934 ) ) ;
#7177 = CARTESIAN_POINT ( 'NONE',  ( 40.92950548548046896, -12.00000000000000000, 516.0563009700706516 ) ) ;
#7178 = EDGE_LOOP ( 'NONE', ( #1569, #5232, #3453, #5265, #6894, #6356, #838, #5366 ) ) ;
#7179 = ORIENTED_EDGE ( 'NONE', *, *, #5933, .F. ) ;
#7180 = CARTESIAN_POINT ( 'NONE',  ( -10.77240312933588839, -12.49999999999999645, 324.0121050118848416 ) ) ;
#7181 = CARTESIAN_POINT ( 'NONE',  ( 179.4672068873596231, -0.3509341913035193272, 179.9999999999999432 ) ) ;
#7182 = CARTESIAN_POINT ( 'NONE',  ( -16.13276459538644758, 2.775992224259407060, 484.7999999999993861 ) ) ;
#7183 = DIRECTION ( 'NONE',  ( 0.000000000000000000, 1.000000000000000000, 0.000000000000000000 ) ) ;
#7184 = CARTESIAN_POINT ( 'NONE',  ( -15.79307580906128017, 1.465364504772119547, 265.0000000000721343 ) ) ;
#7185 = CARTESIAN_POINT ( 'NONE',  ( 8.253625078389946523, -3.241230350439159746, 344.9866619974892501 ) ) ;
#7186 = CARTESIAN_POINT ( 'NONE',  ( 10.09122730323776906, 11.25906177100057981, 245.0215633017271273 ) ) ;
#7187 = EDGE_CURVE ( 'NONE', #6625, #7250, #921, .T. ) ;
#7188 = B_SPLINE_CURVE_WITH_KNOTS ( 'NONE', 3,
 ( #4885, #2889, #4104, #1636, #6739, #3584, #5485, #6828, #3450, #6916, #4149, #5570, #2975, #2110, #172, #4795, #7424, #6784, #3494, #6133, #8151, #216, #6174, #303, #7505, #8106 ),
 .UNSPECIFIED., .F., .F.,
 ( 4, 2, 2, 2, 2, 2, 2, 2, 2, 2, 2, 2, 4 ),
 ( 5.594315114139762021E-17, 0.003608256952559652040, 0.005412385428839530319, 0.007216513905119408163, 0.01082477085767916472, 0.01262889933395897231, 0.01443302781023878684, 0.01804128476279829099, 0.01984541323907798929, 0.02164954171535768759, 0.02525779866791708766, 0.02706192714419679290, 0.02886605562047649814 ),
 .UNSPECIFIED. ) ;
#7189 = ORIENTED_EDGE ( 'NONE', *, *, #3083, .F. ) ;
#7190 = CARTESIAN_POINT ( 'NONE',  ( 26.93167538785272441, 13.01856023937918216, 480.0000000000000000 ) ) ;
#7191 = CARTESIAN_POINT ( 'NONE',  ( 178.6453989321685469, -0.2071220712402375708, 484.8000000000001251 ) ) ;
#7192 = CARTESIAN_POINT ( 'NONE',  ( -14.94942467040632472, -12.50000000000000000, 323.3511114121750438 ) ) ;
#7193 = CARTESIAN_POINT ( 'NONE',  ( 178.6453989321685469, -0.2071220712402375708, 484.8000000000001251 ) ) ;
#7194 = CARTESIAN_POINT ( 'NONE',  ( 8.594918999960842854, 24.99999999999999289, 575.0000000000000000 ) ) ;
#7195 = CARTESIAN_POINT ( 'NONE',  ( -32.72395830739797162, 13.42849423099984385, 324.9999999999998863 ) ) ;
#7196 = CARTESIAN_POINT ( 'NONE',  ( -9.187223841868000562, 7.067169205986898461, 479.0500000000001819 ) ) ;
#7197 = CARTESIAN_POINT ( 'NONE',  ( 179.0835090010093893, -0.3458545580995858737, 0.000000000000000000 ) ) ;
#7198 = CARTESIAN_POINT ( 'NONE',  ( 126.6541552724023632, -1.461864165179212138, 484.7999999999994429 ) ) ;
#7199 = CARTESIAN_POINT ( 'NONE',  ( 169.5322559603405352, 1.577572313576822483, 434.0000000000001705 ) ) ;
#7200 = CARTESIAN_POINT ( 'NONE',  ( 132.3128236747269568, -1.155294152689071874, 484.8000000000007503 ) ) ;
#7201 = CARTESIAN_POINT ( 'NONE',  ( -49.99999999999999289, -6.999999999999986677, 295.0000000000000000 ) ) ;
#7202 = CARTESIAN_POINT ( 'NONE',  ( -15.05106945591467671, 0.6343119667680319207, 479.9989032201623900 ) ) ;
#7203 = LINE ( 'NONE', #5863, #6215 ) ;
#7204 = CARTESIAN_POINT ( 'NONE',  ( 90.00000000000001421, 3.642033860375761822, 495.0000000000000000 ) ) ;
#7205 = CARTESIAN_POINT ( 'NONE',  ( -15.42927400203303456, 0.8748434964728954988, 479.9999999999996589 ) ) ;
#7206 = CARTESIAN_POINT ( 'NONE',  ( 8.271936885838110598, 11.11745224353010464, 345.0219832424273818 ) ) ;
#7207 = CARTESIAN_POINT ( 'NONE',  ( 56.00000000000000000, 0.9999999999999922284, 303.9999999999998863 ) ) ;
#7208 = ORIENTED_EDGE ( 'NONE', *, *, #7344, .F. ) ;
#7209 = CARTESIAN_POINT ( 'NONE',  ( 179.4693417688409056, -0.3765962191822551097, 479.9999999999999432 ) ) ;
#7210 = CARTESIAN_POINT ( 'NONE',  ( 212.6561581770820624, 6.433618125338309568, 574.9999999999994316 ) ) ;
#7211 = CARTESIAN_POINT ( 'NONE',  ( 9.475385848001431910, -3.366994273734230880, 264.9999999999288889 ) ) ;
#7212 = CARTESIAN_POINT ( 'NONE',  ( 40.92950548548049028, -7.000000000000000000, 571.0000000000000000 ) ) ;
#7213 = CARTESIAN_POINT ( 'NONE',  ( -13.42773809901948390, 4.927147431284300438, 345.0344492245360470 ) ) ;
#7214 = AXIS2_PLACEMENT_3D ( 'NONE', #2856, #5492, #8112 ) ;
#7215 = CARTESIAN_POINT ( 'NONE',  ( 62.49999999999999289, 3.000000000000000000, 311.4999999999998863 ) ) ;
#7216 = CARTESIAN_POINT ( 'NONE',  ( 39.50000000000002842, -4.129413519195018090, 318.9999999999999432 ) ) ;
#7217 = ORIENTED_EDGE ( 'NONE', *, *, #4712, .T. ) ;
#7218 = AXIS2_PLACEMENT_3D ( 'NONE', #1436, #2120, #8160 ) ;
#7219 = ORIENTED_EDGE ( 'NONE', *, *, #6334, .F. ) ;
#7220 = CARTESIAN_POINT ( 'NONE',  ( 191.9193523660767653, -20.48254227425545793, 575.0000000000005684 ) ) ;
#7221 = CARTESIAN_POINT ( 'NONE',  ( 179.1729007373283196, -0.3531799933553920190, 180.0000000000001421 ) ) ;
#7222 = CARTESIAN_POINT ( 'NONE',  ( -16.31589928474578599, 1.940912755614016438, 479.9999999999998863 ) ) ;
#7223 = DIRECTION ( 'NONE',  ( -0.000000000000000000, 1.000000000000000000, -0.000000000000000000 ) ) ;
#7224 = CARTESIAN_POINT ( 'NONE',  ( -15.88617715931727581, 2.139026483644737020, 264.9999999999998863 ) ) ;
#7225 = CARTESIAN_POINT ( 'NONE',  ( -10.13803629325509448, -1.064224553266678530, 344.9910037910154301 ) ) ;
#7226 = CARTESIAN_POINT ( 'NONE',  ( 171.0000000000000000, 14.22106106644589474, 549.9999999999998863 ) ) ;
#7227 = ORIENTED_EDGE ( 'NONE', *, *, #4887, .F. ) ;
#7228 = CARTESIAN_POINT ( 'NONE',  ( -12.34650620804415588, 5.803778407715729948, 484.8000000000005230 ) ) ;
#7229 = CARTESIAN_POINT ( 'NONE',  ( 175.0398987597902192, 0.5371884679061067480, 479.9999999999996021 ) ) ;
#7230 = AXIS2_PLACEMENT_3D ( 'NONE', #7637, #7046, #7678 ) ;
#7231 = CARTESIAN_POINT ( 'NONE',  ( -59.00000000000000000, 12.50000000000000178, 319.9999999999998863 ) ) ;
#7232 = CARTESIAN_POINT ( 'NONE',  ( 179.6761134231500421, -0.3871119056734552144, 0.000000000000000000 ) ) ;
#7233 = EDGE_CURVE ( 'NONE', #1440, #3793, #646, .T. ) ;
#7234 = CYLINDRICAL_SURFACE ( 'NONE', #2641, 1.400000000000012346 ) ;
#7235 = CARTESIAN_POINT ( 'NONE',  ( -14.16413807999535024, 4.404924331804470405, 345.0359526017628014 ) ) ;
#7236 = EDGE_CURVE ( 'NONE', #7494, #6625, #189, .T. ) ;
#7237 = CARTESIAN_POINT ( 'NONE',  ( -16.00612660495054484, 1.341862765389020717, 480.0000000000003411 ) ) ;
#7238 = CARTESIAN_POINT ( 'NONE',  ( 179.5818144831821144, -0.3864877229708294504, 479.9999999999995453 ) ) ;
#7239 = AXIS2_PLACEMENT_3D ( 'NONE', #301, #258, #2848 ) ;
#7240 = CARTESIAN_POINT ( 'NONE',  ( 145.7334717553644907, -0.5313475993625904614, 484.8000000000000114 ) ) ;
#7241 = CARTESIAN_POINT ( 'NONE',  ( 168.6023792124654221, 1.737306329260673632, 434.0000000000000000 ) ) ;
#7242 = CARTESIAN_POINT ( 'NONE',  ( 126.6508388871298791, -1.463313533376820352, 479.9999999999994884 ) ) ;
#7243 = CYLINDRICAL_SURFACE ( 'NONE', #4123, 5.000000000000004441 ) ;
#7244 = FACE_OUTER_BOUND ( 'NONE', #6471, .T. ) ;
#7245 = CARTESIAN_POINT ( 'NONE',  ( -16.28276782249963972, 1.837218134739944331, 480.0000000039622705 ) ) ;
#7246 = CARTESIAN_POINT ( 'NONE',  ( 23.15000000000000213, 3.642033860375762266, 0.000000000000000000 ) ) ;
#7247 = CARTESIAN_POINT ( 'NONE',  ( 0.01802972817156376500, -2.813386947671081106, 0.000000000000000000 ) ) ;
#7248 = CARTESIAN_POINT ( 'NONE',  ( -7.725109477736856078, -12.50000000000000000, 265.5749535614607453 ) ) ;
#7249 = CARTESIAN_POINT ( 'NONE',  ( 140.8048684498582190, 16.00000000000000000, 549.9999999999998863 ) ) ;
#7250 = VERTEX_POINT ( 'NONE', #603 ) ;
#7251 = EDGE_CURVE ( 'NONE', #1374, #2516, #5822, .T. ) ;
#7252 = DIRECTION ( 'NONE',  ( -0.000000000000000000, 1.000000000000000000, -0.000000000000000000 ) ) ;
#7253 = CARTESIAN_POINT ( 'NONE',  ( 178.3510426407816567, -0.2698082579048095009, 479.0500000000012619 ) ) ;
#7254 = CARTESIAN_POINT ( 'NONE',  ( 68.49999999999998579, -7.000000000000000000, 311.4999999999998863 ) ) ;
#7255 = CARTESIAN_POINT ( 'NONE',  ( 9.929505485480440541, -12.00000000000000000, 322.9999999999999432 ) ) ;
#7256 = LINE ( 'NONE', #1898, #7741 ) ;
#7257 = DIRECTION ( 'NONE',  ( -0.000000000000000000, 0.000000000000000000, 1.000000000000000000 ) ) ;
#7258 = CARTESIAN_POINT ( 'NONE',  ( 210.4667835735454275, 8.373426858820295138, 575.0000000000000000 ) ) ;
#7259 = ORIENTED_EDGE ( 'NONE', *, *, #3406, .F. ) ;
#7260 = EDGE_CURVE ( 'NONE', #1978, #7639, #6534, .T. ) ;
#7261 = VERTEX_POINT ( 'NONE', #563 ) ;
#7262 = CARTESIAN_POINT ( 'NONE',  ( 184.9999999999999716, -24.99999999999998579, 575.0000000000000000 ) ) ;
#7263 = CARTESIAN_POINT ( 'NONE',  ( 10.35578042366993579, -4.696073205587392607, 252.0402573695357376 ) ) ;
#7264 = FACE_OUTER_BOUND ( 'NONE', #3510, .T. ) ;
#7265 = CARTESIAN_POINT ( 'NONE',  ( -15.90356992261152946, 2.034113363390442242, 264.9999999999998863 ) ) ;
#7266 = CARTESIAN_POINT ( 'NONE',  ( 0.6055519693757328570, -22.73428025461395663, 324.9999999999998863 ) ) ;
#7267 = CARTESIAN_POINT ( 'NONE',  ( -15.93317650273515618, 1.522255438326834076, 345.0245658259224797 ) ) ;
#7268 = ORIENTED_EDGE ( 'NONE', *, *, #3570, .F. ) ;
#7269 = ORIENTED_EDGE ( 'NONE', *, *, #6181, .F. ) ;
#7270 = CARTESIAN_POINT ( 'NONE',  ( -15.44300183437968066, 3.626970076764835849, 479.9999999999996589 ) ) ;
#7271 = VERTEX_POINT ( 'NONE', #3925 ) ;
#7272 = CARTESIAN_POINT ( 'NONE',  ( 100.9402247912097863, 10.31702346686257066, -0.000000000000000000 ) ) ;
#7273 = CARTESIAN_POINT ( 'NONE',  ( 94.32775357639131641, -3.209777070898274243, 480.0015858109849773 ) ) ;
#7274 = CARTESIAN_POINT ( 'NONE',  ( 179.1170607660166638, -0.2877304002468198951, 484.8000000000003524 ) ) ;
#7275 = CARTESIAN_POINT ( 'NONE',  ( -14.80804836149374282, 3.034820160450380833, 0.000000000000000000 ) ) ;
#7276 = CARTESIAN_POINT ( 'NONE',  ( -15.91135782622605888, 2.464530774107539735, 325.0000000002142428 ) ) ;
#7277 = EDGE_CURVE ( 'NONE', #2146, #6191, #7081, .T. ) ;
#7278 = CARTESIAN_POINT ( 'NONE',  ( -36.92421531302262849, 10.68627371366969925, 574.9999999999997726 ) ) ;
#7279 = CARTESIAN_POINT ( 'NONE',  ( 179.0654625349204707, -0.2807521666938629368, 0.000000000000000000 ) ) ;
#7280 = VECTOR ( 'NONE', #3695, 1000.000000000000000 ) ;
#7281 = CARTESIAN_POINT ( 'NONE',  ( 171.4385716982216650, -0.07452532768800156082, 484.8000000000001819 ) ) ;
#7282 = DIRECTION ( 'NONE',  ( -0.000000000000000000, -0.000000000000000000, -1.000000000000000000 ) ) ;
#7283 = CARTESIAN_POINT ( 'NONE',  ( 162.0452908397753617, -0.1066482759819040033, 0.000000000000000000 ) ) ;
#7284 = VECTOR ( 'NONE', #6547, 1000.000000000000000 ) ;
#7285 = LINE ( 'NONE', #8008, #4259 ) ;
#7286 = PLANE ( 'NONE',  #2340 ) ;
#7287 = PLANE ( 'NONE',  #401 ) ;
#7288 = EDGE_CURVE ( 'NONE', #966, #1138, #5212, .T. ) ;
#7289 = CARTESIAN_POINT ( 'NONE',  ( 103.2676083542078516, -2.790202921447929807, 484.7999999999998977 ) ) ;
#7290 = B_SPLINE_CURVE_WITH_KNOTS ( 'NONE', 3,
 ( #7899, #2070, #7979, #92, #1263, #3979, #1942, #4581, #6697, #2635, #8499, #4665, #7213, #6004, #3284, #5228, #1299, #5396, #700, #5916, #7855, #3938, #6528, #2022, #1338, #4625 ),
 .UNSPECIFIED., .F., .F.,
 ( 4, 2, 2, 2, 2, 2, 2, 2, 2, 2, 2, 2, 4 ),
 ( 0.000000000000000000, 0.007111110889189840162, 0.01422222177837968032, 0.01777777722297460214, 0.02133333266756952049, 0.02311111038986697966, 0.02488888811216443536, 0.02577777697331316495, 0.02666666583446189800, 0.02711111026503626106, 0.02755555469561062412, 0.02799999912618498371, 0.02844444355675934330 ),
 .UNSPECIFIED. ) ;
#7291 = FACE_OUTER_BOUND ( 'NONE', #5744, .T. ) ;
#7292 = VERTEX_POINT ( 'NONE', #7031 ) ;
#7293 = CARTESIAN_POINT ( 'NONE',  ( 178.6494323182278663, -0.3088490183631752983, 479.9999999999999432 ) ) ;
#7294 = CARTESIAN_POINT ( 'NONE',  ( 178.0090103204663876, -0.2045989527958564369, 479.0500000000013756 ) ) ;
#7295 = DIRECTION ( 'NONE',  ( 0.000000000000000000, 0.000000000000000000, -1.000000000000000000 ) ) ;
#7296 = CARTESIAN_POINT ( 'NONE',  ( 139.5613689813760914, 5.983050495165401550, 0.000000000000000000 ) ) ;
#7297 = CARTESIAN_POINT ( 'NONE',  ( 14.92950548548044054, -12.00000000000000000, 322.9999999999998863 ) ) ;
#7298 = DIRECTION ( 'NONE',  ( 0.000000000000000000, 0.000000000000000000, -1.000000000000000000 ) ) ;
#7299 = DIRECTION ( 'NONE',  ( 1.000000000000000000, 0.000000000000000000, 0.000000000000000000 ) ) ;
#7300 = EDGE_LOOP ( 'NONE', ( #2879, #1752, #3951, #5888 ) ) ;
#7301 = ORIENTED_EDGE ( 'NONE', *, *, #5612, .T. ) ;
#7302 = CARTESIAN_POINT ( 'NONE',  ( 157.2426447006386070, -0.09424635415660896631, 479.0499999999998408 ) ) ;
#7303 = AXIS2_PLACEMENT_3D ( 'NONE', #6714, #7356, #6022 ) ;
#7304 = CARTESIAN_POINT ( 'NONE',  ( 16.94503384505584265, -3.732587188466780503, 245.3435358672710436 ) ) ;
#7305 = CARTESIAN_POINT ( 'NONE',  ( -59.00000000000000000, 12.50000000000000178, 323.9999999999998863 ) ) ;
#7306 = CARTESIAN_POINT ( 'NONE',  ( -6.442794984366285505, -21.97825063672611634, 324.9999999999998295 ) ) ;
#7307 = CARTESIAN_POINT ( 'NONE',  ( 17.33881699713977653, -3.678877918054627827, 344.9867466024439864 ) ) ;
#7308 = ORIENTED_EDGE ( 'NONE', *, *, #7786, .T. ) ;
#7309 = VERTEX_POINT ( 'NONE', #1287 ) ;
#7310 = CARTESIAN_POINT ( 'NONE',  ( -15.14749774401184013, 2.525972188846042688, 0.000000000000000000 ) ) ;
#7311 = ORIENTED_EDGE ( 'NONE', *, *, #30, .F. ) ;
#7312 = CARTESIAN_POINT ( 'NONE',  ( 33.02740188789960030, 12.88904997451816570, 0.000000000000000000 ) ) ;
#7313 = CARTESIAN_POINT ( 'NONE',  ( 0.7536636120186213095, 12.21885314993294891, 264.9995573711195789 ) ) ;
#7314 = CARTESIAN_POINT ( 'NONE',  ( 178.6601633332413144, -0.2120399841106799521, 0.000000000000000000 ) ) ;
#7315 = EDGE_CURVE ( 'NONE', #6530, #1205, #2530, .T. ) ;
#7316 = CARTESIAN_POINT ( 'NONE',  ( 68.50000000000001421, -7.000000000000000000, 338.9999999999999432 ) ) ;
#7317 = CARTESIAN_POINT ( 'NONE',  ( -15.53145651212538247, 3.119318883925688901, 345.0393171476036400 ) ) ;
#7318 = CARTESIAN_POINT ( 'NONE',  ( -11.07033750687287643, -0.7816239521210240904, 479.9999999999990337 ) ) ;
#7319 = CARTESIAN_POINT ( 'NONE',  ( 179.3054121421480147, -0.3187896446592949906, 479.9999999999995453 ) ) ;
#7320 = CARTESIAN_POINT ( 'NONE',  ( 179.2437756139061662, -0.3586695648804109626, 479.9999999999994884 ) ) ;
#7321 = CARTESIAN_POINT ( 'NONE',  ( 25.68063280482046906, 12.50272442990484123, 0.000000000000000000 ) ) ;
#7322 = DIRECTION ( 'NONE',  ( 0.000000000000000000, 0.000000000000000000, 1.000000000000000000 ) ) ;
#7323 = CARTESIAN_POINT ( 'NONE',  ( 155.7689246456909018, -0.2509262568762115619, 0.000000000000000000 ) ) ;
#7324 = CARTESIAN_POINT ( 'NONE',  ( -27.66631192208426882, -12.49999999999999822, 269.4973590079596306 ) ) ;
#7325 = CARTESIAN_POINT ( 'NONE',  ( -49.99999999999999289, -5.551115123125782702E-14, 288.0000000000000568 ) ) ;
#7326 = CARTESIAN_POINT ( 'NONE',  ( 63.80486844985845352, -16.00000000000000000, 575.0000000000000000 ) ) ;
#7327 = DIRECTION ( 'NONE',  ( 1.000000000000000000, 0.000000000000000000, 0.000000000000000000 ) ) ;
#7328 = CARTESIAN_POINT ( 'NONE',  ( 73.69076227093798082, -3.808170903544597863, 484.8000000000006366 ) ) ;
#7329 = CARTESIAN_POINT ( 'NONE',  ( -6.690529116417677002, -1.652896486409423327, 484.8000000000003524 ) ) ;
#7330 = EDGE_LOOP ( 'NONE', ( #1748, #8512, #621, #3498, #6614, #7781, #6755, #6099, #4811, #6501, #4230, #5169, #4530, #7072, #8440, #776, #1654, #793, #3982, #5325, #5689, #4115 ) ) ;
#7331 = CARTESIAN_POINT ( 'NONE',  ( 178.6619016117768126, -0.3098030923147845894, 479.9999999999998863 ) ) ;
#7332 = CARTESIAN_POINT ( 'NONE',  ( 178.3538472568461941, -0.1410767648643078132, 480.0000000000013642 ) ) ;
#7333 = EDGE_CURVE ( 'NONE', #5040, #8141, #468, .T. ) ;
#7334 = EDGE_CURVE ( 'NONE', #2516, #498, #7353, .T. ) ;
#7335 = PLANE ( 'NONE',  #3052 ) ;
#7336 = CYLINDRICAL_SURFACE ( 'NONE', #7489, 5.000000000000004441 ) ;
#7337 = AXIS2_PLACEMENT_3D ( 'NONE', #3158, #3808, #5794 ) ;
#7338 = LINE ( 'NONE', #3325, #1746 ) ;
#7339 = DIRECTION ( 'NONE',  ( -0.000000000000000000, -0.000000000000000000, -1.000000000000000000 ) ) ;
#7340 = CARTESIAN_POINT ( 'NONE',  ( 40.92950548548045475, -9.278327336790129110, 503.7205479481607995 ) ) ;
#7341 = ORIENTED_EDGE ( 'NONE', *, *, #1133, .T. ) ;
#7342 = ORIENTED_EDGE ( 'NONE', *, *, #7516, .F. ) ;
#7343 = CARTESIAN_POINT ( 'NONE',  ( -5.534491080423290299, -12.49999999999999822, 324.6177601708944280 ) ) ;
#7344 = EDGE_CURVE ( 'NONE', #703, #252, #3814, .T. ) ;
#7345 = CARTESIAN_POINT ( 'NONE',  ( 4.450250997781693307, -7.795823593036074861, 257.9323483596338633 ) ) ;
#7346 = DIRECTION ( 'NONE',  ( 1.000000000000000000, 0.000000000000000000, 0.000000000000000000 ) ) ;
#7347 = CARTESIAN_POINT ( 'NONE',  ( -35.86403128305902044, 1.091552282975502886, 264.9999999999999432 ) ) ;
#7348 = LINE ( 'NONE', #7513, #1830 ) ;
#7349 = FACE_OUTER_BOUND ( 'NONE', #6136, .T. ) ;
#7350 = ORIENTED_EDGE ( 'NONE', *, *, #7787, .T. ) ;
#7351 = ORIENTED_EDGE ( 'NONE', *, *, #1687, .F. ) ;
#7352 = CARTESIAN_POINT ( 'NONE',  ( -3.135809833173868189, 9.079141839719385487, 484.7999999999998977 ) ) ;
#7353 = CIRCLE ( 'NONE', #4460, 5.000000000000004441 ) ;
#7354 = ORIENTED_EDGE ( 'NONE', *, *, #6568, .T. ) ;
#7355 = CARTESIAN_POINT ( 'NONE',  ( 23.80337536030227952, 12.38676476288977035, 0.000000000000000000 ) ) ;
#7356 = DIRECTION ( 'NONE',  ( -0.000000000000000000, -0.000000000000000000, -1.000000000000000000 ) ) ;
#7357 = CARTESIAN_POINT ( 'NONE',  ( 172.9558094409669025, 0.9463945913097160378, 480.0000000000001705 ) ) ;
#7358 = PLANE ( 'NONE',  #5768 ) ;
#7359 = CARTESIAN_POINT ( 'NONE',  ( -16.05391027965378115, 1.938074052021453664, 345.0370758947979652 ) ) ;
#7360 = CARTESIAN_POINT ( 'NONE',  ( 2.797570052093778514, -2.758144340232984160, 480.0000000000000568 ) ) ;
#7361 = CARTESIAN_POINT ( 'NONE',  ( 177.8057320114086224, -0.04337092150346232716, 484.8000000000001251 ) ) ;
#7362 = TOROIDAL_SURFACE ( 'NONE', #4749, 4.000000000000000000, 1.000000000000000000 ) ;
#7363 = CARTESIAN_POINT ( 'NONE',  ( 179.4550882778674747, -0.3768415401650092589, 484.7999999999996703 ) ) ;
#7364 = CARTESIAN_POINT ( 'NONE',  ( -31.22460638146868916, -7.763837784515076557, 325.0880234845067207 ) ) ;
#7365 = ADVANCED_FACE ( 'NONE', ( #4436 ), #7663, .F. ) ;
#7366 = CARTESIAN_POINT ( 'NONE',  ( -0.8831871637797010788, 12.50000000000000178, 324.9999999999999432 ) ) ;
#7367 = CARTESIAN_POINT ( 'NONE',  ( 179.5286596685701284, -0.3827374154208075252, 484.8000000000004093 ) ) ;
#7368 = CARTESIAN_POINT ( 'NONE',  ( -27.40511135811377486, 8.293301060010211501, 326.3129463756877726 ) ) ;
#7369 = CARTESIAN_POINT ( 'NONE',  ( -49.99999999999999289, -6.999999999999986677, 293.5999999999999659 ) ) ;
#7370 = CARTESIAN_POINT ( 'NONE',  ( 125.9773402670799953, -24.99999999999999289, 575.0000000000000000 ) ) ;
#7371 = CIRCLE ( 'NONE', #4904, 3.149999999999999911 ) ;
#7372 = CARTESIAN_POINT ( 'NONE',  ( -32.29151836483377025, -7.642666059029212811, 324.9999999999994884 ) ) ;
#7373 = CARTESIAN_POINT ( 'NONE',  ( 132.3128236747269568, -1.155294152689071874, 484.8000000000007503 ) ) ;
#7374 = CARTESIAN_POINT ( 'NONE',  ( -6.431983354062349001, -1.971677242654267248, 0.000000000000000000 ) ) ;
#7375 = ORIENTED_EDGE ( 'NONE', *, *, #4045, .F. ) ;
#7376 = CARTESIAN_POINT ( 'NONE',  ( 130.8096767193093797, 7.224463525051899815, 479.9999999999998295 ) ) ;
#7377 = CARTESIAN_POINT ( 'NONE',  ( 176.6232445614064375, 0.2133337994986958808, 479.9999999999991473 ) ) ;
#7378 = DIRECTION ( 'NONE',  ( 0.000000000000000000, -0.000000000000000000, 1.000000000000000000 ) ) ;
#7379 = CARTESIAN_POINT ( 'NONE',  ( 3.532075130058619283, -8.517441971879879503, 331.1204813653923225 ) ) ;
#7380 = LINE ( 'NONE', #2808, #662 ) ;
#7381 = CARTESIAN_POINT ( 'NONE',  ( -59.00000000000000000, 12.50000000000000178, 269.9999999999998863 ) ) ;
#7382 = CARTESIAN_POINT ( 'NONE',  ( 169.0000000000000000, -14.22106106644589474, 549.9999999999998863 ) ) ;
#7383 = VERTEX_POINT ( 'NONE', #5861 ) ;
#7384 = EDGE_CURVE ( 'NONE', #8395, #5517, #5984, .T. ) ;
#7385 = EDGE_LOOP ( 'NONE', ( #184, #1116, #754, #8024 ) ) ;
#7386 = CARTESIAN_POINT ( 'NONE',  ( 148.2867187268479370, -0.2613106074970512060, 479.0499999999994429 ) ) ;
#7387 = B_SPLINE_CURVE_WITH_KNOTS ( 'NONE', 3,
 ( #6826, #6085, #2765, #867, #8149, #6695, #4102, #6131, #6220, #6737 ),
 .UNSPECIFIED., .F., .F.,
 ( 4, 3, 3, 4 ),
 ( 0.000000000000000000, 0.1652721681311181690, 0.2539984899429456044, 0.2540000055547235736 ),
 .UNSPECIFIED. ) ;
#7388 = CARTESIAN_POINT ( 'NONE',  ( -0.9001964750802148307, 12.50000000000000178, 261.8050996190067394 ) ) ;
#7389 = DIRECTION ( 'NONE',  ( -0.000000000000000000, -0.000000000000000000, -1.000000000000000000 ) ) ;
#7390 = CARTESIAN_POINT ( 'NONE',  ( -15.43029037644705959, 1.014420454149063122, 245.0112910323165920 ) ) ;
#7391 = CARTESIAN_POINT ( 'NONE',  ( -15.46388613045836991, 1.860244086136949804, 0.000000000000000000 ) ) ;
#7392 = LINE ( 'NONE', #64, #3346 ) ;
#7393 = ORIENTED_EDGE ( 'NONE', *, *, #4920, .F. ) ;
#7394 = CARTESIAN_POINT ( 'NONE',  ( -16.73687287553192604, 12.50000000000000178, 261.3489210775574634 ) ) ;
#7395 = VERTEX_POINT ( 'NONE', #6383 ) ;
#7396 = CARTESIAN_POINT ( 'NONE',  ( -14.20409303523256028, 3.569733162405588800, 0.000000000000000000 ) ) ;
#7397 = EDGE_LOOP ( 'NONE', ( #314, #135, #3973, #2901 ) ) ;
#7398 = CARTESIAN_POINT ( 'NONE',  ( 47.73914881024762025, 13.10635989400364565, 0.000000000000000000 ) ) ;
#7399 = DIRECTION ( 'NONE',  ( -1.000000000000000000, 0.000000000000000000, 0.000000000000000000 ) ) ;
#7400 = CARTESIAN_POINT ( 'NONE',  ( 164.4272967997114563, 2.432631802965700363, 484.7999999999992156 ) ) ;
#7401 = CARTESIAN_POINT ( 'NONE',  ( -0.2846902912822524279, -16.00991544844572445, 575.0000000000000000 ) ) ;
#7402 = CARTESIAN_POINT ( 'NONE',  ( -35.87084462630405568, -0.7904846426906061430, 324.9999999999998863 ) ) ;
#7403 = CARTESIAN_POINT ( 'NONE',  ( -15.59556850765209823, 0.9989020684618775681, 480.0031091918046968 ) ) ;
#7404 = CARTESIAN_POINT ( 'NONE',  ( 3.887718366403030590, -2.608179135349111721, 479.0499999999999545 ) ) ;
#7405 = CARTESIAN_POINT ( 'NONE',  ( 179.5846532353714053, -0.3868135951900047997, 0.000000000000000000 ) ) ;
#7406 = CARTESIAN_POINT ( 'NONE',  ( 179.6749685898023472, -0.3861761184702209304, 479.9999999999992610 ) ) ;
#7407 = CARTESIAN_POINT ( 'NONE',  ( -1.408830337160332347, 11.76481138675723415, 254.6977685370301288 ) ) ;
#7408 = AXIS2_PLACEMENT_3D ( 'NONE', #7625, #4351, #5740 ) ;
#7409 = CARTESIAN_POINT ( 'NONE',  ( 68.49999999999998579, -7.000000000000000000, 318.9999999999999432 ) ) ;
#7410 = CARTESIAN_POINT ( 'NONE',  ( 169.7324063524727364, -0.08240377531906616093, 0.000000000000000000 ) ) ;
#7411 = CARTESIAN_POINT ( 'NONE',  ( -14.06636440733162630, -12.49999999999999822, 266.4751955091414288 ) ) ;
#7412 = CARTESIAN_POINT ( 'NONE',  ( -60.00000000000000000, 12.50000000000000178, 264.9999999999998863 ) ) ;
#7413 = EDGE_CURVE ( 'NONE', #3793, #6530, #6428, .T. ) ;
#7414 = CARTESIAN_POINT ( 'NONE',  ( 62.49999999999999289, -4.051812653789749419, 311.4999999999998863 ) ) ;
#7415 = CARTESIAN_POINT ( 'NONE',  ( -1.477710905158073906, -10.48825567829790728, 329.0089930833662493 ) ) ;
#7416 = CARTESIAN_POINT ( 'NONE',  ( 15.01210826629306361, -3.505387265374221517, 484.7999999999999545 ) ) ;
#7417 = CARTESIAN_POINT ( 'NONE',  ( -15.93750688578300334, 1.289568801358482730, 484.7999999999999545 ) ) ;
#7418 = ORIENTED_EDGE ( 'NONE', *, *, #7992, .F. ) ;
#7419 = CARTESIAN_POINT ( 'NONE',  ( 171.6370744781317512, 25.00000000000004619, 574.9999999999997726 ) ) ;
#7420 = CARTESIAN_POINT ( 'NONE',  ( 210.7715337430435625, 8.174463728344301572, 575.0000000000000000 ) ) ;
#7421 = EDGE_CURVE ( 'NONE', #2782, #5040, #2152, .T. ) ;
#7422 = DIRECTION ( 'NONE',  ( 0.000000000000000000, 0.000000000000000000, -1.000000000000000000 ) ) ;
#7423 = CARTESIAN_POINT ( 'NONE',  ( 5.176014437881927499, 10.70310439057942808, 345.6122515962558737 ) ) ;
#7424 = CARTESIAN_POINT ( 'NONE',  ( 26.29980826512231218, -3.950201947110718592, 326.5352982174331942 ) ) ;
#7425 = CARTESIAN_POINT ( 'NONE',  ( 0.7418463230745092618, 12.22855855130002745, 324.9995600797402062 ) ) ;
#7426 = FACE_OUTER_BOUND ( 'NONE', #2266, .T. ) ;
#7427 = ORIENTED_EDGE ( 'NONE', *, *, #4677, .T. ) ;
#7428 = ORIENTED_EDGE ( 'NONE', *, *, #5448, .F. ) ;
#7429 = CARTESIAN_POINT ( 'NONE',  ( 213.7418132279065617, 4.858764734350202730, 575.0000000000000000 ) ) ;
#7430 = CARTESIAN_POINT ( 'NONE',  ( 7.668587699794236379, -5.747170434689184759, 254.7427424225392940 ) ) ;
#7431 = DIRECTION ( 'NONE',  ( -1.000000000000000000, -1.214306433183764966E-16, 0.000000000000000000 ) ) ;
#7432 = AXIS2_PLACEMENT_3D ( 'NONE', #7843, #8488, #2626 ) ;
#7433 = CARTESIAN_POINT ( 'NONE',  ( -15.32150384205531246, 0.9025844595736757237, 264.9999999999998863 ) ) ;
#7434 = CARTESIAN_POINT ( 'NONE',  ( -14.63533721803532117, 0.3346072642946015252, 0.000000000000000000 ) ) ;
#7435 = CARTESIAN_POINT ( 'NONE',  ( 142.8048684498582190, 16.00000000000000000, 549.9999999999998863 ) ) ;
#7436 = EDGE_LOOP ( 'NONE', ( #5190, #4268, #1098, #5498 ) ) ;
#7437 = CARTESIAN_POINT ( 'NONE',  ( -15.15193449828267447, 12.50000000000000178, 263.5887244629902284 ) ) ;
#7438 = ORIENTED_EDGE ( 'NONE', *, *, #8087, .F. ) ;
#7439 = CARTESIAN_POINT ( 'NONE',  ( -19.40880252438382669, -12.50000000000000000, 267.5623515059318152 ) ) ;
#7440 = VERTEX_POINT ( 'NONE', #2498 ) ;
#7441 = CARTESIAN_POINT ( 'NONE',  ( 128.2815397657660696, 7.545898156911716725, 479.9999999999998863 ) ) ;
#7442 = DIRECTION ( 'NONE',  ( -0.8837879163470631072, -0.4678877204190302619, 0.000000000000000000 ) ) ;
#7443 = CARTESIAN_POINT ( 'NONE',  ( 169.1454452927683292, 1.621179250146151274, -0.000000000000000000 ) ) ;
#7444 = ADVANCED_FACE ( 'NONE', ( #7750 ), #6472, .F. ) ;
#7445 = CARTESIAN_POINT ( 'NONE',  ( 3.037522605177263024, 30.43477794363435862, 264.9999999999998863 ) ) ;
#7446 = VECTOR ( 'NONE', #2138, 1000.000000000000000 ) ;
#7447 = CARTESIAN_POINT ( 'NONE',  ( -16.01361081757849547, 1.899912026337621018, 325.0000000000000000 ) ) ;
#7448 = CARTESIAN_POINT ( 'NONE',  ( 166.4809180497854015, 2.099059016569428060, 480.0000000007601670 ) ) ;
#7449 = CARTESIAN_POINT ( 'NONE',  ( -12.07926714545140534, -0.4992620960883920045, 480.0000000000005116 ) ) ;
#7450 = CARTESIAN_POINT ( 'NONE',  ( 179.1289439517056792, -0.2897900515761177576, 480.0000000000003411 ) ) ;
#7451 = CARTESIAN_POINT ( 'NONE',  ( 177.6897787361052963, -0.2505316579683485867, 484.7999999999999545 ) ) ;
#7452 = CARTESIAN_POINT ( 'NONE',  ( -13.73811004409045822, 10.77128828861338583, 258.7192050996696366 ) ) ;
#7453 = CARTESIAN_POINT ( 'NONE',  ( 50.00000000000000000, 0.9999999999999943379, 575.1521839940262453 ) ) ;
#7454 = CARTESIAN_POINT ( 'NONE',  ( 177.6842409166393679, -0.2504012139362459255, 479.9999999999999432 ) ) ;
#7455 = CARTESIAN_POINT ( 'NONE',  ( -9.985182478560563624, -12.49999999999999822, 265.8512458634827453 ) ) ;
#7456 = CARTESIAN_POINT ( 'NONE',  ( 22.24956034554656625, -3.858089611950528131, 317.0000000000000568 ) ) ;
#7457 = DIRECTION ( 'NONE',  ( -0.8837879163470631072, 0.4678877204190302619, 0.000000000000000000 ) ) ;
#7458 = CARTESIAN_POINT ( 'NONE',  ( 8.345342700545257841, 11.09872868680351310, 246.8766204156876825 ) ) ;
#7459 = CARTESIAN_POINT ( 'NONE',  ( 73.68978544301258182, -3.810458425130815119, 480.0000000000005684 ) ) ;
#7460 = CARTESIAN_POINT ( 'NONE',  ( -10.53956819402852929, -0.9049651591802158057, 484.7999999999998977 ) ) ;
#7461 = DIRECTION ( 'NONE',  ( -1.000000000000000000, 3.614007241618349757E-16, 0.000000000000000000 ) ) ;
#7462 = CARTESIAN_POINT ( 'NONE',  ( 68.50000000000001421, -3.953551804602113862, 338.9999999999999432 ) ) ;
#7463 = CARTESIAN_POINT ( 'NONE',  ( -49.99999999999999289, 1.110223024625156540E-13, 302.0000000000000568 ) ) ;
#7464 = CARTESIAN_POINT ( 'NONE',  ( 4.458662536276958299, -7.766116428128158944, 332.0254626329032703 ) ) ;
#7465 = CARTESIAN_POINT ( 'NONE',  ( 1.499260999905817293, -10.55609781639726563, 260.7928155965000769 ) ) ;
#7466 = CARTESIAN_POINT ( 'NONE',  ( -60.00000000000000000, 6.999999999999988454, 294.9999999999999432 ) ) ;
#7467 = DIRECTION ( 'NONE',  ( 0.8373426858827530683, 0.5466783573534415019, 0.000000000000000000 ) ) ;
#7468 = CARTESIAN_POINT ( 'NONE',  ( 177.1764158718409021, -0.2913848995692265298, 479.0499999999979650 ) ) ;
#7469 = CARTESIAN_POINT ( 'NONE',  ( 0.4718439020478832346, 12.32196343843645892, 334.9348549298717330 ) ) ;
#7470 = CARTESIAN_POINT ( 'NONE',  ( -15.91381367918067546, 24.40339580259790608, 575.0000000000000000 ) ) ;
#7471 = CARTESIAN_POINT ( 'NONE',  ( -15.46889082147253447, 1.231787137295091705, 0.000000000000000000 ) ) ;
#7472 = CARTESIAN_POINT ( 'NONE',  ( 179.5281015317331423, -0.3820909275819164286, 433.9999999999997726 ) ) ;
#7473 = ORIENTED_EDGE ( 'NONE', *, *, #1251, .F. ) ;
#7474 = CARTESIAN_POINT ( 'NONE',  ( -25.10039584438770177, 12.50000000000075140, 263.9175229814472345 ) ) ;
#7475 = ORIENTED_EDGE ( 'NONE', *, *, #533, .T. ) ;
#7476 = LINE ( 'NONE', #5499, #1421 ) ;
#7477 = ORIENTED_EDGE ( 'NONE', *, *, #593, .F. ) ;
#7478 = DIRECTION ( 'NONE',  ( -4.081702296416013038E-16, -0.000000000000000000, 1.000000000000000000 ) ) ;
#7479 = CARTESIAN_POINT ( 'NONE',  ( 129.0474599744955242, 7.330320395594376315, 0.000000000000000000 ) ) ;
#7480 = CARTESIAN_POINT ( 'NONE',  ( -7.689995883471938853, 28.23596276988916287, 264.9999999999997726 ) ) ;
#7481 = CARTESIAN_POINT ( 'NONE',  ( -16.04072360714749479, 1.837415457832748178, 345.0346201772133554 ) ) ;
#7482 = CARTESIAN_POINT ( 'NONE',  ( 118.9356403204117214, -1.657948093670624568, 479.0500000000001819 ) ) ;
#7483 = CIRCLE ( 'NONE', #3490, 10.00000000000000888 ) ;
#7484 = ORIENTED_EDGE ( 'NONE', *, *, #546, .T. ) ;
#7485 = CARTESIAN_POINT ( 'NONE',  ( 157.1316013417298905, 3.574618523668342096, 480.0000000000004547 ) ) ;
#7486 = CARTESIAN_POINT ( 'NONE',  ( 178.9205212266232081, -0.3304640621708436199, 479.9999999999992610 ) ) ;
#7487 = CARTESIAN_POINT ( 'NONE',  ( -10.68366456124611119, 11.11166769147508759, 257.6710567664394489 ) ) ;
#7488 = ADVANCED_FACE ( 'NONE', ( #7159 ), #1249, .F. ) ;
#7489 = AXIS2_PLACEMENT_3D ( 'NONE', #6132, #6827, #215 ) ;
#7490 = FACE_OUTER_BOUND ( 'NONE', #5798, .T. ) ;
#7491 = CARTESIAN_POINT ( 'NONE',  ( 178.3625134362879407, -0.2910163483026827480, 0.000000000000000000 ) ) ;
#7492 = CARTESIAN_POINT ( 'NONE',  ( 0.1133265400370386811, 11.86662201680589135, 335.9642651235459994 ) ) ;
#7493 = CARTESIAN_POINT ( 'NONE',  ( 37.91318092059560030, -4.114174209454173337, 326.4176265965377866 ) ) ;
#7494 = VERTEX_POINT ( 'NONE', #4740 ) ;
#7495 = CARTESIAN_POINT ( 'NONE',  ( 3.099788656671706555, 11.49537894885003553, 252.3303501354606340 ) ) ;
#7496 = CARTESIAN_POINT ( 'NONE',  ( 177.6897787361052963, -0.2505316579683485867, 484.7999999999999545 ) ) ;
#7497 = ADVANCED_FACE ( 'NONE', ( #3313 ), #770, .T. ) ;
#7498 = CARTESIAN_POINT ( 'NONE',  ( -11.80136668324042226, -0.5769632035301655026, 479.9999999999999432 ) ) ;
#7499 = LINE ( 'NONE', #4747, #5309 ) ;
#7500 = CARTESIAN_POINT ( 'NONE',  ( -13.95080214761354753, 0.05478149679117970405, 0.000000000000000000 ) ) ;
#7501 = AXIS2_PLACEMENT_3D ( 'NONE', #5741, #7545, #6264 ) ;
#7502 = EDGE_CURVE ( 'NONE', #5868, #398, #4653, .T. ) ;
#7503 = LINE ( 'NONE', #170, #4622 ) ;
#7504 = DIRECTION ( 'NONE',  ( -1.000000000000000000, 0.000000000000000000, 0.000000000000000000 ) ) ;
#7505 = CARTESIAN_POINT ( 'NONE',  ( 17.93060511817385105, -3.715377516766901422, 323.2171660554964774 ) ) ;
#7506 = DIRECTION ( 'NONE',  ( -1.000000000000000000, -0.000000000000000000, -0.000000000000000000 ) ) ;
#7507 = LINE ( 'NONE', #8066, #387 ) ;
#7508 = VECTOR ( 'NONE', #2236, 1000.000000000000000 ) ;
#7509 = CARTESIAN_POINT ( 'NONE',  ( 214.9525548738681664, -1.172458872121377338, 575.0000000000001137 ) ) ;
#7510 = CARTESIAN_POINT ( 'NONE',  ( 179.3230529598591545, -0.3246564509018015077, 433.9999999999994884 ) ) ;
#7511 = CARTESIAN_POINT ( 'NONE',  ( 7.562419312270042937, 11.16824784832084383, 479.9999999999994316 ) ) ;
#7512 = CARTESIAN_POINT ( 'NONE',  ( -13.77211662303669470, 0.02476538265350582135, 264.9999999999910187 ) ) ;
#7513 = CARTESIAN_POINT ( 'NONE',  ( 40.92950548548048317, -2.000000000000000000, 575.0000000000000000 ) ) ;
#7514 = CARTESIAN_POINT ( 'NONE',  ( 176.9238979513126537, -0.2258164307570683094, 434.0000000000001705 ) ) ;
#7515 = ORIENTED_EDGE ( 'NONE', *, *, #424, .F. ) ;
#7516 = EDGE_CURVE ( 'NONE', #7848, #6365, #7285, .T. ) ;
#7517 = CARTESIAN_POINT ( 'NONE',  ( -17.43481268097423253, 12.50000000000000178, 264.7290672338092463 ) ) ;
#7518 = ORIENTED_EDGE ( 'NONE', *, *, #5035, .F. ) ;
#7519 = ORIENTED_EDGE ( 'NONE', *, *, #3167, .T. ) ;
#7520 = CARTESIAN_POINT ( 'NONE',  ( 162.2282484331952617, -0.08873664366397911174, 179.9999999999998863 ) ) ;
#7521 = CARTESIAN_POINT ( 'NONE',  ( -9.355637107983243439, 7.138799641748259539, 479.9999999999996021 ) ) ;
#7522 = CARTESIAN_POINT ( 'NONE',  ( -11.84648026747578520, 5.660475187317851820, 264.9999999999998863 ) ) ;
#7523 = CARTESIAN_POINT ( 'NONE',  ( -28.11711571928409725, -14.52520871319235951, 324.9999999999998863 ) ) ;
#7524 = CARTESIAN_POINT ( 'NONE',  ( 70.97365561278250823, -3.637564660873099598, 479.0500000000010346 ) ) ;
#7525 = ADVANCED_FACE ( 'NONE', ( #6641 ), #3011, .T. ) ;
#7526 = ORIENTED_EDGE ( 'NONE', *, *, #7694, .F. ) ;
#7527 = CARTESIAN_POINT ( 'NONE',  ( 167.4729181238039928, 1.904143190604902447, 0.000000000000000000 ) ) ;
#7528 = CARTESIAN_POINT ( 'NONE',  ( 179.1189387099404939, -0.2881406831605658470, 480.0000000000003411 ) ) ;
#7529 = CARTESIAN_POINT ( 'NONE',  ( -19.57473793534260054, -9.490785123596749528, 327.1018842789941345 ) ) ;
#7530 = CARTESIAN_POINT ( 'NONE',  ( 0.2066418503899075665, 12.38362704763479449, 255.6728836944714374 ) ) ;
#7531 = CARTESIAN_POINT ( 'NONE',  ( 174.5002454657331157, -0.1427085148151105709, 480.0000000000000000 ) ) ;
#7532 = CARTESIAN_POINT ( 'NONE',  ( -20.64053069353405689, 9.631661322513496160, 328.8616464703951010 ) ) ;
#7533 = CARTESIAN_POINT ( 'NONE',  ( 50.00000000000000000, 0.9999999999999943379, 571.0000000000000000 ) ) ;
#7534 = ORIENTED_EDGE ( 'NONE', *, *, #6413, .F. ) ;
#7535 = CARTESIAN_POINT ( 'NONE',  ( -33.77870876562013791, -7.500000000006646239, 324.9999999999999432 ) ) ;
#7536 = CARTESIAN_POINT ( 'NONE',  ( 169.3096507831619988, -0.05739117070157361000, 479.9999999999999432 ) ) ;
#7537 = AXIS2_PLACEMENT_3D ( 'NONE', #7325, #4224, #6978 ) ;
#7538 = CARTESIAN_POINT ( 'NONE',  ( 5.581846213248563338, -2.976122298430114999, 484.8000000000000114 ) ) ;
#7539 = ORIENTED_EDGE ( 'NONE', *, *, #1337, .T. ) ;
#7540 = CARTESIAN_POINT ( 'NONE',  ( 176.4759631523087933, 0.2441444612496927458, 480.0000000000000000 ) ) ;
#7541 = CARTESIAN_POINT ( 'NONE',  ( -13.66608523999272684, 0.02785551541598500769, 480.0000000000004547 ) ) ;
#7542 = CARTESIAN_POINT ( 'NONE',  ( -60.00000000000000000, 6.999999999999988454, 296.3999999999999204 ) ) ;
#7543 = CARTESIAN_POINT ( 'NONE',  ( 173.3186364766570762, 0.8671212014420299763, 180.0000000000000000 ) ) ;
#7544 = FACE_BOUND ( 'NONE', #5962, .T. ) ;
#7545 = DIRECTION ( 'NONE',  ( -0.000000000000000000, -0.000000000000000000, 1.000000000000000000 ) ) ;
#7546 = CARTESIAN_POINT ( 'NONE',  ( 179.2896840001760950, -0.3180487473494029715, 0.000000000000000000 ) ) ;
#7547 = VECTOR ( 'NONE', #8303, 1000.000000000000000 ) ;
#7548 = CARTESIAN_POINT ( 'NONE',  ( 178.5488848139496554, -0.2996224787868851380, 479.9999999999989768 ) ) ;
#7549 = PLANE ( 'NONE',  #7703 ) ;
#7550 = CARTESIAN_POINT ( 'NONE',  ( -21.01575158667978016, -18.62319284085951665, 265.0000000000000568 ) ) ;
#7551 = CARTESIAN_POINT ( 'NONE',  ( 170.7115394862661049, -0.06331472780011819512, 480.0000000000001705 ) ) ;
#7552 = CARTESIAN_POINT ( 'NONE',  ( 178.6319094989421501, -0.3079545490237865502, 434.0000000000007390 ) ) ;
#7553 = DIRECTION ( 'NONE',  ( 1.000000000000000000, 0.000000000000000000, 0.000000000000000000 ) ) ;
#7554 = CARTESIAN_POINT ( 'NONE',  ( -10.83054357253191569, 12.49999999999999822, 328.6372722773453461 ) ) ;
#7555 = EDGE_LOOP ( 'NONE', ( #86, #1198 ) ) ;
#7556 = VERTEX_POINT ( 'NONE', #5384 ) ;
#7557 = VECTOR ( 'NONE', #6248, 1000.000000000000000 ) ;
#7558 = CARTESIAN_POINT ( 'NONE',  ( 174.1629700010698514, -0.1406381721269103768, 180.0000000000000000 ) ) ;
#7559 = CARTESIAN_POINT ( 'NONE',  ( 46.62819187923812336, 13.46151024557913267, 479.9999999999996589 ) ) ;
#7560 = FACE_OUTER_BOUND ( 'NONE', #4543, .T. ) ;
#7561 = CARTESIAN_POINT ( 'NONE',  ( -15.10896219316219202, 0.7138050694957388531, 324.9999999999909619 ) ) ;
#7562 = CARTESIAN_POINT ( 'NONE',  ( 120.3691600542423004, -1.820644407835172007, 479.9999999999999432 ) ) ;
#7563 = ORIENTED_EDGE ( 'NONE', *, *, #5448, .T. ) ;
#7564 = CARTESIAN_POINT ( 'NONE',  ( 175.0398987597902192, 0.5371884679061067480, 479.9999999999996021 ) ) ;
#7565 = CARTESIAN_POINT ( 'NONE',  ( 179.1225769593129371, -0.2887405847492392486, 480.0000000000003411 ) ) ;
#7566 = CARTESIAN_POINT ( 'NONE',  ( -15.00531694028867591, -12.49999999999967315, 326.3404632347846359 ) ) ;
#7567 = CARTESIAN_POINT ( 'NONE',  ( -0.9013971479588530622, 12.50000000000000178, 257.3165695183393495 ) ) ;
#7568 = CARTESIAN_POINT ( 'NONE',  ( 179.1173391926178624, -0.3487285780216550779, 0.000000000000000000 ) ) ;
#7569 = EDGE_CURVE ( 'NONE', #211, #1374, #4090, .T. ) ;
#7570 = CARTESIAN_POINT ( 'NONE',  ( -23.36543039664505983, 12.50000000000000178, 322.5763886250797441 ) ) ;
#7571 = VECTOR ( 'NONE', #6351, 1000.000000000000114 ) ;
#7572 = CARTESIAN_POINT ( 'NONE',  ( -15.73292734558312844, 2.472479180851884895, 245.0404575399448390 ) ) ;
#7573 = CARTESIAN_POINT ( 'NONE',  ( -12.00685747458067176, 5.721387201083098617, 345.0323960709237667 ) ) ;
#7574 = B_SPLINE_SURFACE_WITH_KNOTS ( 'NONE', 3, 1, ( 
 ( #4514, #5679, #8478 ),
 ( #1787, #413, #8388 ),
 ( #594, #1239, #2489 ),
 ( #3873, #8299, #2575 ),
 ( #2397, #7019, #5033 ),
 ( #7830, #457, #5726 ),
 ( #5075, #8343, #5120 ) ),
 .UNSPECIFIED., .F., .F., .F.,
 ( 4, 1, 1, 1, 4 ),
 ( 2, 1, 2 ),
 ( 0.000000000000000000, 0.2577894987193965481, 0.5813213000013193188, 0.9368014796313233195, 1.000000000000000000 ),
 ( -0.01000000000000000021, 0.000000000000000000, 1.000000000000000000 ),
 .UNSPECIFIED. ) ;
#7575 = ORIENTED_EDGE ( 'NONE', *, *, #7763, .T. ) ;
#7576 = CARTESIAN_POINT ( 'NONE',  ( 8.518572445553530770, 11.19809236717038381, 343.5637954947753769 ) ) ;
#7577 = CARTESIAN_POINT ( 'NONE',  ( 169.7324063524727364, -0.08240377531906616093, 0.000000000000000000 ) ) ;
#7578 = CARTESIAN_POINT ( 'NONE',  ( 24.45327970776682491, -3.810759374005224576, 480.0000000000001137 ) ) ;
#7579 = EDGE_LOOP ( 'NONE', ( #632, #3588 ) ) ;
#7580 = CARTESIAN_POINT ( 'NONE',  ( 101.5799017722652309, 10.44230278001034584, 480.0000000000003411 ) ) ;
#7581 = CARTESIAN_POINT ( 'NONE',  ( -2.806201488262016319, -2.192863492593958963, 484.8000000000001819 ) ) ;
#7582 = CYLINDRICAL_SURFACE ( 'NONE', #1002, 3.149999999999999911 ) ;
#7583 = CARTESIAN_POINT ( 'NONE',  ( 0.2684082955026828587, 9.874653453806388370, 479.9999982643564636 ) ) ;
#7584 = CARTESIAN_POINT ( 'NONE',  ( 62.49999999999999289, -4.055719948554211918, 303.9999999999998863 ) ) ;
#7585 = DIRECTION ( 'NONE',  ( 1.000000000000000000, 0.000000000000000000, 0.000000000000000000 ) ) ;
#7586 = DIRECTION ( 'NONE',  ( -1.000000000000000000, 0.000000000000000000, 0.000000000000000000 ) ) ;
#7587 = CARTESIAN_POINT ( 'NONE',  ( -23.69724417607860190, 12.49999999999963052, 326.5224524622207696 ) ) ;
#7588 = ORIENTED_EDGE ( 'NONE', *, *, #6373, .F. ) ;
#7589 = CARTESIAN_POINT ( 'NONE',  ( -3.122629924834370296, 9.076083798946390502, 479.9999999999998863 ) ) ;
#7590 = CARTESIAN_POINT ( 'NONE',  ( 214.9999999999999716, 0.2135762470149919212, 575.0000000000000000 ) ) ;
#7591 = CARTESIAN_POINT ( 'NONE',  ( 1.337133764547210113, -10.74386969984630014, 260.9566322063618600 ) ) ;
#7592 = CARTESIAN_POINT ( 'NONE',  ( -12.06070928370775874, -21.14696487503995570, 264.9999999999998863 ) ) ;
#7593 = SURFACE_SIDE_STYLE ('',( #3025 ) ) ;
#7594 = CARTESIAN_POINT ( 'NONE',  ( 177.2775562778971619, -0.2367629382794029513, 434.0000000000004547 ) ) ;
#7595 = DIRECTION ( 'NONE',  ( 0.000000000000000000, 0.000000000000000000, 1.000000000000000000 ) ) ;
#7596 = CARTESIAN_POINT ( 'NONE',  ( 2.797389907487568106, 12.50000000000000178, 255.8274356496184510 ) ) ;
#7597 = ORIENTED_EDGE ( 'NONE', *, *, #2691, .F. ) ;
#7598 = EDGE_CURVE ( 'NONE', #8198, #4916, #625, .T. ) ;
#7599 = ORIENTED_EDGE ( 'NONE', *, *, #89, .T. ) ;
#7600 = CARTESIAN_POINT ( 'NONE',  ( 26.34175115327878558, -3.852002394093176019, 480.0000000000000000 ) ) ;
#7601 = CARTESIAN_POINT ( 'NONE',  ( -1.804639090884555319, 8.770279721646868865, 0.000000000000000000 ) ) ;
#7602 = CARTESIAN_POINT ( 'NONE',  ( -13.39535708881459719, 4.769276283244050063, 264.9999999999998295 ) ) ;
#7603 = CARTESIAN_POINT ( 'NONE',  ( -13.81822245453248321, 0.05456204506414775307, 325.0000000000267733 ) ) ;
#7604 = CARTESIAN_POINT ( 'NONE',  ( 56.00000000000000000, -3.000000000000007994, 571.0000000000000000 ) ) ;
#7605 = ORIENTED_EDGE ( 'NONE', *, *, #6898, .F. ) ;
#7606 = CARTESIAN_POINT ( 'NONE',  ( 174.9198242209895113, 0.5500803702987722144, 0.000000000000000000 ) ) ;
#7607 = CARTESIAN_POINT ( 'NONE',  ( 179.1170607660166638, -0.2877304002468198951, 484.8000000000003524 ) ) ;
#7608 = CARTESIAN_POINT ( 'NONE',  ( 137.4672068873616126, 6.347434705924479559, 433.9984860074268340 ) ) ;
#7609 = CARTESIAN_POINT ( 'NONE',  ( 179.3781836717156182, -0.3307856057230973423, 480.0000000000002842 ) ) ;
#7610 = CARTESIAN_POINT ( 'NONE',  ( -2.475004693314782678, -12.49999999999999822, 324.8898947101527597 ) ) ;
#7611 = CARTESIAN_POINT ( 'NONE',  ( -15.40058667088281297, 2.971700507857785833, 245.0390358538938074 ) ) ;
#7612 = CARTESIAN_POINT ( 'NONE',  ( -17.06056925123583312, 25.37811184817542198, 324.9999999999999432 ) ) ;
#7613 = ORIENTED_EDGE ( 'NONE', *, *, #1121, .T. ) ;
#7614 = CARTESIAN_POINT ( 'NONE',  ( 3.049482044685806859, 11.53922072083605599, 337.8433560999455381 ) ) ;
#7615 = CARTESIAN_POINT ( 'NONE',  ( 175.3694828688899747, -0.1815149979009731684, 0.000000000000000000 ) ) ;
#7616 = ADVANCED_FACE ( 'NONE', ( #3439 ), #6774, .F. ) ;
#7617 = AXIS2_PLACEMENT_3D ( 'NONE', #8030, #7989, #791 ) ;
#7618 = CARTESIAN_POINT ( 'NONE',  ( 24.56905792275457046, -4.125220352701166604, -0.000000000000000000 ) ) ;
#7619 = VERTEX_POINT ( 'NONE', #6033 ) ;
#7620 = CARTESIAN_POINT ( 'NONE',  ( 87.74182999856969900, 11.63303405691998016, 480.0000000000003979 ) ) ;
#7621 = CARTESIAN_POINT ( 'NONE',  ( 15.01366798195515351, -3.508652782660410363, 479.9999999999999432 ) ) ;
#7622 = VECTOR ( 'NONE', #4453, 1000.000000000000000 ) ;
#7623 = CARTESIAN_POINT ( 'NONE',  ( -2.129493455591217721, -12.50000000000000178, 264.6945460520565803 ) ) ;
#7624 = CARTESIAN_POINT ( 'NONE',  ( 137.4672068873614990, 6.294479892970873181, 179.9999999999999716 ) ) ;
#7625 = CARTESIAN_POINT ( 'NONE',  ( 198.6294900719518921, -0.4063160304696958325, 575.0000000000000000 ) ) ;
#7626 = CARTESIAN_POINT ( 'NONE',  ( 45.00000000000000711, -7.000000000000000000, 318.9999999999999432 ) ) ;
#7627 = ADVANCED_FACE ( 'NONE', ( #5301 ), #5338, .F. ) ;
#7628 = DIRECTION ( 'NONE',  ( -1.000000000000000000, -1.214306433183764966E-16, 0.000000000000000000 ) ) ;
#7629 = CARTESIAN_POINT ( 'NONE',  ( -22.91365067205217798, 12.50000000000037303, 326.7433834898577629 ) ) ;
#7630 = VERTEX_POINT ( 'NONE', #4782 ) ;
#7631 = AXIS2_PLACEMENT_3D ( 'NONE', #3809, #3027, #7553 ) ;
#7632 = CARTESIAN_POINT ( 'NONE',  ( -15.73065506083482568, 3.299876400299454726, 480.0000000000001137 ) ) ;
#7633 = CARTESIAN_POINT ( 'NONE',  ( 178.8713207848057891, -0.2415150059283683037, 480.0000000000000568 ) ) ;
#7634 = CARTESIAN_POINT ( 'NONE',  ( 179.3818394739772657, -0.3349391979880639858, 434.0000000000001137 ) ) ;
#7635 = CARTESIAN_POINT ( 'NONE',  ( -17.68364838767325509, -19.77772742461134570, 264.9999999999998295 ) ) ;
#7636 = CARTESIAN_POINT ( 'NONE',  ( 44.00000000000000711, 7.999999999999992895, 4.000000000000000000 ) ) ;
#7637 = CARTESIAN_POINT ( 'NONE',  ( -49.99999999999999289, 1.110223024625156540E-13, 302.0000000000000568 ) ) ;
#7638 = CARTESIAN_POINT ( 'NONE',  ( -12.02974161636416461, 10.96717482063511362, 258.1287479140585788 ) ) ;
#7639 = VERTEX_POINT ( 'NONE', #7369 ) ;
#7640 = ORIENTED_EDGE ( 'NONE', *, *, #5355, .T. ) ;
#7641 = CARTESIAN_POINT ( 'NONE',  ( 178.7477592564441693, -0.3189415960188130561, 180.0000000000003695 ) ) ;
#7642 = CARTESIAN_POINT ( 'NONE',  ( 31.85228413495082833, 13.25333667459913300, 479.9999999999997158 ) ) ;
#7643 = CARTESIAN_POINT ( 'NONE',  ( -12.69321498937862636, 5.199718634022169717, 264.9999999999999432 ) ) ;
#7644 = CARTESIAN_POINT ( 'NONE',  ( -12.02094290677921329, -0.5617221846647671990, 344.9932415104918846 ) ) ;
#7645 = CARTESIAN_POINT ( 'NONE',  ( 9.929795434877103588, 11.32194626333459908, 322.9152814323740017 ) ) ;
#7646 = ORIENTED_EDGE ( 'NONE', *, *, #904, .T. ) ;
#7647 = CARTESIAN_POINT ( 'NONE',  ( 169.4691290425516854, 1.591112248841880961, 484.8000000000001251 ) ) ;
#7648 = CARTESIAN_POINT ( 'NONE',  ( 178.7616054442715949, -0.2276258576920555388, 484.8000000000002387 ) ) ;
#7649 = CARTESIAN_POINT ( 'NONE',  ( 155.1117807192614464, -0.2226286565086620928, 480.0000000000000568 ) ) ;
#7650 = CARTESIAN_POINT ( 'NONE',  ( 179.5818144831821144, -0.3864877229708294504, 479.9999999999995453 ) ) ;
#7651 = DIRECTION ( 'NONE',  ( -0.000000000000000000, -0.000000000000000000, 1.000000000000000000 ) ) ;
#7652 = CARTESIAN_POINT ( 'NONE',  ( 5.410390928360985896, 10.57415697909031493, 245.0228531413254700 ) ) ;
#7653 = CARTESIAN_POINT ( 'NONE',  ( -2.186353906612184872, 29.61344698903645067, 324.9999999999998863 ) ) ;
#7654 = ORIENTED_EDGE ( 'NONE', *, *, #7694, .T. ) ;
#7655 = CARTESIAN_POINT ( 'NONE',  ( -35.79885515337475965, 11.42099087771675059, 575.0000000000000000 ) ) ;
#7656 = CARTESIAN_POINT ( 'NONE',  ( 173.9606047222718814, -0.1393959665139902770, 0.000000000000000000 ) ) ;
#7657 = CARTESIAN_POINT ( 'NONE',  ( 3.473491383740019423, -3.128492574390381087, -0.000000000000000000 ) ) ;
#7658 = VERTEX_POINT ( 'NONE', #4137 ) ;
#7659 = CARTESIAN_POINT ( 'NONE',  ( 47.20677540449104015, 13.34337368422354864, 479.0499999999996135 ) ) ;
#7660 = CARTESIAN_POINT ( 'NONE',  ( -9.047405106638299443, -1.235915632631911398, 480.0000000000000000 ) ) ;
#7661 = VERTEX_POINT ( 'NONE', #7967 ) ;
#7662 = ADVANCED_FACE ( 'NONE', ( #857 ), #3481, .F. ) ;
#7663 = CYLINDRICAL_SURFACE ( 'NONE', #8449, 2.000000000000001776 ) ;
#7664 = CARTESIAN_POINT ( 'NONE',  ( 1.337133764547210113, -10.74386969984630014, 260.9566322063618600 ) ) ;
#7665 = CARTESIAN_POINT ( 'NONE',  ( 171.2376349881313899, 1.260559527188296558, 179.9999999999999432 ) ) ;
#7666 = CARTESIAN_POINT ( 'NONE',  ( -60.00000000000000000, 12.50000000000000178, 269.9999999999998863 ) ) ;
#7667 = CARTESIAN_POINT ( 'NONE',  ( -15.93750688578300334, 1.289568801358482730, 484.7999999999999545 ) ) ;
#7668 = CARTESIAN_POINT ( 'NONE',  ( 140.8048684498582190, 18.00000000000000355, 549.9999999999998863 ) ) ;
#7669 = CARTESIAN_POINT ( 'NONE',  ( -26.94864216670775292, 12.50000000000000178, 321.2400532308114975 ) ) ;
#7670 = ORIENTED_EDGE ( 'NONE', *, *, #233, .F. ) ;
#7671 = CARTESIAN_POINT ( 'NONE',  ( -9.355637107983243439, 7.138799641748259539, 479.9999999999996021 ) ) ;
#7672 = CARTESIAN_POINT ( 'NONE',  ( 178.6037942861170791, -0.3165891253093490731, 479.0499999999988745 ) ) ;
#7673 = CARTESIAN_POINT ( 'NONE',  ( -18.44217303643455708, -12.49999999999999822, 264.0610310180687179 ) ) ;
#7674 = EDGE_CURVE ( 'NONE', #1469, #4166, #2623, .T. ) ;
#7675 = CARTESIAN_POINT ( 'NONE',  ( -11.70107248060777039, -0.6914129831399876691, 244.9929619201879518 ) ) ;
#7676 = SURFACE_STYLE_USAGE ( .BOTH. , #7593 ) ;
#7677 = DIRECTION ( 'NONE',  ( -0.000000000000000000, -0.000000000000000000, -1.000000000000000000 ) ) ;
#7678 = DIRECTION ( 'NONE',  ( 0.000000000000000000, 0.000000000000000000, 1.000000000000000000 ) ) ;
#7679 = CARTESIAN_POINT ( 'NONE',  ( -11.42336179747655045, 12.50000000000073719, 259.4751110317247367 ) ) ;
#7680 = ORIENTED_EDGE ( 'NONE', *, *, #8441, .T. ) ;
#7681 = ORIENTED_EDGE ( 'NONE', *, *, #5701, .T. ) ;
#7682 = CIRCLE ( 'NONE', #2736, 5.000000000000004441 ) ;
#7683 = FACE_OUTER_BOUND ( 'NONE', #7397, .T. ) ;
#7684 = CARTESIAN_POINT ( 'NONE',  ( -6.890988369210660380, 8.003985392337185090, 480.0000000000001137 ) ) ;
#7685 = CARTESIAN_POINT ( 'NONE',  ( -30.39809960006790490, 16.21259239722312273, 264.9999999999998863 ) ) ;
#7686 = CARTESIAN_POINT ( 'NONE',  ( -13.61135346012043001, -0.02542905897311795518, 324.9999999999864144 ) ) ;
#7687 = CARTESIAN_POINT ( 'NONE',  ( 136.0073316429500494, 6.568812102614776549, 480.0006140892031681 ) ) ;
#7688 = ORIENTED_EDGE ( 'NONE', *, *, #2217, .F. ) ;
#7689 = CARTESIAN_POINT ( 'NONE',  ( 64.64770598085424069, 13.04881975100164482, 484.8000000000005230 ) ) ;
#7690 = CARTESIAN_POINT ( 'NONE',  ( 179.0652779708134688, -0.2792706371412809196, 480.0000000000000568 ) ) ;
#7691 = LINE ( 'NONE', #4953, #6470 ) ;
#7692 = CARTESIAN_POINT ( 'NONE',  ( 179.6631224529951112, -0.3814005897323746175, 484.7999999999997840 ) ) ;
#7693 = ADVANCED_FACE ( 'NONE', ( #2010 ), #7243, .T. ) ;
#7694 = EDGE_CURVE ( 'NONE', #6323, #842, #7968, .T. ) ;
#7695 = CARTESIAN_POINT ( 'NONE',  ( -60.00000000000000000, 6.999999999999988454, 294.9999999999999432 ) ) ;
#7696 = CARTESIAN_POINT ( 'NONE',  ( -60.00000000000000000, 12.50000000000000178, 324.9999999999998863 ) ) ;
#7697 = CARTESIAN_POINT ( 'NONE',  ( -13.33108759088376338, 4.933828531907177961, 325.0000000000179057 ) ) ;
#7698 = ORIENTED_EDGE ( 'NONE', *, *, #6848, .T. ) ;
#7699 = LINE ( 'NONE', #2444, #7280 ) ;
#7700 = CARTESIAN_POINT ( 'NONE',  ( 178.9261013045265827, -0.3308585393095251903, 484.7999999999992156 ) ) ;
#7701 = CARTESIAN_POINT ( 'NONE',  ( 61.85332123469070353, -3.986671831729384774, 479.9999999999992042 ) ) ;
#7702 = EDGE_LOOP ( 'NONE', ( #7772, #6972, #7067, #4325 ) ) ;
#7703 = AXIS2_PLACEMENT_3D ( 'NONE', #6834, #3713, #4358 ) ;
#7704 = CARTESIAN_POINT ( 'NONE',  ( 73.22630345871075974, 12.60559906365477545, 479.9999999999999432 ) ) ;
#7705 = CARTESIAN_POINT ( 'NONE',  ( -12.43086207558950207, -0.3882407670331832761, 484.7999999999996703 ) ) ;
#7706 = CARTESIAN_POINT ( 'NONE',  ( -59.00000000000000000, 7.500000000000002665, 269.9999999999998863 ) ) ;
#7707 = CARTESIAN_POINT ( 'NONE',  ( -35.28756938634698059, 6.875356195356970623, 264.9999999999999432 ) ) ;
#7708 = CARTESIAN_POINT ( 'NONE',  ( 179.2037017185751324, -0.3021819414809285287, 180.0000000000000000 ) ) ;
#7709 = CARTESIAN_POINT ( 'NONE',  ( 63.80486844985845352, -16.00000000000000000, 549.9999999999998863 ) ) ;
#7710 = DIRECTION ( 'NONE',  ( 0.000000000000000000, 0.000000000000000000, 1.000000000000000000 ) ) ;
#7711 =( NAMED_UNIT ( * ) PLANE_ANGLE_UNIT ( ) SI_UNIT ( $, .RADIAN. ) );
#7712 = B_SPLINE_CURVE_WITH_KNOTS ( 'NONE', 3,
 ( #7743, #4343, #5641, #4386, #8262 ),
 .UNSPECIFIED., .F., .F.,
 ( 4, 1, 4 ),
 ( 0.000000000000000000, 0.003734391853574536672, 0.007468783707149073345 ),
 .UNSPECIFIED. ) ;
#7713 = ADVANCED_FACE ( 'NONE', ( #120 ), #2056, .F. ) ;
#7714 = DIRECTION ( 'NONE',  ( 0.000000000000000000, 0.000000000000000000, -1.000000000000000000 ) ) ;
#7715 = CARTESIAN_POINT ( 'NONE',  ( -49.99999999999999289, -5.551115123125782702E-14, 288.0000000000000568 ) ) ;
#7716 = ORIENTED_EDGE ( 'NONE', *, *, #4858, .T. ) ;
#7717 = CARTESIAN_POINT ( 'NONE',  ( -13.26716325262118445, 4.307055261082852304, 0.000000000000000000 ) ) ;
#7718 = CARTESIAN_POINT ( 'NONE',  ( 213.1333225415500863, 5.818104071507345765, 575.0000000000004547 ) ) ;
#7719 = CARTESIAN_POINT ( 'NONE',  ( -33.64451037336852579, -12.50000000000000000, 264.9999999999998295 ) ) ;
#7720 = CARTESIAN_POINT ( 'NONE',  ( -12.22801449510154015, -0.5230646774562167645, 264.9999999999998863 ) ) ;
#7721 = LINE ( 'NONE', #7212, #2812 ) ;
#7722 = FACE_OUTER_BOUND ( 'NONE', #6779, .T. ) ;
#7723 = DIRECTION ( 'NONE',  ( 1.000000000000000000, 0.000000000000000000, 0.000000000000000000 ) ) ;
#7724 = CARTESIAN_POINT ( 'NONE',  ( -3.510494311998140216, 12.50000000000000178, 258.3811730483935207 ) ) ;
#7725 = ORIENTED_EDGE ( 'NONE', *, *, #5933, .T. ) ;
#7726 = EDGE_CURVE ( 'NONE', #7395, #1995, #6939, .T. ) ;
#7727 = ORIENTED_EDGE ( 'NONE', *, *, #3969, .T. ) ;
#7728 = CARTESIAN_POINT ( 'NONE',  ( -14.61924856057766853, -12.50000000000032152, 326.3850813721520012 ) ) ;
#7729 = LINE ( 'NONE', #1141, #6338 ) ;
#7730 = CARTESIAN_POINT ( 'NONE',  ( -13.48522365642875798, 5.163921856896926954, 484.8000000000001819 ) ) ;
#7731 = CARTESIAN_POINT ( 'NONE',  ( -15.02425276870261861, 3.400985382871923424, 245.0381995305423004 ) ) ;
#7732 = CARTESIAN_POINT ( 'NONE',  ( -13.05628184015395199, -0.2231458120963720482, 344.9947733402180461 ) ) ;
#7733 = LINE ( 'NONE', #587, #7069 ) ;
#7734 = ORIENTED_EDGE ( 'NONE', *, *, #7857, .F. ) ;
#7735 = CARTESIAN_POINT ( 'NONE',  ( 46.62819187923812336, 13.46151024557913267, 479.9999999999996589 ) ) ;
#7736 = CARTESIAN_POINT ( 'NONE',  ( 174.9198242209895113, 0.5500803702987722144, 0.000000000000000000 ) ) ;
#7737 = CARTESIAN_POINT ( 'NONE',  ( 130.1482619447576496, -1.276165593811506627, 480.0000000000001137 ) ) ;
#7738 = CARTESIAN_POINT ( 'NONE',  ( 179.6442570255404974, -0.3774503075582750777, 484.7999999999997840 ) ) ;
#7739 = CARTESIAN_POINT ( 'NONE',  ( -4.972541075600679150, 8.257757858376564286, 245.0269589363253147 ) ) ;
#7740 = CARTESIAN_POINT ( 'NONE',  ( -6.251213311070123346, 7.983698046084563238, 325.0000000000358114 ) ) ;
#7741 = VECTOR ( 'NONE', #6044, 1000.000000000000227 ) ;
#7742 = ORIENTED_EDGE ( 'NONE', *, *, #529, .F. ) ;
#7743 = CARTESIAN_POINT ( 'NONE',  ( 17.32633731060354521, -3.696972146681746452, 316.9999999999999432 ) ) ;
#7744 = AXIS2_PLACEMENT_3D ( 'NONE', #1732, #4374, #7012 ) ;
#7745 = CARTESIAN_POINT ( 'NONE',  ( 179.2437756139061662, -0.3586695648804109626, 479.9999999999994884 ) ) ;
#7746 = CARTESIAN_POINT ( 'NONE',  ( 175.9208014638844304, -0.1907033052966000397, 484.8000000000000114 ) ) ;
#7747 = VERTEX_POINT ( 'NONE', #2313 ) ;
#7748 = CARTESIAN_POINT ( 'NONE',  ( 101.3295928114900590, 10.29672580781044822, 479.0500000000002956 ) ) ;
#7749 = CARTESIAN_POINT ( 'NONE',  ( -10.53956819402852929, -0.9049651591802158057, 484.7999999999998977 ) ) ;
#7750 = FACE_OUTER_BOUND ( 'NONE', #44, .T. ) ;
#7751 = B_SPLINE_CURVE_WITH_KNOTS ( 'NONE', 3,
 ( #8218, #2959, #410, #3733 ),
 .UNSPECIFIED., .F., .F.,
 ( 4, 4 ),
 ( 0.000000000000000000, 0.006000013283505943769 ),
 .UNSPECIFIED. ) ;
#7752 = CARTESIAN_POINT ( 'NONE',  ( -7.204827888198441777, -25.00000000000000711, 575.0000000000000000 ) ) ;
#7753 = CARTESIAN_POINT ( 'NONE',  ( 179.4668832636660909, -0.3499082122777352200, 180.0000000000000853 ) ) ;
#7754 = ADVANCED_FACE ( 'NONE', ( #5638 ), #4991, .T. ) ;
#7755 = VECTOR ( 'NONE', #836, 1000.000000000000000 ) ;
#7756 = CARTESIAN_POINT ( 'NONE',  ( -21.14200326201353164, 12.50000000000000178, 266.5474869965918856 ) ) ;
#7757 = CARTESIAN_POINT ( 'NONE',  ( -15.15871382496573538, 0.6978826112740769139, 484.8000000000000114 ) ) ;
#7758 = CARTESIAN_POINT ( 'NONE',  ( 39.50000000000002842, -4.128808516955186469, 319.9999999999992610 ) ) ;
#7759 = CARTESIAN_POINT ( 'NONE',  ( -29.78076924042976259, 7.964156964219791135, 325.6272222047367109 ) ) ;
#7760 = EDGE_LOOP ( 'NONE', ( #96, #7143, #663, #2995, #6788, #3529, #8261, #8311 ) ) ;
#7761 = CARTESIAN_POINT ( 'NONE',  ( -14.02080774682702646, 4.807708236950692715, 480.0000000000001705 ) ) ;
#7762 = CARTESIAN_POINT ( 'NONE',  ( 213.0860667531633794, 5.883555100554129780, 575.0000000000002274 ) ) ;
#7763 = EDGE_CURVE ( 'NONE', #4293, #4248, #4522, .T. ) ;
#7764 = CARTESIAN_POINT ( 'NONE',  ( -16.36541628649253610, -9.827075559929637549, 262.3955083269653414 ) ) ;
#7765 = CARTESIAN_POINT ( 'NONE',  ( -8.753466146836426987, -1.414115738025971902, 244.9898788038398152 ) ) ;
#7766 = EDGE_CURVE ( 'NONE', #6628, #562, #5515, .T. ) ;
#7767 = CARTESIAN_POINT ( 'NONE',  ( 34.92950548548046186, -3.991727761287586329, 480.0006613128086883 ) ) ;
#7768 = FACE_OUTER_BOUND ( 'NONE', #1771, .T. ) ;
#7769 = CARTESIAN_POINT ( 'NONE',  ( -33.77870876562013791, -7.500000000006646239, 324.9999999999999432 ) ) ;
#7770 = DIRECTION ( 'NONE',  ( 0.000000000000000000, -1.000000000000000000, 0.000000000000000000 ) ) ;
#7771 = ORIENTED_EDGE ( 'NONE', *, *, #8517, .T. ) ;
#7772 = ORIENTED_EDGE ( 'NONE', *, *, #7934, .T. ) ;
#7773 = CARTESIAN_POINT ( 'NONE',  ( -19.67044889312829525, -12.49999999999999645, 322.3693086170804918 ) ) ;
#7774 = DIRECTION ( 'NONE',  ( 0.000000000000000000, 0.000000000000000000, 1.000000000000000000 ) ) ;
#7775 = CARTESIAN_POINT ( 'NONE',  ( -11.59433477850806149, 5.309943691346839856, 0.000000000000000000 ) ) ;
#7776 = CARTESIAN_POINT ( 'NONE',  ( -15.08181309276981175, 3.339636730952821431, 245.0383279883281205 ) ) ;
#7777 = ADVANCED_FACE ( 'NONE', ( #3652 ), #6165, .F. ) ;
#7778 = CARTESIAN_POINT ( 'NONE',  ( 4.674862462769850069, -2.997711558324665848, 344.9867827510964275 ) ) ;
#7779 = VECTOR ( 'NONE', #3448, 1000.000000000000000 ) ;
#7780 = CARTESIAN_POINT ( 'NONE',  ( 103.7973879076449322, 10.25222604972430318, 480.0000381197791057 ) ) ;
#7781 = ORIENTED_EDGE ( 'NONE', *, *, #8345, .T. ) ;
#7782 = CARTESIAN_POINT ( 'NONE',  ( 117.7004243908100278, 8.793235754207634258, 484.8000000000002956 ) ) ;
#7783 = CARTESIAN_POINT ( 'NONE',  ( 168.5448192131706548, 1.749614729351153031, 479.9999999999999432 ) ) ;
#7784 = DIRECTION ( 'NONE',  ( 0.000000000000000000, 0.000000000000000000, 1.000000000000000000 ) ) ;
#7785 = CARTESIAN_POINT ( 'NONE',  ( 179.5725825190899627, -0.3643346632252272288, 0.000000000000000000 ) ) ;
#7786 = EDGE_CURVE ( 'NONE', #5040, #6842, #6707, .T. ) ;
#7787 = EDGE_CURVE ( 'NONE', #2383, #5560, #292, .T. ) ;
#7788 = FACE_OUTER_BOUND ( 'NONE', #2042, .T. ) ;
#7789 = CARTESIAN_POINT ( 'NONE',  ( -15.90715314447514039, 2.574698894036548946, 345.0414159554895264 ) ) ;
#7790 = CARTESIAN_POINT ( 'NONE',  ( -15.73767568533392414, 3.040751156076504369, 479.0500000000001819 ) ) ;
#7791 = CARTESIAN_POINT ( 'NONE',  ( 179.5286596685701284, -0.3827374154208075252, 484.8000000000004093 ) ) ;
#7792 = CARTESIAN_POINT ( 'NONE',  ( 156.2348080999998103, -0.1819855254509684939, 484.8000000000002956 ) ) ;
#7793 = ORIENTED_EDGE ( 'NONE', *, *, #8294, .F. ) ;
#7794 = CARTESIAN_POINT ( 'NONE',  ( 2.957078949820172387, 24.99999999999996447, 575.0000000000002274 ) ) ;
#7795 = CARTESIAN_POINT ( 'NONE',  ( 162.5380566247195588, -0.05840627960562631144, 484.7999999999996135 ) ) ;
#7796 = DIRECTION ( 'NONE',  ( 0.000000000000000000, 0.000000000000000000, -1.000000000000000000 ) ) ;
#7797 = CARTESIAN_POINT ( 'NONE',  ( 26.34175115327878558, -3.852002394093175131, 479.9999999999999432 ) ) ;
#7798 = CARTESIAN_POINT ( 'NONE',  ( 178.4250651999156787, -0.1662733002750787503, 434.0000000000002274 ) ) ;
#7799 = CARTESIAN_POINT ( 'NONE',  ( 34.92950548548044765, -12.00000000000000000, 516.1134194443175147 ) ) ;
#7800 = CARTESIAN_POINT ( 'NONE',  ( -4.103248748458943496, -2.029567179110544739, 484.8000000000005798 ) ) ;
#7801 = B_SPLINE_CURVE_WITH_KNOTS ( 'NONE', 3,
 ( #2335, #924, #2819, #5619 ),
 .UNSPECIFIED., .F., .F.,
 ( 4, 4 ),
 ( 0.004799339609317193611, 0.1418000272505989257 ),
 .UNSPECIFIED. ) ;
#7802 = CARTESIAN_POINT ( 'NONE',  ( 56.00000000000000000, 0.9999999999999922284, 575.1521839940262453 ) ) ;
#7803 = CARTESIAN_POINT ( 'NONE',  ( -7.496968618337202628, 12.50000000000000000, 330.1261391501108164 ) ) ;
#7804 = ORIENTED_EDGE ( 'NONE', *, *, #4631, .T. ) ;
#7805 = CARTESIAN_POINT ( 'NONE',  ( 178.3993989008390599, -0.1522971920885211605, 480.0000000000000000 ) ) ;
#7806 = CARTESIAN_POINT ( 'NONE',  ( 178.4687865308717960, -0.2917793800590020581, 479.0500000000001251 ) ) ;
#7807 = CARTESIAN_POINT ( 'NONE',  ( 184.9999999999999716, -24.99999999999998579, 575.0000000000000000 ) ) ;
#7808 = CARTESIAN_POINT ( 'NONE',  ( 0.6658734940296030524, -22.80502003229752006, 264.9999999999998863 ) ) ;
#7809 = PLANE ( 'NONE',  #8179 ) ;
#7810 = DIRECTION ( 'NONE',  ( -0.8373426858827532904, -0.5466783573534412799, 0.000000000000000000 ) ) ;
#7811 = FACE_OUTER_BOUND ( 'NONE', #2482, .T. ) ;
#7812 = CARTESIAN_POINT ( 'NONE',  ( 173.9280366246495362, 0.7569873041951329373, 479.9961077440840427 ) ) ;
#7813 = ORIENTED_EDGE ( 'NONE', *, *, #3540, .T. ) ;
#7814 = VECTOR ( 'NONE', #5003, 1000.000000000000000 ) ;
#7815 = VERTEX_POINT ( 'NONE', #1701 ) ;
#7816 = CARTESIAN_POINT ( 'NONE',  ( -12.26344967813597187, -12.49999999999999645, 323.7981314257074814 ) ) ;
#7817 = CARTESIAN_POINT ( 'NONE',  ( 179.3275393604302224, -0.3624313841278037907, 180.0000000000001137 ) ) ;
#7818 = CARTESIAN_POINT ( 'NONE',  ( -14.95031025306459860, 2.784372738081177356, 0.000000000000000000 ) ) ;
#7819 = DIRECTION ( 'NONE',  ( 1.000000000000000000, 0.000000000000000000, 0.000000000000000000 ) ) ;
#7820 = CARTESIAN_POINT ( 'NONE',  ( -15.73639289364281346, 1.364145532839880159, 264.9999999999820375 ) ) ;
#7821 = CARTESIAN_POINT ( 'NONE',  ( -4.523178469460013673, -22.22037654993564360, 324.9999999999998295 ) ) ;
#7822 = CARTESIAN_POINT ( 'NONE',  ( 161.6790418774249645, 2.869812551717694227, 479.9993670582997538 ) ) ;
#7823 = ORIENTED_EDGE ( 'NONE', *, *, #4216, .F. ) ;
#7824 = CARTESIAN_POINT ( 'NONE',  ( 18.80728491080234832, 12.48051404408528420, 484.8000000000005230 ) ) ;
#7825 = B_SPLINE_CURVE_WITH_KNOTS ( 'NONE', 3,
 ( #2586, #6558, #2671, #688, #5176, #2714, #2543, #2013, #3272, #1974 ),
 .UNSPECIFIED., .F., .F.,
 ( 4, 3, 3, 4 ),
 ( 0.000000000000000000, 0.01000000000000049287, 0.05000000000006060014, 0.06000000465736664984 ),
 .UNSPECIFIED. ) ;
#7826 = B_SPLINE_CURVE_WITH_KNOTS ( 'NONE', 3,
 ( #4490, #5828, #1889, #7166, #2628, #6560, #3931 ),
 .UNSPECIFIED., .F., .F.,
 ( 4, 3, 4 ),
 ( 0.000000000000000000, 0.05000000000003831935, 0.06000000217459651453 ),
 .UNSPECIFIED. ) ;
#7827 = CARTESIAN_POINT ( 'NONE',  ( 160.7775970750656427, 3.013399114983476235, 484.8000000000008072 ) ) ;
#7828 = DIRECTION ( 'NONE',  ( 0.000000000000000000, 0.000000000000000000, -1.000000000000000000 ) ) ;
#7829 = CARTESIAN_POINT ( 'NONE',  ( 179.1235647784492357, -0.2887907777566384171, 484.8000000000003524 ) ) ;
#7830 = CARTESIAN_POINT ( 'NONE',  ( 26.27300518127185924, -3.629992272987665025, 479.0499999999999545 ) ) ;
#7831 = CARTESIAN_POINT ( 'NONE',  ( -28.61235406318437313, 18.36001519786112013, 324.9999999999998863 ) ) ;
#7832 = CARTESIAN_POINT ( 'NONE',  ( -15.12483268801579150, 3.723530765509193596, 479.0499999999998977 ) ) ;
#7833 = AXIS2_PLACEMENT_3D ( 'NONE', #2098, #2141, #36 ) ;
#7834 = CARTESIAN_POINT ( 'NONE',  ( 179.6223994067601666, -0.3728986358071959550, 484.8000000000001819 ) ) ;
#7835 = CARTESIAN_POINT ( 'NONE',  ( 145.7293061825303937, -0.5323296135784438832, 480.0000000000000000 ) ) ;
#7836 = EDGE_CURVE ( 'NONE', #4238, #211, #7682, .T. ) ;
#7837 = CARTESIAN_POINT ( 'NONE',  ( 12.25976294529601240, 24.99999999999999289, 575.0000000000000000 ) ) ;
#7838 = CARTESIAN_POINT ( 'NONE',  ( 30.28580510376931301, -3.935099470217963802, 484.8000000000000114 ) ) ;
#7839 = CIRCLE ( 'NONE', #6331, 2.000000000000001776 ) ;
#7840 = CARTESIAN_POINT ( 'NONE',  ( 171.0000000000000000, 14.22106106644589474, 575.0000000000000000 ) ) ;
#7841 = DIRECTION ( 'NONE',  ( -1.000000000000000000, 0.000000000000000000, -0.000000000000000000 ) ) ;
#7842 = CARTESIAN_POINT ( 'NONE',  ( 179.0006114797055545, -0.2682271788787781164, 180.0000000000000000 ) ) ;
#7843 = CARTESIAN_POINT ( 'NONE',  ( 13.99999999999998224, 7.225416114969380052E-15, 519.9999999999998863 ) ) ;
#7844 = CARTESIAN_POINT ( 'NONE',  ( -13.66608523999272684, 0.02785551541598500769, 480.0000000000004547 ) ) ;
#7845 = VECTOR ( 'NONE', #2215, 1000.000000000000000 ) ;
#7846 = DIRECTION ( 'NONE',  ( -1.000000000000000000, 0.000000000000000000, 0.000000000000000000 ) ) ;
#7847 = CARTESIAN_POINT ( 'NONE',  ( 0.6917283398879185974, 12.49999999999851141, 334.9623677572568567 ) ) ;
#7848 = VERTEX_POINT ( 'NONE', #7533 ) ;
#7849 = CARTESIAN_POINT ( 'NONE',  ( 179.3015064682629713, -0.3181530263551514137, 479.9999999999999432 ) ) ;
#7850 = CARTESIAN_POINT ( 'NONE',  ( 178.7004143626136567, -0.2089002985203755325, 479.9999999999986358 ) ) ;
#7851 = CARTESIAN_POINT ( 'NONE',  ( 214.9999999999999716, 0.000000000000000000, 575.0000000000000000 ) ) ;
#7852 = AXIS2_PLACEMENT_3D ( 'NONE', #3399, #4830, #6034 ) ;
#7853 = CARTESIAN_POINT ( 'NONE',  ( 4.720942888638915313, -3.054143861129440474, 264.9999999999288320 ) ) ;
#7854 = CARTESIAN_POINT ( 'NONE',  ( 9.952979682358307656, 11.31308804438338989, 311.8882306175963208 ) ) ;
#7855 = CARTESIAN_POINT ( 'NONE',  ( -15.73951257003808024, 2.852333211091197640, 345.0402059282645837 ) ) ;
#7856 = DIRECTION ( 'NONE',  ( -0.000000000000000000, 1.000000000000000000, -0.000000000000000000 ) ) ;
#7857 = EDGE_CURVE ( 'NONE', #1910, #4709, #1350, .T. ) ;
#7858 = DIRECTION ( 'NONE',  ( -2.040851148208007998E-16, -0.000000000000000000, -1.000000000000000000 ) ) ;
#7859 = VERTEX_POINT ( 'NONE', #5813 ) ;
#7860 = CIRCLE ( 'NONE', #418, 1.000000000000000888 ) ;
#7861 = ORIENTED_EDGE ( 'NONE', *, *, #5812, .T. ) ;
#7862 = CARTESIAN_POINT ( 'NONE',  ( 56.00000000000000000, 0.9999999999999922284, 338.9999999999999432 ) ) ;
#7863 = CARTESIAN_POINT ( 'NONE',  ( 179.3484582302679087, -0.3602839083107613471, 179.9999999999999147 ) ) ;
#7864 = CARTESIAN_POINT ( 'NONE',  ( -12.16506185219846614, 4.997899582877721514, 0.000000000000000000 ) ) ;
#7865 = CARTESIAN_POINT ( 'NONE',  ( 120.1949499103822774, 8.361107237483233590, 0.000000000000000000 ) ) ;
#7866 = EDGE_CURVE ( 'NONE', #6145, #6191, #4474, .T. ) ;
#7867 = B_SPLINE_CURVE_WITH_KNOTS ( 'NONE', 3,
 ( #8487, #8446, #7753, #648, #5904, #3103, #4524, #7887, #7708, #3145, #7842, #1972, #4612, #8356 ),
 .UNSPECIFIED., .F., .F.,
 ( 4, 1, 1, 1, 1, 1, 1, 1, 1, 1, 1, 4 ),
 ( 0.000000000000000000, 1.924972966637755429E-06, 4.691161566699775208E-06, 2.682067036715187586E-05, 4.895017916764803409E-05, 9.320919676855223880E-05, 0.0001817272319704928260, 0.0002702452671723893133, 0.0003587633023742638184, 0.0004472813375761603327, 0.0006243174079799534157, 0.0007611416604629572293 ),
 .UNSPECIFIED. ) ;
#7868 = CARTESIAN_POINT ( 'NONE',  ( -15.84814286784116533, 2.131108865255518570, 245.0389074056534753 ) ) ;
#7869 = CARTESIAN_POINT ( 'NONE',  ( -10.91252475160126245, -21.30010669438146209, 324.9999999999999432 ) ) ;
#7870 = CARTESIAN_POINT ( 'NONE',  ( -35.37918379547268444, -3.313240049122990527, 324.9999999999999432 ) ) ;
#7871 = ADVANCED_FACE ( 'NONE', ( #6506 ), #3089, .T. ) ;
#7872 = VERTEX_POINT ( 'NONE', #7194 ) ;
#7873 = CARTESIAN_POINT ( 'NONE',  ( 51.54281766245475183, 13.40044920636132630, 484.8000000000000114 ) ) ;
#7874 = CARTESIAN_POINT ( 'NONE',  ( 172.9558094409669025, 0.9463945913097160378, 480.0000000000001705 ) ) ;
#7875 = DIRECTION ( 'NONE',  ( -0.000000000000000000, 0.000000000000000000, 1.000000000000000000 ) ) ;
#7876 = CARTESIAN_POINT ( 'NONE',  ( 179.1133669628084135, -0.2871509709354370110, 484.8000000000003524 ) ) ;
#7877 = DIRECTION ( 'NONE',  ( -1.000000000000000000, -0.000000000000000000, -1.010445639523992807E-14 ) ) ;
#7878 = CARTESIAN_POINT ( 'NONE',  ( -26.13467141752877865, 20.43286808734562499, 324.9999999999998295 ) ) ;
#7879 = CARTESIAN_POINT ( 'NONE',  ( -40.74064610566789923, -8.194629430090767386, 575.0000000000000000 ) ) ;
#7880 = CARTESIAN_POINT ( 'NONE',  ( 178.8896429647381865, -0.3297174821589472504, 0.000000000000000000 ) ) ;
#7881 = CARTESIAN_POINT ( 'NONE',  ( 175.3694828688899747, -0.1815149979009731684, 0.000000000000000000 ) ) ;
#7882 = CARTESIAN_POINT ( 'NONE',  ( 177.5191664401792764, 0.01927110227429012362, 433.9999999999997158 ) ) ;
#7883 = CARTESIAN_POINT ( 'NONE',  ( 137.9687806899312932, -0.8721355144475640975, 479.9999999999998863 ) ) ;
#7884 = DIRECTION ( 'NONE',  ( -1.000000000000000000, 0.000000000000000000, -0.000000000000000000 ) ) ;
#7885 = CARTESIAN_POINT ( 'NONE',  ( 45.00000000000001421, -4.154535357547377572, 308.9999999999908482 ) ) ;
#7886 = ADVANCED_FACE ( 'NONE', ( #3132 ), #7149, .F. ) ;
#7887 = CARTESIAN_POINT ( 'NONE',  ( 179.2906818806276306, -0.3167825749107013311, 179.9999999999999147 ) ) ;
#7888 = CARTESIAN_POINT ( 'NONE',  ( -59.00000000000000000, -11.50000000000000000, 269.9999999999998863 ) ) ;
#7889 = CARTESIAN_POINT ( 'NONE',  ( -15.69052719653689998, 1.070116662310526490, 479.9999999999997158 ) ) ;
#7890 = CARTESIAN_POINT ( 'NONE',  ( -5.100227566448928940, -12.49999999999999645, 265.2984942804839648 ) ) ;
#7891 = CARTESIAN_POINT ( 'NONE',  ( 56.00000000000000000, 0.9999999999999922284, 303.9999999999998863 ) ) ;
#7892 = ORIENTED_EDGE ( 'NONE', *, *, #6877, .T. ) ;
#7893 = CARTESIAN_POINT ( 'NONE',  ( -16.29119892388976254, 1.836120124459753145, 484.8000000000000114 ) ) ;
#7894 = CARTESIAN_POINT ( 'NONE',  ( 177.8449172269589837, -0.1727588614592583116, 479.0499999999989313 ) ) ;
#7895 = CARTESIAN_POINT ( 'NONE',  ( 56.00000000000000000, 0.9999999999999922284, 0.000000000000000000 ) ) ;
#7896 = B_SPLINE_SURFACE_WITH_KNOTS ( 'NONE', 3, 1, ( 
 ( #5477, #8058, #2191 ),
 ( #3532, #815, #2760 ),
 ( #2923, #6778, #3443 ),
 ( #2234, #3486, #7417 ),
 ( #5389, #6127, #908 ),
 ( #2882, #4745, #5433 ),
 ( #6169, #6821, #8100 ),
 ( #4142, #251, #4054 ),
 ( #1501, #947, #6863 ),
 ( #2145, #4096, #775 ),
 ( #6081, #166, #5521 ),
 ( #2801, #124, #4834 ),
 ( #863, #7498, #1460 ),
 ( #6216, #4788, #210 ),
 ( #2844, #3578, #7460 ),
 ( #2062, #4878, #8144 ),
 ( #6037, #296, #4229 ),
 ( #8014, #6691, #2102 ),
 ( #7374, #1547, #7329 ),
 ( #6731, #4185, #7972 ),
 ( #4699, #1590, #1417 ),
 ( #3402, #4960, #8188 ),
 ( #374, #5039, #1667 ),
 ( #2278, #1707, #511 ),
 ( #4922, #463, #4305 ),
 ( #419, #3050, #3007 ),
 ( #7657, #5643, #3616 ),
 ( #1159, #8265, #7538 ),
 ( #3095, #1630, #5563 ),
 ( #4267, #6945, #1071 ),
 ( #5685, #6297, #1030 ),
 ( #7618, #7578, #6908 ),
 ( #2360, #1747, #3658 ),
 ( #988, #4345, #6255 ),
 ( #2404, #6336, #338 ),
 ( #2969, #7701, #1111 ),
 ( #5604, #8306, #6983 ),
 ( #3698, #1792, #8225 ),
 ( #4388, #7025, #4996 ),
 ( #2446, #3742, #6377 ),
 ( #5732, #8349, #2317 ),
 ( #5081, #4432, #7071 ),
 ( #3789, #6424, #4518 ),
 ( #3183, #6637, #1924 ),
 ( #6466, #5941, #7198 ),
 ( #7923, #558, #1284 ),
 ( #2619, #6592, #8439 ),
 ( #6510, #4606, #1965 ),
 ( #3225, #7835, #7240 ),
 ( #1879, #5208, #4648 ),
 ( #8482, #5858, #7792 ),
 ( #5817, #2579, #1322 ),
 ( #2663, #7155, #2535 ),
 ( #1244, #4563, #5297 ),
 ( #3877, #1365, #3921 ),
 ( #3308, #6552, #7281 ),
 ( #5168, #5774, #33 ),
 ( #4003, #1201, #3137 ),
 ( #598, #643, #2007 ),
 ( #3265, #5899, #8523 ),
 ( #5125, #8394, #5253 ),
 ( #7881, #2494, #7746 ),
 ( #1836, #4479, #7114 ),
 ( #3962, #4867, #5379 ),
 ( #5335, #852, #157 ),
 ( #4043, #8090, #7451 ),
 ( #897, #8133, #6682 ),
 ( #2053, #4131, #805 ),
 ( #2181, #7962, #8004 ),
 ( #2224, #7486, #6071 ),
 ( #2092, #4690, #6028 ),
 ( #4822, #7320, #241 ),
 ( #1404, #3476, #4733 ),
 ( #2873, #2749, #7363 ),
 ( #3433, #5421, #3523 ),
 ( #1451, #5509, #2834 ),
 ( #8048, #4085, #765 ),
 ( #1578, #3392, #6811 ),
 ( #2791, #78, #4219 ),
 ( #5988, #724, #116 ),
 ( #6721, #4777, #2135 ),
 ( #6158, #7406, #1492 ),
 ( #6769, #3352, #2709 ),
 ( #200, #6116, #1537 ),
 ( #5467, #4175, #2957 ),
 ( #1736, #5594, #3607 ),
 ( #4335, #4295, #2912 ),
 ( #6935, #2437, #1018 ),
 ( #6974, #2268, #2997 ),
 ( #6287, #3084, #4257 ),
 ( #8295, #6325, #4377 ),
 ( #5721, #1619, #4910 ),
 ( #1697, #3646, #5634 ),
 ( #5553, #8216, #364 ),
 ( #8339, #8255, #2350 ),
 ( #8177, #6245, #2308 ),
 ( #2393, #409, #1059 ),
 ( #4950, #7565, #7607 ),
 ( #4986, #7528, #5028 ),
 ( #6853, #451, #7015 ),
 ( #1656, #5069, #3040 ),
 ( #1100, #7690, #6896 ),
 ( #978, #3732, #1782 ),
 ( #6203, #938, #6367 ),
 ( #3568, #327, #287 ),
 ( #3687, #5674, #7648 ),
 ( #3175, #4469, #7191 ),
 ( #5807, #6585, #8514 ),
 ( #1150, #4422, #7914 ),
 ( #5117, #1958, #1277 ),
 ( #5200, #8383, #7060 ),
 ( #1870, #502, #6543 ),
 ( #24, #4511, #5764 ),
 ( #2484, #590, #3777 ),
 ( #3129, #6414, #675 ),
 ( #4597, #7229, #2611 ),
 ( #7736, #1827, #3909 ),
 ( #635, #3218, #7105 ),
 ( #6457, #7874, #1315 ),
 ( #3299, #1193, #2653 ),
 ( #3824, #549, #8430 ),
 ( #1236, #5890, #2525 ),
 ( #5159, #7783, #4555 ),
 ( #6503, #3954, #7146 ),
 ( #5288, #3870, #5850 ),
 ( #8475, #2571, #7827 ),
 ( #1913, #5934, #3258 ),
 ( #5245, #6150, #6802 ),
 ( #2701, #6629, #4682 ),
 ( #5328, #2740, #1357 ),
 ( #5501, #3385, #6062 ),
 ( #1484, #7441, #7953 ),
 ( #4077, #1396, #4641 ),
 ( #5371, #4120, #6672 ),
 ( #7272, #6713, #1999 ),
 ( #3995, #5459, #757 ),
 ( #5413, #8037, #7996 ),
 ( #6759, #2085, #232 ),
 ( #3343, #2127, #5977 ),
 ( #716, #191, #70 ),
 ( #887, #4724, #2172 ),
 ( #7398, #4769, #2043 ),
 ( #843, #3468, #6105 ),
 ( #7312, #2825, #6021 ),
 ( #4035, #107, #797 ),
 ( #7355, #4812, #150 ),
 ( #3513, #1443, #2783 ),
 ( #8081, #1529, #3424 ),
 ( #4167, #2865, #7085 ),
 ( #3756, #4356, #3109 ),
 ( #8123, #1718, #6995 ),
 ( #5051, #8323, #1082 ),
 ( #4493, #3064, #8409 ),
 ( #6437, #7589, #1761 ),
 ( #2417, #4314, #5745 ),
 ( #2464, #2371, #3803 ),
 ( #3021, #8277, #3196 ),
 ( #3848, #3711, #6307 ),
 ( #8363, #7671, #4403 ),
 ( #1175, #525, #1214 ),
 ( #7126, #5657, #3668 ),
 ( #6391, #6349, #5096 ),
 ( #2328, #432, #5699 ),
 ( #4446, #1852, #7039 ),
 ( #6482, #5009, #1127 ),
 ( #1041, #7761, #477 ),
 ( #7717, #1805, #3152 ),
 ( #5788, #2506, #571 ),
 ( #5139, #4970, #1677 ),
 ( #6956, #7632, #385 ),
 ( #736, #1419, #3889 ),
 ( #7932, #6522, #1892 ),
 ( #87, #611, #6563 ),
 ( #5307, #2591, #2018 ),
 ( #4013, #4056, #4658 ),
 ( #3238, #5869, #7893 ) ),
 .UNSPECIFIED., .T., .F., .F.,
 ( 4, 1, 1, 1, 1, 1, 1, 1, 1, 1, 1, 1, 1, 1, 1, 1, 1, 1, 1, 1, 1, 1, 1, 1, 1, 2, 1, 1, 1, 2, 1, 1, 1, 1, 1, 1, 1, 1, 1, 2, 1, 1, 1, 2, 1, 1, 1, 2, 1, 1, 1, 1, 1, 1, 1, 1, 1, 1, 1, 1, 1, 1, 1, 1, 1, 1, 1, 1, 1, 1, 1, 1, 1, 1, 1, 1, 1, 1, 1, 1, 1, 1, 1, 1, 1, 1, 1, 1, 1, 1, 1, 1, 1, 1, 1, 1, 1, 1, 1, 1, 1, 1, 1, 1, 1, 1, 1, 1, 1, 1, 1, 1, 1, 1, 1, 1, 2, 1, 1, 1, 1, 1, 2, 1, 1, 1, 2, 1, 1, 1, 2, 1, 1, 1, 2, 1, 1, 1, 2, 1, 1, 1, 1, 1, 1, 1, 1, 1, 1, 1, 1, 1, 1, 1, 1, 1, 1, 1, 1, 1, 1, 1, 4 ),
 ( 2, 1, 2 ),
 ( 0.000000000000000000, 0.0008237319807652783085, 0.001647463961530556617, 0.002471195942295835359, 0.003294927923061113234, 0.004118659903826392410, 0.004942391884591670718, 0.006589855846122226468, 0.008237319807652784820, 0.009884783769183341437, 0.01153224773071389805, 0.01317971169224445294, 0.01482717565377500955, 0.01647463961530556964, 0.01812210357683612799, 0.01976956753836668287, 0.02306449546142779611, 0.02635942338448890587, 0.02965435130755001911, 0.03294927923061113928, 0.03624420715367225598, 0.03953913507673336575, 0.04283406299979447551, 0.04612899092285559222, 0.04942391884591670892, 0.05271884676897781175, 0.06700456601260233735, 0.08129028525622686296, 0.09557600449985140245, 0.1098617237434759419, 0.1397041679073839360, 0.1695466120712919855, 0.1993890562351999796, 0.2292315003991080014, 0.2590739445630160231, 0.2739951666449700340, 0.2889163887269239339, 0.3038376108088780003, 0.3187588328908319557, 0.3486012770547399775, 0.3628866872906078567, 0.3771720975264756803, 0.3914575077623435040, 0.4057429179982113832, 0.4216366099394953659, 0.4375303018807794597, 0.4534239938220634425, 0.4693176857633474253, 0.4728868046100280220, 0.4764559234567085633, 0.4782404828800488339, 0.4800250423033891045, 0.4818096017267294306, 0.4835941611500697013, 0.4853787205734100274, 0.4871632799967502980, 0.4889478394200905131, 0.4898401191317606762, 0.4907323988434308393, 0.4916246785551010023, 0.4925169582667711099, 0.4934092379784412730, 0.4943015176901114360, 0.4947476575459464065, 0.4951937974017815991, 0.4956399372576165696, 0.4958630071855341104, 0.4960860771134517067, 0.4963091470413691919, 0.4964206820053279623, 0.4965322169692867882, 0.4965879844512661179, 0.4966158681922558382, 0.4966437519332455031, 0.4966576938037403632, 0.4966646647389877933, 0.4966716356742352234, 0.4966995194152249438, 0.4967552868972042734, 0.4968110543791837141, 0.4968668218611630993, 0.4969783568251218142, 0.4972014267530393550, 0.4974244966809570068, 0.4976475666088744365, 0.4977591015728332069, 0.4978706365367919773, 0.4979264040187713625, 0.4979821715007507477, 0.4980379389827301329, 0.4980658227237197977, 0.4980797645942146579, 0.4980867355294620880, 0.4980937064647095180, 0.4981494739466888477, 0.4982052414286682884, 0.4983167763926269478, 0.4985398463205445996, 0.4987629162484621403, 0.4989859861763796256, 0.4992090561042971664, 0.4996551959601322479, 0.5001013358159673849, 0.5005474756718023555, 0.5014397553834724075, 0.5023320350951427926, 0.5032243148068128447, 0.5050088742301531708, 0.5067934336534933859, 0.5085779930768337120, 0.5103625525001740382, 0.5121471119235142533, 0.5139316713468545794, 0.5157162307701946835, 0.5192853496168753358, 0.5228544684635558770, 0.5264235873102365293, 0.5357396301179888631, 0.5450556729257411970, 0.5543717157334937529, 0.5636877585412461977, 0.5823198441567511985, 0.6009519297722558662, 0.6277899237874338123, 0.6546279178026122025, 0.6814659118177903707, 0.7083039058329685389, 0.7351420421112005998, 0.7619801783894326608, 0.7888183146676646107, 0.8156564509458967827, 0.8342830680623517514, 0.8529096851788067202, 0.8715363022952615779, 0.8901629194117164356, 0.9044493821942760636, 0.9187358449768356916, 0.9330223077593952086, 0.9473087705419548366, 0.9538951742242103293, 0.9571883760653382422, 0.9604815779064660441, 0.9637747797475938460, 0.9670679815887217590, 0.9703611834298495609, 0.9736543852709773628, 0.9769475871121051647, 0.9802407889532329666, 0.9818873898737969785, 0.9835339907943608795, 0.9851805917149247804, 0.9868271926354886814, 0.9884737935560525823, 0.9901203944766164833, 0.9917669953971804953, 0.9934135963177443962, 0.9950601972383081861, 0.9958834976985901921, 0.9967067981588721981, 0.9975300986191542041, 0.9983533990794360991, 0.9991766995397179940, 1.000000000000000000 ),
 ( 0.000000000000000000, 1.000000000000000000, 1.010000000000000009 ),
 .UNSPECIFIED. ) ;
#7897 = CARTESIAN_POINT ( 'NONE',  ( 34.92950548548043344, -9.337872976930048807, 504.0742149110121204 ) ) ;
#7898 = EDGE_CURVE ( 'NONE', #538, #7661, #6925, .T. ) ;
#7899 = CARTESIAN_POINT ( 'NONE',  ( 9.883335888088259580, 11.33970709881218220, 345.0215620463154096 ) ) ;
#7900 = FACE_OUTER_BOUND ( 'NONE', #3464, .T. ) ;
#7901 = CARTESIAN_POINT ( 'NONE',  ( 1.501792217101280302, -10.54322367482140343, 329.1667956419890970 ) ) ;
#7902 = ORIENTED_EDGE ( 'NONE', *, *, #2237, .F. ) ;
#7903 = VERTEX_POINT ( 'NONE', #6461 ) ;
#7904 = CARTESIAN_POINT ( 'NONE',  ( 157.7922456139107794, -0.1562694756565048138, 479.9999999999998863 ) ) ;
#7905 = CARTESIAN_POINT ( 'NONE',  ( 199.5239172629517839, -2.195170412469519938, 575.0000000000000000 ) ) ;
#7906 = LINE ( 'NONE', #748, #1559 ) ;
#7907 = CARTESIAN_POINT ( 'NONE',  ( -15.75417300116077612, 2.514132547258624673, 264.9999999999999432 ) ) ;
#7908 = CARTESIAN_POINT ( 'NONE',  ( -16.57076696920915992, -20.06414244704377126, 324.9999999999999432 ) ) ;
#7909 = VECTOR ( 'NONE', #3493, 1000.000000000000000 ) ;
#7910 = CARTESIAN_POINT ( 'NONE',  ( 1.349928531339416260, 12.01522104490065956, 254.0815218247848861 ) ) ;
#7911 = EDGE_LOOP ( 'NONE', ( #5665, #1563, #5574, #4857 ) ) ;
#7912 = EDGE_LOOP ( 'NONE', ( #7948, #8163, #3118, #918 ) ) ;
#7913 = CARTESIAN_POINT ( 'NONE',  ( -15.05377248255981115, 4.008239104501496008, 480.0000000000005116 ) ) ;
#7914 = CARTESIAN_POINT ( 'NONE',  ( 178.3263012379421184, -0.1481407338576837818, 484.7999999999998977 ) ) ;
#7915 = CARTESIAN_POINT ( 'NONE',  ( 45.00000000000000711, 3.000000000000000000, 303.9999999999998863 ) ) ;
#7916 = CARTESIAN_POINT ( 'NONE',  ( 179.5001150431373844, -0.3517036071174818312, 0.000000000000000000 ) ) ;
#7917 = ADVANCED_FACE ( 'NONE', ( #7788 ), #7574, .T. ) ;
#7918 = PLANE ( 'NONE',  #1541 ) ;
#7919 = CARTESIAN_POINT ( 'NONE',  ( -27.15781382041458158, 19.63342380464490233, 324.9999999999998295 ) ) ;
#7920 = CARTESIAN_POINT ( 'NONE',  ( -13.15193680716812175, 5.351266908017128010, 480.0000000000000568 ) ) ;
#7921 = CARTESIAN_POINT ( 'NONE',  ( 179.2471954550240696, -0.3092232991469078818, 479.9999999999998863 ) ) ;
#7922 = AXIS2_PLACEMENT_3D ( 'NONE', #7463, #1672, #4394 ) ;
#7923 = CARTESIAN_POINT ( 'NONE',  ( 131.9521725672295815, -1.288648046957135085, 0.000000000000000000 ) ) ;
#7924 = DIRECTION ( 'NONE',  ( -1.000000000000000000, 0.000000000000000000, 0.000000000000000000 ) ) ;
#7925 = CARTESIAN_POINT ( 'NONE',  ( 38.23463398828491933, -4.338361530491892104, 0.000000000000000000 ) ) ;
#7926 = DIRECTION ( 'NONE',  ( 0.000000000000000000, 0.000000000000000000, 1.000000000000000000 ) ) ;
#7927 = DIRECTION ( 'NONE',  ( 0.4678877204190302619, 0.8837879163470631072, 0.000000000000000000 ) ) ;
#7928 = DIRECTION ( 'NONE',  ( 0.000000000000000000, 0.000000000000000000, 1.000000000000000000 ) ) ;
#7929 = CARTESIAN_POINT ( 'NONE',  ( -6.690529116417677002, -1.652896486409423327, 484.8000000000003524 ) ) ;
#7930 = CARTESIAN_POINT ( 'NONE',  ( -5.925483908663790267, 12.50000000000000000, 330.8051700966814224 ) ) ;
#7931 = ORIENTED_EDGE ( 'NONE', *, *, #3892, .T. ) ;
#7932 = CARTESIAN_POINT ( 'NONE',  ( -14.95031025306459860, 2.784372738081177356, 0.000000000000000000 ) ) ;
#7933 = CARTESIAN_POINT ( 'NONE',  ( 212.9787106335937779, 6.028354656482046714, 574.9999999999998863 ) ) ;
#7934 = EDGE_CURVE ( 'NONE', #252, #3723, #1353, .T. ) ;
#7935 = CARTESIAN_POINT ( 'NONE',  ( 168.6821646161110948, 1.699558679932335226, 0.000000000000000000 ) ) ;
#7936 = CARTESIAN_POINT ( 'NONE',  ( 1.501792217101280302, -10.54322367482140343, 329.1667956419890970 ) ) ;
#7937 = CARTESIAN_POINT ( 'NONE',  ( 25.68063280482046906, 12.50272442990484123, 0.000000000000000000 ) ) ;
#7938 = CARTESIAN_POINT ( 'NONE',  ( 74.00000000000002842, -3.864852240233503711, 318.9999999999999432 ) ) ;
#7939 = CARTESIAN_POINT ( 'NONE',  ( 1.390598389744269081, -10.67180581318294230, 329.0579439820436960 ) ) ;
#7940 = VERTEX_POINT ( 'NONE', #5374 ) ;
#7941 = EDGE_LOOP ( 'NONE', ( #6817, #2036, #4117, #927, #22, #7892, #7179, #1294, #3765 ) ) ;
#7942 = CARTESIAN_POINT ( 'NONE',  ( 162.5610251867838940, -0.03658314840832049136, 479.0500000000000114 ) ) ;
#7943 = CARTESIAN_POINT ( 'NONE',  ( -0.9008816899294380676, 12.50000000000000178, 259.2439561250886868 ) ) ;
#7944 = CARTESIAN_POINT ( 'NONE',  ( 103.2129216800773150, 10.10944904737504579, 0.000000000000000000 ) ) ;
#7945 = CARTESIAN_POINT ( 'NONE',  ( -35.23073294654887633, -3.390049885263461515, 264.9999999999999432 ) ) ;
#7946 = CARTESIAN_POINT ( 'NONE',  ( -3.843487837826524256, -2.147645144393244721, 344.9878960479512102 ) ) ;
#7947 = CARTESIAN_POINT ( 'NONE',  ( -13.89140683638459350, 0.08441286519928709042, 344.9963753205066723 ) ) ;
#7948 = ORIENTED_EDGE ( 'NONE', *, *, #8386, .T. ) ;
#7949 = B_SPLINE_CURVE_WITH_KNOTS ( 'NONE', 3,
 ( #3315, #3440, #8055, #4138, #5385, #5946, #5474 ),
 .UNSPECIFIED., .F., .F.,
 ( 4, 1, 1, 1, 4 ),
 ( 0.5545432064315836129, 0.5707071159710512820, 0.5891982798974483293, 0.6095154241413169860, 0.6116972909856313034 ),
 .UNSPECIFIED. ) ;
#7950 = ORIENTED_EDGE ( 'NONE', *, *, #2158, .T. ) ;
#7951 = CARTESIAN_POINT ( 'NONE',  ( -16.12105712665058732, 2.776075199643781133, 479.9999999999994316 ) ) ;
#7952 = ORIENTED_EDGE ( 'NONE', *, *, #2759, .T. ) ;
#7953 = CARTESIAN_POINT ( 'NONE',  ( 128.2738805636787731, 7.548053934524890707, 484.7999999999998977 ) ) ;
#7954 = DIRECTION ( 'NONE',  ( 0.000000000000000000, -0.000000000000000000, -1.000000000000000000 ) ) ;
#7955 = CARTESIAN_POINT ( 'NONE',  ( 174.3454610345534377, 0.6749216265904885992, 480.0000000000000568 ) ) ;
#7956 = FACE_OUTER_BOUND ( 'NONE', #2560, .T. ) ;
#7957 = CARTESIAN_POINT ( 'NONE',  ( -27.65359137817004864, 19.21907642407007444, 324.9999999999998863 ) ) ;
#7958 = CARTESIAN_POINT ( 'NONE',  ( -16.22575532061776471, 1.658780801614861966, 479.9999999999999432 ) ) ;
#7959 = CARTESIAN_POINT ( 'NONE',  ( 178.7671967067198011, -0.2285705020599343162, 480.0000000000002274 ) ) ;
#7960 = VECTOR ( 'NONE', #1229, 1000.000000000000000 ) ;
#7961 = CIRCLE ( 'NONE', #3649, 2.000000000000001776 ) ;
#7962 = CARTESIAN_POINT ( 'NONE',  ( 178.6853143112727764, -0.3112826824056618147, 480.0000000000005116 ) ) ;
#7963 = EDGE_CURVE ( 'NONE', #2649, #3821, #4661, .T. ) ;
#7964 = CARTESIAN_POINT ( 'NONE',  ( 178.3407852122347208, -0.1504117888682439119, 433.9999999999999432 ) ) ;
#7965 = CARTESIAN_POINT ( 'NONE',  ( 73.59210265047120458, -4.039210583752561590, 0.000000000000000000 ) ) ;
#7966 = AXIS2_PLACEMENT_3D ( 'NONE', #1196, #5769, #1154 ) ;
#7967 = CARTESIAN_POINT ( 'NONE',  ( 74.00000000000004263, -3.863428706989938011, 321.9999999999999432 ) ) ;
#7968 = CIRCLE ( 'NONE', #393, 8.000000000000001776 ) ;
#7969 = FACE_OUTER_BOUND ( 'NONE', #5787, .T. ) ;
#7970 = CARTESIAN_POINT ( 'NONE',  ( 198.6294900719518921, -0.4063160304696958325, 549.9999999999998863 ) ) ;
#7971 = CARTESIAN_POINT ( 'NONE',  ( 38.17742453950771164, -4.042005049357404900, 484.7999999999994998 ) ) ;
#7972 = CARTESIAN_POINT ( 'NONE',  ( -5.398252977058826119, -1.850581650082053997, 484.7999999999995566 ) ) ;
#7973 = ORIENTED_EDGE ( 'NONE', *, *, #987, .T. ) ;
#7974 = CARTESIAN_POINT ( 'NONE',  ( 178.8347973029868854, -0.3231315197223600943, 480.0000000000000568 ) ) ;
#7975 = CARTESIAN_POINT ( 'NONE',  ( 213.0042840167930649, 5.994348261131041689, 575.0000000000000000 ) ) ;
#7976 = AXIS2_PLACEMENT_3D ( 'NONE', #2519, #5153, #7586 ) ;
#7977 = CARTESIAN_POINT ( 'NONE',  ( -3.738836974961121218, -2.210182228475018551, 265.0000000000356408 ) ) ;
#7978 = CARTESIAN_POINT ( 'NONE',  ( 62.50000000000000000, -4.054417524599188027, 306.5000000000038654 ) ) ;
#7979 = CARTESIAN_POINT ( 'NONE',  ( 5.187648337419973110, 10.65283641685071281, 345.0228599747570115 ) ) ;
#7980 = DIRECTION ( 'NONE',  ( 0.000000000000000000, 0.000000000000000000, 1.000000000000000000 ) ) ;
#7981 = CARTESIAN_POINT ( 'NONE',  ( 170.5460077662252729, 1.398550438415204988, 480.0077883019333740 ) ) ;
#7982 = ORIENTED_EDGE ( 'NONE', *, *, #7153, .F. ) ;
#7983 = ORIENTED_EDGE ( 'NONE', *, *, #5819, .F. ) ;
#7984 = CARTESIAN_POINT ( 'NONE',  ( 151.6412241853627449, -0.3201463059711094905, 480.0000000000007390 ) ) ;
#7985 = AXIS2_PLACEMENT_3D ( 'NONE', #5800, #541, #6494 ) ;
#7986 = CARTESIAN_POINT ( 'NONE',  ( 16.42148148953705089, -3.728752927632246195, 245.8783218036040807 ) ) ;
#7987 = LINE ( 'NONE', #667, #535 ) ;
#7988 = CARTESIAN_POINT ( 'NONE',  ( -15.84638122691070095, 2.288273914766208783, 264.9999999999999432 ) ) ;
#7989 = DIRECTION ( 'NONE',  ( 0.000000000000000000, 0.000000000000000000, 1.000000000000000000 ) ) ;
#7990 = CARTESIAN_POINT ( 'NONE',  ( -16.00612172059143035, 1.689916979836050270, 345.0302522582522329 ) ) ;
#7991 = ORIENTED_EDGE ( 'NONE', *, *, #5223, .T. ) ;
#7992 = EDGE_CURVE ( 'NONE', #6842, #6147, #6091, .T. ) ;
#7993 = EDGE_LOOP ( 'NONE', ( #958, #1481, #5122, #4226 ) ) ;
#7994 = CARTESIAN_POINT ( 'NONE',  ( -6.802074652554455980, 7.324745366922071454, 0.000000000000000000 ) ) ;
#7995 = ORIENTED_EDGE ( 'NONE', *, *, #4944, .T. ) ;
#7996 = CARTESIAN_POINT ( 'NONE',  ( 85.90368065218514460, 11.79578937440576780, 484.8000000000004661 ) ) ;
#7997 = CARTESIAN_POINT ( 'NONE',  ( -0.04903464642154437003, 12.49999999997345768, 258.1995028820500693 ) ) ;
#7998 = CARTESIAN_POINT ( 'NONE',  ( 168.5448192131706548, 1.749614729351153031, 479.9999999999999432 ) ) ;
#7999 =( BOUNDED_SURFACE ( )  B_SPLINE_SURFACE ( 3, 2, ( 
 ( #7425, #6785, #870 ),
 ( #217, #6829, #6134 ),
 ( #5397, #4062, #261 ),
 ( #1467, #3539, #8107 ) ),
 .UNSPECIFIED., .F., .F., .T. ) 
 B_SPLINE_SURFACE_WITH_KNOTS ( ( 4, 4 ),
 ( 3, 3 ),
 ( 4.399202557650593318E-07, 0.06000044209485234231 ),
 ( 0.000000000000000000, 1.000000000000000000 ),
 .UNSPECIFIED. ) 
 GEOMETRIC_REPRESENTATION_ITEM ( )  RATIONAL_B_SPLINE_SURFACE ( (
 ( 1.000000000000000000, 0.9863345553766239560, 1.000000000000000000),
 ( 1.000000000000000000, 0.9861709664571011169, 1.000000000000000000),
 ( 1.000000000000000000, 0.9860069231338253193, 1.000000000000000000),
 ( 1.000000000000000000, 0.9858424392332147956, 1.000000000000000000) ) ) 
 REPRESENTATION_ITEM ( '' )  SURFACE ( )  );
#8000 = CARTESIAN_POINT ( 'NONE',  ( 40.92950548548044765, -4.097671085983146888, 384.6664769454394559 ) ) ;
#8001 = CARTESIAN_POINT ( 'NONE',  ( -15.99467661211262026, 2.205493416714670474, 325.0000000000179057 ) ) ;
#8002 = CARTESIAN_POINT ( 'NONE',  ( -1.794553912707441912, -2.320734773422133301, 479.9999999999993747 ) ) ;
#8003 = CARTESIAN_POINT ( 'NONE',  ( 179.1551105706238332, -0.2939346916711294555, 484.8000000000003524 ) ) ;
#8004 = CARTESIAN_POINT ( 'NONE',  ( 178.6908869873420542, -0.3116299658889879476, 484.8000000000005798 ) ) ;
#8005 = CARTESIAN_POINT ( 'NONE',  ( -33.77870876562845837, -7.499999999999513278, 324.9999999999999432 ) ) ;
#8006 = CARTESIAN_POINT ( 'NONE',  ( 173.2560381169402319, -0.1227740179349057076, 0.000000000000000000 ) ) ;
#8007 = CARTESIAN_POINT ( 'NONE',  ( -24.37198935746042849, 8.852266213874553813, 327.3877443730576147 ) ) ;
#8008 = CARTESIAN_POINT ( 'NONE',  ( 40.92950548548049738, -2.000000000000000000, 571.0000000000000000 ) ) ;
#8009 = B_SPLINE_CURVE_WITH_KNOTS ( 'NONE', 3,
 ( #5835, #5229, #4626, #8459, #3369, #6175 ),
 .UNSPECIFIED., .F., .F.,
 ( 4, 1, 1, 4 ),
 ( 1.387778780781445676E-17, 0.006660950786558257446, 0.01848344371834941338, 0.02350071578508419398 ),
 .UNSPECIFIED. ) ;
#8010 = ADVANCED_FACE ( 'NONE', ( #6024 ), #111, .F. ) ;
#8011 = CARTESIAN_POINT ( 'NONE',  ( 7.159156629045168252, 10.58252185731304174, 0.000000000000000000 ) ) ;
#8012 = CARTESIAN_POINT ( 'NONE',  ( 142.8048684498582190, -16.00000000000000000, 549.9999999999998863 ) ) ;
#8013 = CARTESIAN_POINT ( 'NONE',  ( 122.8822390496891046, -1.675450117173495013, 484.8000000000000114 ) ) ;
#8014 = CARTESIAN_POINT ( 'NONE',  ( -7.713863743854060040, -1.748473150709804136, 0.000000000000000000 ) ) ;
#8015 = ORIENTED_EDGE ( 'NONE', *, *, #3035, .T. ) ;
#8016 = CARTESIAN_POINT ( 'NONE',  ( 167.9102956612067885, 1.596682972413491663, 479.0499999999999545 ) ) ;
#8017 = CARTESIAN_POINT ( 'NONE',  ( 177.4615469246512021, -0.09736346472221954484, 479.0499999999992156 ) ) ;
#8018 = FACE_OUTER_BOUND ( 'NONE', #2813, .T. ) ;
#8019 = PLANE ( 'NONE',  #6675 ) ;
#8020 = FACE_OUTER_BOUND ( 'NONE', #6057, .T. ) ;
#8021 = FACE_OUTER_BOUND ( 'NONE', #7022, .T. ) ;
#8022 = CYLINDRICAL_SURFACE ( 'NONE', #2466, 1.000000000000000888 ) ;
#8023 = VERTEX_POINT ( 'NONE', #760 ) ;
#8024 = ORIENTED_EDGE ( 'NONE', *, *, #829, .F. ) ;
#8025 = CARTESIAN_POINT ( 'NONE',  ( 153.8220993518389150, -0.2553437780401733304, 480.0000000000000000 ) ) ;
#8026 = CARTESIAN_POINT ( 'NONE',  ( 120.6869970914120387, -1.941669787251453227, 0.000000000000000000 ) ) ;
#8027 = EDGE_CURVE ( 'NONE', #5818, #5584, #540, .T. ) ;
#8028 = CARTESIAN_POINT ( 'NONE',  ( 40.92950548548041922, -2.000000000000000000, 336.9999999999998863 ) ) ;
#8029 = CARTESIAN_POINT ( 'NONE',  ( -26.42499044422491394, -15.75338162949877940, 264.9999999999998295 ) ) ;
#8030 = CARTESIAN_POINT ( 'NONE',  ( 154.0000000000000000, 0.000000000000000000, 575.0000000000000000 ) ) ;
#8031 = CARTESIAN_POINT ( 'NONE',  ( -12.87870951177881373, -0.2862905417649977968, 344.9945073454872499 ) ) ;
#8032 = ORIENTED_EDGE ( 'NONE', *, *, #365, .F. ) ;
#8033 = CARTESIAN_POINT ( 'NONE',  ( -20.99390089237565249, 9.514731049892665382, 261.3928259266750160 ) ) ;
#8034 = VERTEX_POINT ( 'NONE', #679 ) ;
#8035 = CARTESIAN_POINT ( 'NONE',  ( -6.904252818436327210, 8.006765205107180705, 484.8000000000001251 ) ) ;
#8036 = ORIENTED_EDGE ( 'NONE', *, *, #1613, .F. ) ;
#8037 = CARTESIAN_POINT ( 'NONE',  ( 85.91310893928543635, 11.79278189224696760, 480.0000000000004547 ) ) ;
#8038 = FACE_OUTER_BOUND ( 'NONE', #4678, .T. ) ;
#8039 = CARTESIAN_POINT ( 'NONE',  ( 141.9933586966414225, 5.663057077977454945, -0.000000000000000000 ) ) ;
#8040 = ADVANCED_FACE ( 'NONE', ( #7956 ), #7358, .F. ) ;
#8041 = PRESENTATION_LAYER_ASSIGNMENT (  '', '', ( #6949 ) ) ;
#8042 = DIRECTION ( 'NONE',  ( -0.000000000000000000, -0.000000000000000000, 1.000000000000000000 ) ) ;
#8043 = CARTESIAN_POINT ( 'NONE',  ( -15.77498216665141406, 1.285176967027865214, 345.0169156386454006 ) ) ;
#8044 = CARTESIAN_POINT ( 'NONE',  ( -4.961821033082156163, -1.930161319929113217, 479.9997142772588177 ) ) ;
#8045 = CARTESIAN_POINT ( 'NONE',  ( 56.00000000000000000, 4.999999999999992006, 0.000000000000000000 ) ) ;
#8046 = CARTESIAN_POINT ( 'NONE',  ( 178.3263012379421184, -0.1481407338576837818, 484.7999999999998977 ) ) ;
#8047 = CIRCLE ( 'NONE', #4329, 1.400000000000012346 ) ;
#8048 = CARTESIAN_POINT ( 'NONE',  ( 179.0579070957538761, -0.3436874056859845483, 0.000000000000000000 ) ) ;
#8049 = CARTESIAN_POINT ( 'NONE',  ( -35.11600534731272916, 7.500000000000522249, 264.9999999999998863 ) ) ;
#8050 = DIRECTION ( 'NONE',  ( -1.000000000000000000, 0.000000000000000000, 0.000000000000000000 ) ) ;
#8051 = CARTESIAN_POINT ( 'NONE',  ( 175.3694828688899747, -0.1815149979009731684, 0.000000000000000000 ) ) ;
#8052 = EDGE_CURVE ( 'NONE', #6448, #1005, #744, .T. ) ;
#8053 = CARTESIAN_POINT ( 'NONE',  ( -19.89434690920639781, 9.791321278346206469, 329.1551155061448526 ) ) ;
#8054 = DIRECTION ( 'NONE',  ( -1.000000000000000000, -0.000000000000000000, -0.000000000000000000 ) ) ;
#8055 = CARTESIAN_POINT ( 'NONE',  ( 10.57911747925425772, -3.627402195772734039, 0.000000000000000000 ) ) ;
#8056 = DIRECTION ( 'NONE',  ( -0.000000000000000000, -0.000000000000000000, 1.000000000000000000 ) ) ;
#8057 = CARTESIAN_POINT ( 'NONE',  ( 137.9687806899312932, -0.8721355144475640975, 479.9999999999998863 ) ) ;
#8058 = CARTESIAN_POINT ( 'NONE',  ( -16.28276801086705916, 1.837218724313026241, 480.0000000000000000 ) ) ;
#8059 = VERTEX_POINT ( 'NONE', #5248 ) ;
#8060 = DIRECTION ( 'NONE',  ( -1.000000000000000000, 1.445602896647339656E-16, 0.000000000000000000 ) ) ;
#8061 = CARTESIAN_POINT ( 'NONE',  ( -15.24682053801738846, 1.025590132473305660, 0.000000000000000000 ) ) ;
#8062 = DIRECTION ( 'NONE',  ( -0.000000000000000000, 1.000000000000000000, -0.000000000000000000 ) ) ;
#8063 = CARTESIAN_POINT ( 'NONE',  ( 7.684991209122371103, -5.704125779562516207, 335.2161455031131254 ) ) ;
#8064 = CARTESIAN_POINT ( 'NONE',  ( 204.9999999999999716, 0.000000000000000000, 575.0000000000000000 ) ) ;
#8065 = DIRECTION ( 'NONE',  ( 0.000000000000000000, 0.000000000000000000, -1.000000000000000000 ) ) ;
#8066 = CARTESIAN_POINT ( 'NONE',  ( 63.80486844985845352, -18.00000000000000355, 549.9999999999998863 ) ) ;
#8067 = ORIENTED_EDGE ( 'NONE', *, *, #2797, .T. ) ;
#8068 = ORIENTED_EDGE ( 'NONE', *, *, #8345, .F. ) ;
#8069 = CARTESIAN_POINT ( 'NONE',  ( 214.1127280060018450, 4.120991350571665102, 575.0000000000001137 ) ) ;
#8070 = EDGE_CURVE ( 'NONE', #4367, #1998, #3261, .T. ) ;
#8071 = CARTESIAN_POINT ( 'NONE',  ( 179.2760304759289056, -0.3164241587228660002, 433.9999999999997726 ) ) ;
#8072 = LINE ( 'NONE', #2162, #2667 ) ;
#8073 = CARTESIAN_POINT ( 'NONE',  ( -13.97344651135168547, 0.1083587365137759911, 265.0000000000088676 ) ) ;
#8074 = CARTESIAN_POINT ( 'NONE',  ( 18.04222542907988114, -3.717823903286652243, 324.9999999999999432 ) ) ;
#8075 = CARTESIAN_POINT ( 'NONE',  ( 179.5905474858081448, -0.3855961218858485196, 433.9999999999994316 ) ) ;
#8076 = ORIENTED_EDGE ( 'NONE', *, *, #2532, .F. ) ;
#8077 = CARTESIAN_POINT ( 'NONE',  ( -19.42577065416172744, 9.845257232200909314, 260.7832537866579514 ) ) ;
#8078 = ORIENTED_EDGE ( 'NONE', *, *, #5993, .F. ) ;
#8079 = CARTESIAN_POINT ( 'NONE',  ( -5.642151587238918964, 8.386780365232946011, 479.9999999999996589 ) ) ;
#8080 = ORIENTED_EDGE ( 'NONE', *, *, #3349, .F. ) ;
#8081 = CARTESIAN_POINT ( 'NONE',  ( 14.43520232316378049, 11.56592333184330812, 0.000000000000000000 ) ) ;
#8082 = CARTESIAN_POINT ( 'NONE',  ( 0.7543270856096397914, 12.21830180802790800, 261.5994708773392290 ) ) ;
#8083 = CARTESIAN_POINT ( 'NONE',  ( 152.2586700009402136, 4.303790337528730525, 479.9999999999994884 ) ) ;
#8084 = CARTESIAN_POINT ( 'NONE',  ( 5.132720867341024729, 10.50832829541523594, 245.0229579467064696 ) ) ;
#8085 = CARTESIAN_POINT ( 'NONE',  ( -15.59492684439580934, 1.110031915877534914, 324.9999999999818669 ) ) ;
#8086 = CARTESIAN_POINT ( 'NONE',  ( 82.74985790854593404, -25.00000000000000000, 575.0000000000000000 ) ) ;
#8087 = EDGE_CURVE ( 'NONE', #8141, #4541, #638, .T. ) ;
#8088 = CARTESIAN_POINT ( 'NONE',  ( -12.86479965548123339, -0.2510932708556716797, 480.0000000000001705 ) ) ;
#8089 = CARTESIAN_POINT ( 'NONE',  ( 179.2103826691958943, -0.3043128723661052137, 0.000000000000000000 ) ) ;
#8090 = CARTESIAN_POINT ( 'NONE',  ( 177.6842409166393679, -0.2504012139362459255, 479.9999999999999432 ) ) ;
#8091 = CARTESIAN_POINT ( 'NONE',  ( -33.77870876562846547, -12.50000000000000000, 325.0000000000004547 ) ) ;
#8092 = DIRECTION ( 'NONE',  ( -0.000000000000000000, 1.000000000000000000, -0.000000000000000000 ) ) ;
#8093 = CARTESIAN_POINT ( 'NONE',  ( 175.9153428639339722, -0.1906123319560492635, 480.0000000000000000 ) ) ;
#8094 = CARTESIAN_POINT ( 'NONE',  ( 1.817929197946149822, -12.49999999999999822, 262.2790774615232863 ) ) ;
#8095 = CARTESIAN_POINT ( 'NONE',  ( 27.97649146100394901, -3.989641679743326286, 318.2711692615781658 ) ) ;
#8096 = DIRECTION ( 'NONE',  ( -0.000000000000000000, 1.000000000000000000, -0.000000000000000000 ) ) ;
#8097 = B_SPLINE_CURVE_WITH_KNOTS ( 'NONE', 3,
 ( #5989, #1926, #1366, #6638, #2710, #8442, #3266, #1246, #3923, #1880, #7241, #7199, #3310, #3878, #5336, #5209, #6553, #5900, #8524, #2621, #5254, #7882, #1966, #5942, #7964, #3492, #6782 ),
 .UNSPECIFIED., .F., .F.,
 ( 4, 2, 1, 1, 1, 1, 1, 2, 1, 1, 1, 1, 1, 1, 1, 1, 1, 1, 1, 1, 1, 1, 4 ),
 ( 2.797157557069881010E-17, 0.001453478506360955571, 0.008841229787780673088, 0.01622898106920052028, 0.01992285670991042132, 0.02361673235062037093, 0.02731060799133023034, 0.03100448363204008628, 0.03241966402983529477, 0.03383484442763046163, 0.03525002482542566318, 0.03595761502432318069, 0.03666520522322078840, 0.03737279542211834754, 0.03808038562101594832, 0.03878797581991355603, 0.03949556601881111517, 0.04020315621770871595, 0.04055695131715746776, 0.04091074641660636529, 0.04126454151605511711, 0.04144143906577947567, 0.04148161942023446958 ),
 .UNSPECIFIED. ) ;
#8098 = DIRECTION ( 'NONE',  ( -1.000000000000000000, 0.000000000000000000, 0.000000000000000000 ) ) ;
#8099 = CARTESIAN_POINT ( 'NONE',  ( 97.15242082108964894, -3.282864461709983583, 0.000000000000000000 ) ) ;
#8100 = CARTESIAN_POINT ( 'NONE',  ( -15.15871382496573538, 0.6978826112740769139, 484.8000000000000114 ) ) ;
#8101 = ORIENTED_EDGE ( 'NONE', *, *, #233, .T. ) ;
#8102 = CARTESIAN_POINT ( 'NONE',  ( -60.00000000000000000, -7.499999999999998224, 324.9999999999998863 ) ) ;
#8103 = CARTESIAN_POINT ( 'NONE',  ( 175.3129419956881350, 0.3337306327032812936, 479.0499999999999545 ) ) ;
#8104 = DIRECTION ( 'NONE',  ( 0.000000000000000000, 0.000000000000000000, -1.000000000000000000 ) ) ;
#8105 = CARTESIAN_POINT ( 'NONE',  ( 62.49999999999998579, -4.053115093010466907, 309.0000000000038654 ) ) ;
#8106 = CARTESIAN_POINT ( 'NONE',  ( 17.32907934080627399, -3.692999519254710261, 323.1444706614797155 ) ) ;
#8107 = CARTESIAN_POINT ( 'NONE',  ( -0.8993411530826463940, 12.50000000000000178, 264.9999999999998295 ) ) ;
#8108 = CARTESIAN_POINT ( 'NONE',  ( 176.8272708794122536, -0.2333735326913851937, 0.000000000000000000 ) ) ;
#8109 = EDGE_LOOP ( 'NONE', ( #4854, #1342, #5059, #7793 ) ) ;
#8110 = CARTESIAN_POINT ( 'NONE',  ( 214.5898580792710675, 2.852159760810318190, 575.0000000000001137 ) ) ;
#8111 = CARTESIAN_POINT ( 'NONE',  ( 178.4698604541385976, -0.1746734193196259333, 433.9999999999997158 ) ) ;
#8112 = DIRECTION ( 'NONE',  ( 0.000000000000000000, 0.000000000000000000, -1.000000000000000000 ) ) ;
#8113 = CIRCLE ( 'NONE', #4402, 1.999999999999991340 ) ;
#8114 = CARTESIAN_POINT ( 'NONE',  ( -25.35247789818506092, -16.46746418545074420, 264.9999999999998863 ) ) ;
#8115 = CARTESIAN_POINT ( 'NONE',  ( 12.17499216126576833, -23.48800559448617520, 324.9999999999999432 ) ) ;
#8116 = CARTESIAN_POINT ( 'NONE',  ( 130.1481877494446451, -1.274760497674375159, 480.0000000000000000 ) ) ;
#8117 = EDGE_LOOP ( 'NONE', ( #8208, #7526 ) ) ;
#8118 = CARTESIAN_POINT ( 'NONE',  ( -33.73495770000907612, 12.49999999999117506, 265.0866577297946378 ) ) ;
#8119 = ORIENTED_EDGE ( 'NONE', *, *, #1894, .F. ) ;
#8120 = LINE ( 'NONE', #5006, #4895 ) ;
#8121 = AXIS2_PLACEMENT_3D ( 'NONE', #7138, #6535, #3767 ) ;
#8122 = ORIENTED_EDGE ( 'NONE', *, *, #2679, .T. ) ;
#8123 = CARTESIAN_POINT ( 'NONE',  ( 2.427097266098021677, 9.714052600181668495, 0.000000000000000000 ) ) ;
#8124 = EDGE_CURVE ( 'NONE', #3868, #6994, #5292, .T. ) ;
#8125 = CARTESIAN_POINT ( 'NONE',  ( 137.4672068873614990, -25.15218399402633764, 179.9999999999999716 ) ) ;
#8126 = CARTESIAN_POINT ( 'NONE',  ( 107.1140591042983345, 9.923781088357626956, 484.7999999999995566 ) ) ;
#8127 = CARTESIAN_POINT ( 'NONE',  ( -4.683164670527193429, 8.332519059238736148, 245.0268184163227261 ) ) ;
#8128 = CARTESIAN_POINT ( 'NONE',  ( -15.95648578117760863, 1.575594849891252647, 345.0263683373948993 ) ) ;
#8129 = ADVANCED_FACE ( 'NONE', ( #2615 ), #7234, .F. ) ;
#8130 = CARTESIAN_POINT ( 'NONE',  ( 118.6125685420205969, -1.679818551893630607, 479.0499999999994429 ) ) ;
#8131 = CARTESIAN_POINT ( 'NONE',  ( -29.84114814004258065, -15.31061640207172836, 575.0000000000000000 ) ) ;
#8132 = CARTESIAN_POINT ( 'NONE',  ( 174.3454610345534377, 0.6749216265904885992, 480.0000000000000568 ) ) ;
#8133 = CARTESIAN_POINT ( 'NONE',  ( 178.0378221698416610, -0.2674784197346726233, 480.0000000000003411 ) ) ;
#8134 = CARTESIAN_POINT ( 'NONE',  ( 29.17576697124328433, 12.71178092460746711, 0.000000000000000000 ) ) ;
#8135 = ADVANCED_FACE ( 'NONE', ( #5937 ), #7918, .F. ) ;
#8136 = CARTESIAN_POINT ( 'NONE',  ( 171.0000000000000000, -14.22106106644589474, 575.0000000000000000 ) ) ;
#8137 = CARTESIAN_POINT ( 'NONE',  ( 170.9070410475208348, -0.08914354673687260866, 0.000000000000000000 ) ) ;
#8138 = DIRECTION ( 'NONE',  ( -1.000000000000000000, 0.000000000000000000, -0.000000000000000000 ) ) ;
#8139 = CARTESIAN_POINT ( 'NONE',  ( 30.94046741905481568, -4.040256612896123478, 319.6366205911221527 ) ) ;
#8140 = EDGE_CURVE ( 'NONE', #5306, #5543, #2002, .T. ) ;
#8141 = VERTEX_POINT ( 'NONE', #2705 ) ;
#8142 = CARTESIAN_POINT ( 'NONE',  ( 162.0000000000000000, 0.000000000000000000, 519.9999999999998863 ) ) ;
#8143 = CARTESIAN_POINT ( 'NONE',  ( 168.7926645202034308, -0.08030766244338630178, 0.000000000000000000 ) ) ;
#8144 = CARTESIAN_POINT ( 'NONE',  ( -9.902600045475269397, -1.051661070804668530, 484.7999999999999545 ) ) ;
#8145 = ORIENTED_EDGE ( 'NONE', *, *, #3716, .T. ) ;
#8146 = CARTESIAN_POINT ( 'NONE',  ( 164.8482965665584459, 2.363892304804797284, 480.0000000000001137 ) ) ;
#8147 = CARTESIAN_POINT ( 'NONE',  ( -15.15491253764878010, 0.6966950364046660127, 480.0000000000000000 ) ) ;
#8148 = ADVANCED_FACE ( 'NONE', ( #2047 ), #4685, .F. ) ;
#8149 = CARTESIAN_POINT ( 'NONE',  ( 137.4672068873615274, -0.9513360814451449210, 239.1523955369342787 ) ) ;
#8150 = CARTESIAN_POINT ( 'NONE',  ( -0.3260385411203708950, 15.98863689914002251, 549.9999999999998863 ) ) ;
#8151 = CARTESIAN_POINT ( 'NONE',  ( 22.03631780280748487, -3.846980980782507054, 324.2663436846197555 ) ) ;
#8152 = LINE ( 'NONE', #4842, #2540 ) ;
#8153 = CARTESIAN_POINT ( 'NONE',  ( 157.0960485702040614, -0.2117113013858293313, 0.000000000000000000 ) ) ;
#8154 = EDGE_LOOP ( 'NONE', ( #325, #1548, #8076, #7428, #6446 ) ) ;
#8155 = CARTESIAN_POINT ( 'NONE',  ( 214.8458338979751261, 1.779167835688347354, 575.0000000000002274 ) ) ;
#8156 = CARTESIAN_POINT ( 'NONE',  ( -0.6100414495677550786, 12.49999999999997158, 333.3220153371186143 ) ) ;
#8157 = CARTESIAN_POINT ( 'NONE',  ( -49.99999999999999289, -5.551115123125782702E-14, 289.4000000000000341 ) ) ;
#8158 = CIRCLE ( 'NONE', #5550, 1.400000000000012346 ) ;
#8159 = CARTESIAN_POINT ( 'NONE',  ( -14.99091474090768372, 0.6579435678920210195, 245.0051596368742537 ) ) ;
#8160 = DIRECTION ( 'NONE',  ( 0.000000000000000000, 0.000000000000000000, -1.000000000000000000 ) ) ;
#8161 = CARTESIAN_POINT ( 'NONE',  ( 175.1558006049075402, -0.1654154722596008209, 434.0000000000003979 ) ) ;
#8162 = CIRCLE ( 'NONE', #1413, 1.000000000000000888 ) ;
#8163 = ORIENTED_EDGE ( 'NONE', *, *, #6911, .T. ) ;
#8164 = CARTESIAN_POINT ( 'NONE',  ( -23.55450307095405904, 12.49999999999963229, 263.5164547136781152 ) ) ;
#8165 = EDGE_LOOP ( 'NONE', ( #7688, #5344, #3678, #1126 ) ) ;
#8166 = CARTESIAN_POINT ( 'NONE',  ( 45.00000000000000711, 3.000000000000000000, 303.9999999999998863 ) ) ;
#8167 = ORIENTED_EDGE ( 'NONE', *, *, #6269, .F. ) ;
#8168 = ADVANCED_FACE ( 'NONE', ( #7560 ), #6296, .F. ) ;
#8169 = CARTESIAN_POINT ( 'NONE',  ( 5.876272600501642351, -3.163189817746478116, 244.9867037165965939 ) ) ;
#8170 = CARTESIAN_POINT ( 'NONE',  ( 85.91310893928543635, 11.79278189224696760, 480.0000000000004547 ) ) ;
#8171 = EDGE_CURVE ( 'NONE', #6671, #3372, #3366, .T. ) ;
#8172 = CARTESIAN_POINT ( 'NONE',  ( -10.50174018043545665, 6.271317647295629349, 245.0309274327523781 ) ) ;
#8173 = CARTESIAN_POINT ( 'NONE',  ( -15.97058347818147439, 1.606957272706995621, 345.0274455144849526 ) ) ;
#8174 = CARTESIAN_POINT ( 'NONE',  ( 63.56097448398031702, -3.956807591335385510, 479.9999999999993179 ) ) ;
#8175 = ORIENTED_EDGE ( 'NONE', *, *, #3503, .T. ) ;
#8176 = CARTESIAN_POINT ( 'NONE',  ( 176.3019821037892143, 0.2738318575220421991, 0.000000000000000000 ) ) ;
#8177 = CARTESIAN_POINT ( 'NONE',  ( 179.6546130106197836, -0.3903059502528021252, 0.000000000000000000 ) ) ;
#8178 = CARTESIAN_POINT ( 'NONE',  ( 26.06725589710519841, 12.52660644202447848, 0.000000000000000000 ) ) ;
#8179 = AXIS2_PLACEMENT_3D ( 'NONE', #7089, #6610, #2634 ) ;
#8180 = LINE ( 'NONE', #1539, #6199 ) ;
#8181 = CARTESIAN_POINT ( 'NONE',  ( 179.3613420249335491, -0.3689022780617467467, 480.0000000000002842 ) ) ;
#8182 = EDGE_CURVE ( 'NONE', #3287, #487, #2553, .T. ) ;
#8183 = CARTESIAN_POINT ( 'NONE',  ( -16.12654873533076483, 10.48266064159328970, 330.5662794544683720 ) ) ;
#8184 = CARTESIAN_POINT ( 'NONE',  ( 23.54771835247636602, -3.892523667756239369, 317.1294107510061053 ) ) ;
#8185 = ORIENTED_EDGE ( 'NONE', *, *, #6214, .T. ) ;
#8186 = CARTESIAN_POINT ( 'NONE',  ( 130.1482619447576496, -1.276165593811506627, 480.0000000000001137 ) ) ;
#8187 = CARTESIAN_POINT ( 'NONE',  ( 149.9289460731712040, -0.3689384741930415990, 479.9999999999998295 ) ) ;
#8188 = CARTESIAN_POINT ( 'NONE',  ( -2.806201488262016319, -2.192863492593958963, 484.8000000000001819 ) ) ;
#8189 = ORIENTED_EDGE ( 'NONE', *, *, #7009, .T. ) ;
#8190 = CARTESIAN_POINT ( 'NONE',  ( 167.0222570087232441, 2.007403558293292534, 480.0000000000000000 ) ) ;
#8191 = CARTESIAN_POINT ( 'NONE',  ( 168.6282407321657786, 1.484729656675874310, 479.0499999999999545 ) ) ;
#8192 = VECTOR ( 'NONE', #3511, 1000.000000000000000 ) ;
#8193 = CARTESIAN_POINT ( 'NONE',  ( 120.9932936199123645, -1.784842463690856640, 480.0000000000000000 ) ) ;
#8194 = CARTESIAN_POINT ( 'NONE',  ( 157.5366166532017473, 3.480360268492395992, 180.0000000000001137 ) ) ;
#8195 = FACE_BOUND ( 'NONE', #8117, .T. ) ;
#8196 = DIRECTION ( 'NONE',  ( 0.000000000000000000, 1.000000000000000000, -0.000000000000000000 ) ) ;
#8197 = CYLINDRICAL_SURFACE ( 'NONE', #6597, 1.000000000000000888 ) ;
#8198 = VERTEX_POINT ( 'NONE', #4703 ) ;
#8199 = CARTESIAN_POINT ( 'NONE',  ( 179.3461983946511111, -0.4463284287202567424, 479.0499999999985903 ) ) ;
#8200 = CARTESIAN_POINT ( 'NONE',  ( 130.1481877494445882, -1.274760497674377824, 480.0000000000000000 ) ) ;
#8201 = CARTESIAN_POINT ( 'NONE',  ( -13.38574008256978054, -0.1250346426739631089, 265.0000000000000000 ) ) ;
#8202 = CARTESIAN_POINT ( 'NONE',  ( 174.4603277357358593, -0.1418385919327851130, 479.9999999999998295 ) ) ;
#8203 = CARTESIAN_POINT ( 'NONE',  ( 170.2035654238314635, -0.06450745639041116641, 434.0000000000004547 ) ) ;
#8204 = CARTESIAN_POINT ( 'NONE',  ( -33.64451037336857553, -7.499999999999733546, 264.9999999999998863 ) ) ;
#8205 = CARTESIAN_POINT ( 'NONE',  ( -20.10137902867175086, 12.50000000000000178, 266.0524886859902267 ) ) ;
#8206 = ORIENTED_EDGE ( 'NONE', *, *, #3959, .F. ) ;
#8207 = PRODUCT_RELATED_PRODUCT_CATEGORY ( 'part', '', ( #4276 ) ) ;
#8208 = ORIENTED_EDGE ( 'NONE', *, *, #6232, .F. ) ;
#8209 = CARTESIAN_POINT ( 'NONE',  ( -2.655298658479122498, -2.367464826796050748, 244.9876137686521815 ) ) ;
#8210 = CARTESIAN_POINT ( 'NONE',  ( 39.23924892202143866, 13.43127464113833547, 480.0000000000002274 ) ) ;
#8211 = CARTESIAN_POINT ( 'NONE',  ( -2.740504712567680912, 8.857655506143617075, 245.0258760293593525 ) ) ;
#8212 = CARTESIAN_POINT ( 'NONE',  ( -14.84165649343211868, 0.5426410018860634565, 325.0000000000356977 ) ) ;
#8213 = CARTESIAN_POINT ( 'NONE',  ( 63.43991516044987833, -3.746375667248739383, 479.0499999999993292 ) ) ;
#8214 = EDGE_LOOP ( 'NONE', ( #6521, #7599, #2924, #5998 ) ) ;
#8215 = CARTESIAN_POINT ( 'NONE',  ( 170.0715686044421773, 1.461896488674552241, 0.000000000000000000 ) ) ;
#8216 = CARTESIAN_POINT ( 'NONE',  ( 179.1817015099051389, -0.2984686403942442001, 480.0000000000003411 ) ) ;
#8217 = CARTESIAN_POINT ( 'NONE',  ( -15.77606962416336778, -12.50000000000032507, 326.2493609806907102 ) ) ;
#8218 = CARTESIAN_POINT ( 'NONE',  ( 9.942046277401049181, -4.817229260535832225, 316.9999999999998295 ) ) ;
#8219 = CARTESIAN_POINT ( 'NONE',  ( 179.6179691139911085, -0.3727080143628125897, 480.0000000000001705 ) ) ;
#8220 = CARTESIAN_POINT ( 'NONE',  ( -25.53507900952674703, 12.50000000000000178, 321.7378877325821804 ) ) ;
#8221 = DIRECTION ( 'NONE',  ( -0.000000000000000000, 1.000000000000000000, -0.000000000000000000 ) ) ;
#8222 = ORIENTED_EDGE ( 'NONE', *, *, #8124, .T. ) ;
#8223 = DIRECTION ( 'NONE',  ( -0.000000000000000000, 1.000000000000000000, -0.000000000000000000 ) ) ;
#8224 = CARTESIAN_POINT ( 'NONE',  ( 156.2301953925314137, -0.1826681069502283372, 480.0000000000002842 ) ) ;
#8225 = CARTESIAN_POINT ( 'NONE',  ( 83.55344463350023432, -3.580958819520635661, 484.8000000000002387 ) ) ;
#8226 = VERTEX_POINT ( 'NONE', #7935 ) ;
#8227 = CARTESIAN_POINT ( 'NONE',  ( 39.55455804345823623, 13.32165345236264642, 479.0500000000006366 ) ) ;
#8228 = CARTESIAN_POINT ( 'NONE',  ( -14.28007206956609565, 0.2632766928352416325, 484.7999999999993861 ) ) ;
#8229 = FACE_OUTER_BOUND ( 'NONE', #753, .T. ) ;
#8230 = CARTESIAN_POINT ( 'NONE',  ( -12.12517508731303550, 5.909686300370938561, 480.0026130154084854 ) ) ;
#8231 = EDGE_CURVE ( 'NONE', #4326, #712, #3893, .T. ) ;
#8232 = DIRECTION ( 'NONE',  ( -0.000000000000000000, 1.000000000000000000, -0.000000000000000000 ) ) ;
#8233 = CARTESIAN_POINT ( 'NONE',  ( -16.25742756507860065, 1.732378858475866812, 484.8000000000000114 ) ) ;
#8234 = CARTESIAN_POINT ( 'NONE',  ( 214.7587779256867293, -2.274721046034397176, 574.9999999999997726 ) ) ;
#8235 = VECTOR ( 'NONE', #7858, 1000.000000000000000 ) ;
#8236 = AXIS2_PLACEMENT_3D ( 'NONE', #902, #5473, #2186 ) ;
#8237 = DIRECTION ( 'NONE',  ( -0.000000000000000000, -0.000000000000000000, 1.000000000000000000 ) ) ;
#8238 = CARTESIAN_POINT ( 'NONE',  ( -18.29590922007298204, -19.58749029736052805, 264.9999999999998295 ) ) ;
#8239 = CARTESIAN_POINT ( 'NONE',  ( 57.45589884973495032, 12.95178591870530305, 0.000000000000000000 ) ) ;
#8240 = CARTESIAN_POINT ( 'NONE',  ( 184.9999999999999716, -24.99999999999998579, 575.0000000000000000 ) ) ;
#8241 = CARTESIAN_POINT ( 'NONE',  ( 17.29384224215183252, -3.743921505810273054, 244.3867430990729304 ) ) ;
#8242 = LINE ( 'NONE', #1137, #6757 ) ;
#8243 = VERTEX_POINT ( 'NONE', #1335 ) ;
#8244 = EDGE_LOOP ( 'NONE', ( #4575, #4108, #5026, #7982 ) ) ;
#8245 = CARTESIAN_POINT ( 'NONE',  ( -1.235912690310301709, -2.528899733161031893, 244.9873712143855187 ) ) ;
#8246 = CARTESIAN_POINT ( 'NONE',  ( 40.38225471058058957, 13.07022899537195570, 0.000000000000000000 ) ) ;
#8247 = VECTOR ( 'NONE', #8056, 1000.000000000000000 ) ;
#8248 = CARTESIAN_POINT ( 'NONE',  ( -18.67665679618698249, 24.52603155675528512, 264.9999999999998863 ) ) ;
#8249 = ADVANCED_FACE ( 'NONE', ( #4662 ), #7335, .F. ) ;
#8250 = CARTESIAN_POINT ( 'NONE',  ( -13.81686125692179345, 0.05800491388544507659, 344.9962973104272237 ) ) ;
#8251 = CARTESIAN_POINT ( 'NONE',  ( 119.4283284700636614, -1.607853734814962854, 479.0499999999999545 ) ) ;
#8252 = AXIS2_PLACEMENT_3D ( 'NONE', #4955, #2396, #4990 ) ;
#8253 = ORIENTED_EDGE ( 'NONE', *, *, #6736, .F. ) ;
#8254 = CARTESIAN_POINT ( 'NONE',  ( 175.6110887918231640, 0.4129181052290945009, 0.000000000000000000 ) ) ;
#8255 = CARTESIAN_POINT ( 'NONE',  ( 179.1598703509199026, -0.2948807630413088354, 480.0000000000003411 ) ) ;
#8256 = DIRECTION ( 'NONE',  ( 0.000000000000000000, 0.000000000000000000, 1.000000000000000000 ) ) ;
#8257 = CARTESIAN_POINT ( 'NONE',  ( 179.6687298249291302, -0.3844909701427686732, 480.0000000000003411 ) ) ;
#8258 = CARTESIAN_POINT ( 'NONE',  ( -18.47019792496078594, 12.50000000000000178, 324.8892155187743924 ) ) ;
#8259 = CARTESIAN_POINT ( 'NONE',  ( -15.65975335616377784, 2.602720550809983102, 245.0402625957680698 ) ) ;
#8260 = CARTESIAN_POINT ( 'NONE',  ( -4.368469580606816116, 8.538119850270090794, 324.9999999999639613 ) ) ;
#8261 = ORIENTED_EDGE ( 'NONE', *, *, #6582, .F. ) ;
#8262 = CARTESIAN_POINT ( 'NONE',  ( 9.942046277401049181, -4.817229260535832225, 316.9999999999998295 ) ) ;
#8263 = CARTESIAN_POINT ( 'NONE',  ( 172.3770953946879558, -0.08973760245281159342, 479.9999999999999432 ) ) ;
#8264 = AXIS2_PLACEMENT_3D ( 'NONE', #2793, #5424, #8050 ) ;
#8265 = CARTESIAN_POINT ( 'NONE',  ( 5.583813440983880660, -2.979454067321927635, 480.0000000000000000 ) ) ;
#8266 = ORIENTED_EDGE ( 'NONE', *, *, #6070, .T. ) ;
#8267 = CARTESIAN_POINT ( 'NONE',  ( 105.4704584695965508, 9.889433623430878839, 479.0500000000000114 ) ) ;
#8268 = CARTESIAN_POINT ( 'NONE',  ( 2.397923356052029220, -2.723905108740113157, 480.0000000000001705 ) ) ;
#8269 = B_SPLINE_CURVE_WITH_KNOTS ( 'NONE', 1,
 ( #7798, #3967 ),
 .UNSPECIFIED., .F., .F.,
 ( 2, 2 ),
 ( 0.9041666666666670071, 1.000000000000000000 ),
 .UNSPECIFIED. ) ;
#8270 = DIRECTION ( 'NONE',  ( -1.000000000000000000, 0.000000000000000000, 0.000000000000000000 ) ) ;
#8271 = CARTESIAN_POINT ( 'NONE',  ( 141.7261831643960477, 5.732998433932913862, 179.9999999999999432 ) ) ;
#8272 = CARTESIAN_POINT ( 'NONE',  ( 178.4250651999156787, -0.1662733002750787503, 434.0000000000002274 ) ) ;
#8273 = CARTESIAN_POINT ( 'NONE',  ( -15.46880003709868667, 1.842618831164563487, 0.000000000000000000 ) ) ;
#8274 = DIRECTION ( 'NONE',  ( 0.000000000000000000, 0.000000000000000000, 1.000000000000000000 ) ) ;
#8275 = CARTESIAN_POINT ( 'NONE',  ( -28.40630280461314427, 8.133487270140896896, 325.9920425840277289 ) ) ;
#8276 = EDGE_LOOP ( 'NONE', ( #442, #6298, #1646, #6822 ) ) ;
#8277 = CARTESIAN_POINT ( 'NONE',  ( -6.890988369210660380, 8.003985392337185090, 480.0000000000001137 ) ) ;
#8278 = CARTESIAN_POINT ( 'NONE',  ( 178.7386183346093560, -0.2162506080545726350, 479.9999999999996589 ) ) ;
#8279 = CARTESIAN_POINT ( 'NONE',  ( 179.4523262934166326, -0.3474528255561143419, 434.0000000000000000 ) ) ;
#8280 = CARTESIAN_POINT ( 'NONE',  ( -10.00548801377362551, -1.141620967616433502, 244.9909699442233944 ) ) ;
#8281 = FACE_OUTER_BOUND ( 'NONE', #1609, .T. ) ;
#8282 = CARTESIAN_POINT ( 'NONE',  ( 139.6631831183702275, -0.8045036377663958849, 434.0000000000001705 ) ) ;
#8283 = DIRECTION ( 'NONE',  ( -1.000000000000000000, 0.000000000000000000, 0.000000000000000000 ) ) ;
#8284 = CARTESIAN_POINT ( 'NONE',  ( -60.00000000000000000, 7.500000000000002665, 265.9999999999998863 ) ) ;
#8285 = EDGE_LOOP ( 'NONE', ( #7005, #3091, #8330, #2687, #4948, #2074 ) ) ;
#8286 = ORIENTED_EDGE ( 'NONE', *, *, #960, .T. ) ;
#8287 = CARTESIAN_POINT ( 'NONE',  ( 169.9278179488887872, -0.07498133889704335087, 180.0000000000001137 ) ) ;
#8288 = CARTESIAN_POINT ( 'NONE',  ( 7.558108185811684088, 11.19438381542522443, 480.0000000000002842 ) ) ;
#8289 = CARTESIAN_POINT ( 'NONE',  ( -14.68764576896159646, 3.782636335593624555, 265.0000000000090381 ) ) ;
#8290 = CARTESIAN_POINT ( 'NONE',  ( -13.60985455717448467, -0.02147677213339916139, 344.9957721719594019 ) ) ;
#8291 = CARTESIAN_POINT ( 'NONE',  ( 74.70527059920941326, 12.51347793493506799, 479.9999026752156510 ) ) ;
#8292 = EDGE_LOOP ( 'NONE', ( #1945, #7588, #2416, #1779, #2547 ) ) ;
#8293 = CARTESIAN_POINT ( 'NONE',  ( 177.4655210255767201, 0.03112513564933465718, 479.9999999999996589 ) ) ;
#8294 = EDGE_CURVE ( 'NONE', #3888, #1374, #855, .T. ) ;
#8295 = CARTESIAN_POINT ( 'NONE',  ( 179.4894902400031356, -0.3800084924071890358, 0.000000000000000000 ) ) ;
#8296 = CARTESIAN_POINT ( 'NONE',  ( 40.92950548548046896, -4.040475199406840190, 479.9994308403718719 ) ) ;
#8297 = CARTESIAN_POINT ( 'NONE',  ( 179.5888943984839159, -0.3671705827371291586, 479.9999999999997726 ) ) ;
#8298 = CARTESIAN_POINT ( 'NONE',  ( -2.472008380169780750, -12.49999999999999822, 298.3965617754212190 ) ) ;
#8299 = CARTESIAN_POINT ( 'NONE',  ( 17.09631549299431086, -3.600896241312046442, 480.0000000000000000 ) ) ;
#8300 = CARTESIAN_POINT ( 'NONE',  ( -11.00772835716386666, 6.177195396806312466, 325.0000000000359250 ) ) ;
#8301 = AXIS2_PLACEMENT_3D ( 'NONE', #4713, #1309, #584 ) ;
#8302 = ORIENTED_EDGE ( 'NONE', *, *, #445, .T. ) ;
#8303 = DIRECTION ( 'NONE',  ( 0.000000000000000000, 1.000000000000000000, 0.000000000000000000 ) ) ;
#8304 = CARTESIAN_POINT ( 'NONE',  ( 145.3127488991191854, -0.6305310351637890554, 0.000000000000000000 ) ) ;
#8305 = CIRCLE ( 'NONE', #4600, 2.000000000000001776 ) ;
#8306 = CARTESIAN_POINT ( 'NONE',  ( 73.68978544301258182, -3.810458425130815119, 480.0000000000005684 ) ) ;
#8307 = ORIENTED_EDGE ( 'NONE', *, *, #4650, .F. ) ;
#8308 = EDGE_CURVE ( 'NONE', #1382, #4245, #6651, .T. ) ;
#8309 = CARTESIAN_POINT ( 'NONE',  ( 46.12824685671957070, 24.99999999999999645, 575.0000000000000000 ) ) ;
#8310 = CARTESIAN_POINT ( 'NONE',  ( -7.977044268494115187, -1.438745490694056439, 479.9999999999993747 ) ) ;
#8311 = ORIENTED_EDGE ( 'NONE', *, *, #5701, .F. ) ;
#8312 = CARTESIAN_POINT ( 'NONE',  ( 1.977402203690769245, 10.20713252769725266, 480.0000000000000000 ) ) ;
#8313 = CARTESIAN_POINT ( 'NONE',  ( -35.43059005538606954, 6.241774476853500175, 264.9999999999998863 ) ) ;
#8314 = CARTESIAN_POINT ( 'NONE',  ( 175.3968925298107990, 0.4595194912329740866, 179.9999999999998010 ) ) ;
#8315 = CARTESIAN_POINT ( 'NONE',  ( -25.40389236080883251, 12.50000000000000178, 268.2962697042455034 ) ) ;
#8316 = B_SPLINE_CURVE_WITH_KNOTS ( 'NONE', 3,
 ( #4751, #2849, #5484, #4191, #6738, #5440, #6173, #4927, #6343, #8314, #2410, #5045, #7543, #5692, #7665, #2887, #2283, #1635, #5650, #2323, #8194, #1712, #4965, #8271, #6951, #7033, #7624 ),
 .UNSPECIFIED., .F., .F.,
 ( 4, 1, 1, 1, 1, 1, 1, 1, 1, 1, 1, 1, 1, 1, 1, 2, 1, 1, 1, 1, 1, 2, 4 ),
 ( 0.0007611416604629572293, 0.0008014297119622042394, 0.0009788014074099558783, 0.001333544798305503175, 0.001688288189201182744, 0.002043031580096730040, 0.002752518361887912671, 0.003462005143679051065, 0.004171491925470234563, 0.004880978707261417193, 0.005590465489052556455, 0.006299952270843739086, 0.007009439052634833245, 0.008428412616217198505, 0.009847386179799518663, 0.01126635974338188566, 0.01497013622975367463, 0.01867391271612546186, 0.02237768920249734103, 0.02608146568886917163, 0.03348901866161287794, 0.04089657163435645587, 0.04274461068120886248 ),
 .UNSPECIFIED. ) ;
#8317 = FACE_OUTER_BOUND ( 'NONE', #2495, .T. ) ;
#8318 =( LENGTH_UNIT ( ) NAMED_UNIT ( * ) SI_UNIT ( .MILLI., .METRE. ) );
#8319 = CARTESIAN_POINT ( 'NONE',  ( 38.92941008467052910, -12.00000000000000000, 516.0700058958016143 ) ) ;
#8320 = CARTESIAN_POINT ( 'NONE',  ( -19.83993266903403807, 12.50000000000000178, 324.2018191429785361 ) ) ;
#8321 = ORIENTED_EDGE ( 'NONE', *, *, #6180, .F. ) ;
#8322 = AXIS2_PLACEMENT_3D ( 'NONE', #4753, #4193, #2809 ) ;
#8323 = CARTESIAN_POINT ( 'NONE',  ( -0.1565316014459631477, 9.776108866334592307, 480.0000000000001137 ) ) ;
#8324 = CARTESIAN_POINT ( 'NONE',  ( 178.5293019351194062, -0.3029419376565644084, 479.0500000000000114 ) ) ;
#8325 = CARTESIAN_POINT ( 'NONE',  ( 179.5927801132043555, -0.3747593033390758666, 433.9999999999997158 ) ) ;
#8326 = CARTESIAN_POINT ( 'NONE',  ( -20.11594078060648272, -18.96546588013853096, 264.9999999999999432 ) ) ;
#8327 = DIRECTION ( 'NONE',  ( -1.000000000000000000, -0.000000000000000000, -0.000000000000000000 ) ) ;
#8328 = CARTESIAN_POINT ( 'NONE',  ( 1.336924628381834568, -10.73506582279105537, 329.0005051911152805 ) ) ;
#8329 = CARTESIAN_POINT ( 'NONE',  ( -8.983577531333397204, 12.50000000000000000, 258.6099699668308745 ) ) ;
#8330 = ORIENTED_EDGE ( 'NONE', *, *, #762, .F. ) ;
#8331 = ORIENTED_EDGE ( 'NONE', *, *, #2691, .T. ) ;
#8332 = CARTESIAN_POINT ( 'NONE',  ( 137.5548071074007055, -0.9592990423650028520, 180.0000000000000000 ) ) ;
#8333 = CARTESIAN_POINT ( 'NONE',  ( -5.564543446643932079, 7.726004115337648415, 0.000000000000000000 ) ) ;
#8334 = CARTESIAN_POINT ( 'NONE',  ( -30.71016088675576228, 15.84135676981047958, 264.9999999999998863 ) ) ;
#8335 = CARTESIAN_POINT ( 'NONE',  ( -13.37795252415181224, -0.1078150637676485168, 344.9953080913218173 ) ) ;
#8336 = CARTESIAN_POINT ( 'NONE',  ( 29.34774543322498985, 13.12868014684860007, 480.0002234950687807 ) ) ;
#8337 = ORIENTED_EDGE ( 'NONE', *, *, #5791, .F. ) ;
#8338 = CARTESIAN_POINT ( 'NONE',  ( -0.1565316014459631477, 9.776108866334592307, 480.0000000000001137 ) ) ;
#8339 = CARTESIAN_POINT ( 'NONE',  ( 179.6358483805277331, -0.3894879000592401108, 0.000000000000000000 ) ) ;
#8340 = CARTESIAN_POINT ( 'NONE',  ( 64.29487458833028768, -3.946169113264678341, 480.0000688345801905 ) ) ;
#8341 = CARTESIAN_POINT ( 'NONE',  ( 179.0981384042747209, -0.3470958824763704653, 0.000000000000000000 ) ) ;
#8342 = CARTESIAN_POINT ( 'NONE',  ( 168.0795006546612171, 1.828398982587448263, 479.9999999999999432 ) ) ;
#8343 = CARTESIAN_POINT ( 'NONE',  ( 26.34175115327878558, -3.852002394093175131, 479.9999999999999432 ) ) ;
#8344 = CARTESIAN_POINT ( 'NONE',  ( -8.463584898542610091, 28.17660879353129744, 324.9999999999998295 ) ) ;
#8345 = EDGE_CURVE ( 'NONE', #6626, #5754, #642, .T. ) ;
#8346 = ORIENTED_EDGE ( 'NONE', *, *, #2704, .T. ) ;
#8347 = CARTESIAN_POINT ( 'NONE',  ( 40.92950548548048317, -12.00000000000000000, 575.0000000000000000 ) ) ;
#8348 = CARTESIAN_POINT ( 'NONE',  ( 179.6631224529951112, -0.3814005897323746175, 484.7999999999997840 ) ) ;
#8349 = CARTESIAN_POINT ( 'NONE',  ( 103.2653338806589858, -2.792091226207813026, 479.9999999999998863 ) ) ;
#8350 = VERTEX_POINT ( 'NONE', #201 ) ;
#8351 = CARTESIAN_POINT ( 'NONE',  ( 117.8796722087887048, 25.00000000000000355, 574.9999999999998863 ) ) ;
#8352 = CARTESIAN_POINT ( 'NONE',  ( 24.45327970776682491, -3.810759374005224576, 480.0000000000001137 ) ) ;
#8353 = CARTESIAN_POINT ( 'NONE',  ( 140.8048684498582190, -16.00000000000000000, 575.0000000000000000 ) ) ;
#8354 = CARTESIAN_POINT ( 'NONE',  ( 1.499260999905817293, -10.55609781639726563, 260.7928155965000769 ) ) ;
#8355 = EDGE_CURVE ( 'NONE', #5868, #6278, #1948, .T. ) ;
#8356 = CARTESIAN_POINT ( 'NONE',  ( 178.7212343070215752, -0.2202689680733342370, 180.0000000000000000 ) ) ;
#8357 = CARTESIAN_POINT ( 'NONE',  ( 58.11814199811814774, -4.107872671675862009, 303.9999999999996589 ) ) ;
#8358 = B_SPLINE_CURVE_WITH_KNOTS ( 'NONE', 3,
 ( #4654, #687, #38, #2012, #6642, #6728, #7366 ),
 .UNSPECIFIED., .F., .F.,
 ( 4, 3, 4 ),
 ( 0.000000000000000000, 0.003023002352446178907, 0.007917323746564655998 ),
 .UNSPECIFIED. ) ;
#8359 = CARTESIAN_POINT ( 'NONE',  ( 176.9882751167025106, 0.1410143194314552595, 0.000000000000000000 ) ) ;
#8360 = LINE ( 'NONE', #6148, #6407 ) ;
#8361 = CARTESIAN_POINT ( 'NONE',  ( -24.08697954754568471, 12.50000000000037126, 326.4174474967483093 ) ) ;
#8362 = ORIENTED_EDGE ( 'NONE', *, *, #318, .F. ) ;
#8363 = CARTESIAN_POINT ( 'NONE',  ( -8.027979560528429204, 6.889172825458908633, 0.000000000000000000 ) ) ;
#8364 = CARTESIAN_POINT ( 'NONE',  ( 179.5608047569066628, -0.3614727663536625446, 480.0000000000009663 ) ) ;
#8365 = CARTESIAN_POINT ( 'NONE',  ( 139.3040093269680142, -0.8082181907248325858, 480.0000000000000000 ) ) ;
#8366 = CARTESIAN_POINT ( 'NONE',  ( -14.58416544307544349, -20.61196024616929279, 264.9999999999998863 ) ) ;
#8367 = FILL_AREA_STYLE ('',( #4361 ) ) ;
#8368 = LINE ( 'NONE', #5834, #998 ) ;
#8369 = CARTESIAN_POINT ( 'NONE',  ( -60.00000000000000000, 7.500000000000002665, 264.9999999999998863 ) ) ;
#8370 = VECTOR ( 'NONE', #2050, 1000.000000000000114 ) ;
#8371 = DIRECTION ( 'NONE',  ( 1.000000000000000000, 0.000000000000000000, 0.000000000000000000 ) ) ;
#8372 = VERTEX_POINT ( 'NONE', #3477 ) ;
#8373 = ORIENTED_EDGE ( 'NONE', *, *, #1554, .F. ) ;
#8374 = CARTESIAN_POINT ( 'NONE',  ( -21.14553622460154614, -9.269222062267738593, 326.8240136082958429 ) ) ;
#8375 = VECTOR ( 'NONE', #7877, 1000.000000000000000 ) ;
#8376 = CARTESIAN_POINT ( 'NONE',  ( 179.4672148827973217, -0.3510541202577232567, 180.0000000000001137 ) ) ;
#8377 = CARTESIAN_POINT ( 'NONE',  ( -8.142932773706807126, 7.592386243149327640, 484.8000000000004093 ) ) ;
#8378 = CARTESIAN_POINT ( 'NONE',  ( -25.90002019790076560, 20.38423653941736546, 264.9999999999998863 ) ) ;
#8379 = CARTESIAN_POINT ( 'NONE',  ( -15.25135347744905090, 0.8160334984179117290, 324.9999999999998863 ) ) ;
#8380 = CARTESIAN_POINT ( 'NONE',  ( 140.8048684498582190, 18.00000000000000355, 549.9999999999998863 ) ) ;
#8381 = VERTEX_POINT ( 'NONE', #1538 ) ;
#8382 = CARTESIAN_POINT ( 'NONE',  ( 40.38225471058058957, 13.07022899537195570, 0.000000000000000000 ) ) ;
#8383 = CARTESIAN_POINT ( 'NONE',  ( 177.8113290208463013, -0.04453163699702063910, 480.0000000000001137 ) ) ;
#8384 = CARTESIAN_POINT ( 'NONE',  ( 17.32633731060354521, -3.696972146681746452, 316.9999999999999432 ) ) ;
#8385 = CARTESIAN_POINT ( 'NONE',  ( 179.1749398370855886, -0.3536458699244799941, 0.000000000000000000 ) ) ;
#8386 = EDGE_CURVE ( 'NONE', #7661, #339, #6207, .T. ) ;
#8387 = AXIS2_PLACEMENT_3D ( 'NONE', #4221, #7322, #4177 ) ;
#8388 = CARTESIAN_POINT ( 'NONE',  ( -15.00000000000001599, -25.00000000000000711, 575.0000000000000000 ) ) ;
#8389 = CARTESIAN_POINT ( 'NONE',  ( -12.58685141684365050, 5.375352343695367630, 324.9999999999278657 ) ) ;
#8390 = ORIENTED_EDGE ( 'NONE', *, *, #2660, .F. ) ;
#8391 = CARTESIAN_POINT ( 'NONE',  ( 1.191537787730669207, 10.05424533230298501, 480.0000000000000000 ) ) ;
#8392 = CARTESIAN_POINT ( 'NONE',  ( 179.6187966279387354, -0.3887568935915974300, 480.0000000000004547 ) ) ;
#8393 = EDGE_CURVE ( 'NONE', #6357, #4030, #3331, .T. ) ;
#8394 = CARTESIAN_POINT ( 'NONE',  ( 175.2078126493726415, -0.1660505332818571766, 480.0000000000002274 ) ) ;
#8395 = VERTEX_POINT ( 'NONE', #2874 ) ;
#8396 = CARTESIAN_POINT ( 'NONE',  ( 83.49820035704588861, 11.94628081689196009, 480.0000000000000000 ) ) ;
#8397 = CARTESIAN_POINT ( 'NONE',  ( -2.568003707435939198, -2.523232583551511254, 0.000000000000000000 ) ) ;
#8398 = EDGE_CURVE ( 'NONE', #6842, #7013, #3434, .T. ) ;
#8399 = ORIENTED_EDGE ( 'NONE', *, *, #4829, .T. ) ;
#8400 = CARTESIAN_POINT ( 'NONE',  ( 20.92950548548044054, -3.818209303610976324, 316.9999999999999432 ) ) ;
#8401 = CARTESIAN_POINT ( 'NONE',  ( 50.00000000000000000, 0.9999999999999943379, 575.1521839940262453 ) ) ;
#8402 = CARTESIAN_POINT ( 'NONE',  ( -27.95552861307223935, 1.361259802224432880, 549.9999999999998863 ) ) ;
#8403 = AXIS2_PLACEMENT_3D ( 'NONE', #2713, #5994, #5302 ) ;
#8404 = CARTESIAN_POINT ( 'NONE',  ( -6.583177667258866883, 12.50000000000000178, 259.6471399011484777 ) ) ;
#8405 = CARTESIAN_POINT ( 'NONE',  ( 2.608971561588838917, -3.056866839938173097, 0.000000000000000000 ) ) ;
#8406 = CARTESIAN_POINT ( 'NONE',  ( 50.00000000000000000, 0.9999999999999943379, 303.9999999999998863 ) ) ;
#8407 = CARTESIAN_POINT ( 'NONE',  ( -33.93567569302373244, 12.49999999998963318, 324.9139593011781812 ) ) ;
#8408 = ORIENTED_EDGE ( 'NONE', *, *, #6001, .T. ) ;
#8409 = CARTESIAN_POINT ( 'NONE',  ( -1.867279924347390097, 9.390473158144189370, 484.8000000000001251 ) ) ;
#8410 = CARTESIAN_POINT ( 'NONE',  ( 213.0398915058275975, 5.946499048305454949, 575.0000000000001137 ) ) ;
#8411 = EDGE_CURVE ( 'NONE', #6061, #187, #3719, .T. ) ;
#8412 = CARTESIAN_POINT ( 'NONE',  ( -16.28269074349989864, -12.49999999999999822, 266.8865105836517273 ) ) ;
#8413 = B_SPLINE_CURVE_WITH_KNOTS ( 'NONE', 3,
 ( #7465, #2200, #4841, #915, #1596, #1553, #4192, #3538, #260, #5528, #4235, #1756, #4966, #3798, #1674, #2324, #1847, #427, #5782, #3146 ),
 .UNSPECIFIED., .F., .F.,
 ( 4, 2, 2, 2, 2, 2, 2, 2, 2, 4 ),
 ( 2.672772767898012829E-17, 0.008880200091180585203, 0.01332030013677087260, 0.01776040018236116347, 0.01998045020515629502, 0.02220050022795142658, 0.02442055025074655814, 0.02664060027354168969, 0.03108070031913197709, 0.03552080036472226449 ),
 .UNSPECIFIED. ) ;
#8414 = CARTESIAN_POINT ( 'NONE',  ( -8.886292464007702563, -21.69047756344225419, 264.9999999999998863 ) ) ;
#8415 = CARTESIAN_POINT ( 'NONE',  ( 34.92950548548042633, -6.670475711602137814, 492.0361765911852103 ) ) ;
#8416 = CARTESIAN_POINT ( 'NONE',  ( 61.00000000000000711, 7.999999999999991118, 0.000000000000000000 ) ) ;
#8417 = CARTESIAN_POINT ( 'NONE',  ( -59.00000000000000000, -11.50000000000000000, 324.9999999999998863 ) ) ;
#8418 = CARTESIAN_POINT ( 'NONE',  ( -4.126832622007800211, 12.49999999999851852, 256.9112525725398086 ) ) ;
#8419 = VERTEX_POINT ( 'NONE', #117 ) ;
#8420 = ORIENTED_EDGE ( 'NONE', *, *, #7334, .T. ) ;
#8421 = CARTESIAN_POINT ( 'NONE',  ( -17.51362793430583054, -12.49999999999999822, 326.0386323253118803 ) ) ;
#8422 = ADVANCED_FACE ( 'NONE', ( #2750 ), #5739, .T. ) ;
#8423 = CARTESIAN_POINT ( 'NONE',  ( 56.00000000000000000, -3.000000000000007994, 575.0000000000000000 ) ) ;
#8424 = DIRECTION ( 'NONE',  ( 0.000000000000000000, 0.000000000000000000, 1.000000000000000000 ) ) ;
#8425 = CARTESIAN_POINT ( 'NONE',  ( -15.24776966927922572, 3.153985264857774418, 245.0386816484984820 ) ) ;
#8426 = CARTESIAN_POINT ( 'NONE',  ( -5.436745637643980444, -1.937596568468044067, 324.9999999999819806 ) ) ;
#8427 = CARTESIAN_POINT ( 'NONE',  ( 84.41180693622311537, 11.88470028079072094, 479.9986364839373323 ) ) ;
#8428 = VERTEX_POINT ( 'NONE', #7862 ) ;
#8429 = CARTESIAN_POINT ( 'NONE',  ( 13.17898526449600638, 11.92255191709181261, 479.9999999999997158 ) ) ;
#8430 = CARTESIAN_POINT ( 'NONE',  ( 170.8629788274858470, 1.341966976209248097, 484.8000000000000114 ) ) ;
#8431 = DIRECTION ( 'NONE',  ( -1.000000000000000000, 0.000000000000000000, 0.000000000000000000 ) ) ;
#8432 = CARTESIAN_POINT ( 'NONE',  ( 176.4274267913110634, 0.2549798538749673549, 479.9999999999996021 ) ) ;
#8433 = CARTESIAN_POINT ( 'NONE',  ( -2.690324440936857187, 8.878721357844165496, 245.0258396596154569 ) ) ;
#8434 = B_SPLINE_CURVE_WITH_KNOTS ( 'NONE', 3,
 ( #7535, #7372, #6861, #4918, #3530, #1628, #4093, #6125, #2232, #2100, #294, #4785, #4265, #860, #6167, #122, #2921, #2799, #7415, #3400 ),
 .UNSPECIFIED., .F., .F.,
 ( 4, 2, 2, 2, 2, 2, 2, 2, 2, 4 ),
 ( 1.098838769805616536E-14, 0.004453527452986642647, 0.008907054905962295821, 0.01113381863245012371, 0.01336058235893794986, 0.01558734608542577775, 0.01781410981191360390, 0.02226763726488924233, 0.02672116471786488076, 0.03562821962381616109 ),
 .UNSPECIFIED. ) ;
#8435 = CARTESIAN_POINT ( 'NONE',  ( -0.9266800778909292102, 29.85757970067161438, 324.9999999999998863 ) ) ;
#8436 = CARTESIAN_POINT ( 'NONE',  ( -45.12551701427199902, -0.3264277068723629438, 574.9999999999977263 ) ) ;
#8437 = AXIS2_PLACEMENT_3D ( 'NONE', #425, #2364, #6950 ) ;
#8438 = CARTESIAN_POINT ( 'NONE',  ( 179.6675918070775424, -0.3897966095237011541, 479.9999999999989768 ) ) ;
#8439 = CARTESIAN_POINT ( 'NONE',  ( 137.9726047538538012, -0.8709528034430135124, 484.7999999999998977 ) ) ;
#8440 = ORIENTED_EDGE ( 'NONE', *, *, #4124, .F. ) ;
#8441 = EDGE_CURVE ( 'NONE', #1861, #6980, #14, .T. ) ;
#8442 = CARTESIAN_POINT ( 'NONE',  ( 152.3226775348842068, 4.288325358710685542, 433.9999999999996021 ) ) ;
#8443 = CARTESIAN_POINT ( 'NONE',  ( -1.275715468150079968, -2.674737324832182850, 0.000000000000000000 ) ) ;
#8444 = CARTESIAN_POINT ( 'NONE',  ( 0.7549816154691995074, 12.21775681808312974, 258.2399420756830182 ) ) ;
#8445 = DIRECTION ( 'NONE',  ( 0.000000000000000000, -1.000000000000000000, -0.000000000000000000 ) ) ;
#8446 = CARTESIAN_POINT ( 'NONE',  ( 179.4671885912461562, -0.3506597548113337681, 180.0000000000001137 ) ) ;
#8447 = CARTESIAN_POINT ( 'NONE',  ( 200.6294900719518921, -0.4063160304696958325, 575.0000000000000000 ) ) ;
#8448 = CARTESIAN_POINT ( 'NONE',  ( -14.28007206956609565, 0.2632766928352416325, 484.7999999999993861 ) ) ;
#8449 = AXIS2_PLACEMENT_3D ( 'NONE', #8485, #1753, #1118 ) ;
#8450 = DIRECTION ( 'NONE',  ( 0.000000000000000000, -1.000000000000000000, 0.000000000000000000 ) ) ;
#8451 = CARTESIAN_POINT ( 'NONE',  ( -6.607238838156039407, 12.50000000000073719, 332.3925483971996755 ) ) ;
#8452 = CARTESIAN_POINT ( 'NONE',  ( 179.3781845437954132, -0.3308785706115449643, 480.0000000000000568 ) ) ;
#8453 = CARTESIAN_POINT ( 'NONE',  ( 213.0473292783119348, 5.936427032089747868, 575.0000000000001137 ) ) ;
#8454 = MECHANICAL_DESIGN_GEOMETRIC_PRESENTATION_REPRESENTATION (  '', ( #6949 ), #5981 ) ;
#8455 = CARTESIAN_POINT ( 'NONE',  ( -15.20569428188088423, -9.918583798681156694, 262.2324145883137021 ) ) ;
#8456 = CARTESIAN_POINT ( 'NONE',  ( 3.218220954018700120, -23.01116493359332082, 264.9999999999998863 ) ) ;
#8457 = CARTESIAN_POINT ( 'NONE',  ( 5.276526019233012121, 10.60618840709179089, 244.4122845752715421 ) ) ;
#8458 = CARTESIAN_POINT ( 'NONE',  ( 156.1859902792925254, -0.1892095129848016810, 434.0000000000004547 ) ) ;
#8459 = CARTESIAN_POINT ( 'NONE',  ( 52.28577316887668047, -4.133118284804370823, 339.0000000000002842 ) ) ;
#8460 = AXIS2_PLACEMENT_3D ( 'NONE', #8417, #7257, #53 ) ;
#8461 = CARTESIAN_POINT ( 'NONE',  ( 40.92950548548045475, -7.916931968207552295, 497.5527948145668802 ) ) ;
#8462 = ORIENTED_EDGE ( 'NONE', *, *, #4181, .T. ) ;
#8463 = EDGE_LOOP ( 'NONE', ( #6844, #1057, #8032, #3074 ) ) ;
#8464 = CARTESIAN_POINT ( 'NONE',  ( -14.12248144033791952, -12.49999999999999822, 323.4951182025461662 ) ) ;
#8465 = LINE ( 'NONE', #5881, #406 ) ;
#8466 = CARTESIAN_POINT ( 'NONE',  ( -13.78998987344098026, 3.919528527948139551, 0.000000000000000000 ) ) ;
#8467 = CARTESIAN_POINT ( 'NONE',  ( -14.89034235849834253, 25.07159250368824388, 575.0000000000000000 ) ) ;
#8468 = CARTESIAN_POINT ( 'NONE',  ( -15.49255890824983517, 2.914479655604224284, 264.9999999999999432 ) ) ;
#8469 = CARTESIAN_POINT ( 'NONE',  ( -3.845062196547345046, -2.159639041305374985, 324.9999999999998295 ) ) ;
#8470 = VECTOR ( 'NONE', #4005, 1000.000000000000227 ) ;
#8471 = CARTESIAN_POINT ( 'NONE',  ( 116.6964057697031905, 8.907132258505248146, 480.0007715171178120 ) ) ;
#8472 = ADVANCED_FACE ( 'NONE', ( #4757 ), #5588, .T. ) ;
#8473 = VERTEX_POINT ( 'NONE', #7462 ) ;
#8474 = CARTESIAN_POINT ( 'NONE',  ( 39.22781886413584118, 13.43488509759600014, 484.8000000000002387 ) ) ;
#8475 = CARTESIAN_POINT ( 'NONE',  ( 161.4170523818187348, 2.869258380480189441, 0.000000000000000000 ) ) ;
#8476 = CARTESIAN_POINT ( 'NONE',  ( 89.32408865746512561, -3.397013972865270848, 480.0005601653576264 ) ) ;
#8477 = CARTESIAN_POINT ( 'NONE',  ( 176.4217821969417912, 0.2562296049605907733, 484.7999999999995566 ) ) ;
#8478 = CARTESIAN_POINT ( 'NONE',  ( -15.00000000000001599, -25.00000000000000711, 575.0000000000000000 ) ) ;
#8479 = CARTESIAN_POINT ( 'NONE',  ( -15.98727043592502994, 2.238169952516103844, 324.9999999999996021 ) ) ;
#8480 = CARTESIAN_POINT ( 'NONE',  ( -12.64916455195131917, 5.633135793861869800, 480.0000000000000568 ) ) ;
#8481 = CARTESIAN_POINT ( 'NONE',  ( 178.9628068802957443, -0.3357248228443199256, 0.000000000000000000 ) ) ;
#8482 = CARTESIAN_POINT ( 'NONE',  ( 155.7689246456909018, -0.2509262568762115619, 0.000000000000000000 ) ) ;
#8483 = CARTESIAN_POINT ( 'NONE',  ( 157.5740938747223083, -13.13738024883718047, 527.5000000000000000 ) ) ;
#8484 = CARTESIAN_POINT ( 'NONE',  ( 166.7362027416500894, -0.04651729292491237761, 480.0000000000000000 ) ) ;
#8485 = CARTESIAN_POINT ( 'NONE',  ( 171.0000000000000000, 14.22106106644589474, 549.9999999999998863 ) ) ;
#8486 = CARTESIAN_POINT ( 'NONE',  ( 53.62314338896614885, -4.042700449361085191, 480.0000000000000000 ) ) ;
#8487 = CARTESIAN_POINT ( 'NONE',  ( 179.4672068873596231, -0.3509341913035193272, 179.9999999999999432 ) ) ;
#8488 = DIRECTION ( 'NONE',  ( 0.000000000000000000, 0.000000000000000000, 1.000000000000000000 ) ) ;
#8489 = CARTESIAN_POINT ( 'NONE',  ( -9.902600045475269397, -1.051661070804668530, 484.7999999999999545 ) ) ;
#8490 = CARTESIAN_POINT ( 'NONE',  ( 4.955471801517135511, 10.59448199153572467, 345.0229520405421226 ) ) ;
#8491 = CARTESIAN_POINT ( 'NONE',  ( -0.9304023389494954221, 12.50000000000000355, 334.3937894617718598 ) ) ;
#8492 = ORIENTED_EDGE ( 'NONE', *, *, #7516, .T. ) ;
#8493 = CARTESIAN_POINT ( 'NONE',  ( 178.6306777945876831, -0.3074222140487333221, 480.0000000000002274 ) ) ;
#8494 = CARTESIAN_POINT ( 'NONE',  ( 176.6749218732857685, 0.05998265353836148422, 479.0500000000005798 ) ) ;
#8495 = CARTESIAN_POINT ( 'NONE',  ( 134.3079840819919468, -0.7879295601727843712, 479.0499999999999545 ) ) ;
#8496 = ADVANCED_FACE ( 'NONE', ( #4188 ), #3654, .T. ) ;
#8497 = CARTESIAN_POINT ( 'NONE',  ( 14.92950548548043699, -12.00000000000000000, 322.9999999999998863 ) ) ;
#8498 = CARTESIAN_POINT ( 'NONE',  ( -16.28276782249963972, 1.837218134739944331, 480.0000000039622705 ) ) ;
#8499 = CARTESIAN_POINT ( 'NONE',  ( -11.86969993843491800, 5.799985107045601218, 345.0321767735546246 ) ) ;
#8500 = CARTESIAN_POINT ( 'NONE',  ( 179.4672068873614990, -25.15218399402633764, 179.9999999999999716 ) ) ;
#8501 = CARTESIAN_POINT ( 'NONE',  ( 32.06684320284830392, -3.959776019890742571, 480.0015457973574939 ) ) ;
#8502 = VERTEX_POINT ( 'NONE', #3946 ) ;
#8503 = CIRCLE ( 'NONE', #4792, 2.000000000000001776 ) ;
#8504 = ORIENTED_EDGE ( 'NONE', *, *, #858, .F. ) ;
#8505 = CARTESIAN_POINT ( 'NONE',  ( 161.1439117003540105, -0.09327182819276275128, 480.0000000000003411 ) ) ;
#8506 = DIRECTION ( 'NONE',  ( 0.8944271909999120806, 0.4472135954999655327, 0.000000000000000000 ) ) ;
#8507 = CARTESIAN_POINT ( 'NONE',  ( -15.41056863665070331, 2.051483865732729672, 0.000000000000000000 ) ) ;
#8508 = CARTESIAN_POINT ( 'NONE',  ( 60.00000000000000711, 7.999999999999991118, 4.000000000000000000 ) ) ;
#8509 = CARTESIAN_POINT ( 'NONE',  ( -32.98411621807802874, -8.738262869126359078, 264.9999999999998863 ) ) ;
#8510 = CARTESIAN_POINT ( 'NONE',  ( -11.29039418043769416, -0.7720104608567829318, 344.9923028219579919 ) ) ;
#8511 = CARTESIAN_POINT ( 'NONE',  ( -13.21786280741244290, -0.1687257688816184431, 344.9949442656006227 ) ) ;
#8512 = ORIENTED_EDGE ( 'NONE', *, *, #593, .T. ) ;
#8513 = CARTESIAN_POINT ( 'NONE',  ( 92.98696270780391160, 11.21409753998637804, 479.9999999999999432 ) ) ;
#8514 = CARTESIAN_POINT ( 'NONE',  ( 178.5002571078444760, -0.1808399222023152619, 484.7999999999998977 ) ) ;
#8515 = CARTESIAN_POINT ( 'NONE',  ( -28.51909274998294208, -12.50000000000000000, 320.3898748044918534 ) ) ;
#8516 = CARTESIAN_POINT ( 'NONE',  ( 179.0597020768670120, -0.2783260417168468281, 484.8000000000000682 ) ) ;
#8517 = EDGE_CURVE ( 'NONE', #3991, #398, #4856, .T. ) ;
#8518 = CARTESIAN_POINT ( 'NONE',  ( -60.00000000000000000, -7.499999999999998224, 265.9999999999998863 ) ) ;
#8519 = CARTESIAN_POINT ( 'NONE',  ( -34.94556942691278323, 8.780929612312121435, 324.9999999999998863 ) ) ;
#8520 = CARTESIAN_POINT ( 'NONE',  ( -15.00533156152188852, 4.048193781825124127, 479.9999999999995453 ) ) ;
#8521 = CARTESIAN_POINT ( 'NONE',  ( 179.5409848462864204, -0.3578882001403654867, 484.8000000000000114 ) ) ;
#8522 = CIRCLE ( 'NONE', #7976, 3.149999999999999911 ) ;
#8523 = CARTESIAN_POINT ( 'NONE',  ( 174.5056418731677184, -0.1427416402981217525, 484.8000000000000114 ) ) ;
#8524 = CARTESIAN_POINT ( 'NONE',  ( 175.7883988564720994, 0.3857072953728116205, 434.0000000000002842 ) ) ;
#8525 = CARTESIAN_POINT ( 'NONE',  ( 50.01573855809878921, -4.067679805855194175, 484.8000000000006935 ) ) ;
#8526 = AXIS2_PLACEMENT_3D ( 'NONE', #5511, #3394, #4824 ) ;
#8527 = EDGE_CURVE ( 'NONE', #4908, #8059, #8522, .T. ) ;
#8528 = VECTOR ( 'NONE', #2842, 1000.000000000000000 ) ;
#8529 = DIRECTION ( 'NONE',  ( 0.000000000000000000, 0.000000000000000000, 1.000000000000000000 ) ) ;
#8530 = LINE ( 'NONE', #6556, #4038 ) ;
#8531 = CARTESIAN_POINT ( 'NONE',  ( -15.86161870001607355, 3.136232392839853222, 479.9990033329364678 ) ) ;
#8532 = CARTESIAN_POINT ( 'NONE',  ( 62.49999999999999289, -4.051812653789749419, 311.4999999999998863 ) ) ;
#8533 = CARTESIAN_POINT ( 'NONE',  ( -12.42787233021135762, -0.3907752496544687482, 479.9999999999997158 ) ) ;
#8534 = VECTOR ( 'NONE', #7478, 1000.000000000000000 ) ;
ENDSEC;
END-ISO-10303-21;
