ISO-10303-21;
HEADER;
FILE_DESCRIPTION (( 'STEP AP214' ),
    '1' );
FILE_NAME ('Right Wing.STEP',
    '2026-08-28T03:37:11',
    ( '' ),
    ( '' ),
    'SwSTEP 2.0',
    'SolidWorks 2026',
    '' );
FILE_SCHEMA (( 'AUTOMOTIVE_DESIGN' ));
ENDSEC;

DATA;
#1 = CARTESIAN_POINT ( 'NONE',  ( -21.91367446409376285, -12.70582997664015501, -324.9999999999998863 ) ) ;
#2 = VERTEX_POINT ( 'NONE', #970 ) ;
#3 = CARTESIAN_POINT ( 'NONE',  ( 101.2372678745173715, 10.30162484350351448, 0.000000000000000000 ) ) ;
#4 = DIRECTION ( 'NONE',  ( -1.000000000000000000, 0.000000000000000000, 0.000000000000000000 ) ) ;
#5 = ORIENTED_EDGE ( 'NONE', *, *, #719, .T. ) ;
#6 = CARTESIAN_POINT ( 'NONE',  ( 20.90343924373988216, -3.716663422952158680, -480.0000000002168008 ) ) ;
#7 = CARTESIAN_POINT ( 'NONE',  ( 154.4656456631996093, 3.977905877050672778, -479.9999999999998295 ) ) ;
#8 = EDGE_CURVE ( 'NONE', #3670, #3015, #5543, .T. ) ;
#9 = CARTESIAN_POINT ( 'NONE',  ( 18.68245755889261517, -3.412400247993060187, -479.0499999999999545 ) ) ;
#10 = CARTESIAN_POINT ( 'NONE',  ( -14.45114383577118922, 0.3226509655242859043, -249.9999752365359313 ) ) ;
#11 = CARTESIAN_POINT ( 'NONE',  ( 163.5678313689324739, -0.08671630240159332315, 0.000000000000000000 ) ) ;
#12 = CARTESIAN_POINT ( 'NONE',  ( -16.90890863573930147, 12.49999999999996625, -323.2073612860550611 ) ) ;
#13 = CARTESIAN_POINT ( 'NONE',  ( 169.0516653839625292, -0.05003198850758065058, -434.0000000000000000 ) ) ;
#14 = DIRECTION ( 'NONE',  ( 1.000000000000000000, 0.000000000000000000, 0.000000000000000000 ) ) ;
#15 = FACE_OUTER_BOUND ( 'NONE', #1210, .T. ) ;
#16 = DIRECTION ( 'NONE',  ( -0.000000000000000000, -0.000000000000000000, -1.000000000000000000 ) ) ;
#17 = CARTESIAN_POINT ( 'NONE',  ( -9.652804824424645602, 22.51504402160061247, -264.9999999999998863 ) ) ;
#18 = CARTESIAN_POINT ( 'NONE',  ( -14.44886978241863673, 4.141318309884116644, -325.0000000000150067 ) ) ;
#19 = ORIENTED_EDGE ( 'NONE', *, *, #1760, .T. ) ;
#20 = ADVANCED_FACE ( 'NONE', ( #5649 ), #1816, .T. ) ;
#21 = CARTESIAN_POINT ( 'NONE',  ( 185.0000000000000000, 25.00000000000000000, -575.0000000000000000 ) ) ;
#22 = B_SPLINE_CURVE_WITH_KNOTS ( 'NONE', 3,
 ( #2811, #3307, #4794, #348 ),
 .UNSPECIFIED., .F., .F.,
 ( 4, 4 ),
 ( 6.938893903907228378E-18, 0.006000006486354135353 ),
 .UNSPECIFIED. ) ;
#23 = CARTESIAN_POINT ( 'NONE',  ( 0.8045211369563520787, 12.12937462908079667, -249.4617070533017511 ) ) ;
#24 = CARTESIAN_POINT ( 'NONE',  ( -14.72155002710269578, -12.49999999999949907, -265.0774940730291291 ) ) ;
#25 = CARTESIAN_POINT ( 'NONE',  ( -4.897487815925828158, 8.657632442591660649, -484.8000000000000114 ) ) ;
#26 = CARTESIAN_POINT ( 'NONE',  ( -2.566759178714342671, 12.49999999999934275, -259.7331273783689767 ) ) ;
#27 = ORIENTED_EDGE ( 'NONE', *, *, #3305, .F. ) ;
#28 = CARTESIAN_POINT ( 'NONE',  ( 8.506130070048966374, 11.14156959549718451, -339.8654401846689552 ) ) ;
#29 = EDGE_LOOP ( 'NONE', ( #4011, #4065, #4755, #3899 ) ) ;
#30 = CARTESIAN_POINT ( 'NONE',  ( -30.09692654640665310, 12.49999999999996625, -319.9999999999999432 ) ) ;
#31 = CIRCLE ( 'NONE', #1378, 0.9999999999999940048 ) ;
#32 = EDGE_CURVE ( 'NONE', #273, #4841, #1391, .T. ) ;
#33 = CARTESIAN_POINT ( 'NONE',  ( 179.3675539696889132, -0.3049378985552564925, -479.0499999999998977 ) ) ;
#34 = CARTESIAN_POINT ( 'NONE',  ( -19.69770452452028309, -13.74858691862952753, -324.9999999999998863 ) ) ;
#35 = ORIENTED_EDGE ( 'NONE', *, *, #8, .T. ) ;
#36 = CARTESIAN_POINT ( 'NONE',  ( -14.62381402733204006, 3.203473339685005250, 0.000000000000000000 ) ) ;
#37 = VECTOR ( 'NONE', #6100, 1000.000000000000000 ) ;
#38 = CARTESIAN_POINT ( 'NONE',  ( 63.00000000000000000, 16.00000000000000355, -549.9999999999998863 ) ) ;
#39 = B_SPLINE_CURVE_WITH_KNOTS ( 'NONE', 3,
 ( #6051, #2015, #69, #1753, #197, #1723, #2175, #5230, #4165, #295, #265, #5689, #3672, #819, #5747, #4197, #5170, #1238, #6267, #4284, #3707, #6240, #5719, #2725, #3734, #1264, #5135, #3223 ),
 .UNSPECIFIED., .F., .F.,
 ( 4, 2, 2, 2, 2, 2, 2, 2, 2, 2, 2, 2, 2, 4 ),
 ( 3.415886572765884464E-12, 0.009154473776242242136, 0.01373171066265541952, 0.01830894754906859170, 0.02288618443548176562, 0.02517480287868835431, 0.02746342132189494301, 0.02975203976510153170, 0.03089634898670482258, 0.03204065820830811345, 0.03318496742991140086, 0.03432927665151468827, 0.03547358587311798261, 0.03661789509472127002 ),
 .UNSPECIFIED. ) ;
#40 = EDGE_LOOP ( 'NONE', ( #4031, #1326 ) ) ;
#41 = DIRECTION ( 'NONE',  ( 1.000000000000000000, 0.000000000000000000, 0.000000000000000000 ) ) ;
#42 = CARTESIAN_POINT ( 'NONE',  ( 0.8442400685447540853, 12.11932752168338823, -301.6660682605530610 ) ) ;
#43 = VECTOR ( 'NONE', #4231, 1000.000000000000000 ) ;
#44 = VECTOR ( 'NONE', #5177, 1000.000000000000000 ) ;
#45 = CARTESIAN_POINT ( 'NONE',  ( 1.872190011968229539, -2.539232865680973728, -479.0500000000006935 ) ) ;
#46 = CIRCLE ( 'NONE', #6079, 1.400000000000012346 ) ;
#47 = CARTESIAN_POINT ( 'NONE',  ( -24.50252955910519503, -10.97021502103658008, -264.9999999999998863 ) ) ;
#48 = CARTESIAN_POINT ( 'NONE',  ( 156.9982504097534104, -0.1607380348278097670, -480.0000000000000000 ) ) ;
#49 = ADVANCED_FACE ( 'NONE', ( #3721 ), #4756, .F. ) ;
#50 = CARTESIAN_POINT ( 'NONE',  ( -12.20871374158530109, 12.49999999999996625, -325.0736002709494983 ) ) ;
#51 = CARTESIAN_POINT ( 'NONE',  ( -49.99999999999999289, 6.999999999999926281, -294.9999999999999432 ) ) ;
#52 = AXIS2_PLACEMENT_3D ( 'NONE', #3306, #6325, #3244 ) ;
#53 = CARTESIAN_POINT ( 'NONE',  ( -49.99999999999999289, -7.000000000000047073, -296.3999999999998636 ) ) ;
#54 = CARTESIAN_POINT ( 'NONE',  ( -1.062015348958416983, 12.49999999999996625, -324.9999999999998295 ) ) ;
#55 = CARTESIAN_POINT ( 'NONE',  ( -27.95356862653355279, -7.500000000000055067, -324.9999999999998863 ) ) ;
#56 = CARTESIAN_POINT ( 'NONE',  ( -0.2010206696699415596, 24.78972129307035743, -264.9999999999999432 ) ) ;
#57 = CARTESIAN_POINT ( 'NONE',  ( -27.33767112506601649, 12.36555635112571494, -324.9999999999998863 ) ) ;
#58 = VECTOR ( 'NONE', #318, 1000.000000000000000 ) ;
#59 = ORIENTED_EDGE ( 'NONE', *, *, #2906, .F. ) ;
#60 = CARTESIAN_POINT ( 'NONE',  ( -15.00000000000001421, 25.00000000000000355, -575.0000000000000000 ) ) ;
#61 = B_SPLINE_CURVE_WITH_KNOTS ( 'NONE', 3,
 ( #3297, #1794, #1312, #5337 ),
 .UNSPECIFIED., .F., .F.,
 ( 4, 4 ),
 ( 0.000000000000000000, 0.003000000547186579096 ),
 .UNSPECIFIED. ) ;
#62 = CARTESIAN_POINT ( 'NONE',  ( 0.000000000000000000, 3.000000000000000000, 0.000000000000000000 ) ) ;
#63 = CARTESIAN_POINT ( 'NONE',  ( -15.52781802707226078, -12.50000000000003553, -268.6039885822849556 ) ) ;
#64 = CARTESIAN_POINT ( 'NONE',  ( -14.63533721803532117, 0.3346072642946015252, 0.000000000000000000 ) ) ;
#65 = CARTESIAN_POINT ( 'NONE',  ( -4.037839075724373394, 12.49999999999996625, -262.0239181609870798 ) ) ;
#66 = VERTEX_POINT ( 'NONE', #2375 ) ;
#67 = CARTESIAN_POINT ( 'NONE',  ( 1.224947410346907128, -10.27072762386556448, -286.3096117697162981 ) ) ;
#68 = ORIENTED_EDGE ( 'NONE', *, *, #4048, .T. ) ;
#69 = CARTESIAN_POINT ( 'NONE',  ( 12.93199423696784933, 11.89259102501773846, -479.9980540932765507 ) ) ;
#70 = CARTESIAN_POINT ( 'NONE',  ( 206.6076200495573403, -10.89297018513251558, -575.0000000000000000 ) ) ;
#71 = VERTEX_POINT ( 'NONE', #534 ) ;
#72 = CARTESIAN_POINT ( 'NONE',  ( 91.47316657418234342, 11.13498035525205943, 0.000000000000000000 ) ) ;
#73 = EDGE_CURVE ( 'NONE', #4258, #5920, #3986, .T. ) ;
#74 = CARTESIAN_POINT ( 'NONE',  ( 137.6758406867323004, -25.12535817568845431, -180.0000000000000000 ) ) ;
#75 = CARTESIAN_POINT ( 'NONE',  ( 106.1809371941552200, -2.635083730609000252, -480.0017460642446849 ) ) ;
#76 = ORIENTED_EDGE ( 'NONE', *, *, #4601, .T. ) ;
#77 = CARTESIAN_POINT ( 'NONE',  ( -4.988478209522080320, 8.258664033810505956, -250.0202135635234413 ) ) ;
#78 = CARTESIAN_POINT ( 'NONE',  ( 172.3567574092447501, 1.061174173245244878, -480.0000000000004547 ) ) ;
#79 = CARTESIAN_POINT ( 'NONE',  ( -7.197383295600755737, 7.900653773275827518, -479.9999999999999432 ) ) ;
#80 = CARTESIAN_POINT ( 'NONE',  ( -14.92081965079303174, 0.5968083235980227164, -250.0031492306284520 ) ) ;
#81 = CARTESIAN_POINT ( 'NONE',  ( -6.252716960336958785, -2.037681824853898593, 0.000000000000000000 ) ) ;
#82 = CARTESIAN_POINT ( 'NONE',  ( -20.96228650149032546, 12.49999999999996625, -321.6757426816533894 ) ) ;
#83 = CARTESIAN_POINT ( 'NONE',  ( 13.67911437448011647, -2.000000000000000000, -322.9999999999998863 ) ) ;
#84 = CARTESIAN_POINT ( 'NONE',  ( 149.6547954565887721, -0.4177606948573094892, -180.0000000000000000 ) ) ;
#85 = CARTESIAN_POINT ( 'NONE',  ( 139.9999999999999716, 18.00000000000000355, -549.9999999999998863 ) ) ;
#86 = CARTESIAN_POINT ( 'NONE',  ( -11.38968434289519038, 5.862573968882284881, -250.0238581069782526 ) ) ;
#87 = CARTESIAN_POINT ( 'NONE',  ( -16.03162890567688592, 2.163525217119206978, -324.9999999999998863 ) ) ;
#88 = CARTESIAN_POINT ( 'NONE',  ( 103.4020333638624152, -2.795096916187917113, -480.0000000000000000 ) ) ;
#89 = CARTESIAN_POINT ( 'NONE',  ( 122.9321083107097365, 7.995842068841355399, -479.0500000000006366 ) ) ;
#90 =( BOUNDED_SURFACE ( )  B_SPLINE_SURFACE ( 3, 2, ( 
 ( #4871, #455, #2886 ),
 ( #4776, #326, #4289 ),
 ( #1429, #4843, #2821 ),
 ( #6365, #885, #823 ),
 ( #2365, #1332, #3289 ),
 ( #5298, #5392, #3342 ),
 ( #1822, #359, #918 ),
 ( #1362, #423, #4382 ),
 ( #2433, #4417, #6277 ),
 ( #852, #6337, #2337 ),
 ( #1853, #1396, #4324 ),
 ( #3834, #5325, #2792 ),
 ( #3902, #390, #947 ),
 ( #1786, #4352, #3768 ),
 ( #1916, #1883, #3864 ),
 ( #3378, #5848, #2393 ),
 ( #5890, #5756, #1304 ),
 ( #5269, #1011, #5462 ),
 ( #3932, #1946, #5492 ),
 ( #1039, #4028, #5067 ),
 ( #3020, #5950, #1559 ),
 ( #5421, #6430, #5035 ),
 ( #3538, #2988, #6401 ),
 ( #4063, #5919, #976 ),
 ( #1457, #2530, #3570 ),
 ( #3087, #1071, #4509 ),
 ( #2956, #4939, #1977 ),
 ( #5000, #4968, #5562 ),
 ( #551, #491, #65 ),
 ( #2045, #5523, #587 ),
 ( #3508, #26, #2463 ),
 ( #2008, #6019, #5989 ),
 ( #3437, #3053, #4544 ),
 ( #2562, #4445, #94 ) ),
 .UNSPECIFIED., .F., .F., .T. ) 
 B_SPLINE_SURFACE_WITH_KNOTS ( ( 4, 2, 2, 2, 2, 2, 2, 2, 2, 2, 2, 2, 2, 2, 2, 2, 4 ),
 ( 3, 3 ),
 ( 0.000000000000000000, 0.004259344837640030232, 0.006389017256460045348, 0.008518689675280060464, 0.009583525884690068455, 0.01064836209410007645, 0.01277803451292009070, 0.01490770693174010494, 0.01703737935056012093, 0.01810221555997013065, 0.01916705176938013691, 0.02129672418820015289, 0.02342639660702016541, 0.02555606902584018139, 0.02768574144466019737, 0.02981541386348020989, 0.03407475870112024185 ),
 ( 0.000000000000000000, 1.000000000000000000 ),
 .UNSPECIFIED. ) 
 GEOMETRIC_REPRESENTATION_ITEM ( )  RATIONAL_B_SPLINE_SURFACE ( (
 ( 1.000000000000000000, 0.7071067811865475727, 1.000000000000000000),
 ( 1.000000000000000000, 0.7154529628474158853, 1.000000000000000000),
 ( 1.000000000000000000, 0.7254065625857067934, 1.000000000000000000),
 ( 1.000000000000000000, 0.7441598830231405115, 1.000000000000000000),
 ( 1.000000000000000000, 0.7510613991849197646, 1.000000000000000000),
 ( 1.000000000000000000, 0.7661923888881472244, 1.000000000000000000),
 ( 1.000000000000000000, 0.7745446140397267420, 1.000000000000000000),
 ( 1.000000000000000000, 0.7869920908879374233, 1.000000000000000000),
 ( 1.000000000000000000, 0.7910546237036490957, 1.000000000000000000),
 ( 1.000000000000000000, 0.7995500506154422649, 1.000000000000000000),
 ( 1.000000000000000000, 0.8039071229566258081, 1.000000000000000000),
 ( 1.000000000000000000, 0.8171741199897125663, 1.000000000000000000),
 ( 1.000000000000000000, 0.8263205405782200197, 1.000000000000000000),
 ( 1.000000000000000000, 0.8439818996767790571, 1.000000000000000000),
 ( 1.000000000000000000, 0.8522932972952902420, 1.000000000000000000),
 ( 1.000000000000000000, 0.8677641481376799915, 1.000000000000000000),
 ( 1.000000000000000000, 0.8748606023618189509, 1.000000000000000000),
 ( 1.000000000000000000, 0.8842345485269038630, 1.000000000000000000),
 ( 1.000000000000000000, 0.8871132009626367942, 1.000000000000000000),
 ( 1.000000000000000000, 0.8926763516282085753, 1.000000000000000000),
 ( 1.000000000000000000, 0.8953640656911260320, 1.000000000000000000),
 ( 1.000000000000000000, 0.9031263049554388855, 1.000000000000000000),
 ( 1.000000000000000000, 0.9078957796600899410, 1.000000000000000000),
 ( 1.000000000000000000, 0.9166183417625712870, 1.000000000000000000),
 ( 1.000000000000000000, 0.9205903214456933048, 1.000000000000000000),
 ( 1.000000000000000000, 0.9280138636328475465, 1.000000000000000000),
 ( 1.000000000000000000, 0.9314364182756297295, 1.000000000000000000),
 ( 1.000000000000000000, 0.9377783796503859071, 1.000000000000000000),
 ( 1.000000000000000000, 0.9406934396885516803, 1.000000000000000000),
 ( 1.000000000000000000, 0.9462281078180273530, 1.000000000000000000),
 ( 1.000000000000000000, 0.9488274276683156261, 1.000000000000000000),
 ( 1.000000000000000000, 0.9561714960357733384, 1.000000000000000000),
 ( 1.000000000000000000, 0.9604543980067307141, 1.000000000000000000),
 ( 1.000000000000000000, 0.9643380997578542280, 1.000000000000000000) ) ) 
 REPRESENTATION_ITEM ( '' )  SURFACE ( )  );
#91 = CARTESIAN_POINT ( 'NONE',  ( -30.32767615779030379, 6.257529290063795990, -265.0000000000000000 ) ) ;
#92 = CARTESIAN_POINT ( 'NONE',  ( -15.98211243763195100, -12.49999999999976552, -265.1492312312839204 ) ) ;
#93 = CARTESIAN_POINT ( 'NONE',  ( -11.18651824709755083, 5.586618177445990874, 0.000000000000000000 ) ) ;
#94 = CARTESIAN_POINT ( 'NONE',  ( 2.731096787258025849, 12.49999999999996625, -259.6336147310650517 ) ) ;
#95 = ORIENTED_EDGE ( 'NONE', *, *, #5308, .T. ) ;
#96 = LINE ( 'NONE', #5647, #3879 ) ;
#97 = ORIENTED_EDGE ( 'NONE', *, *, #4736, .T. ) ;
#98 = CARTESIAN_POINT ( 'NONE',  ( -5.868929606945229693, 12.49999999999997158, -327.4712353082449567 ) ) ;
#99 = CARTESIAN_POINT ( 'NONE',  ( 206.2195808013769351, -11.14631049891370296, -575.0000000000000000 ) ) ;
#100 = EDGE_CURVE ( 'NONE', #4346, #5688, #5234, .T. ) ;
#101 = ORIENTED_EDGE ( 'NONE', *, *, #648, .F. ) ;
#102 = CARTESIAN_POINT ( 'NONE',  ( 62.25911528231242187, 12.83383373011728246, 0.000000000000000000 ) ) ;
#103 = CARTESIAN_POINT ( 'NONE',  ( 12.20586237697082055, -3.370122502714854473, -480.0007588254846951 ) ) ;
#104 = LINE ( 'NONE', #2117, #1999 ) ;
#105 = VERTEX_POINT ( 'NONE', #4427 ) ;
#106 = CARTESIAN_POINT ( 'NONE',  ( -14.78887951374623100, 3.681196419494608296, -250.0280940848560363 ) ) ;
#107 = CARTESIAN_POINT ( 'NONE',  ( 213.2804509721104296, 5.653778985856934725, -575.0000000000002274 ) ) ;
#108 = EDGE_CURVE ( 'NONE', #1949, #4612, #5546, .T. ) ;
#109 = DIRECTION ( 'NONE',  ( -0.000000000000000000, -0.000000000000000000, -1.000000000000000000 ) ) ;
#110 = CARTESIAN_POINT ( 'NONE',  ( -44.84549999908907836, 1.784424176720636135, -575.0000000000004547 ) ) ;
#111 = CARTESIAN_POINT ( 'NONE',  ( -5.108081630303265896, -2.024770970997927133, -264.9999999999999432 ) ) ;
#112 = VERTEX_POINT ( 'NONE', #1958 ) ;
#113 = CARTESIAN_POINT ( 'NONE',  ( -10.83524840594537153, -0.8959260452233718253, -480.0000000000000000 ) ) ;
#114 = CARTESIAN_POINT ( 'NONE',  ( 63.00000000000000000, -16.00000000000000355, -549.9999999999998863 ) ) ;
#115 = EDGE_CURVE ( 'NONE', #753, #1506, #5856, .T. ) ;
#116 = CARTESIAN_POINT ( 'NONE',  ( -1.080833453238982500, 12.49999999999996625, -264.9999999999998863 ) ) ;
#117 = APPLICATION_PROTOCOL_DEFINITION ( 'draft international standard', 'automotive_design', 1998, #477 ) ;
#118 = CARTESIAN_POINT ( 'NONE',  ( 137.6758406867323004, -0.9529702091683536214, -180.0000000000000000 ) ) ;
#119 = DIRECTION ( 'NONE',  ( -0.000000000000000000, -0.000000000000000000, -1.000000000000000000 ) ) ;
#120 = CARTESIAN_POINT ( 'NONE',  ( -24.18371994211477727, 15.38075654899676614, -264.9999999999998863 ) ) ;
#121 = CARTESIAN_POINT ( 'NONE',  ( -5.086141070837618905, 8.349214685407861936, -340.0201950719232400 ) ) ;
#122 = CARTESIAN_POINT ( 'NONE',  ( 149.5719547542783232, -0.3755928074884163359, -484.8000000000000114 ) ) ;
#123 = CARTESIAN_POINT ( 'NONE',  ( -6.666666666666679397, 25.00000000000000000, -575.0000000000000000 ) ) ;
#124 = CARTESIAN_POINT ( 'NONE',  ( -23.55824295815242309, 8.504020588640548439, -264.0826883345836222 ) ) ;
#125 = CARTESIAN_POINT ( 'NONE',  ( 137.6758406867323004, -0.9003146389657095128, -434.0000000000000000 ) ) ;
#126 = CARTESIAN_POINT ( 'NONE',  ( -2.349133418294374831, -2.281384007834825756, -484.8000000000000114 ) ) ;
#127 = DIRECTION ( 'NONE',  ( 0.000000000000000000, -0.000000000000000000, -1.000000000000000000 ) ) ;
#128 = ORIENTED_EDGE ( 'NONE', *, *, #5600, .F. ) ;
#129 = VERTEX_POINT ( 'NONE', #3388 ) ;
#130 = LINE ( 'NONE', #5565, #4709 ) ;
#132 = ADVANCED_FACE ( 'NONE', ( #5901 ), #3877, .F. ) ;
#131 = CARTESIAN_POINT ( 'NONE',  ( 178.2211808215467954, -0.2122309728267067208, -479.0500000000002387 ) ) ;
#133 = ORIENTED_EDGE ( 'NONE', *, *, #2492, .T. ) ;
#134 = CARTESIAN_POINT ( 'NONE',  ( 49.99999999999999289, 1.000000000000000000, -575.1253581756884614 ) ) ;
#135 = CARTESIAN_POINT ( 'NONE',  ( -0.8133789889997541378, -2.419739657698546154, -479.9985027236369319 ) ) ;
#136 = CIRCLE ( 'NONE', #4713, 8.000000000000007105 ) ;
#137 = CARTESIAN_POINT ( 'NONE',  ( -29.90820826521772702, 12.49999999999996625, -269.9999999999998863 ) ) ;
#138 = ORIENTED_EDGE ( 'NONE', *, *, #6144, .F. ) ;
#139 = FACE_OUTER_BOUND ( 'NONE', #2758, .T. ) ;
#140 = CARTESIAN_POINT ( 'NONE',  ( 214.7609339700255475, 2.282864323658055916, -574.9999999999996589 ) ) ;
#141 = AXIS2_PLACEMENT_3D ( 'NONE', #51, #1547, #4563 ) ;
#142 = CARTESIAN_POINT ( 'NONE',  ( 142.0000000000000000, 15.99999999999998579, -549.9999999999998863 ) ) ;
#143 = CARTESIAN_POINT ( 'NONE',  ( -16.04500816385962736, 2.282532232553655227, -479.0500000000002956 ) ) ;
#144 = CARTESIAN_POINT ( 'NONE',  ( -1.316506154008788565, -2.503722363613513746, -264.9999999999998863 ) ) ;
#145 = ORIENTED_EDGE ( 'NONE', *, *, #2748, .F. ) ;
#146 = CARTESIAN_POINT ( 'NONE',  ( -10.84351754945819302, -0.8917485944864971259, -484.8000000000000114 ) ) ;
#147 = CIRCLE ( 'NONE', #2114, 2.000000000000001776 ) ;
#148 = CARTESIAN_POINT ( 'NONE',  ( 179.5123837250130521, -0.3814013226731214345, -480.0000271442316375 ) ) ;
#149 = LINE ( 'NONE', #2516, #5740 ) ;
#150 = CARTESIAN_POINT ( 'NONE',  ( 55.99999999999999289, -3.000000000000000000, -571.0000000000000000 ) ) ;
#151 = AXIS2_PLACEMENT_3D ( 'NONE', #5764, #3777, #3873 ) ;
#152 = AXIS2_PLACEMENT_3D ( 'NONE', #288, #3700, #1256 ) ;
#153 = CARTESIAN_POINT ( 'NONE',  ( -0.07403274862969844161, 12.49999999998390443, -329.6299741427968115 ) ) ;
#154 = DIRECTION ( 'NONE',  ( 0.000000000000000000, 0.000000000000000000, 1.000000000000000000 ) ) ;
#155 = CARTESIAN_POINT ( 'NONE',  ( -14.89729759519527619, 3.593608087773463300, -265.0000000000149498 ) ) ;
#156 = EDGE_CURVE ( 'NONE', #1018, #1635, #1439, .T. ) ;
#157 = CARTESIAN_POINT ( 'NONE',  ( -12.36821566512062098, 21.78027062365682909, -325.0000000000000568 ) ) ;
#158 = CARTESIAN_POINT ( 'NONE',  ( 93.24813248676711908, -3.279417472581861226, -480.0000000000000000 ) ) ;
#159 = VECTOR ( 'NONE', #2836, 1000.000000000000000 ) ;
#160 = CARTESIAN_POINT ( 'NONE',  ( 133.1758954666635759, 6.926014543922438094, -480.0000000000000000 ) ) ;
#161 = DIRECTION ( 'NONE',  ( 0.000000000000000000, 0.000000000000000000, 1.000000000000000000 ) ) ;
#162 = CARTESIAN_POINT ( 'NONE',  ( -11.25979552570888131, -12.50000000000003553, -268.0912082666994252 ) ) ;
#163 = AXIS2_PLACEMENT_3D ( 'NONE', #1031, #5381, #5978 ) ;
#164 = CARTESIAN_POINT ( 'NONE',  ( 173.8765788002210968, 0.7724628724253266299, -480.0000000000000000 ) ) ;
#165 = CARTESIAN_POINT ( 'NONE',  ( 50.99999999999992895, -4.144113957973956097, -311.5000000000005684 ) ) ;
#166 = ORIENTED_EDGE ( 'NONE', *, *, #2021, .T. ) ;
#167 = ORIENTED_EDGE ( 'NONE', *, *, #1583, .F. ) ;
#168 = CARTESIAN_POINT ( 'NONE',  ( -5.859763257572290662, 12.49999999999997158, -262.6684708644788202 ) ) ;
#169 = CARTESIAN_POINT ( 'NONE',  ( 208.0914548963147865, -9.924214608371281443, -575.0000000000000000 ) ) ;
#170 = AXIS2_PLACEMENT_3D ( 'NONE', #3190, #4576, #127 ) ;
#171 = ORIENTED_EDGE ( 'NONE', *, *, #2927, .T. ) ;
#172 = CARTESIAN_POINT ( 'NONE',  ( 3.691142974693610856, -7.411027503448394782, -260.6504975573123488 ) ) ;
#173 = CARTESIAN_POINT ( 'NONE',  ( 170.0000000000000000, 14.26393202250021197, -549.9999999999998863 ) ) ;
#174 = ORIENTED_EDGE ( 'NONE', *, *, #2349, .T. ) ;
#175 = CARTESIAN_POINT ( 'NONE',  ( 110.0000000000000284, -25.00000000000000355, -575.0000000000000000 ) ) ;
#176 = CARTESIAN_POINT ( 'NONE',  ( 213.5715800347539073, -5.157572192051651072, -574.9999999999997726 ) ) ;
#177 = EDGE_CURVE ( 'NONE', #3514, #4905, #503, .T. ) ;
#178 = DIRECTION ( 'NONE',  ( -0.000000000000000000, -0.000000000000000000, 1.000000000000000000 ) ) ;
#179 = CARTESIAN_POINT ( 'NONE',  ( -14.45716173582245823, 4.290053921714502394, -479.0500000000009777 ) ) ;
#180 = CARTESIAN_POINT ( 'NONE',  ( -8.212225381847558126, -1.517235023250411929, -249.9921265362182510 ) ) ;
#181 = VERTEX_POINT ( 'NONE', #2898 ) ;
#182 = CARTESIAN_POINT ( 'NONE',  ( 3.294362945290029820, -2.826468996251333188, -480.0000000000000000 ) ) ;
#183 = CARTESIAN_POINT ( 'NONE',  ( -0.5266475751624587476, 12.50000000000370903, -331.0017524399782474 ) ) ;
#184 = CARTESIAN_POINT ( 'NONE',  ( -0.07408783380047145872, 12.49999999999394440, -327.3148016446785391 ) ) ;
#185 = PLANE ( 'NONE',  #3481 ) ;
#186 = CARTESIAN_POINT ( 'NONE',  ( -13.15233212259766482, 4.897241277466852338, -250.0255855187483292 ) ) ;
#187 = CARTESIAN_POINT ( 'NONE',  ( -21.22540760646456093, 17.72411205474799090, -324.9999999999998295 ) ) ;
#188 = CARTESIAN_POINT ( 'NONE',  ( 163.4977604009627328, -0.04921850705202431703, -484.8000000000000114 ) ) ;
#189 = DIRECTION ( 'NONE',  ( -0.9999983866591329873, 0.000000000000000000, 0.001796295947585971114 ) ) ;
#190 = EDGE_CURVE ( 'NONE', #6316, #1530, #2476, .T. ) ;
#191 = CARTESIAN_POINT ( 'NONE',  ( 39.67911437448024969, -4.033308628665886353, -480.0008996906105381 ) ) ;
#192 = FACE_OUTER_BOUND ( 'NONE', #2724, .T. ) ;
#193 = CARTESIAN_POINT ( 'NONE',  ( 52.34656115132513321, 13.41150941850992950, -484.8000000000000114 ) ) ;
#194 = CARTESIAN_POINT ( 'NONE',  ( 12.82080443652195534, -3.561435329206438904, -322.9999999999998863 ) ) ;
#195 = ORIENTED_EDGE ( 'NONE', *, *, #3004, .T. ) ;
#196 = ORIENTED_EDGE ( 'NONE', *, *, #310, .F. ) ;
#197 = CARTESIAN_POINT ( 'NONE',  ( 6.881784641596044416, 11.06462209585055412, -480.0027042984612535 ) ) ;
#198 = CARTESIAN_POINT ( 'NONE',  ( 177.4912608570625707, -0.1635181389586678469, -479.0500000000001251 ) ) ;
#199 = EDGE_CURVE ( 'NONE', #5811, #3973, #2900, .T. ) ;
#200 = ORIENTED_EDGE ( 'NONE', *, *, #5806, .T. ) ;
#201 = CARTESIAN_POINT ( 'NONE',  ( 170.8944271909999486, 16.05278640450003280, -549.9999999999998863 ) ) ;
#202 = CARTESIAN_POINT ( 'NONE',  ( -14.48897173364583679, 0.3340821302858002495, -339.9991914317319583 ) ) ;
#203 = LINE ( 'NONE', #2150, #6061 ) ;
#204 = VERTEX_POINT ( 'NONE', #1083 ) ;
#205 = CARTESIAN_POINT ( 'NONE',  ( 145.1850899112727120, -0.5427645589912380997, -480.0000000000004547 ) ) ;
#206 = CARTESIAN_POINT ( 'NONE',  ( 212.6107096240770886, -6.489673801469963088, -574.9999999999997726 ) ) ;
#207 = EDGE_CURVE ( 'NONE', #4841, #2507, #3067, .T. ) ;
#208 = CARTESIAN_POINT ( 'NONE',  ( 44.99999999999988631, -4.148548780476169817, -318.9999999999999432 ) ) ;
#209 = CARTESIAN_POINT ( 'NONE',  ( -44.95817363929434407, -0.9298020721864744820, -575.0000000000005684 ) ) ;
#210 = CARTESIAN_POINT ( 'NONE',  ( 0.6363025526650132324, -2.715141644591588577, -249.9903359944854628 ) ) ;
#211 = ORIENTED_EDGE ( 'NONE', *, *, #3361, .T. ) ;
#212 = CARTESIAN_POINT ( 'NONE',  ( -8.070681554721442552, 6.930005832337500671, 0.000000000000000000 ) ) ;
#213 = CARTESIAN_POINT ( 'NONE',  ( 171.0068866841164663, -0.06864963271129564948, -479.9999562329978744 ) ) ;
#214 = CARTESIAN_POINT ( 'NONE',  ( 10.00046830863461444, -18.37376043231096290, -324.9999999999998863 ) ) ;
#215 = EDGE_CURVE ( 'NONE', #6402, #5402, #583, .T. ) ;
#216 = ADVANCED_FACE ( 'NONE', ( #139 ), #837, .T. ) ;
#217 = CARTESIAN_POINT ( 'NONE',  ( 45.00000000000001421, -4.146793872781644019, -321.9999999999999432 ) ) ;
#218 = CARTESIAN_POINT ( 'NONE',  ( 50.00000000000000000, 5.000000000000000000, -311.5000000000005684 ) ) ;
#219 = CARTESIAN_POINT ( 'NONE',  ( -18.97171001157861525, 18.83446419668171501, -264.9999999999998863 ) ) ;
#220 = CARTESIAN_POINT ( 'NONE',  ( -14.10362614281053339, 4.408701906403067916, -324.9999999999848797 ) ) ;
#221 = DIRECTION ( 'NONE',  ( 1.000000000000000000, 0.000000000000000000, -0.000000000000000000 ) ) ;
#222 = CARTESIAN_POINT ( 'NONE',  ( 163.4984541729228340, -0.04958977235251510463, -480.0000000000000000 ) ) ;
#223 = DIRECTION ( 'NONE',  ( -1.000000000000000000, 0.000000000000000000, 0.000000000000000000 ) ) ;
#224 = CARTESIAN_POINT ( 'NONE',  ( 139.9999999999999716, 18.00000000000000355, -549.9999999999998863 ) ) ;
#225 = CARTESIAN_POINT ( 'NONE',  ( 137.6758406867323004, -0.9529702091683536214, -180.0000000000000000 ) ) ;
#226 = CARTESIAN_POINT ( 'NONE',  ( 81.25617708429797403, 12.12288412360681633, -480.0000000000000000 ) ) ;
#227 = DIRECTION ( 'NONE',  ( 0.8944271909999160775, 0.4472135954999575946, -0.000000000000000000 ) ) ;
#228 = ORIENTED_EDGE ( 'NONE', *, *, #4125, .T. ) ;
#229 = ORIENTED_EDGE ( 'NONE', *, *, #6427, .T. ) ;
#230 = CARTESIAN_POINT ( 'NONE',  ( -25.10239970017279276, 12.49999999999996625, -320.5191978151980265 ) ) ;
#231 = DIRECTION ( 'NONE',  ( -1.000000000000000000, 0.000000000000000000, -0.000000000000000000 ) ) ;
#232 = VERTEX_POINT ( 'NONE', #4686 ) ;
#233 = CARTESIAN_POINT ( 'NONE',  ( 1.172406971486802174, -10.34513348817782052, -310.1814157172345858 ) ) ;
#234 = B_SPLINE_CURVE_WITH_KNOTS ( 'NONE', 3,
 ( #2376, #5931, #4917, #2899, #42, #4981, #3419, #4394, #471, #5506 ),
 .UNSPECIFIED., .F., .F.,
 ( 4, 3, 3, 4 ),
 ( 0.000000000000000000, 0.01000000000000073400, 0.05000000000008540668, 0.06000000620521299399 ),
 .UNSPECIFIED. ) ;
#235 = CARTESIAN_POINT ( 'NONE',  ( 74.00000000000001421, -3.863794193855611958, -320.9999999999942020 ) ) ;
#236 = CARTESIAN_POINT ( 'NONE',  ( -15.00000000000001421, 25.00000000000000355, -575.0000000000000000 ) ) ;
#237 = EDGE_CURVE ( 'NONE', #2968, #1204, #4718, .T. ) ;
#238 = VERTEX_POINT ( 'NONE', #2306 ) ;
#239 = CARTESIAN_POINT ( 'NONE',  ( 155.0000000000000000, 0.000000000000000000, -519.9999999999998863 ) ) ;
#240 = CARTESIAN_POINT ( 'NONE',  ( 177.8938759555016702, -0.06175016697310290598, -480.0000000000005684 ) ) ;
#241 = CARTESIAN_POINT ( 'NONE',  ( -12.43611245107175023, -0.4703558978705953963, -249.9954468033580781 ) ) ;
#242 = CARTESIAN_POINT ( 'NONE',  ( -25.75121593829092959, -12.50000000000003553, -265.2436289252045185 ) ) ;
#243 = CARTESIAN_POINT ( 'NONE',  ( 6.749970344331760685, -18.23906642947262569, -264.9999999999998863 ) ) ;
#244 = CARTESIAN_POINT ( 'NONE',  ( 159.4720708683811949, 3.221852215111407514, -484.8000000000000114 ) ) ;
#245 = CARTESIAN_POINT ( 'NONE',  ( 49.99999999999999289, 1.000000000000000000, -575.1253581756884614 ) ) ;
#246 = AXIS2_PLACEMENT_3D ( 'NONE', #280, #1830, #5305 ) ;
#247 = CARTESIAN_POINT ( 'NONE',  ( 43.58620529274593025, -4.348143293032396883, 0.000000000000000000 ) ) ;
#248 = CARTESIAN_POINT ( 'NONE',  ( -15.90885572465170661, 3.072923140744744153, -480.0002200524193654 ) ) ;
#249 = VECTOR ( 'NONE', #5757, 1000.000000000000000 ) ;
#250 = EDGE_CURVE ( 'NONE', #6095, #1392, #3319, .T. ) ;
#251 = CARTESIAN_POINT ( 'NONE',  ( -15.43203517536081648, 2.955116299644215516, -250.0292284147364512 ) ) ;
#252 = VECTOR ( 'NONE', #3122, 1000.000000000000000 ) ;
#253 = CYLINDRICAL_SURFACE ( 'NONE', #1174, 5.000000000000004441 ) ;
#254 = CARTESIAN_POINT ( 'NONE',  ( 10.53824375156325210, -3.625604498586317170, 0.000000000000000000 ) ) ;
#255 = DIRECTION ( 'NONE',  ( -0.000000000000000000, 1.000000000000000000, -0.000000000000000000 ) ) ;
#256 = CIRCLE ( 'NONE', #566, 1.000000000000000888 ) ;
#257 = VECTOR ( 'NONE', #5814, 1000.000000000000000 ) ;
#258 = CARTESIAN_POINT ( 'NONE',  ( -60.00000000000000000, 7.499999999999966249, -324.9999999999998863 ) ) ;
#259 = B_SPLINE_CURVE_WITH_KNOTS ( 'NONE', 3,
 ( #2990, #1494, #5921, #5952, #886, #5364, #2498, #1918, #2888, #4873, #28, #3380 ),
 .UNSPECIFIED., .F., .F.,
 ( 4, 2, 2, 2, 2, 4 ),
 ( 0.002395546642467730192, 0.007399961152853970839, 0.009902168408047092030, 0.01115327203564370900, 0.01177882384944207474, 0.01240437566324044220 ),
 .UNSPECIFIED. ) ;
#260 = CARTESIAN_POINT ( 'NONE',  ( -20.57679979963877770, -12.50000000000003553, -269.3374770977702042 ) ) ;
#261 = CARTESIAN_POINT ( 'NONE',  ( 61.77791893630242726, 13.15241051608921374, -480.0000000000000000 ) ) ;
#262 = FACE_OUTER_BOUND ( 'NONE', #5984, .T. ) ;
#263 = AXIS2_PLACEMENT_3D ( 'NONE', #289, #3010, #4465 ) ;
#264 = EDGE_LOOP ( 'NONE', ( #6246, #3856, #1971, #1430 ) ) ;
#265 = CARTESIAN_POINT ( 'NONE',  ( -5.071280763282628001, 8.552467083269304382, -479.9944254789525075 ) ) ;
#266 = B_SPLINE_CURVE_WITH_KNOTS ( 'NONE', 1,
 ( #4340, #3887, #1869 ),
 .UNSPECIFIED., .F., .F.,
 ( 2, 1, 2 ),
 ( 0.7083944637388028820, 1.000000000000000000, 1.000000458442540374 ),
 .UNSPECIFIED. ) ;
#267 = CARTESIAN_POINT ( 'NONE',  ( 197.9744238997820958, -16.52935009199654814, -574.9999999999997726 ) ) ;
#268 = CIRCLE ( 'NONE', #163, 1.400000000000012346 ) ;
#269 = ORIENTED_EDGE ( 'NONE', *, *, #5387, .F. ) ;
#270 = CARTESIAN_POINT ( 'NONE',  ( 5.846735352542467901, -3.186694005847809485, -340.5322323022751334 ) ) ;
#271 = CARTESIAN_POINT ( 'NONE',  ( -12.58057939047166585, -0.3947260784660606703, -339.9954451480310240 ) ) ;
#272 = DIRECTION ( 'NONE',  ( 1.000000000000000000, 0.000000000000000000, 0.000000000000000000 ) ) ;
#273 = VERTEX_POINT ( 'NONE', #3809 ) ;
#274 = DIRECTION ( 'NONE',  ( -0.000000000000000000, 1.000000000000000000, 0.000000000000000000 ) ) ;
#275 = AXIS2_PLACEMENT_3D ( 'NONE', #150, #2613, #3456 ) ;
#276 = CARTESIAN_POINT ( 'NONE',  ( 211.2527277964950372, -7.804869562904334757, -575.0000000000000000 ) ) ;
#277 = EDGE_CURVE ( 'NONE', #3253, #1204, #762, .T. ) ;
#278 = CARTESIAN_POINT ( 'NONE',  ( -2.940479834807762760, -12.50000000000003553, -309.2329526755204938 ) ) ;
#279 = CARTESIAN_POINT ( 'NONE',  ( 49.99999999999999289, 1.000000000000000000, -575.1253581756884614 ) ) ;
#280 = CARTESIAN_POINT ( 'NONE',  ( -49.99999999999999289, -7.000000000000047073, -294.9999999999998863 ) ) ;
#281 = VERTEX_POINT ( 'NONE', #2250 ) ;
#282 = CARTESIAN_POINT ( 'NONE',  ( 71.43994283632757458, 12.72040483817028367, -484.8000000000000114 ) ) ;
#283 = CARTESIAN_POINT ( 'NONE',  ( 51.57300244893684038, -4.146105684151884851, -304.0000000000006253 ) ) ;
#284 = LINE ( 'NONE', #1835, #5867 ) ;
#285 = DIRECTION ( 'NONE',  ( 1.000000000000000000, 0.000000000000000000, 0.000000000000000000 ) ) ;
#286 = CARTESIAN_POINT ( 'NONE',  ( -15.92949493716771414, 2.091428309550533271, -264.9999999999693046 ) ) ;
#287 = CARTESIAN_POINT ( 'NONE',  ( 2.870995941716659061, 25.46096145126181298, -324.9999999999998863 ) ) ;
#288 = CARTESIAN_POINT ( 'NONE',  ( 179.6758406867323004, -25.12535817568845431, -180.0000000000000000 ) ) ;
#289 = CARTESIAN_POINT ( 'NONE',  ( -60.00000000000000000, 12.49999999999996625, -264.9999999999998863 ) ) ;
#290 = FACE_OUTER_BOUND ( 'NONE', #6050, .T. ) ;
#291 = CARTESIAN_POINT ( 'NONE',  ( 179.6746486886088974, -0.3771731830607567559, -484.8000000000000114 ) ) ;
#292 = CARTESIAN_POINT ( 'NONE',  ( -24.64546461816989620, -10.90031299673209553, -324.9999999999999432 ) ) ;
#293 = ORIENTED_EDGE ( 'NONE', *, *, #3132, .F. ) ;
#294 = EDGE_LOOP ( 'NONE', ( #2785, #2760, #692, #831, #3779, #6149, #3865, #6000, #3120, #3475 ) ) ;
#295 = CARTESIAN_POINT ( 'NONE',  ( -4.332513069768610947, 8.757698509541198106, -479.9970353069685416 ) ) ;
#296 = CARTESIAN_POINT ( 'NONE',  ( 170.5510922261907751, -0.06575971484878391504, -479.9999999999997726 ) ) ;
#297 = B_SPLINE_CURVE_WITH_KNOTS ( 'NONE', 3,
 ( #2282, #2799, #5702, #4268, #4783, #367, #3778, #4818, #5766, #6251, #2740, #3842, #2344, #5277 ),
 .UNSPECIFIED., .F., .F.,
 ( 4, 2, 2, 2, 2, 2, 4 ),
 ( 9.967586595134237469E-18, 0.001647175271711619421, 0.003294350543423228868, 0.004941525815134837664, 0.005765113450990643797, 0.006176907268918545996, 0.006588701086846449062 ),
 .UNSPECIFIED. ) ;
#298 = VERTEX_POINT ( 'NONE', #5301 ) ;
#299 = CARTESIAN_POINT ( 'NONE',  ( 4.585734470151740183, 10.57970263135293898, -340.5497409492008956 ) ) ;
#300 = CARTESIAN_POINT ( 'NONE',  ( 6.328253762562970230, -5.523921103722981840, -258.0734910188714366 ) ) ;
#301 = CARTESIAN_POINT ( 'NONE',  ( 205.0000000000000000, 0.000000000000000000, -575.0000000000000000 ) ) ;
#302 = ORIENTED_EDGE ( 'NONE', *, *, #5965, .F. ) ;
#303 = CARTESIAN_POINT ( 'NONE',  ( 56.00000000000000000, 5.000000000000000888, -338.9999999999999432 ) ) ;
#304 = CARTESIAN_POINT ( 'NONE',  ( 178.4648818973150810, -0.1568231363280174762, -479.0500000000014893 ) ) ;
#305 = CARTESIAN_POINT ( 'NONE',  ( -15.70756014489072250, 1.280121681402837330, -250.0127238786855060 ) ) ;
#306 = DIRECTION ( 'NONE',  ( -0.000000000000000000, 1.000000000000000000, -0.000000000000000000 ) ) ;
#307 = ORIENTED_EDGE ( 'NONE', *, *, #3097, .T. ) ;
#308 = CARTESIAN_POINT ( 'NONE',  ( 110.5652435917839398, 9.564420450423346765, -484.8000000000000114 ) ) ;
#309 = DIRECTION ( 'NONE',  ( 4.625929269271892374E-15, 0.000000000000000000, 1.000000000000000000 ) ) ;
#310 = EDGE_CURVE ( 'NONE', #4258, #1278, #4235, .T. ) ;
#311 = CARTESIAN_POINT ( 'NONE',  ( 157.0960485702040614, -0.2117113013858293313, 0.000000000000000000 ) ) ;
#312 = CARTESIAN_POINT ( 'NONE',  ( -16.28320604337377020, 2.404794660194840450, -479.9998489463778242 ) ) ;
#313 = CARTESIAN_POINT ( 'NONE',  ( -30.45253744504589832, -2.083848274968325587, -264.9999999999998295 ) ) ;
#314 = CARTESIAN_POINT ( 'NONE',  ( -2.183077320988558334, -12.44567157309067795, -323.3763404197784439 ) ) ;
#315 = EDGE_CURVE ( 'NONE', #1167, #3090, #3292, .T. ) ;
#316 = LINE ( 'NONE', #2291, #3252 ) ;
#317 = CARTESIAN_POINT ( 'NONE',  ( 68.50000000000001421, -3.961855750011070931, -321.9999999999999432 ) ) ;
#318 = DIRECTION ( 'NONE',  ( -0.000000000000000000, 1.000000000000000000, -0.000000000000000000 ) ) ;
#319 = CARTESIAN_POINT ( 'NONE',  ( 179.6758378702645871, -0.3878923695565488217, -484.8000000000000114 ) ) ;
#320 = CARTESIAN_POINT ( 'NONE',  ( -15.71999503152753519, 1.204337981504749022, -340.0098442645288515 ) ) ;
#321 = VERTEX_POINT ( 'NONE', #6247 ) ;
#322 = VERTEX_POINT ( 'NONE', #5667 ) ;
#323 = CARTESIAN_POINT ( 'NONE',  ( 168.0000000000000000, 14.26393202250018533, -549.9999999999998863 ) ) ;
#324 = CARTESIAN_POINT ( 'NONE',  ( 191.5565260530579224, -20.71942174564764017, -575.0000000000002274 ) ) ;
#325 = CARTESIAN_POINT ( 'NONE',  ( 8.756504568271511246, 11.11111084499399482, -279.8364250628152377 ) ) ;
#326 = CARTESIAN_POINT ( 'NONE',  ( -28.79204712479895178, 12.49999999999996625, -265.1166637501243599 ) ) ;
#327 = FACE_BOUND ( 'NONE', #5151, .T. ) ;
#328 = EDGE_CURVE ( 'NONE', #3924, #664, #6221, .T. ) ;
#329 = VERTEX_POINT ( 'NONE', #4173 ) ;
#330 = CARTESIAN_POINT ( 'NONE',  ( -23.60945262858254168, -8.187050052089736241, -325.2444206052263667 ) ) ;
#331 = CARTESIAN_POINT ( 'NONE',  ( 178.7895140349307042, -0.2325463682743176552, -480.0000000000014779 ) ) ;
#332 = CARTESIAN_POINT ( 'NONE',  ( -2.342547707989550254, -2.339997721334252212, -339.9906698311536388 ) ) ;
#333 = CYLINDRICAL_SURFACE ( 'NONE', #2949, 20.00000000000001776 ) ;
#334 = CARTESIAN_POINT ( 'NONE',  ( 33.67911437448024969, -9.341626639573542334, -504.0378457650721771 ) ) ;
#335 = ORIENTED_EDGE ( 'NONE', *, *, #3994, .F. ) ;
#336 = CARTESIAN_POINT ( 'NONE',  ( 179.6758378702645871, -0.3878923695565488217, -484.8000000000000114 ) ) ;
#337 = CARTESIAN_POINT ( 'NONE',  ( 179.6392965677678148, -0.3895879404999714746, -480.0000085830307057 ) ) ;
#338 = EDGE_CURVE ( 'NONE', #5922, #4905, #2825, .T. ) ;
#339 = CARTESIAN_POINT ( 'NONE',  ( 25.79931668085154328, -4.167639974534695924, 0.000000000000000000 ) ) ;
#340 = PLANE ( 'NONE',  #2963 ) ;
#341 = CARTESIAN_POINT ( 'NONE',  ( -29.29962900307239337, -5.117984680651280982, -265.0000000000000000 ) ) ;
#342 = DIRECTION ( 'NONE',  ( -6.938893903907228378E-16, 1.000000000000000000, 0.000000000000000000 ) ) ;
#343 =( GEOMETRIC_REPRESENTATION_CONTEXT ( 3 ) GLOBAL_UNCERTAINTY_ASSIGNED_CONTEXT ( ( #5866 ) ) GLOBAL_UNIT_ASSIGNED_CONTEXT ( ( #4926, #3425, #1474 ) ) REPRESENTATION_CONTEXT ( 'NONE', 'WORKASPACE' ) );
#344 = LINE ( 'NONE', #4368, #1291 ) ;
#345 = AXIS2_PLACEMENT_3D ( 'NONE', #173, #4652, #4522 ) ;
#346 = ADVANCED_FACE ( 'NONE', ( #1762 ), #2704, .T. ) ;
#347 = CARTESIAN_POINT ( 'NONE',  ( 73.62567615949771493, -3.870733002286858682, -322.0000000000000568 ) ) ;
#348 = CARTESIAN_POINT ( 'NONE',  ( 44.99999999999992184, -4.152936445815273103, -311.5000000000006253 ) ) ;
#349 = CARTESIAN_POINT ( 'NONE',  ( 0.8529341365811686781, 12.11003102274575127, -258.2411202144174354 ) ) ;
#350 = CARTESIAN_POINT ( 'NONE',  ( -16.01426409787722704, 1.705467338904658181, -325.0000000000149498 ) ) ;
#351 = ORIENTED_EDGE ( 'NONE', *, *, #2289, .T. ) ;
#352 = ORIENTED_EDGE ( 'NONE', *, *, #4816, .T. ) ;
#353 = CARTESIAN_POINT ( 'NONE',  ( -20.61269208771874872, 9.186769553362040597, -326.8092500690868292 ) ) ;
#354 = VECTOR ( 'NONE', #5037, 1000.000000000000000 ) ;
#355 = CARTESIAN_POINT ( 'NONE',  ( 156.8019061252553570, -0.1785584687545866134, -480.0000000000006821 ) ) ;
#356 = ORIENTED_EDGE ( 'NONE', *, *, #5006, .F. ) ;
#357 = CARTESIAN_POINT ( 'NONE',  ( -22.74751205468369974, 8.715228977125862642, -326.1927734211208758 ) ) ;
#358 = VECTOR ( 'NONE', #3157, 1000.000000000000000 ) ;
#359 = CARTESIAN_POINT ( 'NONE',  ( -23.36234859776011419, 12.49999999999996803, -264.8785331685676283 ) ) ;
#360 = FACE_BOUND ( 'NONE', #3192, .T. ) ;
#361 = ORIENTED_EDGE ( 'NONE', *, *, #834, .F. ) ;
#362 = FACE_OUTER_BOUND ( 'NONE', #3941, .T. ) ;
#363 = CARTESIAN_POINT ( 'NONE',  ( 177.2483801123301248, 0.07221480251859972721, -479.0499999999995566 ) ) ;
#364 = FACE_OUTER_BOUND ( 'NONE', #3614, .T. ) ;
#365 = CARTESIAN_POINT ( 'NONE',  ( 45.00000000000001421, -7.000000000000000000, -321.9999999999999432 ) ) ;
#366 = CIRCLE ( 'NONE', #473, 1.400000000000012346 ) ;
#367 = CARTESIAN_POINT ( 'NONE',  ( -1.061548384411428625, -12.15324569013151290, -265.4061725919317496 ) ) ;
#368 = ORIENTED_EDGE ( 'NONE', *, *, #3919, .F. ) ;
#369 = CARTESIAN_POINT ( 'NONE',  ( 159.4728670347724062, 3.221250434308062793, -480.0000000000000000 ) ) ;
#370 = ADVANCED_FACE ( 'NONE', ( #1272 ), #6319, .T. ) ;
#371 = CARTESIAN_POINT ( 'NONE',  ( 1.223459670022805756, -10.26408143532248474, -326.9862036040119051 ) ) ;
#372 = DIRECTION ( 'NONE',  ( 0.9602561488514259613, 0.2791202762126536729, 0.000000000000000000 ) ) ;
#373 = CARTESIAN_POINT ( 'NONE',  ( 14.37134802599881311, -3.593555260936802664, -292.1385412232376098 ) ) ;
#374 = CARTESIAN_POINT ( 'NONE',  ( -15.91637689982996662, 1.670953212411425026, -264.9999999999997726 ) ) ;
#375 = ADVANCED_FACE ( 'NONE', ( #362 ), #1886, .T. ) ;
#376 = CARTESIAN_POINT ( 'NONE',  ( 4.994914455551991317, 25.79824708173162051, -324.9999999999998863 ) ) ;
#377 = SURFACE_STYLE_FILL_AREA ( #1933 ) ;
#378 = FACE_OUTER_BOUND ( 'NONE', #887, .T. ) ;
#379 = LINE ( 'NONE', #4279, #58 ) ;
#380 = CARTESIAN_POINT ( 'NONE',  ( 179.6746300319239538, -0.3772227571833274284, 0.000000000000000000 ) ) ;
#381 = CARTESIAN_POINT ( 'NONE',  ( -16.05007025399910248, 2.027071929777701342, -324.9999999999998863 ) ) ;
#382 = VERTEX_POINT ( 'NONE', #1109 ) ;
#383 = VERTEX_POINT ( 'NONE', #1075 ) ;
#384 = CARTESIAN_POINT ( 'NONE',  ( -12.88149884662075095, 12.49999999999996625, -324.8104858210397197 ) ) ;
#385 = CYLINDRICAL_SURFACE ( 'NONE', #1793, 8.000000000000007105 ) ;
#386 = EDGE_CURVE ( 'NONE', #728, #3876, #5102, .T. ) ;
#387 = VERTEX_POINT ( 'NONE', #3637 ) ;
#388 = CARTESIAN_POINT ( 'NONE',  ( -16.90944063363007643, 9.973547456753015794, -327.8925909626801740 ) ) ;
#389 = CARTESIAN_POINT ( 'NONE',  ( -18.68421440183315241, -8.949566870699054988, -264.2060890676856388 ) ) ;
#390 = CARTESIAN_POINT ( 'NONE',  ( -19.36650327762682267, 12.49999999999996625, -264.1967955018972702 ) ) ;
#391 = DIRECTION ( 'NONE',  ( -1.000000000000000000, 0.000000000000000000, 0.000000000000000000 ) ) ;
#392 = ADVANCED_FACE ( 'NONE', ( #5527 ), #1532, .F. ) ;
#393 = ORIENTED_EDGE ( 'NONE', *, *, #2211, .F. ) ;
#394 = CARTESIAN_POINT ( 'NONE',  ( -6.646044875357214110, -9.815315403812949313, -326.7448543373958501 ) ) ;
#395 = EDGE_CURVE ( 'NONE', #3015, #4195, #4579, .T. ) ;
#396 = CARTESIAN_POINT ( 'NONE',  ( 179.0377616347531387, -0.2855262312959834792, -479.0499999999994429 ) ) ;
#397 = CARTESIAN_POINT ( 'NONE',  ( 6.743759141704741999, -18.17863168366607596, -324.9999999999998863 ) ) ;
#398 = CARTESIAN_POINT ( 'NONE',  ( 13.67911437448025858, -12.00000000000000000, -342.9999999999999432 ) ) ;
#399 = CARTESIAN_POINT ( 'NONE',  ( 63.00000000000000000, -16.00000000000000355, -575.0000000000000000 ) ) ;
#400 = EDGE_CURVE ( 'NONE', #2278, #2436, #2281, .T. ) ;
#401 = VERTEX_POINT ( 'NONE', #5625 ) ;
#402 = CARTESIAN_POINT ( 'NONE',  ( 71.79337470885687367, -3.907741587551234463, -319.0000000000000568 ) ) ;
#403 = CARTESIAN_POINT ( 'NONE',  ( 68.50000000000022737, -3.970786949974260516, -304.0000000000006821 ) ) ;
#404 = CARTESIAN_POINT ( 'NONE',  ( -11.36826660356528507, -0.5548293652803305553, -479.0499999999996135 ) ) ;
#405 = CARTESIAN_POINT ( 'NONE',  ( 1.478871164468729349, -2.648807009614305041, -480.0008179081679032 ) ) ;
#406 = CARTESIAN_POINT ( 'NONE',  ( -28.50083605239461448, -6.556623357925662532, -264.9999999999998863 ) ) ;
#407 = CARTESIAN_POINT ( 'NONE',  ( 169.0926427936762195, -0.07254888767263989457, 0.000000000000000000 ) ) ;
#408 = EDGE_CURVE ( 'NONE', #329, #6127, #130, .T. ) ;
#409 = EDGE_CURVE ( 'NONE', #383, #6119, #2145, .T. ) ;
#410 = LINE ( 'NONE', #2381, #2829 ) ;
#411 = CARTESIAN_POINT ( 'NONE',  ( 40.68043739859545127, -4.136412892941705444, -318.9999999999999432 ) ) ;
#412 = DIRECTION ( 'NONE',  ( -0.000000000000000000, -0.000000000000000000, -1.000000000000000000 ) ) ;
#413 = DIRECTION ( 'NONE',  ( -1.000000000000000000, 0.000000000000000000, 0.000000000000000000 ) ) ;
#414 = CARTESIAN_POINT ( 'NONE',  ( 14.38530708368486444, -3.562290411282508007, -339.9900196506288239 ) ) ;
#415 = CARTESIAN_POINT ( 'NONE',  ( -29.46940197909683334, -5.075390355015498400, -324.9999999999998295 ) ) ;
#416 = ORIENTED_EDGE ( 'NONE', *, *, #4605, .F. ) ;
#417 = VERTEX_POINT ( 'NONE', #6089 ) ;
#418 = CARTESIAN_POINT ( 'NONE',  ( -8.160678753599793112, 12.49999999999996625, -326.6225323717860647 ) ) ;
#419 = DIRECTION ( 'NONE',  ( 0.000000000000000000, -0.000000000000000000, 1.000000000000000000 ) ) ;
#420 = B_SPLINE_CURVE_WITH_KNOTS ( 'NONE', 3,
 ( #4151, #2713, #6137, #3141, #1615, #3656, #1126, #2653, #84, #3077, #2583, #118 ),
 .UNSPECIFIED., .F., .F.,
 ( 4, 1, 1, 1, 1, 1, 1, 1, 1, 4 ),
 ( 2.142890692361827879E-16, 0.0006741566199382331009, 0.002675396236452525986, 0.005946929675377612447, 0.01041984823249678116, 0.01601995206421931439, 0.02265171984534046154, 0.03020366041557813810, 0.03855403056077872509, 0.04263805895348264652 ),
 .UNSPECIFIED. ) ;
#421 = CARTESIAN_POINT ( 'NONE',  ( -11.25718055712740018, 6.090502458375788741, -340.0236216781233907 ) ) ;
#422 = CARTESIAN_POINT ( 'NONE',  ( 19.02528460983401359, 12.47023381929698616, -480.0000000000000000 ) ) ;
#423 = CARTESIAN_POINT ( 'NONE',  ( -22.38369464113065277, 12.49999999999996803, -264.7407371041657598 ) ) ;
#424 = ORIENTED_EDGE ( 'NONE', *, *, #3111, .F. ) ;
#425 = DIRECTION ( 'NONE',  ( -1.000000000000000000, -0.000000000000000000, -0.000000000000000000 ) ) ;
#426 = EDGE_LOOP ( 'NONE', ( #5078, #1862, #1012, #4836, #2535, #4979, #4376, #2913 ) ) ;
#427 = CARTESIAN_POINT ( 'NONE',  ( -16.66506429354068430, -12.50000000000003730, -324.8071696435538342 ) ) ;
#428 = CARTESIAN_POINT ( 'NONE',  ( 209.6979489447562628, -8.875378161469859251, -574.9999999999998863 ) ) ;
#429 = CARTESIAN_POINT ( 'NONE',  ( -19.94842888767390221, -13.64446787651697868, -324.9999999999999432 ) ) ;
#430 = CARTESIAN_POINT ( 'NONE',  ( -28.56526551279012338, -1.318388846169915363, -549.9999999999998863 ) ) ;
#431 = ADVANCED_FACE ( 'NONE', ( #6120 ), #1658, .F. ) ;
#432 = CARTESIAN_POINT ( 'NONE',  ( -60.00000000000000000, 7.499999999999966249, -319.9999999999998863 ) ) ;
#433 = ORIENTED_EDGE ( 'NONE', *, *, #3504, .T. ) ;
#434 = DIRECTION ( 'NONE',  ( 1.000000000000000000, 0.000000000000000000, 0.000000000000000000 ) ) ;
#435 = CARTESIAN_POINT ( 'NONE',  ( 210.8492067025076153, 8.123753157145134907, -575.0000000000000000 ) ) ;
#436 = CARTESIAN_POINT ( 'NONE',  ( -42.81602566084642802, -6.247988309767675830, -575.0000000000000000 ) ) ;
#437 = CARTESIAN_POINT ( 'NONE',  ( 39.50000000000001421, 3.000000000000000000, -318.9999999999999432 ) ) ;
#438 = CARTESIAN_POINT ( 'NONE',  ( -12.22884121237137656, -0.5327195123684725919, -264.9999999999998863 ) ) ;
#439 = CARTESIAN_POINT ( 'NONE',  ( -0.9015102028154596825, 12.49999999999920064, -329.4350306057537523 ) ) ;
#440 = PLANE ( 'NONE',  #444 ) ;
#441 = CARTESIAN_POINT ( 'NONE',  ( 170.0000000000000000, -14.17819011039160770, -575.0000000000000000 ) ) ;
#442 = CARTESIAN_POINT ( 'NONE',  ( 74.00000000000001421, -7.000000000000000000, -319.0000000000000568 ) ) ;
#443 = CARTESIAN_POINT ( 'NONE',  ( 137.6758406867323004, 6.279813635248219228, -241.5618063766086436 ) ) ;
#444 = AXIS2_PLACEMENT_3D ( 'NONE', #2414, #2809, #5835 ) ;
#445 = CARTESIAN_POINT ( 'NONE',  ( -10.59431326730609513, 6.238942408400035333, -250.0232480699889379 ) ) ;
#446 = CARTESIAN_POINT ( 'NONE',  ( -28.60240302733611273, 10.58748827823543870, -324.9999999999999432 ) ) ;
#447 = ORIENTED_EDGE ( 'NONE', *, *, #2712, .T. ) ;
#448 = ORIENTED_EDGE ( 'NONE', *, *, #5761, .T. ) ;
#449 = DIRECTION ( 'NONE',  ( -1.000000000000000000, 0.000000000000000000, 0.000000000000000000 ) ) ;
#450 = VECTOR ( 'NONE', #6284, 1000.000000000000000 ) ;
#451 = ORIENTED_EDGE ( 'NONE', *, *, #5615, .T. ) ;
#452 = PLANE ( 'NONE',  #5754 ) ;
#453 = CARTESIAN_POINT ( 'NONE',  ( 170.0000000000000000, 14.26393202250021197, -549.9999999999998863 ) ) ;
#454 = CARTESIAN_POINT ( 'NONE',  ( 6.061066952158379983, 10.97756205224608017, -479.9999999999999432 ) ) ;
#455 = CARTESIAN_POINT ( 'NONE',  ( -29.90820826521772702, 12.49999999999996625, -264.9999999999998863 ) ) ;
#456 = VERTEX_POINT ( 'NONE', #1169 ) ;
#457 = AXIS2_PLACEMENT_3D ( 'NONE', #2533, #1681, #5494 ) ;
#458 = CARTESIAN_POINT ( 'NONE',  ( 68.50000000000007105, -7.000000000000000000, -319.0000000000000568 ) ) ;
#459 = ORIENTED_EDGE ( 'NONE', *, *, #4042, .F. ) ;
#460 = CARTESIAN_POINT ( 'NONE',  ( -19.86417551594276887, -12.50000000000003375, -324.6796333822678662 ) ) ;
#461 = CARTESIAN_POINT ( 'NONE',  ( 210.4647832960490348, -8.374732785813444380, -575.0000000000000000 ) ) ;
#462 = CARTESIAN_POINT ( 'NONE',  ( -14.59827862333523463, 0.3983582074497249992, -339.9999279027352372 ) ) ;
#463 = VECTOR ( 'NONE', #2113, 1000.000000000000000 ) ;
#464 = B_SPLINE_CURVE_WITH_KNOTS ( 'NONE', 3,
 ( #6332, #5946, #1879, #3433, #5417, #971, #1358, #5322, #3859, #4935, #487, #1484, #2459, #4441 ),
 .UNSPECIFIED., .F., .F.,
 ( 4, 1, 1, 1, 1, 1, 1, 1, 1, 1, 1, 4 ),
 ( 0.000000000000000000, 1.487589373517994790E-06, 0.0006616578270025937503, 0.002564668613381946780, 0.005566561814834592413, 0.009565839191424615334, 0.01454435910649660990, 0.02045551107301053773, 0.02721771925845133111, 0.03474011373081227483, 0.04292577772075614750, 0.04299389614709542284 ),
 .UNSPECIFIED. ) ;
#465 = AXIS2_PLACEMENT_3D ( 'NONE', #2718, #5163, #6143 ) ;
#466 = DIRECTION ( 'NONE',  ( 0.000000000000000000, 1.000000000000000000, 0.000000000000000000 ) ) ;
#467 = CARTESIAN_POINT ( 'NONE',  ( 39.67911437448029943, -4.120260126672330436, -335.6793173824109431 ) ) ;
#468 = ORIENTED_EDGE ( 'NONE', *, *, #6231, .T. ) ;
#469 = CARTESIAN_POINT ( 'NONE',  ( 61.28166640485157046, -4.058378994256295336, -338.9999999999999432 ) ) ;
#470 = AXIS2_PLACEMENT_3D ( 'NONE', #4019, #6009, #1549 ) ;
#471 = CARTESIAN_POINT ( 'NONE',  ( 0.8509245993740141012, 12.11219380007799629, -268.3327322240128296 ) ) ;
#472 = EDGE_CURVE ( 'NONE', #1005, #5249, #899, .T. ) ;
#473 = AXIS2_PLACEMENT_3D ( 'NONE', #5629, #6191, #6244 ) ;
#474 = CARTESIAN_POINT ( 'NONE',  ( 16.43884235674210004, -3.346110994700536967, -479.0499999999998977 ) ) ;
#475 = CARTESIAN_POINT ( 'NONE',  ( -15.46242161646341451, 1.011167175685207198, -264.9999999999999432 ) ) ;
#476 = CARTESIAN_POINT ( 'NONE',  ( 173.3202100324116088, -0.09117718108688578627, -480.0000000000000000 ) ) ;
#477 = APPLICATION_CONTEXT ( 'automotive_design' ) ;
#478 = CARTESIAN_POINT ( 'NONE',  ( 8.734056638400232941, 11.12176034828748961, -292.3786803225457334 ) ) ;
#479 = EDGE_CURVE ( 'NONE', #5688, #5142, #39, .T. ) ;
#480 = DIRECTION ( 'NONE',  ( -1.000000000000000000, 0.000000000000000000, 0.000000000000000000 ) ) ;
#481 = CARTESIAN_POINT ( 'NONE',  ( 142.0000000000000000, -15.99999999999998579, -575.0000000000000000 ) ) ;
#482 = CYLINDRICAL_SURFACE ( 'NONE', #4626, 1.400000000000012346 ) ;
#483 = CARTESIAN_POINT ( 'NONE',  ( -6.593229396211763849, 7.781464257458321043, -265.0000000000149498 ) ) ;
#484 = CARTESIAN_POINT ( 'NONE',  ( -25.12049029402990996, 14.77087348528095312, -324.9999999999998295 ) ) ;
#485 = EDGE_LOOP ( 'NONE', ( #1450, #3733, #3191, #3129, #2464, #5504 ) ) ;
#486 = VERTEX_POINT ( 'NONE', #323 ) ;
#487 = CARTESIAN_POINT ( 'NONE',  ( 145.5537266705014190, 5.259918845944112853, -433.9999999999999432 ) ) ;
#488 = FACE_OUTER_BOUND ( 'NONE', #5369, .T. ) ;
#489 = PLANE ( 'NONE',  #5975 ) ;
#490 = CARTESIAN_POINT ( 'NONE',  ( -16.32234087819342960, 1.677152668944637881, -484.8000000000000114 ) ) ;
#491 = CARTESIAN_POINT ( 'NONE',  ( -4.647431466931521982, 12.49999999999934097, -260.3262642486370737 ) ) ;
#492 = ORIENTED_EDGE ( 'NONE', *, *, #5475, .F. ) ;
#493 = CARTESIAN_POINT ( 'NONE',  ( 61.00000000000000000, 15.99999999999998579, -575.0000000000000000 ) ) ;
#494 = ORIENTED_EDGE ( 'NONE', *, *, #5674, .F. ) ;
#495 = CARTESIAN_POINT ( 'NONE',  ( -8.162211614290876938, -12.50000000000003553, -322.1750808678443150 ) ) ;
#497 = EDGE_CURVE ( 'NONE', #3137, #321, #5968, .T. ) ;
#496 = CARTESIAN_POINT ( 'NONE',  ( 210.4867121014682141, -8.360387252858362928, -575.0000000000000000 ) ) ;
#498 = CARTESIAN_POINT ( 'NONE',  ( -14.72714805924319670, 0.4677992342153551308, -324.9999999999998863 ) ) ;
#499 = ORIENTED_EDGE ( 'NONE', *, *, #5349, .T. ) ;
#500 = CARTESIAN_POINT ( 'NONE',  ( 22.97731757279768061, -3.871985522170721339, -325.2468126455552806 ) ) ;
#501 = CARTESIAN_POINT ( 'NONE',  ( 39.01076855234129681, -4.118414776551597711, -331.8310891446014352 ) ) ;
#502 = ORIENTED_EDGE ( 'NONE', *, *, #1522, .F. ) ;
#503 = LINE ( 'NONE', #3418, #1287 ) ;
#504 = CARTESIAN_POINT ( 'NONE',  ( 149.0761358643561891, 4.764285025089868064, -479.9999999999998295 ) ) ;
#505 = CARTESIAN_POINT ( 'NONE',  ( -15.24812615085722989, 0.7532320987195876283, -479.9999999999998295 ) ) ;
#506 = EDGE_CURVE ( 'NONE', #3054, #910, #2534, .T. ) ;
#507 = CARTESIAN_POINT ( 'NONE',  ( -15.21573434890598975, 0.8111529860012548498, -250.0056020415266005 ) ) ;
#508 = CARTESIAN_POINT ( 'NONE',  ( 113.3969214004335413, -2.222172095592499286, -484.8000000000000114 ) ) ;
#509 = FACE_OUTER_BOUND ( 'NONE', #4994, .T. ) ;
#510 = CARTESIAN_POINT ( 'NONE',  ( 20.00000000000000000, 3.570561577078505078, -495.0000000000000000 ) ) ;
#511 = FACE_OUTER_BOUND ( 'NONE', #3903, .T. ) ;
#512 = CARTESIAN_POINT ( 'NONE',  ( 4.057489833455554695, 11.11718627717093177, -254.9351770466542462 ) ) ;
#513 = CARTESIAN_POINT ( 'NONE',  ( -7.577436207535047430, 23.10829702547911779, -264.9999999999998863 ) ) ;
#514 = EDGE_CURVE ( 'NONE', #456, #4064, #694, .T. ) ;
#515 = CARTESIAN_POINT ( 'NONE',  ( -24.30991023408544649, 15.49027933586695482, -324.9999999999998295 ) ) ;
#516 = EDGE_LOOP ( 'NONE', ( #2151, #4409, #2694, #2144, #4283, #6053, #2473, #5454 ) ) ;
#517 = CARTESIAN_POINT ( 'NONE',  ( 33.67911437448025680, -2.000000000000000000, -343.0000000000000000 ) ) ;
#518 = FACE_OUTER_BOUND ( 'NONE', #4326, .T. ) ;
#519 = CARTESIAN_POINT ( 'NONE',  ( -2.939978868434699244, -12.50000000000003553, -305.7800552064114186 ) ) ;
#520 = CARTESIAN_POINT ( 'NONE',  ( -8.870839709559573905, 7.379290699847297574, -480.0000000000000000 ) ) ;
#521 = CARTESIAN_POINT ( 'NONE',  ( 205.0000000000000000, 5.000000000000023093, -575.0000000000000000 ) ) ;
#522 = ORIENTED_EDGE ( 'NONE', *, *, #1306, .T. ) ;
#523 = FACE_OUTER_BOUND ( 'NONE', #5011, .T. ) ;
#524 = ORIENTED_EDGE ( 'NONE', *, *, #400, .F. ) ;
#525 = CARTESIAN_POINT ( 'NONE',  ( -13.04085068756817023, 12.49999999999996803, -324.7581071013489122 ) ) ;
#526 = CARTESIAN_POINT ( 'NONE',  ( 210.2747123278264780, -8.498824972250774934, -574.9999999999998863 ) ) ;
#527 = CARTESIAN_POINT ( 'NONE',  ( -12.37027991985758035, -0.4679785622158789127, -324.9999999999697025 ) ) ;
#528 = ORIENTED_EDGE ( 'NONE', *, *, #5015, .T. ) ;
#529 = CARTESIAN_POINT ( 'NONE',  ( 170.1345812741301415, 1.467153932975843622, 0.000000000000000000 ) ) ;
#530 = EDGE_CURVE ( 'NONE', #5811, #1846, #5784, .T. ) ;
#531 = EDGE_CURVE ( 'NONE', #4333, #6395, #2243, .T. ) ;
#532 = CARTESIAN_POINT ( 'NONE',  ( 39.67911437448029233, -4.119463480374753850, -337.0000000000000000 ) ) ;
#533 = ORIENTED_EDGE ( 'NONE', *, *, #2483, .T. ) ;
#534 = CARTESIAN_POINT ( 'NONE',  ( 1.364357759840075124, -10.05548223317930834, -327.1249178183471713 ) ) ;
#535 = CARTESIAN_POINT ( 'NONE',  ( 160.5369930938345533, 3.047553755182633495, -480.0000000000000000 ) ) ;
#536 = CARTESIAN_POINT ( 'NONE',  ( -7.510009443621080472, -1.527978956754531437, -479.9999999999999432 ) ) ;
#537 = CARTESIAN_POINT ( 'NONE',  ( -19.18302024569228692, -13.97155662298646739, -264.9999999999998863 ) ) ;
#538 = CARTESIAN_POINT ( 'NONE',  ( 173.3199410802057798, -0.09102422127747145097, -484.8000000000000114 ) ) ;
#539 = CARTESIAN_POINT ( 'NONE',  ( -21.89415741367396961, 8.899309669957986557, -326.4347495844865534 ) ) ;
#540 = DIRECTION ( 'NONE',  ( -0.000000000000000000, 0.000000000000000000, -1.000000000000000000 ) ) ;
#541 = EDGE_CURVE ( 'NONE', #5526, #1204, #1207, .T. ) ;
#542 = CARTESIAN_POINT ( 'NONE',  ( 170.8944271909999486, 16.05278640450003280, -549.9999999999998863 ) ) ;
#543 = DIRECTION ( 'NONE',  ( -1.000000000000000000, -0.000000000000000000, -0.000000000000000000 ) ) ;
#544 = CARTESIAN_POINT ( 'NONE',  ( -8.502690506887928379, 7.096129208627822926, -250.0218979778989308 ) ) ;
#545 = CARTESIAN_POINT ( 'NONE',  ( -15.94097996762678804, 2.510730068746067634, -340.0297731222462971 ) ) ;
#546 = ORIENTED_EDGE ( 'NONE', *, *, #1067, .T. ) ;
#547 = CARTESIAN_POINT ( 'NONE',  ( 24.29135109666422920, 12.76828908050878120, -479.0499999999999545 ) ) ;
#548 = ADVANCED_FACE ( 'NONE', ( #3285 ), #2501, .T. ) ;
#549 = DIRECTION ( 'NONE',  ( -0.000000000000000000, -0.000000000000000000, -1.000000000000000000 ) ) ;
#550 = CARTESIAN_POINT ( 'NONE',  ( 52.62289104414490026, -4.055012659677931453, -480.0000000000000000 ) ) ;
#551 = CARTESIAN_POINT ( 'NONE',  ( -5.113262637662252530, 11.34896489336379055, -259.0179386207350944 ) ) ;
#552 = ORIENTED_EDGE ( 'NONE', *, *, #648, .T. ) ;
#553 = CARTESIAN_POINT ( 'NONE',  ( 1.223973505549465379, -10.26637026166105393, -312.9762780626007270 ) ) ;
#554 = ORIENTED_EDGE ( 'NONE', *, *, #199, .F. ) ;
#555 = CARTESIAN_POINT ( 'NONE',  ( -2.263997922448045319, 12.49999999999996625, -328.7778394737097756 ) ) ;
#556 = VECTOR ( 'NONE', #3727, 1000.000000000000114 ) ;
#557 = CARTESIAN_POINT ( 'NONE',  ( 173.9554524145427763, -0.02056317160900842864, -479.0499999999997272 ) ) ;
#558 = EDGE_LOOP ( 'NONE', ( #1458, #1214, #4896 ) ) ;
#559 = CARTESIAN_POINT ( 'NONE',  ( 110.8456426649968307, 9.366999014998230066, 0.000000000000000000 ) ) ;
#560 = AXIS2_PLACEMENT_3D ( 'NONE', #794, #2304, #4291 ) ;
#561 = CARTESIAN_POINT ( 'NONE',  ( 8.571385450853277632, -4.453615726066312064, -255.8449047279486877 ) ) ;
#562 = CARTESIAN_POINT ( 'NONE',  ( 44.43115549409532861, -4.063890498293089237, -479.9980943235687505 ) ) ;
#563 = ORIENTED_EDGE ( 'NONE', *, *, #237, .T. ) ;
#564 = CARTESIAN_POINT ( 'NONE',  ( -1.859383866408614638, 9.115187640397900637, -250.0190729614726877 ) ) ;
#565 = CARTESIAN_POINT ( 'NONE',  ( 174.4609394753815366, 0.6277462792641981260, -479.0500000000012619 ) ) ;
#566 = AXIS2_PLACEMENT_3D ( 'NONE', #1393, #3376, #5888 ) ;
#567 = CARTESIAN_POINT ( 'NONE',  ( -13.93915390339078897, 4.679276826445191162, -479.0499999999994998 ) ) ;
#568 = AXIS2_PLACEMENT_3D ( 'NONE', #1096, #1156, #5675 ) ;
#569 = CARTESIAN_POINT ( 'NONE',  ( -14.45111199800981794, 0.3226630929908312906, -264.9999999999847091 ) ) ;
#570 = CARTESIAN_POINT ( 'NONE',  ( -4.897487815925828158, 8.657632442591660649, -484.8000000000000114 ) ) ;
#571 = CARTESIAN_POINT ( 'NONE',  ( -7.496667229124314602, 12.49999999999996803, -328.9876393478098748 ) ) ;
#572 = LINE ( 'NONE', #4597, #3560 ) ;
#573 = AXIS2_PLACEMENT_3D ( 'NONE', #2293, #6262, #1809 ) ;
#574 =( NAMED_UNIT ( * ) PLANE_ANGLE_UNIT ( ) SI_UNIT ( $, .RADIAN. ) );
#575 = CARTESIAN_POINT ( 'NONE',  ( 0.8380950068350315751, 12.12578114404440655, -331.9034935632001861 ) ) ;
#576 = CARTESIAN_POINT ( 'NONE',  ( 137.6758406867322719, 6.310027406238971182, -386.7770379137064651 ) ) ;
#577 = CARTESIAN_POINT ( 'NONE',  ( -7.759302056763782929, 7.388685432520088803, -264.9999999999999432 ) ) ;
#578 = CARTESIAN_POINT ( 'NONE',  ( -15.80394570971366619, 2.748860591224577377, -340.0296155602623571 ) ) ;
#579 = VECTOR ( 'NONE', #227, 1000.000000000000000 ) ;
#580 = EDGE_CURVE ( 'NONE', #383, #1987, #5750, .T. ) ;
#581 = CARTESIAN_POINT ( 'NONE',  ( 113.6911628119071480, -2.361690009188643025, 0.000000000000000000 ) ) ;
#582 = CARTESIAN_POINT ( 'NONE',  ( 0.8380950068350315751, 12.12578114404440655, -331.9034935632001861 ) ) ;
#583 = B_SPLINE_CURVE_WITH_KNOTS ( 'NONE', 3,
 ( #5602, #4040, #2119, #1146, #564, #77, #4073, #1636, #601, #2602, #5012, #4555, #2545, #4109, #4524, #3130, #1117, #106, #2056, #1667 ),
 .UNSPECIFIED., .F., .F.,
 ( 4, 2, 2, 2, 2, 2, 2, 2, 2, 4 ),
 ( 0.000000000000000000, 0.006518960123420114265, 0.01303792024684022680, 0.01629740030855028263, 0.01955688037026033846, 0.02118662040111536637, 0.02281636043197039429, 0.02363123044739790651, 0.02444610046282541874, 0.02607584049368044665 ),
 .UNSPECIFIED. ) ;
#584 = DIRECTION ( 'NONE',  ( 0.000000000000000000, -1.000000000000000000, 0.000000000000000000 ) ) ;
#585 = CARTESIAN_POINT ( 'NONE',  ( 33.67911437448025680, -4.061874995434449964, -343.0000000000000000 ) ) ;
#586 = CARTESIAN_POINT ( 'NONE',  ( 10.53824375156325210, -3.625604498586317170, 0.000000000000000000 ) ) ;
#587 = CARTESIAN_POINT ( 'NONE',  ( -2.685615013945553464, 12.49999999999996625, -261.5416661171346391 ) ) ;
#588 = VERTEX_POINT ( 'NONE', #3172 ) ;
#589 = DIRECTION ( 'NONE',  ( 0.000000000000000000, 0.000000000000000000, 1.000000000000000000 ) ) ;
#590 = ADVANCED_FACE ( 'NONE', ( #6134 ), #5153, .F. ) ;
#591 = VERTEX_POINT ( 'NONE', #741 ) ;
#592 = DIRECTION ( 'NONE',  ( -1.457750820148577635E-16, -0.000000000000000000, -1.000000000000000000 ) ) ;
#593 = CARTESIAN_POINT ( 'NONE',  ( 174.7852918323872018, -0.05259148501600217213, -479.0499999999996703 ) ) ;
#594 = ORIENTED_EDGE ( 'NONE', *, *, #2631, .T. ) ;
#595 = CARTESIAN_POINT ( 'NONE',  ( 14.38036213204368252, -3.573381496663068813, -323.0122974911442384 ) ) ;
#596 = CARTESIAN_POINT ( 'NONE',  ( -7.669302639507463937, -1.489753123989568717, -479.9955344831853949 ) ) ;
#597 = FACE_OUTER_BOUND ( 'NONE', #3544, .T. ) ;
#598 = EDGE_CURVE ( 'NONE', #382, #5395, #6068, .T. ) ;
#599 = ADVANCED_FACE ( 'NONE', ( #1642 ), #5117, .F. ) ;
#600 = ORIENTED_EDGE ( 'NONE', *, *, #598, .T. ) ;
#601 = CARTESIAN_POINT ( 'NONE',  ( -9.096480756547167701, 6.886161943595724644, -250.0222034729112579 ) ) ;
#602 = CARTESIAN_POINT ( 'NONE',  ( 175.7743616016191197, 0.3889266414292987251, -480.0000000000006821 ) ) ;
#603 = CARTESIAN_POINT ( 'NONE',  ( 50.99999999999992895, 1.000000000000000000, -311.5000000000005684 ) ) ;
#604 = CARTESIAN_POINT ( 'NONE',  ( -16.19789761206256529, 1.616517519683312143, -480.0000000000007390 ) ) ;
#605 = CARTESIAN_POINT ( 'NONE',  ( -10.46639415216246149, -16.35488568624876038, -264.9999999999998295 ) ) ;
#606 = ORIENTED_EDGE ( 'NONE', *, *, #867, .T. ) ;
#607 = CARTESIAN_POINT ( 'NONE',  ( -14.87414796802857708, 2.974310761705666106, 0.000000000000000000 ) ) ;
#608 = CARTESIAN_POINT ( 'NONE',  ( -3.306590168755441095, 12.49999999999871747, -330.1931842728932338 ) ) ;
#609 = CARTESIAN_POINT ( 'NONE',  ( -0.07561913653214528963, 12.49999999999996625, -262.7333536201890638 ) ) ;
#610 = CARTESIAN_POINT ( 'NONE',  ( 61.00000000000000000, 15.99999999999998579, -549.9999999999998863 ) ) ;
#611 = PLANE ( 'NONE',  #5033 ) ;
#612 = CARTESIAN_POINT ( 'NONE',  ( -12.00840807800109822, 5.575670006191811190, -264.9999999999998863 ) ) ;
#613 = EDGE_CURVE ( 'NONE', #321, #232, #4148, .T. ) ;
#614 = EDGE_CURVE ( 'NONE', #4478, #3927, #4565, .T. ) ;
#615 = CARTESIAN_POINT ( 'NONE',  ( -10.73868415653192976, 6.308456795026040176, -324.9999999999999432 ) ) ;
#616 = CARTESIAN_POINT ( 'NONE',  ( 62.57871633324648997, -3.971997849574086192, -484.8000000000000114 ) ) ;
#617 = CARTESIAN_POINT ( 'NONE',  ( -27.85534655193038844, -7.500000000000158096, -264.9999999999998295 ) ) ;
#618 = CARTESIAN_POINT ( 'NONE',  ( -18.70681705619399438, 9.570061550491205438, -262.7101159249087345 ) ) ;
#619 = CARTESIAN_POINT ( 'NONE',  ( 137.6758406867322719, -0.9297158709814629107, -292.0340366697357126 ) ) ;
#620 = CARTESIAN_POINT ( 'NONE',  ( -14.87414796802857708, 2.974310761705666106, 0.000000000000000000 ) ) ;
#621 = DIRECTION ( 'NONE',  ( -1.734723475976807094E-15, -1.000000000000000000, 0.000000000000000000 ) ) ;
#622 = VERTEX_POINT ( 'NONE', #805 ) ;
#623 = ORIENTED_EDGE ( 'NONE', *, *, #386, .F. ) ;
#624 = CARTESIAN_POINT ( 'NONE',  ( -1.082089367757439913, 12.49999999999996625, -260.9740877789075171 ) ) ;
#625 = CARTESIAN_POINT ( 'NONE',  ( 209.2808836407899662, -9.147668800804787281, -575.0000000000000000 ) ) ;
#626 = ORIENTED_EDGE ( 'NONE', *, *, #719, .F. ) ;
#627 = CARTESIAN_POINT ( 'NONE',  ( 15.66295585208550634, -3.629711662966317753, -323.0572959580590577 ) ) ;
#628 = CARTESIAN_POINT ( 'NONE',  ( 152.9450533306298325, 4.166514463472749341, -180.0000000000000000 ) ) ;
#629 = CARTESIAN_POINT ( 'NONE',  ( 39.50000000000001421, -4.129251810828030500, -318.9999999999999432 ) ) ;
#630 = ORIENTED_EDGE ( 'NONE', *, *, #2039, .T. ) ;
#631 = CARTESIAN_POINT ( 'NONE',  ( 111.2771938734618686, -2.113954889163768058, -479.0500000000012051 ) ) ;
#632 = CARTESIAN_POINT ( 'NONE',  ( 214.9642457397262660, 1.093028165018007591, -574.9999999999996589 ) ) ;
#633 = EDGE_CURVE ( 'NONE', #2024, #6395, #4271, .T. ) ;
#634 = LINE ( 'NONE', #3101, #3565 ) ;
#635 = CARTESIAN_POINT ( 'NONE',  ( -15.47724684485218205, 1.171791936385483401, -479.0500000000004661 ) ) ;
#636 = CARTESIAN_POINT ( 'NONE',  ( -4.181829054007976332, -2.163260852576100124, -249.9909923325899967 ) ) ;
#637 = VERTEX_POINT ( 'NONE', #3353 ) ;
#638 = CARTESIAN_POINT ( 'NONE',  ( -12.00321293146114954, 6.036989419548993041, -480.0000000000000000 ) ) ;
#639 = CARTESIAN_POINT ( 'NONE',  ( 0.4617350120852388717, 11.75135256292676189, -332.5524715837030953 ) ) ;
#640 = CARTESIAN_POINT ( 'NONE',  ( 50.00000000000001421, 2.688821387764050491E-13, -575.0000000000000000 ) ) ;
#641 = B_SPLINE_CURVE_WITH_KNOTS ( 'NONE', 3,
 ( #5106, #235, #1757, #5664 ),
 .UNSPECIFIED., .F., .F.,
 ( 4, 4 ),
 ( 0.000000000000000000, 0.003000000337749570561 ),
 .UNSPECIFIED. ) ;
#642 = FACE_OUTER_BOUND ( 'NONE', #5607, .T. ) ;
#643 = DIRECTION ( 'NONE',  ( -1.000000000000000000, 0.000000000000000000, 0.000000000000000000 ) ) ;
#644 = CARTESIAN_POINT ( 'NONE',  ( -20.16474405726320995, 18.18254400038594554, -264.9999999999998863 ) ) ;
#645 = CARTESIAN_POINT ( 'NONE',  ( -10.74821432538337262, 6.329693695157083688, -340.0232327270195469 ) ) ;
#646 = CARTESIAN_POINT ( 'NONE',  ( 141.3708590523469866, -0.7063881108528672348, -484.8000000000000114 ) ) ;
#647 = CARTESIAN_POINT ( 'NONE',  ( 93.59183370308548433, 11.20190450466278342, -480.0000000000000568 ) ) ;
#648 = EDGE_CURVE ( 'NONE', #4131, #4915, #980, .T. ) ;
#649 = LINE ( 'NONE', #258, #2323 ) ;
#650 = CARTESIAN_POINT ( 'NONE',  ( -2.936845060556211529, -12.50000000000003553, -284.1905076169931021 ) ) ;
#651 = CARTESIAN_POINT ( 'NONE',  ( 159.4728670347724062, 3.221250434308062793, -480.0000000000000000 ) ) ;
#652 = DIRECTION ( 'NONE',  ( 0.000000000000000000, 0.000000000000000000, 1.000000000000000000 ) ) ;
#653 = EDGE_CURVE ( 'NONE', #3344, #281, #3401, .T. ) ;
#654 = EDGE_LOOP ( 'NONE', ( #424, #4969, #4819, #5047, #2790, #6378 ) ) ;
#655 = ORIENTED_EDGE ( 'NONE', *, *, #5805, .F. ) ;
#656 = DIRECTION ( 'NONE',  ( 0.000000000000000000, 0.000000000000000000, -1.000000000000000000 ) ) ;
#657 = B_SPLINE_CURVE_WITH_KNOTS ( 'NONE', 3,
 ( #1283, #807, #4272, #2286, #5218, #6228, #3271, #1374, #5253, #900, #5343, #4219, #339, #4693, #247, #6320, #2747, #1770, #5800, #2776, #1865, #3723, #4731, #5310, #4760, #6289, #311, #2230, #4824, #2350, #6204, #5706, #5830, #1742 ),
 .UNSPECIFIED., .F., .F.,
 ( 4, 1, 1, 1, 1, 1, 1, 1, 1, 1, 1, 1, 1, 1, 1, 1, 1, 1, 1, 1, 1, 1, 1, 1, 1, 1, 1, 1, 1, 1, 1, 4 ),
 ( 0.5000000000000000000, 0.5026160342004389880, 0.5028534821162612412, 0.5057681245129928005, 0.5108392435204863746, 0.5181865777112057980, 0.5278846746527748879, 0.5399152142816414646, 0.5542323862887206243, 0.5707071159710512820, 0.5891982798974483293, 0.6095154241413169860, 0.6314408397599369227, 0.6547303799955432879, 0.6791240111206857666, 0.7043413660541576471, 0.7300820865418696792, 0.7560463692433042615, 0.7819273340879761003, 0.8075946601029770910, 0.8329401523660624473, 0.8576791725988892612, 0.8814573644677696773, 0.9039286721297601357, 0.9247358138567488561, 0.9435534584672748970, 0.9600782507486774753, 0.9740323811747969573, 0.9851778332605045652, 0.9933297185954823583, 0.9983163330336950470, 1.000000000000000000 ),
 .UNSPECIFIED. ) ;
#658 = CARTESIAN_POINT ( 'NONE',  ( 173.4391300414790749, -0.1127618022973552736, -479.9999999999998295 ) ) ;
#659 = ORIENTED_EDGE ( 'NONE', *, *, #277, .F. ) ;
#660 = DIRECTION ( 'NONE',  ( -0.000000000000000000, -0.000000000000000000, 1.000000000000000000 ) ) ;
#661 = CARTESIAN_POINT ( 'NONE',  ( 0.000000000000000000, 14.26393202250024039, -549.9999999999998863 ) ) ;
#662 = AXIS2_PLACEMENT_3D ( 'NONE', #6361, #1452, #4348 ) ;
#663 = CARTESIAN_POINT ( 'NONE',  ( -15.00000000000001421, 25.00000000000000355, -575.0000000000000000 ) ) ;
#664 = VERTEX_POINT ( 'NONE', #2867 ) ;
#665 = CARTESIAN_POINT ( 'NONE',  ( 147.0000000000000000, 0.000000000000000000, -519.9999999999998863 ) ) ;
#666 = CARTESIAN_POINT ( 'NONE',  ( 176.3856926574147792, 0.2631427661602353529, -480.0000000000007390 ) ) ;
#667 = CIRCLE ( 'NONE', #3664, 2.000000000000001776 ) ;
#668 = LINE ( 'NONE', #2343, #6268 ) ;
#669 = CARTESIAN_POINT ( 'NONE',  ( -44.99631658295058401, -0.3261326625943236635, -575.0000000000005684 ) ) ;
#670 = CARTESIAN_POINT ( 'NONE',  ( 10.78635726234336012, -3.454153456791136279, -249.9899729944304170 ) ) ;
#671 = VERTEX_POINT ( 'NONE', #3327 ) ;
#672 = CARTESIAN_POINT ( 'NONE',  ( -2.341201833467979831, -2.285313997903711591, -480.0000000000000000 ) ) ;
#673 = CIRCLE ( 'NONE', #4296, 8.000000000000001776 ) ;
#674 = AXIS2_PLACEMENT_3D ( 'NONE', #2711, #4180, #5087 ) ;
#675 = CARTESIAN_POINT ( 'NONE',  ( -3.054893360100720212, 11.52955668166552172, -331.6397899088672716 ) ) ;
#676 = ADVANCED_FACE ( 'NONE', ( #2257 ), #4305, .T. ) ;
#677 = DIRECTION ( 'NONE',  ( -0.000000000000000000, -1.000000000000000000, -0.000000000000000000 ) ) ;
#678 = AXIS2_PLACEMENT_3D ( 'NONE', #224, #5587, #4641 ) ;
#679 = CIRCLE ( 'NONE', #5549, 1.400000000000012346 ) ;
#680 = CARTESIAN_POINT ( 'NONE',  ( -1.060555283472858434, 12.49999999999996625, -329.6303447445479264 ) ) ;
#681 = CARTESIAN_POINT ( 'NONE',  ( 45.00000000000002842, -4.140164876984781195, -333.3333333330500636 ) ) ;
#682 = CARTESIAN_POINT ( 'NONE',  ( -27.68210795661969570, 11.62506647054702213, -264.9999999999998295 ) ) ;
#683 = CARTESIAN_POINT ( 'NONE',  ( -9.022870027026472783, 7.040134855034352768, -340.0220994277220257 ) ) ;
#684 = EDGE_CURVE ( 'NONE', #71, #5395, #3185, .T. ) ;
#685 = CARTESIAN_POINT ( 'NONE',  ( 139.9999999999999716, -16.00000000000000000, -549.9999999999998863 ) ) ;
#686 = CARTESIAN_POINT ( 'NONE',  ( 39.67911437448026390, -12.00000000000000000, -516.0325188265786664 ) ) ;
#687 = CARTESIAN_POINT ( 'NONE',  ( -19.54416056751235331, -12.50000000000003730, -269.1742246402675391 ) ) ;
#688 = VECTOR ( 'NONE', #2260, 1000.000000000000000 ) ;
#689 = CARTESIAN_POINT ( 'NONE',  ( 110.8456426649968307, 9.366999014998230066, 0.000000000000000000 ) ) ;
#690 = EDGE_CURVE ( 'NONE', #4383, #71, #2862, .T. ) ;
#691 = DIRECTION ( 'NONE',  ( -0.000000000000000000, -0.000000000000000000, -1.000000000000000000 ) ) ;
#692 = ORIENTED_EDGE ( 'NONE', *, *, #237, .F. ) ;
#693 = EDGE_LOOP ( 'NONE', ( #3093, #2312, #2699, #921, #5593 ) ) ;
#694 = LINE ( 'NONE', #2299, #1903 ) ;
#695 = CARTESIAN_POINT ( 'NONE',  ( 173.1268870848362269, 0.007733399750811257960, -479.0499999999997840 ) ) ;
#696 = VERTEX_POINT ( 'NONE', #4334 ) ;
#697 = FACE_OUTER_BOUND ( 'NONE', #1689, .T. ) ;
#698 = LINE ( 'NONE', #730, #4110 ) ;
#699 = CARTESIAN_POINT ( 'NONE',  ( 80.06876503951350799, -3.660531173171143848, -479.9993125511241487 ) ) ;
#700 = ADVANCED_FACE ( 'NONE', ( #6318 ), #1864, .F. ) ;
#701 = EDGE_CURVE ( 'NONE', #696, #3336, #2744, .T. ) ;
#702 = EDGE_LOOP ( 'NONE', ( #3714, #3963, #2794, #1262, #3911, #5215 ) ) ;
#703 = CARTESIAN_POINT ( 'NONE',  ( 119.6841572405201930, -1.617540569487989188, -479.0499999999987040 ) ) ;
#704 = CARTESIAN_POINT ( 'NONE',  ( 164.3789022983331733, 2.336316828819458014, -479.0499999999997840 ) ) ;
#705 = CARTESIAN_POINT ( 'NONE',  ( -11.14150083148040160, -0.8576137487480771648, -249.9941470981953273 ) ) ;
#706 = CARTESIAN_POINT ( 'NONE',  ( -7.973062118794251418, 7.643483858070712067, -480.0000000000003411 ) ) ;
#707 = CARTESIAN_POINT ( 'NONE',  ( -10.99745463349282737, -16.25696061278785365, -264.9999999999998863 ) ) ;
#708 = CARTESIAN_POINT ( 'NONE',  ( -13.65052910043791812, -0.02233389580498377699, -480.0000000000000000 ) ) ;
#709 = CARTESIAN_POINT ( 'NONE',  ( 153.6443969666219687, -0.2617514066054936750, -480.0000000000000000 ) ) ;
#710 = CARTESIAN_POINT ( 'NONE',  ( 3.488212508312291682, -17.95318679634774384, -324.9999999999998863 ) ) ;
#711 = EDGE_CURVE ( 'NONE', #6150, #3800, #234, .T. ) ;
#712 = DIRECTION ( 'NONE',  ( -0.000000000000000000, -0.000000000000000000, 1.000000000000000000 ) ) ;
#713 = DIRECTION ( 'NONE',  ( 0.000000000000000000, -0.000000000000000000, 1.000000000000000000 ) ) ;
#714 = CARTESIAN_POINT ( 'NONE',  ( -15.37786663933422560, 3.068392162822032976, -265.0000000000111982 ) ) ;
#715 = CARTESIAN_POINT ( 'NONE',  ( -7.686938315776313146, 23.20152599082438272, -324.9999999999999432 ) ) ;
#716 = CARTESIAN_POINT ( 'NONE',  ( 1.224461674234109232, -10.26854871295205562, -299.6429449161656180 ) ) ;
#717 = CARTESIAN_POINT ( 'NONE',  ( 132.7239282270294325, -1.240258920334050163, 0.000000000000000000 ) ) ;
#718 = LINE ( 'NONE', #3243, #3573 ) ;
#719 = EDGE_CURVE ( 'NONE', #3090, #3876, #6348, .T. ) ;
#720 = CARTESIAN_POINT ( 'NONE',  ( 50.99999999999992895, -7.000000000000000000, -311.5000000000005684 ) ) ;
#721 = CARTESIAN_POINT ( 'NONE',  ( -16.44215570709298646, -12.50000000000003553, -268.7236674642815615 ) ) ;
#722 = CARTESIAN_POINT ( 'NONE',  ( 26.38152898265298774, 13.02011530243050430, -484.8000000000000114 ) ) ;
#723 = DIRECTION ( 'NONE',  ( -0.000000000000000000, -0.000000000000000000, 1.000000000000000000 ) ) ;
#724 = EDGE_LOOP ( 'NONE', ( #1171, #3736, #1240, #5853 ) ) ;
#725 = ORIENTED_EDGE ( 'NONE', *, *, #1954, .F. ) ;
#726 = DIRECTION ( 'NONE',  ( 0.000000000000000000, 0.000000000000000000, 1.000000000000000000 ) ) ;
#727 = FACE_OUTER_BOUND ( 'NONE', #1761, .T. ) ;
#728 = VERTEX_POINT ( 'NONE', #2405 ) ;
#729 = CARTESIAN_POINT ( 'NONE',  ( 0.000000000000000000, 3.000000000000000000, 0.000000000000000000 ) ) ;
#730 = CARTESIAN_POINT ( 'NONE',  ( 49.99999999999755573, 1.000000000000000000, -311.5000000000005684 ) ) ;
#731 = FACE_BOUND ( 'NONE', #3635, .T. ) ;
#732 = ORIENTED_EDGE ( 'NONE', *, *, #1379, .F. ) ;
#733 = DIRECTION ( 'NONE',  ( -0.000000000000000000, -0.000000000000000000, 1.000000000000000000 ) ) ;
#734 = CARTESIAN_POINT ( 'NONE',  ( 179.5304366507484133, -0.3566054071073648801, -479.9999999999986926 ) ) ;
#735 = EDGE_CURVE ( 'NONE', #1919, #232, #679, .T. ) ;
#736 = CARTESIAN_POINT ( 'NONE',  ( -2.942414759403407576, -12.50000000000003553, -322.5662858684563048 ) ) ;
#737 = DIRECTION ( 'NONE',  ( 0.000000000000000000, -0.000000000000000000, -1.000000000000000000 ) ) ;
#738 = CARTESIAN_POINT ( 'NONE',  ( -6.468477406054695678, -1.811523858146622201, -264.9999999999998295 ) ) ;
#739 = VERTEX_POINT ( 'NONE', #991 ) ;
#740 = CARTESIAN_POINT ( 'NONE',  ( 145.6762342485817783, 5.169712634065352752, 0.000000000000000000 ) ) ;
#741 = CARTESIAN_POINT ( 'NONE',  ( 1.686159746168428786, 11.78872327819362198, -257.2762430767535307 ) ) ;
#742 = DIRECTION ( 'NONE',  ( -0.000000000000000000, 1.000000000000000000, -0.000000000000000000 ) ) ;
#743 = CARTESIAN_POINT ( 'NONE',  ( -16.20651877243419747, 1.650694686643251918, -480.0004616778713853 ) ) ;
#744 = CARTESIAN_POINT ( 'NONE',  ( -12.68887571820295612, 5.204389827764123844, -265.0000000000150067 ) ) ;
#745 = CARTESIAN_POINT ( 'NONE',  ( -19.81257997722471487, 18.55210677809995445, -324.9999999999998295 ) ) ;
#746 = CARTESIAN_POINT ( 'NONE',  ( 25.12176866118714358, -3.841925445612448531, -480.0000000000000000 ) ) ;
#747 = CYLINDRICAL_SURFACE ( 'NONE', #465, 2.000000000000005329 ) ;
#748 = LINE ( 'NONE', #720, #6274 ) ;
#749 = CARTESIAN_POINT ( 'NONE',  ( 137.6758406867323004, -0.9183613048437324622, -346.8155963007811806 ) ) ;
#750 = CARTESIAN_POINT ( 'NONE',  ( 129.1838746267443412, 7.308192698241585461, 0.000000000000000000 ) ) ;
#751 = CARTESIAN_POINT ( 'NONE',  ( 51.00000000000011369, -4.146930723460004131, -306.4999999999487841 ) ) ;
#752 = ORIENTED_EDGE ( 'NONE', *, *, #1760, .F. ) ;
#753 = VERTEX_POINT ( 'NONE', #3451 ) ;
#754 = CARTESIAN_POINT ( 'NONE',  ( 44.99999999999988631, 3.000000000000000000, -318.9999999999999432 ) ) ;
#755 = CARTESIAN_POINT ( 'NONE',  ( 156.4869530405551359, 0.04812932562742509163, -479.0500000000006935 ) ) ;
#756 = EDGE_CURVE ( 'NONE', #1116, #795, #6275, .T. ) ;
#757 = VERTEX_POINT ( 'NONE', #6412 ) ;
#758 = PLANE ( 'NONE',  #1806 ) ;
#759 = CYLINDRICAL_SURFACE ( 'NONE', #3587, 2.000000000000001776 ) ;
#760 = CARTESIAN_POINT ( 'NONE',  ( 63.00000000000000000, 16.00000000000000355, -575.0000000000000000 ) ) ;
#761 = ORIENTED_EDGE ( 'NONE', *, *, #1597, .F. ) ;
#762 = LINE ( 'NONE', #303, #5852 ) ;
#763 = CARTESIAN_POINT ( 'NONE',  ( 179.0867278725671952, -0.2828379735490329505, -479.9999999999992042 ) ) ;
#764 = CARTESIAN_POINT ( 'NONE',  ( 45.00000000000000711, 7.999999999999998224, -4.000000000000000000 ) ) ;
#765 = CARTESIAN_POINT ( 'NONE',  ( 0.7124262126407309159, 9.998040739649820097, -479.9999999999998295 ) ) ;
#766 = CARTESIAN_POINT ( 'NONE',  ( -30.55136189457147111, 6.255157220588532851, -325.0000000000000000 ) ) ;
#767 = ORIENTED_EDGE ( 'NONE', *, *, #580, .T. ) ;
#768 = CARTESIAN_POINT ( 'NONE',  ( 177.0054179419646232, 0.1437332743148934111, -480.0000000000000000 ) ) ;
#769 = CARTESIAN_POINT ( 'NONE',  ( 179.6706259928477607, -0.3895978393414673557, -480.0001496761943827 ) ) ;
#770 = AXIS2_PLACEMENT_3D ( 'NONE', #1804, #4275, #3790 ) ;
#771 = DIRECTION ( 'NONE',  ( -0.000000000000000000, -0.000000000000000000, 1.000000000000000000 ) ) ;
#772 = CARTESIAN_POINT ( 'NONE',  ( 14.37498218466945588, -3.585431627286644662, -304.5692706099595739 ) ) ;
#773 = AXIS2_PLACEMENT_3D ( 'NONE', #3586, #2415, #5410 ) ;
#774 = CARTESIAN_POINT ( 'NONE',  ( -30.86445607547413772, 3.327556070076340689, -264.9999999999999432 ) ) ;
#775 = CARTESIAN_POINT ( 'NONE',  ( -1.993506309037124780, -12.41286318321414406, -323.5782338304119889 ) ) ;
#776 = CARTESIAN_POINT ( 'NONE',  ( 56.00000000000000000, 5.000000000000000888, 0.000000000000000000 ) ) ;
#777 = AXIS2_PLACEMENT_3D ( 'NONE', #3116, #3186, #2690 ) ;
#778 = VECTOR ( 'NONE', #1805, 1000.000000000000000 ) ;
#779 = DIRECTION ( 'NONE',  ( 0.000000000000000000, -1.000000000000000000, 0.000000000000000000 ) ) ;
#780 = FACE_OUTER_BOUND ( 'NONE', #1386, .T. ) ;
#781 = CARTESIAN_POINT ( 'NONE',  ( 152.8787990007510587, 4.215905067622756519, -480.0000000000000000 ) ) ;
#782 = EDGE_CURVE ( 'NONE', #1626, #2848, #2509, .T. ) ;
#783 = CARTESIAN_POINT ( 'NONE',  ( -30.71159933255984242, -1.460116244970034449, -324.9999999999999432 ) ) ;
#784 = VERTEX_POINT ( 'NONE', #6002 ) ;
#785 = AXIS2_PLACEMENT_3D ( 'NONE', #3497, #2909, #4434 ) ;
#786 = ORIENTED_EDGE ( 'NONE', *, *, #8, .F. ) ;
#787 = DIRECTION ( 'NONE',  ( -1.000000000000000000, 0.000000000000000000, 0.000000000000000000 ) ) ;
#788 = LINE ( 'NONE', #2762, #1085 ) ;
#789 = AXIS2_PLACEMENT_3D ( 'NONE', #3041, #4930, #937 ) ;
#790 = ORIENTED_EDGE ( 'NONE', *, *, #5981, .T. ) ;
#791 = DIRECTION ( 'NONE',  ( 0.000000000000000000, -0.000000000000000000, -1.000000000000000000 ) ) ;
#792 = ADVANCED_FACE ( 'NONE', ( #3032 ), #5717, .T. ) ;
#793 = CARTESIAN_POINT ( 'NONE',  ( 1.573305838688856761, -9.768201955345251264, -262.6563765994097821 ) ) ;
#794 = CARTESIAN_POINT ( 'NONE',  ( 63.00000000000000000, -16.00000000000000355, -549.9999999999998863 ) ) ;
#795 = VERTEX_POINT ( 'NONE', #4199 ) ;
#796 = CARTESIAN_POINT ( 'NONE',  ( -27.95356862653355279, -12.50000000000003553, -319.9999999999998863 ) ) ;
#797 = VECTOR ( 'NONE', #5938, 1000.000000000000000 ) ;
#798 = CARTESIAN_POINT ( 'NONE',  ( 179.6339941920554963, -0.3761757804379423087, -480.0000000000002842 ) ) ;
#799 = DIRECTION ( 'NONE',  ( -0.8837879163470618860, -0.4678877204190326489, 0.000000000000000000 ) ) ;
#800 = EDGE_CURVE ( 'NONE', #5920, #3639, #788, .T. ) ;
#801 = CARTESIAN_POINT ( 'NONE',  ( 12.48967174155817972, 11.85291973031867485, -480.0000000000000000 ) ) ;
#802 = LINE ( 'NONE', #4239, #450 ) ;
#803 = ORIENTED_EDGE ( 'NONE', *, *, #1052, .T. ) ;
#804 = CARTESIAN_POINT ( 'NONE',  ( 91.11523224709256397, 11.38121085389548170, -480.0000000000000000 ) ) ;
#805 = CARTESIAN_POINT ( 'NONE',  ( 56.00000000000000000, 1.000000000000000000, -304.0000000000006253 ) ) ;
#806 = B_SPLINE_CURVE_WITH_KNOTS ( 'NONE', 3,
 ( #5270, #2277, #2731, #4777 ),
 .UNSPECIFIED., .F., .F.,
 ( 4, 4 ),
 ( 0.000000000000000000, 0.01500000184653938959 ),
 .UNSPECIFIED. ) ;
#807 = CARTESIAN_POINT ( 'NONE',  ( -15.28567095670789477, 2.339915937145270242, 0.000000000000000000 ) ) ;
#808 = CARTESIAN_POINT ( 'NONE',  ( 14.35898522588251147, -3.621108673532354327, -249.9900080436771077 ) ) ;
#809 = CARTESIAN_POINT ( 'NONE',  ( -15.92039227156694459, 1.879625792912215099, -250.0262296619607980 ) ) ;
#810 = CARTESIAN_POINT ( 'NONE',  ( -1.065676715091185445, -12.15152107293119599, -324.5647455594020698 ) ) ;
#811 = CARTESIAN_POINT ( 'NONE',  ( 63.00000000000000000, 16.00000000000000355, -549.9999999999998863 ) ) ;
#812 = ADVANCED_FACE ( 'NONE', ( #1329, #1754, #2332, #1209, #3194, #727 ), #2697, .F. ) ;
#813 = LINE ( 'NONE', #6234, #5970 ) ;
#814 = LINE ( 'NONE', #5351, #4507 ) ;
#815 = CARTESIAN_POINT ( 'NONE',  ( -1.062015348958421423, 12.49999999999996625, -324.9999999999998295 ) ) ;
#816 = CARTESIAN_POINT ( 'NONE',  ( -31.09805584586763061, 1.218020346663943210, -324.9999999999998863 ) ) ;
#817 = ORIENTED_EDGE ( 'NONE', *, *, #4513, .F. ) ;
#818 = ORIENTED_EDGE ( 'NONE', *, *, #4171, .T. ) ;
#819 = CARTESIAN_POINT ( 'NONE',  ( -8.730385852727504670, 7.374122409069774342, -480.0000518358111776 ) ) ;
#820 = CARTESIAN_POINT ( 'NONE',  ( 153.6443969551175996, -0.2617514069352961936, -480.0000000000000000 ) ) ;
#821 = ORIENTED_EDGE ( 'NONE', *, *, #3649, .T. ) ;
#822 = CARTESIAN_POINT ( 'NONE',  ( 8.702286358656023069, 11.13690578433141987, -310.1964240772175572 ) ) ;
#823 = CARTESIAN_POINT ( 'NONE',  ( -24.94419904770672858, 12.49999999999996625, -269.4898097845700136 ) ) ;
#824 = DIRECTION ( 'NONE',  ( 0.000000000000000000, 0.000000000000000000, -1.000000000000000000 ) ) ;
#825 = ORIENTED_EDGE ( 'NONE', *, *, #1453, .T. ) ;
#826 = DIRECTION ( 'NONE',  ( -0.9712553830651377007, -0.2380398724310545389, 0.000000000000000000 ) ) ;
#827 = CARTESIAN_POINT ( 'NONE',  ( 179.1320749424885719, -0.2629895827715262868, -479.0499999999996135 ) ) ;
#828 = CARTESIAN_POINT ( 'NONE',  ( -7.221710285937867013, -1.652476606199398068, -325.0000000000150067 ) ) ;
#829 = CARTESIAN_POINT ( 'NONE',  ( 198.5652655127901198, -1.318388846169957107, -549.9999999999998863 ) ) ;
#830 = CARTESIAN_POINT ( 'NONE',  ( 39.67911437448024969, -4.033308628665886353, -480.0008996906105381 ) ) ;
#831 = ORIENTED_EDGE ( 'NONE', *, *, #2835, .T. ) ;
#832 = CARTESIAN_POINT ( 'NONE',  ( 179.6746486886088974, -0.3771731830607567559, -484.8000000000000114 ) ) ;
#833 = CARTESIAN_POINT ( 'NONE',  ( 179.6758378702645871, -0.3878923695565480445, -480.0000000000000000 ) ) ;
#834 = EDGE_CURVE ( 'NONE', #846, #6334, #4708, .T. ) ;
#835 = DIRECTION ( 'NONE',  ( 1.000000000000000000, 0.000000000000000000, 0.000000000000000000 ) ) ;
#836 = CARTESIAN_POINT ( 'NONE',  ( -12.18101227994256064, -0.4662487750964759425, -480.0003339218663996 ) ) ;
#837 = B_SPLINE_SURFACE_WITH_KNOTS ( 'NONE', 3, 1, ( 
 ( #6128, #5143, #6096 ),
 ( #3615, #5048, #6059 ),
 ( #2086, #205, #2672 ),
 ( #3099, #1602, #3163 ),
 ( #5109, #3583, #5572 ),
 ( #703, #6030, #4654 ),
 ( #631, #1539, #2639 ),
 ( #5079, #4625, #175 ),
 ( #1572, #4586, #2152 ),
 ( #4012, #6001, #3519 ),
 ( #4140, #5505, #3645 ),
 ( #5632, #3549, #5536 ),
 ( #1215, #2216, #6159 ),
 ( #1335, #1731, #2182 ),
 ( #6280, #1699, #3201 ),
 ( #3681, #4750, #5791 ),
 ( #855, #4207, #5272 ),
 ( #3772, #2767, #6194 ) ),
 .UNSPECIFIED., .F., .F., .F.,
 ( 4, 1, 1, 1, 1, 1, 1, 1, 1, 1, 1, 1, 1, 1, 1, 4 ),
 ( 2, 1, 2 ),
 ( 0.000000000000000000, 0.06250000000000000000, 0.1250000000000000000, 0.1875000000000000000, 0.2500000000000000000, 0.3125000000000000000, 0.3750000000000000000, 0.4375000000000000000, 0.5000000000000000000, 0.5625000000000000000, 0.6250000000000000000, 0.6875000000000000000, 0.7500000000000000000, 0.8125000000000000000, 0.8750000000000000000, 1.000000000000000000 ),
 ( -0.01000000000000000021, 0.000000000000000000, 1.000000000000000000 ),
 .UNSPECIFIED. ) ;
#838 = CARTESIAN_POINT ( 'NONE',  ( -15.78640530054260793, 1.419487116694745366, -250.0159806315073752 ) ) ;
#839 = CARTESIAN_POINT ( 'NONE',  ( -3.476717652322452778, 24.22555432547570575, -324.9999999999999432 ) ) ;
#840 = DIRECTION ( 'NONE',  ( 0.001796295947585971114, -0.000000000000000000, 0.9999983866591328763 ) ) ;
#841 = DIRECTION ( 'NONE',  ( 0.000000000000000000, 0.000000000000000000, -1.000000000000000000 ) ) ;
#842 = CARTESIAN_POINT ( 'NONE',  ( 61.00000000000000711, 8.000000000000000000, 0.000000000000000000 ) ) ;
#843 = CARTESIAN_POINT ( 'NONE',  ( 3.692972957992057825, -7.382237508705206785, -329.3192687441659245 ) ) ;
#844 = CARTESIAN_POINT ( 'NONE',  ( -15.07238546817953129, 0.6778731085254605659, -325.0000000000150067 ) ) ;
#845 = ORIENTED_EDGE ( 'NONE', *, *, #2039, .F. ) ;
#846 = VERTEX_POINT ( 'NONE', #5358 ) ;
#847 = CARTESIAN_POINT ( 'NONE',  ( -17.38477539390968474, 12.49999999999996803, -326.3104572037460684 ) ) ;
#848 = CARTESIAN_POINT ( 'NONE',  ( 169.4150996643132601, 0.08428901979227045038, -479.0500000000004093 ) ) ;
#849 = ORIENTED_EDGE ( 'NONE', *, *, #3305, .T. ) ;
#850 = CARTESIAN_POINT ( 'NONE',  ( -12.70801530642470567, 5.345255221161274051, -340.0248540847866821 ) ) ;
#851 = ADVANCED_FACE ( 'NONE', ( #5456 ), #913, .F. ) ;
#852 = CARTESIAN_POINT ( 'NONE',  ( -21.74319566201885934, 8.892622403787552088, -263.5912288621828452 ) ) ;
#853 = LINE ( 'NONE', #2822, #3775 ) ;
#854 = ORIENTED_EDGE ( 'NONE', *, *, #3798, .F. ) ;
#855 = CARTESIAN_POINT ( 'NONE',  ( 24.29299296480130366, -3.614177801497947318, -479.0499999999997840 ) ) ;
#856 = CARTESIAN_POINT ( 'NONE',  ( 178.6919968395304466, -0.1936761928096146779, -479.0500000000008072 ) ) ;
#857 = CARTESIAN_POINT ( 'NONE',  ( 7.691286368703603493, -3.218503932615691898, -325.0000000000301270 ) ) ;
#858 = CARTESIAN_POINT ( 'NONE',  ( 56.00000000000000000, 1.000000000000000000, -338.9999999999999432 ) ) ;
#859 = EDGE_CURVE ( 'NONE', #2507, #6025, #136, .T. ) ;
#860 = DIRECTION ( 'NONE',  ( 1.000000000000000000, 0.000000000000000000, 0.000000000000000000 ) ) ;
#861 = ORIENTED_EDGE ( 'NONE', *, *, #1840, .T. ) ;
#862 = CARTESIAN_POINT ( 'NONE',  ( 179.6746485038892160, -0.3771736738936535271, -480.0000000000000000 ) ) ;
#863 = CARTESIAN_POINT ( 'NONE',  ( 179.6519841988888970, -0.3899556229021483578, -479.9998294761825264 ) ) ;
#864 = CARTESIAN_POINT ( 'NONE',  ( -0.07414289741643037557, 12.49999999999997158, -324.9996885912869971 ) ) ;
#865 = CARTESIAN_POINT ( 'NONE',  ( -9.941971728584681145, -1.050470164035826715, -480.0000239104735442 ) ) ;
#866 = CARTESIAN_POINT ( 'NONE',  ( -15.91101992043097368, 1.762988261256189126, -250.0240434115470407 ) ) ;
#867 = EDGE_CURVE ( 'NONE', #329, #5564, #4286, .T. ) ;
#868 = CARTESIAN_POINT ( 'NONE',  ( 0.5349137787743490913, 12.24363503645058593, -258.6899769351268219 ) ) ;
#869 = AXIS2_PLACEMENT_3D ( 'NONE', #5444, #2481, #1995 ) ;
#870 = LINE ( 'NONE', #4889, #5441 ) ;
#871 = VECTOR ( 'NONE', #2435, 1000.000000000000000 ) ;
#872 = LINE ( 'NONE', #4765, #2532 ) ;
#873 = DIRECTION ( 'NONE',  ( 0.000000000000000000, 0.000000000000000000, 1.000000000000000000 ) ) ;
#874 = CARTESIAN_POINT ( 'NONE',  ( 9.724321671938556122, -4.046561353995810961, -335.2700189095274368 ) ) ;
#875 = CARTESIAN_POINT ( 'NONE',  ( -23.32501280229155327, -11.85868904867459328, -324.9999999999998863 ) ) ;
#876 = VERTEX_POINT ( 'NONE', #4378 ) ;
#877 = ORIENTED_EDGE ( 'NONE', *, *, #4032, .T. ) ;
#878 = CARTESIAN_POINT ( 'NONE',  ( -15.96045716151675009, 12.49999999999996447, -326.6579986622667775 ) ) ;
#879 = AXIS2_PLACEMENT_3D ( 'NONE', #1726, #4136, #3711 ) ;
#880 = DIRECTION ( 'NONE',  ( -0.000000000000000000, -0.000000000000000000, 1.000000000000000000 ) ) ;
#881 = VERTEX_POINT ( 'NONE', #3402 ) ;
#882 = CARTESIAN_POINT ( 'NONE',  ( 19.67911437448014667, -3.778781573287500972, -316.9999999999998863 ) ) ;
#883 = EDGE_CURVE ( 'NONE', #4550, #846, #942, .T. ) ;
#884 = AXIS2_PLACEMENT_3D ( 'NONE', #2875, #2844, #6294 ) ;
#885 = CARTESIAN_POINT ( 'NONE',  ( -25.85217800402920929, 12.49999999999996625, -265.0920918783965021 ) ) ;
#886 = CARTESIAN_POINT ( 'NONE',  ( 6.329392306872981599, 10.99784934807856018, -337.5799445902359253 ) ) ;
#887 = EDGE_LOOP ( 'NONE', ( #4649, #1755 ) ) ;
#888 = CARTESIAN_POINT ( 'NONE',  ( -18.05458481409336002, -12.50000000000003553, -321.0470939465450328 ) ) ;
#889 = CARTESIAN_POINT ( 'NONE',  ( 210.3947674201426992, -8.420444254575823351, -574.9999999999998863 ) ) ;
#890 = CARTESIAN_POINT ( 'NONE',  ( -6.317346258380141855, -1.801306559179570055, -324.9999999999922693 ) ) ;
#891 = CARTESIAN_POINT ( 'NONE',  ( 51.00000000000021316, 1.000000000000000000, -304.0000000000005684 ) ) ;
#892 = ADVANCED_FACE ( 'NONE', ( #2852 ), #2914, .F. ) ;
#893 = VECTOR ( 'NONE', #16, 1000.000000000000000 ) ;
#894 = CARTESIAN_POINT ( 'NONE',  ( 61.00000000000000000, 15.99999999999998579, -575.0000000000000000 ) ) ;
#895 = ORIENTED_EDGE ( 'NONE', *, *, #2891, .F. ) ;
#896 = CARTESIAN_POINT ( 'NONE',  ( 23.98975563041333103, 12.84799178240367290, -479.9943899921267985 ) ) ;
#897 = CARTESIAN_POINT ( 'NONE',  ( 179.6603541780183093, -0.3900174650991422021, -479.9978752484171878 ) ) ;
#898 = AXIS2_PLACEMENT_3D ( 'NONE', #1166, #1235, #652 ) ;
#899 = B_SPLINE_CURVE_WITH_KNOTS ( 'NONE', 3,
 ( #5594, #555, #2536, #98, #4972, #3542, #525, #2079, #2500, #4515, #4066, #2049, #4479, #4033, #1138, #30 ),
 .UNSPECIFIED., .F., .F.,
 ( 4, 2, 2, 2, 2, 2, 2, 4 ),
 ( 0.000000000000000000, 0.003833973947604697903, 0.007667947895209395806, 0.01533589579041879161, 0.01916986973802348518, 0.02300384368562817874, 0.02683781763323287231, 0.03067179158083756935 ),
 .UNSPECIFIED. ) ;
#900 = CARTESIAN_POINT ( 'NONE',  ( 4.064286235387489121, -3.204699715511951208, 0.000000000000000000 ) ) ;
#901 = PLANE ( 'NONE',  #3175 ) ;
#902 = CARTESIAN_POINT ( 'NONE',  ( -15.94388098947177923, 1.982350995759984746, -265.0000000000151203 ) ) ;
#903 = CARTESIAN_POINT ( 'NONE',  ( -2.752341843981679581, -12.49729058882034671, -322.7692491224893274 ) ) ;
#904 = CARTESIAN_POINT ( 'NONE',  ( 8.809222192879870406, 11.08570044351443507, -250.0164251947661285 ) ) ;
#905 = DIRECTION ( 'NONE',  ( 0.000000000000000000, 0.000000000000000000, -1.000000000000000000 ) ) ;
#906 = CARTESIAN_POINT ( 'NONE',  ( 69.95904386483294957, -3.938442213297864036, -322.0000000000000568 ) ) ;
#907 = DIRECTION ( 'NONE',  ( -0.8373426858827531793, 0.5466783573534413909, 0.000000000000000000 ) ) ;
#908 = DIRECTION ( 'NONE',  ( 0.000000000000000000, -0.000000000000000000, 1.000000000000000000 ) ) ;
#909 = CARTESIAN_POINT ( 'NONE',  ( -16.04725910113938525, 2.060414329631116370, -325.0000000000452474 ) ) ;
#910 = VERTEX_POINT ( 'NONE', #2389 ) ;
#911 = ORIENTED_EDGE ( 'NONE', *, *, #2656, .F. ) ;
#912 = CARTESIAN_POINT ( 'NONE',  ( -10.12058592619677100, 10.92785700447568153, -329.7763691067538048 ) ) ;
#913 = PLANE ( 'NONE',  #4081 ) ;
#914 = ADVANCED_FACE ( 'NONE', ( #4838 ), #1425, .F. ) ;
#915 = ORIENTED_EDGE ( 'NONE', *, *, #3929, .F. ) ;
#916 = CARTESIAN_POINT ( 'NONE',  ( -3.673954250662807564, 11.50174462415726317, -331.4807094527718618 ) ) ;
#917 = CARTESIAN_POINT ( 'NONE',  ( -22.90524669930585233, -12.50000000000003553, -269.6721681968975872 ) ) ;
#918 = CARTESIAN_POINT ( 'NONE',  ( -22.18774157769376387, 12.49999999999996625, -268.7905313170325030 ) ) ;
#919 = ORIENTED_EDGE ( 'NONE', *, *, #2631, .F. ) ;
#920 = CARTESIAN_POINT ( 'NONE',  ( 50.99999999999992895, -4.144113957973956097, -311.5000000000005684 ) ) ;
#921 = ORIENTED_EDGE ( 'NONE', *, *, #4171, .F. ) ;
#922 = CARTESIAN_POINT ( 'NONE',  ( -16.51174029868620607, -12.50000000000003553, -321.2580797936853969 ) ) ;
#923 = CARTESIAN_POINT ( 'NONE',  ( 178.5339170550719246, -0.2385788794833321735, -479.0500000000000114 ) ) ;
#924 = CARTESIAN_POINT ( 'NONE',  ( -11.69449515753346525, -0.6734876199369399519, -324.9999999999696456 ) ) ;
#925 = FACE_OUTER_BOUND ( 'NONE', #4227, .T. ) ;
#926 = CARTESIAN_POINT ( 'NONE',  ( 38.63042493641281538, -4.116600972083853449, -330.5751793278991499 ) ) ;
#927 = ORIENTED_EDGE ( 'NONE', *, *, #5075, .F. ) ;
#928 = DIRECTION ( 'NONE',  ( -0.000000000000000000, 1.000000000000000000, -0.000000000000000000 ) ) ;
#929 = DIRECTION ( 'NONE',  ( 0.000000000000000000, 0.000000000000000000, 1.000000000000000000 ) ) ;
#930 = CARTESIAN_POINT ( 'NONE',  ( 1.546117733659906568, -2.657796265892632182, -480.0000000000006821 ) ) ;
#931 = CARTESIAN_POINT ( 'NONE',  ( 55.99999999999999289, -3.000000000000000000, -575.0000000000000000 ) ) ;
#932 = CARTESIAN_POINT ( 'NONE',  ( -13.86877806417612469, 0.05795066031444803811, -249.9975125652725296 ) ) ;
#933 = CARTESIAN_POINT ( 'NONE',  ( 163.4984541729228340, -0.04958977235251510463, -480.0000000000000000 ) ) ;
#934 = FACE_OUTER_BOUND ( 'NONE', #5996, .T. ) ;
#935 = DIRECTION ( 'NONE',  ( -1.000000000000000000, -0.000000000000000000, -0.000000000000000000 ) ) ;
#936 = CARTESIAN_POINT ( 'NONE',  ( 8.686299569862443448, -4.431617421920257982, -319.0000000001814442 ) ) ;
#937 = DIRECTION ( 'NONE',  ( 1.000000000000000000, 0.000000000000000000, 0.000000000000000000 ) ) ;
#938 = DIRECTION ( 'NONE',  ( -0.000000000000000000, -0.000000000000000000, -1.000000000000000000 ) ) ;
#939 = CARTESIAN_POINT ( 'NONE',  ( -15.59133919788203393, 2.989047657897484722, -324.9999999999960778 ) ) ;
#940 = ORIENTED_EDGE ( 'NONE', *, *, #530, .T. ) ;
#941 = VERTEX_POINT ( 'NONE', #517 ) ;
#942 = LINE ( 'NONE', #5386, #1479 ) ;
#943 = ORIENTED_EDGE ( 'NONE', *, *, #2470, .T. ) ;
#944 = PLANE ( 'NONE',  #3165 ) ;
#945 = CARTESIAN_POINT ( 'NONE',  ( -7.252668236048277706, -9.805175441432522732, -263.2681145829055822 ) ) ;
#946 = CARTESIAN_POINT ( 'NONE',  ( -16.45089635291740748, -12.50000000000003553, -268.7266428894129717 ) ) ;
#947 = CARTESIAN_POINT ( 'NONE',  ( -18.12947334775406105, 12.49999999999996625, -267.3737214990630946 ) ) ;
#948 = ORIENTED_EDGE ( 'NONE', *, *, #6121, .F. ) ;
#949 = DIRECTION ( 'NONE',  ( 0.8837879163470616639, -0.4678877204190329819, 0.000000000000000000 ) ) ;
#950 = ADVANCED_FACE ( 'NONE', ( #4320 ), #385, .F. ) ;
#951 = ORIENTED_EDGE ( 'NONE', *, *, #1541, .T. ) ;
#952 = CARTESIAN_POINT ( 'NONE',  ( -9.054933844905054485, -12.49999999999949374, -325.2224234410451800 ) ) ;
#953 = CARTESIAN_POINT ( 'NONE',  ( 178.6381533576418406, -0.2479534129306704138, -479.0499999999999545 ) ) ;
#954 = CARTESIAN_POINT ( 'NONE',  ( -18.93959027601654554, -14.04545933155449511, -324.9999999999998863 ) ) ;
#955 = LINE ( 'NONE', #1311, #6071 ) ;
#956 = CARTESIAN_POINT ( 'NONE',  ( 29.69149110028723726, -4.019250051602758944, -319.6742865555401636 ) ) ;
#957 = EDGE_LOOP ( 'NONE', ( #600, #5524, #2359, #3409, #4287 ) ) ;
#958 = CARTESIAN_POINT ( 'NONE',  ( 76.20855263737551866, 12.42720674181744300, -480.0005838517660663 ) ) ;
#959 = DIRECTION ( 'NONE',  ( -0.8837879163470618860, -0.4678877204190326489, 0.000000000000000000 ) ) ;
#960 = CARTESIAN_POINT ( 'NONE',  ( -13.19163863923967028, 0.01246840038287003009, -479.0499999999988745 ) ) ;
#961 = CARTESIAN_POINT ( 'NONE',  ( -11.56021522385167799, -0.7404245302431410325, -249.9945400637298576 ) ) ;
#962 = CARTESIAN_POINT ( 'NONE',  ( 179.6770530848660883, -0.3988440121689499906, -480.0000000000000000 ) ) ;
#963 = CARTESIAN_POINT ( 'NONE',  ( 139.9999999999999716, -18.00000000000000355, -549.9999999999998863 ) ) ;
#964 = CARTESIAN_POINT ( 'NONE',  ( 19.67911437448014667, -3.778781573287500972, -316.9999999999998863 ) ) ;
#965 = DIRECTION ( 'NONE',  ( -0.000000000000000000, -0.000000000000000000, 1.000000000000000000 ) ) ;
#966 = CARTESIAN_POINT ( 'NONE',  ( 142.0000000000000000, -15.99999999999998579, -549.9999999999998863 ) ) ;
#967 = CARTESIAN_POINT ( 'NONE',  ( -3.684076106022359021, 8.641467243691007383, -264.9999999999998863 ) ) ;
#968 = ADVANCED_FACE ( 'NONE', ( #1972 ), #5886, .T. ) ;
#969 = CARTESIAN_POINT ( 'NONE',  ( -27.07841827052045147, 12.68584270269428593, -324.9999999999998295 ) ) ;
#970 = CARTESIAN_POINT ( 'NONE',  ( 168.0000000000000000, -14.17819011039158106, -575.0000000000000000 ) ) ;
#971 = CARTESIAN_POINT ( 'NONE',  ( 173.8787427007256667, 0.7707557813646458422, -433.9999999999999432 ) ) ;
#972 = CIRCLE ( 'NONE', #4488, 5.000000000000000000 ) ;
#973 = CARTESIAN_POINT ( 'NONE',  ( 155.0000000000000000, 0.000000000000000000, -575.0000000000000000 ) ) ;
#974 = CARTESIAN_POINT ( 'NONE',  ( -16.61187235733880740, -12.50000000000030376, -265.1839809455863701 ) ) ;
#975 = CARTESIAN_POINT ( 'NONE',  ( 52.61730293788018997, -4.052370963394602121, -484.8000000000000114 ) ) ;
#976 = CARTESIAN_POINT ( 'NONE',  ( -8.759140296276722637, 12.49999999999996625, -263.7425910582820165 ) ) ;
#977 = ORIENTED_EDGE ( 'NONE', *, *, #4759, .F. ) ;
#978 = CIRCLE ( 'NONE', #4092, 5.000000000000004441 ) ;
#979 = DIRECTION ( 'NONE',  ( 0.000000000000000000, 0.000000000000000000, 1.000000000000000000 ) ) ;
#980 = CIRCLE ( 'NONE', #5437, 8.000000000000001776 ) ;
#981 = EDGE_LOOP ( 'NONE', ( #3605, #1814 ) ) ;
#982 = CARTESIAN_POINT ( 'NONE',  ( -14.28249056540020590, -9.388385871096248891, -326.2083288533800101 ) ) ;
#983 = CARTESIAN_POINT ( 'NONE',  ( 210.3707591097497414, -8.436118630085111647, -574.9999999999998863 ) ) ;
#984 = CARTESIAN_POINT ( 'NONE',  ( -14.37271526385122122, 0.2900800867708577258, -339.9988297865164668 ) ) ;
#985 = AXIS2_PLACEMENT_3D ( 'NONE', #973, #1944, #4472 ) ;
#986 = VECTOR ( 'NONE', #255, 1000.000000000000000 ) ;
#987 = CARTESIAN_POINT ( 'NONE',  ( 129.1838746267443412, 7.308192698241585461, 0.000000000000000000 ) ) ;
#988 = CARTESIAN_POINT ( 'NONE',  ( 39.54958372199805439, -4.120295499125781191, -334.3806938674438243 ) ) ;
#989 = ORIENTED_EDGE ( 'NONE', *, *, #2154, .F. ) ;
#990 = CARTESIAN_POINT ( 'NONE',  ( 73.72399987557163570, 12.57242473537703198, -479.9976975806995370 ) ) ;
#991 = CARTESIAN_POINT ( 'NONE',  ( 44.99999999999988631, -4.148548780476169817, -318.9999999999999432 ) ) ;
#992 = EDGE_CURVE ( 'NONE', #1784, #4905, #3339, .T. ) ;
#993 = VECTOR ( 'NONE', #3279, 1000.000000000000000 ) ;
#994 = CARTESIAN_POINT ( 'NONE',  ( -44.44319963636399251, -3.294951174782361214, -575.0000000000002274 ) ) ;
#995 = CARTESIAN_POINT ( 'NONE',  ( -14.14519837858513540, 0.1786266199411297440, -265.0000000000075602 ) ) ;
#996 = CARTESIAN_POINT ( 'NONE',  ( 103.3986741165323764, -2.793519941547650376, -484.8000000000000114 ) ) ;
#997 = AXIS2_PLACEMENT_3D ( 'NONE', #1106, #4475, #621 ) ;
#998 = CARTESIAN_POINT ( 'NONE',  ( 138.9866205097802094, -0.8370258911067915975, -433.9999999999999432 ) ) ;
#999 = DIRECTION ( 'NONE',  ( -0.000000000000000000, 1.000000000000000000, -0.000000000000000000 ) ) ;
#1000 = CARTESIAN_POINT ( 'NONE',  ( 63.00000000000000000, -16.00000000000000355, -549.9999999999998863 ) ) ;
#1001 = CARTESIAN_POINT ( 'NONE',  ( -1.060801515571681675, 12.49999999999996625, -328.8493475654819918 ) ) ;
#1002 = CARTESIAN_POINT ( 'NONE',  ( 8.222046559760812556, 11.01080101459790939, -250.6360034721995476 ) ) ;
#1003 = CARTESIAN_POINT ( 'NONE',  ( -6.193606162423015427, 7.908619656175737589, -264.9999999999699298 ) ) ;
#1004 = CARTESIAN_POINT ( 'NONE',  ( -15.26562517341475989, 3.419439882102301986, -340.0287040669561520 ) ) ;
#1005 = VERTEX_POINT ( 'NONE', #6396 ) ;
#1006 = CARTESIAN_POINT ( 'NONE',  ( 45.00000000000001421, 3.000000000000000000, -338.9999999999999432 ) ) ;
#1007 =( BOUNDED_SURFACE ( )  B_SPLINE_SURFACE ( 3, 2, ( 
 ( #5289, #3825, #1421 ),
 ( #3398, #5942, #2067 ),
 ( #3989, #3922, #4407 ),
 ( #1937, #4053, #56 ),
 ( #3012, #2038, #1448 ),
 ( #4961, #2521, #1480 ),
 ( #5910, #3462, #5484 ),
 ( #4467, #4931, #4992 ),
 ( #3430, #967, #513 ),
 ( #5450, #3499, #5413 ),
 ( #1032, #3043, #17 ),
 ( #6421, #1003, #1551 ),
 ( #2980, #483, #2486 ),
 ( #6041, #2000, #2944 ),
 ( #5979, #577, #1519 ),
 ( #544, #3561, #2455 ),
 ( #1968, #2555, #3953 ),
 ( #5027, #4021, #4500 ),
 ( #4436, #6011, #1582 ),
 ( #445, #3531, #5515 ),
 ( #5552, #1062, #4536 ),
 ( #86, #1098, #6392 ),
 ( #4893, #2420, #2616 ),
 ( #5091, #5645, #5708 ),
 ( #4568, #612, #219 ),
 ( #4636, #2585, #4121 ),
 ( #4221, #744, #644 ),
 ( #186, #6171, #1227 ),
 ( #5060, #1193, #3597 ),
 ( #5583, #3696, #3627 ),
 ( #2098, #3110, #1713 ),
 ( #5158, #2194, #4695 ),
 ( #3178, #3210, #120 ),
 ( #6206, #5614, #4600 ),
 ( #1744, #155, #5677 ),
 ( #4666, #3658, #2133 ),
 ( #4185, #6109, #5188 ),
 ( #6076, #714, #3725 ),
 ( #2715, #1647, #1158 ),
 ( #251, #4087, #3143 ),
 ( #2685, #2232, #4153 ),
 ( #3079, #1617, #2164 ),
 ( #1128, #5123, #682 ),
 ( #2655, #6139, #1679 ),
 ( #5345, #2806, #5220 ),
 ( #1772, #2778, #4274 ),
 ( #6257, #3883, #6352 ),
 ( #3330, #4366, #1254 ),
 ( #5736, #4762, #2352 ),
 ( #4857, #286, #1897 ),
 ( #2318, #3240, #5312 ),
 ( #1376, #902, #774 ),
 ( #2379, #2750, #3819 ),
 ( #809, #4733, #3273 ),
 ( #2261, #2839, #1837 ),
 ( #1348, #4826, #1286 ),
 ( #866, #4246, #5802 ),
 ( #4789, #374, #313 ),
 ( #6230, #4337, #6322 ),
 ( #5832, #3359, #3789 ),
 ( #5256, #3752, #341 ),
 ( #838, #3848, #4309 ),
 ( #2288, #2870, #406 ),
 ( #1803, #5774, #1318 ),
 ( #3302, #5284, #6291 ),
 ( #1867, #475, #3034 ),
 ( #4528, #4401, #3946 ),
 ( #1962, #4430, #1543 ),
 ( #507, #5935, #47 ),
 ( #5017, #4015, #4923 ),
 ( #5440, #4459, #1992 ),
 ( #80, #6385, #1471 ),
 ( #3523, #2448, #1512 ),
 ( #1026, #5971, #4954 ),
 ( #10, #569, #2513 ),
 ( #4490, #6414, #3453 ),
 ( #3492, #995, #3979 ),
 ( #2479, #2973, #5477 ),
 ( #932, #3005, #6005 ),
 ( #4984, #2548, #537 ),
 ( #2031, #5508, #1054 ),
 ( #1442, #2060, #2903 ),
 ( #5873, #3422, #3915 ),
 ( #1413, #3393, #5406 ),
 ( #5376, #1930, #5904 ),
 ( #4887, #438, #2411 ),
 ( #961, #2934, #3103 ),
 ( #5084, #4044, #4177 ),
 ( #1575, #3072, #5181 ),
 ( #180, #1221, #707 ),
 ( #5150, #2157, #605 ),
 ( #4630, #4077, #4145 ),
 ( #6064, #6163, #3650 ),
 ( #6132, #738, #5606 ),
 ( #5636, #1609, #1671 ),
 ( #2578, #111, #4115 ),
 ( #636, #2647, #1089 ),
 ( #1182, #2187, #3619 ),
 ( #1151, #144, #4560 ),
 ( #210, #2607, #3589 ),
 ( #2708, #4690, #4590 ),
 ( #5052, #2125, #6102 ),
 ( #5671, #5114, #1640 ),
 ( #3136, #3205, #1705 ),
 ( #1121, #2090, #243 ),
 ( #670, #3552, #6033 ),
 ( #3169, #2677, #5540 ),
 ( #4659, #3688, #5576 ) ),
 .UNSPECIFIED., .F., .F., .T. ) 
 B_SPLINE_SURFACE_WITH_KNOTS ( ( 4, 2, 2, 2, 2, 2, 2, 2, 2, 2, 2, 2, 2, 2, 2, 2, 2, 2, 2, 2, 2, 2, 2, 2, 2, 2, 2, 2, 2, 2, 2, 2, 2, 2, 2, 2, 2, 2, 2, 2, 2, 2, 2, 2, 2, 2, 2, 2, 2, 2, 2, 2, 2, 4 ),
 ( 3, 3 ),
 ( 0.1888209716102912661, 0.1952249014877592836, 0.1984268664264932924, 0.2016288313652273012, 0.2048307963039613100, 0.2064317787733283005, 0.2080327612426953188, 0.2096337437120623370, 0.2112347261814293276, 0.2128357086507963181, 0.2144366911201633363, 0.2152371823548468455, 0.2160376735895303546, 0.2176386560588973451, 0.2192396385282643356, 0.2208406209976313539, 0.2224416034669983722, 0.2240425859363653627, 0.2256435684057323532, 0.2260438140230741078, 0.2264440596404158623, 0.2272445508750993715, 0.2288455333444663897, 0.2304465158138333802, 0.2336484807525673890, 0.2352494632219344073, 0.2368504456913013978, 0.2384514281606683883, 0.2400524106300354066, 0.2432543755687694154, 0.2448553580381364059, 0.2464563405075034241, 0.2496583054462374329, 0.2512592879156044234, 0.2520597791502879326, 0.2528602703849714417, 0.2544612528543384045, 0.2560622353237054227, 0.2568627265583889319, 0.2576632177930724410, 0.2580634634104141956, 0.2584637090277559501, 0.2592642002624394593, 0.2624661652011734958, 0.2656681301399074768, 0.2672691126092744396, 0.2680696038439579487, 0.2688700950786414579, 0.2720720600173754944, 0.2752740249561095309, 0.2784759898948435120, 0.2816779548335774930, 0.2848799197723115295, 0.2912838496497795471 ),
 ( 0.000000000000000000, 1.000000000000000000 ),
 .UNSPECIFIED. ) 
 GEOMETRIC_REPRESENTATION_ITEM ( )  RATIONAL_B_SPLINE_SURFACE ( (
 ( 1.000000000000000000, 0.7074911658383821189, 1.000000000000000000),
 ( 1.000000000000000000, 0.7075005032521651804, 1.000000000000000000),
 ( 1.000000000000000000, 0.7075101987544377691, 1.000000000000000000),
 ( 1.000000000000000000, 0.7075266831434788850, 1.000000000000000000),
 ( 1.000000000000000000, 0.7075324673581476764, 1.000000000000000000),
 ( 1.000000000000000000, 0.7075445552378477609, 1.000000000000000000),
 ( 1.000000000000000000, 0.7075508903870413313, 1.000000000000000000),
 ( 1.000000000000000000, 0.7075644822282773916, 1.000000000000000000),
 ( 1.000000000000000000, 0.7075716731003780513, 1.000000000000000000),
 ( 1.000000000000000000, 0.7075829363706539477, 1.000000000000000000),
 ( 1.000000000000000000, 0.7075868336814676862, 1.000000000000000000),
 ( 1.000000000000000000, 0.7075951062045577888, 1.000000000000000000),
 ( 1.000000000000000000, 0.7075994423330105310, 1.000000000000000000),
 ( 1.000000000000000000, 0.7076084491192373704, 1.000000000000000000),
 ( 1.000000000000000000, 0.7076131198332967775, 1.000000000000000000),
 ( 1.000000000000000000, 0.7076227332552892380, 1.000000000000000000),
 ( 1.000000000000000000, 0.7076276425382320712, 1.000000000000000000),
 ( 1.000000000000000000, 0.7076380042258553216, 1.000000000000000000),
 ( 1.000000000000000000, 0.7076434135748675969, 1.000000000000000000),
 ( 1.000000000000000000, 0.7076545313187635466, 1.000000000000000000),
 ( 1.000000000000000000, 0.7076602497183898111, 1.000000000000000000),
 ( 1.000000000000000000, 0.7076688987381758444, 1.000000000000000000),
 ( 1.000000000000000000, 0.7076717942173077480, 1.000000000000000000),
 ( 1.000000000000000000, 0.7076775934625171294, 1.000000000000000000),
 ( 1.000000000000000000, 0.7076805242193752177, 1.000000000000000000),
 ( 1.000000000000000000, 0.7076897438626923442, 1.000000000000000000),
 ( 1.000000000000000000, 0.7076962765853348492, 1.000000000000000000),
 ( 1.000000000000000000, 0.7077095807387686621, 1.000000000000000000),
 ( 1.000000000000000000, 0.7077163565514719146, 1.000000000000000000),
 ( 1.000000000000000000, 0.7077297806942270952, 1.000000000000000000),
 ( 1.000000000000000000, 0.7077363868632532418, 1.000000000000000000),
 ( 1.000000000000000000, 0.7077493759575700372, 1.000000000000000000),
 ( 1.000000000000000000, 0.7077557783171596339, 1.000000000000000000),
 ( 1.000000000000000000, 0.7077677271374031021, 1.000000000000000000),
 ( 1.000000000000000000, 0.7077732956048835566, 1.000000000000000000),
 ( 1.000000000000000000, 0.7077833418144189315, 1.000000000000000000),
 ( 1.000000000000000000, 0.7077878227791550847, 1.000000000000000000),
 ( 1.000000000000000000, 0.7077926574246079516, 1.000000000000000000),
 ( 1.000000000000000000, 0.7077935862479531881, 1.000000000000000000),
 ( 1.000000000000000000, 0.7077953662551048630, 1.000000000000000000),
 ( 1.000000000000000000, 0.7077962105104548263, 1.000000000000000000),
 ( 1.000000000000000000, 0.7077987278276408611, 1.000000000000000000),
 ( 1.000000000000000000, 0.7078003212250663090, 1.000000000000000000),
 ( 1.000000000000000000, 0.7078045019934499082, 1.000000000000000000),
 ( 1.000000000000000000, 0.7078065047522857922, 1.000000000000000000),
 ( 1.000000000000000000, 0.7078083237128168781, 1.000000000000000000),
 ( 1.000000000000000000, 0.7078081674532571421, 1.000000000000000000),
 ( 1.000000000000000000, 0.7078042932551227295, 1.000000000000000000),
 ( 1.000000000000000000, 0.7077971955358385303, 1.000000000000000000),
 ( 1.000000000000000000, 0.7077790829568139097, 1.000000000000000000),
 ( 1.000000000000000000, 0.7077718646047828077, 1.000000000000000000),
 ( 1.000000000000000000, 0.7077552342701827204, 1.000000000000000000),
 ( 1.000000000000000000, 0.7077458070656075240, 1.000000000000000000),
 ( 1.000000000000000000, 0.7077247502923920131, 1.000000000000000000),
 ( 1.000000000000000000, 0.7077130905063686583, 1.000000000000000000),
 ( 1.000000000000000000, 0.7076873498807882967, 1.000000000000000000),
 ( 1.000000000000000000, 0.7076732630761282117, 1.000000000000000000),
 ( 1.000000000000000000, 0.7076286458899856413, 1.000000000000000000),
 ( 1.000000000000000000, 0.7075955276571472830, 1.000000000000000000),
 ( 1.000000000000000000, 0.7075413059622289724, 1.000000000000000000),
 ( 1.000000000000000000, 0.7075224708091417680, 1.000000000000000000),
 ( 1.000000000000000000, 0.7074833482855343858, 1.000000000000000000),
 ( 1.000000000000000000, 0.7074632281548057788, 1.000000000000000000),
 ( 1.000000000000000000, 0.7074023420657469252, 1.000000000000000000),
 ( 1.000000000000000000, 0.7073605941761880178, 1.000000000000000000),
 ( 1.000000000000000000, 0.7072985692206830155, 1.000000000000000000),
 ( 1.000000000000000000, 0.7072778884095989316, 1.000000000000000000),
 ( 1.000000000000000000, 0.7072483936246590774, 1.000000000000000000),
 ( 1.000000000000000000, 0.7072388103116600266, 1.000000000000000000),
 ( 1.000000000000000000, 0.7072194835288247994, 1.000000000000000000),
 ( 1.000000000000000000, 0.7072098363764891538, 1.000000000000000000),
 ( 1.000000000000000000, 0.7071810056313717618, 1.000000000000000000),
 ( 1.000000000000000000, 0.7071619219532365719, 1.000000000000000000),
 ( 1.000000000000000000, 0.7071245329859379147, 1.000000000000000000),
 ( 1.000000000000000000, 0.7071061977196606563, 1.000000000000000000),
 ( 1.000000000000000000, 0.7070801252698695194, 1.000000000000000000),
 ( 1.000000000000000000, 0.7070716619638177658, 1.000000000000000000),
 ( 1.000000000000000000, 0.7070556860679373390, 1.000000000000000000),
 ( 1.000000000000000000, 0.7070481493874709589, 1.000000000000000000),
 ( 1.000000000000000000, 0.7070382668112792368, 1.000000000000000000),
 ( 1.000000000000000000, 0.7070352115205328358, 1.000000000000000000),
 ( 1.000000000000000000, 0.7070299624845902686, 1.000000000000000000),
 ( 1.000000000000000000, 0.7070277520835247520, 1.000000000000000000),
 ( 1.000000000000000000, 0.7070207722510245540, 1.000000000000000000),
 ( 1.000000000000000000, 0.7070162316059215302, 1.000000000000000000),
 ( 1.000000000000000000, 0.7069940701896827440, 1.000000000000000000),
 ( 1.000000000000000000, 0.7069780776905584263, 1.000000000000000000),
 ( 1.000000000000000000, 0.7069489715207918357, 1.000000000000000000),
 ( 1.000000000000000000, 0.7069362010712798572, 1.000000000000000000),
 ( 1.000000000000000000, 0.7069211775245218821, 1.000000000000000000),
 ( 1.000000000000000000, 0.7069168487539638779, 1.000000000000000000),
 ( 1.000000000000000000, 0.7069116059062672264, 1.000000000000000000),
 ( 1.000000000000000000, 0.7069101251253161466, 1.000000000000000000),
 ( 1.000000000000000000, 0.7069072202413019257, 1.000000000000000000),
 ( 1.000000000000000000, 0.7069058171604055696, 1.000000000000000000),
 ( 1.000000000000000000, 0.7068990513050986690, 1.000000000000000000),
 ( 1.000000000000000000, 0.7068944365560997367, 1.000000000000000000),
 ( 1.000000000000000000, 0.7068868808584857222, 1.000000000000000000),
 ( 1.000000000000000000, 0.7068839573756463546, 1.000000000000000000),
 ( 1.000000000000000000, 0.7068789616964724631, 1.000000000000000000),
 ( 1.000000000000000000, 0.7068769974287864022, 1.000000000000000000),
 ( 1.000000000000000000, 0.7068741580737935015, 1.000000000000000000),
 ( 1.000000000000000000, 0.7068732309385610257, 1.000000000000000000),
 ( 1.000000000000000000, 0.7068717012049261506, 1.000000000000000000),
 ( 1.000000000000000000, 0.7068711892972419086, 1.000000000000000000),
 ( 1.000000000000000000, 0.7068704028902390579, 1.000000000000000000),
 ( 1.000000000000000000, 0.7068707911914799968, 1.000000000000000000),
 ( 1.000000000000000000, 0.7068714148897188299, 1.000000000000000000) ) ) 
 REPRESENTATION_ITEM ( '' )  SURFACE ( )  );
#1008 = PLANE ( 'NONE',  #2641 ) ;
#1009 = CARTESIAN_POINT ( 'NONE',  ( -8.508945829479490186, -9.752637367276030034, -263.3449862169426865 ) ) ;
#1010 = CARTESIAN_POINT ( 'NONE',  ( -12.00321293146114954, 6.036989419548993041, -480.0000000000000000 ) ) ;
#1011 = CARTESIAN_POINT ( 'NONE',  ( -14.07429753495345359, 12.50000000000027534, -262.9424123771265158 ) ) ;
#1012 = ORIENTED_EDGE ( 'NONE', *, *, #2492, .F. ) ;
#1013 = PLANE ( 'NONE',  #1493 ) ;
#1014 = ORIENTED_EDGE ( 'NONE', *, *, #3049, .F. ) ;
#1015 = CARTESIAN_POINT ( 'NONE',  ( 1.619958074046473850, -12.50000000000003553, -325.6795791121607522 ) ) ;
#1016 = CARTESIAN_POINT ( 'NONE',  ( 179.5980585268255822, -0.3875242040649553577, -480.0000000000013642 ) ) ;
#1017 = CARTESIAN_POINT ( 'NONE',  ( -15.07408314708442632, 0.6752463732895763737, -340.0031248860319124 ) ) ;
#1018 = VERTEX_POINT ( 'NONE', #5914 ) ;
#1019 = CARTESIAN_POINT ( 'NONE',  ( 0.6547660353389550547, 9.390384069227961206, 0.000000000000000000 ) ) ;
#1020 = CARTESIAN_POINT ( 'NONE',  ( 49.99999999999999289, 1.000000000000000000, -338.9999999999999432 ) ) ;
#1021 = ORIENTED_EDGE ( 'NONE', *, *, #3557, .F. ) ;
#1022 = CARTESIAN_POINT ( 'NONE',  ( 138.1098601456693871, 6.271940885936107435, -480.0000000000000000 ) ) ;
#1023 = EDGE_CURVE ( 'NONE', #322, #2081, #464, .T. ) ;
#1024 = CARTESIAN_POINT ( 'NONE',  ( -10.87466869236632760, -9.648085591775700465, -263.4927371838563772 ) ) ;
#1025 = CARTESIAN_POINT ( 'NONE',  ( -15.22316432542458031, 0.9718375578655412683, -479.0499999999997272 ) ) ;
#1026 = CARTESIAN_POINT ( 'NONE',  ( -14.57896260688042034, 0.3910556311888117587, -250.0007531440331263 ) ) ;
#1027 = CARTESIAN_POINT ( 'NONE',  ( 178.2644603043168559, -0.2674441249738635507, 0.000000000000000000 ) ) ;
#1028 = CARTESIAN_POINT ( 'NONE',  ( -21.30369656018126534, 12.49999999999996625, -321.5611890525438525 ) ) ;
#1029 = CARTESIAN_POINT ( 'NONE',  ( 33.67911437448025680, -4.047158811518312582, -366.6333333225430806 ) ) ;
#1030 = CARTESIAN_POINT ( 'NONE',  ( 0.8515888992371447586, 12.11147953351187923, -264.9993969650242320 ) ) ;
#1031 = CARTESIAN_POINT ( 'NONE',  ( -49.99999999999999289, -7.000000000000047073, -294.9999999999998863 ) ) ;
#1032 = CARTESIAN_POINT ( 'NONE',  ( -5.371054993942457223, 8.138711352437089985, -250.0203738154901316 ) ) ;
#1033 = CARTESIAN_POINT ( 'NONE',  ( -29.14578890643938180, 9.645184201221663756, -324.9999999999999432 ) ) ;
#1034 = ORIENTED_EDGE ( 'NONE', *, *, #1860, .T. ) ;
#1035 = CARTESIAN_POINT ( 'NONE',  ( -13.37997183421678038, -12.50000000000003553, -321.6553048464601261 ) ) ;
#1036 = CARTESIAN_POINT ( 'NONE',  ( -30.25353587963604696, -2.841375112300518424, -265.0000000000000568 ) ) ;
#1037 = FACE_OUTER_BOUND ( 'NONE', #3220, .T. ) ;
#1038 = CARTESIAN_POINT ( 'NONE',  ( -0.1095455413093363584, 9.835372494998731341, -484.8000000000000114 ) ) ;
#1039 = CARTESIAN_POINT ( 'NONE',  ( -13.56272936294913478, 10.46863331595731772, -261.2622113892883817 ) ) ;
#1040 = ORIENTED_EDGE ( 'NONE', *, *, #859, .T. ) ;
#1041 = CARTESIAN_POINT ( 'NONE',  ( 1.225792388678969669, -10.27454008672102148, -262.9855677850318898 ) ) ;
#1042 = ORIENTED_EDGE ( 'NONE', *, *, #5696, .T. ) ;
#1043 = CARTESIAN_POINT ( 'NONE',  ( -24.89739201198939611, 12.49999999999996625, -269.5007071997094954 ) ) ;
#1044 = CARTESIAN_POINT ( 'NONE',  ( 177.9083925916165185, -0.1888050287490450341, -479.0500000000004093 ) ) ;
#1045 = ORIENTED_EDGE ( 'NONE', *, *, #2322, .T. ) ;
#1046 = CARTESIAN_POINT ( 'NONE',  ( 33.55517557978011212, -4.061995108345772820, -340.4307799112378916 ) ) ;
#1047 = CARTESIAN_POINT ( 'NONE',  ( 90.00000000000001421, 3.570561577078521953, 0.000000000000000000 ) ) ;
#1048 = DIRECTION ( 'NONE',  ( 0.000000000000000000, 0.000000000000000000, -1.000000000000000000 ) ) ;
#1049 = ORIENTED_EDGE ( 'NONE', *, *, #4302, .F. ) ;
#1050 = CARTESIAN_POINT ( 'NONE',  ( 28.56834284298128779, -3.901768426619640184, -479.9980013957754750 ) ) ;
#1051 = CARTESIAN_POINT ( 'NONE',  ( -21.80573943368334611, -8.478988579795416314, -264.5569909708756313 ) ) ;
#1052 = EDGE_CURVE ( 'NONE', #4976, #6127, #6276, .T. ) ;
#1053 = CARTESIAN_POINT ( 'NONE',  ( -6.861022652673532285, 7.898319892449512380, -479.0499999999998977 ) ) ;
#1054 = CARTESIAN_POINT ( 'NONE',  ( -19.05626163143694640, -14.02102341976750211, -264.9999999999998295 ) ) ;
#1055 = CARTESIAN_POINT ( 'NONE',  ( 113.6911628119071480, -2.361690009188643025, 0.000000000000000000 ) ) ;
#1056 = CARTESIAN_POINT ( 'NONE',  ( -13.82493812025626845, 12.49999999999996625, -327.2154485851866070 ) ) ;
#1057 = CARTESIAN_POINT ( 'NONE',  ( 149.5857615379967172, -0.3826207887165652410, -434.0000000000000000 ) ) ;
#1058 = APPLICATION_PROTOCOL_DEFINITION ( 'draft international standard', 'automotive_design', 1998, #4913 ) ;
#1059 = EDGE_CURVE ( 'NONE', #588, #5716, #3374, .T. ) ;
#1060 = LINE ( 'NONE', #442, #2646 ) ;
#1061 = CARTESIAN_POINT ( 'NONE',  ( 8.809222192879870406, 11.08570044351443507, -250.0164251947661285 ) ) ;
#1062 = CARTESIAN_POINT ( 'NONE',  ( -10.92857813504535791, 6.111252648040235158, -265.0000000000151203 ) ) ;
#1063 = CARTESIAN_POINT ( 'NONE',  ( -15.02611912757413570, 3.665403741752024214, -340.0282725499187677 ) ) ;
#1064 = CARTESIAN_POINT ( 'NONE',  ( 176.8152272515524146, -0.2263676850632148907, -480.0000000000000000 ) ) ;
#1065 = CARTESIAN_POINT ( 'NONE',  ( 108.1925810603707845, 9.653999042884274573, -479.0499999999993861 ) ) ;
#1066 = EDGE_CURVE ( 'NONE', #4420, #6150, #4879, .T. ) ;
#1067 = EDGE_CURVE ( 'NONE', #5197, #1408, #5985, .T. ) ;
#1068 = CARTESIAN_POINT ( 'NONE',  ( 68.50000000000022737, -7.000000000000000000, -304.0000000000006821 ) ) ;
#1069 = CARTESIAN_POINT ( 'NONE',  ( 39.67911437448025680, -7.000000000000000000, -575.0000000000000000 ) ) ;
#1070 = CARTESIAN_POINT ( 'NONE',  ( 33.78373921969434690, -3.992564410384912499, -480.0000000000000000 ) ) ;
#1071 = CARTESIAN_POINT ( 'NONE',  ( -7.429474133406550607, 12.49999999999996447, -261.1123391319669622 ) ) ;
#1072 = ORIENTED_EDGE ( 'NONE', *, *, #5397, .T. ) ;
#1073 = CARTESIAN_POINT ( 'NONE',  ( 56.00000000000000000, 5.000000000000000888, -304.0000000000006253 ) ) ;
#1074 = ORIENTED_EDGE ( 'NONE', *, *, #4830, .T. ) ;
#1075 = CARTESIAN_POINT ( 'NONE',  ( 63.00000000000001421, -18.00000000000000355, -549.9999999999998863 ) ) ;
#1076 = CIRCLE ( 'NONE', #4390, 5.000000000000000888 ) ;
#1077 = CARTESIAN_POINT ( 'NONE',  ( 177.5921870050091513, -0.2472201982741937532, -480.0000000000001705 ) ) ;
#1078 = ORIENTED_EDGE ( 'NONE', *, *, #3840, .F. ) ;
#1079 = CARTESIAN_POINT ( 'NONE',  ( 6.197881822694068177, 10.44407754263429489, 0.000000000000000000 ) ) ;
#1080 = DIRECTION ( 'NONE',  ( -0.000000000000000000, 0.000000000000000000, 1.000000000000000000 ) ) ;
#1081 = LINE ( 'NONE', #2572, #4802 ) ;
#1082 = ORIENTED_EDGE ( 'NONE', *, *, #3199, .F. ) ;
#1083 = CARTESIAN_POINT ( 'NONE',  ( -0.8944271909999412795, 16.05278640450006122, -549.9999999999998863 ) ) ;
#1084 = CARTESIAN_POINT ( 'NONE',  ( 213.8246593336116064, -4.716708674976184845, -574.9999999999997726 ) ) ;
#1085 = VECTOR ( 'NONE', #3802, 1000.000000000000000 ) ;
#1086 = EDGE_CURVE ( 'NONE', #3582, #3417, #5755, .T. ) ;
#1087 = CARTESIAN_POINT ( 'NONE',  ( -43.22429413011391119, 5.734280570951924894, -575.0000000000001137 ) ) ;
#1088 = AXIS2_PLACEMENT_3D ( 'NONE', #2354, #2292, #6261 ) ;
#1089 = CARTESIAN_POINT ( 'NONE',  ( -6.191536527592587547, -17.02857812281735406, -264.9999999999998863 ) ) ;
#1090 = ORIENTED_EDGE ( 'NONE', *, *, #5711, .F. ) ;
#1091 = CARTESIAN_POINT ( 'NONE',  ( -16.33458175775366428, 2.471056483973867124, -480.0000000000000000 ) ) ;
#1092 = CARTESIAN_POINT ( 'NONE',  ( 167.7510617460579283, -0.05072928669300323656, -479.9999796938768668 ) ) ;
#1093 = DIRECTION ( 'NONE',  ( -0.000000000000000000, -0.000000000000000000, -1.000000000000000000 ) ) ;
#1094 = AXIS2_PLACEMENT_3D ( 'NONE', #3847, #1866, #1284 ) ;
#1095 = DIRECTION ( 'NONE',  ( -1.000000000000000000, -0.000000000000000000, -0.000000000000000000 ) ) ;
#1096 = CARTESIAN_POINT ( 'NONE',  ( 45.00000000000001421, -7.000000000000000000, -338.9999999999999432 ) ) ;
#1097 = DIRECTION ( 'NONE',  ( -0.000000000000000000, 1.000000000000000000, -0.000000000000000000 ) ) ;
#1098 = CARTESIAN_POINT ( 'NONE',  ( -11.40018075465613023, 5.883957391832883133, -264.9999999999924398 ) ) ;
#1099 = CARTESIAN_POINT ( 'NONE',  ( -22.59223237614482827, 16.81737447907347160, -324.9999999999998295 ) ) ;
#1100 = AXIS2_PLACEMENT_3D ( 'NONE', #3669, #3604, #5590 ) ;
#1101 = CARTESIAN_POINT ( 'NONE',  ( 169.0468689498301558, -0.04739636989563361658, -484.8000000000000114 ) ) ;
#1102 = DIRECTION ( 'NONE',  ( -9.758616282549149858E-16, -1.000000000000000000, -0.000000000000000000 ) ) ;
#1103 = CARTESIAN_POINT ( 'NONE',  ( -14.80894200898376667, 10.29063003689673472, -261.6084892888461582 ) ) ;
#1104 = CARTESIAN_POINT ( 'NONE',  ( 170.0972151795176615, 1.496436134171927668, -480.0000000000000000 ) ) ;
#1105 = CARTESIAN_POINT ( 'NONE',  ( -15.47870742178570858, 0.7698083400951203359, -480.0000000000000000 ) ) ;
#1106 = CARTESIAN_POINT ( 'NONE',  ( 50.00000000000000000, 5.000000000000000000, -575.1253581756884614 ) ) ;
#1107 = ORIENTED_EDGE ( 'NONE', *, *, #250, .F. ) ;
#1108 = ORIENTED_EDGE ( 'NONE', *, *, #4088, .F. ) ;
#1109 = CARTESIAN_POINT ( 'NONE',  ( -27.95356862653355279, -12.50000000000003553, -319.9999999999998863 ) ) ;
#1110 = EDGE_CURVE ( 'NONE', #2523, #5688, #5488, .T. ) ;
#1111 = CARTESIAN_POINT ( 'NONE',  ( 178.2174219919863276, -0.2785442761168007708, -480.0000000000004547 ) ) ;
#1112 = ORIENTED_EDGE ( 'NONE', *, *, #3004, .F. ) ;
#1113 = CARTESIAN_POINT ( 'NONE',  ( 173.8991586315732718, 0.7546497483138756568, 0.000000000000000000 ) ) ;
#1114 = PLANE ( 'NONE',  #2334 ) ;
#1115 = PLANE ( 'NONE',  #5223 ) ;
#1116 = VERTEX_POINT ( 'NONE', #617 ) ;
#1117 = CARTESIAN_POINT ( 'NONE',  ( -14.15302963746785103, 4.204908361336234357, -250.0270003377766272 ) ) ;
#1118 = CARTESIAN_POINT ( 'NONE',  ( 214.4129198907675402, 3.449069069331292425, -574.9999999999996589 ) ) ;
#1119 = DIRECTION ( 'NONE',  ( -0.000000000000000000, 1.000000000000000000, -0.000000000000000000 ) ) ;
#1120 = CARTESIAN_POINT ( 'NONE',  ( -15.71304972179833293, 1.394384809169231687, -479.0499999999994998 ) ) ;
#1121 = CARTESIAN_POINT ( 'NONE',  ( 7.699112192353653406, -3.269040517906482535, -249.9900063477664958 ) ) ;
#1122 = ORIENTED_EDGE ( 'NONE', *, *, #4982, .T. ) ;
#1123 = CARTESIAN_POINT ( 'NONE',  ( -15.47870742178570858, 0.7698083400951203359, -480.0000000000000000 ) ) ;
#1124 = CARTESIAN_POINT ( 'NONE',  ( 178.3292658707243845, -0.2845954488286055462, -479.9999862821946408 ) ) ;
#1125 = LINE ( 'NONE', #2095, #797 ) ;
#1126 = CARTESIAN_POINT ( 'NONE',  ( 163.5418149204288625, -0.07279385363318899294, -180.0000000000000000 ) ) ;
#1127 = CARTESIAN_POINT ( 'NONE',  ( -2.775557561562891351E-14, -14.17819011039157928, -549.9999999999998863 ) ) ;
#1128 = CARTESIAN_POINT ( 'NONE',  ( -15.55745336975929760, 2.791001193016895865, -250.0294388417343896 ) ) ;
#1129 = CARTESIAN_POINT ( 'NONE',  ( -3.799765601059213793, 8.712607873406625458, -340.0197129650906049 ) ) ;
#1130 = CARTESIAN_POINT ( 'NONE',  ( 132.5178590543056885, -1.139565915285356335, -480.0000000000000000 ) ) ;
#1131 = CARTESIAN_POINT ( 'NONE',  ( 59.99999999999998579, 25.00000000000000000, -575.0000000000000000 ) ) ;
#1132 = CARTESIAN_POINT ( 'NONE',  ( 46.00000000000000711, 7.999999999999998224, -4.000000000000000000 ) ) ;
#1133 = CARTESIAN_POINT ( 'NONE',  ( -60.00000000000000000, 7.499999999999966249, -319.9999999999998863 ) ) ;
#1134 = CARTESIAN_POINT ( 'NONE',  ( 159.5524836738927661, 3.161072353973591653, 0.000000000000000000 ) ) ;
#1135 = DIRECTION ( 'NONE',  ( 0.000000000000000000, 0.000000000000000000, -1.000000000000000000 ) ) ;
#1136 = VERTEX_POINT ( 'NONE', #2588 ) ;
#1137 = ORIENTED_EDGE ( 'NONE', *, *, #859, .F. ) ;
#1138 = CARTESIAN_POINT ( 'NONE',  ( -28.80865935806078681, 12.49999999999997158, -320.0000000000000000 ) ) ;
#1139 = CARTESIAN_POINT ( 'NONE',  ( 205.8311447293446577, -11.39990988823845086, -575.0000000000000000 ) ) ;
#1140 = ORIENTED_EDGE ( 'NONE', *, *, #1644, .T. ) ;
#1141 = FACE_OUTER_BOUND ( 'NONE', #1467, .T. ) ;
#1142 = EDGE_CURVE ( 'NONE', #382, #1601, #2496, .T. ) ;
#1143 = DIRECTION ( 'NONE',  ( 1.000000000000000000, -0.000000000000000000, -0.000000000000000000 ) ) ;
#1144 = DIRECTION ( 'NONE',  ( -0.000000000000000000, 0.000000000000000000, -1.000000000000000000 ) ) ;
#1145 = ORIENTED_EDGE ( 'NONE', *, *, #497, .T. ) ;
#1146 = CARTESIAN_POINT ( 'NONE',  ( 0.2531491874815964827, 9.591064722403215725, -250.0184456300411568 ) ) ;
#1147 = CARTESIAN_POINT ( 'NONE',  ( 176.0195690478387007, 0.3258298261504957161, -479.0500000000007503 ) ) ;
#1148 = PLANE ( 'NONE',  #1598 ) ;
#1149 = CARTESIAN_POINT ( 'NONE',  ( -14.75892873214009704, 4.259306816682737917, -480.0000000000009663 ) ) ;
#1150 = ADVANCED_FACE ( 'NONE', ( #4470 ), #5252, .T. ) ;
#1151 = CARTESIAN_POINT ( 'NONE',  ( -1.317546714540393848, -2.513123278466157462, -249.9905478756640775 ) ) ;
#1152 = EDGE_LOOP ( 'NONE', ( #1355, #1236, #1538, #4485, #6272 ) ) ;
#1153 = CARTESIAN_POINT ( 'NONE',  ( 4.064286235387489121, -3.204699715511951208, 0.000000000000000000 ) ) ;
#1154 = CARTESIAN_POINT ( 'NONE',  ( 179.5462009735850302, -0.3840313686688148764, -480.0004535793170817 ) ) ;
#1155 = DIRECTION ( 'NONE',  ( 0.000000000000000000, 0.000000000000000000, 1.000000000000000000 ) ) ;
#1156 = DIRECTION ( 'NONE',  ( 0.000000000000000000, 0.000000000000000000, -1.000000000000000000 ) ) ;
#1157 = FACE_BOUND ( 'NONE', #2255, .T. ) ;
#1158 = CARTESIAN_POINT ( 'NONE',  ( -27.01909524152676667, 12.48245227660452272, -264.9999999999998295 ) ) ;
#1159 = CARTESIAN_POINT ( 'NONE',  ( -6.330894304338427148, 7.974142593971436099, -340.0207149973438163 ) ) ;
#1160 = CARTESIAN_POINT ( 'NONE',  ( 169.0926427936762195, -0.07254888767263989457, 0.000000000000000000 ) ) ;
#1161 = CARTESIAN_POINT ( 'NONE',  ( -27.95356862653355279, -12.50000000000003553, -319.9999999999998863 ) ) ;
#1162 = ADVANCED_FACE ( 'NONE', ( #2659 ), #5191, .F. ) ;
#1163 = CARTESIAN_POINT ( 'NONE',  ( -27.17738380613863214, 7.824959547348015576, -264.8434483146506864 ) ) ;
#1164 = CARTESIAN_POINT ( 'NONE',  ( 1.225806272036891187, -10.27460285988013844, -262.6015639701182636 ) ) ;
#1165 = CARTESIAN_POINT ( 'NONE',  ( 137.7099006076980459, 6.236224490646814722, 0.000000000000000000 ) ) ;
#1166 = CARTESIAN_POINT ( 'NONE',  ( -49.99999999999999289, -1.110223024625156540E-13, -301.9999999999997726 ) ) ;
#1167 = VERTEX_POINT ( 'NONE', #1716 ) ;
#1168 = ORIENTED_EDGE ( 'NONE', *, *, #315, .F. ) ;
#1169 = CARTESIAN_POINT ( 'NONE',  ( 60.00000000000001421, 8.000000000000000000, -4.000000000000000000 ) ) ;
#1170 = CARTESIAN_POINT ( 'NONE',  ( 175.0965224162385709, -0.1624302871338011989, -479.9999999999997158 ) ) ;
#1171 = ORIENTED_EDGE ( 'NONE', *, *, #1522, .T. ) ;
#1172 = CARTESIAN_POINT ( 'NONE',  ( 39.50000000000001421, -7.000000000000000000, -321.9999999999999432 ) ) ;
#1173 = CARTESIAN_POINT ( 'NONE',  ( -15.74750923967981109, 1.227262111638094622, -340.0101154714933500 ) ) ;
#1174 = AXIS2_PLACEMENT_3D ( 'NONE', #4222, #1868, #4338 ) ;
#1175 = CARTESIAN_POINT ( 'NONE',  ( 39.67911437448029233, -4.108159703933693230, -355.7394344318561252 ) ) ;
#1176 = EDGE_LOOP ( 'NONE', ( #1482, #5463, #2048, #293, #5176, #95, #1244 ) ) ;
#1177 = DIRECTION ( 'NONE',  ( -0.000000000000000000, -0.000000000000000000, -1.000000000000000000 ) ) ;
#1178 = CARTESIAN_POINT ( 'NONE',  ( 171.1002337699761711, 1.296682115845746441, -479.9999999999999432 ) ) ;
#1179 = EDGE_CURVE ( 'NONE', #4511, #5564, #718, .T. ) ;
#1180 = CARTESIAN_POINT ( 'NONE',  ( -2.936608977025057854, -12.50000000000003553, -282.5662862897951868 ) ) ;
#1181 = CARTESIAN_POINT ( 'NONE',  ( -11.46362637603722945, 6.240765581158203013, -479.9999999999999432 ) ) ;
#1182 = CARTESIAN_POINT ( 'NONE',  ( -2.284994744508272557, -2.403099912730573884, -249.9906718694675760 ) ) ;
#1183 = CARTESIAN_POINT ( 'NONE',  ( -7.073031524354562727, -1.627373482860542619, -484.8000000000000114 ) ) ;
#1184 = VECTOR ( 'NONE', #109, 1000.000000000000000 ) ;
#1185 = AXIS2_PLACEMENT_3D ( 'NONE', #239, #3741, #5726 ) ;
#1186 = CARTESIAN_POINT ( 'NONE',  ( -2.733084437978484438, 12.49999999999996625, -328.6083874205933739 ) ) ;
#1187 = EDGE_CURVE ( 'NONE', #3514, #6266, #4639, .T. ) ;
#1188 = CARTESIAN_POINT ( 'NONE',  ( -1.372058895624079566, -2.450092612054269647, -339.9905469435221903 ) ) ;
#1189 = AXIS2_PLACEMENT_3D ( 'NONE', #6426, #1587, #4997 ) ;
#1190 = CARTESIAN_POINT ( 'NONE',  ( 33.67911437448025680, -12.00000000000000000, -343.0000000000000000 ) ) ;
#1191 = B_SPLINE_CURVE_WITH_KNOTS ( 'NONE', 3,
 ( #1905, #4892, #576, #1420, #2485, #6357, #3011, #3891, #5483, #4466, #443, #2419, #4406, #6391, #4020, #4960 ),
 .UNSPECIFIED., .F., .F.,
 ( 4, 3, 3, 3, 3, 4 ),
 ( 0.000000000000000000, 0.07083444465748295338, 0.1062516669862240970, 0.1801258362425366133, 0.2170629208706947866, 0.2540000054988535427 ),
 .UNSPECIFIED. ) ;
#1192 = DIRECTION ( 'NONE',  ( 1.734723475976807094E-15, 1.000000000000000000, 1.604941620322695049E-29 ) ) ;
#1193 = CARTESIAN_POINT ( 'NONE',  ( -13.38547270538982836, 4.778905552114916411, -264.9999999999546958 ) ) ;
#1194 = CARTESIAN_POINT ( 'NONE',  ( -18.12568579558005055, 19.42554635460952639, -324.9999999999998863 ) ) ;
#1195 = PLANE ( 'NONE',  #457 ) ;
#1196 = CARTESIAN_POINT ( 'NONE',  ( 156.9972724281489036, -0.1602283021622295800, -484.8000000000000114 ) ) ;
#1197 = AXIS2_PLACEMENT_3D ( 'NONE', #5513, #5025, #2553 ) ;
#1198 = DIRECTION ( 'NONE',  ( 0.000000000000000000, 0.000000000000000000, 1.000000000000000000 ) ) ;
#1199 = DIRECTION ( 'NONE',  ( 0.000000000000000000, 1.000000000000000000, 0.000000000000000000 ) ) ;
#1200 = CYLINDRICAL_SURFACE ( 'NONE', #1297, 8.000000000000001776 ) ;
#1201 = CIRCLE ( 'NONE', #2028, 2.000000000000002220 ) ;
#1202 = CARTESIAN_POINT ( 'NONE',  ( 120.1949499103822774, 8.361107237483233590, 0.000000000000000000 ) ) ;
#1203 = DIRECTION ( 'NONE',  ( 1.000000000000000000, -0.000000000000000000, -6.344131569286602830E-15 ) ) ;
#1204 = VERTEX_POINT ( 'NONE', #4276 ) ;
#1205 = B_SPLINE_CURVE_WITH_KNOTS ( 'NONE', 3,
 ( #317, #906, #1871, #347, #2754 ),
 .UNSPECIFIED., .F., .F.,
 ( 4, 1, 4 ),
 ( 1.387778780781445676E-17, 0.004377691148479927533, 0.005500882597844327336 ),
 .UNSPECIFIED. ) ;
#1206 = ORIENTED_EDGE ( 'NONE', *, *, #2823, .F. ) ;
#1207 = LINE ( 'NONE', #4647, #5233 ) ;
#1208 = EDGE_CURVE ( 'NONE', #6334, #2563, #4735, .T. ) ;
#1209 = FACE_BOUND ( 'NONE', #2703, .T. ) ;
#1210 = EDGE_LOOP ( 'NONE', ( #1492, #2205 ) ) ;
#1211 = DIRECTION ( 'NONE',  ( 1.000000000000000000, 0.000000000000000000, 0.000000000000000000 ) ) ;
#1212 = CARTESIAN_POINT ( 'NONE',  ( -16.07143281465006268, 2.183866633233147780, -340.0291333838798096 ) ) ;
#1213 = LINE ( 'NONE', #663, #2413 ) ;
#1214 = ORIENTED_EDGE ( 'NONE', *, *, #1372, .T. ) ;
#1215 = CARTESIAN_POINT ( 'NONE',  ( 60.78324807951526054, -3.782100806613998945, -479.0500000000005230 ) ) ;
#1216 = CARTESIAN_POINT ( 'NONE',  ( 212.4957386856433743, 6.660890817409416798, -575.0000000000004547 ) ) ;
#1217 = CARTESIAN_POINT ( 'NONE',  ( -14.03021285561537645, 0.1212233952477173859, -249.9978487929625999 ) ) ;
#1218 =( BOUNDED_SURFACE ( )  B_SPLINE_SURFACE ( 3, 2, ( 
 ( #5303, #1675, #1858 ),
 ( #4633, #6282, #4848 ),
 ( #3322, #3174, #214 ),
 ( #5793, #857, #397 ),
 ( #3839, #4181, #1828 ),
 ( #2651, #5274, #710 ),
 ( #2371, #2161, #5155 ),
 ( #2342, #4329, #3140 ),
 ( #1338, #5641, #2191 ),
 ( #1188, #6312, #4295 ),
 ( #332, #3811, #1367 ),
 ( #2827, #2682, #6167 ),
 ( #4663, #3347, #5333 ),
 ( #2308, #890, #3623 ),
 ( #4149, #1791, #3774 ),
 ( #5762, #4357, #1643 ),
 ( #5610, #828, #6135 ),
 ( #1310, #3294, #2797 ),
 ( #4781, #5896, #4974 ),
 ( #1435, #1464, #2469 ),
 ( #2439, #1952, #4481 ),
 ( #6372, #924, #2894 ),
 ( #4423, #527, #5857 ),
 ( #4451, #5468, #6407 ),
 ( #3414, #4878, #1922 ),
 ( #2503, #5399, #2017 ),
 ( #3871, #3938, #954 ),
 ( #5926, #1499, #2925 ),
 ( #4909, #6342, #5368 ),
 ( #1403, #3444, #34 ),
 ( #1888, #3384, #429 ),
 ( #3908, #5428, #2399 ),
 ( #984, #2962, #4388 ),
 ( #462, #3969, #4945 ),
 ( #2996, #498, #1 ),
 ( #1983, #5958, #3480 ),
 ( #1017, #844, #875 ),
 ( #4281, #2268, #3335 ),
 ( #4375, #3855, #1385 ),
 ( #3826, #5744, #292 ),
 ( #4768, #6359, #2386 ),
 ( #6264, #2357, #4344 ),
 ( #4253, #6237, #5781 ),
 ( #320, #2878, #1811 ),
 ( #1779, #3797, #2784 ),
 ( #2295, #1354, #5839 ),
 ( #5810, #4796, #2757 ),
 ( #4864, #6328, #1261 ),
 ( #1325, #3309, #415 ),
 ( #5290, #6297, #4834 ),
 ( #2813, #350, #1906 ),
 ( #5262, #3759, #1295 ),
 ( #2327, #5715, #783 ),
 ( #2847, #3369, #4316 ),
 ( #1845, #3282, #816 ),
 ( #5318, #381, #1875 ),
 ( #5354, #909, #3247 ),
 ( #5227, #4740, #3990 ),
 ( #4438, #87, #2912 ),
 ( #1422, #4962, #3044 ),
 ( #3893, #4022, #1552 ),
 ( #3399, #1449, #5028 ),
 ( #3431, #5414, #2556 ),
 ( #545, #4894, #5485 ),
 ( #3923, #5982, #1033 ),
 ( #6012, #3500, #446 ),
 ( #578, #5451, #3014 ),
 ( #2456, #2421, #1520 ),
 ( #4538, #2040, #3532 ),
 ( #2487, #939, #6422 ),
 ( #5517, #3464, #57 ),
 ( #1969, #2522, #4501 ),
 ( #3954, #4993, #969 ),
 ( #2945, #4408, #6393 ),
 ( #1004, #5884, #5383 ),
 ( #1063, #1939, #2981 ),
 ( #4932, #5911, #484 ),
 ( #5943, #1481, #515 ),
 ( #4468, #18, #2001 ),
 ( #3628, #220, #3113 ),
 ( #1229, #5678, #1099 ),
 ( #6042, #3144, #3211 ),
 ( #3697, #2195, #187 ),
 ( #1584, #6077, #5189 ),
 ( #1618, #3598, #745 ),
 ( #5160, #3080, #3659 ),
 ( #2099, #2165, #5646 ),
 ( #4186, #1680, #5061 ),
 ( #2716, #5616, #1194 ),
 ( #645, #615, #6140 ),
 ( #4696, #6172, #1714 ),
 ( #683, #5553, #2617 ),
 ( #2068, #1648, #4667 ),
 ( #4602, #2586, #4054 ),
 ( #5092, #4089, #157 ),
 ( #3562, #2134, #4569 ),
 ( #1159, #2657, #4637 ),
 ( #4122, #5584, #4154 ),
 ( #121, #6110, #5124 ),
 ( #1129, #3179, #715 ),
 ( #2686, #3849, #4827 ),
 ( #3331, #1288, #5737 ),
 ( #4310, #3274, #839 ),
 ( #1319, #6258, #5775 ),
 ( #1745, #3303, #5313 ),
 ( #1838, #2807, #287 ),
 ( #3820, #2262, #376 ),
 ( #3241, #4791, #3362 ) ),
 .UNSPECIFIED., .F., .F., .F. ) 
 B_SPLINE_SURFACE_WITH_KNOTS ( ( 4, 2, 2, 2, 2, 2, 2, 2, 2, 2, 2, 2, 2, 2, 2, 2, 2, 2, 2, 2, 2, 2, 2, 2, 2, 2, 2, 2, 2, 2, 2, 2, 2, 2, 2, 2, 2, 2, 2, 2, 2, 2, 2, 2, 2, 2, 2, 2, 2, 2, 2, 2, 2, 4 ),
 ( 3, 3 ),
 ( 0.1889014553009212838, 0.1954446843334845807, 0.1987162988497662153, 0.2019879133660478776, 0.2052595278823295122, 0.2085311423986111468, 0.2118027569148928091, 0.2126206605439632247, 0.2134385641730336403, 0.2150743714311744437, 0.2183459859474560782, 0.2216176004637377406, 0.2224355040928081562, 0.2228444559073433640, 0.2232534077218785717, 0.2240713113509489873, 0.2248892149800193752, 0.2265250222381601786, 0.2281608294963010097, 0.2289787331253714253, 0.2297966367544418409, 0.2314324440125826721, 0.2330682512707235032, 0.2347040585288643066, 0.2379756730451459412, 0.2396114803032867724, 0.2412472875614276036, 0.2445189020777092659, 0.2461547093358500971, 0.2477905165939909005, 0.2494263238521317039, 0.2510621311102725350, 0.2526979383684133662, 0.2543337456265541974, 0.2551516492556246130, 0.2555606010701598207, 0.2559695528846950285, 0.2576053601428358597, 0.2592411674009766909, 0.2608769746591174665, 0.2625127819172582422, 0.2641485891753990733, 0.2657843964335399045, 0.2666023000626103201, 0.2674202036916807357, 0.2706918182079623980, 0.2723276254661032292, 0.2739634327242440603, 0.2755992399823848915, 0.2772350472405257227, 0.2805066617568073295, 0.2837782762730889363, 0.2870498907893705987, 0.2935931198219339233 ),
 ( 0.000000000000000000, 1.000000000000000000 ),
 .UNSPECIFIED. ) 
 GEOMETRIC_REPRESENTATION_ITEM ( )  RATIONAL_B_SPLINE_SURFACE ( (
 ( 1.000000000000000000, 0.7073417882568532322, 1.000000000000000000),
 ( 1.000000000000000000, 0.7073424413183083681, 1.000000000000000000),
 ( 1.000000000000000000, 0.7073428401118565523, 1.000000000000000000),
 ( 1.000000000000000000, 0.7073421134235364782, 1.000000000000000000),
 ( 1.000000000000000000, 0.7073416196856495697, 1.000000000000000000),
 ( 1.000000000000000000, 0.7073401224576491009, 1.000000000000000000),
 ( 1.000000000000000000, 0.7073392036195316201, 1.000000000000000000),
 ( 1.000000000000000000, 0.7073364303885332216, 1.000000000000000000),
 ( 1.000000000000000000, 0.7073344953232131305, 1.000000000000000000),
 ( 1.000000000000000000, 0.7073295567758487445, 1.000000000000000000),
 ( 1.000000000000000000, 0.7073266611984051488, 1.000000000000000000),
 ( 1.000000000000000000, 0.7073192080912443780, 1.000000000000000000),
 ( 1.000000000000000000, 0.7073146386264720364, 1.000000000000000000),
 ( 1.000000000000000000, 0.7073079123596879292, 1.000000000000000000),
 ( 1.000000000000000000, 0.7073065163379929077, 1.000000000000000000),
 ( 1.000000000000000000, 0.7073036235852218079, 1.000000000000000000),
 ( 1.000000000000000000, 0.7073021722950921797, 1.000000000000000000),
 ( 1.000000000000000000, 0.7072970470938683141, 1.000000000000000000),
 ( 1.000000000000000000, 0.7072927758111979823, 1.000000000000000000),
 ( 1.000000000000000000, 0.7072778601630005380, 1.000000000000000000),
 ( 1.000000000000000000, 0.7072650772792083984, 1.000000000000000000),
 ( 1.000000000000000000, 0.7072357233827335499, 1.000000000000000000),
 ( 1.000000000000000000, 0.7072196430833576075, 1.000000000000000000),
 ( 1.000000000000000000, 0.7071974818487164471, 1.000000000000000000),
 ( 1.000000000000000000, 0.7071929468811659625, 1.000000000000000000),
 ( 1.000000000000000000, 0.7071859856859008531, 1.000000000000000000),
 ( 1.000000000000000000, 0.7071837672969154553, 1.000000000000000000),
 ( 1.000000000000000000, 0.7071786561866917342, 1.000000000000000000),
 ( 1.000000000000000000, 0.7071756531765416298, 1.000000000000000000),
 ( 1.000000000000000000, 0.7071659203736171406, 1.000000000000000000),
 ( 1.000000000000000000, 0.7071584731977811344, 1.000000000000000000),
 ( 1.000000000000000000, 0.7071427105467058549, 1.000000000000000000),
 ( 1.000000000000000000, 0.7071343628968517203, 1.000000000000000000),
 ( 1.000000000000000000, 0.7071084807452914234, 1.000000000000000000),
 ( 1.000000000000000000, 0.7070901212753014642, 1.000000000000000000),
 ( 1.000000000000000000, 0.7070523309778681265, 1.000000000000000000),
 ( 1.000000000000000000, 0.7070331233424170803, 1.000000000000000000),
 ( 1.000000000000000000, 0.7070042491608841129, 1.000000000000000000),
 ( 1.000000000000000000, 0.7069946107584816897, 1.000000000000000000),
 ( 1.000000000000000000, 0.7069753490070278534, 1.000000000000000000),
 ( 1.000000000000000000, 0.7069658145814649020, 1.000000000000000000),
 ( 1.000000000000000000, 0.7069366280238134070, 1.000000000000000000),
 ( 1.000000000000000000, 0.7069161835024287965, 1.000000000000000000),
 ( 1.000000000000000000, 0.7068747118673271990, 1.000000000000000000),
 ( 1.000000000000000000, 0.7068535147842248678, 1.000000000000000000),
 ( 1.000000000000000000, 0.7068116159711302915, 1.000000000000000000),
 ( 1.000000000000000000, 0.7067909409488524197, 1.000000000000000000),
 ( 1.000000000000000000, 0.7067301502370083588, 1.000000000000000000),
 ( 1.000000000000000000, 0.7066912712110405836, 1.000000000000000000),
 ( 1.000000000000000000, 0.7066364073232263010, 1.000000000000000000),
 ( 1.000000000000000000, 0.7066186383141195293, 1.000000000000000000),
 ( 1.000000000000000000, 0.7065852391193701010, 1.000000000000000000),
 ( 1.000000000000000000, 0.7065694940346056718, 1.000000000000000000),
 ( 1.000000000000000000, 0.7065251391163331895, 1.000000000000000000),
 ( 1.000000000000000000, 0.7064993641979945282, 1.000000000000000000),
 ( 1.000000000000000000, 0.7064672278856289900, 1.000000000000000000),
 ( 1.000000000000000000, 0.7064576481751603243, 1.000000000000000000),
 ( 1.000000000000000000, 0.7064409612335773581, 1.000000000000000000),
 ( 1.000000000000000000, 0.7064338074827583025, 1.000000000000000000),
 ( 1.000000000000000000, 0.7064218364728309663, 1.000000000000000000),
 ( 1.000000000000000000, 0.7064170197290319253, 1.000000000000000000),
 ( 1.000000000000000000, 0.7064097233363618722, 1.000000000000000000),
 ( 1.000000000000000000, 0.7064072479755083567, 1.000000000000000000),
 ( 1.000000000000000000, 0.7064046733954536528, 1.000000000000000000),
 ( 1.000000000000000000, 0.7064045521458919286, 1.000000000000000000),
 ( 1.000000000000000000, 0.7064064030481216339, 1.000000000000000000),
 ( 1.000000000000000000, 0.7064083908518257182, 1.000000000000000000),
 ( 1.000000000000000000, 0.7064125987792864159, 1.000000000000000000),
 ( 1.000000000000000000, 0.7064142091756538955, 1.000000000000000000),
 ( 1.000000000000000000, 0.7064167639727533254, 1.000000000000000000),
 ( 1.000000000000000000, 0.7064176225365855766, 1.000000000000000000),
 ( 1.000000000000000000, 0.7064194382957881269, 1.000000000000000000),
 ( 1.000000000000000000, 0.7064203888123529174, 1.000000000000000000),
 ( 1.000000000000000000, 0.7064253295820028811, 1.000000000000000000),
 ( 1.000000000000000000, 0.7064298958828608699, 1.000000000000000000),
 ( 1.000000000000000000, 0.7064400765049055897, 1.000000000000000000),
 ( 1.000000000000000000, 0.7064456938023920829, 1.000000000000000000),
 ( 1.000000000000000000, 0.7064576749020131663, 1.000000000000000000),
 ( 1.000000000000000000, 0.7064640473509161689, 1.000000000000000000),
 ( 1.000000000000000000, 0.7064769596217285175, 1.000000000000000000),
 ( 1.000000000000000000, 0.7064835666324772445, 1.000000000000000000),
 ( 1.000000000000000000, 0.7064970535571605259, 1.000000000000000000),
 ( 1.000000000000000000, 0.7065039135843292906, 1.000000000000000000),
 ( 1.000000000000000000, 0.7065173112250781040, 1.000000000000000000),
 ( 1.000000000000000000, 0.7065238580110727584, 1.000000000000000000),
 ( 1.000000000000000000, 0.7065330584761126964, 1.000000000000000000),
 ( 1.000000000000000000, 0.7065359745176740258, 1.000000000000000000),
 ( 1.000000000000000000, 0.7065417569044172286, 1.000000000000000000),
 ( 1.000000000000000000, 0.7065446393944045944, 1.000000000000000000),
 ( 1.000000000000000000, 0.7065589684502143752, 1.000000000000000000),
 ( 1.000000000000000000, 0.7065701779403313898, 1.000000000000000000),
 ( 1.000000000000000000, 0.7065857007005323931, 1.000000000000000000),
 ( 1.000000000000000000, 0.7065906134830808316, 1.000000000000000000),
 ( 1.000000000000000000, 0.7066002482278885832, 1.000000000000000000),
 ( 1.000000000000000000, 0.7066049371539603330, 1.000000000000000000),
 ( 1.000000000000000000, 0.7066139906840344098, 1.000000000000000000),
 ( 1.000000000000000000, 0.7066183553407305862, 1.000000000000000000),
 ( 1.000000000000000000, 0.7066266895427220085, 1.000000000000000000),
 ( 1.000000000000000000, 0.7066306184629500553, 1.000000000000000000),
 ( 1.000000000000000000, 0.7066419894281483760, 1.000000000000000000),
 ( 1.000000000000000000, 0.7066492191398716649, 1.000000000000000000),
 ( 1.000000000000000000, 0.7066628416511617772, 1.000000000000000000),
 ( 1.000000000000000000, 0.7066691681158973060, 1.000000000000000000),
 ( 1.000000000000000000, 0.7066812230391940064, 1.000000000000000000),
 ( 1.000000000000000000, 0.7066869767699056615, 1.000000000000000000),
 ( 1.000000000000000000, 0.7067033461154619278, 1.000000000000000000),
 ( 1.000000000000000000, 0.7067129505006827239, 1.000000000000000000),
 ( 1.000000000000000000, 0.7067222386906186760, 1.000000000000000000) ) ) 
 REPRESENTATION_ITEM ( '' )  SURFACE ( )  );
#1219 = CARTESIAN_POINT ( 'NONE',  ( 16.82845969830004762, 12.28456702763092423, -480.0000000000000000 ) ) ;
#1220 = ADVANCED_FACE ( 'NONE', ( #3792 ), #1683, .F. ) ;
#1221 = CARTESIAN_POINT ( 'NONE',  ( -8.210757995443044521, -1.509495037664108752, -264.9999999999849365 ) ) ;
#1222 = ORIENTED_EDGE ( 'NONE', *, *, #541, .F. ) ;
#1223 = CARTESIAN_POINT ( 'NONE',  ( 137.5404599610495211, 6.359564206193001112, -484.8000000000000114 ) ) ;
#1224 = CARTESIAN_POINT ( 'NONE',  ( -2.609616341889724023, 12.49999999999808153, -330.3954388710511125 ) ) ;
#1225 = DIRECTION ( 'NONE',  ( -0.000000000000000000, -0.000000000000000000, -1.000000000000000000 ) ) ;
#1226 = CARTESIAN_POINT ( 'NONE',  ( 74.00000000000001421, 3.000000000000000000, -319.0000000000000568 ) ) ;
#1227 = CARTESIAN_POINT ( 'NONE',  ( -21.09669320127957093, 17.62348081801738431, -264.9999999999998863 ) ) ;
#1228 = ADVANCED_FACE ( 'NONE', ( #1231 ), #5777, .F. ) ;
#1229 = CARTESIAN_POINT ( 'NONE',  ( -13.92887741365049159, 4.568524106557735998, -340.0264291037433964 ) ) ;
#1230 = CARTESIAN_POINT ( 'NONE',  ( 17.09631549299431086, -3.600896241312046442, -480.0000000000000000 ) ) ;
#1231 = FACE_OUTER_BOUND ( 'NONE', #558, .T. ) ;
#1232 = CARTESIAN_POINT ( 'NONE',  ( -28.52595250515888736, 7.644476584346695525, -265.0000000000000000 ) ) ;
#1233 = CARTESIAN_POINT ( 'NONE',  ( 137.6758406867323288, -0.9400443209292781432, -242.2411314817724417 ) ) ;
#1234 = CARTESIAN_POINT ( 'NONE',  ( 145.5407419963270002, 5.269479873009603743, -480.0000000000000000 ) ) ;
#1235 = DIRECTION ( 'NONE',  ( -1.000000000000000000, -0.000000000000000000, -0.000000000000000000 ) ) ;
#1236 = ORIENTED_EDGE ( 'NONE', *, *, #2611, .F. ) ;
#1237 = ORIENTED_EDGE ( 'NONE', *, *, #5953, .T. ) ;
#1238 = CARTESIAN_POINT ( 'NONE',  ( -11.55842478815097429, 6.187966183040757073, -480.0005404732206671 ) ) ;
#1239 = CARTESIAN_POINT ( 'NONE',  ( 193.1733173062711160, -19.66386253268551698, -575.0000000000002274 ) ) ;
#1240 = ORIENTED_EDGE ( 'NONE', *, *, #2993, .F. ) ;
#1241 = CARTESIAN_POINT ( 'NONE',  ( 93.15000000000000568, 3.570561577078521953, 0.000000000000000000 ) ) ;
#1242 = CARTESIAN_POINT ( 'NONE',  ( -4.593113733800199050, -2.058614679531734826, -339.9910410776950584 ) ) ;
#1243 = LINE ( 'NONE', #3228, #2834 ) ;
#1244 = ORIENTED_EDGE ( 'NONE', *, *, #4042, .T. ) ;
#1245 = CARTESIAN_POINT ( 'NONE',  ( 46.00000000000000711, 7.999999999999998224, -4.000000000000000000 ) ) ;
#1246 = CARTESIAN_POINT ( 'NONE',  ( 211.6190112034290678, -7.496899878156033203, -574.9999999999998863 ) ) ;
#1247 = CARTESIAN_POINT ( 'NONE',  ( -49.99999999999999289, 5.568260178313846506E-14, -289.3999999999998067 ) ) ;
#1248 = CARTESIAN_POINT ( 'NONE',  ( 17.16777893794292709, 12.17114564630541196, -479.0499999999999545 ) ) ;
#1249 = DIRECTION ( 'NONE',  ( 0.000000000000000000, 1.000000000000000000, 0.000000000000000000 ) ) ;
#1250 = CARTESIAN_POINT ( 'NONE',  ( 128.9793945592367947, 7.455388127548284061, -484.8000000000000114 ) ) ;
#1251 = CARTESIAN_POINT ( 'NONE',  ( -10.93780378017190635, -9.634451518785146718, -326.4859167906636230 ) ) ;
#1252 = LINE ( 'NONE', #1316, #3577 ) ;
#1253 = CARTESIAN_POINT ( 'NONE',  ( -16.32958756571531111, 2.116681703013212790, -480.0010247871937850 ) ) ;
#1254 = CARTESIAN_POINT ( 'NONE',  ( -29.91641997226871297, 7.579530470061659031, -264.9999999999999432 ) ) ;
#1255 = CARTESIAN_POINT ( 'NONE',  ( 39.67911437448026390, -12.00000000000000000, -516.0325188265786664 ) ) ;
#1256 = DIRECTION ( 'NONE',  ( 1.000000000000000000, 0.000000000000000000, -0.000000000000000000 ) ) ;
#1257 = ADVANCED_FACE ( 'NONE', ( #2263 ), #1320, .F. ) ;
#1258 = CARTESIAN_POINT ( 'NONE',  ( 139.9999999999999716, -18.00000000000000355, -549.9999999999998863 ) ) ;
#1259 = LINE ( 'NONE', #4832, #993 ) ;
#1260 = CARTESIAN_POINT ( 'NONE',  ( 170.1345812741301415, 1.467153932975843622, 0.000000000000000000 ) ) ;
#1261 = CARTESIAN_POINT ( 'NONE',  ( -28.95720187620077724, -6.030164264126899987, -324.9999999999999432 ) ) ;
#1262 = ORIENTED_EDGE ( 'NONE', *, *, #2835, .F. ) ;
#1263 = VERTEX_POINT ( 'NONE', #5681 ) ;
#1264 = CARTESIAN_POINT ( 'NONE',  ( -15.40950602480737430, 3.667353365677378907, -479.9994918744366714 ) ) ;
#1265 = CARTESIAN_POINT ( 'NONE',  ( 167.7752313026028901, 0.1018197880852544923, -479.0500000000006935 ) ) ;
#1266 = ADVANCED_FACE ( 'NONE', ( #5710 ), #5222, .F. ) ;
#1267 = VERTEX_POINT ( 'NONE', #1774 ) ;
#1268 = CARTESIAN_POINT ( 'NONE',  ( 61.00000000000000711, 8.000000000000000000, -4.000000000000000000 ) ) ;
#1269 = CARTESIAN_POINT ( 'NONE',  ( 44.99999999999988631, 3.000000000000000000, -318.9999999999999432 ) ) ;
#1270 = LINE ( 'NONE', #4808, #1381 ) ;
#1271 = ORIENTED_EDGE ( 'NONE', *, *, #3624, .F. ) ;
#1272 = FACE_OUTER_BOUND ( 'NONE', #957, .T. ) ;
#1273 = CARTESIAN_POINT ( 'NONE',  ( 211.0626766926597213, -7.952909899921938752, -575.0000000000000000 ) ) ;
#1274 = CARTESIAN_POINT ( 'NONE',  ( -15.91590537725654286, 2.014653854023983559, -250.0279972443796908 ) ) ;
#1275 = VECTOR ( 'NONE', #1289, 1000.000000000000000 ) ;
#1276 = CARTESIAN_POINT ( 'NONE',  ( -27.85534655193039200, -12.50000000000003197, -265.0000000000000000 ) ) ;
#1277 = LINE ( 'NONE', #4850, #1281 ) ;
#1278 = VERTEX_POINT ( 'NONE', #3754 ) ;
#1279 = CARTESIAN_POINT ( 'NONE',  ( 152.8777389314730044, 4.216695317289156364, -484.8000000000000114 ) ) ;
#1280 = CARTESIAN_POINT ( 'NONE',  ( -26.73171387600601889, -7.673965026068126249, -325.0000000000000568 ) ) ;
#1281 = VECTOR ( 'NONE', #306, 1000.000000000000000 ) ;
#1282 = EDGE_CURVE ( 'NONE', #3705, #3670, #5739, .T. ) ;
#1283 = CARTESIAN_POINT ( 'NONE',  ( -15.06869740429285187, 2.626790534657205356, 0.000000000000000000 ) ) ;
#1284 = DIRECTION ( 'NONE',  ( 1.000000000000000000, 0.000000000000000000, 0.000000000000000000 ) ) ;
#1285 = VECTOR ( 'NONE', #2465, 1000.000000000000000 ) ;
#1286 = CARTESIAN_POINT ( 'NONE',  ( -30.82492432757177525, 0.07241901617702715954, -265.0000000000000000 ) ) ;
#1287 = VECTOR ( 'NONE', #928, 1000.000000000000000 ) ;
#1288 = CARTESIAN_POINT ( 'NONE',  ( -1.146476258428951178, 9.354415626703872277, -324.9999999999999432 ) ) ;
#1289 = DIRECTION ( 'NONE',  ( 0.8944271909999160775, 0.4472135954999575946, -0.000000000000000000 ) ) ;
#1290 = VECTOR ( 'NONE', #3812, 1000.000000000000000 ) ;
#1291 = VECTOR ( 'NONE', #4792, 1000.000000000000000 ) ;
#1292 = CARTESIAN_POINT ( 'NONE',  ( 39.67911437448025680, -2.000000000000000000, -571.0000000000000000 ) ) ;
#1293 = DIRECTION ( 'NONE',  ( 0.000000000000000000, -1.000000000000000000, 0.000000000000000000 ) ) ;
#1294 = CARTESIAN_POINT ( 'NONE',  ( 197.6294900719520626, 0.4491869865241825410, -549.9999999999998863 ) ) ;
#1295 = CARTESIAN_POINT ( 'NONE',  ( -30.58518539335239694, -1.988129906639912292, -324.9999999999998295 ) ) ;
#1296 = ORIENTED_EDGE ( 'NONE', *, *, #1894, .T. ) ;
#1297 = AXIS2_PLACEMENT_3D ( 'NONE', #4574, #6146, #4095 ) ;
#1298 = ORIENTED_EDGE ( 'NONE', *, *, #5240, .F. ) ;
#1299 = CARTESIAN_POINT ( 'NONE',  ( -60.00000000000000000, -1.110223024625156540E-13, -301.9999999999997726 ) ) ;
#1300 = CARTESIAN_POINT ( 'NONE',  ( 201.9245023737232714, -13.95045085759910286, -574.9999999999997726 ) ) ;
#1301 = AXIS2_PLACEMENT_3D ( 'NONE', #2755, #4314, #2266 ) ;
#1302 = ORIENTED_EDGE ( 'NONE', *, *, #395, .F. ) ;
#1303 = CARTESIAN_POINT ( 'NONE',  ( -13.64483593316535348, 4.773331183060913752, -340.0259986951515430 ) ) ;
#1304 = CARTESIAN_POINT ( 'NONE',  ( -14.12208993142506763, 12.49999999999996625, -265.7948014358814248 ) ) ;
#1305 = CARTESIAN_POINT ( 'NONE',  ( -60.00000000000000000, 6.999999999999926281, -294.9999999999999432 ) ) ;
#1306 = EDGE_CURVE ( 'NONE', #3404, #4098, #4157, .T. ) ;
#1307 = ORIENTED_EDGE ( 'NONE', *, *, #5861, .F. ) ;
#1308 = CARTESIAN_POINT ( 'NONE',  ( -25.83856463450970153, -7.817960104566187951, -325.0575259881728698 ) ) ;
#1309 = CARTESIAN_POINT ( 'NONE',  ( 211.9683848739310577, -7.175131007640356273, -574.9999999999998863 ) ) ;
#1310 = CARTESIAN_POINT ( 'NONE',  ( -7.880243631377993552, -1.529822920492958982, -339.9919266154736874 ) ) ;
#1311 = CARTESIAN_POINT ( 'NONE',  ( -28.56526551279012338, -1.318388846169915363, -575.0000000000000000 ) ) ;
#1312 = CARTESIAN_POINT ( 'NONE',  ( 39.50000000000001421, -4.128043836730284077, -320.9999999999906777 ) ) ;
#1313 = EDGE_LOOP ( 'NONE', ( #4514, #2989 ) ) ;
#1314 = CARTESIAN_POINT ( 'NONE',  ( 170.1345812741301415, 1.467153932975843622, 0.000000000000000000 ) ) ;
#1315 = DIRECTION ( 'NONE',  ( 1.000000000000000000, 0.000000000000000000, -0.000000000000000000 ) ) ;
#1316 = CARTESIAN_POINT ( 'NONE',  ( 63.00000000000001421, 18.00000000000000355, -549.9999999999998863 ) ) ;
#1317 = CARTESIAN_POINT ( 'NONE',  ( -13.82202711007648510, 0.08806805227461281249, -479.9985800200021231 ) ) ;
#1318 = CARTESIAN_POINT ( 'NONE',  ( -27.59287962664067706, -7.911184574151271853, -264.9999999999998863 ) ) ;
#1319 = CARTESIAN_POINT ( 'NONE',  ( 1.591121982583770356, 9.964211516425274695, -340.0180494711469237 ) ) ;
#1320 = CYLINDRICAL_SURFACE ( 'NONE', #3782, 1.400000000000012346 ) ;
#1321 = EDGE_CURVE ( 'NONE', #664, #876, #1605, .T. ) ;
#1322 = FACE_OUTER_BOUND ( 'NONE', #3162, .T. ) ;
#1323 = CARTESIAN_POINT ( 'NONE',  ( -49.99999999999999289, 5.551115123125782702E-14, -287.9999999999998295 ) ) ;
#1324 = FACE_OUTER_BOUND ( 'NONE', #2224, .T. ) ;
#1325 = CARTESIAN_POINT ( 'NONE',  ( -15.98340290795623453, 1.571156477488175662, -340.0176234559283444 ) ) ;
#1326 = ORIENTED_EDGE ( 'NONE', *, *, #1350, .F. ) ;
#1327 = ORIENTED_EDGE ( 'NONE', *, *, #6271, .F. ) ;
#1328 = CARTESIAN_POINT ( 'NONE',  ( -18.25211427545293930, 12.49999999999996625, -322.6749195092802438 ) ) ;
#1329 = FACE_BOUND ( 'NONE', #1364, .T. ) ;
#1330 = ORIENTED_EDGE ( 'NONE', *, *, #4397, .T. ) ;
#1331 = CARTESIAN_POINT ( 'NONE',  ( -23.72464991492791597, 8.504447604599569388, -325.9324691768065918 ) ) ;
#1332 = CARTESIAN_POINT ( 'NONE',  ( -25.24634124188593987, 12.49999999999996625, -265.0554445706209776 ) ) ;
#1333 = CYLINDRICAL_SURFACE ( 'NONE', #2940, 8.000000000000007105 ) ;
#1334 = ORIENTED_EDGE ( 'NONE', *, *, #1702, .F. ) ;
#1335 = CARTESIAN_POINT ( 'NONE',  ( 52.36234990440529913, -3.843999657910577294, -479.0499999999996135 ) ) ;
#1336 = B_SPLINE_CURVE_WITH_KNOTS ( 'NONE', 3,
 ( #4518, #4551, #5927, #3971, #1113, #529, #5960, #1503, #5074, #3484, #3063, #987, #1568, #559, #3, #72, #5530, #5470, #102, #6026, #2965, #1465, #5997, #3445, #5568, #1079, #1019, #2052, #5044, #4947, #2472, #36, #4036, #2998 ),
 .UNSPECIFIED., .F., .F.,
 ( 4, 1, 1, 1, 1, 1, 1, 1, 1, 1, 1, 1, 1, 1, 1, 1, 1, 1, 1, 1, 1, 1, 1, 1, 1, 1, 1, 1, 1, 1, 1, 4 ),
 ( 0.000000000000000000, 0.001647854522668310354, 0.006397970102377080991, 0.01389101205826189997, 0.02387363008128449982, 0.03630054073346587751, 0.05105539932445986306, 0.06793458397480531263, 0.08671127375272319471, 0.1071435541828678617, 0.1289942283931136413, 0.1519972123813451148, 0.1759018318772400391, 0.2004336571828322922, 0.2253389986458528838, 0.2503516702908959446, 0.2752209619929371631, 0.2996939128141439812, 0.3235439820415931811, 0.3465469936413138052, 0.3684957788645442656, 0.3892104602545716774, 0.4085232294566675804, 0.4262837370915291135, 0.4423729650729764096, 0.4566840043429132856, 0.4691303729052465066, 0.4796557222599565629, 0.4882444983449045206, 0.4949280465715466537, 0.4997685931606824505, 0.5000000000000000000 ),
 .UNSPECIFIED. ) ;
#1337 = CARTESIAN_POINT ( 'NONE',  ( 210.8684579145034377, -8.097206868741796626, -575.0000000000000000 ) ) ;
#1338 = CARTESIAN_POINT ( 'NONE',  ( 0.5899651553154152683, -2.652452372078901721, -339.9903373519575780 ) ) ;
#1339 = B_SPLINE_CURVE_WITH_KNOTS ( 'NONE', 3,
 ( #3580, #4886, #3064, #5076, #628, #2053, #1536, #4583, #4520, #4856, #2378, #1929, #2410, #3392 ),
 .UNSPECIFIED., .F., .F.,
 ( 4, 1, 1, 1, 1, 1, 1, 1, 1, 1, 1, 4 ),
 ( 0.000000000000000000, 0.0001565313039242613642, 0.008237541388369035850, 0.01566376187152097518, 0.02233951506720482580, 0.02817509281761920031, 0.03308996223917504836, 0.03703810876099891680, 0.04000162268768422263, 0.04188030343666573202, 0.04253203338237138836, 0.04253354759256195577 ),
 .UNSPECIFIED. ) ;
#1340 = ADVANCED_FACE ( 'NONE', ( #3276 ), #747, .F. ) ;
#1341 = DIRECTION ( 'NONE',  ( 1.000000000000000000, 0.000000000000000000, -0.000000000000000000 ) ) ;
#1342 = DIRECTION ( 'NONE',  ( 0.000000000000000000, -1.000000000000000000, 0.000000000000000000 ) ) ;
#1343 = ORIENTED_EDGE ( 'NONE', *, *, #1546, .T. ) ;
#1344 = CARTESIAN_POINT ( 'NONE',  ( 170.0968415185715514, 1.496728956183888792, -484.8000000000000114 ) ) ;
#1345 = DIRECTION ( 'NONE',  ( 0.000000000000000000, 0.000000000000000000, -1.000000000000000000 ) ) ;
#1346 = DIRECTION ( 'NONE',  ( -1.000000000000000000, 0.000000000000000000, -0.000000000000000000 ) ) ;
#1347 = CARTESIAN_POINT ( 'NONE',  ( -11.81123938544174123, -0.5741828603598780889, -479.9998263874119289 ) ) ;
#1348 = CARTESIAN_POINT ( 'NONE',  ( -15.91479969356128521, 1.791509999512656437, -250.0246415504635991 ) ) ;
#1349 = CARTESIAN_POINT ( 'NONE',  ( -1.082089367757439913, 12.49999999999996625, -260.9740877789075171 ) ) ;
#1350 = EDGE_CURVE ( 'NONE', #3511, #387, #4614, .T. ) ;
#1351 = CARTESIAN_POINT ( 'NONE',  ( -49.99999999999999289, 6.999999999999926281, -293.5999999999999091 ) ) ;
#1352 = CARTESIAN_POINT ( 'NONE',  ( -27.62949007195206264, 0.4491869865242241744, -549.9999999999998863 ) ) ;
#1353 = PLANE ( 'NONE',  #4086 ) ;
#1354 = CARTESIAN_POINT ( 'NONE',  ( -15.82948346904172965, 1.352454978242237260, -324.9999999999542410 ) ) ;
#1355 = ORIENTED_EDGE ( 'NONE', *, *, #3049, .T. ) ;
#1356 = ORIENTED_EDGE ( 'NONE', *, *, #4463, .T. ) ;
#1357 = CARTESIAN_POINT ( 'NONE',  ( -23.74845257205555171, 8.499801039588524176, -325.9236740317070371 ) ) ;
#1358 = CARTESIAN_POINT ( 'NONE',  ( 170.1007960969180317, 1.493629923223969591, -433.9999999999999432 ) ) ;
#1359 = ADVANCED_FACE ( 'NONE', ( #4671 ), #4764, .F. ) ;
#1360 = EDGE_LOOP ( 'NONE', ( #1370, #4942, #351, #4206, #4234, #1947 ) ) ;
#1361 = CARTESIAN_POINT ( 'NONE',  ( -7.667125475397154943, 11.17199968017924938, -330.4313384858967311 ) ) ;
#1362 = CARTESIAN_POINT ( 'NONE',  ( -22.67197710424587953, 8.693393355988542126, -263.8502512840314012 ) ) ;
#1363 = CARTESIAN_POINT ( 'NONE',  ( 1.225792388678969669, -10.27454008672102148, -262.9855677850318898 ) ) ;
#1364 = EDGE_LOOP ( 'NONE', ( #3314, #655 ) ) ;
#1365 = CARTESIAN_POINT ( 'NONE',  ( -19.28785149746565963, -12.50000000000003553, -320.8659591719450077 ) ) ;
#1366 = CARTESIAN_POINT ( 'NONE',  ( 210.6026097444671166, -8.283205895085629322, -575.0000000000000000 ) ) ;
#1367 = CARTESIAN_POINT ( 'NONE',  ( -4.091320903052315217, -17.23825574491888091, -324.9999999999998863 ) ) ;
#1368 = DIRECTION ( 'NONE',  ( -1.000000000000000000, 0.000000000000000000, 0.000000000000000000 ) ) ;
#1369 = CARTESIAN_POINT ( 'NONE',  ( 44.99999999999992184, -4.152936445815273103, -311.5000000000006253 ) ) ;
#1370 = ORIENTED_EDGE ( 'NONE', *, *, #1621, .T. ) ;
#1371 = CARTESIAN_POINT ( 'NONE',  ( 43.87543945274602208, 13.45154653123845989, -479.9970606341561279 ) ) ;
#1372 = EDGE_CURVE ( 'NONE', #6265, #2112, #316, .T. ) ;
#1373 = CARTESIAN_POINT ( 'NONE',  ( 179.6478192706524055, -0.3898565894388156261, -480.0011688258088611 ) ) ;
#1374 = CARTESIAN_POINT ( 'NONE',  ( -6.252716960336958785, -2.037681824853898593, 0.000000000000000000 ) ) ;
#1375 = CARTESIAN_POINT ( 'NONE',  ( 8.648466886007815546, 11.16216383338105267, -340.0164221942252425 ) ) ;
#1376 = CARTESIAN_POINT ( 'NONE',  ( -15.91650105147276939, 1.979894893540179668, -250.0275241470355638 ) ) ;
#1377 = CARTESIAN_POINT ( 'NONE',  ( -0.3504000557164674845, -11.79409691392726778, -325.3231806704941391 ) ) ;
#1378 = AXIS2_PLACEMENT_3D ( 'NONE', #2864, #1861, #6225 ) ;
#1379 = EDGE_CURVE ( 'NONE', #2897, #3291, #344, .T. ) ;
#1380 = CARTESIAN_POINT ( 'NONE',  ( 8.648466886007815546, 11.16216383338105267, -340.0164221942252425 ) ) ;
#1381 = VECTOR ( 'NONE', #3770, 1000.000000000000000 ) ;
#1382 = DIRECTION ( 'NONE',  ( -1.000000000000000000, -0.000000000000000000, -0.000000000000000000 ) ) ;
#1383 = DIRECTION ( 'NONE',  ( 1.000000000000000000, 0.000000000000000000, 0.000000000000000000 ) ) ;
#1384 = CARTESIAN_POINT ( 'NONE',  ( 13.79867533061081808, -3.547673202220706479, -339.3927377140659019 ) ) ;
#1385 = CARTESIAN_POINT ( 'NONE',  ( -24.21380924225617548, -11.23016666469267477, -324.9999999999999432 ) ) ;
#1386 = EDGE_LOOP ( 'NONE', ( #4264, #3590, #5169, #2991 ) ) ;
#1387 = ORIENTED_EDGE ( 'NONE', *, *, #4134, .F. ) ;
#1388 = CARTESIAN_POINT ( 'NONE',  ( -11.71418250508844849, 12.49999999999934630, -327.7955987943508944 ) ) ;
#1389 = VECTOR ( 'NONE', #3579, 1000.000000000000000 ) ;
#1390 = CARTESIAN_POINT ( 'NONE',  ( -60.00000000000000000, -7.500000000000034639, -269.9999999999998863 ) ) ;
#1391 = CIRCLE ( 'NONE', #2115, 8.000000000000007105 ) ;
#1392 = VERTEX_POINT ( 'NONE', #5378 ) ;
#1393 = CARTESIAN_POINT ( 'NONE',  ( 45.00000000000000711, 7.999999999999998224, -4.000000000000000000 ) ) ;
#1394 = VECTOR ( 'NONE', #6326, 1000.000000000000000 ) ;
#1395 = CARTESIAN_POINT ( 'NONE',  ( -19.83184857057396044, -12.50000000000003553, -269.2206855365290039 ) ) ;
#1396 = CARTESIAN_POINT ( 'NONE',  ( -21.06350745524625268, 12.49999999999996447, -264.5203475087134848 ) ) ;
#1397 = VERTEX_POINT ( 'NONE', #2451 ) ;
#1398 = LINE ( 'NONE', #2366, #4707 ) ;
#1399 = ADVANCED_FACE ( 'NONE', ( #4312 ), #6354, .F. ) ;
#1400 = ORIENTED_EDGE ( 'NONE', *, *, #4723, .F. ) ;
#1401 = CARTESIAN_POINT ( 'NONE',  ( -17.93751631918370038, -12.50000000000003553, -324.7450296650796986 ) ) ;
#1402 = CARTESIAN_POINT ( 'NONE',  ( 179.3603375237083810, -0.3092005598691625612, -479.0499999999997272 ) ) ;
#1403 = CARTESIAN_POINT ( 'NONE',  ( -14.01459277956708860, 0.1338964632728613657, -339.9974908331190591 ) ) ;
#1404 = VECTOR ( 'NONE', #4052, 1000.000000000000000 ) ;
#1405 = EDGE_LOOP ( 'NONE', ( #4946, #732, #6200, #1725 ) ) ;
#1406 = CARTESIAN_POINT ( 'NONE',  ( -28.52391726295194729, 2.238041368524082309, -575.0000000000000000 ) ) ;
#1407 = CARTESIAN_POINT ( 'NONE',  ( 137.6758406867323004, 6.266983400014570549, -180.0000000000000000 ) ) ;
#1408 = VERTEX_POINT ( 'NONE', #1841 ) ;
#1409 = CARTESIAN_POINT ( 'NONE',  ( 13.67911437448011647, -12.00000000000000000, -322.9999999999998863 ) ) ;
#1410 = CARTESIAN_POINT ( 'NONE',  ( -15.74851778963878424, -9.272747183010888961, -263.9137223888405970 ) ) ;
#1411 = CARTESIAN_POINT ( 'NONE',  ( -41.97120178598880358, -7.178657600208939726, -575.0000000000000000 ) ) ;
#1412 = CARTESIAN_POINT ( 'NONE',  ( 93.15000000000000568, 3.570561577078521953, -495.0000000000000000 ) ) ;
#1413 = CARTESIAN_POINT ( 'NONE',  ( -13.17933055339867465, -0.2061141248725947839, -249.9963511711986257 ) ) ;
#1414 = CARTESIAN_POINT ( 'NONE',  ( 0.5258808779105756948, 12.25382353531708368, -331.4605563977888210 ) ) ;
#1415 = DIRECTION ( 'NONE',  ( 0.0003120616699251565606, 0.000000000000000000, -0.9999999513087560743 ) ) ;
#1416 = ADVANCED_BREP_SHAPE_REPRESENTATION ( 'Right Wing', ( #1487, #5876 ), #2239 ) ;
#1417 = CARTESIAN_POINT ( 'NONE',  ( -40.46678357353443545, 8.373426858827532016, -575.0000000000000000 ) ) ;
#1418 = EDGE_CURVE ( 'NONE', #1721, #3814, #5531, .T. ) ;
#1419 = CARTESIAN_POINT ( 'NONE',  ( 0.8395025057412209835, 12.12430854171252292, -324.9994005812927753 ) ) ;
#1420 = CARTESIAN_POINT ( 'NONE',  ( 137.6758406867322719, 6.305118786241624917, -363.1655568714417086 ) ) ;
#1421 = CARTESIAN_POINT ( 'NONE',  ( 7.284747183538851978, 26.01960129365139096, -264.9999999999998863 ) ) ;
#1422 = CARTESIAN_POINT ( 'NONE',  ( -16.04244628676938689, 2.244245695876326163, -340.0290456697034642 ) ) ;
#1423 = ORIENTED_EDGE ( 'NONE', *, *, #4431, .T. ) ;
#1424 = ORIENTED_EDGE ( 'NONE', *, *, #5281, .F. ) ;
#1425 = CYLINDRICAL_SURFACE ( 'NONE', #662, 2.000000000000001776 ) ;
#1426 = ORIENTED_EDGE ( 'NONE', *, *, #2297, .F. ) ;
#1427 = CARTESIAN_POINT ( 'NONE',  ( -14.09734273755205436, 4.462873719954755458, -340.0266322211408010 ) ) ;
#1428 = CARTESIAN_POINT ( 'NONE',  ( -16.92541335325373808, -12.50000000000003730, -265.2011930674239579 ) ) ;
#1429 = CARTESIAN_POINT ( 'NONE',  ( -27.65674575495372878, 7.760583756817762691, -264.8965972059743308 ) ) ;
#1430 = ORIENTED_EDGE ( 'NONE', *, *, #207, .F. ) ;
#1431 = CARTESIAN_POINT ( 'NONE',  ( 14.37860870813354452, -3.577309666831136159, -316.9999999999998295 ) ) ;
#1432 = ORIENTED_EDGE ( 'NONE', *, *, #1462, .F. ) ;
#1433 = CARTESIAN_POINT ( 'NONE',  ( -14.35032248316718295, -12.50000000000003553, -321.5358940773337508 ) ) ;
#1434 = CARTESIAN_POINT ( 'NONE',  ( 210.4427795919744142, -8.389098408159005871, -575.0000000000000000 ) ) ;
#1435 = CARTESIAN_POINT ( 'NONE',  ( -9.518659452711940361, -1.212432262973310859, -339.9927408586934234 ) ) ;
#1436 = CARTESIAN_POINT ( 'NONE',  ( 68.50000000000022737, -3.970786949974260516, -304.0000000000006821 ) ) ;
#1437 = CARTESIAN_POINT ( 'NONE',  ( 45.00000000000001421, 3.000000000000000000, -321.9999999999999432 ) ) ;
#1438 = ORIENTED_EDGE ( 'NONE', *, *, #3173, .F. ) ;
#1439 = LINE ( 'NONE', #1409, #4497 ) ;
#1440 = CARTESIAN_POINT ( 'NONE',  ( -14.53122352296926145, -9.377927839635793461, -263.8000178720141662 ) ) ;
#1441 = CARTESIAN_POINT ( 'NONE',  ( 11.63342135222092111, -3.358352488429161120, -480.0000000000006253 ) ) ;
#1442 = CARTESIAN_POINT ( 'NONE',  ( -13.48962521603664122, -0.09056938367677652701, -249.9967410353106914 ) ) ;
#1443 = CARTESIAN_POINT ( 'NONE',  ( 178.2585906449963034, -0.2637820881990760591, -480.0000000000000000 ) ) ;
#1444 = CARTESIAN_POINT ( 'NONE',  ( 8.696065078094125766, 11.13973377355593186, -313.5598072038677628 ) ) ;
#1445 = CARTESIAN_POINT ( 'NONE',  ( -1.062015348958421423, 7.499999999999966249, -324.9999999999998295 ) ) ;
#1446 = LINE ( 'NONE', #5411, #4927 ) ;
#1447 = CARTESIAN_POINT ( 'NONE',  ( 139.9999999999999716, 18.00000000000000355, -575.0000000000000000 ) ) ;
#1448 = CARTESIAN_POINT ( 'NONE',  ( -1.263663011248424617, 24.58061907731525508, -264.9999999999998863 ) ) ;
#1449 = CARTESIAN_POINT ( 'NONE',  ( -15.97523354839968057, 2.357380995462830864, -325.0000000000908926 ) ) ;
#1450 = ORIENTED_EDGE ( 'NONE', *, *, #4680, .F. ) ;
#1451 = ORIENTED_EDGE ( 'NONE', *, *, #2310, .F. ) ;
#1452 = DIRECTION ( 'NONE',  ( -0.000000000000000000, -0.000000000000000000, -1.000000000000000000 ) ) ;
#1453 = EDGE_CURVE ( 'NONE', #5249, #4511, #870, .T. ) ;
#1454 = CARTESIAN_POINT ( 'NONE',  ( -30.78480491979422595, 3.990939052783680996, -265.0000000000000000 ) ) ;
#1455 = CARTESIAN_POINT ( 'NONE',  ( -3.474742218011855233, -9.947649645909416805, -263.0552458737320762 ) ) ;
#1456 = CARTESIAN_POINT ( 'NONE',  ( 34.42407288493651407, -4.298532229181926567, 0.000000000000000000 ) ) ;
#1457 = CARTESIAN_POINT ( 'NONE',  ( -9.334225592990296860, 10.97472762701288751, -260.1195701019299804 ) ) ;
#1458 = ORIENTED_EDGE ( 'NONE', *, *, #4680, .T. ) ;
#1459 = FACE_OUTER_BOUND ( 'NONE', #3933, .T. ) ;
#1460 = EDGE_LOOP ( 'NONE', ( #3935, #2929, #4068, #659, #2077, #4773, #4578, #1298 ) ) ;
#1461 = CARTESIAN_POINT ( 'NONE',  ( -7.167313176528392837, -12.50000000000003730, -325.3161894408048624 ) ) ;
#1462 = EDGE_CURVE ( 'NONE', #3578, #5721, #6324, .T. ) ;
#1463 = CARTESIAN_POINT ( 'NONE',  ( 210.4527814237802374, -8.382568483106439317, -575.0000000000000000 ) ) ;
#1464 = CARTESIAN_POINT ( 'NONE',  ( -9.520204522894161414, -1.219522959088525260, -325.0000000000300133 ) ) ;
#1465 = CARTESIAN_POINT ( 'NONE',  ( 35.17394061859650378, 12.96703941266235383, 0.000000000000000000 ) ) ;
#1466 = CARTESIAN_POINT ( 'NONE',  ( -30.43234925837568383, -2.518692994939702778, -324.9999999999999432 ) ) ;
#1467 = EDGE_LOOP ( 'NONE', ( #2269, #1271, #3104, #2051 ) ) ;
#1468 = CARTESIAN_POINT ( 'NONE',  ( 53.44825741930011986, -4.126834203848337879, -338.9999999999999432 ) ) ;
#1469 = CARTESIAN_POINT ( 'NONE',  ( -17.57244265724569843, -9.088898636021669475, -264.0936681859506621 ) ) ;
#1470 = CARTESIAN_POINT ( 'NONE',  ( -14.95521766292178434, 0.7908254685781784810, -479.0499999999997840 ) ) ;
#1471 = CARTESIAN_POINT ( 'NONE',  ( -23.18225733060184268, -11.93018703350050913, -264.9999999999998295 ) ) ;
#1472 = CARTESIAN_POINT ( 'NONE',  ( 123.1478516344640610, -1.657740307956604431, -480.0000000000000000 ) ) ;
#1473 = ADVANCED_FACE ( 'NONE', ( #934 ), #440, .T. ) ;
#1474 =( NAMED_UNIT ( * ) SI_UNIT ( $, .STERADIAN. ) SOLID_ANGLE_UNIT ( ) );
#1475 = CARTESIAN_POINT ( 'NONE',  ( 50.00000000000000000, 5.000000000000000000, 0.000000000000000000 ) ) ;
#1476 = CARTESIAN_POINT ( 'NONE',  ( 44.99999999999988631, -4.148548780476169817, -318.9999999999999432 ) ) ;
#1477 = CARTESIAN_POINT ( 'NONE',  ( -1.068319984059793226, 12.49999999999996625, -305.0000000100237116 ) ) ;
#1478 = LINE ( 'NONE', #5449, #2130 ) ;
#1479 = VECTOR ( 'NONE', #880, 1000.000000000000000 ) ;
#1480 = CARTESIAN_POINT ( 'NONE',  ( -3.380488365207869439, 24.13274897640111405, -264.9999999999998863 ) ) ;
#1481 = CARTESIAN_POINT ( 'NONE',  ( -14.60043726413415932, 4.015104103318165585, -324.9999999999847091 ) ) ;
#1482 = ORIENTED_EDGE ( 'NONE', *, *, #3807, .F. ) ;
#1483 = ORIENTED_EDGE ( 'NONE', *, *, #1564, .F. ) ;
#1484 = CARTESIAN_POINT ( 'NONE',  ( 140.3972068505195807, 5.960774437346386456, -433.9999999999999432 ) ) ;
#1485 = VECTOR ( 'NONE', #3813, 1000.000000000000000 ) ;
#1486 = DIRECTION ( 'NONE',  ( 1.000000000000000000, 0.000000000000000000, 0.000000000000000000 ) ) ;
#1487 = MANIFOLD_SOLID_BREP ( 'Cut-Extrude14', #6177 ) ;
#1488 = EDGE_CURVE ( 'NONE', #4799, #5142, #266, .T. ) ;
#1489 = CARTESIAN_POINT ( 'NONE',  ( 1.620803270157688658, -12.50000000000003730, -264.2963315620893923 ) ) ;
#1490 = CARTESIAN_POINT ( 'NONE',  ( 17.09631549299431086, -3.600896241312046442, -480.0000000000000000 ) ) ;
#1491 = PLANE ( 'NONE',  #3795 ) ;
#1492 = ORIENTED_EDGE ( 'NONE', *, *, #1630, .T. ) ;
#1493 = AXIS2_PLACEMENT_3D ( 'NONE', #4970, #5423, #979 ) ;
#1494 = CARTESIAN_POINT ( 'NONE',  ( 2.824175036869093880, 11.41759558260048024, -334.0013622669300730 ) ) ;
#1495 = AXIS2_PLACEMENT_3D ( 'NONE', #3269, #4757, #309 ) ;
#1496 = ORIENTED_EDGE ( 'NONE', *, *, #1052, .F. ) ;
#1497 = CARTESIAN_POINT ( 'NONE',  ( -16.97878453533849452, -12.50000000000003375, -324.7901089004763548 ) ) ;
#1498 = CARTESIAN_POINT ( 'NONE',  ( 209.8902963462542743, -8.749799753411892311, -574.9999999999998863 ) ) ;
#1499 = CARTESIAN_POINT ( 'NONE',  ( -13.77658100479797199, 0.03634669060845972799, -324.9999999999961346 ) ) ;
#1500 = VECTOR ( 'NONE', #5193, 1000.000000000000000 ) ;
#1501 = AXIS2_PLACEMENT_3D ( 'NONE', #1390, #3958, #3468 ) ;
#1502 = ORIENTED_EDGE ( 'NONE', *, *, #4982, .F. ) ;
#1503 = CARTESIAN_POINT ( 'NONE',  ( 159.5524836738927661, 3.161072353973591653, 0.000000000000000000 ) ) ;
#1504 = EDGE_CURVE ( 'NONE', #4072, #3283, #6416, .T. ) ;
#1505 = CARTESIAN_POINT ( 'NONE',  ( 35.56169809624451261, -4.094125675782159135, -324.8271682344312694 ) ) ;
#1506 = VERTEX_POINT ( 'NONE', #2873 ) ;
#1507 = DIRECTION ( 'NONE',  ( -1.000000000000000000, 0.000000000000000000, 0.000000000000000000 ) ) ;
#1508 = AXIS2_PLACEMENT_3D ( 'NONE', #5224, #841, #5315 ) ;
#1509 = CARTESIAN_POINT ( 'NONE',  ( 204.3682090501452535, 12.35502096462557020, -574.9999999999995453 ) ) ;
#1510 = VECTOR ( 'NONE', #3142, 1000.000000000000000 ) ;
#1511 = CARTESIAN_POINT ( 'NONE',  ( -4.913616590040810195, -1.807907909248470224, -479.0500000000007503 ) ) ;
#1512 = CARTESIAN_POINT ( 'NONE',  ( -22.72476709863772726, -12.22273031662581211, -264.9999999999998863 ) ) ;
#1513 = FACE_BOUND ( 'NONE', #485, .T. ) ;
#1514 = CARTESIAN_POINT ( 'NONE',  ( -22.33070668030443784, 12.49999999999996625, -321.2315653757641485 ) ) ;
#1515 = CARTESIAN_POINT ( 'NONE',  ( 13.67911437448025858, -2.000000000000000000, -342.9999999999999432 ) ) ;
#1516 = DIRECTION ( 'NONE',  ( -0.000000000000000000, -0.000000000000000000, 1.000000000000000000 ) ) ;
#1517 = CARTESIAN_POINT ( 'NONE',  ( -1.060914956668911557, 12.49999999999996625, -328.4897082006338564 ) ) ;
#1518 = CARTESIAN_POINT ( 'NONE',  ( -15.50633102485560855, 2.859178434559378701, -250.0293445678682929 ) ) ;
#1519 = CARTESIAN_POINT ( 'NONE',  ( -12.73509918108647021, 21.51729857325063477, -264.9999999999999432 ) ) ;
#1520 = CARTESIAN_POINT ( 'NONE',  ( -27.83630414893199045, 11.71336365664670964, -324.9999999999999432 ) ) ;
#1521 = ORIENTED_EDGE ( 'NONE', *, *, #1955, .T. ) ;
#1522 = EDGE_CURVE ( 'NONE', #238, #3800, #1076, .T. ) ;
#1523 = CARTESIAN_POINT ( 'NONE',  ( 48.86303662441046924, 13.50797529767677929, -479.9999999999989200 ) ) ;
#1524 = DIRECTION ( 'NONE',  ( -0.2791202762126536729, 0.9602561488514259613, 0.000000000000000000 ) ) ;
#1525 = CARTESIAN_POINT ( 'NONE',  ( -0.8870439506267266960, -12.50000000000003553, -264.3845884667146606 ) ) ;
#1526 = CARTESIAN_POINT ( 'NONE',  ( 12.47386810385609301, 11.34795499150539300, 0.000000000000000000 ) ) ;
#1527 = DIRECTION ( 'NONE',  ( -1.000000000000000000, -1.445602896647339656E-16, 0.000000000000000000 ) ) ;
#1528 = ORIENTED_EDGE ( 'NONE', *, *, #3482, .T. ) ;
#1529 = DIRECTION ( 'NONE',  ( -1.000000000000000000, 0.000000000000000000, 0.000000000000000000 ) ) ;
#1530 = VERTEX_POINT ( 'NONE', #3917 ) ;
#1531 = EDGE_CURVE ( 'NONE', #5826, #6402, #4059, .T. ) ;
#1532 = PLANE ( 'NONE',  #5335 ) ;
#1533 = CARTESIAN_POINT ( 'NONE',  ( 171.3744619181355517, -0.07442469827078089517, -479.9999999999998863 ) ) ;
#1534 = ORIENTED_EDGE ( 'NONE', *, *, #3683, .F. ) ;
#1535 = CARTESIAN_POINT ( 'NONE',  ( 32.24313783091375285, -4.048098489493974661, -335.4773085483859063 ) ) ;
#1536 = CARTESIAN_POINT ( 'NONE',  ( 165.2474455550404855, 2.282010382312530616, -180.0000000000000000 ) ) ;
#1537 = DIRECTION ( 'NONE',  ( -1.000000000000000000, 0.000000000000000000, 0.000000000000000000 ) ) ;
#1538 = ORIENTED_EDGE ( 'NONE', *, *, #6362, .T. ) ;
#1539 = CARTESIAN_POINT ( 'NONE',  ( 111.3883107658038227, -2.340549395211651618, -480.0000000000011937 ) ) ;
#1540 = CARTESIAN_POINT ( 'NONE',  ( -60.00000000000000000, 5.551115123125782702E-14, -287.9999999999998295 ) ) ;
#1541 = EDGE_CURVE ( 'NONE', #1987, #5115, #410, .T. ) ;
#1542 = CARTESIAN_POINT ( 'NONE',  ( -26.80373451339610824, -17.29366148028543648, -575.0000000000005684 ) ) ;
#1543 = CARTESIAN_POINT ( 'NONE',  ( -24.71585986249591826, -10.79962678409619770, -264.9999999999998863 ) ) ;
#1544 = CARTESIAN_POINT ( 'NONE',  ( -0.4222751252614521111, 12.46169018754049596, -330.1152706873917850 ) ) ;
#1545 = CARTESIAN_POINT ( 'NONE',  ( -18.59144576823866402, 9.638077109134474796, -327.4055209648963682 ) ) ;
#1546 = EDGE_CURVE ( 'NONE', #4872, #3973, #3976, .T. ) ;
#1547 = DIRECTION ( 'NONE',  ( -1.000000000000000000, 0.000000000000000000, 0.000000000000000000 ) ) ;
#1548 = CARTESIAN_POINT ( 'NONE',  ( 0.000000000000000000, 0.000000000000000000, 0.000000000000000000 ) ) ;
#1549 = DIRECTION ( 'NONE',  ( 1.000000000000000000, 0.000000000000000000, 0.000000000000000000 ) ) ;
#1550 = CARTESIAN_POINT ( 'NONE',  ( 1.663974321960739022, 11.81522128885569067, -332.8651838616200394 ) ) ;
#1551 = CARTESIAN_POINT ( 'NONE',  ( -10.68499471176174609, 22.19914936315751319, -264.9999999999998863 ) ) ;
#1552 = CARTESIAN_POINT ( 'NONE',  ( -30.40160818304846302, 6.613745721561416602, -324.9999999999998863 ) ) ;
#1553 = CARTESIAN_POINT ( 'NONE',  ( 179.6770528961319542, -0.3988445136690053627, -484.8000000000000114 ) ) ;
#1554 = EDGE_CURVE ( 'NONE', #2850, #401, #149, .T. ) ;
#1555 = CARTESIAN_POINT ( 'NONE',  ( 63.82873128959819553, 12.99481217720654058, -479.0500000000007503 ) ) ;
#1556 = CARTESIAN_POINT ( 'NONE',  ( 4.661469264591284301, 10.48881855985591649, -249.4697739911028691 ) ) ;
#1557 = CARTESIAN_POINT ( 'NONE',  ( -13.68081679810939555, -12.50000000000003553, -268.3688817702592360 ) ) ;
#1558 = CARTESIAN_POINT ( 'NONE',  ( -16.34301505781419195, 2.475501103692616223, -484.8000000000000114 ) ) ;
#1559 = CARTESIAN_POINT ( 'NONE',  ( -11.77943956435218276, 12.49999999999996625, -264.8871987603003504 ) ) ;
#1560 = ORIENTED_EDGE ( 'NONE', *, *, #3296, .T. ) ;
#1561 = CARTESIAN_POINT ( 'NONE',  ( 8.679114374480255023, -4.431978330222528406, -322.9999999999998863 ) ) ;
#1562 = ORIENTED_EDGE ( 'NONE', *, *, #4557, .T. ) ;
#1563 = CARTESIAN_POINT ( 'NONE',  ( -20.06142063875385162, 12.49999999999996625, -268.1018671057403822 ) ) ;
#1564 = EDGE_CURVE ( 'NONE', #2475, #3030, #3495, .T. ) ;
#1566 = ADVANCED_FACE ( 'NONE', ( #2063 ), #3212, .T. ) ;
#1565 = CARTESIAN_POINT ( 'NONE',  ( 178.3254317971567673, -0.2206955338018659063, -479.0499999999996703 ) ) ;
#1567 = ORIENTED_EDGE ( 'NONE', *, *, #701, .F. ) ;
#1568 = CARTESIAN_POINT ( 'NONE',  ( 120.1949499103822774, 8.361107237483233590, 0.000000000000000000 ) ) ;
#1569 = CARTESIAN_POINT ( 'NONE',  ( 3.008963953529448787, -2.779066373769884191, -480.0001106940118234 ) ) ;
#1570 = DIRECTION ( 'NONE',  ( 1.000000000000000000, 0.000000000000000000, 0.000000000000000000 ) ) ;
#1571 = ORIENTED_EDGE ( 'NONE', *, *, #479, .F. ) ;
#1572 = CARTESIAN_POINT ( 'NONE',  ( 94.45806195606456868, -3.002518918960460415, -479.0500000000004093 ) ) ;
#1573 = CARTESIAN_POINT ( 'NONE',  ( 215.0135731714018448, 0.09363963366237557095, -574.9999999999997726 ) ) ;
#1574 = CARTESIAN_POINT ( 'NONE',  ( -39.44651034013447344, 9.039535615362211729, -574.9999999999998863 ) ) ;
#1575 = CARTESIAN_POINT ( 'NONE',  ( -9.415891945898502868, -1.278911222816573323, -249.9927637685612183 ) ) ;
#1576 = CARTESIAN_POINT ( 'NONE',  ( -16.31389087763183454, 1.672743109225335312, -480.0000000000000000 ) ) ;
#1577 = CARTESIAN_POINT ( 'NONE',  ( -4.091955970493506456, 12.49999999999996625, -328.1171075676384703 ) ) ;
#1578 = CARTESIAN_POINT ( 'NONE',  ( 179.6758406867319593, -0.3879641411185304478, -433.9999999999998863 ) ) ;
#1579 = DIRECTION ( 'NONE',  ( -1.000000000000000000, 0.000000000000000000, 0.000000000000000000 ) ) ;
#1580 = B_SPLINE_CURVE_WITH_KNOTS ( 'NONE', 3,
 ( #6115, #2876, #5316, #6235, #5288, #4862 ),
 .UNSPECIFIED., .F., .F.,
 ( 4, 2, 4 ),
 ( 2.802867075944828355E-17, 0.01113757500305215253, 0.02227515000610427731 ),
 .UNSPECIFIED. ) ;
#1581 = DIRECTION ( 'NONE',  ( 1.000000000000000000, 0.000000000000000000, 0.000000000000000000 ) ) ;
#1582 = CARTESIAN_POINT ( 'NONE',  ( -15.76836521242886491, 20.34761773420764186, -264.9999999999998863 ) ) ;
#1583 = EDGE_CURVE ( 'NONE', #4845, #66, #572, .T. ) ;
#1584 = CARTESIAN_POINT ( 'NONE',  ( -12.81670598261724514, 5.275176950069885962, -340.0249986695401958 ) ) ;
#1585 = CARTESIAN_POINT ( 'NONE',  ( 83.00166411239253250, -3.598187649516001674, -484.8000000000000114 ) ) ;
#1586 = CARTESIAN_POINT ( 'NONE',  ( 49.00166699065457010, 13.39305505065354573, -479.0499999999989313 ) ) ;
#1587 = DIRECTION ( 'NONE',  ( -1.000000000000000000, -0.000000000000000000, -0.000000000000000000 ) ) ;
#1588 = CARTESIAN_POINT ( 'NONE',  ( 137.6758406867323288, -0.9477983199859609797, -204.8964525923903750 ) ) ;
#1589 = CARTESIAN_POINT ( 'NONE',  ( 33.77733588304192125, -3.989504732196942349, -484.8000000000000114 ) ) ;
#1590 = FACE_OUTER_BOUND ( 'NONE', #1876, .T. ) ;
#1591 = ORIENTED_EDGE ( 'NONE', *, *, #32, .T. ) ;
#1592 = ORIENTED_EDGE ( 'NONE', *, *, #1938, .F. ) ;
#1593 = CARTESIAN_POINT ( 'NONE',  ( -10.61234641454518268, 12.49999999999996625, -264.4297515341209532 ) ) ;
#1594 = CARTESIAN_POINT ( 'NONE',  ( 176.3428765570149608, -0.2054540918218082934, -480.0000000000006253 ) ) ;
#1595 = ORIENTED_EDGE ( 'NONE', *, *, #4248, .F. ) ;
#1596 = CARTESIAN_POINT ( 'NONE',  ( 31.11789063462610372, -4.033282306195324018, -333.1868642569287999 ) ) ;
#1597 = EDGE_CURVE ( 'NONE', #1408, #2850, #4190, .T. ) ;
#1598 = AXIS2_PLACEMENT_3D ( 'NONE', #764, #3133, #2738 ) ;
#1599 = FACE_OUTER_BOUND ( 'NONE', #3857, .T. ) ;
#1600 = CARTESIAN_POINT ( 'NONE',  ( 77.69355873914342681, -3.714675822261500393, -480.0011381738401042 ) ) ;
#1601 = VERTEX_POINT ( 'NONE', #4018 ) ;
#1602 = CARTESIAN_POINT ( 'NONE',  ( 136.7341536783806077, -0.9265361722961494850, -479.9999999999996021 ) ) ;
#1603 = CARTESIAN_POINT ( 'NONE',  ( 171.7289331921857922, 1.179831053951673425, -479.9999999999997726 ) ) ;
#1604 = AXIS2_PLACEMENT_3D ( 'NONE', #5986, #1524, #3535 ) ;
#1605 = CIRCLE ( 'NONE', #3268, 1.000000000000000888 ) ;
#1606 = CARTESIAN_POINT ( 'NONE',  ( -60.00000000000000000, 7.499999999999966249, -264.9999999999998863 ) ) ;
#1607 = CARTESIAN_POINT ( 'NONE',  ( -15.51427988868271690, 0.9353357281671396128, -479.9999999999997726 ) ) ;
#1608 = AXIS2_PLACEMENT_3D ( 'NONE', #453, #5948, #3435 ) ;
#1609 = CARTESIAN_POINT ( 'NONE',  ( -6.242773433270971672, -1.847692915177829631, -265.0000000000000000 ) ) ;
#1610 = EDGE_LOOP ( 'NONE', ( #4292, #4104, #845, #6183 ) ) ;
#1611 = CARTESIAN_POINT ( 'NONE',  ( -7.064909597978150657, -1.631435941692159997, -480.0000000000000000 ) ) ;
#1612 = CARTESIAN_POINT ( 'NONE',  ( 157.9838753276688692, -0.1373496119532945647, -480.0000000000011937 ) ) ;
#1613 = CARTESIAN_POINT ( 'NONE',  ( -1.082247490513664756, 12.49999999999996625, -260.4674493296873266 ) ) ;
#1614 = VECTOR ( 'NONE', #6108, 1000.000000000000000 ) ;
#1615 = CARTESIAN_POINT ( 'NONE',  ( 173.3370195452756946, -0.1007371691752821513, -180.0000000000000000 ) ) ;
#1616 = DIRECTION ( 'NONE',  ( -0.000000000000000000, -0.000000000000000000, -1.000000000000000000 ) ) ;
#1617 = CARTESIAN_POINT ( 'NONE',  ( -15.54730753757862871, 2.854359085745206581, -264.9999999999999432 ) ) ;
#1618 = CARTESIAN_POINT ( 'NONE',  ( -12.55842935400363380, 5.420978599073680293, -340.0247211429627896 ) ) ;
#1619 = CARTESIAN_POINT ( 'NONE',  ( 52.62289104414490026, -4.055012659677931453, -480.0000000000000000 ) ) ;
#1620 = DIRECTION ( 'NONE',  ( -1.000000000000000000, 0.000000000000000000, 0.000000000000000000 ) ) ;
#1621 = EDGE_CURVE ( 'NONE', #728, #6252, #4700, .T. ) ;
#1622 = CARTESIAN_POINT ( 'NONE',  ( -49.99999999999999289, -7.000000000000047073, -293.5999999999998522 ) ) ;
#1623 = CARTESIAN_POINT ( 'NONE',  ( -17.47705145309473806, -12.50000000000003375, -268.8652775833559190 ) ) ;
#1624 = CARTESIAN_POINT ( 'NONE',  ( 128.9814191143606195, 7.453930747060098838, -480.0000000000000000 ) ) ;
#1625 = CARTESIAN_POINT ( 'NONE',  ( 11.12970518995036606, -3.712495260625406246, -322.9999999999998863 ) ) ;
#1626 = VERTEX_POINT ( 'NONE', #4494 ) ;
#1627 = EDGE_LOOP ( 'NONE', ( #5951, #1752, #502, #5790 ) ) ;
#1628 = DIRECTION ( 'NONE',  ( -0.4472135954999575391, 0.8944271909999160775, 0.000000000000000000 ) ) ;
#1629 = CARTESIAN_POINT ( 'NONE',  ( 208.9276424883888126, -9.378290380475885257, -575.0000000000000000 ) ) ;
#1630 = EDGE_CURVE ( 'NONE', #4476, #105, #2936, .T. ) ;
#1631 = ORIENTED_EDGE ( 'NONE', *, *, #3944, .F. ) ;
#1632 = CARTESIAN_POINT ( 'NONE',  ( 14.38530708368486444, -3.562290411282508007, -339.9900196506288239 ) ) ;
#1633 = DIRECTION ( 'NONE',  ( -1.000000000000000000, 0.000000000000000000, -0.000000000000000000 ) ) ;
#1634 = CARTESIAN_POINT ( 'NONE',  ( 115.6703146249736704, -2.093159494128434162, -479.9987208374390661 ) ) ;
#1635 = VERTEX_POINT ( 'NONE', #83 ) ;
#1636 = CARTESIAN_POINT ( 'NONE',  ( -8.078970051482359693, 7.263396016770932384, -250.0216422352485210 ) ) ;
#1637 = CARTESIAN_POINT ( 'NONE',  ( 163.1639215969509848, 2.522498406627700973, -479.0500000000002387 ) ) ;
#1638 = CARTESIAN_POINT ( 'NONE',  ( 44.34711298318980255, -4.147863218571081312, -318.9999999999999432 ) ) ;
#1639 = CARTESIAN_POINT ( 'NONE',  ( -15.61516074414530841, 3.439485641675033012, -480.0000000000013074 ) ) ;
#1640 = CARTESIAN_POINT ( 'NONE',  ( 3.510334197730423433, -18.01443157923798211, -264.9999999999999432 ) ) ;
#1641 = CARTESIAN_POINT ( 'NONE',  ( 43.81677558687979257, 13.11397923034863489, 0.000000000000000000 ) ) ;
#1642 = FACE_OUTER_BOUND ( 'NONE', #1152, .T. ) ;
#1643 = CARTESIAN_POINT ( 'NONE',  ( -9.468754263442280106, -16.47698238153606098, -324.9999999999999432 ) ) ;
#1644 = EDGE_CURVE ( 'NONE', #881, #322, #3426, .T. ) ;
#1645 = CARTESIAN_POINT ( 'NONE',  ( 42.51251746254036590, -4.142604148593362900, -321.9999999999999432 ) ) ;
#1646 = FACE_BOUND ( 'NONE', #1313, .T. ) ;
#1647 = CARTESIAN_POINT ( 'NONE',  ( -15.40376759702052212, 3.036807317683416052, -265.0000000000073328 ) ) ;
#1648 = CARTESIAN_POINT ( 'NONE',  ( -8.646624844344657390, 7.159211551737518775, -324.9999999999998863 ) ) ;
#1649 = CARTESIAN_POINT ( 'NONE',  ( 173.3199410802057798, -0.09102422127747145097, -484.8000000000000114 ) ) ;
#1650 = CARTESIAN_POINT ( 'NONE',  ( 63.79082305900811178, 13.11367542297677424, -480.0000000000007390 ) ) ;
#1651 = DIRECTION ( 'NONE',  ( -0.000000000000000000, 1.000000000000000000, -0.000000000000000000 ) ) ;
#1652 = CARTESIAN_POINT ( 'NONE',  ( 6.999999999999984013, 0.000000000000000000, -575.0000000000000000 ) ) ;
#1653 = CARTESIAN_POINT ( 'NONE',  ( 71.88460016740160086, 12.42206749193156945, 0.000000000000000000 ) ) ;
#1654 = CARTESIAN_POINT ( 'NONE',  ( 0.8395025057412173197, 12.12430854171252292, -324.9994005812927753 ) ) ;
#1655 = EDGE_LOOP ( 'NONE', ( #6423, #6193, #2296, #3229, #5292, #1424, #948, #4769, #2147, #2800, #4448, #6346, #2428, #4469 ) ) ;
#1656 = ADVANCED_FACE ( 'NONE', ( #509 ), #3555, .T. ) ;
#1657 = ORIENTED_EDGE ( 'NONE', *, *, #386, .T. ) ;
#1658 = PLANE ( 'NONE',  #2012 ) ;
#1659 = CARTESIAN_POINT ( 'NONE',  ( 174.3702122165313142, -0.03622447489963208367, -479.0500000000001251 ) ) ;
#1660 = B_SPLINE_CURVE_WITH_KNOTS ( 'NONE', 3,
 ( #4250, #2264, #1776, #4341 ),
 .UNSPECIFIED., .F., .F.,
 ( 4, 4 ),
 ( 1.479767169764134706E-17, 0.0002826009953595646118 ),
 .UNSPECIFIED. ) ;
#1661 = ORIENTED_EDGE ( 'NONE', *, *, #800, .F. ) ;
#1662 = CARTESIAN_POINT ( 'NONE',  ( 5.857855529986393250, -3.248022114755141576, -249.4522418550423311 ) ) ;
#1663 = CARTESIAN_POINT ( 'NONE',  ( -15.08622913825674594, 0.6813087338588056374, -340.0032017504339592 ) ) ;
#1664 = CARTESIAN_POINT ( 'NONE',  ( 39.67911437448024969, -4.033308628665886353, -480.0008996906105381 ) ) ;
#1665 = EDGE_CURVE ( 'NONE', #4612, #671, #3126, .T. ) ;
#1666 = ORIENTED_EDGE ( 'NONE', *, *, #1142, .T. ) ;
#1667 = CARTESIAN_POINT ( 'NONE',  ( -15.50633102485560855, 2.859178434559378701, -250.0293445678682929 ) ) ;
#1668 = CARTESIAN_POINT ( 'NONE',  ( 212.8085028671443126, -6.250165417240246768, -574.9999999999997726 ) ) ;
#1669 = CARTESIAN_POINT ( 'NONE',  ( -15.90097703780482874, 2.101247770661504699, -250.0287261585734768 ) ) ;
#1670 = CARTESIAN_POINT ( 'NONE',  ( -11.13955254312302756, 6.256457037619903794, -479.0499999999998977 ) ) ;
#1671 = CARTESIAN_POINT ( 'NONE',  ( -8.601005439719308754, -16.66984871630861065, -264.9999999999999432 ) ) ;
#1672 = ORIENTED_EDGE ( 'NONE', *, *, #1418, .F. ) ;
#1673 = CARTESIAN_POINT ( 'NONE',  ( 35.17394061859650378, 12.96703941266235383, 0.000000000000000000 ) ) ;
#1674 = CARTESIAN_POINT ( 'NONE',  ( 174.2622533847496129, -0.1317686381349781888, -480.0000258768971548 ) ) ;
#1675 = CARTESIAN_POINT ( 'NONE',  ( 14.98164931854323001, -3.598041074966630504, -324.9999999999999432 ) ) ;
#1676 = LINE ( 'NONE', #610, #3888 ) ;
#1677 = CARTESIAN_POINT ( 'NONE',  ( -60.00000000000000000, -12.50000000000003553, -264.9999999999998863 ) ) ;
#1678 = EDGE_CURVE ( 'NONE', #941, #1635, #6260, .T. ) ;
#1679 = CARTESIAN_POINT ( 'NONE',  ( -28.15311426788785099, 10.95819445035775352, -264.9999999999998295 ) ) ;
#1680 = CARTESIAN_POINT ( 'NONE',  ( -11.67175254474031298, 5.856355565867057855, -324.9999999999923830 ) ) ;
#1681 = DIRECTION ( 'NONE',  ( -1.000000000000000000, 0.000000000000000000, 0.000000000000000000 ) ) ;
#1682 = CARTESIAN_POINT ( 'NONE',  ( 63.09932674254688578, -4.216985242450103755, 0.000000000000000000 ) ) ;
#1683 = PLANE ( 'NONE',  #2951 ) ;
#1684 = CARTESIAN_POINT ( 'NONE',  ( 14.38036213204368252, -3.573381496663068813, -323.0122974911442384 ) ) ;
#1685 = CYLINDRICAL_SURFACE ( 'NONE', #4618, 5.000000000000004441 ) ;
#1686 = CARTESIAN_POINT ( 'NONE',  ( 26.38787797585424499, 13.01615533132223490, -480.0000000000000000 ) ) ;
#1687 = CARTESIAN_POINT ( 'NONE',  ( 45.00000000000000711, 7.999999999999998224, -4.000000000000000000 ) ) ;
#1688 = VERTEX_POINT ( 'NONE', #4812 ) ;
#1689 = EDGE_LOOP ( 'NONE', ( #6020, #3477, #1296, #895 ) ) ;
#1690 = CARTESIAN_POINT ( 'NONE',  ( -30.09692654640665310, 12.49999999999996625, -319.9999999999998863 ) ) ;
#1691 = CARTESIAN_POINT ( 'NONE',  ( 185.5524404722746965, -24.63932658037095180, -575.0000000000000000 ) ) ;
#1692 = ADVANCED_FACE ( 'NONE', ( #364 ), #1218, .F. ) ;
#1693 = EDGE_LOOP ( 'NONE', ( #2786, #5393, #3023, #4426 ) ) ;
#1694 = CARTESIAN_POINT ( 'NONE',  ( 39.67911437448025680, -12.00000000000000000, -575.0000000000000000 ) ) ;
#1695 = CARTESIAN_POINT ( 'NONE',  ( -16.07132379744119888, 1.834143847369885227, -340.0238571477956953 ) ) ;
#1696 = CIRCLE ( 'NONE', #2730, 2.000000000000001776 ) ;
#1697 = CARTESIAN_POINT ( 'NONE',  ( 84.81863594000658679, -3.536826555461866750, -479.9984998959654945 ) ) ;
#1698 = VERTEX_POINT ( 'NONE', #5833 ) ;
#1699 = CARTESIAN_POINT ( 'NONE',  ( 43.72886320769131885, -4.062995634197422490, -480.0000000000003411 ) ) ;
#1700 = CARTESIAN_POINT ( 'NONE',  ( 166.0954341855673988, 2.158858620750727209, -479.9999999999996021 ) ) ;
#1701 = AXIS2_PLACEMENT_3D ( 'NONE', #2958, #6368, #949 ) ;
#1702 = EDGE_CURVE ( 'NONE', #2523, #2957, #5709, .T. ) ;
#1703 = CARTESIAN_POINT ( 'NONE',  ( -15.85345521925348322, 2.267638122645787124, -250.0295725460602227 ) ) ;
#1704 = CARTESIAN_POINT ( 'NONE',  ( -41.52672874481651633, 7.612770042823796324, -575.0000000000000000 ) ) ;
#1705 = CARTESIAN_POINT ( 'NONE',  ( 5.669845028346476745, -18.16872098369670852, -264.9999999999999432 ) ) ;
#1706 = CARTESIAN_POINT ( 'NONE',  ( 11.77287296290922392, 11.77076995481561106, -480.0000000000000000 ) ) ;
#1707 = CIRCLE ( 'NONE', #2838, 0.9999999999999940048 ) ;
#1708 = VECTOR ( 'NONE', #733, 1000.000000000000000 ) ;
#1709 = CARTESIAN_POINT ( 'NONE',  ( -2.053277923762103274, 12.49999999999996625, -328.8530532117998177 ) ) ;
#1710 = VECTOR ( 'NONE', #907, 1000.000000000000114 ) ;
#1711 = CARTESIAN_POINT ( 'NONE',  ( 20.00000000000000000, 3.570561577078505078, 0.000000000000000000 ) ) ;
#1712 = LINE ( 'NONE', #4120, #1614 ) ;
#1713 = CARTESIAN_POINT ( 'NONE',  ( -22.89747187954614205, 16.39997668664317843, -264.9999999999998863 ) ) ;
#1714 = CARTESIAN_POINT ( 'NONE',  ( -15.91324493927840855, 20.44403952622422338, -324.9999999999998863 ) ) ;
#1715 = CARTESIAN_POINT ( 'NONE',  ( 33.78373921969434690, -3.992564410384912499, -480.0000000000000000 ) ) ;
#1716 = CARTESIAN_POINT ( 'NONE',  ( 198.5652655127901198, -1.318388846169957107, -549.9999999999998863 ) ) ;
#1717 = CARTESIAN_POINT ( 'NONE',  ( 90.00000000000001421, 3.570561577078521953, 0.000000000000000000 ) ) ;
#1718 = CARTESIAN_POINT ( 'NONE',  ( 161.9464344715140385, 2.828133722254409399, -480.0000000000000000 ) ) ;
#1719 = CARTESIAN_POINT ( 'NONE',  ( 145.6762342485817783, 5.169712634065352752, 0.000000000000000000 ) ) ;
#1720 = CARTESIAN_POINT ( 'NONE',  ( 2.000000000000002220, 14.26393202250021375, -549.9999999999998863 ) ) ;
#1721 = VERTEX_POINT ( 'NONE', #1255 ) ;
#1722 = ORIENTED_EDGE ( 'NONE', *, *, #3641, .T. ) ;
#1723 = CARTESIAN_POINT ( 'NONE',  ( 3.870938009527595369, 10.56778882003283471, -479.9970146764175638 ) ) ;
#1724 = CARTESIAN_POINT ( 'NONE',  ( 200.3498508988901108, -14.97849815075534075, -574.9999999999997726 ) ) ;
#1725 = ORIENTED_EDGE ( 'NONE', *, *, #2843, .T. ) ;
#1726 = CARTESIAN_POINT ( 'NONE',  ( 68.50000000000000000, -7.000000000000000000, -338.9999999999999432 ) ) ;
#1727 = EDGE_CURVE ( 'NONE', #4383, #1601, #5331, .T. ) ;
#1728 = CARTESIAN_POINT ( 'NONE',  ( -16.08063375500058001, 1.920125447498687965, -340.0256969969007628 ) ) ;
#1729 = FACE_BOUND ( 'NONE', #4215, .T. ) ;
#1730 = ORIENTED_EDGE ( 'NONE', *, *, #5349, .F. ) ;
#1731 = CARTESIAN_POINT ( 'NONE',  ( 52.19044544990623535, -4.053465007832254940, -479.9999999999996021 ) ) ;
#1732 = CARTESIAN_POINT ( 'NONE',  ( 212.4047248808402912, -6.723837870989910925, -574.9999999999997726 ) ) ;
#1733 = ADVANCED_FACE ( 'NONE', ( #2233 ), #253, .T. ) ;
#1734 = CARTESIAN_POINT ( 'NONE',  ( -2.935141295689561503, -12.50000000000003553, -272.4565264539206169 ) ) ;
#1735 = CARTESIAN_POINT ( 'NONE',  ( -20.43340507770823322, -12.49999999999949729, -265.3304215834032220 ) ) ;
#1736 = LINE ( 'NONE', #5796, #6166 ) ;
#1737 = EDGE_LOOP ( 'NONE', ( #2143, #4898, #5495, #6153 ) ) ;
#1738 = DIRECTION ( 'NONE',  ( -1.000000000000000000, 0.000000000000000000, 0.000000000000000000 ) ) ;
#1739 = CARTESIAN_POINT ( 'NONE',  ( 14.99999999999998579, 0.000000000000000000, -519.9999999999998863 ) ) ;
#1740 = EDGE_CURVE ( 'NONE', #2531, #5249, #972, .T. ) ;
#1741 = B_SPLINE_CURVE_WITH_KNOTS ( 'NONE', 3,
 ( #3315, #5753, #3767, #4804, #2391, #1331, #1913, #357, #3405, #5268, #2336, #4323, #4380, #6304, #388, #3900, #3862, #2363, #3833, #1785, #1361, #916, #5324, #5846 ),
 .UNSPECIFIED., .F., .F.,
 ( 4, 2, 2, 2, 2, 2, 2, 2, 2, 2, 2, 4 ),
 ( 3.469446951953614189E-18, 0.004114467249547449669, 0.006171700874321173202, 0.007200317686708014586, 0.008228934499094855970, 0.01028616812386853700, 0.01234340174864221977, 0.01440063537341589907, 0.01645786899818958357, 0.02057233624773690400, 0.02468680349728423137, 0.03291573799637882713 ),
 .UNSPECIFIED. ) ;
#1742 = CARTESIAN_POINT ( 'NONE',  ( 179.6758378702645302, -0.3878923695565453800, 0.000000000000000000 ) ) ;
#1743 = CARTESIAN_POINT ( 'NONE',  ( -15.83823981413625859, 1.199906216083047594, -480.0003423033646186 ) ) ;
#1744 = CARTESIAN_POINT ( 'NONE',  ( -14.87751926596840057, 3.573441590339510032, -250.0282911383903013 ) ) ;
#1745 = CARTESIAN_POINT ( 'NONE',  ( 2.519334166746918235, 10.14630727114483655, -340.0178055068651588 ) ) ;
#1746 = EDGE_CURVE ( 'NONE', #2436, #6431, #5648, .T. ) ;
#1747 = DIRECTION ( 'NONE',  ( 0.001796295947585971114, 0.000000000000000000, 0.9999983866591329873 ) ) ;
#1748 = CARTESIAN_POINT ( 'NONE',  ( -8.906159501182635552, 11.02221591066348694, -260.0048049913849013 ) ) ;
#1749 = LINE ( 'NONE', #1873, #1394 ) ;
#1750 = CARTESIAN_POINT ( 'NONE',  ( 71.43994283632757458, 12.72040483817028367, -484.8000000000000114 ) ) ;
#1751 = ORIENTED_EDGE ( 'NONE', *, *, #5822, .T. ) ;
#1752 = ORIENTED_EDGE ( 'NONE', *, *, #6427, .F. ) ;
#1753 = CARTESIAN_POINT ( 'NONE',  ( 8.391589588009939149, 11.28757873575098181, -480.0013195822082821 ) ) ;
#1754 = FACE_BOUND ( 'NONE', #5132, .T. ) ;
#1755 = ORIENTED_EDGE ( 'NONE', *, *, #3683, .T. ) ;
#1756 = CARTESIAN_POINT ( 'NONE',  ( 14.36775139842769633, -3.601610448989269742, -279.8100118597557753 ) ) ;
#1757 = CARTESIAN_POINT ( 'NONE',  ( 74.00000000000002842, -3.864268710864199541, -319.9999999999942020 ) ) ;
#1758 = CARTESIAN_POINT ( 'NONE',  ( 139.9999999999999716, 16.00000000000000000, -549.9999999999998863 ) ) ;
#1759 = ADVANCED_FACE ( 'NONE', ( #3753 ), #6323, .F. ) ;
#1760 = EDGE_CURVE ( 'NONE', #1005, #4420, #2698, .T. ) ;
#1761 = EDGE_LOOP ( 'NONE', ( #2009, #4023 ) ) ;
#1762 = FACE_OUTER_BOUND ( 'NONE', #3970, .T. ) ;
#1763 = CARTESIAN_POINT ( 'NONE',  ( 179.6040326440289903, -0.3698634020131247313, -479.9999999999986926 ) ) ;
#1764 = CARTESIAN_POINT ( 'NONE',  ( 14.37860870813354452, -3.577309666831136159, -316.9999999999998295 ) ) ;
#1765 = CARTESIAN_POINT ( 'NONE',  ( -20.56861072866121631, -8.673705487002742132, -264.4155141519374297 ) ) ;
#1766 = CARTESIAN_POINT ( 'NONE',  ( 61.00000000000000000, -15.99999999999998579, -549.9999999999998863 ) ) ;
#1767 = ORIENTED_EDGE ( 'NONE', *, *, #5822, .F. ) ;
#1768 = CARTESIAN_POINT ( 'NONE',  ( 137.7099006076980459, 6.236224490646814722, 0.000000000000000000 ) ) ;
#1769 = CARTESIAN_POINT ( 'NONE',  ( -19.47490558204574285, -8.846363074907339197, -325.7072622327901286 ) ) ;
#1770 = CARTESIAN_POINT ( 'NONE',  ( 73.22275164550062243, -4.044607191464002938, 0.000000000000000000 ) ) ;
#1771 = CARTESIAN_POINT ( 'NONE',  ( -1.072498027872152093, 12.49999999999996625, -291.6666653639550191 ) ) ;
#1772 = CARTESIAN_POINT ( 'NONE',  ( -15.75706340212518519, 2.478705704095986562, -250.0297786934827968 ) ) ;
#1773 = CARTESIAN_POINT ( 'NONE',  ( 0.8529341365811686781, 12.11003102274575127, -258.2411202144174354 ) ) ;
#1774 = CARTESIAN_POINT ( 'NONE',  ( 1.663974321960739022, 11.81522128885569067, -332.8651838616200394 ) ) ;
#1775 = ADVANCED_FACE ( 'NONE', ( #2032, #1513, #5905 ), #5198, .T. ) ;
#1776 = CARTESIAN_POINT ( 'NONE',  ( 1.270908267878423814, -10.20691324014755530, -262.9379771391518830 ) ) ;
#1777 = CARTESIAN_POINT ( 'NONE',  ( 61.00000000000000000, -15.99999999999998579, -575.0000000000000000 ) ) ;
#1778 = FACE_OUTER_BOUND ( 'NONE', #5355, .T. ) ;
#1779 = CARTESIAN_POINT ( 'NONE',  ( -15.76438348102990261, 1.253764098753179290, -340.0107432723267493 ) ) ;
#1780 = ORIENTED_EDGE ( 'NONE', *, *, #1554, .T. ) ;
#1781 = EDGE_LOOP ( 'NONE', ( #1970, #5500, #2458, #1780 ) ) ;
#1782 = DIRECTION ( 'NONE',  ( -1.000000000000000000, -0.000000000000000000, -0.000000000000000000 ) ) ;
#1783 = CARTESIAN_POINT ( 'NONE',  ( 169.7291883310395519, -0.05975246596725809073, -480.0000000000004547 ) ) ;
#1784 = VERTEX_POINT ( 'NONE', #4280 ) ;
#1785 = CARTESIAN_POINT ( 'NONE',  ( -8.996564987064955332, 11.04732106144026638, -330.0797741714104063 ) ) ;
#1786 = CARTESIAN_POINT ( 'NONE',  ( -18.45821394036588003, 9.622274660929143408, -262.6381679713567792 ) ) ;
#1787 = LINE ( 'NONE', #5208, #4492 ) ;
#1788 = VERTEX_POINT ( 'NONE', #5261 ) ;
#1789 = CARTESIAN_POINT ( 'NONE',  ( -26.90840272497117525, -7.648808451554822696, -324.9999999999998863 ) ) ;
#1790 = CARTESIAN_POINT ( 'NONE',  ( 176.9429910858968640, 0.1370354763072245963, -479.0499999999998408 ) ) ;
#1791 = CARTESIAN_POINT ( 'NONE',  ( -6.544326813341157845, -1.764943950733252498, -324.9999999999924398 ) ) ;
#1792 = DIRECTION ( 'NONE',  ( 0.8837879163470617749, 0.4678877204190325934, 0.000000000000000000 ) ) ;
#1793 = AXIS2_PLACEMENT_3D ( 'NONE', #1910, #3926, #3897 ) ;
#1794 = CARTESIAN_POINT ( 'NONE',  ( 39.50000000000000711, -4.128647816103963031, -319.9999999999906777 ) ) ;
#1795 = ORIENTED_EDGE ( 'NONE', *, *, #5040, .F. ) ;
#1796 = CARTESIAN_POINT ( 'NONE',  ( 81.25218673661291291, 12.12559590239015073, -484.8000000000000114 ) ) ;
#1797 = ADVANCED_FACE ( 'NONE', ( #1324 ), #1353, .F. ) ;
#1798 = DIRECTION ( 'NONE',  ( 1.000000000000000000, 0.000000000000000000, 0.000000000000000000 ) ) ;
#1799 = VECTOR ( 'NONE', #1249, 1000.000000000000000 ) ;
#1800 = CARTESIAN_POINT ( 'NONE',  ( -60.00000000000000000, -12.50000000000003553, -269.9999999999998863 ) ) ;
#1801 = CARTESIAN_POINT ( 'NONE',  ( -16.15467919353357473, 1.566626353732711419, -479.9998706501625065 ) ) ;
#1802 = CIRCLE ( 'NONE', #5644, 2.000000000000001776 ) ;
#1803 = CARTESIAN_POINT ( 'NONE',  ( -15.68607039022059269, 1.265650683949626654, -250.0125421574202562 ) ) ;
#1804 = CARTESIAN_POINT ( 'NONE',  ( -49.99999999999999289, 6.999999999999926281, -294.9999999999999432 ) ) ;
#1805 = DIRECTION ( 'NONE',  ( -0.000000000000000000, 1.000000000000000000, -0.000000000000000000 ) ) ;
#1806 = AXIS2_PLACEMENT_3D ( 'NONE', #729, #2210, #791 ) ;
#1807 = AXIS2_PLACEMENT_3D ( 'NONE', #6293, #2321, #4859 ) ;
#1808 = LINE ( 'NONE', #1351, #2849 ) ;
#1809 = DIRECTION ( 'NONE',  ( 0.000000000000000000, 0.000000000000000000, 1.000000000000000000 ) ) ;
#1810 = CARTESIAN_POINT ( 'NONE',  ( 3.194862088203390016, -7.847866089760761277, -328.8415263199252649 ) ) ;
#1811 = CARTESIAN_POINT ( 'NONE',  ( -26.65718213120668167, -9.071710798873931836, -324.9999999999998295 ) ) ;
#1812 = ORIENTED_EDGE ( 'NONE', *, *, #3132, .T. ) ;
#1813 = VECTOR ( 'NONE', #3595, 1000.000000000000000 ) ;
#1814 = ORIENTED_EDGE ( 'NONE', *, *, #5863, .F. ) ;
#1815 = CARTESIAN_POINT ( 'NONE',  ( -49.99999999999999289, 5.551115123125782702E-14, -287.9999999999998295 ) ) ;
#1816 = B_SPLINE_SURFACE_WITH_KNOTS ( 'NONE', 3, 1, ( 
 ( #3183, #4156, #5062 ),
 ( #4056, #5162, #1553 ),
 ( #3533, #5518, #2587 ),
 ( #5093, #1064, #6078 ),
 ( #6142, #6111, #1649 ),
 ( #1160, #4539, #1101 ),
 ( #3662, #222, #188 ),
 ( #4123, #4638, #1196 ),
 ( #3114, #4570, #122 ),
 ( #4669, #3045, #646 ),
 ( #717, #1130, #3145 ),
 ( #6013, #2197, #5029 ),
 ( #581, #2618, #2557 ),
 ( #4603, #88, #3629 ),
 ( #5125, #158, #4090 ),
 ( #2069, #6043, #1585 ),
 ( #2135, #3563, #5554 ),
 ( #1682, #3082, #616 ),
 ( #2100, #1619, #2658 ),
 ( #2167, #3599, #5585 ),
 ( #6174, #1715, #3699 ),
 ( #5190, #746, #5680 ),
 ( #2717, #1230, #4697 ),
 ( #254, #3213, #4188 ),
 ( #1153, #182, #6034 ),
 ( #3105, #672, #6066 ),
 ( #81, #1611, #1183 ),
 ( #2159, #113, #146 ),
 ( #3553, #708, #5638 ),
 ( #5054, #1123, #6164 ),
 ( #3591, #1576, #5116 ),
 ( #2679, #1091, #5018 ),
 ( #607, #2649, #4631 ),
 ( #5578, #5086, #5152 ),
 ( #4116, #638, #3652 ),
 ( #212, #3171, #2091 ),
 ( #3074, #2189, #570 ),
 ( #2549, #4529, #2609 ),
 ( #4592, #5608, #5541 ),
 ( #5672, #1706, #2127 ),
 ( #4661, #6104, #3138 ),
 ( #3690, #4179, #4079 ),
 ( #1673, #3035, #2580 ),
 ( #1641, #3621, #2061 ),
 ( #4045, #4147, #6133 ),
 ( #4561, #4820, #4301 ),
 ( #6286, #2256, #282 ),
 ( #5279, #4241, #1796 ),
 ( #2284, #804, #3780 ),
 ( #4270, #3844, #6317 ),
 ( #2313, #5307, #308 ),
 ( #4785, #1833, #6226 ),
 ( #3815, #2832, #1250 ),
 ( #1768, #3748, #1223 ),
 ( #740, #6253, #5732 ),
 ( #2774, #2801, #1279 ),
 ( #3206, #369, #244 ),
 ( #5183, #5768, #2225 ),
 ( #1314, #2346, #1344 ),
 ( #5798, #2710, #5216 ),
 ( #3266, #768, #2742 ),
 ( #3298, #4216, #6201 ),
 ( #3236, #862, #832 ),
 ( #1863, #3326, #336 ) ),
 .UNSPECIFIED., .T., .F., .F.,
 ( 4, 1, 1, 1, 1, 1, 1, 1, 1, 1, 1, 1, 1, 1, 1, 1, 1, 1, 1, 1, 1, 1, 1, 1, 1, 1, 1, 1, 1, 1, 1, 1, 1, 1, 1, 1, 1, 1, 1, 1, 1, 1, 1, 1, 1, 1, 1, 1, 1, 1, 1, 1, 1, 1, 1, 1, 1, 1, 1, 1, 1, 4 ),
 ( 2, 1, 2 ),
 ( 0.000000000000000000, 0.001683666966304953050, 0.006670281404517641732, 0.01482216673949543484, 0.02596761882520304265, 0.03992174925132252472, 0.05644654153272510300, 0.07526418614325114387, 0.09607132787023986431, 0.1185426355322303227, 0.1423208274011107388, 0.1670598476339375527, 0.1924053398970229090, 0.2180726659120238997, 0.2439536307566957385, 0.2699179134581303208, 0.2956586339458423529, 0.3208759888793142334, 0.3452696200044567121, 0.3685591602400630773, 0.3904845758586830140, 0.4108017201025516707, 0.4292928840289487180, 0.4457676137112793757, 0.4600847857183585354, 0.4721153253472251121, 0.4818134222887942020, 0.4891607564795136254, 0.4942318754870071995, 0.4971465178837387588, 0.4973839657995610120, 0.5002314068393175495, 0.5050719534284533463, 0.5117555016550954239, 0.5203442777400434371, 0.5308696270947534934, 0.5433159956570867699, 0.5576270349270235904, 0.5737162629084708865, 0.5914767705433323641, 0.6107895397454283781, 0.6315042211354557899, 0.6534530063586861948, 0.6764560179584068189, 0.7003060871858559633, 0.7247790380070628924, 0.7496483297091041109, 0.7746610013541470607, 0.7995663428171677634, 0.8240981681227599331, 0.8480027876186548852, 0.8710057716068864142, 0.8928564458171321938, 0.9132887262472768608, 0.9320654160251946596, 0.9489446006755400953, 0.9636994592665341086, 0.9761263699187154863, 0.9861089879417380688, 0.9936020298976229181, 0.9983521454773316428, 1.000000000000000000 ),
 ( 0.000000000000000000, 1.000000000000000000, 1.010000000000000009 ),
 .UNSPECIFIED. ) ;
#1817 = CARTESIAN_POINT ( 'NONE',  ( 185.0000000000000000, -25.00000000000000000, -575.0000000000000000 ) ) ;
#1818 = ADVANCED_FACE ( 'NONE', ( #1778 ), #3892, .F. ) ;
#1819 = CIRCLE ( 'NONE', #4311, 0.9999999999999940048 ) ;
#1820 = ORIENTED_EDGE ( 'NONE', *, *, #2927, .F. ) ;
#1821 = CARTESIAN_POINT ( 'NONE',  ( -10.76501488058691614, 6.317789994853849400, -340.0232489961014721 ) ) ;
#1822 = CARTESIAN_POINT ( 'NONE',  ( -23.58774247418685732, 8.498504970606422404, -264.0928984878174788 ) ) ;
#1823 = FACE_BOUND ( 'NONE', #426, .T. ) ;
#1824 = ORIENTED_EDGE ( 'NONE', *, *, #1282, .T. ) ;
#1825 = DIRECTION ( 'NONE',  ( 0.000000000000000000, 0.000000000000000000, -1.000000000000000000 ) ) ;
#1826 = CARTESIAN_POINT ( 'NONE',  ( 177.8067741883131987, -0.04006042907945268211, -479.0499999999997272 ) ) ;
#1827 = EDGE_CURVE ( 'NONE', #6431, #591, #5021, .T. ) ;
#1828 = CARTESIAN_POINT ( 'NONE',  ( 5.658402608250543864, -18.10802930346503103, -324.9999999999998863 ) ) ;
#1829 = DIRECTION ( 'NONE',  ( 1.000000000000000000, -0.000000000000000000, -0.000000000000000000 ) ) ;
#1830 = DIRECTION ( 'NONE',  ( -1.000000000000000000, -0.000000000000000000, -0.000000000000000000 ) ) ;
#1831 = ADVANCED_FACE ( 'NONE', ( #3281 ), #6236, .F. ) ;
#1832 = VERTEX_POINT ( 'NONE', #815 ) ;
#1833 = CARTESIAN_POINT ( 'NONE',  ( 119.9557465855945111, 8.531411223763484486, -480.0000000000000000 ) ) ;
#1834 = CARTESIAN_POINT ( 'NONE',  ( 1.364357759840075124, -10.05548223317930834, -327.1249178183471713 ) ) ;
#1835 = CARTESIAN_POINT ( 'NONE',  ( -60.00000000000000000, 12.49999999999996625, -269.9999999999998863 ) ) ;
#1836 = CARTESIAN_POINT ( 'NONE',  ( -15.06093830131153055, 0.6304676395996741123, -480.0000919731861018 ) ) ;
#1837 = CARTESIAN_POINT ( 'NONE',  ( -30.91251482838521270, 1.160719046666121246, -265.0000000000000000 ) ) ;
#1838 = CARTESIAN_POINT ( 'NONE',  ( 5.336539538146237049, 10.66297250486471881, -340.0171114211333929 ) ) ;
#1839 = EDGE_CURVE ( 'NONE', #3760, #3808, #4374, .T. ) ;
#1840 = EDGE_CURVE ( 'NONE', #71, #784, #6197, .T. ) ;
#1841 = CARTESIAN_POINT ( 'NONE',  ( 1.999999999999974021, -14.17819011039155441, -549.9999999999998863 ) ) ;
#1842 = CARTESIAN_POINT ( 'NONE',  ( 8.679114374480255023, -2.000000000000000000, -322.9999999999998863 ) ) ;
#1843 = CARTESIAN_POINT ( 'NONE',  ( 90.00000000000001421, 3.570561577078521953, -495.0000000000000000 ) ) ;
#1844 = CARTESIAN_POINT ( 'NONE',  ( 14.24007464849191429, -3.556006602710588549, -339.8420518985921035 ) ) ;
#1845 = CARTESIAN_POINT ( 'NONE',  ( -16.07938604828880358, 1.927366737003544106, -340.0257594654078730 ) ) ;
#1846 = VERTEX_POINT ( 'NONE', #3334 ) ;
#1847 = ORIENTED_EDGE ( 'NONE', *, *, #2400, .T. ) ;
#1848 = CARTESIAN_POINT ( 'NONE',  ( -18.92510047204560664, 12.49999999999996625, -322.4123334247514663 ) ) ;
#1849 = CARTESIAN_POINT ( 'NONE',  ( 51.00000000000021316, -7.000000000000000000, -304.0000000000005684 ) ) ;
#1850 = EDGE_LOOP ( 'NONE', ( #3235, #5601, #2403, #4322, #97 ) ) ;
#1851 = CARTESIAN_POINT ( 'NONE',  ( -2.005401404781419483, 9.198124545117583040, -340.0190648937152673 ) ) ;
#1852 = ADVANCED_FACE ( 'NONE', ( #3308 ), #1007, .F. ) ;
#1853 = CARTESIAN_POINT ( 'NONE',  ( -21.42759650008239447, 8.962471053064874127, -263.5009025533030922 ) ) ;
#1854 = LINE ( 'NONE', #3806, #3458 ) ;
#1855 = ORIENTED_EDGE ( 'NONE', *, *, #2604, .T. ) ;
#1856 = CARTESIAN_POINT ( 'NONE',  ( 1.767796705262135282, -12.50000000000003553, -322.8425330462749230 ) ) ;
#1857 = CARTESIAN_POINT ( 'NONE',  ( 178.1431081779922749, -0.1124920522830294839, -479.9999999999997726 ) ) ;
#1858 = CARTESIAN_POINT ( 'NONE',  ( 14.34502442291422142, -18.57454743076318593, -324.9999999999999432 ) ) ;
#1859 = PLANE ( 'NONE',  #5023 ) ;
#1860 = EDGE_CURVE ( 'NONE', #2305, #5929, #61, .T. ) ;
#1861 = DIRECTION ( 'NONE',  ( 0.000000000000000000, 0.000000000000000000, 1.000000000000000000 ) ) ;
#1862 = ORIENTED_EDGE ( 'NONE', *, *, #2093, .F. ) ;
#1863 = CARTESIAN_POINT ( 'NONE',  ( 179.6758378702645018, -0.3878923695565453245, 0.000000000000000000 ) ) ;
#1864 = PLANE ( 'NONE',  #1495 ) ;
#1865 = CARTESIAN_POINT ( 'NONE',  ( 103.7379580968664214, -2.952794380214587733, 0.000000000000000000 ) ) ;
#1866 = DIRECTION ( 'NONE',  ( 0.000000000000000000, 0.000000000000000000, 1.000000000000000000 ) ) ;
#1867 = CARTESIAN_POINT ( 'NONE',  ( -15.45686007629546665, 1.017108934261364173, -250.0081379678257747 ) ) ;
#1868 = DIRECTION ( 'NONE',  ( 1.000000000000000000, 0.000000000000000000, 0.000000000000000000 ) ) ;
#1869 = CARTESIAN_POINT ( 'NONE',  ( -15.90885572465170661, 3.072923140744744153, -480.0002200524193654 ) ) ;
#1870 = EDGE_CURVE ( 'NONE', #3973, #3814, #3242, .T. ) ;
#1871 = CARTESIAN_POINT ( 'NONE',  ( 71.79239308112136086, -3.906309574942630203, -322.0000000000000568 ) ) ;
#1872 =( BOUNDED_SURFACE ( )  B_SPLINE_SURFACE ( 3, 2, ( 
 ( #3901, #1276, #4351 ),
 ( #5847, #4212, #4381 ),
 ( #5670, #242, #6224 ),
 ( #917, #2222, #6198 ),
 ( #3233, #5213, #2771 ),
 ( #1395, #1735, #1765 ),
 ( #3745, #3263, #1915 ),
 ( #5246, #4753, #389 ),
 ( #2364, #3377, #5361 ),
 ( #946, #1428, #2885 ),
 ( #5391, #974, #4542 ),
 ( #63, #92, #4506 ),
 ( #6399, #1945, #3930 ),
 ( #3051, #24, #4443 ),
 ( #1557, #2493, #2430 ),
 ( #2560, #3506, #2528 ),
 ( #2074, #5917, #5460 ),
 ( #3406, #3018, #1009 ),
 ( #2986, #4998, #945 ),
 ( #4061, #6046, #1455 ),
 ( #5419, #1525, #2461 ),
 ( #2953, #1489, #5390 ) ),
 .UNSPECIFIED., .F., .F., .F. ) 
 B_SPLINE_SURFACE_WITH_KNOTS ( ( 4, 2, 2, 2, 2, 2, 2, 2, 2, 2, 4 ),
 ( 3, 3 ),
 ( 0.000000000000000000, 0.003720203258113864535, 0.007440406516227729070, 0.009300508145284661771, 0.01116060977434159274, 0.01209066058887005995, 0.01302071140339852544, 0.01488081303245545814, 0.01860101629056932354, 0.02232121954868318547, 0.02976162606491091628 ),
 ( 0.000000000000000000, 1.000000000000000000 ),
 .UNSPECIFIED. ) 
 GEOMETRIC_REPRESENTATION_ITEM ( )  RATIONAL_B_SPLINE_SURFACE ( (
 ( 1.000000000000000000, 0.7071067811865496822, 1.000000000000000000),
 ( 1.000000000000000000, 0.7175237716046291014, 1.000000000000000000),
 ( 1.000000000000000000, 0.7292110983834659832, 1.000000000000000000),
 ( 1.000000000000000000, 0.7540494622604304586, 1.000000000000000000),
 ( 1.000000000000000000, 0.7670525468251285783, 1.000000000000000000),
 ( 1.000000000000000000, 0.7857540387016485051, 1.000000000000000000),
 ( 1.000000000000000000, 0.7918392141379367866, 1.000000000000000000),
 ( 1.000000000000000000, 0.8031117322515947121, 1.000000000000000000),
 ( 1.000000000000000000, 0.8083112228208532146, 1.000000000000000000),
 ( 1.000000000000000000, 0.8148317498245488677, 1.000000000000000000),
 ( 1.000000000000000000, 0.8167151092127016287, 1.000000000000000000),
 ( 1.000000000000000000, 0.8204294939185436952, 1.000000000000000000),
 ( 1.000000000000000000, 0.8222175762535715027, 1.000000000000000000),
 ( 1.000000000000000000, 0.8273754847021869141, 1.000000000000000000),
 ( 1.000000000000000000, 0.8305383330822911914, 1.000000000000000000),
 ( 1.000000000000000000, 0.8392379382432045842, 1.000000000000000000),
 ( 1.000000000000000000, 0.8439382119089550160, 1.000000000000000000),
 ( 1.000000000000000000, 0.8516328661259616739, 1.000000000000000000),
 ( 1.000000000000000000, 0.8547076768686336923, 1.000000000000000000),
 ( 1.000000000000000000, 0.8630154341814871843, 1.000000000000000000),
 ( 1.000000000000000000, 0.8670040673512457996, 1.000000000000000000),
 ( 1.000000000000000000, 0.8702951777803957789, 1.000000000000000000) ) ) 
 REPRESENTATION_ITEM ( '' )  SURFACE ( )  );
#1873 = CARTESIAN_POINT ( 'NONE',  ( 50.00000000000000000, 5.000000000000000000, 0.000000000000000000 ) ) ;
#1874 = CARTESIAN_POINT ( 'NONE',  ( 1.686159746168428786, 11.78872327819362198, -257.2762430767535307 ) ) ;
#1875 = CARTESIAN_POINT ( 'NONE',  ( -31.06265803211145737, 2.866327503774441343, -324.9999999999998863 ) ) ;
#1876 = EDGE_LOOP ( 'NONE', ( #447, #3438, #5841, #2046 ) ) ;
#1877 = ORIENTED_EDGE ( 'NONE', *, *, #2570, .F. ) ;
#1878 = CARTESIAN_POINT ( 'NONE',  ( -22.20748373693268718, 12.49999999999996625, -325.3320740720320146 ) ) ;
#1879 = CARTESIAN_POINT ( 'NONE',  ( 179.6754245662745575, -0.3772995413235009643, -433.9999999999986926 ) ) ;
#1880 = VERTEX_POINT ( 'NONE', #830 ) ;
#1881 = CARTESIAN_POINT ( 'NONE',  ( 6.503078727895487354, 10.85427226764084097, -340.0168607216341456 ) ) ;
#1882 = FACE_OUTER_BOUND ( 'NONE', #693, .T. ) ;
#1883 = CARTESIAN_POINT ( 'NONE',  ( -17.26345039808248671, 12.50000000000059508, -263.7347260316270763 ) ) ;
#1884 = DIRECTION ( 'NONE',  ( 1.000000000000000000, 0.000000000000000000, 0.000000000000000000 ) ) ;
#1885 = VERTEX_POINT ( 'NONE', #894 ) ;
#1886 = CYLINDRICAL_SURFACE ( 'NONE', #2227, 5.000000000000004441 ) ;
#1887 = CARTESIAN_POINT ( 'NONE',  ( 179.3582865536828024, -0.3047324213387080927, -479.0499999999997272 ) ) ;
#1888 = CARTESIAN_POINT ( 'NONE',  ( -14.11277527169633572, 0.1749153407574620678, -339.9978068153930053 ) ) ;
#1889 = DIRECTION ( 'NONE',  ( 0.000000000000000000, 0.000000000000000000, -1.000000000000000000 ) ) ;
#1890 = CARTESIAN_POINT ( 'NONE',  ( -31.01045546406158238, 0.3686719980292207377, -324.9999999999999432 ) ) ;
#1891 = ORIENTED_EDGE ( 'NONE', *, *, #3520, .F. ) ;
#1892 = CARTESIAN_POINT ( 'NONE',  ( 69.96002551357447885, -3.939897644751348960, -319.0000000000000568 ) ) ;
#1893 = CARTESIAN_POINT ( 'NONE',  ( 191.2567060152105967, 20.91516612671801312, -574.9999999999997726 ) ) ;
#1894 = EDGE_CURVE ( 'NONE', #1940, #5526, #4214, .T. ) ;
#1895 = CARTESIAN_POINT ( 'NONE',  ( -34.23051983957929423, -12.44491452042609581, -574.9999999999997726 ) ) ;
#1896 = LINE ( 'NONE', #3881, #3275 ) ;
#1897 = CARTESIAN_POINT ( 'NONE',  ( -30.63522004291849044, 4.945623400406416792, -264.9999999999997726 ) ) ;
#1898 = CARTESIAN_POINT ( 'NONE',  ( 72.74699105597053972, -3.821597671889568115, -484.8000000000000114 ) ) ;
#1899 = CIRCLE ( 'NONE', #5014, 2.000000000000001776 ) ;
#1900 = CARTESIAN_POINT ( 'NONE',  ( 37.67878978500454679, -12.00000000000000000, -516.0314967424118322 ) ) ;
#1901 = DIRECTION ( 'NONE',  ( -1.000000000000000000, 0.000000000000000000, -0.000000000000000000 ) ) ;
#1902 = VECTOR ( 'NONE', #2687, 1000.000000000000000 ) ;
#1903 = VECTOR ( 'NONE', #2665, 1000.000000000000000 ) ;
#1904 = CARTESIAN_POINT ( 'NONE',  ( -1.074592220346777038, 12.49999999999996625, -285.0000000098531245 ) ) ;
#1905 = CARTESIAN_POINT ( 'NONE',  ( 137.6758406867323004, 6.319836158831440009, -434.0000000000000000 ) ) ;
#1906 = CARTESIAN_POINT ( 'NONE',  ( -30.27647876494215140, -3.035496423580092529, -324.9999999999998295 ) ) ;
#1907 = ORIENTED_EDGE ( 'NONE', *, *, #2154, .T. ) ;
#1908 = ORIENTED_EDGE ( 'NONE', *, *, #1066, .T. ) ;
#1909 = CIRCLE ( 'NONE', #2424, 2.000000000000002220 ) ;
#1910 = CARTESIAN_POINT ( 'NONE',  ( 155.0000000000000000, 0.000000000000000000, -519.9999999999998863 ) ) ;
#1911 = VECTOR ( 'NONE', #4124, 1000.000000000000000 ) ;
#1912 = ORIENTED_EDGE ( 'NONE', *, *, #5314, .F. ) ;
#1913 = CARTESIAN_POINT ( 'NONE',  ( -23.39866133895455746, 8.575241408258847287, -326.0171647096599941 ) ) ;
#1914 = CIRCLE ( 'NONE', #884, 10.00000000000000178 ) ;
#1915 = CARTESIAN_POINT ( 'NONE',  ( -19.94866458275881627, -8.769775736245316367, -264.3442903505757045 ) ) ;
#1916 = CARTESIAN_POINT ( 'NONE',  ( -17.77045673778746249, 9.763440278068181044, -262.4393379743802370 ) ) ;
#1917 = EDGE_LOOP ( 'NONE', ( #1751, #166, #1438, #5385 ) ) ;
#1918 = CARTESIAN_POINT ( 'NONE',  ( 7.927310463628234771, 11.07494245536358513, -339.2537217306396542 ) ) ;
#1919 = VERTEX_POINT ( 'NONE', #3350 ) ;
#1920 = CARTESIAN_POINT ( 'NONE',  ( -8.541269473587719929, -9.735927021134290982, -326.6313106508997635 ) ) ;
#1921 = CARTESIAN_POINT ( 'NONE',  ( 179.4675437254908275, -0.3778173778044193187, -479.9999999999997726 ) ) ;
#1922 = CARTESIAN_POINT ( 'NONE',  ( -18.43084371411104172, -14.23467673444179127, -324.9999999999999432 ) ) ;
#1923 = AXIS2_PLACEMENT_3D ( 'NONE', #2805, #6256, #285 ) ;
#1924 = CARTESIAN_POINT ( 'NONE',  ( 34.72591049014457099, -4.085974099216283406, -323.8080241993352502 ) ) ;
#1925 = EDGE_LOOP ( 'NONE', ( #4963, #5365, #5596, #2488 ) ) ;
#1926 = CARTESIAN_POINT ( 'NONE',  ( 68.75311026054055219, 12.83333578151095189, -479.9973290466480762 ) ) ;
#1927 = DIRECTION ( 'NONE',  ( -1.000000000000000000, 0.000000000000000000, 0.000000000000000000 ) ) ;
#1928 = CARTESIAN_POINT ( 'NONE',  ( -5.234964684927688516, -1.892932389385195702, -480.0000000000007390 ) ) ;
#1929 = CARTESIAN_POINT ( 'NONE',  ( 179.6754372704052969, -0.3773280571193423638, -180.0000000000034106 ) ) ;
#1930 = CARTESIAN_POINT ( 'NONE',  ( -13.02174045481014275, -0.2585652217169084888, -264.9999999999999432 ) ) ;
#1931 = EDGE_CURVE ( 'NONE', #3381, #3015, #4726, .T. ) ;
#1932 = CARTESIAN_POINT ( 'NONE',  ( 141.3725263969657817, -0.7072185964306322292, -480.0000000000000000 ) ) ;
#1933 = FILL_AREA_STYLE ('',( #4829 ) ) ;
#1934 = CARTESIAN_POINT ( 'NONE',  ( -49.99999999999999289, -7.000000000000047073, -293.5999999999998522 ) ) ;
#1935 = CARTESIAN_POINT ( 'NONE',  ( -1.061357462823528941, 12.49999999999996625, -327.0867125572160603 ) ) ;
#1936 = DIRECTION ( 'NONE',  ( 0.000000000000000000, 0.000000000000000000, 1.000000000000000000 ) ) ;
#1937 = CARTESIAN_POINT ( 'NONE',  ( 2.634352869758673332, 10.05963253343986707, -250.0178202198768531 ) ) ;
#1938 = EDGE_CURVE ( 'NONE', #3284, #3021, #802, .T. ) ;
#1939 = CARTESIAN_POINT ( 'NONE',  ( -15.00631997149708496, 3.645134239846506308, -324.9999999999395754 ) ) ;
#1940 = VERTEX_POINT ( 'NONE', #3719 ) ;
#1941 = ORIENTED_EDGE ( 'NONE', *, *, #613, .T. ) ;
#1942 = CARTESIAN_POINT ( 'NONE',  ( -60.00000000000000000, 7.499999999999966249, -269.9999999999998863 ) ) ;
#1943 = EDGE_LOOP ( 'NONE', ( #307, #3098, #5864, #2014 ) ) ;
#1944 = DIRECTION ( 'NONE',  ( 0.000000000000000000, 0.000000000000000000, -1.000000000000000000 ) ) ;
#1945 = CARTESIAN_POINT ( 'NONE',  ( -15.66671470232538965, -12.50000000000030376, -265.1314403601742811 ) ) ;
#1946 = CARTESIAN_POINT ( 'NONE',  ( -13.72423699102757588, 12.49999999999996625, -262.8493058056437803 ) ) ;
#1947 = ORIENTED_EDGE ( 'NONE', *, *, #3089, .T. ) ;
#1948 = CARTESIAN_POINT ( 'NONE',  ( 33.67911437448026390, -2.000000000000000000, -575.0000000000000000 ) ) ;
#1949 = VERTEX_POINT ( 'NONE', #3234 ) ;
#1950 = CARTESIAN_POINT ( 'NONE',  ( -15.87040646587058212, -9.252142740434598167, -326.0641704801435594 ) ) ;
#1951 = CARTESIAN_POINT ( 'NONE',  ( 179.1072942124711460, -0.2919202775254692850, -479.0500000000005230 ) ) ;
#1952 = CARTESIAN_POINT ( 'NONE',  ( -10.27126922816944798, -1.048832187050995346, -325.0000000000302407 ) ) ;
#1953 = CARTESIAN_POINT ( 'NONE',  ( 33.18491084801155466, -4.058534253710589290, -338.5347363842091113 ) ) ;
#1954 = EDGE_CURVE ( 'NONE', #486, #1688, #4299, .T. ) ;
#1955 = EDGE_CURVE ( 'NONE', #456, #4845, #31, .T. ) ;
#1956 = CARTESIAN_POINT ( 'NONE',  ( 27.35960417221473762, -3.977684907470543596, -318.4992194484165680 ) ) ;
#1957 = ORIENTED_EDGE ( 'NONE', *, *, #1740, .T. ) ;
#1958 = CARTESIAN_POINT ( 'NONE',  ( 185.0000000000000000, 25.00000000000000000, -575.0000000000000000 ) ) ;
#1959 = CARTESIAN_POINT ( 'NONE',  ( -8.430276949506028572, -9.760831064357471831, -263.3344006934922845 ) ) ;
#1960 = B_SPLINE_CURVE_WITH_KNOTS ( 'NONE', 3,
 ( #248, #6290, #6229, #4761, #312, #2287, #1253, #5735, #4273, #743, #1801, #4220, #1743, #2749, #1836, #3788, #5773, #6321, #1317, #3301, #5801, #836, #1347, #3329, #865, #4070, #4399, #596, #6384, #5344, #5569, #3095, #2869, #4365, #135, #405, #1569, #2599, #2083, #2116, #103, #6055, #6351, #2571 ),
 .UNSPECIFIED., .F., .F.,
 ( 4, 2, 2, 2, 2, 2, 2, 2, 2, 2, 2, 2, 2, 2, 2, 2, 2, 2, 2, 2, 2, 4 ),
 ( 0.03661789509472127002, 0.03718304341789113038, 0.03746561757947606403, 0.03774819174106099073, 0.03803076590264592438, 0.03831334006423085109, 0.03887848838740071145, 0.04000878503374043216, 0.04057393335691029251, 0.04113908168008015287, 0.04226937832641987358, 0.04339967497275959429, 0.04566026826543904960, 0.04679056491177877031, 0.04792086155811849102, 0.05018145485079794632, 0.05244204814347740162, 0.05470264143615684999, 0.05922382802151576059, 0.06374501460687466425, 0.06826620119223356098, 0.07278738777759247158 ),
 .UNSPECIFIED. ) ;
#1961 = CARTESIAN_POINT ( 'NONE',  ( -44.30365277979309013, -3.676551576026896306, -575.0000000000002274 ) ) ;
#1962 = CARTESIAN_POINT ( 'NONE',  ( -15.26366819235037120, 0.8495581025933793828, -250.0060087056370435 ) ) ;
#1963 = CARTESIAN_POINT ( 'NONE',  ( 179.6770719582781339, -0.3987938621634148917, 0.000000000000000000 ) ) ;
#1964 = DIRECTION ( 'NONE',  ( -1.000000000000000000, -0.000000000000000000, -0.000000000000000000 ) ) ;
#1965 = CARTESIAN_POINT ( 'NONE',  ( 49.99999999999999289, 1.000000000000000000, -575.0000000000000000 ) ) ;
#1966 = CARTESIAN_POINT ( 'NONE',  ( -60.00000000000000000, 12.49999999999996625, -319.9999999999998863 ) ) ;
#1967 = FACE_OUTER_BOUND ( 'NONE', #6065, .T. ) ;
#1968 = CARTESIAN_POINT ( 'NONE',  ( -8.871428418877725264, 6.956306585947175769, -250.0221064137371911 ) ) ;
#1969 = CARTESIAN_POINT ( 'NONE',  ( -15.53648603448909427, 3.104723088651614837, -340.0291473159601310 ) ) ;
#1970 = ORIENTED_EDGE ( 'NONE', *, *, #3403, .T. ) ;
#1971 = ORIENTED_EDGE ( 'NONE', *, *, #3798, .T. ) ;
#1972 = FACE_OUTER_BOUND ( 'NONE', #6123, .T. ) ;
#1973 = EDGE_CURVE ( 'NONE', #2002, #4742, #5248, .T. ) ;
#1974 = CARTESIAN_POINT ( 'NONE',  ( -29.90820826521772702, 7.499999999999967137, -264.9999999999998863 ) ) ;
#1975 = FACE_OUTER_BOUND ( 'NONE', #1693, .T. ) ;
#1976 = CARTESIAN_POINT ( 'NONE',  ( 17.08919745239682797, -3.597451741715787854, -484.8000000000000114 ) ) ;
#1977 = CARTESIAN_POINT ( 'NONE',  ( -6.064183802037725002, 12.49999999999996625, -262.7526359180447457 ) ) ;
#1978 = ORIENTED_EDGE ( 'NONE', *, *, #3944, .T. ) ;
#1979 = DIRECTION ( 'NONE',  ( -0.000000000000000000, -0.000000000000000000, 1.000000000000000000 ) ) ;
#1980 = ORIENTED_EDGE ( 'NONE', *, *, #580, .F. ) ;
#1981 = CARTESIAN_POINT ( 'NONE',  ( -14.76894577769370365, -12.50000000000003375, -324.9114625671925296 ) ) ;
#1982 = CARTESIAN_POINT ( 'NONE',  ( 178.9508639453481749, -0.2773499939157843541, -479.0500000000001251 ) ) ;
#1983 = CARTESIAN_POINT ( 'NONE',  ( -14.96641582297626982, 0.6061572341265799579, -340.0023100484743281 ) ) ;
#1984 = EDGE_LOOP ( 'NONE', ( #1795, #1502, #3447, #195, #4851, #2854, #2374, #2108 ) ) ;
#1985 = DIRECTION ( 'NONE',  ( 1.000000000000000000, 0.000000000000000000, 0.000000000000000000 ) ) ;
#1986 = CARTESIAN_POINT ( 'NONE',  ( -30.12140265392324423, -3.462820936586988640, -324.9999999999999432 ) ) ;
#1987 = VERTEX_POINT ( 'NONE', #1766 ) ;
#1988 = CARTESIAN_POINT ( 'NONE',  ( 23.45824561270749697, -3.787736672789697057, -479.9975704078034369 ) ) ;
#1989 = CARTESIAN_POINT ( 'NONE',  ( 197.8422849312256062, 16.61562004513618973, -575.0000000000002274 ) ) ;
#1990 = CARTESIAN_POINT ( 'NONE',  ( -42.40960064813592822, -6.725031281239437497, -575.0000000000000000 ) ) ;
#1991 = EDGE_CURVE ( 'NONE', #3344, #3760, #1277, .T. ) ;
#1992 = CARTESIAN_POINT ( 'NONE',  ( -23.85010451616973981, -11.46236510650393114, -264.9999999999998295 ) ) ;
#1993 = CARTESIAN_POINT ( 'NONE',  ( 103.7379580968664214, -2.952794380214587733, 0.000000000000000000 ) ) ;
#1994 = CARTESIAN_POINT ( 'NONE',  ( -24.35200581332006919, 8.370280001947840276, -325.7724599530661180 ) ) ;
#1995 = DIRECTION ( 'NONE',  ( 0.000000000000000000, 0.000000000000000000, -1.000000000000000000 ) ) ;
#1996 = CARTESIAN_POINT ( 'NONE',  ( 0.8529341365811686781, 12.11003102274575127, -258.2411202144174354 ) ) ;
#1997 = EDGE_CURVE ( 'NONE', #2741, #2423, #297, .T. ) ;
#1998 = LINE ( 'NONE', #3461, #893 ) ;
#1999 = VECTOR ( 'NONE', #6094, 1000.000000000000000 ) ;
#2000 = CARTESIAN_POINT ( 'NONE',  ( -7.376078484208940189, 7.521495940982226180, -264.9999999999849365 ) ) ;
#2001 = CARTESIAN_POINT ( 'NONE',  ( -23.89201526044780977, 15.83539239462768222, -324.9999999999998863 ) ) ;
#2002 = VERTEX_POINT ( 'NONE', #2311 ) ;
#2003 = CARTESIAN_POINT ( 'NONE',  ( 34.99999999999998579, 25.00000000000001066, -575.0000000000000000 ) ) ;
#2004 = CIRCLE ( 'NONE', #5850, 1.400000000000012346 ) ;
#2005 = PLANE ( 'NONE',  #1604 ) ;
#2006 = DIRECTION ( 'NONE',  ( 0.8373426858827530683, 0.5466783573534416130, 0.000000000000000000 ) ) ;
#2007 = CARTESIAN_POINT ( 'NONE',  ( 5.467585274607739798, 10.87691685177143519, -480.0000000000000000 ) ) ;
#2008 = CARTESIAN_POINT ( 'NONE',  ( -0.9082463472232081836, 11.64239958560048827, -257.9380879570690581 ) ) ;
#2009 = ORIENTED_EDGE ( 'NONE', *, *, #4722, .T. ) ;
#2010 = VECTOR ( 'NONE', #1119, 1000.000000000000000 ) ;
#2011 = PLANE ( 'NONE',  #2317 ) ;
#2012 = AXIS2_PLACEMENT_3D ( 'NONE', #4548, #1628, #5004 ) ;
#2013 = ADVANCED_FACE ( 'NONE', ( #5825 ), #3746, .F. ) ;
#2014 = ORIENTED_EDGE ( 'NONE', *, *, #633, .F. ) ;
#2015 = CARTESIAN_POINT ( 'NONE',  ( 15.97332467263510836, 12.21229446024780252, -480.0000000005859988 ) ) ;
#2016 = CARTESIAN_POINT ( 'NONE',  ( 179.2638258450346314, -0.3052403216641549899, -479.0499999999988177 ) ) ;
#2017 = CARTESIAN_POINT ( 'NONE',  ( -18.81259655958817589, -14.09326650901024536, -324.9999999999999432 ) ) ;
#2018 = AXIS2_PLACEMENT_3D ( 'NONE', #2895, #1889, #4782 ) ;
#2019 = ORIENTED_EDGE ( 'NONE', *, *, #408, .T. ) ;
#2020 = CARTESIAN_POINT ( 'NONE',  ( 28.94319157786243935, -4.000016709071624099, -330.0141853287347544 ) ) ;
#2021 = EDGE_CURVE ( 'NONE', #2158, #3253, #1736, .T. ) ;
#2022 = CARTESIAN_POINT ( 'NONE',  ( 20.99909662400990484, -3.821754919242203563, -317.0000000000000000 ) ) ;
#2023 = EDGE_CURVE ( 'NONE', #2, #1688, #2223, .T. ) ;
#2024 = VERTEX_POINT ( 'NONE', #1369 ) ;
#2025 = CARTESIAN_POINT ( 'NONE',  ( 105.9762453050830260, 10.01834497271080515, -480.0001309652113832 ) ) ;
#2026 = CIRCLE ( 'NONE', #3687, 1.400000000000012346 ) ;
#2027 = CARTESIAN_POINT ( 'NONE',  ( 161.3010916511472317, 2.928040112532473316, -480.0000000000005684 ) ) ;
#2028 = AXIS2_PLACEMENT_3D ( 'NONE', #661, #2212, #2764 ) ;
#2029 = CARTESIAN_POINT ( 'NONE',  ( -9.337226188490344470, -1.043805694516397820, -479.0500000000006366 ) ) ;
#2030 = EDGE_CURVE ( 'NONE', #2531, #5395, #4471, .T. ) ;
#2031 = CARTESIAN_POINT ( 'NONE',  ( -13.63188583843235868, -0.03604176240527140473, -249.9969637097011059 ) ) ;
#2032 = FACE_BOUND ( 'NONE', #1655, .T. ) ;
#2033 = CARTESIAN_POINT ( 'NONE',  ( -11.00815096276533289, 12.49999999999933387, -327.9926830001296025 ) ) ;
#2034 = CARTESIAN_POINT ( 'NONE',  ( 33.67911437448025680, -3.995710672170062150, -449.3499999878714561 ) ) ;
#2035 =( LENGTH_UNIT ( ) NAMED_UNIT ( * ) SI_UNIT ( .MILLI., .METRE. ) );
#2036 = CYLINDRICAL_SURFACE ( 'NONE', #470, 0.9999999999999940048 ) ;
#2037 = LINE ( 'NONE', #6010, #4933 ) ;
#2038 = CARTESIAN_POINT ( 'NONE',  ( 1.698634599449415861, 9.893767082191233797, -264.9999999999998863 ) ) ;
#2039 = EDGE_CURVE ( 'NONE', #5433, #4072, #667, .T. ) ;
#2040 = CARTESIAN_POINT ( 'NONE',  ( -15.65780143510438727, 2.902854637085579004, -325.0000000000075033 ) ) ;
#2041 = ORIENTED_EDGE ( 'NONE', *, *, #5149, .F. ) ;
#2042 = CARTESIAN_POINT ( 'NONE',  ( 2.012642304916999691, 18.73511690964849663, -527.5000000000000000 ) ) ;
#2043 = CARTESIAN_POINT ( 'NONE',  ( 39.50000000000001421, -7.000000000000000000, -318.9999999999999432 ) ) ;
#2044 = CARTESIAN_POINT ( 'NONE',  ( 4.064286235387489121, -3.204699715511951208, 0.000000000000000000 ) ) ;
#2045 = CARTESIAN_POINT ( 'NONE',  ( -3.711276528284848109, 11.45339973885926632, -258.6562495878561663 ) ) ;
#2046 = ORIENTED_EDGE ( 'NONE', *, *, #4537, .T. ) ;
#2047 = CARTESIAN_POINT ( 'NONE',  ( 1.223802525373980821, -10.26560726314079552, -317.6462532430728629 ) ) ;
#2048 = ORIENTED_EDGE ( 'NONE', *, *, #5932, .F. ) ;
#2049 = CARTESIAN_POINT ( 'NONE',  ( -23.81440381195202249, 12.49999999999996625, -320.8019206068030371 ) ) ;
#2050 = CARTESIAN_POINT ( 'NONE',  ( 171.8863205595311001, 0.04196194953473156297, -479.0499999999998408 ) ) ;
#2051 = ORIENTED_EDGE ( 'NONE', *, *, #5095, .T. ) ;
#2052 = CARTESIAN_POINT ( 'NONE',  ( -4.109593581351200342, 8.207141195834214642, 0.000000000000000000 ) ) ;
#2053 = CARTESIAN_POINT ( 'NONE',  ( 159.5226274342226418, 3.183639134099017998, -180.0000000000000000 ) ) ;
#2054 = CARTESIAN_POINT ( 'NONE',  ( 153.6443969666219687, -0.2617514066054936750, -480.0000000000000000 ) ) ;
#2055 = ORIENTED_EDGE ( 'NONE', *, *, #1931, .F. ) ;
#2056 = CARTESIAN_POINT ( 'NONE',  ( -15.17500330646808671, 3.296195487250880518, -250.0287634083856005 ) ) ;
#2057 = CARTESIAN_POINT ( 'NONE',  ( 172.5678004587124121, 0.9809276322009629068, -479.0499999999987040 ) ) ;
#2058 = EDGE_CURVE ( 'NONE', #5716, #1397, #3875, .T. ) ;
#2059 = CARTESIAN_POINT ( 'NONE',  ( -40.83344758832311072, 8.134041855907286234, -575.0000000000000000 ) ) ;
#2060 = CARTESIAN_POINT ( 'NONE',  ( -13.48847001986485239, -0.08752124696709520646, -264.9999999999885176 ) ) ;
#2061 = CARTESIAN_POINT ( 'NONE',  ( 43.25039654631655850, 13.47838960688127763, -484.8000000000000114 ) ) ;
#2062 = CARTESIAN_POINT ( 'NONE',  ( -22.51962149605553165, 8.762880397323337789, -326.2568070109933274 ) ) ;
#2063 = FACE_OUTER_BOUND ( 'NONE', #1627, .T. ) ;
#2064 = DIRECTION ( 'NONE',  ( -0.000000000000000000, -0.000000000000000000, 1.000000000000000000 ) ) ;
#2065 = DIRECTION ( 'NONE',  ( -1.000000000000000000, 0.000000000000000000, -0.000000000000000000 ) ) ;
#2066 = CARTESIAN_POINT ( 'NONE',  ( 61.00000000000000711, 8.000000000000000000, 0.000000000000000000 ) ) ;
#2067 = CARTESIAN_POINT ( 'NONE',  ( 5.142880405709996161, 25.71966374171355696, -264.9999999999998863 ) ) ;
#2068 = CARTESIAN_POINT ( 'NONE',  ( -8.654285061565044401, 7.179753832049609485, -340.0218911488247500 ) ) ;
#2069 = CARTESIAN_POINT ( 'NONE',  ( 83.43203411245119128, -3.799346583349470396, 0.000000000000000000 ) ) ;
#2070 = CARTESIAN_POINT ( 'NONE',  ( 137.6409587660868681, 6.084660292281927951, -479.0499999999999545 ) ) ;
#2071 = ADVANCED_FACE ( 'NONE', ( #5401 ), #3910, .T. ) ;
#2072 = PRODUCT_DEFINITION ( 'UNKNOWN', '', #3280, #3449 ) ;
#2073 = CARTESIAN_POINT ( 'NONE',  ( -29.23677742806716040, -5.254374489125547498, -264.9999999999997726 ) ) ;
#2074 = CARTESIAN_POINT ( 'NONE',  ( -10.59873855486237559, -12.50000000000003553, -268.0222477886297838 ) ) ;
#2075 = CARTESIAN_POINT ( 'NONE',  ( 9.795537051249183946, -3.263599237541375597, -480.0000000000000000 ) ) ;
#2076 = CARTESIAN_POINT ( 'NONE',  ( 56.00000000000000000, 5.000000000000000888, -575.0000000000000000 ) ) ;
#2077 = ORIENTED_EDGE ( 'NONE', *, *, #2021, .F. ) ;
#2078 = EDGE_LOOP ( 'NONE', ( #4482, #6279, #1812, #200, #1014, #989, #1451, #4745, #3153, #1122, #5746, #5036, #2173, #5885, #4005, #3610, #2422, #3771, #4317 ) ) ;
#2079 = CARTESIAN_POINT ( 'NONE',  ( -16.60060665162904314, 12.49999999999996980, -323.3325340339953868 ) ) ;
#2080 = CARTESIAN_POINT ( 'NONE',  ( 209.6017405849091517, -8.938189993485151419, -575.0000000000000000 ) ) ;
#2081 = VERTEX_POINT ( 'NONE', #4978 ) ;
#2082 = CARTESIAN_POINT ( 'NONE',  ( 16.92509186657703779, -3.679061995298273047, -323.2240523545427777 ) ) ;
#2083 = CARTESIAN_POINT ( 'NONE',  ( 7.604230036068946319, -3.111701146390775108, -479.9990780580829437 ) ) ;
#2084 = CARTESIAN_POINT ( 'NONE',  ( 39.67911437448029233, -4.096861313424772000, -374.4788688669619319 ) ) ;
#2085 = EDGE_LOOP ( 'NONE', ( #5631, #5263, #4971, #6238 ) ) ;
#2086 = CARTESIAN_POINT ( 'NONE',  ( 144.9119408103854312, -0.2981922045811504218, -479.0500000000004661 ) ) ;
#2087 = CARTESIAN_POINT ( 'NONE',  ( 212.9980536150236787, -6.005563232865799961, -574.9999999999997726 ) ) ;
#2088 = LINE ( 'NONE', #4890, #1184 ) ;
#2089 = CARTESIAN_POINT ( 'NONE',  ( -15.78927836433340737, 2.878081729541881906, -479.0500000000009209 ) ) ;
#2090 = CARTESIAN_POINT ( 'NONE',  ( 7.699745393231548718, -3.259060211504195781, -265.0000000000299565 ) ) ;
#2091 = CARTESIAN_POINT ( 'NONE',  ( -8.878841291107955058, 7.383783548522395712, -484.8000000000000114 ) ) ;
#2092 = CARTESIAN_POINT ( 'NONE',  ( 179.0055192987202588, -0.3375855467768251184, -480.0000333739894245 ) ) ;
#2093 = EDGE_CURVE ( 'NONE', #6119, #5053, #1899, .T. ) ;
#2094 = DIRECTION ( 'NONE',  ( 1.000000000000000000, 0.000000000000000000, 0.000000000000000000 ) ) ;
#2095 = CARTESIAN_POINT ( 'NONE',  ( 8.689892167554026159, -12.00000000000000000, -316.9999999999998863 ) ) ;
#2096 = CARTESIAN_POINT ( 'NONE',  ( 39.50000000000001421, -4.127439872705949142, -321.9999999999999432 ) ) ;
#2097 = DIRECTION ( 'NONE',  ( 0.000000000000000000, 0.000000000000000000, -1.000000000000000000 ) ) ;
#2098 = CARTESIAN_POINT ( 'NONE',  ( -13.97039565586968202, 4.341217568846538200, -250.0267237974405532 ) ) ;
#2099 = CARTESIAN_POINT ( 'NONE',  ( -11.98577546659625348, 5.724241147742433533, -340.0242075016291210 ) ) ;
#2100 = CARTESIAN_POINT ( 'NONE',  ( 53.18170167061617093, -4.319182288010790849, 0.000000000000000000 ) ) ;
#2101 = CARTESIAN_POINT ( 'NONE',  ( 34.16902904091733006, 13.28636539585905041, -479.0500000000007503 ) ) ;
#2102 = AXIS2_PLACEMENT_3D ( 'NONE', #2984, #4412, #2361 ) ;
#2103 = CARTESIAN_POINT ( 'NONE',  ( -24.53624129214142258, 8.299744243447277015, -264.3229615622097413 ) ) ;
#2104 = CARTESIAN_POINT ( 'NONE',  ( -2.933710359159420467, -12.50000000000003553, -262.6009600277060940 ) ) ;
#2105 = CARTESIAN_POINT ( 'NONE',  ( 170.0968415185715514, 1.496728956183888792, -484.8000000000000114 ) ) ;
#2106 = LINE ( 'NONE', #4097, #4009 ) ;
#2107 = EDGE_LOOP ( 'NONE', ( #563, #1222, #5571, #5073, #3062, #1090, #4439, #138 ) ) ;
#2108 = ORIENTED_EDGE ( 'NONE', *, *, #6418, .F. ) ;
#2109 = CARTESIAN_POINT ( 'NONE',  ( -28.63097703099550273, 12.49999999999996803, -269.9999999999998863 ) ) ;
#2110 = VECTOR ( 'NONE', #5877, 1000.000000000000000 ) ;
#2111 = CARTESIAN_POINT ( 'NONE',  ( 174.2672034683297113, -0.1357434402353623337, -479.9999999999997726 ) ) ;
#2112 = VERTEX_POINT ( 'NONE', #1407 ) ;
#2113 = DIRECTION ( 'NONE',  ( -1.457750820148577635E-16, -0.000000000000000000, -1.000000000000000000 ) ) ;
#2114 = AXIS2_PLACEMENT_3D ( 'NONE', #1758, #4684, #3317 ) ;
#2115 = AXIS2_PLACEMENT_3D ( 'NONE', #4691, #5250, #1738 ) ;
#2116 = CARTESIAN_POINT ( 'NONE',  ( 10.67136292254436825, -3.291232981354146325, -479.9993159338781652 ) ) ;
#2117 = CARTESIAN_POINT ( 'NONE',  ( 50.00000000000171951, 1.000000000000000000, -304.0000000000005684 ) ) ;
#2118 = ORIENTED_EDGE ( 'NONE', *, *, #782, .T. ) ;
#2119 = CARTESIAN_POINT ( 'NONE',  ( 4.511752543421085448, 10.42227976665649791, -250.0173357095877975 ) ) ;
#2120 = CARTESIAN_POINT ( 'NONE',  ( 214.0941606310505563, -4.173309603467607154, -574.9999999999997726 ) ) ;
#2121 = AXIS2_PLACEMENT_3D ( 'NONE', #5816, #4774, #4350 ) ;
#2122 = VECTOR ( 'NONE', #2525, 1000.000000000000000 ) ;
#2123 = DIRECTION ( 'NONE',  ( 0.000000000000000000, 0.000000000000000000, -1.000000000000000000 ) ) ;
#2124 = CARTESIAN_POINT ( 'NONE',  ( -16.32635474789754326, 1.918531128945416775, -479.9999999999997726 ) ) ;
#2125 = CARTESIAN_POINT ( 'NONE',  ( 3.629512574604478292, -2.968418617174932717, -264.9999999999698730 ) ) ;
#2126 = ORIENTED_EDGE ( 'NONE', *, *, #2030, .F. ) ;
#2127 = CARTESIAN_POINT ( 'NONE',  ( 11.76586301149975533, 11.77499810444871287, -484.8000000000000114 ) ) ;
#2128 = CARTESIAN_POINT ( 'NONE',  ( -3.759665858770623093, 11.48029088579231072, -331.4562905654460678 ) ) ;
#2129 = CARTESIAN_POINT ( 'NONE',  ( 0.8529421982464797658, 12.11002232958157876, -258.2005705539140763 ) ) ;
#2130 = VECTOR ( 'NONE', #1616, 1000.000000000000000 ) ;
#2131 = CARTESIAN_POINT ( 'NONE',  ( 0.8385591253661970335, 12.12529629271947407, -329.6297456077996344 ) ) ;
#2132 = LINE ( 'NONE', #4665, #2752 ) ;
#2133 = CARTESIAN_POINT ( 'NONE',  ( -26.13890757478194615, 13.50750387254302254, -264.9999999999999432 ) ) ;
#2134 = CARTESIAN_POINT ( 'NONE',  ( -6.726316454918640275, 7.826370180133359611, -325.0000000000000568 ) ) ;
#2135 = CARTESIAN_POINT ( 'NONE',  ( 73.22275164550062243, -4.044607191464002938, 0.000000000000000000 ) ) ;
#2136 = CARTESIAN_POINT ( 'NONE',  ( -5.034503924081690229, -12.50000000000003553, -322.4287046478783623 ) ) ;
#2137 = EDGE_CURVE ( 'NONE', #4511, #6285, #4290, .T. ) ;
#2138 = EDGE_CURVE ( 'NONE', #3417, #3582, #5844, .T. ) ;
#2139 = CARTESIAN_POINT ( 'NONE',  ( 1.686159746168428786, 11.78872327819362198, -257.2762430767535307 ) ) ;
#2140 = CARTESIAN_POINT ( 'NONE',  ( 137.6758406867323288, -0.9503838382069050850, -192.4482262961065828 ) ) ;
#2141 = CARTESIAN_POINT ( 'NONE',  ( 173.8763530019075745, 0.7726410036664411729, -484.8000000000000114 ) ) ;
#2142 = CYLINDRICAL_SURFACE ( 'NONE', #898, 1.400000000000012346 ) ;
#2143 = ORIENTED_EDGE ( 'NONE', *, *, #115, .T. ) ;
#2144 = ORIENTED_EDGE ( 'NONE', *, *, #3504, .F. ) ;
#2145 = LINE ( 'NONE', #4132, #6270 ) ;
#2146 = CARTESIAN_POINT ( 'NONE',  ( 173.8530118922694498, -0.1236556399323476413, -479.9999999999998295 ) ) ;
#2147 = ORIENTED_EDGE ( 'NONE', *, *, #2349, .F. ) ;
#2148 = CARTESIAN_POINT ( 'NONE',  ( 61.00000000000000711, 8.000000000000000000, -4.000000000000000000 ) ) ;
#2149 = CARTESIAN_POINT ( 'NONE',  ( -60.00000000000000000, 6.999999999999926281, -293.5999999999999091 ) ) ;
#2150 = CARTESIAN_POINT ( 'NONE',  ( -49.99999999999999289, -1.108508519106350097E-13, -303.3999999999998067 ) ) ;
#2151 = ORIENTED_EDGE ( 'NONE', *, *, #5898, .F. ) ;
#2152 = CARTESIAN_POINT ( 'NONE',  ( 97.49999999999998579, -24.99999999999999645, -575.0000000000000000 ) ) ;
#2153 = CARTESIAN_POINT ( 'NONE',  ( 169.6323418960194260, 1.561398441570760687, -480.0000000000000000 ) ) ;
#2154 = EDGE_CURVE ( 'NONE', #3381, #3705, #5834, .T. ) ;
#2155 = CARTESIAN_POINT ( 'NONE',  ( -15.21248548155899449, 0.8047881215270786814, -250.0055440531394595 ) ) ;
#2156 = CARTESIAN_POINT ( 'NONE',  ( -13.22198723021028499, 5.158390348008598636, -479.0500000000003524 ) ) ;
#2157 = CARTESIAN_POINT ( 'NONE',  ( -7.794293512229256038, -1.586290547973416398, -264.9999999999998295 ) ) ;
#2158 = VERTEX_POINT ( 'NONE', #1020 ) ;
#2159 = CARTESIAN_POINT ( 'NONE',  ( -10.00833405466326731, -1.313671118910841651, 0.000000000000000000 ) ) ;
#2160 = CARTESIAN_POINT ( 'NONE',  ( -4.771098083747857821, 12.49999999999996625, -327.8706960717917696 ) ) ;
#2161 = CARTESIAN_POINT ( 'NONE',  ( 3.598560116451424928, -2.926385819029040380, -324.9999999999998863 ) ) ;
#2162 = CARTESIAN_POINT ( 'NONE',  ( 61.00000000000000000, -15.99999999999998579, -549.9999999999998863 ) ) ;
#2163 = CARTESIAN_POINT ( 'NONE',  ( 45.00000000000001421, -4.146793872781644019, -321.9999999999999432 ) ) ;
#2164 = CARTESIAN_POINT ( 'NONE',  ( -27.52059599714446847, 11.84326309896097662, -264.9999999999999432 ) ) ;
#2165 = CARTESIAN_POINT ( 'NONE',  ( -11.97467710730995982, 5.702683080455459574, -325.0000000000074465 ) ) ;
#2166 = CARTESIAN_POINT ( 'NONE',  ( -0.9357754408381163680, -15.94576594308569284, -549.9999999999998863 ) ) ;
#2167 = CARTESIAN_POINT ( 'NONE',  ( 43.58620529274593025, -4.348143293032396883, 0.000000000000000000 ) ) ;
#2168 = DIRECTION ( 'NONE',  ( -0.000000000000000000, -0.000000000000000000, 1.000000000000000000 ) ) ;
#2169 = LINE ( 'NONE', #3701, #5858 ) ;
#2170 = CARTESIAN_POINT ( 'NONE',  ( 165.3507082352693942, 2.286161956907954984, -480.0000000000000000 ) ) ;
#2171 = CARTESIAN_POINT ( 'NONE',  ( 34.57525854849316715, 13.34642050110177358, -480.0000000000000000 ) ) ;
#2172 = CARTESIAN_POINT ( 'NONE',  ( 9.487471105209358768, -4.143427945493847631, -322.9999999999999432 ) ) ;
#2173 = ORIENTED_EDGE ( 'NONE', *, *, #479, .T. ) ;
#2174 = ORIENTED_EDGE ( 'NONE', *, *, #4736, .F. ) ;
#2175 = CARTESIAN_POINT ( 'NONE',  ( 2.369871872109503119, 10.29405426407149271, -479.9970853384053839 ) ) ;
#2176 = CARTESIAN_POINT ( 'NONE',  ( 175.5116540347128478, -0.1765860381122298650, -480.0000000000003411 ) ) ;
#2177 = ORIENTED_EDGE ( 'NONE', *, *, #2971, .T. ) ;
#2178 = CARTESIAN_POINT ( 'NONE',  ( 198.5239172629519544, 2.238041368524028130, -549.9999999999998863 ) ) ;
#2179 = CARTESIAN_POINT ( 'NONE',  ( -15.49838136584900106, 0.9892773719862932857, -340.0065250265102463 ) ) ;
#2180 = CARTESIAN_POINT ( 'NONE',  ( 70.56706287403112299, -3.852150113171368684, -480.0000941969487940 ) ) ;
#2181 = VERTEX_POINT ( 'NONE', #2999 ) ;
#2182 = CARTESIAN_POINT ( 'NONE',  ( 35.00000000000000711, -25.00000000000001066, -575.0000000000000000 ) ) ;
#2183 = CARTESIAN_POINT ( 'NONE',  ( 214.9812674198309708, -0.7034855639254354864, -574.9999999999997726 ) ) ;
#2184 = CARTESIAN_POINT ( 'NONE',  ( -15.91341888231456636, 1.754140271137800910, -250.0239127765441651 ) ) ;
#2185 = B_SPLINE_CURVE_WITH_KNOTS ( 'NONE', 3,
 ( #595, #627, #2082, #4069, #2505, #2569, #4977, #500, #3515, #4483, #2598, #3094, #4453, #2020, #4006, #6054, #1596, #5429, #1535, #6408, #5501, #1953, #1046, #5008, #2541 ),
 .UNSPECIFIED., .F., .F.,
 ( 4, 2, 2, 2, 2, 2, 2, 2, 2, 1, 2, 2, 4 ),
 ( 0.0006940599535975651869, 0.004513594924735317079, 0.006423362410304197904, 0.008333129895873078730, 0.01215266486701078140, 0.01406243235257963534, 0.01597219983814848754, 0.01979173480928631684, 0.02170150229485516211, 0.02361126978042400043, 0.02552103726599284569, 0.02743080475156168749, 0.03125033972269936761 ),
 .UNSPECIFIED. ) ;
#2186 = CARTESIAN_POINT ( 'NONE',  ( -44.93562836390406545, 1.184596313506258936, -575.0000000000004547 ) ) ;
#2187 = CARTESIAN_POINT ( 'NONE',  ( -2.283897121197952629, -2.393830448475833261, -264.9999999999998863 ) ) ;
#2188 = ORIENTED_EDGE ( 'NONE', *, *, #2906, .T. ) ;
#2189 = CARTESIAN_POINT ( 'NONE',  ( -4.889686882910237564, 8.653172133217823969, -480.0000000000000000 ) ) ;
#2190 = DIRECTION ( 'NONE',  ( -1.000000000000000000, 0.000000000000000000, 0.000000000000000000 ) ) ;
#2191 = CARTESIAN_POINT ( 'NONE',  ( -0.8484808541294984741, -17.58366062688406473, -324.9999999999998863 ) ) ;
#2192 = CARTESIAN_POINT ( 'NONE',  ( 68.50000000000000000, -3.953423317857250208, -338.9999999999999432 ) ) ;
#2193 = CARTESIAN_POINT ( 'NONE',  ( 45.00000000000001421, 3.000000000000000000, -321.9999999999999432 ) ) ;
#2194 = CARTESIAN_POINT ( 'NONE',  ( -14.33547381125436537, 4.092859622561970667, -264.9999999999998863 ) ) ;
#2195 = CARTESIAN_POINT ( 'NONE',  ( -13.28346095914712599, 4.966166591812625875, -324.9999999999847091 ) ) ;
#2196 = CARTESIAN_POINT ( 'NONE',  ( 185.0000000000000000, -25.00000000000000000, -575.0000000000000000 ) ) ;
#2197 = CARTESIAN_POINT ( 'NONE',  ( 123.1478516344640610, -1.657740307956604431, -480.0000000000000000 ) ) ;
#2198 = B_SPLINE_CURVE_WITH_KNOTS ( 'NONE', 3,
 ( #1684, #5128, #4158, #3666 ),
 .UNSPECIFIED., .F., .F.,
 ( 4, 4 ),
 ( 0.000000000000000000, 0.0007015032270462838145 ),
 .UNSPECIFIED. ) ;
#2199 = DIRECTION ( 'NONE',  ( -0.000000000000000000, 1.000000000000000000, -0.000000000000000000 ) ) ;
#2200 = EDGE_CURVE ( 'NONE', #5115, #5296, #1696, .T. ) ;
#2201 = LINE ( 'NONE', #4608, #6373 ) ;
#2202 = CARTESIAN_POINT ( 'NONE',  ( 137.6758406867323004, -0.9147496426032395433, -364.2524770401424803 ) ) ;
#2203 = CARTESIAN_POINT ( 'NONE',  ( 91.47316657418234342, 11.13498035525205943, 0.000000000000000000 ) ) ;
#2204 = CARTESIAN_POINT ( 'NONE',  ( 137.6758406867323004, -0.9529702091683536214, -180.0000000000000000 ) ) ;
#2205 = ORIENTED_EDGE ( 'NONE', *, *, #3994, .T. ) ;
#2206 = ORIENTED_EDGE ( 'NONE', *, *, #3641, .F. ) ;
#2207 = CARTESIAN_POINT ( 'NONE',  ( -26.02132141699085111, 12.49999999999934985, -324.9158551533218429 ) ) ;
#2208 = CARTESIAN_POINT ( 'NONE',  ( -15.06869740429285187, 2.626790534657204912, 0.000000000000000000 ) ) ;
#2209 = EDGE_LOOP ( 'NONE', ( #2188, #6300 ) ) ;
#2210 = DIRECTION ( 'NONE',  ( 0.000000000000000000, -1.000000000000000000, 0.000000000000000000 ) ) ;
#2211 = EDGE_CURVE ( 'NONE', #1880, #4478, #2265, .T. ) ;
#2212 = DIRECTION ( 'NONE',  ( 0.000000000000000000, 0.000000000000000000, -1.000000000000000000 ) ) ;
#2213 = VECTOR ( 'NONE', #2772, 1000.000000000000000 ) ;
#2214 = DIRECTION ( 'NONE',  ( -0.000000000000000000, -0.000000000000000000, -1.000000000000000000 ) ) ;
#2215 = EDGE_LOOP ( 'NONE', ( #361, #6216, #3720, #4681 ) ) ;
#2216 = CARTESIAN_POINT ( 'NONE',  ( 60.65173077179728978, -3.992179016449504125, -480.0000000000005116 ) ) ;
#2217 = CARTESIAN_POINT ( 'NONE',  ( 179.4935391013498531, -0.3502632854236199522, -480.0000000000004547 ) ) ;
#2218 = AXIS2_PLACEMENT_3D ( 'NONE', #760, #4716, #272 ) ;
#2219 = VECTOR ( 'NONE', #592, 1000.000000000000000 ) ;
#2220 = CARTESIAN_POINT ( 'NONE',  ( -4.517679663073515428, -2.123148545538130261, -249.9910457279829359 ) ) ;
#2221 = ADVANCED_FACE ( 'NONE', ( #597 ), #5599, .F. ) ;
#2222 = CARTESIAN_POINT ( 'NONE',  ( -23.48006974571784156, -12.50000000000003375, -265.3511512030996755 ) ) ;
#2223 = LINE ( 'NONE', #2830, #1799 ) ;
#2224 = EDGE_LOOP ( 'NONE', ( #2814, #5797, #3509, #790, #546, #4379, #6220 ) ) ;
#2225 = CARTESIAN_POINT ( 'NONE',  ( 165.2114092463409918, 2.309679900708087263, -484.8000000000000114 ) ) ;
#2226 = AXIS2_PLACEMENT_3D ( 'NONE', #1717, #161, #2719 ) ;
#2227 = AXIS2_PLACEMENT_3D ( 'NONE', #6023, #3091, #3607 ) ;
#2228 = DIRECTION ( 'NONE',  ( 1.000000000000000000, 0.000000000000000000, 6.938893903907222461E-16 ) ) ;
#2229 = CIRCLE ( 'NONE', #2652, 3.149999999999999911 ) ;
#2230 = CARTESIAN_POINT ( 'NONE',  ( 163.5678313689324739, -0.08671630240159332315, 0.000000000000000000 ) ) ;
#2231 = CARTESIAN_POINT ( 'NONE',  ( 49.99999999999999289, 1.000000000000000000, -575.1253581756884614 ) ) ;
#2232 = CARTESIAN_POINT ( 'NONE',  ( -15.48090082883517127, 2.940237055750507089, -264.9999999999999432 ) ) ;
#2233 = FACE_OUTER_BOUND ( 'NONE', #6213, .T. ) ;
#2234 = CIRCLE ( 'NONE', #3371, 3.149999999999999911 ) ;
#2235 = DIRECTION ( 'NONE',  ( -0.000000000000000000, -0.000000000000000000, -1.000000000000000000 ) ) ;
#2236 = EDGE_CURVE ( 'NONE', #3137, #1919, #5107, .T. ) ;
#2237 = PLANE ( 'NONE',  #678 ) ;
#2238 = CARTESIAN_POINT ( 'NONE',  ( 137.6758406867323004, -0.9111396443201906781, -381.6893577798481942 ) ) ;
#2239 =( GEOMETRIC_REPRESENTATION_CONTEXT ( 3 ) GLOBAL_UNCERTAINTY_ASSIGNED_CONTEXT ( ( #3389 ) ) GLOBAL_UNIT_ASSIGNED_CONTEXT ( ( #2035, #574, #5547 ) ) REPRESENTATION_CONTEXT ( 'NONE', 'WORKASPACE' ) );
#2240 = CARTESIAN_POINT ( 'NONE',  ( 165.2114092463409918, 2.309679900708087263, -484.8000000000000114 ) ) ;
#2241 = ORIENTED_EDGE ( 'NONE', *, *, #5487, .F. ) ;
#2242 = ORIENTED_EDGE ( 'NONE', *, *, #4047, .F. ) ;
#2243 = LINE ( 'NONE', #754, #6369 ) ;
#2244 = CARTESIAN_POINT ( 'NONE',  ( 161.5969496363239841, -0.08722853151110671055, -479.9999999999993747 ) ) ;
#2245 = ORIENTED_EDGE ( 'NONE', *, *, #2983, .F. ) ;
#2246 = LINE ( 'NONE', #1694, #463 ) ;
#2247 = CARTESIAN_POINT ( 'NONE',  ( -14.17639208048239396, 0.1972699071279569449, -339.9978212269011237 ) ) ;
#2248 = DIRECTION ( 'NONE',  ( 0.000000000000000000, 0.000000000000000000, 1.000000000000000000 ) ) ;
#2249 = ORIENTED_EDGE ( 'NONE', *, *, #1621, .F. ) ;
#2250 = CARTESIAN_POINT ( 'NONE',  ( 51.00000000000021316, -4.148339244109664037, -304.0000000000005684 ) ) ;
#2251 = CARTESIAN_POINT ( 'NONE',  ( 179.3829057644356055, -0.3315912092124329025, -480.0000000000002274 ) ) ;
#2252 = CARTESIAN_POINT ( 'NONE',  ( 63.00000000000001421, 18.00000000000000355, -575.0000000000000000 ) ) ;
#2253 = CARTESIAN_POINT ( 'NONE',  ( -1.081468710517343057, 12.49999999999996625, -262.9640640108841012 ) ) ;
#2254 = CARTESIAN_POINT ( 'NONE',  ( 33.67911437448025680, -12.00000000000000000, -516.0613922021190092 ) ) ;
#2255 = EDGE_LOOP ( 'NONE', ( #4146, #4949 ) ) ;
#2256 = CARTESIAN_POINT ( 'NONE',  ( 71.44434538415998759, 12.71745100305900955, -480.0000000000000000 ) ) ;
#2257 = FACE_OUTER_BOUND ( 'NONE', #3867, .T. ) ;
#2258 = ADVANCED_FACE ( 'NONE', ( #2670 ), #1115, .F. ) ;
#2259 = PLANE ( 'NONE',  #6184 ) ;
#2260 = DIRECTION ( 'NONE',  ( -0.000000000000000000, -0.000000000000000000, 1.000000000000000000 ) ) ;
#2261 = CARTESIAN_POINT ( 'NONE',  ( -15.91937669108565245, 1.848355691991232952, -250.0257345492587433 ) ) ;
#2262 = CARTESIAN_POINT ( 'NONE',  ( 7.264308047799867829, 10.95276859644403622, -324.9999999999999432 ) ) ;
#2263 = FACE_OUTER_BOUND ( 'NONE', #3832, .T. ) ;
#2264 = CARTESIAN_POINT ( 'NONE',  ( 1.317220299060301691, -10.13868624297812282, -262.8923183463120949 ) ) ;
#2265 = B_SPLINE_CURVE_WITH_KNOTS ( 'NONE', 3,
 ( #1664, #562, #3643, #6057, #4071, #2180, #2637, #1600, #699, #1697, #4138, #5046, #4107, #3679, #75, #1634, #3161, #5077, #3613, #6157, #3128, #2054 ),
 .UNSPECIFIED., .F., .F.,
 ( 4, 2, 2, 2, 2, 2, 2, 2, 2, 2, 4 ),
 ( 0.02133399534381228216, 0.03558958443113289377, 0.04984517351845350885, 0.05697296806211382680, 0.06410076260577414475, 0.07122855714943447658, 0.07835635169309480841, 0.09261194078041544431, 0.1068675298677360941, 0.1211231189550567439, 0.1353787080423773936 ),
 .UNSPECIFIED. ) ;
#2266 = DIRECTION ( 'NONE',  ( -1.000000000000000000, 0.000000000000000000, -0.000000000000000000 ) ) ;
#2267 = CARTESIAN_POINT ( 'NONE',  ( 178.3338963855075292, -0.1680334023359391638, -480.0000000000000000 ) ) ;
#2268 = CARTESIAN_POINT ( 'NONE',  ( -15.22314130432679669, 0.7847902862795699264, -324.9999999999923261 ) ) ;
#2269 = ORIENTED_EDGE ( 'NONE', *, *, #514, .F. ) ;
#2270 = ORIENTED_EDGE ( 'NONE', *, *, #2993, .T. ) ;
#2271 = CARTESIAN_POINT ( 'NONE',  ( -26.11234091262884860, 8.036092791997440088, -325.3893983616774790 ) ) ;
#2272 = EDGE_CURVE ( 'NONE', #112, #2523, #1213, .T. ) ;
#2273 = CARTESIAN_POINT ( 'NONE',  ( 166.9576830017948055, 0.1083290791210746590, -479.0499999999994998 ) ) ;
#2274 = ORIENTED_EDGE ( 'NONE', *, *, #5965, .T. ) ;
#2275 = CARTESIAN_POINT ( 'NONE',  ( 0.7928520126983602534, 12.14549120769546064, -340.5417033274040364 ) ) ;
#2276 = FACE_OUTER_BOUND ( 'NONE', #1405, .T. ) ;
#2277 = CARTESIAN_POINT ( 'NONE',  ( 68.50000000000012790, -3.965824715059439232, -313.9999999998382236 ) ) ;
#2278 = VERTEX_POINT ( 'NONE', #137 ) ;
#2279 = CARTESIAN_POINT ( 'NONE',  ( 210.9984264927819879, -8.001453814083479443, -575.0000000000000000 ) ) ;
#2280 = CARTESIAN_POINT ( 'NONE',  ( 15.28492749419497621, -3.617134330196615899, -316.9999999999999432 ) ) ;
#2281 = B_SPLINE_CURVE_WITH_KNOTS ( 'NONE', 3,
 ( #5070, #2109, #3512, #1043, #2566, #2595, #1563, #3575, #4002, #5496, #1593, #168, #4616, #624 ),
 .UNSPECIFIED., .F., .F.,
 ( 4, 2, 2, 2, 2, 2, 4 ),
 ( 0.000000000000000000, 0.003759797475259947334, 0.007519594950519894669, 0.01127939242577984287, 0.01503918990103978934, 0.02255878485155962329, 0.03007837980207946418 ),
 .UNSPECIFIED. ) ;
#2282 = CARTESIAN_POINT ( 'NONE',  ( 1.225792388678969669, -10.27454008672102148, -262.9855677850318898 ) ) ;
#2283 = ORIENTED_EDGE ( 'NONE', *, *, #1827, .T. ) ;
#2284 = CARTESIAN_POINT ( 'NONE',  ( 91.47316657418234342, 11.13498035525205943, 0.000000000000000000 ) ) ;
#2285 = CARTESIAN_POINT ( 'NONE',  ( -27.62949007195206264, 0.4491869865242241744, -549.9999999999998863 ) ) ;
#2286 = CARTESIAN_POINT ( 'NONE',  ( -15.46889082147253447, 1.231787137295091705, 0.000000000000000000 ) ) ;
#2287 = CARTESIAN_POINT ( 'NONE',  ( -16.32210960207463657, 2.215692506545997364, -479.9992684769035236 ) ) ;
#2288 = CARTESIAN_POINT ( 'NONE',  ( -15.76447975545301716, 1.382623562946355023, -250.0151265633566595 ) ) ;
#2289 = EDGE_CURVE ( 'NONE', #486, #4100, #5122, .T. ) ;
#2290 = CARTESIAN_POINT ( 'NONE',  ( -2.848425430282279791, -12.50000000000003553, -322.6666721400919187 ) ) ;
#2291 = CARTESIAN_POINT ( 'NONE',  ( 137.6758406867323004, -25.12535817568845431, -180.0000000000000000 ) ) ;
#2292 = DIRECTION ( 'NONE',  ( 0.000000000000000000, 0.000000000000000000, -1.000000000000000000 ) ) ;
#2293 = CARTESIAN_POINT ( 'NONE',  ( -49.99999999999999289, 5.551115123125782702E-14, -287.9999999999998295 ) ) ;
#2294 = CARTESIAN_POINT ( 'NONE',  ( 178.3392285618891719, -0.1719444760661709148, 0.000000000000000000 ) ) ;
#2295 = CARTESIAN_POINT ( 'NONE',  ( -15.83939356609693405, 1.344777132464288094, -340.0125201989696393 ) ) ;
#2296 = ORIENTED_EDGE ( 'NONE', *, *, #1860, .F. ) ;
#2297 = EDGE_CURVE ( 'NONE', #3417, #3054, #203, .T. ) ;
#2298 = ORIENTED_EDGE ( 'NONE', *, *, #2093, .T. ) ;
#2299 = CARTESIAN_POINT ( 'NONE',  ( 60.00000000000001421, 8.000000000000000000, -4.000000000000000000 ) ) ;
#2300 = CARTESIAN_POINT ( 'NONE',  ( 155.2186067146973016, -0.2179137067161755204, -479.9999999999993179 ) ) ;
#2301 = ORIENTED_EDGE ( 'NONE', *, *, #1086, .F. ) ;
#2302 = CARTESIAN_POINT ( 'NONE',  ( 4.636617262736572265, 10.51917104550405035, -279.8128627202301573 ) ) ;
#2303 = CARTESIAN_POINT ( 'NONE',  ( -49.99999999999999289, 5.551115123125782702E-14, -287.9999999999998295 ) ) ;
#2304 = DIRECTION ( 'NONE',  ( -0.000000000000000000, -0.000000000000000000, -1.000000000000000000 ) ) ;
#2305 = VERTEX_POINT ( 'NONE', #629 ) ;
#2306 = CARTESIAN_POINT ( 'NONE',  ( -1.080833453239035569, 12.49999999999996625, -264.9999999999998863 ) ) ;
#2307 = CARTESIAN_POINT ( 'NONE',  ( 210.6809616400861955, -8.229726356832333778, -575.0000000000000000 ) ) ;
#2308 = CARTESIAN_POINT ( 'NONE',  ( -6.316010161838562453, -1.792882187733384258, -339.9914655134406871 ) ) ;
#2309 = CARTESIAN_POINT ( 'NONE',  ( -29.62949007195206619, 0.4491869865242241744, -549.9999999999998863 ) ) ;
#2310 = EDGE_CURVE ( 'NONE', #1880, #3381, #3424, .T. ) ;
#2311 = CARTESIAN_POINT ( 'NONE',  ( 55.99999999999999289, 1.000000000000000000, -571.0000000000000000 ) ) ;
#2312 = ORIENTED_EDGE ( 'NONE', *, *, #4956, .F. ) ;
#2313 = CARTESIAN_POINT ( 'NONE',  ( 110.8456426649968307, 9.366999014998230066, 0.000000000000000000 ) ) ;
#2314 = CARTESIAN_POINT ( 'NONE',  ( 179.6698579445233577, -0.3896772304789224983, -480.0031835236385405 ) ) ;
#2315 = DIRECTION ( 'NONE',  ( -1.000000000000000000, -0.000000000000000000, -0.000000000000000000 ) ) ;
#2316 = CARTESIAN_POINT ( 'NONE',  ( 14.36189709023379280, -3.614631579071331924, -259.8959426402803388 ) ) ;
#2317 = AXIS2_PLACEMENT_3D ( 'NONE', #4000, #4353, #3866 ) ;
#2318 = CARTESIAN_POINT ( 'NONE',  ( -15.90780558232109776, 2.049793747297306901, -250.0282303677049356 ) ) ;
#2319 = VECTOR ( 'NONE', #4662, 1000.000000000000000 ) ;
#2320 = CARTESIAN_POINT ( 'NONE',  ( -0.9198632809209169592, 12.50000000000133227, -260.7447095287810157 ) ) ;
#2321 = DIRECTION ( 'NONE',  ( -0.000000000000000000, 0.000000000000000000, -1.000000000000000000 ) ) ;
#2322 = EDGE_CURVE ( 'NONE', #5296, #5725, #1081, .T. ) ;
#2323 = VECTOR ( 'NONE', #6209, 1000.000000000000000 ) ;
#2324 = CARTESIAN_POINT ( 'NONE',  ( 86.85000000000000853, 3.570561577078522397, -495.0000000000000000 ) ) ;
#2325 = DIRECTION ( 'NONE',  ( -1.000000000000000000, 0.000000000000000000, 0.000000000000000000 ) ) ;
#2326 = CARTESIAN_POINT ( 'NONE',  ( 2.241045573010227443, -8.897123780481580368, -327.9391311666186652 ) ) ;
#2327 = CARTESIAN_POINT ( 'NONE',  ( -16.05859713829799773, 1.788182064053414511, -340.0227865095189372 ) ) ;
#2328 = ORIENTED_EDGE ( 'NONE', *, *, #598, .F. ) ;
#2329 = CIRCLE ( 'NONE', #3472, 5.000000000000004441 ) ;
#2330 = ORIENTED_EDGE ( 'NONE', *, *, #5204, .T. ) ;
#2331 = CARTESIAN_POINT ( 'NONE',  ( -23.01897064660891701, 12.49999999999996625, -321.0299466035957607 ) ) ;
#2332 = FACE_BOUND ( 'NONE', #2215, .T. ) ;
#2333 = EDGE_CURVE ( 'NONE', #622, #3284, #104, .T. ) ;
#2334 = AXIS2_PLACEMENT_3D ( 'NONE', #4106, #4552, #5375 ) ;
#2335 = ORIENTED_EDGE ( 'NONE', *, *, #100, .F. ) ;
#2336 = CARTESIAN_POINT ( 'NONE',  ( -20.80211390225780832, 9.144845580786990169, -326.7541373230442332 ) ) ;
#2337 = CARTESIAN_POINT ( 'NONE',  ( -20.14877907261148948, 12.49999999999996625, -268.1216384832272297 ) ) ;
#2338 = DIRECTION ( 'NONE',  ( 0.000000000000000000, 0.000000000000000000, 1.000000000000000000 ) ) ;
#2339 = ORIENTED_EDGE ( 'NONE', *, *, #3726, .T. ) ;
#2340 = CARTESIAN_POINT ( 'NONE',  ( -16.18675208054931147, -9.223013278958816841, -326.0344015681971541 ) ) ;
#2341 = CARTESIAN_POINT ( 'NONE',  ( 179.2349858674084260, -0.3072204735325794189, -480.0000000000001137 ) ) ;
#2342 = CARTESIAN_POINT ( 'NONE',  ( 1.584000639974468605, -2.744936176779064763, -339.9902552274128880 ) ) ;
#2343 = CARTESIAN_POINT ( 'NONE',  ( 56.00000000000000000, 1.000000000000000000, -575.1253581756884614 ) ) ;
#2344 = CARTESIAN_POINT ( 'NONE',  ( -2.840623203523961582, -12.50000000000003730, -267.3014162601323847 ) ) ;
#2345 = EDGE_LOOP ( 'NONE', ( #5, #623, #5043, #6330 ) ) ;
#2346 = CARTESIAN_POINT ( 'NONE',  ( 170.0972151795176615, 1.496436134171927668, -480.0000000000000000 ) ) ;
#2347 = CARTESIAN_POINT ( 'NONE',  ( 1.269212001272259638, -10.19510482130703544, -327.0344484543363706 ) ) ;
#2348 = B_SPLINE_CURVE_WITH_KNOTS ( 'NONE', 3,
 ( #2622, #4609, #5194, #5653, #162, #3702, #4702, #721, #1623, #687, #260, #3085, #4642, #6180 ),
 .UNSPECIFIED., .F., .F.,
 ( 4, 2, 2, 2, 2, 2, 4 ),
 ( 0.000000000000000000, 0.006264007552325194517, 0.009396011328487786571, 0.01252801510465037862, 0.01566001888081296894, 0.01879202265697556273, 0.02505603020930072949 ),
 .UNSPECIFIED. ) ;
#2349 = EDGE_CURVE ( 'NONE', #1506, #3344, #806, .T. ) ;
#2350 = CARTESIAN_POINT ( 'NONE',  ( 173.3471052529941687, -0.1064731620283199537, 0.000000000000000000 ) ) ;
#2351 = CARTESIAN_POINT ( 'NONE',  ( 19.67911437448028877, -12.00000000000000000, -336.9999999999998863 ) ) ;
#2352 = CARTESIAN_POINT ( 'NONE',  ( -30.26650263496839344, 6.551445795609451395, -264.9999999999997726 ) ) ;
#2353 = CARTESIAN_POINT ( 'NONE',  ( -2.467503637852444420, -12.47830285929418892, -323.0731352512976855 ) ) ;
#2354 = CARTESIAN_POINT ( 'NONE',  ( 139.9999999999999716, -16.00000000000000000, -575.0000000000000000 ) ) ;
#2355 = DIRECTION ( 'NONE',  ( 1.000000000000000000, 0.000000000000000000, 0.000000000000000000 ) ) ;
#2356 = CARTESIAN_POINT ( 'NONE',  ( 179.6746485038892160, -0.3771736738936535271, -480.0000000000000000 ) ) ;
#2357 = CARTESIAN_POINT ( 'NONE',  ( -15.54141356448617373, 1.040688864740948905, -325.0000000000149498 ) ) ;
#2358 = ORIENTED_EDGE ( 'NONE', *, *, #506, .T. ) ;
#2359 = ORIENTED_EDGE ( 'NONE', *, *, #690, .F. ) ;
#2360 = CARTESIAN_POINT ( 'NONE',  ( -13.31222914634547294, 10.54118576789159079, -328.9036283312855176 ) ) ;
#2361 = DIRECTION ( 'NONE',  ( 1.000000000000000000, 0.000000000000000000, -0.000000000000000000 ) ) ;
#2362 = ORIENTED_EDGE ( 'NONE', *, *, #1488, .T. ) ;
#2363 = CARTESIAN_POINT ( 'NONE',  ( -12.97136537994771821, 10.59390372046344986, -329.0007804015094166 ) ) ;
#2364 = CARTESIAN_POINT ( 'NONE',  ( -17.37369857582046961, -12.50000000000003553, -268.8526322940787168 ) ) ;
#2365 = CARTESIAN_POINT ( 'NONE',  ( -25.36527147380496316, 8.140359886213897056, -264.5035677607397702 ) ) ;
#2366 = CARTESIAN_POINT ( 'NONE',  ( 22.99999999999998579, 9.797174393178827630E-16, -519.9999999999998863 ) ) ;
#2367 = ADVANCED_FACE ( 'NONE', ( #1729, #360, #1823, #327, #731, #4325, #6306 ), #4205, .F. ) ;
#2368 = VERTEX_POINT ( 'NONE', #6192 ) ;
#2369 = CARTESIAN_POINT ( 'NONE',  ( -17.43766352247407525, -12.50000000000003553, -321.1341377380572908 ) ) ;
#2370 = CARTESIAN_POINT ( 'NONE',  ( 179.6374009280951611, -0.3896292515313045102, -480.0000000000006821 ) ) ;
#2371 = CARTESIAN_POINT ( 'NONE',  ( 3.599348342951044000, -2.916561283075008504, -339.9901375307451303 ) ) ;
#2372 = CARTESIAN_POINT ( 'NONE',  ( 0.000000000000000000, 14.26393202250024039, -575.0000000000000000 ) ) ;
#2373 = CARTESIAN_POINT ( 'NONE',  ( -30.84888064803829621, 4.977158099609059860, -324.9999999999998295 ) ) ;
#2374 = ORIENTED_EDGE ( 'NONE', *, *, #5075, .T. ) ;
#2375 = CARTESIAN_POINT ( 'NONE',  ( 62.00000000000000000, 8.000000000000000000, 0.000000000000000000 ) ) ;
#2376 = CARTESIAN_POINT ( 'NONE',  ( 0.8395025057412173197, 12.12430854171252292, -324.9994005812927753 ) ) ;
#2377 = CARTESIAN_POINT ( 'NONE',  ( 6.368297153125421772, -2.879159851241686052, -479.0499999999992156 ) ) ;
#2378 = CARTESIAN_POINT ( 'NONE',  ( 178.3372289957460453, -0.1704778234173340012, -180.0000000000000000 ) ) ;
#2379 = CARTESIAN_POINT ( 'NONE',  ( -15.91891962344326927, 1.946123585309113668, -250.0271238192494536 ) ) ;
#2380 = CARTESIAN_POINT ( 'NONE',  ( 132.7239282270294325, -1.240258920334050163, 0.000000000000000000 ) ) ;
#2381 = CARTESIAN_POINT ( 'NONE',  ( 61.00000000000000000, 15.99999999999998579, -549.9999999999998863 ) ) ;
#2382 = DIRECTION ( 'NONE',  ( -1.000000000000000000, 0.000000000000000000, 0.000000000000000000 ) ) ;
#2383 = DIRECTION ( 'NONE',  ( -1.000000000000000000, -0.000000000000000000, -0.000000000000000000 ) ) ;
#2384 = DIRECTION ( 'NONE',  ( 1.000000000000000000, 0.000000000000000000, 0.000000000000000000 ) ) ;
#2385 = DIRECTION ( 'NONE',  ( 1.000000000000000000, 0.000000000000000000, -1.457750820148577635E-16 ) ) ;
#2386 = CARTESIAN_POINT ( 'NONE',  ( -24.85765732240217929, -10.73093830202101273, -324.9999999999998863 ) ) ;
#2387 = VERTEX_POINT ( 'NONE', #3713 ) ;
#2388 = CARTESIAN_POINT ( 'NONE',  ( -9.412555016225727655, 11.00110330476516651, -329.9668992788797368 ) ) ;
#2389 = CARTESIAN_POINT ( 'NONE',  ( -60.00000000000000000, -1.110223024625156540E-13, -300.5999999999997385 ) ) ;
#2390 = ORIENTED_EDGE ( 'NONE', *, *, #2450, .F. ) ;
#2391 = CARTESIAN_POINT ( 'NONE',  ( -24.70545722649330500, 8.298534094086159385, -325.6881443931957847 ) ) ;
#2392 = CARTESIAN_POINT ( 'NONE',  ( -21.37091007080810101, 20.84060539242168630, -575.0000000000000000 ) ) ;
#2393 = CARTESIAN_POINT ( 'NONE',  ( -14.79015880193250787, 12.49999999999996625, -266.0574945555702016 ) ) ;
#2394 = ORIENTED_EDGE ( 'NONE', *, *, #4088, .T. ) ;
#2395 = CARTESIAN_POINT ( 'NONE',  ( 160.1590045930899748, 3.106854051961937202, -480.0000000000000000 ) ) ;
#2396 = EDGE_LOOP ( 'NONE', ( #459, #5662, #3872, #524, #171 ) ) ;
#2397 = CARTESIAN_POINT ( 'NONE',  ( -16.03335994573913936, -12.50000000000003730, -324.8411973394922256 ) ) ;
#2398 = CARTESIAN_POINT ( 'NONE',  ( 178.4296772218973501, -0.2294832158377971276, -479.0500000000002956 ) ) ;
#2399 = CARTESIAN_POINT ( 'NONE',  ( -20.44646112748543487, -13.42732524784340775, -324.9999999999999432 ) ) ;
#2400 = EDGE_CURVE ( 'NONE', #5395, #5944, #2765, .T. ) ;
#2401 = CARTESIAN_POINT ( 'NONE',  ( -49.99999999999999289, -1.108508519106350097E-13, -303.3999999999998067 ) ) ;
#2402 = CARTESIAN_POINT ( 'NONE',  ( -30.00407011526485590, -3.774612808137949749, -324.9999999999998863 ) ) ;
#2403 = ORIENTED_EDGE ( 'NONE', *, *, #2629, .T. ) ;
#2404 = CARTESIAN_POINT ( 'NONE',  ( 88.62389568936961837, 11.57516578858431444, -479.9964947757675873 ) ) ;
#2405 = CARTESIAN_POINT ( 'NONE',  ( 170.9357754408381140, -15.94576594308572126, -549.9999999999998863 ) ) ;
#2406 = EDGE_CURVE ( 'NONE', #5963, #5199, #4198, .T. ) ;
#2407 = AXIS2_PLACEMENT_3D ( 'NONE', #3184, #6208, #5258 ) ;
#2408 = ADVANCED_FACE ( 'NONE', ( #5695 ), #1333, .F. ) ;
#2409 = CARTESIAN_POINT ( 'NONE',  ( -11.97769294558632502, -0.3807428022235359588, -479.0499999999998977 ) ) ;
#2410 = CARTESIAN_POINT ( 'NONE',  ( 179.6758415976511571, -0.3879418042920002030, -180.0000000000000000 ) ) ;
#2411 = CARTESIAN_POINT ( 'NONE',  ( -16.75827284014608409, -14.84348160473997602, -264.9999999999998863 ) ) ;
#2412 = CARTESIAN_POINT ( 'NONE',  ( 178.2585319484031174, -0.2637454678313282397, -484.8000000000000114 ) ) ;
#2413 = VECTOR ( 'NONE', #4622, 1000.000000000000000 ) ;
#2414 = CARTESIAN_POINT ( 'NONE',  ( -60.00000000000000000, 12.49999999999996625, -324.9999999999998863 ) ) ;
#2415 = DIRECTION ( 'NONE',  ( -2.018587317500288033E-14, 0.000000000000000000, -1.000000000000000000 ) ) ;
#2416 = AXIS2_PLACEMENT_3D ( 'NONE', #5161, #589, #221 ) ;
#2417 = AXIS2_PLACEMENT_3D ( 'NONE', #245, #2650, #4117 ) ;
#2418 = FACE_OUTER_BOUND ( 'NONE', #724, .T. ) ;
#2419 = CARTESIAN_POINT ( 'NONE',  ( 137.6758406867323004, 6.277248669964631489, -229.2494451010616103 ) ) ;
#2420 = CARTESIAN_POINT ( 'NONE',  ( -11.55483802092537893, 5.807513606593628808, -264.9999999999848228 ) ) ;
#2421 = CARTESIAN_POINT ( 'NONE',  ( -15.69127713859852769, 2.857158146009303401, -325.0000000000000000 ) ) ;
#2422 = ORIENTED_EDGE ( 'NONE', *, *, #215, .T. ) ;
#2423 = VERTEX_POINT ( 'NONE', #5175 ) ;
#2424 = AXIS2_PLACEMENT_3D ( 'NONE', #2372, #6375, #1368 ) ;
#2425 = CARTESIAN_POINT ( 'NONE',  ( 13.67911437448025858, -2.000000000000000000, -342.9999999999999432 ) ) ;
#2426 = EDGE_CURVE ( 'NONE', #387, #3511, #2004, .T. ) ;
#2427 = EDGE_CURVE ( 'NONE', #2387, #2848, #1854, .T. ) ;
#2428 = ORIENTED_EDGE ( 'NONE', *, *, #1665, .F. ) ;
#2429 = CARTESIAN_POINT ( 'NONE',  ( -28.23927659571998916, -6.969987777013580299, -265.0000000000000568 ) ) ;
#2430 = CARTESIAN_POINT ( 'NONE',  ( -14.24005553586330741, -9.397855134828548174, -263.7766613277186138 ) ) ;
#2431 = CIRCLE ( 'NONE', #5661, 3.149999999999999911 ) ;
#2432 = FACE_OUTER_BOUND ( 'NONE', #1917, .T. ) ;
#2433 = CARTESIAN_POINT ( 'NONE',  ( -22.36575046049963333, 8.757493746041102867, -263.7658945043467611 ) ) ;
#2434 = EDGE_LOOP ( 'NONE', ( #5416, #2118, #6366, #4392 ) ) ;
#2435 = DIRECTION ( 'NONE',  ( -0.000000000000000000, 1.000000000000000000, -0.000000000000000000 ) ) ;
#2436 = VERTEX_POINT ( 'NONE', #3739 ) ;
#2437 = CARTESIAN_POINT ( 'NONE',  ( -3.488866026947172294, -9.933447117954415262, -326.9202600269115351 ) ) ;
#2438 = CARTESIAN_POINT ( 'NONE',  ( 179.6496744656365649, -0.3897181808421122939, -479.9999999999995453 ) ) ;
#2439 = CARTESIAN_POINT ( 'NONE',  ( -10.26968782143663361, -1.042306125995649424, -339.9932833203299083 ) ) ;
#2440 = CIRCLE ( 'NONE', #1094, 3.149999999999999911 ) ;
#2441 = FACE_OUTER_BOUND ( 'NONE', #5849, .T. ) ;
#2442 = VECTOR ( 'NONE', #1516, 1000.000000000000000 ) ;
#2443 = CARTESIAN_POINT ( 'NONE',  ( 24.24222035976479717, -3.908576412714599879, -317.5163723164121166 ) ) ;
#2444 = ORIENTED_EDGE ( 'NONE', *, *, #4007, .T. ) ;
#2445 = CARTESIAN_POINT ( 'NONE',  ( 36.41402297787106335, 13.36509905536209963, -480.0047475380738433 ) ) ;
#2446 = CARTESIAN_POINT ( 'NONE',  ( -3.536570896405728970, -9.945251744499588042, -263.0587966159470170 ) ) ;
#2447 = CARTESIAN_POINT ( 'NONE',  ( -14.09454766863334640, 0.1893705818718163791, -480.0000000000017621 ) ) ;
#2448 = CARTESIAN_POINT ( 'NONE',  ( -14.81530815117016608, 0.5262355417222364107, -264.9999999999998863 ) ) ;
#2449 = CARTESIAN_POINT ( 'NONE',  ( 169.0473221562048423, -0.04764540472510893354, -480.0000000000000000 ) ) ;
#2450 = EDGE_CURVE ( 'NONE', #129, #3030, #1243, .T. ) ;
#2451 = CARTESIAN_POINT ( 'NONE',  ( 39.50000000000001421, 3.000000000000000000, -321.9999999999999432 ) ) ;
#2452 = CARTESIAN_POINT ( 'NONE',  ( 56.00000000000000000, 3.000000000000000000, -304.0000000000005684 ) ) ;
#2453 = CARTESIAN_POINT ( 'NONE',  ( 8.679114374480255023, -4.431978330222528406, -322.9999999999998863 ) ) ;
#2454 = CARTESIAN_POINT ( 'NONE',  ( -49.99999999999999289, 6.999999999999926281, -294.9999999999999432 ) ) ;
#2455 = CARTESIAN_POINT ( 'NONE',  ( -13.75214004071031582, 21.14827842090410925, -264.9999999999999432 ) ) ;
#2456 = CARTESIAN_POINT ( 'NONE',  ( -15.71511095268889058, 2.874539077618204264, -340.0294372086347607 ) ) ;
#2457 = ORIENTED_EDGE ( 'NONE', *, *, #4359, .T. ) ;
#2458 = ORIENTED_EDGE ( 'NONE', *, *, #3321, .F. ) ;
#2459 = CARTESIAN_POINT ( 'NONE',  ( 137.6981163562016093, 6.316897793082609347, -433.9999999999999432 ) ) ;
#2460 = CARTESIAN_POINT ( 'NONE',  ( 45.00000000000000711, 7.999999999999998224, -4.000000000000000000 ) ) ;
#2461 = CARTESIAN_POINT ( 'NONE',  ( -0.9631150143801125996, -10.01727149682644225, -262.9395973299332354 ) ) ;
#2462 = CARTESIAN_POINT ( 'NONE',  ( -13.49890478352671330, 4.233246216610701218, 0.000000000000000000 ) ) ;
#2463 = CARTESIAN_POINT ( 'NONE',  ( -2.009105744551511918, 12.49999999999996625, -261.3016052587926765 ) ) ;
#2464 = ORIENTED_EDGE ( 'NONE', *, *, #1644, .F. ) ;
#2465 = DIRECTION ( 'NONE',  ( -0.000000000000000000, 1.000000000000000000, -0.000000000000000000 ) ) ;
#2466 = ORIENTED_EDGE ( 'NONE', *, *, #3482, .F. ) ;
#2467 = CARTESIAN_POINT ( 'NONE',  ( -16.20304557067804296, -12.50000000000003553, -321.2987372642525088 ) ) ;
#2468 = CARTESIAN_POINT ( 'NONE',  ( 179.6663760868772215, -0.3845652032970479084, -479.9999999999997726 ) ) ;
#2469 = CARTESIAN_POINT ( 'NONE',  ( -12.67444460794241934, -15.87901640483078936, -324.9999999999998295 ) ) ;
#2470 = EDGE_CURVE ( 'NONE', #5725, #2897, #147, .T. ) ;
#2471 = ORIENTED_EDGE ( 'NONE', *, *, #1306, .F. ) ;
#2472 = CARTESIAN_POINT ( 'NONE',  ( -13.49890478352671330, 4.233246216610701218, 0.000000000000000000 ) ) ;
#2473 = ORIENTED_EDGE ( 'NONE', *, *, #1931, .T. ) ;
#2474 = CARTESIAN_POINT ( 'NONE',  ( -30.69209298360095772, -1.566628973807924430, -324.9999999999998863 ) ) ;
#2475 = VERTEX_POINT ( 'NONE', #4748 ) ;
#2476 = LINE ( 'NONE', #5473, #4203 ) ;
#2477 = DIRECTION ( 'NONE',  ( -0.000000000000000000, 1.000000000000000000, -0.000000000000000000 ) ) ;
#2478 = CARTESIAN_POINT ( 'NONE',  ( -11.67963055462747413, -0.6111972756217894931, -479.9999999999996021 ) ) ;
#2479 = CARTESIAN_POINT ( 'NONE',  ( -13.96662406131668810, 0.09891914636189561016, -249.9978322941121007 ) ) ;
#2480 = CARTESIAN_POINT ( 'NONE',  ( 83.00592520150202347, -3.600179322128214565, -480.0000000000000000 ) ) ;
#2481 = DIRECTION ( 'NONE',  ( 1.000000000000000000, 0.000000000000000000, 0.000000000000000000 ) ) ;
#2482 = LINE ( 'NONE', #2977, #5457 ) ;
#2483 = EDGE_CURVE ( 'NONE', #3675, #1846, #1787, .T. ) ;
#2484 = CARTESIAN_POINT ( 'NONE',  ( -0.07414289741641279241, 12.49999999999996803, -324.9996885912869971 ) ) ;
#2485 = CARTESIAN_POINT ( 'NONE',  ( 137.6758406867322719, 6.302664476242951785, -351.3598163503093019 ) ) ;
#2486 = CARTESIAN_POINT ( 'NONE',  ( -11.19941765328541905, 22.03533855938926322, -264.9999999999999432 ) ) ;
#2487 = CARTESIAN_POINT ( 'NONE',  ( -15.61441830569625289, 3.007128779871534707, -340.0292606673577893 ) ) ;
#2488 = ORIENTED_EDGE ( 'NONE', *, *, #4759, .T. ) ;
#2489 = CARTESIAN_POINT ( 'NONE',  ( 123.2991171393165786, 8.164200068159759738, -480.0000000000006253 ) ) ;
#2490 = B_SPLINE_CURVE_WITH_KNOTS ( 'NONE', 3,
 ( #5728, #2706, #6223, #4688, #1703, #1669, #1274, #3262, #2184, #3166, #3685, #305, #4752, #4175, #2155, #3647, #5669, #5245, #1217, #2770, #241, #705, #5700, #5212, #2675, #2220, #4211, #4267, #6249, #6196, #3717, #4237 ),
 .UNSPECIFIED., .F., .F.,
 ( 4, 2, 2, 2, 2, 2, 2, 2, 2, 2, 2, 2, 2, 2, 2, 4 ),
 ( 0.02607584049368044665, 0.02658348091659336332, 0.02683730112804982165, 0.02709112133950628346, 0.02734494155096274179, 0.02759876176241920012, 0.02810640218533210985, 0.02861404260824502305, 0.02912168303115793278, 0.03013696387698375223, 0.03216752556863538420, 0.03419808726028701618, 0.03825921064359028706, 0.04232033402689355100, 0.05044258079350008583, 0.05856482756010662760 ),
 .UNSPECIFIED. ) ;
#2491 = DIRECTION ( 'NONE',  ( 0.000000000000000000, -0.000000000000000000, -1.000000000000000000 ) ) ;
#2492 = EDGE_CURVE ( 'NONE', #3283, #6119, #853, .T. ) ;
#2493 = CARTESIAN_POINT ( 'NONE',  ( -14.08827791196887702, -12.50000000000003375, -265.0405308541386944 ) ) ;
#2494 = CARTESIAN_POINT ( 'NONE',  ( -4.109593581351200342, 8.207141195834214642, 0.000000000000000000 ) ) ;
#2495 = PLANE ( 'NONE',  #997 ) ;
#2496 = B_SPLINE_CURVE_WITH_KNOTS ( 'NONE', 3,
 ( #1161, #3992, #5063, #6113, #5586, #3146, #3600, #4571, #1035, #3016, #4995, #4504, #2136, #5556 ),
 .UNSPECIFIED., .F., .F.,
 ( 4, 2, 2, 2, 2, 2, 4 ),
 ( 0.000000000000000000, 0.006285616720556854581, 0.009428425080835269728, 0.01257123344111368661, 0.01571404180139210349, 0.01885685016167051864, 0.02514246688222733506 ),
 .UNSPECIFIED. ) ;
#2497 = EDGE_LOOP ( 'NONE', ( #4108, #5945, #3740, #492 ) ) ;
#2498 = CARTESIAN_POINT ( 'NONE',  ( 7.493084093236416443, 11.03778187727701621, -338.7965606882651741 ) ) ;
#2499 = ORIENTED_EDGE ( 'NONE', *, *, #1546, .F. ) ;
#2500 = CARTESIAN_POINT ( 'NONE',  ( -17.78488208017574479, 12.49999999999996980, -322.8512599782673078 ) ) ;
#2501 =( BOUNDED_SURFACE ( )  B_SPLINE_SURFACE ( 3, 2, ( 
 ( #1690, #3801, #5659 ),
 ( #2696, #4678, #6214 ),
 ( #5265, #2761, #2787 ),
 ( #230, #2207, #2271 ),
 ( #4256, #3762, #4771 ),
 ( #2331, #3007, #1994 ),
 ( #1514, #4986, #1357 ),
 ( #1028, #4319, #5973 ),
 ( #82, #1878, #2062 ),
 ( #6301, #5479, #539 ),
 ( #6007, #3525, #3858 ),
 ( #1848, #4866, #353 ),
 ( #1328, #4461, #3829 ),
 ( #12, #3036, #1545 ),
 ( #5510, #847, #5321 ),
 ( #5842, #878, #2851 ),
 ( #3338, #4493, #5813 ),
 ( #3982, #4837, #3494 ),
 ( #384, #1056, #2515 ),
 ( #50, #4046, #3312 ),
 ( #5293, #6331, #2360 ),
 ( #4347, #1388, #3373 ),
 ( #5357, #2033, #4800 ),
 ( #4017, #5020, #912 ),
 ( #418, #2881, #2388 ),
 ( #2817, #571, #2551 ),
 ( #4530, #5673, #6069 ),
 ( #2160, #5609, #4632 ),
 ( #1577, #6105, #3592 ),
 ( #1186, #608, #2128 ),
 ( #1709, #1224, #675 ),
 ( #3075, #183, #3207 ),
 ( #3554, #2680, #639 ),
 ( #5184, #3653, #2610 ) ),
 .UNSPECIFIED., .F., .F., .T. ) 
 B_SPLINE_SURFACE_WITH_KNOTS ( ( 4, 2, 2, 2, 2, 2, 2, 2, 2, 2, 2, 2, 2, 2, 2, 2, 4 ),
 ( 3, 3 ),
 ( 0.000000000000000000, 0.004285917483288039995, 0.006428876224932059992, 0.008571834966576079989, 0.009643314337398090422, 0.01071479370822010085, 0.01285775244986411998, 0.01500071119150813911, 0.01714366993315215998, 0.01821514930397417215, 0.01928662867479618084, 0.02142958741644020171, 0.02357254615808421910, 0.02571550489972823997, 0.02785846364137226083, 0.03000142238301627823, 0.03428733986630431996 ),
 ( 0.000000000000000000, 1.000000000000000000 ),
 .UNSPECIFIED. ) 
 GEOMETRIC_REPRESENTATION_ITEM ( )  RATIONAL_B_SPLINE_SURFACE ( (
 ( 1.000000000000000000, 0.7071067811865482389, 1.000000000000000000),
 ( 1.000000000000000000, 0.7154038070540651439, 1.000000000000000000),
 ( 1.000000000000000000, 0.7253111672694355638, 1.000000000000000000),
 ( 1.000000000000000000, 0.7440755348617398290, 1.000000000000000000),
 ( 1.000000000000000000, 0.7509943449557942019, 1.000000000000000000),
 ( 1.000000000000000000, 0.7662153220329760428, 1.000000000000000000),
 ( 1.000000000000000000, 0.7746298536165081572, 1.000000000000000000),
 ( 1.000000000000000000, 0.7872962993579500912, 1.000000000000000000),
 ( 1.000000000000000000, 0.7913952326588044039, 1.000000000000000000),
 ( 1.000000000000000000, 0.7999683378229006658, 1.000000000000000000),
 ( 1.000000000000000000, 0.8043686497295018389, 1.000000000000000000),
 ( 1.000000000000000000, 0.8177755449453009140, 1.000000000000000000),
 ( 1.000000000000000000, 0.8270330215384955608, 1.000000000000000000),
 ( 1.000000000000000000, 0.8449187450147179756, 1.000000000000000000),
 ( 1.000000000000000000, 0.8533306316982234296, 1.000000000000000000),
 ( 1.000000000000000000, 0.8689580510452542539, 1.000000000000000000),
 ( 1.000000000000000000, 0.8761145720450285168, 1.000000000000000000),
 ( 1.000000000000000000, 0.8855465706874413589, 1.000000000000000000),
 ( 1.000000000000000000, 0.8884385074655729575, 1.000000000000000000),
 ( 1.000000000000000000, 0.8940302263259609639, 1.000000000000000000),
 ( 1.000000000000000000, 0.8967303530411860901, 1.000000000000000000),
 ( 1.000000000000000000, 0.9045241646861776896, 1.000000000000000000),
 ( 1.000000000000000000, 0.9093070181427489462, 1.000000000000000000),
 ( 1.000000000000000000, 0.9180439990372808445, 1.000000000000000000),
 ( 1.000000000000000000, 0.9220217586371864948, 1.000000000000000000),
 ( 1.000000000000000000, 0.9294495250288700161, 1.000000000000000000),
 ( 1.000000000000000000, 0.9328708786211581394, 1.000000000000000000),
 ( 1.000000000000000000, 0.9392064229305687739, 1.000000000000000000),
 ( 1.000000000000000000, 0.9421191427081679892, 1.000000000000000000),
 ( 1.000000000000000000, 0.9476479993353496001, 1.000000000000000000),
 ( 1.000000000000000000, 0.9502429344893931207, 1.000000000000000000),
 ( 1.000000000000000000, 0.9575707891969188479, 1.000000000000000000),
 ( 1.000000000000000000, 0.9618398244837811362, 1.000000000000000000),
 ( 1.000000000000000000, 0.9657097079259723271, 1.000000000000000000) ) ) 
 REPRESENTATION_ITEM ( '' )  SURFACE ( )  );
#2502 = CARTESIAN_POINT ( 'NONE',  ( 179.6195460984620809, -0.3886572001233827844, -479.9999999999988631 ) ) ;
#2503 = CARTESIAN_POINT ( 'NONE',  ( -13.55203694148396742, -0.04586939827616299398, -339.9966394496489102 ) ) ;
#2504 = ORIENTED_EDGE ( 'NONE', *, *, #2645, .F. ) ;
#2505 = CARTESIAN_POINT ( 'NONE',  ( 19.40412334837636621, -3.765611849869706429, -323.8260883497373470 ) ) ;
#2506 = CARTESIAN_POINT ( 'NONE',  ( 24.88258653572012946, -3.923856564489242693, -317.6777009389217028 ) ) ;
#2507 = VERTEX_POINT ( 'NONE', #3290 ) ;
#2508 = CARTESIAN_POINT ( 'NONE',  ( 31.44245755506697293, 13.21892493064010665, -480.0017270898362085 ) ) ;
#2509 = LINE ( 'NONE', #4013, #4304 ) ;
#2510 = B_SPLINE_CURVE_WITH_KNOTS ( 'NONE', 3,
 ( #2163, #5551, #681, #5059 ),
 .UNSPECIFIED., .F., .F.,
 ( 4, 4 ),
 ( 0.000000000000000000, 0.01700000290760619870 ),
 .UNSPECIFIED. ) ;
#2511 = EDGE_CURVE ( 'NONE', #2181, #2002, #1270, .T. ) ;
#2512 = CARTESIAN_POINT ( 'NONE',  ( -39.43897497855006407, -9.044455248819913251, -575.0000000000000000 ) ) ;
#2513 = CARTESIAN_POINT ( 'NONE',  ( -21.30481273812806720, -13.02545552110039218, -264.9999999999998863 ) ) ;
#2514 = CARTESIAN_POINT ( 'NONE',  ( 157.0960485702040614, -0.2117113013858293313, 0.000000000000000000 ) ) ;
#2515 = CARTESIAN_POINT ( 'NONE',  ( -14.36924746821196130, 10.39315164717864093, -328.6078643657570524 ) ) ;
#2516 = CARTESIAN_POINT ( 'NONE',  ( -0.9357754408381163680, -15.94576594308569284, -549.9999999999998863 ) ) ;
#2517 = PLANE ( 'NONE',  #275 ) ;
#2518 = CARTESIAN_POINT ( 'NONE',  ( 153.6443969666219687, -0.2617514066054936750, -480.0000000000000000 ) ) ;
#2519 = CARTESIAN_POINT ( 'NONE',  ( 7.632719754890868735, 10.96197279577585704, -251.2542266153405137 ) ) ;
#2520 = VECTOR ( 'NONE', #3264, 1000.000000000000000 ) ;
#2521 = CARTESIAN_POINT ( 'NONE',  ( -0.1405298167478997995, 9.505167337240477465, -264.9999999999998863 ) ) ;
#2522 = CARTESIAN_POINT ( 'NONE',  ( -15.51384496688947934, 3.086276103580659846, -324.9999999999998295 ) ) ;
#2523 = VERTEX_POINT ( 'NONE', #236 ) ;
#2524 = EDGE_CURVE ( 'NONE', #1885, #3121, #3673, .T. ) ;
#2525 = DIRECTION ( 'NONE',  ( 0.000000000000000000, 0.000000000000000000, 1.000000000000000000 ) ) ;
#2526 = CIRCLE ( 'NONE', #2736, 2.000000000000001776 ) ;
#2527 = FACE_OUTER_BOUND ( 'NONE', #3000, .T. ) ;
#2528 = CARTESIAN_POINT ( 'NONE',  ( -12.32975068644068983, -9.542866800392562965, -263.6134142017587578 ) ) ;
#2529 = CARTESIAN_POINT ( 'NONE',  ( -4.889686882910237564, 8.653172133217823969, -480.0000000000000000 ) ) ;
#2530 = CARTESIAN_POINT ( 'NONE',  ( -8.825170996358751907, 12.49999999999996447, -261.5038220023033091 ) ) ;
#2531 = VERTEX_POINT ( 'NONE', #3257 ) ;
#2532 = VECTOR ( 'NONE', #3852, 1000.000000000000000 ) ;
#2533 = CARTESIAN_POINT ( 'NONE',  ( -49.99999999999999289, 5.551115123125782702E-14, -287.9999999999998295 ) ) ;
#2534 = CIRCLE ( 'NONE', #3360, 1.400000000000012346 ) ;
#2535 = ORIENTED_EDGE ( 'NONE', *, *, #5192, .F. ) ;
#2536 = CARTESIAN_POINT ( 'NONE',  ( -3.466406783282954152, 12.49999999999996625, -328.3443192668626125 ) ) ;
#2537 = ADVANCED_FACE ( 'NONE', ( #5239 ), #2793, .F. ) ;
#2538 = CARTESIAN_POINT ( 'NONE',  ( 208.5419210948323041, -9.630117429760101544, -575.0000000000000000 ) ) ;
#2539 = AXIS2_PLACEMENT_3D ( 'NONE', #4787, #771, #5282 ) ;
#2540 = ORIENTED_EDGE ( 'NONE', *, *, #5275, .T. ) ;
#2541 = CARTESIAN_POINT ( 'NONE',  ( 33.67911437448025680, -4.061874995434449964, -343.0000000000000000 ) ) ;
#2542 = CARTESIAN_POINT ( 'NONE',  ( 6.886873908487905815, -5.225487245577419060, -257.5204617233829367 ) ) ;
#2543 = CARTESIAN_POINT ( 'NONE',  ( 39.67911437448027812, -4.051705398103308653, -449.4366066300481179 ) ) ;
#2544 = ORIENTED_EDGE ( 'NONE', *, *, #3655, .F. ) ;
#2545 = CARTESIAN_POINT ( 'NONE',  ( -12.55634711542423609, 5.259380856099349799, -250.0248635008458393 ) ) ;
#2546 = CARTESIAN_POINT ( 'NONE',  ( 168.5852938546181861, 1.743332195540511442, -479.9999999999999432 ) ) ;
#2547 = CARTESIAN_POINT ( 'NONE',  ( -8.807006778608565511, 7.225619629323855264, -479.0499999999995566 ) ) ;
#2548 = CARTESIAN_POINT ( 'NONE',  ( -13.69350280949106669, -0.008825938422892233570, -264.9999999999923261 ) ) ;
#2549 = CARTESIAN_POINT ( 'NONE',  ( 0.6547660353389550547, 9.390384069227961206, 0.000000000000000000 ) ) ;
#2550 = ADVANCED_FACE ( 'NONE', ( #5789 ), #3964, .F. ) ;
#2551 = CARTESIAN_POINT ( 'NONE',  ( -7.994451734009934363, 11.13862626643495268, -330.3444978948064090 ) ) ;
#2552 = CARTESIAN_POINT ( 'NONE',  ( -1.082953913795323242, 12.49999999999996625, -258.2011739943458224 ) ) ;
#2553 = DIRECTION ( 'NONE',  ( 1.000000000000000000, 0.000000000000000000, 0.000000000000000000 ) ) ;
#2554 = CARTESIAN_POINT ( 'NONE',  ( 8.689892167554026159, -2.000000000000000000, -316.9999999999998863 ) ) ;
#2555 = CARTESIAN_POINT ( 'NONE',  ( -8.879351319893231675, 6.976910969209426661, -265.0000000000300133 ) ) ;
#2556 = CARTESIAN_POINT ( 'NONE',  ( -29.84782258861141102, 8.164050920062793537, -324.9999999999998295 ) ) ;
#2557 = CARTESIAN_POINT ( 'NONE',  ( 113.3969214004335413, -2.222172095592499286, -484.8000000000000114 ) ) ;
#2558 = CARTESIAN_POINT ( 'NONE',  ( 93.42775204011633150, 11.06392354970941128, -479.0500000000000114 ) ) ;
#2559 = CARTESIAN_POINT ( 'NONE',  ( -27.85534655193038844, -7.500000000000158096, -264.9999999999998295 ) ) ;
#2560 = CARTESIAN_POINT ( 'NONE',  ( -11.83237143342049968, -12.50000000000003553, -268.1512189357429747 ) ) ;
#2561 = CARTESIAN_POINT ( 'NONE',  ( -7.064909597978150657, -1.631435941692159997, -480.0000000000000000 ) ) ;
#2562 = CARTESIAN_POINT ( 'NONE',  ( 1.886072554056568595, 11.79947970644585808, -257.2252110482987746 ) ) ;
#2563 = VERTEX_POINT ( 'NONE', #3934 ) ;
#2564 = CARTESIAN_POINT ( 'NONE',  ( 74.00000000000001421, 3.000000000000000000, -322.0000000000000568 ) ) ;
#2565 = ORIENTED_EDGE ( 'NONE', *, *, #4125, .F. ) ;
#2566 = CARTESIAN_POINT ( 'NONE',  ( -23.67624484949220331, 12.49999999999996803, -269.2152852352261334 ) ) ;
#2567 = CARTESIAN_POINT ( 'NONE',  ( 176.4488712923853484, -0.1205649898969189115, -479.0499999999989313 ) ) ;
#2568 = EDGE_LOOP ( 'NONE', ( #767, #951, #2858, #1045, #943, #6087, #630, #2889 ) ) ;
#2569 = CARTESIAN_POINT ( 'NONE',  ( 20.62560968249517401, -3.804346006344290210, -324.2340516184499961 ) ) ;
#2570 = EDGE_CURVE ( 'NONE', #1506, #3808, #5892, .T. ) ;
#2571 = CARTESIAN_POINT ( 'NONE',  ( 18.34896787501770987, -3.626138859219259380, -480.0000000000000000 ) ) ;
#2572 = CARTESIAN_POINT ( 'NONE',  ( 139.9999999999999716, 18.00000000000000355, -549.9999999999998863 ) ) ;
#2573 = VERTEX_POINT ( 'NONE', #920 ) ;
#2574 = CARTESIAN_POINT ( 'NONE',  ( 31.12363708042880717, -3.944529629952783889, -480.0000775452770654 ) ) ;
#2575 = CARTESIAN_POINT ( 'NONE',  ( 213.1793108726969308, -5.756117762911658886, -574.9999999999997726 ) ) ;
#2576 = LINE ( 'NONE', #6389, #5967 ) ;
#2577 = CARTESIAN_POINT ( 'NONE',  ( -45.00341094125169406, 0.07706942542612431335, -575.0000000000005684 ) ) ;
#2578 = CARTESIAN_POINT ( 'NONE',  ( -5.109357987427588732, -2.033495642640456236, -249.9911880612319806 ) ) ;
#2579 = EDGE_LOOP ( 'NONE', ( #4882, #825, #4585, #3258, #3636, #352, #448, #5168 ) ) ;
#2580 = CARTESIAN_POINT ( 'NONE',  ( 34.56927172779212754, 13.35021431198616781, -484.8000000000000114 ) ) ;
#2581 = CARTESIAN_POINT ( 'NONE',  ( 172.0922303834089178, -0.08157069773404046487, -479.9999767570481595 ) ) ;
#2582 = DIRECTION ( 'NONE',  ( -0.000000000000000000, -0.000000000000000000, 1.000000000000000000 ) ) ;
#2583 = CARTESIAN_POINT ( 'NONE',  ( 139.0158569191326308, -0.8865857781038370966, -180.0000000000000000 ) ) ;
#2584 = FACE_OUTER_BOUND ( 'NONE', #4196, .T. ) ;
#2585 = CARTESIAN_POINT ( 'NONE',  ( -12.43165653466335918, 5.349772254677718664, -264.9999999999999432 ) ) ;
#2586 = CARTESIAN_POINT ( 'NONE',  ( -7.895657080925517768, 7.431803087474720293, -324.9999999999998295 ) ) ;
#2587 = CARTESIAN_POINT ( 'NONE',  ( 178.2585319484031174, -0.2637454678313282397, -484.8000000000000114 ) ) ;
#2588 = CARTESIAN_POINT ( 'NONE',  ( 16.85000000000000142, 3.570561577078505522, 0.000000000000000000 ) ) ;
#2589 = CARTESIAN_POINT ( 'NONE',  ( -19.35269406888386001, 9.427780764996631646, -262.8976101116064683 ) ) ;
#2590 = CARTESIAN_POINT ( 'NONE',  ( 137.6758406867323004, -0.9245541963931646068, -316.9304892642459777 ) ) ;
#2591 = CARTESIAN_POINT ( 'NONE',  ( 0.6547660353389550547, 9.390384069227961206, 0.000000000000000000 ) ) ;
#2592 = CARTESIAN_POINT ( 'NONE',  ( 61.00000000000000000, 15.99999999999998579, -549.9999999999998863 ) ) ;
#2593 = EDGE_LOOP ( 'NONE', ( #2831, #1730, #2249, #1657 ) ) ;
#2594 = ORIENTED_EDGE ( 'NONE', *, *, #782, .F. ) ;
#2595 = CARTESIAN_POINT ( 'NONE',  ( -21.25902699113110117, 12.49999999999996803, -268.5168226411262822 ) ) ;
#2596 = CARTESIAN_POINT ( 'NONE',  ( 177.3837990438667020, -0.2396898924583775736, -479.9999999999997158 ) ) ;
#2597 = ORIENTED_EDGE ( 'NONE', *, *, #3692, .F. ) ;
#2598 = CARTESIAN_POINT ( 'NONE',  ( 26.17164806284317180, -3.946656249410099182, -327.3683196502393571 ) ) ;
#2599 = CARTESIAN_POINT ( 'NONE',  ( 6.071609230768702403, -3.010911638924779865, -480.0008692365226466 ) ) ;
#2600 = CARTESIAN_POINT ( 'NONE',  ( 39.67911437448029233, -4.119463480374753850, -337.0000000000000000 ) ) ;
#2601 = ORIENTED_EDGE ( 'NONE', *, *, #177, .T. ) ;
#2602 = CARTESIAN_POINT ( 'NONE',  ( -10.60018929117394215, 6.239235040239923258, -250.0232466813274641 ) ) ;
#2603 = CARTESIAN_POINT ( 'NONE',  ( 174.9827647843972613, 0.5282056023275288892, -479.0499999999988177 ) ) ;
#2604 = EDGE_CURVE ( 'NONE', #1267, #5826, #259, .T. ) ;
#2605 = DIRECTION ( 'NONE',  ( -1.017704439239767429E-14, 0.000000000000000000, -1.000000000000000000 ) ) ;
#2606 = CARTESIAN_POINT ( 'NONE',  ( -5.735199558961550537, 8.366711610578004610, -480.0000000000000000 ) ) ;
#2607 = CARTESIAN_POINT ( 'NONE',  ( 0.6372361801380459490, -2.705516391187466230, -264.9999999999998863 ) ) ;
#2608 = EDGE_LOOP ( 'NONE', ( #3827, #5329, #1957, #5278, #19 ) ) ;
#2609 = CARTESIAN_POINT ( 'NONE',  ( -0.1095455413093363584, 9.835372494998731341, -484.8000000000000114 ) ) ;
#2610 = CARTESIAN_POINT ( 'NONE',  ( 1.864789307967594789, 11.82595239982462587, -332.9174056495431273 ) ) ;
#2611 = EDGE_CURVE ( 'NONE', #3732, #5388, #3821, .T. ) ;
#2612 = CARTESIAN_POINT ( 'NONE',  ( 0.8524916439313441341, 12.11050818158728326, -260.4668460242658057 ) ) ;
#2613 = DIRECTION ( 'NONE',  ( 0.2380398724310545389, -0.9712553830651377007, 0.000000000000000000 ) ) ;
#2614 = CARTESIAN_POINT ( 'NONE',  ( -1.059824596873831570, 12.49999999999996625, -331.9455171166158607 ) ) ;
#2615 = CARTESIAN_POINT ( 'NONE',  ( 33.67911437448025680, -12.00000000000000000, -575.0000000000000000 ) ) ;
#2616 = CARTESIAN_POINT ( 'NONE',  ( -18.24458448418958412, 19.20674252558292849, -264.9999999999998863 ) ) ;
#2617 = CARTESIAN_POINT ( 'NONE',  ( -14.40463091510853921, 21.04233156554871087, -324.9999999999998863 ) ) ;
#2618 = CARTESIAN_POINT ( 'NONE',  ( 113.3998346817352711, -2.223553461073649373, -480.0000000000000000 ) ) ;
#2619 = CARTESIAN_POINT ( 'NONE',  ( 134.9999999999999716, 25.00000000000000711, -575.0000000000000000 ) ) ;
#2620 = AXIS2_PLACEMENT_3D ( 'NONE', #2285, #6254, #1798 ) ;
#2621 = CARTESIAN_POINT ( 'NONE',  ( -3.621185524784806375, 11.47512836175481965, -258.6307152551075887 ) ) ;
#2622 = CARTESIAN_POINT ( 'NONE',  ( -2.934407381716948038, -12.50000000000003553, -267.4016465359939048 ) ) ;
#2623 = CARTESIAN_POINT ( 'NONE',  ( 165.2119767472653677, 2.309244160260913059, -480.0000000000000000 ) ) ;
#2624 = PLANE ( 'NONE',  #170 ) ;
#2625 = ORIENTED_EDGE ( 'NONE', *, *, #2426, .T. ) ;
#2626 = VERTEX_POINT ( 'NONE', #2395 ) ;
#2627 = CARTESIAN_POINT ( 'NONE',  ( 170.9357754408381140, -15.94576594308572126, -549.9999999999998863 ) ) ;
#2628 = VECTOR ( 'NONE', #3076, 1000.000000000000000 ) ;
#2629 = EDGE_CURVE ( 'NONE', #4742, #1784, #3410, .T. ) ;
#2631 = EDGE_CURVE ( 'NONE', #129, #2678, #3439, .T. ) ;
#2630 = CARTESIAN_POINT ( 'NONE',  ( 172.5751541713572408, 0.02420588268234925150, -479.0500000000002956 ) ) ;
#2632 = ORIENTED_EDGE ( 'NONE', *, *, #2138, .F. ) ;
#2633 = CARTESIAN_POINT ( 'NONE',  ( 14.35882648722424904, -3.621461759027722049, -249.4500079745694450 ) ) ;
#2634 = VECTOR ( 'NONE', #178, 1000.000000000000000 ) ;
#2635 = AXIS2_PLACEMENT_3D ( 'NONE', #4362, #3942, #41 ) ;
#2636 = CARTESIAN_POINT ( 'NONE',  ( -8.618124980160642323, -1.413529131742636613, -339.9921347414502861 ) ) ;
#2637 = CARTESIAN_POINT ( 'NONE',  ( 72.94270427260816803, -3.810388615763270703, -480.0003773374335196 ) ) ;
#2638 = ORIENTED_EDGE ( 'NONE', *, *, #1554, .F. ) ;
#2639 = CARTESIAN_POINT ( 'NONE',  ( 122.5000000000000568, -25.00000000000000711, -575.0000000000000000 ) ) ;
#2640 = CARTESIAN_POINT ( 'NONE',  ( 169.1785295832656004, 1.576076029649844612, -479.0499999999999545 ) ) ;
#2641 = AXIS2_PLACEMENT_3D ( 'NONE', #2985, #3050, #4965 ) ;
#2642 = VECTOR ( 'NONE', #840, 1000.000000000000114 ) ;
#2643 = LINE ( 'NONE', #4628, #4395 ) ;
#2644 = CARTESIAN_POINT ( 'NONE',  ( -15.32127824217424461, 3.473109803837521881, -479.0500000000013188 ) ) ;
#2645 = EDGE_CURVE ( 'NONE', #5001, #4727, #673, .T. ) ;
#2646 = VECTOR ( 'NONE', #5879, 1000.000000000000000 ) ;
#2647 = CARTESIAN_POINT ( 'NONE',  ( -4.180615039316453618, -2.154329514576522442, -264.9999999999998863 ) ) ;
#2648 = ORIENTED_EDGE ( 'NONE', *, *, #1179, .F. ) ;
#2649 = CARTESIAN_POINT ( 'NONE',  ( -15.71268716428375711, 3.421521792012651275, -480.0000000000000000 ) ) ;
#2650 = DIRECTION ( 'NONE',  ( 0.000000000000000000, -1.000000000000000000, 0.000000000000000000 ) ) ;
#2651 = CARTESIAN_POINT ( 'NONE',  ( 4.618254101871845485, -2.995685825636857036, -339.9900985349252096 ) ) ;
#2652 = AXIS2_PLACEMENT_3D ( 'NONE', #1843, #3333, #1383 ) ;
#2653 = CARTESIAN_POINT ( 'NONE',  ( 157.0593742600350708, -0.1925963264265719843, -180.0000000000000000 ) ) ;
#2654 = CARTESIAN_POINT ( 'NONE',  ( 1.999999999999974021, -14.17819011039155441, -575.0000000000000000 ) ) ;
#2655 = CARTESIAN_POINT ( 'NONE',  ( -15.64603437527498109, 2.665584807898861541, -250.0296163910255416 ) ) ;
#2656 = EDGE_CURVE ( 'NONE', #4131, #4727, #1398, .T. ) ;
#2657 = CARTESIAN_POINT ( 'NONE',  ( -6.324688202835431206, 7.954348512650317282, -324.9999999999697025 ) ) ;
#2658 = CARTESIAN_POINT ( 'NONE',  ( 52.61730293788018997, -4.052370963394602121, -484.8000000000000114 ) ) ;
#2659 = FACE_OUTER_BOUND ( 'NONE', #5241, .T. ) ;
#2660 = CARTESIAN_POINT ( 'NONE',  ( 39.67911437448025680, -9.352058211407047850, -504.0202936230821820 ) ) ;
#2661 = CARTESIAN_POINT ( 'NONE',  ( 160.1590045930899748, 3.106854051961937202, -480.0000000000000000 ) ) ;
#2662 = CARTESIAN_POINT ( 'NONE',  ( 18.75882264947053812, 12.49327151746987319, -484.8000000000000114 ) ) ;
#2663 = CARTESIAN_POINT ( 'NONE',  ( -60.00000000000000000, 7.499999999999966249, -324.9999999999998863 ) ) ;
#2664 = ORIENTED_EDGE ( 'NONE', *, *, #4032, .F. ) ;
#2665 = DIRECTION ( 'NONE',  ( -0.000000000000000000, -0.000000000000000000, 1.000000000000000000 ) ) ;
#2666 = CARTESIAN_POINT ( 'NONE',  ( 176.0324801223840154, -0.1036380428885779748, -479.0500000000006366 ) ) ;
#2667 = ORIENTED_EDGE ( 'NONE', *, *, #4723, .T. ) ;
#2668 = LINE ( 'NONE', #201, #5334 ) ;
#2669 = CARTESIAN_POINT ( 'NONE',  ( -14.94014825759155229, 0.5887979367203138858, -340.0021024414671729 ) ) ;
#2670 = FACE_OUTER_BOUND ( 'NONE', #5845, .T. ) ;
#2671 = ORIENTED_EDGE ( 'NONE', *, *, #1110, .T. ) ;
#2672 = CARTESIAN_POINT ( 'NONE',  ( 172.4999999999999716, -25.00000000000000000, -575.0000000000000000 ) ) ;
#2673 = CARTESIAN_POINT ( 'NONE',  ( 170.4711151223196168, 1.411460165368693787, -480.0000000000000000 ) ) ;
#2674 = ADVANCED_FACE ( 'NONE', ( #4384 ), #2921, .F. ) ;
#2675 = CARTESIAN_POINT ( 'NONE',  ( -7.188356304389589724, -1.711023875987151444, -249.9917073687925608 ) ) ;
#2676 = CARTESIAN_POINT ( 'NONE',  ( -16.04078272693267238, 1.953020396827753080, -479.0499999999997272 ) ) ;
#2677 = CARTESIAN_POINT ( 'NONE',  ( 12.86718530234343483, -3.548126977808656157, -264.9999999999399165 ) ) ;
#2678 = VERTEX_POINT ( 'NONE', #1948 ) ;
#2679 = CARTESIAN_POINT ( 'NONE',  ( -15.49125175170063606, 2.026594512098934597, 0.000000000000000000 ) ) ;
#2680 = CARTESIAN_POINT ( 'NONE',  ( 0.8637132638765587789, 12.49999999999996270, -331.4094372251204845 ) ) ;
#2681 = ADVANCED_FACE ( 'NONE', ( #1459 ), #1013, .T. ) ;
#2682 = CARTESIAN_POINT ( 'NONE',  ( -4.245540759765562555, -2.109221362399957833, -325.0000000000300133 ) ) ;
#2683 = FACE_OUTER_BOUND ( 'NONE', #5384, .T. ) ;
#2684 = CARTESIAN_POINT ( 'NONE',  ( 19.02528461325042031, 12.47023381958572763, -480.0000000000000000 ) ) ;
#2685 = CARTESIAN_POINT ( 'NONE',  ( -15.45789661694509576, 2.922239661650267273, -250.0292642683672568 ) ) ;
#2686 = CARTESIAN_POINT ( 'NONE',  ( -2.927388532193968107, 8.940690792791521346, -340.0194064340597038 ) ) ;
#2687 = DIRECTION ( 'NONE',  ( 0.000000000000000000, -1.000000000000000000, 0.000000000000000000 ) ) ;
#2688 = DIRECTION ( 'NONE',  ( 1.000000000000000000, 0.000000000000000000, 0.000000000000000000 ) ) ;
#2689 = ADVANCED_FACE ( 'NONE', ( #523 ), #2011, .F. ) ;
#2690 = DIRECTION ( 'NONE',  ( 0.000000000000000000, 0.000000000000000000, 1.000000000000000000 ) ) ;
#2691 = CARTESIAN_POINT ( 'NONE',  ( 173.8765788002210968, 0.7724628724253266299, -480.0000000000000000 ) ) ;
#2692 = CARTESIAN_POINT ( 'NONE',  ( 119.9533545523466245, 8.533114263626286444, -484.8000000000000114 ) ) ;
#2693 = CARTESIAN_POINT ( 'NONE',  ( 68.50000000000022737, 3.000000000000000000, -304.0000000000006821 ) ) ;
#2694 = ORIENTED_EDGE ( 'NONE', *, *, #177, .F. ) ;
#2695 = ORIENTED_EDGE ( 'NONE', *, *, #1870, .F. ) ;
#2696 = CARTESIAN_POINT ( 'NONE',  ( -28.64053870775117261, 12.49999999999996625, -320.0000000010104486 ) ) ;
#2697 = PLANE ( 'NONE',  #5956 ) ;
#2698 = B_SPLINE_CURVE_WITH_KNOTS ( 'NONE', 3,
 ( #2841, #439, #2935, #1544, #6006, #5407, #1414, #5875 ),
 .UNSPECIFIED., .F., .F.,
 ( 4, 2, 2, 4 ),
 ( -1.457650580892983805E-05, 0.0008148207763897959404, 0.001644218058588521863, 0.003303012622985972407 ),
 .UNSPECIFIED. ) ;
#2699 = ORIENTED_EDGE ( 'NONE', *, *, #1997, .F. ) ;
#2700 = CARTESIAN_POINT ( 'NONE',  ( 1.170788165917531876, -10.34114610649658061, -340.5382525299220902 ) ) ;
#2701 = CARTESIAN_POINT ( 'NONE',  ( -7.278840735276181917, -1.645249258369813061, -339.9917004575761439 ) ) ;
#2702 = DIRECTION ( 'NONE',  ( -1.000000000000000000, 0.000000000000000000, 0.000000000000000000 ) ) ;
#2703 = EDGE_LOOP ( 'NONE', ( #5567, #3836 ) ) ;
#2704 = PLANE ( 'NONE',  #1185 ) ;
#2705 = CARTESIAN_POINT ( 'NONE',  ( 210.5688398160652639, -8.305942471041602104, -575.0000000000000000 ) ) ;
#2706 = CARTESIAN_POINT ( 'NONE',  ( -15.60953481190179737, 2.723053950133432544, -250.0295255906327441 ) ) ;
#2707 = CARTESIAN_POINT ( 'NONE',  ( 6.400104471834653808, 10.92118408435882948, -479.0499999999998977 ) ) ;
#2708 = CARTESIAN_POINT ( 'NONE',  ( 1.625250983141335981, -2.807349389554109287, -249.9902526847736794 ) ) ;
#2709 = ORIENTED_EDGE ( 'NONE', *, *, #5204, .F. ) ;
#2710 = CARTESIAN_POINT ( 'NONE',  ( 173.8765788002210968, 0.7724628724253266299, -480.0000000000000000 ) ) ;
#2711 = CARTESIAN_POINT ( 'NONE',  ( 19.67911437448014667, -12.00000000000000000, -316.9999999999998863 ) ) ;
#2712 = EDGE_CURVE ( 'NONE', #5053, #1885, #4941, .T. ) ;
#2713 = CARTESIAN_POINT ( 'NONE',  ( 179.6754410064095850, -0.3986603258749658041, -180.0000000000000000 ) ) ;
#2714 = DIRECTION ( 'NONE',  ( 0.000000000000000000, 1.000000000000000000, 0.000000000000000000 ) ) ;
#2715 = CARTESIAN_POINT ( 'NONE',  ( -15.38119313963502677, 3.018449278123795043, -250.0291528219938471 ) ) ;
#2716 = CARTESIAN_POINT ( 'NONE',  ( -11.52865516413701030, 5.953792879536078608, -340.0238401765371350 ) ) ;
#2717 = CARTESIAN_POINT ( 'NONE',  ( 17.80811955274250025, -3.945346200937884351, 0.000000000000000000 ) ) ;
#2718 = CARTESIAN_POINT ( 'NONE',  ( -27.62949007195206264, 0.4491869865242241744, -549.9999999999998863 ) ) ;
#2719 = DIRECTION ( 'NONE',  ( 1.000000000000000000, 0.000000000000000000, 0.000000000000000000 ) ) ;
#2720 = CARTESIAN_POINT ( 'NONE',  ( 137.6758406867322719, -0.9271346086229462768, -304.4822629669026810 ) ) ;
#2721 = CARTESIAN_POINT ( 'NONE',  ( 128.9793945592367947, 7.455388127548284061, -484.8000000000000114 ) ) ;
#2722 = FACE_OUTER_BOUND ( 'NONE', #5108, .T. ) ;
#2723 = EDGE_LOOP ( 'NONE', ( #4361, #1074, #1072, #3706 ) ) ;
#2724 = EDGE_LOOP ( 'NONE', ( #4178, #6058, #6158, #5319 ) ) ;
#2725 = CARTESIAN_POINT ( 'NONE',  ( -14.54109126008345854, 4.431205141748050913, -479.9998572438897781 ) ) ;
#2726 = CARTESIAN_POINT ( 'NONE',  ( 153.3308409246687916, -0.01436892100464912808, -479.0499999999999545 ) ) ;
#2727 = ORIENTED_EDGE ( 'NONE', *, *, #1059, .F. ) ;
#2728 = CARTESIAN_POINT ( 'NONE',  ( 33.67911437448025680, -2.000000000000000000, -343.0000000000000000 ) ) ;
#2729 = CARTESIAN_POINT ( 'NONE',  ( -15.36466676980051460, 0.8819416338366686814, -340.0055034754801113 ) ) ;
#2730 = AXIS2_PLACEMENT_3D ( 'NONE', #38, #1144, #1570 ) ;
#2731 = CARTESIAN_POINT ( 'NONE',  ( 68.50000000000015632, -3.968305669200118846, -308.9999999998383373 ) ) ;
#2732 = EDGE_CURVE ( 'NONE', #2475, #298, #4447, .T. ) ;
#2733 = ORIENTED_EDGE ( 'NONE', *, *, #1702, .T. ) ;
#2734 = CARTESIAN_POINT ( 'NONE',  ( 56.00000000000000000, 3.000000000000000000, -575.1253581756884614 ) ) ;
#2735 = CARTESIAN_POINT ( 'NONE',  ( 178.9186511469374636, -0.2293206095804872779, -479.0500000000000682 ) ) ;
#2736 = AXIS2_PLACEMENT_3D ( 'NONE', #3457, #2123, #480 ) ;
#2737 = VECTOR ( 'NONE', #3193, 1000.000000000000000 ) ;
#2738 = DIRECTION ( 'NONE',  ( 1.000000000000000000, 0.000000000000000000, -0.000000000000000000 ) ) ;
#2739 = CARTESIAN_POINT ( 'NONE',  ( 19.36553745593235476, 12.34493615748995587, -479.0499999999999545 ) ) ;
#2740 = CARTESIAN_POINT ( 'NONE',  ( -2.555099027677251833, -12.48650011338191490, -266.9965103916287035 ) ) ;
#2741 = VERTEX_POINT ( 'NONE', #1363 ) ;
#2742 = CARTESIAN_POINT ( 'NONE',  ( 177.0053139079487039, 0.1438151828774343888, -484.8000000000000114 ) ) ;
#2743 = CIRCLE ( 'NONE', #4202, 1.000000000000000888 ) ;
#2744 = CIRCLE ( 'NONE', #2620, 2.000000000000005329 ) ;
#2745 = CARTESIAN_POINT ( 'NONE',  ( 179.6723267805611499, -0.3893848707276226229, -479.9974309083523849 ) ) ;
#2746 = VECTOR ( 'NONE', #372, 1000.000000000000114 ) ;
#2747 = CARTESIAN_POINT ( 'NONE',  ( 63.09932674254688578, -4.216985242450103755, 0.000000000000000000 ) ) ;
#2748 = EDGE_CURVE ( 'NONE', #6395, #1392, #3343, .T. ) ;
#2749 = CARTESIAN_POINT ( 'NONE',  ( -15.39019286323891400, 0.8300997859361343156, -479.9984593368942001 ) ) ;
#2750 = CARTESIAN_POINT ( 'NONE',  ( -15.94596779505580386, 1.947625837688234496, -265.0000000000149498 ) ) ;
#2751 = CARTESIAN_POINT ( 'NONE',  ( -30.09692654640664955, 7.499999999999966249, -319.9999999999998863 ) ) ;
#2752 = VECTOR ( 'NONE', #5121, 1000.000000000000000 ) ;
#2753 = DIRECTION ( 'NONE',  ( -1.000000000000000000, -0.000000000000000000, -0.000000000000000000 ) ) ;
#2754 = CARTESIAN_POINT ( 'NONE',  ( 74.00000000000001421, -3.863319689267720403, -322.0000000000000568 ) ) ;
#2755 = CARTESIAN_POINT ( 'NONE',  ( 0.000000000000000000, 0.000000000000000000, -571.0000000000000000 ) ) ;
#2756 = CARTESIAN_POINT ( 'NONE',  ( 159.4720708683811949, 3.221852215111407514, -484.8000000000000114 ) ) ;
#2757 = CARTESIAN_POINT ( 'NONE',  ( -28.05104062737688153, -7.381053967288614182, -324.9999999999999432 ) ) ;
#2758 = EDGE_LOOP ( 'NONE', ( #2695, #554, #940, #4749, #1112, #393, #2242, #2997 ) ) ;
#2759 = PRODUCT_DEFINITION_SHAPE ( 'NONE', 'NONE',  #2072 ) ;
#2760 = ORIENTED_EDGE ( 'NONE', *, *, #277, .T. ) ;
#2761 = CARTESIAN_POINT ( 'NONE',  ( -27.83136397888029379, 12.50000000000122569, -324.8523340621084117 ) ) ;
#2762 = CARTESIAN_POINT ( 'NONE',  ( 93.15000000000000568, 3.570561577078521953, -495.0000000000000000 ) ) ;
#2763 = VERTEX_POINT ( 'NONE', #1561 ) ;
#2764 = DIRECTION ( 'NONE',  ( -1.000000000000000000, 0.000000000000000000, 0.000000000000000000 ) ) ;
#2765 = LINE ( 'NONE', #5299, #249 ) ;
#2766 = ORIENTED_EDGE ( 'NONE', *, *, #3296, .F. ) ;
#2767 = CARTESIAN_POINT ( 'NONE',  ( 18.34896788009173818, -3.626138859399070213, -480.0000000000000000 ) ) ;
#2768 = CARTESIAN_POINT ( 'NONE',  ( 210.5066053774891657, -8.347313077437624074, -575.0000000000000000 ) ) ;
#2769 = ADVANCED_FACE ( 'NONE', ( #3180 ), #3540, .F. ) ;
#2770 = CARTESIAN_POINT ( 'NONE',  ( -13.07848880751189746, -0.2547940276328158893, -249.9957257164645625 ) ) ;
#2771 = CARTESIAN_POINT ( 'NONE',  ( -22.38293651233309589, -8.382141669966751252, -264.6237070881224440 ) ) ;
#2772 = DIRECTION ( 'NONE',  ( -0.000000000000000000, 1.000000000000000000, -0.000000000000000000 ) ) ;
#2773 = VERTEX_POINT ( 'NONE', #2196 ) ;
#2774 = CARTESIAN_POINT ( 'NONE',  ( 152.9848059285570798, 4.136880100982744501, 0.000000000000000000 ) ) ;
#2775 = CARTESIAN_POINT ( 'NONE',  ( 1.364357759840075124, -10.05548223317930834, -327.1249178183471713 ) ) ;
#2776 = CARTESIAN_POINT ( 'NONE',  ( 93.62913818886050876, -3.457398024471676212, 0.000000000000000000 ) ) ;
#2777 = CARTESIAN_POINT ( 'NONE',  ( 18.34896787501770987, -3.626138859219259380, -480.0000000000000000 ) ) ;
#2778 = CARTESIAN_POINT ( 'NONE',  ( -15.78329391744243537, 2.492709654710228762, -264.9999999999847660 ) ) ;
#2779 = CARTESIAN_POINT ( 'NONE',  ( -2.562395360404569722, -12.48644088043713651, -322.9719303958752334 ) ) ;
#2780 = DIRECTION ( 'NONE',  ( -0.000000000000000000, -0.000000000000000000, -1.000000000000000000 ) ) ;
#2781 = DIRECTION ( 'NONE',  ( -0.000000000000000000, -0.000000000000000000, -1.000000000000000000 ) ) ;
#2782 = DIRECTION ( 'NONE',  ( -1.000000000000000000, -0.000000000000000000, -0.000000000000000000 ) ) ;
#2783 = CARTESIAN_POINT ( 'NONE',  ( 12.03945904118368126, -3.632962826515425014, -337.6066931198170664 ) ) ;
#2784 = CARTESIAN_POINT ( 'NONE',  ( -27.02878769210539289, -8.663505899542366606, -324.9999999999998295 ) ) ;
#2785 = ORIENTED_EDGE ( 'NONE', *, *, #3173, .T. ) ;
#2786 = ORIENTED_EDGE ( 'NONE', *, *, #3520, .T. ) ;
#2787 = CARTESIAN_POINT ( 'NONE',  ( -27.83401831476847121, 7.759197997983950934, -325.1051491688269834 ) ) ;
#2788 = CARTESIAN_POINT ( 'NONE',  ( 168.0899306226934016, -0.05259684437964712994, -480.0000000000006821 ) ) ;
#2789 = EDGE_CURVE ( 'NONE', #3671, #1167, #3985, .T. ) ;
#2790 = ORIENTED_EDGE ( 'NONE', *, *, #883, .T. ) ;
#2791 = CARTESIAN_POINT ( 'NONE',  ( 0.7968179118376970127, 12.14012380565574745, -310.1784865802636659 ) ) ;
#2792 = CARTESIAN_POINT ( 'NONE',  ( -18.79938098574058714, 12.49999999999996625, -267.6314841093262089 ) ) ;
#2793 = CYLINDRICAL_SURFACE ( 'NONE', #560, 2.000000000000001776 ) ;
#2794 = ORIENTED_EDGE ( 'NONE', *, *, #2333, .F. ) ;
#2795 = CARTESIAN_POINT ( 'NONE',  ( -25.83897356085752506, -12.50000000000003375, -324.7544367124211249 ) ) ;
#2796 = CARTESIAN_POINT ( 'NONE',  ( 178.9134524554533243, -0.2538235819650370706, -479.9999999999987494 ) ) ;
#2797 = CARTESIAN_POINT ( 'NONE',  ( -10.53950542491480569, -16.29253348924133249, -324.9999999999998863 ) ) ;
#2798 = DIRECTION ( 'NONE',  ( -0.000000000000000000, 0.000000000000000000, -1.000000000000000000 ) ) ;
#2799 = CARTESIAN_POINT ( 'NONE',  ( 0.9576772478178838810, -10.67643365095547381, -263.2683899964197280 ) ) ;
#2800 = ORIENTED_EDGE ( 'NONE', *, *, #115, .F. ) ;
#2801 = CARTESIAN_POINT ( 'NONE',  ( 152.8787990007510587, 4.215905067622756519, -480.0000000000000000 ) ) ;
#2802 = EDGE_CURVE ( 'NONE', #5433, #4502, #96, .T. ) ;
#2803 = CARTESIAN_POINT ( 'NONE',  ( 61.30779693451944468, -4.076402069962178132, -304.0000000000006253 ) ) ;
#2804 = CARTESIAN_POINT ( 'NONE',  ( 39.67911437448025680, -2.000000000000000000, -571.0000000000000000 ) ) ;
#2805 = CARTESIAN_POINT ( 'NONE',  ( 45.00000000000000711, 7.999999999999998224, 0.000000000000000000 ) ) ;
#2806 = CARTESIAN_POINT ( 'NONE',  ( -15.71319951393246939, 2.614359519702875279, -265.0000000000151772 ) ) ;
#2807 = CARTESIAN_POINT ( 'NONE',  ( 5.339318918935256342, 10.64606557739202231, -324.9999999999400870 ) ) ;
#2808 = ADVANCED_FACE ( 'NONE', ( #3510 ), #1195, .T. ) ;
#2809 = DIRECTION ( 'NONE',  ( 0.000000000000000000, 0.000000000000000000, -1.000000000000000000 ) ) ;
#2810 = CARTESIAN_POINT ( 'NONE',  ( 22.99999999999998579, 9.797174393178829602E-16, -519.9999999999998863 ) ) ;
#2811 = CARTESIAN_POINT ( 'NONE',  ( 50.99999999999992895, -4.144113957973956097, -311.5000000000005684 ) ) ;
#2812 = CARTESIAN_POINT ( 'NONE',  ( -27.62949007195206264, 0.4491869865242241744, -549.9999999999998863 ) ) ;
#2813 = CARTESIAN_POINT ( 'NONE',  ( -16.03394171709149774, 1.698899838641872106, -340.0207030080090931 ) ) ;
#2814 = ORIENTED_EDGE ( 'NONE', *, *, #701, .T. ) ;
#2815 = B_SPLINE_CURVE_WITH_KNOTS ( 'NONE', 3,
 ( #6390, #3460, #1935, #3890, #1517, #1001, #5482 ),
 .UNSPECIFIED., .F., .F.,
 ( 4, 3, 4 ),
 ( 5.551115123125782702E-17, 0.003130068991384975154, 0.004208987139603609026 ),
 .UNSPECIFIED. ) ;
#2816 = ORIENTED_EDGE ( 'NONE', *, *, #5431, .T. ) ;
#2817 = CARTESIAN_POINT ( 'NONE',  ( -6.806444720765615131, 12.49999999999996625, -327.1259971931288533 ) ) ;
#2818 = CARTESIAN_POINT ( 'NONE',  ( 161.2811859596245085, 0.1085378085006373922, -479.0499999999993861 ) ) ;
#2819 = ORIENTED_EDGE ( 'NONE', *, *, #6418, .T. ) ;
#2820 = CARTESIAN_POINT ( 'NONE',  ( -15.66386063425118103, 2.942828258017625043, -340.0293425946253478 ) ) ;
#2821 = CARTESIAN_POINT ( 'NONE',  ( -27.04143675265052593, 12.49999999999996625, -269.8621296072903419 ) ) ;
#2822 = CARTESIAN_POINT ( 'NONE',  ( 139.9999999999999716, -18.00000000000000355, -575.0000000000000000 ) ) ;
#2823 = EDGE_CURVE ( 'NONE', #2741, #4383, #5925, .T. ) ;
#2824 = ORIENTED_EDGE ( 'NONE', *, *, #2892, .T. ) ;
#2825 = LINE ( 'NONE', #4265, #4814 ) ;
#2826 = CARTESIAN_POINT ( 'NONE',  ( 179.0124986202544903, -0.2705002889196376770, -480.0000000000007958 ) ) ;
#2827 = CARTESIAN_POINT ( 'NONE',  ( -4.244331612247879804, -2.100294041572952075, -339.9909861363722143 ) ) ;
#2828 = CARTESIAN_POINT ( 'NONE',  ( 139.9999999999999716, -18.00000000000000355, -575.0000000000000000 ) ) ;
#2829 = VECTOR ( 'NONE', #4987, 1000.000000000000000 ) ;
#2830 = CARTESIAN_POINT ( 'NONE',  ( 168.0000000000000000, -14.17819011039158106, -575.0000000000000000 ) ) ;
#2831 = ORIENTED_EDGE ( 'NONE', *, *, #2995, .T. ) ;
#2832 = CARTESIAN_POINT ( 'NONE',  ( 128.9814191143606195, 7.453930747060098838, -480.0000000000000000 ) ) ;
#2833 = CARTESIAN_POINT ( 'NONE',  ( -20.08004986500036537, -8.757776606121421281, -325.6406926628540646 ) ) ;
#2834 = VECTOR ( 'NONE', #3198, 1000.000000000000114 ) ;
#2835 = EDGE_CURVE ( 'NONE', #2968, #622, #4546, .T. ) ;
#2836 = DIRECTION ( 'NONE',  ( -1.000000000000000000, -0.000000000000000000, -0.000000000000000000 ) ) ;
#2837 = CARTESIAN_POINT ( 'NONE',  ( -1.076672630973398714, 12.49999999999996625, -278.3333326841238886 ) ) ;
#2838 = AXIS2_PLACEMENT_3D ( 'NONE', #2148, #3226, #3640 ) ;
#2839 = CARTESIAN_POINT ( 'NONE',  ( -15.94505387233978766, 1.847158718493539853, -265.0000000000151203 ) ) ;
#2840 = VECTOR ( 'NONE', #1825, 1000.000000000000000 ) ;
#2841 = CARTESIAN_POINT ( 'NONE',  ( -1.060688063962853755, 12.49999999999996625, -329.2089869303268301 ) ) ;
#2842 = AXIS2_PLACEMENT_3D ( 'NONE', #829, #4424, #1792 ) ;
#2843 = EDGE_CURVE ( 'NONE', #5725, #2368, #3661, .T. ) ;
#2844 = DIRECTION ( 'NONE',  ( 0.000000000000000000, 0.000000000000000000, 1.000000000000000000 ) ) ;
#2845 = CARTESIAN_POINT ( 'NONE',  ( -60.00000000000000000, -1.110223024625156540E-13, -301.9999999999997726 ) ) ;
#2846 = CARTESIAN_POINT ( 'NONE',  ( 6.895355685746891616, -5.183204605666227316, -332.4499994230465632 ) ) ;
#2847 = CARTESIAN_POINT ( 'NONE',  ( -16.07457948810890613, 1.874037203565024789, -340.0246668601895408 ) ) ;
#2848 = VERTEX_POINT ( 'NONE', #2564 ) ;
#2849 = VECTOR ( 'NONE', #2383, 1000.000000000000000 ) ;
#2850 = VERTEX_POINT ( 'NONE', #2166 ) ;
#2851 = CARTESIAN_POINT ( 'NONE',  ( -16.49410181726302227, 10.05027040419578732, -328.0110939862898931 ) ) ;
#2852 = FACE_OUTER_BOUND ( 'NONE', #5229, .T. ) ;
#2853 = CIRCLE ( 'NONE', #3791, 8.000000000000001776 ) ;
#2854 = ORIENTED_EDGE ( 'NONE', *, *, #5387, .T. ) ;
#2855 = CARTESIAN_POINT ( 'NONE',  ( -5.154726159741398028, 8.336777867246734530, -340.0202128168958779 ) ) ;
#2856 = FACE_OUTER_BOUND ( 'NONE', #5205, .T. ) ;
#2857 = CARTESIAN_POINT ( 'NONE',  ( 9.610199007890576794, -4.103846373405212411, -316.9999999999998295 ) ) ;
#2858 = ORIENTED_EDGE ( 'NONE', *, *, #2200, .T. ) ;
#2859 = CARTESIAN_POINT ( 'NONE',  ( -15.71699695937999408, -12.50000000000003553, -324.8586221374141587 ) ) ;
#2860 = CARTESIAN_POINT ( 'NONE',  ( 210.2266800179943118, -8.530183966222605108, -574.9999999999998863 ) ) ;
#2861 = CARTESIAN_POINT ( 'NONE',  ( 68.49999999999998579, -3.956233709371084206, -333.3333333331253243 ) ) ;
#2862 = B_SPLINE_CURVE_WITH_KNOTS ( 'NONE', 3,
 ( #371, #2347, #3299, #2775 ),
 .UNSPECIFIED., .F., .F.,
 ( 4, 4 ),
 ( 2.045668567712605913E-18, 0.0002874152607422991289 ),
 .UNSPECIFIED. ) ;
#2863 = CARTESIAN_POINT ( 'NONE',  ( -0.8944271909999412795, 16.05278640450006122, -549.9999999999998863 ) ) ;
#2864 = CARTESIAN_POINT ( 'NONE',  ( 61.00000000000000711, 8.000000000000000000, -4.000000000000000000 ) ) ;
#2865 = ORIENTED_EDGE ( 'NONE', *, *, #4437, .F. ) ;
#2866 = CARTESIAN_POINT ( 'NONE',  ( 66.55540834740750711, -3.984499088482909901, -338.9999999999999432 ) ) ;
#2867 = CARTESIAN_POINT ( 'NONE',  ( 46.00000000000000711, 7.999999999999998224, 0.000000000000000000 ) ) ;
#2868 = CARTESIAN_POINT ( 'NONE',  ( -1.837381020151012789, -2.321699780440624750, -479.9999999999990337 ) ) ;
#2869 = CARTESIAN_POINT ( 'NONE',  ( -3.102973690095716108, -2.159716887205373137, -480.0002503546354546 ) ) ;
#2870 = CARTESIAN_POINT ( 'NONE',  ( -15.77729405003651131, 1.374600604507602464, -264.9999999999848228 ) ) ;
#2871 = ADVANCED_FACE ( 'NONE', ( #4155 ), #6141, .F. ) ;
#2872 = CARTESIAN_POINT ( 'NONE',  ( -2.942414759403407576, -12.50000000000003553, -322.5662858684563048 ) ) ;
#2873 = CARTESIAN_POINT ( 'NONE',  ( 68.50000000000007105, -3.963344087417444594, -319.0000000000000568 ) ) ;
#2874 = CARTESIAN_POINT ( 'NONE',  ( 39.50000000000001421, -4.129251810828030500, -318.9999999999999432 ) ) ;
#2875 = CARTESIAN_POINT ( 'NONE',  ( -35.00000000000001421, 0.000000000000000000, -575.0000000000000000 ) ) ;
#2876 = CARTESIAN_POINT ( 'NONE',  ( 156.4903395153689871, 3.677531614675162874, -480.0000002894518047 ) ) ;
#2877 = CARTESIAN_POINT ( 'NONE',  ( 6.335388450654762416, -5.483634630992454184, -331.8965393223066940 ) ) ;
#2878 = CARTESIAN_POINT ( 'NONE',  ( -15.71283347324886037, 1.211107440515288847, -324.9999999999695319 ) ) ;
#2879 = ORIENTED_EDGE ( 'NONE', *, *, #4163, .F. ) ;
#2880 = ORIENTED_EDGE ( 'NONE', *, *, #2802, .F. ) ;
#2881 = CARTESIAN_POINT ( 'NONE',  ( -8.899609549468124214, 12.49999999999996803, -328.5883262601275874 ) ) ;
#2882 = DIRECTION ( 'NONE',  ( 3.793262000802615235E-14, 0.000000000000000000, 1.000000000000000000 ) ) ;
#2883 = EDGE_CURVE ( 'NONE', #2368, #3291, #2526, .T. ) ;
#2884 = CARTESIAN_POINT ( 'NONE',  ( -8.256892951735034458, 7.337414923335258798, -340.0216497441176102 ) ) ;
#2885 = CARTESIAN_POINT ( 'NONE',  ( -17.07995416674848599, -9.139460563655578795, -264.0449821674013151 ) ) ;
#2886 = CARTESIAN_POINT ( 'NONE',  ( -29.90820826521772702, 12.49999999999996625, -269.9999999999998863 ) ) ;
#2887 = ORIENTED_EDGE ( 'NONE', *, *, #5806, .F. ) ;
#2888 = CARTESIAN_POINT ( 'NONE',  ( 8.071852222334952032, 11.08943735952766119, -339.4061926387439030 ) ) ;
#2889 = ORIENTED_EDGE ( 'NONE', *, *, #4656, .T. ) ;
#2890 = CARTESIAN_POINT ( 'NONE',  ( -18.58689847243670101, -12.50000000000003553, -324.7206873888330847 ) ) ;
#2891 = EDGE_CURVE ( 'NONE', #4612, #5526, #2576, .T. ) ;
#2892 = EDGE_CURVE ( 'NONE', #739, #2305, #4141, .T. ) ;
#2893 = CARTESIAN_POINT ( 'NONE',  ( 210.4147731588393810, -8.407383049703891942, -575.0000000000000000 ) ) ;
#2894 = CARTESIAN_POINT ( 'NONE',  ( -15.85036550436052671, -15.08499253839270970, -324.9999999999999432 ) ) ;
#2895 = CARTESIAN_POINT ( 'NONE',  ( 197.6294900719520626, 0.4491869865241825410, -575.0000000000000000 ) ) ;
#2896 = CARTESIAN_POINT ( 'NONE',  ( 32.90331992841126407, -4.065754256443486092, -321.9394194412132038 ) ) ;
#2897 = VERTEX_POINT ( 'NONE', #142 ) ;
#2898 = CARTESIAN_POINT ( 'NONE',  ( 14.38036213204368252, -3.573381496663068813, -323.0122974911442384 ) ) ;
#2899 = CARTESIAN_POINT ( 'NONE',  ( 0.8415349721243410297, 12.12217426797002950, -314.9994010155942874 ) ) ;
#2900 = B_SPLINE_CURVE_WITH_KNOTS ( 'NONE', 3,
 ( #4456, #6, #1988, #1050, #2574, #3031 ),
 .UNSPECIFIED., .F., .F.,
 ( 4, 2, 4 ),
 ( 5.076373513997714821E-12, 0.007666954861734592667, 0.01533390971839281199 ),
 .UNSPECIFIED. ) ;
#2901 = DIRECTION ( 'NONE',  ( -0.000000000000000000, 0.000000000000000000, 1.000000000000000000 ) ) ;
#2902 = CARTESIAN_POINT ( 'NONE',  ( 14.35898522588251147, -3.621108673532354327, -249.9900080436771077 ) ) ;
#2903 = CARTESIAN_POINT ( 'NONE',  ( -18.80235653738611035, -14.11834359189571231, -264.9999999999998295 ) ) ;
#2904 = CARTESIAN_POINT ( 'NONE',  ( 141.3708590523469866, -0.7063881108528672348, -484.8000000000000114 ) ) ;
#2905 = EDGE_CURVE ( 'NONE', #1397, #5891, #4860, .T. ) ;
#2906 = EDGE_CURVE ( 'NONE', #2946, #6433, #6367, .T. ) ;
#2907 = CARTESIAN_POINT ( 'NONE',  ( 8.689892167554026159, -2.000000000000000000, -316.9999999999998863 ) ) ;
#2908 = LINE ( 'NONE', #3889, #4813 ) ;
#2909 = DIRECTION ( 'NONE',  ( -1.000000000000000000, 0.000000000000000000, 0.000000000000000000 ) ) ;
#2910 = CARTESIAN_POINT ( 'NONE',  ( 2.868631614544066011, 11.37261820740264895, -256.1255717508039425 ) ) ;
#2911 = CARTESIAN_POINT ( 'NONE',  ( 179.6758378702645018, -0.3878923695565453245, 0.000000000000000000 ) ) ;
#2912 = CARTESIAN_POINT ( 'NONE',  ( -30.79265820504888396, 5.031491904136765392, -324.9999999999998863 ) ) ;
#2913 = ORIENTED_EDGE ( 'NONE', *, *, #2524, .F. ) ;
#2914 = PLANE ( 'NONE',  #3057 ) ;
#2915 = ORIENTED_EDGE ( 'NONE', *, *, #5696, .F. ) ;
#2916 = FACE_OUTER_BOUND ( 'NONE', #4940, .T. ) ;
#2917 = DIRECTION ( 'NONE',  ( 0.000000000000000000, 0.000000000000000000, 1.000000000000000000 ) ) ;
#2918 = CARTESIAN_POINT ( 'NONE',  ( -1.082089367757439913, 12.49999999999996625, -260.9740877789075171 ) ) ;
#2919 = DIRECTION ( 'NONE',  ( 1.000000000000000000, 0.000000000000000000, 0.000000000000000000 ) ) ;
#2920 = ORIENTED_EDGE ( 'NONE', *, *, #5499, .T. ) ;
#2921 = PLANE ( 'NONE',  #1701 ) ;
#2922 = ORIENTED_EDGE ( 'NONE', *, *, #531, .F. ) ;
#2923 = CARTESIAN_POINT ( 'NONE',  ( -7.277778329111983524, -9.790071190229877374, -326.7081380475713672 ) ) ;
#2924 = CARTESIAN_POINT ( 'NONE',  ( 178.7383115126202426, -0.3157080354184639837, -480.0000000000003411 ) ) ;
#2925 = CARTESIAN_POINT ( 'NONE',  ( -19.19303460817517148, -13.94842946854320687, -324.9999999999998863 ) ) ;
#2926 = FACE_OUTER_BOUND ( 'NONE', #5422, .T. ) ;
#2927 = EDGE_CURVE ( 'NONE', #2278, #5577, #978, .T. ) ;
#2928 = DIRECTION ( 'NONE',  ( -1.000000000000000000, 0.000000000000000000, 0.000000000000000000 ) ) ;
#2929 = ORIENTED_EDGE ( 'NONE', *, *, #2891, .T. ) ;
#2930 = CARTESIAN_POINT ( 'NONE',  ( 128.2364519881666638, 7.545350951577950660, -480.0004750228347916 ) ) ;
#2931 = CARTESIAN_POINT ( 'NONE',  ( -26.63418743752497164, -7.673484907132060329, -265.0000000000000000 ) ) ;
#2932 = STYLED_ITEM ( 'NONE', ( #6388 ), #1487 ) ;
#2933 = CARTESIAN_POINT ( 'NONE',  ( -13.49504819785799015, -0.03415712635564303878, -479.9999999999988631 ) ) ;
#2934 = CARTESIAN_POINT ( 'NONE',  ( -11.55867056837745110, -0.7351832066926112796, -264.9999999999999432 ) ) ;
#2935 = CARTESIAN_POINT ( 'NONE',  ( -0.7407943383666325543, 12.49232763746961972, -329.6631889931053365 ) ) ;
#2936 = CIRCLE ( 'NONE', #141, 1.400000000000012346 ) ;
#2937 = CARTESIAN_POINT ( 'NONE',  ( 8.664381283890618235, 11.15469382172240387, -331.1975506122062711 ) ) ;
#2938 = CARTESIAN_POINT ( 'NONE',  ( 18.81864275415678023, -3.750768056713673637, -316.9999999999999432 ) ) ;
#2939 = ADVANCED_FACE ( 'NONE', ( #4369 ), #6355, .T. ) ;
#2940 = AXIS2_PLACEMENT_3D ( 'NONE', #4261, #2214, #2702 ) ;
#2941 = AXIS2_PLACEMENT_3D ( 'NONE', #114, #3691, #2190 ) ;
#2942 = CARTESIAN_POINT ( 'NONE',  ( 210.4667835735343999, -8.373426858827535568, -575.0000000000000000 ) ) ;
#2943 = FACE_OUTER_BOUND ( 'NONE', #5752, .T. ) ;
#2944 = CARTESIAN_POINT ( 'NONE',  ( -12.22446972997627945, 21.69441261040557833, -264.9999999999999432 ) ) ;
#2945 = CARTESIAN_POINT ( 'NONE',  ( -15.37735707939037511, 3.295628677662242545, -340.0288976122016038 ) ) ;
#2946 = VERTEX_POINT ( 'NONE', #1934 ) ;
#2947 = CARTESIAN_POINT ( 'NONE',  ( 19.67911437448028877, -2.000000000000000000, -336.9999999999998863 ) ) ;
#2948 = EDGE_CURVE ( 'NONE', #696, #4653, #2088, .T. ) ;
#2949 = AXIS2_PLACEMENT_3D ( 'NONE', #3841, #5304, #3909 ) ;
#2950 = CARTESIAN_POINT ( 'NONE',  ( 155.0000000000000000, 0.000000000000000000, -575.0000000000000000 ) ) ;
#2951 = AXIS2_PLACEMENT_3D ( 'NONE', #4223, #189, #1747 ) ;
#2952 = CARTESIAN_POINT ( 'NONE',  ( -30.55810018139486672, 5.291395861822471680, -264.9999999999998863 ) ) ;
#2953 = CARTESIAN_POINT ( 'NONE',  ( 1.769839334779451212, -12.50000000000003553, -267.1220790992509819 ) ) ;
#2954 = VECTOR ( 'NONE', #712, 1000.000000000000000 ) ;
#2955 = CARTESIAN_POINT ( 'NONE',  ( 25.11499318099049916, -3.838668300323226035, -484.8000000000000114 ) ) ;
#2956 = CARTESIAN_POINT ( 'NONE',  ( -7.218873432757373365, 11.17563746180986506, -259.5644769384611550 ) ) ;
#2957 = VERTEX_POINT ( 'NONE', #1417 ) ;
#2958 = CARTESIAN_POINT ( 'NONE',  ( -28.56526551279012338, -1.318388846169915363, -549.9999999999998863 ) ) ;
#2959 = ORIENTED_EDGE ( 'NONE', *, *, #5751, .T. ) ;
#2960 = CARTESIAN_POINT ( 'NONE',  ( -18.08635802670367099, -9.029603475328173090, -325.8506033043824459 ) ) ;
#2961 = CARTESIAN_POINT ( 'NONE',  ( 210.3147344940113896, -8.472695584084426912, -574.9999999999998863 ) ) ;
#2962 = CARTESIAN_POINT ( 'NONE',  ( -14.37321343214878056, 0.2890212632435076312, -324.9999999999697025 ) ) ;
#2963 = AXIS2_PLACEMENT_3D ( 'NONE', #3724, #5283, #3239 ) ;
#2964 = B_SPLINE_CURVE_WITH_KNOTS ( 'NONE', 3,
 ( #3559, #2837, #1771, #4336, #3272, #5831, #5707 ),
 .UNSPECIFIED., .F., .F.,
 ( 4, 3, 4 ),
 ( 0.000000000000000000, 0.04000000000002182365, 0.06000000295101718534 ),
 .UNSPECIFIED. ) ;
#2965 = CARTESIAN_POINT ( 'NONE',  ( 43.81677558687979257, 13.11397923034863489, 0.000000000000000000 ) ) ;
#2966 = VECTOR ( 'NONE', #1095, 1000.000000000000000 ) ;
#2967 = CARTESIAN_POINT ( 'NONE',  ( -29.37494385350656856, -5.301498250574947946, -325.0000000000000000 ) ) ;
#2968 = VERTEX_POINT ( 'NONE', #2452 ) ;
#2969 = CARTESIAN_POINT ( 'NONE',  ( 47.55941522200326688, -4.139719834991997693, -338.9999999999999432 ) ) ;
#2970 = CARTESIAN_POINT ( 'NONE',  ( 139.5531729145587576, 5.841753309125581772, -479.0500000000000114 ) ) ;
#2971 = EDGE_CURVE ( 'NONE', #1408, #1698, #2908, .T. ) ;
#2972 = CARTESIAN_POINT ( 'NONE',  ( -11.07169167594812542, -0.7745390757047133645, -480.0000000000005116 ) ) ;
#2973 = CARTESIAN_POINT ( 'NONE',  ( -13.96577416170317143, 0.1009137332615041988, -264.9999999999923830 ) ) ;
#2974 = CARTESIAN_POINT ( 'NONE',  ( 93.62913818886050876, -3.457398024471676212, 0.000000000000000000 ) ) ;
#2975 = CARTESIAN_POINT ( 'NONE',  ( -0.07572622709020464249, 12.49999999999997158, -258.2008600302305013 ) ) ;
#2976 = EDGE_CURVE ( 'NONE', #5577, #329, #5878, .T. ) ;
#2977 = CARTESIAN_POINT ( 'NONE',  ( 161.5549300822212047, 15.63597044172372641, -527.5000000000000000 ) ) ;
#2978 = LINE ( 'NONE', #4959, #5763 ) ;
#2979 = CARTESIAN_POINT ( 'NONE',  ( 6.448935015208582477, 10.92516708219499399, -252.4871435158633801 ) ) ;
#2980 = CARTESIAN_POINT ( 'NONE',  ( -6.586812677294972218, 7.761593845566227223, -250.0209091230987610 ) ) ;
#2981 = CARTESIAN_POINT ( 'NONE',  ( -25.51320223562174760, 14.39661177764003952, -324.9999999999999432 ) ) ;
#2982 = EDGE_LOOP ( 'NONE', ( #1107, #5990, #1767, #5104, #1483, #5954, #5007, #3287, #1042 ) ) ;
#2983 = EDGE_CURVE ( 'NONE', #4872, #941, #4558, .T. ) ;
#2984 = CARTESIAN_POINT ( 'NONE',  ( 61.00000000000000711, 8.000000000000000000, -4.000000000000000000 ) ) ;
#2985 = CARTESIAN_POINT ( 'NONE',  ( 50.00000000000000000, 5.000000000000000000, -575.1253581756884614 ) ) ;
#2986 = CARTESIAN_POINT ( 'NONE',  ( -6.893246470820899141, -12.50000000000003553, -267.6908194439530462 ) ) ;
#2987 = CARTESIAN_POINT ( 'NONE',  ( -7.073031524354562727, -1.627373482860542619, -484.8000000000000114 ) ) ;
#2988 = CARTESIAN_POINT ( 'NONE',  ( -10.92271919331981067, 12.49999999999996447, -262.0877417610930138 ) ) ;
#2989 = ORIENTED_EDGE ( 'NONE', *, *, #506, .F. ) ;
#2990 = CARTESIAN_POINT ( 'NONE',  ( 1.663974321960739022, 11.81522128885569067, -332.8651838616200394 ) ) ;
#2991 = ORIENTED_EDGE ( 'NONE', *, *, #613, .F. ) ;
#2992 = CARTESIAN_POINT ( 'NONE',  ( 1.544277561524279641, -10.05956484106626725, -327.1318997847061496 ) ) ;
#2993 = EDGE_CURVE ( 'NONE', #1832, #6150, #4807, .T. ) ;
#2995 = EDGE_CURVE ( 'NONE', #3876, #2, #1802, .T. ) ;
#2994 = CARTESIAN_POINT ( 'NONE',  ( 209.7941341829836119, -8.812581424933792817, -574.9999999999998863 ) ) ;
#2996 = CARTESIAN_POINT ( 'NONE',  ( -14.72746448075474390, 0.4671655737341733339, -340.0007068225564240 ) ) ;
#2997 = ORIENTED_EDGE ( 'NONE', *, *, #1418, .T. ) ;
#2998 = CARTESIAN_POINT ( 'NONE',  ( -15.06869740429285187, 2.626790534657205356, 0.000000000000000000 ) ) ;
#2999 = CARTESIAN_POINT ( 'NONE',  ( 49.99999999999999289, 1.000000000000000000, -571.0000000000000000 ) ) ;
#3000 = EDGE_LOOP ( 'NONE', ( #5658, #145, #2922, #302, #4230, #5138, #2727, #4345 ) ) ;
#3001 = CARTESIAN_POINT ( 'NONE',  ( 83.65968572879864951, 11.94974303199760257, -480.0038511395396768 ) ) ;
#3002 = CARTESIAN_POINT ( 'NONE',  ( 160.0338709577478085, 2.996791761163008605, -479.0499999999999545 ) ) ;
#3003 = FACE_OUTER_BOUND ( 'NONE', #4139, .T. ) ;
#3004 = EDGE_CURVE ( 'NONE', #4478, #2773, #634, .T. ) ;
#3005 = CARTESIAN_POINT ( 'NONE',  ( -13.86783007770914899, 0.06025098531679910774, -265.0000000000150067 ) ) ;
#3006 = CARTESIAN_POINT ( 'NONE',  ( 179.6758378702645871, -0.3878923695565487662, -480.0000000000000000 ) ) ;
#3007 = CARTESIAN_POINT ( 'NONE',  ( -24.16192075635676773, 12.50000000000057732, -325.0664148374718252 ) ) ;
#3008 = CARTESIAN_POINT ( 'NONE',  ( -1.081540671124481934, 12.49999999999996625, -262.7337246649063331 ) ) ;
#3009 = FACE_OUTER_BOUND ( 'NONE', #4784, .T. ) ;
#3010 = DIRECTION ( 'NONE',  ( -0.000000000000000000, 0.000000000000000000, 1.000000000000000000 ) ) ;
#3011 = CARTESIAN_POINT ( 'NONE',  ( 137.6758406867323004, 6.297753732503824864, -327.7483353084862188 ) ) ;
#3012 = CARTESIAN_POINT ( 'NONE',  ( 1.702192105731363814, 9.876076294245478948, -250.0180657698815025 ) ) ;
#3013 = ADVANCED_FACE ( 'NONE', ( #6062 ), #3070, .F. ) ;
#3014 = CARTESIAN_POINT ( 'NONE',  ( -28.30849017153356328, 11.04533783450632711, -324.9999999999999432 ) ) ;
#3015 = VERTEX_POINT ( 'NONE', #5050 ) ;
#3016 = CARTESIAN_POINT ( 'NONE',  ( -11.29736206081935457, -12.50000000000003730, -321.8852727012809396 ) ) ;
#3017 = CARTESIAN_POINT ( 'NONE',  ( -30.89383780223757014, 3.013770962714281687, -265.0000000000000000 ) ) ;
#3018 = CARTESIAN_POINT ( 'NONE',  ( -8.396415765794600361, -12.50000000000003553, -264.7273504075840833 ) ) ;
#3019 = CARTESIAN_POINT ( 'NONE',  ( -15.72107255624630895, 3.425993902315720874, -484.8000000000000114 ) ) ;
#3020 = CARTESIAN_POINT ( 'NONE',  ( -13.21163896347954392, 10.51670115425741336, -261.1653990702237707 ) ) ;
#3021 = VERTEX_POINT ( 'NONE', #603 ) ;
#3022 = CARTESIAN_POINT ( 'NONE',  ( 1.225430708305349947, -10.27290699271881635, -272.9762786232536769 ) ) ;
#3023 = ORIENTED_EDGE ( 'NONE', *, *, #2289, .F. ) ;
#3024 = DIRECTION ( 'NONE',  ( 0.000000000000000000, -1.000000000000000000, 0.000000000000000000 ) ) ;
#3025 = CARTESIAN_POINT ( 'NONE',  ( 173.5410113095123847, -0.005813259405925023937, -479.0499999999997840 ) ) ;
#3026 = VERTEX_POINT ( 'NONE', #6417 ) ;
#3027 = LINE ( 'NONE', #3545, #1389 ) ;
#3028 = CARTESIAN_POINT ( 'NONE',  ( 9.710026340008750978, -4.096931115044092131, -254.7022638483207970 ) ) ;
#3029 = CARTESIAN_POINT ( 'NONE',  ( -28.73120059724957187, -6.440213816848960882, -324.9999999999998863 ) ) ;
#3030 = VERTEX_POINT ( 'NONE', #1965 ) ;
#3031 = CARTESIAN_POINT ( 'NONE',  ( 33.67911437448024969, -3.976662938651982060, -480.0014840328256582 ) ) ;
#3032 = FACE_OUTER_BOUND ( 'NONE', #1984, .T. ) ;
#3033 = CARTESIAN_POINT ( 'NONE',  ( -44.98181894430560135, -0.6282345307587722250, -575.0000000000005684 ) ) ;
#3034 = CARTESIAN_POINT ( 'NONE',  ( -25.75196460783372743, -9.902107572920685996, -264.9999999999998863 ) ) ;
#3035 = CARTESIAN_POINT ( 'NONE',  ( 34.57525854849316715, 13.34642050110177358, -480.0000000000000000 ) ) ;
#3036 = CARTESIAN_POINT ( 'NONE',  ( -18.09425444823177997, 12.49999999999996447, -326.1440533046368273 ) ) ;
#3037 = CARTESIAN_POINT ( 'NONE',  ( 157.0076227334632506, -0.1656229728729533002, -434.0000000000000000 ) ) ;
#3038 = PRODUCT_CONTEXT ( 'NONE', #4913, 'mechanical' ) ;
#3039 = B_SPLINE_CURVE_WITH_KNOTS ( 'NONE', 3,
 ( #4495, #4958, #4464, #5481 ),
 .UNSPECIFIED., .F., .F.,
 ( 4, 4 ),
 ( 0.000000000000000000, 0.006758277039722411159 ),
 .UNSPECIFIED. ) ;
#3040 = CARTESIAN_POINT ( 'NONE',  ( -1.080833453239036235, 12.49999999999996625, -264.9999999999998863 ) ) ;
#3041 = CARTESIAN_POINT ( 'NONE',  ( -27.62949007195206264, 0.4491869865242241744, -575.0000000000000000 ) ) ;
#3042 = VECTOR ( 'NONE', #1342, 1000.000000000000000 ) ;
#3043 = CARTESIAN_POINT ( 'NONE',  ( -5.376859164275070491, 8.158212699881209673, -265.0000000000298996 ) ) ;
#3044 = CARTESIAN_POINT ( 'NONE',  ( -30.54979104169541415, 6.090095848564160974, -324.9999999999998863 ) ) ;
#3045 = CARTESIAN_POINT ( 'NONE',  ( 141.3725263969657817, -0.7072185964306322292, -480.0000000000000000 ) ) ;
#3046 = CARTESIAN_POINT ( 'NONE',  ( 0.8395025057412173197, 12.12430854171252292, -324.9994005812927753 ) ) ;
#3047 = AXIS2_PLACEMENT_3D ( 'NONE', #5525, #5991, #1529 ) ;
#3048 = VECTOR ( 'NONE', #5210, 1000.000000000000000 ) ;
#3049 = EDGE_CURVE ( 'NONE', #3705, #5388, #4055, .T. ) ;
#3050 = DIRECTION ( 'NONE',  ( -1.445602896647339656E-16, 1.000000000000000000, 0.000000000000000000 ) ) ;
#3051 = CARTESIAN_POINT ( 'NONE',  ( -14.29665664481319709, -12.50000000000003553, -268.4451637827974082 ) ) ;
#3052 = CARTESIAN_POINT ( 'NONE',  ( 25.12176866118714358, -3.841925445612448531, -480.0000000000000000 ) ) ;
#3053 = CARTESIAN_POINT ( 'NONE',  ( 0.8901984399379702095, 12.49999999999871569, -258.7413978888292263 ) ) ;
#3054 = VERTEX_POINT ( 'NONE', #5112 ) ;
#3055 = VECTOR ( 'NONE', #412, 1000.000000000000000 ) ;
#3056 = CARTESIAN_POINT ( 'NONE',  ( 139.9999999999999716, 18.00000000000000355, -549.9999999999998863 ) ) ;
#3057 = AXIS2_PLACEMENT_3D ( 'NONE', #2425, #5843, #419 ) ;
#3058 = ORIENTED_EDGE ( 'NONE', *, *, #3708, .T. ) ;
#3059 = CARTESIAN_POINT ( 'NONE',  ( 39.67911437448025680, -2.000000000000000000, -575.0000000000000000 ) ) ;
#3060 = CARTESIAN_POINT ( 'NONE',  ( 176.7961567591937353, -0.1339386344598358647, -479.0500000000006366 ) ) ;
#3061 = VECTOR ( 'NONE', #5380, 1000.000000000000000 ) ;
#3062 = ORIENTED_EDGE ( 'NONE', *, *, #2427, .F. ) ;
#3063 = CARTESIAN_POINT ( 'NONE',  ( 137.7099006076980459, 6.236224490646814722, 0.000000000000000000 ) ) ;
#3064 = CARTESIAN_POINT ( 'NONE',  ( 140.4504203655188803, 5.904327095428193672, -180.0000000000000000 ) ) ;
#3065 = CARTESIAN_POINT ( 'NONE',  ( 39.67911437448029233, -4.085568301995307294, -393.2183033053084955 ) ) ;
#3066 = ORIENTED_EDGE ( 'NONE', *, *, #4277, .F. ) ;
#3067 = LINE ( 'NONE', #665, #4919 ) ;
#3068 = VECTOR ( 'NONE', #3209, 1000.000000000000000 ) ;
#3069 = CARTESIAN_POINT ( 'NONE',  ( 175.3985829811838357, 0.4478367030630203693, -479.0500000000006935 ) ) ;
#3070 = PLANE ( 'NONE',  #773 ) ;
#3071 = CARTESIAN_POINT ( 'NONE',  ( -14.94686757446576486, 3.864067238747499466, -479.0499999999989313 ) ) ;
#3072 = CARTESIAN_POINT ( 'NONE',  ( -9.414343427832305267, -1.271837563184649023, -265.0000000000298996 ) ) ;
#3073 = ORIENTED_EDGE ( 'NONE', *, *, #2023, .T. ) ;
#3074 = CARTESIAN_POINT ( 'NONE',  ( -4.109593581351200342, 8.207141195834214642, 0.000000000000000000 ) ) ;
#3075 = CARTESIAN_POINT ( 'NONE',  ( -0.01299870167614661579, 12.49999999999996625, -329.5847917891591123 ) ) ;
#3076 = DIRECTION ( 'NONE',  ( -1.734723475976807094E-15, -1.000000000000000000, 0.000000000000000000 ) ) ;
#3077 = CARTESIAN_POINT ( 'NONE',  ( 143.0959716979136545, -0.6915348405481569483, -180.0000000000000000 ) ) ;
#3078 = CARTESIAN_POINT ( 'NONE',  ( 14.35898522588251147, -3.621108673532354327, -249.9900080436771077 ) ) ;
#3079 = CARTESIAN_POINT ( 'NONE',  ( -15.52386358316601545, 2.836757224919849829, -250.0293711733488919 ) ) ;
#3080 = CARTESIAN_POINT ( 'NONE',  ( -12.12346129488310886, 5.625272597047616507, -324.9999999999998863 ) ) ;
#3081 = EDGE_CURVE ( 'NONE', #4742, #5922, #2643, .T. ) ;
#3082 = CARTESIAN_POINT ( 'NONE',  ( 62.58387089175442242, -3.974423467325334247, -480.0000000000000000 ) ) ;
#3083 = CARTESIAN_POINT ( 'NONE',  ( -49.99999999999999289, -1.110223024625156540E-13, -301.9999999999997726 ) ) ;
#3084 = CARTESIAN_POINT ( 'NONE',  ( -17.41197433698964403, 9.833492898691726936, -262.3369730289973631 ) ) ;
#3085 = CARTESIAN_POINT ( 'NONE',  ( -23.67988308131207731, -12.50000000000003553, -269.7776910810994195 ) ) ;
#3086 = CARTESIAN_POINT ( 'NONE',  ( 42.97959751727077560, -4.059909809176293294, -484.8000000000000114 ) ) ;
#3087 = CARTESIAN_POINT ( 'NONE',  ( -7.923921848536437551, 11.11195953843654394, -259.7482931676998987 ) ) ;
#3088 = ORIENTED_EDGE ( 'NONE', *, *, #338, .F. ) ;
#3089 = EDGE_CURVE ( 'NONE', #1167, #728, #3203, .T. ) ;
#3090 = VERTEX_POINT ( 'NONE', #6161 ) ;
#3091 = DIRECTION ( 'NONE',  ( 1.000000000000000000, 0.000000000000000000, 0.000000000000000000 ) ) ;
#3092 = CARTESIAN_POINT ( 'NONE',  ( 205.0530701679755339, -11.90789369257460883, -575.0000000000000000 ) ) ;
#3093 = ORIENTED_EDGE ( 'NONE', *, *, #4134, .T. ) ;
#3094 = CARTESIAN_POINT ( 'NONE',  ( 27.14921531649265773, -3.966636336792816575, -328.2023917769128616 ) ) ;
#3095 = CARTESIAN_POINT ( 'NONE',  ( -3.865389157127897324, -2.063917680493900786, -480.0036787814066770 ) ) ;
#3096 = DIRECTION ( 'NONE',  ( -1.000000000000000000, 0.000000000000000000, -0.000000000000000000 ) ) ;
#3097 = EDGE_CURVE ( 'NONE', #2024, #739, #6376, .T. ) ;
#3098 = ORIENTED_EDGE ( 'NONE', *, *, #4163, .T. ) ;
#3099 = CARTESIAN_POINT ( 'NONE',  ( 136.5014952151644252, -0.6858015340191109255, -479.0499999999996135 ) ) ;
#3100 = CARTESIAN_POINT ( 'NONE',  ( 170.6620224526148775, 1.322633840941296102, -479.0499999999998977 ) ) ;
#3101 = CARTESIAN_POINT ( 'NONE',  ( 169.3221984775587998, -12.63087570346764821, -527.5000000000000000 ) ) ;
#3102 = CARTESIAN_POINT ( 'NONE',  ( -14.24515733008087004, 4.650614919022175719, -479.9999999999994884 ) ) ;
#3103 = CARTESIAN_POINT ( 'NONE',  ( -15.72401908423216099, -15.15525220140697193, -264.9999999999998863 ) ) ;
#3104 = ORIENTED_EDGE ( 'NONE', *, *, #1583, .T. ) ;
#3105 = CARTESIAN_POINT ( 'NONE',  ( -1.548043350828450349, -2.678313004792312046, 0.000000000000000000 ) ) ;
#3106 = CARTESIAN_POINT ( 'NONE',  ( 179.3433815518629331, -0.3673557839953721094, -479.9999873979162999 ) ) ;
#3107 = CARTESIAN_POINT ( 'NONE',  ( 0.8515888992371718480, 12.11147953351188811, -264.9993969650242320 ) ) ;
#3108 = CARTESIAN_POINT ( 'NONE',  ( -28.56526551279012338, -1.318388846169915363, -575.0000000000000000 ) ) ;
#3109 = CARTESIAN_POINT ( 'NONE',  ( 14.99999999999998579, 0.000000000000000000, -519.9999999999998863 ) ) ;
#3110 = CARTESIAN_POINT ( 'NONE',  ( -13.98626539117539913, 4.362667997117575247, -264.9999999999998863 ) ) ;
#3111 = EDGE_CURVE ( 'NONE', #622, #6334, #4721, .T. ) ;
#3112 = EDGE_CURVE ( 'NONE', #1601, #2423, #5443, .T. ) ;
#3113 = CARTESIAN_POINT ( 'NONE',  ( -23.03311451394797871, 16.49886841414314986, -324.9999999999998863 ) ) ;
#3114 = CARTESIAN_POINT ( 'NONE',  ( 149.7037171311815484, -0.4426629905476007210, 0.000000000000000000 ) ) ;
#3115 = CARTESIAN_POINT ( 'NONE',  ( 78.63900305395171131, 12.19546523572389773, -479.0499999999997840 ) ) ;
#3116 = CARTESIAN_POINT ( 'NONE',  ( -49.99999999999999289, 6.999999999999926281, -294.9999999999999432 ) ) ;
#3117 = DIRECTION ( 'NONE',  ( -1.000000000000000000, 0.000000000000000000, 0.000000000000000000 ) ) ;
#3118 = CARTESIAN_POINT ( 'NONE',  ( 43.25600425958946005, 13.47478158335125187, -480.0000000000000000 ) ) ;
#3119 = DIRECTION ( 'NONE',  ( -1.000000000000000000, 0.000000000000000000, 0.000000000000000000 ) ) ;
#3120 = ORIENTED_EDGE ( 'NONE', *, *, #3081, .F. ) ;
#3121 = VERTEX_POINT ( 'NONE', #2252 ) ;
#3122 = DIRECTION ( 'NONE',  ( -0.000000000000000000, -0.000000000000000000, -1.000000000000000000 ) ) ;
#3123 = CARTESIAN_POINT ( 'NONE',  ( 177.6998337670385695, -0.1753194581157020149, -479.0499999999995566 ) ) ;
#3124 = EDGE_LOOP ( 'NONE', ( #5003, #4865 ) ) ;
#3125 = DIRECTION ( 'NONE',  ( -0.000000000000000000, -0.000000000000000000, 1.000000000000000000 ) ) ;
#3126 = B_SPLINE_CURVE_WITH_KNOTS ( 'NONE', 3,
 ( #5119, #2861, #5823, #3654 ),
 .UNSPECIFIED., .F., .F.,
 ( 4, 4 ),
 ( 5.551115123125782702E-17, 0.01700000209135018453 ),
 .UNSPECIFIED. ) ;
#3127 = CARTESIAN_POINT ( 'NONE',  ( 0.8053326000067431156, -2.696529783143399417, -339.9902647232052573 ) ) ;
#3128 = CARTESIAN_POINT ( 'NONE',  ( 148.8930675144058284, -0.3979599233123957691, -479.9999999993626716 ) ) ;
#3129 = ORIENTED_EDGE ( 'NONE', *, *, #1023, .F. ) ;
#3130 = CARTESIAN_POINT ( 'NONE',  ( -13.93250845449327535, 4.370321836608288990, -250.0266684698602830 ) ) ;
#3131 = CARTESIAN_POINT ( 'NONE',  ( 167.3352432904818841, 1.954248524268252574, -480.0000000000002274 ) ) ;
#3132 = EDGE_CURVE ( 'NONE', #5402, #5591, #2490, .T. ) ;
#3133 = DIRECTION ( 'NONE',  ( 0.000000000000000000, 0.000000000000000000, 1.000000000000000000 ) ) ;
#3134 = CARTESIAN_POINT ( 'NONE',  ( -44.77269982664421377, -2.126036392812685971, -575.0000000000004547 ) ) ;
#3135 = B_SPLINE_CURVE_WITH_KNOTS ( 'NONE', 3,
 ( #686, #2660, #3216, #191 ),
 .UNSPECIFIED., .F., .F.,
 ( 4, 4 ),
 ( 0.000000000000000000, 0.03690183935361139589 ),
 .UNSPECIFIED. ) ;
#3136 = CARTESIAN_POINT ( 'NONE',  ( 6.676109615122271634, -3.202382606819131450, -249.9900280589285444 ) ) ;
#3137 = VERTEX_POINT ( 'NONE', #1247 ) ;
#3138 = CARTESIAN_POINT ( 'NONE',  ( 18.75882264947053812, 12.49327151746987319, -484.8000000000000114 ) ) ;
#3139 = CARTESIAN_POINT ( 'NONE',  ( 179.5969602673312977, -0.3874237377761727830, -479.9996995868773979 ) ) ;
#3140 = CARTESIAN_POINT ( 'NONE',  ( 0.2345963598549228868, -17.68431123960034057, -324.9999999999998863 ) ) ;
#3141 = CARTESIAN_POINT ( 'NONE',  ( 176.8227545189648140, -0.2307463398308213232, -180.0000000000000000 ) ) ;
#3142 = DIRECTION ( 'NONE',  ( 0.000000000000000000, 0.000000000000000000, -1.000000000000000000 ) ) ;
#3143 = CARTESIAN_POINT ( 'NONE',  ( -27.18850297593900933, 12.27142342899701433, -264.9999999999998295 ) ) ;
#3144 = CARTESIAN_POINT ( 'NONE',  ( -13.50480470759934271, 4.824707247647883612, -324.9999999999847091 ) ) ;
#3145 = CARTESIAN_POINT ( 'NONE',  ( 132.5157983625784652, -1.138558985234869425, -484.8000000000000114 ) ) ;
#3146 = CARTESIAN_POINT ( 'NONE',  ( -17.53771071752460742, -12.50000000000003730, -321.1224622062998151 ) ) ;
#3147 = CARTESIAN_POINT ( 'NONE',  ( -29.90820826521772702, 7.499999999999967137, -264.9999999999998863 ) ) ;
#3148 = CARTESIAN_POINT ( 'NONE',  ( 179.6746485038892160, -0.3771736738936535271, -480.0000000000000000 ) ) ;
#3149 = CARTESIAN_POINT ( 'NONE',  ( 11.77287296290922392, 11.77076995481561106, -480.0000000000000000 ) ) ;
#3150 = CARTESIAN_POINT ( 'NONE',  ( 33.67911437448025680, -12.00000000000000000, -575.0000000000000000 ) ) ;
#3151 = ADVANCED_FACE ( 'NONE', ( #3232 ), #1148, .T. ) ;
#3152 = ORIENTED_EDGE ( 'NONE', *, *, #3726, .F. ) ;
#3153 = ORIENTED_EDGE ( 'NONE', *, *, #614, .T. ) ;
#3154 = AXIS2_PLACEMENT_3D ( 'NONE', #4118, #540, #2094 ) ;
#3155 = CARTESIAN_POINT ( 'NONE',  ( 204.1433547300142664, -12.50182225929925828, -574.9999999999998863 ) ) ;
#3156 = ORIENTED_EDGE ( 'NONE', *, *, #5328, .T. ) ;
#3157 = DIRECTION ( 'NONE',  ( -0.000000000000000000, 1.000000000000000000, -0.000000000000000000 ) ) ;
#3158 = AXIS2_PLACEMENT_3D ( 'NONE', #1000, #905, #1901 ) ;
#3159 = AXIS2_PLACEMENT_3D ( 'NONE', #2947, #4934, #5617 ) ;
#3160 = CARTESIAN_POINT ( 'NONE',  ( -15.86369332200394311, 1.360185513264438040, -340.0126879021046307 ) ) ;
#3161 = CARTESIAN_POINT ( 'NONE',  ( 120.4146279555125005, -1.814579403130351487, -480.0013745592332839 ) ) ;
#3162 = EDGE_LOOP ( 'NONE', ( #5338, #552 ) ) ;
#3163 = CARTESIAN_POINT ( 'NONE',  ( 159.9999999999999716, -25.00000000000000711, -575.0000000000000000 ) ) ;
#3164 = CARTESIAN_POINT ( 'NONE',  ( 176.9925763192794648, 0.1348257656464044441, -480.0000000000003411 ) ) ;
#3165 = AXIS2_PLACEMENT_3D ( 'NONE', #1068, #5031, #4899 ) ;
#3166 = CARTESIAN_POINT ( 'NONE',  ( -15.86934808067421976, 1.587591031292866939, -250.0200472945923593 ) ) ;
#3167 = CARTESIAN_POINT ( 'NONE',  ( -12.28785032410642586, 5.689770354806716668, -479.0499999999997272 ) ) ;
#3168 = VECTOR ( 'NONE', #6400, 1000.000000000000000 ) ;
#3169 = CARTESIAN_POINT ( 'NONE',  ( 12.86671079428574593, -3.558136334213824803, -249.9899862105482669 ) ) ;
#3170 = ORIENTED_EDGE ( 'NONE', *, *, #2138, .T. ) ;
#3171 = CARTESIAN_POINT ( 'NONE',  ( -8.870839709559573905, 7.379290699847297574, -480.0000000000000000 ) ) ;
#3172 = CARTESIAN_POINT ( 'NONE',  ( 45.00000000000001421, 3.000000000000000000, -338.9999999999999432 ) ) ;
#3173 = EDGE_CURVE ( 'NONE', #2002, #3253, #668, .T. ) ;
#3174 = CARTESIAN_POINT ( 'NONE',  ( 10.79500884527931781, -3.404497217650924057, -324.9999999999395186 ) ) ;
#3175 = AXIS2_PLACEMENT_3D ( 'NONE', #74, #1633, #1080 ) ;
#3176 = CARTESIAN_POINT ( 'NONE',  ( 44.34586046547613591, -4.146100047389204235, -321.9999999999999432 ) ) ;
#3177 = LINE ( 'NONE', #1226, #3068 ) ;
#3178 = CARTESIAN_POINT ( 'NONE',  ( -14.47110041436486938, 3.944365496252349779, -250.0275472511613373 ) ) ;
#3179 = CARTESIAN_POINT ( 'NONE',  ( -3.794663659342306872, 8.693537762180023165, -325.0000000000302407 ) ) ;
#3180 = FACE_OUTER_BOUND ( 'NONE', #5893, .T. ) ;
#3181 = VECTOR ( 'NONE', #5446, 1000.000000000000000 ) ;
#3182 = EDGE_CURVE ( 'NONE', #5721, #3670, #4330, .T. ) ;
#3183 = CARTESIAN_POINT ( 'NONE',  ( 179.6758378702645018, -0.3878923695565453245, 0.000000000000000000 ) ) ;
#3184 = CARTESIAN_POINT ( 'NONE',  ( -60.00000000000000000, -7.000000000000047073, -294.9999999999998863 ) ) ;
#3185 = B_SPLINE_CURVE_WITH_KNOTS ( 'NONE', 3,
 ( #1834, #6227, #5280, #6202, #1251, #5828, #5769, #5217, #3816, #1769, #2833, #5799, #3749, #5733, #1280, #4822 ),
 .UNSPECIFIED., .F., .F.,
 ( 4, 2, 2, 2, 2, 2, 2, 4 ),
 ( 5.421010862427522170E-18, 0.007395060015339636854, 0.01479012003067926850, 0.01848765003834908910, 0.02033641504218398899, 0.02218518004601888888, 0.02588271005368867825, 0.02958024006135846068 ),
 .UNSPECIFIED. ) ;
#3186 = DIRECTION ( 'NONE',  ( -1.000000000000000000, 0.000000000000000000, 0.000000000000000000 ) ) ;
#3187 = CARTESIAN_POINT ( 'NONE',  ( 179.6758378702645871, -0.3878923695565480445, -480.0000000000000000 ) ) ;
#3188 = CARTESIAN_POINT ( 'NONE',  ( 145.5393870738044484, 5.270477545399046448, -484.8000000000000114 ) ) ;
#3189 = ADVANCED_FACE ( 'NONE', ( #2926 ), #4911, .F. ) ;
#3190 = CARTESIAN_POINT ( 'NONE',  ( -60.00000000000000000, -12.50000000000003553, -264.9999999999998863 ) ) ;
#3191 = ORIENTED_EDGE ( 'NONE', *, *, #5397, .F. ) ;
#3192 = EDGE_LOOP ( 'NONE', ( #6394, #3828, #626, #27, #5815, #1891 ) ) ;
#3193 = DIRECTION ( 'NONE',  ( -0.3240055902217686690, -0.2076601146721749058, -0.9229830194967740820 ) ) ;
#3194 = FACE_BOUND ( 'NONE', #981, .T. ) ;
#3195 = ORIENTED_EDGE ( 'NONE', *, *, #409, .T. ) ;
#3196 = FACE_OUTER_BOUND ( 'NONE', #4645, .T. ) ;
#3197 = CARTESIAN_POINT ( 'NONE',  ( -15.76812091126495652, 2.805428667959773747, -340.0295256492886438 ) ) ;
#3198 = DIRECTION ( 'NONE',  ( 0.9602561488514259613, 0.2791202762126536729, 0.000000000000000000 ) ) ;
#3199 = EDGE_CURVE ( 'NONE', #4098, #417, #1909, .T. ) ;
#3200 = ORIENTED_EDGE ( 'NONE', *, *, #5497, .T. ) ;
#3201 = CARTESIAN_POINT ( 'NONE',  ( 22.50000000000001421, -25.00000000000000711, -575.0000000000000000 ) ) ;
#3202 = CARTESIAN_POINT ( 'NONE',  ( 174.2306309386122791, 0.6975087734552460894, -479.9999999999984652 ) ) ;
#3203 = LINE ( 'NONE', #5179, #5436 ) ;
#3204 = PLANE ( 'NONE',  #4823 ) ;
#3205 = CARTESIAN_POINT ( 'NONE',  ( 6.676780257122055140, -3.192426513409509337, -265.0000000000300133 ) ) ;
#3206 = CARTESIAN_POINT ( 'NONE',  ( 159.5524836738927661, 3.161072353973591653, 0.000000000000000000 ) ) ;
#3207 = CARTESIAN_POINT ( 'NONE',  ( -0.9425173451666607471, 11.66917950781045832, -332.1885938418344608 ) ) ;
#3208 = CARTESIAN_POINT ( 'NONE',  ( 49.99999999999999289, 1.000000000000000000, -311.5000000000005684 ) ) ;
#3209 = DIRECTION ( 'NONE',  ( 1.000000000000000000, -0.000000000000000000, -0.000000000000000000 ) ) ;
#3210 = CARTESIAN_POINT ( 'NONE',  ( -14.48889911885840753, 3.965334786193496441, -264.9999999999848228 ) ) ;
#3211 = CARTESIAN_POINT ( 'NONE',  ( -21.68907284943707836, 17.42962220970342457, -324.9999999999998295 ) ) ;
#3212 =( BOUNDED_SURFACE ( )  B_SPLINE_SURFACE ( 3, 2, ( 
 ( #2129, #2975, #2552 ),
 ( #2612, #5022, #1613 ),
 ( #5511, #609, #3008 ),
 ( #3107, #5480, #116 ) ),
 .UNSPECIFIED., .F., .F., .T. ) 
 B_SPLINE_SURFACE_WITH_KNOTS ( ( 4, 4 ),
 ( 3, 3 ),
 ( 0.01998723219006843035, 0.02678605852639295154 ),
 ( 0.000000000000000000, 1.000000000000000000 ),
 .UNSPECIFIED. ) 
 GEOMETRIC_REPRESENTATION_ITEM ( )  RATIONAL_B_SPLINE_SURFACE ( (
 ( 1.000000000000000000, 0.9803072135601987869, 1.000000000000000000),
 ( 1.000000000000000000, 0.9803319941584972552, 1.000000000000000000),
 ( 1.000000000000000000, 0.9803567678394875529, 1.000000000000000000),
 ( 1.000000000000000000, 0.9803815345829358652, 1.000000000000000000) ) ) 
 REPRESENTATION_ITEM ( '' )  SURFACE ( )  );
#3213 = CARTESIAN_POINT ( 'NONE',  ( 9.795537051249183946, -3.263599237541375597, -480.0000000000000000 ) ) ;
#3214 = CARTESIAN_POINT ( 'NONE',  ( -0.8944271909999412795, 16.05278640450006122, -575.0000000000000000 ) ) ;
#3215 = ADVANCED_FACE ( 'NONE', ( #925 ), #1859, .T. ) ;
#3216 = CARTESIAN_POINT ( 'NONE',  ( 39.67911437448024969, -6.702636611406025402, -492.0083956577063304 ) ) ;
#3217 = CARTESIAN_POINT ( 'NONE',  ( 137.6758406867323004, -0.9039213117115367790, -416.5631192596054575 ) ) ;
#3218 = CARTESIAN_POINT ( 'NONE',  ( 165.2687268397055504, 2.265670115543501062, 0.000000000000000000 ) ) ;
#3219 = CARTESIAN_POINT ( 'NONE',  ( 51.00000000000001421, -4.145522294753740233, -308.9999999999487841 ) ) ;
#3220 = EDGE_LOOP ( 'NONE', ( #3710, #6049, #6308, #1206 ) ) ;
#3221 = B_SPLINE_CURVE_WITH_KNOTS ( 'NONE', 3,
 ( #2820, #4869, #5787, #6363, #5297, #1427, #1303, #850, #6273, #421, #1821, #4842, #2884, #6335, #2855, #1851, #6243, #3288, #1881, #3341 ),
 .UNSPECIFIED., .F., .F.,
 ( 4, 2, 2, 2, 2, 2, 2, 2, 2, 4 ),
 ( 0.03265527665384668210, 0.03347181237269235277, 0.03428834809153802343, 0.03592141952922935783, 0.03755449096692069222, 0.03918756240461202661, 0.04245370527999470234, 0.04571984815537737806, 0.05225213390614272257, 0.05878441965690807403 ),
 .UNSPECIFIED. ) ;
#3222 = ORIENTED_EDGE ( 'NONE', *, *, #5328, .F. ) ;
#3223 = CARTESIAN_POINT ( 'NONE',  ( -15.90885572465170661, 3.072923140744744153, -480.0002200524193654 ) ) ;
#3224 = CARTESIAN_POINT ( 'NONE',  ( 158.3928305185884824, -0.1432281011326924369, -479.9999999999990905 ) ) ;
#3225 = EDGE_LOOP ( 'NONE', ( #3861, #2362, #4591, #4269, #2499, #2466, #5627 ) ) ;
#3226 = DIRECTION ( 'NONE',  ( 0.000000000000000000, 0.000000000000000000, 1.000000000000000000 ) ) ;
#3227 = DIRECTION ( 'NONE',  ( -1.000000000000000000, 0.000000000000000000, 0.000000000000000000 ) ) ;
#3228 = CARTESIAN_POINT ( 'NONE',  ( 39.67911437448025680, -2.000000000000000000, -575.0000000000000000 ) ) ;
#3229 = ORIENTED_EDGE ( 'NONE', *, *, #2892, .F. ) ;
#3230 = CARTESIAN_POINT ( 'NONE',  ( 50.00000000000000000, 3.000000000000000000, -575.1253581756884614 ) ) ;
#3231 = CARTESIAN_POINT ( 'NONE',  ( 178.5911100831526994, -0.1774858337143084275, -479.0499999999987608 ) ) ;
#3232 = FACE_OUTER_BOUND ( 'NONE', #4677, .T. ) ;
#3233 = CARTESIAN_POINT ( 'NONE',  ( -21.67533269304435350, -12.50000000000003553, -269.4982761162717111 ) ) ;
#3234 = CARTESIAN_POINT ( 'NONE',  ( 45.00000000000001421, -4.136851105625146907, -338.9999999999999432 ) ) ;
#3235 = ORIENTED_EDGE ( 'NONE', *, *, #2511, .T. ) ;
#3236 = CARTESIAN_POINT ( 'NONE',  ( 179.6746300319239538, -0.3772227571833274284, 0.000000000000000000 ) ) ;
#3237 = CARTESIAN_POINT ( 'NONE',  ( 55.47432609138136428, -4.128320448668773679, -304.0000000000006253 ) ) ;
#3238 = CYLINDRICAL_SURFACE ( 'NONE', #2539, 1.000000000000000888 ) ;
#3239 = DIRECTION ( 'NONE',  ( 0.000000000000000000, 0.000000000000000000, 1.000000000000000000 ) ) ;
#3240 = CARTESIAN_POINT ( 'NONE',  ( -15.93565092468514699, 2.054207899564063133, -264.9999999999848228 ) ) ;
#3241 = CARTESIAN_POINT ( 'NONE',  ( 9.200193195197169160, 11.24032009623213924, -340.0163103202035018 ) ) ;
#3242 = B_SPLINE_CURVE_WITH_KNOTS ( 'NONE', 3,
 ( #4331, #4754, #334, #2254 ),
 .UNSPECIFIED., .F., .F.,
 ( 4, 4 ),
 ( 0.0009752276657503951935, 0.03791695083126986332 ),
 .UNSPECIFIED. ) ;
#3243 = CARTESIAN_POINT ( 'NONE',  ( -60.00000000000000000, 12.49999999999996625, -264.9999999999998863 ) ) ;
#3244 = DIRECTION ( 'NONE',  ( 1.000000000000000000, 0.000000000000000000, -0.000000000000000000 ) ) ;
#3245 = CARTESIAN_POINT ( 'NONE',  ( 142.0000000000000000, 15.99999999999998579, -575.0000000000000000 ) ) ;
#3246 = CARTESIAN_POINT ( 'NONE',  ( 18.76551366024522594, 12.48916636814102610, -480.0000000000000000 ) ) ;
#3247 = CARTESIAN_POINT ( 'NONE',  ( -31.02232805125584747, 3.415138594243133152, -324.9999999999998863 ) ) ;
#3248 = EDGE_LOOP ( 'NONE', ( #4517, #4029, #2241, #803, #4868, #606, #2648, #5529 ) ) ;
#3249 = ORIENTED_EDGE ( 'NONE', *, *, #2450, .T. ) ;
#3250 = CARTESIAN_POINT ( 'NONE',  ( 168.9087905949640458, -0.05547228716734613901, -479.9999999999992042 ) ) ;
#3251 = ADVANCED_FACE ( 'NONE', ( #6344 ), #333, .T. ) ;
#3252 = VECTOR ( 'NONE', #2199, 1000.000000000000000 ) ;
#3253 = VERTEX_POINT ( 'NONE', #858 ) ;
#3254 = CARTESIAN_POINT ( 'NONE',  ( 5.850488107451645270, -3.207124364935166394, -310.1847837922595090 ) ) ;
#3255 = CARTESIAN_POINT ( 'NONE',  ( -60.00000000000000000, -7.500000000000034639, -324.9999999999998863 ) ) ;
#3256 = VECTOR ( 'NONE', #5882, 1000.000000000000000 ) ;
#3257 = CARTESIAN_POINT ( 'NONE',  ( -30.09692654640665310, 7.500000000000000888, -324.9999999999999432 ) ) ;
#3258 = ORIENTED_EDGE ( 'NONE', *, *, #4790, .T. ) ;
#3259 = CARTESIAN_POINT ( 'NONE',  ( -27.95356862653355279, -7.500000000000040856, -324.9999999999998863 ) ) ;
#3260 = CARTESIAN_POINT ( 'NONE',  ( 179.3090055091497561, -0.3193709316664942732, -479.9999999999995453 ) ) ;
#3261 = AXIS2_PLACEMENT_3D ( 'NONE', #1305, #5818, #2338 ) ;
#3262 = CARTESIAN_POINT ( 'NONE',  ( -15.92246383221745987, 1.842396804641956543, -250.0257691289048978 ) ) ;
#3263 = CARTESIAN_POINT ( 'NONE',  ( -19.80481440433026563, -12.50000000000003375, -265.3138097573933578 ) ) ;
#3264 = DIRECTION ( 'NONE',  ( -8.163404592832026077E-16, -0.000000000000000000, -1.000000000000000000 ) ) ;
#3265 = EDGE_LOOP ( 'NONE', ( #174, #4282, #5859, #1877 ) ) ;
#3266 = CARTESIAN_POINT ( 'NONE',  ( 177.0158213435556149, 0.1355424180607971429, 0.000000000000000000 ) ) ;
#3267 = CIRCLE ( 'NONE', #2121, 3.149999999999999911 ) ;
#3268 = AXIS2_PLACEMENT_3D ( 'NONE', #5650, #1198, #2688 ) ;
#3269 = CARTESIAN_POINT ( 'NONE',  ( 44.99999999999988631, -7.000000000000000000, -318.9999999999999432 ) ) ;
#3270 = AXIS2_PLACEMENT_3D ( 'NONE', #842, #5713, #2355 ) ;
#3271 = CARTESIAN_POINT ( 'NONE',  ( -10.00833405466326731, -1.313671118910841651, 0.000000000000000000 ) ) ;
#3272 = CARTESIAN_POINT ( 'NONE',  ( -1.066214838275874710, 12.49999999999996625, -311.6666653606683894 ) ) ;
#3273 = CARTESIAN_POINT ( 'NONE',  ( -30.92795691786190204, 1.703629082149610063, -264.9999999999998863 ) ) ;
#3274 = CARTESIAN_POINT ( 'NONE',  ( -0.2402899377945241222, 9.559160441490636373, -325.0000000000298996 ) ) ;
#3275 = VECTOR ( 'NONE', #5872, 1000.000000000000000 ) ;
#3276 = FACE_OUTER_BOUND ( 'NONE', #2497, .T. ) ;
#3277 = B_SPLINE_CURVE_WITH_KNOTS ( 'NONE', 3,
 ( #2902, #6027, #5998, #3516, #5502, #3028, #561, #2542, #300, #4747, #4169, #172, #4621, #3678, #5723, #4651, #793, #6156 ),
 .UNSPECIFIED., .F., .F.,
 ( 4, 2, 2, 2, 2, 2, 2, 2, 4 ),
 ( -2.449490141081498516E-05, 0.002482874516509384240, 0.004990243934429583299, 0.01000498277026998055, 0.01251235218819017961, 0.01501972160611037693, 0.01752709102403057773, 0.01878077573299068159, 0.02003446044195078199 ),
 .UNSPECIFIED. ) ;
#3278 = CARTESIAN_POINT ( 'NONE',  ( -0.8944271909999412795, 16.05278640450006122, -575.0000000000000000 ) ) ;
#3279 = DIRECTION ( 'NONE',  ( -1.734723475976807094E-15, -1.000000000000000000, 0.000000000000000000 ) ) ;
#3280 = PRODUCT_DEFINITION_FORMATION_WITH_SPECIFIED_SOURCE ( 'ANY', '', #4218, .NOT_KNOWN. ) ;
#3281 = FACE_OUTER_BOUND ( 'NONE', #516, .T. ) ;
#3282 = CARTESIAN_POINT ( 'NONE',  ( -16.05354879254926814, 1.928651645192111186, -324.9999999999998863 ) ) ;
#3283 = VERTEX_POINT ( 'NONE', #2828 ) ;
#3284 = VERTEX_POINT ( 'NONE', #891 ) ;
#3285 = FACE_OUTER_BOUND ( 'NONE', #2608, .T. ) ;
#3286 = CARTESIAN_POINT ( 'NONE',  ( 154.1682551025084535, -0.2467337277723272160, -480.0000000000000568 ) ) ;
#3287 = ORIENTED_EDGE ( 'NONE', *, *, #883, .F. ) ;
#3288 = CARTESIAN_POINT ( 'NONE',  ( 4.365288184067848576, 10.50223539592452759, -340.0173293467527174 ) ) ;
#3289 = CARTESIAN_POINT ( 'NONE',  ( -24.25054560372911538, 12.49999999999996625, -269.3380903471853571 ) ) ;
#3290 = CARTESIAN_POINT ( 'NONE',  ( 147.0000000000000000, 0.000000000000000000, -575.0000000000000000 ) ) ;
#3291 = VERTEX_POINT ( 'NONE', #5824 ) ;
#3292 = LINE ( 'NONE', #5698, #44 ) ;
#3293 = CARTESIAN_POINT ( 'NONE',  ( 212.1905996324521766, -6.952407111235055837, -574.9999999999997726 ) ) ;
#3294 = CARTESIAN_POINT ( 'NONE',  ( -7.881677190512437647, -1.537763787583655839, -324.9999999999698161 ) ) ;
#3295 = CARTESIAN_POINT ( 'NONE',  ( 179.6758378702645302, -0.3878923695565453800, 0.000000000000000000 ) ) ;
#3296 = EDGE_CURVE ( 'NONE', #1263, #5716, #5276, .T. ) ;
#3297 = CARTESIAN_POINT ( 'NONE',  ( 39.50000000000001421, -4.129251810828030500, -318.9999999999999432 ) ) ;
#3298 = CARTESIAN_POINT ( 'NONE',  ( 178.3392285618891719, -0.1719444760661709148, 0.000000000000000000 ) ) ;
#3299 = CARTESIAN_POINT ( 'NONE',  ( 1.316199647525435390, -10.12550652466968160, -327.0806910221917860 ) ) ;
#3300 = FACE_OUTER_BOUND ( 'NONE', #3955, .T. ) ;
#3301 = CARTESIAN_POINT ( 'NONE',  ( -13.27979846606445946, -0.1109751610536481581, -480.0012383148513209 ) ) ;
#3302 = CARTESIAN_POINT ( 'NONE',  ( -15.61887957302587004, 1.179692289709566744, -250.0107702545024608 ) ) ;
#3303 = CARTESIAN_POINT ( 'NONE',  ( 2.522683554154811159, 10.12879756975025103, -325.0000000000297860 ) ) ;
#3304 = CARTESIAN_POINT ( 'NONE',  ( -49.99999999999999289, -1.110223024625156540E-13, -301.9999999999997726 ) ) ;
#3305 = EDGE_CURVE ( 'NONE', #1530, #3090, #4821, .T. ) ;
#3306 = CARTESIAN_POINT ( 'NONE',  ( 20.00000000000000000, 3.570561577078505078, -495.0000000000000000 ) ) ;
#3307 = CARTESIAN_POINT ( 'NONE',  ( 49.00001060766049221, -4.151854417021689336, -311.5000000000006253 ) ) ;
#3308 = FACE_OUTER_BOUND ( 'NONE', #1176, .T. ) ;
#3309 = CARTESIAN_POINT ( 'NONE',  ( -15.96758135678494561, 1.579076098683876772, -324.9999999999694751 ) ) ;
#3310 = ORIENTED_EDGE ( 'NONE', *, *, #1630, .F. ) ;
#3311 = ORIENTED_EDGE ( 'NONE', *, *, #2948, .T. ) ;
#3312 = CARTESIAN_POINT ( 'NONE',  ( -13.66541650057499346, 10.49282228754325885, -328.8052002032347900 ) ) ;
#3313 = CARTESIAN_POINT ( 'NONE',  ( 198.7680627745896516, -16.01120476902853795, -574.9999999999996589 ) ) ;
#3314 = ORIENTED_EDGE ( 'NONE', *, *, #1321, .F. ) ;
#3315 = CARTESIAN_POINT ( 'NONE',  ( -30.09692654640665310, 7.500000000000000888, -324.9999999999999432 ) ) ;
#3316 = DIRECTION ( 'NONE',  ( -1.000000000000000000, -0.000000000000000000, -0.000000000000000000 ) ) ;
#3317 = DIRECTION ( 'NONE',  ( -1.000000000000000000, 0.000000000000000000, 0.000000000000000000 ) ) ;
#3318 = ORIENTED_EDGE ( 'NONE', *, *, #6271, .T. ) ;
#3319 = LINE ( 'NONE', #3230, #3048 ) ;
#3320 = CARTESIAN_POINT ( 'NONE',  ( 178.3132351338299486, -0.1312712887949540053, -479.0499999999989882 ) ) ;
#3321 = EDGE_CURVE ( 'NONE', #2850, #696, #4298, .T. ) ;
#3322 = CARTESIAN_POINT ( 'NONE',  ( 10.79554098696295483, -3.394501032820347319, -339.9899831962233634 ) ) ;
#3323 = DIRECTION ( 'NONE',  ( -0.000000000000000000, 0.000000000000000000, -1.000000000000000000 ) ) ;
#3324 = CARTESIAN_POINT ( 'NONE',  ( 39.67911437448029233, -12.00000000000000000, -337.0000000000000000 ) ) ;
#3325 = ORIENTED_EDGE ( 'NONE', *, *, #3199, .T. ) ;
#3326 = CARTESIAN_POINT ( 'NONE',  ( 179.6758378702645871, -0.3878923695565487662, -480.0000000000000000 ) ) ;
#3327 = CARTESIAN_POINT ( 'NONE',  ( 68.50000000000001421, -3.961855750011070931, -321.9999999999999432 ) ) ;
#3328 = CARTESIAN_POINT ( 'NONE',  ( -1.062015348958435190, 12.49999999999996625, -324.9999999999998295 ) ) ;
#3329 = CARTESIAN_POINT ( 'NONE',  ( -10.69492350541274739, -0.8770763893079264184, -480.0000926100468632 ) ) ;
#3330 = CARTESIAN_POINT ( 'NONE',  ( -15.84929254685027367, 2.281135081985405932, -250.0296075262383795 ) ) ;
#3331 = CARTESIAN_POINT ( 'NONE',  ( -1.150713295387778778, 9.372787194177668368, -340.0188288482793837 ) ) ;
#3332 = CARTESIAN_POINT ( 'NONE',  ( 6.999999999999984013, 0.000000000000000000, -519.9999999999998863 ) ) ;
#3333 = DIRECTION ( 'NONE',  ( 0.000000000000000000, 0.000000000000000000, 1.000000000000000000 ) ) ;
#3334 = CARTESIAN_POINT ( 'NONE',  ( -15.00000000000001066, -25.00000000000000000, -575.0000000000000000 ) ) ;
#3335 = CARTESIAN_POINT ( 'NONE',  ( -23.99433850614560626, -11.39063577000310268, -324.9999999999998863 ) ) ;
#3336 = VERTEX_POINT ( 'NONE', #2309 ) ;
#3337 = ORIENTED_EDGE ( 'NONE', *, *, #4605, .T. ) ;
#3338 = CARTESIAN_POINT ( 'NONE',  ( -14.22620234454392829, 12.49999999999996625, -324.2819796466613411 ) ) ;
#3339 = LINE ( 'NONE', #4964, #257 ) ;
#3340 = ORIENTED_EDGE ( 'NONE', *, *, #4321, .F. ) ;
#3341 = CARTESIAN_POINT ( 'NONE',  ( 8.648466886007815546, 11.16216383338105267, -340.0164221942252425 ) ) ;
#3342 = CARTESIAN_POINT ( 'NONE',  ( -22.87233481311188399, 12.49999999999996625, -268.9883597911878610 ) ) ;
#3343 = LINE ( 'NONE', #5851, #3354 ) ;
#3344 = VERTEX_POINT ( 'NONE', #1436 ) ;
#3345 = CARTESIAN_POINT ( 'NONE',  ( -22.98792443605963953, -12.50000000000003553, -320.3258941393306145 ) ) ;
#3346 = CARTESIAN_POINT ( 'NONE',  ( 179.3459286415036900, -0.3675705352847246643, -479.9999999999994316 ) ) ;
#3347 = CARTESIAN_POINT ( 'NONE',  ( -5.176650322204113586, -1.979256978114253274, -325.0000000000300133 ) ) ;
#3348 = DIRECTION ( 'NONE',  ( -0.8837879163470616639, 0.4678877204190329819, -0.000000000000000000 ) ) ;
#3349 = VECTOR ( 'NONE', #4, 1000.000000000000000 ) ;
#3350 = CARTESIAN_POINT ( 'NONE',  ( -60.00000000000000000, 5.568260178313846506E-14, -289.3999999999998067 ) ) ;
#3351 = ORIENTED_EDGE ( 'NONE', *, *, #4854, .T. ) ;
#3352 = CARTESIAN_POINT ( 'NONE',  ( 38.90067155814342925, 13.40991775157285204, -480.0011568041412033 ) ) ;
#3353 = CARTESIAN_POINT ( 'NONE',  ( 210.4667835735343999, 8.373426858827537345, -575.0000000000000000 ) ) ;
#3354 = VECTOR ( 'NONE', #6173, 1000.000000000000000 ) ;
#3355 = B_SPLINE_CURVE_WITH_KNOTS ( 'NONE', 3,
 ( #2559, #2429, #6398, #2073, #4414, #1036, #4541, #4025, #6045, #6016, #3017, #1454, #3434, #5418, #2952, #91, #3993, #1974 ),
 .UNSPECIFIED., .F., .F.,
 ( 4, 2, 2, 2, 2, 2, 2, 2, 4 ),
 ( 0.007585322970261152917, 0.009565751739082171273, 0.01154618050790318790, 0.01550703804554522461, 0.01748746681436624123, 0.01946789558318726132, 0.02045810996759777484, 0.02144832435200828141, 0.02342875312082930150 ),
 .UNSPECIFIED. ) ;
#3356 = DIRECTION ( 'NONE',  ( 0.000000000000000000, 0.000000000000000000, -1.000000000000000000 ) ) ;
#3357 = CYLINDRICAL_SURFACE ( 'NONE', #5453, 20.00000000000001776 ) ;
#3358 = AXIS2_PLACEMENT_3D ( 'NONE', #5807, #4793, #5259 ) ;
#3359 = CARTESIAN_POINT ( 'NONE',  ( -15.85600927864607890, 1.515185526224570145, -265.0000000000449063 ) ) ;
#3360 = AXIS2_PLACEMENT_3D ( 'NONE', #1299, #5200, #726 ) ;
#3361 = EDGE_CURVE ( 'NONE', #204, #4098, #5336, .T. ) ;
#3362 = CARTESIAN_POINT ( 'NONE',  ( 7.123136700826913525, 26.09580966381789224, -324.9999999999998863 ) ) ;
#3363 = CARTESIAN_POINT ( 'NONE',  ( 8.680247095435388971, 11.14721710214058703, -322.3786789480589619 ) ) ;
#3364 = VECTOR ( 'NONE', #1382, 1000.000000000000000 ) ;
#3365 = LINE ( 'NONE', #1842, #3364 ) ;
#3366 = FACE_OUTER_BOUND ( 'NONE', #1850, .T. ) ;
#3367 = CARTESIAN_POINT ( 'NONE',  ( 1.364357759840075124, -10.05548223317930834, -327.1249178183471713 ) ) ;
#3368 = ADVANCED_FACE ( 'NONE', ( #2441 ), #4849, .F. ) ;
#3369 = CARTESIAN_POINT ( 'NONE',  ( -16.04999656977678058, 1.876985750387607066, -325.0000000000300133 ) ) ;
#3370 = ORIENTED_EDGE ( 'NONE', *, *, #2524, .T. ) ;
#3371 = AXIS2_PLACEMENT_3D ( 'NONE', #4599, #154, #4635 ) ;
#3372 = ORIENTED_EDGE ( 'NONE', *, *, #2971, .F. ) ;
#3373 = CARTESIAN_POINT ( 'NONE',  ( -12.25035278241909964, 10.68136967387004077, -329.1976608371996917 ) ) ;
#3374 = LINE ( 'NONE', #1006, #2122 ) ;
#3375 = ORIENTED_EDGE ( 'NONE', *, *, #5095, .F. ) ;
#3376 = DIRECTION ( 'NONE',  ( 0.000000000000000000, 0.000000000000000000, 1.000000000000000000 ) ) ;
#3377 = CARTESIAN_POINT ( 'NONE',  ( -17.88483203140174282, -12.50000000000003730, -265.2464500131991940 ) ) ;
#3378 = CARTESIAN_POINT ( 'NONE',  ( -16.37420193571945859, 10.02954779987870992, -262.0431209165510040 ) ) ;
#3379 = ORIENTED_EDGE ( 'NONE', *, *, #2976, .F. ) ;
#3380 = CARTESIAN_POINT ( 'NONE',  ( 8.648466886007815546, 11.16216383338105267, -340.0164221942252425 ) ) ;
#3381 = VERTEX_POINT ( 'NONE', #5860 ) ;
#3382 = CARTESIAN_POINT ( 'NONE',  ( -20.62839829945158598, -8.674426820417473039, -325.5793105171633215 ) ) ;
#3383 = CARTESIAN_POINT ( 'NONE',  ( 210.4307770381827254, -8.396934550399821617, -575.0000000000000000 ) ) ;
#3384 = CARTESIAN_POINT ( 'NONE',  ( -14.11363294347032138, 0.1728970531784634612, -324.9999999999923830 ) ) ;
#3385 = ADVANCED_FACE ( 'NONE', ( #3415 ), #5400, .F. ) ;
#3386 = DIRECTION ( 'NONE',  ( 0.000000000000000000, 0.000000000000000000, 1.000000000000000000 ) ) ;
#3387 = ORIENTED_EDGE ( 'NONE', *, *, #867, .F. ) ;
#3388 = CARTESIAN_POINT ( 'NONE',  ( 39.67911437448025680, -2.000000000000000000, -575.0000000000000000 ) ) ;
#3389 = UNCERTAINTY_MEASURE_WITH_UNIT (LENGTH_MEASURE( 1.000000000000000082E-05 ), #2035, 'distance_accuracy_value', 'NONE');
#3390 = CARTESIAN_POINT ( 'NONE',  ( -18.17999863082248879, -9.014775715454808491, -264.1536907547519490 ) ) ;
#3391 = CARTESIAN_POINT ( 'NONE',  ( 16.10636867337896305, -3.546666324617253618, -479.9999999999999432 ) ) ;
#3392 = CARTESIAN_POINT ( 'NONE',  ( 179.6758406867323004, -0.3879661776884230084, -180.0000000000000000 ) ) ;
#3393 = CARTESIAN_POINT ( 'NONE',  ( -13.17808391090418318, -0.2026838390051126926, -265.0000000000149498 ) ) ;
#3394 = CARTESIAN_POINT ( 'NONE',  ( 173.3471052529941687, -0.1064731620283199537, 0.000000000000000000 ) ) ;
#3395 = DIRECTION ( 'NONE',  ( 0.0003152316849379784231, 0.000000000000000000, -0.9999999503144911817 ) ) ;
#3396 = CARTESIAN_POINT ( 'NONE',  ( 163.0000000000000000, 9.797174393178841435E-16, -519.9999999999998863 ) ) ;
#3397 = CARTESIAN_POINT ( 'NONE',  ( 1.361394951792457064, 11.91892173845491243, -332.5688694895810613 ) ) ;
#3398 = CARTESIAN_POINT ( 'NONE',  ( 7.414066056432163876, 10.89135924921355070, -250.0167049049674688 ) ) ;
#3399 = CARTESIAN_POINT ( 'NONE',  ( -16.00297353268502221, 2.367804811909055562, -340.0295590837785653 ) ) ;
#3400 = ORIENTED_EDGE ( 'NONE', *, *, #3450, .F. ) ;
#3401 = B_SPLINE_CURVE_WITH_KNOTS ( 'NONE', 3,
 ( #403, #4217, #2803, #3237, #283, #4786 ),
 .UNSPECIFIED., .F., .F.,
 ( 4, 1, 1, 4 ),
 ( 0.000000000000000000, 0.005796888215229349141, 0.01578189176520176235, 0.01750090068588337766 ),
 .UNSPECIFIED. ) ;
#3402 = CARTESIAN_POINT ( 'NONE',  ( 137.6758406867323004, -0.9003146389657095128, -434.0000000000000000 ) ) ;
#3403 = EDGE_CURVE ( 'NONE', #401, #4653, #955, .T. ) ;
#3404 = VERTEX_POINT ( 'NONE', #1406 ) ;
#3405 = CARTESIAN_POINT ( 'NONE',  ( -22.42232981843546114, 8.783832591613993657, -326.2841365914266589 ) ) ;
#3406 = CARTESIAN_POINT ( 'NONE',  ( -8.129071189565205913, -12.50000000000003553, -267.7933149556259309 ) ) ;
#3407 = CARTESIAN_POINT ( 'NONE',  ( -27.84268501546900154, 16.61535884097120075, -574.9999999999993179 ) ) ;
#3408 = CARTESIAN_POINT ( 'NONE',  ( 163.0000000000000000, 9.797174393178845379E-16, -575.0000000000000000 ) ) ;
#3409 = ORIENTED_EDGE ( 'NONE', *, *, #1727, .T. ) ;
#3410 = LINE ( 'NONE', #5394, #5019 ) ;
#3411 = VERTEX_POINT ( 'NONE', #3295 ) ;
#3412 = CARTESIAN_POINT ( 'NONE',  ( -8.781893026675959391, -12.50000000000003553, -322.1218122181382455 ) ) ;
#3413 = CARTESIAN_POINT ( 'NONE',  ( 179.6760783182056684, -0.3900593118512440949, -480.0000000000000568 ) ) ;
#3414 = CARTESIAN_POINT ( 'NONE',  ( -13.32084583201677042, -0.1315080909648620733, -339.9963440770849274 ) ) ;
#3415 = FACE_OUTER_BOUND ( 'NONE', #2345, .T. ) ;
#3416 = CARTESIAN_POINT ( 'NONE',  ( -31.05810764189340034, 3.010070716809065239, -324.9999999999998863 ) ) ;
#3417 = VERTEX_POINT ( 'NONE', #2401 ) ;
#3418 = CARTESIAN_POINT ( 'NONE',  ( 39.67911437448025680, -12.00000000000000000, -575.0000000000000000 ) ) ;
#3419 = CARTESIAN_POINT ( 'NONE',  ( 0.8495924460846751014, 12.11362156842224280, -274.9994027414450102 ) ) ;
#3420 = PRODUCT_RELATED_PRODUCT_CATEGORY ( 'part', '', ( #4218 ) ) ;
#3421 = CARTESIAN_POINT ( 'NONE',  ( -1.513449631956729879, -2.220467633040770217, -479.0499999999990450 ) ) ;
#3422 = CARTESIAN_POINT ( 'NONE',  ( -13.40917907490611505, -0.1173181950165274740, -264.9999999999922693 ) ) ;
#3423 = CARTESIAN_POINT ( 'NONE',  ( 132.5178590543056885, -1.139565915285356335, -480.0000000000000000 ) ) ;
#3424 = B_SPLINE_CURVE_WITH_KNOTS ( 'NONE', 3,
 ( #5010, #4038, #5630, #2543, #6028, #5534, #3065, #2084, #1175, #2600 ),
 .UNSPECIFIED., .F., .F.,
 ( 4, 3, 3, 4 ),
 ( 0.004799101178197856706, 0.03536339977530406076, 0.09158171329864669974, 0.1478000268220078794 ),
 .UNSPECIFIED. ) ;
#3425 =( NAMED_UNIT ( * ) PLANE_ANGLE_UNIT ( ) SI_UNIT ( $, .RADIAN. ) );
#3426 = B_SPLINE_CURVE_WITH_KNOTS ( 'NONE', 3,
 ( #4957, #998, #4082, #1057, #3037, #3593, #13, #5974, #4049, #6037, #3455, #1578 ),
 .UNSPECIFIED., .F., .F.,
 ( 4, 1, 1, 1, 1, 1, 1, 1, 1, 4 ),
 ( 0.000000000000000000, 0.003936851576464910421, 0.01218525200947932069, 0.01964497281065240991, 0.02619575742094786691, 0.03172747614326759669, 0.03614577410154255765, 0.03937735753617156026, 0.04135415921470667749, 0.04202012918409581826 ),
 .UNSPECIFIED. ) ;
#3427 = DIRECTION ( 'NONE',  ( -0.9999999503144911817, 0.000000000000000000, -0.0003152316849330816240 ) ) ;
#3428 = DIRECTION ( 'NONE',  ( -0.000000000000000000, -0.000000000000000000, -1.000000000000000000 ) ) ;
#3429 = DIRECTION ( 'NONE',  ( 1.000000000000000000, -0.000000000000000000, -0.000000000000000000 ) ) ;
#3430 = CARTESIAN_POINT ( 'NONE',  ( -3.678968034761434858, 8.622434673937398486, -250.0197301755295314 ) ) ;
#3431 = CARTESIAN_POINT ( 'NONE',  ( -15.98536181215240859, 2.412966609201337320, -340.0296640002347885 ) ) ;
#3432 = ORIENTED_EDGE ( 'NONE', *, *, #4277, .T. ) ;
#3433 = CARTESIAN_POINT ( 'NONE',  ( 178.3344073857441003, -0.1684082135684197012, -433.9999999999999432 ) ) ;
#3434 = CARTESIAN_POINT ( 'NONE',  ( -30.73840460335183522, 4.316221965095857982, -264.9999999999998863 ) ) ;
#3435 = DIRECTION ( 'NONE',  ( -1.000000000000000000, 0.000000000000000000, 0.000000000000000000 ) ) ;
#3436 = CARTESIAN_POINT ( 'NONE',  ( -12.81333723345890974, -0.4500714423084946070, 0.000000000000000000 ) ) ;
#3437 = CARTESIAN_POINT ( 'NONE',  ( 0.4893858881576914621, 11.72470463598076584, -257.5817709501981199 ) ) ;
#3438 = ORIENTED_EDGE ( 'NONE', *, *, #4557, .F. ) ;
#3439 = LINE ( 'NONE', #4844, #6067 ) ;
#3440 = EDGE_CURVE ( 'NONE', #3336, #1788, #5237, .T. ) ;
#3441 = VERTEX_POINT ( 'NONE', #3939 ) ;
#3442 = CARTESIAN_POINT ( 'NONE',  ( -6.538292054929484287, -12.49999999999949551, -325.3463216187079752 ) ) ;
#3443 = CARTESIAN_POINT ( 'NONE',  ( 179.3417434143732123, -0.3097243785689433038, -479.0499999999995566 ) ) ;
#3444 = CARTESIAN_POINT ( 'NONE',  ( -14.01554683202876994, 0.1315760319189201721, -324.9999999999923261 ) ) ;
#3445 = CARTESIAN_POINT ( 'NONE',  ( 19.43461473771418113, 12.07865143525630103, 0.000000000000000000 ) ) ;
#3446 = CARTESIAN_POINT ( 'NONE',  ( 37.04117432220310491, -4.106733425383977121, -326.9867378475804003 ) ) ;
#3447 = ORIENTED_EDGE ( 'NONE', *, *, #614, .F. ) ;
#3448 = CARTESIAN_POINT ( 'NONE',  ( 73.62665771682030424, -3.872141502111522637, -319.0000000000000568 ) ) ;
#3449 = PRODUCT_DEFINITION_CONTEXT ( 'detailed design', #477, 'design' ) ;
#3450 = EDGE_CURVE ( 'NONE', #1846, #2773, #3027, .T. ) ;
#3451 = CARTESIAN_POINT ( 'NONE',  ( 74.00000000000001421, -3.864743240294600479, -319.0000000000000568 ) ) ;
#3452 = CARTESIAN_POINT ( 'NONE',  ( -12.28672302998500854, -0.4338994449518224217, -479.9999999999999432 ) ) ;
#3453 = CARTESIAN_POINT ( 'NONE',  ( -20.56604851501070286, -13.38140707016039954, -264.9999999999998863 ) ) ;
#3454 = CARTESIAN_POINT ( 'NONE',  ( 123.1453733656561980, -1.656549293977525705, -484.8000000000000114 ) ) ;
#3455 = CARTESIAN_POINT ( 'NONE',  ( 179.6754765104167291, -0.3986892675386223273, -434.0000000000000000 ) ) ;
#3456 = DIRECTION ( 'NONE',  ( 0.9712553830651375897, 0.2380398724310545111, 0.000000000000000000 ) ) ;
#3457 = CARTESIAN_POINT ( 'NONE',  ( 139.9999999999999716, 16.00000000000000000, -575.0000000000000000 ) ) ;
#3458 = VECTOR ( 'NONE', #824, 1000.000000000000000 ) ;
#3459 = AXIS2_PLACEMENT_3D ( 'NONE', #5341, #6287, #1315 ) ;
#3460 = CARTESIAN_POINT ( 'NONE',  ( -1.061686449984364566, 12.49999999999996625, -326.0433562786218431 ) ) ;
#3461 = CARTESIAN_POINT ( 'NONE',  ( 168.0000000000000000, -14.17819011039158106, -549.9999999999998863 ) ) ;
#3462 = CARTESIAN_POINT ( 'NONE',  ( -1.046395494031453266, 9.300231280818845647, -265.0000000000299565 ) ) ;
#3463 = EDGE_CURVE ( 'NONE', #3411, #3441, #1336, .T. ) ;
#3464 = CARTESIAN_POINT ( 'NONE',  ( -15.56521040552277846, 3.022277117720383099, -324.9999999999998295 ) ) ;
#3465 = ORIENTED_EDGE ( 'NONE', *, *, #5203, .T. ) ;
#3466 = EDGE_LOOP ( 'NONE', ( #5085, #5306, #4685, #1661 ) ) ;
#3467 = CIRCLE ( 'NONE', #777, 1.400000000000012346 ) ;
#3468 = DIRECTION ( 'NONE',  ( 0.000000000000000000, 0.000000000000000000, -1.000000000000000000 ) ) ;
#3469 = VECTOR ( 'NONE', #1102, 1000.000000000000000 ) ;
#3470 = CARTESIAN_POINT ( 'NONE',  ( 8.810176896633272747, 11.08524030352064571, -249.4764251972617046 ) ) ;
#3471 = CARTESIAN_POINT ( 'NONE',  ( -0.2598639100594662410, -12.50000000000003375, -327.3699921709619503 ) ) ;
#3472 = AXIS2_PLACEMENT_3D ( 'NONE', #3787, #2315, #3356 ) ;
#3473 = CARTESIAN_POINT ( 'NONE',  ( 9.788109984246043282, -3.259979184930926088, -484.8000000000000114 ) ) ;
#3474 = CARTESIAN_POINT ( 'NONE',  ( 50.00000000000000000, 3.000000000000000000, -338.9999999999999432 ) ) ;
#3475 = ORIENTED_EDGE ( 'NONE', *, *, #1973, .F. ) ;
#3476 = CARTESIAN_POINT ( 'NONE',  ( 13.40267669910129378, -3.534426120417845762, -316.9999999999999432 ) ) ;
#3477 = ORIENTED_EDGE ( 'NONE', *, *, #4640, .T. ) ;
#3478 = CARTESIAN_POINT ( 'NONE',  ( -17.13024901791510146, -9.132515956117259748, -325.9435598448442875 ) ) ;
#3479 = CARTESIAN_POINT ( 'NONE',  ( 179.2900914378924426, -0.3071950035598466355, -479.0500000000013756 ) ) ;
#3480 = CARTESIAN_POINT ( 'NONE',  ( -22.86422485413725525, -12.15291927441276876, -324.9999999999998863 ) ) ;
#3481 = AXIS2_PLACEMENT_3D ( 'NONE', #4152, #5676, #713 ) ;
#3482 = EDGE_CURVE ( 'NONE', #181, #4872, #2185, .T. ) ;
#3483 = EDGE_LOOP ( 'NONE', ( #3370, #977, #5235, #1562 ) ) ;
#3484 = CARTESIAN_POINT ( 'NONE',  ( 145.6762342485817783, 5.169712634065352752, 0.000000000000000000 ) ) ;
#3485 = AXIS2_PLACEMENT_3D ( 'NONE', #2303, #3316, #4806 ) ;
#3486 = CARTESIAN_POINT ( 'NONE',  ( 34.28614897114614024, -4.081378075610745171, -323.3230224421881189 ) ) ;
#3487 = ORIENTED_EDGE ( 'NONE', *, *, #5532, .T. ) ;
#3488 = CARTESIAN_POINT ( 'NONE',  ( 45.00000000000001421, -4.136851105625146907, -338.9999999999999432 ) ) ;
#3489 = CARTESIAN_POINT ( 'NONE',  ( 157.7012001081882886, 3.348205529326611529, -479.0500000000000114 ) ) ;
#3490 = ADVANCED_FACE ( 'NONE', ( #1141 ), #3676, .F. ) ;
#3491 = CARTESIAN_POINT ( 'NONE',  ( -13.79442234399982325, 0.2327277930764771741, -479.0500000000017735 ) ) ;
#3492 = CARTESIAN_POINT ( 'NONE',  ( -14.14581602914278058, 0.1772703790036779525, -249.9985100526575934 ) ) ;
#3493 = CARTESIAN_POINT ( 'NONE',  ( 93.24432242974619101, -3.277637667062963445, -484.8000000000000114 ) ) ;
#3494 = CARTESIAN_POINT ( 'NONE',  ( -14.72020482152386123, 10.34182844109074928, -328.5090498458507113 ) ) ;
#3495 = LINE ( 'NONE', #640, #2628 ) ;
#3496 = DIRECTION ( 'NONE',  ( 0.4358447385279684005, 0.1740776644602881340, -0.8830268006315200591 ) ) ;
#3497 = CARTESIAN_POINT ( 'NONE',  ( -49.99999999999999289, 6.999999999999926281, -294.9999999999999432 ) ) ;
#3498 = CARTESIAN_POINT ( 'NONE',  ( 1.686159746168428786, 11.78872327819362198, -257.2762430767535307 ) ) ;
#3499 = CARTESIAN_POINT ( 'NONE',  ( -4.958458601643519259, 8.281022845620974238, -264.9999999999998863 ) ) ;
#3500 = CARTESIAN_POINT ( 'NONE',  ( -15.82006211612025481, 2.667202469587989899, -324.9999999999999432 ) ) ;
#3501 = EDGE_LOOP ( 'NONE', ( #1237, #2457, #4377, #2594 ) ) ;
#3502 = CARTESIAN_POINT ( 'NONE',  ( 1.999999999999974021, -14.17819011039155441, -549.9999999999998863 ) ) ;
#3503 = EDGE_CURVE ( 'NONE', #181, #784, #5771, .T. ) ;
#3504 = EDGE_CURVE ( 'NONE', #1721, #3514, #2246, .T. ) ;
#3505 = DIRECTION ( 'NONE',  ( -1.000000000000000000, 0.000000000000000000, -0.000000000000000000 ) ) ;
#3506 = CARTESIAN_POINT ( 'NONE',  ( -12.19375690141080604, -12.50000000000003375, -264.9311512421948578 ) ) ;
#3507 = CARTESIAN_POINT ( 'NONE',  ( 42.98560353484973717, -4.062763606046155829, -480.0000000000000000 ) ) ;
#3508 = CARTESIAN_POINT ( 'NONE',  ( -3.010110326880402809, 11.50267494684558223, -258.4762039440686863 ) ) ;
#3509 = ORIENTED_EDGE ( 'NONE', *, *, #6250, .T. ) ;
#3510 = FACE_OUTER_BOUND ( 'NONE', #4875, .T. ) ;
#3511 = VERTEX_POINT ( 'NONE', #4582 ) ;
#3512 = CARTESIAN_POINT ( 'NONE',  ( -27.37484671275067427, 12.49999999999996625, -269.8926136297627068 ) ) ;
#3513 = CARTESIAN_POINT ( 'NONE',  ( 209.4092543137032578, -9.063859065813661076, -575.0000000000000000 ) ) ;
#3514 = VERTEX_POINT ( 'NONE', #5628 ) ;
#3515 = CARTESIAN_POINT ( 'NONE',  ( 24.08567431102246559, -3.899788964987813245, -325.8727821243059566 ) ) ;
#3516 = CARTESIAN_POINT ( 'NONE',  ( 12.01913607093375624, -3.688239005561402717, -252.3692317481242640 ) ) ;
#3517 = CARTESIAN_POINT ( 'NONE',  ( -49.99999999999999289, -1.110223024625156540E-13, -301.9999999999997726 ) ) ;
#3518 = ORIENTED_EDGE ( 'NONE', *, *, #1531, .F. ) ;
#3519 = CARTESIAN_POINT ( 'NONE',  ( 84.99999999999997158, -24.99999999999999289, -575.0000000000000000 ) ) ;
#3520 = EDGE_CURVE ( 'NONE', #1688, #6316, #4613, .T. ) ;
#3521 = CARTESIAN_POINT ( 'NONE',  ( -27.85534655193038844, -7.500000000000158096, -264.9999999999998295 ) ) ;
#3522 = CARTESIAN_POINT ( 'NONE',  ( -41.34503197623291015, -7.749557112849516649, -575.0000000000000000 ) ) ;
#3523 = CARTESIAN_POINT ( 'NONE',  ( -14.81409623529793862, 0.5282366439555050697, -250.0023395053329125 ) ) ;
#3524 = CARTESIAN_POINT ( 'NONE',  ( 176.8272708794122536, -0.2333735326913851937, 0.000000000000000000 ) ) ;
#3525 = CARTESIAN_POINT ( 'NONE',  ( -21.20726620390872341, 12.49999999999996625, -325.5054091287526035 ) ) ;
#3526 = ADVANCED_FACE ( 'NONE', ( #3196 ), #4531, .F. ) ;
#3527 = CARTESIAN_POINT ( 'NONE',  ( 33.67911437448025680, -4.061874995434449964, -343.0000000000000000 ) ) ;
#3528 = DIRECTION ( 'NONE',  ( 0.000000000000000000, 0.000000000000000000, 1.000000000000000000 ) ) ;
#3529 = CARTESIAN_POINT ( 'NONE',  ( -49.99999999999999289, 6.999999999999926281, -293.5999999999999091 ) ) ;
#3530 = CARTESIAN_POINT ( 'NONE',  ( 14.37860870813354452, -3.577309666831136159, -316.9999999999998295 ) ) ;
#3531 = CARTESIAN_POINT ( 'NONE',  ( -10.60385899427148715, 6.260102601893091645, -265.0000000000301270 ) ) ;
#3532 = CARTESIAN_POINT ( 'NONE',  ( -27.67368258060462693, 11.93291012501560466, -324.9999999999998863 ) ) ;
#3533 = CARTESIAN_POINT ( 'NONE',  ( 178.2644603043168559, -0.2674441249738635507, 0.000000000000000000 ) ) ;
#3534 = CARTESIAN_POINT ( 'NONE',  ( 84.99999999999998579, 24.99999999999999289, -575.0000000000000000 ) ) ;
#3535 = DIRECTION ( 'NONE',  ( -0.9602561488514259613, -0.2791202762126536729, 0.000000000000000000 ) ) ;
#3536 = CARTESIAN_POINT ( 'NONE',  ( 62.00000000000000000, 8.000000000000000000, -4.000000000000000000 ) ) ;
#3537 = CARTESIAN_POINT ( 'NONE',  ( -12.01137987830478338, 6.041493131970022468, -484.8000000000000114 ) ) ;
#3538 = CARTESIAN_POINT ( 'NONE',  ( -11.44910284732613803, 10.74255725963359609, -260.6851042209860339 ) ) ;
#3539 = EDGE_LOOP ( 'NONE', ( #1343, #4001, #416, #3200, #1722, #2245 ) ) ;
#3540 = PLANE ( 'NONE',  #2416 ) ;
#3541 = EDGE_LOOP ( 'NONE', ( #911, #128, #228, #6397 ) ) ;
#3542 = CARTESIAN_POINT ( 'NONE',  ( -10.65889620171638086, 12.49999999999996803, -325.6853571593526340 ) ) ;
#3543 = CARTESIAN_POINT ( 'NONE',  ( 178.0090199920024361, -0.2664379820994662307, -479.9999999999995453 ) ) ;
#3544 = EDGE_LOOP ( 'NONE', ( #1534, #5624, #451, #5363 ) ) ;
#3545 = CARTESIAN_POINT ( 'NONE',  ( -15.00000000000001066, -25.00000000000000000, -575.0000000000000000 ) ) ;
#3546 = DIRECTION ( 'NONE',  ( 0.000000000000000000, 0.000000000000000000, 1.000000000000000000 ) ) ;
#3547 = DIRECTION ( 'NONE',  ( 0.000000000000000000, 0.000000000000000000, -1.000000000000000000 ) ) ;
#3548 = ORIENTED_EDGE ( 'NONE', *, *, #4248, .T. ) ;
#3549 = CARTESIAN_POINT ( 'NONE',  ( 69.11259013795742590, -3.882000597524473573, -479.9999999999996021 ) ) ;
#3550 = CARTESIAN_POINT ( 'NONE',  ( 173.8319956416878824, 0.7462169572244745641, -479.0499999999984766 ) ) ;
#3551 = CARTESIAN_POINT ( 'NONE',  ( -3.244505362387923419, 8.965145144678542621, -479.0500000000001819 ) ) ;
#3552 = CARTESIAN_POINT ( 'NONE',  ( 10.78689079698182063, -3.444133716649746102, -264.9999999999398028 ) ) ;
#3553 = CARTESIAN_POINT ( 'NONE',  ( -12.81333723345890974, -0.4500714423084946070, 0.000000000000000000 ) ) ;
#3554 = CARTESIAN_POINT ( 'NONE',  ( 1.348165009188283303, 12.49999999999996625, -330.0700580625746170 ) ) ;
#3555 = CYLINDRICAL_SURFACE ( 'NONE', #869, 5.000000000000004441 ) ;
#3556 = CYLINDRICAL_SURFACE ( 'NONE', #5770, 3.149999999999999911 ) ;
#3557 = EDGE_CURVE ( 'NONE', #5718, #1136, #4682, .T. ) ;
#3558 = DIRECTION ( 'NONE',  ( 0.000000000000000000, 0.000000000000000000, 1.000000000000000000 ) ) ;
#3559 = CARTESIAN_POINT ( 'NONE',  ( -1.080833453239035569, 12.49999999999996625, -264.9999999999998863 ) ) ;
#3560 = VECTOR ( 'NONE', #2582, 1000.000000000000000 ) ;
#3561 = CARTESIAN_POINT ( 'NONE',  ( -8.510338466490345866, 7.116615130364920105, -264.9999999999998863 ) ) ;
#3562 = CARTESIAN_POINT ( 'NONE',  ( -6.732739014835840585, 7.846290399550540862, -340.0209000457016941 ) ) ;
#3563 = CARTESIAN_POINT ( 'NONE',  ( 72.75170155685698603, -3.823805686934859782, -480.0000000000000000 ) ) ;
#3564 = DIRECTION ( 'NONE',  ( 0.000000000000000000, 0.000000000000000000, 1.000000000000000000 ) ) ;
#3565 = VECTOR ( 'NONE', #5447, 1000.000000000000227 ) ;
#3566 = ADVANCED_FACE ( 'NONE', ( #4650 ), #758, .T. ) ;
#3567 = CARTESIAN_POINT ( 'NONE',  ( 68.50000000000022737, 3.000000000000000000, -304.0000000000006821 ) ) ;
#3568 = CARTESIAN_POINT ( 'NONE',  ( -60.00000000000000000, 5.551115123125782702E-14, -287.9999999999998295 ) ) ;
#3569 = CARTESIAN_POINT ( 'NONE',  ( 17.80811955274250025, -3.945346200937884351, 0.000000000000000000 ) ) ;
#3570 = CARTESIAN_POINT ( 'NONE',  ( -8.086274641461548285, 12.49999999999996625, -263.4927601359735263 ) ) ;
#3571 = ORIENTED_EDGE ( 'NONE', *, *, #2823, .T. ) ;
#3572 = CIRCLE ( 'NONE', #2226, 3.149999999999999911 ) ;
#3573 = VECTOR ( 'NONE', #2168, 1000.000000000000000 ) ;
#3574 = ORIENTED_EDGE ( 'NONE', *, *, #3081, .T. ) ;
#3575 = CARTESIAN_POINT ( 'NONE',  ( -17.68922225969169659, 12.49999999999996447, -267.2103133729593765 ) ) ;
#3576 = CARTESIAN_POINT ( 'NONE',  ( 175.6164215845089700, -0.08654355729951791754, -479.0499999999995566 ) ) ;
#3577 = VECTOR ( 'NONE', #3846, 1000.000000000000000 ) ;
#3578 = VERTEX_POINT ( 'NONE', #5105 ) ;
#3579 = DIRECTION ( 'NONE',  ( 1.000000000000000000, 0.000000000000000000, 0.000000000000000000 ) ) ;
#3580 = CARTESIAN_POINT ( 'NONE',  ( 137.6758406867323004, 6.266983400014570549, -180.0000000000000000 ) ) ;
#3581 = CARTESIAN_POINT ( 'NONE',  ( 20.00000000000000000, 3.570561577078505078, -495.0000000000000000 ) ) ;
#3582 = VERTEX_POINT ( 'NONE', #5139 ) ;
#3583 = CARTESIAN_POINT ( 'NONE',  ( 128.2831129226374003, -1.369688675292101143, -480.0000000000005684 ) ) ;
#3584 = AXIS2_PLACEMENT_3D ( 'NONE', #1047, #3546, #5009 ) ;
#3585 = CARTESIAN_POINT ( 'NONE',  ( 214.6953888721441501, -2.473397829420842964, -574.9999999999997726 ) ) ;
#3586 = CARTESIAN_POINT ( 'NONE',  ( 74.00000000000001421, -7.000000000000000000, -322.0000000000000568 ) ) ;
#3587 = AXIS2_PLACEMENT_3D ( 'NONE', #3642, #4260, #3227 ) ;
#3588 = CARTESIAN_POINT ( 'NONE',  ( -44.88355684438454318, -1.530395659288215526, -575.0000000000005684 ) ) ;
#3589 = CARTESIAN_POINT ( 'NONE',  ( -0.8054332473711395268, -17.64603603579756452, -264.9999999999998863 ) ) ;
#3590 = ORIENTED_EDGE ( 'NONE', *, *, #2236, .T. ) ;
#3591 = CARTESIAN_POINT ( 'NONE',  ( -15.46889082147253447, 1.231787137295091705, 0.000000000000000000 ) ) ;
#3592 = CARTESIAN_POINT ( 'NONE',  ( -5.169012591900928655, 11.37580836994422384, -331.0878306757277301 ) ) ;
#3593 = CARTESIAN_POINT ( 'NONE',  ( 163.5051028208737591, -0.05314773148221843546, -434.0000000000000000 ) ) ;
#3594 = CARTESIAN_POINT ( 'NONE',  ( 45.00000000000001421, 3.000000000000000000, -338.9999999999999432 ) ) ;
#3595 = DIRECTION ( 'NONE',  ( -0.000000000000000000, -0.000000000000000000, -1.000000000000000000 ) ) ;
#3596 = CARTESIAN_POINT ( 'NONE',  ( -60.00000000000000000, 0.000000000000000000, 0.000000000000000000 ) ) ;
#3597 = CARTESIAN_POINT ( 'NONE',  ( -21.55523082296924642, 17.33153328803710380, -264.9999999999999432 ) ) ;
#3598 = CARTESIAN_POINT ( 'NONE',  ( -12.54646010145390100, 5.399298643747797222, -324.9999999999998295 ) ) ;
#3599 = CARTESIAN_POINT ( 'NONE',  ( 42.98560353484973717, -4.062763606046155829, -480.0000000000000000 ) ) ;
#3600 = CARTESIAN_POINT ( 'NONE',  ( -16.49888900451346174, -12.50000000000003553, -321.2616472719940930 ) ) ;
#3601 = CARTESIAN_POINT ( 'NONE',  ( -20.64348897763510848, 9.138426887784135033, -263.2739771166509968 ) ) ;
#3602 = DIRECTION ( 'NONE',  ( 0.000000000000000000, 0.000000000000000000, -1.000000000000000000 ) ) ;
#3603 = CARTESIAN_POINT ( 'NONE',  ( 152.8777389314730044, 4.216695317289156364, -484.8000000000000114 ) ) ;
#3604 = DIRECTION ( 'NONE',  ( 1.000000000000000000, -9.758616282549149858E-16, 0.000000000000000000 ) ) ;
#3605 = ORIENTED_EDGE ( 'NONE', *, *, #3967, .F. ) ;
#3606 = EDGE_LOOP ( 'NONE', ( #76, #1560, #5209, #2544 ) ) ;
#3607 = DIRECTION ( 'NONE',  ( 0.000000000000000000, 0.000000000000000000, -1.000000000000000000 ) ) ;
#3608 = ADVANCED_FACE ( 'NONE', ( #697 ), #6190, .F. ) ;
#3609 = CARTESIAN_POINT ( 'NONE',  ( 178.3910691450531374, -0.2899893182105904299, -479.9999999999997726 ) ) ;
#3610 = ORIENTED_EDGE ( 'NONE', *, *, #1531, .T. ) ;
#3611 = CARTESIAN_POINT ( 'NONE',  ( 14.38036213204368252, -3.573381496663068813, -323.0122974911442384 ) ) ;
#3612 = CARTESIAN_POINT ( 'NONE',  ( 14.38530708368486444, -3.562290411282508007, -339.9900196506288239 ) ) ;
#3613 = CARTESIAN_POINT ( 'NONE',  ( 134.6501005687463817, -1.030232543287131319, -479.9998435452781109 ) ) ;
#3614 = EDGE_LOOP ( 'NONE', ( #3651, #4078, #2126, #3058, #1855, #2597, #3761 ) ) ;
#3615 = CARTESIAN_POINT ( 'NONE',  ( 150.5245015304657841, -0.09601400276846612514, -479.0499999999999545 ) ) ;
#3616 = CARTESIAN_POINT ( 'NONE',  ( 175.7095547197117753, 0.3870991804129227942, -479.0499999999992724 ) ) ;
#3617 = DIRECTION ( 'NONE',  ( -0.000000000000000000, -0.000000000000000000, -1.000000000000000000 ) ) ;
#3618 = CARTESIAN_POINT ( 'NONE',  ( -44.70375424309477808, -2.421412867268800007, -575.0000000000004547 ) ) ;
#3619 = CARTESIAN_POINT ( 'NONE',  ( -4.038572646943618061, -17.30080243177058463, -264.9999999999998863 ) ) ;
#3620 = ORIENTED_EDGE ( 'NONE', *, *, #3182, .F. ) ;
#3621 = CARTESIAN_POINT ( 'NONE',  ( 43.25600425958946005, 13.47478158335125187, -480.0000000000000000 ) ) ;
#3622 = CARTESIAN_POINT ( 'NONE',  ( 175.3468829731698406, -0.1712982418275806329, -480.0008248033897758 ) ) ;
#3623 = CARTESIAN_POINT ( 'NONE',  ( -8.664604252239261228, -16.60793156228031364, -324.9999999999998863 ) ) ;
#3624 = EDGE_CURVE ( 'NONE', #4845, #456, #1707, .T. ) ;
#3625 = CARTESIAN_POINT ( 'NONE',  ( -60.00000000000000000, -12.50000000000003553, -319.9999999999998863 ) ) ;
#3626 = FACE_OUTER_BOUND ( 'NONE', #3248, .T. ) ;
#3627 = CARTESIAN_POINT ( 'NONE',  ( -22.45561050771672740, 16.71976510433514562, -264.9999999999999432 ) ) ;
#3628 = CARTESIAN_POINT ( 'NONE',  ( -14.11951982899810965, 4.430234624426555357, -340.0267091669297201 ) ) ;
#3629 = CARTESIAN_POINT ( 'NONE',  ( 103.3986741165323764, -2.793519941547650376, -484.8000000000000114 ) ) ;
#3630 = CARTESIAN_POINT ( 'NONE',  ( 0.8390339210976590634, 12.12479953466321092, -327.3007649086869719 ) ) ;
#3631 = CARTESIAN_POINT ( 'NONE',  ( -21.28862389084970630, 8.992027941403446079, -263.4627042305644977 ) ) ;
#3632 = CARTESIAN_POINT ( 'NONE',  ( -60.00000000000000000, -12.50000000000003553, -269.9999999999998863 ) ) ;
#3633 = CARTESIAN_POINT ( 'NONE',  ( 177.0158213435556149, 0.1355424180607971429, 0.000000000000000000 ) ) ;
#3634 = CARTESIAN_POINT ( 'NONE',  ( -60.00000000000000000, -7.500000000000034639, -264.9999999999998863 ) ) ;
#3635 = EDGE_LOOP ( 'NONE', ( #2504, #5228 ) ) ;
#3636 = ORIENTED_EDGE ( 'NONE', *, *, #400, .T. ) ;
#3637 = CARTESIAN_POINT ( 'NONE',  ( -60.00000000000000000, -7.000000000000047073, -293.5999999999998522 ) ) ;
#3638 = CARTESIAN_POINT ( 'NONE',  ( 208.7348289681117421, -9.504173104858292476, -575.0000000000000000 ) ) ;
#3639 = VERTEX_POINT ( 'NONE', #1241 ) ;
#3640 = DIRECTION ( 'NONE',  ( 1.000000000000000000, 0.000000000000000000, 0.000000000000000000 ) ) ;
#3641 = EDGE_CURVE ( 'NONE', #2678, #941, #5206, .T. ) ;
#3642 = CARTESIAN_POINT ( 'NONE',  ( 139.9999999999999716, 16.00000000000000000, -549.9999999999998863 ) ) ;
#3643 = CARTESIAN_POINT ( 'NONE',  ( 49.18355170422545086, -4.062379689805355021, -480.0004255242108684 ) ) ;
#3644 = ORIENTED_EDGE ( 'NONE', *, *, #3112, .T. ) ;
#3645 = CARTESIAN_POINT ( 'NONE',  ( 72.49999999999995737, -24.99999999999999289, -575.0000000000000000 ) ) ;
#3646 = CARTESIAN_POINT ( 'NONE',  ( 166.8609863836864520, 1.950962366274354487, -479.0500000000001819 ) ) ;
#3647 = CARTESIAN_POINT ( 'NONE',  ( -14.93546890101329794, 0.6045609135814913326, -250.0032461434391564 ) ) ;
#3648 = CARTESIAN_POINT ( 'NONE',  ( -15.59681141231939350, 3.139468322356161689, -479.0499999999991587 ) ) ;
#3649 = EDGE_CURVE ( 'NONE', #3030, #2181, #6124, .T. ) ;
#3650 = CARTESIAN_POINT ( 'NONE',  ( -9.401460147146435631, -16.53903429681022175, -264.9999999999997726 ) ) ;
#3651 = ORIENTED_EDGE ( 'NONE', *, *, #1840, .F. ) ;
#3652 = CARTESIAN_POINT ( 'NONE',  ( -12.01137987830478338, 6.041493131970022468, -484.8000000000000114 ) ) ;
#3653 = CARTESIAN_POINT ( 'NONE',  ( 2.256320841812932798, 12.49999999999996625, -331.8222908303883969 ) ) ;
#3654 = CARTESIAN_POINT ( 'NONE',  ( 68.50000000000001421, -3.961855750011070931, -321.9999999999999432 ) ) ;
#3655 = EDGE_CURVE ( 'NONE', #5929, #1397, #6154, .T. ) ;
#3656 = CARTESIAN_POINT ( 'NONE',  ( 169.0756475546244531, -0.06321008156731579286, -180.0000000000000000 ) ) ;
#3657 = DIRECTION ( 'NONE',  ( 1.000000000000000000, 0.000000000000000000, 0.000000000000000000 ) ) ;
#3658 = CARTESIAN_POINT ( 'NONE',  ( -15.13571910078813332, 3.348443071422257500, -264.9999999999849933 ) ) ;
#3659 = CARTESIAN_POINT ( 'NONE',  ( -19.09342170877849654, 18.93554202023567612, -324.9999999999998295 ) ) ;
#3660 =( BOUNDED_SURFACE ( )  B_SPLINE_SURFACE ( 3, 2, ( 
 ( #2614, #5642, #4598 ),
 ( #680, #153, #2131 ),
 ( #6107, #184, #3750 ),
 ( #3328, #864, #5734 ) ),
 .UNSPECIFIED., .F., .F., .T. ) 
 B_SPLINE_SURFACE_WITH_KNOTS ( ( 4, 4 ),
 ( 3, 3 ),
 ( 0.02118455152926862831, 0.02813006899138650180 ),
 ( 0.000000000000000000, 1.000000000000000000 ),
 .UNSPECIFIED. ) 
 GEOMETRIC_REPRESENTATION_ITEM ( )  RATIONAL_B_SPLINE_SURFACE ( (
 ( 1.000000000000000000, 0.9811111036667977681, 1.000000000000000000),
 ( 1.000000000000000000, 0.9810859441968029504, 1.000000000000000000),
 ( 1.000000000000000000, 0.9810607772690906891, 1.000000000000000000),
 ( 1.000000000000000000, 0.9810356029070786965, 1.000000000000000000) ) ) 
 REPRESENTATION_ITEM ( '' )  SURFACE ( )  );
#3661 = LINE ( 'NONE', #3056, #354 ) ;
#3662 = CARTESIAN_POINT ( 'NONE',  ( 163.5678313689324739, -0.08671630240159332315, 0.000000000000000000 ) ) ;
#3663 = CARTESIAN_POINT ( 'NONE',  ( 19.67911437448014667, -12.00000000000000000, -316.9999999999998863 ) ) ;
#3664 = AXIS2_PLACEMENT_3D ( 'NONE', #6345, #4391, #1537 ) ;
#3665 = EDGE_CURVE ( 'NONE', #4100, #3671, #2668, .T. ) ;
#3666 = CARTESIAN_POINT ( 'NONE',  ( 13.67911437448011647, -3.558989423151066589, -322.9999999999998863 ) ) ;
#3667 = CARTESIAN_POINT ( 'NONE',  ( 137.6758406867323004, -0.9219746334239210528, -329.3787155617652616 ) ) ;
#3668 = CARTESIAN_POINT ( 'NONE',  ( 81.25218673661291291, 12.12559590239015073, -484.8000000000000114 ) ) ;
#3669 = CARTESIAN_POINT ( 'NONE',  ( 1.999999999999974021, -14.17819011039155441, -549.9999999999998863 ) ) ;
#3670 = VERTEX_POINT ( 'NONE', #5722 ) ;
#3671 = VERTEX_POINT ( 'NONE', #2178 ) ;
#3672 = CARTESIAN_POINT ( 'NONE',  ( -7.278600852003522803, 7.879013728161408991, -479.9997747430471691 ) ) ;
#3673 = CIRCLE ( 'NONE', #2218, 2.000000000000001776 ) ;
#3674 = CARTESIAN_POINT ( 'NONE',  ( 197.1789185796792765, -17.04871396653885895, -574.9999999999998863 ) ) ;
#3675 = VERTEX_POINT ( 'NONE', #3804 ) ;
#3676 = CYLINDRICAL_SURFACE ( 'NONE', #5651, 0.9999999999999940048 ) ;
#3677 = AXIS2_PLACEMENT_3D ( 'NONE', #2043, #3505, #3928 ) ;
#3678 = CARTESIAN_POINT ( 'NONE',  ( 2.474929074011162022, -8.647590765688104142, -261.8114935646710251 ) ) ;
#3679 = CARTESIAN_POINT ( 'NONE',  ( 101.4358348804284731, -2.894709965577420441, -479.9980958049597461 ) ) ;
#3680 = ORIENTED_EDGE ( 'NONE', *, *, #4874, .F. ) ;
#3681 = CARTESIAN_POINT ( 'NONE',  ( 32.71320026462839792, -3.777529933006283258, -479.0499999999996703 ) ) ;
#3682 = CARTESIAN_POINT ( 'NONE',  ( 171.9333710946157510, 1.096519893271905799, -479.0500000000004661 ) ) ;
#3683 = EDGE_CURVE ( 'NONE', #5718, #5783, #3267, .T. ) ;
#3684 = CIRCLE ( 'NONE', #1088, 2.000000000000001776 ) ;
#3685 = CARTESIAN_POINT ( 'NONE',  ( -15.83548204400061366, 1.508156966772065566, -250.0180620846210218 ) ) ;
#3686 = CARTESIAN_POINT ( 'NONE',  ( -44.98926370544801756, 0.5812347078642563503, -575.0000000000005684 ) ) ;
#3687 = AXIS2_PLACEMENT_3D ( 'NONE', #3568, #3117, #5097 ) ;
#3688 = CARTESIAN_POINT ( 'NONE',  ( 14.95331355979381982, -3.636785454808680207, -264.9999999999999432 ) ) ;
#3689 = EDGE_LOOP ( 'NONE', ( #1426, #2301, #4741, #4455 ) ) ;
#3690 = CARTESIAN_POINT ( 'NONE',  ( 27.02277729597986422, 12.62015822049518832, 0.000000000000000000 ) ) ;
#3691 = DIRECTION ( 'NONE',  ( 0.000000000000000000, 0.000000000000000000, -1.000000000000000000 ) ) ;
#3692 = EDGE_CURVE ( 'NONE', #4799, #5826, #3221, .T. ) ;
#3693 = CIRCLE ( 'NONE', #789, 2.000000000000005329 ) ;
#3694 = LINE ( 'NONE', #6074, #5555 ) ;
#3695 = CARTESIAN_POINT ( 'NONE',  ( -60.00000000000000000, 12.49999999999996625, -269.9999999999998863 ) ) ;
#3696 = CARTESIAN_POINT ( 'NONE',  ( -13.79467598116243465, 4.501557988603660299, -265.0000000000452474 ) ) ;
#3697 = CARTESIAN_POINT ( 'NONE',  ( -13.29699092123369830, 4.987915699027318794, -340.0255666040313258 ) ) ;
#3698 = AXIS2_PLACEMENT_3D ( 'NONE', #1687, #723, #4611 ) ;
#3699 = CARTESIAN_POINT ( 'NONE',  ( 33.77733588304192125, -3.989504732196942349, -484.8000000000000114 ) ) ;
#3700 = DIRECTION ( 'NONE',  ( 0.000000000000000000, 0.000000000000000000, 1.000000000000000000 ) ) ;
#3701 = CARTESIAN_POINT ( 'NONE',  ( -49.99999999999999289, 6.999999999999926281, -296.3999999999999204 ) ) ;
#3702 = CARTESIAN_POINT ( 'NONE',  ( -13.33477314761595345, -12.50000000000004086, -268.3246880712831626 ) ) ;
#3703 = CARTESIAN_POINT ( 'NONE',  ( 43.81677558687979257, 13.11397923034863489, 0.000000000000000000 ) ) ;
#3704 = CARTESIAN_POINT ( 'NONE',  ( 56.00000000000000000, 5.000000000000000888, -575.1253581756884614 ) ) ;
#3705 = VERTEX_POINT ( 'NONE', #882 ) ;
#3706 = ORIENTED_EDGE ( 'NONE', *, *, #1372, .F. ) ;
#3707 = CARTESIAN_POINT ( 'NONE',  ( -12.92482878554458026, 5.483700554814942230, -480.0008175743464562 ) ) ;
#3708 = EDGE_CURVE ( 'NONE', #2531, #1267, #1741, .T. ) ;
#3709 = CARTESIAN_POINT ( 'NONE',  ( 159.9912315939872656, -0.1125079025047109882, -480.0000000000010800 ) ) ;
#3710 = ORIENTED_EDGE ( 'NONE', *, *, #1997, .T. ) ;
#3711 = DIRECTION ( 'NONE',  ( -8.163404592832026077E-16, 0.000000000000000000, -1.000000000000000000 ) ) ;
#3712 = CARTESIAN_POINT ( 'NONE',  ( 8.948779450819424497, -3.297467708790872809, -339.9899764568567093 ) ) ;
#3713 = CARTESIAN_POINT ( 'NONE',  ( 74.00000000000001421, 3.000000000000000000, -319.0000000000000568 ) ) ;
#3714 = ORIENTED_EDGE ( 'NONE', *, *, #653, .T. ) ;
#3715 = CARTESIAN_POINT ( 'NONE',  ( 86.85000000000000853, 3.570561577078522397, -495.0000000000000000 ) ) ;
#3716 = CARTESIAN_POINT ( 'NONE',  ( 178.0095033502040280, -0.07764145384281094520, -479.0500000000000682 ) ) ;
#3717 = CARTESIAN_POINT ( 'NONE',  ( 11.65512699062981383, -3.502330984294883987, -249.9899748739250072 ) ) ;
#3718 = CARTESIAN_POINT ( 'NONE',  ( 12.82827755968184391, 11.76304287369764445, -479.0499999999999545 ) ) ;
#3719 = CARTESIAN_POINT ( 'NONE',  ( 68.50000000000001421, 3.000000000000000000, -321.9999999999999432 ) ) ;
#3720 = ORIENTED_EDGE ( 'NONE', *, *, #6349, .F. ) ;
#3721 = FACE_OUTER_BOUND ( 'NONE', #5703, .T. ) ;
#3722 = CARTESIAN_POINT ( 'NONE',  ( 179.6138815915969644, -0.3884753060397060920, -480.0005377256329666 ) ) ;
#3723 = CARTESIAN_POINT ( 'NONE',  ( 113.6911628119071480, -2.361690009188643025, 0.000000000000000000 ) ) ;
#3724 = CARTESIAN_POINT ( 'NONE',  ( 45.00000000000001421, -7.000000000000000000, -338.9999999999999432 ) ) ;
#3725 = CARTESIAN_POINT ( 'NONE',  ( -26.93344090232293553, 12.58710386235799206, -264.9999999999999432 ) ) ;
#3726 = EDGE_CURVE ( 'NONE', #3766, #3924, #256, .T. ) ;
#3727 = DIRECTION ( 'NONE',  ( -0.8373426858827531793, -0.5466783573534413909, 0.000000000000000000 ) ) ;
#3728 = CARTESIAN_POINT ( 'NONE',  ( 33.67911437448025680, -12.00000000000000000, -575.0000000000000000 ) ) ;
#3729 = CARTESIAN_POINT ( 'NONE',  ( 170.8944271909999486, 16.05278640450003280, -549.9999999999998863 ) ) ;
#3730 = LINE ( 'NONE', #4342, #1710 ) ;
#3731 = CARTESIAN_POINT ( 'NONE',  ( 110.5652435917839398, 9.564420450423346765, -484.8000000000000114 ) ) ;
#3732 = VERTEX_POINT ( 'NONE', #5360 ) ;
#3733 = ORIENTED_EDGE ( 'NONE', *, *, #5883, .F. ) ;
#3734 = CARTESIAN_POINT ( 'NONE',  ( -14.84264835527537230, 4.192232098271374774, -480.0001970679767282 ) ) ;
#3735 = DIRECTION ( 'NONE',  ( 0.000000000000000000, 0.000000000000000000, -1.000000000000000000 ) ) ;
#3736 = ORIENTED_EDGE ( 'NONE', *, *, #711, .F. ) ;
#3737 = DIRECTION ( 'NONE',  ( 0.8944271909999158554, -0.4472135954999579277, 0.000000000000000000 ) ) ;
#3738 = LINE ( 'NONE', #1269, #4004 ) ;
#3739 = CARTESIAN_POINT ( 'NONE',  ( -1.082089367757439913, 12.49999999999996625, -260.9740877789075171 ) ) ;
#3740 = ORIENTED_EDGE ( 'NONE', *, *, #4527, .T. ) ;
#3741 = DIRECTION ( 'NONE',  ( 0.000000000000000000, 0.000000000000000000, -1.000000000000000000 ) ) ;
#3742 = CARTESIAN_POINT ( 'NONE',  ( 210.5349487678487321, -8.328561781328309266, -575.0000000000000000 ) ) ;
#3743 = B_SPLINE_SURFACE_WITH_KNOTS ( 'NONE', 3, 1, ( 
 ( #9, #4489, #4983 ),
 ( #474, #3391, #4398 ),
 ( #6004, #1441, #5507 ),
 ( #2377, #4953, #1542 ),
 ( #45, #930, #6383 ),
 ( #3421, #2868, #1895 ),
 ( #1511, #1928, #4458 ),
 ( #4855, #536, #2512 ),
 ( #3880, #4014, #4364 ),
 ( #2029, #5969, #3522 ),
 ( #5438, #5871, #1411 ),
 ( #4885, #2972, #1990 ),
 ( #404, #2478, #436 ),
 ( #2409, #3452, #3914 ),
 ( #6350, #5903, #5405 ),
 ( #960, #2933, #4921 ),
 ( #3491, #2447, #5476 ),
 ( #4429, #6413, #1961 ),
 ( #3945, #5933, #994 ),
 ( #1470, #505, #3978 ),
 ( #1025, #1607, #4043 ),
 ( #635, #6101, #3618 ),
 ( #1120, #5051, #3134 ),
 ( #4629, #604, #5113 ),
 ( #2676, #2124, #3588 ),
 ( #143, #4658, #5635 ),
 ( #4559, #5539, #209 ),
 ( #2089, #5016, #3033 ),
 ( #3648, #4114, #669 ),
 ( #2644, #1639, #2577 ),
 ( #3071, #5605, #3686 ),
 ( #179, #1149, #2186 ),
 ( #567, #3102, #110 ),
 ( #2156, #4144, #4076 ),
 ( #3167, #4176, #6131 ),
 ( #1670, #1181, #6162 ),
 ( #6063, #5575, #1087 ),
 ( #2547, #5082, #4526 ),
 ( #5148, #706, #1704 ),
 ( #1053, #79, #2059 ),
 ( #6032, #2606, #1574 ),
 ( #3551, #4589, #6336 ),
 ( #4901, #765, #5729 ),
 ( #2707, #454, #3407 ),
 ( #3718, #801, #2392 ),
 ( #1248, #1219, #3863 ),
 ( #2739, #422, #4724 ) ),
 .UNSPECIFIED., .F., .F., .F.,
 ( 4, 1, 1, 1, 1, 1, 2, 1, 1, 1, 1, 1, 1, 1, 1, 1, 1, 1, 1, 1, 1, 1, 1, 1, 1, 1, 1, 1, 1, 1, 1, 1, 1, 1, 1, 1, 1, 2, 1, 1, 1, 1, 4 ),
 ( 2, 1, 2 ),
 ( 0.000000000000000000, 0.09298437479387500204, 0.1859687495877500041, 0.2324609369846875051, 0.2789531243816250061, 0.3254453117785625071, 0.3719374991755000082, 0.3883528556794528241, 0.3965605339314292599, 0.4047682121834056956, 0.4129758904353820759, 0.4211835686873585116, 0.4293912469393349474, 0.4375989251913113831, 0.4458066034432878189, 0.4540142816952643101, 0.4581181208212525280, 0.4622219599472406903, 0.4663257990732289082, 0.4704296381992171261, 0.4745334773252053440, 0.4786373164511935063, 0.4827411555771817797, 0.4868449947031699976, 0.4909488338291582155, 0.4950526729551463778, 0.4991565120811345402, 0.5032603512071227581, 0.5114680294590993048, 0.5196757077110757406, 0.5278833859630521763, 0.5360910642150286121, 0.5525064207189813725, 0.5689217772229342440, 0.5853371337268871155, 0.6017524902308399870, 0.6181678467347927475, 0.6345832032387456190, 0.6802603028339023750, 0.7259374024290592420, 0.8172916016193728650, 0.9086458008096864880, 1.000000000000000000 ),
 ( -0.01000000000000000021, 0.000000000000000000, 1.000000000000000000 ),
 .UNSPECIFIED. ) ;
#3744 = CARTESIAN_POINT ( 'NONE',  ( -2.938544575397421532, -12.50000000000003553, -295.8996194826332271 ) ) ;
#3745 = CARTESIAN_POINT ( 'NONE',  ( -19.21755543934903798, -12.50000000000003553, -269.1257204669601606 ) ) ;
#3746 = CYLINDRICAL_SURFACE ( 'NONE', #246, 1.400000000000012346 ) ;
#3747 = ORIENTED_EDGE ( 'NONE', *, *, #4790, .F. ) ;
#3748 = CARTESIAN_POINT ( 'NONE',  ( 137.5421375912143560, 6.358343020890563579, -480.0000000000000000 ) ) ;
#3749 = CARTESIAN_POINT ( 'NONE',  ( -23.09998699271977429, -8.273029797558260512, -325.2964572724564505 ) ) ;
#3750 = CARTESIAN_POINT ( 'NONE',  ( 0.8390311095109899142, 12.12480248065330102, -327.3145730945361720 ) ) ;
#3751 = FACE_OUTER_BOUND ( 'NONE', #5913, .T. ) ;
#3752 = CARTESIAN_POINT ( 'NONE',  ( -15.83965574800386200, 1.481913137416876580, -265.0000000000609361 ) ) ;
#3753 = FACE_OUTER_BOUND ( 'NONE', #6360, .T. ) ;
#3754 = CARTESIAN_POINT ( 'NONE',  ( 86.85000000000000853, 3.570561577078522397, 0.000000000000000000 ) ) ;
#3755 = ADVANCED_FACE ( 'NONE', ( #5389 ), #3869, .F. ) ;
#3756 = DIRECTION ( 'NONE',  ( -0.000000000000000000, 1.000000000000000000, -0.000000000000000000 ) ) ;
#3757 = DIRECTION ( 'NONE',  ( -0.000000000000000000, -0.000000000000000000, -1.000000000000000000 ) ) ;
#3758 = CARTESIAN_POINT ( 'NONE',  ( 1.790290953553991482, -9.460016010503780493, -327.5179398226773628 ) ) ;
#3759 = CARTESIAN_POINT ( 'NONE',  ( -16.03022710116600891, 1.764641555636643933, -324.9999999999847091 ) ) ;
#3760 = VERTEX_POINT ( 'NONE', #3567 ) ;
#3761 = ORIENTED_EDGE ( 'NONE', *, *, #6003, .F. ) ;
#3762 = CARTESIAN_POINT ( 'NONE',  ( -25.41283478985864619, 12.49999999999933920, -324.9544276250063604 ) ) ;
#3763 = CARTESIAN_POINT ( 'NONE',  ( 162.8940849978288838, 0.1173899447482452951, -479.0499999999999545 ) ) ;
#3764 = PRESENTATION_LAYER_ASSIGNMENT (  '', '', ( #2932 ) ) ;
#3765 = ADVANCED_FACE ( 'NONE', ( #4505 ), #944, .F. ) ;
#3766 = VERTEX_POINT ( 'NONE', #5916 ) ;
#3767 = CARTESIAN_POINT ( 'NONE',  ( -27.35523594689228233, 7.822902570431063296, -325.1588568043625855 ) ) ;
#3768 = CARTESIAN_POINT ( 'NONE',  ( -16.79238261600291793, 12.49999999999996625, -266.8508906289396805 ) ) ;
#3769 = AXIS2_PLACEMENT_3D ( 'NONE', #1515, #677, #1155 ) ;
#3770 = DIRECTION ( 'NONE',  ( 1.000000000000000000, 0.000000000000000000, 0.000000000000000000 ) ) ;
#3771 = ORIENTED_EDGE ( 'NONE', *, *, #4263, .F. ) ;
#3772 = CARTESIAN_POINT ( 'NONE',  ( 18.68245755889265780, -3.412400247993061075, -479.0499999999999545 ) ) ;
#3773 = CARTESIAN_POINT ( 'NONE',  ( 178.4915082469525487, -0.1791257786063702728, -480.0000000000005684 ) ) ;
#3774 = CARTESIAN_POINT ( 'NONE',  ( -8.932766876370752840, -16.56504748158149098, -324.9999999999999432 ) ) ;
#3775 = VECTOR ( 'NONE', #6245, 1000.000000000000000 ) ;
#3776 = AXIS2_PLACEMENT_3D ( 'NONE', #5579, #2228, #4692 ) ;
#3777 = DIRECTION ( 'NONE',  ( -9.251858538542962756E-15, 0.000000000000000000, 1.000000000000000000 ) ) ;
#3778 = CARTESIAN_POINT ( 'NONE',  ( -1.427346694557885654, -12.28292253681128088, -265.7948699726683230 ) ) ;
#3779 = ORIENTED_EDGE ( 'NONE', *, *, #3111, .T. ) ;
#3780 = CARTESIAN_POINT ( 'NONE',  ( 91.11165290382166404, 11.38367315888191555, -484.8000000000000114 ) ) ;
#3781 = CIRCLE ( 'NONE', #985, 8.000000000000007105 ) ;
#3782 = AXIS2_PLACEMENT_3D ( 'NONE', #3304, #2753, #4249 ) ;
#3783 = CARTESIAN_POINT ( 'NONE',  ( 44.99999999999992184, -7.000000000000000000, -311.5000000000006253 ) ) ;
#3784 = ADVANCED_FACE ( 'NONE', ( #2527 ), #452, .T. ) ;
#3785 = ADVANCED_FACE ( 'NONE', ( #2916 ), #4060, .F. ) ;
#3786 = VECTOR ( 'NONE', #779, 1000.000000000000000 ) ;
#3787 = CARTESIAN_POINT ( 'NONE',  ( -60.00000000000000000, -7.500000000000035527, -319.9999999999998863 ) ) ;
#3788 = CARTESIAN_POINT ( 'NONE',  ( -14.53732966168972496, 0.3766575661580131018, -479.9992177747700453 ) ) ;
#3789 = CARTESIAN_POINT ( 'NONE',  ( -29.53081244259341531, -4.625173739537399520, -264.9999999999997726 ) ) ;
#3790 = DIRECTION ( 'NONE',  ( 0.000000000000000000, 0.000000000000000000, 1.000000000000000000 ) ) ;
#3791 = AXIS2_PLACEMENT_3D ( 'NONE', #3109, #2097, #4085 ) ;
#3792 = FACE_OUTER_BOUND ( 'NONE', #29, .T. ) ;
#3793 = CARTESIAN_POINT ( 'NONE',  ( 60.00000000000001421, 8.000000000000000000, 0.000000000000000000 ) ) ;
#3794 = CARTESIAN_POINT ( 'NONE',  ( 61.00000000000000000, 15.99999999999998579, -549.9999999999998863 ) ) ;
#3795 = AXIS2_PLACEMENT_3D ( 'NONE', #2592, #3998, #5622 ) ;
#3796 = CARTESIAN_POINT ( 'NONE',  ( 5.249238811373899694, -6.160845913388524053, -330.8296489969918071 ) ) ;
#3797 = CARTESIAN_POINT ( 'NONE',  ( -15.75632950228884255, 1.260895828400557583, -325.0000000000454747 ) ) ;
#3798 = EDGE_CURVE ( 'NONE', #6025, #2507, #3781, .T. ) ;
#3799 = ORIENTED_EDGE ( 'NONE', *, *, #5308, .F. ) ;
#3800 = VERTEX_POINT ( 'NONE', #5489 ) ;
#3801 = CARTESIAN_POINT ( 'NONE',  ( -30.09692654640664955, 12.49999999999996447, -324.9999999999998863 ) ) ;
#3802 = DIRECTION ( 'NONE',  ( -0.000000000000000000, -0.000000000000000000, 1.000000000000000000 ) ) ;
#3803 = ORIENTED_EDGE ( 'NONE', *, *, #5281, .T. ) ;
#3804 = CARTESIAN_POINT ( 'NONE',  ( -40.46678357353442834, -8.373426858827533792, -575.0000000000000000 ) ) ;
#3805 = CYLINDRICAL_SURFACE ( 'NONE', #6288, 3.149999999999999911 ) ;
#3806 = CARTESIAN_POINT ( 'NONE',  ( 74.00000000000001421, 3.000000000000000000, -319.0000000000000568 ) ) ;
#3807 = EDGE_CURVE ( 'NONE', #1116, #5577, #3355, .T. ) ;
#3808 = VERTEX_POINT ( 'NONE', #4936 ) ;
#3809 = CARTESIAN_POINT ( 'NONE',  ( 163.0000000000000000, 9.797174393178845379E-16, -519.9999999999998863 ) ) ;
#3810 = CARTESIAN_POINT ( 'NONE',  ( 210.6362584534546727, -8.260352542746645099, -575.0000000000000000 ) ) ;
#3811 = CARTESIAN_POINT ( 'NONE',  ( -2.343641136168520767, -2.349258045843532372, -324.9999999999697593 ) ) ;
#3812 = DIRECTION ( 'NONE',  ( -0.000000000000000000, -0.000000000000000000, -1.000000000000000000 ) ) ;
#3813 = DIRECTION ( 'NONE',  ( -0.000000000000000000, -0.000000000000000000, -1.000000000000000000 ) ) ;
#3814 = VERTEX_POINT ( 'NONE', #5947 ) ;
#3815 = CARTESIAN_POINT ( 'NONE',  ( 129.1838746267443412, 7.308192698241585461, 0.000000000000000000 ) ) ;
#3816 = CARTESIAN_POINT ( 'NONE',  ( -18.26214578700240665, -9.007148864134585153, -325.8335083884479673 ) ) ;
#3817 = FACE_OUTER_BOUND ( 'NONE', #3539, .T. ) ;
#3818 = CARTESIAN_POINT ( 'NONE',  ( 14.37860870813354452, -3.577309666831136159, -316.9999999999998295 ) ) ;
#3819 = CARTESIAN_POINT ( 'NONE',  ( -30.90393780187996242, 2.787048042262675551, -264.9999999999998863 ) ) ;
#3820 = CARTESIAN_POINT ( 'NONE',  ( 7.261811190594565701, 10.96930091818249053, -340.0167002020679092 ) ) ;
#3821 = B_SPLINE_CURVE_WITH_KNOTS ( 'NONE', 3,
 ( #4477, #2857, #4419, #3476, #1431 ),
 .UNSPECIFIED., .F., .F.,
 ( 4, 1, 4 ),
 ( 0.000000000000000000, 0.002876240364668653741, 0.005752480729337307482 ),
 .UNSPECIFIED. ) ;
#3822 = CARTESIAN_POINT ( 'NONE',  ( 35.67877914613138302, -12.00000000000000000, -516.0407722456288866 ) ) ;
#3823 = LINE ( 'NONE', #5712, #3786 ) ;
#3824 = CARTESIAN_POINT ( 'NONE',  ( 2.000000000000002220, 14.26393202250021375, -549.9999999999998863 ) ) ;
#3825 = CARTESIAN_POINT ( 'NONE',  ( 9.362722175885412668, 11.18069376033095530, -264.9999999999998863 ) ) ;
#3826 = CARTESIAN_POINT ( 'NONE',  ( -15.36948902858871868, 0.8895609683338814300, -340.0055756796588753 ) ) ;
#3827 = ORIENTED_EDGE ( 'NONE', *, *, #5295, .F. ) ;
#3828 = ORIENTED_EDGE ( 'NONE', *, *, #2995, .F. ) ;
#3829 = CARTESIAN_POINT ( 'NONE',  ( -19.95061176124642088, 9.339036439267520251, -327.0061896316050820 ) ) ;
#3830 = DIRECTION ( 'NONE',  ( 1.000000000000000000, 0.000000000000000000, 0.000000000000000000 ) ) ;
#3831 = ADVANCED_FACE ( 'NONE', ( #488 ), #3959, .F. ) ;
#3832 = EDGE_LOOP ( 'NONE', ( #2632, #4581, #2358, #6339 ) ) ;
#3833 = CARTESIAN_POINT ( 'NONE',  ( -11.64894100893232398, 10.76062648058947069, -329.3629786046842014 ) ) ;
#3834 = CARTESIAN_POINT ( 'NONE',  ( -20.46788960031346960, 9.176953143085901488, -263.2236130814655439 ) ) ;
#3835 = DIRECTION ( 'NONE',  ( 1.000000000000000000, 0.000000000000000000, -0.000000000000000000 ) ) ;
#3836 = ORIENTED_EDGE ( 'NONE', *, *, #5615, .F. ) ;
#3837 = CARTESIAN_POINT ( 'NONE',  ( -19.90424149498492667, -12.50000000000003553, -320.7724140222678102 ) ) ;
#3838 = CARTESIAN_POINT ( 'NONE',  ( 210.8027411296968694, -8.144408180658411212, -575.0000000000000000 ) ) ;
#3839 = CARTESIAN_POINT ( 'NONE',  ( 6.663425172996746859, -3.141608299221559264, -339.9900349917705853 ) ) ;
#3840 = EDGE_CURVE ( 'NONE', #3924, #3766, #2743, .T. ) ;
#3841 = CARTESIAN_POINT ( 'NONE',  ( 13.67911437448025858, -12.00000000000000000, -342.9999999999999432 ) ) ;
#3842 = CARTESIAN_POINT ( 'NONE',  ( -2.744700684160282123, -12.49730288460559002, -267.1989475968135253 ) ) ;
#3843 = ORIENTED_EDGE ( 'NONE', *, *, #2656, .T. ) ;
#3844 = CARTESIAN_POINT ( 'NONE',  ( 100.9199404722378688, 10.52252053519449859, -480.0000000000000000 ) ) ;
#3845 = CARTESIAN_POINT ( 'NONE',  ( 179.6759582448168544, -0.3889771977981233420, -479.9999999964734911 ) ) ;
#3846 = DIRECTION ( 'NONE',  ( -0.000000000000000000, -0.000000000000000000, -1.000000000000000000 ) ) ;
#3847 = CARTESIAN_POINT ( 'NONE',  ( 20.00000000000000000, 3.570561577078505078, -495.0000000000000000 ) ) ;
#3848 = CARTESIAN_POINT ( 'NONE',  ( -15.80022375260237943, 1.411473775026935273, -264.9999999999391207 ) ) ;
#3849 = CARTESIAN_POINT ( 'NONE',  ( -2.922595520457160312, 8.921858502490076503, -324.9999999999999432 ) ) ;
#3850 = DIRECTION ( 'NONE',  ( -0.9999999513087558523, 0.000000000000000000, -0.0003120616699270328267 ) ) ;
#3851 = ADVANCED_FACE ( 'NONE', ( #5458 ), #1008, .F. ) ;
#3852 = DIRECTION ( 'NONE',  ( -0.000000000000000000, -0.000000000000000000, 1.000000000000000000 ) ) ;
#3853 = CARTESIAN_POINT ( 'NONE',  ( -30.09692654640665310, 12.49999999999996625, -319.9999999999999432 ) ) ;
#3854 = CARTESIAN_POINT ( 'NONE',  ( 11.45790797173370379, -3.710550321018382558, -337.0183853029390662 ) ) ;
#3855 = CARTESIAN_POINT ( 'NONE',  ( -15.27166657683761564, 0.8208001727041237539, -325.0000000000075033 ) ) ;
#3856 = ORIENTED_EDGE ( 'NONE', *, *, #4437, .T. ) ;
#3857 = EDGE_LOOP ( 'NONE', ( #133, #4835, #5959, #5656 ) ) ;
#3858 = CARTESIAN_POINT ( 'NONE',  ( -21.57704899865052539, 8.969889530084055096, -326.5267769266886262 ) ) ;
#3859 = CARTESIAN_POINT ( 'NONE',  ( 159.4804969626881075, 3.215483368276009557, -433.9999999999999432 ) ) ;
#3860 = ADVANCED_FACE ( 'NONE', ( #518 ), #2005, .F. ) ;
#3861 = ORIENTED_EDGE ( 'NONE', *, *, #6003, .T. ) ;
#3862 = CARTESIAN_POINT ( 'NONE',  ( -14.94476152665780688, 10.30977401912099545, -328.4458418428301911 ) ) ;
#3863 = CARTESIAN_POINT ( 'NONE',  ( -17.10346426598774983, 23.62670516018234679, -574.9999999999998863 ) ) ;
#3864 = CARTESIAN_POINT ( 'NONE',  ( -16.12521384426172588, 12.49999999999996625, -266.5857839656715100 ) ) ;
#3865 = ORIENTED_EDGE ( 'NONE', *, *, #6298, .F. ) ;
#3866 = DIRECTION ( 'NONE',  ( -1.000000000000000000, 0.000000000000000000, 0.000000000000000000 ) ) ;
#3867 = EDGE_LOOP ( 'NONE', ( #3999, #5535 ) ) ;
#3868 = CARTESIAN_POINT ( 'NONE',  ( -12.23357439505642574, -12.50000000000003375, -325.0547932789903030 ) ) ;
#3869 =( BOUNDED_SURFACE ( )  B_SPLINE_SURFACE ( 3, 2, ( 
 ( #4746, #299, #2275 ),
 ( #822, #4259, #2791 ),
 ( #325, #2302, #4288 ),
 ( #3470, #1556, #23 ) ),
 .UNSPECIFIED., .F., .F., .T. ) 
 B_SPLINE_SURFACE_WITH_KNOTS ( ( 4, 4 ),
 ( 3, 3 ),
 ( 0.04636906866790725668, 0.1374492409306087848 ),
 ( 0.000000000000000000, 0.9011315738911678253 ),
 .UNSPECIFIED. ) 
 GEOMETRIC_REPRESENTATION_ITEM ( )  RATIONAL_B_SPLINE_SURFACE ( (
 ( 1.000000000000000000, 0.9608159545841918892, 0.9922518702023241932),
 ( 1.000000000000000000, 0.9602839607497473118, 0.9921466754161019086),
 ( 1.000000000000000000, 0.9597508247729307218, 0.9920412547862420549),
 ( 1.000000000000000000, 0.9592165402230736770, 0.9919356070411649018) ) ) 
 REPRESENTATION_ITEM ( '' )  SURFACE ( )  );
#3870 = CARTESIAN_POINT ( 'NONE',  ( 210.0825516345778396, -8.624281483550328531, -574.9999999999998863 ) ) ;
#3871 = CARTESIAN_POINT ( 'NONE',  ( -13.63099855730178511, -0.01612411370162560378, -339.9967335783480280 ) ) ;
#3872 = ORIENTED_EDGE ( 'NONE', *, *, #1746, .F. ) ;
#3873 = DIRECTION ( 'NONE',  ( 1.000000000000000000, 0.000000000000000000, 9.251858538542962756E-15 ) ) ;
#3874 = AXIS2_PLACEMENT_3D ( 'NONE', #3983, #6106, #6070 ) ;
#3875 = LINE ( 'NONE', #1437, #3349 ) ;
#3876 = VERTEX_POINT ( 'NONE', #5520 ) ;
#3877 = PLANE ( 'NONE',  #4093 ) ;
#3878 = CARTESIAN_POINT ( 'NONE',  ( 143.7100333419401750, 5.518930588587047659, -480.0000000000000568 ) ) ;
#3879 = VECTOR ( 'NONE', #4187, 1000.000000000000000 ) ;
#3880 = CARTESIAN_POINT ( 'NONE',  ( -8.731269313794458142, -1.164402107434713951, -479.0499999999999545 ) ) ;
#3881 = CARTESIAN_POINT ( 'NONE',  ( -29.62949007195206619, 0.4491869865242241744, -549.9999999999998863 ) ) ;
#3882 = VECTOR ( 'NONE', #3348, 999.9999999999998863 ) ;
#3883 = CARTESIAN_POINT ( 'NONE',  ( -15.81018506109195165, 2.439462524915823938, -265.0000000000451337 ) ) ;
#3884 = AXIS2_PLACEMENT_3D ( 'NONE', #3083, #1620, #3564 ) ;
#3885 = CARTESIAN_POINT ( 'NONE',  ( 63.09932674254688578, -4.216985242450103755, 0.000000000000000000 ) ) ;
#3886 = EDGE_CURVE ( 'NONE', #3582, #910, #2201, .T. ) ;
#3887 = CARTESIAN_POINT ( 'NONE',  ( -15.90885533948756958, 3.072922936218671630, -480.0000000000000000 ) ) ;
#3888 = VECTOR ( 'NONE', #1225, 1000.000000000000000 ) ;
#3889 = CARTESIAN_POINT ( 'NONE',  ( 1.999999999999974021, -14.17819011039155441, -549.9999999999998863 ) ) ;
#3890 = CARTESIAN_POINT ( 'NONE',  ( -1.061028387265176232, 12.49999999999996625, -328.1300688357823105 ) ) ;
#3891 = CARTESIAN_POINT ( 'NONE',  ( 137.6758406867323004, 6.292631514866052989, -303.1236127557880309 ) ) ;
#3892 = CYLINDRICAL_SURFACE ( 'NONE', #3977, 2.000000000000001776 ) ;
#3893 = CARTESIAN_POINT ( 'NONE',  ( -16.03147180631313518, 2.283546477278173281, -340.0292498274097284 ) ) ;
#3894 = ORIENTED_EDGE ( 'NONE', *, *, #4527, .F. ) ;
#3895 = VECTOR ( 'NONE', #1097, 1000.000000000000000 ) ;
#3896 = ORIENTED_EDGE ( 'NONE', *, *, #3624, .T. ) ;
#3897 = DIRECTION ( 'NONE',  ( -1.000000000000000000, 0.000000000000000000, 0.000000000000000000 ) ) ;
#3898 = VECTOR ( 'NONE', #1203, 1000.000000000000000 ) ;
#3899 = ORIENTED_EDGE ( 'NONE', *, *, #4397, .F. ) ;
#3900 = CARTESIAN_POINT ( 'NONE',  ( -15.60125486686988161, 10.20484129159565789, -328.2626161407224004 ) ) ;
#3901 = CARTESIAN_POINT ( 'NONE',  ( -27.85534655193038844, -12.50000000000003553, -269.9999999999999432 ) ) ;
#3902 = CARTESIAN_POINT ( 'NONE',  ( -19.80927956138899404, 9.327276548679817481, -263.0302911246452027 ) ) ;
#3903 = EDGE_LOOP ( 'NONE', ( #5623, #5264, #2959, #167 ) ) ;
#3904 = DIRECTION ( 'NONE',  ( -0.000000000000000000, -0.000000000000000000, 1.000000000000000000 ) ) ;
#3905 = ORIENTED_EDGE ( 'NONE', *, *, #1086, .T. ) ;
#3906 = CARTESIAN_POINT ( 'NONE',  ( -18.73564509371227871, -8.947093885051149442, -325.7853204602429287 ) ) ;
#3907 = CARTESIAN_POINT ( 'NONE',  ( 209.9864354812312968, -8.687033116439090819, -574.9999999999998863 ) ) ;
#3908 = CARTESIAN_POINT ( 'NONE',  ( -14.29215559540106462, 0.2531254581523231795, -339.9984756094912086 ) ) ;
#3909 = DIRECTION ( 'NONE',  ( 0.000000000000000000, 0.000000000000000000, 1.000000000000000000 ) ) ;
#3910 = PLANE ( 'NONE',  #5430 ) ;
#3911 = ORIENTED_EDGE ( 'NONE', *, *, #6144, .T. ) ;
#3912 = CARTESIAN_POINT ( 'NONE',  ( 68.50000000000007105, -3.963344087417444594, -319.0000000000000568 ) ) ;
#3913 = CARTESIAN_POINT ( 'NONE',  ( -25.42336183391490678, -7.869065604529470015, -264.9213282528662035 ) ) ;
#3914 = CARTESIAN_POINT ( 'NONE',  ( -43.18973146985349132, -5.749563717780468153, -574.9999999999998863 ) ) ;
#3915 = CARTESIAN_POINT ( 'NONE',  ( -18.67522109340786329, -14.16624287345176292, -264.9999999999998295 ) ) ;
#3916 = CARTESIAN_POINT ( 'NONE',  ( 141.5392608588487064, -0.7902671542071373345, 0.000000000000000000 ) ) ;
#3917 = CARTESIAN_POINT ( 'NONE',  ( 198.5239172629519544, 2.238041368524028130, -575.0000000000000000 ) ) ;
#3918 = DIRECTION ( 'NONE',  ( 0.000000000000000000, 0.000000000000000000, 1.000000000000000000 ) ) ;
#3919 = EDGE_CURVE ( 'NONE', #2573, #3021, #748, .T. ) ;
#3920 = CARTESIAN_POINT ( 'NONE',  ( 8.689892167554026159, -4.431440021246713101, -316.9999999999998863 ) ) ;
#3921 = DIRECTION ( 'NONE',  ( 0.000000000000000000, 0.000000000000000000, 1.000000000000000000 ) ) ;
#3922 = CARTESIAN_POINT ( 'NONE',  ( 5.467080686738486683, 10.59819939667856126, -265.0000000000601403 ) ) ;
#3923 = CARTESIAN_POINT ( 'NONE',  ( -15.91430813821686030, 2.563338578129844780, -340.0297782612528863 ) ) ;
#3924 = VERTEX_POINT ( 'NONE', #1132 ) ;
#3925 = ORIENTED_EDGE ( 'NONE', *, *, #6203, .T. ) ;
#3926 = DIRECTION ( 'NONE',  ( -0.000000000000000000, -0.000000000000000000, -1.000000000000000000 ) ) ;
#3927 = VERTEX_POINT ( 'NONE', #4672 ) ;
#3928 = DIRECTION ( 'NONE',  ( -0.000000000000000000, 0.000000000000000000, 1.000000000000000000 ) ) ;
#3929 = EDGE_CURVE ( 'NONE', #6252, #486, #4224, .T. ) ;
#3930 = CARTESIAN_POINT ( 'NONE',  ( -15.82312028016041161, -9.260387866974580717, -263.9228232240625402 ) ) ;
#3931 = CARTESIAN_POINT ( 'NONE',  ( -1.548043350828450349, -2.678313004792312046, 0.000000000000000000 ) ) ;
#3932 = CARTESIAN_POINT ( 'NONE',  ( -14.26237294788909793, 10.36962094160022119, -261.4562936461148865 ) ) ;
#3933 = EDGE_LOOP ( 'NONE', ( #3905, #3170 ) ) ;
#3934 = CARTESIAN_POINT ( 'NONE',  ( 56.00000000000000000, 5.000000000000000888, 0.000000000000000000 ) ) ;
#3935 = ORIENTED_EDGE ( 'NONE', *, *, #108, .T. ) ;
#3936 = CARTESIAN_POINT ( 'NONE',  ( -0.7177542117834158075, -12.50000000000003553, -322.7130108478697252 ) ) ;
#3937 = CARTESIAN_POINT ( 'NONE',  ( 210.4753294063185649, -8.367843399131027482, -575.0000000000000000 ) ) ;
#3938 = CARTESIAN_POINT ( 'NONE',  ( -13.63215496708107288, -0.01917824640579023424, -325.0000000000036948 ) ) ;
#3939 = CARTESIAN_POINT ( 'NONE',  ( -15.06869740429285187, 2.626790534657205356, 0.000000000000000000 ) ) ;
#3940 = CARTESIAN_POINT ( 'NONE',  ( 35.95364466310941509, -4.097640540351090266, -325.3567057915362284 ) ) ;
#3941 = EDGE_LOOP ( 'NONE', ( #5100, #4809, #2328, #2709 ) ) ;
#3942 = DIRECTION ( 'NONE',  ( 0.000000000000000000, 0.000000000000000000, 1.000000000000000000 ) ) ;
#3943 = CARTESIAN_POINT ( 'NONE',  ( 140.0232870643138483, 6.018286426411343371, -480.0000000000000568 ) ) ;
#3944 = EDGE_CURVE ( 'NONE', #181, #1018, #2198, .T. ) ;
#3945 = CARTESIAN_POINT ( 'NONE',  ( -14.67549648616398450, 0.6295711232890619513, -479.0500000000005230 ) ) ;
#3946 = CARTESIAN_POINT ( 'NONE',  ( -25.34626765920700464, -10.27274488038700007, -264.9999999999998863 ) ) ;
#3947 = CARTESIAN_POINT ( 'NONE',  ( 149.5732593322674404, -0.3762568687068241213, -480.0000000000000000 ) ) ;
#3948 = SURFACE_SIDE_STYLE ('',( #377 ) ) ;
#3949 = LINE ( 'NONE', #5512, #5147 ) ;
#3950 = CARTESIAN_POINT ( 'NONE',  ( -49.99999999999999289, -7.000000000000047073, -294.9999999999998863 ) ) ;
#3951 = CARTESIAN_POINT ( 'NONE',  ( 0.8476031014234346461, 12.11576513098310492, -284.9993981688593863 ) ) ;
#3952 = CARTESIAN_POINT ( 'NONE',  ( 168.0000000000000000, -14.17819011039158106, -549.9999999999998863 ) ) ;
#3953 = CARTESIAN_POINT ( 'NONE',  ( -14.25857059632633828, 20.95643945220435356, -264.9999999999998295 ) ) ;
#3954 = CARTESIAN_POINT ( 'NONE',  ( -15.51023897362107995, 3.136729494232517901, -340.0291070281392081 ) ) ;
#3955 = EDGE_LOOP ( 'NONE', ( #3152, #5697, #6410, #4452 ) ) ;
#3956 = ORIENTED_EDGE ( 'NONE', *, *, #1678, .F. ) ;
#3957 = ADVANCED_FACE ( 'NONE', ( #5652 ), #2237, .F. ) ;
#3958 = DIRECTION ( 'NONE',  ( -1.000000000000000000, -0.000000000000000000, -0.000000000000000000 ) ) ;
#3959 = CYLINDRICAL_SURFACE ( 'NONE', #1189, 1.400000000000012346 ) ;
#3960 = DIRECTION ( 'NONE',  ( 1.000000000000000000, 0.000000000000000000, -0.000000000000000000 ) ) ;
#3961 = CARTESIAN_POINT ( 'NONE',  ( -6.252716960336958785, -2.037681824853898593, 0.000000000000000000 ) ) ;
#3962 = LINE ( 'NONE', #521, #5352 ) ;
#3963 = ORIENTED_EDGE ( 'NONE', *, *, #5674, .T. ) ;
#3964 = CYLINDRICAL_SURFACE ( 'NONE', #5326, 3.149999999999999911 ) ;
#3965 = ORIENTED_EDGE ( 'NONE', *, *, #5006, .T. ) ;
#3966 = CARTESIAN_POINT ( 'NONE',  ( -13.73243421510140472, -12.50000000000003553, -321.6111051378512116 ) ) ;
#3967 = EDGE_CURVE ( 'NONE', #3639, #1278, #3572, .T. ) ;
#3968 = CARTESIAN_POINT ( 'NONE',  ( 179.2590984769246916, -0.3599928799517699285, -480.0000000000001705 ) ) ;
#3969 = CARTESIAN_POINT ( 'NONE',  ( -14.59833175802264016, 0.3983037202613118333, -325.0000000000604246 ) ) ;
#3970 = EDGE_LOOP ( 'NONE', ( #3548, #1591 ) ) ;
#3971 = CARTESIAN_POINT ( 'NONE',  ( 177.0158213435556149, 0.1355424180607971429, 0.000000000000000000 ) ) ;
#3972 = DIRECTION ( 'NONE',  ( 0.000000000000000000, 0.000000000000000000, -1.000000000000000000 ) ) ;
#3973 = VERTEX_POINT ( 'NONE', #5096 ) ;
#3974 = DIRECTION ( 'NONE',  ( -0.000000000000000000, 1.000000000000000000, -0.000000000000000000 ) ) ;
#3975 = CARTESIAN_POINT ( 'NONE',  ( -1.086841322118591968, -10.01381308523420621, -262.9452754299003345 ) ) ;
#3976 = B_SPLINE_CURVE_WITH_KNOTS ( 'NONE', 3,
 ( #3527, #1029, #5545, #5056, #4462, #6008, #2034, #5580, #5088, #4532 ),
 .UNSPECIFIED., .F., .F.,
 ( 4, 3, 3, 4 ),
 ( 0.000000000000000000, 0.07090001371300605482, 0.1063500205695245976, 0.1370015105328875882 ),
 .UNSPECIFIED. ) ;
#3977 = AXIS2_PLACEMENT_3D ( 'NONE', #1294, #938, #4252 ) ;
#3978 = CARTESIAN_POINT ( 'NONE',  ( -44.53897494440179372, -3.006104887139495752, -575.0000000000003411 ) ) ;
#3979 = CARTESIAN_POINT ( 'NONE',  ( -20.31650843773961057, -13.49582569111905173, -264.9999999999999432 ) ) ;
#3980 = CARTESIAN_POINT ( 'NONE',  ( 123.3956785152506228, -1.776841705864479204, 0.000000000000000000 ) ) ;
#3981 = VECTOR ( 'NONE', #4584, 1000.000000000000000 ) ;
#3982 = CARTESIAN_POINT ( 'NONE',  ( -13.21781700557175832, 12.49999999999996625, -324.6787331279940645 ) ) ;
#3983 = CARTESIAN_POINT ( 'NONE',  ( 170.0000000000000000, -14.17819011039160770, -549.9999999999998863 ) ) ;
#3984 = CARTESIAN_POINT ( 'NONE',  ( 179.6758406867323004, -0.3879661776884230084, -180.0000000000000000 ) ) ;
#3985 = CIRCLE ( 'NONE', #3047, 2.000000000000001776 ) ;
#3986 = CIRCLE ( 'NONE', #2635, 3.149999999999999911 ) ;
#3987 = PLANE ( 'NONE',  #785 ) ;
#3988 = DIRECTION ( 'NONE',  ( 1.000000000000000000, 0.000000000000000000, 0.000000000000000000 ) ) ;
#3989 = CARTESIAN_POINT ( 'NONE',  ( 5.469861928884468760, 10.58132316071671752, -250.0171204366584163 ) ) ;
#3990 = CARTESIAN_POINT ( 'NONE',  ( -30.88734734152516381, 4.496538853667875202, -324.9999999999998863 ) ) ;
#3991 = ORIENTED_EDGE ( 'NONE', *, *, #4302, .T. ) ;
#3992 = CARTESIAN_POINT ( 'NONE',  ( -25.84736285036226988, -12.50000000000003375, -319.9999999999999432 ) ) ;
#3993 = CARTESIAN_POINT ( 'NONE',  ( -30.13605128914620579, 6.886139428134476326, -265.0000000000000000 ) ) ;
#3994 = EDGE_CURVE ( 'NONE', #105, #4476, #3467, .T. ) ;
#3995 = CARTESIAN_POINT ( 'NONE',  ( 6.999999999999984013, 0.000000000000000000, -519.9999999999998863 ) ) ;
#3996 = CIRCLE ( 'NONE', #4403, 2.000000000000001776 ) ;
#3997 = CARTESIAN_POINT ( 'NONE',  ( -8.878841291107955058, 7.383783548522395712, -484.8000000000000114 ) ) ;
#3998 = DIRECTION ( 'NONE',  ( -1.000000000000000000, 0.000000000000000000, 0.000000000000000000 ) ) ;
#3999 = ORIENTED_EDGE ( 'NONE', *, *, #5149, .T. ) ;
#4000 = CARTESIAN_POINT ( 'NONE',  ( 179.6758406867323004, -25.12535817568845431, -434.0000000000000000 ) ) ;
#4001 = ORIENTED_EDGE ( 'NONE', *, *, #1870, .T. ) ;
#4002 = CARTESIAN_POINT ( 'NONE',  ( -16.51274649073525680, 12.49999999999996447, -266.7388782848265123 ) ) ;
#4003 = CARTESIAN_POINT ( 'NONE',  ( 179.5457866204868083, -0.3839047414907732492, -480.0000000000007390 ) ) ;
#4004 = VECTOR ( 'NONE', #1143, 1000.000000000000000 ) ;
#4005 = ORIENTED_EDGE ( 'NONE', *, *, #3692, .T. ) ;
#4006 = CARTESIAN_POINT ( 'NONE',  ( 29.73871093026568957, -4.012941289627649510, -331.0105208547241773 ) ) ;
#4007 = EDGE_CURVE ( 'NONE', #6285, #2531, #649, .T. ) ;
#4008 = CARTESIAN_POINT ( 'NONE',  ( 39.50000000000001421, -4.127439872705949142, -321.9999999999999432 ) ) ;
#4009 = VECTOR ( 'NONE', #6086, 1000.000000000000000 ) ;
#4010 = DIRECTION ( 'NONE',  ( -1.000000000000000000, 0.000000000000000000, 0.000000000000000000 ) ) ;
#4011 = ORIENTED_EDGE ( 'NONE', *, *, #6387, .T. ) ;
#4012 = CARTESIAN_POINT ( 'NONE',  ( 86.04192039586980911, -3.297659864388622353, -479.0499999999996135 ) ) ;
#4013 = CARTESIAN_POINT ( 'NONE',  ( 74.00000000000001421, -7.000000000000000000, -322.0000000000000568 ) ) ;
#4014 = CARTESIAN_POINT ( 'NONE',  ( -9.049075359277301445, -1.233432796198886461, -480.0000000000000000 ) ) ;
#4015 = CARTESIAN_POINT ( 'NONE',  ( -15.12344629958125353, 0.7344839401720554273, -265.0000000000074465 ) ) ;
#4016 = CARTESIAN_POINT ( 'NONE',  ( 149.5719547542783232, -0.3755928074884163359, -484.8000000000000114 ) ) ;
#4017 = CARTESIAN_POINT ( 'NONE',  ( -8.836917433066549421, 12.49999999999996625, -326.3684921424745085 ) ) ;
#4018 = CARTESIAN_POINT ( 'NONE',  ( -2.942414759403407576, -12.50000000000003553, -322.5662858684563048 ) ) ;
#4019 = CARTESIAN_POINT ( 'NONE',  ( 61.00000000000000711, 8.000000000000000000, -4.000000000000000000 ) ) ;
#4020 = CARTESIAN_POINT ( 'NONE',  ( 137.6758406867323004, 6.269550683773076116, -192.3123612750640063 ) ) ;
#4021 = CARTESIAN_POINT ( 'NONE',  ( -9.591190355274681778, 6.694735862203257781, -264.9999999999697593 ) ) ;
#4022 = CARTESIAN_POINT ( 'NONE',  ( -16.00339372042954622, 2.275091278209480095, -324.9999999999088800 ) ) ;
#4023 = ORIENTED_EDGE ( 'NONE', *, *, #3463, .T. ) ;
#4024 = CARTESIAN_POINT ( 'NONE',  ( 19.36553745593235476, 12.34493615748995587, -479.0499999999999545 ) ) ;
#4025 = CARTESIAN_POINT ( 'NONE',  ( -30.86306337637227415, 0.3927373059621219187, -265.0000000000000000 ) ) ;
#4026 = CARTESIAN_POINT ( 'NONE',  ( 198.5239172629519544, 2.238041368524028130, -549.9999999999998863 ) ) ;
#4027 = CARTESIAN_POINT ( 'NONE',  ( 3.286663712389055192, -2.822686689058726994, -484.8000000000000114 ) ) ;
#4028 = CARTESIAN_POINT ( 'NONE',  ( -13.02413428472619472, 12.49999999999996803, -262.6612648652961184 ) ) ;
#4029 = ORIENTED_EDGE ( 'NONE', *, *, #4714, .T. ) ;
#4030 = CARTESIAN_POINT ( 'NONE',  ( 1.223631246785494397, -10.26484432100400923, -322.3162284235432367 ) ) ;
#4031 = ORIENTED_EDGE ( 'NONE', *, *, #2426, .F. ) ;
#4032 = EDGE_CURVE ( 'NONE', #105, #5199, #2169, .T. ) ;
#4033 = CARTESIAN_POINT ( 'NONE',  ( -27.54210986157894681, 12.49999999999996803, -320.1096625711223851 ) ) ;
#4034 = CARTESIAN_POINT ( 'NONE',  ( 203.4922366202315231, -12.92691963543965805, -574.9999999999998863 ) ) ;
#4035 = EDGE_LOOP ( 'NONE', ( #4130, #1078, #5472, #4318 ) ) ;
#4036 = CARTESIAN_POINT ( 'NONE',  ( -15.04950454971494267, 2.652166634052079086, 0.000000000000000000 ) ) ;
#4037 = CARTESIAN_POINT ( 'NONE',  ( 39.67911437448025680, -7.000000000000000000, -571.0000000000000000 ) ) ;
#4038 = CARTESIAN_POINT ( 'NONE',  ( 39.67911437448025680, -4.039439297957588160, -469.8128020028011633 ) ) ;
#4039 = ORIENTED_EDGE ( 'NONE', *, *, #4854, .F. ) ;
#4040 = CARTESIAN_POINT ( 'NONE',  ( 6.658113361676712749, 10.77646280463786255, -250.0168649634351254 ) ) ;
#4041 = CARTESIAN_POINT ( 'NONE',  ( 173.2008161813703566, 0.8640577453016772269, -479.0500000000015461 ) ) ;
#4042 = EDGE_CURVE ( 'NONE', #591, #5577, #4604, .T. ) ;
#4043 = CARTESIAN_POINT ( 'NONE',  ( -44.62583621449634563, -2.714847241673023159, -575.0000000000003411 ) ) ;
#4044 = CARTESIAN_POINT ( 'NONE',  ( -10.15492358914763216, -1.103845097308246315, -264.9999999999999432 ) ) ;
#4045 = CARTESIAN_POINT ( 'NONE',  ( 52.87326759349286220, 13.06764143379474774, 0.000000000000000000 ) ) ;
#4046 = CARTESIAN_POINT ( 'NONE',  ( -13.12097410581919732, 12.49999999999996625, -327.4074226759766475 ) ) ;
#4047 = EDGE_CURVE ( 'NONE', #1721, #1880, #3135, .T. ) ;
#4048 = EDGE_CURVE ( 'NONE', #2946, #387, #6145, .T. ) ;
#4049 = CARTESIAN_POINT ( 'NONE',  ( 176.8163814325556302, -0.2270390787942478672, -434.0000000000000000 ) ) ;
#4050 = LINE ( 'NONE', #1475, #3181 ) ;
#4051 = FACE_OUTER_BOUND ( 'NONE', #1360, .T. ) ;
#4052 = DIRECTION ( 'NONE',  ( -9.758616282549149858E-16, -1.000000000000000000, -0.000000000000000000 ) ) ;
#4053 = CARTESIAN_POINT ( 'NONE',  ( 2.630997622242962297, 10.07711302803789621, -264.9999999999698730 ) ) ;
#4054 = CARTESIAN_POINT ( 'NONE',  ( -12.88027412201151733, 21.60287130947691736, -324.9999999999998295 ) ) ;
#4055 = B_SPLINE_CURVE_WITH_KNOTS ( 'NONE', 3,
 ( #964, #2938, #4928, #2280, #1764 ),
 .UNSPECIFIED., .F., .F.,
 ( 4, 1, 4 ),
 ( 0.000000000000000000, 0.002582708924181788789, 0.005304202154421389787 ),
 .UNSPECIFIED. ) ;
#4056 = CARTESIAN_POINT ( 'NONE',  ( 179.6770719582781339, -0.3987938621634148917, 0.000000000000000000 ) ) ;
#4057 = CARTESIAN_POINT ( 'NONE',  ( 138.1098601644424377, 6.271940883447453707, -480.0000000000000000 ) ) ;
#4058 = B_SPLINE_CURVE_WITH_KNOTS ( 'NONE', 3,
 ( #3612, #5598, #3712, #5693, #3127, #5207, #1242, #2701, #2636, #4204, #4137, #271, #6125, #2247, #202, #2669, #1663, #2729, #2179, #1173, #3160, #4683, #5140, #1695, #1728, #1212, #4715, #4232, #3197, #5174 ),
 .UNSPECIFIED., .F., .F.,
 ( 4, 2, 2, 2, 2, 2, 2, 2, 2, 2, 2, 2, 2, 2, 4 ),
 ( 0.000000000000000000, 0.008163819163461684403, 0.01632763832692336881, 0.02040954790865421101, 0.02449145749038505668, 0.02653241228125047604, 0.02857336707211589888, 0.02959384446754860162, 0.03010408316526496167, 0.03061432186298131478, 0.03112456056069765747, 0.03137967990955582709, 0.03163479925841399670, 0.03214503795613034287, 0.03265527665384668210 ),
 .UNSPECIFIED. ) ;
#4059 = B_SPLINE_CURVE_WITH_KNOTS ( 'NONE', 3,
 ( #1380, #2937, #3363, #1444, #478, #5347, #904 ),
 .UNSPECIFIED., .F., .F.,
 ( 4, 3, 4 ),
 ( 0.000000000000000000, 0.02645666731550820605, 0.09000017305643256971 ),
 .UNSPECIFIED. ) ;
#4060 = PLANE ( 'NONE',  #3677 ) ;
#4061 = CARTESIAN_POINT ( 'NONE',  ( -3.183813441041017267, -12.50000000000003553, -267.4069944981516187 ) ) ;
#4062 = CARTESIAN_POINT ( 'NONE',  ( -10.84351754945819302, -0.8917485944864971259, -484.8000000000000114 ) ) ;
#4063 = CARTESIAN_POINT ( 'NONE',  ( -10.03826894568048012, 10.90170163671983694, -260.3069432937959959 ) ) ;
#4064 = VERTEX_POINT ( 'NONE', #3793 ) ;
#4065 = ORIENTED_EDGE ( 'NONE', *, *, #1462, .T. ) ;
#4066 = CARTESIAN_POINT ( 'NONE',  ( -21.37932497933323361, 12.49999999999996625, -321.5161944237308944 ) ) ;
#4067 = CARTESIAN_POINT ( 'NONE',  ( 177.1060111961949701, -0.2308720599441075882, -480.0000000000006253 ) ) ;
#4068 = ORIENTED_EDGE ( 'NONE', *, *, #541, .T. ) ;
#4069 = CARTESIAN_POINT ( 'NONE',  ( 18.78815789182146290, -3.745002115718007119, -323.6530676042251571 ) ) ;
#4070 = CARTESIAN_POINT ( 'NONE',  ( -8.807522707634880987, -1.281027353207091934, -479.9999941298909789 ) ) ;
#4071 = CARTESIAN_POINT ( 'NONE',  ( 63.43954845790086949, -3.960637616625018786, -479.9995360267178626 ) ) ;
#4072 = VERTEX_POINT ( 'NONE', #1258 ) ;
#4073 = CARTESIAN_POINT ( 'NONE',  ( -6.025120476087310273, 7.950192271052935133, -250.0206310439824335 ) ) ;
#4074 = CARTESIAN_POINT ( 'NONE',  ( 214.8260022407403085, -1.889009900427277566, -574.9999999999997726 ) ) ;
#4075 = DIRECTION ( 'NONE',  ( 0.000000000000000000, 0.000000000000000000, -1.000000000000000000 ) ) ;
#4076 = CARTESIAN_POINT ( 'NONE',  ( -44.67689232871911287, 2.576953658911143030, -575.0000000000004547 ) ) ;
#4077 = CARTESIAN_POINT ( 'NONE',  ( -7.141191704070131152, -1.699814332275818352, -264.9999999999998295 ) ) ;
#4078 = ORIENTED_EDGE ( 'NONE', *, *, #684, .T. ) ;
#4079 = CARTESIAN_POINT ( 'NONE',  ( 26.38152898265298774, 13.02011530243050430, -484.8000000000000114 ) ) ;
#4080 = CARTESIAN_POINT ( 'NONE',  ( 179.1406542282283567, -0.3496162274854209273, -480.0000335788736265 ) ) ;
#4081 = AXIS2_PLACEMENT_3D ( 'NONE', #1849, #6302, #2882 ) ;
#4082 = CARTESIAN_POINT ( 'NONE',  ( 143.0439450226654685, -0.6480174444162053460, -434.0000000000000000 ) ) ;
#4083 = CARTESIAN_POINT ( 'NONE',  ( 44.99999999999992184, 3.000000000000000000, -311.5000000000006253 ) ) ;
#4084 = DIRECTION ( 'NONE',  ( 0.000000000000000000, 0.000000000000000000, -1.000000000000000000 ) ) ;
#4085 = DIRECTION ( 'NONE',  ( -1.000000000000000000, 0.000000000000000000, 0.000000000000000000 ) ) ;
#4086 = AXIS2_PLACEMENT_3D ( 'NONE', #2812, #908, #5809 ) ;
#4087 = CARTESIAN_POINT ( 'NONE',  ( -15.45489863773933692, 2.973234613406128268, -264.9999999999923261 ) ) ;
#4088 = EDGE_CURVE ( 'NONE', #4195, #129, #813, .T. ) ;
#4089 = CARTESIAN_POINT ( 'NONE',  ( -7.511801819191744833, 7.565096407499644293, -325.0000000000001137 ) ) ;
#4090 = CARTESIAN_POINT ( 'NONE',  ( 93.24432242974619101, -3.277637667062963445, -484.8000000000000114 ) ) ;
#4091 = CARTESIAN_POINT ( 'NONE',  ( 23.98483606930451728, 12.88939512921661468, -480.0000000000000000 ) ) ;
#4092 = AXIS2_PLACEMENT_3D ( 'NONE', #5379, #4433, #5348 ) ;
#4093 = AXIS2_PLACEMENT_3D ( 'NONE', #5434, #434, #4950 ) ;
#4094 = CARTESIAN_POINT ( 'NONE',  ( -25.19191368909355333, 8.171453916415739371, -264.4699564166888308 ) ) ;
#4095 = DIRECTION ( 'NONE',  ( -1.000000000000000000, 0.000000000000000000, 0.000000000000000000 ) ) ;
#4096 = CARTESIAN_POINT ( 'NONE',  ( 35.17394061859650378, 12.96703941266235383, 0.000000000000000000 ) ) ;
#4097 = CARTESIAN_POINT ( 'NONE',  ( -60.00000000000000000, 12.49999999999996625, -324.9999999999998863 ) ) ;
#4098 = VERTEX_POINT ( 'NONE', #3278 ) ;
#4099 = VECTOR ( 'NONE', #1829, 1000.000000000000000 ) ;
#4100 = VERTEX_POINT ( 'NONE', #3729 ) ;
#4101 = DIRECTION ( 'NONE',  ( -0.000000000000000000, -0.000000000000000000, -1.000000000000000000 ) ) ;
#4102 = CARTESIAN_POINT ( 'NONE',  ( 209.5055090567791751, -9.001016951444730907, -575.0000000000000000 ) ) ;
#4103 = VECTOR ( 'NONE', #2006, 1000.000000000000000 ) ;
#4104 = ORIENTED_EDGE ( 'NONE', *, *, #1504, .F. ) ;
#4105 = CARTESIAN_POINT ( 'NONE',  ( 14.38201203038337184, -3.569684121077284722, -328.6715382102849503 ) ) ;
#4106 = CARTESIAN_POINT ( 'NONE',  ( 139.9999999999999716, -18.00000000000000355, -549.9999999999998863 ) ) ;
#4107 = CARTESIAN_POINT ( 'NONE',  ( 94.31567504812994684, -3.212502174571184366, -479.9993146216443165 ) ) ;
#4108 = ORIENTED_EDGE ( 'NONE', *, *, #3440, .F. ) ;
#4109 = CARTESIAN_POINT ( 'NONE',  ( -13.25479611697959470, 4.832570056341805476, -250.0257172936951520 ) ) ;
#4110 = VECTOR ( 'NONE', #5238, 1000.000000000000000 ) ;
#4111 = CARTESIAN_POINT ( 'NONE',  ( 213.3522236451457559, -5.502079521942864204, -574.9999999999997726 ) ) ;
#4112 = EDGE_CURVE ( 'NONE', #3766, #876, #872, .T. ) ;
#4113 = CARTESIAN_POINT ( 'NONE',  ( 39.50000000000001421, 3.000000000000000000, -318.9999999999999432 ) ) ;
#4114 = CARTESIAN_POINT ( 'NONE',  ( -15.88789562192960503, 3.105155441317048126, -479.9999999999991473 ) ) ;
#4115 = CARTESIAN_POINT ( 'NONE',  ( -7.264716338744300117, -16.87872995602806725, -264.9999999999999432 ) ) ;
#4116 = CARTESIAN_POINT ( 'NONE',  ( -11.18651824709755083, 5.586618177445990874, 0.000000000000000000 ) ) ;
#4117 = DIRECTION ( 'NONE',  ( 0.000000000000000000, -0.000000000000000000, -1.000000000000000000 ) ) ;
#4118 = CARTESIAN_POINT ( 'NONE',  ( -2.775557561562891351E-14, -14.17819011039157928, -549.9999999999998863 ) ) ;
#4119 = PLANE ( 'NONE',  #5445 ) ;
#4120 = CARTESIAN_POINT ( 'NONE',  ( 51.00000000000021316, -7.000000000000000000, -304.0000000000005684 ) ) ;
#4121 = CARTESIAN_POINT ( 'NONE',  ( -19.69131953677655744, 18.44963795232420267, -264.9999999999998863 ) ) ;
#4122 = CARTESIAN_POINT ( 'NONE',  ( -5.508334127531571589, 8.225390663689195136, -340.0203616493415097 ) ) ;
#4123 = CARTESIAN_POINT ( 'NONE',  ( 157.0960485702040614, -0.2117113013858293313, 0.000000000000000000 ) ) ;
#4124 = DIRECTION ( 'NONE',  ( 0.3346165997964689609, -0.1232221215401637926, 0.9342633675274819582 ) ) ;
#4125 = EDGE_CURVE ( 'NONE', #4915, #5001, #5741, .T. ) ;
#4126 = CARTESIAN_POINT ( 'NONE',  ( -7.586657419870149077, 11.14630590942232402, -259.6597633377334660 ) ) ;
#4127 = DIRECTION ( 'NONE',  ( -0.000000000000000000, 0.000000000000000000, -1.000000000000000000 ) ) ;
#4128 = CARTESIAN_POINT ( 'NONE',  ( 11.76586301149975533, 11.77499810444871287, -484.8000000000000114 ) ) ;
#4129 = CARTESIAN_POINT ( 'NONE',  ( 14.99999999999998579, 0.000000000000000000, -575.0000000000000000 ) ) ;
#4130 = ORIENTED_EDGE ( 'NONE', *, *, #4112, .F. ) ;
#4131 = VERTEX_POINT ( 'NONE', #2810 ) ;
#4132 = CARTESIAN_POINT ( 'NONE',  ( 63.00000000000001421, -18.00000000000000355, -549.9999999999998863 ) ) ;
#4133 = CARTESIAN_POINT ( 'NONE',  ( 172.8877106125320608, -0.09981419793133004814, -480.0000000000003411 ) ) ;
#4134 = EDGE_CURVE ( 'NONE', #1116, #5840, #6176, .T. ) ;
#4135 = EDGE_LOOP ( 'NONE', ( #1021, #5101, #1356, #6299 ) ) ;
#4136 = DIRECTION ( 'NONE',  ( 1.000000000000000000, 0.000000000000000000, -8.163404592832026077E-16 ) ) ;
#4137 = CARTESIAN_POINT ( 'NONE',  ( -11.27420637043108442, -0.7851661695606956259, -339.9941377164809637 ) ) ;
#4138 = CARTESIAN_POINT ( 'NONE',  ( 87.19330661029984242, -3.467439714886231705, -480.0006643928616654 ) ) ;
#4139 = EDGE_LOOP ( 'NONE', ( #5172, #1307, #1571, #4615, #2733, #3432, #533 ) ) ;
#4140 = CARTESIAN_POINT ( 'NONE',  ( 77.62331125921768660, -3.511120054623809938, -479.0500000000004093 ) ) ;
#4141 = B_SPLINE_CURVE_WITH_KNOTS ( 'NONE', 3,
 ( #1476, #1638, #4588, #411, #2874 ),
 .UNSPECIFIED., .F., .F.,
 ( 4, 1, 4 ),
 ( 0.000000000000000000, 0.001958661256046221114, 0.005500033851990022461 ),
 .UNSPECIFIED. ) ;
#4142 = CARTESIAN_POINT ( 'NONE',  ( 176.3285358617863494, 0.2638388266962888862, -479.0499999999993861 ) ) ;
#4143 = CARTESIAN_POINT ( 'NONE',  ( 44.99999999999990763, -4.151473796384103743, -313.9999999999452029 ) ) ;
#4144 = CARTESIAN_POINT ( 'NONE',  ( -13.53342193415591588, 5.132831568908624575, -480.0000000000003979 ) ) ;
#4145 = CARTESIAN_POINT ( 'NONE',  ( -9.667923659577587259, -16.49395393181367453, -264.9999999999998295 ) ) ;
#4146 = ORIENTED_EDGE ( 'NONE', *, *, #2406, .F. ) ;
#4147 = CARTESIAN_POINT ( 'NONE',  ( 52.35177606659411964, 13.40810478499789937, -480.0000000000000000 ) ) ;
#4148 = LINE ( 'NONE', #6035, #2319 ) ;
#4149 = CARTESIAN_POINT ( 'NONE',  ( -6.542976671657555698, -1.756581758017991879, -339.9915247584294775 ) ) ;
#4150 = EDGE_CURVE ( 'NONE', #671, #1626, #1205, .T. ) ;
#4151 = CARTESIAN_POINT ( 'NONE',  ( 179.6758406867323004, -0.3879661776884230084, -180.0000000000000000 ) ) ;
#4152 = CARTESIAN_POINT ( 'NONE',  ( -60.00000000000000000, 12.49999999999996625, -264.9999999999998863 ) ) ;
#4153 = CARTESIAN_POINT ( 'NONE',  ( -27.27226812438160408, 12.16505683674963478, -264.9999999999999432 ) ) ;
#4154 = CARTESIAN_POINT ( 'NONE',  ( -9.781641027438270797, 22.60424021566328534, -324.9999999999998863 ) ) ;
#4155 = FACE_OUTER_BOUND ( 'NONE', #3265, .T. ) ;
#4156 = CARTESIAN_POINT ( 'NONE',  ( 179.6758378702645871, -0.3878923695565487662, -480.0000000000000000 ) ) ;
#4157 = LINE ( 'NONE', #3214, #1275 ) ;
#4158 = CARTESIAN_POINT ( 'NONE',  ( 13.91304765269581267, -3.558322788877782639, -322.9999999999998863 ) ) ;
#4159 = CARTESIAN_POINT ( 'NONE',  ( 178.3338963855075292, -0.1680334023359391638, -480.0000000000000000 ) ) ;
#4160 = CARTESIAN_POINT ( 'NONE',  ( 71.44434538415998759, 12.71745100305900955, -480.0000000000000000 ) ) ;
#4161 = CARTESIAN_POINT ( 'NONE',  ( 63.00000000000001421, -18.00000000000000355, -575.0000000000000000 ) ) ;
#4162 = ORIENTED_EDGE ( 'NONE', *, *, #5751, .F. ) ;
#4163 = EDGE_CURVE ( 'NONE', #739, #4333, #4278, .T. ) ;
#4164 = ORIENTED_EDGE ( 'NONE', *, *, #1564, .T. ) ;
#4165 = CARTESIAN_POINT ( 'NONE',  ( -2.110219329125984977, 9.338583326806215723, -480.0046920111360009 ) ) ;
#4166 = CARTESIAN_POINT ( 'NONE',  ( 171.0611143329499271, 0.05921235165678420675, -479.0499999999998408 ) ) ;
#4167 = ORIENTED_EDGE ( 'NONE', *, *, #690, .T. ) ;
#4168 = CARTESIAN_POINT ( 'NONE',  ( 14.38366034693038209, -3.565987092455469298, -334.3307789301136950 ) ) ;
#4169 = CARTESIAN_POINT ( 'NONE',  ( 4.716567767672565026, -6.572276618765486411, -259.6560933093619497 ) ) ;
#4170 = DIRECTION ( 'NONE',  ( -0.000000000000000000, -0.000000000000000000, 1.000000000000000000 ) ) ;
#4171 = EDGE_CURVE ( 'NONE', #795, #2741, #1660, .T. ) ;
#4172 = ORIENTED_EDGE ( 'NONE', *, *, #5431, .F. ) ;
#4173 = CARTESIAN_POINT ( 'NONE',  ( -60.00000000000000000, 7.499999999999966249, -264.9999999999998863 ) ) ;
#4174 = CARTESIAN_POINT ( 'NONE',  ( 161.9697553535604300, 2.704209338299180310, -479.0499999999993292 ) ) ;
#4175 = CARTESIAN_POINT ( 'NONE',  ( -15.34748343376040225, 0.9134765828398557774, -250.0065888760280473 ) ) ;
#4176 = CARTESIAN_POINT ( 'NONE',  ( -12.60555208682935024, 5.668577540500321810, -479.9999999999997726 ) ) ;
#4177 = CARTESIAN_POINT ( 'NONE',  ( -13.63778422160918957, -15.70505215123478138, -264.9999999999998863 ) ) ;
#4178 = ORIENTED_EDGE ( 'NONE', *, *, #2137, .F. ) ;
#4179 = CARTESIAN_POINT ( 'NONE',  ( 26.38787797585424499, 13.01615533132223490, -480.0000000000000000 ) ) ;
#4180 = DIRECTION ( 'NONE',  ( 0.000000000000000000, 0.000000000000000000, 1.000000000000000000 ) ) ;
#4181 = CARTESIAN_POINT ( 'NONE',  ( 6.662756731194070525, -3.151544312247364754, -324.9999999999697593 ) ) ;
#4182 = PLANE ( 'NONE',  #4503 ) ;
#4183 = CARTESIAN_POINT ( 'NONE',  ( 16.85000000000000142, 3.570561577078505522, -495.0000000000000000 ) ) ;
#4184 = ADVANCED_FACE ( 'NONE', ( #378 ), #5836, .T. ) ;
#4185 = CARTESIAN_POINT ( 'NONE',  ( -15.22484806406020574, 3.206433803040646513, -250.0289080617390027 ) ) ;
#4186 = CARTESIAN_POINT ( 'NONE',  ( -11.68244946349491897, 5.877841268063455971, -340.0239623727556477 ) ) ;
#4187 = DIRECTION ( 'NONE',  ( -0.000000000000000000, -0.000000000000000000, -1.000000000000000000 ) ) ;
#4188 = CARTESIAN_POINT ( 'NONE',  ( 9.788109984246043282, -3.259979184930926088, -484.8000000000000114 ) ) ;
#4189 = CARTESIAN_POINT ( 'NONE',  ( 14.99999999999998579, 0.000000000000000000, -519.9999999999998863 ) ) ;
#4190 = CIRCLE ( 'NONE', #3154, 2.000000000000001776 ) ;
#4191 = DIRECTION ( 'NONE',  ( -1.000000000000000000, -0.000000000000000000, -0.000000000000000000 ) ) ;
#4192 = CARTESIAN_POINT ( 'NONE',  ( 137.6758406867323004, -0.9075296460371417018, -399.1262385195545903 ) ) ;
#4193 = CARTESIAN_POINT ( 'NONE',  ( 101.2372678745173715, 10.30162484350351448, 0.000000000000000000 ) ) ;
#4194 = LINE ( 'NONE', #2693, #3898 ) ;
#4195 = VERTEX_POINT ( 'NONE', #1292 ) ;
#4196 = EDGE_LOOP ( 'NONE', ( #3965, #2638, #761, #2177 ) ) ;
#4197 = CARTESIAN_POINT ( 'NONE',  ( -10.51062446501396330, 6.662464070954134066, -479.9996974613997622 ) ) ;
#4198 = CIRCLE ( 'NONE', #3261, 1.400000000000012346 ) ;
#4199 = CARTESIAN_POINT ( 'NONE',  ( 1.364666495497359744, -10.07004484169727299, -262.8486042869885182 ) ) ;
#4200 = ORIENTED_EDGE ( 'NONE', *, *, #3665, .F. ) ;
#4201 = DIRECTION ( 'NONE',  ( 1.000000000000000000, 0.000000000000000000, 0.000000000000000000 ) ) ;
#4202 = AXIS2_PLACEMENT_3D ( 'NONE', #2460, #4442, #1486 ) ;
#4203 = VECTOR ( 'NONE', #5403, 1000.000000000000227 ) ;
#4204 = CARTESIAN_POINT ( 'NONE',  ( -10.61145999695344955, -0.9568857528658035738, -339.9935569224440428 ) ) ;
#4205 = PLANE ( 'NONE',  #5640 ) ;
#4206 = ORIENTED_EDGE ( 'NONE', *, *, #3665, .T. ) ;
#4207 = CARTESIAN_POINT ( 'NONE',  ( 23.98646168132142265, -3.825918615344502172, -479.9999999999998295 ) ) ;
#4208 = CARTESIAN_POINT ( 'NONE',  ( 177.2940973610943445, 0.06910603722507471791, -479.9999999999998863 ) ) ;
#4209 = CIRCLE ( 'NONE', #3270, 0.9999999999999940048 ) ;
#4210 = EDGE_CURVE ( 'NONE', #4502, #3283, #3684, .T. ) ;
#4211 = CARTESIAN_POINT ( 'NONE',  ( -3.174251199580745197, -2.298114309099577035, -249.9908018637001987 ) ) ;
#4212 = CARTESIAN_POINT ( 'NONE',  ( -26.83048651244218874, -12.50000000000747669, -265.1455975279690165 ) ) ;
#4213 = CIRCLE ( 'NONE', #573, 1.400000000000012346 ) ;
#4214 = LINE ( 'NONE', #5730, #2520 ) ;
#4215 = EDGE_LOOP ( 'NONE', ( #2471, #3894, #3222, #4385, #356, #5691, #1082 ) ) ;
#4216 = CARTESIAN_POINT ( 'NONE',  ( 178.3338963855075292, -0.1680334023359391638, -480.0000000000000000 ) ) ;
#4217 = CARTESIAN_POINT ( 'NONE',  ( 66.56794336071808971, -4.001927219737104302, -304.0000000000006253 ) ) ;
#4218 = PRODUCT ( 'Right Wing', 'Right Wing', '', ( #3038 ) ) ;
#4219 = CARTESIAN_POINT ( 'NONE',  ( 17.80811955274250025, -3.945346200937884351, 0.000000000000000000 ) ) ;
#4220 = CARTESIAN_POINT ( 'NONE',  ( -15.98052722277169124, 1.333984075778537282, -479.9996572203353935 ) ) ;
#4221 = CARTESIAN_POINT ( 'NONE',  ( -12.67641220227955046, 5.182737831648124072, -250.0250205954621663 ) ) ;
#4222 = CARTESIAN_POINT ( 'NONE',  ( -60.00000000000000000, -7.500000000000034639, -269.9999999999998863 ) ) ;
#4223 = CARTESIAN_POINT ( 'NONE',  ( 8.689892167554026159, -12.00000000000000000, -316.9999999999998863 ) ) ;
#4224 = LINE ( 'NONE', #6179, #4303 ) ;
#4225 = DIRECTION ( 'NONE',  ( 1.000000000000000000, 0.000000000000000000, 0.000000000000000000 ) ) ;
#4226 = CARTESIAN_POINT ( 'NONE',  ( 110.5680198202315836, 9.562465782745871223, -480.0000000000000000 ) ) ;
#4227 = EDGE_LOOP ( 'NONE', ( #433, #4778, #3337, #1672 ) ) ;
#4228 = ORIENTED_EDGE ( 'NONE', *, *, #4371, .F. ) ;
#4229 = CARTESIAN_POINT ( 'NONE',  ( 166.4569395606838498, -0.05147537150223416985, -480.0000000000000568 ) ) ;
#4230 = ORIENTED_EDGE ( 'NONE', *, *, #2905, .F. ) ;
#4231 = DIRECTION ( 'NONE',  ( -0.000000000000000000, -0.000000000000000000, 1.000000000000000000 ) ) ;
#4232 = CARTESIAN_POINT ( 'NONE',  ( -15.86513410364284660, 2.663347274349340932, -340.0298298194782660 ) ) ;
#4233 = DIRECTION ( 'NONE',  ( -1.000000000000000000, 0.000000000000000000, 0.000000000000000000 ) ) ;
#4234 = ORIENTED_EDGE ( 'NONE', *, *, #2789, .T. ) ;
#4235 = LINE ( 'NONE', #3715, #4396 ) ;
#4236 = CARTESIAN_POINT ( 'NONE',  ( 179.2570299095157509, -0.2837974970824966858, -479.0500000000012051 ) ) ;
#4237 = CARTESIAN_POINT ( 'NONE',  ( 14.35898522588251147, -3.621108673532354327, -249.9900080436771077 ) ) ;
#4238 = LINE ( 'NONE', #4416, #3168 ) ;
#4239 = CARTESIAN_POINT ( 'NONE',  ( 50.99999999998993161, 1.000000000000000000, -575.1253581756884614 ) ) ;
#4240 = ORIENTED_EDGE ( 'NONE', *, *, #5275, .F. ) ;
#4241 = CARTESIAN_POINT ( 'NONE',  ( 81.25617708429797403, 12.12288412360681633, -480.0000000000000000 ) ) ;
#4242 = CARTESIAN_POINT ( 'NONE',  ( 179.6750924795258015, -0.3887683206063293762, -479.9982357590476454 ) ) ;
#4243 = EDGE_CURVE ( 'NONE', #4476, #5963, #1808, .T. ) ;
#4244 = CARTESIAN_POINT ( 'NONE',  ( 33.67911437448025680, -12.00000000000000000, -343.0000000000000000 ) ) ;
#4245 = DIRECTION ( 'NONE',  ( 0.000000000000000000, 0.000000000000000000, 1.000000000000000000 ) ) ;
#4246 = CARTESIAN_POINT ( 'NONE',  ( -15.93476634099855538, 1.759384195354460445, -264.9999999999998863 ) ) ;
#4247 = CARTESIAN_POINT ( 'NONE',  ( 0.9557089977263817371, -10.66774468637459883, -326.7038662726357643 ) ) ;
#4248 = EDGE_CURVE ( 'NONE', #4841, #273, #4306, .T. ) ;
#4249 = DIRECTION ( 'NONE',  ( 0.000000000000000000, 0.000000000000000000, 1.000000000000000000 ) ) ;
#4250 = CARTESIAN_POINT ( 'NONE',  ( 1.364666495497359744, -10.07004484169727299, -262.8486042869885182 ) ) ;
#4251 = CARTESIAN_POINT ( 'NONE',  ( -15.90885572465170661, 3.072923140744744153, -480.0002200524193654 ) ) ;
#4252 = DIRECTION ( 'NONE',  ( -1.000000000000000000, 0.000000000000000000, 0.000000000000000000 ) ) ;
#4253 = CARTESIAN_POINT ( 'NONE',  ( -15.61056914028478459, 1.094925805356746329, -340.0080852980146346 ) ) ;
#4254 = ORIENTED_EDGE ( 'NONE', *, *, #1187, .F. ) ;
#4255 = ORIENTED_EDGE ( 'NONE', *, *, #1059, .T. ) ;
#4256 = CARTESIAN_POINT ( 'NONE',  ( -24.40480163651949752, 12.49999999999996625, -320.6736844556070878 ) ) ;
#4257 = CARTESIAN_POINT ( 'NONE',  ( 167.2726372569709952, -0.05127026591010962892, -479.9999999999994884 ) ) ;
#4258 = VERTEX_POINT ( 'NONE', #2324 ) ;
#4259 = CARTESIAN_POINT ( 'NONE',  ( 4.611378372814060711, 10.54946656725717524, -310.1729335409344799 ) ) ;
#4260 = DIRECTION ( 'NONE',  ( -0.000000000000000000, -0.000000000000000000, -1.000000000000000000 ) ) ;
#4261 = CARTESIAN_POINT ( 'NONE',  ( 155.0000000000000000, 0.000000000000000000, -519.9999999999998863 ) ) ;
#4262 = ADVANCED_FACE ( 'NONE', ( #1322 ), #5287, .T. ) ;
#4263 = EDGE_CURVE ( 'NONE', #3441, #5402, #5459, .T. ) ;
#4264 = ORIENTED_EDGE ( 'NONE', *, *, #497, .F. ) ;
#4265 = CARTESIAN_POINT ( 'NONE',  ( 55.99999999999999289, -3.000000000000000000, -575.0000000000000000 ) ) ;
#4266 = CARTESIAN_POINT ( 'NONE',  ( 178.6405971834668662, -0.2062476433555887334, -479.9999999999989768 ) ) ;
#4267 = CARTESIAN_POINT ( 'NONE',  ( 0.8599852880840700431, -2.760043311746049444, -249.9902625668272549 ) ) ;
#4268 = CARTESIAN_POINT ( 'NONE',  ( 0.005003956201540134784, -11.56780260725768272, -264.2753736650908536 ) ) ;
#4269 = ORIENTED_EDGE ( 'NONE', *, *, #199, .T. ) ;
#4270 = CARTESIAN_POINT ( 'NONE',  ( 101.2372678745173715, 10.30162484350351448, 0.000000000000000000 ) ) ;
#4271 = LINE ( 'NONE', #3783, #4297 ) ;
#4272 = CARTESIAN_POINT ( 'NONE',  ( -15.49038927230276030, 1.995938140514375903, 0.000000000000000000 ) ) ;
#4273 = CARTESIAN_POINT ( 'NONE',  ( -16.28476835422951297, 1.828344060230720602, -479.9997295878325758 ) ) ;
#4274 = CARTESIAN_POINT ( 'NONE',  ( -28.99635142734052451, 9.546145917525509006, -264.9999999999999432 ) ) ;
#4275 = DIRECTION ( 'NONE',  ( -1.000000000000000000, -0.000000000000000000, -0.000000000000000000 ) ) ;
#4276 = CARTESIAN_POINT ( 'NONE',  ( 56.00000000000000000, 3.000000000000000000, -338.9999999999999432 ) ) ;
#4277 = EDGE_CURVE ( 'NONE', #2957, #3675, #1914, .T. ) ;
#4278 = LINE ( 'NONE', #4861, #4400 ) ;
#4279 = CARTESIAN_POINT ( 'NONE',  ( 45.00000000000001421, -7.000000000000000000, -338.9999999999999432 ) ) ;
#4280 = CARTESIAN_POINT ( 'NONE',  ( 39.67911437448025680, -7.000000000000000000, -571.0000000000000000 ) ) ;
#4281 = CARTESIAN_POINT ( 'NONE',  ( -15.22567941803703739, 0.7812558517447210082, -340.0043497528247372 ) ) ;
#4282 = ORIENTED_EDGE ( 'NONE', *, *, #1991, .T. ) ;
#4283 = ORIENTED_EDGE ( 'NONE', *, *, #4047, .T. ) ;
#4284 = CARTESIAN_POINT ( 'NONE',  ( -12.58677779798048668, 5.668056662679138213, -480.0001931504373829 ) ) ;
#4285 = CARTESIAN_POINT ( 'NONE',  ( 163.2098057836545308, -0.06806612077130554106, -480.0000000000000000 ) ) ;
#4286 = CIRCLE ( 'NONE', #4924, 5.000000000000004441 ) ;
#4287 = ORIENTED_EDGE ( 'NONE', *, *, #1142, .F. ) ;
#4288 = CARTESIAN_POINT ( 'NONE',  ( 0.8007065346546647921, 12.13475145444203029, -279.8184735892187405 ) ) ;
#4289 = CARTESIAN_POINT ( 'NONE',  ( -28.46127260340282561, 12.49999999999996625, -269.9999999987950901 ) ) ;
#4290 = CIRCLE ( 'NONE', #5538, 5.000000000000004441 ) ;
#4291 = DIRECTION ( 'NONE',  ( -1.000000000000000000, 0.000000000000000000, 0.000000000000000000 ) ) ;
#4292 = ORIENTED_EDGE ( 'NONE', *, *, #4210, .T. ) ;
#4293 = CARTESIAN_POINT ( 'NONE',  ( -26.70547466403161252, -12.50000000000003553, -320.0000000013162662 ) ) ;
#4294 = CARTESIAN_POINT ( 'NONE',  ( 211.1476896855136829, -7.887598407037899051, -575.0000000000000000 ) ) ;
#4295 = CARTESIAN_POINT ( 'NONE',  ( -3.011431384685788082, -17.36057780584700794, -324.9999999999998863 ) ) ;
#4296 = AXIS2_PLACEMENT_3D ( 'NONE', #5464, #5327, #391 ) ;
#4297 = VECTOR ( 'NONE', #5251, 1000.000000000000000 ) ;
#4298 = LINE ( 'NONE', #430, #3882 ) ;
#4299 = LINE ( 'NONE', #6315, #1485 ) ;
#4300 = ORIENTED_EDGE ( 'NONE', *, *, #2629, .F. ) ;
#4301 = CARTESIAN_POINT ( 'NONE',  ( 61.77310697284232788, 13.15559628394893465, -484.8000000000000114 ) ) ;
#4302 = EDGE_CURVE ( 'NONE', #1635, #3578, #3365, .T. ) ;
#4303 = VECTOR ( 'NONE', #1199, 1000.000000000000000 ) ;
#4304 = VECTOR ( 'NONE', #2477, 1000.000000000000000 ) ;
#4305 = PLANE ( 'NONE',  #3459 ) ;
#4306 = CIRCLE ( 'NONE', #4720, 8.000000000000007105 ) ;
#4307 = CARTESIAN_POINT ( 'NONE',  ( 22.99999999999998579, 9.797174393178829602E-16, -575.0000000000000000 ) ) ;
#4308 = CARTESIAN_POINT ( 'NONE',  ( 55.99999999999999289, 0.000000000000000000, -575.0000000000000000 ) ) ;
#4309 = CARTESIAN_POINT ( 'NONE',  ( -28.78361790297434908, -6.085906871017551900, -265.0000000000000000 ) ) ;
#4310 = CARTESIAN_POINT ( 'NONE',  ( -0.2442844299832277188, 9.577310395590473036, -340.0185606061793351 ) ) ;
#4311 = AXIS2_PLACEMENT_3D ( 'NONE', #2066, #6040, #1581 ) ;
#4312 = FACE_OUTER_BOUND ( 'NONE', #3606, .T. ) ;
#4313 = CARTESIAN_POINT ( 'NONE',  ( -15.50633102485560855, 2.859178434559378701, -250.0293445678682929 ) ) ;
#4314 = DIRECTION ( 'NONE',  ( 0.000000000000000000, 0.000000000000000000, -1.000000000000000000 ) ) ;
#4315 = CARTESIAN_POINT ( 'NONE',  ( 12.91747589505896698, -3.567753369051159140, -338.4971563493813846 ) ) ;
#4316 = CARTESIAN_POINT ( 'NONE',  ( -31.00878815369164343, 0.1366423662703859510, -324.9999999999999432 ) ) ;
#4317 = ORIENTED_EDGE ( 'NONE', *, *, #3463, .F. ) ;
#4318 = ORIENTED_EDGE ( 'NONE', *, *, #1321, .T. ) ;
#4319 = CARTESIAN_POINT ( 'NONE',  ( -22.53469466415648981, 12.49999999999996803, -325.2788606251083365 ) ) ;
#4320 = FACE_OUTER_BOUND ( 'NONE', #4660, .T. ) ;
#4321 = EDGE_CURVE ( 'NONE', #2897, #5433, #3823, .T. ) ;
#4322 = ORIENTED_EDGE ( 'NONE', *, *, #5898, .T. ) ;
#4323 = CARTESIAN_POINT ( 'NONE',  ( -19.50817044661612343, 9.437112427794195568, -327.1363738131000218 ) ) ;
#4324 = CARTESIAN_POINT ( 'NONE',  ( -19.81055425343429022, 12.49999999999996625, -268.0012034040514095 ) ) ;
#4325 = FACE_OUTER_BOUND ( 'NONE', #5038, .T. ) ;
#4326 = EDGE_LOOP ( 'NONE', ( #3249, #821, #2174, #2394 ) ) ;
#4327 = CARTESIAN_POINT ( 'NONE',  ( -11.08256084665987018, -9.610297802934001155, -326.4643693668081710 ) ) ;
#4328 = CARTESIAN_POINT ( 'NONE',  ( 210.7365370768417279, -8.191154129913224224, -575.0000000000000000 ) ) ;
#4329 = CARTESIAN_POINT ( 'NONE',  ( 1.583122290885505379, -2.754635069511702561, -324.9999999999998863 ) ) ;
#4330 = LINE ( 'NONE', #4815, #4099 ) ;
#4331 = CARTESIAN_POINT ( 'NONE',  ( 33.67911437448024969, -3.976662938651982060, -480.0014840328256582 ) ) ;
#4332 = ADVANCED_FACE ( 'NONE', ( #4831 ), #5350, .T. ) ;
#4333 = VERTEX_POINT ( 'NONE', #4891 ) ;
#4334 = CARTESIAN_POINT ( 'NONE',  ( -28.56526551279012338, -1.318388846169915363, -549.9999999999998863 ) ) ;
#4335 = CARTESIAN_POINT ( 'NONE',  ( 55.99999999999999289, -3.000000000000000000, -571.0000000000000000 ) ) ;
#4336 = CARTESIAN_POINT ( 'NONE',  ( -1.068309235013985337, 12.49999999999996625, -304.9999980393211558 ) ) ;
#4337 = CARTESIAN_POINT ( 'NONE',  ( -15.89786390799990023, 1.611449241680027455, -264.9999999999095621 ) ) ;
#4338 = DIRECTION ( 'NONE',  ( 0.000000000000000000, 0.000000000000000000, -1.000000000000000000 ) ) ;
#4339 = ADVANCED_FACE ( 'NONE', ( #15 ), #3987, .T. ) ;
#4340 = CARTESIAN_POINT ( 'NONE',  ( -15.66386063425118103, 2.942828258017625043, -340.0293425946253478 ) ) ;
#4341 = CARTESIAN_POINT ( 'NONE',  ( 1.225792388678969669, -10.27454008672102148, -262.9855677850318898 ) ) ;
#4342 = CARTESIAN_POINT ( 'NONE',  ( 210.4667835735343999, 8.373426858827537345, -575.0000000000000000 ) ) ;
#4343 = CARTESIAN_POINT ( 'NONE',  ( 1.380538277841162786, 11.89626972062051102, -257.5736453825536501 ) ) ;
#4344 = CARTESIAN_POINT ( 'NONE',  ( -25.48321940023978271, -10.20933471074290821, -324.9999999999998863 ) ) ;
#4345 = ORIENTED_EDGE ( 'NONE', *, *, #6333, .F. ) ;
#4346 = VERTEX_POINT ( 'NONE', #4990 ) ;
#4347 = CARTESIAN_POINT ( 'NONE',  ( -10.86202152600025350, 12.49999999999996625, -325.5968811162593397 ) ) ;
#4348 = DIRECTION ( 'NONE',  ( -1.000000000000000000, 0.000000000000000000, 0.000000000000000000 ) ) ;
#4349 = VERTEX_POINT ( 'NONE', #2942 ) ;
#4350 = DIRECTION ( 'NONE',  ( 1.000000000000000000, 0.000000000000000000, 0.000000000000000000 ) ) ;
#4351 = CARTESIAN_POINT ( 'NONE',  ( -27.85534655193038844, -7.500000000000065725, -264.9999999999999432 ) ) ;
#4352 = CARTESIAN_POINT ( 'NONE',  ( -17.96851826712361699, 12.49999999999996447, -263.8973426047297721 ) ) ;
#4353 = DIRECTION ( 'NONE',  ( -0.000000000000000000, 0.000000000000000000, -1.000000000000000000 ) ) ;
#4354 = ORIENTED_EDGE ( 'NONE', *, *, #3919, .T. ) ;
#4355 = CARTESIAN_POINT ( 'NONE',  ( -15.58558664289676621, -12.50000000000003553, -321.3792020908927611 ) ) ;
#4356 = CARTESIAN_POINT ( 'NONE',  ( 179.2029421105461893, -0.3003558379578553095, -479.0499999999997272 ) ) ;
#4357 = CARTESIAN_POINT ( 'NONE',  ( -6.996005798887515503, -1.690606754415777679, -325.0000000000074465 ) ) ;
#4358 = DIRECTION ( 'NONE',  ( 0.000000000000000000, -0.000000000000000000, 1.000000000000000000 ) ) ;
#4359 = EDGE_CURVE ( 'NONE', #753, #2387, #1060, .T. ) ;
#4360 = DIRECTION ( 'NONE',  ( 0.000000000000000000, 0.000000000000000000, 1.000000000000000000 ) ) ;
#4361 = ORIENTED_EDGE ( 'NONE', *, *, #4996, .T. ) ;
#4362 = CARTESIAN_POINT ( 'NONE',  ( 90.00000000000001421, 3.570561577078521953, -495.0000000000000000 ) ) ;
#4363 = CARTESIAN_POINT ( 'NONE',  ( 143.2345666152074841, 5.364968233205738457, -479.0500000000000114 ) ) ;
#4364 = CARTESIAN_POINT ( 'NONE',  ( -40.82967990756154819, -8.136501672616127223, -575.0000000000000000 ) ) ;
#4365 = CARTESIAN_POINT ( 'NONE',  ( -1.576972266056858141, -2.337670541838359206, -479.9979176614709218 ) ) ;
#4366 = CARTESIAN_POINT ( 'NONE',  ( -15.87700714396863688, 2.291565785797703203, -264.9999999999095621 ) ) ;
#4367 = CARTESIAN_POINT ( 'NONE',  ( 132.5157983625784652, -1.138558985234869425, -484.8000000000000114 ) ) ;
#4368 = CARTESIAN_POINT ( 'NONE',  ( 142.0000000000000000, 15.99999999999998579, -549.9999999999998863 ) ) ;
#4369 = FACE_OUTER_BOUND ( 'NONE', #2568, .T. ) ;
#4370 = ADVANCED_FACE ( 'NONE', ( #2418 ), #5869, .T. ) ;
#4371 = EDGE_CURVE ( 'NONE', #1832, #1005, #2815, .T. ) ;
#4372 = CARTESIAN_POINT ( 'NONE',  ( -15.06869740429285187, 2.626790534657205356, 0.000000000000000000 ) ) ;
#4373 = CARTESIAN_POINT ( 'NONE',  ( 0.8380950068350315751, 12.12578114404440655, -331.9034935632001861 ) ) ;
#4374 = LINE ( 'NONE', #5317, #3256 ) ;
#4375 = CARTESIAN_POINT ( 'NONE',  ( -15.27449815468280292, 0.8169731192716481738, -340.0047586135519850 ) ) ;
#4376 = ORIENTED_EDGE ( 'NONE', *, *, #5409, .F. ) ;
#4377 = ORIENTED_EDGE ( 'NONE', *, *, #2427, .T. ) ;
#4378 = CARTESIAN_POINT ( 'NONE',  ( 44.00000000000000711, 7.999999999999998224, 0.000000000000000000 ) ) ;
#4379 = ORIENTED_EDGE ( 'NONE', *, *, #1597, .T. ) ;
#4380 = CARTESIAN_POINT ( 'NONE',  ( -18.86059003493437203, 9.581227325080730495, -327.3266060686338506 ) ) ;
#4381 = CARTESIAN_POINT ( 'NONE',  ( -26.81510560855262781, -7.647782628297823848, -264.9999999999999432 ) ) ;
#4382 = CARTESIAN_POINT ( 'NONE',  ( -21.16611522302191162, 12.49999999999996625, -268.4670017120706689 ) ) ;
#4383 = VERTEX_POINT ( 'NONE', #6419 ) ;
#4384 = FACE_OUTER_BOUND ( 'NONE', #1781, .T. ) ;
#4385 = ORIENTED_EDGE ( 'NONE', *, *, #3403, .F. ) ;
#4386 = CARTESIAN_POINT ( 'NONE',  ( -10.95673639727595372, -12.50000000000111910, -325.1245410155041213 ) ) ;
#4387 = CARTESIAN_POINT ( 'NONE',  ( 179.6561454467536691, -0.3804362761607601451, -480.0000000000002842 ) ) ;
#4388 = CARTESIAN_POINT ( 'NONE',  ( -20.69377798658230816, -13.31432507265541965, -324.9999999999999432 ) ) ;
#4389 = CARTESIAN_POINT ( 'NONE',  ( -27.62949007195206264, 0.4491869865242241744, -549.9999999999998863 ) ) ;
#4390 = AXIS2_PLACEMENT_3D ( 'NONE', #5906, #1415, #3850 ) ;
#4391 = DIRECTION ( 'NONE',  ( 0.000000000000000000, 0.000000000000000000, -1.000000000000000000 ) ) ;
#4392 = ORIENTED_EDGE ( 'NONE', *, *, #4640, .F. ) ;
#4393 = CARTESIAN_POINT ( 'NONE',  ( 118.3507548929675863, 8.711752950341578483, -480.0007322949704758 ) ) ;
#4394 = CARTESIAN_POINT ( 'NONE',  ( 0.8502591169534043924, 12.11290781217283197, -271.6660674828204378 ) ) ;
#4395 = VECTOR ( 'NONE', #3617, 1000.000000000000000 ) ;
#4396 = VECTOR ( 'NONE', #4810, 1000.000000000000000 ) ;
#4397 = EDGE_CURVE ( 'NONE', #2763, #3732, #6311, .T. ) ;
#4398 = CARTESIAN_POINT ( 'NONE',  ( -17.14099966293466792, -23.60219931628891388, -575.0000000000000000 ) ) ;
#4399 = CARTESIAN_POINT ( 'NONE',  ( -8.428209757912044964, -1.353056026807091028, -480.0000727126778202 ) ) ;
#4400 = VECTOR ( 'NONE', #3756, 1000.000000000000000 ) ;
#4401 = CARTESIAN_POINT ( 'NONE',  ( -15.39733394455689641, 0.9518148322038259002, -265.0000000000150635 ) ) ;
#4402 = CARTESIAN_POINT ( 'NONE',  ( 169.0468689498301558, -0.04739636989563361658, -484.8000000000000114 ) ) ;
#4403 = AXIS2_PLACEMENT_3D ( 'NONE', #5588, #4127, #4225 ) ;
#4404 = DIRECTION ( 'NONE',  ( 1.000000000000000000, 0.000000000000000000, -1.017704439239767429E-14 ) ) ;
#4405 = CARTESIAN_POINT ( 'NONE',  ( -0.07509288329209791446, 12.49999999993059063, -284.9952292273858347 ) ) ;
#4406 = CARTESIAN_POINT ( 'NONE',  ( 137.6758406867323004, 6.274682932095847043, -216.9370838256755292 ) ) ;
#4407 = CARTESIAN_POINT ( 'NONE',  ( 2.997954107881951380, 25.37828503694435511, -264.9999999999999432 ) ) ;
#4408 = CARTESIAN_POINT ( 'NONE',  ( -15.35562451095777092, 3.276483278548348199, -324.9999999999845386 ) ) ;
#4409 = ORIENTED_EDGE ( 'NONE', *, *, #992, .T. ) ;
#4410 = AXIS2_PLACEMENT_3D ( 'NONE', #6420, #1936, #3988 ) ;
#4411 = ORIENTED_EDGE ( 'NONE', *, *, #2406, .T. ) ;
#4412 = DIRECTION ( 'NONE',  ( 0.000000000000000000, 0.000000000000000000, 1.000000000000000000 ) ) ;
#4413 = ORIENTED_EDGE ( 'NONE', *, *, #5980, .F. ) ;
#4414 = CARTESIAN_POINT ( 'NONE',  ( -29.51956041202734227, -4.660337019283805837, -264.9999999999998863 ) ) ;
#4415 = CARTESIAN_POINT ( 'NONE',  ( 1.224238845101690787, -10.26754555215159748, -305.7806596026484272 ) ) ;
#4416 = CARTESIAN_POINT ( 'NONE',  ( 137.6758406867323004, -25.12535817568845431, -434.0000000000000000 ) ) ;
#4417 = CARTESIAN_POINT ( 'NONE',  ( -22.05828837571835166, 12.49999999999996803, -264.6889760893501489 ) ) ;
#4418 = EDGE_LOOP ( 'NONE', ( #229, #2283, #3799, #3518, #4706, #6088, #1908, #4624 ) ) ;
#4419 = CARTESIAN_POINT ( 'NONE',  ( 11.47940665729016985, -3.639101885443783768, -316.9999999999998863 ) ) ;
#4420 = VERTEX_POINT ( 'NONE', #575 ) ;
#4421 = CARTESIAN_POINT ( 'NONE',  ( -3.410425616547303029, -12.50000000000217781, -325.4913365150512732 ) ) ;
#4422 = CARTESIAN_POINT ( 'NONE',  ( 179.3115938278583315, -0.3084699416275776818, -479.0499999999988745 ) ) ;
#4423 = CARTESIAN_POINT ( 'NONE',  ( -12.36880068209489281, -0.4634246759669489180, -339.9952113025404969 ) ) ;
#4424 = DIRECTION ( 'NONE',  ( 0.4678877204190326489, -0.8837879163470618860, 0.000000000000000000 ) ) ;
#4425 = CARTESIAN_POINT ( 'NONE',  ( 22.30484655817890172, -3.859185218140638085, -317.1294120297881136 ) ) ;
#4426 = ORIENTED_EDGE ( 'NONE', *, *, #1954, .T. ) ;
#4427 = CARTESIAN_POINT ( 'NONE',  ( -49.99999999999999289, 6.999999999999926281, -296.3999999999999204 ) ) ;
#4428 = CARTESIAN_POINT ( 'NONE',  ( 1.364666495497359744, -10.07004484169727299, -262.8486042869885182 ) ) ;
#4429 = CARTESIAN_POINT ( 'NONE',  ( -14.29097888141285821, 0.4366085048969388094, -479.0499999999986471 ) ) ;
#4430 = CARTESIAN_POINT ( 'NONE',  ( -15.26744779807805763, 0.8448891490051437803, -264.9999999999923261 ) ) ;
#4431 = EDGE_CURVE ( 'NONE', #4100, #6316, #4929, .T. ) ;
#4432 = CARTESIAN_POINT ( 'NONE',  ( 179.6758378702645871, -0.3878923695565488217, -484.8000000000000114 ) ) ;
#4433 = DIRECTION ( 'NONE',  ( 1.000000000000000000, 0.000000000000000000, 0.000000000000000000 ) ) ;
#4434 = DIRECTION ( 'NONE',  ( 0.000000000000000000, 0.000000000000000000, 1.000000000000000000 ) ) ;
#4435 = CARTESIAN_POINT ( 'NONE',  ( 7.337344713788806594, 10.94623263638735011, -251.5628541074530631 ) ) ;
#4436 = CARTESIAN_POINT ( 'NONE',  ( -9.926569782837102451, 6.530766982758135164, -250.0227760223128826 ) ) ;
#4437 = EDGE_CURVE ( 'NONE', #273, #6025, #5908, .T. ) ;
#4438 = CARTESIAN_POINT ( 'NONE',  ( -16.05971450259455224, 2.168973028586338003, -340.0285382704389008 ) ) ;
#4439 = ORIENTED_EDGE ( 'NONE', *, *, #1839, .F. ) ;
#4440 = EDGE_LOOP ( 'NONE', ( #494, #5493, #4354, #1592 ) ) ;
#4441 = CARTESIAN_POINT ( 'NONE',  ( 137.6758406867323004, 6.319836158831440009, -434.0000000000000000 ) ) ;
#4442 = DIRECTION ( 'NONE',  ( 0.000000000000000000, 0.000000000000000000, 1.000000000000000000 ) ) ;
#4443 = CARTESIAN_POINT ( 'NONE',  ( -14.87495472434037325, -9.345383686788267141, -263.8338728370255239 ) ) ;
#4444 = CARTESIAN_POINT ( 'NONE',  ( -14.33696193022107224, 4.687370186854693976, -484.8000000000000114 ) ) ;
#4445 = CARTESIAN_POINT ( 'NONE',  ( 2.276757265114796258, 12.49999999999996447, -258.3387015967867342 ) ) ;
#4446 = EDGE_LOOP ( 'NONE', ( #2019, #3465, #6118, #4903 ) ) ;
#4447 = LINE ( 'NONE', #6432, #5231 ) ;
#4448 = ORIENTED_EDGE ( 'NONE', *, *, #5953, .F. ) ;
#4449 = CARTESIAN_POINT ( 'NONE',  ( -14.91930166107554179, -9.336400563240896844, -326.1519205580511880 ) ) ;
#4450 = CARTESIAN_POINT ( 'NONE',  ( 210.1626293165604125, -8.572000934158840124, -574.9999999999998863 ) ) ;
#4451 = CARTESIAN_POINT ( 'NONE',  ( -13.16422144671038730, -0.1876490064852732176, -339.9961516505942996 ) ) ;
#4452 = ORIENTED_EDGE ( 'NONE', *, *, #328, .F. ) ;
#4453 = CARTESIAN_POINT ( 'NONE',  ( 27.61472533945796926, -3.975613823603342034, -328.6401738896457800 ) ) ;
#4454 = CARTESIAN_POINT ( 'NONE',  ( 37.65493980705711152, -4.110937917968932709, -328.1350870591493845 ) ) ;
#4455 = ORIENTED_EDGE ( 'NONE', *, *, #5083, .T. ) ;
#4456 = CARTESIAN_POINT ( 'NONE',  ( 18.34896787501770987, -3.626138859219259380, -480.0000000000000000 ) ) ;
#4457 = CARTESIAN_POINT ( 'NONE',  ( 138.1098601644455925, 6.271940883447031823, -480.0000000000000000 ) ) ;
#4458 = CARTESIAN_POINT ( 'NONE',  ( -37.36977417361544695, -10.39538040305774302, -574.9999999999998863 ) ) ;
#4459 = CARTESIAN_POINT ( 'NONE',  ( -15.07438361290829754, 0.6990412317234102613, -265.0000000000300133 ) ) ;
#4460 = CARTESIAN_POINT ( 'NONE',  ( 83.00166411239253250, -3.598187649516001674, -484.8000000000000114 ) ) ;
#4461 = CARTESIAN_POINT ( 'NONE',  ( -19.50079408220674537, 12.49999999999996447, -325.8373725471446392 ) ) ;
#4462 = CARTESIAN_POINT ( 'NONE',  ( 33.67911437448026390, -4.010403025954693668, -425.7166666504898558 ) ) ;
#4463 = EDGE_CURVE ( 'NONE', #5783, #757, #1446, .T. ) ;
#4464 = CARTESIAN_POINT ( 'NONE',  ( 0.8524862630568416089, 12.11051397561594456, -260.4938791313687148 ) ) ;
#4465 = DIRECTION ( 'NONE',  ( 1.000000000000000000, 0.000000000000000000, 0.000000000000000000 ) ) ;
#4466 = CARTESIAN_POINT ( 'NONE',  ( 137.6758406867323004, 6.282377828665028474, -253.8741676523164585 ) ) ;
#4467 = CARTESIAN_POINT ( 'NONE',  ( -2.812317895587831185, 8.849835198972172634, -250.0194248939304771 ) ) ;
#4468 = CARTESIAN_POINT ( 'NONE',  ( -14.46602265862154901, 4.162572440775417881, -340.0272564952970242 ) ) ;
#4469 = ORIENTED_EDGE ( 'NONE', *, *, #108, .F. ) ;
#4470 = FACE_OUTER_BOUND ( 'NONE', #4770, .T. ) ;
#4471 = B_SPLINE_CURVE_WITH_KNOTS ( 'NONE', 3,
 ( #5214, #766, #2373, #3416, #5432, #5928, #1890, #5503, #2474, #1466, #6377, #1986, #2402, #2967, #3029, #5999 ),
 .UNSPECIFIED., .F., .F.,
 ( 4, 2, 2, 2, 2, 2, 2, 4 ),
 ( 0.005765463302102425726, 0.009710366279557073460, 0.01168281776828439950, 0.01365526925701172553, 0.01562772074573904810, 0.01661394649010271285, 0.01760017223446637413, 0.02154507521192103314 ),
 .UNSPECIFIED. ) ;
#4472 = DIRECTION ( 'NONE',  ( -1.000000000000000000, 0.000000000000000000, 0.000000000000000000 ) ) ;
#4473 = LINE ( 'NONE', #6017, #4103 ) ;
#4474 = CARTESIAN_POINT ( 'NONE',  ( -2.341201833467979831, -2.285313997903711591, -480.0000000000000000 ) ) ;
#4475 = DIRECTION ( 'NONE',  ( -1.000000000000000000, 1.734723475976807094E-15, 0.000000000000000000 ) ) ;
#4476 = VERTEX_POINT ( 'NONE', #3529 ) ;
#4477 = CARTESIAN_POINT ( 'NONE',  ( 8.689892167554026159, -4.431440021246713101, -316.9999999999998863 ) ) ;
#4478 = VERTEX_POINT ( 'NONE', #2518 ) ;
#4479 = CARTESIAN_POINT ( 'NONE',  ( -25.04488443178454560, 12.49999999999996980, -320.5101297609249400 ) ) ;
#4480 = CARTESIAN_POINT ( 'NONE',  ( 179.6754953464592859, -0.3848055087689049580, -479.9999999999999432 ) ) ;
#4481 = CARTESIAN_POINT ( 'NONE',  ( -13.73799535282961060, -15.64017295618700842, -324.9999999999999432 ) ) ;
#4482 = ORIENTED_EDGE ( 'NONE', *, *, #4722, .F. ) ;
#4483 = CARTESIAN_POINT ( 'NONE',  ( 25.65935754767587440, -3.935639433435167422, -326.9724208322128334 ) ) ;
#4484 = CARTESIAN_POINT ( 'NONE',  ( 30.25914883193866345, -4.028350188714715507, -320.0148689084086300 ) ) ;
#4485 = ORIENTED_EDGE ( 'NONE', *, *, #3182, .T. ) ;
#4486 = CARTESIAN_POINT ( 'NONE',  ( 103.4991628437307867, 10.26157693878534261, -480.0018041021981503 ) ) ;
#4487 = CARTESIAN_POINT ( 'NONE',  ( 160.7984444757038887, 2.881504668083845644, -479.0500000000005798 ) ) ;
#4488 = AXIS2_PLACEMENT_3D ( 'NONE', #2751, #5803, #342 ) ;
#4489 = CARTESIAN_POINT ( 'NONE',  ( 18.34896788009169910, -3.626138859399069325, -480.0000000000000000 ) ) ;
#4490 = CARTESIAN_POINT ( 'NONE',  ( -14.22645775101450738, 0.2143926018623360519, -249.9988691042871096 ) ) ;
#4491 = CARTESIAN_POINT ( 'NONE',  ( 72.75170155685698603, -3.823805686934859782, -480.0000000000000000 ) ) ;
#4492 = VECTOR ( 'NONE', #5724, 999.9999999999998863 ) ;
#4493 = CARTESIAN_POINT ( 'NONE',  ( -15.24401020334366663, 12.49999999999996447, -326.8393287582173343 ) ) ;
#4494 = CARTESIAN_POINT ( 'NONE',  ( 74.00000000000001421, -3.863319689267720403, -322.0000000000000568 ) ) ;
#4495 = CARTESIAN_POINT ( 'NONE',  ( 0.8515888992371158928, 12.11147953351185080, -264.9993969650242320 ) ) ;
#4496 = VECTOR ( 'NONE', #3125, 1000.000000000000000 ) ;
#4497 = VECTOR ( 'NONE', #3974, 1000.000000000000000 ) ;
#4498 = DIRECTION ( 'NONE',  ( -1.000000000000000000, -0.000000000000000000, -0.000000000000000000 ) ) ;
#4499 = PLANE ( 'NONE',  #6283 ) ;
#4500 = CARTESIAN_POINT ( 'NONE',  ( -15.26669398081049422, 20.55614697804117696, -264.9999999999998295 ) ) ;
#4501 = CARTESIAN_POINT ( 'NONE',  ( -27.16564954211172633, 12.57947527676113886, -324.9999999999998863 ) ) ;
#4502 = VERTEX_POINT ( 'NONE', #481 ) ;
#4503 = AXIS2_PLACEMENT_3D ( 'NONE', #6169, #4084, #2065 ) ;
#4504 = CARTESIAN_POINT ( 'NONE',  ( -7.124480908045258687, -12.50000000000003553, -322.2705380055826936 ) ) ;
#4505 = FACE_OUTER_BOUND ( 'NONE', #702, .T. ) ;
#4506 = CARTESIAN_POINT ( 'NONE',  ( -16.13847424772379568, -9.231011053285357093, -263.9529914366739831 ) ) ;
#4507 = VECTOR ( 'NONE', #2384, 1000.000000000000000 ) ;
#4508 = CARTESIAN_POINT ( 'NONE',  ( -15.49125175170063606, 2.026594512098934597, 0.000000000000000000 ) ) ;
#4509 = CARTESIAN_POINT ( 'NONE',  ( -6.738818152307904263, 12.49999999999996625, -262.9977242235331119 ) ) ;
#4510 = B_SPLINE_CURVE_WITH_KNOTS ( 'NONE', 3,
 ( #808, #2316, #4732, #5255, #373, #772, #3818 ),
 .UNSPECIFIED., .F., .F.,
 ( 4, 3, 4 ),
 ( 5.551115123125782702E-17, 0.02971781142639869436, 0.06701000914358606897 ),
 .UNSPECIFIED. ) ;
#4511 = VERTEX_POINT ( 'NONE', #1966 ) ;
#4512 = CARTESIAN_POINT ( 'NONE',  ( 1.225551420560829330, -10.27345132882701151, -269.6460416771806194 ) ) ;
#4513 = EDGE_CURVE ( 'NONE', #6433, #3511, #2978, .T. ) ;
#4514 = ORIENTED_EDGE ( 'NONE', *, *, #5083, .F. ) ;
#4515 = CARTESIAN_POINT ( 'NONE',  ( -20.17306155614337371, 12.49999999999996447, -321.9404032446242354 ) ) ;
#4516 = CARTESIAN_POINT ( 'NONE',  ( 207.3825200201116559, -10.38705898514483827, -575.0000000000000000 ) ) ;
#4517 = ORIENTED_EDGE ( 'NONE', *, *, #6203, .F. ) ;
#4518 = CARTESIAN_POINT ( 'NONE',  ( 179.6758378702645302, -0.3878923695565453800, 0.000000000000000000 ) ) ;
#4519 = ADVANCED_FACE ( 'NONE', ( #511 ), #2036, .F. ) ;
#4520 = CARTESIAN_POINT ( 'NONE',  ( 173.8906911948162133, 0.7613296698556697439, -180.0000000000000000 ) ) ;
#4521 = CIRCLE ( 'NONE', #4730, 8.000000000000001776 ) ;
#4522 = DIRECTION ( 'NONE',  ( 1.000000000000000000, 0.000000000000000000, 0.000000000000000000 ) ) ;
#4523 = ORIENTED_EDGE ( 'NONE', *, *, #5497, .F. ) ;
#4524 = CARTESIAN_POINT ( 'NONE',  ( -13.48387981402266078, 4.683920999509616934, -250.0260242770639820 ) ) ;
#4525 = CARTESIAN_POINT ( 'NONE',  ( 213.9196200440849225, 4.577441068057618523, -574.9999999999998863 ) ) ;
#4526 = CARTESIAN_POINT ( 'NONE',  ( -42.44104580369797475, 6.720317459610960498, -575.0000000000000000 ) ) ;
#4527 = EDGE_CURVE ( 'NONE', #3026, #3404, #6380, .T. ) ;
#4528 = CARTESIAN_POINT ( 'NONE',  ( -15.39253941094278844, 0.9572653243203735896, -250.0072603314006301 ) ) ;
#4529 = CARTESIAN_POINT ( 'NONE',  ( -0.1019780999563829754, 9.830966669001000469, -480.0000000000000000 ) ) ;
#4530 = CARTESIAN_POINT ( 'NONE',  ( -6.128408251370739634, 12.49999999999996625, -327.3753137534258713 ) ) ;
#4531 =( BOUNDED_SURFACE ( )  B_SPLINE_SURFACE ( 3, 2, ( 
 ( #2633, #1662, #5692 ),
 ( #1756, #5597, #5236 ),
 ( #5663, #3254, #233 ),
 ( #6217, #270, #2700 ) ),
 .UNSPECIFIED., .F., .F., .T. ) 
 B_SPLINE_SURFACE_WITH_KNOTS ( ( 4, 4 ),
 ( 3, 3 ),
 ( 0.04620856949385263729, 0.1372885927729803057 ),
 ( 0.000000000000000000, 0.8581066938305181857 ),
 .UNSPECIFIED. ) 
 GEOMETRIC_REPRESENTATION_ITEM ( )  RATIONAL_B_SPLINE_SURFACE ( (
 ( 1.000000000000000000, 0.8512358785215390355, 0.9577827339280455821),
 ( 1.000000000000000000, 0.8508847781358693796, 0.9576830963390055018),
 ( 1.000000000000000000, 0.8505334572064860987, 0.9575833961626118995),
 ( 1.000000000000000000, 0.8501819166398318917, 0.9574836336561014516) ) ) 
 REPRESENTATION_ITEM ( '' )  SURFACE ( )  );
#4532 = CARTESIAN_POINT ( 'NONE',  ( 33.67911437448024969, -3.976662938651982060, -480.0014840328256582 ) ) ;
#4533 = CARTESIAN_POINT ( 'NONE',  ( 8.809222192879870406, 11.08570044351443507, -250.0164251947661285 ) ) ;
#4534 = CARTESIAN_POINT ( 'NONE',  ( 8.682706972171182258, -4.431796857808450341, -321.0000000001836042 ) ) ;
#4535 = CARTESIAN_POINT ( 'NONE',  ( 68.50000000000000000, 3.000000000000000000, -338.9999999999999432 ) ) ;
#4536 = CARTESIAN_POINT ( 'NONE',  ( -17.26333497633412861, 19.68349907991417425, -264.9999999999999432 ) ) ;
#4537 = EDGE_CURVE ( 'NONE', #1987, #5053, #5058, .T. ) ;
#4538 = CARTESIAN_POINT ( 'NONE',  ( -15.68132699156950594, 2.920535759181607460, -340.0293689523526268 ) ) ;
#4539 = CARTESIAN_POINT ( 'NONE',  ( 169.0473221562048423, -0.04764540472510893354, -480.0000000000000000 ) ) ;
#4540 = CARTESIAN_POINT ( 'NONE',  ( 132.7409877546635641, 6.745274689361662190, -479.0499999999999545 ) ) ;
#4541 = CARTESIAN_POINT ( 'NONE',  ( -30.59258000847808034, -1.579151927597454819, -264.9999999999998863 ) ) ;
#4542 = CARTESIAN_POINT ( 'NONE',  ( -16.76750820183005430, -9.170201204523534599, -264.0141338243101927 ) ) ;
#4543 = CARTESIAN_POINT ( 'NONE',  ( -15.48714112382321062, 0.7741603508531255118, -484.8000000000000114 ) ) ;
#4544 = CARTESIAN_POINT ( 'NONE',  ( 1.376302174044094162, 12.49999999999996625, -260.1089645600767426 ) ) ;
#4545 = ORIENTED_EDGE ( 'NONE', *, *, #156, .F. ) ;
#4546 = LINE ( 'NONE', #1073, #1902 ) ;
#4547 = ORIENTED_EDGE ( 'NONE', *, *, #3361, .F. ) ;
#4548 = CARTESIAN_POINT ( 'NONE',  ( -0.8944271909999412795, 16.05278640450006122, -549.9999999999998863 ) ) ;
#4549 = CARTESIAN_POINT ( 'NONE',  ( 206.9952654603231395, -10.63988699713089048, -575.0000000000000000 ) ) ;
#4550 = VERTEX_POINT ( 'NONE', #3208 ) ;
#4551 = CARTESIAN_POINT ( 'NONE',  ( 179.6746300319239538, -0.3772227571833274284, 0.000000000000000000 ) ) ;
#4552 = DIRECTION ( 'NONE',  ( 0.000000000000000000, -1.000000000000000000, 0.000000000000000000 ) ) ;
#4553 = DIRECTION ( 'NONE',  ( 1.000000000000000000, -0.000000000000000000, -0.000000000000000000 ) ) ;
#4554 = ORIENTED_EDGE ( 'NONE', *, *, #1023, .T. ) ;
#4555 = CARTESIAN_POINT ( 'NONE',  ( -12.07594763029727147, 5.518686078074301449, -250.0244086438165425 ) ) ;
#4556 = CARTESIAN_POINT ( 'NONE',  ( 165.6122593285154210, 2.145956516264921454, -479.0499999999996135 ) ) ;
#4557 = EDGE_CURVE ( 'NONE', #5115, #1885, #1676, .T. ) ;
#4558 = LINE ( 'NONE', #5907, #2010 ) ;
#4559 = CARTESIAN_POINT ( 'NONE',  ( -15.94794942783034308, 2.594046048917047376, -479.0499999999991019 ) ) ;
#4560 = CARTESIAN_POINT ( 'NONE',  ( -2.961211628575927790, -17.42313934601102687, -264.9999999999998863 ) ) ;
#4561 = CARTESIAN_POINT ( 'NONE',  ( 62.25911528231242187, 12.83383373011728246, 0.000000000000000000 ) ) ;
#4562 = CARTESIAN_POINT ( 'NONE',  ( 177.5166330760541484, -0.2391038052077505693, -479.9999694527311362 ) ) ;
#4563 = DIRECTION ( 'NONE',  ( 0.000000000000000000, 0.000000000000000000, 1.000000000000000000 ) ) ;
#4564 = CARTESIAN_POINT ( 'NONE',  ( 56.00000000000000000, 1.000000000000000000, 0.000000000000000000 ) ) ;
#4565 = B_SPLINE_CURVE_WITH_KNOTS ( 'NONE', 3,
 ( #709, #1612, #5544, #1092, #5055, #213, #2581, #1674, #3622, #6165, #4562, #1124, #5639, #2092, #4080, #3106, #4594, #148, #1154, #3139, #3722, #5705, #337, #1373, #863, #897, #5309, #2314, #769, #2745, #4729, #4242, #3845, #833 ),
 .UNSPECIFIED., .F., .F.,
 ( 4, 2, 2, 2, 2, 2, 2, 2, 2, 2, 2, 2, 2, 2, 2, 2, 4 ),
 ( 0.000000000000000000, 0.01302322246584439354, 0.01627902808230547241, 0.01953483369876654954, 0.02279063931522762668, 0.02441854212345821035, 0.02523249352757349698, 0.02563946922963114550, 0.02584295708066000966, 0.02594470100617444000, 0.02599557296893161354, 0.02600829095962094856, 0.02602100895031028704, 0.02603372694099962206, 0.02604008593634432947, 0.02604326543401673175, 0.02604644493168913402 ),
 .UNSPECIFIED. ) ;
#4566 = CARTESIAN_POINT ( 'NONE',  ( 40.67918489010030925, -4.134605247563472474, -321.9999999999999432 ) ) ;
#4567 = LINE ( 'NONE', #1677, #1510 ) ;
#4568 = CARTESIAN_POINT ( 'NONE',  ( -11.99710498760966182, 5.554144245645683320, -250.0243517304987506 ) ) ;
#4569 = CARTESIAN_POINT ( 'NONE',  ( -11.33872270686042683, 22.12217710952522509, -325.0000000000000568 ) ) ;
#4570 = CARTESIAN_POINT ( 'NONE',  ( 149.5732593322674404, -0.3762568687068241213, -480.0000000000000000 ) ) ;
#4571 = CARTESIAN_POINT ( 'NONE',  ( -14.42010150456695072, -12.50000000000003730, -321.5288672001628925 ) ) ;
#4572 = ADVANCED_FACE ( 'NONE', ( #5550 ), #5611, .F. ) ;
#4573 = CARTESIAN_POINT ( 'NONE',  ( -23.23315661093116802, 8.574149163288751652, -263.9993921582588428 ) ) ;
#4574 = CARTESIAN_POINT ( 'NONE',  ( 14.99999999999998579, 0.000000000000000000, -519.9999999999998863 ) ) ;
#4575 = CARTESIAN_POINT ( 'NONE',  ( -0.1019780999563829754, 9.830966669001000469, -480.0000000000000000 ) ) ;
#4576 = DIRECTION ( 'NONE',  ( 0.000000000000000000, -1.000000000000000000, 0.000000000000000000 ) ) ;
#4577 = ORIENTED_EDGE ( 'NONE', *, *, #1067, .F. ) ;
#4578 = ORIENTED_EDGE ( 'NONE', *, *, #6333, .T. ) ;
#4579 = LINE ( 'NONE', #3059, #2219 ) ;
#4580 = CARTESIAN_POINT ( 'NONE',  ( 208.3489184952457833, -9.756123598901808691, -575.0000000000000000 ) ) ;
#4581 = ORIENTED_EDGE ( 'NONE', *, *, #2297, .T. ) ;
#4582 = CARTESIAN_POINT ( 'NONE',  ( -60.00000000000000000, -7.000000000000047073, -296.3999999999998636 ) ) ;
#4583 = CARTESIAN_POINT ( 'NONE',  ( 170.1205689886504615, 1.478134758424375361, -180.0000000000000000 ) ) ;
#4584 = DIRECTION ( 'NONE',  ( -1.000000000000000000, -0.000000000000000000, -0.000000000000000000 ) ) ;
#4585 = ORIENTED_EDGE ( 'NONE', *, *, #1179, .T. ) ;
#4586 = CARTESIAN_POINT ( 'NONE',  ( 94.48818015451936958, -3.220315761346990158, -480.0000000000004547 ) ) ;
#4587 = CARTESIAN_POINT ( 'NONE',  ( 175.3648322621235707, 0.4719107726802103109, -479.9999999999988063 ) ) ;
#4588 = CARTESIAN_POINT ( 'NONE',  ( 42.51377000661300798, -4.144389617841810924, -318.9999999999999432 ) ) ;
#4589 = CARTESIAN_POINT ( 'NONE',  ( -3.582527638223481858, 8.979209050993842922, -480.0000000000002274 ) ) ;
#4590 = CARTESIAN_POINT ( 'NONE',  ( 0.2730548851973271240, -17.74647504663856168, -264.9999999999998863 ) ) ;
#4591 = ORIENTED_EDGE ( 'NONE', *, *, #5861, .T. ) ;
#4592 = CARTESIAN_POINT ( 'NONE',  ( 6.197881822694068177, 10.44407754263429489, 0.000000000000000000 ) ) ;
#4593 = B_SPLINE_CURVE_WITH_KNOTS ( 'NONE', 3,
 ( #6182, #194, #1625, #2172, #5196 ),
 .UNSPECIFIED., .F., .F.,
 ( 4, 1, 4 ),
 ( 0.000000000000000000, 0.002537819419889269373, 0.005075638839778538747 ),
 .UNSPECIFIED. ) ;
#4594 = CARTESIAN_POINT ( 'NONE',  ( 179.4109608735255108, -0.3732335315586188806, -479.9999443563683599 ) ) ;
#4595 = ADVANCED_FACE ( 'NONE', ( #2683 ), #4119, .F. ) ;
#4596 = AXIS2_PLACEMENT_3D ( 'NONE', #811, #4698, #223 ) ;
#4597 = CARTESIAN_POINT ( 'NONE',  ( 62.00000000000000000, 8.000000000000000000, -4.000000000000000000 ) ) ;
#4598 = CARTESIAN_POINT ( 'NONE',  ( 0.8380865512964453812, 12.12578997738278375, -331.9449181210920869 ) ) ;
#4599 = CARTESIAN_POINT ( 'NONE',  ( 20.00000000000000000, 3.570561577078505078, 0.000000000000000000 ) ) ;
#4600 = CARTESIAN_POINT ( 'NONE',  ( -24.99497838926603421, 14.65794815007393836, -264.9999999999998863 ) ) ;
#4601 = EDGE_CURVE ( 'NONE', #5929, #1263, #5071, .T. ) ;
#4602 = CARTESIAN_POINT ( 'NONE',  ( -7.902791566547667124, 7.452100170285192782, -340.0214826768240641 ) ) ;
#4603 = CARTESIAN_POINT ( 'NONE',  ( 103.7379580968664214, -2.952794380214587733, 0.000000000000000000 ) ) ;
#4604 = B_SPLINE_CURVE_WITH_KNOTS ( 'NONE', 3,
 ( #2139, #6082, #2621, #4126, #1748, #6114, #5558, #1103, #5064, #5164, #3084, #618, #2589, #3601, #3631, #5683, #5619, #4573, #124, #2103, #4094, #1163, #1232, #3147 ),
 .UNSPECIFIED., .F., .F.,
 ( 4, 2, 2, 2, 2, 2, 2, 2, 2, 2, 2, 4 ),
 ( 1.517883041479706015E-18, 0.008213770110524765133, 0.01232065516578714770, 0.01642754022104952680, 0.01848098274868073543, 0.02053442527631194753, 0.02258786780394315616, 0.02464131033157436479, 0.02566803159538994655, 0.02669475285920553179, 0.02874819538683670225, 0.03285508044209903972 ),
 .UNSPECIFIED. ) ;
#4605 = EDGE_CURVE ( 'NONE', #6266, #3814, #5186, .T. ) ;
#4606 = CARTESIAN_POINT ( 'NONE',  ( 176.6666666666666288, 25.00000000000000000, -575.0000000000000000 ) ) ;
#4607 = AXIS2_PLACEMENT_3D ( 'NONE', #1445, #3395, #3427 ) ;
#4608 = CARTESIAN_POINT ( 'NONE',  ( -49.99999999999999289, -1.110223024625156540E-13, -300.5999999999997385 ) ) ;
#4609 = CARTESIAN_POINT ( 'NONE',  ( -5.019232868242673895, -12.50000000000003553, -267.5406749741574686 ) ) ;
#4610 = CARTESIAN_POINT ( 'NONE',  ( 173.8991586315732718, 0.7546497483138756568, 0.000000000000000000 ) ) ;
#4611 = DIRECTION ( 'NONE',  ( 1.000000000000000000, 0.000000000000000000, 0.000000000000000000 ) ) ;
#4612 = VERTEX_POINT ( 'NONE', #2192 ) ;
#4613 = CIRCLE ( 'NONE', #5548, 2.000000000000001776 ) ;
#4614 = CIRCLE ( 'NONE', #2407, 1.400000000000012346 ) ;
#4615 = ORIENTED_EDGE ( 'NONE', *, *, #1110, .F. ) ;
#4616 = CARTESIAN_POINT ( 'NONE',  ( -3.472223716835001195, 12.49999999999996625, -261.8178201479379936 ) ) ;
#4617 = CARTESIAN_POINT ( 'NONE',  ( 178.6341454333906427, -0.3076294092240725031, -479.9999999999997158 ) ) ;
#4618 = AXIS2_PLACEMENT_3D ( 'NONE', #1133, #4673, #3602 ) ;
#4619 = ORIENTED_EDGE ( 'NONE', *, *, #6387, .F. ) ;
#4620 = CARTESIAN_POINT ( 'NONE',  ( 170.0000000000000000, 14.26393202250021197, -575.0000000000000000 ) ) ;
#4621 = CARTESIAN_POINT ( 'NONE',  ( 3.193699476826807437, -7.874121844284516669, -261.1286737056736342 ) ) ;
#4622 = DIRECTION ( 'NONE',  ( -1.000000000000000000, 1.734723475976807094E-17, -0.000000000000000000 ) ) ;
#4623 = ADVANCED_FACE ( 'NONE', ( #4051 ), #4182, .T. ) ;
#4624 = ORIENTED_EDGE ( 'NONE', *, *, #711, .T. ) ;
#4625 = CARTESIAN_POINT ( 'NONE',  ( 102.9402590796021144, -2.814674409184795500, -479.9999999999991473 ) ) ;
#4626 = AXIS2_PLACEMENT_3D ( 'NONE', #2454, #543, #5941 ) ;
#4627 = CARTESIAN_POINT ( 'NONE',  ( 214.3292568188911105, -3.617193935599717580, -574.9999999999997726 ) ) ;
#4628 = CARTESIAN_POINT ( 'NONE',  ( 55.99999999999999289, -3.000000000000000000, -571.0000000000000000 ) ) ;
#4629 = CARTESIAN_POINT ( 'NONE',  ( -15.91155015056727429, 1.650972219352050629, -479.0500000000007503 ) ) ;
#4630 = CARTESIAN_POINT ( 'NONE',  ( -7.142587143649540948, -1.707980012487973154, -249.9917205568574445 ) ) ;
#4631 = CARTESIAN_POINT ( 'NONE',  ( -15.72107255624630895, 3.425993902315720874, -484.8000000000000114 ) ) ;
#4632 = CARTESIAN_POINT ( 'NONE',  ( -5.872546154487531922, 11.32098670085599501, -330.9030220537759419 ) ) ;
#4633 = CARTESIAN_POINT ( 'NONE',  ( 12.88576958952278595, -3.498974406688392325, -339.9899970122062314 ) ) ;
#4634 = LINE ( 'NONE', #6039, #5137 ) ;
#4635 = DIRECTION ( 'NONE',  ( 1.000000000000000000, 0.000000000000000000, 0.000000000000000000 ) ) ;
#4636 = CARTESIAN_POINT ( 'NONE',  ( -12.41968727112153026, 5.328160256053029009, -250.0247432059200037 ) ) ;
#4637 = CARTESIAN_POINT ( 'NONE',  ( -10.82128775255712227, 22.28668319509665352, -324.9999999999998863 ) ) ;
#4638 = CARTESIAN_POINT ( 'NONE',  ( 156.9982504097534104, -0.1607380348278097670, -480.0000000000000000 ) ) ;
#4639 = LINE ( 'NONE', #3728, #6374 ) ;
#4640 = EDGE_CURVE ( 'NONE', #671, #1940, #3694, .T. ) ;
#4641 = DIRECTION ( 'NONE',  ( 0.000000000000000000, 0.000000000000000000, 1.000000000000000000 ) ) ;
#4642 = CARTESIAN_POINT ( 'NONE',  ( -25.75602542294792485, -12.50000000000003553, -270.0000000000001137 ) ) ;
#4643 = CARTESIAN_POINT ( 'NONE',  ( 43.25039654631655850, 13.47838960688127763, -484.8000000000000114 ) ) ;
#4644 = LINE ( 'NONE', #3704, #2442 ) ;
#4645 = EDGE_LOOP ( 'NONE', ( #5812, #1978, #5887, #1330, #5134, #2887, #5637, #818, #3571, #4167, #861 ) ) ;
#4646 = VERTEX_POINT ( 'NONE', #3625 ) ;
#4647 = CARTESIAN_POINT ( 'NONE',  ( 45.00000000000001421, 3.000000000000000000, -338.9999999999999432 ) ) ;
#4648 = CARTESIAN_POINT ( 'NONE',  ( 172.1992504215182294, -0.08644281863333171112, -479.9999999999998863 ) ) ;
#4649 = ORIENTED_EDGE ( 'NONE', *, *, #5795, .T. ) ;
#4650 = FACE_OUTER_BOUND ( 'NONE', #2107, .T. ) ;
#4651 = CARTESIAN_POINT ( 'NONE',  ( 1.790482355405369708, -9.477663374797145934, -262.4544633307735353 ) ) ;
#4652 = DIRECTION ( 'NONE',  ( -0.000000000000000000, 0.000000000000000000, -1.000000000000000000 ) ) ;
#4653 = VERTEX_POINT ( 'NONE', #3108 ) ;
#4654 = CARTESIAN_POINT ( 'NONE',  ( 135.0000000000000568, -25.00000000000000711, -575.0000000000000000 ) ) ;
#4655 = CARTESIAN_POINT ( 'NONE',  ( 164.8694044542316988, 2.358506177722806463, -479.9999999999998295 ) ) ;
#4656 = EDGE_CURVE ( 'NONE', #4072, #383, #4634, .T. ) ;
#4657 = CARTESIAN_POINT ( 'NONE',  ( 44.99999999999992184, -4.152936445815273103, -311.5000000000006253 ) ) ;
#4658 = CARTESIAN_POINT ( 'NONE',  ( -16.33095273522210178, 2.247748738587860728, -480.0000000000003411 ) ) ;
#4659 = CARTESIAN_POINT ( 'NONE',  ( 14.95288948816329544, -3.646767182602379975, -249.9900159156456709 ) ) ;
#4660 = EDGE_LOOP ( 'NONE', ( #2865, #1595, #5767, #1040 ) ) ;
#4661 = CARTESIAN_POINT ( 'NONE',  ( 19.43461473771418113, 12.07865143525630103, 0.000000000000000000 ) ) ;
#4662 = DIRECTION ( 'NONE',  ( -1.000000000000000000, -0.000000000000000000, -0.000000000000000000 ) ) ;
#4663 = CARTESIAN_POINT ( 'NONE',  ( -5.175378891204176490, -1.970533972971738823, -339.9911800604694463 ) ) ;
#4664 = DIRECTION ( 'NONE',  ( 0.4472135954999579832, 0.8944271909999159664, -0.000000000000000000 ) ) ;
#4665 = CARTESIAN_POINT ( 'NONE',  ( 74.00000000000001421, 3.000000000000000000, -322.0000000000000568 ) ) ;
#4666 = CARTESIAN_POINT ( 'NONE',  ( -15.11465780459047537, 3.328988722388105614, -250.0287177677372767 ) ) ;
#4667 = CARTESIAN_POINT ( 'NONE',  ( -13.89846846318798335, 21.23386992491363401, -324.9999999999998295 ) ) ;
#4668 = CARTESIAN_POINT ( 'NONE',  ( 68.50000000000007105, -7.000000000000000000, -319.0000000000000568 ) ) ;
#4669 = CARTESIAN_POINT ( 'NONE',  ( 141.5392608588487064, -0.7902671542071373345, 0.000000000000000000 ) ) ;
#4670 = EDGE_CURVE ( 'NONE', #757, #1136, #2431, .T. ) ;
#4671 = FACE_OUTER_BOUND ( 'NONE', #3483, .T. ) ;
#4672 = CARTESIAN_POINT ( 'NONE',  ( 179.6758378702645871, -0.3878923695565480445, -480.0000000000000000 ) ) ;
#4673 = DIRECTION ( 'NONE',  ( 1.000000000000000000, 0.000000000000000000, 0.000000000000000000 ) ) ;
#4674 = CARTESIAN_POINT ( 'NONE',  ( 27.02277729597986422, 12.62015822049518832, 0.000000000000000000 ) ) ;
#4675 = PLANE ( 'NONE',  #1100 ) ;
#4676 = ORIENTED_EDGE ( 'NONE', *, *, #2483, .F. ) ;
#4677 = EDGE_LOOP ( 'NONE', ( #6212, #2339 ) ) ;
#4678 = CARTESIAN_POINT ( 'NONE',  ( -28.97462477823679805, 12.49999999999996625, -324.8840378203996693 ) ) ;
#4679 = CARTESIAN_POINT ( 'NONE',  ( 158.0774462457488880, 0.07314477146112745298, -479.0499999999991019 ) ) ;
#4680 = EDGE_CURVE ( 'NONE', #6313, #6265, #420, .T. ) ;
#4681 = ORIENTED_EDGE ( 'NONE', *, *, #1208, .F. ) ;
#4682 = LINE ( 'NONE', #5173, #4496 ) ;
#4683 = CARTESIAN_POINT ( 'NONE',  ( -15.99100225903864470, 1.585031076752798640, -340.0179320038340052 ) ) ;
#4684 = DIRECTION ( 'NONE',  ( 0.000000000000000000, 0.000000000000000000, -1.000000000000000000 ) ) ;
#4685 = ORIENTED_EDGE ( 'NONE', *, *, #5863, .T. ) ;
#4686 = CARTESIAN_POINT ( 'NONE',  ( -60.00000000000000000, 5.551115123125782702E-14, -286.5999999999997954 ) ) ;
#4687 = CARTESIAN_POINT ( 'NONE',  ( 179.2947234827908005, -0.2902764182199728538, -479.0499999999987040 ) ) ;
#4688 = CARTESIAN_POINT ( 'NONE',  ( -15.82133919615069573, 2.347243140601139366, -250.0297166543922742 ) ) ;
#4689 = CARTESIAN_POINT ( 'NONE',  ( -1.081988326231895226, 12.49999999999996625, -261.2980905247038095 ) ) ;
#4690 = CARTESIAN_POINT ( 'NONE',  ( 1.626132562036603169, -2.797635517480829837, -265.0000000000298996 ) ) ;
#4691 = CARTESIAN_POINT ( 'NONE',  ( 155.0000000000000000, 0.000000000000000000, -519.9999999999998863 ) ) ;
#4692 = DIRECTION ( 'NONE',  ( 6.938893903907222461E-16, 0.000000000000000000, -1.000000000000000000 ) ) ;
#4693 = CARTESIAN_POINT ( 'NONE',  ( 34.42407288493651407, -4.298532229181926567, 0.000000000000000000 ) ) ;
#4694 = CARTESIAN_POINT ( 'NONE',  ( 23.15000000000000213, 3.570561577078505078, -495.0000000000000000 ) ) ;
#4695 = CARTESIAN_POINT ( 'NONE',  ( -23.76279328518260670, 15.72967894024771418, -264.9999999999998863 ) ) ;
#4696 = CARTESIAN_POINT ( 'NONE',  ( -10.08746449788713484, 6.617934877311430597, -340.0227575126681359 ) ) ;
#4697 = CARTESIAN_POINT ( 'NONE',  ( 17.08919745239682797, -3.597451741715787854, -484.8000000000000114 ) ) ;
#4698 = DIRECTION ( 'NONE',  ( -0.000000000000000000, -0.000000000000000000, -1.000000000000000000 ) ) ;
#4699 = ADVANCED_FACE ( 'NONE', ( #642 ), #3660, .T. ) ;
#4700 = CIRCLE ( 'NONE', #3874, 2.000000000000001776 ) ;
#4701 = DIRECTION ( 'NONE',  ( -1.000000000000000000, -0.000000000000000000, -0.000000000000000000 ) ) ;
#4702 = CARTESIAN_POINT ( 'NONE',  ( -14.37106267669698312, -12.50000000000003730, -268.4529303465225780 ) ) ;
#4703 = CARTESIAN_POINT ( 'NONE',  ( 52.87326759349286220, 13.06764143379474774, 0.000000000000000000 ) ) ;
#4704 = FACE_OUTER_BOUND ( 'NONE', #3689, .T. ) ;
#4705 = ORIENTED_EDGE ( 'NONE', *, *, #2272, .T. ) ;
#4706 = ORIENTED_EDGE ( 'NONE', *, *, #2604, .F. ) ;
#4707 = VECTOR ( 'NONE', #6403, 1000.000000000000000 ) ;
#4708 = LINE ( 'NONE', #5720, #6056 ) ;
#4709 = VECTOR ( 'NONE', #3024, 1000.000000000000000 ) ;
#4710 = ORIENTED_EDGE ( 'NONE', *, *, #4513, .T. ) ;
#4711 = DIRECTION ( 'NONE',  ( -0.000000000000000000, 0.000000000000000000, -1.000000000000000000 ) ) ;
#4712 = VECTOR ( 'NONE', #5897, 1000.000000000000000 ) ;
#4713 = AXIS2_PLACEMENT_3D ( 'NONE', #2950, #6425, #449 ) ;
#4714 = EDGE_CURVE ( 'NONE', #5944, #4646, #2329, .T. ) ;
#4715 = CARTESIAN_POINT ( 'NONE',  ( -16.01771459023237654, 2.352408407739808194, -340.0296800128411974 ) ) ;
#4716 = DIRECTION ( 'NONE',  ( -0.000000000000000000, 0.000000000000000000, -1.000000000000000000 ) ) ;
#4717 = ORIENTED_EDGE ( 'NONE', *, *, #800, .T. ) ;
#4718 = LINE ( 'NONE', #2734, #2840 ) ;
#4719 = CARTESIAN_POINT ( 'NONE',  ( 178.9940681529442656, -0.2411205591765751000, -479.0499999999995566 ) ) ;
#4720 = AXIS2_PLACEMENT_3D ( 'NONE', #5778, #6356, #4737 ) ;
#4721 = LINE ( 'NONE', #5634, #2634 ) ;
#4722 = EDGE_CURVE ( 'NONE', #3441, #3411, #657, .T. ) ;
#4723 = EDGE_CURVE ( 'NONE', #5840, #4976, #6255, .T. ) ;
#4724 = CARTESIAN_POINT ( 'NONE',  ( -15.00000000000001243, 25.00000000000000000, -574.9999999999998863 ) ) ;
#4725 = CIRCLE ( 'NONE', #1923, 1.000000000000000888 ) ;
#4726 = LINE ( 'NONE', #3324, #2213 ) ;
#4727 = VERTEX_POINT ( 'NONE', #4307 ) ;
#4728 = DIRECTION ( 'NONE',  ( -0.000000000000000000, -0.000000000000000000, -1.000000000000000000 ) ) ;
#4729 = CARTESIAN_POINT ( 'NONE',  ( 179.6735209440854248, -0.3892072848392960083, -479.9968327312318479 ) ) ;
#4730 = AXIS2_PLACEMENT_3D ( 'NONE', #4129, #1135, #3119 ) ;
#4731 = CARTESIAN_POINT ( 'NONE',  ( 123.3956785152506228, -1.776841705864479204, 0.000000000000000000 ) ) ;
#4732 = CARTESIAN_POINT ( 'NONE',  ( 14.36480408160405275, -3.608155541212856310, -269.8018772390080926 ) ) ;
#4733 = CARTESIAN_POINT ( 'NONE',  ( -15.94658970474977977, 1.879302965130022818, -264.9999999999848797 ) ) ;
#4734 = CARTESIAN_POINT ( 'NONE',  ( -0.4313124419160779266, 12.46011548897627108, -260.0543506099951969 ) ) ;
#4735 = LINE ( 'NONE', #776, #778 ) ;
#4736 = EDGE_CURVE ( 'NONE', #4195, #2181, #5772, .T. ) ;
#4737 = DIRECTION ( 'NONE',  ( -1.000000000000000000, 0.000000000000000000, 0.000000000000000000 ) ) ;
#4738 = LINE ( 'NONE', #3245, #5765 ) ;
#4739 = CARTESIAN_POINT ( 'NONE',  ( 170.0972151795176615, 1.496436134171927668, -480.0000000000000000 ) ) ;
#4740 = CARTESIAN_POINT ( 'NONE',  ( -16.03803703596848607, 2.128575828982000928, -324.9999999999545253 ) ) ;
#4741 = ORIENTED_EDGE ( 'NONE', *, *, #3886, .T. ) ;
#4742 = VERTEX_POINT ( 'NONE', #4335 ) ;
#4743 = DIRECTION ( 'NONE',  ( 4.625929269271892374E-15, 0.000000000000000000, 1.000000000000000000 ) ) ;
#4744 = CARTESIAN_POINT ( 'NONE',  ( 153.8544132488108005, -0.002807799246340973373, -479.0500000000000114 ) ) ;
#4745 = ORIENTED_EDGE ( 'NONE', *, *, #2211, .T. ) ;
#4746 = CARTESIAN_POINT ( 'NONE',  ( 8.647492349773289178, 11.16262123114008808, -340.5564221602549537 ) ) ;
#4747 = CARTESIAN_POINT ( 'NONE',  ( 5.244605042958711216, -6.196771382344502754, -259.1398025859353993 ) ) ;
#4748 = CARTESIAN_POINT ( 'NONE',  ( 50.00000000000000000, 5.000000000000000000, -575.0000000000000000 ) ) ;
#4749 = ORIENTED_EDGE ( 'NONE', *, *, #3450, .T. ) ;
#4750 = CARTESIAN_POINT ( 'NONE',  ( 32.44706296827894221, -3.987653399016122258, -479.9999999999997158 ) ) ;
#4751 = CARTESIAN_POINT ( 'NONE',  ( 179.3478397802065558, -0.3006367663937841161, -479.0500000000002387 ) ) ;
#4752 = CARTESIAN_POINT ( 'NONE',  ( -15.59509395473014770, 1.151423578019953320, -250.0102199059604402 ) ) ;
#4753 = CARTESIAN_POINT ( 'NONE',  ( -18.53201142801723478, -12.50000000000003197, -265.2715193891665990 ) ) ;
#4754 = CARTESIAN_POINT ( 'NONE',  ( 33.67911437448023548, -6.676435388354049927, -492.0158167136660268 ) ) ;
#4755 = ORIENTED_EDGE ( 'NONE', *, *, #6362, .F. ) ;
#4756 = CYLINDRICAL_SURFACE ( 'NONE', #5024, 2.000000000000002220 ) ;
#4757 = DIRECTION ( 'NONE',  ( -1.000000000000000000, 0.000000000000000000, 4.625929269271892374E-15 ) ) ;
#4758 = B_SPLINE_CURVE_WITH_KNOTS ( 'NONE', 3,
 ( #1061, #5880, #1002, #2519, #4435, #2979, #5514, #512, #2910, #3498 ),
 .UNSPECIFIED., .F., .F.,
 ( 4, 2, 2, 2, 4 ),
 ( -2.449491578274461963E-05, 0.001257700990020840532, 0.002539896895824425745, 0.005104288707431475607, 0.01023307233064569416 ),
 .UNSPECIFIED. ) ;
#4759 = EDGE_CURVE ( 'NONE', #5296, #3121, #1252, .T. ) ;
#4760 = CARTESIAN_POINT ( 'NONE',  ( 141.5392608588487064, -0.7902671542071373345, 0.000000000000000000 ) ) ;
#4761 = CARTESIAN_POINT ( 'NONE',  ( -16.25179320457721488, 2.495999700892719719, -480.0004173937101655 ) ) ;
#4762 = CARTESIAN_POINT ( 'NONE',  ( -15.90337186823911964, 2.208628893226138867, -265.0000000000607088 ) ) ;
#4763 = CARTESIAN_POINT ( 'NONE',  ( 0.6537718853360449112, -10.99986646596202000, -326.3851770370352483 ) ) ;
#4764 = CYLINDRICAL_SURFACE ( 'NONE', #4596, 2.000000000000001776 ) ;
#4765 = CARTESIAN_POINT ( 'NONE',  ( 44.00000000000000711, 7.999999999999998224, -4.000000000000000000 ) ) ;
#4766 = DIRECTION ( 'NONE',  ( 0.000000000000000000, 0.000000000000000000, 1.000000000000000000 ) ) ;
#4767 = CARTESIAN_POINT ( 'NONE',  ( 14.09213625703063855, -3.551757472162892171, -339.6914063407685944 ) ) ;
#4768 = CARTESIAN_POINT ( 'NONE',  ( -15.41711018439782777, 0.9276407970195601482, -340.0059801132193229 ) ) ;
#4769 = ORIENTED_EDGE ( 'NONE', *, *, #653, .F. ) ;
#4770 = EDGE_LOOP ( 'NONE', ( #2335, #2819, #4705, #2671 ) ) ;
#4771 = CARTESIAN_POINT ( 'NONE',  ( -25.53302379290555280, 8.139345866072964952, -325.5052633413358762 ) ) ;
#4772 = CARTESIAN_POINT ( 'NONE',  ( 199.5598626317446929, -15.49426009086980827, -574.9999999999997726 ) ) ;
#4773 = ORIENTED_EDGE ( 'NONE', *, *, #5159, .F. ) ;
#4774 = DIRECTION ( 'NONE',  ( 0.000000000000000000, 0.000000000000000000, 1.000000000000000000 ) ) ;
#4775 = ADVANCED_FACE ( 'NONE', ( #3300 ), #3238, .F. ) ;
#4776 = CARTESIAN_POINT ( 'NONE',  ( -28.77851498850213119, 7.618078160752999928, -264.9999999999998863 ) ) ;
#4777 = CARTESIAN_POINT ( 'NONE',  ( 68.50000000000022737, -3.970786949974260516, -304.0000000000006821 ) ) ;
#4778 = ORIENTED_EDGE ( 'NONE', *, *, #1187, .T. ) ;
#4779 = CARTESIAN_POINT ( 'NONE',  ( -25.46369848721104390, -12.50000000000003553, -320.0767013185350152 ) ) ;
#4780 = CARTESIAN_POINT ( 'NONE',  ( 179.1821119078288120, -0.2711623928503897329, -479.0500000000004661 ) ) ;
#4781 = CARTESIAN_POINT ( 'NONE',  ( -8.301218940743362751, -1.452370142906845185, -339.9921078792852995 ) ) ;
#4782 = DIRECTION ( 'NONE',  ( -1.000000000000000000, 0.000000000000000000, 0.000000000000000000 ) ) ;
#4783 = CARTESIAN_POINT ( 'NONE',  ( -0.3471564194691020289, -11.79737269298295921, -264.6483054809690998 ) ) ;
#4784 = EDGE_LOOP ( 'NONE', ( #5992, #6242, #4300, #3574 ) ) ;
#4785 = CARTESIAN_POINT ( 'NONE',  ( 120.1949499103822774, 8.361107237483233590, 0.000000000000000000 ) ) ;
#4786 = CARTESIAN_POINT ( 'NONE',  ( 51.00000000000021316, -4.148339244109664037, -304.0000000000005684 ) ) ;
#4787 = CARTESIAN_POINT ( 'NONE',  ( 45.00000000000000711, 7.999999999999998224, -4.000000000000000000 ) ) ;
#4788 = LINE ( 'NONE', #2231, #688 ) ;
#4789 = CARTESIAN_POINT ( 'NONE',  ( -15.89492911118792229, 1.676585351527370094, -250.0221489879834280 ) ) ;
#4790 = EDGE_CURVE ( 'NONE', #5564, #2278, #284, .T. ) ;
#4791 = CARTESIAN_POINT ( 'NONE',  ( 9.202454150758057949, 11.22414932676169563, -324.9999999999998863 ) ) ;
#4792 = DIRECTION ( 'NONE',  ( -0.000000000000000000, -0.000000000000000000, -1.000000000000000000 ) ) ;
#4793 = DIRECTION ( 'NONE',  ( 1.000000000000000000, -2.081668171172168119E-15, 0.000000000000000000 ) ) ;
#4794 = CARTESIAN_POINT ( 'NONE',  ( 47.00000295539177841, -4.154983429113755733, -311.5000000000006253 ) ) ;
#4795 = DIRECTION ( 'NONE',  ( -1.457750820148577635E-16, 0.000000000000000000, -1.000000000000000000 ) ) ;
#4796 = CARTESIAN_POINT ( 'NONE',  ( -15.85907893241469147, 1.394145305084867337, -325.0000000000149498 ) ) ;
#4797 = ORIENTED_EDGE ( 'NONE', *, *, #190, .T. ) ;
#4798 = ADVANCED_FACE ( 'NONE', ( #3817 ), #2259, .F. ) ;
#4799 = VERTEX_POINT ( 'NONE', #5374 ) ;
#4800 = CARTESIAN_POINT ( 'NONE',  ( -11.53931278725863585, 10.76820169546869721, -329.3918978447393329 ) ) ;
#4801 = CARTESIAN_POINT ( 'NONE',  ( 159.6755786493965559, 0.09356123592671830580, -479.0500000000010914 ) ) ;
#4802 = VECTOR ( 'NONE', #4553, 1000.000000000000000 ) ;
#4803 = ORIENTED_EDGE ( 'NONE', *, *, #4537, .F. ) ;
#4804 = CARTESIAN_POINT ( 'NONE',  ( -25.36315809306833913, 8.169787870548770314, -325.5385970256887731 ) ) ;
#4805 = ADVANCED_FACE ( 'NONE', ( #3003 ), #3743, .T. ) ;
#4806 = DIRECTION ( 'NONE',  ( 0.000000000000000000, 0.000000000000000000, 1.000000000000000000 ) ) ;
#4807 = CIRCLE ( 'NONE', #4607, 5.000000000000000000 ) ;
#4808 = CARTESIAN_POINT ( 'NONE',  ( 49.99999999999999289, 1.000000000000000000, -571.0000000000000000 ) ) ;
#4809 = ORIENTED_EDGE ( 'NONE', *, *, #2400, .F. ) ;
#4810 = DIRECTION ( 'NONE',  ( -0.000000000000000000, -0.000000000000000000, 1.000000000000000000 ) ) ;
#4811 = CARTESIAN_POINT ( 'NONE',  ( 178.1614343420127966, -0.1049048753951397905, -479.0500000000005798 ) ) ;
#4812 = CARTESIAN_POINT ( 'NONE',  ( 168.0000000000000000, 14.26393202250018533, -575.0000000000000000 ) ) ;
#4813 = VECTOR ( 'NONE', #5081, 1000.000000000000000 ) ;
#4814 = VECTOR ( 'NONE', #826, 999.9999999999998863 ) ;
#4815 = CARTESIAN_POINT ( 'NONE',  ( 19.67911437448014667, -2.000000000000000000, -316.9999999999998863 ) ) ;
#4816 = EDGE_CURVE ( 'NONE', #2436, #238, #5612, .T. ) ;
#4817 = ADVANCED_FACE ( 'NONE', ( #2432 ), #3204, .F. ) ;
#4818 = CARTESIAN_POINT ( 'NONE',  ( -1.987332280980855792, -12.41325206624208199, -266.3910460721286881 ) ) ;
#4819 = ORIENTED_EDGE ( 'NONE', *, *, #1938, .T. ) ;
#4820 = CARTESIAN_POINT ( 'NONE',  ( 61.77791893630242726, 13.15241051608921374, -480.0000000000000000 ) ) ;
#4821 = CIRCLE ( 'NONE', #2018, 2.000000000000001776 ) ;
#4822 = CARTESIAN_POINT ( 'NONE',  ( -27.95356862653355279, -7.500000000000055067, -324.9999999999998863 ) ) ;
#4823 = AXIS2_PLACEMENT_3D ( 'NONE', #279, #5180, #737 ) ;
#4824 = CARTESIAN_POINT ( 'NONE',  ( 169.0926427936762195, -0.07254888767263989457, 0.000000000000000000 ) ) ;
#4825 = CARTESIAN_POINT ( 'NONE',  ( -27.85534655193038844, -12.50000000000003553, -269.9999999999998863 ) ) ;
#4826 = CARTESIAN_POINT ( 'NONE',  ( -15.93925188744745469, 1.788671299248311364, -264.9999999999848797 ) ) ;
#4827 = CARTESIAN_POINT ( 'NONE',  ( -6.636359356564995871, 23.47587989189030111, -324.9999999999999432 ) ) ;
#4828 = VECTOR ( 'NONE', #3429, 1000.000000000000000 ) ;
#4829 = FILL_AREA_STYLE_COLOUR ( '', #5738 ) ;
#4830 = EDGE_CURVE ( 'NONE', #881, #2081, #4238, .T. ) ;
#4831 = FACE_OUTER_BOUND ( 'NONE', #4446, .T. ) ;
#4832 = CARTESIAN_POINT ( 'NONE',  ( 50.00000000000000000, 5.000000000000000000, -338.9999999999999432 ) ) ;
#4833 = CARTESIAN_POINT ( 'NONE',  ( 178.3338430637437284, -0.1679942915986368523, -484.8000000000000114 ) ) ;
#4834 = CARTESIAN_POINT ( 'NONE',  ( -30.09275005734956920, -3.557778092833317363, -324.9999999999998295 ) ) ;
#4835 = ORIENTED_EDGE ( 'NONE', *, *, #409, .F. ) ;
#4836 = ORIENTED_EDGE ( 'NONE', *, *, #4210, .F. ) ;
#4837 = CARTESIAN_POINT ( 'NONE',  ( -14.17687793288576259, 12.49999999999996625, -327.1203608762443764 ) ) ;
#4838 = FACE_OUTER_BOUND ( 'NONE', #2593, .T. ) ;
#4839 = B_SPLINE_CURVE_WITH_KNOTS ( 'NONE', 3,
 ( #1550, #3397, #5026, #4373 ),
 .UNSPECIFIED., .F., .F.,
 ( 4, 4 ),
 ( 6.732537572691845674E-18, 0.001305473567047574180 ),
 .UNSPECIFIED. ) ;
#4840 = ADVANCED_FACE ( 'NONE', ( #1882 ), #1872, .T. ) ;
#4841 = VERTEX_POINT ( 'NONE', #5490 ) ;
#4842 = CARTESIAN_POINT ( 'NONE',  ( -9.272544085171157136, 6.960198168523115569, -340.0222121284883769 ) ) ;
#4843 = CARTESIAN_POINT ( 'NONE',  ( -27.65406049895291218, 12.49999999999996270, -265.1505817714329964 ) ) ;
#4844 = CARTESIAN_POINT ( 'NONE',  ( 33.67911437448025680, -2.000000000000000000, -575.0000000000000000 ) ) ;
#4845 = VERTEX_POINT ( 'NONE', #3536 ) ;
#4846 = CARTESIAN_POINT ( 'NONE',  ( -11.87785809307989560, -12.50000000000003553, -321.8255866737249562 ) ) ;
#4847 = CARTESIAN_POINT ( 'NONE',  ( 179.5718152832991450, -0.3857440672920852687, -479.9999999999988063 ) ) ;
#4848 = CARTESIAN_POINT ( 'NONE',  ( 12.17243772004315083, -18.48219459834997025, -324.9999999999999432 ) ) ;
#4849 = PLANE ( 'NONE',  #151 ) ;
#4850 = CARTESIAN_POINT ( 'NONE',  ( 68.50000000000022737, -7.000000000000000000, -304.0000000000006821 ) ) ;
#4851 = ORIENTED_EDGE ( 'NONE', *, *, #4874, .T. ) ;
#4852 = CARTESIAN_POINT ( 'NONE',  ( 46.36355221996431908, 13.44857150445234772, -479.9985055722626157 ) ) ;
#4853 = DIRECTION ( 'NONE',  ( -1.000000000000000000, 0.000000000000000000, 0.000000000000000000 ) ) ;
#4854 = EDGE_CURVE ( 'NONE', #3671, #1530, #5987, .T. ) ;
#4855 = CARTESIAN_POINT ( 'NONE',  ( -7.190719788271790591, -1.452814193833877443, -479.0499999999998977 ) ) ;
#4856 = CARTESIAN_POINT ( 'NONE',  ( 177.0119200679589824, 0.1386139891560832504, -180.0000000000000000 ) ) ;
#4857 = CARTESIAN_POINT ( 'NONE',  ( -15.90151585002194246, 2.086007131800407421, -250.0285369070250283 ) ) ;
#4858 = CARTESIAN_POINT ( 'NONE',  ( 93.24813248676711908, -3.279417472581861226, -480.0000000000000000 ) ) ;
#4859 = DIRECTION ( 'NONE',  ( -1.000000000000000000, 0.000000000000000000, 0.000000000000000000 ) ) ;
#4860 = LINE ( 'NONE', #4113, #37 ) ;
#4861 = CARTESIAN_POINT ( 'NONE',  ( 44.99999999999988631, -7.000000000000000000, -318.9999999999999432 ) ) ;
#4862 = CARTESIAN_POINT ( 'NONE',  ( 138.1098601456693871, 6.271940885936107435, -480.0000000000000000 ) ) ;
#4863 = CARTESIAN_POINT ( 'NONE',  ( 39.67911437448025680, -12.00000000000000000, -575.0000000000000000 ) ) ;
#4864 = CARTESIAN_POINT ( 'NONE',  ( -15.94837953763384952, 1.503198163247343233, -340.0159748916235571 ) ) ;
#4865 = ORIENTED_EDGE ( 'NONE', *, *, #735, .F. ) ;
#4866 = CARTESIAN_POINT ( 'NONE',  ( -20.19437534321953365, 12.49999999999996625, -325.6960440668073034 ) ) ;
#4867 = DIRECTION ( 'NONE',  ( -1.000000000000000000, -0.000000000000000000, -0.000000000000000000 ) ) ;
#4868 = ORIENTED_EDGE ( 'NONE', *, *, #408, .F. ) ;
#4869 = CARTESIAN_POINT ( 'NONE',  ( -15.49701276359865787, 3.162709018804914951, -340.0290496519855878 ) ) ;
#4870 = CARTESIAN_POINT ( 'NONE',  ( -1.081151122046777768, 12.49999999999996625, -263.9820320054545846 ) ) ;
#4871 = CARTESIAN_POINT ( 'NONE',  ( -29.90820826521772702, 7.499999999999966249, -264.9999999999998863 ) ) ;
#4872 = VERTEX_POINT ( 'NONE', #585 ) ;
#4873 = CARTESIAN_POINT ( 'NONE',  ( 8.360545299242248873, 11.12264628632442509, -339.7112922711623924 ) ) ;
#4874 = EDGE_CURVE ( 'NONE', #2773, #4349, #4473, .T. ) ;
#4875 = EDGE_LOOP ( 'NONE', ( #2540, #1145 ) ) ;
#4876 = CARTESIAN_POINT ( 'NONE',  ( -15.27681300658168162, -12.50000000000003553, -321.4188939735587383 ) ) ;
#4877 = CARTESIAN_POINT ( 'NONE',  ( 179.2377769929449585, -0.3032258495483470817, -479.0500000000007503 ) ) ;
#4878 = CARTESIAN_POINT ( 'NONE',  ( -13.32209330817573978, -0.1349437318322500579, -324.9999999999924398 ) ) ;
#4879 = B_SPLINE_CURVE_WITH_KNOTS ( 'NONE', 3,
 ( #582, #5618, #3630, #3046 ),
 .UNSPECIFIED., .F., .F.,
 ( 4, 4 ),
 ( 0.0001585820237313869123, 0.007062675306156974801 ),
 .UNSPECIFIED. ) ;
#4880 = DIRECTION ( 'NONE',  ( -0.000000000000000000, -0.000000000000000000, 1.000000000000000000 ) ) ;
#4881 = CARTESIAN_POINT ( 'NONE',  ( -49.99999999999999289, -7.000000000000047073, -294.9999999999998863 ) ) ;
#4882 = ORIENTED_EDGE ( 'NONE', *, *, #472, .T. ) ;
#4883 = CARTESIAN_POINT ( 'NONE',  ( 66.26664708257412428, 12.94901086694521553, -479.9998391217342260 ) ) ;
#4884 = CARTESIAN_POINT ( 'NONE',  ( 208.4892735639853356, 9.664489576513513924, -575.0000000000000000 ) ) ;
#4885 = CARTESIAN_POINT ( 'NONE',  ( -10.75831258622624631, -0.7150341536493661776, -479.0500000000005230 ) ) ;
#4886 = CARTESIAN_POINT ( 'NONE',  ( 137.7275810638862765, 6.260224456563164175, -180.0000000000000000 ) ) ;
#4887 = CARTESIAN_POINT ( 'NONE',  ( -12.23032048936094895, -0.5372690401902728841, -249.9952184490711318 ) ) ;
#4888 = CARTESIAN_POINT ( 'NONE',  ( 62.58387089175442242, -3.974423467325334247, -480.0000000000000000 ) ) ;
#4889 = CARTESIAN_POINT ( 'NONE',  ( -60.00000000000000000, 12.49999999999996625, -319.9999999999998863 ) ) ;
#4890 = CARTESIAN_POINT ( 'NONE',  ( -28.56526551279012338, -1.318388846169915363, -549.9999999999998863 ) ) ;
#4891 = CARTESIAN_POINT ( 'NONE',  ( 44.99999999999988631, 3.000000000000000000, -318.9999999999999432 ) ) ;
#4892 = CARTESIAN_POINT ( 'NONE',  ( 137.6758406867323288, 6.314933195422665513, -410.3885189565599489 ) ) ;
#4893 = CARTESIAN_POINT ( 'NONE',  ( -11.54414424636970615, 5.786091072996698337, -250.0239810496547364 ) ) ;
#4894 = CARTESIAN_POINT ( 'NONE',  ( -15.91422085826267185, 2.497506041329625948, -325.0000000000301839 ) ) ;
#4895 = ORIENTED_EDGE ( 'NONE', *, *, #1678, .T. ) ;
#4896 = ORIENTED_EDGE ( 'NONE', *, *, #5883, .T. ) ;
#4897 = DIRECTION ( 'NONE',  ( 0.000000000000000000, 0.000000000000000000, -1.000000000000000000 ) ) ;
#4898 = ORIENTED_EDGE ( 'NONE', *, *, #2570, .T. ) ;
#4899 = DIRECTION ( 'NONE',  ( 1.000000000000000000, 0.000000000000000000, -6.344131569286603618E-15 ) ) ;
#4900 = CYLINDRICAL_SURFACE ( 'NONE', #1608, 2.000000000000001776 ) ;
#4901 = CARTESIAN_POINT ( 'NONE',  ( 1.051457529517199951, 9.966783335524658227, -479.0499999999997840 ) ) ;
#4902 = DIRECTION ( 'NONE',  ( -0.000000000000000000, -0.000000000000000000, 1.000000000000000000 ) ) ;
#4903 = ORIENTED_EDGE ( 'NONE', *, *, #2976, .T. ) ;
#4904 = CARTESIAN_POINT ( 'NONE',  ( 90.00000000000001421, 3.570561577078521953, -495.0000000000000000 ) ) ;
#4905 = VERTEX_POINT ( 'NONE', #1069 ) ;
#4906 = CARTESIAN_POINT ( 'NONE',  ( -6.302479751020173104, -12.50000000000003553, -322.3264724498571354 ) ) ;
#4907 = AXIS2_PLACEMENT_3D ( 'NONE', #4189, #2780, #6175 ) ;
#4908 = CARTESIAN_POINT ( 'NONE',  ( 179.6682627235871053, -0.3890831747132649232, -479.9999999999997726 ) ) ;
#4909 = CARTESIAN_POINT ( 'NONE',  ( -13.83884185156588664, 0.06392852928890013775, -339.9970778669495530 ) ) ;
#4910 = ADVANCED_FACE ( 'NONE', ( #4937 ), #489, .F. ) ;
#4911 = PLANE ( 'NONE',  #4922 ) ;
#4912 = AXIS2_PLACEMENT_3D ( 'NONE', #3517, #2928, #3386 ) ;
#4913 = APPLICATION_CONTEXT ( 'automotive_design' ) ;
#4914 = CARTESIAN_POINT ( 'NONE',  ( 28.53777460330906734, -3.999357016835523027, -319.0569742515600069 ) ) ;
#4915 = VERTEX_POINT ( 'NONE', #3995 ) ;
#4916 = CARTESIAN_POINT ( 'NONE',  ( 96.06393180781853403, 10.94663664136743719, -480.0002947600553966 ) ) ;
#4917 = CARTESIAN_POINT ( 'NONE',  ( 0.8408586980192384042, 12.12288595454168849, -318.3327342043511408 ) ) ;
#4918 = AXIS2_PLACEMENT_3D ( 'NONE', #3950, #2382, #3918 ) ;
#4919 = VECTOR ( 'NONE', #1177, 1000.000000000000000 ) ;
#4920 = ADVANCED_FACE ( 'NONE', ( #1975 ), #4900, .F. ) ;
#4921 = CARTESIAN_POINT ( 'NONE',  ( -43.83600405968997649, -4.696709800206949836, -575.0000000000000000 ) ) ;
#4922 = AXIS2_PLACEMENT_3D ( 'NONE', #6314, #1341, #3323 ) ;
#4923 = CARTESIAN_POINT ( 'NONE',  ( -24.06965644036157670, -11.30159136680225451, -264.9999999999998863 ) ) ;
#4924 = AXIS2_PLACEMENT_3D ( 'NONE', #1942, #4867, #4897 ) ;
#4925 = CARTESIAN_POINT ( 'NONE',  ( 176.8151068152738219, -0.2262976265869331982, -484.8000000000000114 ) ) ;
#4926 =( LENGTH_UNIT ( ) NAMED_UNIT ( * ) SI_UNIT ( .MILLI., .METRE. ) );
#4927 = VECTOR ( 'NONE', #965, 1000.000000000000000 ) ;
#4928 = CARTESIAN_POINT ( 'NONE',  ( 17.05160459926600325, -3.688873776797820359, -316.9999999999999432 ) ) ;
#4929 = LINE ( 'NONE', #542, #5340 ) ;
#4930 = DIRECTION ( 'NONE',  ( -0.000000000000000000, 0.000000000000000000, -1.000000000000000000 ) ) ;
#4931 = CARTESIAN_POINT ( 'NONE',  ( -2.817118539234266805, 8.868632727691821316, -264.9999999999699867 ) ) ;
#4932 = CARTESIAN_POINT ( 'NONE',  ( -14.89843613549390611, 3.787497397483579942, -340.0280344523345093 ) ) ;
#4933 = VECTOR ( 'NONE', #5412, 1000.000000000000000 ) ;
#4934 = DIRECTION ( 'NONE',  ( 0.000000000000000000, 1.000000000000000000, -0.000000000000000000 ) ) ;
#4935 = CARTESIAN_POINT ( 'NONE',  ( 152.8889579979991140, 4.208331841653088823, -433.9999999999999432 ) ) ;
#4936 = CARTESIAN_POINT ( 'NONE',  ( 68.50000000000007105, 3.000000000000000000, -319.0000000000000568 ) ) ;
#4937 = FACE_OUTER_BOUND ( 'NONE', #1737, .T. ) ;
#4938 = CARTESIAN_POINT ( 'NONE',  ( -13.65052910043791812, -0.02233389580498377699, -480.0000000000000000 ) ) ;
#4939 = CARTESIAN_POINT ( 'NONE',  ( -6.731891820574128715, 12.49999999999996803, -260.9162048736136512 ) ) ;
#4940 = EDGE_LOOP ( 'NONE', ( #1034, #5782, #5758, #4172 ) ) ;
#4941 = LINE ( 'NONE', #493, #1285 ) ;
#4942 = ORIENTED_EDGE ( 'NONE', *, *, #3929, .T. ) ;
#4943 = CARTESIAN_POINT ( 'NONE',  ( -21.75394929871435323, -12.50000000000003553, -320.4983596796868710 ) ) ;
#4944 = CARTESIAN_POINT ( 'NONE',  ( 179.5109796588973268, -0.3812700928699995773, -479.9999999999997726 ) ) ;
#4945 = CARTESIAN_POINT ( 'NONE',  ( -21.43016836224288468, -12.96083274044317157, -324.9999999999999432 ) ) ;
#4946 = ORIENTED_EDGE ( 'NONE', *, *, #2883, .T. ) ;
#4947 = CARTESIAN_POINT ( 'NONE',  ( -11.18651824709755083, 5.586618177445990874, 0.000000000000000000 ) ) ;
#4948 = DIRECTION ( 'NONE',  ( -1.000000000000000000, -0.000000000000000000, -0.000000000000000000 ) ) ;
#4949 = ORIENTED_EDGE ( 'NONE', *, *, #5934, .F. ) ;
#4950 = DIRECTION ( 'NONE',  ( 0.000000000000000000, 0.000000000000000000, -1.000000000000000000 ) ) ;
#4951 = ADVANCED_FACE ( 'NONE', ( #1037 ), #5202, .T. ) ;
#4952 = CARTESIAN_POINT ( 'NONE',  ( 148.5884743736874896, 4.645771674889404679, -479.0499999999997840 ) ) ;
#4953 = CARTESIAN_POINT ( 'NONE',  ( 6.039861196031148793, -3.021877689153010138, -479.9999999999992042 ) ) ;
#4954 = CARTESIAN_POINT ( 'NONE',  ( -21.78606020547743682, -12.77038885847488281, -264.9999999999998863 ) ) ;
#4955 = CARTESIAN_POINT ( 'NONE',  ( 103.4020333638624152, -2.795096916187917113, -480.0000000000000000 ) ) ;
#4956 = EDGE_CURVE ( 'NONE', #2423, #5840, #2348, .T. ) ;
#4957 = CARTESIAN_POINT ( 'NONE',  ( 137.6758406867323004, -0.9003146389657095128, -434.0000000000000000 ) ) ;
#4958 = CARTESIAN_POINT ( 'NONE',  ( 0.8520378512097807056, 12.11099681267798012, -262.7466380482379122 ) ) ;
#4959 = CARTESIAN_POINT ( 'NONE',  ( -49.99999999999999289, -7.000000000000047073, -296.3999999999998636 ) ) ;
#4960 = CARTESIAN_POINT ( 'NONE',  ( 137.6758406867323004, 6.266983400014570549, -180.0000000000000000 ) ) ;
#4961 = CARTESIAN_POINT ( 'NONE',  ( -0.1365270592406817030, 9.487047515863773484, -250.0185789283054874 ) ) ;
#4962 = CARTESIAN_POINT ( 'NONE',  ( -16.01429809768480794, 2.236792887305883770, -324.9999999999998863 ) ) ;
#4963 = ORIENTED_EDGE ( 'NONE', *, *, #5409, .T. ) ;
#4964 = CARTESIAN_POINT ( 'NONE',  ( 39.67911437448025680, -7.000000000000000000, -571.0000000000000000 ) ) ;
#4965 = DIRECTION ( 'NONE',  ( -1.000000000000000000, -1.445602896647339656E-16, 0.000000000000000000 ) ) ;
#4966 = CARTESIAN_POINT ( 'NONE',  ( -0.2594566756969805543, -12.49999999998131450, -305.7853467294470988 ) ) ;
#4967 = CARTESIAN_POINT ( 'NONE',  ( -10.00833405466326731, -1.313671118910841651, 0.000000000000000000 ) ) ;
#4968 = CARTESIAN_POINT ( 'NONE',  ( -5.340978334902850122, 12.49999999999996270, -260.5234074254176448 ) ) ;
#4969 = ORIENTED_EDGE ( 'NONE', *, *, #2333, .T. ) ;
#4970 = CARTESIAN_POINT ( 'NONE',  ( -49.99999999999999289, -1.110223024625156540E-13, -301.9999999999997726 ) ) ;
#4971 = ORIENTED_EDGE ( 'NONE', *, *, #2732, .F. ) ;
#4972 = CARTESIAN_POINT ( 'NONE',  ( -7.068754930103549938, 12.49999999999996803, -327.0309114325820019 ) ) ;
#4973 = CARTESIAN_POINT ( 'NONE',  ( 178.8424718262569399, -0.3240917436614166314, -480.0000000000000568 ) ) ;
#4974 = CARTESIAN_POINT ( 'NONE',  ( -11.07401689990711979, -16.19443444744370453, -324.9999999999998295 ) ) ;
#4975 = ADVANCED_FACE ( 'NONE', ( #6083 ), #1200, .F. ) ;
#4976 = VERTEX_POINT ( 'NONE', #3632 ) ;
#4977 = CARTESIAN_POINT ( 'NONE',  ( 21.22644754389644817, -3.822315154327359021, -324.4677086408712512 ) ) ;
#4978 = CARTESIAN_POINT ( 'NONE',  ( 137.6758406867323004, 6.319836158831440009, -434.0000000000000000 ) ) ;
#4979 = ORIENTED_EDGE ( 'NONE', *, *, #2883, .F. ) ;
#4980 = CARTESIAN_POINT ( 'NONE',  ( 53.82981518104866581, 13.37681676257055763, -480.0006331897635619 ) ) ;
#4981 = CARTESIAN_POINT ( 'NONE',  ( 0.8469257642644650863, 12.11647659164831481, -288.3327355024547956 ) ) ;
#4982 = EDGE_CURVE ( 'NONE', #3927, #2626, #5694, .T. ) ;
#4983 = CARTESIAN_POINT ( 'NONE',  ( -15.00000000000001066, -25.00000000000000000, -575.0000000000000000 ) ) ;
#4984 = CARTESIAN_POINT ( 'NONE',  ( -13.69456746832131522, -0.01153125343526349711, -249.9970933217355480 ) ) ;
#4985 = CARTESIAN_POINT ( 'NONE',  ( 83.43203411245119128, -3.799346583349470396, 0.000000000000000000 ) ) ;
#4986 = CARTESIAN_POINT ( 'NONE',  ( -23.52001399048467079, 12.49999999999996625, -325.1379824605748468 ) ) ;
#4987 = DIRECTION ( 'NONE',  ( -0.000000000000000000, 1.000000000000000000, -0.000000000000000000 ) ) ;
#4988 = FACE_OUTER_BOUND ( 'NONE', #4135, .T. ) ;
#4989 = ADVANCED_FACE ( 'NONE', ( #192 ), #1685, .T. ) ;
#4990 = CARTESIAN_POINT ( 'NONE',  ( 138.1098601456693871, 6.271940885936107435, -480.0000000000000000 ) ) ;
#4991 = DIRECTION ( 'NONE',  ( -1.000000000000000000, 0.000000000000000000, 0.000000000000000000 ) ) ;
#4992 = CARTESIAN_POINT ( 'NONE',  ( -6.533208599690834895, 23.38197710360140746, -264.9999999999999432 ) ) ;
#4993 = CARTESIAN_POINT ( 'NONE',  ( -15.48774785124838616, 3.118163463863169671, -325.0000000000036948 ) ) ;
#4994 = EDGE_LOOP ( 'NONE', ( #3387, #3379, #1820, #3747 ) ) ;
#4995 = CARTESIAN_POINT ( 'NONE',  ( -10.25486068323424327, -12.50000000000003730, -321.9885955670661701 ) ) ;
#4996 = EDGE_CURVE ( 'NONE', #6265, #881, #5154, .T. ) ;
#4997 = DIRECTION ( 'NONE',  ( 0.000000000000000000, 0.000000000000000000, 1.000000000000000000 ) ) ;
#4998 = CARTESIAN_POINT ( 'NONE',  ( -7.143202089011121636, -12.50000000000003553, -264.6641376409954773 ) ) ;
#4999 = CARTESIAN_POINT ( 'NONE',  ( 6.197881822694068177, 10.44407754263429489, 0.000000000000000000 ) ) ;
#5000 = CARTESIAN_POINT ( 'NONE',  ( -5.813133018354045056, 11.29418234211806471, -259.1994203414816411 ) ) ;
#5001 = VERTEX_POINT ( 'NONE', #1652 ) ;
#5002 = CARTESIAN_POINT ( 'NONE',  ( 1.225671980714476694, -10.27399569350320974, -266.3158047311066525 ) ) ;
#5003 = ORIENTED_EDGE ( 'NONE', *, *, #5015, .F. ) ;
#5004 = DIRECTION ( 'NONE',  ( -0.8944271909999160775, -0.4472135954999575391, 0.000000000000000000 ) ) ;
#5005 = CARTESIAN_POINT ( 'NONE',  ( 209.1203620289681169, -9.252469012892376554, -575.0000000000000000 ) ) ;
#5006 = EDGE_CURVE ( 'NONE', #1698, #401, #3996, .T. ) ;
#5007 = ORIENTED_EDGE ( 'NONE', *, *, #5111, .T. ) ;
#5008 = CARTESIAN_POINT ( 'NONE',  ( 33.67911437448030654, -4.062679201926048478, -341.7084912648271029 ) ) ;
#5009 = DIRECTION ( 'NONE',  ( 1.000000000000000000, 0.000000000000000000, 0.000000000000000000 ) ) ;
#5010 = CARTESIAN_POINT ( 'NONE',  ( 39.67911437448024969, -4.033308628665886353, -480.0008996906105381 ) ) ;
#5011 = EDGE_LOOP ( 'NONE', ( #1140, #4554, #6303 ) ) ;
#5012 = CARTESIAN_POINT ( 'NONE',  ( -11.09860832290434551, 6.009030401759176243, -250.0236240155802534 ) ) ;
#5013 = CARTESIAN_POINT ( 'NONE',  ( 137.6409587660900513, 6.084660292281502514, -479.0499999999999545 ) ) ;
#5014 = AXIS2_PLACEMENT_3D ( 'NONE', #399, #1048, #5862 ) ;
#5015 = EDGE_CURVE ( 'NONE', #232, #1919, #2026, .T. ) ;
#5016 = CARTESIAN_POINT ( 'NONE',  ( -16.07831341958065607, 2.843365726964647955, -480.0000000000009095 ) ) ;
#5017 = CARTESIAN_POINT ( 'NONE',  ( -15.12059954967695496, 0.7383250232647324829, -250.0047819336851944 ) ) ;
#5018 = CARTESIAN_POINT ( 'NONE',  ( -16.34301505781419195, 2.475501103692616223, -484.8000000000000114 ) ) ;
#5019 = VECTOR ( 'NONE', #6338, 999.9999999999998863 ) ;
#5020 = CARTESIAN_POINT ( 'NONE',  ( -9.601562463557621996, 12.50000000000058620, -328.3887911523909793 ) ) ;
#5021 = B_SPLINE_CURVE_WITH_KNOTS ( 'NONE', 3,
 ( #349, #6263, #4343, #1874 ),
 .UNSPECIFIED., .F., .F.,
 ( 4, 4 ),
 ( 0.000000000000000000, 0.001314721063179462562 ),
 .UNSPECIFIED. ) ;
#5022 = CARTESIAN_POINT ( 'NONE',  ( -0.07567269143598966130, 12.49999999999210587, -260.4670781653201743 ) ) ;
#5023 = AXIS2_PLACEMENT_3D ( 'NONE', #398, #466, #4358 ) ;
#5024 = AXIS2_PLACEMENT_3D ( 'NONE', #5704, #4728, #1507 ) ;
#5025 = DIRECTION ( 'NONE',  ( -0.000000000000000000, 0.000000000000000000, -1.000000000000000000 ) ) ;
#5026 = CARTESIAN_POINT ( 'NONE',  ( 1.082652710510846328, 12.02548538455817706, -332.2504467789914315 ) ) ;
#5027 = CARTESIAN_POINT ( 'NONE',  ( -9.582664344717967353, 6.673899013283401516, -250.0225463499211003 ) ) ;
#5028 = CARTESIAN_POINT ( 'NONE',  ( -30.05123697000189154, 7.649634152718698843, -324.9999999999998863 ) ) ;
#5029 = CARTESIAN_POINT ( 'NONE',  ( 123.1453733656561980, -1.656549293977525705, -484.8000000000000114 ) ) ;
#5030 = CARTESIAN_POINT ( 'NONE',  ( 108.4580010498720668, 9.805939646420073430, -479.9999999999993747 ) ) ;
#5031 = DIRECTION ( 'NONE',  ( 6.344131569286603618E-15, 0.000000000000000000, 1.000000000000000000 ) ) ;
#5032 = CARTESIAN_POINT ( 'NONE',  ( -2.943111799138507845, -12.50000000000003553, -327.3696027959555295 ) ) ;
#5033 = AXIS2_PLACEMENT_3D ( 'NONE', #3596, #3657, #5582 ) ;
#5034 = CARTESIAN_POINT ( 'NONE',  ( -15.46889082147253447, 1.231787137295091705, 0.000000000000000000 ) ) ;
#5035 = CARTESIAN_POINT ( 'NONE',  ( -10.77419798238547699, 12.49999999999996625, -264.5015741199514423 ) ) ;
#5036 = ORIENTED_EDGE ( 'NONE', *, *, #100, .T. ) ;
#5037 = DIRECTION ( 'NONE',  ( -0.000000000000000000, -0.000000000000000000, -1.000000000000000000 ) ) ;
#5038 = EDGE_LOOP ( 'NONE', ( #3680, #3400, #4676, #3066, #1334, #6239, #927, #269 ) ) ;
#5039 = DIRECTION ( 'NONE',  ( 1.000000000000000000, 0.000000000000000000, 0.000000000000000000 ) ) ;
#5040 = EDGE_CURVE ( 'NONE', #2626, #4346, #1580, .T. ) ;
#5041 = CARTESIAN_POINT ( 'NONE',  ( 176.7589754054841080, -0.2197127048425965845, -479.9999999999989200 ) ) ;
#5042 = VECTOR ( 'NONE', #691, 1000.000000000000000 ) ;
#5043 = ORIENTED_EDGE ( 'NONE', *, *, #3089, .F. ) ;
#5044 = CARTESIAN_POINT ( 'NONE',  ( -8.070681554721442552, 6.930005832337500671, 0.000000000000000000 ) ) ;
#5045 = LINE ( 'NONE', #4037, #6084 ) ;
#5046 = CARTESIAN_POINT ( 'NONE',  ( 91.94184305426277604, -3.305758467229279240, -480.0019056210404074 ) ) ;
#5047 = ORIENTED_EDGE ( 'NONE', *, *, #5980, .T. ) ;
#5048 = CARTESIAN_POINT ( 'NONE',  ( 150.8245889740585426, -0.3425881215529367751, -480.0000000000000000 ) ) ;
#5049 = CARTESIAN_POINT ( 'NONE',  ( 176.0805424043948051, 0.3262752502809962429, -479.9999999999992610 ) ) ;
#5050 = CARTESIAN_POINT ( 'NONE',  ( 39.67911437448029233, -2.000000000000000000, -337.0000000000000000 ) ) ;
#5051 = CARTESIAN_POINT ( 'NONE',  ( -16.00076902976710258, 1.359529153704064131, -479.9999999999994884 ) ) ;
#5052 = CARTESIAN_POINT ( 'NONE',  ( 3.628721777033299567, -2.978261253238706274, -249.9901322604992799 ) ) ;
#5053 = VERTEX_POINT ( 'NONE', #1777 ) ;
#5054 = CARTESIAN_POINT ( 'NONE',  ( -14.63533721803532117, 0.3346072642946015252, 0.000000000000000000 ) ) ;
#5055 = CARTESIAN_POINT ( 'NONE',  ( 168.8363427489956337, -0.05392840867283702627, -479.9999885590548274 ) ) ;
#5056 = CARTESIAN_POINT ( 'NONE',  ( 33.67911437448026390, -4.017752450572994682, -413.8999999838186454 ) ) ;
#5057 = DIRECTION ( 'NONE',  ( 1.000000000000000000, 0.000000000000000000, 0.000000000000000000 ) ) ;
#5058 = LINE ( 'NONE', #2162, #1813 ) ;
#5059 = CARTESIAN_POINT ( 'NONE',  ( 45.00000000000001421, -4.136851105625146907, -338.9999999999999432 ) ) ;
#5060 = CARTESIAN_POINT ( 'NONE',  ( -13.37138744233913634, 4.757249248748590453, -250.0258732385257190 ) ) ;
#5061 = CARTESIAN_POINT ( 'NONE',  ( -18.36867496622665996, 19.30557569838634890, -324.9999999999998863 ) ) ;
#5062 = CARTESIAN_POINT ( 'NONE',  ( 179.6758378702645871, -0.3878923695565488217, -484.8000000000000114 ) ) ;
#5063 = CARTESIAN_POINT ( 'NONE',  ( -23.76390423940663155, -12.50000000000003375, -320.2216950403858391 ) ) ;
#5064 = CARTESIAN_POINT ( 'NONE',  ( -15.46149510329866317, 10.18687370620717125, -261.7887399621146187 ) ) ;
#5065 = CARTESIAN_POINT ( 'NONE',  ( 137.6758406867322719, -0.9348783956984964005, -267.1375840754016053 ) ) ;
#5066 = CARTESIAN_POINT ( 'NONE',  ( -13.65890101910770760, -0.01805652033994866942, -484.8000000000000114 ) ) ;
#5067 = CARTESIAN_POINT ( 'NONE',  ( -12.11431812958713472, 12.49999999999996625, -265.0162818524235036 ) ) ;
#5068 = ORIENTED_EDGE ( 'NONE', *, *, #633, .T. ) ;
#5069 = EDGE_LOOP ( 'NONE', ( #3088, #5271, #5687, #4164, #2390, #594, #4523, #4254, #2601 ) ) ;
#5070 = CARTESIAN_POINT ( 'NONE',  ( -29.90820826521772702, 12.49999999999996625, -269.9999999999998863 ) ) ;
#5071 = B_SPLINE_CURVE_WITH_KNOTS ( 'NONE', 3,
 ( #2096, #4566, #1645, #3176, #217 ),
 .UNSPECIFIED., .F., .F.,
 ( 4, 1, 4 ),
 ( 0.000000000000000000, 0.003537615220835711293, 0.005500034052378121804 ),
 .UNSPECIFIED. ) ;
#5072 = CARTESIAN_POINT ( 'NONE',  ( 204.6634257057640696, -12.16228200711400653, -574.9999999999998863 ) ) ;
#5073 = ORIENTED_EDGE ( 'NONE', *, *, #5516, .F. ) ;
#5074 = CARTESIAN_POINT ( 'NONE',  ( 152.9848059285570798, 4.136880100982744501, 0.000000000000000000 ) ) ;
#5075 = EDGE_CURVE ( 'NONE', #637, #112, #3730, .T. ) ;
#5076 = CARTESIAN_POINT ( 'NONE',  ( 145.6254246539862436, 5.207125348669447540, -180.0000000000000000 ) ) ;
#5077 = CARTESIAN_POINT ( 'NONE',  ( 129.9045094542090624, -1.282883438031252599, -479.9999375352965103 ) ) ;
#5078 = ORIENTED_EDGE ( 'NONE', *, *, #2712, .F. ) ;
#5079 = CARTESIAN_POINT ( 'NONE',  ( 102.8696616703981306, -2.592821153276643642, -479.0499999999991587 ) ) ;
#5080 = CARTESIAN_POINT ( 'NONE',  ( 172.9832651734650142, 0.9410173791491591722, -479.9999999999986926 ) ) ;
#5081 = DIRECTION ( 'NONE',  ( -0.000000000000000000, -0.000000000000000000, -1.000000000000000000 ) ) ;
#5082 = CARTESIAN_POINT ( 'NONE',  ( -9.140017065985688305, 7.220616637544519989, -479.9999999999995453 ) ) ;
#5083 = EDGE_CURVE ( 'NONE', #910, #3054, #46, .T. ) ;
#5084 = CARTESIAN_POINT ( 'NONE',  ( -10.15650648863234551, -1.110354150660752381, -249.9933054436426403 ) ) ;
#5085 = ORIENTED_EDGE ( 'NONE', *, *, #73, .F. ) ;
#5086 = CARTESIAN_POINT ( 'NONE',  ( -14.32866433470924861, 4.682873909921585032, -480.0000000000000000 ) ) ;
#5087 = DIRECTION ( 'NONE',  ( 1.000000000000000000, 0.000000000000000000, -0.000000000000000000 ) ) ;
#5088 = CARTESIAN_POINT ( 'NONE',  ( 33.67911437448025680, -3.983010566036423672, -469.7843226835029213 ) ) ;
#5089 = SHAPE_DEFINITION_REPRESENTATION ( #2759, #1416 ) ;
#5090 = LINE ( 'NONE', #2615, #3895 ) ;
#5091 = CARTESIAN_POINT ( 'NONE',  ( -11.84832551577658677, 5.631637637900588800, -250.0242272884298700 ) ) ;
#5092 = CARTESIAN_POINT ( 'NONE',  ( -7.518688635756213934, 7.585268033967073720, -340.0212838843049212 ) ) ;
#5093 = CARTESIAN_POINT ( 'NONE',  ( 176.8272708794122536, -0.2333735326913851937, 0.000000000000000000 ) ) ;
#5094 = CARTESIAN_POINT ( 'NONE',  ( 78.70198322173436623, 12.32224280764742375, -479.9999999999998295 ) ) ;
#5095 = EDGE_CURVE ( 'NONE', #66, #4064, #4209, .T. ) ;
#5096 = CARTESIAN_POINT ( 'NONE',  ( 33.67911437448024969, -3.976662938651982060, -480.0014840328256582 ) ) ;
#5097 = DIRECTION ( 'NONE',  ( 0.000000000000000000, 0.000000000000000000, 1.000000000000000000 ) ) ;
#5098 = CARTESIAN_POINT ( 'NONE',  ( 100.9167671982150694, 10.52472949211140829, -484.8000000000000114 ) ) ;
#5099 = CARTESIAN_POINT ( 'NONE',  ( -0.8944271909999412795, 16.05278640450006122, -549.9999999999998863 ) ) ;
#5100 = ORIENTED_EDGE ( 'NONE', *, *, #4714, .F. ) ;
#5101 = ORIENTED_EDGE ( 'NONE', *, *, #5795, .F. ) ;
#5102 = LINE ( 'NONE', #2627, #252 ) ;
#5103 = CARTESIAN_POINT ( 'NONE',  ( 174.6817065978463006, -0.1487362116653629662, -480.0000000000001705 ) ) ;
#5104 = ORIENTED_EDGE ( 'NONE', *, *, #3649, .F. ) ;
#5105 = CARTESIAN_POINT ( 'NONE',  ( 8.679114374480255023, -2.000000000000000000, -322.9999999999998863 ) ) ;
#5106 = CARTESIAN_POINT ( 'NONE',  ( 74.00000000000001421, -3.863319689267720403, -322.0000000000000568 ) ) ;
#5107 = LINE ( 'NONE', #5570, #3981 ) ;
#5108 = EDGE_LOOP ( 'NONE', ( #3487, #3372, #4577, #3318 ) ) ;
#5109 = CARTESIAN_POINT ( 'NONE',  ( 128.0909440518637723, -1.133385562045022166, -479.0500000000005798 ) ) ;
#5110 = CARTESIAN_POINT ( 'NONE',  ( 168.1215043357670993, 1.749835235845736525, -479.0499999999998977 ) ) ;
#5111 = EDGE_CURVE ( 'NONE', #298, #846, #1749, .T. ) ;
#5112 = CARTESIAN_POINT ( 'NONE',  ( -60.00000000000000000, -1.108508519106350097E-13, -303.3999999999998067 ) ) ;
#5113 = CARTESIAN_POINT ( 'NONE',  ( -44.83264376159175413, -1.828952447190538511, -575.0000000000005684 ) ) ;
#5114 = CARTESIAN_POINT ( 'NONE',  ( 4.642762390226497615, -3.047168225107590889, -264.9999999999699298 ) ) ;
#5115 = VERTEX_POINT ( 'NONE', #3794 ) ;
#5116 = CARTESIAN_POINT ( 'NONE',  ( -16.32234087819342960, 1.677152668944637881, -484.8000000000000114 ) ) ;
#5117 = PLANE ( 'NONE',  #674 ) ;
#5118 = ADVANCED_FACE ( 'NONE', ( #290 ), #5742, .F. ) ;
#5119 = CARTESIAN_POINT ( 'NONE',  ( 68.50000000000000000, -3.953423317857250208, -338.9999999999999432 ) ) ;
#5120 = DIRECTION ( 'NONE',  ( 1.000000000000000000, 0.000000000000000000, 0.000000000000000000 ) ) ;
#5121 = DIRECTION ( 'NONE',  ( -1.000000000000000000, 0.000000000000000000, 2.018587317500288033E-14 ) ) ;
#5122 = CIRCLE ( 'NONE', #345, 2.000000000000001776 ) ;
#5123 = CARTESIAN_POINT ( 'NONE',  ( -15.58120191944038879, 2.808305668544113232, -265.0000000000073896 ) ) ;
#5124 = CARTESIAN_POINT ( 'NONE',  ( -9.259289933076784607, 22.75734547543086350, -324.9999999999999432 ) ) ;
#5125 = CARTESIAN_POINT ( 'NONE',  ( 93.62913818886050876, -3.457398024471676212, 0.000000000000000000 ) ) ;
#5126 = CARTESIAN_POINT ( 'NONE',  ( 19.02528460983401359, 12.47023381929698616, -480.0000000000000000 ) ) ;
#5127 = AXIS2_PLACEMENT_3D ( 'NONE', #1815, #787, #6186 ) ;
#5128 = CARTESIAN_POINT ( 'NONE',  ( 14.14679676642699668, -3.563123551623825769, -323.0041030931732280 ) ) ;
#5129 = CARTESIAN_POINT ( 'NONE',  ( 177.0054179419646232, 0.1437332743148934111, -480.0000000000000000 ) ) ;
#5130 = CARTESIAN_POINT ( 'NONE',  ( 61.77310697284232788, 13.15559628394893465, -484.8000000000000114 ) ) ;
#5131 = LINE ( 'NONE', #1720, #5042 ) ;
#5132 = EDGE_LOOP ( 'NONE', ( #3375, #4162 ) ) ;
#5133 = VECTOR ( 'NONE', #959, 999.9999999999998863 ) ;
#5134 = ORIENTED_EDGE ( 'NONE', *, *, #2611, .T. ) ;
#5135 = CARTESIAN_POINT ( 'NONE',  ( -15.67517576654694977, 3.380467444448165715, -479.9998127151517906 ) ) ;
#5136 = CARTESIAN_POINT ( 'NONE',  ( 205.4423088470232983, -11.65377030287075399, -575.0000000000000000 ) ) ;
#5137 = VECTOR ( 'NONE', #1579, 1000.000000000000000 ) ;
#5138 = ORIENTED_EDGE ( 'NONE', *, *, #2058, .F. ) ;
#5139 = CARTESIAN_POINT ( 'NONE',  ( -49.99999999999999289, -1.110223024625156540E-13, -300.5999999999997385 ) ) ;
#5140 = CARTESIAN_POINT ( 'NONE',  ( -16.02625454619276724, 1.666284171269577064, -340.0199574323190745 ) ) ;
#5141 = DIRECTION ( 'NONE',  ( 1.000000000000000000, 0.000000000000000000, 0.000000000000000000 ) ) ;
#5142 = VERTEX_POINT ( 'NONE', #4251 ) ;
#5143 = CARTESIAN_POINT ( 'NONE',  ( 153.6443969551022235, -0.2617514069357365636, -480.0000000000000000 ) ) ;
#5144 = CIRCLE ( 'NONE', #3584, 3.149999999999999911 ) ;
#5145 = CARTESIAN_POINT ( 'NONE',  ( 171.2979625017002547, 1.210519463495463022, -479.0499999999997272 ) ) ;
#5146 = CARTESIAN_POINT ( 'NONE',  ( 44.99999999999989342, -4.150011241276768459, -316.4999999999449756 ) ) ;
#5147 = VECTOR ( 'NONE', #999, 1000.000000000000000 ) ;
#5148 = CARTESIAN_POINT ( 'NONE',  ( -7.637525452534029036, 7.643790996223181367, -479.0500000000002956 ) ) ;
#5149 = EDGE_CURVE ( 'NONE', #5920, #4258, #2229, .T. ) ;
#5150 = CARTESIAN_POINT ( 'NONE',  ( -7.795731908249779352, -1.594222778250881989, -249.9919429312006400 ) ) ;
#5151 = EDGE_LOOP ( 'NONE', ( #1137, #854 ) ) ;
#5152 = CARTESIAN_POINT ( 'NONE',  ( -14.33696193022107224, 4.687370186854693976, -484.8000000000000114 ) ) ;
#5153 = PLANE ( 'NONE',  #2417 ) ;
#5154 = B_SPLINE_CURVE_WITH_KNOTS ( 'NONE', 3,
 ( #225, #2140, #1588, #5684, #1233, #5065, #619, #2720, #2590, #3667, #749, #2202, #2238, #4192, #3217, #125 ),
 .UNSPECIFIED., .F., .F.,
 ( 4, 3, 3, 3, 3, 4 ),
 ( 0.000000000000000000, 0.03734467969437612472, 0.1120340390831293942, 0.1493787187775056091, 0.2016893621177024976, 0.2540000054579012456 ),
 .UNSPECIFIED. ) ;
#5155 = CARTESIAN_POINT ( 'NONE',  ( 2.403196249010680852, -17.86898707437676492, -324.9999999999998863 ) ) ;
#5156 = CARTESIAN_POINT ( 'NONE',  ( 170.8944271909999486, 16.05278640450003280, -549.9999999999998863 ) ) ;
#5157 = CYLINDRICAL_SURFACE ( 'NONE', #6188, 2.000000000000001776 ) ;
#5158 = CARTESIAN_POINT ( 'NONE',  ( -14.31833791669566480, 4.071694794104243620, -250.0272753737859261 ) ) ;
#5159 = EDGE_CURVE ( 'NONE', #6095, #2158, #1259, .T. ) ;
#5160 = CARTESIAN_POINT ( 'NONE',  ( -12.13476562384029300, 5.646863628102881449, -340.0243311186938513 ) ) ;
#5161 = CARTESIAN_POINT ( 'NONE',  ( 44.99999999999988631, -7.000000000000000000, -318.9999999999999432 ) ) ;
#5162 = CARTESIAN_POINT ( 'NONE',  ( 179.6770530848660883, -0.3988440121689499906, -480.0000000000000000 ) ) ;
#5163 = DIRECTION ( 'NONE',  ( -0.000000000000000000, -0.000000000000000000, -1.000000000000000000 ) ) ;
#5164 = CARTESIAN_POINT ( 'NONE',  ( -16.76302243131150149, 9.958109893330439277, -262.1528514834300836 ) ) ;
#5165 = CARTESIAN_POINT ( 'NONE',  ( -0.2590498425161442131, -12.50000000000003730, -284.1957977086549931 ) ) ;
#5166 = CARTESIAN_POINT ( 'NONE',  ( 152.9848059285570798, 4.136880100982744501, 0.000000000000000000 ) ) ;
#5167 = LINE ( 'NONE', #5099, #579 ) ;
#5168 = ORIENTED_EDGE ( 'NONE', *, *, #4371, .T. ) ;
#5169 = ORIENTED_EDGE ( 'NONE', *, *, #735, .T. ) ;
#5170 = CARTESIAN_POINT ( 'NONE',  ( -10.86195462496115027, 6.509116316177500750, -480.0007846221078012 ) ) ;
#5171 = CARTESIAN_POINT ( 'NONE',  ( 165.3275056811245918, 0.1166460598195641352, -479.0499999999996703 ) ) ;
#5172 = ORIENTED_EDGE ( 'NONE', *, *, #530, .F. ) ;
#5173 = CARTESIAN_POINT ( 'NONE',  ( 16.85000000000000142, 3.570561577078505522, -495.0000000000000000 ) ) ;
#5174 = CARTESIAN_POINT ( 'NONE',  ( -15.66386063425118103, 2.942828258017625043, -340.0293425946253478 ) ) ;
#5175 = CARTESIAN_POINT ( 'NONE',  ( -2.934407381716948038, -12.50000000000003553, -267.4016465359939048 ) ) ;
#5176 = ORIENTED_EDGE ( 'NONE', *, *, #215, .F. ) ;
#5177 = DIRECTION ( 'NONE',  ( -0.000000000000000000, -0.000000000000000000, -1.000000000000000000 ) ) ;
#5178 = CARTESIAN_POINT ( 'NONE',  ( 179.5670478293825738, -0.3632246750424878989, -480.0000000000011937 ) ) ;
#5179 = CARTESIAN_POINT ( 'NONE',  ( 198.5652655127901198, -1.318388846169957107, -549.9999999999998863 ) ) ;
#5180 = DIRECTION ( 'NONE',  ( 0.000000000000000000, -1.000000000000000000, 0.000000000000000000 ) ) ;
#5181 = CARTESIAN_POINT ( 'NONE',  ( -12.58566300148744865, -15.94249866856329056, -264.9999999999998863 ) ) ;
#5182 = ORIENTED_EDGE ( 'NONE', *, *, #4243, .F. ) ;
#5183 = CARTESIAN_POINT ( 'NONE',  ( 165.2687268397055504, 2.265670115543501062, 0.000000000000000000 ) ) ;
#5184 = CARTESIAN_POINT ( 'NONE',  ( 2.708858800692458324, 12.49999999999996625, -330.5565408660575599 ) ) ;
#5185 = ADVANCED_FACE ( 'NONE', ( #3366 ), #5808, .T. ) ;
#5186 = LINE ( 'NONE', #1190, #2954 ) ;
#5187 = LINE ( 'NONE', #2654, #1404 ) ;
#5188 = CARTESIAN_POINT ( 'NONE',  ( -26.50044065464502907, 13.10606921410677828, -264.9999999999999432 ) ) ;
#5189 = CARTESIAN_POINT ( 'NONE',  ( -20.28731158605139129, 18.28519498999011361, -324.9999999999998295 ) ) ;
#5190 = CARTESIAN_POINT ( 'NONE',  ( 25.79931668085154328, -4.167639974534695924, 0.000000000000000000 ) ) ;
#5191 = CYLINDRICAL_SURFACE ( 'NONE', #4907, 8.000000000000001776 ) ;
#5192 = EDGE_CURVE ( 'NONE', #3291, #4502, #4738, .T. ) ;
#5193 = DIRECTION ( 'NONE',  ( -1.000000000000000000, -0.000000000000000000, -0.000000000000000000 ) ) ;
#5194 = CARTESIAN_POINT ( 'NONE',  ( -7.101901575509014464, -12.50000000000003730, -267.7003891910156312 ) ) ;
#5195 = CARTESIAN_POINT ( 'NONE',  ( 81.65521185280321959, 11.85170624527342476, 0.000000000000000000 ) ) ;
#5196 = CARTESIAN_POINT ( 'NONE',  ( 8.679114374480255023, -4.431978330222528406, -322.9999999999998863 ) ) ;
#5197 = VERTEX_POINT ( 'NONE', #3824 ) ;
#5198 = B_SPLINE_SURFACE_WITH_KNOTS ( 'NONE', 3, 1, ( 
 ( #5442, #3006, #4432 ),
 ( #1963, #962, #5377 ),
 ( #1027, #1443, #2412 ),
 ( #3524, #5509, #4925 ),
 ( #3394, #476, #538 ),
 ( #407, #2449, #4402 ),
 ( #11, #933, #6415 ),
 ( #2514, #48, #5936 ),
 ( #5478, #3947, #4016 ),
 ( #3916, #1932, #2904 ),
 ( #2380, #3423, #4367 ),
 ( #3980, #1472, #3454 ),
 ( #1055, #6353, #508 ),
 ( #1993, #4955, #996 ),
 ( #2974, #4858, #3493 ),
 ( #4985, #2480, #4460 ),
 ( #5972, #4491, #1898 ),
 ( #3885, #4888, #6386 ),
 ( #5420, #550, #975 ),
 ( #5522, #3507, #3086 ),
 ( #1456, #1070, #1589 ),
 ( #5949, #3052, #2955 ),
 ( #3569, #1490, #1976 ),
 ( #586, #2075, #3473 ),
 ( #2044, #5561, #4027 ),
 ( #3931, #4474, #126 ),
 ( #3961, #2561, #2987 ),
 ( #4967, #5918, #4062 ),
 ( #3436, #4938, #5066 ),
 ( #64, #1105, #4543 ),
 ( #5034, #6018, #490 ),
 ( #4508, #5461, #1558 ),
 ( #620, #6047, #3019 ),
 ( #2462, #5491, #4444 ),
 ( #93, #1010, #3537 ),
 ( #6429, #520, #3997 ),
 ( #2494, #2529, #25 ),
 ( #2591, #4575, #1038 ),
 ( #4999, #2007, #5988 ),
 ( #1526, #3149, #4128 ),
 ( #5226, #3246, #2662 ),
 ( #4674, #1686, #722 ),
 ( #4096, #2171, #6116 ),
 ( #3703, #3118, #4643 ),
 ( #4703, #5654, #193 ),
 ( #6211, #261, #5130 ),
 ( #1653, #4160, #1750 ),
 ( #5195, #226, #3668 ),
 ( #2203, #6085, #6147 ),
 ( #4193, #5685, #5098 ),
 ( #689, #4226, #3731 ),
 ( #1202, #5589, #2692 ),
 ( #750, #1624, #2721 ),
 ( #1165, #5714, #6181 ),
 ( #1719, #1234, #3188 ),
 ( #5166, #781, #3603 ),
 ( #1134, #651, #2756 ),
 ( #3218, #2623, #2240 ),
 ( #1260, #4739, #2105 ),
 ( #4610, #164, #2141 ),
 ( #3633, #5621, #5382 ),
 ( #2294, #2267, #4833 ),
 ( #380, #2356, #291 ),
 ( #2911, #5743, #319 ) ),
 .UNSPECIFIED., .T., .F., .F.,
 ( 4, 1, 1, 1, 1, 1, 1, 1, 1, 1, 1, 1, 1, 1, 1, 1, 1, 1, 1, 1, 1, 1, 1, 1, 1, 1, 1, 1, 1, 1, 1, 1, 1, 1, 1, 1, 1, 1, 1, 1, 1, 1, 1, 1, 1, 1, 1, 1, 1, 1, 1, 1, 1, 1, 1, 1, 1, 1, 1, 1, 1, 4 ),
 ( 2, 1, 2 ),
 ( 0.000000000000000000, 0.001683666966304953050, 0.006670281404517641732, 0.01482216673949543484, 0.02596761882520304265, 0.03992174925132252472, 0.05644654153272510300, 0.07526418614325114387, 0.09607132787023986431, 0.1185426355322303227, 0.1423208274011107388, 0.1670598476339375527, 0.1924053398970229090, 0.2180726659120238997, 0.2439536307566957385, 0.2699179134581303208, 0.2956586339458423529, 0.3208759888793142334, 0.3452696200044567121, 0.3685591602400630773, 0.3904845758586830140, 0.4108017201025516707, 0.4292928840289487180, 0.4457676137112793757, 0.4600847857183585354, 0.4721153253472251121, 0.4818134222887942020, 0.4891607564795136254, 0.4942318754870071995, 0.4971465178837387588, 0.4973839657995610120, 0.5002314068393175495, 0.5050719534284533463, 0.5117555016550954239, 0.5203442777400434371, 0.5308696270947534934, 0.5433159956570867699, 0.5576270349270235904, 0.5737162629084708865, 0.5914767705433323641, 0.6107895397454283781, 0.6315042211354557899, 0.6534530063586861948, 0.6764560179584068189, 0.7003060871858559633, 0.7247790380070628924, 0.7496483297091041109, 0.7746610013541470607, 0.7995663428171677634, 0.8240981681227599331, 0.8480027876186548852, 0.8710057716068864142, 0.8928564458171321938, 0.9132887262472768608, 0.9320654160251946596, 0.9489446006755400953, 0.9636994592665341086, 0.9761263699187154863, 0.9861089879417380688, 0.9936020298976229181, 0.9983521454773316428, 1.000000000000000000 ),
 ( 0.000000000000000000, 1.000000000000000000, 1.010000000000000009 ),
 .UNSPECIFIED. ) ;
#5199 = VERTEX_POINT ( 'NONE', #6295 ) ;
#5200 = DIRECTION ( 'NONE',  ( -1.000000000000000000, 0.000000000000000000, 0.000000000000000000 ) ) ;
#5201 = CARTESIAN_POINT ( 'NONE',  ( 154.9042517971266761, 0.01910799536306245772, -479.0499999999993292 ) ) ;
#5202 =( BOUNDED_SURFACE ( )  B_SPLINE_SURFACE ( 3, 2, ( 
 ( #5521, #3471, #5032 ),
 ( #4415, #4966, #519 ),
 ( #5559, #5165, #650 ),
 ( #1164, #5620, #2104 ) ),
 .UNSPECIFIED., .F., .F., .T. ) 
 B_SPLINE_SURFACE_WITH_KNOTS ( ( 4, 4 ),
 ( 3, 3 ),
 ( 0.04763035889323853633, 0.1123990023438171532 ),
 ( 0.000000000000000000, 1.000000000000000000 ),
 .UNSPECIFIED. ) 
 GEOMETRIC_REPRESENTATION_ITEM ( )  RATIONAL_B_SPLINE_SURFACE ( (
 ( 1.000000000000000000, 0.8811366922735012208, 1.000000000000000000),
 ( 1.000000000000000000, 0.8813368228255886727, 1.000000000000000000),
 ( 1.000000000000000000, 0.8815369536660530025, 1.000000000000000000),
 ( 1.000000000000000000, 0.8817370843896781274, 1.000000000000000000) ) ) 
 REPRESENTATION_ITEM ( '' )  SURFACE ( )  );
#5203 = EDGE_CURVE ( 'NONE', #6127, #1116, #814, .T. ) ;
#5204 = EDGE_CURVE ( 'NONE', #4646, #382, #6210, .T. ) ;
#5205 = EDGE_LOOP ( 'NONE', ( #5900, #4240, #1941, #528 ) ) ;
#5206 = LINE ( 'NONE', #2728, #5439 ) ;
#5207 = CARTESIAN_POINT ( 'NONE',  ( -3.245721424384169218, -2.233617634241876537, -339.9908004608732881 ) ) ;
#5208 = CARTESIAN_POINT ( 'NONE',  ( -40.46678357353442834, -8.373426858827533792, -575.0000000000000000 ) ) ;
#5209 = ORIENTED_EDGE ( 'NONE', *, *, #2058, .T. ) ;
#5210 = DIRECTION ( 'NONE',  ( 0.000000000000000000, 0.000000000000000000, 1.000000000000000000 ) ) ;
#5211 = CARTESIAN_POINT ( 'NONE',  ( 178.7676108863650200, -0.2056518151436884378, -479.0499999999992156 ) ) ;
#5212 = CARTESIAN_POINT ( 'NONE',  ( -8.518079554235510997, -1.479979700238097662, -249.9921534307497666 ) ) ;
#5213 = CARTESIAN_POINT ( 'NONE',  ( -22.29674077088214901, -12.50000000000112799, -265.3605247197952508 ) ) ;
#5214 = CARTESIAN_POINT ( 'NONE',  ( -30.09692654640665310, 7.500000000000000888, -324.9999999999999432 ) ) ;
#5215 = ORIENTED_EDGE ( 'NONE', *, *, #1991, .F. ) ;
#5216 = CARTESIAN_POINT ( 'NONE',  ( 173.8763530019075745, 0.7726410036664411729, -484.8000000000000114 ) ) ;
#5217 = CARTESIAN_POINT ( 'NONE',  ( -17.65446035239376599, -9.079182101469701394, -325.8925814498599607 ) ) ;
#5218 = CARTESIAN_POINT ( 'NONE',  ( -14.63533721803532117, 0.3346072642946015252, 0.000000000000000000 ) ) ;
#5219 = DIRECTION ( 'NONE',  ( -0.000000000000000000, 1.000000000000000000, -0.000000000000000000 ) ) ;
#5220 = CARTESIAN_POINT ( 'NONE',  ( -28.45058275822649918, 10.49453896536337183, -264.9999999999999432 ) ) ;
#5221 = CARTESIAN_POINT ( 'NONE',  ( -1.432155353367048356, -12.28185461511693788, -324.1755294910531120 ) ) ;
#5222 = CYLINDRICAL_SURFACE ( 'NONE', #6072, 2.000000000000001776 ) ;
#5223 = AXIS2_PLACEMENT_3D ( 'NONE', #5665, #3547, #3096 ) ;
#5224 = CARTESIAN_POINT ( 'NONE',  ( 14.99999999999998579, 0.000000000000000000, -519.9999999999998863 ) ) ;
#5225 = DIRECTION ( 'NONE',  ( 1.000000000000000000, 0.000000000000000000, 0.000000000000000000 ) ) ;
#5226 = CARTESIAN_POINT ( 'NONE',  ( 19.43461473771418113, 12.07865143525630103, 0.000000000000000000 ) ) ;
#5227 = CARTESIAN_POINT ( 'NONE',  ( -16.06598997493927783, 2.133020786442491268, -340.0282350507709452 ) ) ;
#5228 = ORIENTED_EDGE ( 'NONE', *, *, #6231, .F. ) ;
#5229 = EDGE_LOOP ( 'NONE', ( #1432, #1049, #3956, #2206, #919, #1108, #1302, #786, #3620 ) ) ;
#5230 = CARTESIAN_POINT ( 'NONE',  ( -0.6206290572245690695, 9.678999799743939647, -480.0015665995884433 ) ) ;
#5231 = VECTOR ( 'NONE', #1979, 1000.000000000000000 ) ;
#5232 = CARTESIAN_POINT ( 'NONE',  ( 166.1417647172928866, 0.1133033757027089583, -479.0500000000000114 ) ) ;
#5233 = VECTOR ( 'NONE', #1782, 1000.000000000000000 ) ;
#5234 = B_SPLINE_CURVE_WITH_KNOTS ( 'NONE', 3,
 ( #1022, #5865, #2930, #4393, #6379, #2025, #4486, #5339, #4916, #2404, #3001, #958, #990, #1926, #4883, #5827, #4980, #4852, #1371, #3352, #2445, #2508, #5372, #896, #5964, #5930 ),
 .UNSPECIFIED., .F., .F.,
 ( 4, 2, 2, 2, 2, 2, 2, 2, 2, 2, 2, 2, 4 ),
 ( 0.000000000000000000, 0.01493133371696115687, 0.02986266743392231374, 0.03732833429240289824, 0.04479400115088347234, 0.05972533486784462747, 0.06719100172632520851, 0.07465666858480579648, 0.08958800230176697244, 0.09705366916024757429, 0.1045193360187281623, 0.1119850028772087780, 0.1194506697356893937 ),
 .UNSPECIFIED. ) ;
#5235 = ORIENTED_EDGE ( 'NONE', *, *, #2200, .F. ) ;
#5236 = CARTESIAN_POINT ( 'NONE',  ( 1.174015293268815263, -10.34912766828263742, -279.8214116865164556 ) ) ;
#5237 = CIRCLE ( 'NONE', #5657, 2.000000000000005329 ) ;
#5238 = DIRECTION ( 'NONE',  ( -1.000000000000000000, 0.000000000000000000, -9.251858538542962756E-15 ) ) ;
#5239 = FACE_OUTER_BOUND ( 'NONE', #5819, .T. ) ;
#5240 = EDGE_CURVE ( 'NONE', #1949, #588, #379, .T. ) ;
#5241 = EDGE_LOOP ( 'NONE', ( #101, #3843, #468, #2565 ) ) ;
#5242 = CARTESIAN_POINT ( 'NONE',  ( -27.95356862653355279, -12.50000000000003375, -324.9999999999998863 ) ) ;
#5243 = CARTESIAN_POINT ( 'NONE',  ( 179.3252680802011696, -0.2964644074679455565, -479.0500000000002387 ) ) ;
#5244 = VECTOR ( 'NONE', #549, 1000.000000000000000 ) ;
#5245 = CARTESIAN_POINT ( 'NONE',  ( -14.34651103012407702, 0.2606475496539271686, -249.9992623441124806 ) ) ;
#5246 = CARTESIAN_POINT ( 'NONE',  ( -17.98850045616121918, -12.50000000000003553, -268.9414520907216115 ) ) ;
#5247 = AXIS2_PLACEMENT_3D ( 'NONE', #1323, #2782, #4766 ) ;
#5248 = LINE ( 'NONE', #6199, #3042 ) ;
#5249 = VERTEX_POINT ( 'NONE', #3853 ) ;
#5250 = DIRECTION ( 'NONE',  ( 0.000000000000000000, 0.000000000000000000, -1.000000000000000000 ) ) ;
#5251 = DIRECTION ( 'NONE',  ( -0.000000000000000000, 1.000000000000000000, -0.000000000000000000 ) ) ;
#5252 = B_SPLINE_SURFACE_WITH_KNOTS ( 'NONE', 3, 1, ( 
 ( #4024, #5126, #60 ),
 ( #547, #4091, #123 ),
 ( #2101, #6080, #6014 ),
 ( #1586, #1523, #2003 ),
 ( #1555, #1650, #1131 ),
 ( #3115, #5094, #3534 ),
 ( #2558, #647, #5519 ),
 ( #1065, #5030, #2619 ),
 ( #89, #2489, #6044 ),
 ( #4540, #160, #4606 ),
 ( #2070, #4057, #21 ) ),
 .UNSPECIFIED., .F., .F., .F.,
 ( 4, 1, 1, 1, 1, 1, 1, 1, 4 ),
 ( 2, 1, 2 ),
 ( 0.000000000000000000, 0.1250000000000000000, 0.2500000000000000000, 0.3750000000000000000, 0.5000000000000000000, 0.6250000000000000000, 0.7500000000000000000, 0.8750000000000000000, 1.000000000000000000 ),
 ( -0.01000000000000000021, 0.000000000000000000, 1.000000000000000000 ),
 .UNSPECIFIED. ) ;
#5253 = CARTESIAN_POINT ( 'NONE',  ( -1.548043350828450349, -2.678313004792312046, 0.000000000000000000 ) ) ;
#5254 = ADVANCED_FACE ( 'NONE', ( #780 ), #5779, .F. ) ;
#5255 = CARTESIAN_POINT ( 'NONE',  ( 14.36770621082316168, -3.601680562600531488, -279.7078118398515016 ) ) ;
#5256 = CARTESIAN_POINT ( 'NONE',  ( -15.82383930963861296, 1.489701045249515854, -250.0176413895695475 ) ) ;
#5257 = CARTESIAN_POINT ( 'NONE',  ( 1.223459670022805756, -10.26408143532248474, -326.9862036040119051 ) ) ;
#5258 = DIRECTION ( 'NONE',  ( 0.000000000000000000, 0.000000000000000000, 1.000000000000000000 ) ) ;
#5259 = DIRECTION ( 'NONE',  ( 2.081668171172168513E-15, 1.000000000000000000, 0.000000000000000000 ) ) ;
#5260 = CARTESIAN_POINT ( 'NONE',  ( -60.00000000000000000, -12.50000000000003553, -319.9999999999998863 ) ) ;
#5261 = CARTESIAN_POINT ( 'NONE',  ( -28.52391726295194729, 2.238041368524071206, -549.9999999999998863 ) ) ;
#5262 = CARTESIAN_POINT ( 'NONE',  ( -16.05168274953493679, 1.759083698304879206, -340.0221190040949182 ) ) ;
#5263 = ORIENTED_EDGE ( 'NONE', *, *, #6349, .T. ) ;
#5264 = ORIENTED_EDGE ( 'NONE', *, *, #514, .T. ) ;
#5265 = CARTESIAN_POINT ( 'NONE',  ( -27.21192063682807216, 12.49999999999996625, -320.1401988925133537 ) ) ;
#5266 = CARTESIAN_POINT ( 'NONE',  ( 170.2373581247154277, 0.07308719657871927400, -479.0499999999997272 ) ) ;
#5267 = ORIENTED_EDGE ( 'NONE', *, *, #2789, .F. ) ;
#5268 = CARTESIAN_POINT ( 'NONE',  ( -21.44880679319111039, 8.997155808561391410, -326.5623643850640860 ) ) ;
#5269 = CARTESIAN_POINT ( 'NONE',  ( -14.61132721802653656, 10.31860973365299117, -261.5534741384487347 ) ) ;
#5270 = CARTESIAN_POINT ( 'NONE',  ( 68.50000000000007105, -3.963344087417444594, -319.0000000000000568 ) ) ;
#5271 = ORIENTED_EDGE ( 'NONE', *, *, #5829, .T. ) ;
#5272 = CARTESIAN_POINT ( 'NONE',  ( -6.666666666666674956, -25.00000000000000000, -575.0000000000000000 ) ) ;
#5273 = CARTESIAN_POINT ( 'NONE',  ( 210.9336866344641805, -8.049554108453460088, -575.0000000000000000 ) ) ;
#5274 = CARTESIAN_POINT ( 'NONE',  ( 4.617507441584942640, -3.005552637490961576, -325.0000000000301270 ) ) ;
#5275 = EDGE_CURVE ( 'NONE', #321, #3137, #4213, .T. ) ;
#5276 = LINE ( 'NONE', #365, #4712 ) ;
#5277 = CARTESIAN_POINT ( 'NONE',  ( -2.934407381716948038, -12.50000000000003553, -267.4016465359939048 ) ) ;
#5278 = ORIENTED_EDGE ( 'NONE', *, *, #472, .F. ) ;
#5279 = CARTESIAN_POINT ( 'NONE',  ( 81.65521185280321959, 11.85170624527342476, 0.000000000000000000 ) ) ;
#5280 = CARTESIAN_POINT ( 'NONE',  ( -3.559957177175391507, -9.930819566610081139, -326.9163429479073670 ) ) ;
#5281 = EDGE_CURVE ( 'NONE', #2573, #2024, #22, .T. ) ;
#5282 = DIRECTION ( 'NONE',  ( 1.000000000000000000, 0.000000000000000000, 0.000000000000000000 ) ) ;
#5283 = DIRECTION ( 'NONE',  ( -1.000000000000000000, 0.000000000000000000, 0.000000000000000000 ) ) ;
#5284 = CARTESIAN_POINT ( 'NONE',  ( -15.62689323460363688, 1.172486684061903039, -264.9999999999998863 ) ) ;
#5285 = CARTESIAN_POINT ( 'NONE',  ( -0.7559785877460899473, 12.49201237830162725, -260.5130776951729672 ) ) ;
#5286 = CARTESIAN_POINT ( 'NONE',  ( 39.67911437448026390, -12.00000000000000000, -516.0325188265786664 ) ) ;
#5287 = PLANE ( 'NONE',  #1508 ) ;
#5288 = CARTESIAN_POINT ( 'NONE',  ( 141.7904021215446733, 5.784027876929821232, -480.0000000005164793 ) ) ;
#5289 = CARTESIAN_POINT ( 'NONE',  ( 9.364981972606353011, 11.16455645612390057, -250.0163124921804751 ) ) ;
#5290 = CARTESIAN_POINT ( 'NONE',  ( -16.02302813735721188, 1.667620808682296119, -340.0199496454076211 ) ) ;
#5291 = ORIENTED_EDGE ( 'NONE', *, *, #3967, .T. ) ;
#5292 = ORIENTED_EDGE ( 'NONE', *, *, #3097, .F. ) ;
#5293 = CARTESIAN_POINT ( 'NONE',  ( -11.87219950591776474, 12.49999999999996625, -325.2048377750508621 ) ) ;
#5294 = CARTESIAN_POINT ( 'NONE',  ( 164.2440774918430577, 0.1189325531985593876, -479.0500000000002956 ) ) ;
#5295 = EDGE_CURVE ( 'NONE', #1267, #4420, #4839, .T. ) ;
#5296 = VERTEX_POINT ( 'NONE', #5837 ) ;
#5297 = CARTESIAN_POINT ( 'NONE',  ( -14.72835078774235384, 3.944063295232742128, -340.0277163786137180 ) ) ;
#5298 = CARTESIAN_POINT ( 'NONE',  ( -24.18900964688053179, 8.369935400896387989, -264.2412698430401292 ) ) ;
#5299 = CARTESIAN_POINT ( 'NONE',  ( -60.00000000000000000, -7.500000000000034639, -324.9999999999998863 ) ) ;
#5300 = EDGE_LOOP ( 'NONE', ( #522, #4547, #6103, #5320 ) ) ;
#5301 = CARTESIAN_POINT ( 'NONE',  ( 50.00000000000000000, 5.000000000000000000, 0.000000000000000000 ) ) ;
#5302 = CARTESIAN_POINT ( 'NONE',  ( 177.5943426818363093, 0.002664090501236801231, -479.9999999999995453 ) ) ;
#5303 = CARTESIAN_POINT ( 'NONE',  ( 14.98207255366773083, -3.588084531363612939, -339.9900278375679363 ) ) ;
#5304 = DIRECTION ( 'NONE',  ( -0.000000000000000000, 1.000000000000000000, -0.000000000000000000 ) ) ;
#5305 = DIRECTION ( 'NONE',  ( 0.000000000000000000, 0.000000000000000000, 1.000000000000000000 ) ) ;
#5306 = ORIENTED_EDGE ( 'NONE', *, *, #310, .T. ) ;
#5307 = CARTESIAN_POINT ( 'NONE',  ( 110.5680198202315836, 9.562465782745871223, -480.0000000000000000 ) ) ;
#5308 = EDGE_CURVE ( 'NONE', #6402, #591, #4758, .T. ) ;
#5309 = CARTESIAN_POINT ( 'NONE',  ( 179.6635355802508229, -0.3900220822634555828, -480.0020134927132744 ) ) ;
#5310 = CARTESIAN_POINT ( 'NONE',  ( 132.7239282270294325, -1.240258920334050163, 0.000000000000000000 ) ) ;
#5311 = LINE ( 'NONE', #4308, #5560 ) ;
#5312 = CARTESIAN_POINT ( 'NONE',  ( -30.73025697651533861, 4.406156481259517754, -264.9999999999999432 ) ) ;
#5313 = CARTESIAN_POINT ( 'NONE',  ( -0.3066242303399031033, 24.87819651929737574, -324.9999999999998863 ) ) ;
#5314 = EDGE_CURVE ( 'NONE', #6433, #2946, #268, .T. ) ;
#5315 = DIRECTION ( 'NONE',  ( -1.000000000000000000, 0.000000000000000000, -0.000000000000000000 ) ) ;
#5316 = CARTESIAN_POINT ( 'NONE',  ( 152.8180881043922454, 4.223191547347704855, -480.0000023261070510 ) ) ;
#5317 = CARTESIAN_POINT ( 'NONE',  ( 68.50000000000007105, 3.000000000000000000, -319.0000000000000568 ) ) ;
#5318 = CARTESIAN_POINT ( 'NONE',  ( -16.07721503491898574, 2.028573262262817423, -340.0271216811486852 ) ) ;
#5319 = ORIENTED_EDGE ( 'NONE', *, *, #4007, .F. ) ;
#5320 = ORIENTED_EDGE ( 'NONE', *, *, #5475, .T. ) ;
#5321 = CARTESIAN_POINT ( 'NONE',  ( -17.89926689668653026, 9.781121129335446085, -327.6079200894149608 ) ) ;
#5322 = CARTESIAN_POINT ( 'NONE',  ( 165.2174152977908932, 2.305068314308827748, -433.9999999999999432 ) ) ;
#5323 = AXIS2_PLACEMENT_3D ( 'NONE', #4863, #2385, #4795 ) ;
#5324 = CARTESIAN_POINT ( 'NONE',  ( -1.005548617882928708, 11.67184954871063951, -332.1711052257282972 ) ) ;
#5325 = CARTESIAN_POINT ( 'NONE',  ( -20.05611908375225028, 12.49999999999996625, -264.3346338512600369 ) ) ;
#5326 = AXIS2_PLACEMENT_3D ( 'NONE', #4904, #3904, #1884 ) ;
#5327 = DIRECTION ( 'NONE',  ( 0.000000000000000000, 0.000000000000000000, -1.000000000000000000 ) ) ;
#5328 = EDGE_CURVE ( 'NONE', #4653, #3026, #3693, .T. ) ;
#5329 = ORIENTED_EDGE ( 'NONE', *, *, #3708, .F. ) ;
#5330 = CARTESIAN_POINT ( 'NONE',  ( -16.81779628876506649, -9.162697093854321295, -325.9740529481617273 ) ) ;
#5331 = B_SPLINE_CURVE_WITH_KNOTS ( 'NONE', 3,
 ( #5257, #4247, #4763, #5346, #1377, #810, #5221, #775, #314, #2353, #2779, #903, #2290, #2872 ),
 .UNSPECIFIED., .F., .F.,
 ( 4, 2, 2, 2, 2, 2, 4 ),
 ( 2.168404344971008868E-18, 0.001650224242745531407, 0.003300448485491060645, 0.004950672728236590533, 0.005775784849609352442, 0.006188340910295794112, 0.006600896970982235781 ),
 .UNSPECIFIED. ) ;
#5332 = CARTESIAN_POINT ( 'NONE',  ( 178.9466284153184858, -0.3327517100792161675, -480.0000000000000000 ) ) ;
#5333 = CARTESIAN_POINT ( 'NONE',  ( -7.322987193644139303, -16.81688641900320036, -324.9999999999998863 ) ) ;
#5334 = VECTOR ( 'NONE', #3737, 1000.000000000000227 ) ;
#5335 = AXIS2_PLACEMENT_3D ( 'NONE', #5993, #5039, #656 ) ;
#5336 = LINE ( 'NONE', #2863, #1290 ) ;
#5337 = CARTESIAN_POINT ( 'NONE',  ( 39.50000000000001421, -4.127439872705949142, -321.9999999999999432 ) ) ;
#5338 = ORIENTED_EDGE ( 'NONE', *, *, #5600, .T. ) ;
#5339 = CARTESIAN_POINT ( 'NONE',  ( 98.54297488809554295, 10.72572805596130152, -480.0019644267778176 ) ) ;
#5340 = VECTOR ( 'NONE', #3428, 1000.000000000000000 ) ;
#5341 = CARTESIAN_POINT ( 'NONE',  ( 90.00000000000001421, 3.570561577078521953, -495.0000000000000000 ) ) ;
#5342 = CIRCLE ( 'NONE', #4410, 10.00000000000000888 ) ;
#5343 = CARTESIAN_POINT ( 'NONE',  ( 10.53824375156325210, -3.625604498586317170, 0.000000000000000000 ) ) ;
#5344 = CARTESIAN_POINT ( 'NONE',  ( -6.149605316221169460, -1.741195604695158883, -479.9956190322494649 ) ) ;
#5345 = CARTESIAN_POINT ( 'NONE',  ( -15.68797892577434006, 2.598754862647585373, -250.0297014450713675 ) ) ;
#5346 = CARTESIAN_POINT ( 'NONE',  ( 0.002172069306574770774, -11.56353823018288018, -325.6963803364893693 ) ) ;
#5347 = CARTESIAN_POINT ( 'NONE',  ( 8.771772336660369263, 11.10374880476767245, -271.1975529770693925 ) ) ;
#5348 = DIRECTION ( 'NONE',  ( 0.000000000000000000, 0.000000000000000000, -1.000000000000000000 ) ) ;
#5349 = EDGE_CURVE ( 'NONE', #6252, #2, #1998, .T. ) ;
#5350 = PLANE ( 'NONE',  #263 ) ;
#5351 = CARTESIAN_POINT ( 'NONE',  ( -60.00000000000000000, -7.500000000000034639, -264.9999999999998863 ) ) ;
#5352 = VECTOR ( 'NONE', #1527, 1000.000000000000000 ) ;
#5353 = CARTESIAN_POINT ( 'NONE',  ( 1.573010607542744133, -9.752090610759161393, -327.3165375999177513 ) ) ;
#5354 = CARTESIAN_POINT ( 'NONE',  ( -16.07474262707200197, 2.062888150002887944, -340.0275277421916940 ) ) ;
#5355 = EDGE_LOOP ( 'NONE', ( #849, #1168, #5267, #3351 ) ) ;
#5356 = ORIENTED_EDGE ( 'NONE', *, *, #5240, .T. ) ;
#5357 = CARTESIAN_POINT ( 'NONE',  ( -10.18766390169860081, 12.49999999999996625, -325.8558637928497319 ) ) ;
#5358 = CARTESIAN_POINT ( 'NONE',  ( 49.99999999999998579, 1.000000000000000000, 0.000000000000000000 ) ) ;
#5359 = ORIENTED_EDGE ( 'NONE', *, *, #5203, .F. ) ;
#5360 = CARTESIAN_POINT ( 'NONE',  ( 8.689892167554026159, -4.431440021246713101, -316.9999999999998863 ) ) ;
#5361 = CARTESIAN_POINT ( 'NONE',  ( -18.03743274309218236, -9.033481364030382821, -264.1394742198758649 ) ) ;
#5362 = FACE_OUTER_BOUND ( 'NONE', #2396, .T. ) ;
#5363 = ORIENTED_EDGE ( 'NONE', *, *, #4463, .F. ) ;
#5364 = CARTESIAN_POINT ( 'NONE',  ( 7.202799146725177515, 11.02143427490198668, -338.4921218198570614 ) ) ;
#5365 = ORIENTED_EDGE ( 'NONE', *, *, #2843, .F. ) ;
#5366 = CARTESIAN_POINT ( 'NONE',  ( -23.55632810472614480, -12.50000000000003553, -324.6453018856694825 ) ) ;
#5367 = CARTESIAN_POINT ( 'NONE',  ( 210.3467493746705657, -8.451793935733387997, -574.9999999999998863 ) ) ;
#5368 = CARTESIAN_POINT ( 'NONE',  ( -19.31946933686020529, -13.89916537586723955, -324.9999999999998863 ) ) ;
#5369 = EDGE_LOOP ( 'NONE', ( #1912, #4710, #5745, #6329 ) ) ;
#5370 = CARTESIAN_POINT ( 'NONE',  ( 39.16893899918328259, -4.119051268162291279, -332.4644939339701182 ) ) ;
#5371 = ORIENTED_EDGE ( 'NONE', *, *, #5981, .F. ) ;
#5372 = CARTESIAN_POINT ( 'NONE',  ( 28.95754192824053774, 13.11752989561239069, -479.9952476672568196 ) ) ;
#5373 = CARTESIAN_POINT ( 'NONE',  ( 158.2040523206219120, 3.410742995140343403, -480.0000000000000568 ) ) ;
#5374 = CARTESIAN_POINT ( 'NONE',  ( -15.66386063425118103, 2.942828258017625043, -340.0293425946253478 ) ) ;
#5375 = DIRECTION ( 'NONE',  ( 0.000000000000000000, -0.000000000000000000, -1.000000000000000000 ) ) ;
#5376 = CARTESIAN_POINT ( 'NONE',  ( -13.02302732025047227, -0.2621858677751723321, -249.9961585520377412 ) ) ;
#5377 = CARTESIAN_POINT ( 'NONE',  ( 179.6770528961319542, -0.3988445136690053627, -484.8000000000000114 ) ) ;
#5378 = CARTESIAN_POINT ( 'NONE',  ( 50.00000000000000000, 3.000000000000000000, -311.5000000000005684 ) ) ;
#5379 = CARTESIAN_POINT ( 'NONE',  ( -29.90820826521772702, 7.499999999999966249, -269.9999999999998863 ) ) ;
#5380 = DIRECTION ( 'NONE',  ( -0.000000000000000000, -0.000000000000000000, -1.000000000000000000 ) ) ;
#5381 = DIRECTION ( 'NONE',  ( -1.000000000000000000, 0.000000000000000000, 0.000000000000000000 ) ) ;
#5382 = CARTESIAN_POINT ( 'NONE',  ( 177.0053139079487039, 0.1438151828774343888, -484.8000000000000114 ) ) ;
#5383 = CARTESIAN_POINT ( 'NONE',  ( -26.27203726660370009, 13.61731251640978968, -324.9999999999999432 ) ) ;
#5384 = EDGE_LOOP ( 'NONE', ( #4797, #4039, #4200, #1423 ) ) ;
#5385 = ORIENTED_EDGE ( 'NONE', *, *, #2511, .F. ) ;
#5386 = CARTESIAN_POINT ( 'NONE',  ( 49.99999999999999289, 1.000000000000000000, -575.1253581756884614 ) ) ;
#5387 = EDGE_CURVE ( 'NONE', #4349, #637, #5342, .T. ) ;
#5388 = VERTEX_POINT ( 'NONE', #3530 ) ;
#5389 = FACE_OUTER_BOUND ( 'NONE', #4418, .T. ) ;
#5390 = CARTESIAN_POINT ( 'NONE',  ( 1.544075421555082706, -10.07413696467814646, -262.8415593244382080 ) ) ;
#5391 = CARTESIAN_POINT ( 'NONE',  ( -16.14322397261798514, -12.50000000000003553, -268.6855117656941161 ) ) ;
#5392 = CARTESIAN_POINT ( 'NONE',  ( -24.00132563590280910, 12.49999999999996447, -264.9476954633751689 ) ) ;
#5393 = ORIENTED_EDGE ( 'NONE', *, *, #4431, .F. ) ;
#5394 = CARTESIAN_POINT ( 'NONE',  ( 55.99999999999999289, -3.000000000000000000, -571.0000000000000000 ) ) ;
#5395 = VERTEX_POINT ( 'NONE', #55 ) ;
#5396 = CARTESIAN_POINT ( 'NONE',  ( -20.49550328589794645, -12.50000000000003197, -324.6636422119485132 ) ) ;
#5397 = EDGE_CURVE ( 'NONE', #2081, #2112, #1191, .T. ) ;
#5398 = CARTESIAN_POINT ( 'NONE',  ( 178.8466180469212645, -0.2674562502569856615, -479.0500000000003524 ) ) ;
#5399 = CARTESIAN_POINT ( 'NONE',  ( -13.55321581815108978, -0.04901561037668136084, -325.0000000000037517 ) ) ;
#5400 = PLANE ( 'NONE',  #2842 ) ;
#5401 = FACE_OUTER_BOUND ( 'NONE', #2209, .T. ) ;
#5402 = VERTEX_POINT ( 'NONE', #1518 ) ;
#5403 = DIRECTION ( 'NONE',  ( 0.8944271909999158554, -0.4472135954999579277, 0.000000000000000000 ) ) ;
#5404 = CARTESIAN_POINT ( 'NONE',  ( 198.5652655127901198, -1.318388846169957107, -575.0000000000000000 ) ) ;
#5405 = CARTESIAN_POINT ( 'NONE',  ( -43.52997272089027803, -5.231792537264622567, -574.9999999999998863 ) ) ;
#5406 = CARTESIAN_POINT ( 'NONE',  ( -18.29331006443067764, -14.30784130752384620, -264.9999999999998295 ) ) ;
#5407 = CARTESIAN_POINT ( 'NONE',  ( 0.2113335287559587605, 12.34637147079841846, -331.0143120732171838 ) ) ;
#5408 = ADVANCED_FACE ( 'NONE', ( #1967 ), #4499, .F. ) ;
#5409 = EDGE_CURVE ( 'NONE', #3121, #2368, #5909, .T. ) ;
#5410 = DIRECTION ( 'NONE',  ( -1.000000000000000000, 0.000000000000000000, 2.018587317500288033E-14 ) ) ;
#5411 = CARTESIAN_POINT ( 'NONE',  ( 23.15000000000000213, 3.570561577078505078, -495.0000000000000000 ) ) ;
#5412 = DIRECTION ( 'NONE',  ( -0.000000000000000000, 1.000000000000000000, -0.000000000000000000 ) ) ;
#5413 = CARTESIAN_POINT ( 'NONE',  ( -9.135041266330404142, 22.66713975638020528, -264.9999999999998863 ) ) ;
#5414 = CARTESIAN_POINT ( 'NONE',  ( -15.95789230264852954, 2.401572457237110214, -324.9999999999694751 ) ) ;
#5415 = ORIENTED_EDGE ( 'NONE', *, *, #2030, .T. ) ;
#5416 = ORIENTED_EDGE ( 'NONE', *, *, #4150, .T. ) ;
#5417 = CARTESIAN_POINT ( 'NONE',  ( 177.0064149346170836, 0.1429483172572091898, -433.9999999999999432 ) ) ;
#5418 = CARTESIAN_POINT ( 'NONE',  ( -30.62519287844577320, 4.965895142595311285, -264.9999999999999432 ) ) ;
#5419 = CARTESIAN_POINT ( 'NONE',  ( -0.7079582040505761897, -12.50000000000003553, -267.2527635248740694 ) ) ;
#5420 = CARTESIAN_POINT ( 'NONE',  ( 53.18170167061617093, -4.319182288010790849, 0.000000000000000000 ) ) ;
#5421 = CARTESIAN_POINT ( 'NONE',  ( -12.15601868817133635, 10.65610343873924570, -260.8761805899665092 ) ) ;
#5422 = EDGE_LOOP ( 'NONE', ( #6424, #2880, #3340, #5452 ) ) ;
#5423 = DIRECTION ( 'NONE',  ( -1.000000000000000000, 0.000000000000000000, 0.000000000000000000 ) ) ;
#5424 = EDGE_LOOP ( 'NONE', ( #2920, #5356, #4255, #2766 ) ) ;
#5425 = CARTESIAN_POINT ( 'NONE',  ( -3.201419307209413034, -12.50000000000003553, -322.5603467025649138 ) ) ;
#5426 = MECHANICAL_DESIGN_GEOMETRIC_PRESENTATION_REPRESENTATION (  '', ( #2932 ), #343 ) ;
#5427 = CARTESIAN_POINT ( 'NONE',  ( 210.4696330234972947, -8.371566530133753403, -575.0000000000000000 ) ) ;
#5428 = CARTESIAN_POINT ( 'NONE',  ( -14.29278552201382801, 0.2517372900451038120, -325.0000000000074465 ) ) ;
#5429 = CARTESIAN_POINT ( 'NONE',  ( 31.70889950245679145, -4.041269942773915602, -334.3204033041642447 ) ) ;
#5430 = AXIS2_PLACEMENT_3D ( 'NONE', #4881, #4010, #4360 ) ;
#5431 = EDGE_CURVE ( 'NONE', #2305, #5891, #2037, .T. ) ;
#5432 = CARTESIAN_POINT ( 'NONE',  ( -31.08756030928049086, 2.341366175063730903, -324.9999999999999432 ) ) ;
#5433 = VERTEX_POINT ( 'NONE', #966 ) ;
#5434 = CARTESIAN_POINT ( 'NONE',  ( 74.00000000000001421, -7.000000000000000000, -319.0000000000000568 ) ) ;
#5435 = CARTESIAN_POINT ( 'NONE',  ( 185.0000000000000000, 24.99999999999999645, -575.0000000000000000 ) ) ;
#5436 = VECTOR ( 'NONE', #799, 999.9999999999998863 ) ;
#5437 = AXIS2_PLACEMENT_3D ( 'NONE', #1739, #1345, #4853 ) ;
#5438 = CARTESIAN_POINT ( 'NONE',  ( -10.14868942716702449, -0.8625417586916542811, -479.0499999999996703 ) ) ;
#5439 = VECTOR ( 'NONE', #660, 1000.000000000000000 ) ;
#5440 = CARTESIAN_POINT ( 'NONE',  ( -15.07183080895252481, 0.7025901084823460430, -250.0043725772902405 ) ) ;
#5441 = VECTOR ( 'NONE', #1964, 1000.000000000000000 ) ;
#5442 = CARTESIAN_POINT ( 'NONE',  ( 179.6758378702645018, -0.3878923695565453245, 0.000000000000000000 ) ) ;
#5443 = B_SPLINE_CURVE_WITH_KNOTS ( 'NONE', 3,
 ( #736, #278, #3744, #1180, #5604, #1734, #6130 ),
 .UNSPECIFIED., .F., .F.,
 ( 4, 3, 4 ),
 ( 0.000000000000000000, 0.03999999999999998695, 0.05516463991361455349 ),
 .UNSPECIFIED. ) ;
#5444 = CARTESIAN_POINT ( 'NONE',  ( -60.00000000000000000, 7.499999999999966249, -269.9999999999998863 ) ) ;
#5445 = AXIS2_PLACEMENT_3D ( 'NONE', #5156, #4664, #5581 ) ;
#5446 = DIRECTION ( 'NONE',  ( -1.000000000000000000, -1.445602896647339656E-16, -0.000000000000000000 ) ) ;
#5447 = DIRECTION ( 'NONE',  ( 0.3042634143521988355, -0.2400510036833060912, -0.9218455891945133152 ) ) ;
#5448 = CARTESIAN_POINT ( 'NONE',  ( -0.07556556199581476729, 12.49999999999996803, -264.9996862944078089 ) ) ;
#5449 = CARTESIAN_POINT ( 'NONE',  ( -28.52391726295194729, 2.238041368524071206, -549.9999999999998863 ) ) ;
#5450 = CARTESIAN_POINT ( 'NONE',  ( -4.952835070867870115, 8.261640604338294835, -250.0202083548649910 ) ) ;
#5451 = CARTESIAN_POINT ( 'NONE',  ( -15.77921053066362767, 2.732444658296854456, -324.9999999999999432 ) ) ;
#5452 = ORIENTED_EDGE ( 'NONE', *, *, #1379, .T. ) ;
#5453 = AXIS2_PLACEMENT_3D ( 'NONE', #2351, #5219, #4245 ) ;
#5454 = ORIENTED_EDGE ( 'NONE', *, *, #395, .T. ) ;
#5455 = ADVANCED_FACE ( 'NONE', ( #2943 ), #482, .F. ) ;
#5456 = FACE_OUTER_BOUND ( 'NONE', #4440, .T. ) ;
#5457 = VECTOR ( 'NONE', #3496, 1000.000000000000000 ) ;
#5458 = FACE_OUTER_BOUND ( 'NONE', #2085, .T. ) ;
#5459 = B_SPLINE_CURVE_WITH_KNOTS ( 'NONE', 1,
 ( #4372, #4313 ),
 .UNSPECIFIED., .F., .F.,
 ( 2, 2 ),
 ( 0.000000000000000000, 0.5208944678497255953 ),
 .UNSPECIFIED. ) ;
#5460 = CARTESIAN_POINT ( 'NONE',  ( -11.04887024943641904, -9.622169036066503978, -263.5166858412490001 ) ) ;
#5461 = CARTESIAN_POINT ( 'NONE',  ( -16.33458175775366428, 2.471056483973867124, -480.0000000000000000 ) ) ;
#5462 = CARTESIAN_POINT ( 'NONE',  ( -13.11854320134276364, 12.49999999999996625, -265.4046321844089675 ) ) ;
#5463 = ORIENTED_EDGE ( 'NONE', *, *, #756, .T. ) ;
#5464 = CARTESIAN_POINT ( 'NONE',  ( 14.99999999999998579, 0.000000000000000000, -575.0000000000000000 ) ) ;
#5465 = ORIENTED_EDGE ( 'NONE', *, *, #4956, .T. ) ;
#5466 = CARTESIAN_POINT ( 'NONE',  ( -22.36723844835896102, -12.50000000000003375, -324.6352629683443070 ) ) ;
#5467 = CARTESIAN_POINT ( 'NONE',  ( 179.3541610877357755, -0.3105319646210553119, -479.0500000000004661 ) ) ;
#5468 = CARTESIAN_POINT ( 'NONE',  ( -13.16550896162011419, -0.1912746568107119571, -325.0000000000073896 ) ) ;
#5469 = ORIENTED_EDGE ( 'NONE', *, *, #1066, .F. ) ;
#5470 = CARTESIAN_POINT ( 'NONE',  ( 71.88460016740160086, 12.42206749193156945, 0.000000000000000000 ) ) ;
#5471 = CARTESIAN_POINT ( 'NONE',  ( 26.13328898390748734, -3.951939876754909875, -318.0587488890103032 ) ) ;
#5472 = ORIENTED_EDGE ( 'NONE', *, *, #328, .T. ) ;
#5473 = CARTESIAN_POINT ( 'NONE',  ( 170.8944271909999486, 16.05278640450003280, -575.0000000000000000 ) ) ;
#5474 = CARTESIAN_POINT ( 'NONE',  ( -19.39148601135990901, -8.851590631969566303, -264.2823104126397880 ) ) ;
#5475 = EDGE_CURVE ( 'NONE', #1788, #3404, #1478, .T. ) ;
#5476 = CARTESIAN_POINT ( 'NONE',  ( -44.10708013198573951, -4.146350538594262503, -575.0000000000001137 ) ) ;
#5477 = CARTESIAN_POINT ( 'NONE',  ( -19.81465826016705023, -13.71525815424121220, -264.9999999999999432 ) ) ;
#5478 = CARTESIAN_POINT ( 'NONE',  ( 149.7037171311815484, -0.4426629905476007210, 0.000000000000000000 ) ) ;
#5479 = CARTESIAN_POINT ( 'NONE',  ( -21.54330301447456009, 12.49999999999996447, -325.4450326878697979 ) ) ;
#5480 = CARTESIAN_POINT ( 'NONE',  ( -0.07556556199577574295, 12.49999999999996625, -264.9996862944078089 ) ) ;
#5481 = CARTESIAN_POINT ( 'NONE',  ( 0.8529341365811686781, 12.11003102274575127, -258.2411202144174354 ) ) ;
#5482 = CARTESIAN_POINT ( 'NONE',  ( -1.060688063962853755, 12.49999999999996625, -329.2089869303268301 ) ) ;
#5483 = CARTESIAN_POINT ( 'NONE',  ( 137.6758406867323004, 6.287506215498646966, -278.4988902037306389 ) ) ;
#5484 = CARTESIAN_POINT ( 'NONE',  ( -4.434724559508389063, 23.89416759309427363, -264.9999999999999432 ) ) ;
#5485 = CARTESIAN_POINT ( 'NONE',  ( -29.39533606317650793, 9.160774061777393840, -324.9999999999998295 ) ) ;
#5486 = ORIENTED_EDGE ( 'NONE', *, *, #2983, .T. ) ;
#5487 = EDGE_CURVE ( 'NONE', #4976, #4646, #4567, .T. ) ;
#5488 = LINE ( 'NONE', #2042, #1911 ) ;
#5489 = CARTESIAN_POINT ( 'NONE',  ( 0.8515888992371158928, 12.11147953351185080, -264.9993969650242320 ) ) ;
#5490 = CARTESIAN_POINT ( 'NONE',  ( 147.0000000000000000, 0.000000000000000000, -519.9999999999998863 ) ) ;
#5491 = CARTESIAN_POINT ( 'NONE',  ( -14.32866433470924861, 4.682873909921585032, -480.0000000000000000 ) ) ;
#5492 = CARTESIAN_POINT ( 'NONE',  ( -12.78384770975930707, 12.49999999999996625, -265.2750581947809678 ) ) ;
#5493 = ORIENTED_EDGE ( 'NONE', *, *, #6121, .T. ) ;
#5494 = DIRECTION ( 'NONE',  ( 0.000000000000000000, 0.000000000000000000, 1.000000000000000000 ) ) ;
#5495 = ORIENTED_EDGE ( 'NONE', *, *, #5711, .T. ) ;
#5496 = CARTESIAN_POINT ( 'NONE',  ( -12.97727916719823504, 12.49999999999996625, -265.3406770746759662 ) ) ;
#5497 = EDGE_CURVE ( 'NONE', #6266, #2678, #5090, .T. ) ;
#5499 = EDGE_CURVE ( 'NONE', #1263, #1949, #2510, .T. ) ;
#5498 = CARTESIAN_POINT ( 'NONE',  ( 177.0741478493528973, -0.1445255553939432669, -479.0499999999996703 ) ) ;
#5500 = ORIENTED_EDGE ( 'NONE', *, *, #2948, .F. ) ;
#5501 = CARTESIAN_POINT ( 'NONE',  ( 33.03033171695646786, -4.056963689268283879, -337.9068873266825221 ) ) ;
#5502 = CARTESIAN_POINT ( 'NONE',  ( 11.43916713431199028, -3.764690121563362801, -252.9565165726900773 ) ) ;
#5503 = CARTESIAN_POINT ( 'NONE',  ( -30.82479079697522550, -0.9256478923917018653, -325.0000000000000000 ) ) ;
#5504 = ORIENTED_EDGE ( 'NONE', *, *, #4996, .F. ) ;
#5505 = CARTESIAN_POINT ( 'NONE',  ( 77.57258540516602352, -3.723881242201791508, -480.0000000000004547 ) ) ;
#5506 = CARTESIAN_POINT ( 'NONE',  ( 0.8515888992371158928, 12.11147953351185080, -264.9993969650242320 ) ) ;
#5507 = CARTESIAN_POINT ( 'NONE',  ( -21.43929382747614554, -20.79595949009852873, -574.9999999999986358 ) ) ;
#5508 = CARTESIAN_POINT ( 'NONE',  ( -13.63078693919122664, -0.03321061891950176370, -265.0000000000111982 ) ) ;
#5509 = CARTESIAN_POINT ( 'NONE',  ( 176.8152272515524146, -0.2263676850632148907, -480.0000000000000000 ) ) ;
#5510 = CARTESIAN_POINT ( 'NONE',  ( -16.23869292536033981, 12.49999999999996625, -323.4772267860624311 ) ) ;
#5511 = CARTESIAN_POINT ( 'NONE',  ( 0.8520405448508497903, 12.11099391638268941, -262.7331214946372029 ) ) ;
#5512 = CARTESIAN_POINT ( 'NONE',  ( 8.679114374480255023, -12.00000000000000000, -322.9999999999998863 ) ) ;
#5513 = CARTESIAN_POINT ( 'NONE',  ( -27.62949007195206264, 0.4491869865242241744, -575.0000000000000000 ) ) ;
#5514 = CARTESIAN_POINT ( 'NONE',  ( 5.853386617408695258, 10.94590504375647910, -253.1014533205182033 ) ) ;
#5515 = CARTESIAN_POINT ( 'NONE',  ( -16.76627283457975182, 19.91150002923491869, -264.9999999999998863 ) ) ;
#5516 = EDGE_CURVE ( 'NONE', #2848, #1940, #2132, .T. ) ;
#5517 = CARTESIAN_POINT ( 'NONE',  ( -15.58814632810207712, 3.040480723159141085, -340.0292242771178053 ) ) ;
#5518 = CARTESIAN_POINT ( 'NONE',  ( 178.2585906449963034, -0.2637820881990760591, -480.0000000000000000 ) ) ;
#5519 = CARTESIAN_POINT ( 'NONE',  ( 110.0000000000000000, 25.00000000000000000, -575.0000000000000000 ) ) ;
#5520 = CARTESIAN_POINT ( 'NONE',  ( 170.9357754408381140, -15.94576594308572126, -575.0000000000000000 ) ) ;
#5521 = CARTESIAN_POINT ( 'NONE',  ( 1.223445560896470052, -10.26401870470690447, -327.3702074189221776 ) ) ;
#5522 = CARTESIAN_POINT ( 'NONE',  ( 43.58620529274593025, -4.348143293032396883, 0.000000000000000000 ) ) ;
#5523 = CARTESIAN_POINT ( 'NONE',  ( -3.260319350623727352, 12.50000000000058620, -259.9311455351927407 ) ) ;
#5524 = ORIENTED_EDGE ( 'NONE', *, *, #684, .F. ) ;
#5525 = CARTESIAN_POINT ( 'NONE',  ( 197.6294900719520626, 0.4491869865241825410, -549.9999999999998863 ) ) ;
#5526 = VERTEX_POINT ( 'NONE', #4535 ) ;
#5527 = FACE_OUTER_BOUND ( 'NONE', #294, .T. ) ;
#5528 = CARTESIAN_POINT ( 'NONE',  ( 178.0821710000957694, -0.2014125233846484342, -479.0499999999997272 ) ) ;
#5529 = ORIENTED_EDGE ( 'NONE', *, *, #2137, .T. ) ;
#5530 = CARTESIAN_POINT ( 'NONE',  ( 81.65521185280321959, 11.85170624527342476, 0.000000000000000000 ) ) ;
#5531 = B_SPLINE_CURVE_WITH_KNOTS ( 'NONE', 3,
 ( #5286, #1900, #3822, #5804 ),
 .UNSPECIFIED., .F., .F.,
 ( 4, 4 ),
 ( 3.469446951953614189E-17, 0.005998093304194369695 ),
 .UNSPECIFIED. ) ;
#5532 = EDGE_CURVE ( 'NONE', #417, #1698, #5187, .T. ) ;
#5533 = DIRECTION ( 'NONE',  ( 0.000000000000000000, 1.000000000000000000, 0.000000000000000000 ) ) ;
#5534 = CARTESIAN_POINT ( 'NONE',  ( 39.67911437448029233, -4.074275290565847030, -411.9577377436489201 ) ) ;
#5535 = ORIENTED_EDGE ( 'NONE', *, *, #73, .T. ) ;
#5536 = CARTESIAN_POINT ( 'NONE',  ( 59.99999999999997158, -25.00000000000000000, -575.0000000000000000 ) ) ;
#5537 = CARTESIAN_POINT ( 'NONE',  ( 174.8506792759580719, 0.5748308836776596653, -480.0000000000012506 ) ) ;
#5538 = AXIS2_PLACEMENT_3D ( 'NONE', #432, #4948, #3972 ) ;
#5539 = CARTESIAN_POINT ( 'NONE',  ( -16.23517937051810378, 2.559156463559586925, -479.9999999999990905 ) ) ;
#5540 = CARTESIAN_POINT ( 'NONE',  ( 12.15328767084214867, -18.54135443439079367, -264.9999999999998863 ) ) ;
#5541 = CARTESIAN_POINT ( 'NONE',  ( 5.460282309126876399, 10.88124524486280720, -484.8000000000000114 ) ) ;
#5542 = AXIS2_PLACEMENT_3D ( 'NONE', #4668, #4404, #2605 ) ;
#5543 = CIRCLE ( 'NONE', #3159, 20.00000000000001776 ) ;
#5544 = CARTESIAN_POINT ( 'NONE',  ( 162.3246131994665689, -0.05478303555321594603, -480.0001132211579034 ) ) ;
#5545 = CARTESIAN_POINT ( 'NONE',  ( 33.67911437448026390, -4.032451299809590495, -390.2666666504878776 ) ) ;
#5546 = B_SPLINE_CURVE_WITH_KNOTS ( 'NONE', 3,
 ( #3488, #2969, #1468, #469, #2866, #6411 ),
 .UNSPECIFIED., .F., .F.,
 ( 4, 1, 1, 4 ),
 ( 6.938893903907227607E-18, 0.007678157109014475089, 0.01766626382056104422, 0.02350071585618882311 ),
 .UNSPECIFIED. ) ;
#5547 =( NAMED_UNIT ( * ) SI_UNIT ( $, .STERADIAN. ) SOLID_ANGLE_UNIT ( ) );
#5548 = AXIS2_PLACEMENT_3D ( 'NONE', #4620, #4711, #4201 ) ;
#5549 = AXIS2_PLACEMENT_3D ( 'NONE', #1540, #1927, #929 ) ;
#5550 = FACE_OUTER_BOUND ( 'NONE', #1460, .T. ) ;
#5551 = CARTESIAN_POINT ( 'NONE',  ( 45.00000000000001421, -4.143479132637261309, -327.6666666663832643 ) ) ;
#5552 = CARTESIAN_POINT ( 'NONE',  ( -10.91866299177154254, 6.089995087772117621, -250.0234908699701748 ) ) ;
#5553 = CARTESIAN_POINT ( 'NONE',  ( -9.014934174256037380, 7.019473158689011782, -324.9999999999698730 ) ) ;
#5554 = CARTESIAN_POINT ( 'NONE',  ( 72.74699105597053972, -3.821597671889568115, -484.8000000000000114 ) ) ;
#5555 = VECTOR ( 'NONE', #742, 1000.000000000000000 ) ;
#5556 = CARTESIAN_POINT ( 'NONE',  ( -2.942414759403407576, -12.50000000000003553, -322.5662858684563048 ) ) ;
#5557 = ADVANCED_FACE ( 'NONE', ( #1157, #6075, #6170, #1646, #3626 ), #611, .F. ) ;
#5558 = CARTESIAN_POINT ( 'NONE',  ( -12.84883321668695721, 10.57217162962382773, -261.0632951275834444 ) ) ;
#5559 = CARTESIAN_POINT ( 'NONE',  ( 1.225025756836731095, -10.27107360610079390, -284.1911117863720051 ) ) ;
#5560 = VECTOR ( 'NONE', #2714, 1000.000000000000000 ) ;
#5561 = CARTESIAN_POINT ( 'NONE',  ( 3.294362945290029820, -2.826468996251333188, -480.0000000000000000 ) ) ;
#5562 = CARTESIAN_POINT ( 'NONE',  ( -4.713634257573838582, 12.49999999999996625, -262.2658937885457249 ) ) ;
#5563 = ORIENTED_EDGE ( 'NONE', *, *, #4243, .T. ) ;
#5564 = VERTEX_POINT ( 'NONE', #3695 ) ;
#5565 = CARTESIAN_POINT ( 'NONE',  ( -60.00000000000000000, 12.49999999999996625, -264.9999999999998863 ) ) ;
#5566 = CARTESIAN_POINT ( 'NONE',  ( 175.2006943745644207, -0.06942219664202702034, -479.0500000000002956 ) ) ;
#5567 = ORIENTED_EDGE ( 'NONE', *, *, #4670, .F. ) ;
#5568 = CARTESIAN_POINT ( 'NONE',  ( 12.47386810385609301, 11.34795499150539300, 0.000000000000000000 ) ) ;
#5569 = CARTESIAN_POINT ( 'NONE',  ( -5.388705325070243468, -1.854661176178955095, -480.0032656695345281 ) ) ;
#5570 = CARTESIAN_POINT ( 'NONE',  ( -49.99999999999999289, 5.568260178313846506E-14, -289.3999999999998067 ) ) ;
#5571 = ORIENTED_EDGE ( 'NONE', *, *, #1894, .F. ) ;
#5572 = CARTESIAN_POINT ( 'NONE',  ( 147.5000000000000284, -25.00000000000000711, -575.0000000000000000 ) ) ;
#5573 = CARTESIAN_POINT ( 'NONE',  ( 170.0260135993444806, 1.432609622661635163, -479.0499999999999545 ) ) ;
#5574 = DIRECTION ( 'NONE',  ( -0.000000000000000000, 1.000000000000000000, -0.000000000000000000 ) ) ;
#5575 = CARTESIAN_POINT ( 'NONE',  ( -10.30601557268515123, 6.756248529198577657, -480.0000000000004547 ) ) ;
#5576 = CARTESIAN_POINT ( 'NONE',  ( 14.31619209405197779, -18.63324497914922162, -264.9999999999998863 ) ) ;
#5577 = VERTEX_POINT ( 'NONE', #5643 ) ;
#5578 = CARTESIAN_POINT ( 'NONE',  ( -13.49890478352671330, 4.233246216610701218, 0.000000000000000000 ) ) ;
#5579 = CARTESIAN_POINT ( 'NONE',  ( -27.95356862653355279, -7.500000000000035527, -319.9999999999998863 ) ) ;
#5580 = CARTESIAN_POINT ( 'NONE',  ( 33.67911437448025680, -3.989359810177851351, -459.5671613351842666 ) ) ;
#5581 = DIRECTION ( 'NONE',  ( -0.8944271909999158554, 0.4472135954999579277, 0.000000000000000000 ) ) ;
#5582 = DIRECTION ( 'NONE',  ( 0.000000000000000000, 0.000000000000000000, -1.000000000000000000 ) ) ;
#5583 = CARTESIAN_POINT ( 'NONE',  ( -13.77941436094959649, 4.480014201333225365, -250.0264432731306670 ) ) ;
#5584 = CARTESIAN_POINT ( 'NONE',  ( -5.502529177620826495, 8.205844528569492979, -325.0000000000301270 ) ) ;
#5585 = CARTESIAN_POINT ( 'NONE',  ( 42.97959751727077560, -4.059909809176293294, -484.8000000000000114 ) ) ;
#5586 = CARTESIAN_POINT ( 'NONE',  ( -19.61275276480347429, -12.50000000000003197, -320.8187389040822382 ) ) ;
#5587 = DIRECTION ( 'NONE',  ( 0.000000000000000000, 1.000000000000000000, -0.000000000000000000 ) ) ;
#5588 = CARTESIAN_POINT ( 'NONE',  ( -2.775557561562891351E-14, -14.17819011039157928, -575.0000000000000000 ) ) ;
#5589 = CARTESIAN_POINT ( 'NONE',  ( 119.9557465855945111, 8.531411223763484486, -480.0000000000000000 ) ) ;
#5590 = DIRECTION ( 'NONE',  ( 9.758616282549149858E-16, 1.000000000000000000, 0.000000000000000000 ) ) ;
#5591 = VERTEX_POINT ( 'NONE', #3078 ) ;
#5592 = ADVANCED_FACE ( 'NONE', ( #2584 ), #5157, .F. ) ;
#5593 = ORIENTED_EDGE ( 'NONE', *, *, #756, .F. ) ;
#5594 = CARTESIAN_POINT ( 'NONE',  ( -1.060688063962853755, 12.49999999999996625, -329.2089869303268301 ) ) ;
#5595 = CARTESIAN_POINT ( 'NONE',  ( 177.2826896641109329, -0.1533912259593346872, -479.0500000000001251 ) ) ;
#5596 = ORIENTED_EDGE ( 'NONE', *, *, #2322, .F. ) ;
#5597 = CARTESIAN_POINT ( 'NONE',  ( 5.854194937275928545, -3.227567095585611501, -279.8247660894123783 ) ) ;
#5598 = CARTESIAN_POINT ( 'NONE',  ( 11.66625143368636230, -3.442799370016863758, -339.9899850352621229 ) ) ;
#5599 = CYLINDRICAL_SURFACE ( 'NONE', #5961, 3.149999999999999911 ) ;
#5600 = EDGE_CURVE ( 'NONE', #4915, #4131, #2853, .T. ) ;
#5601 = ORIENTED_EDGE ( 'NONE', *, *, #1973, .T. ) ;
#5602 = CARTESIAN_POINT ( 'NONE',  ( 8.809222192879870406, 11.08570044351443507, -250.0164251947661285 ) ) ;
#5603 = CARTESIAN_POINT ( 'NONE',  ( 214.5297366487250486, -3.050007926031226280, -574.9999999999997726 ) ) ;
#5604 = CARTESIAN_POINT ( 'NONE',  ( -2.935875160716701515, -12.50000000000003553, -277.5114063718543207 ) ) ;
#5605 = CARTESIAN_POINT ( 'NONE',  ( -15.24431704110915220, 3.831563946362516848, -479.9999999999989200 ) ) ;
#5606 = CARTESIAN_POINT ( 'NONE',  ( -8.868004444261972097, -16.62699586148604780, -264.9999999999997726 ) ) ;
#5607 = EDGE_LOOP ( 'NONE', ( #2270, #5469, #752, #4228 ) ) ;
#5608 = CARTESIAN_POINT ( 'NONE',  ( 5.467585274607739798, 10.87691685177143519, -480.0000000000000000 ) ) ;
#5609 = CARTESIAN_POINT ( 'NONE',  ( -5.397652989718206840, 12.49999999999934097, -329.5885156036295029 ) ) ;
#5610 = CARTESIAN_POINT ( 'NONE',  ( -7.220319488969772159, -1.644307809585127789, -339.9917091121094472 ) ) ;
#5611 = PLANE ( 'NONE',  #568 ) ;
#5612 = B_SPLINE_CURVE_WITH_KNOTS ( 'NONE', 3,
 ( #2918, #4689, #5889, #5701, #2253, #4870, #6364 ),
 .UNSPECIFIED., .F., .F.,
 ( 4, 3, 4 ),
 ( 5.551115123125782086E-17, 0.0009720082846540247521, 0.004025912416988472811 ),
 .UNSPECIFIED. ) ;
#5613 = FACE_OUTER_BOUND ( 'NONE', #2579, .T. ) ;
#5614 = CARTESIAN_POINT ( 'NONE',  ( -14.76978648153631468, 3.715750412664655666, -265.0000000000150067 ) ) ;
#5615 = EDGE_CURVE ( 'NONE', #1136, #757, #2234, .T. ) ;
#5616 = CARTESIAN_POINT ( 'NONE',  ( -11.51815486218126416, 5.932346881775541370, -324.9999999999999432 ) ) ;
#5617 = DIRECTION ( 'NONE',  ( 0.000000000000000000, 0.000000000000000000, -1.000000000000000000 ) ) ;
#5618 = CARTESIAN_POINT ( 'NONE',  ( 0.8385647554819418703, 12.12529040226862875, -329.6021292359897643 ) ) ;
#5619 = CARTESIAN_POINT ( 'NONE',  ( -22.58370252998592775, 8.711955844300771190, -263.8263091145801695 ) ) ;
#5620 = CARTESIAN_POINT ( 'NONE',  ( -0.2586434096558051787, -12.50000000000003553, -262.6013484349489318 ) ) ;
#5621 = CARTESIAN_POINT ( 'NONE',  ( 177.0054179419646232, 0.1437332743148934111, -480.0000000000000000 ) ) ;
#5622 = DIRECTION ( 'NONE',  ( 0.000000000000000000, 0.000000000000000000, 1.000000000000000000 ) ) ;
#5623 = ORIENTED_EDGE ( 'NONE', *, *, #1955, .F. ) ;
#5624 = ORIENTED_EDGE ( 'NONE', *, *, #3557, .T. ) ;
#5625 = CARTESIAN_POINT ( 'NONE',  ( -0.9357754408381163680, -15.94576594308569284, -575.0000000000000000 ) ) ;
#5626 = CARTESIAN_POINT ( 'NONE',  ( 175.9271032070417675, -0.1910321062087394495, -479.9999999999995453 ) ) ;
#5627 = ORIENTED_EDGE ( 'NONE', *, *, #3503, .T. ) ;
#5628 = CARTESIAN_POINT ( 'NONE',  ( 39.67911437448025680, -12.00000000000000000, -575.0000000000000000 ) ) ;
#5629 = CARTESIAN_POINT ( 'NONE',  ( -60.00000000000000000, 6.999999999999926281, -294.9999999999999432 ) ) ;
#5630 = CARTESIAN_POINT ( 'NONE',  ( 39.67911437448027812, -4.045571554070678033, -459.6247043159465875 ) ) ;
#5631 = ORIENTED_EDGE ( 'NONE', *, *, #6298, .T. ) ;
#5632 = CARTESIAN_POINT ( 'NONE',  ( 69.20371603933701010, -3.670820603499718171, -479.0499999999996135 ) ) ;
#5633 = CARTESIAN_POINT ( 'NONE',  ( 176.6363949862314939, 0.2010707613175681252, -479.0500000000002956 ) ) ;
#5634 = CARTESIAN_POINT ( 'NONE',  ( 56.00000000000000000, 1.000000000000000000, -575.1253581756884614 ) ) ;
#5635 = CARTESIAN_POINT ( 'NONE',  ( -44.92540987146970366, -1.230600657991574254, -575.0000000000005684 ) ) ;
#5636 = CARTESIAN_POINT ( 'NONE',  ( -6.244114278850569910, -1.856116718666660059, -249.9914750299942341 ) ) ;
#5637 = ORIENTED_EDGE ( 'NONE', *, *, #5932, .T. ) ;
#5638 = CARTESIAN_POINT ( 'NONE',  ( -13.65890101910770760, -0.01805652033994866942, -484.8000000000000114 ) ) ;
#5639 = CARTESIAN_POINT ( 'NONE',  ( 178.5998975951347632, -0.3041055282476193833, -479.9999357711269568 ) ) ;
#5640 = AXIS2_PLACEMENT_3D ( 'NONE', #301, #2248, #3835 ) ;
#5641 = CARTESIAN_POINT ( 'NONE',  ( 0.5890350127527644863, -2.662064089064032135, -324.9999999999999432 ) ) ;
#5642 = CARTESIAN_POINT ( 'NONE',  ( -0.07397764164746326032, 12.49999999999996980, -331.9452059756471840 ) ) ;
#5643 = CARTESIAN_POINT ( 'NONE',  ( -29.90820826521772702, 7.499999999999967137, -264.9999999999998863 ) ) ;
#5644 = AXIS2_PLACEMENT_3D ( 'NONE', #441, #4075, #5939 ) ;
#5645 = CARTESIAN_POINT ( 'NONE',  ( -11.85942162192852223, 5.653131157576625654, -265.0000000000150067 ) ) ;
#5646 = CARTESIAN_POINT ( 'NONE',  ( -18.85253513423339555, 19.06055485358464807, -324.9999999999998863 ) ) ;
#5647 = CARTESIAN_POINT ( 'NONE',  ( 142.0000000000000000, -15.99999999999998579, -549.9999999999998863 ) ) ;
#5648 = B_SPLINE_CURVE_WITH_KNOTS ( 'NONE', 3,
 ( #1349, #2320, #5285, #4734, #6292, #6232, #868, #1773 ),
 .UNSPECIFIED., .F., .F.,
 ( 4, 2, 2, 4 ),
 ( -1.456270231109635587E-05, 0.0008282806972989183994, 0.001671124096908933312, 0.003356810896128961837 ),
 .UNSPECIFIED. ) ;
#5649 = FACE_OUTER_BOUND ( 'NONE', #3225, .T. ) ;
#5650 = CARTESIAN_POINT ( 'NONE',  ( 45.00000000000000711, 7.999999999999998224, 0.000000000000000000 ) ) ;
#5651 = AXIS2_PLACEMENT_3D ( 'NONE', #1268, #6092, #1211 ) ;
#5652 = FACE_OUTER_BOUND ( 'NONE', #1925, .T. ) ;
#5653 = CARTESIAN_POINT ( 'NONE',  ( -10.22107940779182655, -12.50000000000003908, -267.9862395274168989 ) ) ;
#5654 = CARTESIAN_POINT ( 'NONE',  ( 52.35177606659411964, 13.40810478499789937, -480.0000000000000000 ) ) ;
#5655 = CYLINDRICAL_SURFACE ( 'NONE', #3698, 1.000000000000000888 ) ;
#5656 = ORIENTED_EDGE ( 'NONE', *, *, #1504, .T. ) ;
#5657 = AXIS2_PLACEMENT_3D ( 'NONE', #4389, #2798, #1985 ) ;
#5658 = ORIENTED_EDGE ( 'NONE', *, *, #250, .T. ) ;
#5659 = CARTESIAN_POINT ( 'NONE',  ( -30.09692654640665310, 7.499999999999974243, -324.9999999999998863 ) ) ;
#5660 = CARTESIAN_POINT ( 'NONE',  ( 194.7818843662187192, -18.61367267272638770, -575.0000000000001137 ) ) ;
#5661 = AXIS2_PLACEMENT_3D ( 'NONE', #1711, #3558, #5120 ) ;
#5662 = ORIENTED_EDGE ( 'NONE', *, *, #1827, .F. ) ;
#5663 = CARTESIAN_POINT ( 'NONE',  ( 14.37663053513262312, -3.581769063470540804, -310.1700157753221561 ) ) ;
#5664 = CARTESIAN_POINT ( 'NONE',  ( 74.00000000000001421, -3.864743240294600479, -319.0000000000000568 ) ) ;
#5665 = CARTESIAN_POINT ( 'NONE',  ( 8.679114374480255023, -12.00000000000000000, -322.9999999999998863 ) ) ;
#5666 = ORIENTED_EDGE ( 'NONE', *, *, #5915, .F. ) ;
#5667 = CARTESIAN_POINT ( 'NONE',  ( 179.6758406867319593, -0.3879641411185304478, -433.9999999999998863 ) ) ;
#5668 = CARTESIAN_POINT ( 'NONE',  ( 173.6080284649102055, 0.8196889167779010110, -480.0000000000015348 ) ) ;
#5669 = CARTESIAN_POINT ( 'NONE',  ( -14.79158617315756530, 0.5131485767497112604, -250.0021584613031962 ) ) ;
#5670 = CARTESIAN_POINT ( 'NONE',  ( -25.37309455773339906, -12.50000000000003553, -269.9230791837184142 ) ) ;
#5671 = CARTESIAN_POINT ( 'NONE',  ( 4.642013219089712983, -3.057053576733622879, -249.9900929384922108 ) ) ;
#5672 = CARTESIAN_POINT ( 'NONE',  ( 12.47386810385609301, 11.34795499150539300, 0.000000000000000000 ) ) ;
#5673 = CARTESIAN_POINT ( 'NONE',  ( -6.795513227899593112, 12.50000000000059153, -329.1877065257068580 ) ) ;
#5674 = EDGE_CURVE ( 'NONE', #281, #3284, #1712, .T. ) ;
#5675 = DIRECTION ( 'NONE',  ( -1.000000000000000000, 0.000000000000000000, -0.000000000000000000 ) ) ;
#5676 = DIRECTION ( 'NONE',  ( -0.000000000000000000, 1.000000000000000000, 0.000000000000000000 ) ) ;
#5677 = CARTESIAN_POINT ( 'NONE',  ( -25.38618298768958326, 14.28344928251186374, -264.9999999999999432 ) ) ;
#5678 = CARTESIAN_POINT ( 'NONE',  ( -13.91359282749893289, 4.546899753208975881, -325.0000000000150067 ) ) ;
#5679 = ADVANCED_FACE ( 'NONE', ( #5613 ), #185, .T. ) ;
#5680 = CARTESIAN_POINT ( 'NONE',  ( 25.11499318099049916, -3.838668300323226035, -484.8000000000000114 ) ) ;
#5681 = CARTESIAN_POINT ( 'NONE',  ( 45.00000000000001421, -4.146793872781644019, -321.9999999999999432 ) ) ;
#5682 = B_SPLINE_CURVE_WITH_KNOTS ( 'NONE', 3,
 ( #6148, #751, #3219, #165 ),
 .UNSPECIFIED., .F., .F.,
 ( 4, 4 ),
 ( 0.000000000000000000, 0.007500001190202774601 ),
 .UNSPECIFIED. ) ;
#5683 = CARTESIAN_POINT ( 'NONE',  ( -22.25946146492533728, 8.780288893620799229, -263.7364422562890809 ) ) ;
#5684 = CARTESIAN_POINT ( 'NONE',  ( 137.6758406867323288, -0.9452136536337333306, -217.3446788888510071 ) ) ;
#5685 = CARTESIAN_POINT ( 'NONE',  ( 100.9199404722378688, 10.52252053519449859, -480.0000000000000000 ) ) ;
#5686 = FACE_OUTER_BOUND ( 'NONE', #4035, .T. ) ;
#5687 = ORIENTED_EDGE ( 'NONE', *, *, #6081, .T. ) ;
#5688 = VERTEX_POINT ( 'NONE', #2684 ) ;
#5689 = CARTESIAN_POINT ( 'NONE',  ( -6.543914077850480737, 8.113520140499364430, -480.0000544183016586 ) ) ;
#5690 = CARTESIAN_POINT ( 'NONE',  ( 164.5596382502585584, -0.05791679263685203111, -480.0000000000003411 ) ) ;
#5691 = ORIENTED_EDGE ( 'NONE', *, *, #5532, .F. ) ;
#5692 = CARTESIAN_POINT ( 'NONE',  ( 1.175613046429731856, -10.35312862778996745, -249.4582533061946776 ) ) ;
#5693 = CARTESIAN_POINT ( 'NONE',  ( 3.518969914287287004, -2.923026171045763899, -339.9901226780943944 ) ) ;
#5694 = B_SPLINE_CURVE_WITH_KNOTS ( 'NONE', 3,
 ( #3187, #3148, #4159, #5129, #2691, #1104, #2170, #1718, #2661 ),
 .UNSPECIFIED., .F., .F.,
 ( 4, 1, 1, 1, 1, 1, 4 ),
 ( 0.000000000000000000, 0.001647854522668310137, 0.006397970102377080991, 0.01389101205826189997, 0.02387363008128449982, 0.03630054073346587751, 0.05000000134999084411 ),
 .UNSPECIFIED. ) ;
#5695 = FACE_OUTER_BOUND ( 'NONE', #264, .T. ) ;
#5696 = EDGE_CURVE ( 'NONE', #4550, #1392, #6138, .T. ) ;
#5697 = ORIENTED_EDGE ( 'NONE', *, *, #4112, .T. ) ;
#5698 = CARTESIAN_POINT ( 'NONE',  ( 198.5652655127901198, -1.318388846169957107, -549.9999999999998863 ) ) ;
#5699 = CARTESIAN_POINT ( 'NONE',  ( 178.3422707546913841, -0.1510994580439319612, -480.0000000000001137 ) ) ;
#5700 = CARTESIAN_POINT ( 'NONE',  ( -10.48876536364221224, -1.027085635493057980, -249.9935725416607966 ) ) ;
#5701 = CARTESIAN_POINT ( 'NONE',  ( -1.081786218832259783, 12.49999999999996625, -261.9460960162887204 ) ) ;
#5702 = CARTESIAN_POINT ( 'NONE',  ( 0.6558089797333950255, -11.00696619227738182, -263.5871289815571004 ) ) ;
#5703 = EDGE_LOOP ( 'NONE', ( #3325, #1327, #5371, #211 ) ) ;
#5704 = CARTESIAN_POINT ( 'NONE',  ( 0.000000000000000000, 14.26393202250024039, -549.9999999999998863 ) ) ;
#5705 = CARTESIAN_POINT ( 'NONE',  ( 179.6350337879947574, -0.3894184840731531039, -479.9993589609491096 ) ) ;
#5706 = CARTESIAN_POINT ( 'NONE',  ( 178.2644603043168559, -0.2674441249738635507, 0.000000000000000000 ) ) ;
#5707 = CARTESIAN_POINT ( 'NONE',  ( -1.062015348958421423, 12.49999999999996625, -324.9999999999998295 ) ) ;
#5708 = CARTESIAN_POINT ( 'NONE',  ( -18.73027374680810553, 18.96012447867535045, -264.9999999999998863 ) ) ;
#5709 = LINE ( 'NONE', #6207, #556 ) ;
#5710 = FACE_OUTER_BOUND ( 'NONE', #1610, .T. ) ;
#5711 = EDGE_CURVE ( 'NONE', #3808, #2387, #3177, .T. ) ;
#5712 = CARTESIAN_POINT ( 'NONE',  ( 142.0000000000000000, 15.99999999999998579, -549.9999999999998863 ) ) ;
#5713 = DIRECTION ( 'NONE',  ( 0.000000000000000000, 0.000000000000000000, 1.000000000000000000 ) ) ;
#5714 = CARTESIAN_POINT ( 'NONE',  ( 137.5421375912143560, 6.358343020890563579, -480.0000000000000000 ) ) ;
#5715 = CARTESIAN_POINT ( 'NONE',  ( -16.03630793785073294, 1.793145753057409753, -324.9999999999849365 ) ) ;
#5716 = VERTEX_POINT ( 'NONE', #2193 ) ;
#5717 = B_SPLINE_SURFACE_WITH_KNOTS ( 'NONE', 3, 1, ( 
 ( #5013, #4457, #5435 ),
 ( #2970, #3943, #5966 ),
 ( #4363, #3878, #1893 ),
 ( #4952, #504, #1989 ),
 ( #5868, #7, #1509 ),
 ( #3489, #5373, #4884 ),
 ( #3002, #535, #435 ),
 ( #4487, #2027, #6060 ),
 ( #4174, #6031, #1216 ),
 ( #1637, #6160, #107 ),
 ( #704, #4655, #4525 ),
 ( #4556, #1700, #1118 ),
 ( #3646, #3131, #140 ),
 ( #5110, #2546, #632 ),
 ( #2640, #2153, #1573 ),
 ( #5573, #2673, #2183 ),
 ( #3100, #1178, #6097 ),
 ( #5145, #1603, #4074 ),
 ( #3682, #78, #3585 ),
 ( #2057, #5080, #5603 ),
 ( #4041, #5668, #4627 ),
 ( #3550, #3202, #2120 ),
 ( #565, #5537, #1084 ),
 ( #2603, #4587, #176 ),
 ( #3069, #602, #4111 ),
 ( #3616, #5049, #2575 ),
 ( #1147, #666, #2087 ),
 ( #4142, #6129, #1668 ),
 ( #5633, #3164, #206 ),
 ( #1790, #4208, #1732 ),
 ( #363, #5302, #3293 ),
 ( #6310, #240, #1309 ),
 ( #1826, #1857, #6281 ),
 ( #3716, #5699, #1246 ),
 ( #4811, #3773, #6222 ),
 ( #3320, #4266, #6195 ),
 ( #304, #331, #276 ),
 ( #3231, #2796, #4294 ),
 ( #856, #2826, #1273 ),
 ( #5211, #763, #2279 ),
 ( #6248, #5760, #5273 ),
 ( #2735, #2341, #1337 ),
 ( #4719, #3260, #3838 ),
 ( #5727, #2251, #4328 ),
 ( #827, #5821, #2307 ),
 ( #4780, #2217, #3810 ),
 ( #5792, #734, #1366 ),
 ( #4236, #5178, #2705 ),
 ( #4687, #1763, #3742 ),
 ( #5243, #798, #2768 ),
 ( #4751, #4387, #496 ),
 ( #1887, #2468, #3937 ),
 ( #33, #4480, #5427 ),
 ( #6371, #3413, #461 ),
 ( #1402, #4908, #6435 ),
 ( #5467, #5924, #1463 ),
 ( #3443, #2438, #1434 ),
 ( #5994, #2370, #3383 ),
 ( #4422, #2502, #2893 ),
 ( #3479, #1016, #889 ),
 ( #2016, #4847, #983 ),
 ( #4877, #4003, #5367 ),
 ( #4356, #4944, #2961 ),
 ( #6406, #1921, #526 ),
 ( #1951, #6341, #2860 ),
 ( #396, #3346, #4450 ),
 ( #1982, #3968, #3870 ),
 ( #5398, #5957, #3907 ),
 ( #5855, #5895, #1498 ),
 ( #953, #5332, #2994 ),
 ( #923, #4973, #428 ),
 ( #2398, #2924, #2080 ),
 ( #1565, #4617, #4102 ),
 ( #131, #6090, #3513 ),
 ( #5528, #3609, #625 ),
 ( #1044, #1111, #5005 ),
 ( #3123, #3543, #1629 ),
 ( #198, #6122, #3638 ),
 ( #5595, #1077, #2538 ),
 ( #5498, #2596, #4580 ),
 ( #3060, #4067, #169 ),
 ( #2567, #5041, #6052 ),
 ( #2666, #1594, #4516 ),
 ( #3576, #5626, #4549 ),
 ( #5566, #2176, #70 ),
 ( #593, #1170, #99 ),
 ( #1659, #5103, #1139 ),
 ( #557, #2111, #5136 ),
 ( #3025, #2146, #3092 ),
 ( #695, #658, #5072 ),
 ( #2630, #4133, #3155 ),
 ( #2050, #4648, #4034 ),
 ( #4166, #1533, #6024 ),
 ( #5266, #296, #1300 ),
 ( #848, #1783, #6241 ),
 ( #6215, #3250, #1724 ),
 ( #1265, #2788, #4772 ),
 ( #2273, #4257, #3313 ),
 ( #5232, #4229, #267 ),
 ( #5171, #6187, #3674 ),
 ( #5294, #5690, #6152 ),
 ( #3763, #4285, #5660 ),
 ( #2818, #2244, #1239 ),
 ( #4801, #3709, #324 ),
 ( #4679, #3224, #5785 ),
 ( #755, #355, #6269 ),
 ( #5201, #2300, #5749 ),
 ( #4744, #3286, #1691 ),
 ( #2726, #820, #1817 ) ),
 .UNSPECIFIED., .F., .F., .F.,
 ( 4, 1, 1, 1, 2, 1, 1, 1, 1, 1, 1, 1, 1, 1, 1, 1, 1, 1, 1, 1, 1, 1, 1, 1, 1, 1, 1, 1, 1, 1, 1, 1, 1, 1, 1, 1, 1, 1, 1, 1, 1, 1, 1, 1, 1, 1, 1, 1, 1, 1, 2, 1, 1, 1, 1, 1, 1, 1, 1, 1, 1, 1, 1, 1, 1, 1, 1, 1, 1, 1, 1, 1, 1, 1, 1, 1, 1, 1, 1, 1, 1, 1, 1, 1, 1, 1, 1, 1, 1, 1, 1, 1, 1, 1, 1, 1, 1, 1, 1, 1, 1, 1, 1, 1, 4 ),
 ( 2, 1, 2 ),
 ( 0.000000000000000000, 0.08742536910096242175, 0.1748507382019248435, 0.2622761073028872514, 0.3497014764038496870, 0.3666083356934351500, 0.3835151949830205576, 0.4004220542726059651, 0.4173289135621913726, 0.4342357728517767801, 0.4511426321413621876, 0.4680494914309475951, 0.4849563507205330026, 0.4934097803653256786, 0.5018632100101183546, 0.5103166396549111417, 0.5187700692997038177, 0.5272234989444963826, 0.5356769285892892807, 0.5441303582340819567, 0.5525837878788746327, 0.5610372175236673087, 0.5652639323460637577, 0.5694906471684598737, 0.5737173619908564337, 0.5779440768132527717, 0.5821707916356491097, 0.5863975064580454477, 0.5906242212804417857, 0.5948509361028381237, 0.5990776509252344617, 0.6011910083364326862, 0.6033043657476309107, 0.6054177231588291352, 0.6075310805700271377, 0.6096444379812253622, 0.6107011166868244745, 0.6117577953924235867, 0.6128144740980225880, 0.6138711528036218112, 0.6149278315092208125, 0.6159845102148199247, 0.6170411889204190370, 0.6175695282732185376, 0.6180978676260180382, 0.6186262069788175388, 0.6191545463316172615, 0.6196828856844168731, 0.6199470553608166234, 0.6200791401990164431, 0.6202112250372163738, 0.6203039469061037980, 0.6203966687749912223, 0.6205821125127659599, 0.6207675562505408084, 0.6209529999883156570, 0.6213238874638652431, 0.6216947749394148293, 0.6220656624149644154, 0.6224365498905140015, 0.6231783248416131737, 0.6239200997927123460, 0.6246618747438115182, 0.6261454246460098627, 0.6276289745482082072, 0.6291125244504065517, 0.6305960743526048962, 0.6320796242548032406, 0.6335631741570016962, 0.6350467240592000406, 0.6365302739613983851, 0.6380138238635968406, 0.6409809236679936406, 0.6439480234723903296, 0.6469151232767870185, 0.6498822230811838185, 0.6528493228855806185, 0.6558164226899774185, 0.6617506222987709075, 0.6676848219075643964, 0.6736190215163578854, 0.6795532211251513743, 0.6854874207339448633, 0.6914216203427383522, 0.6973558199515318412, 0.7032900195603253302, 0.7092242191691189301, 0.7151584187779123081, 0.7270268179954993970, 0.7388952172130863749, 0.7507636164306732418, 0.7626320156482603307, 0.7745004148658471976, 0.7863688140834341755, 0.7982372133010211535, 0.8101056125186081314, 0.8219740117361951093, 0.8338424109537820872, 0.8575792093889560430, 0.8813160078241302209, 0.9050528062593041767, 0.9287896046944781325, 0.9525264031296520884, 0.9762632015648260442, 1.000000000000000000 ),
 ( -0.01000000000000000021, 0.000000000000000000, 1.000000000000000000 ),
 .UNSPECIFIED. ) ;
#5718 = VERTEX_POINT ( 'NONE', #4183 ) ;
#5719 = CARTESIAN_POINT ( 'NONE',  ( -13.91528224596264884, 4.879774043141832607, -480.0004612252172933 ) ) ;
#5720 = CARTESIAN_POINT ( 'NONE',  ( 49.99999999999999289, 1.000000000000000000, 0.000000000000000000 ) ) ;
#5721 = VERTEX_POINT ( 'NONE', #2554 ) ;
#5722 = CARTESIAN_POINT ( 'NONE',  ( 19.67911437448014667, -2.000000000000000000, -316.9999999999998863 ) ) ;
#5723 = CARTESIAN_POINT ( 'NONE',  ( 2.240857343501956755, -8.917814535194242609, -262.0324373595769316 ) ) ;
#5724 = DIRECTION ( 'NONE',  ( 0.8373426858827531793, -0.5466783573534413909, 0.000000000000000000 ) ) ;
#5725 = VERTEX_POINT ( 'NONE', #85 ) ;
#5726 = DIRECTION ( 'NONE',  ( -1.000000000000000000, 0.000000000000000000, -0.000000000000000000 ) ) ;
#5727 = CARTESIAN_POINT ( 'NONE',  ( 179.0693694513115588, -0.2529955800054249915, -479.0500000000001819 ) ) ;
#5728 = CARTESIAN_POINT ( 'NONE',  ( -15.50633102485560855, 2.859178434559378701, -250.0293445678682929 ) ) ;
#5729 = CARTESIAN_POINT ( 'NONE',  ( -33.19070547500619028, 13.12378115216609942, -575.0000000000004547 ) ) ;
#5730 = CARTESIAN_POINT ( 'NONE',  ( 68.50000000000000000, 3.000000000000000000, -338.9999999999999432 ) ) ;
#5731 = ORIENTED_EDGE ( 'NONE', *, *, #2748, .T. ) ;
#5732 = CARTESIAN_POINT ( 'NONE',  ( 145.5393870738044484, 5.270477545399046448, -484.8000000000000114 ) ) ;
#5733 = CARTESIAN_POINT ( 'NONE',  ( -25.51892155461267819, -7.869772119679841360, -325.0777862494069836 ) ) ;
#5734 = CARTESIAN_POINT ( 'NONE',  ( 0.8395025057412069946, 12.12430854171252115, -324.9994005812927753 ) ) ;
#5735 = CARTESIAN_POINT ( 'NONE',  ( -16.31157163845643154, 1.924152197739422254, -480.0004459554047571 ) ) ;
#5736 = CARTESIAN_POINT ( 'NONE',  ( -15.87530194348412493, 2.200179421758560405, -250.0293060959112950 ) ) ;
#5737 = CARTESIAN_POINT ( 'NONE',  ( -4.531244847990919311, 23.98785528279615065, -324.9999999999999432 ) ) ;
#5738 = COLOUR_RGB ( '',0.7921568627450980005, 0.8196078431372548767, 0.9333333333333333481 ) ;
#5739 = LINE ( 'NONE', #3663, #986 ) ;
#5740 = VECTOR ( 'NONE', #1093, 1000.000000000000000 ) ;
#5741 = LINE ( 'NONE', #3332, #3055 ) ;
#5742 = CYLINDRICAL_SURFACE ( 'NONE', #5983, 2.000000000000005329 ) ;
#5743 = CARTESIAN_POINT ( 'NONE',  ( 179.6758378702645871, -0.3878923695565487662, -480.0000000000000000 ) ) ;
#5744 = CARTESIAN_POINT ( 'NONE',  ( -15.36604499274158897, 0.8939490305845735341, -324.9999999999923830 ) ) ;
#5745 = ORIENTED_EDGE ( 'NONE', *, *, #1350, .T. ) ;
#5746 = ORIENTED_EDGE ( 'NONE', *, *, #5040, .T. ) ;
#5747 = CARTESIAN_POINT ( 'NONE',  ( -9.448699389406698401, 7.103979040453185512, -479.9994327642439771 ) ) ;
#5748 = VECTOR ( 'NONE', #935, 1000.000000000000000 ) ;
#5749 = CARTESIAN_POINT ( 'NONE',  ( 186.6540984717613867, -23.92008391463997441, -575.0000000000000000 ) ) ;
#5750 = CIRCLE ( 'NONE', #2941, 2.000000000000001776 ) ;
#5751 = EDGE_CURVE ( 'NONE', #4064, #66, #1819, .T. ) ;
#5752 = EDGE_LOOP ( 'NONE', ( #335, #877, #6404, #5182 ) ) ;
#5753 = CARTESIAN_POINT ( 'NONE',  ( -28.70889990123930957, 7.643418285773917908, -324.9999999999999432 ) ) ;
#5754 = AXIS2_PLACEMENT_3D ( 'NONE', #62, #584, #2491 ) ;
#5755 = CIRCLE ( 'NONE', #3884, 1.400000000000012346 ) ;
#5756 = CARTESIAN_POINT ( 'NONE',  ( -15.13546137942504544, 12.49999999999933742, -263.2175234591269941 ) ) ;
#5757 = DIRECTION ( 'NONE',  ( -1.000000000000000000, -0.000000000000000000, -0.000000000000000000 ) ) ;
#5758 = ORIENTED_EDGE ( 'NONE', *, *, #2905, .T. ) ;
#5759 = CARTESIAN_POINT ( 'NONE',  ( -26.92395202981372648, -12.50000000000003553, -324.8534054252003216 ) ) ;
#5760 = CARTESIAN_POINT ( 'NONE',  ( 179.1608974589229604, -0.2950559821486150036, -480.0000000000002842 ) ) ;
#5761 = EDGE_CURVE ( 'NONE', #238, #1832, #2964, .T. ) ;
#5762 = CARTESIAN_POINT ( 'NONE',  ( -6.994628259159978434, -1.682373333384987513, -339.9916475219669110 ) ) ;
#5763 = VECTOR ( 'NONE', #4498, 1000.000000000000000 ) ;
#5764 = CARTESIAN_POINT ( 'NONE',  ( 50.99999999999992895, -7.000000000000000000, -311.5000000000005684 ) ) ;
#5765 = VECTOR ( 'NONE', #1293, 1000.000000000000000 ) ;
#5766 = CARTESIAN_POINT ( 'NONE',  ( -2.176426091829045895, -12.44590077535012718, -266.5925472610237534 ) ) ;
#5767 = ORIENTED_EDGE ( 'NONE', *, *, #207, .T. ) ;
#5768 = CARTESIAN_POINT ( 'NONE',  ( 165.2119767472653677, 2.309244160260913059, -480.0000000000000000 ) ) ;
#5769 = CARTESIAN_POINT ( 'NONE',  ( -15.82750775690506728, -9.261160981431249439, -326.0703038187936613 ) ) ;
#5770 = AXIS2_PLACEMENT_3D ( 'NONE', #510, #2064, #14 ) ;
#5771 = B_SPLINE_CURVE_WITH_KNOTS ( 'NONE', 3,
 ( #3611, #4105, #4168, #1632 ),
 .UNSPECIFIED., .F., .F.,
 ( 4, 4 ),
 ( 0.07302230817366280047, 0.09000003467603782947 ),
 .UNSPECIFIED. ) ;
#5772 = LINE ( 'NONE', #2804, #2746 ) ;
#5773 = CARTESIAN_POINT ( 'NONE',  ( -14.35985923982425483, 0.3002505448641837882, -480.0012897441606583 ) ) ;
#5774 = CARTESIAN_POINT ( 'NONE',  ( -15.69595152076143485, 1.257884766720408276, -265.0000000000300702 ) ) ;
#5775 = CARTESIAN_POINT ( 'NONE',  ( -1.364418106580377099, 24.67082486771856864, -324.9999999999999432 ) ) ;
#5776 = ADVANCED_FACE ( 'NONE', ( #3751 ), #3357, .F. ) ;
#5777 = PLANE ( 'NONE',  #152 ) ;
#5778 = CARTESIAN_POINT ( 'NONE',  ( 155.0000000000000000, 0.000000000000000000, -519.9999999999998863 ) ) ;
#5779 = CYLINDRICAL_SURFACE ( 'NONE', #5247, 1.400000000000012346 ) ;
#5780 = CARTESIAN_POINT ( 'NONE',  ( 13.21145615042475541, -3.554575019942680658, -338.7956784965251131 ) ) ;
#5781 = CARTESIAN_POINT ( 'NONE',  ( -25.88539628698837092, -9.843410395735114449, -324.9999999999998295 ) ) ;
#5782 = ORIENTED_EDGE ( 'NONE', *, *, #3655, .T. ) ;
#5783 = VERTEX_POINT ( 'NONE', #4694 ) ;
#5784 = LINE ( 'NONE', #6151, #2737 ) ;
#5785 = CARTESIAN_POINT ( 'NONE',  ( 189.9312578025509879, -21.78051536051468062, -575.0000000000002274 ) ) ;
#5786 = EDGE_LOOP ( 'NONE', ( #196, #2041, #4717, #5291 ) ) ;
#5787 = CARTESIAN_POINT ( 'NONE',  ( -15.31416699278272198, 3.371370228429749538, -340.0287928856762392 ) ) ;
#5788 = ADVANCED_FACE ( 'NONE', ( #6205 ), #340, .F. ) ;
#5789 = FACE_OUTER_BOUND ( 'NONE', #3466, .T. ) ;
#5790 = ORIENTED_EDGE ( 'NONE', *, *, #4816, .F. ) ;
#5791 = CARTESIAN_POINT ( 'NONE',  ( 5.833333333333334814, -25.00000000000000355, -575.0000000000000000 ) ) ;
#5792 = CARTESIAN_POINT ( 'NONE',  ( 179.2197149198112243, -0.2773394022275822435, -479.0499999999987040 ) ) ;
#5793 = CARTESIAN_POINT ( 'NONE',  ( 7.691917556278576207, -3.208544537493797755, -339.9900140373566160 ) ) ;
#5794 = DIRECTION ( 'NONE',  ( -0.8837879163470616639, 0.4678877204190329819, -0.000000000000000000 ) ) ;
#5795 = EDGE_CURVE ( 'NONE', #5783, #5718, #2440, .T. ) ;
#5796 = CARTESIAN_POINT ( 'NONE',  ( 49.99999999999999289, 1.000000000000000000, -338.9999999999999432 ) ) ;
#5797 = ORIENTED_EDGE ( 'NONE', *, *, #3440, .T. ) ;
#5798 = CARTESIAN_POINT ( 'NONE',  ( 173.8991586315732718, 0.7546497483138756568, 0.000000000000000000 ) ) ;
#5799 = CARTESIAN_POINT ( 'NONE',  ( -21.89349404528958232, -8.477477772211397422, -325.4372931424528588 ) ) ;
#5800 = CARTESIAN_POINT ( 'NONE',  ( 83.43203411245119128, -3.799346583349470396, 0.000000000000000000 ) ) ;
#5801 = CARTESIAN_POINT ( 'NONE',  ( -12.91529079779004796, -0.2346425772750313499, -479.9993740226946670 ) ) ;
#5802 = CARTESIAN_POINT ( 'NONE',  ( -30.75202351773033271, -0.4753955623984555956, -264.9999999999998295 ) ) ;
#5803 = DIRECTION ( 'NONE',  ( 1.000000000000000000, 6.938893903907228378E-16, 0.000000000000000000 ) ) ;
#5804 = CARTESIAN_POINT ( 'NONE',  ( 33.67911437448025680, -12.00000000000000000, -516.0613922021190092 ) ) ;
#5805 = EDGE_CURVE ( 'NONE', #876, #664, #4725, .T. ) ;
#5806 = EDGE_CURVE ( 'NONE', #5591, #5388, #4510, .T. ) ;
#5807 = CARTESIAN_POINT ( 'NONE',  ( -27.85534655193037779, -7.500000000000034639, -269.9999999999998863 ) ) ;
#5808 = PLANE ( 'NONE',  #1301 ) ;
#5809 = DIRECTION ( 'NONE',  ( 1.000000000000000000, 0.000000000000000000, -0.000000000000000000 ) ) ;
#5810 = CARTESIAN_POINT ( 'NONE',  ( -15.86995138570517661, 1.386283212909980689, -340.0133969861120704 ) ) ;
#5811 = VERTEX_POINT ( 'NONE', #2777 ) ;
#5812 = ORIENTED_EDGE ( 'NONE', *, *, #3503, .F. ) ;
#5813 = CARTESIAN_POINT ( 'NONE',  ( -15.78161578661252662, 10.17537204445128829, -328.2114847352855804 ) ) ;
#5814 = DIRECTION ( 'NONE',  ( -0.000000000000000000, -0.000000000000000000, -1.000000000000000000 ) ) ;
#5815 = ORIENTED_EDGE ( 'NONE', *, *, #190, .F. ) ;
#5816 = CARTESIAN_POINT ( 'NONE',  ( 20.00000000000000000, 3.570561577078505078, -495.0000000000000000 ) ) ;
#5817 = CYLINDRICAL_SURFACE ( 'NONE', #3485, 1.400000000000012346 ) ;
#5818 = DIRECTION ( 'NONE',  ( -1.000000000000000000, 0.000000000000000000, 0.000000000000000000 ) ) ;
#5819 = EDGE_LOOP ( 'NONE', ( #2298, #4803, #1980, #3195 ) ) ;
#5820 = CARTESIAN_POINT ( 'NONE',  ( -20.00528650400698183, -8.769657992173447880, -325.6494693786245307 ) ) ;
#5821 = CARTESIAN_POINT ( 'NONE',  ( 179.4444401573162509, -0.3418681646929204176, -479.9999999999996021 ) ) ;
#5822 = EDGE_CURVE ( 'NONE', #2181, #2158, #4788, .T. ) ;
#5823 = CARTESIAN_POINT ( 'NONE',  ( 68.50000000000000000, -3.959044520023672575, -327.6666666664585819 ) ) ;
#5824 = CARTESIAN_POINT ( 'NONE',  ( 142.0000000000000000, 15.99999999999998579, -575.0000000000000000 ) ) ;
#5825 = FACE_OUTER_BOUND ( 'NONE', #6189, .T. ) ;
#5826 = VERTEX_POINT ( 'NONE', #1375 ) ;
#5827 = CARTESIAN_POINT ( 'NONE',  ( 58.80610327378906277, 13.24575090672550814, -480.0029707421210787 ) ) ;
#5828 = CARTESIAN_POINT ( 'NONE',  ( -14.60710568815918009, -9.366015366744440129, -326.1824457225235392 ) ) ;
#5829 = EDGE_CURVE ( 'NONE', #5922, #6091, #5311, .T. ) ;
#5830 = CARTESIAN_POINT ( 'NONE',  ( 179.6770719582781339, -0.3987938621634149472, 0.000000000000000000 ) ) ;
#5831 = CARTESIAN_POINT ( 'NONE',  ( -1.064116893834873290, 12.49999999999996625, -318.3333326809020605 ) ) ;
#5832 = CARTESIAN_POINT ( 'NONE',  ( -15.83920762795450266, 1.522759304319791784, -250.0184409795189708 ) ) ;
#5833 = CARTESIAN_POINT ( 'NONE',  ( 1.999999999999974021, -14.17819011039155441, -575.0000000000000000 ) ) ;
#5834 = B_SPLINE_CURVE_WITH_KNOTS ( 'NONE', 3,
 ( #532, #467, #988, #5370, #501, #926, #5962, #4454, #3446, #3940, #1505, #1924, #3486, #2896, #5899, #4484, #956, #4914, #1956, #5471, #2506, #2443, #4425, #2022, #6409 ),
 .UNSPECIFIED., .F., .F.,
 ( 4, 2, 2, 2, 2, 2, 2, 2, 2, 1, 2, 2, 4 ),
 ( 5.594315114139762021E-17, 0.003905814357692911389, 0.005858721536539340628, 0.007811628715385769868, 0.01171744307307862921, 0.01367035025192512264, 0.01562325743077161606, 0.01952907178846450056, 0.02148197896731093848, 0.02343488614615738333, 0.02538779332500382124, 0.02734070050385026610, 0.03124651486154314886 ),
 .UNSPECIFIED. ) ;
#5835 = DIRECTION ( 'NONE',  ( -1.000000000000000000, 0.000000000000000000, -0.000000000000000000 ) ) ;
#5836 = PLANE ( 'NONE',  #52 ) ;
#5837 = CARTESIAN_POINT ( 'NONE',  ( 63.00000000000001421, 18.00000000000000355, -549.9999999999998863 ) ) ;
#5838 = CARTESIAN_POINT ( 'NONE',  ( 13.65190324691034718, -3.547782360292408121, -339.2434422812901289 ) ) ;
#5839 = CARTESIAN_POINT ( 'NONE',  ( -27.72584912474438212, -7.817710486503735012, -324.9999999999998295 ) ) ;
#5840 = VERTEX_POINT ( 'NONE', #4825 ) ;
#5841 = ORIENTED_EDGE ( 'NONE', *, *, #1541, .F. ) ;
#5842 = CARTESIAN_POINT ( 'NONE',  ( -14.89743721705800361, 12.49999999999996625, -324.0147919815441924 ) ) ;
#5843 = DIRECTION ( 'NONE',  ( 0.000000000000000000, 1.000000000000000000, 0.000000000000000000 ) ) ;
#5844 = CIRCLE ( 'NONE', #4912, 1.400000000000012346 ) ;
#5845 = EDGE_LOOP ( 'NONE', ( #6022, #3991, #4619, #5912 ) ) ;
#5846 = CARTESIAN_POINT ( 'NONE',  ( 1.663974321960739022, 11.81522128885569067, -332.8651838616200394 ) ) ;
#5847 = CARTESIAN_POINT ( 'NONE',  ( -26.61101124169674748, -12.50000000000003553, -269.9999999987221031 ) ) ;
#5848 = CARTESIAN_POINT ( 'NONE',  ( -15.84764084718266552, 12.49999999999934630, -263.3949277617649045 ) ) ;
#5849 = EDGE_LOOP ( 'NONE', ( #3803, #5068, #5731, #2915, #4413, #368 ) ) ;
#5850 = AXIS2_PLACEMENT_3D ( 'NONE', #6278, #4233, #6219 ) ;
#5851 = CARTESIAN_POINT ( 'NONE',  ( 50.99999999999992895, 3.000000000000000000, -311.5000000000005684 ) ) ;
#5852 = VECTOR ( 'NONE', #274, 1000.000000000000000 ) ;
#5853 = ORIENTED_EDGE ( 'NONE', *, *, #5761, .F. ) ;
#5854 = CARTESIAN_POINT ( 'NONE',  ( -12.36654953700533710, -9.531985666530035317, -326.3691900053104860 ) ) ;
#5855 = CARTESIAN_POINT ( 'NONE',  ( 178.7423843391339631, -0.2576038317417392309, -479.0499999999996703 ) ) ;
#5856 = B_SPLINE_CURVE_WITH_KNOTS ( 'NONE', 3,
 ( #6347, #3448, #402, #1892, #3912 ),
 .UNSPECIFIED., .F., .F.,
 ( 4, 1, 4 ),
 ( 0.000000000000000000, 0.001120246461465675223, 0.005500883758729376884 ),
 .UNSPECIFIED. ) ;
#5857 = CARTESIAN_POINT ( 'NONE',  ( -16.89257064875182479, -14.77096579760660866, -324.9999999999998295 ) ) ;
#5858 = VECTOR ( 'NONE', #4701, 1000.000000000000000 ) ;
#5859 = ORIENTED_EDGE ( 'NONE', *, *, #1839, .T. ) ;
#5860 = CARTESIAN_POINT ( 'NONE',  ( 39.67911437448029233, -4.119463480374753850, -337.0000000000000000 ) ) ;
#5861 = EDGE_CURVE ( 'NONE', #5142, #5811, #1960, .T. ) ;
#5862 = DIRECTION ( 'NONE',  ( -1.000000000000000000, 0.000000000000000000, 0.000000000000000000 ) ) ;
#5863 = EDGE_CURVE ( 'NONE', #1278, #3639, #5144, .T. ) ;
#5864 = ORIENTED_EDGE ( 'NONE', *, *, #531, .T. ) ;
#5865 = CARTESIAN_POINT ( 'NONE',  ( 133.1751618512344919, 6.926111795861376486, -479.9999999999960210 ) ) ;
#5866 = UNCERTAINTY_MEASURE_WITH_UNIT (LENGTH_MEASURE( 1.000000000000000082E-05 ), #4926, 'distance_accuracy_value', 'NONE');
#5867 = VECTOR ( 'NONE', #835, 1000.000000000000000 ) ;
#5868 = CARTESIAN_POINT ( 'NONE',  ( 153.9666200293301870, 3.894134726174923955, -479.0499999999997840 ) ) ;
#5869 =( BOUNDED_SURFACE ( )  B_SPLINE_SURFACE ( 3, 2, ( 
 ( #1030, #5448, #3040 ),
 ( #3951, #4405, #1904 ),
 ( #5940, #5977, #1477 ),
 ( #1419, #2484, #54 ) ),
 .UNSPECIFIED., .F., .F., .T. ) 
 B_SPLINE_SURFACE_WITH_KNOTS ( ( 4, 4 ),
 ( 3, 3 ),
 ( -6.030349690086533876E-07, 0.05999939991604816281 ),
 ( 0.000000000000000000, 1.000000000000000000 ),
 .UNSPECIFIED. ) 
 GEOMETRIC_REPRESENTATION_ITEM ( )  RATIONAL_B_SPLINE_SURFACE ( (
 ( 1.000000000000000000, 0.9803815345829353101, 1.000000000000000000),
 ( 1.000000000000000000, 0.9806001023883033074, 1.000000000000000000),
 ( 1.000000000000000000, 0.9808181299921384655, 1.000000000000000000),
 ( 1.000000000000000000, 0.9810356029070788075, 1.000000000000000000) ) ) 
 REPRESENTATION_ITEM ( '' )  SURFACE ( )  );
#5870 = VECTOR ( 'NONE', #5225, 1000.000000000000000 ) ;
#5871 = CARTESIAN_POINT ( 'NONE',  ( -10.46376380695733843, -0.9250775591027164957, -479.9999999999996589 ) ) ;
#5872 = DIRECTION ( 'NONE',  ( -0.000000000000000000, -0.000000000000000000, -1.000000000000000000 ) ) ;
#5873 = CARTESIAN_POINT ( 'NONE',  ( -13.41035670154825254, -0.1204581315866249808, -249.9966472663182913 ) ) ;
#5874 = ADVANCED_FACE ( 'NONE', ( #1599 ), #1114, .F. ) ;
#5875 = CARTESIAN_POINT ( 'NONE',  ( 0.8380950068350315751, 12.12578114404440655, -331.9034935632001861 ) ) ;
#5876 = AXIS2_PLACEMENT_3D ( 'NONE', #1548, #3528, #5057 ) ;
#5877 = DIRECTION ( 'NONE',  ( -0.000000000000000000, -0.000000000000000000, -1.000000000000000000 ) ) ;
#5878 = LINE ( 'NONE', #1606, #5748 ) ;
#5879 = DIRECTION ( 'NONE',  ( -0.000000000000000000, 1.000000000000000000, -0.000000000000000000 ) ) ;
#5880 = CARTESIAN_POINT ( 'NONE',  ( 8.516916795142549290, 11.04402119081796840, -250.3254397823358488 ) ) ;
#5881 = ADVANCED_FACE ( 'NONE', ( #6093 ), #901, .F. ) ;
#5882 = DIRECTION ( 'NONE',  ( -1.017704439239767429E-14, -0.000000000000000000, -1.000000000000000000 ) ) ;
#5883 = EDGE_CURVE ( 'NONE', #2112, #6313, #1339, .T. ) ;
#5884 = CARTESIAN_POINT ( 'NONE',  ( -15.24452748248888767, 3.399883040801135348, -325.0000000000603109 ) ) ;
#5885 = ORIENTED_EDGE ( 'NONE', *, *, #1488, .F. ) ;
#5886 = PLANE ( 'NONE',  #2102 ) ;
#5887 = ORIENTED_EDGE ( 'NONE', *, *, #6112, .T. ) ;
#5888 = DIRECTION ( 'NONE',  ( 1.000000000000000000, 0.000000000000000000, 0.000000000000000000 ) ) ;
#5889 = CARTESIAN_POINT ( 'NONE',  ( -1.081887276592808922, 12.49999999999996625, -261.6220932704974871 ) ) ;
#5890 = CARTESIAN_POINT ( 'NONE',  ( -15.66632427589884813, 10.15342019873629908, -261.8461010766268942 ) ) ;
#5891 = VERTEX_POINT ( 'NONE', #437 ) ;
#5892 = LINE ( 'NONE', #458, #871 ) ;
#5893 = EDGE_LOOP ( 'NONE', ( #2824, #2816, #2274, #2879 ) ) ;
#5894 = CARTESIAN_POINT ( 'NONE',  ( -14.13377765925089946, -12.50000000000003197, -324.9476715454832174 ) ) ;
#5895 = CARTESIAN_POINT ( 'NONE',  ( 179.0507795075212982, -0.3416849794810477015, -479.9999999999997158 ) ) ;
#5896 = CARTESIAN_POINT ( 'NONE',  ( -8.302681704580335165, -1.460121559812165071, -324.9999999999847660 ) ) ;
#5897 = DIRECTION ( 'NONE',  ( -0.000000000000000000, 1.000000000000000000, -0.000000000000000000 ) ) ;
#5898 = EDGE_CURVE ( 'NONE', #1784, #4195, #5045, .T. ) ;
#5899 = CARTESIAN_POINT ( 'NONE',  ( 31.89730800007944111, -4.052928281255173459, -321.1115458962945013 ) ) ;
#5900 = ORIENTED_EDGE ( 'NONE', *, *, #2236, .F. ) ;
#5901 = FACE_OUTER_BOUND ( 'NONE', #3501, .T. ) ;
#5902 = CARTESIAN_POINT ( 'NONE',  ( -23.00939458057726839, -8.273442499899513081, -264.6997789049347034 ) ) ;
#5903 = CARTESIAN_POINT ( 'NONE',  ( -12.89229713101530983, -0.2422291763793794350, -480.0000000000009663 ) ) ;
#5904 = CARTESIAN_POINT ( 'NONE',  ( -18.03801710894192567, -14.39938833118095296, -264.9999999999998863 ) ) ;
#5905 = FACE_OUTER_BOUND ( 'NONE', #2078, .T. ) ;
#5906 = CARTESIAN_POINT ( 'NONE',  ( -1.080833453239035569, 7.499999999999966249, -264.9999999999998863 ) ) ;
#5907 = CARTESIAN_POINT ( 'NONE',  ( 33.67911437448025680, -12.00000000000000000, -343.0000000000000000 ) ) ;
#5908 = LINE ( 'NONE', #3396, #3061 ) ;
#5909 = LINE ( 'NONE', #1447, #4828 ) ;
#5910 = CARTESIAN_POINT ( 'NONE',  ( -1.042149640769648888, 9.281890786279959116, -250.0188478732523549 ) ) ;
#5911 = CARTESIAN_POINT ( 'NONE',  ( -14.87930140811977964, 3.766926383439135329, -325.0000000000148930 ) ) ;
#5912 = ORIENTED_EDGE ( 'NONE', *, *, #6112, .F. ) ;
#5913 = EDGE_LOOP ( 'NONE', ( #1907, #1824, #35, #2055 ) ) ;
#5914 = CARTESIAN_POINT ( 'NONE',  ( 13.67911437448011647, -3.558989423151066589, -322.9999999999998863 ) ) ;
#5915 = EDGE_CURVE ( 'NONE', #3336, #3026, #1896, .T. ) ;
#5916 = CARTESIAN_POINT ( 'NONE',  ( 44.00000000000000711, 7.999999999999998224, -4.000000000000000000 ) ) ;
#5917 = CARTESIAN_POINT ( 'NONE',  ( -10.92025085669905593, -12.50000000000003553, -264.8599366160940463 ) ) ;
#5918 = CARTESIAN_POINT ( 'NONE',  ( -10.83524840594537153, -0.8959260452233718253, -480.0000000000000000 ) ) ;
#5919 = CARTESIAN_POINT ( 'NONE',  ( -9.523439542577778028, 12.49999999999996447, -261.6994495348714622 ) ) ;
#5920 = VERTEX_POINT ( 'NONE', #1412 ) ;
#5921 = CARTESIAN_POINT ( 'NONE',  ( 3.987958442303502604, 11.17547267010940359, -335.1726829582699452 ) ) ;
#5922 = VERTEX_POINT ( 'NONE', #931 ) ;
#5923 = CARTESIAN_POINT ( 'NONE',  ( -22.45236883183735799, -8.384493115035118294, -325.3737697588400124 ) ) ;
#5924 = CARTESIAN_POINT ( 'NONE',  ( 179.6620682197758185, -0.3904531182694254143, -480.0000000000004547 ) ) ;
#5925 = B_SPLINE_CURVE_WITH_KNOTS ( 'NONE', 3,
 ( #1041, #5002, #4512, #3022, #67, #716, #553, #2047, #4030, #6021 ),
 .UNSPECIFIED., .F., .F.,
 ( 4, 3, 3, 4 ),
 ( 9.289021757742792375E-06, 0.01000000000000002623, 0.05000000000000140443, 0.06400992573780026063 ),
 .UNSPECIFIED. ) ;
#5926 = CARTESIAN_POINT ( 'NONE',  ( -13.77547916561113084, 0.03918959459345809637, -339.9969504472154540 ) ) ;
#5927 = CARTESIAN_POINT ( 'NONE',  ( 178.3392285618891719, -0.1719444760661709148, 0.000000000000000000 ) ) ;
#5928 = CARTESIAN_POINT ( 'NONE',  ( -31.06335630415184212, 1.022021038675776872, -324.9999999999999432 ) ) ;
#5929 = VERTEX_POINT ( 'NONE', #4008 ) ;
#5930 = CARTESIAN_POINT ( 'NONE',  ( 19.02528461325042031, 12.47023381958572763, -480.0000000000000000 ) ) ;
#5931 = CARTESIAN_POINT ( 'NONE',  ( 0.8401812112922383280, 12.12359737960823836, -321.6660673929181371 ) ) ;
#5932 = EDGE_CURVE ( 'NONE', #5591, #795, #3277, .T. ) ;
#5933 = CARTESIAN_POINT ( 'NONE',  ( -14.97022622032437944, 0.5907144668725132775, -480.0000000000005116 ) ) ;
#5934 = EDGE_CURVE ( 'NONE', #5199, #5963, #366, .T. ) ;
#5935 = CARTESIAN_POINT ( 'NONE',  ( -15.21919612786787290, 0.8067506137574215197, -264.9999999999923830 ) ) ;
#5936 = CARTESIAN_POINT ( 'NONE',  ( 156.9972724281489036, -0.1602283021622295800, -484.8000000000000114 ) ) ;
#5937 = SURFACE_STYLE_USAGE ( .BOTH. , #3948 ) ;
#5938 = DIRECTION ( 'NONE',  ( -0.000000000000000000, 1.000000000000000000, -0.000000000000000000 ) ) ;
#5939 = DIRECTION ( 'NONE',  ( -1.000000000000000000, 0.000000000000000000, 0.000000000000000000 ) ) ;
#5940 = CARTESIAN_POINT ( 'NONE',  ( 0.8435747386088474631, 12.12004156899793195, -304.9993993741399549 ) ) ;
#5941 = DIRECTION ( 'NONE',  ( 0.000000000000000000, 0.000000000000000000, 1.000000000000000000 ) ) ;
#5942 = CARTESIAN_POINT ( 'NONE',  ( 7.411569661945828003, 10.90785879759047461, -264.9999999999399733 ) ) ;
#5943 = CARTESIAN_POINT ( 'NONE',  ( -14.61824950748524365, 4.036167319109163820, -340.0275266082213648 ) ) ;
#5944 = VERTEX_POINT ( 'NONE', #3255 ) ;
#5945 = ORIENTED_EDGE ( 'NONE', *, *, #5915, .T. ) ;
#5946 = CARTESIAN_POINT ( 'NONE',  ( 179.6758414916661479, -0.3879404355115686487, -433.9999999999999432 ) ) ;
#5947 = CARTESIAN_POINT ( 'NONE',  ( 33.67911437448025680, -12.00000000000000000, -516.0613922021190092 ) ) ;
#5948 = DIRECTION ( 'NONE',  ( -0.000000000000000000, -0.000000000000000000, -1.000000000000000000 ) ) ;
#5949 = CARTESIAN_POINT ( 'NONE',  ( 25.79931668085154328, -4.167639974534695924, 0.000000000000000000 ) ) ;
#5950 = CARTESIAN_POINT ( 'NONE',  ( -12.67362272367342158, 12.49999999999996625, -262.5663876596394175 ) ) ;
#5951 = ORIENTED_EDGE ( 'NONE', *, *, #1746, .T. ) ;
#5952 = CARTESIAN_POINT ( 'NONE',  ( 5.742234865629153973, 11.01622857296282199, -336.9718365689494135 ) ) ;
#5953 = EDGE_CURVE ( 'NONE', #1626, #753, #641, .T. ) ;
#5954 = ORIENTED_EDGE ( 'NONE', *, *, #2732, .T. ) ;
#5955 = CARTESIAN_POINT ( 'NONE',  ( -6.922513672591679601, -12.50000000000003553, -322.2775173967839919 ) ) ;
#5956 = AXIS2_PLACEMENT_3D ( 'NONE', #2208, #3735, #231 ) ;
#5957 = CARTESIAN_POINT ( 'NONE',  ( 179.1549330710233505, -0.3508183974469075150, -480.0000000000003979 ) ) ;
#5958 = CARTESIAN_POINT ( 'NONE',  ( -14.96522156933129821, 0.6081353767023486290, -324.9999999999998863 ) ) ;
#5959 = ORIENTED_EDGE ( 'NONE', *, *, #4656, .F. ) ;
#5960 = CARTESIAN_POINT ( 'NONE',  ( 165.2687268397055504, 2.265670115543501062, 0.000000000000000000 ) ) ;
#5961 = AXIS2_PLACEMENT_3D ( 'NONE', #3581, #4170, #5141 ) ;
#5962 = CARTESIAN_POINT ( 'NONE',  ( 38.40717163808945145, -4.115416101576087726, -329.9509492490966522 ) ) ;
#5963 = VERTEX_POINT ( 'NONE', #2149 ) ;
#5964 = CARTESIAN_POINT ( 'NONE',  ( 21.50688129328367282, 12.67996837385226527, -479.9999999999905071 ) ) ;
#5965 = EDGE_CURVE ( 'NONE', #5891, #4333, #3738, .T. ) ;
#5966 = CARTESIAN_POINT ( 'NONE',  ( 187.0347020398235145, 23.67159815498745701, -575.0000000000000000 ) ) ;
#5967 = VECTOR ( 'NONE', #5574, 1000.000000000000000 ) ;
#5968 = CIRCLE ( 'NONE', #5127, 1.400000000000012346 ) ;
#5969 = CARTESIAN_POINT ( 'NONE',  ( -9.654135156685814678, -1.110199272915735724, -480.0000000000006253 ) ) ;
#5970 = VECTOR ( 'NONE', #2781, 1000.000000000000000 ) ;
#5971 = CARTESIAN_POINT ( 'NONE',  ( -14.57930275641307638, 0.3903821505026100480, -264.9999999999998863 ) ) ;
#5972 = CARTESIAN_POINT ( 'NONE',  ( 73.22275164550062243, -4.044607191464002938, 0.000000000000000000 ) ) ;
#5973 = CARTESIAN_POINT ( 'NONE',  ( -22.82730621208803257, 8.698176364443515496, -326.1708917894658839 ) ) ;
#5974 = CARTESIAN_POINT ( 'NONE',  ( 173.3227874910507751, -0.09264304592710656538, -434.0000000000000000 ) ) ;
#5975 = AXIS2_PLACEMENT_3D ( 'NONE', #6428, #2917, #3960 ) ;
#5976 = LINE ( 'NONE', #3594, #2966 ) ;
#5977 = CARTESIAN_POINT ( 'NONE',  ( -0.07461869321149112999, 12.50000000012142642, -304.9952533100338314 ) ) ;
#5978 = DIRECTION ( 'NONE',  ( 0.000000000000000000, 0.000000000000000000, 1.000000000000000000 ) ) ;
#5979 = CARTESIAN_POINT ( 'NONE',  ( -7.752177821772599842, 7.368442423939510100, -250.0214898201115830 ) ) ;
#5980 = EDGE_CURVE ( 'NONE', #3021, #4550, #698, .T. ) ;
#5981 = EDGE_CURVE ( 'NONE', #204, #5197, #1201, .T. ) ;
#5982 = CARTESIAN_POINT ( 'NONE',  ( -15.88798918957337492, 2.549250452036100345, -324.9999999999999432 ) ) ;
#5983 = AXIS2_PLACEMENT_3D ( 'NONE', #1352, #3757, #2325 ) ;
#5984 = EDGE_LOOP ( 'NONE', ( #6185, #2330, #1666, #3644, #5465, #2667 ) ) ;
#5985 = LINE ( 'NONE', #3502, #3469 ) ;
#5986 = CARTESIAN_POINT ( 'NONE',  ( 39.67911437448025680, -2.000000000000000000, -571.0000000000000000 ) ) ;
#5987 = LINE ( 'NONE', #4026, #5244 ) ;
#5988 = CARTESIAN_POINT ( 'NONE',  ( 5.460282309126876399, 10.88124524486280720, -484.8000000000000114 ) ) ;
#5989 = CARTESIAN_POINT ( 'NONE',  ( 0.02142697575967201715, 12.49999999999996625, -260.5841172760232212 ) ) ;
#5990 = ORIENTED_EDGE ( 'NONE', *, *, #5159, .T. ) ;
#5991 = DIRECTION ( 'NONE',  ( 0.000000000000000000, 0.000000000000000000, -1.000000000000000000 ) ) ;
#5992 = ORIENTED_EDGE ( 'NONE', *, *, #338, .T. ) ;
#5993 = CARTESIAN_POINT ( 'NONE',  ( 56.00000000000000000, 5.000000000000000888, -575.1253581756884614 ) ) ;
#5994 = CARTESIAN_POINT ( 'NONE',  ( 179.3294671669942772, -0.3095561985426193430, -479.0500000000006935 ) ) ;
#5995 = ADVANCED_FACE ( 'NONE', ( #2276 ), #759, .F. ) ;
#5996 = EDGE_LOOP ( 'NONE', ( #5415, #1847, #3925, #2444 ) ) ;
#5997 = CARTESIAN_POINT ( 'NONE',  ( 27.02277729597986422, 12.62015822049518832, 0.000000000000000000 ) ) ;
#5998 = CARTESIAN_POINT ( 'NONE',  ( 13.18645711051127201, -3.603278640042305803, -251.1842980364174593 ) ) ;
#5999 = CARTESIAN_POINT ( 'NONE',  ( -27.95356862653355279, -7.500000000000055067, -324.9999999999998863 ) ) ;
#6000 = ORIENTED_EDGE ( 'NONE', *, *, #5829, .F. ) ;
#6001 = CARTESIAN_POINT ( 'NONE',  ( 86.03160435234634917, -3.512534519196655491, -479.9999999999996021 ) ) ;
#6002 = CARTESIAN_POINT ( 'NONE',  ( 14.38530708368486444, -3.562290411282508007, -339.9900196506288239 ) ) ;
#6003 = EDGE_CURVE ( 'NONE', #784, #4799, #4058, .T. ) ;
#6004 = CARTESIAN_POINT ( 'NONE',  ( 11.96414850401789032, -3.183976418412467257, -479.0500000000006366 ) ) ;
#6005 = CARTESIAN_POINT ( 'NONE',  ( -19.56257917226070120, -13.82017404472012601, -264.9999999999998863 ) ) ;
#6006 = CARTESIAN_POINT ( 'NONE',  ( -0.2634946434551175831, 12.43872740779997521, -330.3405828492777800 ) ) ;
#6007 = CARTESIAN_POINT ( 'NONE',  ( -19.94114431845083146, 12.49999999999996625, -322.0357025692670163 ) ) ;
#6008 = CARTESIAN_POINT ( 'NONE',  ( 33.67911437448025680, -4.003055767023127487, -437.5333333185081415 ) ) ;
#6009 = DIRECTION ( 'NONE',  ( -0.000000000000000000, -0.000000000000000000, 1.000000000000000000 ) ) ;
#6010 = CARTESIAN_POINT ( 'NONE',  ( 39.50000000000001421, -7.000000000000000000, -318.9999999999999432 ) ) ;
#6011 = CARTESIAN_POINT ( 'NONE',  ( -9.935421312026768703, 6.551716983023238683, -264.9999999999696456 ) ) ;
#6012 = CARTESIAN_POINT ( 'NONE',  ( -15.84537032505934206, 2.682885691278339202, -340.0296998120037983 ) ) ;
#6013 = CARTESIAN_POINT ( 'NONE',  ( 123.3956785152506228, -1.776841705864479204, 0.000000000000000000 ) ) ;
#6014 = CARTESIAN_POINT ( 'NONE',  ( 9.999999999999987566, 25.00000000000000711, -575.0000000000000000 ) ) ;
#6015 = ADVANCED_FACE ( 'NONE', ( #6218 ), #3805, .F. ) ;
#6016 = CARTESIAN_POINT ( 'NONE',  ( -30.92642185316568160, 2.360571660237529290, -264.9999999999999432 ) ) ;
#6017 = CARTESIAN_POINT ( 'NONE',  ( 185.0000000000000000, -25.00000000000000000, -575.0000000000000000 ) ) ;
#6018 = CARTESIAN_POINT ( 'NONE',  ( -16.31389087763183454, 1.672743109225335312, -480.0000000000000000 ) ) ;
#6019 = CARTESIAN_POINT ( 'NONE',  ( -0.4937837460423631364, 12.50000000000120792, -259.1398614175149646 ) ) ;
#6020 = ORIENTED_EDGE ( 'NONE', *, *, #1665, .T. ) ;
#6021 = CARTESIAN_POINT ( 'NONE',  ( 1.223459670022805756, -10.26408143532248474, -326.9862036040119051 ) ) ;
#6022 = ORIENTED_EDGE ( 'NONE', *, *, #156, .T. ) ;
#6023 = CARTESIAN_POINT ( 'NONE',  ( -60.00000000000000000, -7.500000000000035527, -319.9999999999998863 ) ) ;
#6024 = CARTESIAN_POINT ( 'NONE',  ( 202.7092204366965973, -13.43812969102729049, -574.9999999999997726 ) ) ;
#6025 = VERTEX_POINT ( 'NONE', #3408 ) ;
#6026 = CARTESIAN_POINT ( 'NONE',  ( 52.87326759349286220, 13.06764143379474774, 0.000000000000000000 ) ) ;
#6027 = CARTESIAN_POINT ( 'NONE',  ( 13.77403576798408658, -3.595014779263644211, -250.5864122291546323 ) ) ;
#6028 = CARTESIAN_POINT ( 'NONE',  ( 39.67911437448027812, -4.062987658215843290, -430.6971721852317501 ) ) ;
#6029 = EDGE_LOOP ( 'NONE', ( #1528, #5486, #4895, #4545, #1631 ) ) ;
#6030 = CARTESIAN_POINT ( 'NONE',  ( 119.8357992480397911, -1.849050068799989122, -479.9999999999986926 ) ) ;
#6031 = CARTESIAN_POINT ( 'NONE',  ( 162.4700126142741397, 2.743384402448786563, -479.9999999999993179 ) ) ;
#6032 = CARTESIAN_POINT ( 'NONE',  ( -5.398086451149821663, 8.359983370530160940, -479.0499999999999545 ) ) ;
#6033 = CARTESIAN_POINT ( 'NONE',  ( 9.991254126444987449, -18.43341559229710569, -264.9999999999998863 ) ) ;
#6034 = CARTESIAN_POINT ( 'NONE',  ( 3.286663712389055192, -2.822686689058726994, -484.8000000000000114 ) ) ;
#6035 = CARTESIAN_POINT ( 'NONE',  ( -49.99999999999999289, 5.551115123125782702E-14, -286.5999999999997954 ) ) ;
#6036 = ADVANCED_FACE ( 'NONE', ( #2856 ), #5817, .F. ) ;
#6037 = CARTESIAN_POINT ( 'NONE',  ( 178.2587917175868881, -0.2641237407858776365, -434.0000000000000000 ) ) ;
#6038 = CARTESIAN_POINT ( 'NONE',  ( 170.8944271909999486, 16.05278640450003280, -575.0000000000000000 ) ) ;
#6039 = CARTESIAN_POINT ( 'NONE',  ( 139.9999999999999716, -18.00000000000000355, -549.9999999999998863 ) ) ;
#6040 = DIRECTION ( 'NONE',  ( 0.000000000000000000, 0.000000000000000000, 1.000000000000000000 ) ) ;
#6041 = CARTESIAN_POINT ( 'NONE',  ( -7.369200548741425827, 7.501377069888426341, -250.0212915173318322 ) ) ;
#6042 = CARTESIAN_POINT ( 'NONE',  ( -13.51890630966881623, 4.846440447206388669, -340.0258574007838774 ) ) ;
#6043 = CARTESIAN_POINT ( 'NONE',  ( 83.00592520150202347, -3.600179322128214565, -480.0000000000000000 ) ) ;
#6044 = CARTESIAN_POINT ( 'NONE',  ( 159.9999999999999432, 25.00000000000000711, -575.0000000000000000 ) ) ;
#6045 = CARTESIAN_POINT ( 'NONE',  ( -30.91115539422595049, 1.050655375806018421, -264.9999999999999432 ) ) ;
#6046 = CARTESIAN_POINT ( 'NONE',  ( -3.394784291869181292, -12.50000000000003553, -264.4870991037894328 ) ) ;
#6047 = CARTESIAN_POINT ( 'NONE',  ( -15.71268716428375711, 3.421521792012651275, -480.0000000000000000 ) ) ;
#6048 = FACE_OUTER_BOUND ( 'NONE', #2982, .T. ) ;
#6049 = ORIENTED_EDGE ( 'NONE', *, *, #3112, .F. ) ;
#6050 = EDGE_LOOP ( 'NONE', ( #5666, #1567, #3311, #3156 ) ) ;
#6051 = CARTESIAN_POINT ( 'NONE',  ( 19.02528461325042031, 12.47023381958572763, -480.0000000000000000 ) ) ;
#6052 = CARTESIAN_POINT ( 'NONE',  ( 207.7693867153600706, -10.13448419941036249, -575.0000000000000000 ) ) ;
#6053 = ORIENTED_EDGE ( 'NONE', *, *, #2310, .T. ) ;
#6054 = CARTESIAN_POINT ( 'NONE',  ( 30.79241894767520904, -4.028685438846417277, -332.6293987873187348 ) ) ;
#6055 = CARTESIAN_POINT ( 'NONE',  ( 15.27636902321173551, -3.510325390640566923, -480.0003289628872380 ) ) ;
#6056 = VECTOR ( 'NONE', #3830, 1000.000000000000000 ) ;
#6057 = CARTESIAN_POINT ( 'NONE',  ( 58.68760709718151247, -4.010752044567437835, -480.0007253997768544 ) ) ;
#6058 = ORIENTED_EDGE ( 'NONE', *, *, #1453, .F. ) ;
#6059 = CARTESIAN_POINT ( 'NONE',  ( 180.8333333333332860, -25.00000000000000000, -575.0000000000000000 ) ) ;
#6060 = CARTESIAN_POINT ( 'NONE',  ( 211.5658091954830979, 7.581584557395238733, -575.0000000000001137 ) ) ;
#6061 = VECTOR ( 'NONE', #6126, 1000.000000000000000 ) ;
#6062 = FACE_OUTER_BOUND ( 'NONE', #2434, .T. ) ;
#6063 = CARTESIAN_POINT ( 'NONE',  ( -9.976832787110863521, 6.766468208781043714, -479.0500000000004093 ) ) ;
#6064 = CARTESIAN_POINT ( 'NONE',  ( -6.918836480876817241, -1.745848648290001970, -249.9916577500775077 ) ) ;
#6065 = EDGE_LOOP ( 'NONE', ( #3073, #725, #915, #499 ) ) ;
#6066 = CARTESIAN_POINT ( 'NONE',  ( -2.349133418294374831, -2.281384007834825756, -484.8000000000000114 ) ) ;
#6067 = VECTOR ( 'NONE', #425, 1000.000000000000000 ) ;
#6068 = CIRCLE ( 'NONE', #3776, 5.000000000000004441 ) ;
#6069 = CARTESIAN_POINT ( 'NONE',  ( -7.285598134293578276, 11.20238041406993723, -330.5314853151372745 ) ) ;
#6070 = DIRECTION ( 'NONE',  ( -1.000000000000000000, 0.000000000000000000, 0.000000000000000000 ) ) ;
#6071 = VECTOR ( 'NONE', #5794, 999.9999999999998863 ) ;
#6072 = AXIS2_PLACEMENT_3D ( 'NONE', #685, #2235, #6233 ) ;
#6073 = ADVANCED_FACE ( 'NONE', ( #5362 ), #90, .T. ) ;
#6074 = CARTESIAN_POINT ( 'NONE',  ( 68.50000000000001421, -7.000000000000000000, -321.9999999999999432 ) ) ;
#6075 = FACE_BOUND ( 'NONE', #3124, .T. ) ;
#6076 = CARTESIAN_POINT ( 'NONE',  ( -15.35543872104176621, 3.049917132138156184, -250.0291133771089847 ) ) ;
#6077 = CARTESIAN_POINT ( 'NONE',  ( -12.80424147438302818, 5.253454587234060114, -325.0000000000150635 ) ) ;
#6078 = CARTESIAN_POINT ( 'NONE',  ( 176.8151068152738219, -0.2262976265869331982, -484.8000000000000114 ) ) ;
#6079 = AXIS2_PLACEMENT_3D ( 'NONE', #2845, #413, #873 ) ;
#6080 = CARTESIAN_POINT ( 'NONE',  ( 33.92973172368052559, 13.40234197609806799, -480.0000000000007390 ) ) ;
#6081 = EDGE_CURVE ( 'NONE', #6091, #2475, #3962, .T. ) ;
#6082 = CARTESIAN_POINT ( 'NONE',  ( -0.9689981219757248798, 11.64514670070805202, -257.9539851646954389 ) ) ;
#6083 = FACE_OUTER_BOUND ( 'NONE', #3541, .T. ) ;
#6084 = VECTOR ( 'NONE', #5533, 1000.000000000000000 ) ;
#6085 = CARTESIAN_POINT ( 'NONE',  ( 91.11523224709256397, 11.38121085389548170, -480.0000000000000000 ) ) ;
#6086 = DIRECTION ( 'NONE',  ( -0.000000000000000000, 1.000000000000000000, -0.000000000000000000 ) ) ;
#6087 = ORIENTED_EDGE ( 'NONE', *, *, #4321, .T. ) ;
#6088 = ORIENTED_EDGE ( 'NONE', *, *, #5295, .T. ) ;
#6089 = CARTESIAN_POINT ( 'NONE',  ( 2.000000000000002220, 14.26393202250021375, -575.0000000000000000 ) ) ;
#6090 = CARTESIAN_POINT ( 'NONE',  ( 178.5299736283998300, -0.2998708549354884290, -480.0000000000002842 ) ) ;
#6091 = VERTEX_POINT ( 'NONE', #2076 ) ;
#6092 = DIRECTION ( 'NONE',  ( -0.000000000000000000, -0.000000000000000000, 1.000000000000000000 ) ) ;
#6093 = FACE_OUTER_BOUND ( 'NONE', #2723, .T. ) ;
#6094 = DIRECTION ( 'NONE',  ( -1.000000000000000000, 0.000000000000000000, 6.344131569286603618E-15 ) ) ;
#6095 = VERTEX_POINT ( 'NONE', #3474 ) ;
#6096 = CARTESIAN_POINT ( 'NONE',  ( 185.0000000000000000, -25.00000000000000000, -575.0000000000000000 ) ) ;
#6097 = CARTESIAN_POINT ( 'NONE',  ( 214.9213655061053032, -1.298490393709238244, -574.9999999999998863 ) ) ;
#6098 = ADVANCED_FACE ( 'NONE', ( #6048 ), #2495, .F. ) ;
#6099 = ADVANCED_FACE ( 'NONE', ( #1590 ), #1491, .F. ) ;
#6100 = DIRECTION ( 'NONE',  ( -0.000000000000000000, -0.000000000000000000, 1.000000000000000000 ) ) ;
#6101 = CARTESIAN_POINT ( 'NONE',  ( -15.76661820523082191, 1.136215651200787713, -480.0000000000004547 ) ) ;
#6102 = CARTESIAN_POINT ( 'NONE',  ( 2.430944745955412767, -17.93055998996483424, -264.9999999999998863 ) ) ;
#6103 = ORIENTED_EDGE ( 'NONE', *, *, #6250, .F. ) ;
#6104 = CARTESIAN_POINT ( 'NONE',  ( 18.76551366024522594, 12.48916636814102610, -480.0000000000000000 ) ) ;
#6105 = CARTESIAN_POINT ( 'NONE',  ( -4.700634924699339301, 12.50000000000122213, -329.7897515406245930 ) ) ;
#6106 = DIRECTION ( 'NONE',  ( 0.000000000000000000, 0.000000000000000000, -1.000000000000000000 ) ) ;
#6107 = CARTESIAN_POINT ( 'NONE',  ( -1.061285533321378649, 12.49999999999996625, -327.3151723723426016 ) ) ;
#6108 = DIRECTION ( 'NONE',  ( -0.000000000000000000, 1.000000000000000000, -0.000000000000000000 ) ) ;
#6109 = CARTESIAN_POINT ( 'NONE',  ( -15.24653342253049360, 3.225479574224829893, -264.9999999999549232 ) ) ;
#6110 = CARTESIAN_POINT ( 'NONE',  ( -5.080518350412079442, 8.329789379754522827, -324.9999999999848228 ) ) ;
#6111 = CARTESIAN_POINT ( 'NONE',  ( 173.3202100324116088, -0.09117718108688578627, -480.0000000000000000 ) ) ;
#6112 = EDGE_CURVE ( 'NONE', #1018, #2763, #4593, .T. ) ;
#6113 = CARTESIAN_POINT ( 'NONE',  ( -20.64932352303919671, -12.50000000000003553, -320.6576159175473890 ) ) ;
#6114 = CARTESIAN_POINT ( 'NONE',  ( -11.53717864333936305, 10.73742156797160163, -260.7078610381591375 ) ) ;
#6115 = CARTESIAN_POINT ( 'NONE',  ( 160.1590045930899748, 3.106854051961937202, -480.0000000000000000 ) ) ;
#6116 = CARTESIAN_POINT ( 'NONE',  ( 34.56927172779212754, 13.35021431198616781, -484.8000000000000114 ) ) ;
#6117 = CARTESIAN_POINT ( 'NONE',  ( 168.0000000000000000, -14.17819011039158106, -549.9999999999998863 ) ) ;
#6118 = ORIENTED_EDGE ( 'NONE', *, *, #3807, .T. ) ;
#6119 = VERTEX_POINT ( 'NONE', #4161 ) ;
#6120 = FACE_OUTER_BOUND ( 'NONE', #5300, .T. ) ;
#6121 = EDGE_CURVE ( 'NONE', #281, #2573, #5682, .T. ) ;
#6122 = CARTESIAN_POINT ( 'NONE',  ( 177.8006031155878190, -0.2559998712943077348, -480.0000000000001705 ) ) ;
#6123 = EDGE_LOOP ( 'NONE', ( #3896, #1521 ) ) ;
#6124 = LINE ( 'NONE', #134, #43 ) ;
#6125 = CARTESIAN_POINT ( 'NONE',  ( -13.22599732333596201, -0.1777688671068444470, -339.9957469252594251 ) ) ;
#6126 = DIRECTION ( 'NONE',  ( -1.000000000000000000, -0.000000000000000000, -0.000000000000000000 ) ) ;
#6127 = VERTEX_POINT ( 'NONE', #3634 ) ;
#6128 = CARTESIAN_POINT ( 'NONE',  ( 153.3308409246532733, -0.01436892100509392159, -479.0499999999999545 ) ) ;
#6129 = CARTESIAN_POINT ( 'NONE',  ( 176.6897236539186054, 0.1993437351721647210, -479.9999999999993747 ) ) ;
#6130 = CARTESIAN_POINT ( 'NONE',  ( -2.934407381716948038, -12.50000000000003553, -267.4016465359939048 ) ) ;
#6131 = CARTESIAN_POINT ( 'NONE',  ( -44.37572835912177993, 3.549296109860860415, -575.0000000000003411 ) ) ;
#6132 = CARTESIAN_POINT ( 'NONE',  ( -6.469832247058932673, -1.819885071625408024, -249.9915345408147687 ) ) ;
#6133 = CARTESIAN_POINT ( 'NONE',  ( 52.34656115132513321, 13.41150941850992950, -484.8000000000000114 ) ) ;
#6134 = FACE_OUTER_BOUND ( 'NONE', #654, .T. ) ;
#6135 = CARTESIAN_POINT ( 'NONE',  ( -9.736582636763623455, -16.43182590724747882, -324.9999999999998863 ) ) ;
#6136 = ADVANCED_FACE ( 'NONE', ( #5686 ), #5655, .F. ) ;
#6137 = CARTESIAN_POINT ( 'NONE',  ( 178.2618873569448965, -0.2660617368331399391, -179.9999999999999716 ) ) ;
#6138 = LINE ( 'NONE', #218, #6382 ) ;
#6139 = CARTESIAN_POINT ( 'NONE',  ( -15.67067778121426080, 2.681928858541398508, -264.9999999999847660 ) ) ;
#6140 = CARTESIAN_POINT ( 'NONE',  ( -16.90564548496653430, 20.01318275962790239, -324.9999999999998863 ) ) ;
#6141 = PLANE ( 'NONE',  #5542 ) ;
#6142 = CARTESIAN_POINT ( 'NONE',  ( 173.3471052529941687, -0.1064731620283199537, 0.000000000000000000 ) ) ;
#6143 = DIRECTION ( 'NONE',  ( -1.000000000000000000, 0.000000000000000000, 0.000000000000000000 ) ) ;
#6144 = EDGE_CURVE ( 'NONE', #2968, #3760, #4194, .T. ) ;
#6145 = LINE ( 'NONE', #1622, #1500 ) ;
#6146 = DIRECTION ( 'NONE',  ( -0.000000000000000000, -0.000000000000000000, -1.000000000000000000 ) ) ;
#6147 = CARTESIAN_POINT ( 'NONE',  ( 91.11165290382166404, 11.38367315888191555, -484.8000000000000114 ) ) ;
#6148 = CARTESIAN_POINT ( 'NONE',  ( 51.00000000000021316, -4.148339244109664037, -304.0000000000005684 ) ) ;
#6149 = ORIENTED_EDGE ( 'NONE', *, *, #1208, .T. ) ;
#6150 = VERTEX_POINT ( 'NONE', #1654 ) ;
#6151 = CARTESIAN_POINT ( 'NONE',  ( 1.674483940045865094, -14.31306942969953511, -527.5000000000000000 ) ) ;
#6152 = CARTESIAN_POINT ( 'NONE',  ( 196.1157140918105029, -17.74285137617799535, -575.0000000000000000 ) ) ;
#6153 = ORIENTED_EDGE ( 'NONE', *, *, #4359, .F. ) ;
#6154 = LINE ( 'NONE', #1172, #358 ) ;
#6155 = ADVANCED_FACE ( 'NONE', ( #2722 ), #4675, .F. ) ;
#6156 = CARTESIAN_POINT ( 'NONE',  ( 1.364666495497359744, -10.07004484169727299, -262.8486042869885182 ) ) ;
#6157 = CARTESIAN_POINT ( 'NONE',  ( 144.1444174856160600, -0.5885394482631172153, -480.0014274509921961 ) ) ;
#6158 = ORIENTED_EDGE ( 'NONE', *, *, #1740, .F. ) ;
#6159 = CARTESIAN_POINT ( 'NONE',  ( 47.49999999999999289, -25.00000000000000711, -575.0000000000000000 ) ) ;
#6160 = CARTESIAN_POINT ( 'NONE',  ( 163.6601248580911658, 2.553501184639871635, -480.0000000000002842 ) ) ;
#6161 = CARTESIAN_POINT ( 'NONE',  ( 198.5652655127901198, -1.318388846169957107, -575.0000000000000000 ) ) ;
#6162 = CARTESIAN_POINT ( 'NONE',  ( -43.87100966745746433, 4.671619934988090250, -575.0000000000002274 ) ) ;
#6163 = CARTESIAN_POINT ( 'NONE',  ( -6.917454366611268668, -1.737616944837452104, -264.9999999999997726 ) ) ;
#6164 = CARTESIAN_POINT ( 'NONE',  ( -15.48714112382321062, 0.7741603508531255118, -484.8000000000000114 ) ) ;
#6165 = CARTESIAN_POINT ( 'NONE',  ( 176.9739297940760707, -0.2270680660421577624, -479.9995869782721911 ) ) ;
#6166 = VECTOR ( 'NONE', #860, 1000.000000000000000 ) ;
#6167 = CARTESIAN_POINT ( 'NONE',  ( -6.247117357843550600, -16.96653616516429253, -324.9999999999998863 ) ) ;
#6168 = ADVANCED_FACE ( 'NONE', ( #4704 ), #2142, .F. ) ;
#6169 = CARTESIAN_POINT ( 'NONE',  ( 170.0000000000000000, -14.17819011039160770, -549.9999999999998863 ) ) ;
#6170 = FACE_BOUND ( 'NONE', #40, .T. ) ;
#6171 = CARTESIAN_POINT ( 'NONE',  ( -13.16585323707921518, 4.918915390580941960, -264.9999999999847660 ) ) ;
#6172 = CARTESIAN_POINT ( 'NONE',  ( -10.07863145758254753, 6.596918929570089851, -325.0000000000599130 ) ) ;
#6173 = DIRECTION ( 'NONE',  ( 1.000000000000000000, -0.000000000000000000, 9.251858538542962756E-15 ) ) ;
#6174 = CARTESIAN_POINT ( 'NONE',  ( 34.42407288493651407, -4.298532229181926567, 0.000000000000000000 ) ) ;
#6175 = DIRECTION ( 'NONE',  ( -1.000000000000000000, 0.000000000000000000, 0.000000000000000000 ) ) ;
#6176 = CIRCLE ( 'NONE', #3358, 5.000000000000000000 ) ;
#6177 = CLOSED_SHELL ( 'NONE', ( #5455, #5254, #3831, #1257, #1340, #4775, #4519, #2221, #2550, #2408, #1162, #20, #4817, #2367, #590, #812, #1775, #1150, #792, #4805, #216, #4975, #4262, #950, #346, #6015, #676, #6343, #4184, #1473, #6178, #4332, #5679, #5557, #3755, #1692, #1852, #3526, #1733, #4840, #375, #4951, #370, #1656, #6073, #1566, #4370, #4699, #4989, #548, #1228, #5881, #2689, #1220, #2258, #3251, #4798, #1831, #5776, #599, #3215, #892, #6098, #3851, #392, #3860, #6307, #5185, #3490, #968, #6136, #3151, #851, #3368, #4572, #3765, #3784, #3566, #5788, #3608, #3013, #132, #4910, #2871, #700, #2769, #3785, #1399, #2537, #5874, #1266, #3189, #5995, #3957, #1359, #6099, #2939, #914, #3385, #1818, #4595, #4920, #5408, #4623, #5118, #2674, #5592, #6155, #49, #431, #1797, #6168, #2681, #2013, #2071, #6036, #2808, #1759, #4339 ) ) ;
#6178 = ADVANCED_FACE ( 'NONE', ( #262 ), #2624, .T. ) ;
#6179 = CARTESIAN_POINT ( 'NONE',  ( 168.0000000000000000, -14.17819011039158106, -549.9999999999998863 ) ) ;
#6180 = CARTESIAN_POINT ( 'NONE',  ( -27.85534655193038844, -12.50000000000003553, -269.9999999999998863 ) ) ;
#6181 = CARTESIAN_POINT ( 'NONE',  ( 137.5404599610495211, 6.359564206193001112, -484.8000000000000114 ) ) ;
#6182 = CARTESIAN_POINT ( 'NONE',  ( 13.67911437448011647, -3.558989423151066589, -322.9999999999998863 ) ) ;
#6183 = ORIENTED_EDGE ( 'NONE', *, *, #2802, .T. ) ;
#6184 = AXIS2_PLACEMENT_3D ( 'NONE', #4244, #1346, #2901 ) ;
#6185 = ORIENTED_EDGE ( 'NONE', *, *, #5487, .T. ) ;
#6186 = DIRECTION ( 'NONE',  ( 0.000000000000000000, 0.000000000000000000, 1.000000000000000000 ) ) ;
#6187 = CARTESIAN_POINT ( 'NONE',  ( 165.6428662048726324, -0.05330799984735096197, -479.9999999999997158 ) ) ;
#6188 = AXIS2_PLACEMENT_3D ( 'NONE', #1127, #119, #643 ) ;
#6189 = EDGE_LOOP ( 'NONE', ( #817, #59, #68, #2625 ) ) ;
#6190 = PLANE ( 'NONE',  #879 ) ;
#6191 = DIRECTION ( 'NONE',  ( -1.000000000000000000, 0.000000000000000000, 0.000000000000000000 ) ) ;
#6192 = CARTESIAN_POINT ( 'NONE',  ( 139.9999999999999716, 18.00000000000000355, -575.0000000000000000 ) ) ;
#6193 = ORIENTED_EDGE ( 'NONE', *, *, #4601, .F. ) ;
#6194 = CARTESIAN_POINT ( 'NONE',  ( -15.00000000000001066, -25.00000000000000000, -575.0000000000000000 ) ) ;
#6195 = CARTESIAN_POINT ( 'NONE',  ( 211.3768021471577470, -7.703883099419059910, -575.0000000000000000 ) ) ;
#6196 = CARTESIAN_POINT ( 'NONE',  ( 8.953223225802807050, -3.357818564353723279, -249.9899679283056741 ) ) ;
#6197 = B_SPLINE_CURVE_WITH_KNOTS ( 'NONE', 3,
 ( #3367, #5353, #3758, #2326, #6327, #1810, #843, #6358, #3796, #2877, #2846, #6296, #874, #3854, #2783, #4315, #5780, #5838, #1384, #4767, #1844, #414 ),
 .UNSPECIFIED., .F., .F.,
 ( 4, 2, 2, 2, 2, 2, 2, 2, 2, 2, 4 ),
 ( 0.003044089323551657077, 0.004288657613230817227, 0.005533225902909977810, 0.008022362482268209638, 0.01051149906162644060, 0.01300063564098467329, 0.01797890879970102593, 0.02046804537905914934, 0.02171261366873814685, 0.02233489781357764561, 0.02295718195841714090 ),
 .UNSPECIFIED. ) ;
#6198 = CARTESIAN_POINT ( 'NONE',  ( -23.53385536418005586, -8.184363554652843931, -264.7541261470307745 ) ) ;
#6199 = CARTESIAN_POINT ( 'NONE',  ( 55.99999999999999289, 1.000000000000000000, -571.0000000000000000 ) ) ;
#6200 = ORIENTED_EDGE ( 'NONE', *, *, #2470, .F. ) ;
#6201 = CARTESIAN_POINT ( 'NONE',  ( 178.3338430637437284, -0.1679942915986368523, -484.8000000000000114 ) ) ;
#6202 = CARTESIAN_POINT ( 'NONE',  ( -8.479105772532243179, -9.746695502474793216, -326.6429809861026001 ) ) ;
#6203 = EDGE_CURVE ( 'NONE', #5944, #6285, #2106, .T. ) ;
#6204 = CARTESIAN_POINT ( 'NONE',  ( 176.8272708794122536, -0.2333735326913851937, 0.000000000000000000 ) ) ;
#6205 = FACE_OUTER_BOUND ( 'NONE', #5424, .T. ) ;
#6206 = CARTESIAN_POINT ( 'NONE',  ( -14.75066786471169955, 3.695280041455895503, -250.0280546662540644 ) ) ;
#6207 = CARTESIAN_POINT ( 'NONE',  ( -15.00000000000001421, 25.00000000000000355, -575.0000000000000000 ) ) ;
#6208 = DIRECTION ( 'NONE',  ( -1.000000000000000000, 0.000000000000000000, 0.000000000000000000 ) ) ;
#6209 = DIRECTION ( 'NONE',  ( 1.000000000000000000, 0.000000000000000000, 0.000000000000000000 ) ) ;
#6210 = LINE ( 'NONE', #5260, #5870 ) ;
#6211 = CARTESIAN_POINT ( 'NONE',  ( 62.25911528231242187, 12.83383373011728246, 0.000000000000000000 ) ) ;
#6212 = ORIENTED_EDGE ( 'NONE', *, *, #3840, .T. ) ;
#6213 = EDGE_LOOP ( 'NONE', ( #1496, #1400, #1387, #5359 ) ) ;
#6214 = CARTESIAN_POINT ( 'NONE',  ( -28.96110242730528483, 7.617359380754670006, -324.9999999999998863 ) ) ;
#6215 = CARTESIAN_POINT ( 'NONE',  ( 168.5943799919247681, 0.09375797146853380448, -479.0499999999992156 ) ) ;
#6216 = ORIENTED_EDGE ( 'NONE', *, *, #5111, .F. ) ;
#6217 = CARTESIAN_POINT ( 'NONE',  ( 14.38546420914986790, -3.561937678076112057, -340.5300197208021018 ) ) ;
#6218 = FACE_OUTER_BOUND ( 'NONE', #5786, .T. ) ;
#6219 = DIRECTION ( 'NONE',  ( 0.000000000000000000, 0.000000000000000000, 1.000000000000000000 ) ) ;
#6220 = ORIENTED_EDGE ( 'NONE', *, *, #3321, .T. ) ;
#6221 = LINE ( 'NONE', #1245, #1708 ) ;
#6222 = CARTESIAN_POINT ( 'NONE',  ( 211.4988987409281833, -7.601216099729417586, -574.9999999999998863 ) ) ;
#6223 = CARTESIAN_POINT ( 'NONE',  ( -15.70788846256403204, 2.578708747738190699, -250.0298302311019825 ) ) ;
#6224 = CARTESIAN_POINT ( 'NONE',  ( -25.75091773399872608, -7.815945899155456011, -264.9423093884312266 ) ) ;
#6225 = DIRECTION ( 'NONE',  ( 1.000000000000000000, 0.000000000000000000, 0.000000000000000000 ) ) ;
#6226 = CARTESIAN_POINT ( 'NONE',  ( 119.9533545523466245, 8.533114263626286444, -484.8000000000000114 ) ) ;
#6227 = CARTESIAN_POINT ( 'NONE',  ( -1.098414440205670584, -9.999286185080595857, -327.0289488583186994 ) ) ;
#6228 = CARTESIAN_POINT ( 'NONE',  ( -12.81333723345890974, -0.4500714423084946070, 0.000000000000000000 ) ) ;
#6229 = CARTESIAN_POINT ( 'NONE',  ( -16.13205952454885050, 2.762486294347448190, -479.9998832642120306 ) ) ;
#6230 = CARTESIAN_POINT ( 'NONE',  ( -15.87820121807481399, 1.618092729036889166, -250.0207428835377641 ) ) ;
#6231 = EDGE_CURVE ( 'NONE', #4727, #5001, #4521, .T. ) ;
#6232 = CARTESIAN_POINT ( 'NONE',  ( 0.2144190337945946767, 12.34002680617657077, -259.1424146509580169 ) ) ;
#6233 = DIRECTION ( 'NONE',  ( -1.000000000000000000, 0.000000000000000000, 0.000000000000000000 ) ) ;
#6234 = CARTESIAN_POINT ( 'NONE',  ( 39.67911437448025680, -2.000000000000000000, -571.0000000000000000 ) ) ;
#6235 = CARTESIAN_POINT ( 'NONE',  ( 145.4681622628821742, 5.276738115263954754, -480.0000958820535288 ) ) ;
#6236 = PLANE ( 'NONE',  #5323 ) ;
#6237 = CARTESIAN_POINT ( 'NONE',  ( -15.60504887453304868, 1.100845984183457027, -325.0000000000301270 ) ) ;
#6238 = ORIENTED_EDGE ( 'NONE', *, *, #6081, .F. ) ;
#6239 = ORIENTED_EDGE ( 'NONE', *, *, #2272, .F. ) ;
#6240 = CARTESIAN_POINT ( 'NONE',  ( -13.58986318874796950, 5.089144405945075000, -479.9994616412756159 ) ) ;
#6241 = CARTESIAN_POINT ( 'NONE',  ( 201.1380550036687112, -14.46390104192011350, -574.9999999999997726 ) ) ;
#6242 = ORIENTED_EDGE ( 'NONE', *, *, #992, .F. ) ;
#6243 = CARTESIAN_POINT ( 'NONE',  ( 0.1111535564170190865, 9.673548899622410602, -340.0184373705569101 ) ) ;
#6244 = DIRECTION ( 'NONE',  ( 0.000000000000000000, 0.000000000000000000, 1.000000000000000000 ) ) ;
#6245 = DIRECTION ( 'NONE',  ( -1.000000000000000000, 0.000000000000000000, 0.000000000000000000 ) ) ;
#6246 = ORIENTED_EDGE ( 'NONE', *, *, #32, .F. ) ;
#6247 = CARTESIAN_POINT ( 'NONE',  ( -49.99999999999999289, 5.551115123125782702E-14, -286.5999999999997954 ) ) ;
#6248 = CARTESIAN_POINT ( 'NONE',  ( 178.8431695671675641, -0.2175110008855665744, -479.0500000000002387 ) ) ;
#6249 = CARTESIAN_POINT ( 'NONE',  ( 3.555760551246959889, -2.985250355812687051, -249.9901175727990790 ) ) ;
#6250 = EDGE_CURVE ( 'NONE', #1788, #204, #5167, .T. ) ;
#6251 = CARTESIAN_POINT ( 'NONE',  ( -2.460373368712806208, -12.47839677442699369, -266.8954216843624181 ) ) ;
#6252 = VERTEX_POINT ( 'NONE', #6117 ) ;
#6253 = CARTESIAN_POINT ( 'NONE',  ( 145.5407419963270002, 5.269479873009603743, -480.0000000000000000 ) ) ;
#6254 = DIRECTION ( 'NONE',  ( -0.000000000000000000, 0.000000000000000000, -1.000000000000000000 ) ) ;
#6255 = LINE ( 'NONE', #1800, #159 ) ;
#6256 = DIRECTION ( 'NONE',  ( 0.000000000000000000, 0.000000000000000000, 1.000000000000000000 ) ) ;
#6257 = CARTESIAN_POINT ( 'NONE',  ( -15.78351919038612650, 2.426319800344758360, -250.0297720573925631 ) ) ;
#6258 = CARTESIAN_POINT ( 'NONE',  ( 1.594672471965281613, 9.946491611107289188, -324.9999999999699867 ) ) ;
#6259 = DIRECTION ( 'NONE',  ( -1.000000000000000000, -0.000000000000000000, -0.000000000000000000 ) ) ;
#6260 = CIRCLE ( 'NONE', #3769, 20.00000000000001776 ) ;
#6261 = DIRECTION ( 'NONE',  ( -1.000000000000000000, 0.000000000000000000, 0.000000000000000000 ) ) ;
#6262 = DIRECTION ( 'NONE',  ( -1.000000000000000000, 0.000000000000000000, 0.000000000000000000 ) ) ;
#6263 = CARTESIAN_POINT ( 'NONE',  ( 1.100209787404066830, 12.00614767493354407, -257.8921131932787603 ) ) ;
#6264 = CARTESIAN_POINT ( 'NONE',  ( -15.54617704935732014, 1.035258110828754852, -340.0072181301377441 ) ) ;
#6265 = VERTEX_POINT ( 'NONE', #2204 ) ;
#6266 = VERTEX_POINT ( 'NONE', #3150 ) ;
#6267 = CARTESIAN_POINT ( 'NONE',  ( -11.90356570390925128, 6.020165983242760532, -479.9979696341283670 ) ) ;
#6268 = VECTOR ( 'NONE', #4880, 1000.000000000000000 ) ;
#6269 = CARTESIAN_POINT ( 'NONE',  ( 188.2972145952766994, -22.84733790695575451, -575.0000000000000000 ) ) ;
#6270 = VECTOR ( 'NONE', #4101, 1000.000000000000000 ) ;
#6271 = EDGE_CURVE ( 'NONE', #5197, #417, #5131, .T. ) ;
#6272 = ORIENTED_EDGE ( 'NONE', *, *, #1282, .F. ) ;
#6273 = CARTESIAN_POINT ( 'NONE',  ( -12.22842138768220188, 5.603594370628275811, -340.0244011222173981 ) ) ;
#6274 = VECTOR ( 'NONE', #1651, 1000.000000000000000 ) ;
#6275 = B_SPLINE_CURVE_WITH_KNOTS ( 'NONE', 3,
 ( #3521, #2931, #3913, #5902, #1051, #6381, #5474, #3390, #1469, #1410, #1440, #1024, #1959, #2446, #3975, #4428 ),
 .UNSPECIFIED., .F., .F.,
 ( 4, 2, 2, 2, 2, 2, 2, 4 ),
 ( 1.754130557487788560E-17, 0.003686138411312099225, 0.007372276822624181103, 0.009215346028280226379, 0.01105841523393627165, 0.01474455364524834659, 0.02211683046787249821, 0.02948910729049664461 ),
 .UNSPECIFIED. ) ;
#6276 = CIRCLE ( 'NONE', #1501, 5.000000000000004441 ) ;
#6277 = CARTESIAN_POINT ( 'NONE',  ( -20.82648337019891471, 12.49999999999996625, -268.3545260054790447 ) ) ;
#6278 = CARTESIAN_POINT ( 'NONE',  ( -60.00000000000000000, -7.000000000000047073, -294.9999999999998863 ) ) ;
#6279 = ORIENTED_EDGE ( 'NONE', *, *, #4263, .T. ) ;
#6280 = CARTESIAN_POINT ( 'NONE',  ( 43.94115183976822436, -3.853625590539396573, -479.0500000000002956 ) ) ;
#6281 = CARTESIAN_POINT ( 'NONE',  ( 211.7765071459011779, -7.355654372640709759, -574.9999999999998863 ) ) ;
#6282 = CARTESIAN_POINT ( 'NONE',  ( 12.88529638482158113, -3.508959637835112666, -324.9999999995778808 ) ) ;
#6283 = AXIS2_PLACEMENT_3D ( 'NONE', #3952, #4991, #3921 ) ;
#6284 = DIRECTION ( 'NONE',  ( -3.793262000802615235E-14, 0.000000000000000000, -1.000000000000000000 ) ) ;
#6285 = VERTEX_POINT ( 'NONE', #2663 ) ;
#6286 = CARTESIAN_POINT ( 'NONE',  ( 71.88460016740160086, 12.42206749193156945, 0.000000000000000000 ) ) ;
#6287 = DIRECTION ( 'NONE',  ( 0.000000000000000000, 0.000000000000000000, 1.000000000000000000 ) ) ;
#6288 = AXIS2_PLACEMENT_3D ( 'NONE', #6305, #4902, #2919 ) ;
#6289 = CARTESIAN_POINT ( 'NONE',  ( 149.7037171311815484, -0.4426629905476007210, 0.000000000000000000 ) ) ;
#6290 = CARTESIAN_POINT ( 'NONE',  ( -16.02426494620483766, 2.921033997270999105, -480.0004212270401922 ) ) ;
#6291 = CARTESIAN_POINT ( 'NONE',  ( -26.90391406944521435, -8.746133171867731093, -264.9999999999998863 ) ) ;
#6292 = CARTESIAN_POINT ( 'NONE',  ( -0.2694825613886432381, 12.43620875036512707, -259.8257713057337810 ) ) ;
#6293 = CARTESIAN_POINT ( 'NONE',  ( 45.00000000000001421, -7.000000000000000000, -321.9999999999999432 ) ) ;
#6294 = DIRECTION ( 'NONE',  ( 1.000000000000000000, 0.000000000000000000, 0.000000000000000000 ) ) ;
#6295 = CARTESIAN_POINT ( 'NONE',  ( -60.00000000000000000, 6.999999999999926281, -296.3999999999999204 ) ) ;
#6296 = CARTESIAN_POINT ( 'NONE',  ( 8.583100832936713331, -4.406235215814666262, -334.1262351298423141 ) ) ;
#6297 = CARTESIAN_POINT ( 'NONE',  ( -16.00430125810525084, 1.674605081545096796, -325.0000000000150067 ) ) ;
#6298 = EDGE_CURVE ( 'NONE', #6091, #2563, #4644, .T. ) ;
#6299 = ORIENTED_EDGE ( 'NONE', *, *, #4670, .T. ) ;
#6300 = ORIENTED_EDGE ( 'NONE', *, *, #5314, .T. ) ;
#6301 = CARTESIAN_POINT ( 'NONE',  ( -20.28108032087853729, 12.49999999999996625, -321.9129994456531563 ) ) ;
#6302 = DIRECTION ( 'NONE',  ( -1.000000000000000000, 0.000000000000000000, 3.793262000802615235E-14 ) ) ;
#6303 = ORIENTED_EDGE ( 'NONE', *, *, #4830, .F. ) ;
#6304 = CARTESIAN_POINT ( 'NONE',  ( -17.56112981404729467, 9.847524345986336414, -327.7055705493677351 ) ) ;
#6305 = CARTESIAN_POINT ( 'NONE',  ( 90.00000000000001421, 3.570561577078521953, -495.0000000000000000 ) ) ;
#6306 = FACE_BOUND ( 'NONE', #5069, .T. ) ;
#6307 = ADVANCED_FACE ( 'NONE', ( #3009 ), #2517, .F. ) ;
#6308 = ORIENTED_EDGE ( 'NONE', *, *, #1727, .F. ) ;
#6309 = CARTESIAN_POINT ( 'NONE',  ( -10.64015979315967719, -12.50000000000003553, -321.9524924887480779 ) ) ;
#6310 = CARTESIAN_POINT ( 'NONE',  ( 177.5531308663173604, 0.009383641433569631443, -479.0500000000005798 ) ) ;
#6311 = B_SPLINE_CURVE_WITH_KNOTS ( 'NONE', 3,
 ( #2453, #4534, #936, #3920 ),
 .UNSPECIFIED., .F., .F.,
 ( 4, 4 ),
 ( 0.000000000000000000, 0.006000009704208832464 ),
 .UNSPECIFIED. ) ;
#6312 = CARTESIAN_POINT ( 'NONE',  ( -1.373095509596373498, -2.459482912660327703, -324.9999999999998863 ) ) ;
#6313 = VERTEX_POINT ( 'NONE', #3984 ) ;
#6314 = CARTESIAN_POINT ( 'NONE',  ( 142.0000000000000000, 15.99999999999998579, -549.9999999999998863 ) ) ;
#6315 = CARTESIAN_POINT ( 'NONE',  ( 168.0000000000000000, 14.26393202250018533, -549.9999999999998863 ) ) ;
#6316 = VERTEX_POINT ( 'NONE', #6038 ) ;
#6317 = CARTESIAN_POINT ( 'NONE',  ( 100.9167671982150694, 10.52472949211140829, -484.8000000000000114 ) ) ;
#6318 = FACE_OUTER_BOUND ( 'NONE', #1943, .T. ) ;
#6319 =( BOUNDED_SURFACE ( )  B_SPLINE_SURFACE ( 3, 2, ( 
 ( #3259, #5242, #796 ),
 ( #1789, #5759, #4293 ),
 ( #1308, #2795, #4779 ),
 ( #330, #5366, #3345 ),
 ( #5923, #5466, #4943 ),
 ( #3382, #5396, #3837 ),
 ( #5820, #460, #1365 ),
 ( #3906, #2890, #888 ),
 ( #2960, #1401, #2369 ),
 ( #3478, #1497, #922 ),
 ( #5330, #427, #2467 ),
 ( #2340, #2397, #4355 ),
 ( #1950, #2859, #4876 ),
 ( #4449, #1981, #1433 ),
 ( #982, #5894, #3966 ),
 ( #5854, #3868, #4846 ),
 ( #4327, #4386, #6309 ),
 ( #6370, #952, #3412 ),
 ( #1920, #6434, #495 ),
 ( #2923, #1461, #5955 ),
 ( #394, #3442, #4906 ),
 ( #2437, #4421, #5425 ),
 ( #6340, #6405, #3936 ),
 ( #2992, #1015, #1856 ) ),
 .UNSPECIFIED., .F., .F., .F. ) 
 B_SPLINE_SURFACE_WITH_KNOTS ( ( 4, 2, 2, 2, 2, 2, 2, 2, 2, 2, 2, 4 ),
 ( 3, 3 ),
 ( 0.000000000000000000, 0.003731767234193124078, 0.007463534468386248157, 0.009329418085482810846, 0.01119530170257937267, 0.01212824351112765445, 0.01306118531967593449, 0.01492706893677249631, 0.01865883617096562169, 0.02052471978806218178, 0.02239060340515874534, 0.02985413787354499263 ),
 ( 0.000000000000000000, 1.000000000000000000 ),
 .UNSPECIFIED. ) 
 GEOMETRIC_REPRESENTATION_ITEM ( )  RATIONAL_B_SPLINE_SURFACE ( (
 ( 1.000000000000000000, 0.7071067811865477948, 1.000000000000000000),
 ( 1.000000000000000000, 0.7175956113366016575, 1.000000000000000000),
 ( 1.000000000000000000, 0.7293495347518343941, 1.000000000000000000),
 ( 1.000000000000000000, 0.7542279089062882136, 1.000000000000000000),
 ( 1.000000000000000000, 0.7672046590291139445, 1.000000000000000000),
 ( 1.000000000000000000, 0.7857996572676816394, 1.000000000000000000),
 ( 1.000000000000000000, 0.7918312611252796840, 1.000000000000000000),
 ( 1.000000000000000000, 0.8029572438009705548, 1.000000000000000000),
 ( 1.000000000000000000, 0.8080706542500081246, 1.000000000000000000),
 ( 1.000000000000000000, 0.8144053378510103247, 1.000000000000000000),
 ( 1.000000000000000000, 0.8162555400757675050, 1.000000000000000000),
 ( 1.000000000000000000, 0.8199419035607312667, 1.000000000000000000),
 ( 1.000000000000000000, 0.8217159987331938975, 1.000000000000000000),
 ( 1.000000000000000000, 0.8268323230533799473, 1.000000000000000000),
 ( 1.000000000000000000, 0.8299679784248163994, 1.000000000000000000),
 ( 1.000000000000000000, 0.8385890525542620821, 1.000000000000000000),
 ( 1.000000000000000000, 0.8432344241427368603, 1.000000000000000000),
 ( 1.000000000000000000, 0.8489489674367721728, 1.000000000000000000),
 ( 1.000000000000000000, 0.8506440059288304933, 1.000000000000000000),
 ( 1.000000000000000000, 0.8538206144939051168, 1.000000000000000000),
 ( 1.000000000000000000, 0.8552972827591404092, 1.000000000000000000),
 ( 1.000000000000000000, 0.8621920528651273452, 1.000000000000000000),
 ( 1.000000000000000000, 0.8661709657720157995, 1.000000000000000000),
 ( 1.000000000000000000, 0.8694575803951704041, 1.000000000000000000) ) ) 
 REPRESENTATION_ITEM ( '' )  SURFACE ( )  );
#6320 = CARTESIAN_POINT ( 'NONE',  ( 53.18170167061617093, -4.319182288010790849, 0.000000000000000000 ) ) ;
#6321 = CARTESIAN_POINT ( 'NONE',  ( -14.00217213899599145, 0.1562035195806268373, -480.0007972550085924 ) ) ;
#6322 = CARTESIAN_POINT ( 'NONE',  ( -30.14604504553956943, -3.120900305680281317, -264.9999999999997726 ) ) ;
#6323 = CYLINDRICAL_SURFACE ( 'NONE', #770, 1.400000000000012346 ) ;
#6324 = LINE ( 'NONE', #2907, #2642 ) ;
#6325 = DIRECTION ( 'NONE',  ( 0.000000000000000000, 0.000000000000000000, 1.000000000000000000 ) ) ;
#6326 = DIRECTION ( 'NONE',  ( -1.734723475976807094E-15, -1.000000000000000000, 0.000000000000000000 ) ) ;
#6327 = CARTESIAN_POINT ( 'NONE',  ( 2.475445734007340359, -8.625336610698514761, -328.1597995763797826 ) ) ;
#6328 = CARTESIAN_POINT ( 'NONE',  ( -15.93457686757212244, 1.511328507133161692, -324.9999999999698730 ) ) ;
#6329 = ORIENTED_EDGE ( 'NONE', *, *, #4048, .F. ) ;
#6330 = ORIENTED_EDGE ( 'NONE', *, *, #315, .T. ) ;
#6331 = CARTESIAN_POINT ( 'NONE',  ( -12.76853795353834720, 12.50000000000028244, -327.5042658519672614 ) ) ;
#6332 = CARTESIAN_POINT ( 'NONE',  ( 179.6758406867319593, -0.3879641411185304478, -433.9999999999998863 ) ) ;
#6333 = EDGE_CURVE ( 'NONE', #6095, #588, #5976, .T. ) ;
#6334 = VERTEX_POINT ( 'NONE', #4564 ) ;
#6335 = CARTESIAN_POINT ( 'NONE',  ( -6.198933622248018693, 8.026006724875829335, -340.0206345146360150 ) ) ;
#6336 = CARTESIAN_POINT ( 'NONE',  ( -37.38475522177930088, 10.38559968252393872, -575.0000000000001137 ) ) ;
#6337 = CARTESIAN_POINT ( 'NONE',  ( -21.39769982859368369, 12.49999999999996625, -264.5791132062248039 ) ) ;
#6338 = DIRECTION ( 'NONE',  ( -0.9712553830651377007, -0.2380398724310545389, 0.000000000000000000 ) ) ;
#6339 = ORIENTED_EDGE ( 'NONE', *, *, #3886, .F. ) ;
#6340 = CARTESIAN_POINT ( 'NONE',  ( -0.9701585980610006876, -10.00282641780605708, -327.0347295100534097 ) ) ;
#6341 = CARTESIAN_POINT ( 'NONE',  ( 179.4154069432189260, -0.3734872447402924345, -480.0000000000005116 ) ) ;
#6342 = CARTESIAN_POINT ( 'NONE',  ( -13.83991020661711779, 0.06120927763232082014, -325.0000000000036948 ) ) ;
#6343 = ADVANCED_FACE ( 'NONE', ( #4988 ), #3556, .F. ) ;
#6344 = FACE_OUTER_BOUND ( 'NONE', #6029, .T. ) ;
#6345 = CARTESIAN_POINT ( 'NONE',  ( 139.9999999999999716, -16.00000000000000000, -549.9999999999998863 ) ) ;
#6346 = ORIENTED_EDGE ( 'NONE', *, *, #4150, .F. ) ;
#6347 = CARTESIAN_POINT ( 'NONE',  ( 74.00000000000001421, -3.864743240294600479, -319.0000000000000568 ) ) ;
#6348 = LINE ( 'NONE', #5404, #5133 ) ;
#6349 = EDGE_CURVE ( 'NONE', #2563, #298, #4050, .T. ) ;
#6350 = CARTESIAN_POINT ( 'NONE',  ( -12.58592037511655981, -0.1923335427705270273, -479.0500000000009777 ) ) ;
#6351 = CARTESIAN_POINT ( 'NONE',  ( 16.81237220881832783, -3.571685458793648849, -479.9999999999988631 ) ) ;
#6352 = CARTESIAN_POINT ( 'NONE',  ( -29.24480903093566297, 9.062001794633387064, -264.9999999999999432 ) ) ;
#6353 = CARTESIAN_POINT ( 'NONE',  ( 113.3998346817352711, -2.223553461073649373, -480.0000000000000000 ) ) ;
#6354 = PLANE ( 'NONE',  #1807 ) ;
#6355 = PLANE ( 'NONE',  #3158 ) ;
#6356 = DIRECTION ( 'NONE',  ( 0.000000000000000000, 0.000000000000000000, -1.000000000000000000 ) ) ;
#6357 = CARTESIAN_POINT ( 'NONE',  ( 137.6758406867323004, 6.300209458540671825, -339.5540758293241197 ) ) ;
#6358 = CARTESIAN_POINT ( 'NONE',  ( 4.720133279072636689, -6.538651111895842583, -330.3132976791878832 ) ) ;
#6359 = CARTESIAN_POINT ( 'NONE',  ( -15.41335013200586168, 0.9322949139309213429, -324.9999999999923261 ) ) ;
#6360 = EDGE_LOOP ( 'NONE', ( #2664, #3310, #5563, #4411 ) ) ;
#6361 = CARTESIAN_POINT ( 'NONE',  ( 170.0000000000000000, -14.17819011039160770, -549.9999999999998863 ) ) ;
#6362 = EDGE_CURVE ( 'NONE', #3732, #5721, #1125, .T. ) ;
#6363 = CARTESIAN_POINT ( 'NONE',  ( -14.93059980182894009, 3.761484324141929125, -340.0280989103508773 ) ) ;
#6364 = CARTESIAN_POINT ( 'NONE',  ( -1.080833453239035569, 12.49999999999996625, -264.9999999999998863 ) ) ;
#6365 = CARTESIAN_POINT ( 'NONE',  ( -25.94230674162994532, 8.037348551721837708, -264.6173573381741448 ) ) ;
#6366 = ORIENTED_EDGE ( 'NONE', *, *, #5516, .T. ) ;
#6367 = CIRCLE ( 'NONE', #4918, 1.400000000000012346 ) ;
#6368 = DIRECTION ( 'NONE',  ( -0.4678877204190329819, -0.8837879163470616639, 0.000000000000000000 ) ) ;
#6369 = VECTOR ( 'NONE', #4743, 1000.000000000000000 ) ;
#6370 = CARTESIAN_POINT ( 'NONE',  ( -9.173498682120982295, -9.707107208599126125, -326.5913591634800923 ) ) ;
#6371 = CARTESIAN_POINT ( 'NONE',  ( 179.3681912684272390, -0.3102125771116220898, -479.0500000000000114 ) ) ;
#6372 = CARTESIAN_POINT ( 'NONE',  ( -11.69295028004076009, -0.6682388487093094964, -339.9945289535710344 ) ) ;
#6373 = VECTOR ( 'NONE', #4191, 1000.000000000000000 ) ;
#6374 = VECTOR ( 'NONE', #6259, 1000.000000000000000 ) ;
#6375 = DIRECTION ( 'NONE',  ( 0.000000000000000000, 0.000000000000000000, -1.000000000000000000 ) ) ;
#6376 = B_SPLINE_CURVE_WITH_KNOTS ( 'NONE', 3,
 ( #4657, #4143, #5146, #208 ),
 .UNSPECIFIED., .F., .F.,
 ( 4, 4 ),
 ( 0.000000000000000000, 0.007500001283439705797 ),
 .UNSPECIFIED. ) ;
#6377 = CARTESIAN_POINT ( 'NONE',  ( -30.33562510236698628, -2.834475589598282941, -324.9999999999998863 ) ) ;
#6378 = ORIENTED_EDGE ( 'NONE', *, *, #834, .T. ) ;
#6379 = CARTESIAN_POINT ( 'NONE',  ( 113.4037014403784411, 9.258340361645185368, -479.9974001138716062 ) ) ;
#6380 = CIRCLE ( 'NONE', #1197, 2.000000000000005329 ) ;
#6381 = CARTESIAN_POINT ( 'NONE',  ( -19.99566834697149176, -8.761931265245335609, -264.3501152876164042 ) ) ;
#6382 = VECTOR ( 'NONE', #1192, 1000.000000000000000 ) ;
#6383 = CARTESIAN_POINT ( 'NONE',  ( -31.06111009717239213, -14.51413628705845404, -575.0000000000003411 ) ) ;
#6384 = CARTESIAN_POINT ( 'NONE',  ( -7.289545008466124187, -1.554557014369905898, -479.9933239402197387 ) ) ;
#6385 = CARTESIAN_POINT ( 'NONE',  ( -14.92253231386223078, 0.5941637958256520413, -264.9999999999395186 ) ) ;
#6386 = CARTESIAN_POINT ( 'NONE',  ( 62.57871633324648997, -3.971997849574086192, -484.8000000000000114 ) ) ;
#6387 = EDGE_CURVE ( 'NONE', #2763, #3578, #3949, .T. ) ;
#6388 = PRESENTATION_STYLE_ASSIGNMENT (( #5937 ) ) ;
#6389 = CARTESIAN_POINT ( 'NONE',  ( 68.50000000000000000, -7.000000000000000000, -338.9999999999999432 ) ) ;
#6390 = CARTESIAN_POINT ( 'NONE',  ( -1.062015348958421423, 12.49999999999996625, -324.9999999999998295 ) ) ;
#6391 = CARTESIAN_POINT ( 'NONE',  ( 137.6758406867323004, 6.272117194227062598, -204.6247225502892775 ) ) ;
#6392 = CARTESIAN_POINT ( 'NONE',  ( -18.00031154128902600, 19.32766699239659403, -264.9999999999999432 ) ) ;
#6393 = CARTESIAN_POINT ( 'NONE',  ( -26.63817182276099516, 13.21228823515810724, -324.9999999999998295 ) ) ;
#6394 = ORIENTED_EDGE ( 'NONE', *, *, #2023, .F. ) ;
#6395 = VERTEX_POINT ( 'NONE', #4083 ) ;
#6396 = CARTESIAN_POINT ( 'NONE',  ( -1.060688063962853755, 12.49999999999996625, -329.2089869303268301 ) ) ;
#6397 = ORIENTED_EDGE ( 'NONE', *, *, #2645, .T. ) ;
#6398 = CARTESIAN_POINT ( 'NONE',  ( -28.59312708334685382, -6.415493694392403690, -264.9999999999998863 ) ) ;
#6399 = CARTESIAN_POINT ( 'NONE',  ( -15.22007057213795100, -12.50000000000003553, -268.5637642987016420 ) ) ;
#6400 = DIRECTION ( 'NONE',  ( -0.000000000000000000, 1.000000000000000000, -0.000000000000000000 ) ) ;
#6401 = CARTESIAN_POINT ( 'NONE',  ( -10.10317372802855473, 12.49999999999996625, -264.2468056280939663 ) ) ;
#6402 = VERTEX_POINT ( 'NONE', #4533 ) ;
#6403 = DIRECTION ( 'NONE',  ( -0.000000000000000000, -0.000000000000000000, -1.000000000000000000 ) ) ;
#6404 = ORIENTED_EDGE ( 'NONE', *, *, #5934, .T. ) ;
#6405 = CARTESIAN_POINT ( 'NONE',  ( -0.8953594178391314218, -12.50000000000220268, -325.5924130703475043 ) ) ;
#6406 = CARTESIAN_POINT ( 'NONE',  ( 179.1594720394674312, -0.2966073018599557631, -479.0499999999997272 ) ) ;
#6407 = CARTESIAN_POINT ( 'NONE',  ( -18.17530127810550411, -14.32623821381433160, -324.9999999999998295 ) ) ;
#6408 = CARTESIAN_POINT ( 'NONE',  ( 32.66520924453774199, -4.052964339438602792, -336.6803788939495234 ) ) ;
#6409 = CARTESIAN_POINT ( 'NONE',  ( 19.67911437448014667, -3.778781573287500972, -316.9999999999998863 ) ) ;
#6410 = ORIENTED_EDGE ( 'NONE', *, *, #5805, .T. ) ;
#6411 = CARTESIAN_POINT ( 'NONE',  ( 68.50000000000000000, -3.953423317857250208, -338.9999999999999432 ) ) ;
#6412 = CARTESIAN_POINT ( 'NONE',  ( 23.15000000000000213, 3.570561577078505078, 0.000000000000000000 ) ) ;
#6413 = CARTESIAN_POINT ( 'NONE',  ( -14.58813406852553562, 0.3958841476600691855, -479.9999999999986358 ) ) ;
#6414 = CARTESIAN_POINT ( 'NONE',  ( -14.22597462268886837, 0.2154152307578500458, -265.0000000000074465 ) ) ;
#6415 = CARTESIAN_POINT ( 'NONE',  ( 163.4977604009627328, -0.04921850705202431703, -484.8000000000000114 ) ) ;
#6416 = LINE ( 'NONE', #963, #2110 ) ;
#6417 = CARTESIAN_POINT ( 'NONE',  ( -29.62949007195206619, 0.4491869865242241744, -575.0000000000000000 ) ) ;
#6418 = EDGE_CURVE ( 'NONE', #4346, #112, #2482, .T. ) ;
#6419 = CARTESIAN_POINT ( 'NONE',  ( 1.223459670022805756, -10.26408143532248474, -326.9862036040119051 ) ) ;
#6420 = CARTESIAN_POINT ( 'NONE',  ( 205.0000000000000000, 0.000000000000000000, -575.0000000000000000 ) ) ;
#6421 = CARTESIAN_POINT ( 'NONE',  ( -6.187404203400251212, 7.888873761217995551, -250.0207250292032484 ) ) ;
#6422 = CARTESIAN_POINT ( 'NONE',  ( -27.42255381318123142, 12.25792152237766253, -324.9999999999998863 ) ) ;
#6423 = ORIENTED_EDGE ( 'NONE', *, *, #5499, .F. ) ;
#6424 = ORIENTED_EDGE ( 'NONE', *, *, #5192, .T. ) ;
#6425 = DIRECTION ( 'NONE',  ( 0.000000000000000000, 0.000000000000000000, -1.000000000000000000 ) ) ;
#6426 = CARTESIAN_POINT ( 'NONE',  ( -49.99999999999999289, -7.000000000000047073, -294.9999999999998863 ) ) ;
#6427 = EDGE_CURVE ( 'NONE', #3800, #6431, #3039, .T. ) ;
#6428 = CARTESIAN_POINT ( 'NONE',  ( 74.00000000000001421, -7.000000000000000000, -319.0000000000000568 ) ) ;
#6429 = CARTESIAN_POINT ( 'NONE',  ( -8.070681554721442552, 6.930005832337500671, 0.000000000000000000 ) ) ;
#6430 = CARTESIAN_POINT ( 'NONE',  ( -11.62497103552816924, 12.49999999999996625, -262.2809189191675614 ) ) ;
#6431 = VERTEX_POINT ( 'NONE', #1996 ) ;
#6432 = CARTESIAN_POINT ( 'NONE',  ( 50.00000000000000000, 5.000000000000000000, -575.1253581756884614 ) ) ;
#6433 = VERTEX_POINT ( 'NONE', #53 ) ;
#6434 = CARTESIAN_POINT ( 'NONE',  ( -8.425279509328220229, -12.50000000000003730, -325.2541863763982519 ) ) ;
#6435 = CARTESIAN_POINT ( 'NONE',  ( 210.4607827114581085, -8.377344659123501458, -575.0000000000000000 ) ) ;
ENDSEC;
END-ISO-10303-21;
