ISO-10303-21;
HEADER;
FILE_DESCRIPTION (( 'STEP AP214' ),
    '1' );
FILE_NAME ('Right Flap.STEP',
    '2026-08-21T21:09:10',
    ( '' ),
    ( '' ),
    'SwSTEP 2.0',
    'SolidWorks 2026',
    '' );
FILE_SCHEMA (( 'AUTOMOTIVE_DESIGN' ));
ENDSEC;

DATA;
#1 = ORIENTED_EDGE ( 'NONE', *, *, #884, .F. ) ;
#2 = CARTESIAN_POINT ( 'NONE',  ( 159.4720708683811949, 3.221852215111407514, -484.8000000000000114 ) ) ;
#3 = CARTESIAN_POINT ( 'NONE',  ( 151.5980692663180491, -0.5863564475112365004, -298.2119765123087518 ) ) ;
#4 = CARTESIAN_POINT ( 'NONE',  ( -16.32234087819342960, 1.677152668944637881, -484.8000000000000114 ) ) ;
#5 = CARTESIAN_POINT ( 'NONE',  ( 159.4811604346807883, 3.214981884273222512, -429.9999999999999432 ) ) ;
#6 = VECTOR ( 'NONE', #1567, 1000.000000000000000 ) ;
#7 = CARTESIAN_POINT ( 'NONE',  ( 151.0937618553596167, -0.7485252672225379822, -299.5118130165816410 ) ) ;
#8 = CARTESIAN_POINT ( 'NONE',  ( 162.6758406867323004, -3.100736498615435988, -303.0000000000034674 ) ) ;
#9 = DIRECTION ( 'NONE',  ( 0.000000000000000000, 1.000000000000000000, 0.000000000000000000 ) ) ;
#10 = EDGE_LOOP ( 'NONE', ( #1392, #131, #1750, #1057, #1167 ) ) ;
#11 = CARTESIAN_POINT ( 'NONE',  ( 34.56927172779212754, 13.35021431198616781, -484.8000000000000114 ) ) ;
#12 = B_SPLINE_CURVE_WITH_KNOTS ( 'NONE', 3,
 ( #1190, #1315, #358, #919, #502, #1726, #1712, #83, #1594, #648, #753, #99, #895, #639, #1174, #1453, #210, #1577 ),
 .UNSPECIFIED., .F., .F.,
 ( 4, 2, 2, 2, 2, 2, 2, 2, 4 ),
 ( -1.424449150855792182E-05, 0.0008739600914113148386, 0.001762164674331187552, 0.003538573840170932978, 0.004426778423090871502, 0.005314983006010810460, 0.006203187588930749417, 0.006647289880390742749, 0.007091392171850736080 ),
 .UNSPECIFIED. ) ;
#13 = DIRECTION ( 'NONE',  ( 0.000000000000000000, 0.000000000000000000, -1.000000000000000000 ) ) ;
#14 = CARTESIAN_POINT ( 'NONE',  ( -10.00833405466326731, -1.313671118910841651, 0.000000000000000000 ) ) ;
#15 = DIRECTION ( 'NONE',  ( -0.000000000000000000, -0.000000000000000000, 1.000000000000000000 ) ) ;
#16 = CARTESIAN_POINT ( 'NONE',  ( 162.6758406867323004, -3.086631988541158389, -304.9998097010489460 ) ) ;
#17 = DIRECTION ( 'NONE',  ( 8.820065355127078205E-15, -0.9999421151784945172, -0.01075947453914705317 ) ) ;
#18 = EDGE_CURVE ( 'NONE', #1340, #1207, #1578, .T. ) ;
#19 = CARTESIAN_POINT ( 'NONE',  ( 162.6758406867323004, -3.108615386378506873, -300.0001218927087621 ) ) ;
#20 = ORIENTED_EDGE ( 'NONE', *, *, #111, .T. ) ;
#21 = CARTESIAN_POINT ( 'NONE',  ( 120.1949499103822774, 8.361107237483233590, 0.000000000000000000 ) ) ;
#22 = DIRECTION ( 'NONE',  ( -1.000000000000000000, 0.000000000000000000, 0.000000000000000000 ) ) ;
#23 = CARTESIAN_POINT ( 'NONE',  ( 17.08919745239682797, -3.597451741715787854, -484.8000000000000114 ) ) ;
#24 = CARTESIAN_POINT ( 'NONE',  ( 152.6758406867323004, -3.383872316182146900, -302.0000031415060562 ) ) ;
#25 = CARTESIAN_POINT ( 'NONE',  ( 151.9519522559045868, -1.451674016073765117, -300.8985333129018613 ) ) ;
#26 = CARTESIAN_POINT ( 'NONE',  ( 141.3725263969657817, -0.7072185964306322292, -480.0000000000000000 ) ) ;
#27 = CARTESIAN_POINT ( 'NONE',  ( 157.6758406867323004, -7.000000000000000000, -305.0000000000000000 ) ) ;
#28 = CARTESIAN_POINT ( 'NONE',  ( 165.6635295828558014, -0.06593228581796455046, -296.9997960402060926 ) ) ;
#29 = CARTESIAN_POINT ( 'NONE',  ( 5.467585274607739798, 10.87691685177143519, -480.0000000000000000 ) ) ;
#30 = ORIENTED_EDGE ( 'NONE', *, *, #121, .F. ) ;
#31 = FACE_OUTER_BOUND ( 'NONE', #1009, .T. ) ;
#32 = CARTESIAN_POINT ( 'NONE',  ( 34.57525854849316715, 13.34642050110177358, -480.0000000000000000 ) ) ;
#33 = CARTESIAN_POINT ( 'NONE',  ( 145.5548557726035312, 5.259087452286244080, -429.9999999999999432 ) ) ;
#34 = CARTESIAN_POINT ( 'NONE',  ( 165.6635295828558014, -0.06593228581796455046, -296.9997960402060926 ) ) ;
#35 = CARTESIAN_POINT ( 'NONE',  ( 132.5157983625784652, -1.138558985234869425, -484.8000000000000114 ) ) ;
#36 = AXIS2_PLACEMENT_3D ( 'NONE', #490, #96, #1479 ) ;
#37 = CARTESIAN_POINT ( 'NONE',  ( 162.6758406867323004, -3.065521760619885239, -302.6669210829065833 ) ) ;
#38 = CARTESIAN_POINT ( 'NONE',  ( 165.6636436589085690, -0.06541062023282238902, -304.6664627110840797 ) ) ;
#39 = DIRECTION ( 'NONE',  ( -1.000000000000000000, 0.000000000000000000, 0.000000000000000000 ) ) ;
#40 = ORIENTED_EDGE ( 'NONE', *, *, #1743, .F. ) ;
#41 = CARTESIAN_POINT ( 'NONE',  ( 152.0964673135459009, -0.7152200181412740054, -298.5079423037729498 ) ) ;
#42 = CARTESIAN_POINT ( 'NONE',  ( -8.870839709559573905, 7.379290699847297574, -480.0000000000000000 ) ) ;
#43 = CARTESIAN_POINT ( 'NONE',  ( 137.6758406867323004, 6.306742589386741926, -370.9723471196676314 ) ) ;
#44 = CARTESIAN_POINT ( 'NONE',  ( 162.7103080532783395, -2.238161801852525556, -305.0382791330070518 ) ) ;
#45 = CARTESIAN_POINT ( 'NONE',  ( 154.6758406867323004, -10.00000000000000000, -300.0000000000000000 ) ) ;
#46 = CARTESIAN_POINT ( 'NONE',  ( 154.8923480603055793, -0.2422468752251962232, -305.0000000000748628 ) ) ;
#47 = CARTESIAN_POINT ( 'NONE',  ( 137.6758406867323004, 6.266983400014570549, -180.0000000000000000 ) ) ;
#48 = CARTESIAN_POINT ( 'NONE',  ( 179.6746486886088974, -0.3771731830607567559, -484.8000000000000114 ) ) ;
#49 = VERTEX_POINT ( 'NONE', #839 ) ;
#50 = CARTESIAN_POINT ( 'NONE',  ( 141.3708590523469866, -0.7063881108528672348, -484.8000000000000114 ) ) ;
#51 = EDGE_CURVE ( 'NONE', #1096, #468, #769, .T. ) ;
#52 = CARTESIAN_POINT ( 'NONE',  ( -0.1019780999563829754, 9.830966669001000469, -480.0000000000000000 ) ) ;
#53 = CARTESIAN_POINT ( 'NONE',  ( 151.8914534378995711, -1.390192616080879295, -304.1982643922600005 ) ) ;
#54 = CARTESIAN_POINT ( 'NONE',  ( 163.0374538168531160, -1.633411478993650245, -303.6262829301717261 ) ) ;
#55 = CARTESIAN_POINT ( 'NONE',  ( 173.3199410802057798, -0.09102422127747145097, -484.8000000000000114 ) ) ;
#56 =( BOUNDED_SURFACE ( )  B_SPLINE_SURFACE ( 3, 2, ( 
 ( #699, #1107, #1633 ),
 ( #146, #1385, #24 ),
 ( #1507, #1239, #136 ),
 ( #805, #260, #708 ) ),
 .UNSPECIFIED., .F., .F., .T. ) 
 B_SPLINE_SURFACE_WITH_KNOTS ( ( 4, 4 ),
 ( 3, 3 ),
 ( 5.421010862427522170E-20, 0.0001590111934458183097 ),
 ( 0.000000000000000000, 1.000000000000000000 ),
 .UNSPECIFIED. ) 
 GEOMETRIC_REPRESENTATION_ITEM ( )  RATIONAL_B_SPLINE_SURFACE ( (
 ( 1.000000000000000000, 0.7071067811865573427, 1.000000000000000000),
 ( 1.000000000000000000, 0.7071062258420236502, 1.000000000000000000),
 ( 1.000000000000000000, 0.7071056706373056722, 1.000000000000000000),
 ( 1.000000000000000000, 0.7071051155722944959, 1.000000000000000000) ) ) 
 REPRESENTATION_ITEM ( '' )  SURFACE ( )  );
#57 = CARTESIAN_POINT ( 'NONE',  ( 137.6758406867323004, -0.9011420346126709502, -430.0000000000000000 ) ) ;
#58 = CARTESIAN_POINT ( 'NONE',  ( 137.6758406867323004, 6.266983400014570549, -180.0000000000000000 ) ) ;
#59 = VERTEX_POINT ( 'NONE', #47 ) ;
#60 = CARTESIAN_POINT ( 'NONE',  ( 179.6770719582781339, -0.3987938621634148917, 0.000000000000000000 ) ) ;
#61 = CARTESIAN_POINT ( 'NONE',  ( -8.070681554721442552, 6.930005832337500671, 0.000000000000000000 ) ) ;
#62 = VECTOR ( 'NONE', #447, 1000.000000000000000 ) ;
#63 = CARTESIAN_POINT ( 'NONE',  ( 137.6758406867323572, 6.274474641686582643, -215.9375562030107574 ) ) ;
#64 =( LENGTH_UNIT ( ) NAMED_UNIT ( * ) SI_UNIT ( .MILLI., .METRE. ) );
#65 = CARTESIAN_POINT ( 'NONE',  ( 137.6758406867322719, -0.9271346086229462768, -304.4822629669026810 ) ) ;
#66 = DIRECTION ( 'NONE',  ( 0.000000000000000000, 0.000000000000000000, 1.000000000000000000 ) ) ;
#67 = ORIENTED_EDGE ( 'NONE', *, *, #1705, .T. ) ;
#68 = CARTESIAN_POINT ( 'NONE',  ( 163.5678313689324739, -0.08671630240159332315, 0.000000000000000000 ) ) ;
#69 = CARTESIAN_POINT ( 'NONE',  ( 137.5421375912143560, 6.358343020890563579, -480.0000000000000000 ) ) ;
#70 = CARTESIAN_POINT ( 'NONE',  ( 154.0144627376270421, -1.834594591355957371, -305.3653407736110239 ) ) ;
#71 = CARTESIAN_POINT ( 'NONE',  ( 165.2138122744465818, -0.06703596810051841437, -307.5513335324775994 ) ) ;
#72 = CARTESIAN_POINT ( 'NONE',  ( 162.7102868331512013, -2.238573773370280851, -299.9615803708996964 ) ) ;
#73 = CARTESIAN_POINT ( 'NONE',  ( 165.6636932515401099, -0.06518383636886090904, -307.9997960819500236 ) ) ;
#74 = EDGE_CURVE ( 'NONE', #801, #49, #474, .T. ) ;
#75 = ORIENTED_EDGE ( 'NONE', *, *, #1297, .T. ) ;
#76 = CARTESIAN_POINT ( 'NONE',  ( 176.8272708794122536, -0.2333735326913851937, 0.000000000000000000 ) ) ;
#77 = CARTESIAN_POINT ( 'NONE',  ( 162.6758406867323288, -0.07727671979589935403, -308.0657969044972333 ) ) ;
#78 = CARTESIAN_POINT ( 'NONE',  ( 152.0856367131009392, -1.625429940375347604, -303.8883758460979152 ) ) ;
#79 = EDGE_CURVE ( 'NONE', #763, #1545, #704, .T. ) ;
#80 = LINE ( 'NONE', #1127, #1452 ) ;
#81 = CARTESIAN_POINT ( 'NONE',  ( 165.6636932515401099, -0.06518383636886090904, -307.9997960819500236 ) ) ;
#82 = CARTESIAN_POINT ( 'NONE',  ( 161.5724521509811211, -1.378659132488534445, -299.4558250271912812 ) ) ;
#83 = CARTESIAN_POINT ( 'NONE',  ( 151.5314712365055811, -1.051336132798542655, -304.7776625236002133 ) ) ;
#84 = ORIENTED_EDGE ( 'NONE', *, *, #356, .F. ) ;
#85 = CARTESIAN_POINT ( 'NONE',  ( 17.09631549299431086, -3.600896241312046442, -480.0000000000000000 ) ) ;
#86 = CARTESIAN_POINT ( 'NONE',  ( 165.6635838176765390, -0.06568427235188095681, -300.6444627207047233 ) ) ;
#87 = CARTESIAN_POINT ( 'NONE',  ( 157.6758406867323004, -7.000000000000000000, -305.0000000000000000 ) ) ;
#88 = VECTOR ( 'NONE', #1253, 1000.000000000000000 ) ;
#89 = CARTESIAN_POINT ( 'NONE',  ( 152.6758406867323288, -9.000000000000028422, -301.2679491924311037 ) ) ;
#90 = CARTESIAN_POINT ( 'NONE',  ( 162.6605087124876263, -2.924535986390960129, -300.0157177669877910 ) ) ;
#91 = CARTESIAN_POINT ( 'NONE',  ( 149.5689628447051689, -0.4166941419563033322, -307.9995558657848278 ) ) ;
#92 = EDGE_LOOP ( 'NONE', ( #461, #1695 ) ) ;
#93 = VECTOR ( 'NONE', #1172, 1000.000000000000000 ) ;
#94 = CARTESIAN_POINT ( 'NONE',  ( 33.78373921969434690, -3.992564410384912499, -480.0000000000000000 ) ) ;
#95 = DIRECTION ( 'NONE',  ( 0.000000000000000000, 1.000000000000000000, 0.000000000000000000 ) ) ;
#96 = DIRECTION ( 'NONE',  ( -0.000000000000000000, -1.000000000000000000, -0.000000000000000000 ) ) ;
#97 = DIRECTION ( 'NONE',  ( 0.000000000000000000, 1.000000000000000000, 0.000000000000000000 ) ) ;
#98 = CARTESIAN_POINT ( 'NONE',  ( 161.7797549302942741, -1.203209647088208323, -299.3309240179967787 ) ) ;
#99 = CARTESIAN_POINT ( 'NONE',  ( 152.3281892532390884, -1.995297494698886398, -303.5051662330785689 ) ) ;
#100 = EDGE_LOOP ( 'NONE', ( #1, #487, #863, #633 ) ) ;
#101 = CARTESIAN_POINT ( 'NONE',  ( -16.34301505781419195, 2.475501103692616223, -484.8000000000000114 ) ) ;
#102 = CARTESIAN_POINT ( 'NONE',  ( 152.8787990007510587, 4.215905067622756519, -480.0000000000000000 ) ) ;
#103 = CARTESIAN_POINT ( 'NONE',  ( 152.6717627770388503, -3.240827299761977809, -300.0005939909971744 ) ) ;
#104 = CARTESIAN_POINT ( 'NONE',  ( 152.6758406867323004, -3.414779915252788900, -308.0660000000000878 ) ) ;
#105 = CARTESIAN_POINT ( 'NONE',  ( 165.1020204762458548, -0.06821369473587099441, -297.3362732906636552 ) ) ;
#106 = CYLINDRICAL_SURFACE ( 'NONE', #228, 2.000000000000001776 ) ;
#107 = ORIENTED_EDGE ( 'NONE', *, *, #111, .F. ) ;
#108 = CARTESIAN_POINT ( 'NONE',  ( -15.46889082147253447, 1.231787137295091705, 0.000000000000000000 ) ) ;
#109 = CARTESIAN_POINT ( 'NONE',  ( 153.7261338500897523, -1.572791957131481677, -299.4668631382760395 ) ) ;
#110 = CARTESIAN_POINT ( 'NONE',  ( 152.2774153098593217, -3.323169358705426291, -300.0000000000000000 ) ) ;
#111 = EDGE_CURVE ( 'NONE', #1646, #904, #388, .T. ) ;
#112 = CARTESIAN_POINT ( 'NONE',  ( 160.6761986570599561, -3.086635771014852203, -305.0001675873231193 ) ) ;
#113 = CARTESIAN_POINT ( 'NONE',  ( 162.2195174352221727, -0.9115216077888047552, -305.9333018229642676 ) ) ;
#114 = EDGE_LOOP ( 'NONE', ( #1617, #274, #1503, #988, #519, #654 ) ) ;
#115 = CARTESIAN_POINT ( 'NONE',  ( -8.878841291107955058, 7.383783548522395712, -484.8000000000000114 ) ) ;
#116 = VECTOR ( 'NONE', #39, 1000.000000000000000 ) ;
#117 = CARTESIAN_POINT ( 'NONE',  ( 179.6758378702643597, -0.3878923695543374239, -429.9999999999999432 ) ) ;
#118 = CARTESIAN_POINT ( 'NONE',  ( 160.6762063207005724, -3.087086066609763257, -299.9998262954052848 ) ) ;
#119 = CARTESIAN_POINT ( 'NONE',  ( 179.6758406867323004, -25.12535817568845431, -430.0000000000000000 ) ) ;
#120 = ORIENTED_EDGE ( 'NONE', *, *, #992, .T. ) ;
#121 = EDGE_CURVE ( 'NONE', #832, #402, #1675, .T. ) ;
#122 = CARTESIAN_POINT ( 'NONE',  ( 5.460282309126876399, 10.88124524486280720, -484.8000000000000114 ) ) ;
#123 = ORIENTED_EDGE ( 'NONE', *, *, #824, .F. ) ;
#124 = CARTESIAN_POINT ( 'NONE',  ( 152.3253676239252741, -0.7872003888968389651, -298.6436122073986894 ) ) ;
#125 = CARTESIAN_POINT ( 'NONE',  ( -6.252716960336958785, -2.037681824853898593, 0.000000000000000000 ) ) ;
#126 = PLANE ( 'NONE',  #793 ) ;
#127 = EDGE_CURVE ( 'NONE', #377, #1036, #1429, .T. ) ;
#128 = FILL_AREA_STYLE_COLOUR ( '', #1165 ) ;
#129 = FACE_OUTER_BOUND ( 'NONE', #511, .T. ) ;
#130 = CARTESIAN_POINT ( 'NONE',  ( 154.6758406867323004, -10.00000000000000000, -303.0000000000000000 ) ) ;
#131 = ORIENTED_EDGE ( 'NONE', *, *, #754, .T. ) ;
#132 = CARTESIAN_POINT ( 'NONE',  ( 61.77310697284232788, 13.15559628394893465, -484.8000000000000114 ) ) ;
#133 = EDGE_LOOP ( 'NONE', ( #30, #1420, #714, #1720 ) ) ;
#134 = PLANE ( 'NONE',  #1654 ) ;
#135 = CARTESIAN_POINT ( 'NONE',  ( 103.7379580968664214, -2.952794380214587733, 0.000000000000000000 ) ) ;
#136 = CARTESIAN_POINT ( 'NONE',  ( 152.6753349954531700, -3.352074091685104396, -302.0000062822103359 ) ) ;
#137 = CARTESIAN_POINT ( 'NONE',  ( 162.7045056089476134, -2.590838294203590575, -303.0564180636513925 ) ) ;
#138 = CARTESIAN_POINT ( 'NONE',  ( 162.6758406867323004, -10.00000000000000000, -300.0000000000000000 ) ) ;
#139 = STYLED_ITEM ( 'NONE', ( #1718 ), #1576 ) ;
#140 = CARTESIAN_POINT ( 'NONE',  ( 163.0388856822011121, -0.07516268876690318512, -307.9997573599746943 ) ) ;
#141 = ORIENTED_EDGE ( 'NONE', *, *, #1682, .F. ) ;
#142 = CARTESIAN_POINT ( 'NONE',  ( 81.25218673661291291, 12.12559590239015073, -484.8000000000000114 ) ) ;
#143 = VERTEX_POINT ( 'NONE', #284 ) ;
#144 = CARTESIAN_POINT ( 'NONE',  ( 162.6758406867323004, -9.000000000000026645, -302.0000000000000000 ) ) ;
#145 = CARTESIAN_POINT ( 'NONE',  ( -16.34301505781419195, 2.475501103692616223, -484.8000000000000114 ) ) ;
#146 = CARTESIAN_POINT ( 'NONE',  ( 154.6758406867006386, -3.362668145366864092, -300.0000000000000000 ) ) ;
#147 = AXIS2_PLACEMENT_3D ( 'NONE', #500, #1591, #253 ) ;
#148 = CARTESIAN_POINT ( 'NONE',  ( 152.3283736947437887, -1.995931960109029069, -301.4948668545241617 ) ) ;
#149 = CARTESIAN_POINT ( 'NONE',  ( 160.6760793512824819, -3.097208863838927684, -305.0000558624383302 ) ) ;
#150 = ORIENTED_EDGE ( 'NONE', *, *, #1243, .T. ) ;
#151 = CARTESIAN_POINT ( 'NONE',  ( 91.11523224709256397, 11.38121085389548170, -480.0000000000000000 ) ) ;
#152 = CARTESIAN_POINT ( 'NONE',  ( 152.6753336302594732, -3.351443718569193209, -305.0000000000000000 ) ) ;
#153 = CARTESIAN_POINT ( 'NONE',  ( 123.1453733656561980, -1.656549293977525705, -484.8000000000000114 ) ) ;
#154 = CARTESIAN_POINT ( 'NONE',  ( 152.6301093090125960, -2.843524959434192922, -303.0482556492084427 ) ) ;
#155 = CARTESIAN_POINT ( 'NONE',  ( 161.0567240214170965, -1.948133625684415504, -305.2326576126337727 ) ) ;
#156 = CARTESIAN_POINT ( 'NONE',  ( 169.0468689498301558, -0.04739636989563361658, -484.8000000000000114 ) ) ;
#157 = LINE ( 'NONE', #1264, #996 ) ;
#158 = CARTESIAN_POINT ( 'NONE',  ( 152.6758406867323004, -9.000000000000026645, -300.0000000000000000 ) ) ;
#159 = CARTESIAN_POINT ( 'NONE',  ( 137.7099006076980459, 6.236224490646814722, 0.000000000000000000 ) ) ;
#160 = CARTESIAN_POINT ( 'NONE',  ( 160.6758406867323004, -3.119380022088914739, -301.9999999999998863 ) ) ;
#161 = CARTESIAN_POINT ( 'NONE',  ( 11.76586301149975533, 11.77499810444871287, -484.8000000000000114 ) ) ;
#162 = CARTESIAN_POINT ( 'NONE',  ( 143.0959716979136545, -0.6915348405481569483, -180.0000000000000000 ) ) ;
#163 = CARTESIAN_POINT ( 'NONE',  ( 149.5732593322674404, -0.3762568687068241213, -480.0000000000000000 ) ) ;
#164 = ADVANCED_FACE ( 'NONE', ( #1130, #315 ), #1542, .T. ) ;
#165 = FACE_OUTER_BOUND ( 'NONE', #1157, .T. ) ;
#166 = CARTESIAN_POINT ( 'NONE',  ( 160.6762063207005724, -3.087086066609763257, -299.9998262954052848 ) ) ;
#167 = CARTESIAN_POINT ( 'NONE',  ( 160.6758406867323004, -3.119380022088914739, -300.0000000000001705 ) ) ;
#168 = CIRCLE ( 'NONE', #1616, 1.500000000000001332 ) ;
#169 = VERTEX_POINT ( 'NONE', #215 ) ;
#170 = CARTESIAN_POINT ( 'NONE',  ( 179.6758378702645018, -0.3878923695565453245, 0.000000000000000000 ) ) ;
#171 = CARTESIAN_POINT ( 'NONE',  ( -8.878841291107955058, 7.383783548522395712, -484.8000000000000114 ) ) ;
#172 = CARTESIAN_POINT ( 'NONE',  ( 152.5366523125107676, -2.504745999605148210, -303.1856927112406765 ) ) ;
#173 = CARTESIAN_POINT ( 'NONE',  ( 149.5687973948001570, -0.4183297341268394365, -296.9995557778240141 ) ) ;
#174 = CARTESIAN_POINT ( 'NONE',  ( 163.4977604009627328, -0.04921850705202431703, -484.8000000000000114 ) ) ;
#175 = CARTESIAN_POINT ( 'NONE',  ( 162.6758406867323004, -3.119380022088914739, -301.9999999999998863 ) ) ;
#176 = CARTESIAN_POINT ( 'NONE',  ( 163.7314373146749062, -0.7742631827882099360, -300.2084435013910593 ) ) ;
#177 = EDGE_CURVE ( 'NONE', #1228, #1207, #304, .T. ) ;
#178 = CARTESIAN_POINT ( 'NONE',  ( 163.5056809641738482, -0.05345711923262742166, -429.9999999999999432 ) ) ;
#179 = ORIENTED_EDGE ( 'NONE', *, *, #514, .T. ) ;
#180 = CARTESIAN_POINT ( 'NONE',  ( 153.7240754830714025, -1.559645583190654827, -299.4658971574211250 ) ) ;
#181 = CARTESIAN_POINT ( 'NONE',  ( 129.1838746267443412, 7.308192698241585461, 0.000000000000000000 ) ) ;
#182 = CARTESIAN_POINT ( 'NONE',  ( 152.1706064155674767, -1.621021685366041520, -305.4445325950869119 ) ) ;
#183 = CARTESIAN_POINT ( 'NONE',  ( 173.3471052529941687, -0.1064731620283199537, 0.000000000000000000 ) ) ;
#184 = DIRECTION ( 'NONE',  ( -0.000000000000000000, 1.000000000000000000, -0.000000000000000000 ) ) ;
#185 = DIRECTION ( 'NONE',  ( 0.000000000000000000, -0.000000000000000000, 1.000000000000000000 ) ) ;
#186 = CARTESIAN_POINT ( 'NONE',  ( 137.6758406867323004, -0.9011420346126709502, -430.0000000000000000 ) ) ;
#187 = ORIENTED_EDGE ( 'NONE', *, *, #861, .T. ) ;
#188 = CARTESIAN_POINT ( 'NONE',  ( 173.3202100324116088, -0.09117718108688578627, -480.0000000000000000 ) ) ;
#189 = CARTESIAN_POINT ( 'NONE',  ( -4.897487815925828158, 8.657632442591660649, -484.8000000000000114 ) ) ;
#190 = CARTESIAN_POINT ( 'NONE',  ( 152.5076066530596677, -2.194209584389835044, -305.1270943892220657 ) ) ;
#191 = DIRECTION ( 'NONE',  ( 0.000000000000000000, 1.000000000000000000, 0.000000000000000000 ) ) ;
#192 = CARTESIAN_POINT ( 'NONE',  ( 137.6758406867323288, -0.9400443209292781432, -242.2411314817724417 ) ) ;
#193 = CARTESIAN_POINT ( 'NONE',  ( 154.6758406867323004, -10.00000000000000000, -303.0000000000000000 ) ) ;
#194 = EDGE_LOOP ( 'NONE', ( #1283, #1735, #582 ) ) ;
#195 = CARTESIAN_POINT ( 'NONE',  ( 149.5732593322674404, -0.3762568687068241213, -480.0000000000000000 ) ) ;
#196 = CARTESIAN_POINT ( 'NONE',  ( 71.43994283632757458, 12.72040483817028367, -484.8000000000000114 ) ) ;
#197 = CARTESIAN_POINT ( 'NONE',  ( 152.2623286905905502, -1.891600134605454508, -303.6090517939641131 ) ) ;
#198 = CARTESIAN_POINT ( 'NONE',  ( 164.3329194415312031, -0.3601074398226340456, -305.7930979185371712 ) ) ;
#199 = EDGE_CURVE ( 'NONE', #1646, #1298, #1032, .T. ) ;
#200 = CARTESIAN_POINT ( 'NONE',  ( 152.6758406867323004, -3.415678573564098208, -302.0000000000000000 ) ) ;
#201 = CARTESIAN_POINT ( 'NONE',  ( 173.8991586315732718, 0.7546497483138756568, 0.000000000000000000 ) ) ;
#202 = AXIS2_PLACEMENT_3D ( 'NONE', #1343, #1097, #1077 ) ;
#203 = VERTEX_POINT ( 'NONE', #294 ) ;
#204 = CARTESIAN_POINT ( 'NONE',  ( 132.7239282270294325, -1.240258920334050163, 0.000000000000000000 ) ) ;
#205 = EDGE_CURVE ( 'NONE', #832, #1086, #469, .T. ) ;
#206 = CARTESIAN_POINT ( 'NONE',  ( 159.5524836738927661, 3.161072353973591653, 0.000000000000000000 ) ) ;
#207 = CARTESIAN_POINT ( 'NONE',  ( 153.9213758096253173, -1.743008234639083165, -305.4192262323084037 ) ) ;
#208 = CARTESIAN_POINT ( 'NONE',  ( 163.4505180628334529, -1.043452795544237643, -304.3212789314375186 ) ) ;
#209 = CARTESIAN_POINT ( 'NONE',  ( 162.6518926767792266, -2.664433426785127512, -300.0230732295430585 ) ) ;
#210 = CARTESIAN_POINT ( 'NONE',  ( 152.6694687349980768, -3.168681498719310152, -303.0000243808138976 ) ) ;
#211 = VERTEX_POINT ( 'NONE', #484 ) ;
#212 = CARTESIAN_POINT ( 'NONE',  ( 3.286663712389055192, -2.822686689058726994, -484.8000000000000114 ) ) ;
#213 = CARTESIAN_POINT ( 'NONE',  ( 177.0054179419646232, 0.1437332743148934111, -480.0000000000000000 ) ) ;
#214 = CARTESIAN_POINT ( 'NONE',  ( 152.9411483946681471, -1.073638773461451201, -305.9927181561973839 ) ) ;
#215 = CARTESIAN_POINT ( 'NONE',  ( 149.5689628447051689, -0.4166941419563033322, -307.9995558657848278 ) ) ;
#216 = CARTESIAN_POINT ( 'NONE',  ( 162.7860314022622958, -2.251618657355522135, -301.8018563394451235 ) ) ;
#217 = CARTESIAN_POINT ( 'NONE',  ( 154.6732737524468462, -3.255334432914434473, -304.9999999999999432 ) ) ;
#218 = VERTEX_POINT ( 'NONE', #1336 ) ;
#219 =( BOUNDED_CURVE ( )  B_SPLINE_CURVE ( 3, ( #1489, #1089, #717, #1499 ),
 .UNSPECIFIED., .F., .F. ) 
 B_SPLINE_CURVE_WITH_KNOTS ( ( 4, 4 ),
 ( 0.000000000000000000, 1.047197551196599408 ),
 .UNSPECIFIED. ) 
 CURVE ( )  GEOMETRIC_REPRESENTATION_ITEM ( )  RATIONAL_B_SPLINE_CURVE ( ( 1.000000000000000000, 0.9106836025229588794, 0.9106836025229588794, 1.000000000000000000 ) ) 
 REPRESENTATION_ITEM ( '' )  );
#220 = CARTESIAN_POINT ( 'NONE',  ( -12.01137987830478338, 6.041493131970022468, -484.8000000000000114 ) ) ;
#221 = CARTESIAN_POINT ( 'NONE',  ( 179.6746485038892160, -0.3771736738936535271, -480.0000000000000000 ) ) ;
#222 = CARTESIAN_POINT ( 'NONE',  ( 152.6833099474698372, -2.974216389765308222, -300.0219397277566600 ) ) ;
#223 = CARTESIAN_POINT ( 'NONE',  ( 161.6758406867323004, -10.00000000000000000, -304.7320508075688963 ) ) ;
#224 = FACE_OUTER_BOUND ( 'NONE', #877, .T. ) ;
#225 = CARTESIAN_POINT ( 'NONE',  ( 154.5635193402158336, -2.674857558392704782, -305.0537138090473945 ) ) ;
#226 = EDGE_CURVE ( 'NONE', #1207, #1628, #1724, .T. ) ;
#227 = VERTEX_POINT ( 'NONE', #117 ) ;
#228 = AXIS2_PLACEMENT_3D ( 'NONE', #622, #1435, #1166 ) ;
#229 = CARTESIAN_POINT ( 'NONE',  ( -15.47870742178570858, 0.7698083400951203359, -480.0000000000000000 ) ) ;
#230 = CARTESIAN_POINT ( 'NONE',  ( 153.6758406867323004, -10.00000000000000000, -300.2679491924311037 ) ) ;
#231 = CARTESIAN_POINT ( 'NONE',  ( 152.6743005261608914, -3.319412826330439437, -303.0000094933579931 ) ) ;
#232 = CARTESIAN_POINT ( 'NONE',  ( 149.5688522191769323, -0.4177877515450660884, -300.6442224736312028 ) ) ;
#233 = FACE_OUTER_BOUND ( 'NONE', #1150, .T. ) ;
#234 = ORIENTED_EDGE ( 'NONE', *, *, #1562, .T. ) ;
#235 = CARTESIAN_POINT ( 'NONE',  ( 83.00166411239253250, -3.598187649516001674, -484.8000000000000114 ) ) ;
#236 = CARTESIAN_POINT ( 'NONE',  ( 0.000000000000000000, -10.00000000000000000, 0.000000000000000000 ) ) ;
#237 = CARTESIAN_POINT ( 'NONE',  ( 152.2625366606119428, -1.892279901621860994, -301.3909976050591126 ) ) ;
#238 = ADVANCED_FACE ( 'NONE', ( #776 ), #1313, .F. ) ;
#239 = CARTESIAN_POINT ( 'NONE',  ( 154.8921545453450221, -0.2432249175649003614, -296.9996353435710148 ) ) ;
#240 = CARTESIAN_POINT ( 'NONE',  ( 153.5079218393691178, -1.400788850402865160, -305.6598922181221383 ) ) ;
#241 = ORIENTED_EDGE ( 'NONE', *, *, #1297, .F. ) ;
#242 = CARTESIAN_POINT ( 'NONE',  ( 34.42407288493651407, -4.298532229181926567, 0.000000000000000000 ) ) ;
#243 = CARTESIAN_POINT ( 'NONE',  ( 153.0627165251908082, -1.137202540979143528, -299.0782491684992692 ) ) ;
#244 = FACE_OUTER_BOUND ( 'NONE', #114, .T. ) ;
#245 = CARTESIAN_POINT ( 'NONE',  ( 137.6758406867323004, -25.12535817568845431, -180.0000000000000000 ) ) ;
#246 = ADVANCED_FACE ( 'NONE', ( #374 ), #126, .T. ) ;
#247 = CARTESIAN_POINT ( 'NONE',  ( 162.7289278401714228, -2.485583101362658365, -303.0988759935851249 ) ) ;
#248 = VERTEX_POINT ( 'NONE', #1181 ) ;
#249 = CARTESIAN_POINT ( 'NONE',  ( 119.9533545523466245, 8.533114263626286444, -484.8000000000000114 ) ) ;
#250 = CARTESIAN_POINT ( 'NONE',  ( 152.6814521430230229, -3.159482207096856232, -300.0134611568833520 ) ) ;
#251 = EDGE_CURVE ( 'NONE', #977, #540, #280, .T. ) ;
#252 = CARTESIAN_POINT ( 'NONE',  ( -2.349133418294374831, -2.281384007834825756, -484.8000000000000114 ) ) ;
#253 = DIRECTION ( 'NONE',  ( -0.9994866131541148002, -0.03203919670835909950, 0.000000000000000000 ) ) ;
#254 = SURFACE_STYLE_FILL_AREA ( #1062 ) ;
#255 = CARTESIAN_POINT ( 'NONE',  ( 165.3584267521798097, -0.06645428113948731452, -307.4942104333778730 ) ) ;
#256 = ORIENTED_EDGE ( 'NONE', *, *, #1649, .T. ) ;
#257 = CARTESIAN_POINT ( 'NONE',  ( 152.8787990007510587, 4.215905067622756519, -480.0000000000000000 ) ) ;
#258 = CARTESIAN_POINT ( 'NONE',  ( 149.5687973948001570, -0.4183297341268394365, -296.9995557778240141 ) ) ;
#259 = CARTESIAN_POINT ( 'NONE',  ( -15.46889082147253447, 1.231787137295091705, 0.000000000000000000 ) ) ;
#260 = CARTESIAN_POINT ( 'NONE',  ( 152.6743141957814487, -3.320284218054902148, -300.0000000000000000 ) ) ;
#261 = CARTESIAN_POINT ( 'NONE',  ( 179.6758406867323004, -0.3879661776884230084, -180.0000000000000000 ) ) ;
#262 = CARTESIAN_POINT ( 'NONE',  ( 164.6503407314262688, -0.1155682628328022071, -307.3924387243744718 ) ) ;
#263 = CARTESIAN_POINT ( 'NONE',  ( 163.0724998558359573, -3.075056467064357868, -305.0000000000000568 ) ) ;
#264 = ORIENTED_EDGE ( 'NONE', *, *, #1330, .F. ) ;
#265 = CARTESIAN_POINT ( 'NONE',  ( 145.6762342485817783, 5.169712634065352752, 0.000000000000000000 ) ) ;
#266 = DIRECTION ( 'NONE',  ( 0.000000000000000000, 0.000000000000000000, 1.000000000000000000 ) ) ;
#267 = CARTESIAN_POINT ( 'NONE',  ( -15.47870742178570858, 0.7698083400951203359, -480.0000000000000000 ) ) ;
#268 = CARTESIAN_POINT ( 'NONE',  ( 165.6636932515401099, -0.06518383636886090904, -307.9997960819500236 ) ) ;
#269 =( BOUNDED_SURFACE ( )  B_SPLINE_SURFACE ( 3, 2, ( 
 ( #1093, #1655, #808 ),
 ( #1511, #19, #1358 ),
 ( #293, #548, #1389 ),
 ( #946, #1521, #566 ) ),
 .UNSPECIFIED., .F., .F., .F. ) 
 B_SPLINE_SURFACE_WITH_KNOTS ( ( 4, 4 ),
 ( 3, 3 ),
 ( -1.761828530288944705E-18, 5.381368295233817056E-05 ),
 ( 0.000000000000000000, 1.000000000000000000 ),
 .UNSPECIFIED. ) 
 GEOMETRIC_REPRESENTATION_ITEM ( )  RATIONAL_B_SPLINE_SURFACE ( (
 ( 1.000000000000000000, 0.7071067811865475727, 1.000000000000000000),
 ( 1.000000000000000000, 0.7071283296332845358, 1.000000000000000000),
 ( 1.000000000000000000, 0.7071498738359267566, 1.000000000000000000),
 ( 1.000000000000000000, 0.7071714137973896808, 1.000000000000000000) ) ) 
 REPRESENTATION_ITEM ( '' )  SURFACE ( )  );
#270 = CARTESIAN_POINT ( 'NONE',  ( 152.0837533329879250, -1.611986597963692702, -301.1088726497516745 ) ) ;
#271 = DIRECTION ( 'NONE',  ( 0.000000000000000000, -1.000000000000000000, 0.000000000000000000 ) ) ;
#272 = AXIS2_PLACEMENT_3D ( 'NONE', #130, #1045, #1759 ) ;
#273 = CARTESIAN_POINT ( 'NONE',  ( 162.6758406867323004, -3.083503973876663640, -301.9999034946593497 ) ) ;
#274 = ORIENTED_EDGE ( 'NONE', *, *, #932, .T. ) ;
#275 = CARTESIAN_POINT ( 'NONE',  ( 27.02277729597986422, 12.62015822049518832, 0.000000000000000000 ) ) ;
#276 = CARTESIAN_POINT ( 'NONE',  ( 179.6758378702643597, -0.3878923695543374239, -429.9999999999999432 ) ) ;
#277 = B_SPLINE_CURVE_WITH_KNOTS ( 'NONE', 3,
 ( #775, #1319, #657, #354 ),
 .UNSPECIFIED., .F., .F.,
 ( 4, 4 ),
 ( 0.000000000000000000, 7.185446912501951862E-08 ),
 .UNSPECIFIED. ) ;
#278 = CARTESIAN_POINT ( 'NONE',  ( 93.24813248676711908, -3.279417472581861226, -480.0000000000000000 ) ) ;
#279 = CARTESIAN_POINT ( 'NONE',  ( 178.3344518205472866, -0.1684408058495049654, -429.9999999999999432 ) ) ;
#280 = CIRCLE ( 'NONE', #147, 2.000000000000007550 ) ;
#281 = CARTESIAN_POINT ( 'NONE',  ( 160.9260238981237308, -2.160105158663761848, -305.1535023407933522 ) ) ;
#282 = DIRECTION ( 'NONE',  ( -0.000000000000000000, -1.000000000000000000, -0.000000000000000000 ) ) ;
#283 = CARTESIAN_POINT ( 'NONE',  ( 152.2774170849629058, -3.321683349953180819, -305.0000000000000000 ) ) ;
#284 = CARTESIAN_POINT ( 'NONE',  ( 137.6758406867323004, -0.9529702091683536214, -180.0000000000000000 ) ) ;
#285 = CARTESIAN_POINT ( 'NONE',  ( 61.77791893630242726, 13.15241051608921374, -480.0000000000000000 ) ) ;
#286 = ORIENTED_EDGE ( 'NONE', *, *, #1149, .F. ) ;
#287 = CARTESIAN_POINT ( 'NONE',  ( 162.6758406867323004, -9.000000000000028422, -301.2679491924311037 ) ) ;
#288 = CARTESIAN_POINT ( 'NONE',  ( 113.3969214004335413, -2.222172095592499286, -484.8000000000000114 ) ) ;
#289 = FACE_OUTER_BOUND ( 'NONE', #1477, .T. ) ;
#290 = ADVANCED_FACE ( 'NONE', ( #244 ), #1033, .F. ) ;
#291 = CARTESIAN_POINT ( 'NONE',  ( 152.6535782161514305, -3.023233017290325009, -301.9812245130408996 ) ) ;
#292 = CARTESIAN_POINT ( 'NONE',  ( 169.0473221562048423, -0.04764540472510893354, -480.0000000000000000 ) ) ;
#293 = CARTESIAN_POINT ( 'NONE',  ( 162.6758406867323004, -3.083504233427738495, -301.9999034974480310 ) ) ;
#294 = CARTESIAN_POINT ( 'NONE',  ( 152.6758406867323572, -3.415530419970588483, -302.9999999999999432 ) ) ;
#295 = CARTESIAN_POINT ( 'NONE',  ( 179.6758378702645871, -0.3878923695565488217, -484.8000000000000114 ) ) ;
#296 = ORIENTED_EDGE ( 'NONE', *, *, #251, .F. ) ;
#297 = CARTESIAN_POINT ( 'NONE',  ( 154.1230607093282003, -1.938939262905216010, -299.6972318923531589 ) ) ;
#298 = CARTESIAN_POINT ( 'NONE',  ( 110.5652435917839398, 9.564420450423346765, -484.8000000000000114 ) ) ;
#299 = CARTESIAN_POINT ( 'NONE',  ( 154.6648582921720845, -3.013138870424549420, -305.0000000000001137 ) ) ;
#300 = ADVANCED_FACE ( 'NONE', ( #1458 ), #508, .T. ) ;
#301 = CARTESIAN_POINT ( 'NONE',  ( 162.6758406867323004, -2.824227528014040534, -303.0045402183762917 ) ) ;
#302 = CARTESIAN_POINT ( 'NONE',  ( 179.6758378702645018, -0.3878923695565453245, 0.000000000000000000 ) ) ;
#303 = DIRECTION ( 'NONE',  ( 0.000000000000000000, 0.000000000000000000, -1.000000000000000000 ) ) ;
#304 = LINE ( 'NONE', #158, #1570 ) ;
#305 = CARTESIAN_POINT ( 'NONE',  ( 143.0447643456359970, -0.6487021702102329090, -429.9999999999999432 ) ) ;
#306 = PRODUCT ( 'Right Flap', 'Right Flap', '', ( #499 ) ) ;
#307 = ORIENTED_EDGE ( 'NONE', *, *, #1180, .F. ) ;
#308 = CARTESIAN_POINT ( 'NONE',  ( 169.0926427936762195, -0.07254888767263989457, 0.000000000000000000 ) ) ;
#309 = CARTESIAN_POINT ( 'NONE',  ( 110.8456426649968307, 9.366999014998230066, 0.000000000000000000 ) ) ;
#310 = CARTESIAN_POINT ( 'NONE',  ( 150.2463063970733117, -0.4489434878263483530, -306.8773339211269331 ) ) ;
#311 = CARTESIAN_POINT ( 'NONE',  ( 165.1021611124914443, -0.06748045248525602613, -307.6633051033471702 ) ) ;
#312 = AXIS2_PLACEMENT_3D ( 'NONE', #813, #1366, #562 ) ;
#313 = CARTESIAN_POINT ( 'NONE',  ( 152.6758406867323004, -9.000000000000026645, -302.0000000000000000 ) ) ;
#314 = CARTESIAN_POINT ( 'NONE',  ( 137.6758406867323004, -0.9184994537337772824, -346.1489296341662225 ) ) ;
#315 = FACE_OUTER_BOUND ( 'NONE', #1316, .T. ) ;
#316 = CARTESIAN_POINT ( 'NONE',  ( 173.8763530019075745, 0.7726410036664411729, -484.8000000000000114 ) ) ;
#317 = ORIENTED_EDGE ( 'NONE', *, *, #1671, .T. ) ;
#318 = CARTESIAN_POINT ( 'NONE',  ( 179.6758378702645871, -0.3878923695565487662, -480.0000000000000000 ) ) ;
#319 = CARTESIAN_POINT ( 'NONE',  ( 81.65521185280321959, 11.85170624527342476, 0.000000000000000000 ) ) ;
#320 = CARTESIAN_POINT ( 'NONE',  ( 153.0623699003423042, -1.136131063503639238, -305.9213800058638526 ) ) ;
#321 = CARTESIAN_POINT ( 'NONE',  ( 163.4557030167827065, -0.3659699862682819771, -306.6757851954720877 ) ) ;
#322 = CARTESIAN_POINT ( 'NONE',  ( 179.6770528961319542, -0.3988445136690053627, -484.8000000000000114 ) ) ;
#323 = B_SPLINE_CURVE_WITH_KNOTS ( 'NONE', 3,
 ( #1645, #828, #37, #1119, #1664, #1531, #1379 ),
 .UNSPECIFIED., .F., .F.,
 ( 4, 3, 4 ),
 ( 0.001999720692415362430, 0.002499758037518434034, 0.003000289514590210021 ),
 .UNSPECIFIED. ) ;
#324 = CARTESIAN_POINT ( 'NONE',  ( 157.6758406867323004, -7.000000000000000000, -310.0000000000000000 ) ) ;
#325 = CARTESIAN_POINT ( 'NONE',  ( 149.5688224653259226, -0.4180818916554088771, -298.6662224961421543 ) ) ;
#326 = VERTEX_POINT ( 'NONE', #517 ) ;
#327 = CARTESIAN_POINT ( 'NONE',  ( 113.3998346817352711, -2.223553461073649373, -480.0000000000000000 ) ) ;
#328 = CARTESIAN_POINT ( 'NONE',  ( 71.44434538415998759, 12.71745100305900955, -480.0000000000000000 ) ) ;
#329 = ADVANCED_FACE ( 'NONE', ( #645, #1061 ), #381, .T. ) ;
#330 = CARTESIAN_POINT ( 'NONE',  ( 151.3309126689840127, -0.8334510114309188200, -306.2561720693691996 ) ) ;
#331 = CARTESIAN_POINT ( 'NONE',  ( 162.6627304604255073, -2.507140952220535901, -300.0111803055307291 ) ) ;
#332 = CARTESIAN_POINT ( 'NONE',  ( 178.3338430637437284, -0.1679942915986368523, -484.8000000000000114 ) ) ;
#333 = VERTEX_POINT ( 'NONE', #415 ) ;
#334 = CARTESIAN_POINT ( 'NONE',  ( 154.6733122308236545, -3.256687484028297774, -300.0000000000000000 ) ) ;
#335 = CARTESIAN_POINT ( 'NONE',  ( 18.75882264947053812, 12.49327151746987319, -484.8000000000000114 ) ) ;
#336 = DIRECTION ( 'NONE',  ( 0.000000000000000000, -1.000000000000000000, 0.000000000000000000 ) ) ;
#337 = DIRECTION ( 'NONE',  ( 1.000000000000000000, 0.000000000000000000, 0.000000000000000000 ) ) ;
#338 = CARTESIAN_POINT ( 'NONE',  ( 163.0908012679284695, -1.539657147289674732, -301.2832219522284163 ) ) ;
#339 = CARTESIAN_POINT ( 'NONE',  ( 154.6732737524468462, -3.255334432914434473, -304.9999999999999432 ) ) ;
#340 = CIRCLE ( 'NONE', #1544, 2.000000000000001776 ) ;
#341 = ORIENTED_EDGE ( 'NONE', *, *, #544, .T. ) ;
#342 = CARTESIAN_POINT ( 'NONE',  ( 42.98560353484973717, -4.062763606046155829, -480.0000000000000000 ) ) ;
#343 = CARTESIAN_POINT ( 'NONE',  ( 179.6758378702645871, -0.3878923695565488217, -484.8000000000000114 ) ) ;
#344 = B_SPLINE_CURVE_WITH_KNOTS ( 'NONE', 3,
 ( #1034, #1434, #606, #1692, #192, #597, #1566, #65, #1139, #1155, #314, #1173, #1014, #1281, #859, #57 ),
 .UNSPECIFIED., .F., .F.,
 ( 4, 3, 3, 3, 3, 4 ),
 ( 0.000000000000000000, 0.03734467969437612472, 0.1120340390831293942, 0.1493787187775056091, 0.1996893620749161102, 0.2500000053723282489 ),
 .UNSPECIFIED. ) ;
#345 = CARTESIAN_POINT ( 'NONE',  ( 150.9141788996373634, -0.6602718391267822229, -305.7808274217318285 ) ) ;
#346 = CARTESIAN_POINT ( 'NONE',  ( 163.2632047407411164, -1.279575133313150204, -304.0067976034598018 ) ) ;
#347 = CARTESIAN_POINT ( 'NONE',  ( 165.6635295828558014, -0.06593228581796455046, -296.9997960402060926 ) ) ;
#348 = CARTESIAN_POINT ( 'NONE',  ( 163.2631606494491905, -1.279839810163134306, -300.9928628668814667 ) ) ;
#349 = CARTESIAN_POINT ( 'NONE',  ( 149.5687973948001570, -0.4183297341268394365, -296.9995557778240141 ) ) ;
#350 = ORIENTED_EDGE ( 'NONE', *, *, #421, .F. ) ;
#351 = CARTESIAN_POINT ( 'NONE',  ( -14.32866433470924861, 4.682873909921585032, -480.0000000000000000 ) ) ;
#352 =( BOUNDED_SURFACE ( )  B_SPLINE_SURFACE ( 3, 2, ( 
 ( #1259, #980, #1099 ),
 ( #1528, #1642, #299 ),
 ( #154, #844, #1397 ),
 ( #172, #533, #1623 ),
 ( #943, #1556, #1153 ),
 ( #611, #1135, #482 ),
 ( #880, #1287, #1670 ),
 ( #197, #1406, #70 ),
 ( #1537, #1431, #207 ),
 ( #78, #190, #1548 ),
 ( #464, #991, #594 ),
 ( #53, #1564, #619 ),
 ( #1698, #866, #472 ),
 ( #1423, #182, #320 ),
 ( #1012, #749, #214 ),
 ( #1439, #1028, #856 ),
 ( #345, #330, #1690 ),
 ( #310, #758, #873 ),
 ( #1681, #603, #1020 ),
 ( #1294, #727, #1160 ) ),
 .UNSPECIFIED., .F., .F., .F. ) 
 B_SPLINE_SURFACE_WITH_KNOTS ( ( 4, 2, 2, 2, 2, 2, 2, 2, 2, 4 ),
 ( 3, 3 ),
 ( 0.000000000000000000, 0.001190953800318576188, 0.001786430700477864390, 0.002381907600637152376, 0.002977384500796440361, 0.003572861400955728781, 0.004168338301115017200, 0.004763815201274304752, 0.007145722801911457561, 0.009527630402548609503 ),
 ( 0.000000000000000000, 1.000000000000000000 ),
 .UNSPECIFIED. ) 
 GEOMETRIC_REPRESENTATION_ITEM ( )  RATIONAL_B_SPLINE_SURFACE ( (
 ( 1.000000000000000000, 0.7071084593889988001, 1.000000000000000000),
 ( 1.000000000000000000, 0.7072108644276016154, 1.000000000000000000),
 ( 1.000000000000000000, 0.7143157331913861929, 1.000000000000000000),
 ( 1.000000000000000000, 0.7328319287680662431, 1.000000000000000000),
 ( 1.000000000000000000, 0.7402865382238928982, 1.000000000000000000),
 ( 1.000000000000000000, 0.7566464493880581399, 1.000000000000000000),
 ( 1.000000000000000000, 0.7656005799275645840, 1.000000000000000000),
 ( 1.000000000000000000, 0.7844498292792080330, 1.000000000000000000),
 ( 1.000000000000000000, 0.7943852819024690426, 1.000000000000000000),
 ( 1.000000000000000000, 0.8142157424825131606, 1.000000000000000000),
 ( 1.000000000000000000, 0.8241673862876358614, 1.000000000000000000),
 ( 1.000000000000000000, 0.8438074107121059653, 1.000000000000000000),
 ( 1.000000000000000000, 0.8534974390403229361, 1.000000000000000000),
 ( 1.000000000000000000, 0.8723769349072298951, 1.000000000000000000),
 ( 1.000000000000000000, 0.8816054080917552493, 1.000000000000000000),
 ( 1.000000000000000000, 0.9253577355959083928, 1.000000000000000000),
 ( 1.000000000000000000, 0.9530052994959365975, 1.000000000000000000),
 ( 1.000000000000000000, 0.9905803673482709293, 1.000000000000000000),
 ( 1.000000000000000000, 0.9999532595567645066, 1.000000000000000000),
 ( 1.000000000000000000, 1.000000000000000000, 1.000000000000000000) ) ) 
 REPRESENTATION_ITEM ( '' )  SURFACE ( )  );
#353 = CARTESIAN_POINT ( 'NONE',  ( 154.6758406867323004, -3.415530419970588039, -305.0000000000000000 ) ) ;
#354 = CARTESIAN_POINT ( 'NONE',  ( 179.6758378702643597, -0.3878923695543374239, -429.9999999999999432 ) ) ;
#355 = CARTESIAN_POINT ( 'NONE',  ( 160.3733865367962892, -3.117637081738591665, -299.9999999999999432 ) ) ;
#356 = EDGE_CURVE ( 'NONE', #1352, #1036, #962, .T. ) ;
#357 = SURFACE_SIDE_STYLE ('',( #254 ) ) ;
#358 = CARTESIAN_POINT ( 'NONE',  ( 149.8753143465771700, -0.4175425009951688193, -307.4911681393884351 ) ) ;
#359 = ORIENTED_EDGE ( 'NONE', *, *, #1752, .T. ) ;
#360 = CARTESIAN_POINT ( 'NONE',  ( 25.12176866118714358, -3.841925445612448531, -480.0000000000000000 ) ) ;
#361 = CARTESIAN_POINT ( 'NONE',  ( 165.2119767472653677, 2.309244160260913059, -480.0000000000000000 ) ) ;
#362 = CARTESIAN_POINT ( 'NONE',  ( 152.6098907919590886, -2.484357462697090568, -299.9652129384408568 ) ) ;
#363 = B_SPLINE_CURVE_WITH_KNOTS ( 'NONE', 3,
 ( #261, #1080, #407, #1100, #1386, #546, #1367, #1232, #1500, #162, #710, #700 ),
 .UNSPECIFIED., .F., .F.,
 ( 4, 1, 1, 1, 1, 1, 1, 1, 1, 4 ),
 ( 2.142890692361827879E-16, 0.0006741566199382331009, 0.002675396236452525986, 0.005946929675377612447, 0.01041984823249678116, 0.01601995206421931439, 0.02265171984534046154, 0.03020366041557813810, 0.03855403056077872509, 0.04263805895348264652 ),
 .UNSPECIFIED. ) ;
#364 = CIRCLE ( 'NONE', #272, 2.000000000000001776 ) ;
#365 = CARTESIAN_POINT ( 'NONE',  ( 152.6758406871442730, -0.3064214138571650370, -304.3548369644282729 ) ) ;
#366 = CARTESIAN_POINT ( 'NONE',  ( 164.3328084806497600, -0.3606120863040393476, -299.2064690135030673 ) ) ;
#367 = B_SPLINE_CURVE_WITH_KNOTS ( 'NONE', 3,
 ( #339, #1444, #486, #1296 ),
 .UNSPECIFIED., .F., .F.,
 ( 4, 4 ),
 ( 0.001998302209332366089, 0.008002454319496060675 ),
 .UNSPECIFIED. ) ;
#368 = CARTESIAN_POINT ( 'NONE',  ( 154.6732737524468462, -3.255334432914434473, -304.9999999999999432 ) ) ;
#369 = ORIENTED_EDGE ( 'NONE', *, *, #356, .T. ) ;
#370 = AXIS2_PLACEMENT_3D ( 'NONE', #449, #1380, #492 ) ;
#371 = CARTESIAN_POINT ( 'NONE',  ( -15.49125175170063606, 2.026594512098934597, 0.000000000000000000 ) ) ;
#372 = CARTESIAN_POINT ( 'NONE',  ( 152.8777389314730044, 4.216695317289156364, -484.8000000000000114 ) ) ;
#373 = CARTESIAN_POINT ( 'NONE',  ( 152.5368227118524658, -2.505481097968571991, -301.8144134181067102 ) ) ;
#374 = FACE_OUTER_BOUND ( 'NONE', #939, .T. ) ;
#375 = CARTESIAN_POINT ( 'NONE',  ( 163.4504604796691467, -1.043764601443692319, -300.6783511695645643 ) ) ;
#376 = CARTESIAN_POINT ( 'NONE',  ( 154.3009160814989400, -2.154332288743885826, -305.2003009154456095 ) ) ;
#377 = VERTEX_POINT ( 'NONE', #835 ) ;
#378 = CARTESIAN_POINT ( 'NONE',  ( 83.43203411245119128, -3.799346583349470396, 0.000000000000000000 ) ) ;
#379 = DIRECTION ( 'NONE',  ( 0.000000000000000000, 0.000000000000000000, 1.000000000000000000 ) ) ;
#380 = ADVANCED_FACE ( 'NONE', ( #289 ), #56, .T. ) ;
#381 = PLANE ( 'NONE',  #686 ) ;
#382 = CARTESIAN_POINT ( 'NONE',  ( 165.2136667362499907, -0.06774791564184091952, -297.4482403678854325 ) ) ;
#383 = CARTESIAN_POINT ( 'NONE',  ( 163.1586229441795126, -0.4628666012617488335, -306.4974975749757959 ) ) ;
#384 = B_SPLINE_CURVE_WITH_KNOTS ( 'NONE', 3,
 ( #806, #944, #291, #1117, #1223, #436, #148, #270, #25, #1643, #399, #7, #1398, #815, #564, #173 ),
 .UNSPECIFIED., .F., .F.,
 ( 4, 2, 2, 2, 2, 2, 2, 4 ),
 ( 0.000000000000000000, 0.0004447915580701024361, 0.0008895831161402048722, 0.001779166232280362473, 0.002668749348420520074, 0.003558332464560678109, 0.005337498696841126017, 0.007116664929121575660 ),
 .UNSPECIFIED. ) ;
#385 = EDGE_CURVE ( 'NONE', #1256, #1677, #1337, .T. ) ;
#386 = ORIENTED_EDGE ( 'NONE', *, *, #666, .F. ) ;
#387 = CARTESIAN_POINT ( 'NONE',  ( 145.5393870738044484, 5.270477545399046448, -484.8000000000000114 ) ) ;
#388 = B_SPLINE_CURVE_WITH_KNOTS ( 'NONE', 3,
 ( #347, #1031, #1441, #1245, #38, #1254, #81 ),
 .UNSPECIFIED., .F., .F.,
 ( 4, 3, 4 ),
 ( 1.110223032896962666E-16, 0.006000000000000017472, 0.01100000006842424480 ),
 .UNSPECIFIED. ) ;
#389 = CARTESIAN_POINT ( 'NONE',  ( 152.1707840833383045, -1.622114905125670914, -299.5552258572544702 ) ) ;
#390 = CARTESIAN_POINT ( 'NONE',  ( 72.74699105597053972, -3.821597671889568115, -484.8000000000000114 ) ) ;
#391 = CARTESIAN_POINT ( 'NONE',  ( 149.5687964020068250, -0.4183395486945362118, -296.9335557772961920 ) ) ;
#392 = SURFACE_STYLE_USAGE ( .BOTH. , #357 ) ;
#393 = CARTESIAN_POINT ( 'NONE',  ( 162.8736938896714435, -1.960976361465231577, -303.3487478114589067 ) ) ;
#394 = EDGE_LOOP ( 'NONE', ( #1390, #1191, #307, #1209 ) ) ;
#395 = CARTESIAN_POINT ( 'NONE',  ( 137.5421375912143560, 6.358343020890563579, -480.0000000000000000 ) ) ;
#396 = CARTESIAN_POINT ( 'NONE',  ( 152.6758406867323288, -3.415530419970588039, -303.0000000000000000 ) ) ;
#397 = CARTESIAN_POINT ( 'NONE',  ( 4.064286235387489121, -3.204699715511951208, 0.000000000000000000 ) ) ;
#398 = CARTESIAN_POINT ( 'NONE',  ( 179.6746465797262147, -0.3771787867363278757, -429.9999999999999432 ) ) ;
#399 = CARTESIAN_POINT ( 'NONE',  ( 151.5315709961145672, -1.052087394714745994, -300.2220410222990949 ) ) ;
#400 = CARTESIAN_POINT ( 'NONE',  ( 165.6636932515401099, -0.06518383636886090904, -307.9997960819500236 ) ) ;
#401 = CARTESIAN_POINT ( 'NONE',  ( 179.6746300319239538, -0.3772227571833274284, 0.000000000000000000 ) ) ;
#402 = VERTEX_POINT ( 'NONE', #545 ) ;
#403 = CARTESIAN_POINT ( 'NONE',  ( 71.44434538415998759, 12.71745100305900955, -480.0000000000000000 ) ) ;
#404 = FACE_OUTER_BOUND ( 'NONE', #640, .T. ) ;
#405 = CARTESIAN_POINT ( 'NONE',  ( 63.09932674254688578, -4.216985242450103755, 0.000000000000000000 ) ) ;
#406 = CARTESIAN_POINT ( 'NONE',  ( 140.3980448583802456, 5.959886047665952979, -430.0000000000000000 ) ) ;
#407 = CARTESIAN_POINT ( 'NONE',  ( 178.2618873569448965, -0.2660617368331399391, -179.9999999999999716 ) ) ;
#408 = LINE ( 'NONE', #1501, #1002 ) ;
#409 = CARTESIAN_POINT ( 'NONE',  ( 152.1819380345645527, -0.3231798494785704245, -307.9995949849339922 ) ) ;
#410 = ORIENTED_EDGE ( 'NONE', *, *, #569, .T. ) ;
#411 = CARTESIAN_POINT ( 'NONE',  ( 12.47386810385609301, 11.34795499150539300, 0.000000000000000000 ) ) ;
#412 = EDGE_LOOP ( 'NONE', ( #1267, #187, #1639, #20 ) ) ;
#413 = CARTESIAN_POINT ( 'NONE',  ( 152.6753348676807320, -3.352070075490140244, -302.0000062826085809 ) ) ;
#414 = CARTESIAN_POINT ( 'NONE',  ( 17.09631549299431086, -3.600896241312046442, -480.0000000000000000 ) ) ;
#415 = CARTESIAN_POINT ( 'NONE',  ( 153.6758406867323004, -10.00000000000000000, -304.7320508075688963 ) ) ;
#416 = CARTESIAN_POINT ( 'NONE',  ( 162.6605238986755637, -2.924098179030137690, -304.9842675696321521 ) ) ;
#417 = CARTESIAN_POINT ( 'NONE',  ( 164.4508019353028487, -0.3085564167576692052, -305.9888992445718259 ) ) ;
#418 = LINE ( 'NONE', #1225, #1476 ) ;
#419 = EDGE_LOOP ( 'NONE', ( #559, #591, #1043, #40, #386 ) ) ;
#420 = CARTESIAN_POINT ( 'NONE',  ( 52.34656115132513321, 13.41150941850992950, -484.8000000000000114 ) ) ;
#421 = EDGE_CURVE ( 'NONE', #1228, #333, #219, .T. ) ;
#422 = CARTESIAN_POINT ( 'NONE',  ( 157.6758406867323004, -7.000000000000000000, -310.0000000000000000 ) ) ;
#423 = CARTESIAN_POINT ( 'NONE',  ( -13.65890101910770760, -0.01805652033994866942, -484.8000000000000114 ) ) ;
#424 = CARTESIAN_POINT ( 'NONE',  ( 179.6758378702643597, -0.3878923695543374239, -429.9999999999999432 ) ) ;
#425 = CIRCLE ( 'NONE', #1599, 2.000000000000001776 ) ;
#426 = CARTESIAN_POINT ( 'NONE',  ( 162.6758406867323004, -3.065499099017513718, -303.0002793122051798 ) ) ;
#427 = CARTESIAN_POINT ( 'NONE',  ( 169.0926427936762195, -0.07254888767263989457, 0.000000000000000000 ) ) ;
#428 = B_SPLINE_CURVE_WITH_KNOTS ( 'NONE', 3,
 ( #353, #899, #1447, #766 ),
 .UNSPECIFIED., .F., .F.,
 ( 4, 4 ),
 ( 4.336808689942017736E-19, 0.0001602165516434596434 ),
 .UNSPECIFIED. ) ;
#429 = FACE_OUTER_BOUND ( 'NONE', #419, .T. ) ;
#430 = CARTESIAN_POINT ( 'NONE',  ( 157.6758406867323004, -7.000000000000000000, -300.0000000000000000 ) ) ;
#431 = CARTESIAN_POINT ( 'NONE',  ( 173.8906911948162133, 0.7613296698556697439, -180.0000000000000000 ) ) ;
#432 = ORIENTED_EDGE ( 'NONE', *, *, #1492, .T. ) ;
#433 = CARTESIAN_POINT ( 'NONE',  ( 151.2335115762180919, -0.8239020133799797030, -299.7396097142664644 ) ) ;
#434 = CARTESIAN_POINT ( 'NONE',  ( 81.25218673661291291, 12.12559590239015073, -484.8000000000000114 ) ) ;
#435 = CARTESIAN_POINT ( 'NONE',  ( 149.5689628447051689, -0.4166941419563033322, -307.9995558657848278 ) ) ;
#436 = CARTESIAN_POINT ( 'NONE',  ( 152.4381569532800427, -2.214580365696559916, -301.6657500779715519 ) ) ;
#437 = LINE ( 'NONE', #827, #62 ) ;
#438 = CARTESIAN_POINT ( 'NONE',  ( 179.6758378702645587, -0.3878923695565508756, -180.0000000000000000 ) ) ;
#439 = CARTESIAN_POINT ( 'NONE',  ( 160.6760844628962843, -3.097850251506284902, -299.9999420968040909 ) ) ;
#440 = CARTESIAN_POINT ( 'NONE',  ( 173.3230116178889375, -0.09277051243495185173, -429.9999999999999432 ) ) ;
#441 = EDGE_CURVE ( 'NONE', #227, #503, #938, .T. ) ;
#442 = ORIENTED_EDGE ( 'NONE', *, *, #759, .T. ) ;
#443 = CARTESIAN_POINT ( 'NONE',  ( 178.2644603043168559, -0.2674441249738635507, 0.000000000000000000 ) ) ;
#444 = CARTESIAN_POINT ( 'NONE',  ( 71.88460016740160086, 12.42206749193156945, 0.000000000000000000 ) ) ;
#445 = CARTESIAN_POINT ( 'NONE',  ( 137.6758406867323572, 6.291938120152662961, -299.7918540133835563 ) ) ;
#446 = CARTESIAN_POINT ( 'NONE',  ( 162.9382217974107903, -0.5420409660218663550, -306.3651915282391656 ) ) ;
#447 = DIRECTION ( 'NONE',  ( -0.000000000000000000, -1.000000000000000000, -0.000000000000000000 ) ) ;
#448 = DIRECTION ( 'NONE',  ( -0.000000000000000000, -0.000000000000000000, 1.000000000000000000 ) ) ;
#449 = CARTESIAN_POINT ( 'NONE',  ( 160.6758406867323288, -3.065499099017515938, -303.0002793122051798 ) ) ;
#450 = CARTESIAN_POINT ( 'NONE',  ( 149.5688475347799056, -0.4178340607625500303, -300.3328892144619999 ) ) ;
#451 =( GEOMETRIC_REPRESENTATION_CONTEXT ( 3 ) GLOBAL_UNCERTAINTY_ASSIGNED_CONTEXT ( ( #825 ) ) GLOBAL_UNIT_ASSIGNED_CONTEXT ( ( #671, #777, #1614 ) ) REPRESENTATION_CONTEXT ( 'NONE', 'WORKASPACE' ) );
#452 = ORIENTED_EDGE ( 'NONE', *, *, #850, .F. ) ;
#453 = CARTESIAN_POINT ( 'NONE',  ( 158.6747629386151175, -3.153385006401941748, -299.9999999999998295 ) ) ;
#454 = CARTESIAN_POINT ( 'NONE',  ( -12.00321293146114954, 6.036989419548993041, -480.0000000000000000 ) ) ;
#455 = CARTESIAN_POINT ( 'NONE',  ( 137.6758406867323288, 6.316553927443359306, -418.1944694237280373 ) ) ;
#456 = FACE_OUTER_BOUND ( 'NONE', #100, .T. ) ;
#457 = CIRCLE ( 'NONE', #1143, 1.500000000000001332 ) ;
#458 = CARTESIAN_POINT ( 'NONE',  ( 163.4984541729228340, -0.04958977235251510463, -480.0000000000000000 ) ) ;
#459 = CARTESIAN_POINT ( 'NONE',  ( 152.6758406867323004, -3.415579763043470773, -302.6669442283787248 ) ) ;
#460 = CARTESIAN_POINT ( 'NONE',  ( 170.1345812741301415, 1.467153932975843622, 0.000000000000000000 ) ) ;
#461 = ORIENTED_EDGE ( 'NONE', *, *, #544, .F. ) ;
#462 = CARTESIAN_POINT ( 'NONE',  ( 154.6758406867323004, -10.00000000000000000, -305.0000000000000000 ) ) ;
#463 = CARTESIAN_POINT ( 'NONE',  ( 62.25911528231242187, 12.83383373011728246, 0.000000000000000000 ) ) ;
#464 = CARTESIAN_POINT ( 'NONE',  ( 152.0227227557689389, -1.543925031182347141, -303.9885096593953335 ) ) ;
#465 = CARTESIAN_POINT ( 'NONE',  ( 161.2935534378713669, -1.650419510408305701, -305.3757308190082540 ) ) ;
#466 = CARTESIAN_POINT ( 'NONE',  ( 152.6758406867323572, -3.415530419970588483, -302.9999999999999432 ) ) ;
#467 = CARTESIAN_POINT ( 'NONE',  ( 177.0053139079487039, 0.1438151828774343888, -484.8000000000000114 ) ) ;
#468 = VERTEX_POINT ( 'NONE', #823 ) ;
#469 =( BOUNDED_CURVE ( )  B_SPLINE_CURVE ( 3, ( #223, #782, #768, #1047 ),
 .UNSPECIFIED., .F., .T. ) 
 B_SPLINE_CURVE_WITH_KNOTS ( ( 4, 4 ),
 ( 5.235987755982987046, 6.283185307179586232 ),
 .UNSPECIFIED. ) 
 CURVE ( )  GEOMETRIC_REPRESENTATION_ITEM ( )  RATIONAL_B_SPLINE_CURVE ( ( 1.000000000000000000, 0.9106836025229588794, 0.9106836025229588794, 1.000000000000000000 ) ) 
 REPRESENTATION_ITEM ( '' )  );
#470 = CARTESIAN_POINT ( 'NONE',  ( 123.1453733656561980, -1.656549293977525705, -484.8000000000000114 ) ) ;
#471 = CARTESIAN_POINT ( 'NONE',  ( 128.9793945592367947, 7.455388127548284061, -484.8000000000000114 ) ) ;
#472 = CARTESIAN_POINT ( 'NONE',  ( 153.2952316221402214, -1.269283560232193908, -305.7846109671853014 ) ) ;
#473 = CARTESIAN_POINT ( 'NONE',  ( 152.6758406867323004, -9.000000000000026645, -300.0000000000000000 ) ) ;
#474 = B_SPLINE_CURVE_WITH_KNOTS ( 'NONE', 3,
 ( #630, #1120, #439, #166 ),
 .UNSPECIFIED., .F., .F.,
 ( 4, 4 ),
 ( 8.673617379884035472E-19, 3.229649240977052783E-05 ),
 .UNSPECIFIED. ) ;
#475 = CARTESIAN_POINT ( 'NONE',  ( 162.8197038094876632, -2.140861964991457977, -301.7439189988800194 ) ) ;
#476 = DIRECTION ( 'NONE',  ( -1.000000000000000000, -2.168404344971006896E-16, 0.000000000000000000 ) ) ;
#477 = VERTEX_POINT ( 'NONE', #1116 ) ;
#478 = CARTESIAN_POINT ( 'NONE',  ( 154.3012736569968979, -2.155440835965297897, -299.7996048898510253 ) ) ;
#479 =( GEOMETRIC_REPRESENTATION_CONTEXT ( 3 ) GLOBAL_UNCERTAINTY_ASSIGNED_CONTEXT ( ( #1240 ) ) GLOBAL_UNIT_ASSIGNED_CONTEXT ( ( #64, #750, #1161 ) ) REPRESENTATION_CONTEXT ( 'NONE', 'WORKASPACE' ) );
#480 = EDGE_CURVE ( 'NONE', #904, #169, #1091, .T. ) ;
#481 = CARTESIAN_POINT ( 'NONE',  ( 173.8991586315732718, 0.7546497483138756568, 0.000000000000000000 ) ) ;
#482 = CARTESIAN_POINT ( 'NONE',  ( 154.2614400241291150, -2.125054127682586724, -305.2233521272293615 ) ) ;
#483 = APPLICATION_CONTEXT ( 'automotive_design' ) ;
#484 = CARTESIAN_POINT ( 'NONE',  ( 154.6758406867323288, -3.415678573564098208, -300.0000000000000000 ) ) ;
#485 = CARTESIAN_POINT ( 'NONE',  ( 161.3832634218449869, -1.556435976815540467, -299.5698916770462574 ) ) ;
#486 = CARTESIAN_POINT ( 'NONE',  ( 158.6747507466980096, -3.152250435396009465, -305.0000000000000000 ) ) ;
#487 = ORIENTED_EDGE ( 'NONE', *, *, #18, .T. ) ;
#488 = CARTESIAN_POINT ( 'NONE',  ( -10.83524840594537153, -0.8959260452233718253, -480.0000000000000000 ) ) ;
#489 = CARTESIAN_POINT ( 'NONE',  ( 179.6746486886088974, -0.3771731830607567559, -484.8000000000000114 ) ) ;
#490 = CARTESIAN_POINT ( 'NONE',  ( 160.6758406867323004, -10.00000000000000000, -303.0000000000000000 ) ) ;
#491 = ADVANCED_FACE ( 'NONE', ( #1375 ), #352, .T. ) ;
#492 = DIRECTION ( 'NONE',  ( 0.000000000000000000, -0.01056833616794993977, -0.9999441535759090449 ) ) ;
#493 = CARTESIAN_POINT ( 'NONE',  ( 164.7588814999086253, -0.1675709097036222894, -297.9019909690500754 ) ) ;
#494 = CARTESIAN_POINT ( 'NONE',  ( 151.5980092893945539, -0.5851487595002065056, -306.7873293643508532 ) ) ;
#495 = ORIENTED_EDGE ( 'NONE', *, *, #1492, .F. ) ;
#496 = CARTESIAN_POINT ( 'NONE',  ( 62.57871633324648997, -3.971997849574086192, -484.8000000000000114 ) ) ;
#497 = CARTESIAN_POINT ( 'NONE',  ( 162.6758406871442162, -0.07789116507855818605, -300.6444975597277676 ) ) ;
#498 = FACE_OUTER_BOUND ( 'NONE', #1412, .T. ) ;
#499 = PRODUCT_CONTEXT ( 'NONE', #483, 'mechanical' ) ;
#500 = CARTESIAN_POINT ( 'NONE',  ( 154.6732737524465904, -3.255334432914442910, -303.0000000000000000 ) ) ;
#501 = CARTESIAN_POINT ( 'NONE',  ( 163.6485856825277665, -0.3150845476490806707, -298.2079994453468998 ) ) ;
#502 = CARTESIAN_POINT ( 'NONE',  ( 150.3341284877187718, -0.4837993789820984603, -306.7335318914534241 ) ) ;
#503 = VERTEX_POINT ( 'NONE', #742 ) ;
#504 = CARTESIAN_POINT ( 'NONE',  ( -13.65052910043791812, -0.02233389580498377699, -480.0000000000000000 ) ) ;
#505 = FACE_OUTER_BOUND ( 'NONE', #1362, .T. ) ;
#506 = CARTESIAN_POINT ( 'NONE',  ( 154.3990989143083823, -2.334438718741820296, -299.8545681136419603 ) ) ;
#507 = DIRECTION ( 'NONE',  ( 1.000000000000000000, 0.000000000000000000, 0.000000000000000000 ) ) ;
#508 = PLANE ( 'NONE',  #512 ) ;
#509 = CARTESIAN_POINT ( 'NONE',  ( 162.9381611909148262, -0.5426886773878620840, -298.6344167519424104 ) ) ;
#510 = CARTESIAN_POINT ( 'NONE',  ( 152.6758406867323856, -3.383487109173174190, -303.0000031648571621 ) ) ;
#511 = EDGE_LOOP ( 'NONE', ( #1553, #663, #1454, #1702, #1637 ) ) ;
#512 = AXIS2_PLACEMENT_3D ( 'NONE', #1053, #1739, #1345 ) ;
#513 = CARTESIAN_POINT ( 'NONE',  ( 52.61730293788018997, -4.052370963394602121, -484.8000000000000114 ) ) ;
#514 = EDGE_CURVE ( 'NONE', #211, #1628, #605, .T. ) ;
#515 = CARTESIAN_POINT ( 'NONE',  ( 153.2956098083991492, -1.270351625405883755, -299.2150727935724603 ) ) ;
#516 = B_SPLINE_CURVE_WITH_KNOTS ( 'NONE', 3,
 ( #842, #453, #1546, #725 ),
 .UNSPECIFIED., .F., .F.,
 ( 4, 4 ),
 ( 0.002000202848260650493, 0.008004300535991784593 ),
 .UNSPECIFIED. ) ;
#517 = CARTESIAN_POINT ( 'NONE',  ( 179.6758406867323004, -0.3879641743153375288, -430.0000000000000000 ) ) ;
#518 = CARTESIAN_POINT ( 'NONE',  ( 160.6758406867327551, -3.118355936370472925, -305.0000000000000568 ) ) ;
#519 = ORIENTED_EDGE ( 'NONE', *, *, #743, .T. ) ;
#520 = CARTESIAN_POINT ( 'NONE',  ( 43.58620529274593025, -4.348143293032396883, 0.000000000000000000 ) ) ;
#521 = CARTESIAN_POINT ( 'NONE',  ( 154.0148667157810394, -1.835692446589958449, -299.6345082767126655 ) ) ;
#522 = CARTESIAN_POINT ( 'NONE',  ( 62.58387089175442242, -3.974423467325334247, -480.0000000000000000 ) ) ;
#523 = PRODUCT_RELATED_PRODUCT_CATEGORY ( 'part', '', ( #306 ) ) ;
#524 = CARTESIAN_POINT ( 'NONE',  ( 152.6758406867323288, -0.3074051308587515408, -296.9335393403001717 ) ) ;
#525 =( BOUNDED_SURFACE ( )  B_SPLINE_SURFACE ( 3, 2, ( 
 ( #730, #1304, #1558 ),
 ( #1418, #1541, #1273 ),
 ( #1685, #90, #1007 ),
 ( #216, #894, #737 ),
 ( #475, #209, #613 ),
 ( #761, #331, #1575 ),
 ( #875, #1425, #1289 ),
 ( #621, #72, #1700 ),
 ( #338, #1164, #485 ),
 ( #885, #752, #82 ),
 ( #348, #1725, #934 ),
 ( #375, #1189, #1733 ),
 ( #1072, #902, #1205 ),
 ( #1740, #1474, #509 ),
 ( #366, #1338, #1055 ),
 ( #911, #493, #1606 ),
 ( #918, #382, #105 ),
 ( #1467, #1459, #647 ) ),
 .UNSPECIFIED., .F., .F., .T. ) 
 B_SPLINE_SURFACE_WITH_KNOTS ( ( 4, 2, 2, 2, 2, 2, 2, 2, 4 ),
 ( 3, 3 ),
 ( -3.714476642935338191E-16, 0.001185592373952875245, 0.001778388560929498484, 0.002371184747906121722, 0.002963980934882744743, 0.003556777121859368198, 0.004742369495812614674, 0.007113554243719107627, 0.009484738991625600579 ),
 ( 0.000000000000000000, 1.000000000000000000 ),
 .UNSPECIFIED. ) 
 GEOMETRIC_REPRESENTATION_ITEM ( )  RATIONAL_B_SPLINE_SURFACE ( (
 ( 1.000000000000000000, 0.7071714137973015291, 1.000000000000000000),
 ( 1.000000000000000000, 0.7079448613129193379, 1.000000000000000000),
 ( 1.000000000000000000, 0.7156138288587245988, 1.000000000000000000),
 ( 1.000000000000000000, 0.7346701952280791925, 1.000000000000000000),
 ( 1.000000000000000000, 0.7422652350357643591, 1.000000000000000000),
 ( 1.000000000000000000, 0.7588101096467640971, 1.000000000000000000),
 ( 1.000000000000000000, 0.7678112406802199974, 1.000000000000000000),
 ( 1.000000000000000000, 0.7866784791866976434, 1.000000000000000000),
 ( 1.000000000000000000, 0.7965943246325503102, 1.000000000000000000),
 ( 1.000000000000000000, 0.8163551017264459864, 1.000000000000000000),
 ( 1.000000000000000000, 0.8262473527397097284, 1.000000000000000000),
 ( 1.000000000000000000, 0.8554800772478631243, 1.000000000000000000),
 ( 1.000000000000000000, 0.8744642210155453288, 1.000000000000000000),
 ( 1.000000000000000000, 0.9264362546690046996, 1.000000000000000000),
 ( 1.000000000000000000, 0.9536520561132948437, 1.000000000000000000),
 ( 1.000000000000000000, 0.9906681123816734047, 1.000000000000000000),
 ( 1.000000000000000000, 0.9999874556759800193, 1.000000000000000000),
 ( 1.000000000000000000, 1.000000000000000000, 1.000000000000000000) ) ) 
 REPRESENTATION_ITEM ( '' )  SURFACE ( )  );
#526 = CARTESIAN_POINT ( 'NONE',  ( 160.6982199065938630, -2.790884548526997300, -299.9854440173978674 ) ) ;
#527 = PLANE ( 'NONE',  #1593 ) ;
#528 = ORIENTED_EDGE ( 'NONE', *, *, #441, .F. ) ;
#529 = CARTESIAN_POINT ( 'NONE',  ( 26.38787797585424499, 13.01615533132223490, -480.0000000000000000 ) ) ;
#530 = CARTESIAN_POINT ( 'NONE',  ( 152.6758406867323004, -3.415678573564098208, -302.0000000000000000 ) ) ;
#531 = CARTESIAN_POINT ( 'NONE',  ( 113.3998346817352711, -2.223553461073649373, -480.0000000000000000 ) ) ;
#532 = EDGE_CURVE ( 'NONE', #503, #59, #1322, .T. ) ;
#533 = CARTESIAN_POINT ( 'NONE',  ( 152.6833248127647664, -2.973223442347210366, -304.9779546356008950 ) ) ;
#534 = B_SPLINE_CURVE_WITH_KNOTS ( 'NONE', 3,
 ( #112, #652, #1196, #925 ),
 .UNSPECIFIED., .F., .F.,
 ( 4, 4 ),
 ( 0.000000000000000000, 3.172262786174507676E-05 ),
 .UNSPECIFIED. ) ;
#535 = AXIS2_PLACEMENT_3D ( 'NONE', #245, #1346, #790 ) ;
#536 = CARTESIAN_POINT ( 'NONE',  ( 152.2503397059549286, -0.3225883894714433597, -296.9995959325698323 ) ) ;
#537 =( BOUNDED_CURVE ( )  B_SPLINE_CURVE ( 3, ( #144, #287, #833, #1753 ),
 .UNSPECIFIED., .F., .T. ) 
 B_SPLINE_CURVE_WITH_KNOTS ( ( 4, 4 ),
 ( 0.000000000000000000, 1.047197551196599408 ),
 .UNSPECIFIED. ) 
 CURVE ( )  GEOMETRIC_REPRESENTATION_ITEM ( )  RATIONAL_B_SPLINE_CURVE ( ( 1.000000000000000000, 0.9106836025229588794, 0.9106836025229588794, 1.000000000000000000 ) ) 
 REPRESENTATION_ITEM ( '' )  );
#538 = CARTESIAN_POINT ( 'NONE',  ( 160.6758406867323004, -3.118355936370480919, -303.0000000000000000 ) ) ;
#539 = CARTESIAN_POINT ( 'NONE',  ( 165.2114092463409918, 2.309679900708087263, -484.8000000000000114 ) ) ;
#540 = VERTEX_POINT ( 'NONE', #231 ) ;
#541 = CARTESIAN_POINT ( 'NONE',  ( 119.9557465855945111, 8.531411223763484486, -480.0000000000000000 ) ) ;
#542 = ORIENTED_EDGE ( 'NONE', *, *, #1433, .F. ) ;
#543 = CARTESIAN_POINT ( 'NONE',  ( 73.22275164550062243, -4.044607191464002938, 0.000000000000000000 ) ) ;
#544 = EDGE_CURVE ( 'NONE', #1352, #1349, #457, .T. ) ;
#545 = CARTESIAN_POINT ( 'NONE',  ( 161.6758406867323004, -10.00000000000000000, -300.2679491924311037 ) ) ;
#546 = CARTESIAN_POINT ( 'NONE',  ( 169.0756475546244531, -0.06321008156731579286, -180.0000000000000000 ) ) ;
#547 = CARTESIAN_POINT ( 'NONE',  ( 159.1758406867323004, -7.000000000000000000, -300.0000000000000000 ) ) ;
#548 = CARTESIAN_POINT ( 'NONE',  ( 162.6758406867323004, -3.097849422868113045, -300.0001858503876520 ) ) ;
#549 = ORIENTED_EDGE ( 'NONE', *, *, #480, .F. ) ;
#550 = CARTESIAN_POINT ( 'NONE',  ( 81.25617708429797403, 12.12288412360681633, -480.0000000000000000 ) ) ;
#551 = CARTESIAN_POINT ( 'NONE',  ( 149.5687973948002707, -0.4183297341268359948, -296.9995557778239004 ) ) ;
#552 = CARTESIAN_POINT ( 'NONE',  ( 53.18170167061617093, -4.319182288010790849, 0.000000000000000000 ) ) ;
#553 = CARTESIAN_POINT ( 'NONE',  ( 152.2505069130424431, -0.3211009040716280571, -307.9995960129355126 ) ) ;
#554 = CARTESIAN_POINT ( 'NONE',  ( 160.6789216756448866, -2.845317363033951441, -305.0027175764100207 ) ) ;
#555 = CARTESIAN_POINT ( 'NONE',  ( 163.6486986405816708, -0.3143986678941301238, -306.7916028639870092 ) ) ;
#556 = CARTESIAN_POINT ( 'NONE',  ( 149.4725916052292405, -0.4201362609245625213, -307.9995544229739153 ) ) ;
#557 = VERTEX_POINT ( 'NONE', #1464 ) ;
#558 = CARTESIAN_POINT ( 'NONE',  ( 43.25039654631655850, 13.47838960688127763, -484.8000000000000114 ) ) ;
#559 = ORIENTED_EDGE ( 'NONE', *, *, #702, .F. ) ;
#560 = CARTESIAN_POINT ( 'NONE',  ( 150.4796684595712577, -0.4841331332246673891, -297.9058849760235717 ) ) ;
#561 = CARTESIAN_POINT ( 'NONE',  ( 9.788109984246043282, -3.259979184930926088, -484.8000000000000114 ) ) ;
#562 = DIRECTION ( 'NONE',  ( 0.9994943088293672950, 0.03179821720954521813, 0.000000000000000000 ) ) ;
#563 = PRODUCT_DEFINITION_CONTEXT ( 'detailed design', #662, 'design' ) ;
#564 = CARTESIAN_POINT ( 'NONE',  ( 149.8745261294230033, -0.4073387681582880115, -297.5076148295963776 ) ) ;
#565 = CARTESIAN_POINT ( 'NONE',  ( 141.3708590523469866, -0.7063881108528672348, -484.8000000000000114 ) ) ;
#566 = CARTESIAN_POINT ( 'NONE',  ( 160.6762063207010840, -3.087086066609741053, -299.9998262954052848 ) ) ;
#567 = CARTESIAN_POINT ( 'NONE',  ( 153.6758406867323004, -10.00000000000000000, -300.2679491924311037 ) ) ;
#568 = CARTESIAN_POINT ( 'NONE',  ( 176.8164817961211384, -0.2270974608578159581, -429.9999999999999432 ) ) ;
#569 = EDGE_CURVE ( 'NONE', #784, #832, #820, .T. ) ;
#570 = ORIENTED_EDGE ( 'NONE', *, *, #824, .T. ) ;
#571 = CARTESIAN_POINT ( 'NONE',  ( 151.7983058063940405, -0.6311520079240467984, -298.3310276325053678 ) ) ;
#572 = EDGE_CURVE ( 'NONE', #248, #1340, #1738, .T. ) ;
#573 = CARTESIAN_POINT ( 'NONE',  ( 101.2372678745173715, 10.30162484350351448, 0.000000000000000000 ) ) ;
#574 = CARTESIAN_POINT ( 'NONE',  ( 137.6985803649866398, 6.316006408808402028, -429.9999999999999432 ) ) ;
#575 = AXIS2_PLACEMENT_3D ( 'NONE', #1583, #1039, #379 ) ;
#576 = CARTESIAN_POINT ( 'NONE',  ( 152.6758406867323004, -3.415678573564098208, -302.0000000000000000 ) ) ;
#577 = CARTESIAN_POINT ( 'NONE',  ( 123.3956785152506228, -1.776841705864479204, 0.000000000000000000 ) ) ;
#578 = EDGE_CURVE ( 'NONE', #326, #227, #277, .T. ) ;
#579 = CARTESIAN_POINT ( 'NONE',  ( 137.6758406867323004, -25.12535817568845431, -430.0000000000000000 ) ) ;
#580 = CARTESIAN_POINT ( 'NONE',  ( 162.6758406867323004, -10.00000000000000000, -305.0000000000000000 ) ) ;
#581 = CARTESIAN_POINT ( 'NONE',  ( 165.2119767472653677, 2.309244160260913059, -480.0000000000000000 ) ) ;
#582 = ORIENTED_EDGE ( 'NONE', *, *, #51, .F. ) ;
#583 = CARTESIAN_POINT ( 'NONE',  ( 179.6770530848660883, -0.3988440121689499906, -480.0000000000000000 ) ) ;
#584 = CARTESIAN_POINT ( 'NONE',  ( 11.77287296290922392, 11.77076995481561106, -480.0000000000000000 ) ) ;
#585 = CARTESIAN_POINT ( 'NONE',  ( 137.6758406867323572, 6.301833738322074829, -347.3612859682984322 ) ) ;
#586 = DIRECTION ( 'NONE',  ( 0.000000000000000000, 0.000000000000000000, -1.000000000000000000 ) ) ;
#587 = CARTESIAN_POINT ( 'NONE',  ( 161.7797769188117627, -1.202621423548290158, -305.6687711437521671 ) ) ;
#588 = CARTESIAN_POINT ( 'NONE',  ( 163.0389063878166667, -0.07540523196798867844, -304.9999999997002078 ) ) ;
#589 = CARTESIAN_POINT ( 'NONE',  ( 153.0418660905167201, -9.366025403784457026, -300.6339745962155234 ) ) ;
#590 = CARTESIAN_POINT ( 'NONE',  ( 159.5226274342226418, 3.183639134099017998, -180.0000000000000000 ) ) ;
#591 = ORIENTED_EDGE ( 'NONE', *, *, #1023, .F. ) ;
#592 = CARTESIAN_POINT ( 'NONE',  ( 123.3956785152506228, -1.776841705864479204, 0.000000000000000000 ) ) ;
#593 = CARTESIAN_POINT ( 'NONE',  ( 27.02277729597986422, 12.62015822049518832, 0.000000000000000000 ) ) ;
#594 = CARTESIAN_POINT ( 'NONE',  ( 153.6226933590207011, -1.491400833738160125, -305.5929948928879867 ) ) ;
#595 = CARTESIAN_POINT ( 'NONE',  ( 165.3250785915769256, -0.06659306806389761468, -307.4389787314019031 ) ) ;
#596 = CARTESIAN_POINT ( 'NONE',  ( 149.7037171311815484, -0.4426629905476007210, 0.000000000000000000 ) ) ;
#597 = CARTESIAN_POINT ( 'NONE',  ( 137.6758406867322719, -0.9348783956984964005, -267.1375840754016053 ) ) ;
#598 = CARTESIAN_POINT ( 'NONE',  ( 140.4504203655188803, 5.904327095428193672, -180.0000000000000000 ) ) ;
#599 = AXIS2_PLACEMENT_3D ( 'NONE', #926, #682, #791 ) ;
#600 = ORIENTED_EDGE ( 'NONE', *, *, #578, .F. ) ;
#601 = CARTESIAN_POINT ( 'NONE',  ( 178.2585906449963034, -0.2637820881990760591, -480.0000000000000000 ) ) ;
#602 = CARTESIAN_POINT ( 'NONE',  ( -14.33696193022107224, 4.687370186854693976, -484.8000000000000114 ) ) ;
#603 = CARTESIAN_POINT ( 'NONE',  ( 150.0212865940440849, -0.4006363731582214815, -307.5477531464765093 ) ) ;
#604 = CARTESIAN_POINT ( 'NONE',  ( 161.1305477443443976, -1.846351055640215844, -305.2772938492462913 ) ) ;
#605 = CIRCLE ( 'NONE', #1624, 2.000000000000001776 ) ;
#606 = CARTESIAN_POINT ( 'NONE',  ( 137.6758406867323288, -0.9477983199859609797, -204.8964525923903750 ) ) ;
#607 = LINE ( 'NONE', #1148, #6 ) ;
#608 = ORIENTED_EDGE ( 'NONE', *, *, #199, .F. ) ;
#609 = CARTESIAN_POINT ( 'NONE',  ( 93.62913818886050876, -3.457398024471676212, 0.000000000000000000 ) ) ;
#610 = CARTESIAN_POINT ( 'NONE',  ( 137.5404599610495211, 6.359564206193001112, -484.8000000000000114 ) ) ;
#611 = CARTESIAN_POINT ( 'NONE',  ( 152.4141378564933120, -2.184815678377297843, -303.3723750934623808 ) ) ;
#612 = CARTESIAN_POINT ( 'NONE',  ( 161.3832549244945369, -1.555889816597574749, -305.4298442543542933 ) ) ;
#613 = CARTESIAN_POINT ( 'NONE',  ( 160.9260468635422967, -2.160603323431615763, -299.8463262545080283 ) ) ;
#614 = CARTESIAN_POINT ( 'NONE',  ( 154.5060349846681618, -2.536749097085945426, -305.0853007191545316 ) ) ;
#615 = ADVANCED_FACE ( 'NONE', ( #498 ), #831, .T. ) ;
#616 = VERTEX_POINT ( 'NONE', #1229 ) ;
#617 = CARTESIAN_POINT ( 'NONE',  ( 93.24813248676711908, -3.279417472581861226, -480.0000000000000000 ) ) ;
#618 = CARTESIAN_POINT ( 'NONE',  ( 177.0158213435556149, 0.1355424180607971429, 0.000000000000000000 ) ) ;
#619 = CARTESIAN_POINT ( 'NONE',  ( 153.4074499493597727, -1.340181481495344551, -305.7188386255452315 ) ) ;
#620 = DIRECTION ( 'NONE',  ( 0.000000000000000000, 0.000000000000000000, 1.000000000000000000 ) ) ;
#621 = CARTESIAN_POINT ( 'NONE',  ( 163.0374261957094006, -1.633615884438990307, -301.3734294543269812 ) ) ;
#622 = CARTESIAN_POINT ( 'NONE',  ( 154.6758406867323004, -10.00000000000000000, -302.0000000000000000 ) ) ;
#623 = EDGE_CURVE ( 'NONE', #674, #227, #646, .T. ) ;
#624 = EDGE_LOOP ( 'NONE', ( #608, #809, #1184 ) ) ;
#625 = CARTESIAN_POINT ( 'NONE',  ( -2.349133418294374831, -2.281384007834825756, -484.8000000000000114 ) ) ;
#626 = VECTOR ( 'NONE', #954, 1000.000000000000000 ) ;
#627 = CARTESIAN_POINT ( 'NONE',  ( 159.4720708683811949, 3.221852215111407514, -484.8000000000000114 ) ) ;
#628 = CARTESIAN_POINT ( 'NONE',  ( 152.6743141957814203, -3.320284218054903480, -300.0000000000000000 ) ) ;
#629 = SHAPE_DEFINITION_REPRESENTATION ( #845, #1177 ) ;
#630 = CARTESIAN_POINT ( 'NONE',  ( 160.6758406867323004, -3.119380022088914739, -300.0000000000001705 ) ) ;
#631 = DIRECTION ( 'NONE',  ( 1.000000000000000000, 0.000000000000000000, 0.000000000000000000 ) ) ;
#632 = ADVANCED_FACE ( 'NONE', ( #404 ), #134, .T. ) ;
#633 = ORIENTED_EDGE ( 'NONE', *, *, #421, .T. ) ;
#634 = CARTESIAN_POINT ( 'NONE',  ( 33.77733588304192125, -3.989504732196942349, -484.8000000000000114 ) ) ;
#635 = DIRECTION ( 'NONE',  ( 0.000000000000000000, -0.000000000000000000, 1.000000000000000000 ) ) ;
#636 = CARTESIAN_POINT ( 'NONE',  ( 137.6758406867323004, 6.269481212370192402, -191.9791854008510086 ) ) ;
#637 = CARTESIAN_POINT ( 'NONE',  ( 152.1817382115046371, -0.3242668891452367697, -299.9999999999999432 ) ) ;
#638 = CARTESIAN_POINT ( 'NONE',  ( 162.2194717935503263, -0.9121388249997007813, -299.0663589626767589 ) ) ;
#639 = CARTESIAN_POINT ( 'NONE',  ( 152.5657183038486266, -2.598879049345507397, -303.1423590349535857 ) ) ;
#640 = EDGE_LOOP ( 'NONE', ( #1525, #1103, #234, #75 ) ) ;
#641 = CARTESIAN_POINT ( 'NONE',  ( -15.71268716428375711, 3.421521792012651275, -480.0000000000000000 ) ) ;
#642 = CARTESIAN_POINT ( 'NONE',  ( 165.2687268397055504, 2.265670115543501062, 0.000000000000000000 ) ) ;
#643 = CARTESIAN_POINT ( 'NONE',  ( 154.1846614594767573, -2.026611692903824036, -299.7323558662827736 ) ) ;
#644 =( BOUNDED_SURFACE ( )  B_SPLINE_SURFACE ( 3, 2, ( 
 ( #1636, #974, #556 ),
 ( #283, #1109, #409 ),
 ( #683, #46, #1102 ),
 ( #817, #1493, #1674 ),
 ( #263, #588, #140 ),
 ( #720, #1400, #1234 ) ),
 .UNSPECIFIED., .F., .F., .T. ) 
 B_SPLINE_SURFACE_WITH_KNOTS ( ( 4, 2, 4 ),
 ( 3, 3 ),
 ( 0.09013307182264719553, 0.09823079605067072673, 0.1063285202786942441 ),
 ( 0.000000000000000000, 1.000000000000000000 ),
 .UNSPECIFIED. ) 
 GEOMETRIC_REPRESENTATION_ITEM ( )  RATIONAL_B_SPLINE_SURFACE ( (
 ( 1.000000000000000000, 0.7071592909929668158, 1.000000000000000000),
 ( 1.000000000000000000, 0.7071545043798711516, 1.000000000000000000),
 ( 1.000000000000000000, 0.7071497465838443297, 1.000000000000000000),
 ( 1.000000000000000000, 0.7071402472991681343, 1.000000000000000000),
 ( 1.000000000000000000, 0.7071353991144182505, 1.000000000000000000),
 ( 1.000000000000000000, 0.7071306444799846380, 1.000000000000000000) ) ) 
 REPRESENTATION_ITEM ( '' )  SURFACE ( )  );
#645 = FACE_BOUND ( 'NONE', #746, .T. ) ;
#646 = B_SPLINE_CURVE_WITH_KNOTS ( 'NONE', 1,
 ( #697, #276 ),
 .UNSPECIFIED., .F., .F.,
 ( 2, 2 ),
 ( 0.3750000000000000000, 0.8958333333333337034 ),
 .UNSPECIFIED. ) ;
#647 = CARTESIAN_POINT ( 'NONE',  ( 165.6635295828561993, -0.06593228581796314880, -296.9997960402048989 ) ) ;
#648 = CARTESIAN_POINT ( 'NONE',  ( 151.9517922463871287, -1.451018288364202657, -304.1013515359422854 ) ) ;
#649 = ORIENTED_EDGE ( 'NONE', *, *, #889, .F. ) ;
#650 = CARTESIAN_POINT ( 'NONE',  ( -16.32234087819342960, 1.677152668944637881, -484.8000000000000114 ) ) ;
#651 = CARTESIAN_POINT ( 'NONE',  ( 152.0229232342609578, -1.544616355441055022, -301.0114585915756606 ) ) ;
#652 = CARTESIAN_POINT ( 'NONE',  ( 160.6760793529388138, -3.097208716984357846, -305.0000558639902124 ) ) ;
#653 = CARTESIAN_POINT ( 'NONE',  ( 162.6758406867323288, -3.107782567778339722, -304.9998806624610097 ) ) ;
#654 = ORIENTED_EDGE ( 'NONE', *, *, #1682, .T. ) ;
#655 = VECTOR ( 'NONE', #97, 1000.000000000000000 ) ;
#656 = CARTESIAN_POINT ( 'NONE',  ( 63.09932674254688578, -4.216985242450103755, 0.000000000000000000 ) ) ;
#657 = CARTESIAN_POINT ( 'NONE',  ( 179.6758405560026119, -0.3879165230909059070, -430.0000000000000568 ) ) ;
#658 = CARTESIAN_POINT ( 'NONE',  ( -10.84351754945819302, -0.8917485944864971259, -484.8000000000000114 ) ) ;
#659 = CARTESIAN_POINT ( 'NONE',  ( 149.5798806979121309, -3.419852114136737509, -300.0000000000000000 ) ) ;
#660 = CARTESIAN_POINT ( 'NONE',  ( 160.6779079555858232, -2.936773884021490755, -299.9982092327883265 ) ) ;
#661 = DIRECTION ( 'NONE',  ( -1.000000000000000000, 0.000000000000000000, 0.000000000000000000 ) ) ;
#662 = APPLICATION_CONTEXT ( 'automotive_design' ) ;
#663 = ORIENTED_EDGE ( 'NONE', *, *, #1204, .F. ) ;
#664 = ADVANCED_FACE ( 'NONE', ( #31 ), #1745, .T. ) ;
#665 = CARTESIAN_POINT ( 'NONE',  ( 52.35177606659411964, 13.40810478499789937, -480.0000000000000000 ) ) ;
#666 = EDGE_CURVE ( 'NONE', #402, #616, #968, .T. ) ;
#667 = ORIENTED_EDGE ( 'NONE', *, *, #1204, .T. ) ;
#668 = CARTESIAN_POINT ( 'NONE',  ( 152.6758438519733829, -3.383483024268472583, -305.0000000000000000 ) ) ;
#669 = CARTESIAN_POINT ( 'NONE',  ( -14.63533721803532117, 0.3346072642946015252, 0.000000000000000000 ) ) ;
#670 = CARTESIAN_POINT ( 'NONE',  ( 160.3184937764443987, -0.1181054137580244551, -296.9997159665118716 ) ) ;
#671 =( LENGTH_UNIT ( ) NAMED_UNIT ( * ) SI_UNIT ( .MILLI., .METRE. ) );
#672 = CARTESIAN_POINT ( 'NONE',  ( 163.2036744110203870, -1.350931868171536987, -303.9069219251827576 ) ) ;
#673 = CARTESIAN_POINT ( 'NONE',  ( 173.8765788002210968, 0.7724628724253266299, -480.0000000000000000 ) ) ;
#674 = VERTEX_POINT ( 'NONE', #1237 ) ;
#675 = CARTESIAN_POINT ( 'NONE',  ( 110.8456426649968307, 9.366999014998230066, 0.000000000000000000 ) ) ;
#676 = ADVANCED_FACE ( 'NONE', ( #1640 ), #1363, .F. ) ;
#677 = CARTESIAN_POINT ( 'NONE',  ( 150.5860116845407504, -0.4411084333231234389, -297.6085859988442621 ) ) ;
#678 = CARTESIAN_POINT ( 'NONE',  ( 25.12176866118714358, -3.841925445612448531, -480.0000000000000000 ) ) ;
#679 = CARTESIAN_POINT ( 'NONE',  ( 159.1758406867323004, -7.000000000000000000, -310.0000000000000000 ) ) ;
#680 = CIRCLE ( 'NONE', #1680, 1.500000000000001332 ) ;
#681 = CARTESIAN_POINT ( 'NONE',  ( 162.6521559741428291, -2.735358243201968964, -304.9767088893009941 ) ) ;
#682 = DIRECTION ( 'NONE',  ( 0.000000000000000000, 1.000000000000000000, 0.000000000000000000 ) ) ;
#683 = CARTESIAN_POINT ( 'NONE',  ( 154.9755747591716215, -3.240761355091807516, -304.9999999999999432 ) ) ;
#684 = ORIENTED_EDGE ( 'NONE', *, *, #884, .T. ) ;
#685 = CARTESIAN_POINT ( 'NONE',  ( 137.5404599610495211, 6.359564206193001112, -484.8000000000000114 ) ) ;
#686 = AXIS2_PLACEMENT_3D ( 'NONE', #901, #788, #1449 ) ;
#687 = B_SPLINE_CURVE_WITH_KNOTS ( 'NONE', 3,
 ( #200, #1295, #744, #1409, #459, #1443, #466 ),
 .UNSPECIFIED., .F., .F.,
 ( 4, 3, 4 ),
 ( 0.002000000021950708654, 0.002500416370010821124, 0.003000000032925397714 ),
 .UNSPECIFIED. ) ;
#688 = ORIENTED_EDGE ( 'NONE', *, *, #850, .T. ) ;
#689 = CARTESIAN_POINT ( 'NONE',  ( 150.0211912401904328, -0.4021105864538483954, -297.4514294002408406 ) ) ;
#690 = CARTESIAN_POINT ( 'NONE',  ( -7.073031524354562727, -1.627373482860542619, -484.8000000000000114 ) ) ;
#691 = CARTESIAN_POINT ( 'NONE',  ( 137.6758406867323288, 6.319005525128146949, -429.9999999999999432 ) ) ;
#692 = CARTESIAN_POINT ( 'NONE',  ( 165.6635295828558014, -0.06593228581796455046, -296.9997960402060926 ) ) ;
#693 = CARTESIAN_POINT ( 'NONE',  ( 162.6870324143720836, -2.769498784059765129, -303.0241528739524028 ) ) ;
#694 = LINE ( 'NONE', #579, #88 ) ;
#695 = ORIENTED_EDGE ( 'NONE', *, *, #1058, .T. ) ;
#696 = CARTESIAN_POINT ( 'NONE',  ( 19.43461473771418113, 12.07865143525630103, 0.000000000000000000 ) ) ;
#697 = CARTESIAN_POINT ( 'NONE',  ( 179.6758378702645587, -0.3878923695565508756, -180.0000000000000000 ) ) ;
#698 = CARTESIAN_POINT ( 'NONE',  ( 25.79931668085154328, -4.167639974534695924, 0.000000000000000000 ) ) ;
#699 = CARTESIAN_POINT ( 'NONE',  ( 154.6758406867323004, -3.415678573564098652, -300.0000000000000000 ) ) ;
#700 = CARTESIAN_POINT ( 'NONE',  ( 137.6758406867323004, -0.9529702091683536214, -180.0000000000000000 ) ) ;
#701 = CARTESIAN_POINT ( 'NONE',  ( 149.5719547542783232, -0.3755928074884163359, -484.8000000000000114 ) ) ;
#702 = EDGE_CURVE ( 'NONE', #1602, #402, #537, .T. ) ;
#703 = CARTESIAN_POINT ( 'NONE',  ( 162.6758406867322435, -3.065567117891089932, -301.9997104923421603 ) ) ;
#704 = LINE ( 'NONE', #1274, #93 ) ;
#705 = CARTESIAN_POINT ( 'NONE',  ( -4.897487815925828158, 8.657632442591660649, -484.8000000000000114 ) ) ;
#706 = CARTESIAN_POINT ( 'NONE',  ( 52.87326759349286220, 13.06764143379474774, 0.000000000000000000 ) ) ;
#707 = EDGE_CURVE ( 'NONE', #218, #801, #425, .T. ) ;
#708 = CARTESIAN_POINT ( 'NONE',  ( 152.6743236131871129, -3.320283918446682137, -302.0000094221259701 ) ) ;
#709 = B_SPLINE_SURFACE_WITH_KNOTS ( 'NONE', 3, 1, ( 
 ( #302, #1138, #858 ),
 ( #1408, #1108, #322 ),
 ( #868, #1684, #847 ),
 ( #1520, #1378, #1652 ),
 ( #183, #1128, #55 ),
 ( #427, #292, #156 ),
 ( #1387, #458, #174 ),
 ( #1006, #719, #1262 ),
 ( #596, #163, #701 ),
 ( #1242, #26, #565 ),
 ( #711, #1252, #35 ),
 ( #577, #1238, #153 ),
 ( #1747, #531, #288 ),
 ( #135, #1612, #1632 ),
 ( #834, #278, #1384 ),
 ( #1480, #1498, #970 ),
 ( #543, #1088, #390 ),
 ( #405, #522, #1754 ),
 ( #552, #1098, #1374 ),
 ( #931, #1069, #1079 ),
 ( #822, #1621, #1641 ),
 ( #698, #678, #951 ),
 ( #1202, #414, #23 ),
 ( #961, #804, #561 ),
 ( #397, #1354, #1106 ),
 ( #1506, #942, #252 ),
 ( #125, #1650, #690 ),
 ( #14, #796, #658 ),
 ( #1488, #1344, #423 ),
 ( #669, #267, #1211 ),
 ( #259, #1221, #4 ),
 ( #812, #1365, #145 ),
 ( #1515, #1230, #1269 ),
 ( #726, #979, #602 ),
 ( #1415, #454, #1018 ),
 ( #61, #42, #171 ),
 ( #741, #843, #189 ),
 ( #735, #52, #1547 ),
 ( #1669, #1660, #1563 ),
 ( #855, #584, #161 ),
 ( #872, #1249, #335 ),
 ( #593, #1134, #1115 ),
 ( #1679, #32, #1258 ),
 ( #1144, #1689, #1422 ),
 ( #706, #716, #1125 ),
 ( #463, #865, #879 ),
 ( #444, #328, #196 ),
 ( #319, #1697, #434 ),
 ( #1527, #990, #1152 ),
 ( #573, #1003, #1405 ),
 ( #309, #1286, #298 ),
 ( #1394, #1278, #1536 ),
 ( #181, #1011, #471 ),
 ( #1555, #69, #610 ),
 ( #1178, #748, #757 ),
 ( #1318, #102, #372 ),
 ( #206, #1438, #627 ),
 ( #642, #361, #539 ),
 ( #1083, #1730, #1722 ),
 ( #481, #673, #1348 ),
 ( #618, #213, #1215 ),
 ( #1038, #1571, #907 ),
 ( #401, #221, #489 ),
 ( #1027, #774, #343 ) ),
 .UNSPECIFIED., .T., .F., .F.,
 ( 4, 1, 1, 1, 1, 1, 1, 1, 1, 1, 1, 1, 1, 1, 1, 1, 1, 1, 1, 1, 1, 1, 1, 1, 1, 1, 1, 1, 1, 1, 1, 1, 1, 1, 1, 1, 1, 1, 1, 1, 1, 1, 1, 1, 1, 1, 1, 1, 1, 1, 1, 1, 1, 1, 1, 1, 1, 1, 1, 1, 1, 4 ),
 ( 2, 1, 2 ),
 ( 0.000000000000000000, 0.001683666966304953050, 0.006670281404517641732, 0.01482216673949543484, 0.02596761882520304265, 0.03992174925132252472, 0.05644654153272510300, 0.07526418614325114387, 0.09607132787023986431, 0.1185426355322303227, 0.1423208274011107388, 0.1670598476339375527, 0.1924053398970229090, 0.2180726659120238997, 0.2439536307566957385, 0.2699179134581303208, 0.2956586339458423529, 0.3208759888793142334, 0.3452696200044567121, 0.3685591602400630773, 0.3904845758586830140, 0.4108017201025516707, 0.4292928840289487180, 0.4457676137112793757, 0.4600847857183585354, 0.4721153253472251121, 0.4818134222887942020, 0.4891607564795136254, 0.4942318754870071995, 0.4971465178837387588, 0.4973839657995610120, 0.5002314068393175495, 0.5050719534284533463, 0.5117555016550954239, 0.5203442777400434371, 0.5308696270947534934, 0.5433159956570867699, 0.5576270349270235904, 0.5737162629084708865, 0.5914767705433323641, 0.6107895397454283781, 0.6315042211354557899, 0.6534530063586861948, 0.6764560179584068189, 0.7003060871858559633, 0.7247790380070628924, 0.7496483297091041109, 0.7746610013541470607, 0.7995663428171677634, 0.8240981681227599331, 0.8480027876186548852, 0.8710057716068864142, 0.8928564458171321938, 0.9132887262472768608, 0.9320654160251946596, 0.9489446006755400953, 0.9636994592665341086, 0.9761263699187154863, 0.9861089879417380688, 0.9936020298976229181, 0.9983521454773316428, 1.000000000000000000 ),
 ( 0.000000000000000000, 1.000000000000000000, 1.010000000000000009 ),
 .UNSPECIFIED. ) ;
#710 = CARTESIAN_POINT ( 'NONE',  ( 139.0158569191326308, -0.8865857781038370966, -180.0000000000000000 ) ) ;
#711 = CARTESIAN_POINT ( 'NONE',  ( 132.7239282270294325, -1.240258920334050163, 0.000000000000000000 ) ) ;
#712 = CYLINDRICAL_SURFACE ( 'NONE', #1364, 2.000000000000001776 ) ;
#713 = CARTESIAN_POINT ( 'NONE',  ( 138.9870809287085081, -0.8378051624175736345, -429.9999999999999432 ) ) ;
#714 = ORIENTED_EDGE ( 'NONE', *, *, #1376, .F. ) ;
#715 = CARTESIAN_POINT ( 'NONE',  ( 179.6758378702645871, -0.3878923695565488217, -484.8000000000000114 ) ) ;
#716 = CARTESIAN_POINT ( 'NONE',  ( 52.35177606659411964, 13.40810478499789937, -480.0000000000000000 ) ) ;
#717 = CARTESIAN_POINT ( 'NONE',  ( 153.0418660905167201, -9.366025403784457026, -304.3660254037844197 ) ) ;
#718 = CARTESIAN_POINT ( 'NONE',  ( 165.6636932515400531, -0.06518383636886079802, -307.9997960819501372 ) ) ;
#719 = CARTESIAN_POINT ( 'NONE',  ( 156.9982504097534104, -0.1607380348278097670, -480.0000000000000000 ) ) ;
#720 = CARTESIAN_POINT ( 'NONE',  ( 165.7718655633302376, -3.064782088374532254, -305.0000000000000568 ) ) ;
#721 = ORIENTED_EDGE ( 'NONE', *, *, #923, .T. ) ;
#722 = CARTESIAN_POINT ( 'NONE',  ( 179.6758378702645018, -0.3878923695565453245, 0.000000000000000000 ) ) ;
#723 = ORIENTED_EDGE ( 'NONE', *, *, #532, .T. ) ;
#724 =( BOUNDED_SURFACE ( )  B_SPLINE_SURFACE ( 3, 2, ( 
 ( #1042, #1586, #903 ),
 ( #771, #935, #149 ),
 ( #8, #653, #1206 ),
 ( #1635, #798, #518 ) ),
 .UNSPECIFIED., .F., .F., .F. ) 
 B_SPLINE_SURFACE_WITH_KNOTS ( ( 4, 4 ),
 ( 3, 3 ),
 ( 0.000000000000000000, 5.285757533472363456E-05 ),
 ( 0.000000000000000000, 1.000000000000000000 ),
 .UNSPECIFIED. ) 
 GEOMETRIC_REPRESENTATION_ITEM ( )  RATIONAL_B_SPLINE_SURFACE ( (
 ( 1.000000000000000000, 0.7071700591667471336, 1.000000000000000000),
 ( 1.000000000000000000, 0.7071489705727602715, 1.000000000000000000),
 ( 1.000000000000000000, 0.7071278779132675885, 1.000000000000000000),
 ( 1.000000000000000000, 0.7071067811866308395, 1.000000000000000000) ) ) 
 REPRESENTATION_ITEM ( '' )  SURFACE ( )  );
#725 = CARTESIAN_POINT ( 'NONE',  ( 154.6733122308236545, -3.256687484028297774, -300.0000000000000000 ) ) ;
#726 = CARTESIAN_POINT ( 'NONE',  ( -13.49890478352671330, 4.233246216610701218, 0.000000000000000000 ) ) ;
#727 = CARTESIAN_POINT ( 'NONE',  ( 149.5689628447051973, -0.4166941419563026106, -307.9995558657848278 ) ) ;
#728 = CARTESIAN_POINT ( 'NONE',  ( 162.8031115951605443, -1.945069349576400430, -305.1333572667852536 ) ) ;
#729 = FACE_OUTER_BOUND ( 'NONE', #1658, .T. ) ;
#730 = CARTESIAN_POINT ( 'NONE',  ( 162.6758406867323288, -3.065567117891053073, -301.9997104923421603 ) ) ;
#731 = CARTESIAN_POINT ( 'NONE',  ( 165.0533904435373245, -0.1140787303337319203, -298.0105415490018004 ) ) ;
#732 = FACE_OUTER_BOUND ( 'NONE', #1198, .T. ) ;
#733 = ORIENTED_EDGE ( 'NONE', *, *, #1517, .F. ) ;
#734 = CARTESIAN_POINT ( 'NONE',  ( 173.3199410802057798, -0.09102422127747145097, -484.8000000000000114 ) ) ;
#735 = CARTESIAN_POINT ( 'NONE',  ( 0.6547660353389550547, 9.390384069227961206, 0.000000000000000000 ) ) ;
#736 = CARTESIAN_POINT ( 'NONE',  ( 137.6758406867322719, 6.279466608289746787, -239.8959270054748742 ) ) ;
#737 = CARTESIAN_POINT ( 'NONE',  ( 160.8687969129359487, -2.271750475050895002, -299.8810916699800941 ) ) ;
#738 = DIRECTION ( 'NONE',  ( 0.000000000000000000, 1.000000000000000000, 0.000000000000000000 ) ) ;
#739 = ORIENTED_EDGE ( 'NONE', *, *, #1581, .T. ) ;
#740 = CARTESIAN_POINT ( 'NONE',  ( 163.4977604009627328, -0.04921850705202431703, -484.8000000000000114 ) ) ;
#741 = CARTESIAN_POINT ( 'NONE',  ( -4.109593581351200342, 8.207141195834214642, 0.000000000000000000 ) ) ;
#742 = CARTESIAN_POINT ( 'NONE',  ( 137.6758406867323288, 6.319005525128146949, -429.9999999999999432 ) ) ;
#743 = EDGE_CURVE ( 'NONE', #1628, #1677, #1195, .T. ) ;
#744 = CARTESIAN_POINT ( 'NONE',  ( 152.6758406867323004, -3.415629147574265279, -302.3336108950454104 ) ) ;
#745 = CARTESIAN_POINT ( 'NONE',  ( 157.0084377181337061, -0.1660477500942701412, -429.9999999999999432 ) ) ;
#746 = EDGE_LOOP ( 'NONE', ( #1000, #1025 ) ) ;
#747 = CARTESIAN_POINT ( 'NONE',  ( 113.6911628119071480, -2.361690009188643025, 0.000000000000000000 ) ) ;
#748 = CARTESIAN_POINT ( 'NONE',  ( 145.5407419963270002, 5.269479873009603743, -480.0000000000000000 ) ) ;
#749 = CARTESIAN_POINT ( 'NONE',  ( 152.0980125610080620, -1.529738450432233110, -305.5139604862159786 ) ) ;
#750 =( NAMED_UNIT ( * ) PLANE_ANGLE_UNIT ( ) SI_UNIT ( $, .RADIAN. ) );
#751 = B_SPLINE_CURVE_WITH_KNOTS ( 'NONE', 3,
 ( #703, #273, #1370, #175 ),
 .UNSPECIFIED., .F., .F.,
 ( 4, 4 ),
 ( 6.114900252818245008E-17, 5.381368295233779109E-05 ),
 .UNSPECIFIED. ) ;
#752 = CARTESIAN_POINT ( 'NONE',  ( 162.8030866496410454, -1.945492784325458802, -299.8664500743755070 ) ) ;
#753 = CARTESIAN_POINT ( 'NONE',  ( 152.0835790764352851, -1.611348026650036402, -303.8910678584167044 ) ) ;
#754 = EDGE_CURVE ( 'NONE', #936, #1256, #1540, .T. ) ;
#755 = ORIENTED_EDGE ( 'NONE', *, *, #1149, .T. ) ;
#756 = CARTESIAN_POINT ( 'NONE',  ( -2.341201833467979831, -2.285313997903711591, -480.0000000000000000 ) ) ;
#757 = CARTESIAN_POINT ( 'NONE',  ( 145.5393870738044484, 5.270477545399046448, -484.8000000000000114 ) ) ;
#758 = CARTESIAN_POINT ( 'NONE',  ( 150.4796965771121791, -0.4827898539011021839, -307.0933880759939143 ) ) ;
#759 = EDGE_CURVE ( 'NONE', #801, #1256, #516, .T. ) ;
#760 = CARTESIAN_POINT ( 'NONE',  ( 162.7600679320926247, -2.347069473084208546, -301.8467151501569106 ) ) ;
#761 = CARTESIAN_POINT ( 'NONE',  ( 162.8968927193466243, -1.929777543809879203, -301.6119462135368963 ) ) ;
#762 = CARTESIAN_POINT ( 'NONE',  ( 152.0963095219663899, -0.7140861582502474603, -306.4914589542436261 ) ) ;
#763 = VERTEX_POINT ( 'NONE', #462 ) ;
#764 = CARTESIAN_POINT ( 'NONE',  ( -14.33696193022107224, 4.687370186854693976, -484.8000000000000114 ) ) ;
#765 = VECTOR ( 'NONE', #1662, 1000.000000000000000 ) ;
#766 = CARTESIAN_POINT ( 'NONE',  ( 154.6732737524468462, -3.255334432914434473, -304.9999999999999432 ) ) ;
#767 = CARTESIAN_POINT ( 'NONE',  ( 152.0858412592154991, -1.626115490311155654, -301.1116153357659755 ) ) ;
#768 = CARTESIAN_POINT ( 'NONE',  ( 162.6758406867323004, -9.000000000000028422, -303.7320508075688963 ) ) ;
#769 = CIRCLE ( 'NONE', #370, 1.999999999999991118 ) ;
#770 = PLANE ( 'NONE',  #535 ) ;
#771 = CARTESIAN_POINT ( 'NONE',  ( 162.6758406867323004, -3.083117552790050730, -303.0000931040710839 ) ) ;
#772 = ORIENTED_EDGE ( 'NONE', *, *, #385, .F. ) ;
#773 = CARTESIAN_POINT ( 'NONE',  ( -16.31389087763183454, 1.672743109225335312, -480.0000000000000000 ) ) ;
#774 = CARTESIAN_POINT ( 'NONE',  ( 179.6758378702645871, -0.3878923695565487662, -480.0000000000000000 ) ) ;
#775 = CARTESIAN_POINT ( 'NONE',  ( 179.6758406867323004, -0.3879641743153375288, -430.0000000000000000 ) ) ;
#776 = FACE_OUTER_BOUND ( 'NONE', #10, .T. ) ;
#777 =( NAMED_UNIT ( * ) PLANE_ANGLE_UNIT ( ) SI_UNIT ( $, .RADIAN. ) );
#778 = CARTESIAN_POINT ( 'NONE',  ( 154.6680348200536912, -3.104558742349604827, -305.0000000000002274 ) ) ;
#779 = ORIENTED_EDGE ( 'NONE', *, *, #1171, .F. ) ;
#780 = CARTESIAN_POINT ( 'NONE',  ( 9.788109984246043282, -3.259979184930926088, -484.8000000000000114 ) ) ;
#781 = CARTESIAN_POINT ( 'NONE',  ( 152.2055032263533860, -1.799639384500242079, -301.3011605153617438 ) ) ;
#782 = CARTESIAN_POINT ( 'NONE',  ( 162.3098152829478522, -9.366025403784457026, -304.3660254037844197 ) ) ;
#783 = CARTESIAN_POINT ( 'NONE',  ( 150.5866218452175360, -0.4266952272955185643, -307.3900019710728770 ) ) ;
#784 = VERTEX_POINT ( 'NONE', #1123 ) ;
#785 = CARTESIAN_POINT ( 'NONE',  ( -8.070681554721442552, 6.930005832337500671, 0.000000000000000000 ) ) ;
#786 = CARTESIAN_POINT ( 'NONE',  ( 151.6815381443485364, -1.182787329635130780, -300.4639691857325374 ) ) ;
#787 = APPLICATION_PROTOCOL_DEFINITION ( 'draft international standard', 'automotive_design', 1998, #662 ) ;
#788 = DIRECTION ( 'NONE',  ( 0.000000000000000000, -0.000000000000000000, 1.000000000000000000 ) ) ;
#789 = ADVANCED_FACE ( 'NONE', ( #1292, #1257 ), #993, .T. ) ;
#790 = DIRECTION ( 'NONE',  ( -0.000000000000000000, 0.000000000000000000, 1.000000000000000000 ) ) ;
#791 = DIRECTION ( 'NONE',  ( 0.000000000000000000, 0.000000000000000000, 1.000000000000000000 ) ) ;
#792 = ORIENTED_EDGE ( 'NONE', *, *, #226, .F. ) ;
#793 = AXIS2_PLACEMENT_3D ( 'NONE', #1040, #1071, #797 ) ;
#794 = CARTESIAN_POINT ( 'NONE',  ( 52.87326759349286220, 13.06764143379474774, 0.000000000000000000 ) ) ;
#795 = CARTESIAN_POINT ( 'NONE',  ( 152.6758406867323288, -3.383482998908370121, -303.0000031652665484 ) ) ;
#796 = CARTESIAN_POINT ( 'NONE',  ( -10.83524840594537153, -0.8959260452233718253, -480.0000000000000000 ) ) ;
#797 = DIRECTION ( 'NONE',  ( 1.000000000000000000, 0.000000000000000000, -0.000000000000000000 ) ) ;
#798 = CARTESIAN_POINT ( 'NONE',  ( 162.6758406867323004, -3.118355936370473369, -304.9999999999996021 ) ) ;
#799 = EDGE_CURVE ( 'NONE', #557, #326, #960, .T. ) ;
#800 = FACE_OUTER_BOUND ( 'NONE', #1560, .T. ) ;
#801 = VERTEX_POINT ( 'NONE', #167 ) ;
#802 = CARTESIAN_POINT ( 'NONE',  ( 152.8777389314730044, 4.216695317289156364, -484.8000000000000114 ) ) ;
#803 = CARTESIAN_POINT ( 'NONE',  ( 149.8226900802225998, -0.4092422226736746049, -297.1518785808710277 ) ) ;
#804 = CARTESIAN_POINT ( 'NONE',  ( 9.795537051249183946, -3.263599237541375597, -480.0000000000000000 ) ) ;
#805 = CARTESIAN_POINT ( 'NONE',  ( 154.6733122308236830, -3.256687484028295998, -300.0000000000000000 ) ) ;
#806 = CARTESIAN_POINT ( 'NONE',  ( 152.6743236131871129, -3.320283918446682581, -302.0000094221259701 ) ) ;
#807 = CARTESIAN_POINT ( 'NONE',  ( 162.9745989640127277, -1.740915272926327528, -303.5201498259933715 ) ) ;
#808 = CARTESIAN_POINT ( 'NONE',  ( 160.6758406867323004, -3.119380022088914739, -300.0000000000000000 ) ) ;
#809 = ORIENTED_EDGE ( 'NONE', *, *, #1622, .F. ) ;
#810 = CARTESIAN_POINT ( 'NONE',  ( 35.17394061859650378, 12.96703941266235383, 0.000000000000000000 ) ) ;
#811 = CARTESIAN_POINT ( 'NONE',  ( 152.6743005261608914, -3.319412826330439881, -303.0000094933579931 ) ) ;
#812 = CARTESIAN_POINT ( 'NONE',  ( -15.49125175170063606, 2.026594512098934597, 0.000000000000000000 ) ) ;
#813 = CARTESIAN_POINT ( 'NONE',  ( 154.6733122308235977, -3.256687484028300439, -302.0000000000000000 ) ) ;
#814 = AXIS2_PLACEMENT_3D ( 'NONE', #538, #271, #1626 ) ;
#815 = CARTESIAN_POINT ( 'NONE',  ( 150.1813716647605474, -0.4422066340274815599, -298.0147796985855280 ) ) ;
#816 = DIRECTION ( 'NONE',  ( -0.000000000000000000, 0.000000000000000000, 1.000000000000000000 ) ) ;
#817 = CARTESIAN_POINT ( 'NONE',  ( 160.3733898721017681, -3.116595523129174428, -304.9999999999999432 ) ) ;
#818 = ORIENTED_EDGE ( 'NONE', *, *, #1433, .T. ) ;
#819 = CARTESIAN_POINT ( 'NONE',  ( -4.109593581351200342, 8.207141195834214642, 0.000000000000000000 ) ) ;
#820 = CIRCLE ( 'NONE', #36, 2.000000000000001776 ) ;
#821 = CARTESIAN_POINT ( 'NONE',  ( 150.6932950673187008, -0.4346012811763865225, -297.6729991844806023 ) ) ;
#822 = CARTESIAN_POINT ( 'NONE',  ( 34.42407288493651407, -4.298532229181926567, 0.000000000000000000 ) ) ;
#823 = CARTESIAN_POINT ( 'NONE',  ( 162.6758406867322435, -3.065499099017512386, -303.0002793122050093 ) ) ;
#824 = EDGE_CURVE ( 'NONE', #59, #674, #1303, .T. ) ;
#825 = UNCERTAINTY_MEASURE_WITH_UNIT (LENGTH_MEASURE( 1.000000000000000082E-05 ), #671, 'distance_accuracy_value', 'NONE');
#826 = CARTESIAN_POINT ( 'NONE',  ( 162.6519120698308427, -2.664016602702103054, -304.9768660904557578 ) ) ;
#827 = CARTESIAN_POINT ( 'NONE',  ( 160.6758406867323004, -10.00000000000000000, -305.0000000000000000 ) ) ;
#828 = CARTESIAN_POINT ( 'NONE',  ( 162.6758406867323004, -3.065510429792313030, -302.8336001975557679 ) ) ;
#829 = DIRECTION ( 'NONE',  ( 0.000000000000000000, 0.000000000000000000, -1.000000000000000000 ) ) ;
#830 = CARTESIAN_POINT ( 'NONE',  ( 128.9793945592367947, 7.455388127548284061, -484.8000000000000114 ) ) ;
#831 =( BOUNDED_SURFACE ( )  B_SPLINE_SURFACE ( 3, 2, ( 
 ( #1737, #628, #1179 ),
 ( #1604, #103, #1448 ),
 ( #1471, #250, #922 ),
 ( #1746, #222, #373 ),
 ( #506, #1187, #1731 ),
 ( #929, #1052, #1170 ),
 ( #643, #1201, #916 ),
 ( #521, #362, #237 ),
 ( #1310, #1334, #781 ),
 ( #109, #1326, #767 ),
 ( #1301, #1046, #651 ),
 ( #1723, #1193, #908 ),
 ( #515, #1060, #1590 ),
 ( #243, #389, #786 ),
 ( #1066, #1716, #1610 ),
 ( #124, #1659, #433 ),
 ( #571, #1248, #1087 ),
 ( #821, #560, #959 ),
 ( #1114, #689, #1382 ),
 ( #551, #1105, #1505 ) ),
 .UNSPECIFIED., .F., .F., .F. ) 
 B_SPLINE_SURFACE_WITH_KNOTS ( ( 4, 2, 2, 2, 2, 2, 2, 2, 2, 4 ),
 ( 3, 3 ),
 ( -7.155734338404329264E-18, 0.001191147786237065076, 0.001786721679355601300, 0.002382295572474137525, 0.002977869465592673966, 0.003573443358711209973, 0.004169017251829745981, 0.004764591144948281988, 0.007146886717422426885, 0.009529182289896570915 ),
 ( 0.000000000000000000, 1.000000000000000000 ),
 .UNSPECIFIED. ) 
 GEOMETRIC_REPRESENTATION_ITEM ( )  RATIONAL_B_SPLINE_SURFACE ( (
 ( 1.000000000000000000, 0.7071051155722944959, 1.000000000000000000),
 ( 1.000000000000000000, 0.7071905374125183608, 1.000000000000000000),
 ( 1.000000000000000000, 0.7142817306528258525, 1.000000000000000000),
 ( 1.000000000000000000, 0.7327855877267824836, 1.000000000000000000),
 ( 1.000000000000000000, 0.7402370937992028832, 1.000000000000000000),
 ( 1.000000000000000000, 0.7565932403306157017, 1.000000000000000000),
 ( 1.000000000000000000, 0.7655466380742375065, 1.000000000000000000),
 ( 1.000000000000000000, 0.7843962954986376523, 1.000000000000000000),
 ( 1.000000000000000000, 0.7943325579184636887, 1.000000000000000000),
 ( 1.000000000000000000, 0.8141652864815964730, 1.000000000000000000),
 ( 1.000000000000000000, 0.8241186310340682386, 1.000000000000000000),
 ( 1.000000000000000000, 0.8437627850450193367, 1.000000000000000000),
 ( 1.000000000000000000, 0.8534552435152921168, 1.000000000000000000),
 ( 1.000000000000000000, 0.8723400176791579197, 1.000000000000000000),
 ( 1.000000000000000000, 0.8815711665496305249, 1.000000000000000000),
 ( 1.000000000000000000, 0.9253339436149177200, 1.000000000000000000),
 ( 1.000000000000000000, 0.9529929165183671502, 1.000000000000000000),
 ( 1.000000000000000000, 0.9905773825269382771, 1.000000000000000000),
 ( 1.000000000000000000, 0.9999532394909194100, 1.000000000000000000),
 ( 1.000000000000000000, 1.000000000000000000, 1.000000000000000000) ) ) 
 REPRESENTATION_ITEM ( '' )  SURFACE ( )  );
#832 = VERTEX_POINT ( 'NONE', #1140 ) ;
#833 = CARTESIAN_POINT ( 'NONE',  ( 162.3098152829478522, -9.366025403784457026, -300.6339745962155234 ) ) ;
#834 = CARTESIAN_POINT ( 'NONE',  ( 93.62913818886050876, -3.457398024471676212, 0.000000000000000000 ) ) ;
#835 = CARTESIAN_POINT ( 'NONE',  ( 156.1758406867323004, -7.000000000000000000, -300.0000000000000000 ) ) ;
#836 = LINE ( 'NONE', #1213, #765 ) ;
#837 = CARTESIAN_POINT ( 'NONE',  ( 160.7710467070081961, -2.506283089256359009, -305.0592623818251923 ) ) ;
#838 = DIRECTION ( 'NONE',  ( 0.000000000000000000, 0.000000000000000000, 1.000000000000000000 ) ) ;
#839 = CARTESIAN_POINT ( 'NONE',  ( 160.6762063207005724, -3.087086066609763257, -299.9998262954052848 ) ) ;
#840 = CARTESIAN_POINT ( 'NONE',  ( 149.5868486863209910, -0.3831741730652383771, -429.9999999999999432 ) ) ;
#841 = ORIENTED_EDGE ( 'NONE', *, *, #666, .T. ) ;
#842 = CARTESIAN_POINT ( 'NONE',  ( 160.6758406867323004, -3.119380022088914739, -300.0000000000001705 ) ) ;
#843 = CARTESIAN_POINT ( 'NONE',  ( -4.889686882910237564, 8.653172133217823969, -480.0000000000000000 ) ) ;
#844 = CARTESIAN_POINT ( 'NONE',  ( 152.6814920563760154, -3.158566455706525833, -304.9864549747269393 ) ) ;
#845 = PRODUCT_DEFINITION_SHAPE ( 'NONE', 'NONE',  #896 ) ;
#846 = CARTESIAN_POINT ( 'NONE',  ( 160.2974245172370615, -0.1186362812341201639, -296.9997156548767521 ) ) ;
#847 = CARTESIAN_POINT ( 'NONE',  ( 178.2585319484031174, -0.2637454678313282397, -484.8000000000000114 ) ) ;
#848 = PRESENTATION_LAYER_ASSIGNMENT (  '', '', ( #139 ) ) ;
#849 = CARTESIAN_POINT ( 'NONE',  ( 179.6758406867323004, -0.3879661776884230084, -180.0000000000000000 ) ) ;
#850 = EDGE_CURVE ( 'NONE', #784, #763, #876, .T. ) ;
#851 = CARTESIAN_POINT ( 'NONE',  ( 162.6758406867323572, -2.915365635979114689, -301.9970236606350795 ) ) ;
#852 = CARTESIAN_POINT ( 'NONE',  ( 152.9450533306298325, 4.166514463472749341, -180.0000000000000000 ) ) ;
#853 = ORIENTED_EDGE ( 'NONE', *, *, #79, .T. ) ;
#854 = CARTESIAN_POINT ( 'NONE',  ( 149.7037171311815484, -0.4426629905476007210, 0.000000000000000000 ) ) ;
#855 = CARTESIAN_POINT ( 'NONE',  ( 12.47386810385609301, 11.34795499150539300, 0.000000000000000000 ) ) ;
#856 = CARTESIAN_POINT ( 'NONE',  ( 152.3250961846387099, -0.7860699967975489644, -306.3558767551707547 ) ) ;
#857 = CARTESIAN_POINT ( 'NONE',  ( 162.2146256348666782, -0.9148452430512675759, -305.9303577675327119 ) ) ;
#858 = CARTESIAN_POINT ( 'NONE',  ( 179.6758378702645871, -0.3878923695565488217, -484.8000000000000114 ) ) ;
#859 = CARTESIAN_POINT ( 'NONE',  ( 137.6758406867323004, -0.9046110573495306229, -413.2297859263237569 ) ) ;
#860 = CARTESIAN_POINT ( 'NONE',  ( 163.2036293267346991, -1.351189348716524741, -301.0927562491469303 ) ) ;
#861 = EDGE_CURVE ( 'NONE', #169, #936, #1473, .T. ) ;
#862 = CARTESIAN_POINT ( 'NONE',  ( 165.2474455550404855, 2.282010382312530616, -180.0000000000000000 ) ) ;
#863 = ORIENTED_EDGE ( 'NONE', *, *, #177, .F. ) ;
#864 = CARTESIAN_POINT ( 'NONE',  ( 176.8152272515524146, -0.2263676850632148907, -480.0000000000000000 ) ) ;
#865 = CARTESIAN_POINT ( 'NONE',  ( 61.77791893630242726, 13.15241051608921374, -480.0000000000000000 ) ) ;
#866 = CARTESIAN_POINT ( 'NONE',  ( 152.3017145222489717, -1.807476456187425695, -305.3198414055237322 ) ) ;
#867 = PLANE ( 'NONE',  #1758 ) ;
#868 = CARTESIAN_POINT ( 'NONE',  ( 178.2644603043168559, -0.2674441249738635507, 0.000000000000000000 ) ) ;
#869 = CARTESIAN_POINT ( 'NONE',  ( 173.8765788002210968, 0.7724628724253266299, -480.0000000000000000 ) ) ;
#870 = ORIENTED_EDGE ( 'NONE', *, *, #74, .F. ) ;
#871 = CARTESIAN_POINT ( 'NONE',  ( 103.7379580968664214, -2.952794380214587733, 0.000000000000000000 ) ) ;
#872 = CARTESIAN_POINT ( 'NONE',  ( 19.43461473771418113, 12.07865143525630103, 0.000000000000000000 ) ) ;
#873 = CARTESIAN_POINT ( 'NONE',  ( 150.6932950302683594, -0.4332159852757754837, -307.3262245967738977 ) ) ;
#874 = B_SPLINE_CURVE_WITH_KNOTS ( 'NONE', 3,
 ( #438, #965, #985, #849 ),
 .UNSPECIFIED., .F., .F.,
 ( 4, 4 ),
 ( 0.04253347444217064899, 0.04253354759256195577 ),
 .UNSPECIFIED. ) ;
#875 = CARTESIAN_POINT ( 'NONE',  ( 162.9406272751035374, -1.828487028532202352, -301.5375307702117311 ) ) ;
#876 = LINE ( 'NONE', #1255, #116 ) ;
#877 = EDGE_LOOP ( 'NONE', ( #1587, #1094, #913, #1216 ) ) ;
#878 = CARTESIAN_POINT ( 'NONE',  ( 141.5392608588487064, -0.7902671542071373345, 0.000000000000000000 ) ) ;
#879 = CARTESIAN_POINT ( 'NONE',  ( 61.77310697284232788, 13.15559628394893465, -484.8000000000000114 ) ) ;
#880 = CARTESIAN_POINT ( 'NONE',  ( 152.3666129219222398, -2.084392040320491635, -303.4460243363988639 ) ) ;
#881 = CARTESIAN_POINT ( 'NONE',  ( 162.9867346748461330, -1.554601471022241777, -305.3199309202614700 ) ) ;
#882 = AXIS2_PLACEMENT_3D ( 'NONE', #580, #829, #986 ) ;
#883 = ADVANCED_FACE ( 'NONE', ( #732 ), #1686, .T. ) ;
#884 = EDGE_CURVE ( 'NONE', #1340, #333, #607, .T. ) ;
#885 = CARTESIAN_POINT ( 'NONE',  ( 163.2035629043972449, -1.363036239413205619, -301.0931188767898448 ) ) ;
#886 = CARTESIAN_POINT ( 'NONE',  ( 152.6743005261608914, -3.319412826330439437, -303.0000094933579931 ) ) ;
#887 = ORIENTED_EDGE ( 'NONE', *, *, #1328, .T. ) ;
#888 = CARTESIAN_POINT ( 'NONE',  ( 10.53824375156325210, -3.625604498586317170, 0.000000000000000000 ) ) ;
#889 = EDGE_CURVE ( 'NONE', #540, #203, #1067, .T. ) ;
#890 = CARTESIAN_POINT ( 'NONE',  ( 162.6758406867322435, -3.065567117891089932, -301.9997104923421603 ) ) ;
#891 = CARTESIAN_POINT ( 'NONE',  ( 137.6758406867323004, 6.311648611974728595, -394.5834082716244211 ) ) ;
#892 = CARTESIAN_POINT ( 'NONE',  ( 157.6758406867323004, -7.000000000000000000, -300.0000000000000000 ) ) ;
#893 = DIRECTION ( 'NONE',  ( 0.000000000000000000, 0.000000000000000000, 1.000000000000000000 ) ) ;
#894 = CARTESIAN_POINT ( 'NONE',  ( 162.6521370642891213, -2.735780133888475074, -300.0232437047864664 ) ) ;
#895 = CARTESIAN_POINT ( 'NONE',  ( 152.4379668442553850, -2.213911211683872171, -303.3343339793092923 ) ) ;
#896 = PRODUCT_DEFINITION ( 'UNKNOWN', '', #1450, #563 ) ;
#897 = ORIENTED_EDGE ( 'NONE', *, *, #992, .F. ) ;
#898 = CARTESIAN_POINT ( 'NONE',  ( 25.79931668085154328, -4.167639974534695924, 0.000000000000000000 ) ) ;
#899 = CARTESIAN_POINT ( 'NONE',  ( 154.6758406867323288, -3.362124902756103317, -305.0000000000000000 ) ) ;
#900 = DIRECTION ( 'NONE',  ( 0.000000000000000000, 0.000000000000000000, -1.000000000000000000 ) ) ;
#901 = CARTESIAN_POINT ( 'NONE',  ( 162.6758406867323004, -10.00000000000000000, -300.0000000000000000 ) ) ;
#902 = CARTESIAN_POINT ( 'NONE',  ( 163.1119078038886130, -1.360259772178802118, -299.5531981088785187 ) ) ;
#903 = CARTESIAN_POINT ( 'NONE',  ( 160.6761986570598992, -3.086635771014851759, -305.0001675873231193 ) ) ;
#904 = VERTEX_POINT ( 'NONE', #73 ) ;
#905 = CARTESIAN_POINT ( 'NONE',  ( -10.00833405466326731, -1.313671118910841651, 0.000000000000000000 ) ) ;
#906 = VECTOR ( 'NONE', #1615, 1000.000000000000000 ) ;
#907 = CARTESIAN_POINT ( 'NONE',  ( 178.3338430637437284, -0.1679942915986368523, -484.8000000000000114 ) ) ;
#908 = CARTESIAN_POINT ( 'NONE',  ( 151.8916410474527083, -1.390900025469819834, -300.8016518820641636 ) ) ;
#909 = CARTESIAN_POINT ( 'NONE',  ( 152.6758406867323004, -3.415329608216342461, -304.3553333333251203 ) ) ;
#910 = AXIS2_PLACEMENT_3D ( 'NONE', #1644, #17, #1214 ) ;
#911 = CARTESIAN_POINT ( 'NONE',  ( 164.9889564491752481, -0.1247879395613451375, -298.1173115685081143 ) ) ;
#912 = CARTESIAN_POINT ( 'NONE',  ( 162.6758406867322435, -3.065499099017512386, -303.0002793122050093 ) ) ;
#913 = ORIENTED_EDGE ( 'NONE', *, *, #1442, .F. ) ;
#914 = CARTESIAN_POINT ( 'NONE',  ( -10.84351754945819302, -0.8917485944864971259, -484.8000000000000114 ) ) ;
#915 = CARTESIAN_POINT ( 'NONE',  ( 165.6636390284632512, -0.06543179540804205940, -304.3551294014523592 ) ) ;
#916 = CARTESIAN_POINT ( 'NONE',  ( 152.3668180976737574, -2.085085013134686083, -301.5540578734327823 ) ) ;
#917 = CARTESIAN_POINT ( 'NONE',  ( 154.8921263654932545, -0.2428607698319421582, -299.9999999999998863 ) ) ;
#918 = CARTESIAN_POINT ( 'NONE',  ( 165.3249284420592176, -0.06728368863950710821, -297.5605903853233372 ) ) ;
#919 = CARTESIAN_POINT ( 'NONE',  ( 150.1812852808247385, -0.4538155223933238447, -306.9854689726916490 ) ) ;
#920 = ORIENTED_EDGE ( 'NONE', *, *, #923, .F. ) ;
#921 = CARTESIAN_POINT ( 'NONE',  ( 17.80811955274250025, -3.945346200937884351, 0.000000000000000000 ) ) ;
#922 = CARTESIAN_POINT ( 'NONE',  ( 152.6302352035382910, -2.844315811985903775, -301.9518417384747977 ) ) ;
#923 = EDGE_CURVE ( 'NONE', #1545, #203, #340, .T. ) ;
#924 = CARTESIAN_POINT ( 'NONE',  ( 163.0386943118223542, -0.07581162282296462218, -300.0000000000000000 ) ) ;
#925 = CARTESIAN_POINT ( 'NONE',  ( 160.6758406867323288, -3.118355936370480919, -305.0000000000000000 ) ) ;
#926 = CARTESIAN_POINT ( 'NONE',  ( 160.6758406867323004, -10.00000000000000000, -303.0000000000000000 ) ) ;
#927 = ORIENTED_EDGE ( 'NONE', *, *, #127, .T. ) ;
#928 = CARTESIAN_POINT ( 'NONE',  ( 152.9848059285570798, 4.136880100982744501, 0.000000000000000000 ) ) ;
#929 = CARTESIAN_POINT ( 'NONE',  ( 154.2618191224984514, -2.126197296045988505, -299.7765580723331595 ) ) ;
#930 = VECTOR ( 'NONE', #1663, 1000.000000000000000 ) ;
#931 = CARTESIAN_POINT ( 'NONE',  ( 43.58620529274593025, -4.348143293032396883, 0.000000000000000000 ) ) ;
#932 = EDGE_CURVE ( 'NONE', #169, #540, #12, .T. ) ;
#933 = CARTESIAN_POINT ( 'NONE',  ( 152.6758406867323572, -3.416429161060015485, -296.9340000000000259 ) ) ;
#934 = CARTESIAN_POINT ( 'NONE',  ( 161.6723002751812430, -1.294867132865788806, -299.3956691596555970 ) ) ;
#935 = CARTESIAN_POINT ( 'NONE',  ( 162.6758406867323004, -3.097207917956926959, -304.9998172194888753 ) ) ;
#936 = VERTEX_POINT ( 'NONE', #349 ) ;
#937 = CARTESIAN_POINT ( 'NONE',  ( 91.11165290382166404, 11.38367315888191555, -484.8000000000000114 ) ) ;
#938 = B_SPLINE_CURVE_WITH_KNOTS ( 'NONE', 3,
 ( #424, #398, #279, #971, #1222, #1516, #1355, #5, #1250, #33, #406, #574, #691 ),
 .UNSPECIFIED., .F., .F.,
 ( 4, 1, 1, 1, 1, 1, 1, 1, 1, 1, 4 ),
 ( 7.185446912501951862E-08, 0.0006602288414078128984, 0.002563201431265574662, 0.005565034379839306662, 0.009564231484427847957, 0.01454265147250794962, 0.02045368479258785274, 0.02721575724951212291, 0.03473800073518137910, 0.04292350042553558925, 0.04299303871556195422 ),
 .UNSPECIFIED. ) ;
#939 = EDGE_LOOP ( 'NONE', ( #123, #733, #1291, #1247 ) ) ;
#940 = CARTESIAN_POINT ( 'NONE',  ( 154.6749850417660639, -3.308719379367477842, -305.0000000000000000 ) ) ;
#941 = EDGE_CURVE ( 'NONE', #977, #1687, #367, .T. ) ;
#942 = CARTESIAN_POINT ( 'NONE',  ( -2.341201833467979831, -2.285313997903711591, -480.0000000000000000 ) ) ;
#943 = CARTESIAN_POINT ( 'NONE',  ( 152.4990333199273209, -2.394525498238115890, -303.2423911571819986 ) ) ;
#944 = CARTESIAN_POINT ( 'NONE',  ( 152.6695275309651265, -3.169531537453661674, -302.0000243119321226 ) ) ;
#945 = CARTESIAN_POINT ( 'NONE',  ( 163.3286925247855379, -1.186840681415009424, -304.1169719891232148 ) ) ;
#946 = CARTESIAN_POINT ( 'NONE',  ( 162.6758406867323004, -3.065567117891029092, -301.9997104923421603 ) ) ;
#947 = ORIENTED_EDGE ( 'NONE', *, *, #1705, .F. ) ;
#948 = CARTESIAN_POINT ( 'NONE',  ( -0.1095455413093363584, 9.835372494998731341, -484.8000000000000114 ) ) ;
#949 = ORIENTED_EDGE ( 'NONE', *, *, #199, .T. ) ;
#950 = CARTESIAN_POINT ( 'NONE',  ( 152.6743100146000245, -3.319412522172319413, -304.9999999999999432 ) ) ;
#951 = CARTESIAN_POINT ( 'NONE',  ( 25.11499318099049916, -3.838668300323226035, -484.8000000000000114 ) ) ;
#952 = CARTESIAN_POINT ( 'NONE',  ( 162.9804285926540501, -0.07604885600513984489, -307.9997564681949029 ) ) ;
#953 = CARTESIAN_POINT ( 'NONE',  ( 165.1566149984904257, -0.06799187741701291643, -297.3035585948426274 ) ) ;
#954 = DIRECTION ( 'NONE',  ( -0.000000000000000000, -0.000000000000000000, 1.000000000000000000 ) ) ;
#955 = CARTESIAN_POINT ( 'NONE',  ( 160.6758406867323004, -10.00000000000000000, -302.0000000000000000 ) ) ;
#956 = EDGE_LOOP ( 'NONE', ( #1141, #1226, #317, #1595, #958, #1469 ) ) ;
#957 = CARTESIAN_POINT ( 'NONE',  ( 18.76551366024522594, 12.48916636814102610, -480.0000000000000000 ) ) ;
#958 = ORIENTED_EDGE ( 'NONE', *, *, #799, .T. ) ;
#959 = CARTESIAN_POINT ( 'NONE',  ( 150.2462392860315674, -0.4502227702559960520, -298.1219582832490573 ) ) ;
#960 = B_SPLINE_CURVE_WITH_KNOTS ( 'NONE', 3,
 ( #186, #713, #305, #840, #745, #178, #1266, #440, #568, #1290, #1282, #1657 ),
 .UNSPECIFIED., .F., .F.,
 ( 4, 1, 1, 1, 1, 1, 1, 1, 1, 4 ),
 ( 2.777272273614995157E-17, 0.003938238127631514020, 0.01218634060622863190, 0.01964579194221479849, 0.02619633992054419200, 0.03172785882229968435, 0.03614599717976425125, 0.03937746388090449662, 0.04135419415204408256, 0.04202013932294274695 ),
 .UNSPECIFIED. ) ;
#961 = CARTESIAN_POINT ( 'NONE',  ( 10.53824375156325210, -3.625604498586317170, 0.000000000000000000 ) ) ;
#962 = LINE ( 'NONE', #679, #1510 ) ;
#963 = CARTESIAN_POINT ( 'NONE',  ( 160.8687736910036676, -2.271259458967649802, -305.1187554553932273 ) ) ;
#964 = PLANE ( 'NONE',  #1369 ) ;
#965 = CARTESIAN_POINT ( 'NONE',  ( 179.6758406604266725, -0.3879172017846772569, -180.0000000000000000 ) ) ;
#966 = ORIENTED_EDGE ( 'NONE', *, *, #1200, .T. ) ;
#967 = CARTESIAN_POINT ( 'NONE',  ( 81.65521185280321959, 11.85170624527342476, 0.000000000000000000 ) ) ;
#968 = CIRCLE ( 'NONE', #202, 2.000000000000001776 ) ;
#969 = DIRECTION ( 'NONE',  ( -0.000000000000000000, -0.000000000000000000, 1.000000000000000000 ) ) ;
#970 = CARTESIAN_POINT ( 'NONE',  ( 83.00166411239253250, -3.598187649516001674, -484.8000000000000114 ) ) ;
#971 = CARTESIAN_POINT ( 'NONE',  ( 177.0065016296303497, 0.1428800601217583843, -429.9999999999999432 ) ) ;
#972 = CARTESIAN_POINT ( 'NONE',  ( 162.8969091908501809, -1.929616074729868069, -303.3878141629587617 ) ) ;
#973 = CARTESIAN_POINT ( 'NONE',  ( 160.6982026230770941, -2.790423038817378742, -305.0144940872260690 ) ) ;
#974 = CARTESIAN_POINT ( 'NONE',  ( 149.4726075380380905, -0.4205814867821485725, -305.0000000000000000 ) ) ;
#975 = CARTESIAN_POINT ( 'NONE',  ( 162.9745720543907055, -1.741110377089813754, -301.4795856176640427 ) ) ;
#976 = CARTESIAN_POINT ( 'NONE',  ( 179.6746300319239538, -0.3772227571833274284, 0.000000000000000000 ) ) ;
#977 = VERTEX_POINT ( 'NONE', #368 ) ;
#978 = DIRECTION ( 'NONE',  ( 0.000000000000000000, -1.000000000000000000, 0.000000000000000000 ) ) ;
#979 = CARTESIAN_POINT ( 'NONE',  ( -14.32866433470924861, 4.682873909921585032, -480.0000000000000000 ) ) ;
#980 = CARTESIAN_POINT ( 'NONE',  ( 152.6743100145999392, -3.319412522172322966, -305.0000000000001137 ) ) ;
#981 = EDGE_CURVE ( 'NONE', #1534, #468, #1325, .T. ) ;
#982 = ADVANCED_FACE ( 'NONE', ( #233 ), #106, .T. ) ;
#983 = CARTESIAN_POINT ( 'NONE',  ( 160.6758406867323288, -3.118355936370480919, -305.0000000000000000 ) ) ;
#984 = LINE ( 'NONE', #45, #930 ) ;
#985 = CARTESIAN_POINT ( 'NONE',  ( 179.6758415976511856, -0.3879418042919997589, -180.0000000000000000 ) ) ;
#986 = DIRECTION ( 'NONE',  ( -1.000000000000000000, 0.000000000000000000, -0.000000000000000000 ) ) ;
#987 = CARTESIAN_POINT ( 'NONE',  ( 149.5689628447051689, -0.4166941419563033322, -307.9995558657848278 ) ) ;
#988 = ORIENTED_EDGE ( 'NONE', *, *, #1562, .F. ) ;
#989 = CARTESIAN_POINT ( 'NONE',  ( 178.2585319484031174, -0.2637454678313282397, -484.8000000000000114 ) ) ;
#990 = CARTESIAN_POINT ( 'NONE',  ( 91.11523224709256397, 11.38121085389548170, -480.0000000000000000 ) ) ;
#991 = CARTESIAN_POINT ( 'NONE',  ( 152.4635059997011695, -2.096572363613252055, -305.1678923242638461 ) ) ;
#992 = EDGE_CURVE ( 'NONE', #977, #169, #1620, .T. ) ;
#993 = B_SPLINE_SURFACE_WITH_KNOTS ( 'NONE', 3, 1, ( 
 ( #170, #318, #715 ),
 ( #60, #583, #1668 ),
 ( #443, #601, #989 ),
 ( #76, #864, #1535 ),
 ( #1413, #188, #734 ),
 ( #308, #1561, #1428 ),
 ( #68, #1277, #740 ),
 ( #1696, #1142, #1688 ),
 ( #854, #195, #1268 ),
 ( #878, #1404, #50 ),
 ( #204, #1010, #1554 ),
 ( #592, #1151, #470 ),
 ( #747, #327, #1133 ),
 ( #871, #1421, #1284 ),
 ( #609, #617, #1199 ),
 ( #378, #1059, #235 ),
 ( #1185, #1714, #1308 ),
 ( #656, #1176, #496 ),
 ( #1569, #1744, #513 ),
 ( #520, #342, #1603 ),
 ( #242, #94, #634 ),
 ( #898, #360, #1462 ),
 ( #921, #85, #1736 ),
 ( #888, #1721, #780 ),
 ( #1437, #1044, #212 ),
 ( #1317, #756, #625 ),
 ( #1470, #1324, #1588 ),
 ( #905, #488, #914 ),
 ( #1037, #504, #1299 ),
 ( #1455, #229, #1168 ),
 ( #108, #773, #650 ),
 ( #371, #1728, #101 ),
 ( #1580, #641, #1050 ),
 ( #1596, #351, #764 ),
 ( #1192, #1446, #220 ),
 ( #785, #1333, #115 ),
 ( #819, #1341, #705 ),
 ( #1381, #1512, #948 ),
 ( #1751, #29, #122 ),
 ( #411, #1227, #1638 ),
 ( #696, #957, #1478 ),
 ( #275, #529, #1065 ),
 ( #810, #1504, #11 ),
 ( #1485, #1208, #558 ),
 ( #794, #665, #420 ),
 ( #1629, #285, #132 ),
 ( #1360, #403, #1076 ),
 ( #967, #550, #142 ),
 ( #1372, #151, #937 ),
 ( #1236, #1647, #1618 ),
 ( #675, #1095, #1495 ),
 ( #21, #541, #249 ),
 ( #1104, #1246, #830 ),
 ( #159, #395, #685 ),
 ( #265, #1609, #387 ),
 ( #928, #257, #802 ),
 ( #1350, #1217, #2 ),
 ( #1085, #581, #1533 ),
 ( #460, #1275, #1426 ),
 ( #201, #869, #316 ),
 ( #1391, #1559, #467 ),
 ( #1523, #1121, #332 ),
 ( #976, #999, #48 ),
 ( #722, #1693, #295 ) ),
 .UNSPECIFIED., .T., .F., .F.,
 ( 4, 1, 1, 1, 1, 1, 1, 1, 1, 1, 1, 1, 1, 1, 1, 1, 1, 1, 1, 1, 1, 1, 1, 1, 1, 1, 1, 1, 1, 1, 1, 1, 1, 1, 1, 1, 1, 1, 1, 1, 1, 1, 1, 1, 1, 1, 1, 1, 1, 1, 1, 1, 1, 1, 1, 1, 1, 1, 1, 1, 1, 4 ),
 ( 2, 1, 2 ),
 ( 0.000000000000000000, 0.001683666966304953050, 0.006670281404517641732, 0.01482216673949543484, 0.02596761882520304265, 0.03992174925132252472, 0.05644654153272510300, 0.07526418614325114387, 0.09607132787023986431, 0.1185426355322303227, 0.1423208274011107388, 0.1670598476339375527, 0.1924053398970229090, 0.2180726659120238997, 0.2439536307566957385, 0.2699179134581303208, 0.2956586339458423529, 0.3208759888793142334, 0.3452696200044567121, 0.3685591602400630773, 0.3904845758586830140, 0.4108017201025516707, 0.4292928840289487180, 0.4457676137112793757, 0.4600847857183585354, 0.4721153253472251121, 0.4818134222887942020, 0.4891607564795136254, 0.4942318754870071995, 0.4971465178837387588, 0.4973839657995610120, 0.5002314068393175495, 0.5050719534284533463, 0.5117555016550954239, 0.5203442777400434371, 0.5308696270947534934, 0.5433159956570867699, 0.5576270349270235904, 0.5737162629084708865, 0.5914767705433323641, 0.6107895397454283781, 0.6315042211354557899, 0.6534530063586861948, 0.6764560179584068189, 0.7003060871858559633, 0.7247790380070628924, 0.7496483297091041109, 0.7746610013541470607, 0.7995663428171677634, 0.8240981681227599331, 0.8480027876186548852, 0.8710057716068864142, 0.8928564458171321938, 0.9132887262472768608, 0.9320654160251946596, 0.9489446006755400953, 0.9636994592665341086, 0.9761263699187154863, 0.9861089879417380688, 0.9936020298976229181, 0.9983521454773316428, 1.000000000000000000 ),
 ( 0.000000000000000000, 1.000000000000000000, 1.010000000000000009 ),
 .UNSPECIFIED. ) ;
#994 = CARTESIAN_POINT ( 'NONE',  ( 0.000000000000000000, 0.000000000000000000, 0.000000000000000000 ) ) ;
#995 = CARTESIAN_POINT ( 'NONE',  ( 161.0171812951795118, -1.980788157393365889, -305.2088362601116955 ) ) ;
#996 = VECTOR ( 'NONE', #184, 1000.000000000000000 ) ;
#997 = CARTESIAN_POINT ( 'NONE',  ( 154.6758406867323004, -3.415530419970588039, -305.0000000000000000 ) ) ;
#998 = CARTESIAN_POINT ( 'NONE',  ( 164.4506788910701687, -0.3090861674260594327, -299.0106765377557281 ) ) ;
#999 = CARTESIAN_POINT ( 'NONE',  ( 179.6746485038892160, -0.3771736738936535271, -480.0000000000000000 ) ) ;
#1000 = ORIENTED_EDGE ( 'NONE', *, *, #1752, .F. ) ;
#1001 = CARTESIAN_POINT ( 'NONE',  ( 153.5082541439046224, -1.401808161146278486, -299.3398001639868085 ) ) ;
#1002 = VECTOR ( 'NONE', #282, 1000.000000000000000 ) ;
#1003 = CARTESIAN_POINT ( 'NONE',  ( 100.9199404722378688, 10.52252053519449859, -480.0000000000000000 ) ) ;
#1004 = CARTESIAN_POINT ( 'NONE',  ( 137.6758406867322719, 6.281961495218103764, -251.8751124069353295 ) ) ;
#1005 = CARTESIAN_POINT ( 'NONE',  ( 161.9857380382973417, -1.056384667442701764, -305.7927123802802498 ) ) ;
#1006 = CARTESIAN_POINT ( 'NONE',  ( 157.0960485702040614, -0.2117113013858293313, 0.000000000000000000 ) ) ;
#1007 = CARTESIAN_POINT ( 'NONE',  ( 160.7293342465097510, -2.612028793949379146, -299.9660672248523383 ) ) ;
#1008 = CARTESIAN_POINT ( 'NONE',  ( 179.6758378702645587, -0.3878923695565508756, -180.0000000000000000 ) ) ;
#1009 = EDGE_LOOP ( 'NONE', ( #721, #649, #296, #1122 ) ) ;
#1010 = CARTESIAN_POINT ( 'NONE',  ( 132.5178590543056885, -1.139565915285356335, -480.0000000000000000 ) ) ;
#1011 = CARTESIAN_POINT ( 'NONE',  ( 128.9814191143606195, 7.453930747060098838, -480.0000000000000000 ) ) ;
#1012 = CARTESIAN_POINT ( 'NONE',  ( 151.6076771665942999, -1.118093203918644640, -304.6547571434991255 ) ) ;
#1013 = CARTESIAN_POINT ( 'NONE',  ( 163.1119522094229808, -1.359786468765522338, -305.4465175656918632 ) ) ;
#1014 = CARTESIAN_POINT ( 'NONE',  ( 137.6758406867322719, -0.9115537163043134772, -379.6893577799257287 ) ) ;
#1015 = CARTESIAN_POINT ( 'NONE',  ( 179.6746369589109520, -0.3772043509496997293, -180.0000000000000000 ) ) ;
#1016 = ORIENTED_EDGE ( 'NONE', *, *, #1171, .T. ) ;
#1017 = CARTESIAN_POINT ( 'NONE',  ( 154.5063190835128069, -2.537940178146977921, -299.9146604277625556 ) ) ;
#1018 = CARTESIAN_POINT ( 'NONE',  ( -12.01137987830478338, 6.041493131970022468, -484.8000000000000114 ) ) ;
#1019 = ADVANCED_FACE ( 'NONE', ( #1701 ), #724, .T. ) ;
#1020 = CARTESIAN_POINT ( 'NONE',  ( 150.1340319042919873, -0.3966004547570408656, -307.6605423525476795 ) ) ;
#1021 = DIRECTION ( 'NONE',  ( 0.000000000000000000, 0.000000000000000000, 1.000000000000000000 ) ) ;
#1022 = FACE_OUTER_BOUND ( 'NONE', #624, .T. ) ;
#1023 = EDGE_CURVE ( 'NONE', #218, #1602, #408, .T. ) ;
#1024 = CARTESIAN_POINT ( 'NONE',  ( 162.6758406867323004, -3.118355936370480919, -303.0000000000000000 ) ) ;
#1025 = ORIENTED_EDGE ( 'NONE', *, *, #127, .F. ) ;
#1026 = CARTESIAN_POINT ( 'NONE',  ( 154.6681386899155370, -3.105888806561429849, -300.0000000000001137 ) ) ;
#1027 = CARTESIAN_POINT ( 'NONE',  ( 179.6758378702645018, -0.3878923695565453245, 0.000000000000000000 ) ) ;
#1028 = CARTESIAN_POINT ( 'NONE',  ( 151.7212631657422435, -1.110925484569136090, -305.8760394223029948 ) ) ;
#1029 = CARTESIAN_POINT ( 'NONE',  ( 154.6758406867322435, -3.362674842415494858, -300.0000000000000000 ) ) ;
#1030 = AXIS2_PLACEMENT_3D ( 'NONE', #430, #620, #1162 ) ;
#1031 = CARTESIAN_POINT ( 'NONE',  ( 165.6635593438575995, -0.06579618934583444934, -298.9997960353539952 ) ) ;
#1032 = B_SPLINE_CURVE_WITH_KNOTS ( 'NONE', 3,
 ( #28, #1532, #731, #998, #1110, #176, #1574, #1656, #860, #975, #1522, #760, #1302, #1709, #851, #1401 ),
 .UNSPECIFIED., .F., .F.,
 ( 4, 2, 2, 2, 2, 2, 2, 4 ),
 ( -1.424624345383144928E-05, 0.001756254522070633747, 0.003526755287595098685, 0.004412005670357398157, 0.005297256053119697196, 0.006182506435881997102, 0.006625131627263156596, 0.007067756818644316957 ),
 .UNSPECIFIED. ) ;
#1033 =( BOUNDED_SURFACE ( )  B_SPLINE_SURFACE ( 3, 2, ( 
 ( #1613, #1188, #104 ),
 ( #1194, #365, #909 ),
 ( #232, #1605, #1584 ),
 ( #391, #524, #933 ) ),
 .UNSPECIFIED., .F., .F., .F. ) 
 B_SPLINE_SURFACE_WITH_KNOTS ( ( 4, 4 ),
 ( 3, 3 ),
 ( 0.2391251857842841833, 0.2502571859064549598 ),
 ( 0.000000000000000000, 1.000000000000000000 ),
 .UNSPECIFIED. ) 
 GEOMETRIC_REPRESENTATION_ITEM ( )  RATIONAL_B_SPLINE_SURFACE ( (
 ( 1.000000000000000000, 0.6943969986708411479, 1.000000000000000000),
 ( 1.000000000000000000, 0.6943903014385330863, 1.000000000000000000),
 ( 1.000000000000000000, 0.6943836034719230721, 1.000000000000000000),
 ( 1.000000000000000000, 0.6943769047708022724, 1.000000000000000000) ) ) 
 REPRESENTATION_ITEM ( '' )  SURFACE ( )  );
#1034 = CARTESIAN_POINT ( 'NONE',  ( 137.6758406867323004, -0.9529702091683536214, -180.0000000000000000 ) ) ;
#1035 = CARTESIAN_POINT ( 'NONE',  ( 153.0554041177121860, -1.125879155639230689, -305.9253427317615319 ) ) ;
#1036 = VERTEX_POINT ( 'NONE', #547 ) ;
#1037 = CARTESIAN_POINT ( 'NONE',  ( -12.81333723345890974, -0.4500714423084946070, 0.000000000000000000 ) ) ;
#1038 = CARTESIAN_POINT ( 'NONE',  ( 178.3392285618891719, -0.1719444760661709148, 0.000000000000000000 ) ) ;
#1039 = DIRECTION ( 'NONE',  ( -0.000000000000000000, -1.000000000000000000, -0.000000000000000000 ) ) ;
#1040 = CARTESIAN_POINT ( 'NONE',  ( 179.6758406867323004, -25.12535817568845431, -180.0000000000000000 ) ) ;
#1041 = CARTESIAN_POINT ( 'NONE',  ( 160.7710679701388585, -2.506762499353624385, -299.9406254696746146 ) ) ;
#1042 = CARTESIAN_POINT ( 'NONE',  ( 162.6758406867323004, -3.065499099017514162, -303.0002793122051798 ) ) ;
#1043 = ORIENTED_EDGE ( 'NONE', *, *, #707, .T. ) ;
#1044 = CARTESIAN_POINT ( 'NONE',  ( 3.294362945290029820, -2.826468996251333188, -480.0000000000000000 ) ) ;
#1045 = DIRECTION ( 'NONE',  ( -0.000000000000000000, -1.000000000000000000, -0.000000000000000000 ) ) ;
#1046 = CARTESIAN_POINT ( 'NONE',  ( 152.4636617463022503, -2.097679047472358782, -299.8319581192363330 ) ) ;
#1047 = CARTESIAN_POINT ( 'NONE',  ( 162.6758406867323004, -9.000000000000026645, -303.0000000000000000 ) ) ;
#1048 = CARTESIAN_POINT ( 'NONE',  ( 152.6758406867323572, -3.415530419970588483, -302.9999999999999432 ) ) ;
#1049 = ORIENTED_EDGE ( 'NONE', *, *, #743, .F. ) ;
#1050 = CARTESIAN_POINT ( 'NONE',  ( -15.72107255624630895, 3.425993902315720874, -484.8000000000000114 ) ) ;
#1051 = AXIS2_PLACEMENT_3D ( 'NONE', #236, #95, #635 ) ;
#1052 = CARTESIAN_POINT ( 'NONE',  ( 152.6656515881496432, -2.749373124704641125, -300.0120336627187498 ) ) ;
#1053 = CARTESIAN_POINT ( 'NONE',  ( 162.6758406867323004, -10.00000000000000000, -300.0000000000000000 ) ) ;
#1054 = CLOSED_SHELL ( 'NONE', ( #1524, #1263, #789, #246, #1611, #1124, #300, #329, #632, #164, #1335, #1306, #238, #1361, #290, #1711, #1074, #676, #883, #664, #491, #615, #380, #982, #1694, #1019, #1112, #1573, #1351, #1388 ) ) ;
#1055 = CARTESIAN_POINT ( 'NONE',  ( 163.4556197152576829, -0.3666426753855288601, -298.3238078451842057 ) ) ;
#1056 = CARTESIAN_POINT ( 'NONE',  ( 152.6753271680837258, -3.351439686514229077, -303.0000063301239379 ) ) ;
#1057 = ORIENTED_EDGE ( 'NONE', *, *, #74, .T. ) ;
#1058 = EDGE_CURVE ( 'NONE', #1298, #49, #1457, .T. ) ;
#1059 = CARTESIAN_POINT ( 'NONE',  ( 83.00592520150202347, -3.600179322128214565, -480.0000000000000000 ) ) ;
#1060 = CARTESIAN_POINT ( 'NONE',  ( 152.3018922916234033, -1.808576588791914297, -299.6799617194218399 ) ) ;
#1061 = FACE_OUTER_BOUND ( 'NONE', #1568, .T. ) ;
#1062 = FILL_AREA_STYLE ('',( #128 ) ) ;
#1063 = CARTESIAN_POINT ( 'NONE',  ( 164.1560046629815588, -0.4546875550665950283, -305.4990189107500669 ) ) ;
#1064 = EDGE_LOOP ( 'NONE', ( #1427, #528, #600, #1579 ) ) ;
#1065 = CARTESIAN_POINT ( 'NONE',  ( 26.38152898265298774, 13.02011530243050430, -484.8000000000000114 ) ) ;
#1066 = CARTESIAN_POINT ( 'NONE',  ( 152.9414771064427043, -1.074715278282311282, -299.0068834387696484 ) ) ;
#1067 = B_SPLINE_CURVE_WITH_KNOTS ( 'NONE', 3,
 ( #886, #1056, #510, #1048 ),
 .UNSPECIFIED., .F., .F.,
 ( 4, 4 ),
 ( 0.000000000000000000, 9.612993286111595097E-05 ),
 .UNSPECIFIED. ) ;
#1068 = EDGE_CURVE ( 'NONE', #468, #904, #1218, .T. ) ;
#1069 = CARTESIAN_POINT ( 'NONE',  ( 42.98560353484973717, -4.062763606046155829, -480.0000000000000000 ) ) ;
#1070 = APPLICATION_PROTOCOL_DEFINITION ( 'draft international standard', 'automotive_design', 1998, #483 ) ;
#1071 = DIRECTION ( 'NONE',  ( 0.000000000000000000, 0.000000000000000000, 1.000000000000000000 ) ) ;
#1072 = CARTESIAN_POINT ( 'NONE',  ( 163.5875238037250199, -0.9034969190934296623, -300.4489236127960226 ) ) ;
#1073 = CARTESIAN_POINT ( 'NONE',  ( 163.7315201056721605, -0.7738810380336473838, -304.7911684484781176 ) ) ;
#1074 = ADVANCED_FACE ( 'NONE', ( #1224 ), #964, .T. ) ;
#1075 = ORIENTED_EDGE ( 'NONE', *, *, #941, .T. ) ;
#1076 = CARTESIAN_POINT ( 'NONE',  ( 71.43994283632757458, 12.72040483817028367, -484.8000000000000114 ) ) ;
#1077 = DIRECTION ( 'NONE',  ( 0.000000000000000000, 0.000000000000000000, 1.000000000000000000 ) ) ;
#1078 = MECHANICAL_DESIGN_GEOMETRIC_PRESENTATION_REPRESENTATION (  '', ( #139 ), #451 ) ;
#1079 = CARTESIAN_POINT ( 'NONE',  ( 42.97959751727077560, -4.059909809176293294, -484.8000000000000114 ) ) ;
#1080 = CARTESIAN_POINT ( 'NONE',  ( 179.6754410064095850, -0.3986603258749658041, -180.0000000000000000 ) ) ;
#1081 = LINE ( 'NONE', #138, #906 ) ;
#1082 = AXIS2_PLACEMENT_3D ( 'NONE', #422, #969, #1514 ) ;
#1083 = CARTESIAN_POINT ( 'NONE',  ( 170.1345812741301415, 1.467153932975843622, 0.000000000000000000 ) ) ;
#1084 = ORIENTED_EDGE ( 'NONE', *, *, #1023, .T. ) ;
#1085 = CARTESIAN_POINT ( 'NONE',  ( 165.2687268397055504, 2.265670115543501062, 0.000000000000000000 ) ) ;
#1086 = VERTEX_POINT ( 'NONE', #1197 ) ;
#1087 = CARTESIAN_POINT ( 'NONE',  ( 150.9141936720816659, -0.6612453590065339171, -299.2186514965829929 ) ) ;
#1088 = CARTESIAN_POINT ( 'NONE',  ( 72.75170155685698603, -3.823805686934859782, -480.0000000000000000 ) ) ;
#1089 = CARTESIAN_POINT ( 'NONE',  ( 152.6758406867323288, -9.000000000000028422, -303.7320508075688963 ) ) ;
#1091 = B_SPLINE_CURVE_WITH_KNOTS ( 'NONE', 3,
 ( #268, #952, #1661, #1231, #553, #435 ),
 .UNSPECIFIED., .F., .F.,
 ( 4, 2, 4 ),
 ( 2.775835811173694321E-17, 0.008049452948640206662, 0.01609890589728038557 ),
 .UNSPECIFIED. ) ;
#1090 = CARTESIAN_POINT ( 'NONE',  ( 154.9323367586368931, -0.2422535074100148345, -296.9996359391857368 ) ) ;
#1092 = CARTESIAN_POINT ( 'NONE',  ( 162.6758406867323004, -2.915293499389839837, -303.0029319714097369 ) ) ;
#1093 = CARTESIAN_POINT ( 'NONE',  ( 162.6758406867323004, -3.119380022088914739, -302.0000000000000000 ) ) ;
#1094 = ORIENTED_EDGE ( 'NONE', *, *, #532, .F. ) ;
#1095 = CARTESIAN_POINT ( 'NONE',  ( 110.5680198202315836, 9.562465782745871223, -480.0000000000000000 ) ) ;
#1096 = VERTEX_POINT ( 'NONE', #1509 ) ;
#1097 = DIRECTION ( 'NONE',  ( -0.000000000000000000, -1.000000000000000000, -0.000000000000000000 ) ) ;
#1098 = CARTESIAN_POINT ( 'NONE',  ( 52.62289104414490026, -4.055012659677931453, -480.0000000000000000 ) ) ;
#1099 = CARTESIAN_POINT ( 'NONE',  ( 154.6732737524465335, -3.255334432914444687, -305.0000000000001137 ) ) ;
#1100 = CARTESIAN_POINT ( 'NONE',  ( 176.8227545189648140, -0.2307463398308213232, -180.0000000000000000 ) ) ;
#1101 = CARTESIAN_POINT ( 'NONE',  ( 162.4517317740447595, -0.7858547496760331930, -306.0728706890491821 ) ) ;
#1102 = CARTESIAN_POINT ( 'NONE',  ( 154.8923199120348784, -0.2418828859739131643, -307.9996354156487541 ) ) ;
#1103 = ORIENTED_EDGE ( 'NONE', *, *, #226, .T. ) ;
#1104 = CARTESIAN_POINT ( 'NONE',  ( 129.1838746267443412, 7.308192698241585461, 0.000000000000000000 ) ) ;
#1105 = CARTESIAN_POINT ( 'NONE',  ( 149.5687973948001854, -0.4183297341268392144, -296.9995557778238435 ) ) ;
#1106 = CARTESIAN_POINT ( 'NONE',  ( 3.286663712389055192, -2.822686689058726994, -484.8000000000000114 ) ) ;
#1107 = CARTESIAN_POINT ( 'NONE',  ( 152.6758406867323572, -3.415678573564098208, -300.0000000000000000 ) ) ;
#1108 = CARTESIAN_POINT ( 'NONE',  ( 179.6770530848660883, -0.3988440121689499906, -480.0000000000000000 ) ) ;
#1109 = CARTESIAN_POINT ( 'NONE',  ( 152.1819691116932063, -0.3235839571794356107, -305.0000000000000000 ) ) ;
#1110 = CARTESIAN_POINT ( 'NONE',  ( 164.1558986502730022, -0.4551583155032291605, -299.5005606766372352 ) ) ;
#1111 = CARTESIAN_POINT ( 'NONE',  ( 145.6254246539862436, 5.207125348669447540, -180.0000000000000000 ) ) ;
#1112 = ADVANCED_FACE ( 'NONE', ( #129 ), #1741, .T. ) ;
#1113 = EDGE_LOOP ( 'NONE', ( #779, #1486, #684, #1436, #452, #410, #1445, #841 ) ) ;
#1114 = CARTESIAN_POINT ( 'NONE',  ( 150.1339548464570726, -0.3981012080506781126, -297.3386215472789900 ) ) ;
#1115 = CARTESIAN_POINT ( 'NONE',  ( 26.38152898265298774, 13.02011530243050430, -484.8000000000000114 ) ) ;
#1116 = CARTESIAN_POINT ( 'NONE',  ( 179.6758406867323004, -0.3879661776884230084, -180.0000000000000000 ) ) ;
#1117 = CARTESIAN_POINT ( 'NONE',  ( 152.6019874139241779, -2.738490369724988938, -301.9104638932100215 ) ) ;
#1118 = CARTESIAN_POINT ( 'NONE',  ( 152.6758406867323004, -9.000000000000026645, -303.0000000000000000 ) ) ;
#1119 = CARTESIAN_POINT ( 'NONE',  ( 162.6758406867323004, -3.065533091500230345, -302.5002419682573418 ) ) ;
#1120 = CARTESIAN_POINT ( 'NONE',  ( 160.6759625813833736, -3.108615214730259257, -300.0000000000000000 ) ) ;
#1121 = CARTESIAN_POINT ( 'NONE',  ( 178.3338963855075292, -0.1680334023359391638, -480.0000000000000000 ) ) ;
#1122 = ORIENTED_EDGE ( 'NONE', *, *, #1328, .F. ) ;
#1123 = CARTESIAN_POINT ( 'NONE',  ( 160.6758406867323004, -10.00000000000000000, -305.0000000000000000 ) ) ;
#1124 = ADVANCED_FACE ( 'NONE', ( #1757 ), #527, .T. ) ;
#1125 = CARTESIAN_POINT ( 'NONE',  ( 52.34656115132513321, 13.41150941850992950, -484.8000000000000114 ) ) ;
#1126 = CARTESIAN_POINT ( 'NONE',  ( 137.6758406867323572, 6.296922053735548808, -323.7502248175188129 ) ) ;
#1127 = CARTESIAN_POINT ( 'NONE',  ( 160.6758406867323004, -10.00000000000000000, -300.0000000000000000 ) ) ;
#1128 = CARTESIAN_POINT ( 'NONE',  ( 173.3202100324116088, -0.09117718108688578627, -480.0000000000000000 ) ) ;
#1129 = CARTESIAN_POINT ( 'NONE',  ( 159.1758406867323004, -7.000000000000000000, -305.0000000000000000 ) ) ;
#1130 = FACE_BOUND ( 'NONE', #92, .T. ) ;
#1131 = CARTESIAN_POINT ( 'NONE',  ( 178.3372289957460453, -0.1704778234173340012, -180.0000000000000000 ) ) ;
#1132 = ORIENTED_EDGE ( 'NONE', *, *, #385, .T. ) ;
#1133 = CARTESIAN_POINT ( 'NONE',  ( 113.3969214004335413, -2.222172095592499286, -484.8000000000000114 ) ) ;
#1134 = CARTESIAN_POINT ( 'NONE',  ( 26.38787797585424499, 13.01615533132223490, -480.0000000000000000 ) ) ;
#1135 = CARTESIAN_POINT ( 'NONE',  ( 152.6656167089346638, -2.748311922350948677, -304.9878542614042090 ) ) ;
#1136 = B_SPLINE_CURVE_WITH_KNOTS ( 'NONE', 3,
 ( #400, #1491, #262, #555, #383, #1101, #113, #587, #1399, #1550, #995, #1673, #837, #973, #1539, #1272 ),
 .UNSPECIFIED., .F., .F.,
 ( 4, 2, 2, 2, 2, 2, 2, 4 ),
 ( -1.425996029921643633E-05, 0.001757547801186336170, 0.003529355562671888762, 0.004415259443414664732, 0.005301163324157441570, 0.006187067204900217540, 0.006630019145271601189, 0.007072971085642985704 ),
 .UNSPECIFIED. ) ;
#1137 = CARTESIAN_POINT ( 'NONE',  ( 165.6636932515400531, -0.06518383636886100618, -307.9997960819501941 ) ) ;
#1138 = CARTESIAN_POINT ( 'NONE',  ( 179.6758378702645871, -0.3878923695565487662, -480.0000000000000000 ) ) ;
#1139 = CARTESIAN_POINT ( 'NONE',  ( 137.6758406867323004, -0.9245541963931646068, -316.9304892642459777 ) ) ;
#1140 = CARTESIAN_POINT ( 'NONE',  ( 161.6758406867323004, -10.00000000000000000, -304.7320508075688963 ) ) ;
#1141 = ORIENTED_EDGE ( 'NONE', *, *, #623, .F. ) ;
#1142 = CARTESIAN_POINT ( 'NONE',  ( 156.9982504097534104, -0.1607380348278097670, -480.0000000000000000 ) ) ;
#1143 = AXIS2_PLACEMENT_3D ( 'NONE', #87, #900, #1598 ) ;
#1144 = CARTESIAN_POINT ( 'NONE',  ( 43.81677558687979257, 13.11397923034863489, 0.000000000000000000 ) ) ;
#1145 = CARTESIAN_POINT ( 'NONE',  ( 137.6758406867323572, 6.271978292706695157, -203.9583708018546986 ) ) ;
#1146 = CARTESIAN_POINT ( 'NONE',  ( 162.6735482229428840, -2.421003144568926846, -305.0001449027398621 ) ) ;
#1147 = CYLINDRICAL_SURFACE ( 'NONE', #1395, 1.500000000000001332 ) ;
#1148 = CARTESIAN_POINT ( 'NONE',  ( 153.6758406867323004, -10.00000000000000000, -305.0000000000000000 ) ) ;
#1149 = EDGE_CURVE ( 'NONE', #1349, #377, #1331, .T. ) ;
#1150 = EDGE_LOOP ( 'NONE', ( #1307, #1630, #179, #792, #1175 ) ) ;
#1151 = CARTESIAN_POINT ( 'NONE',  ( 123.1478516344640610, -1.657740307956604431, -480.0000000000000000 ) ) ;
#1152 = CARTESIAN_POINT ( 'NONE',  ( 91.11165290382166404, 11.38367315888191555, -484.8000000000000114 ) ) ;
#1153 = CARTESIAN_POINT ( 'NONE',  ( 154.3987569839961225, -2.333260928568307246, -305.1453741903729906 ) ) ;
#1154 = CARTESIAN_POINT ( 'NONE',  ( 162.7361184842768012, -2.141018356421740876, -305.0648449841552861 ) ) ;
#1155 = CARTESIAN_POINT ( 'NONE',  ( 137.6758406867323004, -0.9219746334239210528, -329.3787155617652616 ) ) ;
#1156 = CARTESIAN_POINT ( 'NONE',  ( 152.8175361790882505, -1.009179254482469146, -306.0654480828371788 ) ) ;
#1157 = EDGE_LOOP ( 'NONE', ( #1276, #120, #549, #966, #739 ) ) ;
#1158 = CARTESIAN_POINT ( 'NONE',  ( 152.8177789437175988, -1.010229407321986628, -298.9340852884378137 ) ) ;
#1159 = CARTESIAN_POINT ( 'NONE',  ( 162.6758406867322151, -3.065659227350680194, -300.6446666666652163 ) ) ;
#1160 = CARTESIAN_POINT ( 'NONE',  ( 149.5689628447051973, -0.4166941419563026106, -307.9995558657848278 ) ) ;
#1161 =( NAMED_UNIT ( * ) SI_UNIT ( $, .STERADIAN. ) SOLID_ANGLE_UNIT ( ) );
#1162 = DIRECTION ( 'NONE',  ( 1.000000000000000000, 0.000000000000000000, 0.000000000000000000 ) ) ;
#1163 = AXIS2_PLACEMENT_3D ( 'NONE', #994, #1320, #507 ) ;
#1164 = CARTESIAN_POINT ( 'NONE',  ( 162.7360963062203894, -2.141433304737089482, -299.9349969345815339 ) ) ;
#1165 = COLOUR_RGB ( '',0.7921568627450980005, 0.8196078431372548767, 0.9333333333333333481 ) ;
#1166 = DIRECTION ( 'NONE',  ( 0.000000000000000000, 0.000000000000000000, 1.000000000000000000 ) ) ;
#1167 = ORIENTED_EDGE ( 'NONE', *, *, #1622, .T. ) ;
#1168 = CARTESIAN_POINT ( 'NONE',  ( -15.48714112382321062, 0.7741603508531255118, -484.8000000000000114 ) ) ;
#1169 = CARTESIAN_POINT ( 'NONE',  ( 162.6758406867322151, -3.065911505387864278, -296.9340000000000259 ) ) ;
#1170 = CARTESIAN_POINT ( 'NONE',  ( 152.4143380228324816, -2.185517375450769961, -301.6277182975413780 ) ) ;
#1171 = EDGE_CURVE ( 'NONE', #248, #616, #1081, .T. ) ;
#1172 = DIRECTION ( 'NONE',  ( 0.000000000000000000, 1.000000000000000000, 0.000000000000000000 ) ) ;
#1173 = CARTESIAN_POINT ( 'NONE',  ( 137.6758406867322719, -0.9150258154003750866, -362.9191437068866435 ) ) ;
#1174 = CARTESIAN_POINT ( 'NONE',  ( 152.6018495268998834, -2.737727817159870902, -303.0896336224228094 ) ) ;
#1175 = ORIENTED_EDGE ( 'NONE', *, *, #18, .F. ) ;
#1176 = CARTESIAN_POINT ( 'NONE',  ( 62.58387089175442242, -3.974423467325334247, -480.0000000000000000 ) ) ;
#1177 = ADVANCED_BREP_SHAPE_REPRESENTATION ( 'Right Flap', ( #1576, #1163 ), #479 ) ;
#1178 = CARTESIAN_POINT ( 'NONE',  ( 145.6762342485817783, 5.169712634065352752, 0.000000000000000000 ) ) ;
#1179 = CARTESIAN_POINT ( 'NONE',  ( 152.6743236131870844, -3.320283918446683913, -302.0000094221259701 ) ) ;
#1180 = EDGE_CURVE ( 'NONE', #1687, #1534, #1707, .T. ) ;
#1181 = CARTESIAN_POINT ( 'NONE',  ( 154.6758406867323004, -10.00000000000000000, -300.0000000000000000 ) ) ;
#1182 = CARTESIAN_POINT ( 'NONE',  ( 163.1585353298105758, -0.4635310808063495824, -298.5021138229669759 ) ) ;
#1183 = DIRECTION ( 'NONE',  ( -2.168404344971006649E-16, 1.000000000000000000, 0.000000000000000000 ) ) ;
#1184 = ORIENTED_EDGE ( 'NONE', *, *, #1058, .F. ) ;
#1185 = CARTESIAN_POINT ( 'NONE',  ( 73.22275164550062243, -4.044607191464002938, 0.000000000000000000 ) ) ;
#1186 = CARTESIAN_POINT ( 'NONE',  ( 152.6758406867323004, -10.00000000000000000, -303.0000000000000000 ) ) ;
#1187 = CARTESIAN_POINT ( 'NONE',  ( 152.6813047322828254, -2.904179060510938548, -300.0223768685725645 ) ) ;
#1188 = CARTESIAN_POINT ( 'NONE',  ( 152.6758406867323004, -0.3059296211660768594, -308.0655394592649827 ) ) ;
#1189 = CARTESIAN_POINT ( 'NONE',  ( 162.9866999770822247, -1.555052673380023398, -299.6798119542958148 ) ) ;
#1190 = CARTESIAN_POINT ( 'NONE',  ( 149.5689628447051689, -0.4166941419563033322, -307.9995558657848278 ) ) ;
#1191 = ORIENTED_EDGE ( 'NONE', *, *, #981, .F. ) ;
#1192 = CARTESIAN_POINT ( 'NONE',  ( -11.18651824709755083, 5.586618177445990874, 0.000000000000000000 ) ) ;
#1193 = CARTESIAN_POINT ( 'NONE',  ( 152.3605716638989236, -1.904358415864202403, -299.7353928854129776 ) ) ;
#1194 = CARTESIAN_POINT ( 'NONE',  ( 149.5689080310570773, -0.4172360117882419894, -304.3548891699697378 ) ) ;
#1195 = B_SPLINE_CURVE_WITH_KNOTS ( 'NONE', 3,
 ( #530, #1619, #413, #1487 ),
 .UNSPECIFIED., .F., .F.,
 ( 4, 4 ),
 ( 0.000000000000000000, 9.540671792850120869E-05 ),
 .UNSPECIFIED. ) ;
#1196 = CARTESIAN_POINT ( 'NONE',  ( 160.6759600261673597, -3.107782400530953115, -304.9999999999999432 ) ) ;
#1197 = CARTESIAN_POINT ( 'NONE',  ( 162.6758406867323004, -9.000000000000026645, -303.0000000000000000 ) ) ;
#1198 = EDGE_LOOP ( 'NONE', ( #350, #241, #920, #1713, #264 ) ) ;
#1199 = CARTESIAN_POINT ( 'NONE',  ( 93.24432242974619101, -3.277637667062963445, -484.8000000000000114 ) ) ;
#1200 = EDGE_CURVE ( 'NONE', #904, #1096, #1136, .T. ) ;
#1201 = CARTESIAN_POINT ( 'NONE',  ( 152.6522851074953451, -2.664855057141786610, -300.0015290588199264 ) ) ;
#1202 = CARTESIAN_POINT ( 'NONE',  ( 17.80811955274250025, -3.945346200937884351, 0.000000000000000000 ) ) ;
#1203 = CARTESIAN_POINT ( 'NONE',  ( 149.4724262301633360, -0.4217771753229500598, -296.9995543347403668 ) ) ;
#1204 = EDGE_CURVE ( 'NONE', #1687, #784, #437, .T. ) ;
#1205 = CARTESIAN_POINT ( 'NONE',  ( 162.2145936299871778, -0.9154541245923334403, -299.0692953720579226 ) ) ;
#1206 = CARTESIAN_POINT ( 'NONE',  ( 160.6759600278279834, -3.107782252315482108, -305.0000000000000568 ) ) ;
#1207 = VERTEX_POINT ( 'NONE', #313 ) ;
#1208 = CARTESIAN_POINT ( 'NONE',  ( 43.25600425958946005, 13.47478158335125187, -480.0000000000000000 ) ) ;
#1209 = ORIENTED_EDGE ( 'NONE', *, *, #1581, .F. ) ;
#1210 = CARTESIAN_POINT ( 'NONE',  ( 152.6758406867323004, -3.415530419970587594, -305.0000000000000000 ) ) ;
#1211 = CARTESIAN_POINT ( 'NONE',  ( -15.48714112382321062, 0.7741603508531255118, -484.8000000000000114 ) ) ;
#1212 = CARTESIAN_POINT ( 'NONE',  ( 152.6758406867323004, -10.00000000000000000, -302.0000000000000000 ) ) ;
#1213 = CARTESIAN_POINT ( 'NONE',  ( 162.6758406867323004, -10.00000000000000000, -303.0000000000000000 ) ) ;
#1214 = DIRECTION ( 'NONE',  ( 0.000000000000000000, 0.01075947453914720929, -0.9999421151784945172 ) ) ;
#1215 = CARTESIAN_POINT ( 'NONE',  ( 177.0053139079487039, 0.1438151828774343888, -484.8000000000000114 ) ) ;
#1216 = ORIENTED_EDGE ( 'NONE', *, *, #1518, .F. ) ;
#1217 = CARTESIAN_POINT ( 'NONE',  ( 159.4728670347724062, 3.221250434308062793, -480.0000000000000000 ) ) ;
#1218 = B_SPLINE_CURVE_WITH_KNOTS ( 'NONE', 3,
 ( #1339, #1092, #693, #247, #1357, #393, #807, #672, #945, #1475, #1073, #1063, #417, #1483, #255, #1749 ),
 .UNSPECIFIED., .F., .F.,
 ( 4, 2, 2, 2, 2, 2, 2, 4 ),
 ( 1.474514954580286030E-17, 0.0004429484744363859855, 0.0008858969488727572259, 0.001771793897745478890, 0.002657690846618200337, 0.003543587795490921784, 0.005315381693236231539, 0.007087175590981540860 ),
 .UNSPECIFIED. ) ;
#1219 = CARTESIAN_POINT ( 'NONE',  ( 150.8394418871215805, -0.4676636895648228487, -297.7598835989709869 ) ) ;
#1220 = VECTOR ( 'NONE', #1704, 1000.000000000000000 ) ;
#1221 = CARTESIAN_POINT ( 'NONE',  ( -16.31389087763183454, 1.672743109225335312, -480.0000000000000000 ) ) ;
#1222 = CARTESIAN_POINT ( 'NONE',  ( 173.8789308659869732, 0.7706073386637171119, -429.9999999999999432 ) ) ;
#1223 = CARTESIAN_POINT ( 'NONE',  ( 152.5658725048207884, -2.599609671818673640, -301.8577393103640247 ) ) ;
#1224 = FACE_OUTER_BOUND ( 'NONE', #133, .T. ) ;
#1225 = CARTESIAN_POINT ( 'NONE',  ( 162.6758406867323004, -9.000000000000026645, -305.0000000000000000 ) ) ;
#1226 = ORIENTED_EDGE ( 'NONE', *, *, #1465, .T. ) ;
#1227 = CARTESIAN_POINT ( 'NONE',  ( 11.77287296290922392, 11.77076995481561106, -480.0000000000000000 ) ) ;
#1228 = VERTEX_POINT ( 'NONE', #1118 ) ;
#1229 = CARTESIAN_POINT ( 'NONE',  ( 160.6758406867323004, -10.00000000000000000, -300.0000000000000000 ) ) ;
#1230 = CARTESIAN_POINT ( 'NONE',  ( -15.71268716428375711, 3.421521792012651275, -480.0000000000000000 ) ) ;
#1231 = CARTESIAN_POINT ( 'NONE',  ( 154.9325048608797601, -0.2409136080420934689, -307.9996360112145339 ) ) ;
#1232 = CARTESIAN_POINT ( 'NONE',  ( 157.0593742600350708, -0.1925963264265719843, -180.0000000000000000 ) ) ;
#1233 = DIRECTION ( 'NONE',  ( 0.7071067811865378028, -0.7071067811865573427, 0.000000000000000000 ) ) ;
#1234 = CARTESIAN_POINT ( 'NONE',  ( 165.7604469871122888, -0.06480382593413878956, -307.9997975098239635 ) ) ;
#1235 = ORIENTED_EDGE ( 'NONE', *, *, #1376, .T. ) ;
#1236 = CARTESIAN_POINT ( 'NONE',  ( 101.2372678745173715, 10.30162484350351448, 0.000000000000000000 ) ) ;
#1237 = CARTESIAN_POINT ( 'NONE',  ( 179.6758378702645587, -0.3878923695565508756, -180.0000000000000000 ) ) ;
#1238 = CARTESIAN_POINT ( 'NONE',  ( 123.1478516344640610, -1.657740307956604431, -480.0000000000000000 ) ) ;
#1239 = CARTESIAN_POINT ( 'NONE',  ( 152.6753287124156770, -3.352074166649630094, -300.0000000000000000 ) ) ;
#1240 = UNCERTAINTY_MEASURE_WITH_UNIT (LENGTH_MEASURE( 1.000000000000000082E-05 ), #64, 'distance_accuracy_value', 'NONE');
#1241 = CARTESIAN_POINT ( 'NONE',  ( 162.6627504079801838, -2.506730155914997926, -304.9887293344375507 ) ) ;
#1242 = CARTESIAN_POINT ( 'NONE',  ( 141.5392608588487064, -0.7902671542071373345, 0.000000000000000000 ) ) ;
#1243 = EDGE_CURVE ( 'NONE', #211, #248, #984, .T. ) ;
#1244 = DIRECTION ( 'NONE',  ( -1.000000000000000000, 0.000000000000000000, 0.000000000000000000 ) ) ;
#1245 = CARTESIAN_POINT ( 'NONE',  ( 165.6636188608546831, -0.06552402054727858582, -302.9997960256517331 ) ) ;
#1246 = CARTESIAN_POINT ( 'NONE',  ( 128.9814191143606195, 7.453930747060098838, -480.0000000000000000 ) ) ;
#1247 = ORIENTED_EDGE ( 'NONE', *, *, #1465, .F. ) ;
#1248 = CARTESIAN_POINT ( 'NONE',  ( 151.3309843481808628, -0.8345899928515623234, -298.7432904731475674 ) ) ;
#1249 = CARTESIAN_POINT ( 'NONE',  ( 18.76551366024522594, 12.48916636814102610, -480.0000000000000000 ) ) ;
#1250 = CARTESIAN_POINT ( 'NONE',  ( 152.8898413890642018, 4.207673300264421989, -429.9999999999999432 ) ) ;
#1251 = CARTESIAN_POINT ( 'NONE',  ( 152.6743236131871129, -3.320283918446682581, -302.0000094221259701 ) ) ;
#1252 = CARTESIAN_POINT ( 'NONE',  ( 132.5178590543056885, -1.139565915285356335, -480.0000000000000000 ) ) ;
#1253 = DIRECTION ( 'NONE',  ( -0.000000000000000000, 1.000000000000000000, -0.000000000000000000 ) ) ;
#1254 = CARTESIAN_POINT ( 'NONE',  ( 165.6636684558036450, -0.06529722550696727412, -306.3331293965168243 ) ) ;
#1255 = CARTESIAN_POINT ( 'NONE',  ( 162.6758406867323004, -10.00000000000000000, -305.0000000000000000 ) ) ;
#1256 = VERTEX_POINT ( 'NONE', #1530 ) ;
#1257 = FACE_BOUND ( 'NONE', #412, .T. ) ;
#1258 = CARTESIAN_POINT ( 'NONE',  ( 34.56927172779212754, 13.35021431198616781, -484.8000000000000114 ) ) ;
#1259 = CARTESIAN_POINT ( 'NONE',  ( 152.6743005261608346, -3.319412826330441213, -303.0000094933580499 ) ) ;
#1260 = CARTESIAN_POINT ( 'NONE',  ( 161.5724510337132926, -1.378097705417955066, -305.5438855797283964 ) ) ;
#1261 = B_SPLINE_CURVE_WITH_KNOTS ( 'NONE', 3,
 ( #1538, #1557, #1029, #1691 ),
 .UNSPECIFIED., .F., .F.,
 ( 4, 4 ),
 ( 8.673617379884035472E-19, 0.0001590111934458178218 ),
 .UNSPECIFIED. ) ;
#1262 = CARTESIAN_POINT ( 'NONE',  ( 156.9972724281489036, -0.1602283021622295800, -484.8000000000000114 ) ) ;
#1263 = ADVANCED_FACE ( 'NONE', ( #729 ), #709, .T. ) ;
#1264 = CARTESIAN_POINT ( 'NONE',  ( 137.6758406867323004, -25.12535817568845431, -180.0000000000000000 ) ) ;
#1265 = CARTESIAN_POINT ( 'NONE',  ( 152.6758406867323004, -9.000000000000026645, -302.0000000000000000 ) ) ;
#1266 = CARTESIAN_POINT ( 'NONE',  ( 169.0520430559414535, -0.05023951753214340316, -429.9999999999999432 ) ) ;
#1267 = ORIENTED_EDGE ( 'NONE', *, *, #480, .T. ) ;
#1268 = CARTESIAN_POINT ( 'NONE',  ( 149.5719547542783232, -0.3755928074884163359, -484.8000000000000114 ) ) ;
#1269 = CARTESIAN_POINT ( 'NONE',  ( -15.72107255624630895, 3.425993902315720874, -484.8000000000000114 ) ) ;
#1270 = CARTESIAN_POINT ( 'NONE',  ( 137.6758406867322719, 6.286951269074816828, -275.8334832098549327 ) ) ;
#1271 = CARTESIAN_POINT ( 'NONE',  ( 163.5490228966916391, -0.8373596032674548439, -305.8867326329209959 ) ) ;
#1272 = CARTESIAN_POINT ( 'NONE',  ( 160.6761986570599561, -3.086635771014852203, -305.0001675873231193 ) ) ;
#1273 = CARTESIAN_POINT ( 'NONE',  ( 160.6789381293413044, -2.845774933647554850, -299.9972302635643473 ) ) ;
#1274 = CARTESIAN_POINT ( 'NONE',  ( 154.6758406867323004, -10.00000000000000000, -305.0000000000000000 ) ) ;
#1275 = CARTESIAN_POINT ( 'NONE',  ( 170.0972151795176615, 1.496436134171927668, -480.0000000000000000 ) ) ;
#1276 = ORIENTED_EDGE ( 'NONE', *, *, #941, .F. ) ;
#1277 = CARTESIAN_POINT ( 'NONE',  ( 163.4984541729228340, -0.04958977235251510463, -480.0000000000000000 ) ) ;
#1278 = CARTESIAN_POINT ( 'NONE',  ( 119.9557465855945111, 8.531411223763484486, -480.0000000000000000 ) ) ;
#1279 = CARTESIAN_POINT ( 'NONE',  ( 137.6758406867323572, 6.276970990666470129, -227.9167416041666172 ) ) ;
#1280 = CARTESIAN_POINT ( 'NONE',  ( 164.7590213344009555, -0.1668985961790969696, -307.0975956301127212 ) ) ;
#1281 = CARTESIAN_POINT ( 'NONE',  ( 137.6758406867322719, -0.9080816172082516458, -396.4595718529653823 ) ) ;
#1282 = CARTESIAN_POINT ( 'NONE',  ( 179.6754759266022461, -0.3986888085233276646, -429.9999999999999432 ) ) ;
#1283 = ORIENTED_EDGE ( 'NONE', *, *, #1200, .F. ) ;
#1284 = CARTESIAN_POINT ( 'NONE',  ( 103.3986741165323764, -2.793519941547650376, -484.8000000000000114 ) ) ;
#1285 = VECTOR ( 'NONE', #893, 1000.000000000000000 ) ;
#1286 = CARTESIAN_POINT ( 'NONE',  ( 110.5680198202315836, 9.562465782745871223, -480.0000000000000000 ) ) ;
#1287 = CARTESIAN_POINT ( 'NONE',  ( 152.6522300978579096, -2.663778633569348298, -304.9983581772458479 ) ) ;
#1288 = CARTESIAN_POINT ( 'NONE',  ( 165.6636932515401099, -0.06518383636886057597, -307.9997960819501372 ) ) ;
#1289 = CARTESIAN_POINT ( 'NONE',  ( 161.1305661290633395, -1.846872429621400524, -299.7224848222681999 ) ) ;
#1290 = CARTESIAN_POINT ( 'NONE',  ( 178.2588404621436666, -0.2641542600596171742, -429.9999999999999432 ) ) ;
#1291 = ORIENTED_EDGE ( 'NONE', *, *, #1671, .F. ) ;
#1292 = FACE_OUTER_BOUND ( 'NONE', #956, .T. ) ;
#1293 = CARTESIAN_POINT ( 'NONE',  ( 165.6636942334507694, -0.06517934616194573372, -308.0657960822005066 ) ) ;
#1294 = CARTESIAN_POINT ( 'NONE',  ( 149.5689628447051973, -0.4166941419563026106, -307.9995558657848278 ) ) ;
#1295 = CARTESIAN_POINT ( 'NONE',  ( 152.6758406867323004, -3.415653860512967821, -302.1668054475226768 ) ) ;
#1296 = CARTESIAN_POINT ( 'NONE',  ( 160.6758406867323288, -3.118355936370480919, -305.0000000000000000 ) ) ;
#1297 = EDGE_CURVE ( 'NONE', #203, #1228, #1430, .T. ) ;
#1298 = VERTEX_POINT ( 'NONE', #890 ) ;
#1299 = CARTESIAN_POINT ( 'NONE',  ( -13.65890101910770760, -0.01805652033994866942, -484.8000000000000114 ) ) ;
#1300 = CARTESIAN_POINT ( 'NONE',  ( 162.6758406867323572, -3.065406975478743412, -304.3553333333313162 ) ) ;
#1301 = CARTESIAN_POINT ( 'NONE',  ( 153.6230986713322011, -1.492473260844657146, -299.4067642618283003 ) ) ;
#1302 = CARTESIAN_POINT ( 'NONE',  ( 162.7289238527079647, -2.485686429541478670, -301.9009889902452528 ) ) ;
#1303 = B_SPLINE_CURVE_WITH_KNOTS ( 'NONE', 3,
 ( #58, #1543, #598, #1111, #852, #590, #862, #1666, #431, #1552, #1131, #1015, #1008 ),
 .UNSPECIFIED., .F., .F.,
 ( 4, 1, 1, 1, 1, 1, 1, 1, 1, 1, 4 ),
 ( 0.000000000000000000, 0.0001565366074790522572, 0.008237820490701925139, 0.01566429258721320147, 0.02234027196911001281, 0.02817604743912142246, 0.03309108338506321079, 0.03703936367700766397, 0.04000297801273633436, 0.04188172241471272567, 0.04253347444217064899 ),
 .UNSPECIFIED. ) ;
#1304 = CARTESIAN_POINT ( 'NONE',  ( 162.6758406867323004, -3.087082133299543063, -300.0001918413747717 ) ) ;
#1305 = CARTESIAN_POINT ( 'NONE',  ( 150.0773850869318267, -0.3986147987101152368, -307.6945274719798817 ) ) ;
#1306 = ADVANCED_FACE ( 'NONE', ( #505 ), #1496, .F. ) ;
#1307 = ORIENTED_EDGE ( 'NONE', *, *, #572, .F. ) ;
#1308 = CARTESIAN_POINT ( 'NONE',  ( 72.74699105597053972, -3.821597671889568115, -484.8000000000000114 ) ) ;
#1309 = FACE_OUTER_BOUND ( 'NONE', #1113, .T. ) ;
#1310 = CARTESIAN_POINT ( 'NONE',  ( 153.9217828349123636, -1.744096237730234922, -299.5806005328371384 ) ) ;
#1311 = AXIS2_PLACEMENT_3D ( 'NONE', #193, #738, #66 ) ;
#1312 = CARTESIAN_POINT ( 'NONE',  ( 165.7602835375474228, -0.06554699794395672796, -296.9997974683726056 ) ) ;
#1313 =( BOUNDED_SURFACE ( )  B_SPLINE_SURFACE ( 3, 2, ( 
 ( #1203, #1755, #659 ),
 ( #1481, #637, #110 ),
 ( #239, #917, #1466 ),
 ( #670, #1327, #355 ),
 ( #1600, #924, #1472 ),
 ( #1312, #1748, #1732 ) ),
 .UNSPECIFIED., .F., .F., .T. ) 
 B_SPLINE_SURFACE_WITH_KNOTS ( ( 4, 2, 4 ),
 ( 3, 3 ),
 ( 0.09013911265021191943, 0.09823684767247474470, 0.1063345826947375700 ),
 ( 0.000000000000000000, 1.000000000000000000 ),
 .UNSPECIFIED. ) 
 GEOMETRIC_REPRESENTATION_ITEM ( )  RATIONAL_B_SPLINE_SURFACE ( (
 ( 1.000000000000000000, 0.7070542570812557992, 1.000000000000000000),
 ( 1.000000000000000000, 0.7070590452745437737, 1.000000000000000000),
 ( 1.000000000000000000, 0.7070638047241450952, 1.000000000000000000),
 ( 1.000000000000000000, 0.7070733067426551166, 1.000000000000000000),
 ( 1.000000000000000000, 0.7070781562636717643, 1.000000000000000000),
 ( 1.000000000000000000, 0.7070829122025037439, 1.000000000000000000) ) ) 
 REPRESENTATION_ITEM ( '' )  SURFACE ( )  );
#1314 = CARTESIAN_POINT ( 'NONE',  ( 161.1868857311817180, -1.760490631077484824, -299.6883800381731362 ) ) ;
#1315 = CARTESIAN_POINT ( 'NONE',  ( 149.7215918156403802, -0.4112907096759612635, -307.7459190963406286 ) ) ;
#1316 = EDGE_LOOP ( 'NONE', ( #1075, #667, #688, #853, #887 ) ) ;
#1317 = CARTESIAN_POINT ( 'NONE',  ( -1.548043350828450349, -2.678313004792312046, 0.000000000000000000 ) ) ;
#1318 = CARTESIAN_POINT ( 'NONE',  ( 152.9848059285570798, 4.136880100982744501, 0.000000000000000000 ) ) ;
#1319 = CARTESIAN_POINT ( 'NONE',  ( 179.6758414933637766, -0.3879404578226495759, -430.0000000000000568 ) ) ;
#1320 = DIRECTION ( 'NONE',  ( 0.000000000000000000, 0.000000000000000000, 1.000000000000000000 ) ) ;
#1321 = CARTESIAN_POINT ( 'NONE',  ( 162.6758406867323004, -3.100736744592239802, -303.0000000000000000 ) ) ;
#1322 = B_SPLINE_CURVE_WITH_KNOTS ( 'NONE', 3,
 ( #1416, #455, #1572, #891, #43, #585, #1126, #445, #1270, #1004, #736, #1279, #63, #1145, #636, #1456 ),
 .UNSPECIFIED., .F., .F.,
 ( 4, 3, 3, 3, 3, 4 ),
 ( 0.000000000000000000, 0.03541659249248307884, 0.1062497774774500553, 0.1781248914450284382, 0.2140624484288192741, 0.2500000054126107485 ),
 .UNSPECIFIED. ) ;
#1323 = ORIENTED_EDGE ( 'NONE', *, *, #1068, .T. ) ;
#1324 = CARTESIAN_POINT ( 'NONE',  ( -7.064909597978150657, -1.631435941692159997, -480.0000000000000000 ) ) ;
#1325 = B_SPLINE_CURVE_WITH_KNOTS ( 'NONE', 3,
 ( #1024, #1321, #1734, #912 ),
 .UNSPECIFIED., .F., .F.,
 ( 4, 4 ),
 ( 0.000000000000000000, 5.285757533472437318E-05 ),
 .UNSPECIFIED. ) ;
#1326 = CARTESIAN_POINT ( 'NONE',  ( 152.5077494092569452, -2.195315948217315682, -299.8727665839205088 ) ) ;
#1327 = CARTESIAN_POINT ( 'NONE',  ( 160.3184705400242649, -0.1178218140039426626, -299.9999999999999432 ) ) ;
#1328 = EDGE_CURVE ( 'NONE', #1545, #977, #428, .T. ) ;
#1329 = CARTESIAN_POINT ( 'NONE',  ( 162.4516743435893318, -0.7864849293281914733, -298.9267762473849075 ) ) ;
#1330 = EDGE_CURVE ( 'NONE', #333, #763, #364, .T. ) ;
#1331 = LINE ( 'NONE', #1607, #626 ) ;
#1332 = EDGE_LOOP ( 'NONE', ( #341, #755, #927, #84 ) ) ;
#1333 = CARTESIAN_POINT ( 'NONE',  ( -8.870839709559573905, 7.379290699847297574, -480.0000000000000000 ) ) ;
#1334 = CARTESIAN_POINT ( 'NONE',  ( 152.5810368316521419, -2.388466545162213794, -299.9395732453359642 ) ) ;
#1335 = ADVANCED_FACE ( 'NONE', ( #1309 ), #1463, .F. ) ;
#1336 = CARTESIAN_POINT ( 'NONE',  ( 162.6758406867323004, -3.119380022088914739, -301.9999999999998863 ) ) ;
#1337 = CIRCLE ( 'NONE', #312, 2.000000000000002220 ) ;
#1338 = CARTESIAN_POINT ( 'NONE',  ( 163.9266286400830097, -0.5481726542910940747, -298.7341919838260083 ) ) ;
#1339 = CARTESIAN_POINT ( 'NONE',  ( 162.6758406867322435, -3.065499099017512386, -303.0002793122050093 ) ) ;
#1340 = VERTEX_POINT ( 'NONE', #230 ) ;
#1341 = CARTESIAN_POINT ( 'NONE',  ( -4.889686882910237564, 8.653172133217823969, -480.0000000000000000 ) ) ;
#1342 = ORIENTED_EDGE ( 'NONE', *, *, #754, .F. ) ;
#1343 = CARTESIAN_POINT ( 'NONE',  ( 160.6758406867323004, -10.00000000000000000, -302.0000000000000000 ) ) ;
#1344 = CARTESIAN_POINT ( 'NONE',  ( -13.65052910043791812, -0.02233389580498377699, -480.0000000000000000 ) ) ;
#1345 = DIRECTION ( 'NONE',  ( 0.000000000000000000, 0.000000000000000000, -1.000000000000000000 ) ) ;
#1346 = DIRECTION ( 'NONE',  ( -1.000000000000000000, 0.000000000000000000, -0.000000000000000000 ) ) ;
#1347 = CARTESIAN_POINT ( 'NONE',  ( 162.6758406867323004, -9.000000000000026645, -300.0000000000000000 ) ) ;
#1348 = CARTESIAN_POINT ( 'NONE',  ( 173.8763530019075745, 0.7726410036664411729, -484.8000000000000114 ) ) ;
#1349 = VERTEX_POINT ( 'NONE', #1589 ) ;
#1350 = CARTESIAN_POINT ( 'NONE',  ( 159.5524836738927661, 3.161072353973591653, 0.000000000000000000 ) ) ;
#1351 = ADVANCED_FACE ( 'NONE', ( #800 ), #269, .T. ) ;
#1352 = VERTEX_POINT ( 'NONE', #1129 ) ;
#1353 = CARTESIAN_POINT ( 'NONE',  ( 150.0781369415515201, -0.4118715718551369531, -297.3048845910205387 ) ) ;
#1354 = CARTESIAN_POINT ( 'NONE',  ( 3.294362945290029820, -2.826468996251333188, -480.0000000000000000 ) ) ;
#1355 = CARTESIAN_POINT ( 'NONE',  ( 165.2178882152278732, 2.304705197269516059, -429.9999999999999432 ) ) ;
#1356 = FACE_OUTER_BOUND ( 'NONE', #194, .T. ) ;
#1357 = CARTESIAN_POINT ( 'NONE',  ( 162.7600748363384184, -2.346951505842334473, -303.1531234116570204 ) ) ;
#1358 = CARTESIAN_POINT ( 'NONE',  ( 160.6759625831539893, -3.108615058332164338, -300.0000000000000000 ) ) ;
#1359 = ORIENTED_EDGE ( 'NONE', *, *, #514, .F. ) ;
#1360 = CARTESIAN_POINT ( 'NONE',  ( 71.88460016740160086, 12.42206749193156945, 0.000000000000000000 ) ) ;
#1361 = ADVANCED_FACE ( 'NONE', ( #165 ), #644, .F. ) ;
#1362 = EDGE_LOOP ( 'NONE', ( #495, #1323, #107, #949 ) ) ;
#1363 = CYLINDRICAL_SURFACE ( 'NONE', #1082, 1.500000000000001332 ) ;
#1364 = AXIS2_PLACEMENT_3D ( 'NONE', #955, #9, #838 ) ;
#1365 = CARTESIAN_POINT ( 'NONE',  ( -16.33458175775366428, 2.471056483973867124, -480.0000000000000000 ) ) ;
#1366 = DIRECTION ( 'NONE',  ( 0.03179821720954521119, -0.9994943088293672950, 6.580196913048013267E-16 ) ) ;
#1367 = CARTESIAN_POINT ( 'NONE',  ( 163.5418149204288625, -0.07279385363318899294, -180.0000000000000000 ) ) ;
#1368 = DIRECTION ( 'NONE',  ( -0.000000000000000000, 0.000000000000000000, -1.000000000000000000 ) ) ;
#1369 = AXIS2_PLACEMENT_3D ( 'NONE', #1347, #1233, #816 ) ;
#1370 = CARTESIAN_POINT ( 'NONE',  ( 162.6758406867323004, -3.101442127771467661, -302.0000000000000000 ) ) ;
#1371 = EDGE_LOOP ( 'NONE', ( #1235, #256, #1667, #432, #818, #1084 ) ) ;
#1372 = CARTESIAN_POINT ( 'NONE',  ( 91.47316657418234342, 11.13498035525205943, 0.000000000000000000 ) ) ;
#1373 = CARTESIAN_POINT ( 'NONE',  ( 154.6758406866959774, -3.362118052311723115, -305.0000000000000000 ) ) ;
#1374 = CARTESIAN_POINT ( 'NONE',  ( 52.61730293788018997, -4.052370963394602121, -484.8000000000000114 ) ) ;
#1375 = FACE_OUTER_BOUND ( 'NONE', #1494, .T. ) ;
#1376 = EDGE_CURVE ( 'NONE', #1602, #1086, #418, .T. ) ;
#1377 = CARTESIAN_POINT ( 'NONE',  ( 162.8197144113899526, -2.140725888995897552, -303.2558791452304945 ) ) ;
#1378 = CARTESIAN_POINT ( 'NONE',  ( 176.8152272515524146, -0.2263676850632148907, -480.0000000000000000 ) ) ;
#1379 = CARTESIAN_POINT ( 'NONE',  ( 162.6758406867322435, -3.065567117891089932, -301.9997104923421603 ) ) ;
#1380 = DIRECTION ( 'NONE',  ( 1.364794415326303666E-15, -0.9999441535759090449, 0.01056833616794986865 ) ) ;
#1381 = CARTESIAN_POINT ( 'NONE',  ( 0.6547660353389550547, 9.390384069227961206, 0.000000000000000000 ) ) ;
#1382 = CARTESIAN_POINT ( 'NONE',  ( 149.9088582792156785, -0.4061045253484056317, -297.5646679432187511 ) ) ;
#1383 =( BOUNDED_SURFACE ( )  B_SPLINE_SURFACE ( 3, 2, ( 
 ( #1756, #16, #426 ),
 ( #554, #1529, #301 ),
 ( #1625, #416, #137 ),
 ( #963, #681, #1508 ),
 ( #281, #826, #1377 ),
 ( #155, #1241, #972 ),
 ( #604, #1146, #1672 ),
 ( #465, #44, #54 ),
 ( #612, #1154, #1432 ),
 ( #1260, #728, #1683 ),
 ( #1699, #1424, #346 ),
 ( #1005, #881, #208 ),
 ( #857, #1013, #1565 ),
 ( #446, #1271, #1708 ),
 ( #321, #1407, #198 ),
 ( #1440, #1280, #1549 ),
 ( #311, #71, #595 ),
 ( #1137, #718, #1288 ) ),
 .UNSPECIFIED., .F., .F., .T. ) 
 B_SPLINE_SURFACE_WITH_KNOTS ( ( 4, 2, 2, 2, 2, 2, 2, 2, 4 ),
 ( 3, 3 ),
 ( -5.421010862427522170E-18, 0.001185627895125477508, 0.001778441842688219081, 0.002371255790250960654, 0.002964069737813702227, 0.003556883685376443366, 0.004742511580501926512, 0.007113767370752891936, 0.009485023161003858228 ),
 ( 0.000000000000000000, 1.000000000000000000 ),
 .UNSPECIFIED. ) 
 GEOMETRIC_REPRESENTATION_ITEM ( )  RATIONAL_B_SPLINE_SURFACE ( (
 ( 1.000000000000000000, 0.7071700591667471336, 1.000000000000000000),
 ( 1.000000000000000000, 0.7079403779098852878, 1.000000000000000000),
 ( 1.000000000000000000, 0.7156068889450936110, 1.000000000000000000),
 ( 1.000000000000000000, 0.7346610930543930884, 1.000000000000000000),
 ( 1.000000000000000000, 0.7422556018905244191, 1.000000000000000000),
 ( 1.000000000000000000, 0.7587998523319281485, 1.000000000000000000),
 ( 1.000000000000000000, 0.7678008806587259816, 1.000000000000000000),
 ( 1.000000000000000000, 0.7866682500343316065, 1.000000000000000000),
 ( 1.000000000000000000, 0.7965842841916396244, 1.000000000000000000),
 ( 1.000000000000000000, 0.8163455196782652967, 1.000000000000000000),
 ( 1.000000000000000000, 0.8262381006610799439, 1.000000000000000000),
 ( 1.000000000000000000, 0.8554720069813396277, 1.000000000000000000),
 ( 1.000000000000000000, 0.8744573624073269658, 1.000000000000000000),
 ( 1.000000000000000000, 0.9264317405402522354, 1.000000000000000000),
 ( 1.000000000000000000, 0.9536492900966397901, 1.000000000000000000),
 ( 1.000000000000000000, 0.9906678580000616297, 1.000000000000000000),
 ( 1.000000000000000000, 0.9999872323205571956, 1.000000000000000000),
 ( 1.000000000000000000, 1.000000000000000000, 1.000000000000000000) ) ) 
 REPRESENTATION_ITEM ( '' )  SURFACE ( )  );
#1384 = CARTESIAN_POINT ( 'NONE',  ( 93.24432242974619101, -3.277637667062963445, -484.8000000000000114 ) ) ;
#1385 = CARTESIAN_POINT ( 'NONE',  ( 152.6758375452046437, -3.383872291197814075, -300.0000000000000000 ) ) ;
#1386 = CARTESIAN_POINT ( 'NONE',  ( 173.3370195452756946, -0.1007371691752821513, -180.0000000000000000 ) ) ;
#1387 = CARTESIAN_POINT ( 'NONE',  ( 163.5678313689324739, -0.08671630240159332315, 0.000000000000000000 ) ) ;
#1388 = ADVANCED_FACE ( 'NONE', ( #429 ), #712, .T. ) ;
#1389 = CARTESIAN_POINT ( 'NONE',  ( 160.6760844611287951, -3.097850406478520835, -299.9999420984712515 ) ) ;
#1390 = ORIENTED_EDGE ( 'NONE', *, *, #51, .T. ) ;
#1391 = CARTESIAN_POINT ( 'NONE',  ( 177.0158213435556149, 0.1355424180607971429, 0.000000000000000000 ) ) ;
#1392 = ORIENTED_EDGE ( 'NONE', *, *, #1653, .F. ) ;
#1393 = CARTESIAN_POINT ( 'NONE',  ( 154.5637711827062333, -2.676086842309272740, -299.9462636835611988 ) ) ;
#1394 = CARTESIAN_POINT ( 'NONE',  ( 120.1949499103822774, 8.361107237483233590, 0.000000000000000000 ) ) ;
#1395 = AXIS2_PLACEMENT_3D ( 'NONE', #324, #448, #631 ) ;
#1396 = EDGE_CURVE ( 'NONE', #1349, #1352, #168, .T. ) ;
#1397 = CARTESIAN_POINT ( 'NONE',  ( 154.6085310861411415, -2.780023351390439768, -305.0289194922883667 ) ) ;
#1398 = CARTESIAN_POINT ( 'NONE',  ( 150.7921337953406464, -0.6135324788268541329, -299.0187401668873122 ) ) ;
#1399 = CARTESIAN_POINT ( 'NONE',  ( 161.5708226035865493, -1.367916963328654312, -305.5429543756127373 ) ) ;
#1400 = CARTESIAN_POINT ( 'NONE',  ( 165.7604477577768023, -0.06500630097659330919, -305.0000000000000568 ) ) ;
#1401 = CARTESIAN_POINT ( 'NONE',  ( 162.6758406867322435, -3.065567117891089932, -301.9997104923421603 ) ) ;
#1402 = CARTESIAN_POINT ( 'NONE',  ( 149.5689026852196548, -0.4172888582800297619, -303.9995559104481231 ) ) ;
#1403 = ORIENTED_EDGE ( 'NONE', *, *, #707, .F. ) ;
#1404 = CARTESIAN_POINT ( 'NONE',  ( 141.3725263969657817, -0.7072185964306322292, -480.0000000000000000 ) ) ;
#1405 = CARTESIAN_POINT ( 'NONE',  ( 100.9167671982150694, 10.52472949211140829, -484.8000000000000114 ) ) ;
#1406 = CARTESIAN_POINT ( 'NONE',  ( 152.6097981398945080, -2.483264238678142721, -305.0346679612644607 ) ) ;
#1407 = CARTESIAN_POINT ( 'NONE',  ( 163.9267182706808228, -0.5475926087928200126, -306.2654157254955862 ) ) ;
#1408 = CARTESIAN_POINT ( 'NONE',  ( 179.6770719582781339, -0.3987938621634148917, 0.000000000000000000 ) ) ;
#1409 = CARTESIAN_POINT ( 'NONE',  ( 152.6758406867323004, -3.415604434747985696, -302.5004163425681440 ) ) ;
#1410 = CARTESIAN_POINT ( 'NONE',  ( 154.6758406867323288, -3.415678573564098208, -302.0000000000000000 ) ) ;
#1411 = CARTESIAN_POINT ( 'NONE',  ( 149.5689327657338765, -0.4169914917842107438, -305.9995558881153102 ) ) ;
#1412 = EDGE_LOOP ( 'NONE', ( #1342, #141, #772 ) ) ;
#1413 = CARTESIAN_POINT ( 'NONE',  ( 173.3471052529941687, -0.1064731620283199537, 0.000000000000000000 ) ) ;
#1414 = B_SPLINE_CURVE_WITH_KNOTS ( 'NONE', 3,
 ( #1651, #536, #1090, #846, #1519, #692 ),
 .UNSPECIFIED., .F., .F.,
 ( 4, 2, 4 ),
 ( 0.000000000000000000, 0.008049599034207518058, 0.01609919806841503612 ),
 .UNSPECIFIED. ) ;
#1415 = CARTESIAN_POINT ( 'NONE',  ( -11.18651824709755083, 5.586618177445990874, 0.000000000000000000 ) ) ;
#1416 = CARTESIAN_POINT ( 'NONE',  ( 137.6758406867323288, 6.319005525128146949, -429.9999999999999432 ) ) ;
#1417 = DIRECTION ( 'NONE',  ( -0.7071067811865378028, -0.7071067811865573427, -0.000000000000000000 ) ) ;
#1418 = CARTESIAN_POINT ( 'NONE',  ( 162.6758406867323288, -2.824303355127863124, -301.9953947173160600 ) ) ;
#1419 = CARTESIAN_POINT ( 'NONE',  ( 149.5687973948001570, -0.4183297341268394365, -296.9995557778240141 ) ) ;
#1420 = ORIENTED_EDGE ( 'NONE', *, *, #205, .T. ) ;
#1421 = CARTESIAN_POINT ( 'NONE',  ( 103.4020333638624152, -2.795096916187917113, -480.0000000000000000 ) ) ;
#1422 = CARTESIAN_POINT ( 'NONE',  ( 43.25039654631655850, 13.47838960688127763, -484.8000000000000114 ) ) ;
#1423 = CARTESIAN_POINT ( 'NONE',  ( 151.6813815318027423, -1.182044408669158164, -304.5358539114221230 ) ) ;
#1424 = CARTESIAN_POINT ( 'NONE',  ( 162.8439180306495189, -1.845969688652571161, -305.1749294692896228 ) ) ;
#1425 = CARTESIAN_POINT ( 'NONE',  ( 162.6735281619345415, -2.421412745623071405, -299.9997484123253457 ) ) ;
#1426 = CARTESIAN_POINT ( 'NONE',  ( 170.0968415185715514, 1.496728956183888792, -484.8000000000000114 ) ) ;
#1427 = ORIENTED_EDGE ( 'NONE', *, *, #1442, .T. ) ;
#1428 = CARTESIAN_POINT ( 'NONE',  ( 169.0468689498301558, -0.04739636989563361658, -484.8000000000000114 ) ) ;
#1429 = CIRCLE ( 'NONE', #1030, 1.500000000000001332 ) ;
#1430 = LINE ( 'NONE', #1186, #1220 ) ;
#1431 = CARTESIAN_POINT ( 'NONE',  ( 152.5809258537670985, -2.387367861315695894, -305.0603027116538328 ) ) ;
#1432 = CARTESIAN_POINT ( 'NONE',  ( 163.0908330359040406, -1.539437654981647974, -303.7164762491894976 ) ) ;
#1433 = EDGE_CURVE ( 'NONE', #1298, #218, #751, .T. ) ;
#1434 = CARTESIAN_POINT ( 'NONE',  ( 137.6758406867323288, -0.9503838382069050850, -192.4482262961065828 ) ) ;
#1435 = DIRECTION ( 'NONE',  ( 0.000000000000000000, 1.000000000000000000, 0.000000000000000000 ) ) ;
#1436 = ORIENTED_EDGE ( 'NONE', *, *, #1330, .T. ) ;
#1437 = CARTESIAN_POINT ( 'NONE',  ( 4.064286235387489121, -3.204699715511951208, 0.000000000000000000 ) ) ;
#1438 = CARTESIAN_POINT ( 'NONE',  ( 159.4728670347724062, 3.221250434308062793, -480.0000000000000000 ) ) ;
#1439 = CARTESIAN_POINT ( 'NONE',  ( 151.2334082428313877, -0.8230307460208127202, -305.2600506028081213 ) ) ;
#1440 = CARTESIAN_POINT ( 'NONE',  ( 164.5449871408851266, -0.1264003637071235975, -307.3292796326899179 ) ) ;
#1441 = CARTESIAN_POINT ( 'NONE',  ( 165.6635891031904180, -0.06566010092276380883, -300.9997960305025799 ) ) ;
#1442 = EDGE_CURVE ( 'NONE', #557, #503, #694, .T. ) ;
#1443 = CARTESIAN_POINT ( 'NONE',  ( 152.6758406867323572, -3.415555091451004444, -302.8334721141893056 ) ) ;
#1444 = CARTESIAN_POINT ( 'NONE',  ( 156.6738734113954763, -3.199277438816777508, -305.0000000000000000 ) ) ;
#1445 = ORIENTED_EDGE ( 'NONE', *, *, #121, .T. ) ;
#1446 = CARTESIAN_POINT ( 'NONE',  ( -12.00321293146114954, 6.036989419548993041, -480.0000000000000000 ) ) ;
#1447 = CARTESIAN_POINT ( 'NONE',  ( 154.6749848223179242, -3.308712532438892406, -305.0000000000000000 ) ) ;
#1448 = CARTESIAN_POINT ( 'NONE',  ( 152.6666164742964327, -3.078030036083001075, -302.0000333452042014 ) ) ;
#1449 = DIRECTION ( 'NONE',  ( 1.000000000000000000, 0.000000000000000000, -0.000000000000000000 ) ) ;
#1450 = PRODUCT_DEFINITION_FORMATION_WITH_SPECIFIED_SOURCE ( 'ANY', '', #306, .NOT_KNOWN. ) ;
#1451 = CARTESIAN_POINT ( 'NONE',  ( 160.8243469658290223, -2.367991461403584186, -299.9081246869361621 ) ) ;
#1452 = VECTOR ( 'NONE', #191, 1000.000000000000000 ) ;
#1453 = CARTESIAN_POINT ( 'NONE',  ( 152.6534881475353984, -3.022409716380597633, -303.0188478877433909 ) ) ;
#1454 = ORIENTED_EDGE ( 'NONE', *, *, #1180, .T. ) ;
#1455 = CARTESIAN_POINT ( 'NONE',  ( -14.63533721803532117, 0.3346072642946015252, 0.000000000000000000 ) ) ;
#1456 = CARTESIAN_POINT ( 'NONE',  ( 137.6758406867323004, 6.266983400014570549, -180.0000000000000000 ) ) ;
#1457 = CIRCLE ( 'NONE', #910, 1.999999999999974021 ) ;
#1458 = FACE_OUTER_BOUND ( 'NONE', #1371, .T. ) ;
#1459 = CARTESIAN_POINT ( 'NONE',  ( 165.6635295828561425, -0.06593228581796337084, -296.9997960402044441 ) ) ;
#1460 = CARTESIAN_POINT ( 'NONE',  ( 154.6758406867323004, -3.415530419970588039, -303.0000000000000000 ) ) ;
#1461 = ORIENTED_EDGE ( 'NONE', *, *, #1743, .T. ) ;
#1462 = CARTESIAN_POINT ( 'NONE',  ( 25.11499318099049916, -3.838668300323226035, -484.8000000000000114 ) ) ;
#1463 = PLANE ( 'NONE',  #1051 ) ;
#1464 = CARTESIAN_POINT ( 'NONE',  ( 137.6758406867323004, -0.9011420346126709502, -430.0000000000000000 ) ) ;
#1465 = EDGE_CURVE ( 'NONE', #674, #477, #874, .T. ) ;
#1466 = CARTESIAN_POINT ( 'NONE',  ( 154.9755718776102924, -3.242098862535296888, -299.9999999999999432 ) ) ;
#1467 = CARTESIAN_POINT ( 'NONE',  ( 165.6635295828560572, -0.06593228581796357901, -296.9997960402040462 ) ) ;
#1468 = CARTESIAN_POINT ( 'NONE',  ( 153.7237243039439534, -1.558623023866187562, -305.5338485076115376 ) ) ;
#1469 = ORIENTED_EDGE ( 'NONE', *, *, #578, .T. ) ;
#1470 = CARTESIAN_POINT ( 'NONE',  ( -6.252716960336958785, -2.037681824853898593, 0.000000000000000000 ) ) ;
#1471 = CARTESIAN_POINT ( 'NONE',  ( 154.6087598420536438, -2.781289119260248910, -299.9710711826708689 ) ) ;
#1472 = CARTESIAN_POINT ( 'NONE',  ( 163.0724973941831308, -3.075946176824254419, -300.0000000000000000 ) ) ;
#1473 = B_SPLINE_CURVE_WITH_KNOTS ( 'NONE', 3,
 ( #987, #1411, #1402, #1676, #450, #325, #1419 ),
 .UNSPECIFIED., .F., .F.,
 ( 4, 3, 4 ),
 ( 5.551115123125782702E-17, 0.006000000000000074718, 0.01100000021080338800 ),
 .UNSPECIFIED. ) ;
#1474 = CARTESIAN_POINT ( 'NONE',  ( 163.5489550685307734, -0.8378904841295351513, -299.1129076099192616 ) ) ;
#1475 = CARTESIAN_POINT ( 'NONE',  ( 163.5921897585476472, -0.8982347782689055204, -304.5583922378683610 ) ) ;
#1476 = VECTOR ( 'NONE', #303, 1000.000000000000000 ) ;
#1477 = EDGE_LOOP ( 'NONE', ( #1132, #1049, #1359, #947 ) ) ;
#1478 = CARTESIAN_POINT ( 'NONE',  ( 18.75882264947053812, 12.49327151746987319, -484.8000000000000114 ) ) ;
#1479 = DIRECTION ( 'NONE',  ( 0.000000000000000000, 0.000000000000000000, 1.000000000000000000 ) ) ;
#1480 = CARTESIAN_POINT ( 'NONE',  ( 83.43203411245119128, -3.799346583349470396, 0.000000000000000000 ) ) ;
#1481 = CARTESIAN_POINT ( 'NONE',  ( 152.1817693255659378, -0.3246711842161736916, -296.9995949043772612 ) ) ;
#1482 = CARTESIAN_POINT ( 'NONE',  ( 162.6758406867323004, -9.000000000000026645, -302.0000000000000000 ) ) ;
#1483 = CARTESIAN_POINT ( 'NONE',  ( 165.0535339913384405, -0.1134374616531562685, -306.9890263053176795 ) ) ;
#1484 = ORIENTED_EDGE ( 'NONE', *, *, #932, .F. ) ;
#1485 = CARTESIAN_POINT ( 'NONE',  ( 43.81677558687979257, 13.11397923034863489, 0.000000000000000000 ) ) ;
#1486 = ORIENTED_EDGE ( 'NONE', *, *, #572, .T. ) ;
#1487 = CARTESIAN_POINT ( 'NONE',  ( 152.6743236131871129, -3.320283918446682581, -302.0000094221259701 ) ) ;
#1488 = CARTESIAN_POINT ( 'NONE',  ( -12.81333723345890974, -0.4500714423084946070, 0.000000000000000000 ) ) ;
#1489 = CARTESIAN_POINT ( 'NONE',  ( 152.6758406867323004, -9.000000000000026645, -303.0000000000000000 ) ) ;
#1490 = CARTESIAN_POINT ( 'NONE',  ( 164.6501963883497979, -0.1162881970013780325, -297.6071496813819408 ) ) ;
#1491 = CARTESIAN_POINT ( 'NONE',  ( 165.1570884973021407, -0.06725580443075830639, -307.6962192559619211 ) ) ;
#1492 = EDGE_CURVE ( 'NONE', #468, #1298, #323, .T. ) ;
#1493 = CARTESIAN_POINT ( 'NONE',  ( 160.3186865536086714, -0.1173442994531559980, -304.9999999999249667 ) ) ;
#1494 = EDGE_LOOP ( 'NONE', ( #1484, #897, #1665 ) ) ;
#1495 = CARTESIAN_POINT ( 'NONE',  ( 110.5652435917839398, 9.564420450423346765, -484.8000000000000114 ) ) ;
#1496 =( BOUNDED_SURFACE ( )  B_SPLINE_SURFACE ( 3, 2, ( 
 ( #1597, #77, #1293 ),
 ( #1300, #1627, #915 ),
 ( #1159, #497, #86 ),
 ( #1169, #1715, #1582 ) ),
 .UNSPECIFIED., .F., .F., .F. ) 
 B_SPLINE_SURFACE_WITH_KNOTS ( ( 4, 4 ),
 ( 3, 3 ),
 ( 0.2103876872451831137, 0.2215196872709052356 ),
 ( 0.000000000000000000, 1.000000000000000000 ),
 .UNSPECIFIED. ) 
 GEOMETRIC_REPRESENTATION_ITEM ( )  RATIONAL_B_SPLINE_SURFACE ( (
 ( 1.000000000000000000, 0.7085368084159539004, 1.000000000000000000),
 ( 1.000000000000000000, 0.7085433012754110971, 1.000000000000000000),
 ( 1.000000000000000000, 0.7085497947211365499, 1.000000000000000000),
 ( 1.000000000000000000, 0.7085562887531878795, 1.000000000000000000) ) ) 
 REPRESENTATION_ITEM ( '' )  SURFACE ( )  );
#1497 = CARTESIAN_POINT ( 'NONE',  ( 152.6753272997732722, -3.351443794668238940, -303.0000063297132442 ) ) ;
#1498 = CARTESIAN_POINT ( 'NONE',  ( 83.00592520150202347, -3.600179322128214565, -480.0000000000000000 ) ) ;
#1499 = CARTESIAN_POINT ( 'NONE',  ( 153.6758406867323004, -10.00000000000000000, -304.7320508075688963 ) ) ;
#1500 = CARTESIAN_POINT ( 'NONE',  ( 149.6547954565887721, -0.4177606948573094892, -180.0000000000000000 ) ) ;
#1501 = CARTESIAN_POINT ( 'NONE',  ( 162.6758406867323004, -10.00000000000000000, -302.0000000000000000 ) ) ;
#1502 = DIRECTION ( 'NONE',  ( 0.000000000000000000, 0.000000000000000000, -1.000000000000000000 ) ) ;
#1503 = ORIENTED_EDGE ( 'NONE', *, *, #889, .T. ) ;
#1504 = CARTESIAN_POINT ( 'NONE',  ( 34.57525854849316715, 13.34642050110177358, -480.0000000000000000 ) ) ;
#1505 = CARTESIAN_POINT ( 'NONE',  ( 149.5687973948001002, -0.4183297341268424896, -296.9995557778237867 ) ) ;
#1506 = CARTESIAN_POINT ( 'NONE',  ( -1.548043350828450349, -2.678313004792312046, 0.000000000000000000 ) ) ;
#1507 = CARTESIAN_POINT ( 'NONE',  ( 154.6749978679023627, -3.309671105321042361, -300.0000000000000000 ) ) ;
#1508 = CARTESIAN_POINT ( 'NONE',  ( 162.7860395200227970, -2.251494217172957057, -303.1979626485738208 ) ) ;
#1509 = CARTESIAN_POINT ( 'NONE',  ( 160.6761986570599561, -3.086635771014852203, -305.0001675873231193 ) ) ;
#1510 = VECTOR ( 'NONE', #15, 1000.000000000000000 ) ;
#1511 = CARTESIAN_POINT ( 'NONE',  ( 162.6758406867323004, -3.101441868205443431, -301.9999999999960210 ) ) ;
#1512 = CARTESIAN_POINT ( 'NONE',  ( -0.1019780999563829754, 9.830966669001000469, -480.0000000000000000 ) ) ;
#1513 = ORIENTED_EDGE ( 'NONE', *, *, #441, .T. ) ;
#1514 = DIRECTION ( 'NONE',  ( 1.000000000000000000, 0.000000000000000000, 0.000000000000000000 ) ) ;
#1515 = CARTESIAN_POINT ( 'NONE',  ( -14.87414796802857708, 2.974310761705666106, 0.000000000000000000 ) ) ;
#1516 = CARTESIAN_POINT ( 'NONE',  ( 170.1011074810398043, 1.493385904880669024, -429.9999999999999432 ) ) ;
#1517 = EDGE_CURVE ( 'NONE', #143, #59, #157, .T. ) ;
#1518 = EDGE_CURVE ( 'NONE', #143, #557, #344, .T. ) ;
#1519 = CARTESIAN_POINT ( 'NONE',  ( 162.9802619714337482, -0.07694371001998270843, -296.9997564183728400 ) ) ;
#1520 = CARTESIAN_POINT ( 'NONE',  ( 176.8272708794122536, -0.2333735326913851937, 0.000000000000000000 ) ) ;
#1521 = CARTESIAN_POINT ( 'NONE',  ( 162.6758406867322719, -3.087082133299504871, -300.0001918413752833 ) ) ;
#1522 = CARTESIAN_POINT ( 'NONE',  ( 162.8736771766786546, -1.961137141887411506, -301.6510200638247170 ) ) ;
#1523 = CARTESIAN_POINT ( 'NONE',  ( 178.3392285618891719, -0.1719444760661709148, 0.000000000000000000 ) ) ;
#1524 = ADVANCED_FACE ( 'NONE', ( #1710 ), #1147, .F. ) ;
#1525 = ORIENTED_EDGE ( 'NONE', *, *, #177, .T. ) ;
#1526 = CARTESIAN_POINT ( 'NONE',  ( 152.6758406867323004, -10.00000000000000000, -300.0000000000000000 ) ) ;
#1527 = CARTESIAN_POINT ( 'NONE',  ( 91.47316657418234342, 11.13498035525205943, 0.000000000000000000 ) ) ;
#1528 = CARTESIAN_POINT ( 'NONE',  ( 152.6665362175555742, -3.077199430796071944, -303.0000334206601451 ) ) ;
#1529 = CARTESIAN_POINT ( 'NONE',  ( 162.6741606651546306, -3.007494200773033199, -304.9979722771678894 ) ) ;
#1530 = CARTESIAN_POINT ( 'NONE',  ( 154.6733122308236545, -3.256687484028297774, -300.0000000000000000 ) ) ;
#1531 = CARTESIAN_POINT ( 'NONE',  ( 162.6758406867323572, -3.065555775707925701, -302.1665543176472397 ) ) ;
#1532 = CARTESIAN_POINT ( 'NONE',  ( 165.3584855782405612, -0.06714975759040520131, -297.5050126361341540 ) ) ;
#1533 = CARTESIAN_POINT ( 'NONE',  ( 165.2114092463409918, 2.309679900708087263, -484.8000000000000114 ) ) ;
#1534 = VERTEX_POINT ( 'NONE', #1551 ) ;
#1535 = CARTESIAN_POINT ( 'NONE',  ( 176.8151068152738219, -0.2262976265869331982, -484.8000000000000114 ) ) ;
#1536 = CARTESIAN_POINT ( 'NONE',  ( 119.9533545523466245, 8.533114263626286444, -484.8000000000000114 ) ) ;
#1537 = CARTESIAN_POINT ( 'NONE',  ( 152.2052956535565045, -1.798960677979805967, -303.6988700416342795 ) ) ;
#1538 = CARTESIAN_POINT ( 'NONE',  ( 154.6733122308236545, -3.256687484028297774, -300.0000000000000000 ) ) ;
#1539 = CARTESIAN_POINT ( 'NONE',  ( 160.6778948139715339, -2.936319292331524000, -305.0017559675199550 ) ) ;
#1540 = B_SPLINE_CURVE_WITH_KNOTS ( 'NONE', 3,
 ( #258, #803, #1353, #677, #1219, #3, #41, #1158, #1678, #1001, #180, #297, #478, #1017, #1393, #1703, #1026, #334 ),
 .UNSPECIFIED., .F., .F.,
 ( 4, 2, 2, 2, 2, 2, 2, 2, 4 ),
 ( -1.425230506060380409E-05, 0.0008744076496563602885, 0.001763067604373324496, 0.003540387513807252695, 0.004429047468524216144, 0.005317707423241180460, 0.006206367377958145644, 0.006650697355316587470, 0.007095027332675030163 ),
 .UNSPECIFIED. ) ;
#1541 = CARTESIAN_POINT ( 'NONE',  ( 162.6741520172115827, -3.007945077089756225, -300.0020227454523933 ) ) ;
#1542 = PLANE ( 'NONE',  #882 ) ;
#1543 = CARTESIAN_POINT ( 'NONE',  ( 137.7275810638862765, 6.260224456563164175, -180.0000000000000000 ) ) ;
#1544 = AXIS2_PLACEMENT_3D ( 'NONE', #1460, #1183, #476 ) ;
#1545 = VERTEX_POINT ( 'NONE', #997 ) ;
#1546 = CARTESIAN_POINT ( 'NONE',  ( 156.6738984927928016, -3.200520994028039912, -300.0000000000000000 ) ) ;
#1547 = CARTESIAN_POINT ( 'NONE',  ( -0.1095455413093363584, 9.835372494998731341, -484.8000000000000114 ) ) ;
#1548 = CARTESIAN_POINT ( 'NONE',  ( 153.7257249943123441, -1.571715594701353691, -305.5329194348455530 ) ) ;
#1549 = CARTESIAN_POINT ( 'NONE',  ( 164.9891045155655149, -0.1241558635313514403, -306.8822660003389728 ) ) ;
#1550 = CARTESIAN_POINT ( 'NONE',  ( 161.1868787011648010, -1.759950621144434235, -305.3113909846321690 ) ) ;
#1551 = CARTESIAN_POINT ( 'NONE',  ( 162.6758406867323004, -3.118355936370480919, -303.0000000000000000 ) ) ;
#1552 = CARTESIAN_POINT ( 'NONE',  ( 177.0119200679589824, 0.1386139891560832504, -180.0000000000000000 ) ) ;
#1553 = ORIENTED_EDGE ( 'NONE', *, *, #569, .F. ) ;
#1554 = CARTESIAN_POINT ( 'NONE',  ( 132.5157983625784652, -1.138558985234869425, -484.8000000000000114 ) ) ;
#1555 = CARTESIAN_POINT ( 'NONE',  ( 137.7099006076980459, 6.236224490646814722, 0.000000000000000000 ) ) ;
#1556 = CARTESIAN_POINT ( 'NONE',  ( 152.6813049238828910, -2.903158996311851592, -304.9775144958371698 ) ) ;
#1557 = CARTESIAN_POINT ( 'NONE',  ( 154.6749976549796486, -3.309664411658050920, -300.0000000000000000 ) ) ;
#1558 = CARTESIAN_POINT ( 'NONE',  ( 160.6762063207006292, -3.087086066609749935, -299.9998262954052848 ) ) ;
#1559 = CARTESIAN_POINT ( 'NONE',  ( 177.0054179419646232, 0.1437332743148934111, -480.0000000000000000 ) ) ;
#1560 = EDGE_LOOP ( 'NONE', ( #695, #870, #1403, #542 ) ) ;
#1561 = CARTESIAN_POINT ( 'NONE',  ( 169.0473221562048423, -0.04764540472510893354, -480.0000000000000000 ) ) ;
#1562 = EDGE_CURVE ( 'NONE', #1628, #203, #687, .T. ) ;
#1563 = CARTESIAN_POINT ( 'NONE',  ( 5.460282309126876399, 10.88124524486280720, -484.8000000000000114 ) ) ;
#1564 = CARTESIAN_POINT ( 'NONE',  ( 152.3603986069432779, -1.903254977093005840, -305.2644284542714104 ) ) ;
#1565 = CARTESIAN_POINT ( 'NONE',  ( 163.5875928566763662, -0.9031509217241880938, -304.5506942697338104 ) ) ;
#1566 = CARTESIAN_POINT ( 'NONE',  ( 137.6758406867322719, -0.9297158709814629107, -292.0340366697357126 ) ) ;
#1567 = DIRECTION ( 'NONE',  ( 0.000000000000000000, 0.000000000000000000, -1.000000000000000000 ) ) ;
#1568 = EDGE_LOOP ( 'NONE', ( #67, #150, #1016, #1461, #442 ) ) ;
#1569 = CARTESIAN_POINT ( 'NONE',  ( 53.18170167061617093, -4.319182288010790849, 0.000000000000000000 ) ) ;
#1570 = VECTOR ( 'NONE', #185, 1000.000000000000000 ) ;
#1571 = CARTESIAN_POINT ( 'NONE',  ( 178.3338963855075292, -0.1680334023359391638, -480.0000000000000000 ) ) ;
#1572 = CARTESIAN_POINT ( 'NONE',  ( 137.6758406867323004, 6.314101623268721042, -406.3889388476027307 ) ) ;
#1573 = ADVANCED_FACE ( 'NONE', ( #1022 ), #525, .T. ) ;
#1574 = CARTESIAN_POINT ( 'NONE',  ( 163.5921160913229073, -0.8985861658280672737, -300.4412322648917666 ) ) ;
#1575 = CARTESIAN_POINT ( 'NONE',  ( 161.0567445606719161, -1.948647001030749948, -299.7671368417531426 ) ) ;
#1576 = MANIFOLD_SOLID_BREP ( 'Fillet4', #1054 ) ;
#1577 = CARTESIAN_POINT ( 'NONE',  ( 152.6743005261608914, -3.319412826330439437, -303.0000094933579931 ) ) ;
#1578 =( BOUNDED_CURVE ( )  B_SPLINE_CURVE ( 3, ( #567, #589, #89, #1265 ),
 .UNSPECIFIED., .F., .T. ) 
 B_SPLINE_CURVE_WITH_KNOTS ( ( 4, 4 ),
 ( 5.235987755982987046, 6.283185307179586232 ),
 .UNSPECIFIED. ) 
 CURVE ( )  GEOMETRIC_REPRESENTATION_ITEM ( )  RATIONAL_B_SPLINE_CURVE ( ( 1.000000000000000000, 0.9106836025229588794, 0.9106836025229588794, 1.000000000000000000 ) ) 
 REPRESENTATION_ITEM ( '' )  );
#1579 = ORIENTED_EDGE ( 'NONE', *, *, #799, .F. ) ;
#1580 = CARTESIAN_POINT ( 'NONE',  ( -14.87414796802857708, 2.974310761705666106, 0.000000000000000000 ) ) ;
#1581 = EDGE_CURVE ( 'NONE', #1096, #1687, #534, .T. ) ;
#1582 = CARTESIAN_POINT ( 'NONE',  ( 165.6635286007420689, -0.06593677700449411538, -296.9337960399556096 ) ) ;
#1583 = CARTESIAN_POINT ( 'NONE',  ( 154.6758406867323004, -10.00000000000000000, -302.0000000000000000 ) ) ;
#1584 = CARTESIAN_POINT ( 'NONE',  ( 152.6758406867323572, -3.415879356826618807, -300.6446666666583383 ) ) ;
#1585 = CARTESIAN_POINT ( 'NONE',  ( 161.0171985076119654, -1.981306676170547565, -299.7909656755125525 ) ) ;
#1586 = CARTESIAN_POINT ( 'NONE',  ( 162.6758406867323004, -3.086631988541158833, -304.9998097010489460 ) ) ;
#1587 = ORIENTED_EDGE ( 'NONE', *, *, #1517, .T. ) ;
#1588 = CARTESIAN_POINT ( 'NONE',  ( -7.073031524354562727, -1.627373482860542619, -484.8000000000000114 ) ) ;
#1589 = CARTESIAN_POINT ( 'NONE',  ( 156.1758406867323004, -7.000000000000000000, -305.0000000000000000 ) ) ;
#1590 = CARTESIAN_POINT ( 'NONE',  ( 151.8232730324386921, -1.318689430609666591, -300.6919951324990734 ) ) ;
#1591 = DIRECTION ( 'NONE',  ( -0.03203919670835928685, 0.9994866131541148002, 0.000000000000000000 ) ) ;
#1592 = CARTESIAN_POINT ( 'NONE',  ( 161.5708113980563212, -1.368489943672295039, -299.4567619391992821 ) ) ;
#1593 = AXIS2_PLACEMENT_3D ( 'NONE', #119, #1368, #661 ) ;
#1594 = CARTESIAN_POINT ( 'NONE',  ( 151.6760784455809699, -1.170825936924138944, -304.5440744749309374 ) ) ;
#1595 = ORIENTED_EDGE ( 'NONE', *, *, #1518, .T. ) ;
#1596 = CARTESIAN_POINT ( 'NONE',  ( -13.49890478352671330, 4.233246216610701218, 0.000000000000000000 ) ) ;
#1597 = CARTESIAN_POINT ( 'NONE',  ( 162.6758406867323572, -3.065154749742816875, -308.0660000000000309 ) ) ;
#1598 = DIRECTION ( 'NONE',  ( -1.000000000000000000, 0.000000000000000000, 0.000000000000000000 ) ) ;
#1599 = AXIS2_PLACEMENT_3D ( 'NONE', #160, #978, #13 ) ;
#1600 = CARTESIAN_POINT ( 'NONE',  ( 163.0387150384131019, -0.07605425335659646291, -296.9997573107395397 ) ) ;
#1601 = CARTESIAN_POINT ( 'NONE',  ( 154.6441293942096991, -2.958539391610394809, -305.0112925012949177 ) ) ;
#1602 = VERTEX_POINT ( 'NONE', #1482 ) ;
#1603 = CARTESIAN_POINT ( 'NONE',  ( 42.97959751727077560, -4.059909809176293294, -484.8000000000000114 ) ) ;
#1604 = CARTESIAN_POINT ( 'NONE',  ( 154.6650016439605793, -3.014450131801048816, -300.0000000000000000 ) ) ;
#1605 = CARTESIAN_POINT ( 'NONE',  ( 152.6758406869383009, -0.3069132505355640084, -300.6441702499133726 ) ) ;
#1606 = CARTESIAN_POINT ( 'NONE',  ( 164.5448487481332336, -0.1271174752613469794, -297.6703069614376886 ) ) ;
#1607 = CARTESIAN_POINT ( 'NONE',  ( 156.1758406867323004, -7.000000000000000000, -310.0000000000000000 ) ) ;
#1608 = ORIENTED_EDGE ( 'NONE', *, *, #1396, .T. ) ;
#1609 = CARTESIAN_POINT ( 'NONE',  ( 145.5407419963270002, 5.269479873009603743, -480.0000000000000000 ) ) ;
#1610 = CARTESIAN_POINT ( 'NONE',  ( 151.6078215158371165, -1.118852490614618445, -300.3450326191760951 ) ) ;
#1611 = ADVANCED_FACE ( 'NONE', ( #224 ), #770, .T. ) ;
#1612 = CARTESIAN_POINT ( 'NONE',  ( 103.4020333638624152, -2.795096916187917113, -480.0000000000000000 ) ) ;
#1613 = CARTESIAN_POINT ( 'NONE',  ( 149.5689638373107186, -0.4166843294178433355, -308.0655558663125930 ) ) ;
#1614 =( NAMED_UNIT ( * ) SI_UNIT ( $, .STERADIAN. ) SOLID_ANGLE_UNIT ( ) );
#1615 = DIRECTION ( 'NONE',  ( 1.000000000000000000, -0.000000000000000000, -0.000000000000000000 ) ) ;
#1616 = AXIS2_PLACEMENT_3D ( 'NONE', #27, #1502, #1244 ) ;
#1617 = ORIENTED_EDGE ( 'NONE', *, *, #861, .F. ) ;
#1618 = CARTESIAN_POINT ( 'NONE',  ( 100.9167671982150694, 10.52472949211140829, -484.8000000000000114 ) ) ;
#1619 = CARTESIAN_POINT ( 'NONE',  ( 152.6758406867323004, -3.383876334409721132, -302.0000031411057080 ) ) ;
#1620 = B_SPLINE_CURVE_WITH_KNOTS ( 'NONE', 3,
 ( #217, #778, #1601, #225, #614, #376, #1719, #1468, #240, #1035, #1156, #762, #494, #783, #1305, #91 ),
 .UNSPECIFIED., .F., .F.,
 ( 4, 2, 2, 2, 2, 2, 2, 4 ),
 ( 5.854691731421723944E-17, 0.0004448848138383039224, 0.0008897696276765492979, 0.001779539255353119196, 0.002669308883029688877, 0.003559078510706258774, 0.005338617766059398570, 0.007118157021412538366 ),
 .UNSPECIFIED. ) ;
#1621 = CARTESIAN_POINT ( 'NONE',  ( 33.78373921969434690, -3.992564410384912499, -480.0000000000000000 ) ) ;
#1622 = EDGE_CURVE ( 'NONE', #49, #1646, #1729, .T. ) ;
#1623 = CARTESIAN_POINT ( 'NONE',  ( 154.4593001266727583, -2.442828310002749248, -305.1113616547049787 ) ) ;
#1624 = AXIS2_PLACEMENT_3D ( 'NONE', #1410, #336, #1706 ) ;
#1625 = CARTESIAN_POINT ( 'NONE',  ( 160.7293123257634591, -2.611559853261282260, -305.0338379312304937 ) ) ;
#1626 = DIRECTION ( 'NONE',  ( 0.000000000000000000, 0.000000000000000000, -1.000000000000000000 ) ) ;
#1627 = CARTESIAN_POINT ( 'NONE',  ( 162.6758406868353291, -0.07758392564758884169, -304.3551642308656255 ) ) ;
#1628 = VERTEX_POINT ( 'NONE', #576 ) ;
#1629 = CARTESIAN_POINT ( 'NONE',  ( 62.25911528231242187, 12.83383373011728246, 0.000000000000000000 ) ) ;
#1630 = ORIENTED_EDGE ( 'NONE', *, *, #1243, .F. ) ;
#1631 = CARTESIAN_POINT ( 'NONE',  ( 154.6758406867323288, -3.415530419970586706, -305.0000000000000000 ) ) ;
#1632 = CARTESIAN_POINT ( 'NONE',  ( 103.3986741165323764, -2.793519941547650376, -484.8000000000000114 ) ) ;
#1633 = CARTESIAN_POINT ( 'NONE',  ( 152.6758406867323004, -3.415678573564098208, -301.9999999999999432 ) ) ;
#1634 = CARTESIAN_POINT ( 'NONE',  ( 165.6635295828558014, -0.06593228581796455046, -296.9997960402060926 ) ) ;
#1635 = CARTESIAN_POINT ( 'NONE',  ( 162.6758406867323004, -3.118355936370480919, -303.0000000000000568 ) ) ;
#1636 = CARTESIAN_POINT ( 'NONE',  ( 149.5798806327823343, -3.418217124748590408, -305.0000000000000000 ) ) ;
#1637 = ORIENTED_EDGE ( 'NONE', *, *, #205, .F. ) ;
#1638 = CARTESIAN_POINT ( 'NONE',  ( 11.76586301149975533, 11.77499810444871287, -484.8000000000000114 ) ) ;
#1639 = ORIENTED_EDGE ( 'NONE', *, *, #1653, .T. ) ;
#1640 = FACE_OUTER_BOUND ( 'NONE', #1727, .T. ) ;
#1641 = CARTESIAN_POINT ( 'NONE',  ( 33.77733588304192125, -3.989504732196942349, -484.8000000000000114 ) ) ;
#1642 = CARTESIAN_POINT ( 'NONE',  ( 152.6717869039579512, -3.239967594625181579, -304.9993590883728416 ) ) ;
#1643 = CARTESIAN_POINT ( 'NONE',  ( 151.6761983721978311, -1.171534863086949319, -300.4556873135613841 ) ) ;
#1644 = CARTESIAN_POINT ( 'NONE',  ( 160.6758406867323288, -3.065567117891100146, -301.9997104923396591 ) ) ;
#1645 = CARTESIAN_POINT ( 'NONE',  ( 162.6758406867322435, -3.065499099017512386, -303.0002793122050093 ) ) ;
#1646 = VERTEX_POINT ( 'NONE', #34 ) ;
#1647 = CARTESIAN_POINT ( 'NONE',  ( 100.9199404722378688, 10.52252053519449859, -480.0000000000000000 ) ) ;
#1648 = CARTESIAN_POINT ( 'NONE',  ( 154.6732737524465904, -3.255334432914442910, -305.0000000000000000 ) ) ;
#1649 = EDGE_CURVE ( 'NONE', #1086, #1534, #836, .T. ) ;
#1650 = CARTESIAN_POINT ( 'NONE',  ( -7.064909597978150657, -1.631435941692159997, -480.0000000000000000 ) ) ;
#1651 = CARTESIAN_POINT ( 'NONE',  ( 149.5687973948001570, -0.4183297341268394365, -296.9995557778240141 ) ) ;
#1652 = CARTESIAN_POINT ( 'NONE',  ( 176.8151068152738219, -0.2262976265869331982, -484.8000000000000114 ) ) ;
#1653 = EDGE_CURVE ( 'NONE', #936, #1646, #1414, .T. ) ;
#1654 = AXIS2_PLACEMENT_3D ( 'NONE', #1526, #22, #266 ) ;
#1655 = CARTESIAN_POINT ( 'NONE',  ( 162.6758406867322719, -3.119380022088915183, -300.0000000000000000 ) ) ;
#1656 = CARTESIAN_POINT ( 'NONE',  ( 163.3286380377265061, -1.187129402706292858, -300.8826850972449165 ) ) ;
#1657 = CARTESIAN_POINT ( 'NONE',  ( 179.6758406867323004, -0.3879641743153375288, -430.0000000000000000 ) ) ;
#1658 = EDGE_LOOP ( 'NONE', ( #570, #1742, #1513, #723 ) ) ;
#1659 = CARTESIAN_POINT ( 'NONE',  ( 151.7214334762366263, -1.112047826185346366, -299.1235883362900267 ) ) ;
#1660 = CARTESIAN_POINT ( 'NONE',  ( 5.467585274607739798, 10.87691685177143519, -480.0000000000000000 ) ) ;
#1661 = CARTESIAN_POINT ( 'NONE',  ( 160.2975923444992929, -0.1175905691403151820, -307.9997157123354441 ) ) ;
#1662 = DIRECTION ( 'NONE',  ( 0.000000000000000000, 1.000000000000000000, 0.000000000000000000 ) ) ;
#1663 = DIRECTION ( 'NONE',  ( -0.000000000000000000, -1.000000000000000000, -0.000000000000000000 ) ) ;
#1664 = CARTESIAN_POINT ( 'NONE',  ( 162.6758406867323004, -3.065544433577639616, -302.3333981429523192 ) ) ;
#1665 = ORIENTED_EDGE ( 'NONE', *, *, #251, .T. ) ;
#1666 = CARTESIAN_POINT ( 'NONE',  ( 170.1205689886504615, 1.478134758424375361, -180.0000000000000000 ) ) ;
#1667 = ORIENTED_EDGE ( 'NONE', *, *, #981, .T. ) ;
#1668 = CARTESIAN_POINT ( 'NONE',  ( 179.6770528961319542, -0.3988445136690053627, -484.8000000000000114 ) ) ;
#1669 = CARTESIAN_POINT ( 'NONE',  ( 6.197881822694068177, 10.44407754263429489, 0.000000000000000000 ) ) ;
#1670 = CARTESIAN_POINT ( 'NONE',  ( 154.1842699595847250, -2.025484582340208117, -305.2675357215622398 ) ) ;
#1671 = EDGE_CURVE ( 'NONE', #477, #143, #363, .T. ) ;
#1672 = CARTESIAN_POINT ( 'NONE',  ( 162.9406471442339353, -1.828311835699962362, -303.4622124831161614 ) ) ;
#1673 = CARTESIAN_POINT ( 'NONE',  ( 160.8243260014380382, -2.367501289663653363, -305.0917399979427955 ) ) ;
#1674 = CARTESIAN_POINT ( 'NONE',  ( 160.3186633418227984, -0.1170608088413205156, -307.9997160239583422 ) ) ;
#1675 = LINE ( 'NONE', #1717, #1285 ) ;
#1676 = CARTESIAN_POINT ( 'NONE',  ( 149.5688726031621911, -0.4175862414466144923, -301.9995559327835508 ) ) ;
#1677 = VERTEX_POINT ( 'NONE', #1251 ) ;
#1678 = CARTESIAN_POINT ( 'NONE',  ( 153.0556775754671150, -1.126909217655545081, -299.0742407379851215 ) ) ;
#1679 = CARTESIAN_POINT ( 'NONE',  ( 35.17394061859650378, 12.96703941266235383, 0.000000000000000000 ) ) ;
#1680 = AXIS2_PLACEMENT_3D ( 'NONE', #892, #1021, #337 ) ;
#1681 = CARTESIAN_POINT ( 'NONE',  ( 149.9089719819444610, -0.4046570015937618336, -307.4345332038284937 ) ) ;
#1682 = EDGE_CURVE ( 'NONE', #1677, #936, #384, .T. ) ;
#1683 = CARTESIAN_POINT ( 'NONE',  ( 163.2036027293577547, -1.362786917781607432, -303.9065531275029457 ) ) ;
#1684 = CARTESIAN_POINT ( 'NONE',  ( 178.2585906449963034, -0.2637820881990760591, -480.0000000000000000 ) ) ;
#1685 = CARTESIAN_POINT ( 'NONE',  ( 162.7045038846310661, -2.590929635790053531, -301.9434668854913184 ) ) ;
#1686 = CYLINDRICAL_SURFACE ( 'NONE', #1311, 2.000000000000001776 ) ;
#1687 = VERTEX_POINT ( 'NONE', #983 ) ;
#1688 = CARTESIAN_POINT ( 'NONE',  ( 156.9972724281489036, -0.1602283021622295800, -484.8000000000000114 ) ) ;
#1689 = CARTESIAN_POINT ( 'NONE',  ( 43.25600425958946005, 13.47478158335125187, -480.0000000000000000 ) ) ;
#1690 = CARTESIAN_POINT ( 'NONE',  ( 151.7981755085449720, -0.6299680821672886122, -306.6683332062182785 ) ) ;
#1691 = CARTESIAN_POINT ( 'NONE',  ( 154.6758406867323288, -3.415678573564098208, -300.0000000000000000 ) ) ;
#1692 = CARTESIAN_POINT ( 'NONE',  ( 137.6758406867323288, -0.9452136536337333306, -217.3446788888510071 ) ) ;
#1693 = CARTESIAN_POINT ( 'NONE',  ( 179.6758378702645871, -0.3878923695565487662, -480.0000000000000000 ) ) ;
#1694 = ADVANCED_FACE ( 'NONE', ( #1356 ), #1383, .T. ) ;
#1695 = ORIENTED_EDGE ( 'NONE', *, *, #1396, .F. ) ;
#1696 = CARTESIAN_POINT ( 'NONE',  ( 157.0960485702040614, -0.2117113013858293313, 0.000000000000000000 ) ) ;
#1697 = CARTESIAN_POINT ( 'NONE',  ( 81.25617708429797403, 12.12288412360681633, -480.0000000000000000 ) ) ;
#1698 = CARTESIAN_POINT ( 'NONE',  ( 151.8230942264955559, -1.317971709004934766, -304.3078920936497411 ) ) ;
#1699 = CARTESIAN_POINT ( 'NONE',  ( 161.6723034321372552, -1.294298022059125142, -305.6040300019166693 ) ) ;
#1700 = CARTESIAN_POINT ( 'NONE',  ( 161.2935656201837560, -1.650957499016715957, -299.6240187325123543 ) ) ;
#1701 = FACE_OUTER_BOUND ( 'NONE', #394, .T. ) ;
#1702 = ORIENTED_EDGE ( 'NONE', *, *, #1649, .F. ) ;
#1703 = CARTESIAN_POINT ( 'NONE',  ( 154.6442909176910803, -2.959839171130422830, -299.9887042151482888 ) ) ;
#1704 = DIRECTION ( 'NONE',  ( -0.000000000000000000, -1.000000000000000000, -0.000000000000000000 ) ) ;
#1705 = EDGE_CURVE ( 'NONE', #1256, #211, #1261, .T. ) ;
#1706 = DIRECTION ( 'NONE',  ( 0.000000000000000000, 0.000000000000000000, -1.000000000000000000 ) ) ;
#1707 = CIRCLE ( 'NONE', #814, 2.000000000000001776 ) ;
#1708 = CARTESIAN_POINT ( 'NONE',  ( 164.0216343301361235, -0.5339628648963410384, -305.2754339282735145 ) ) ;
#1709 = CARTESIAN_POINT ( 'NONE',  ( 162.6870318335157606, -2.769579116181821732, -301.9757706609639740 ) ) ;
#1710 = FACE_OUTER_BOUND ( 'NONE', #1332, .T. ) ;
#1711 = ADVANCED_FACE ( 'NONE', ( #456 ), #867, .T. ) ;
#1712 = CARTESIAN_POINT ( 'NONE',  ( 151.0937171047879417, -0.7476231521789499235, -305.4877349033475866 ) ) ;
#1713 = ORIENTED_EDGE ( 'NONE', *, *, #79, .F. ) ;
#1714 = CARTESIAN_POINT ( 'NONE',  ( 72.75170155685698603, -3.823805686934859782, -480.0000000000000000 ) ) ;
#1715 = CARTESIAN_POINT ( 'NONE',  ( 162.6758406867322435, -0.07819843707481191619, -296.9337968735922004 ) ) ;
#1716 = CARTESIAN_POINT ( 'NONE',  ( 152.0981865343148058, -1.530829809969750599, -299.4857724226193341 ) ) ;
#1717 = CARTESIAN_POINT ( 'NONE',  ( 161.6758406867323004, -10.00000000000000000, -300.0000000000000000 ) ) ;
#1718 = PRESENTATION_STYLE_ASSIGNMENT (( #392 ) ) ;
#1719 = CARTESIAN_POINT ( 'NONE',  ( 154.1227050030007888, -1.937882715246962206, -305.3026165025593741 ) ) ;
#1720 = ORIENTED_EDGE ( 'NONE', *, *, #702, .T. ) ;
#1721 = CARTESIAN_POINT ( 'NONE',  ( 9.795537051249183946, -3.263599237541375597, -480.0000000000000000 ) ) ;
#1722 = CARTESIAN_POINT ( 'NONE',  ( 170.0968415185715514, 1.496728956183888792, -484.8000000000000114 ) ) ;
#1723 = CARTESIAN_POINT ( 'NONE',  ( 153.4078399289639378, -1.341249759569933309, -299.2808711233479357 ) ) ;
#1724 = LINE ( 'NONE', #1212, #655 ) ;
#1725 = CARTESIAN_POINT ( 'NONE',  ( 162.8438911475121245, -1.846399090774150098, -299.8248609537009202 ) ) ;
#1726 = CARTESIAN_POINT ( 'NONE',  ( 150.7921484462215460, -0.6125107536207300418, -305.9806792049918727 ) ) ;
#1727 = EDGE_LOOP ( 'NONE', ( #286, #1608, #369, #359 ) ) ;
#1728 = CARTESIAN_POINT ( 'NONE',  ( -16.33458175775366428, 2.471056483973867124, -480.0000000000000000 ) ) ;
#1729 = B_SPLINE_CURVE_WITH_KNOTS ( 'NONE', 3,
 ( #118, #660, #526, #1041, #1451, #1585, #1314, #1592, #98, #638, #1329, #1182, #501, #1490, #953, #1634 ),
 .UNSPECIFIED., .F., .F.,
 ( 4, 2, 2, 2, 2, 2, 2, 4 ),
 ( 0.000000000000000000, 0.0004432228315282090879, 0.0008864456630564181757, 0.001772891326112757638, 0.002659336989169097318, 0.003545782652225436780, 0.005318673978338115706, 0.007091565304450794631 ),
 .UNSPECIFIED. ) ;
#1730 = CARTESIAN_POINT ( 'NONE',  ( 170.0972151795176615, 1.496436134171927668, -480.0000000000000000 ) ) ;
#1731 = CARTESIAN_POINT ( 'NONE',  ( 152.4992162403827365, -2.395248688873389931, -301.7577143134386120 ) ) ;
#1732 = CARTESIAN_POINT ( 'NONE',  ( 165.7718656539355777, -3.065524633454080217, -300.0000000000000000 ) ) ;
#1733 = CARTESIAN_POINT ( 'NONE',  ( 161.9857204175713150, -1.056976861048526617, -299.2069557196471692 ) ) ;
#1734 = CARTESIAN_POINT ( 'NONE',  ( 162.6758406867323004, -3.083117306826898663, -303.0000931066634848 ) ) ;
#1735 = ORIENTED_EDGE ( 'NONE', *, *, #1068, .F. ) ;
#1736 = CARTESIAN_POINT ( 'NONE',  ( 17.08919745239682797, -3.597451741715787854, -484.8000000000000114 ) ) ;
#1737 = CARTESIAN_POINT ( 'NONE',  ( 154.6733122308236545, -3.256687484028298218, -300.0000000000000000 ) ) ;
#1738 = CIRCLE ( 'NONE', #575, 2.000000000000001776 ) ;
#1739 = DIRECTION ( 'NONE',  ( 1.000000000000000000, -0.000000000000000000, 0.000000000000000000 ) ) ;
#1740 = CARTESIAN_POINT ( 'NONE',  ( 164.0215406702732821, -0.5344030428352344320, -299.7241426476753077 ) ) ;
#1741 = CYLINDRICAL_SURFACE ( 'NONE', #599, 2.000000000000001776 ) ;
#1742 = ORIENTED_EDGE ( 'NONE', *, *, #623, .T. ) ;
#1743 = EDGE_CURVE ( 'NONE', #616, #801, #80, .T. ) ;
#1744 = CARTESIAN_POINT ( 'NONE',  ( 52.62289104414490026, -4.055012659677931453, -480.0000000000000000 ) ) ;
#1745 =( BOUNDED_SURFACE ( )  B_SPLINE_SURFACE ( 3, 2, ( 
 ( #1648, #950, #811 ),
 ( #940, #152, #1497 ),
 ( #1373, #668, #795 ),
 ( #1631, #1210, #396 ) ),
 .UNSPECIFIED., .F., .F., .F. ) 
 B_SPLINE_SURFACE_WITH_KNOTS ( ( 4, 4 ),
 ( 3, 3 ),
 ( -5.421010862427522170E-20, 0.0001602165516434547645 ),
 ( 0.000000000000000000, 1.000000000000000000 ),
 .UNSPECIFIED. ) 
 GEOMETRIC_REPRESENTATION_ITEM ( )  RATIONAL_B_SPLINE_SURFACE ( (
 ( 1.000000000000000000, 0.7071084593890085701, 1.000000000000000000),
 ( 1.000000000000000000, 0.7071079001324565017, 1.000000000000000000),
 ( 1.000000000000000000, 0.7071073407316600390, 1.000000000000000000),
 ( 1.000000000000000000, 0.7071067811865475727, 1.000000000000000000) ) ) 
 REPRESENTATION_ITEM ( '' )  SURFACE ( )  );
#1746 = CARTESIAN_POINT ( 'NONE',  ( 154.4596167973556078, -2.444023843497066029, -299.8885941089074549 ) ) ;
#1747 = CARTESIAN_POINT ( 'NONE',  ( 113.6911628119071480, -2.361690009188643025, 0.000000000000000000 ) ) ;
#1748 = CARTESIAN_POINT ( 'NONE',  ( 165.7602827555796807, -0.06534445415259633461, -300.0000000000000000 ) ) ;
#1749 = CARTESIAN_POINT ( 'NONE',  ( 165.6636932515401099, -0.06518383636886090904, -307.9997960819500236 ) ) ;
#1750 = ORIENTED_EDGE ( 'NONE', *, *, #759, .F. ) ;
#1751 = CARTESIAN_POINT ( 'NONE',  ( 6.197881822694068177, 10.44407754263429489, 0.000000000000000000 ) ) ;
#1752 = EDGE_CURVE ( 'NONE', #1036, #377, #680, .T. ) ;
#1753 = CARTESIAN_POINT ( 'NONE',  ( 161.6758406867323004, -10.00000000000000000, -300.2679491924311037 ) ) ;
#1754 = CARTESIAN_POINT ( 'NONE',  ( 62.57871633324648997, -3.971997849574086192, -484.8000000000000114 ) ) ;
#1755 = CARTESIAN_POINT ( 'NONE',  ( 149.4724102648838482, -0.4213317298677526912, -300.0000000000000000 ) ) ;
#1756 = CARTESIAN_POINT ( 'NONE',  ( 160.6761986570598992, -3.086635771014851759, -305.0001675873231193 ) ) ;
#1757 = FACE_OUTER_BOUND ( 'NONE', #1064, .T. ) ;
#1758 = AXIS2_PLACEMENT_3D ( 'NONE', #473, #1417, #586 ) ;
#1759 = DIRECTION ( 'NONE',  ( 0.000000000000000000, 0.000000000000000000, 1.000000000000000000 ) ) ;
ENDSEC;
END-ISO-10303-21;
