ISO-10303-21;
HEADER;
FILE_DESCRIPTION (( 'STEP AP214' ),
    '1' );
FILE_NAME ('Tail-Lock.STEP',
    '2026-08-20T17:33:13',
    ( '' ),
    ( '' ),
    'SwSTEP 2.0',
    'SolidWorks 2026',
    '' );
FILE_SCHEMA (( 'AUTOMOTIVE_DESIGN' ));
ENDSEC;

DATA;
#1 = CARTESIAN_POINT ( 'NONE',  ( -2.499999999999998668, -9.499999999999991118, 0.000000000000000000 ) ) ;
#2 = ORIENTED_EDGE ( 'NONE', *, *, #1078, .F. ) ;
#3 = VECTOR ( 'NONE', #758, 1000.000000000000000 ) ;
#4 = CYLINDRICAL_SURFACE ( 'NONE', #589, 0.9999999999999995559 ) ;
#5 = VERTEX_POINT ( 'NONE', #1046 ) ;
#6 = CARTESIAN_POINT ( 'NONE',  ( 24.00000000000000000, 9.000000000000003553, 5.000000000000000000 ) ) ;
#7 = EDGE_LOOP ( 'NONE', ( #473, #784, #1515, #1517 ) ) ;
#8 = DIRECTION ( 'NONE',  ( -0.000000000000000000, -0.000000000000000000, 1.000000000000000000 ) ) ;
#9 = DIRECTION ( 'NONE',  ( 1.000000000000000000, 0.000000000000000000, 0.000000000000000000 ) ) ;
#10 = VECTOR ( 'NONE', #715, 1000.000000000000000 ) ;
#11 = ORIENTED_EDGE ( 'NONE', *, *, #1294, .F. ) ;
#12 = EDGE_CURVE ( 'NONE', #1410, #135, #803, .T. ) ;
#13 = PLANE ( 'NONE',  #1360 ) ;
#14 = EDGE_CURVE ( 'NONE', #131, #739, #1055, .T. ) ;
#15 = ORIENTED_EDGE ( 'NONE', *, *, #1451, .F. ) ;
#16 = CARTESIAN_POINT ( 'NONE',  ( -30.00000000000000000, -9.000000000000003553, 5.000000000000000000 ) ) ;
#17 = DIRECTION ( 'NONE',  ( -0.000000000000000000, -0.000000000000000000, 1.000000000000000000 ) ) ;
#18 = AXIS2_PLACEMENT_3D ( 'NONE', #1579, #170, #799 ) ;
#19 = ORIENTED_EDGE ( 'NONE', *, *, #350, .T. ) ;
#20 = FACE_OUTER_BOUND ( 'NONE', #1595, .T. ) ;
#21 = CARTESIAN_POINT ( 'NONE',  ( 13.89999999999999858, 10.00000000000000000, 4.500000000000002665 ) ) ;
#22 = ORIENTED_EDGE ( 'NONE', *, *, #979, .F. ) ;
#23 = EDGE_LOOP ( 'NONE', ( #1549, #281 ) ) ;
#24 = FACE_OUTER_BOUND ( 'NONE', #1435, .T. ) ;
#25 = EDGE_CURVE ( 'NONE', #1169, #1405, #1165, .T. ) ;
#26 = DIRECTION ( 'NONE',  ( -1.000000000000000000, 0.000000000000000000, 0.000000000000000000 ) ) ;
#27 = VECTOR ( 'NONE', #1386, 1000.000000000000000 ) ;
#28 = EDGE_CURVE ( 'NONE', #231, #1013, #1576, .T. ) ;
#29 = ORIENTED_EDGE ( 'NONE', *, *, #1150, .T. ) ;
#30 = DIRECTION ( 'NONE',  ( 1.000000000000000000, 0.000000000000000000, 0.000000000000000000 ) ) ;
#31 = CYLINDRICAL_SURFACE ( 'NONE', #18, 5.999999999999998224 ) ;
#32 = ORIENTED_EDGE ( 'NONE', *, *, #1207, .F. ) ;
#33 = AXIS2_PLACEMENT_3D ( 'NONE', #462, #590, #191 ) ;
#34 = ORIENTED_EDGE ( 'NONE', *, *, #904, .F. ) ;
#35 = CARTESIAN_POINT ( 'NONE',  ( -30.00000000000000000, -15.00000000000000355, 0.000000000000000000 ) ) ;
#36 = ADVANCED_FACE ( 'NONE', ( #418 ), #919, .F. ) ;
#37 = DIRECTION ( 'NONE',  ( -0.000000000000000000, -0.000000000000000000, 1.000000000000000000 ) ) ;
#38 = ORIENTED_EDGE ( 'NONE', *, *, #236, .T. ) ;
#39 = CYLINDRICAL_SURFACE ( 'NONE', #1552, 1.399999999999998579 ) ;
#40 = DIRECTION ( 'NONE',  ( -1.000000000000000000, 0.000000000000000000, 0.000000000000000000 ) ) ;
#41 = VERTEX_POINT ( 'NONE', #550 ) ;
#42 = ORIENTED_EDGE ( 'NONE', *, *, #1485, .T. ) ;
#43 = CARTESIAN_POINT ( 'NONE',  ( 3.500000000000007550, -2.499999999999999556, 0.000000000000000000 ) ) ;
#44 = AXIS2_PLACEMENT_3D ( 'NONE', #707, #1600, #876 ) ;
#45 = CARTESIAN_POINT ( 'NONE',  ( 21.50000000000000000, -1.500000000000000222, 0.000000000000000000 ) ) ;
#46 = DIRECTION ( 'NONE',  ( -0.000000000000000000, -0.000000000000000000, 1.000000000000000000 ) ) ;
#47 = LINE ( 'NONE', #1453, #174 ) ;
#48 = CARTESIAN_POINT ( 'NONE',  ( 0.000000000000000000, 0.000000000000000000, 0.000000000000000000 ) ) ;
#49 = EDGE_LOOP ( 'NONE', ( #355, #521 ) ) ;
#50 = VERTEX_POINT ( 'NONE', #292 ) ;
#51 = CARTESIAN_POINT ( 'NONE',  ( -1.499999999999999334, -9.500000000000000000, 5.000000000000000000 ) ) ;
#52 = DIRECTION ( 'NONE',  ( 1.000000000000000000, 0.000000000000000000, 0.000000000000000000 ) ) ;
#53 = ORIENTED_EDGE ( 'NONE', *, *, #142, .F. ) ;
#54 = VECTOR ( 'NONE', #520, 1000.000000000000000 ) ;
#55 = DIRECTION ( 'NONE',  ( 0.7071067811865487940, 0.000000000000000000, 0.7071067811865463515 ) ) ;
#56 = LINE ( 'NONE', #565, #118 ) ;
#57 = DIRECTION ( 'NONE',  ( -0.000000000000000000, -0.000000000000000000, 1.000000000000000000 ) ) ;
#58 = ORIENTED_EDGE ( 'NONE', *, *, #1067, .F. ) ;
#59 = EDGE_CURVE ( 'NONE', #831, #100, #62, .T. ) ;
#60 = ORIENTED_EDGE ( 'NONE', *, *, #551, .F. ) ;
#61 = DIRECTION ( 'NONE',  ( 0.000000000000000000, 0.000000000000000000, 1.000000000000000000 ) ) ;
#62 = LINE ( 'NONE', #1425, #1487 ) ;
#63 = FACE_OUTER_BOUND ( 'NONE', #1032, .T. ) ;
#64 = ORIENTED_EDGE ( 'NONE', *, *, #974, .T. ) ;
#65 = VERTEX_POINT ( 'NONE', #284 ) ;
#66 = CARTESIAN_POINT ( 'NONE',  ( 1.499999999999992450, -10.49999999999999822, 0.000000000000000000 ) ) ;
#67 = AXIS2_PLACEMENT_3D ( 'NONE', #600, #981, #1106 ) ;
#68 = VECTOR ( 'NONE', #1320, 1000.000000000000000 ) ;
#69 = DIRECTION ( 'NONE',  ( -0.000000000000000000, -0.000000000000000000, 1.000000000000000000 ) ) ;
#70 =( GEOMETRIC_REPRESENTATION_CONTEXT ( 3 ) GLOBAL_UNCERTAINTY_ASSIGNED_CONTEXT ( ( #1334 ) ) GLOBAL_UNIT_ASSIGNED_CONTEXT ( ( #933, #291, #300 ) ) REPRESENTATION_CONTEXT ( 'NONE', 'WORKASPACE' ) );
#71 = EDGE_CURVE ( 'NONE', #171, #831, #935, .T. ) ;
#72 = CIRCLE ( 'NONE', #273, 1.399999999999998579 ) ;
#73 = DIRECTION ( 'NONE',  ( 0.000000000000000000, 0.000000000000000000, 1.000000000000000000 ) ) ;
#74 = DIRECTION ( 'NONE',  ( -0.000000000000000000, -0.000000000000000000, -1.000000000000000000 ) ) ;
#75 = EDGE_CURVE ( 'NONE', #782, #1415, #301, .T. ) ;
#76 = ORIENTED_EDGE ( 'NONE', *, *, #528, .F. ) ;
#77 = DIRECTION ( 'NONE',  ( -0.000000000000000000, -1.000000000000000000, -0.000000000000000000 ) ) ;
#78 = VECTOR ( 'NONE', #85, 1000.000000000000000 ) ;
#79 = ADVANCED_FACE ( 'NONE', ( #428, #177, #816, #437, #1319, #806 ), #1312, .T. ) ;
#80 = ADVANCED_FACE ( 'NONE', ( #531 ), #1193, .F. ) ;
#81 = LINE ( 'NONE', #837, #1243 ) ;
#82 = DIRECTION ( 'NONE',  ( 1.000000000000000000, 0.000000000000000000, 0.000000000000000000 ) ) ;
#83 = DIRECTION ( 'NONE',  ( -0.000000000000000000, -0.000000000000000000, 1.000000000000000000 ) ) ;
#84 = EDGE_LOOP ( 'NONE', ( #490, #1300, #76, #172 ) ) ;
#85 = DIRECTION ( 'NONE',  ( -0.000000000000000000, -0.000000000000000000, 1.000000000000000000 ) ) ;
#86 = AXIS2_PLACEMENT_3D ( 'NONE', #1423, #885, #1270 ) ;
#87 = EDGE_CURVE ( 'NONE', #546, #797, #1587, .T. ) ;
#88 = DIRECTION ( 'NONE',  ( -0.000000000000000000, 0.000000000000000000, 1.000000000000000000 ) ) ;
#89 = ADVANCED_FACE ( 'NONE', ( #791 ), #396, .F. ) ;
#90 = CYLINDRICAL_SURFACE ( 'NONE', #430, 0.9999999999999995559 ) ;
#91 = VERTEX_POINT ( 'NONE', #1620 ) ;
#92 = CARTESIAN_POINT ( 'NONE',  ( -2.500000000000000000, 9.499999999999992895, 5.000000000000000000 ) ) ;
#93 = CARTESIAN_POINT ( 'NONE',  ( -12.50000000000000000, -10.00000000000000533, 5.000000000000000000 ) ) ;
#94 = CONICAL_SURFACE ( 'NONE', #1012, 1.399999999999998579, 0.7853981633974500554 ) ;
#95 = LINE ( 'NONE', #468, #387 ) ;
#96 = AXIS2_PLACEMENT_3D ( 'NONE', #257, #1381, #364 ) ;
#97 = CARTESIAN_POINT ( 'NONE',  ( -13.89999999999999858, 9.999999999999991118, 4.500000000000002665 ) ) ;
#98 = ORIENTED_EDGE ( 'NONE', *, *, #719, .T. ) ;
#99 = FACE_BOUND ( 'NONE', #567, .T. ) ;
#100 = VERTEX_POINT ( 'NONE', #1233 ) ;
#101 = ADVANCED_FACE ( 'NONE', ( #860 ), #456, .T. ) ;
#102 = DIRECTION ( 'NONE',  ( 0.000000000000000000, 0.000000000000000000, 1.000000000000000000 ) ) ;
#103 = CARTESIAN_POINT ( 'NONE',  ( -12.50000000000000000, -10.00000000000000533, 4.500000000000002665 ) ) ;
#104 = ORIENTED_EDGE ( 'NONE', *, *, #1478, .T. ) ;
#105 = CARTESIAN_POINT ( 'NONE',  ( 30.00000000000000000, 9.000000000000005329, 5.000000000000000000 ) ) ;
#106 = ORIENTED_EDGE ( 'NONE', *, *, #403, .F. ) ;
#107 = DIRECTION ( 'NONE',  ( 2.168404344971013798E-16, 1.000000000000000000, 0.000000000000000000 ) ) ;
#108 = ADVANCED_FACE ( 'NONE', ( #591 ), #1611, .F. ) ;
#109 = AXIS2_PLACEMENT_3D ( 'NONE', #760, #625, #1113 ) ;
#110 = VECTOR ( 'NONE', #1604, 1000.000000000000000 ) ;
#111 = CARTESIAN_POINT ( 'NONE',  ( -1.499999999999993339, 10.50000000000000000, 0.000000000000000000 ) ) ;
#112 = ORIENTED_EDGE ( 'NONE', *, *, #1556, .T. ) ;
#113 = CARTESIAN_POINT ( 'NONE',  ( 12.50000000000000000, 10.00000000000000000, 0.000000000000000000 ) ) ;
#114 = ORIENTED_EDGE ( 'NONE', *, *, #449, .T. ) ;
#115 = DIRECTION ( 'NONE',  ( -0.000000000000000000, -0.000000000000000000, 1.000000000000000000 ) ) ;
#116 = DIRECTION ( 'NONE',  ( 1.000000000000000000, 0.000000000000000000, 0.000000000000000000 ) ) ;
#117 = ADVANCED_FACE ( 'NONE', ( #1211 ), #1480, .F. ) ;
#118 = VECTOR ( 'NONE', #1070, 1000.000000000000000 ) ;
#119 = ORIENTED_EDGE ( 'NONE', *, *, #1591, .F. ) ;
#120 = DIRECTION ( 'NONE',  ( -0.7071067811865487940, 8.659560562354948882E-17, 0.7071067811865463515 ) ) ;
#121 = ORIENTED_EDGE ( 'NONE', *, *, #1133, .F. ) ;
#122 = ORIENTED_EDGE ( 'NONE', *, *, #59, .T. ) ;
#123 = ADVANCED_FACE ( 'NONE', ( #463 ), #1514, .F. ) ;
#124 = AXIS2_PLACEMENT_3D ( 'NONE', #279, #1548, #1019 ) ;
#125 = VECTOR ( 'NONE', #575, 1000.000000000000000 ) ;
#126 = DIRECTION ( 'NONE',  ( -0.000000000000000000, -0.000000000000000000, 1.000000000000000000 ) ) ;
#127 = ORIENTED_EDGE ( 'NONE', *, *, #737, .T. ) ;
#128 = CARTESIAN_POINT ( 'NONE',  ( -12.50000000000000000, -10.00000000000000533, 0.000000000000000000 ) ) ;
#129 = ORIENTED_EDGE ( 'NONE', *, *, #549, .F. ) ;
#130 = LINE ( 'NONE', #391, #519 ) ;
#131 = VERTEX_POINT ( 'NONE', #1084 ) ;
#132 = DIRECTION ( 'NONE',  ( 1.000000000000000000, 0.000000000000000000, 0.000000000000000000 ) ) ;
#133 = ADVANCED_FACE ( 'NONE', ( #838 ), #952, .F. ) ;
#134 = CARTESIAN_POINT ( 'NONE',  ( 1.500000000000000000, 9.500000000000001776, 0.000000000000000000 ) ) ;
#135 = VERTEX_POINT ( 'NONE', #1355 ) ;
#136 = CIRCLE ( 'NONE', #288, 1.000000000000000888 ) ;
#137 = LINE ( 'NONE', #278, #912 ) ;
#138 = FACE_OUTER_BOUND ( 'NONE', #1108, .T. ) ;
#139 = ORIENTED_EDGE ( 'NONE', *, *, #262, .T. ) ;
#140 = LINE ( 'NONE', #16, #1218 ) ;
#141 = DIRECTION ( 'NONE',  ( 0.000000000000000000, 0.000000000000000000, 1.000000000000000000 ) ) ;
#142 = EDGE_CURVE ( 'NONE', #761, #1349, #973, .T. ) ;
#143 = ORIENTED_EDGE ( 'NONE', *, *, #1053, .F. ) ;
#144 = DIRECTION ( 'NONE',  ( 1.000000000000000000, 0.000000000000000000, 0.000000000000000000 ) ) ;
#145 = LINE ( 'NONE', #643, #248 ) ;
#146 = VERTEX_POINT ( 'NONE', #97 ) ;
#147 = ORIENTED_EDGE ( 'NONE', *, *, #614, .F. ) ;
#148 = DIRECTION ( 'NONE',  ( 0.000000000000000000, -1.000000000000000000, 0.000000000000000000 ) ) ;
#149 = AXIS2_PLACEMENT_3D ( 'NONE', #45, #37, #1164 ) ;
#150 = VECTOR ( 'NONE', #1345, 1000.000000000000000 ) ;
#151 = DIRECTION ( 'NONE',  ( 0.7071067811865487940, 0.000000000000000000, 0.7071067811865463515 ) ) ;
#152 = VECTOR ( 'NONE', #195, 1000.000000000000000 ) ;
#153 = ORIENTED_EDGE ( 'NONE', *, *, #1343, .T. ) ;
#154 = ORIENTED_EDGE ( 'NONE', *, *, #1497, .T. ) ;
#155 = DIRECTION ( 'NONE',  ( -1.000000000000000000, -9.637352644315602638E-17, 0.000000000000000000 ) ) ;
#156 = DIRECTION ( 'NONE',  ( 0.000000000000000000, 0.000000000000000000, 1.000000000000000000 ) ) ;
#157 = EDGE_LOOP ( 'NONE', ( #586, #19, #98, #1093 ) ) ;
#158 = VERTEX_POINT ( 'NONE', #1606 ) ;
#159 = CARTESIAN_POINT ( 'NONE',  ( -30.00000000000000000, 8.999999999999998224, 5.000000000000000000 ) ) ;
#160 = DIRECTION ( 'NONE',  ( 0.000000000000000000, 0.000000000000000000, 1.000000000000000000 ) ) ;
#161 = CARTESIAN_POINT ( 'NONE',  ( -2.499999999999999112, 3.500000000000005773, 0.000000000000000000 ) ) ;
#162 = FACE_OUTER_BOUND ( 'NONE', #223, .T. ) ;
#163 = ORIENTED_EDGE ( 'NONE', *, *, #1148, .T. ) ;
#164 = ORIENTED_EDGE ( 'NONE', *, *, #1086, .T. ) ;
#165 = DIRECTION ( 'NONE',  ( -0.000000000000000000, -0.000000000000000000, 1.000000000000000000 ) ) ;
#166 = DIRECTION ( 'NONE',  ( -0.000000000000000000, -0.000000000000000000, -1.000000000000000000 ) ) ;
#167 = CARTESIAN_POINT ( 'NONE',  ( 22.50000000000000000, 1.499999999999996447, 0.000000000000000000 ) ) ;
#168 = DIRECTION ( 'NONE',  ( -1.000000000000000000, 0.000000000000000000, 0.000000000000000000 ) ) ;
#169 = AXIS2_PLACEMENT_3D ( 'NONE', #1201, #184, #690 ) ;
#170 = DIRECTION ( 'NONE',  ( 0.000000000000000000, 0.000000000000000000, -1.000000000000000000 ) ) ;
#171 = VERTEX_POINT ( 'NONE', #470 ) ;
#172 = ORIENTED_EDGE ( 'NONE', *, *, #313, .T. ) ;
#173 = DIRECTION ( 'NONE',  ( 1.445602896647342368E-16, -1.000000000000000000, 0.000000000000000000 ) ) ;
#174 = VECTOR ( 'NONE', #1056, 1000.000000000000000 ) ;
#175 = LINE ( 'NONE', #1302, #1441 ) ;
#176 = VERTEX_POINT ( 'NONE', #584 ) ;
#177 = FACE_BOUND ( 'NONE', #49, .T. ) ;
#178 = CARTESIAN_POINT ( 'NONE',  ( 1.500000000000000000, 9.500000000000001776, 5.000000000000000000 ) ) ;
#179 = ORIENTED_EDGE ( 'NONE', *, *, #334, .T. ) ;
#180 = ORIENTED_EDGE ( 'NONE', *, *, #593, .T. ) ;
#181 = LINE ( 'NONE', #66, #709 ) ;
#182 = EDGE_CURVE ( 'NONE', #488, #1000, #638, .T. ) ;
#183 = AXIS2_PLACEMENT_3D ( 'NONE', #1036, #529, #562 ) ;
#184 = DIRECTION ( 'NONE',  ( 0.000000000000000000, -0.000000000000000000, 1.000000000000000000 ) ) ;
#185 = EDGE_CURVE ( 'NONE', #1588, #739, #264, .T. ) ;
#186 = CYLINDRICAL_SURFACE ( 'NONE', #1491, 1.399999999999998579 ) ;
#187 = ORIENTED_EDGE ( 'NONE', *, *, #1024, .F. ) ;
#188 = CARTESIAN_POINT ( 'NONE',  ( 2.499999999999999556, -9.499999999999991118, 5.000000000000000000 ) ) ;
#189 = CIRCLE ( 'NONE', #1163, 0.9999999999999995559 ) ;
#190 = ADVANCED_FACE ( 'NONE', ( #336 ), #94, .F. ) ;
#191 = DIRECTION ( 'NONE',  ( 1.000000000000000000, 0.000000000000000000, 0.000000000000000000 ) ) ;
#192 = DIRECTION ( 'NONE',  ( -0.000000000000000000, 0.000000000000000000, -1.000000000000000000 ) ) ;
#193 = DIRECTION ( 'NONE',  ( 1.000000000000000000, 0.000000000000000000, 0.000000000000000000 ) ) ;
#194 = ORIENTED_EDGE ( 'NONE', *, *, #483, .F. ) ;
#195 = DIRECTION ( 'NONE',  ( 7.228014483236715537E-17, 1.000000000000000000, 0.000000000000000000 ) ) ;
#196 = CLOSED_SHELL ( 'NONE', ( #190, #1578, #422, #123, #730, #1522, #1028, #1289, #1221, #965, #108, #117, #79, #990, #790, #133, #204, #1248, #897, #1445, #1530, #1615, #736, #36, #1183, #1295, #1627, #616, #1561, #566, #1098, #1256, #961, #80, #1131, #1114, #247, #436, #101, #1007, #1186, #352, #482, #665, #713, #592, #1574, #89, #1543, #1500 ) ) ;
#197 = PLANE ( 'NONE',  #661 ) ;
#198 = CARTESIAN_POINT ( 'NONE',  ( 21.49999999999999289, 2.500000000000003553, 0.000000000000000000 ) ) ;
#199 = CARTESIAN_POINT ( 'NONE',  ( 12.50000000000000000, 10.00000000000000000, 4.500000000000002665 ) ) ;
#200 = ORIENTED_EDGE ( 'NONE', *, *, #283, .F. ) ;
#201 = DIRECTION ( 'NONE',  ( 0.000000000000000000, 0.000000000000000000, 1.000000000000000000 ) ) ;
#202 = AXIS2_PLACEMENT_3D ( 'NONE', #93, #621, #588 ) ;
#203 = VECTOR ( 'NONE', #1220, 1000.000000000000000 ) ;
#204 = ADVANCED_FACE ( 'NONE', ( #851 ), #729, .F. ) ;
#205 = DIRECTION ( 'NONE',  ( 0.000000000000000000, -1.000000000000000000, 0.000000000000000000 ) ) ;
#206 = DIRECTION ( 'NONE',  ( 1.000000000000000000, 0.000000000000000000, 0.000000000000000000 ) ) ;
#207 = ORIENTED_EDGE ( 'NONE', *, *, #334, .F. ) ;
#208 = DIRECTION ( 'NONE',  ( -1.000000000000000000, -1.686536712755230462E-16, 0.000000000000000000 ) ) ;
#209 = CIRCLE ( 'NONE', #86, 1.399999999999998579 ) ;
#210 = DIRECTION ( 'NONE',  ( 0.000000000000000000, 1.000000000000000000, 0.000000000000000000 ) ) ;
#211 = CARTESIAN_POINT ( 'NONE',  ( 30.00000000000000000, -14.99999999999999645, 5.000000000000000000 ) ) ;
#212 = EDGE_LOOP ( 'NONE', ( #995, #1534, #122, #968 ) ) ;
#213 = FACE_OUTER_BOUND ( 'NONE', #384, .T. ) ;
#214 = DIRECTION ( 'NONE',  ( -0.000000000000000000, -0.000000000000000000, 1.000000000000000000 ) ) ;
#215 = CARTESIAN_POINT ( 'NONE',  ( 12.50000000000000000, 10.00000000000000000, 5.000000000000000000 ) ) ;
#216 = DIRECTION ( 'NONE',  ( -0.000000000000000000, -0.000000000000000000, 1.000000000000000000 ) ) ;
#217 = ORIENTED_EDGE ( 'NONE', *, *, #766, .F. ) ;
#218 = CARTESIAN_POINT ( 'NONE',  ( 21.49999999999999289, 2.500000000000003553, 0.000000000000000000 ) ) ;
#219 = EDGE_LOOP ( 'NONE', ( #1373, #685, #882, #1151 ) ) ;
#220 = CARTESIAN_POINT ( 'NONE',  ( -22.50000000000000000, -1.499999999999996225, 0.000000000000000000 ) ) ;
#221 = VECTOR ( 'NONE', #107, 1000.000000000000000 ) ;
#222 = DIRECTION ( 'NONE',  ( -0.000000000000000000, -0.000000000000000000, 1.000000000000000000 ) ) ;
#223 = EDGE_LOOP ( 'NONE', ( #1244, #1185, #1059, #217 ) ) ;
#224 = CARTESIAN_POINT ( 'NONE',  ( 1.499999999999992450, -10.49999999999999822, 0.000000000000000000 ) ) ;
#225 = ORIENTED_EDGE ( 'NONE', *, *, #786, .F. ) ;
#226 = CARTESIAN_POINT ( 'NONE',  ( 30.00000000000000000, 9.000000000000005329, 5.000000000000000000 ) ) ;
#227 = AXIS2_PLACEMENT_3D ( 'NONE', #608, #512, #503 ) ;
#228 = EDGE_CURVE ( 'NONE', #896, #734, #294, .T. ) ;
#229 = AXIS2_PLACEMENT_3D ( 'NONE', #1210, #948, #828 ) ;
#230 = DIRECTION ( 'NONE',  ( 1.000000000000000000, 0.000000000000000000, 0.000000000000000000 ) ) ;
#231 = VERTEX_POINT ( 'NONE', #1459 ) ;
#232 = CARTESIAN_POINT ( 'NONE',  ( 3.500000000000007550, -2.499999999999999556, 5.000000000000000000 ) ) ;
#233 = ORIENTED_EDGE ( 'NONE', *, *, #1628, .F. ) ;
#234 = CARTESIAN_POINT ( 'NONE',  ( 11.10000000000000142, -10.00000000000000000, 4.500000000000002665 ) ) ;
#235 = EDGE_CURVE ( 'NONE', #1415, #259, #1438, .T. ) ;
#236 = EDGE_CURVE ( 'NONE', #1042, #1169, #829, .T. ) ;
#237 = PRODUCT_DEFINITION ( 'General', '', #1454, #1466 ) ;
#238 = DIRECTION ( 'NONE',  ( -1.000000000000000000, -1.156482317317871478E-16, 0.000000000000000000 ) ) ;
#239 = AXIS2_PLACEMENT_3D ( 'NONE', #663, #317, #697 ) ;
#240 = ORIENTED_EDGE ( 'NONE', *, *, #594, .T. ) ;
#241 = CARTESIAN_POINT ( 'NONE',  ( 21.50000000000000000, 1.500000000000003553, 0.000000000000000000 ) ) ;
#242 = VERTEX_POINT ( 'NONE', #705 ) ;
#243 = CARTESIAN_POINT ( 'NONE',  ( -2.499999999999999112, 3.500000000000005773, 5.000000000000000000 ) ) ;
#244 = EDGE_LOOP ( 'NONE', ( #877, #620, #153, #604 ) ) ;
#245 = EDGE_LOOP ( 'NONE', ( #1204, #1288, #1524, #127 ) ) ;
#246 = CARTESIAN_POINT ( 'NONE',  ( -3.500000000000005773, -2.500000000000003109, 5.000000000000000000 ) ) ;
#247 = ADVANCED_FACE ( 'NONE', ( #1217 ), #90, .F. ) ;
#248 = VECTOR ( 'NONE', #1153, 1000.000000000000000 ) ;
#249 = LINE ( 'NONE', #370, #359 ) ;
#250 = EDGE_LOOP ( 'NONE', ( #832, #1238, #1134, #179 ) ) ;
#251 = FACE_OUTER_BOUND ( 'NONE', #84, .T. ) ;
#252 = DIRECTION ( 'NONE',  ( -1.000000000000000000, 0.000000000000000000, 0.000000000000000000 ) ) ;
#253 = ORIENTED_EDGE ( 'NONE', *, *, #513, .T. ) ;
#254 = AXIS2_PLACEMENT_3D ( 'NONE', #1149, #887, #116 ) ;
#255 = CARTESIAN_POINT ( 'NONE',  ( 2.499999999999998668, 3.500000000000007994, 0.000000000000000000 ) ) ;
#256 = ORIENTED_EDGE ( 'NONE', *, *, #737, .F. ) ;
#257 = CARTESIAN_POINT ( 'NONE',  ( 3.499999999999999556, -3.499999999999999556, 0.000000000000000000 ) ) ;
#258 = CARTESIAN_POINT ( 'NONE',  ( 12.50000000000000000, 10.00000000000000000, 4.500000000000002665 ) ) ;
#259 = VERTEX_POINT ( 'NONE', #1123 ) ;
#260 = VERTEX_POINT ( 'NONE', #485 ) ;
#261 = DIRECTION ( 'NONE',  ( -0.000000000000000000, -1.000000000000000000, -0.000000000000000000 ) ) ;
#262 = EDGE_CURVE ( 'NONE', #1261, #289, #872, .T. ) ;
#263 = CARTESIAN_POINT ( 'NONE',  ( 3.500000000000007550, -2.499999999999999556, 0.000000000000000000 ) ) ;
#264 = CIRCLE ( 'NONE', #481, 1.399999999999998579 ) ;
#265 = EDGE_LOOP ( 'NONE', ( #1045, #1375, #666, #1580 ) ) ;
#266 = EDGE_CURVE ( 'NONE', #464, #146, #1140, .T. ) ;
#267 = DIRECTION ( 'NONE',  ( 0.000000000000000000, 0.000000000000000000, 1.000000000000000000 ) ) ;
#268 = FACE_OUTER_BOUND ( 'NONE', #863, .T. ) ;
#269 = ORIENTED_EDGE ( 'NONE', *, *, #997, .T. ) ;
#270 = AXIS2_PLACEMENT_3D ( 'NONE', #178, #682, #1187 ) ;
#271 = EDGE_LOOP ( 'NONE', ( #253, #256, #1418, #636 ) ) ;
#272 = DIRECTION ( 'NONE',  ( 1.000000000000000000, 0.000000000000000000, 0.000000000000000000 ) ) ;
#273 = AXIS2_PLACEMENT_3D ( 'NONE', #113, #1632, #489 ) ;
#274 = FILL_AREA_STYLE_COLOUR ( '', #1071 ) ;
#275 = CONICAL_SURFACE ( 'NONE', #1021, 1.399999999999998579, 0.7853981633974500554 ) ;
#276 = VECTOR ( 'NONE', #414, 1000.000000000000000 ) ;
#277 = DIRECTION ( 'NONE',  ( -1.000000000000000000, -1.445602896647342368E-16, 0.000000000000000000 ) ) ;
#278 = CARTESIAN_POINT ( 'NONE',  ( -1.499999999999992006, -10.49999999999999822, 0.000000000000000000 ) ) ;
#279 = CARTESIAN_POINT ( 'NONE',  ( -12.50000000000000000, 9.999999999999991118, 4.500000000000002665 ) ) ;
#280 = ORIENTED_EDGE ( 'NONE', *, *, #702, .F. ) ;
#281 = ORIENTED_EDGE ( 'NONE', *, *, #405, .T. ) ;
#282 = DIRECTION ( 'NONE',  ( -0.000000000000000000, -0.000000000000000000, 1.000000000000000000 ) ) ;
#283 = EDGE_CURVE ( 'NONE', #595, #319, #1370, .T. ) ;
#284 = CARTESIAN_POINT ( 'NONE',  ( -2.500000000000000000, 9.499999999999992895, 0.000000000000000000 ) ) ;
#285 = FACE_OUTER_BOUND ( 'NONE', #265, .T. ) ;
#286 = DIRECTION ( 'NONE',  ( 1.000000000000000000, 0.000000000000000000, 0.000000000000000000 ) ) ;
#287 = EDGE_LOOP ( 'NONE', ( #1254, #357, #1306, #1570 ) ) ;
#288 = AXIS2_PLACEMENT_3D ( 'NONE', #1157, #785, #132 ) ;
#289 = VERTEX_POINT ( 'NONE', #1499 ) ;
#290 = CARTESIAN_POINT ( 'NONE',  ( 24.00000000000000000, 9.000000000000003553, 0.000000000000000000 ) ) ;
#291 =( NAMED_UNIT ( * ) PLANE_ANGLE_UNIT ( ) SI_UNIT ( $, .RADIAN. ) );
#292 = CARTESIAN_POINT ( 'NONE',  ( 22.50000000000000000, -1.499999999999992895, 5.000000000000000000 ) ) ;
#293 = DIRECTION ( 'NONE',  ( -1.000000000000000000, 7.228014483236719235E-17, 0.000000000000000000 ) ) ;
#294 = CIRCLE ( 'NONE', #510, 1.399999999999998579 ) ;
#295 = ORIENTED_EDGE ( 'NONE', *, *, #354, .F. ) ;
#296 = VERTEX_POINT ( 'NONE', #998 ) ;
#297 = CARTESIAN_POINT ( 'NONE',  ( 24.00000000000000000, 15.00000000000000355, 5.000000000000000000 ) ) ;
#298 = CIRCLE ( 'NONE', #1464, 1.000000000000000000 ) ;
#299 = PRESENTATION_LAYER_ASSIGNMENT (  '', '', ( #937 ) ) ;
#300 =( NAMED_UNIT ( * ) SI_UNIT ( $, .STERADIAN. ) SOLID_ANGLE_UNIT ( ) );
#301 = LINE ( 'NONE', #167, #1308 ) ;
#302 = CARTESIAN_POINT ( 'NONE',  ( 1.499999999999992895, 10.50000000000000000, 0.000000000000000000 ) ) ;
#303 = VECTOR ( 'NONE', #1407, 1000.000000000000000 ) ;
#304 = ORIENTED_EDGE ( 'NONE', *, *, #719, .F. ) ;
#305 = LINE ( 'NONE', #969, #203 ) ;
#306 = DIRECTION ( 'NONE',  ( -2.409338161078900660E-17, -1.000000000000000000, 0.000000000000000000 ) ) ;
#307 = EDGE_CURVE ( 'NONE', #65, #1000, #378, .T. ) ;
#308 = CARTESIAN_POINT ( 'NONE',  ( 3.500000000000006217, 2.500000000000000444, 0.000000000000000000 ) ) ;
#309 = CARTESIAN_POINT ( 'NONE',  ( -21.49999999999999289, -2.500000000000003109, 0.000000000000000000 ) ) ;
#310 = DIRECTION ( 'NONE',  ( -0.000000000000000000, -0.000000000000000000, 1.000000000000000000 ) ) ;
#311 = VERTEX_POINT ( 'NONE', #865 ) ;
#312 = CARTESIAN_POINT ( 'NONE',  ( -22.50000000000000000, 1.499999999999989786, 5.000000000000000000 ) ) ;
#313 = EDGE_CURVE ( 'NONE', #242, #488, #1249, .T. ) ;
#314 = AXIS2_PLACEMENT_3D ( 'NONE', #1472, #306, #821 ) ;
#315 = FACE_OUTER_BOUND ( 'NONE', #388, .T. ) ;
#316 = DIRECTION ( 'NONE',  ( 0.000000000000000000, 0.000000000000000000, 1.000000000000000000 ) ) ;
#317 = DIRECTION ( 'NONE',  ( 0.000000000000000000, 0.000000000000000000, 1.000000000000000000 ) ) ;
#318 = PRODUCT_CONTEXT ( 'NONE', #982, 'mechanical' ) ;
#319 = VERTEX_POINT ( 'NONE', #895 ) ;
#320 = CARTESIAN_POINT ( 'NONE',  ( -1.499999999999999334, -9.500000000000000000, 0.000000000000000000 ) ) ;
#321 = VECTOR ( 'NONE', #1335, 1000.000000000000000 ) ;
#322 = LINE ( 'NONE', #850, #1035 ) ;
#323 = CARTESIAN_POINT ( 'NONE',  ( -1.500000000000000222, 9.500000000000001776, 5.000000000000000000 ) ) ;
#324 = ORIENTED_EDGE ( 'NONE', *, *, #1623, .F. ) ;
#325 = CARTESIAN_POINT ( 'NONE',  ( 12.50000000000000000, -10.00000000000000000, 0.000000000000000000 ) ) ;
#326 = CONICAL_SURFACE ( 'NONE', #1471, 1.399999999999998579, 0.7853981633974500554 ) ;
#327 = CARTESIAN_POINT ( 'NONE',  ( -22.50000000000000000, 1.499999999999989786, 0.000000000000000000 ) ) ;
#328 = CARTESIAN_POINT ( 'NONE',  ( -12.50000000000000000, -10.00000000000000533, 4.500000000000002665 ) ) ;
#329 = EDGE_LOOP ( 'NONE', ( #1214, #716, #1246, #1344 ) ) ;
#330 = EDGE_CURVE ( 'NONE', #675, #684, #972, .T. ) ;
#331 = DIRECTION ( 'NONE',  ( 1.000000000000000000, 0.000000000000000000, -0.000000000000000000 ) ) ;
#332 = CARTESIAN_POINT ( 'NONE',  ( -3.500000000000006661, 2.499999999999998668, 5.000000000000000000 ) ) ;
#333 = AXIS2_PLACEMENT_3D ( 'NONE', #1393, #795, #377 ) ;
#334 = EDGE_CURVE ( 'NONE', #1128, #914, #1006, .T. ) ;
#335 = LINE ( 'NONE', #704, #1372 ) ;
#336 = FACE_OUTER_BOUND ( 'NONE', #868, .T. ) ;
#337 = ORIENTED_EDGE ( 'NONE', *, *, #28, .F. ) ;
#338 = FACE_OUTER_BOUND ( 'NONE', #1072, .T. ) ;
#339 = ORIENTED_EDGE ( 'NONE', *, *, #668, .T. ) ;
#340 = CARTESIAN_POINT ( 'NONE',  ( 12.50000000000000000, -10.00000000000000000, 5.000000000000000000 ) ) ;
#341 = FACE_OUTER_BOUND ( 'NONE', #1017, .T. ) ;
#342 = VECTOR ( 'NONE', #798, 1000.000000000000000 ) ;
#343 = DIRECTION ( 'NONE',  ( 0.000000000000000000, 0.000000000000000000, 1.000000000000000000 ) ) ;
#344 = VECTOR ( 'NONE', #539, 1000.000000000000000 ) ;
#345 = CIRCLE ( 'NONE', #1284, 5.999999999999998224 ) ;
#346 = ORIENTED_EDGE ( 'NONE', *, *, #999, .T. ) ;
#347 = CARTESIAN_POINT ( 'NONE',  ( -24.00000000000000000, 8.999999999999998224, 0.000000000000000000 ) ) ;
#348 = ORIENTED_EDGE ( 'NONE', *, *, #979, .T. ) ;
#349 = CARTESIAN_POINT ( 'NONE',  ( -2.499999999999998668, -3.500000000000010214, 0.000000000000000000 ) ) ;
#350 = EDGE_CURVE ( 'NONE', #626, #580, #249, .T. ) ;
#351 = CIRCLE ( 'NONE', #1291, 0.9999999999999995559 ) ;
#352 = ADVANCED_FACE ( 'NONE', ( #362 ), #1242, .F. ) ;
#353 = CARTESIAN_POINT ( 'NONE',  ( -2.500000000000000000, 9.499999999999992895, 0.000000000000000000 ) ) ;
#354 = EDGE_CURVE ( 'NONE', #524, #560, #1506, .T. ) ;
#355 = ORIENTED_EDGE ( 'NONE', *, *, #483, .T. ) ;
#356 = DIRECTION ( 'NONE',  ( -0.000000000000000000, -0.000000000000000000, 1.000000000000000000 ) ) ;
#357 = ORIENTED_EDGE ( 'NONE', *, *, #1182, .F. ) ;
#358 = LINE ( 'NONE', #234, #1052 ) ;
#359 = VECTOR ( 'NONE', #17, 1000.000000000000000 ) ;
#360 = AXIS2_PLACEMENT_3D ( 'NONE', #1146, #509, #1014 ) ;
#361 = EDGE_CURVE ( 'NONE', #739, #944, #752, .T. ) ;
#362 = FACE_OUTER_BOUND ( 'NONE', #861, .T. ) ;
#363 = VERTEX_POINT ( 'NONE', #879 ) ;
#364 = DIRECTION ( 'NONE',  ( -1.000000000000000000, 0.000000000000000000, 0.000000000000000000 ) ) ;
#365 = VERTEX_POINT ( 'NONE', #255 ) ;
#366 = DIRECTION ( 'NONE',  ( 0.000000000000000000, 0.000000000000000000, -1.000000000000000000 ) ) ;
#367 = EDGE_CURVE ( 'NONE', #962, #499, #1241, .T. ) ;
#368 = ORIENTED_EDGE ( 'NONE', *, *, #12, .T. ) ;
#369 = VECTOR ( 'NONE', #1175, 1000.000000000000000 ) ;
#370 = CARTESIAN_POINT ( 'NONE',  ( 11.10000000000000142, -10.00000000000000000, 0.000000000000000000 ) ) ;
#371 = AXIS2_PLACEMENT_3D ( 'NONE', #199, #830, #1085 ) ;
#372 = ORIENTED_EDGE ( 'NONE', *, *, #953, .F. ) ;
#373 = CARTESIAN_POINT ( 'NONE',  ( -1.500000000000000222, 9.500000000000001776, 0.000000000000000000 ) ) ;
#374 = VERTEX_POINT ( 'NONE', #1 ) ;
#375 = FACE_OUTER_BOUND ( 'NONE', #535, .T. ) ;
#376 = VERTEX_POINT ( 'NONE', #1257 ) ;
#377 = DIRECTION ( 'NONE',  ( 1.000000000000000000, 0.000000000000000000, 0.000000000000000000 ) ) ;
#378 = LINE ( 'NONE', #353, #659 ) ;
#379 = VERTEX_POINT ( 'NONE', #1513 ) ;
#380 = EDGE_CURVE ( 'NONE', #732, #296, #1160, .T. ) ;
#381 = DIRECTION ( 'NONE',  ( -0.000000000000000000, -0.000000000000000000, 1.000000000000000000 ) ) ;
#382 = DIRECTION ( 'NONE',  ( 0.000000000000000000, 0.000000000000000000, -1.000000000000000000 ) ) ;
#383 = ORIENTED_EDGE ( 'NONE', *, *, #1537, .F. ) ;
#384 = EDGE_LOOP ( 'NONE', ( #129, #1389, #1022, #1622 ) ) ;
#385 = DIRECTION ( 'NONE',  ( -0.000000000000000000, -0.000000000000000000, 1.000000000000000000 ) ) ;
#386 = DIRECTION ( 'NONE',  ( -0.000000000000000000, -0.000000000000000000, 1.000000000000000000 ) ) ;
#387 = VECTOR ( 'NONE', #475, 1000.000000000000000 ) ;
#388 = EDGE_LOOP ( 'NONE', ( #818, #557, #1102, #1156 ) ) ;
#389 = VERTEX_POINT ( 'NONE', #1629 ) ;
#390 = FACE_OUTER_BOUND ( 'NONE', #1314, .T. ) ;
#391 = CARTESIAN_POINT ( 'NONE',  ( 2.499999999999999556, -3.500000000000006661, 0.000000000000000000 ) ) ;
#392 = EDGE_LOOP ( 'NONE', ( #164, #653, #779, #1311, #139, #1614, #504, #348, #38, #772, #413, #680, #664, #1528, #1504, #1049, #42, #154, #1041, #1356, #809, #553, #1010, #1326 ) ) ;
#393 = ORIENTED_EDGE ( 'NONE', *, *, #886, .F. ) ;
#394 = CYLINDRICAL_SURFACE ( 'NONE', #423, 1.000000000000000000 ) ;
#395 = FILL_AREA_STYLE ('',( #274 ) ) ;
#396 = CONICAL_SURFACE ( 'NONE', #1115, 1.399999999999998579, 0.7853981633974500554 ) ;
#397 = DIRECTION ( 'NONE',  ( -0.000000000000000000, -0.000000000000000000, 1.000000000000000000 ) ) ;
#398 = DIRECTION ( 'NONE',  ( 1.000000000000000000, 0.000000000000000000, 0.000000000000000000 ) ) ;
#399 = ORIENTED_EDGE ( 'NONE', *, *, #1195, .T. ) ;
#400 = AXIS2_PLACEMENT_3D ( 'NONE', #1557, #1047, #1080 ) ;
#401 = ORIENTED_EDGE ( 'NONE', *, *, #1323, .T. ) ;
#402 = LINE ( 'NONE', #1486, #926 ) ;
#403 = EDGE_CURVE ( 'NONE', #1259, #464, #446, .T. ) ;
#404 = AXIS2_PLACEMENT_3D ( 'NONE', #1018, #1009, #505 ) ;
#405 = EDGE_CURVE ( 'NONE', #131, #1422, #416, .T. ) ;
#406 = CARTESIAN_POINT ( 'NONE',  ( 3.499999999999998668, 3.500000000000000444, 5.000000000000000000 ) ) ;
#407 = VECTOR ( 'NONE', #214, 1000.000000000000000 ) ;
#408 = CIRCLE ( 'NONE', #569, 1.399999999999998579 ) ;
#409 = CARTESIAN_POINT ( 'NONE',  ( -12.50000000000000000, 9.999999999999991118, 5.000000000000000000 ) ) ;
#410 = DIRECTION ( 'NONE',  ( -0.000000000000000000, -0.000000000000000000, 1.000000000000000000 ) ) ;
#411 = LINE ( 'NONE', #1526, #759 ) ;
#412 = ORIENTED_EDGE ( 'NONE', *, *, #640, .F. ) ;
#413 = ORIENTED_EDGE ( 'NONE', *, *, #1583, .T. ) ;
#414 = DIRECTION ( 'NONE',  ( 0.000000000000000000, 0.000000000000000000, -1.000000000000000000 ) ) ;
#415 = PRODUCT_RELATED_PRODUCT_CATEGORY ( 'part', '', ( #469 ) ) ;
#416 = CIRCLE ( 'NONE', #1396, 1.399999999999998579 ) ;
#417 = CARTESIAN_POINT ( 'NONE',  ( -13.89999999999999858, 9.999999999999991118, 0.000000000000000000 ) ) ;
#418 = FACE_OUTER_BOUND ( 'NONE', #1189, .T. ) ;
#419 = DIRECTION ( 'NONE',  ( -7.228014483236719235E-17, -1.000000000000000000, 0.000000000000000000 ) ) ;
#420 = CARTESIAN_POINT ( 'NONE',  ( -3.499999999999998668, -3.500000000000003109, 0.000000000000000000 ) ) ;
#421 = ORIENTED_EDGE ( 'NONE', *, *, #1323, .F. ) ;
#422 = ADVANCED_FACE ( 'NONE', ( #1439 ), #1617, .F. ) ;
#423 = AXIS2_PLACEMENT_3D ( 'NONE', #773, #1529, #1551 ) ;
#424 = ORIENTED_EDGE ( 'NONE', *, *, #330, .T. ) ;
#425 = DIRECTION ( 'NONE',  ( 1.000000000000000000, 0.000000000000000000, 0.000000000000000000 ) ) ;
#426 = DIRECTION ( 'NONE',  ( 0.000000000000000000, 0.000000000000000000, 1.000000000000000000 ) ) ;
#427 = VERTEX_POINT ( 'NONE', #1181 ) ;
#428 = FACE_BOUND ( 'NONE', #723, .T. ) ;
#429 = PLANE ( 'NONE',  #701 ) ;
#430 = AXIS2_PLACEMENT_3D ( 'NONE', #134, #386, #991 ) ;
#431 = APPLICATION_PROTOCOL_DEFINITION ( 'draft international standard', 'automotive_design', 1998, #645 ) ;
#432 = ORIENTED_EDGE ( 'NONE', *, *, #71, .T. ) ;
#433 = DIRECTION ( 'NONE',  ( -0.000000000000000000, -0.000000000000000000, 1.000000000000000000 ) ) ;
#434 = AXIS2_PLACEMENT_3D ( 'NONE', #1127, #619, #30 ) ;
#435 = SURFACE_SIDE_STYLE ('',( #689 ) ) ;
#436 = ADVANCED_FACE ( 'NONE', ( #905 ), #1413, .F. ) ;
#437 = FACE_BOUND ( 'NONE', #1020, .T. ) ;
#438 = CARTESIAN_POINT ( 'NONE',  ( -3.500000000000006661, 2.499999999999998668, 0.000000000000000000 ) ) ;
#439 = VECTOR ( 'NONE', #735, 1000.000000000000000 ) ;
#440 = DIRECTION ( 'NONE',  ( -0.000000000000000000, -0.000000000000000000, 1.000000000000000000 ) ) ;
#441 = ORIENTED_EDGE ( 'NONE', *, *, #836, .T. ) ;
#442 = CARTESIAN_POINT ( 'NONE',  ( 13.89999999999999858, -10.00000000000000000, 4.500000000000002665 ) ) ;
#443 =( GEOMETRIC_REPRESENTATION_CONTEXT ( 3 ) GLOBAL_UNCERTAINTY_ASSIGNED_CONTEXT ( ( #706 ) ) GLOBAL_UNIT_ASSIGNED_CONTEXT ( ( #1188, #825, #579 ) ) REPRESENTATION_CONTEXT ( 'NONE', 'WORKASPACE' ) );
#444 = CARTESIAN_POINT ( 'NONE',  ( -24.00000000000000000, 14.99999999999999645, 0.000000000000000000 ) ) ;
#445 = EDGE_CURVE ( 'NONE', #427, #1392, #628, .T. ) ;
#446 = CIRCLE ( 'NONE', #1533, 1.399999999999998579 ) ;
#447 = CARTESIAN_POINT ( 'NONE',  ( 3.499999999999998668, 3.500000000000000444, 0.000000000000000000 ) ) ;
#448 = CARTESIAN_POINT ( 'NONE',  ( -12.50000000000000000, -10.00000000000000533, 0.000000000000000000 ) ) ;
#449 = EDGE_CURVE ( 'NONE', #158, #5, #1283, .T. ) ;
#450 = CARTESIAN_POINT ( 'NONE',  ( 24.00000000000000000, 15.00000000000000355, 5.000000000000000000 ) ) ;
#451 = EDGE_LOOP ( 'NONE', ( #1062, #627, #983, #1184 ) ) ;
#452 = ORIENTED_EDGE ( 'NONE', *, *, #1150, .F. ) ;
#453 = DIRECTION ( 'NONE',  ( 1.000000000000000000, 0.000000000000000000, 0.000000000000000000 ) ) ;
#454 = CIRCLE ( 'NONE', #33, 1.000000000000000888 ) ;
#455 = CARTESIAN_POINT ( 'NONE',  ( -22.50000000000000000, -1.499999999999996225, 0.000000000000000000 ) ) ;
#456 = CYLINDRICAL_SURFACE ( 'NONE', #1582, 1.000000000000000000 ) ;
#457 = LINE ( 'NONE', #1467, #1095 ) ;
#458 = SHAPE_DEFINITION_REPRESENTATION ( #1224, #1488 ) ;
#459 = ORIENTED_EDGE ( 'NONE', *, *, #1531, .F. ) ;
#460 = CARTESIAN_POINT ( 'NONE',  ( -3.499999999999999112, 3.499999999999998668, 0.000000000000000000 ) ) ;
#461 = CIRCLE ( 'NONE', #270, 0.9999999999999995559 ) ;
#462 = CARTESIAN_POINT ( 'NONE',  ( 21.50000000000000000, -1.500000000000000222, 0.000000000000000000 ) ) ;
#463 = FACE_OUTER_BOUND ( 'NONE', #1336, .T. ) ;
#464 = VERTEX_POINT ( 'NONE', #417 ) ;
#465 = CARTESIAN_POINT ( 'NONE',  ( 2.499999999999999556, 9.499999999999994671, 5.000000000000000000 ) ) ;
#466 = CARTESIAN_POINT ( 'NONE',  ( -10.60000000000000142, 9.999999999999991118, 5.000000000000000000 ) ) ;
#467 = CIRCLE ( 'NONE', #202, 1.899999999999999023 ) ;
#468 = CARTESIAN_POINT ( 'NONE',  ( -22.50000000000000000, 1.499999999999989786, 0.000000000000000000 ) ) ;
#469 = PRODUCT ( 'Tail-Lock', 'Tail-Lock', '', ( #318 ) ) ;
#470 = CARTESIAN_POINT ( 'NONE',  ( 13.89999999999999858, -10.00000000000000000, 0.000000000000000000 ) ) ;
#471 = EDGE_LOOP ( 'NONE', ( #875, #1367 ) ) ;
#472 = CARTESIAN_POINT ( 'NONE',  ( 12.50000000000000000, 10.00000000000000000, 0.000000000000000000 ) ) ;
#473 = ORIENTED_EDGE ( 'NONE', *, *, #1234, .T. ) ;
#474 = LINE ( 'NONE', #864, #221 ) ;
#475 = DIRECTION ( 'NONE',  ( 0.000000000000000000, -1.000000000000000000, 0.000000000000000000 ) ) ;
#476 = DIRECTION ( 'NONE',  ( 0.000000000000000000, 0.000000000000000000, 1.000000000000000000 ) ) ;
#477 = VERTEX_POINT ( 'NONE', #1565 ) ;
#478 = LINE ( 'NONE', #724, #150 ) ;
#479 = ORIENTED_EDGE ( 'NONE', *, *, #1148, .F. ) ;
#480 = LINE ( 'NONE', #1495, #492 ) ;
#481 = AXIS2_PLACEMENT_3D ( 'NONE', #1099, #73, #738 ) ;
#482 = ADVANCED_FACE ( 'NONE', ( #1317 ), #1061, .F. ) ;
#483 = EDGE_CURVE ( 'NONE', #100, #379, #778, .T. ) ;
#484 = VECTOR ( 'NONE', #381, 1000.000000000000000 ) ;
#485 = CARTESIAN_POINT ( 'NONE',  ( -11.10000000000000142, -10.00000000000000533, 0.000000000000000000 ) ) ;
#486 = EDGE_CURVE ( 'NONE', #826, #311, #925, .T. ) ;
#487 = AXIS2_PLACEMENT_3D ( 'NONE', #1252, #842, #1374 ) ;
#488 = VERTEX_POINT ( 'NONE', #814 ) ;
#489 = DIRECTION ( 'NONE',  ( 1.000000000000000000, 0.000000000000000000, 0.000000000000000000 ) ) ;
#490 = ORIENTED_EDGE ( 'NONE', *, *, #182, .T. ) ;
#491 = LINE ( 'NONE', #996, #650 ) ;
#492 = VECTOR ( 'NONE', #115, 1000.000000000000000 ) ;
#493 = VECTOR ( 'NONE', #173, 1000.000000000000000 ) ;
#494 = DIRECTION ( 'NONE',  ( 1.000000000000000000, -0.000000000000000000, 0.000000000000000000 ) ) ;
#495 = EDGE_CURVE ( 'NONE', #1588, #1408, #175, .T. ) ;
#496 = ORIENTED_EDGE ( 'NONE', *, *, #1078, .T. ) ;
#497 = AXIS2_PLACEMENT_3D ( 'NONE', #420, #310, #1601 ) ;
#498 = LINE ( 'NONE', #1509, #1200 ) ;
#499 = VERTEX_POINT ( 'NONE', #1450 ) ;
#500 = CARTESIAN_POINT ( 'NONE',  ( -3.500000000000006661, 2.499999999999998668, 0.000000000000000000 ) ) ;
#501 = ORIENTED_EDGE ( 'NONE', *, *, #687, .F. ) ;
#502 = AXIS2_PLACEMENT_3D ( 'NONE', #1082, #1060, #425 ) ;
#503 = DIRECTION ( 'NONE',  ( -1.000000000000000000, 0.000000000000000000, 0.000000000000000000 ) ) ;
#504 = ORIENTED_EDGE ( 'NONE', *, *, #1037, .T. ) ;
#505 = DIRECTION ( 'NONE',  ( 1.000000000000000000, 0.000000000000000000, 0.000000000000000000 ) ) ;
#506 = ORIENTED_EDGE ( 'NONE', *, *, #563, .F. ) ;
#507 = DIRECTION ( 'NONE',  ( -0.000000000000000000, -0.000000000000000000, 1.000000000000000000 ) ) ;
#508 = ORIENTED_EDGE ( 'NONE', *, *, #403, .T. ) ;
#509 = DIRECTION ( 'NONE',  ( -0.000000000000000000, 0.000000000000000000, -1.000000000000000000 ) ) ;
#510 = AXIS2_PLACEMENT_3D ( 'NONE', #328, #845, #1593 ) ;
#511 = MANIFOLD_SOLID_BREP ( 'Chamfer1', #196 ) ;
#512 = DIRECTION ( 'NONE',  ( -0.000000000000000000, -0.000000000000000000, -1.000000000000000000 ) ) ;
#513 = EDGE_CURVE ( 'NONE', #1405, #1158, #1585, .T. ) ;
#514 = AXIS2_PLACEMENT_3D ( 'NONE', #889, #909, #1406 ) ;
#515 = ORIENTED_EDGE ( 'NONE', *, *, #1207, .T. ) ;
#516 = CARTESIAN_POINT ( 'NONE',  ( -12.50000000000000000, 9.999999999999991118, 0.000000000000000000 ) ) ;
#517 = CYLINDRICAL_SURFACE ( 'NONE', #731, 1.399999999999998579 ) ;
#518 = ORIENTED_EDGE ( 'NONE', *, *, #1182, .T. ) ;
#519 = VECTOR ( 'NONE', #910, 1000.000000000000000 ) ;
#520 = DIRECTION ( 'NONE',  ( -0.000000000000000000, -0.000000000000000000, 1.000000000000000000 ) ) ;
#521 = ORIENTED_EDGE ( 'NONE', *, *, #1371, .T. ) ;
#522 = CARTESIAN_POINT ( 'NONE',  ( 30.00000000000000000, -14.99999999999999645, 0.000000000000000000 ) ) ;
#523 = DIRECTION ( 'NONE',  ( 1.000000000000000000, 0.000000000000000000, 0.000000000000000000 ) ) ;
#524 = VERTEX_POINT ( 'NONE', #660 ) ;
#525 = AXIS2_PLACEMENT_3D ( 'NONE', #48, #1057, #1087 ) ;
#526 = ORIENTED_EDGE ( 'NONE', *, *, #950, .T. ) ;
#527 = CYLINDRICAL_SURFACE ( 'NONE', #1508, 1.399999999999998579 ) ;
#528 = EDGE_CURVE ( 'NONE', #242, #65, #1231, .T. ) ;
#529 = DIRECTION ( 'NONE',  ( 1.000000000000000000, -2.168404344971013798E-16, 0.000000000000000000 ) ) ;
#530 = CIRCLE ( 'NONE', #1457, 5.999999999999998224 ) ;
#531 = FACE_OUTER_BOUND ( 'NONE', #771, .T. ) ;
#532 = CARTESIAN_POINT ( 'NONE',  ( 2.499999999999998668, 3.500000000000007994, 5.000000000000000000 ) ) ;
#533 = DIRECTION ( 'NONE',  ( 0.000000000000000000, 0.000000000000000000, 1.000000000000000000 ) ) ;
#534 = ORIENTED_EDGE ( 'NONE', *, *, #1451, .T. ) ;
#535 = EDGE_LOOP ( 'NONE', ( #2, #1401, #104, #200 ) ) ;
#536 = EDGE_CURVE ( 'NONE', #1358, #1455, #189, .T. ) ;
#537 = LINE ( 'NONE', #1293, #3 ) ;
#538 = EDGE_CURVE ( 'NONE', #289, #1559, #454, .T. ) ;
#539 = DIRECTION ( 'NONE',  ( 7.228014483236715537E-17, 1.000000000000000000, 0.000000000000000000 ) ) ;
#540 = ORIENTED_EDGE ( 'NONE', *, *, #871, .F. ) ;
#541 = ORIENTED_EDGE ( 'NONE', *, *, #536, .F. ) ;
#542 = DIRECTION ( 'NONE',  ( -9.637352644315602638E-17, 1.000000000000000000, 0.000000000000000000 ) ) ;
#543 = LINE ( 'NONE', #1558, #787 ) ;
#544 = ORIENTED_EDGE ( 'NONE', *, *, #647, .T. ) ;
#545 = VECTOR ( 'NONE', #1159, 1000.000000000000000 ) ;
#546 = VERTEX_POINT ( 'NONE', #1346 ) ;
#547 = LINE ( 'NONE', #35, #632 ) ;
#548 = CARTESIAN_POINT ( 'NONE',  ( 12.50000000000000000, -10.00000000000000000, 5.000000000000000000 ) ) ;
#549 = EDGE_CURVE ( 'NONE', #5, #1468, #81, .T. ) ;
#550 = CARTESIAN_POINT ( 'NONE',  ( -24.00000000000000000, 14.99999999999999645, 5.000000000000000000 ) ) ;
#551 = EDGE_CURVE ( 'NONE', #914, #880, #607, .T. ) ;
#552 = DIRECTION ( 'NONE',  ( 0.000000000000000000, 0.000000000000000000, -1.000000000000000000 ) ) ;
#553 = ORIENTED_EDGE ( 'NONE', *, *, #380, .T. ) ;
#554 = EDGE_LOOP ( 'NONE', ( #975, #452, #884, #1280 ) ) ;
#555 = CYLINDRICAL_SURFACE ( 'NONE', #994, 5.999999999999998224 ) ;
#556 = DIRECTION ( 'NONE',  ( 0.000000000000000000, 0.000000000000000000, 1.000000000000000000 ) ) ;
#557 = ORIENTED_EDGE ( 'NONE', *, *, #594, .F. ) ;
#558 = ORIENTED_EDGE ( 'NONE', *, *, #999, .F. ) ;
#559 = PLANE ( 'NONE',  #835 ) ;
#560 = VERTEX_POINT ( 'NONE', #444 ) ;
#561 = DIRECTION ( 'NONE',  ( 1.000000000000000000, 0.000000000000000000, 0.000000000000000000 ) ) ;
#562 = DIRECTION ( 'NONE',  ( 2.168404344971013798E-16, 1.000000000000000000, 0.000000000000000000 ) ) ;
#563 = EDGE_CURVE ( 'NONE', #675, #1384, #335, .T. ) ;
#564 = CARTESIAN_POINT ( 'NONE',  ( -2.500000000000000000, 9.499999999999992895, 0.000000000000000000 ) ) ;
#565 = CARTESIAN_POINT ( 'NONE',  ( 2.499999999999999556, 9.499999999999994671, 0.000000000000000000 ) ) ;
#566 = ADVANCED_FACE ( 'NONE', ( #315 ), #1104, .F. ) ;
#567 = EDGE_LOOP ( 'NONE', ( #180, #64 ) ) ;
#568 = CARTESIAN_POINT ( 'NONE',  ( -24.00000000000000000, -15.00000000000000355, 5.000000000000000000 ) ) ;
#569 = AXIS2_PLACEMENT_3D ( 'NONE', #325, #747, #1109 ) ;
#570 = CARTESIAN_POINT ( 'NONE',  ( -2.499999999999998668, -9.499999999999991118, 0.000000000000000000 ) ) ;
#571 = DIRECTION ( 'NONE',  ( 1.000000000000000000, 0.000000000000000000, 0.000000000000000000 ) ) ;
#572 = CARTESIAN_POINT ( 'NONE',  ( -3.499999999999998668, -3.500000000000003109, 5.000000000000000000 ) ) ;
#573 = VECTOR ( 'NONE', #978, 1000.000000000000000 ) ;
#574 = EDGE_LOOP ( 'NONE', ( #534, #1004, #612, #1226 ) ) ;
#575 = DIRECTION ( 'NONE',  ( -0.000000000000000000, -0.000000000000000000, 1.000000000000000000 ) ) ;
#576 = FACE_OUTER_BOUND ( 'NONE', #1625, .T. ) ;
#577 = DIRECTION ( 'NONE',  ( -1.000000000000000000, 0.000000000000000000, 0.000000000000000000 ) ) ;
#578 = CARTESIAN_POINT ( 'NONE',  ( 1.499999999999992450, -10.49999999999999822, 5.000000000000000000 ) ) ;
#579 =( NAMED_UNIT ( * ) SI_UNIT ( $, .STERADIAN. ) SOLID_ANGLE_UNIT ( ) );
#580 = VERTEX_POINT ( 'NONE', #1332 ) ;
#581 = DIRECTION ( 'NONE',  ( -0.7071067811865487940, 8.659560562354948882E-17, 0.7071067811865463515 ) ) ;
#582 = CIRCLE ( 'NONE', #502, 5.999999999999998224 ) ;
#583 = FACE_OUTER_BOUND ( 'NONE', #657, .T. ) ;
#584 = CARTESIAN_POINT ( 'NONE',  ( -30.00000000000000000, 8.999999999999998224, 0.000000000000000000 ) ) ;
#585 = VECTOR ( 'NONE', #1452, 1000.000000000000000 ) ;
#586 = ORIENTED_EDGE ( 'NONE', *, *, #974, .F. ) ;
#587 = FACE_OUTER_BOUND ( 'NONE', #451, .T. ) ;
#588 = DIRECTION ( 'NONE',  ( 1.000000000000000000, 0.000000000000000000, 0.000000000000000000 ) ) ;
#589 = AXIS2_PLACEMENT_3D ( 'NONE', #373, #1001, #1276 ) ;
#590 = DIRECTION ( 'NONE',  ( 0.000000000000000000, 0.000000000000000000, 1.000000000000000000 ) ) ;
#591 = FACE_OUTER_BOUND ( 'NONE', #1285, .T. ) ;
#592 = ADVANCED_FACE ( 'NONE', ( #576 ), #197, .F. ) ;
#593 = EDGE_CURVE ( 'NONE', #171, #626, #1619, .T. ) ;
#594 = EDGE_CURVE ( 'NONE', #1446, #427, #1598, .T. ) ;
#595 = VERTEX_POINT ( 'NONE', #1222 ) ;
#596 = CARTESIAN_POINT ( 'NONE',  ( 30.00000000000000000, -14.99999999999999645, 5.000000000000000000 ) ) ;
#597 = ORIENTED_EDGE ( 'NONE', *, *, #266, .T. ) ;
#598 = CARTESIAN_POINT ( 'NONE',  ( -21.49999999999999289, -2.500000000000003109, 5.000000000000000000 ) ) ;
#599 = CARTESIAN_POINT ( 'NONE',  ( 11.10000000000000142, -10.00000000000000000, 0.000000000000000000 ) ) ;
#600 = CARTESIAN_POINT ( 'NONE',  ( 30.00000000000000000, 15.00000000000000355, 5.000000000000000000 ) ) ;
#601 = AXIS2_PLACEMENT_3D ( 'NONE', #1016, #1273, #230 ) ;
#602 = EDGE_LOOP ( 'NONE', ( #1442, #1119, #1190, #1050 ) ) ;
#603 = PLANE ( 'NONE',  #1421 ) ;
#604 = ORIENTED_EDGE ( 'NONE', *, *, #1545, .F. ) ;
#605 = EDGE_CURVE ( 'NONE', #684, #1468, #322, .T. ) ;
#606 = CARTESIAN_POINT ( 'NONE',  ( 1.499999999999999778, -9.500000000000000000, 5.000000000000000000 ) ) ;
#607 = CIRCLE ( 'NONE', #229, 1.000000000000000888 ) ;
#608 = CARTESIAN_POINT ( 'NONE',  ( -3.499999999999999112, 3.499999999999998668, 0.000000000000000000 ) ) ;
#609 = ORIENTED_EDGE ( 'NONE', *, *, #1621, .F. ) ;
#610 = EDGE_CURVE ( 'NONE', #477, #1446, #95, .T. ) ;
#611 = FACE_BOUND ( 'NONE', #1321, .T. ) ;
#612 = ORIENTED_EDGE ( 'NONE', *, *, #949, .F. ) ;
#613 = DIRECTION ( 'NONE',  ( 0.7071067811865487940, 0.000000000000000000, 0.7071067811865463515 ) ) ;
#614 = EDGE_CURVE ( 'NONE', #135, #1410, #744, .T. ) ;
#615 = CIRCLE ( 'NONE', #1521, 1.000000000000000000 ) ;
#616 = ADVANCED_FACE ( 'NONE', ( #583 ), #1479, .F. ) ;
#617 = CARTESIAN_POINT ( 'NONE',  ( -21.49999999999999289, 2.499999999999997780, 0.000000000000000000 ) ) ;
#618 = ORIENTED_EDGE ( 'NONE', *, *, #1377, .T. ) ;
#619 = DIRECTION ( 'NONE',  ( 0.000000000000000000, 0.000000000000000000, 1.000000000000000000 ) ) ;
#620 = ORIENTED_EDGE ( 'NONE', *, *, #14, .T. ) ;
#621 = DIRECTION ( 'NONE',  ( -0.000000000000000000, 0.000000000000000000, -1.000000000000000000 ) ) ;
#622 = VERTEX_POINT ( 'NONE', #1352 ) ;
#623 = AXIS2_PLACEMENT_3D ( 'NONE', #1048, #533, #523 ) ;
#624 = AXIS2_PLACEMENT_3D ( 'NONE', #1073, #812, #561 ) ;
#625 = DIRECTION ( 'NONE',  ( -0.000000000000000000, -0.000000000000000000, -1.000000000000000000 ) ) ;
#626 = VERTEX_POINT ( 'NONE', #599 ) ;
#627 = ORIENTED_EDGE ( 'NONE', *, *, #25, .F. ) ;
#628 = CIRCLE ( 'NONE', #1105, 1.000000000000000888 ) ;
#629 = CARTESIAN_POINT ( 'NONE',  ( -21.50000000000000000, 1.499999999999997113, 0.000000000000000000 ) ) ;
#630 = VERTEX_POINT ( 'NONE', #714 ) ;
#631 = CARTESIAN_POINT ( 'NONE',  ( -1.499999999999992006, -10.49999999999999822, 5.000000000000000000 ) ) ;
#632 = VECTOR ( 'NONE', #261, 1000.000000000000000 ) ;
#633 = ORIENTED_EDGE ( 'NONE', *, *, #945, .F. ) ;
#634 = DIRECTION ( 'NONE',  ( 0.000000000000000000, 0.000000000000000000, 1.000000000000000000 ) ) ;
#635 = FACE_OUTER_BOUND ( 'NONE', #1100, .T. ) ;
#636 = ORIENTED_EDGE ( 'NONE', *, *, #25, .T. ) ;
#637 = CARTESIAN_POINT ( 'NONE',  ( -13.89999999999999858, -10.00000000000000533, 4.500000000000002665 ) ) ;
#638 = CIRCLE ( 'NONE', #1171, 0.9999999999999993339 ) ;
#639 = DIRECTION ( 'NONE',  ( 1.000000000000000000, 0.000000000000000000, 0.000000000000000000 ) ) ;
#640 = EDGE_CURVE ( 'NONE', #1408, #944, #1324, .T. ) ;
#641 = EDGE_LOOP ( 'NONE', ( #923, #11, #393, #1141 ) ) ;
#642 = CARTESIAN_POINT ( 'NONE',  ( 22.50000000000000000, -1.499999999999992895, 0.000000000000000000 ) ) ;
#643 = CARTESIAN_POINT ( 'NONE',  ( 2.499999999999998668, 3.500000000000007994, 0.000000000000000000 ) ) ;
#644 = ORIENTED_EDGE ( 'NONE', *, *, #1331, .F. ) ;
#645 = APPLICATION_CONTEXT ( 'automotive_design' ) ;
#646 = CIRCLE ( 'NONE', #1586, 1.399999999999998579 ) ;
#647 = EDGE_CURVE ( 'NONE', #374, #797, #1090, .T. ) ;
#648 = ORIENTED_EDGE ( 'NONE', *, *, #1353, .F. ) ;
#649 = DIRECTION ( 'NONE',  ( -7.228014483236719235E-17, -1.000000000000000000, 0.000000000000000000 ) ) ;
#650 = VECTOR ( 'NONE', #1505, 1000.000000000000000 ) ;
#651 = DIRECTION ( 'NONE',  ( 0.000000000000000000, 0.000000000000000000, 1.000000000000000000 ) ) ;
#652 = ORIENTED_EDGE ( 'NONE', *, *, #283, .T. ) ;
#653 = ORIENTED_EDGE ( 'NONE', *, *, #949, .T. ) ;
#654 = FACE_OUTER_BOUND ( 'NONE', #250, .T. ) ;
#655 = CARTESIAN_POINT ( 'NONE',  ( -21.50000000000000000, -1.500000000000003331, 0.000000000000000000 ) ) ;
#656 = ORIENTED_EDGE ( 'NONE', *, *, #1112, .F. ) ;
#657 = EDGE_LOOP ( 'NONE', ( #515, #644, #280, #401 ) ) ;
#658 = LINE ( 'NONE', #43, #1348 ) ;
#659 = VECTOR ( 'NONE', #745, 1000.000000000000000 ) ;
#660 = CARTESIAN_POINT ( 'NONE',  ( 24.00000000000000000, 15.00000000000000355, 0.000000000000000000 ) ) ;
#661 = AXIS2_PLACEMENT_3D ( 'NONE', #1083, #1097, #1199 ) ;
#662 = DIRECTION ( 'NONE',  ( 1.000000000000000000, 0.000000000000000000, 0.000000000000000000 ) ) ;
#663 = CARTESIAN_POINT ( 'NONE',  ( 12.50000000000000000, -10.00000000000000000, 4.500000000000002665 ) ) ;
#664 = ORIENTED_EDGE ( 'NONE', *, *, #1275, .T. ) ;
#665 = ADVANCED_FACE ( 'NONE', ( #980 ), #966, .F. ) ;
#666 = ORIENTED_EDGE ( 'NONE', *, *, #815, .F. ) ;
#667 = CARTESIAN_POINT ( 'NONE',  ( 2.499999999999998668, 3.500000000000007994, 0.000000000000000000 ) ) ;
#668 = EDGE_CURVE ( 'NONE', #1468, #231, #530, .T. ) ;
#669 = EDGE_CURVE ( 'NONE', #1261, #1058, #658, .T. ) ;
#670 = VECTOR ( 'NONE', #1465, 1000.000000000000000 ) ;
#671 = DIRECTION ( 'NONE',  ( -0.000000000000000000, -0.000000000000000000, -1.000000000000000000 ) ) ;
#672 = EDGE_LOOP ( 'NONE', ( #1027, #421, #1250, #240 ) ) ;
#673 = CARTESIAN_POINT ( 'NONE',  ( -12.50000000000000000, 9.999999999999991118, 0.000000000000000000 ) ) ;
#674 = LINE ( 'NONE', #450, #1240 ) ;
#675 = VERTEX_POINT ( 'NONE', #903 ) ;
#676 = CIRCLE ( 'NONE', #1605, 1.399999999999998579 ) ;
#677 = ORIENTED_EDGE ( 'NONE', *, *, #1294, .T. ) ;
#678 = LINE ( 'NONE', #1316, #917 ) ;
#679 = DIRECTION ( 'NONE',  ( -1.000000000000000000, 0.000000000000000000, 0.000000000000000000 ) ) ;
#680 = ORIENTED_EDGE ( 'NONE', *, *, #886, .T. ) ;
#681 = DIRECTION ( 'NONE',  ( -0.000000000000000000, -0.000000000000000000, 1.000000000000000000 ) ) ;
#682 = DIRECTION ( 'NONE',  ( 0.000000000000000000, 0.000000000000000000, 1.000000000000000000 ) ) ;
#683 = LINE ( 'NONE', #808, #940 ) ;
#684 = VERTEX_POINT ( 'NONE', #1542 ) ;
#685 = ORIENTED_EDGE ( 'NONE', *, *, #669, .F. ) ;
#686 = CARTESIAN_POINT ( 'NONE',  ( 2.499999999999999556, -9.499999999999991118, 0.000000000000000000 ) ) ;
#687 = EDGE_CURVE ( 'NONE', #176, #1145, #547, .T. ) ;
#688 = EDGE_CURVE ( 'NONE', #259, #1405, #537, .T. ) ;
#689 = SURFACE_STYLE_FILL_AREA ( #395 ) ;
#690 = DIRECTION ( 'NONE',  ( 1.000000000000000000, 0.000000000000000000, -0.000000000000000000 ) ) ;
#691 = DIRECTION ( 'NONE',  ( -1.000000000000000000, -9.637352644315602638E-17, 0.000000000000000000 ) ) ;
#692 = EDGE_CURVE ( 'NONE', #880, #427, #1023, .T. ) ;
#693 = ORIENTED_EDGE ( 'NONE', *, *, #313, .F. ) ;
#694 = CARTESIAN_POINT ( 'NONE',  ( 2.499999999999999556, -9.499999999999991118, 0.000000000000000000 ) ) ;
#695 = DIRECTION ( 'NONE',  ( -0.000000000000000000, 0.000000000000000000, -1.000000000000000000 ) ) ;
#696 = CARTESIAN_POINT ( 'NONE',  ( 11.10000000000000142, 10.00000000000000000, 0.000000000000000000 ) ) ;
#697 = DIRECTION ( 'NONE',  ( 1.000000000000000000, 0.000000000000000000, 0.000000000000000000 ) ) ;
#698 = AXIS2_PLACEMENT_3D ( 'NONE', #103, #1490, #721 ) ;
#699 = ORIENTED_EDGE ( 'NONE', *, *, #1477, .T. ) ;
#700 = LINE ( 'NONE', #1191, #1076 ) ;
#701 = AXIS2_PLACEMENT_3D ( 'NONE', #1202, #1297, #552 ) ;
#702 = EDGE_CURVE ( 'NONE', #938, #732, #402, .T. ) ;
#703 = CIRCLE ( 'NONE', #487, 1.000000000000000888 ) ;
#704 = CARTESIAN_POINT ( 'NONE',  ( 30.00000000000000000, -14.99999999999999645, 0.000000000000000000 ) ) ;
#705 = CARTESIAN_POINT ( 'NONE',  ( -1.499999999999993339, 10.50000000000000000, 0.000000000000000000 ) ) ;
#706 = UNCERTAINTY_MEASURE_WITH_UNIT (LENGTH_MEASURE( 1.000000000000000082E-05 ), #1188, 'distance_accuracy_value', 'NONE');
#707 = CARTESIAN_POINT ( 'NONE',  ( -24.00000000000000000, 8.999999999999998224, 5.000000000000000000 ) ) ;
#708 = AXIS2_PLACEMENT_3D ( 'NONE', #1417, #156, #1277 ) ;
#709 = VECTOR ( 'NONE', #834, 1000.000000000000000 ) ;
#710 = LINE ( 'NONE', #1213, #1448 ) ;
#711 = ORIENTED_EDGE ( 'NONE', *, *, #929, .F. ) ;
#712 = LINE ( 'NONE', #956, #78 ) ;
#713 = ADVANCED_FACE ( 'NONE', ( #765 ), #394, .T. ) ;
#714 = CARTESIAN_POINT ( 'NONE',  ( -11.10000000000000142, 9.999999999999991118, 4.500000000000002665 ) ) ;
#715 = DIRECTION ( 'NONE',  ( -1.000000000000000000, -1.686536712755230462E-16, 0.000000000000000000 ) ) ;
#716 = ORIENTED_EDGE ( 'NONE', *, *, #605, .F. ) ;
#717 = DIRECTION ( 'NONE',  ( 1.000000000000000000, 0.000000000000000000, 0.000000000000000000 ) ) ;
#718 = VECTOR ( 'NONE', #649, 1000.000000000000000 ) ;
#719 = EDGE_CURVE ( 'NONE', #580, #831, #209, .T. ) ;
#720 = CARTESIAN_POINT ( 'NONE',  ( 12.50000000000000000, -10.00000000000000000, 0.000000000000000000 ) ) ;
#721 = DIRECTION ( 'NONE',  ( 1.000000000000000000, 0.000000000000000000, 0.000000000000000000 ) ) ;
#722 = AXIS2_PLACEMENT_3D ( 'NONE', #1342, #316, #206 ) ;
#723 = EDGE_LOOP ( 'NONE', ( #922, #652 ) ) ;
#724 = CARTESIAN_POINT ( 'NONE',  ( 30.00000000000000000, 15.00000000000000355, 5.000000000000000000 ) ) ;
#725 = ORIENTED_EDGE ( 'NONE', *, *, #262, .F. ) ;
#726 = LINE ( 'NONE', #1129, #1362 ) ;
#727 = AXIS2_PLACEMENT_3D ( 'NONE', #548, #789, #1544 ) ;
#728 = DIRECTION ( 'NONE',  ( 1.000000000000000000, 0.000000000000000000, 0.000000000000000000 ) ) ;
#729 = CYLINDRICAL_SURFACE ( 'NONE', #1223, 1.399999999999998579 ) ;
#730 = ADVANCED_FACE ( 'NONE', ( #341 ), #1264, .F. ) ;
#731 = AXIS2_PLACEMENT_3D ( 'NONE', #1390, #1167, #398 ) ;
#732 = VERTEX_POINT ( 'NONE', #1361 ) ;
#733 = CARTESIAN_POINT ( 'NONE',  ( 22.50000000000000000, -1.499999999999992895, 0.000000000000000000 ) ) ;
#734 = VERTEX_POINT ( 'NONE', #637 ) ;
#735 = DIRECTION ( 'NONE',  ( -0.000000000000000000, -0.000000000000000000, 1.000000000000000000 ) ) ;
#736 = ADVANCED_FACE ( 'NONE', ( #1520 ), #858, .F. ) ;
#737 = EDGE_CURVE ( 'NONE', #365, #1158, #1301, .T. ) ;
#738 = DIRECTION ( 'NONE',  ( 1.000000000000000000, 0.000000000000000000, 0.000000000000000000 ) ) ;
#739 = VERTEX_POINT ( 'NONE', #1170 ) ;
#740 = LINE ( 'NONE', #733, #1635 ) ;
#741 = VERTEX_POINT ( 'NONE', #246 ) ;
#742 = DIRECTION ( 'NONE',  ( 1.000000000000000000, 0.000000000000000000, 0.000000000000000000 ) ) ;
#743 = EDGE_CURVE ( 'NONE', #1446, #938, #136, .T. ) ;
#744 = CIRCLE ( 'NONE', #894, 1.899999999999999023 ) ;
#745 = DIRECTION ( 'NONE',  ( -0.000000000000000000, -0.000000000000000000, 1.000000000000000000 ) ) ;
#746 = VERTEX_POINT ( 'NONE', #159 ) ;
#747 = DIRECTION ( 'NONE',  ( 0.000000000000000000, 0.000000000000000000, 1.000000000000000000 ) ) ;
#748 = EDGE_LOOP ( 'NONE', ( #15, #53, #1269, #1219, #1274, #32, #955, #901, #60, #479, #541, #372, #934, #1483, #1337, #1631, #1315, #1643, #1138, #801, #1639, #119, #902, #1278 ) ) ;
#749 = DIRECTION ( 'NONE',  ( -0.7071067811865487940, 8.659560562354948882E-17, 0.7071067811865463515 ) ) ;
#750 = ORIENTED_EDGE ( 'NONE', *, *, #1037, .F. ) ;
#751 = CIRCLE ( 'NONE', #964, 1.899999999999999023 ) ;
#752 = LINE ( 'NONE', #1532, #820 ) ;
#753 = ORIENTED_EDGE ( 'NONE', *, *, #1537, .T. ) ;
#754 = DIRECTION ( 'NONE',  ( 1.000000000000000000, 1.156482317317871478E-16, -0.000000000000000000 ) ) ;
#755 = EDGE_LOOP ( 'NONE', ( #1116, #1177, #225, #1429 ) ) ;
#756 = LINE ( 'NONE', #349, #1124 ) ;
#757 = ORIENTED_EDGE ( 'NONE', *, *, #1470, .T. ) ;
#758 = DIRECTION ( 'NONE',  ( -1.000000000000000000, -1.686536712755230462E-16, 0.000000000000000000 ) ) ;
#759 = VECTOR ( 'NONE', #252, 1000.000000000000000 ) ;
#760 = CARTESIAN_POINT ( 'NONE',  ( -3.499999999999998668, -3.500000000000003109, 0.000000000000000000 ) ) ;
#761 = VERTEX_POINT ( 'NONE', #631 ) ;
#762 = CARTESIAN_POINT ( 'NONE',  ( -1.499999999999992006, -10.49999999999999822, 0.000000000000000000 ) ) ;
#763 = FACE_OUTER_BOUND ( 'NONE', #672, .T. ) ;
#764 = VERTEX_POINT ( 'NONE', #1139 ) ;
#765 = FACE_OUTER_BOUND ( 'NONE', #219, .T. ) ;
#766 = EDGE_CURVE ( 'NONE', #944, #1408, #796, .T. ) ;
#767 = CARTESIAN_POINT ( 'NONE',  ( 12.50000000000000000, 10.00000000000000000, 0.000000000000000000 ) ) ;
#768 = EDGE_LOOP ( 'NONE', ( #304, #891, #194, #1364 ) ) ;
#769 = DIRECTION ( 'NONE',  ( 1.000000000000000000, 0.000000000000000000, 0.000000000000000000 ) ) ;
#770 = DIRECTION ( 'NONE',  ( 1.000000000000000000, 0.000000000000000000, 0.000000000000000000 ) ) ;
#771 = EDGE_LOOP ( 'NONE', ( #1443, #1481, #633, #1033 ) ) ;
#772 = ORIENTED_EDGE ( 'NONE', *, *, #1255, .T. ) ;
#773 = CARTESIAN_POINT ( 'NONE',  ( 3.499999999999999556, -3.499999999999999556, 0.000000000000000000 ) ) ;
#774 = EDGE_CURVE ( 'NONE', #1145, #158, #140, .T. ) ;
#775 = AXIS2_PLACEMENT_3D ( 'NONE', #211, #577, #476 ) ;
#776 = CARTESIAN_POINT ( 'NONE',  ( -1.500000000000000222, 9.500000000000001776, 0.000000000000000000 ) ) ;
#777 = AXIS2_PLACEMENT_3D ( 'NONE', #438, #542, #691 ) ;
#778 = CIRCLE ( 'NONE', #727, 1.899999999999999023 ) ;
#779 = ORIENTED_EDGE ( 'NONE', *, *, #833, .T. ) ;
#780 = CARTESIAN_POINT ( 'NONE',  ( -13.89999999999999858, -10.00000000000000533, 4.500000000000002665 ) ) ;
#781 = DIRECTION ( 'NONE',  ( 1.000000000000000000, 0.000000000000000000, 0.000000000000000000 ) ) ;
#782 = VERTEX_POINT ( 'NONE', #893 ) ;
#783 = AXIS2_PLACEMENT_3D ( 'NONE', #472, #862, #976 ) ;
#784 = ORIENTED_EDGE ( 'NONE', *, *, #1391, .F. ) ;
#785 = DIRECTION ( 'NONE',  ( 0.000000000000000000, 0.000000000000000000, 1.000000000000000000 ) ) ;
#786 = EDGE_CURVE ( 'NONE', #296, #374, #1402, .T. ) ;
#787 = VECTOR ( 'NONE', #507, 1000.000000000000000 ) ;
#788 = CIRCLE ( 'NONE', #1209, 0.9999999999999995559 ) ;
#789 = DIRECTION ( 'NONE',  ( -0.000000000000000000, 0.000000000000000000, -1.000000000000000000 ) ) ;
#790 = ADVANCED_FACE ( 'NONE', ( #24 ), #527, .F. ) ;
#791 = FACE_OUTER_BOUND ( 'NONE', #212, .T. ) ;
#792 = DIRECTION ( 'NONE',  ( 0.000000000000000000, -0.000000000000000000, 1.000000000000000000 ) ) ;
#793 = ORIENTED_EDGE ( 'NONE', *, *, #1431, .F. ) ;
#794 = ORIENTED_EDGE ( 'NONE', *, *, #1195, .F. ) ;
#795 = DIRECTION ( 'NONE',  ( -0.000000000000000000, -0.000000000000000000, 1.000000000000000000 ) ) ;
#796 = CIRCLE ( 'NONE', #360, 1.899999999999999023 ) ;
#797 = VERTEX_POINT ( 'NONE', #1322 ) ;
#798 = DIRECTION ( 'NONE',  ( -0.000000000000000000, -0.000000000000000000, 1.000000000000000000 ) ) ;
#799 = DIRECTION ( 'NONE',  ( -1.000000000000000000, 0.000000000000000000, 0.000000000000000000 ) ) ;
#800 = ORIENTED_EDGE ( 'NONE', *, *, #843, .F. ) ;
#801 = ORIENTED_EDGE ( 'NONE', *, *, #1328, .F. ) ;
#802 = LINE ( 'NONE', #1307, #493 ) ;
#803 = CIRCLE ( 'NONE', #1379, 1.899999999999999023 ) ;
#804 = DIRECTION ( 'NONE',  ( 1.000000000000000000, 0.000000000000000000, 0.000000000000000000 ) ) ;
#805 = ORIENTED_EDGE ( 'NONE', *, *, #75, .F. ) ;
#806 = FACE_OUTER_BOUND ( 'NONE', #1125, .T. ) ;
#807 = DIRECTION ( 'NONE',  ( 1.000000000000000000, 0.000000000000000000, 0.000000000000000000 ) ) ;
#808 = CARTESIAN_POINT ( 'NONE',  ( -11.10000000000000142, -10.00000000000000533, 0.000000000000000000 ) ) ;
#809 = ORIENTED_EDGE ( 'NONE', *, *, #702, .T. ) ;
#810 = CIRCLE ( 'NONE', #1412, 1.399999999999998579 ) ;
#811 = EDGE_LOOP ( 'NONE', ( #1550, #1612, #432, #1428 ) ) ;
#812 = DIRECTION ( 'NONE',  ( 0.000000000000000000, 0.000000000000000000, 1.000000000000000000 ) ) ;
#813 = EDGE_CURVE ( 'NONE', #764, #1145, #582, .T. ) ;
#814 = CARTESIAN_POINT ( 'NONE',  ( -1.499999999999993339, 10.50000000000000000, 5.000000000000000000 ) ) ;
#815 = EDGE_CURVE ( 'NONE', #746, #158, #1330, .T. ) ;
#816 = FACE_BOUND ( 'NONE', #471, .T. ) ;
#817 = DIRECTION ( 'NONE',  ( 1.000000000000000000, 0.000000000000000000, 0.000000000000000000 ) ) ;
#818 = ORIENTED_EDGE ( 'NONE', *, *, #692, .T. ) ;
#819 = CARTESIAN_POINT ( 'NONE',  ( -11.10000000000000142, -10.00000000000000533, 4.500000000000002665 ) ) ;
#820 = VECTOR ( 'NONE', #1395, 1000.000000000000000 ) ;
#821 = DIRECTION ( 'NONE',  ( 1.000000000000000000, -2.409338161078900660E-17, 0.000000000000000000 ) ) ;
#822 = AXIS2_PLACEMENT_3D ( 'NONE', #215, #1216, #728 ) ;
#823 = DIRECTION ( 'NONE',  ( 0.000000000000000000, -0.000000000000000000, -1.000000000000000000 ) ) ;
#824 = DIRECTION ( 'NONE',  ( -0.000000000000000000, -0.000000000000000000, 1.000000000000000000 ) ) ;
#825 =( NAMED_UNIT ( * ) PLANE_ANGLE_UNIT ( ) SI_UNIT ( $, .RADIAN. ) );
#826 = VERTEX_POINT ( 'NONE', #188 ) ;
#827 = CARTESIAN_POINT ( 'NONE',  ( 21.49999999999999289, -2.500000000000000444, 0.000000000000000000 ) ) ;
#828 = DIRECTION ( 'NONE',  ( 1.000000000000000000, 0.000000000000000000, 0.000000000000000000 ) ) ;
#829 = LINE ( 'NONE', #198, #10 ) ;
#830 = DIRECTION ( 'NONE',  ( 0.000000000000000000, 0.000000000000000000, 1.000000000000000000 ) ) ;
#831 = VERTEX_POINT ( 'NONE', #442 ) ;
#832 = ORIENTED_EDGE ( 'NONE', *, *, #551, .T. ) ;
#833 = EDGE_CURVE ( 'NONE', #846, #622, #946, .T. ) ;
#834 = DIRECTION ( 'NONE',  ( -0.000000000000000000, -0.000000000000000000, 1.000000000000000000 ) ) ;
#835 = AXIS2_PLACEMENT_3D ( 'NONE', #1568, #293, #419 ) ;
#836 = EDGE_CURVE ( 'NONE', #797, #761, #1498, .T. ) ;
#837 = CARTESIAN_POINT ( 'NONE',  ( 30.00000000000000000, -14.99999999999999645, 5.000000000000000000 ) ) ;
#838 = FACE_OUTER_BOUND ( 'NONE', #1263, .T. ) ;
#839 = AXIS2_PLACEMENT_3D ( 'NONE', #1634, #366, #1230 ) ;
#840 = AXIS2_PLACEMENT_3D ( 'NONE', #51, #201, #1462 ) ;
#841 = ORIENTED_EDGE ( 'NONE', *, *, #563, .T. ) ;
#842 = DIRECTION ( 'NONE',  ( 0.000000000000000000, 0.000000000000000000, 1.000000000000000000 ) ) ;
#843 = EDGE_CURVE ( 'NONE', #524, #1384, #1340, .T. ) ;
#844 = DIRECTION ( 'NONE',  ( -1.000000000000000000, 0.000000000000000000, 0.000000000000000000 ) ) ;
#845 = DIRECTION ( 'NONE',  ( 0.000000000000000000, 0.000000000000000000, 1.000000000000000000 ) ) ;
#846 = VERTEX_POINT ( 'NONE', #694 ) ;
#847 = FACE_OUTER_BOUND ( 'NONE', #244, .T. ) ;
#848 = CARTESIAN_POINT ( 'NONE',  ( 24.00000000000000000, -14.99999999999999645, 5.000000000000000000 ) ) ;
#849 = AXIS2_PLACEMENT_3D ( 'NONE', #1411, #282, #272 ) ;
#850 = CARTESIAN_POINT ( 'NONE',  ( 24.00000000000000000, -14.99999999999999645, 5.000000000000000000 ) ) ;
#851 = FACE_OUTER_BOUND ( 'NONE', #811, .T. ) ;
#852 = VECTOR ( 'NONE', #681, 1000.000000000000000 ) ;
#853 = ORIENTED_EDGE ( 'NONE', *, *, #815, .T. ) ;
#854 = LINE ( 'NONE', #1613, #1414 ) ;
#855 = ORIENTED_EDGE ( 'NONE', *, *, #1485, .F. ) ;
#856 = CARTESIAN_POINT ( 'NONE',  ( 14.40000000000000036, 10.00000000000000000, 5.000000000000000000 ) ) ;
#857 = EDGE_CURVE ( 'NONE', #846, #826, #700, .T. ) ;
#858 = CYLINDRICAL_SURFACE ( 'NONE', #333, 0.9999999999999997780 ) ;
#859 = VECTOR ( 'NONE', #120, 1000.000000000000000 ) ;
#860 = FACE_OUTER_BOUND ( 'NONE', #271, .T. ) ;
#861 = EDGE_LOOP ( 'NONE', ( #1400, #805, #750, #518 ) ) ;
#862 = DIRECTION ( 'NONE',  ( -0.000000000000000000, -0.000000000000000000, 1.000000000000000000 ) ) ;
#863 = EDGE_LOOP ( 'NONE', ( #648, #609, #187, #793 ) ) ;
#864 = CARTESIAN_POINT ( 'NONE',  ( 2.499999999999998668, 3.500000000000007994, 5.000000000000000000 ) ) ;
#865 = CARTESIAN_POINT ( 'NONE',  ( 2.499999999999999556, -3.500000000000006661, 5.000000000000000000 ) ) ;
#866 = ORIENTED_EDGE ( 'NONE', *, *, #14, .F. ) ;
#867 = CARTESIAN_POINT ( 'NONE',  ( 21.49999999999999289, 2.500000000000003553, 0.000000000000000000 ) ) ;
#868 = EDGE_LOOP ( 'NONE', ( #383, #346, #1494, #1541 ) ) ;
#869 = DIRECTION ( 'NONE',  ( -0.000000000000000000, -0.000000000000000000, -1.000000000000000000 ) ) ;
#870 = AXIS2_PLACEMENT_3D ( 'NONE', #720, #102, #1610 ) ;
#871 = EDGE_CURVE ( 'NONE', #374, #363, #351, .T. ) ;
#872 = LINE ( 'NONE', #263, #1144 ) ;
#873 = VERTEX_POINT ( 'NONE', #297 ) ;
#874 = CYLINDRICAL_SURFACE ( 'NONE', #1282, 1.000000000000000888 ) ;
#875 = ORIENTED_EDGE ( 'NONE', *, *, #640, .T. ) ;
#876 = DIRECTION ( 'NONE',  ( 1.000000000000000000, 0.000000000000000000, 0.000000000000000000 ) ) ;
#877 = ORIENTED_EDGE ( 'NONE', *, *, #405, .F. ) ;
#878 = VECTOR ( 'NONE', #193, 1000.000000000000000 ) ;
#879 = CARTESIAN_POINT ( 'NONE',  ( -1.499999999999992006, -10.49999999999999822, 0.000000000000000000 ) ) ;
#880 = VERTEX_POINT ( 'NONE', #312 ) ;
#881 = CARTESIAN_POINT ( 'NONE',  ( 3.500000000000006217, 2.500000000000000444, 0.000000000000000000 ) ) ;
#882 = ORIENTED_EDGE ( 'NONE', *, *, #1174, .F. ) ;
#883 = DIRECTION ( 'NONE',  ( 0.000000000000000000, 0.000000000000000000, 1.000000000000000000 ) ) ;
#884 = ORIENTED_EDGE ( 'NONE', *, *, #1623, .T. ) ;
#885 = DIRECTION ( 'NONE',  ( 0.000000000000000000, 0.000000000000000000, 1.000000000000000000 ) ) ;
#886 = EDGE_CURVE ( 'NONE', #91, #376, #788, .T. ) ;
#887 = DIRECTION ( 'NONE',  ( -0.000000000000000000, 0.000000000000000000, -1.000000000000000000 ) ) ;
#888 = ORIENTED_EDGE ( 'NONE', *, *, #1086, .F. ) ;
#889 = CARTESIAN_POINT ( 'NONE',  ( -1.499999999999999334, -9.500000000000000000, 0.000000000000000000 ) ) ;
#890 = CYLINDRICAL_SURFACE ( 'NONE', #1636, 5.999999999999998224 ) ;
#891 = ORIENTED_EDGE ( 'NONE', *, *, #1489, .T. ) ;
#892 = VERTEX_POINT ( 'NONE', #1430 ) ;
#893 = CARTESIAN_POINT ( 'NONE',  ( 22.50000000000000000, 1.499999999999996447, 0.000000000000000000 ) ) ;
#894 = AXIS2_PLACEMENT_3D ( 'NONE', #971, #695, #1232 ) ;
#895 = CARTESIAN_POINT ( 'NONE',  ( -10.60000000000000142, -10.00000000000000533, 5.000000000000000000 ) ) ;
#896 = VERTEX_POINT ( 'NONE', #819 ) ;
#897 = ADVANCED_FACE ( 'NONE', ( #1572 ), #555, .T. ) ;
#898 = ORIENTED_EDGE ( 'NONE', *, *, #185, .T. ) ;
#899 = DIRECTION ( 'NONE',  ( 1.000000000000000000, 0.000000000000000000, 0.000000000000000000 ) ) ;
#900 = CARTESIAN_POINT ( 'NONE',  ( 3.500000000000007550, -2.499999999999999556, 5.000000000000000000 ) ) ;
#901 = ORIENTED_EDGE ( 'NONE', *, *, #692, .F. ) ;
#902 = ORIENTED_EDGE ( 'NONE', *, *, #1369, .F. ) ;
#903 = CARTESIAN_POINT ( 'NONE',  ( 30.00000000000000000, -8.999999999999998224, 0.000000000000000000 ) ) ;
#904 = EDGE_CURVE ( 'NONE', #985, #1349, #181, .T. ) ;
#905 = FACE_OUTER_BOUND ( 'NONE', #245, .T. ) ;
#906 = AXIS2_PLACEMENT_3D ( 'NONE', #572, #936, #1327 ) ;
#907 = DIRECTION ( 'NONE',  ( -7.228014483236719235E-17, -1.000000000000000000, 0.000000000000000000 ) ) ;
#908 = EDGE_CURVE ( 'NONE', #289, #1555, #1447, .T. ) ;
#909 = DIRECTION ( 'NONE',  ( -0.000000000000000000, -0.000000000000000000, 1.000000000000000000 ) ) ;
#910 = DIRECTION ( 'NONE',  ( -0.000000000000000000, -0.000000000000000000, 1.000000000000000000 ) ) ;
#911 = ORIENTED_EDGE ( 'NONE', *, *, #1545, .T. ) ;
#912 = VECTOR ( 'NONE', #769, 1000.000000000000000 ) ;
#913 = EDGE_CURVE ( 'NONE', #477, #880, #712, .T. ) ;
#914 = VERTEX_POINT ( 'NONE', #1051 ) ;
#915 = DIRECTION ( 'NONE',  ( 1.000000000000000000, 0.000000000000000000, 0.000000000000000000 ) ) ;
#916 = CIRCLE ( 'NONE', #1258, 0.9999999999999997780 ) ;
#917 = VECTOR ( 'NONE', #1581, 1000.000000000000000 ) ;
#918 = CARTESIAN_POINT ( 'NONE',  ( 12.50000000000000000, -10.00000000000000000, 4.500000000000002665 ) ) ;
#919 = PLANE ( 'NONE',  #1279 ) ;
#920 = CARTESIAN_POINT ( 'NONE',  ( -11.10000000000000142, 9.999999999999991118, 0.000000000000000000 ) ) ;
#921 = DIRECTION ( 'NONE',  ( -0.000000000000000000, -0.000000000000000000, 1.000000000000000000 ) ) ;
#922 = ORIENTED_EDGE ( 'NONE', *, *, #1449, .T. ) ;
#923 = ORIENTED_EDGE ( 'NONE', *, *, #1310, .T. ) ;
#924 = CARTESIAN_POINT ( 'NONE',  ( 10.60000000000000142, 10.00000000000000000, 5.000000000000000000 ) ) ;
#925 = LINE ( 'NONE', #1068, #344 ) ;
#926 = VECTOR ( 'NONE', #915, 1000.000000000000000 ) ;
#927 = CARTESIAN_POINT ( 'NONE',  ( -1.499999999999992006, -10.49999999999999822, 0.000000000000000000 ) ) ;
#928 = LINE ( 'NONE', #1313, #987 ) ;
#929 = EDGE_CURVE ( 'NONE', #5, #764, #1564, .T. ) ;
#930 = ORIENTED_EDGE ( 'NONE', *, *, #1591, .T. ) ;
#931 = EDGE_LOOP ( 'NONE', ( #112, #693, #942, #677 ) ) ;
#932 = DIRECTION ( 'NONE',  ( -1.000000000000000000, 0.000000000000000000, 0.000000000000000000 ) ) ;
#933 =( LENGTH_UNIT ( ) NAMED_UNIT ( * ) SI_UNIT ( .MILLI., .METRE. ) );
#934 = ORIENTED_EDGE ( 'NONE', *, *, #182, .F. ) ;
#935 = LINE ( 'NONE', #1303, #369 ) ;
#936 = DIRECTION ( 'NONE',  ( -0.000000000000000000, -0.000000000000000000, -1.000000000000000000 ) ) ;
#937 = STYLED_ITEM ( 'NONE', ( #1424 ), #511 ) ;
#938 = VERTEX_POINT ( 'NONE', #1066 ) ;
#939 = CARTESIAN_POINT ( 'NONE',  ( 1.500000000000000000, 9.500000000000001776, 0.000000000000000000 ) ) ;
#940 = VECTOR ( 'NONE', #440, 1000.000000000000000 ) ;
#941 = CARTESIAN_POINT ( 'NONE',  ( -21.50000000000000000, -1.500000000000003331, 5.000000000000000000 ) ) ;
#942 = ORIENTED_EDGE ( 'NONE', *, *, #1275, .F. ) ;
#943 = LINE ( 'NONE', #309, #1044 ) ;
#944 = VERTEX_POINT ( 'NONE', #924 ) ;
#945 = EDGE_CURVE ( 'NONE', #65, #962, #802, .T. ) ;
#946 = LINE ( 'NONE', #686, #152 ) ;
#947 = AXIS2_PLACEMENT_3D ( 'NONE', #1638, #494, #1403 ) ;
#948 = DIRECTION ( 'NONE',  ( 0.000000000000000000, 0.000000000000000000, 1.000000000000000000 ) ) ;
#949 = EDGE_CURVE ( 'NONE', #985, #846, #1637, .T. ) ;
#950 = EDGE_CURVE ( 'NONE', #630, #1410, #678, .T. ) ;
#951 = AXIS2_PLACEMENT_3D ( 'NONE', #776, #651, #26 ) ;
#952 = CYLINDRICAL_SURFACE ( 'NONE', #1198, 1.399999999999998579 ) ;
#953 = EDGE_CURVE ( 'NONE', #1000, #1358, #305, .T. ) ;
#954 = FACE_OUTER_BOUND ( 'NONE', #755, .T. ) ;
#955 = ORIENTED_EDGE ( 'NONE', *, *, #445, .F. ) ;
#956 = CARTESIAN_POINT ( 'NONE',  ( -22.50000000000000000, 1.499999999999989786, 0.000000000000000000 ) ) ;
#957 = DIRECTION ( 'NONE',  ( -0.000000000000000000, -0.000000000000000000, 1.000000000000000000 ) ) ;
#958 = DIRECTION ( 'NONE',  ( 1.000000000000000000, 0.000000000000000000, 0.000000000000000000 ) ) ;
#959 = CARTESIAN_POINT ( 'NONE',  ( 22.50000000000000000, -1.499999999999992895, 5.000000000000000000 ) ) ;
#960 = FACE_OUTER_BOUND ( 'NONE', #7, .T. ) ;
#961 = ADVANCED_FACE ( 'NONE', ( #1624 ), #1603, .T. ) ;
#962 = VERTEX_POINT ( 'NONE', #1469 ) ;
#963 = DIRECTION ( 'NONE',  ( 1.000000000000000000, 0.000000000000000000, 0.000000000000000000 ) ) ;
#964 = AXIS2_PLACEMENT_3D ( 'NONE', #340, #970, #742 ) ;
#965 = ADVANCED_FACE ( 'NONE', ( #213 ), #603, .F. ) ;
#966 = PLANE ( 'NONE',  #314 ) ;
#967 = DIRECTION ( 'NONE',  ( 1.000000000000000000, 0.000000000000000000, 0.000000000000000000 ) ) ;
#968 = ORIENTED_EDGE ( 'NONE', *, *, #1371, .F. ) ;
#969 = CARTESIAN_POINT ( 'NONE',  ( -2.500000000000000000, 9.499999999999992895, 5.000000000000000000 ) ) ;
#970 = DIRECTION ( 'NONE',  ( -0.000000000000000000, 0.000000000000000000, -1.000000000000000000 ) ) ;
#971 = CARTESIAN_POINT ( 'NONE',  ( -12.50000000000000000, 9.999999999999991118, 5.000000000000000000 ) ) ;
#972 = CIRCLE ( 'NONE', #254, 5.999999999999998224 ) ;
#973 = LINE ( 'NONE', #1225, #670 ) ;
#974 = EDGE_CURVE ( 'NONE', #626, #171, #408, .T. ) ;
#975 = ORIENTED_EDGE ( 'NONE', *, *, #1477, .F. ) ;
#976 = DIRECTION ( 'NONE',  ( 1.000000000000000000, 0.000000000000000000, 0.000000000000000000 ) ) ;
#977 = ORIENTED_EDGE ( 'NONE', *, *, #813, .F. ) ;
#978 = DIRECTION ( 'NONE',  ( 0.000000000000000000, 0.000000000000000000, -1.000000000000000000 ) ) ;
#979 = EDGE_CURVE ( 'NONE', #782, #1042, #703, .T. ) ;
#980 = FACE_OUTER_BOUND ( 'NONE', #1507, .T. ) ;
#981 = DIRECTION ( 'NONE',  ( 1.156482317317871478E-16, -1.000000000000000000, 0.000000000000000000 ) ) ;
#982 = APPLICATION_CONTEXT ( 'automotive_design' ) ;
#983 = ORIENTED_EDGE ( 'NONE', *, *, #236, .F. ) ;
#984 = DIRECTION ( 'NONE',  ( -1.686536712755230462E-16, 1.000000000000000000, 0.000000000000000000 ) ) ;
#985 = VERTEX_POINT ( 'NONE', #224 ) ;
#986 = CARTESIAN_POINT ( 'NONE',  ( 30.00000000000000000, 9.000000000000005329, 0.000000000000000000 ) ) ;
#987 = VECTOR ( 'NONE', #1577, 1000.000000000000000 ) ;
#988 = AXIS2_PLACEMENT_3D ( 'NONE', #406, #166, #679 ) ;
#989 = AXIS2_PLACEMENT_3D ( 'NONE', #1482, #1475, #331 ) ;
#990 = ADVANCED_FACE ( 'NONE', ( #1089, #611, #99, #1101, #1503, #338 ), #1493, .F. ) ;
#991 = DIRECTION ( 'NONE',  ( 1.000000000000000000, 0.000000000000000000, 0.000000000000000000 ) ) ;
#992 = AXIS2_PLACEMENT_3D ( 'NONE', #1137, #883, #1399 ) ;
#993 = ORIENTED_EDGE ( 'NONE', *, *, #774, .F. ) ;
#994 = AXIS2_PLACEMENT_3D ( 'NONE', #1197, #1215, #932 ) ;
#995 = ORIENTED_EDGE ( 'NONE', *, *, #1489, .F. ) ;
#996 = CARTESIAN_POINT ( 'NONE',  ( -3.500000000000006661, 2.499999999999998668, 0.000000000000000000 ) ) ;
#997 = EDGE_CURVE ( 'NONE', #873, #41, #478, .T. ) ;
#998 = CARTESIAN_POINT ( 'NONE',  ( -2.499999999999998668, -3.500000000000010214, 0.000000000000000000 ) ) ;
#999 = EDGE_CURVE ( 'NONE', #146, #135, #854, .T. ) ;
#1000 = VERTEX_POINT ( 'NONE', #92 ) ;
#1001 = DIRECTION ( 'NONE',  ( -0.000000000000000000, -0.000000000000000000, 1.000000000000000000 ) ) ;
#1002 = VERTEX_POINT ( 'NONE', #465 ) ;
#1003 = DIRECTION ( 'NONE',  ( -0.000000000000000000, -0.000000000000000000, 1.000000000000000000 ) ) ;
#1004 = ORIENTED_EDGE ( 'NONE', *, *, #857, .F. ) ;
#1005 = VECTOR ( 'NONE', #8, 1000.000000000000000 ) ;
#1006 = LINE ( 'NONE', #617, #1030 ) ;
#1007 = ADVANCED_FACE ( 'NONE', ( #587 ), #1117, .F. ) ;
#1008 = ORIENTED_EDGE ( 'NONE', *, *, #813, .T. ) ;
#1009 = DIRECTION ( 'NONE',  ( -0.000000000000000000, -0.000000000000000000, 1.000000000000000000 ) ) ;
#1010 = ORIENTED_EDGE ( 'NONE', *, *, #786, .T. ) ;
#1011 = CARTESIAN_POINT ( 'NONE',  ( 12.50000000000000000, 10.00000000000000000, 4.500000000000002665 ) ) ;
#1012 = AXIS2_PLACEMENT_3D ( 'NONE', #1347, #1333, #571 ) ;
#1013 = VERTEX_POINT ( 'NONE', #105 ) ;
#1014 = DIRECTION ( 'NONE',  ( 1.000000000000000000, 0.000000000000000000, 0.000000000000000000 ) ) ;
#1015 = CIRCLE ( 'NONE', #44, 5.999999999999998224 ) ;
#1016 = CARTESIAN_POINT ( 'NONE',  ( -12.50000000000000000, -10.00000000000000533, 5.000000000000000000 ) ) ;
#1017 = EDGE_LOOP ( 'NONE', ( #1162, #699, #1436, #324 ) ) ;
#1018 = CARTESIAN_POINT ( 'NONE',  ( -21.50000000000000000, 1.499999999999997113, 0.000000000000000000 ) ) ;
#1019 = DIRECTION ( 'NONE',  ( 1.000000000000000000, 0.000000000000000000, 0.000000000000000000 ) ) ;
#1020 = EDGE_LOOP ( 'NONE', ( #368, #1539 ) ) ;
#1021 = AXIS2_PLACEMENT_3D ( 'NONE', #258, #1268, #770 ) ;
#1022 = ORIENTED_EDGE ( 'NONE', *, *, #1067, .T. ) ;
#1023 = LINE ( 'NONE', #1043, #1271 ) ;
#1024 = EDGE_CURVE ( 'NONE', #176, #560, #345, .T. ) ;
#1025 = EDGE_CURVE ( 'NONE', #1042, #259, #1094, .T. ) ;
#1026 = CARTESIAN_POINT ( 'NONE',  ( -13.89999999999999858, 9.999999999999991118, 0.000000000000000000 ) ) ;
#1027 = ORIENTED_EDGE ( 'NONE', *, *, #445, .T. ) ;
#1028 = ADVANCED_FACE ( 'NONE', ( #847 ), #1227, .F. ) ;
#1029 = CYLINDRICAL_SURFACE ( 'NONE', #404, 1.000000000000000888 ) ;
#1030 = VECTOR ( 'NONE', #126, 1000.000000000000000 ) ;
#1031 = LINE ( 'NONE', #900, #303 ) ;
#1032 = EDGE_LOOP ( 'NONE', ( #163, #207, #855, #1228 ) ) ;
#1033 = ORIENTED_EDGE ( 'NONE', *, *, #307, .T. ) ;
#1034 = CARTESIAN_POINT ( 'NONE',  ( -12.50000000000000000, 9.999999999999991118, 0.000000000000000000 ) ) ;
#1035 = VECTOR ( 'NONE', #69, 1000.000000000000000 ) ;
#1036 = CARTESIAN_POINT ( 'NONE',  ( 2.499999999999998668, 3.500000000000007994, 0.000000000000000000 ) ) ;
#1037 = EDGE_CURVE ( 'NONE', #1559, #782, #740, .T. ) ;
#1038 = DIRECTION ( 'NONE',  ( 0.000000000000000000, 1.000000000000000000, 0.000000000000000000 ) ) ;
#1039 = CARTESIAN_POINT ( 'NONE',  ( -21.49999999999999289, 2.499999999999997780, 0.000000000000000000 ) ) ;
#1040 = FACE_OUTER_BOUND ( 'NONE', #1641, .T. ) ;
#1041 = ORIENTED_EDGE ( 'NONE', *, *, #610, .T. ) ;
#1042 = VERTEX_POINT ( 'NONE', #1237 ) ;
#1043 = CARTESIAN_POINT ( 'NONE',  ( -22.50000000000000000, 1.499999999999989786, 5.000000000000000000 ) ) ;
#1044 = VECTOR ( 'NONE', #824, 1000.000000000000000 ) ;
#1045 = ORIENTED_EDGE ( 'NONE', *, *, #687, .T. ) ;
#1046 = CARTESIAN_POINT ( 'NONE',  ( -24.00000000000000000, -15.00000000000000355, 5.000000000000000000 ) ) ;
#1047 = DIRECTION ( 'NONE',  ( 0.000000000000000000, 0.000000000000000000, 1.000000000000000000 ) ) ;
#1048 = CARTESIAN_POINT ( 'NONE',  ( -12.50000000000000000, 9.999999999999991118, 4.500000000000002665 ) ) ;
#1049 = ORIENTED_EDGE ( 'NONE', *, *, #367, .T. ) ;
#1050 = ORIENTED_EDGE ( 'NONE', *, *, #1251, .T. ) ;
#1051 = CARTESIAN_POINT ( 'NONE',  ( -21.49999999999999289, 2.499999999999997780, 5.000000000000000000 ) ) ;
#1052 = VECTOR ( 'NONE', #749, 1000.000000000000000 ) ;
#1053 = EDGE_CURVE ( 'NONE', #1422, #131, #72, .T. ) ;
#1054 = CARTESIAN_POINT ( 'NONE',  ( -24.00000000000000000, -9.000000000000003553, 5.000000000000000000 ) ) ;
#1055 = LINE ( 'NONE', #696, #585 ) ;
#1056 = DIRECTION ( 'NONE',  ( -0.000000000000000000, -0.000000000000000000, 1.000000000000000000 ) ) ;
#1057 = DIRECTION ( 'NONE',  ( 0.000000000000000000, 0.000000000000000000, 1.000000000000000000 ) ) ;
#1058 = VERTEX_POINT ( 'NONE', #232 ) ;
#1059 = ORIENTED_EDGE ( 'NONE', *, *, #495, .T. ) ;
#1060 = DIRECTION ( 'NONE',  ( -0.000000000000000000, 0.000000000000000000, -1.000000000000000000 ) ) ;
#1061 = CYLINDRICAL_SURFACE ( 'NONE', #149, 1.000000000000000888 ) ;
#1062 = ORIENTED_EDGE ( 'NONE', *, *, #688, .T. ) ;
#1063 = DIRECTION ( 'NONE',  ( 0.000000000000000000, -1.000000000000000000, 0.000000000000000000 ) ) ;
#1064 = LINE ( 'NONE', #161, #342 ) ;
#1065 = ORIENTED_EDGE ( 'NONE', *, *, #1309, .T. ) ;
#1066 = CARTESIAN_POINT ( 'NONE',  ( -21.49999999999999289, -2.500000000000003109, 0.000000000000000000 ) ) ;
#1067 = EDGE_CURVE ( 'NONE', #764, #684, #1135, .T. ) ;
#1068 = CARTESIAN_POINT ( 'NONE',  ( 2.499999999999999556, -9.499999999999991118, 5.000000000000000000 ) ) ;
#1069 = DIRECTION ( 'NONE',  ( 1.445602896647342368E-16, -1.000000000000000000, 0.000000000000000000 ) ) ;
#1070 = DIRECTION ( 'NONE',  ( -0.000000000000000000, -0.000000000000000000, 1.000000000000000000 ) ) ;
#1071 = COLOUR_RGB ( '',0.7921568627450980005, 0.8196078431372548767, 0.9333333333333333481 ) ;
#1072 = EDGE_LOOP ( 'NONE', ( #58, #1008, #501, #1535, #295, #1633, #506, #424 ) ) ;
#1073 = CARTESIAN_POINT ( 'NONE',  ( 1.499999999999999778, -9.500000000000000000, 0.000000000000000000 ) ) ;
#1074 = AXIS2_PLACEMENT_3D ( 'NONE', #218, #984, #208 ) ;
#1075 = CIRCLE ( 'NONE', #1590, 1.000000000000000888 ) ;
#1076 = VECTOR ( 'NONE', #1589, 1000.000000000000000 ) ;
#1077 = DIRECTION ( 'NONE',  ( 1.000000000000000000, 0.000000000000000000, 0.000000000000000000 ) ) ;
#1078 = EDGE_CURVE ( 'NONE', #734, #595, #1398, .T. ) ;
#1079 = CARTESIAN_POINT ( 'NONE',  ( 12.50000000000000000, -10.00000000000000000, 0.000000000000000000 ) ) ;
#1080 = DIRECTION ( 'NONE',  ( 1.000000000000000000, 0.000000000000000000, 0.000000000000000000 ) ) ;
#1081 = ORIENTED_EDGE ( 'NONE', *, *, #449, .F. ) ;
#1082 = CARTESIAN_POINT ( 'NONE',  ( -24.00000000000000000, -9.000000000000003553, 0.000000000000000000 ) ) ;
#1083 = CARTESIAN_POINT ( 'NONE',  ( 2.499999999999999556, -9.499999999999991118, 0.000000000000000000 ) ) ;
#1084 = CARTESIAN_POINT ( 'NONE',  ( 11.10000000000000142, 10.00000000000000000, 0.000000000000000000 ) ) ;
#1085 = DIRECTION ( 'NONE',  ( 1.000000000000000000, 0.000000000000000000, 0.000000000000000000 ) ) ;
#1086 = EDGE_CURVE ( 'NONE', #363, #985, #137, .T. ) ;
#1087 = DIRECTION ( 'NONE',  ( 1.000000000000000000, 0.000000000000000000, 0.000000000000000000 ) ) ;
#1088 = ORIENTED_EDGE ( 'NONE', *, *, #1478, .F. ) ;
#1089 = FACE_BOUND ( 'NONE', #392, .T. ) ;
#1090 = LINE ( 'NONE', #570, #110 ) ;
#1091 = VECTOR ( 'NONE', #1038, 1000.000000000000000 ) ;
#1092 = DIRECTION ( 'NONE',  ( -1.000000000000000000, 0.000000000000000000, 0.000000000000000000 ) ) ;
#1093 = ORIENTED_EDGE ( 'NONE', *, *, #71, .F. ) ;
#1094 = LINE ( 'NONE', #867, #1496 ) ;
#1095 = VECTOR ( 'NONE', #83, 1000.000000000000000 ) ;
#1096 = DIRECTION ( 'NONE',  ( -1.000000000000000000, 0.000000000000000000, 0.000000000000000000 ) ) ;
#1097 = DIRECTION ( 'NONE',  ( 1.000000000000000000, -7.228014483236715537E-17, 0.000000000000000000 ) ) ;
#1098 = ADVANCED_FACE ( 'NONE', ( #654 ), #1029, .F. ) ;
#1099 = CARTESIAN_POINT ( 'NONE',  ( 12.50000000000000000, 10.00000000000000000, 4.500000000000002665 ) ) ;
#1100 = EDGE_LOOP ( 'NONE', ( #558, #459, #526, #147 ) ) ;
#1101 = FACE_BOUND ( 'NONE', #23, .T. ) ;
#1102 = ORIENTED_EDGE ( 'NONE', *, *, #610, .F. ) ;
#1103 = LINE ( 'NONE', #1626, #1385 ) ;
#1104 = PLANE ( 'NONE',  #1597 ) ;
#1105 = AXIS2_PLACEMENT_3D ( 'NONE', #941, #556, #1172 ) ;
#1106 = DIRECTION ( 'NONE',  ( 1.000000000000000000, 1.156482317317871478E-16, 0.000000000000000000 ) ) ;
#1107 = AXIS2_PLACEMENT_3D ( 'NONE', #1341, #205, #1618 ) ;
#1108 = EDGE_LOOP ( 'NONE', ( #1236, #1299, #412, #1554 ) ) ;
#1109 = DIRECTION ( 'NONE',  ( 1.000000000000000000, 0.000000000000000000, 0.000000000000000000 ) ) ;
#1110 = ORIENTED_EDGE ( 'NONE', *, *, #1449, .F. ) ;
#1111 = LINE ( 'NONE', #226, #407 ) ;
#1112 = EDGE_CURVE ( 'NONE', #734, #896, #1122, .T. ) ;
#1113 = DIRECTION ( 'NONE',  ( -1.000000000000000000, 0.000000000000000000, 0.000000000000000000 ) ) ;
#1114 = ADVANCED_FACE ( 'NONE', ( #1525 ), #13, .F. ) ;
#1115 = AXIS2_PLACEMENT_3D ( 'NONE', #1296, #160, #1363 ) ;
#1116 = ORIENTED_EDGE ( 'NONE', *, *, #87, .T. ) ;
#1117 = PLANE ( 'NONE',  #1074 ) ;
#1118 = EDGE_CURVE ( 'NONE', #389, #260, #646, .T. ) ;
#1119 = ORIENTED_EDGE ( 'NONE', *, *, #1419, .F. ) ;
#1120 = CARTESIAN_POINT ( 'NONE',  ( 13.89999999999999858, 10.00000000000000000, 0.000000000000000000 ) ) ;
#1121 = CIRCLE ( 'NONE', #400, 1.000000000000000888 ) ;
#1122 = CIRCLE ( 'NONE', #434, 1.399999999999998579 ) ;
#1123 = CARTESIAN_POINT ( 'NONE',  ( 21.49999999999999289, 2.500000000000003553, 5.000000000000000000 ) ) ;
#1124 = VECTOR ( 'NONE', #1003, 1000.000000000000000 ) ;
#1125 = EDGE_LOOP ( 'NONE', ( #853, #114, #1397, #339, #1492, #1461, #269, #1571 ) ) ;
#1126 = AXIS2_PLACEMENT_3D ( 'NONE', #460, #356, #963 ) ;
#1127 = CARTESIAN_POINT ( 'NONE',  ( -12.50000000000000000, -10.00000000000000533, 4.500000000000002665 ) ) ;
#1128 = VERTEX_POINT ( 'NONE', #1039 ) ;
#1129 = CARTESIAN_POINT ( 'NONE',  ( -11.10000000000000142, -10.00000000000000533, 4.500000000000002665 ) ) ;
#1130 = EDGE_LOOP ( 'NONE', ( #508, #399 ) ) ;
#1131 = ADVANCED_FACE ( 'NONE', ( #251 ), #4, .F. ) ;
#1132 = CARTESIAN_POINT ( 'NONE',  ( -12.50000000000000000, 9.999999999999991118, 0.000000000000000000 ) ) ;
#1133 = EDGE_CURVE ( 'NONE', #363, #761, #1516, .T. ) ;
#1134 = ORIENTED_EDGE ( 'NONE', *, *, #1497, .F. ) ;
#1135 = LINE ( 'NONE', #522, #1206 ) ;
#1136 = EDGE_LOOP ( 'NONE', ( #1563, #1502, #1512, #1380 ) ) ;
#1137 = CARTESIAN_POINT ( 'NONE',  ( -12.50000000000000000, -10.00000000000000533, 4.500000000000002665 ) ) ;
#1138 = ORIENTED_EDGE ( 'NONE', *, *, #235, .F. ) ;
#1139 = CARTESIAN_POINT ( 'NONE',  ( -24.00000000000000000, -15.00000000000000355, 0.000000000000000000 ) ) ;
#1140 = LINE ( 'NONE', #1026, #27 ) ;
#1141 = ORIENTED_EDGE ( 'NONE', *, *, #1318, .T. ) ;
#1142 = DIRECTION ( 'NONE',  ( 1.000000000000000000, 0.000000000000000000, 0.000000000000000000 ) ) ;
#1143 = DIRECTION ( 'NONE',  ( 0.000000000000000000, 0.000000000000000000, 1.000000000000000000 ) ) ;
#1144 = VECTOR ( 'NONE', #1523, 1000.000000000000000 ) ;
#1145 = VERTEX_POINT ( 'NONE', #1388 ) ;
#1146 = CARTESIAN_POINT ( 'NONE',  ( 12.50000000000000000, 10.00000000000000000, 5.000000000000000000 ) ) ;
#1147 = MECHANICAL_DESIGN_GEOMETRIC_PRESENTATION_REPRESENTATION (  '', ( #937 ), #70 ) ;
#1148 = EDGE_CURVE ( 'NONE', #1455, #914, #498, .T. ) ;
#1149 = CARTESIAN_POINT ( 'NONE',  ( 24.00000000000000000, -8.999999999999998224, 0.000000000000000000 ) ) ;
#1150 = EDGE_CURVE ( 'NONE', #260, #389, #810, .T. ) ;
#1151 = ORIENTED_EDGE ( 'NONE', *, *, #1501, .T. ) ;
#1152 = DIRECTION ( 'NONE',  ( 0.000000000000000000, 0.000000000000000000, 1.000000000000000000 ) ) ;
#1153 = DIRECTION ( 'NONE',  ( 2.168404344971013798E-16, 1.000000000000000000, 0.000000000000000000 ) ) ;
#1154 = ORIENTED_EDGE ( 'NONE', *, *, #235, .T. ) ;
#1155 = CIRCLE ( 'NONE', #1208, 5.999999999999998224 ) ;
#1156 = ORIENTED_EDGE ( 'NONE', *, *, #913, .T. ) ;
#1157 = CARTESIAN_POINT ( 'NONE',  ( -21.50000000000000000, -1.500000000000003331, 0.000000000000000000 ) ) ;
#1158 = VERTEX_POINT ( 'NONE', #532 ) ;
#1159 = DIRECTION ( 'NONE',  ( -0.000000000000000000, -0.000000000000000000, 1.000000000000000000 ) ) ;
#1160 = CIRCLE ( 'NONE', #109, 1.000000000000000000 ) ;
#1161 = ORIENTED_EDGE ( 'NONE', *, *, #142, .T. ) ;
#1162 = ORIENTED_EDGE ( 'NONE', *, *, #1118, .F. ) ;
#1163 = AXIS2_PLACEMENT_3D ( 'NONE', #1553, #671, #844 ) ;
#1164 = DIRECTION ( 'NONE',  ( 1.000000000000000000, 0.000000000000000000, 0.000000000000000000 ) ) ;
#1165 = LINE ( 'NONE', #308, #852 ) ;
#1166 = FACE_OUTER_BOUND ( 'NONE', #1382, .T. ) ;
#1167 = DIRECTION ( 'NONE',  ( -0.000000000000000000, -0.000000000000000000, 1.000000000000000000 ) ) ;
#1168 = ORIENTED_EDGE ( 'NONE', *, *, #1404, .F. ) ;
#1169 = VERTEX_POINT ( 'NONE', #881 ) ;
#1170 = CARTESIAN_POINT ( 'NONE',  ( 11.10000000000000142, 10.00000000000000000, 4.500000000000002665 ) ) ;
#1171 = AXIS2_PLACEMENT_3D ( 'NONE', #323, #343, #1092 ) ;
#1172 = DIRECTION ( 'NONE',  ( 1.000000000000000000, 0.000000000000000000, 0.000000000000000000 ) ) ;
#1173 = CIRCLE ( 'NONE', #371, 1.399999999999998579 ) ;
#1174 = EDGE_CURVE ( 'NONE', #622, #1261, #1440, .T. ) ;
#1175 = DIRECTION ( 'NONE',  ( -0.000000000000000000, -0.000000000000000000, 1.000000000000000000 ) ) ;
#1176 = DIRECTION ( 'NONE',  ( -0.000000000000000000, -0.000000000000000000, 1.000000000000000000 ) ) ;
#1177 = ORIENTED_EDGE ( 'NONE', *, *, #647, .F. ) ;
#1178 = ORIENTED_EDGE ( 'NONE', *, *, #1531, .T. ) ;
#1179 = DIRECTION ( 'NONE',  ( -0.000000000000000000, 0.000000000000000000, -1.000000000000000000 ) ) ;
#1180 = AXIS2_PLACEMENT_3D ( 'NONE', #655, #921, #1298 ) ;
#1181 = CARTESIAN_POINT ( 'NONE',  ( -22.50000000000000000, -1.499999999999996225, 5.000000000000000000 ) ) ;
#1182 = EDGE_CURVE ( 'NONE', #1559, #50, #1267, .T. ) ;
#1183 = ADVANCED_FACE ( 'NONE', ( #390 ), #1536, .F. ) ;
#1184 = ORIENTED_EDGE ( 'NONE', *, *, #1025, .T. ) ;
#1185 = ORIENTED_EDGE ( 'NONE', *, *, #185, .F. ) ;
#1186 = ADVANCED_FACE ( 'NONE', ( #20 ), #874, .F. ) ;
#1187 = DIRECTION ( 'NONE',  ( 1.000000000000000000, 0.000000000000000000, 0.000000000000000000 ) ) ;
#1188 =( LENGTH_UNIT ( ) NAMED_UNIT ( * ) SI_UNIT ( .MILLI., .METRE. ) );
#1189 = EDGE_LOOP ( 'NONE', ( #1161, #34, #888, #1365 ) ) ;
#1190 = ORIENTED_EDGE ( 'NONE', *, *, #367, .F. ) ;
#1191 = CARTESIAN_POINT ( 'NONE',  ( 2.499999999999999556, -9.499999999999991118, 0.000000000000000000 ) ) ;
#1192 = VECTOR ( 'NONE', #238, 1000.000000000000000 ) ;
#1193 = PLANE ( 'NONE',  #1409 ) ;
#1194 = CARTESIAN_POINT ( 'NONE',  ( 3.499999999999998668, 3.500000000000000444, 0.000000000000000000 ) ) ;
#1195 = EDGE_CURVE ( 'NONE', #464, #1259, #676, .T. ) ;
#1196 = EDGE_LOOP ( 'NONE', ( #1081, #993, #977, #711 ) ) ;
#1197 = CARTESIAN_POINT ( 'NONE',  ( -24.00000000000000000, -9.000000000000003553, 5.000000000000000000 ) ) ;
#1198 = AXIS2_PLACEMENT_3D ( 'NONE', #1599, #222, #958 ) ;
#1199 = DIRECTION ( 'NONE',  ( 7.228014483236715537E-17, 1.000000000000000000, 0.000000000000000000 ) ) ;
#1200 = VECTOR ( 'NONE', #155, 1000.000000000000000 ) ;
#1201 = CARTESIAN_POINT ( 'NONE',  ( 0.000000000000000000, 0.000000000000000000, 5.000000000000000000 ) ) ;
#1202 = CARTESIAN_POINT ( 'NONE',  ( -30.00000000000000000, -15.00000000000000355, 5.000000000000000000 ) ) ;
#1203 = AXIS2_PLACEMENT_3D ( 'NONE', #1054, #1584, #52 ) ;
#1204 = ORIENTED_EDGE ( 'NONE', *, *, #1394, .T. ) ;
#1205 = DIRECTION ( 'NONE',  ( 1.000000000000000000, 0.000000000000000000, 0.000000000000000000 ) ) ;
#1206 = VECTOR ( 'NONE', #754, 1000.000000000000000 ) ;
#1207 = EDGE_CURVE ( 'NONE', #1392, #741, #1416, .T. ) ;
#1208 = AXIS2_PLACEMENT_3D ( 'NONE', #1351, #1247, #1383 ) ;
#1209 = AXIS2_PLACEMENT_3D ( 'NONE', #939, #1338, #1205 ) ;
#1210 = CARTESIAN_POINT ( 'NONE',  ( -21.50000000000000000, 1.499999999999997113, 5.000000000000000000 ) ) ;
#1211 = FACE_OUTER_BOUND ( 'NONE', #1136, .T. ) ;
#1212 = LINE ( 'NONE', #959, #321 ) ;
#1213 = CARTESIAN_POINT ( 'NONE',  ( -24.00000000000000000, 14.99999999999999645, 5.000000000000000000 ) ) ;
#1214 = ORIENTED_EDGE ( 'NONE', *, *, #668, .F. ) ;
#1215 = DIRECTION ( 'NONE',  ( 0.000000000000000000, 0.000000000000000000, -1.000000000000000000 ) ) ;
#1216 = DIRECTION ( 'NONE',  ( -0.000000000000000000, 0.000000000000000000, -1.000000000000000000 ) ) ;
#1217 = FACE_OUTER_BOUND ( 'NONE', #641, .T. ) ;
#1218 = VECTOR ( 'NONE', #385, 1000.000000000000000 ) ;
#1219 = ORIENTED_EDGE ( 'NONE', *, *, #87, .F. ) ;
#1220 = DIRECTION ( 'NONE',  ( 1.445602896647342368E-16, -1.000000000000000000, 0.000000000000000000 ) ) ;
#1221 = ADVANCED_FACE ( 'NONE', ( #285 ), #429, .F. ) ;
#1222 = CARTESIAN_POINT ( 'NONE',  ( -14.40000000000000036, -10.00000000000000533, 5.000000000000000000 ) ) ;
#1223 = AXIS2_PLACEMENT_3D ( 'NONE', #1079, #216, #967 ) ;
#1224 = PRODUCT_DEFINITION_SHAPE ( 'NONE', 'NONE',  #237 ) ;
#1225 = CARTESIAN_POINT ( 'NONE',  ( -1.499999999999992006, -10.49999999999999822, 5.000000000000000000 ) ) ;
#1226 = ORIENTED_EDGE ( 'NONE', *, *, #904, .T. ) ;
#1227 = CYLINDRICAL_SURFACE ( 'NONE', #783, 1.399999999999998579 ) ;
#1228 = ORIENTED_EDGE ( 'NONE', *, *, #1419, .T. ) ;
#1229 = CIRCLE ( 'NONE', #239, 1.399999999999998579 ) ;
#1230 = DIRECTION ( 'NONE',  ( -1.000000000000000000, 0.000000000000000000, 0.000000000000000000 ) ) ;
#1231 = CIRCLE ( 'NONE', #951, 0.9999999999999993339 ) ;
#1232 = DIRECTION ( 'NONE',  ( 1.000000000000000000, 0.000000000000000000, 0.000000000000000000 ) ) ;
#1233 = CARTESIAN_POINT ( 'NONE',  ( 14.40000000000000036, -10.00000000000000000, 5.000000000000000000 ) ) ;
#1234 = EDGE_CURVE ( 'NONE', #741, #546, #1630, .T. ) ;
#1235 = EDGE_CURVE ( 'NONE', #1555, #50, #1121, .T. ) ;
#1236 = ORIENTED_EDGE ( 'NONE', *, *, #1343, .F. ) ;
#1237 = CARTESIAN_POINT ( 'NONE',  ( 21.49999999999999289, 2.500000000000003553, 0.000000000000000000 ) ) ;
#1238 = ORIENTED_EDGE ( 'NONE', *, *, #913, .F. ) ;
#1239 = DIRECTION ( 'NONE',  ( -0.000000000000000000, -0.000000000000000000, 1.000000000000000000 ) ) ;
#1240 = VECTOR ( 'NONE', #1304, 1000.000000000000000 ) ;
#1241 = CIRCLE ( 'NONE', #227, 0.9999999999999995559 ) ;
#1242 = PLANE ( 'NONE',  #947 ) ;
#1243 = VECTOR ( 'NONE', #1463, 1000.000000000000000 ) ;
#1244 = ORIENTED_EDGE ( 'NONE', *, *, #361, .F. ) ;
#1245 = DIRECTION ( 'NONE',  ( 0.000000000000000000, 1.000000000000000000, 0.000000000000000000 ) ) ;
#1246 = ORIENTED_EDGE ( 'NONE', *, *, #330, .F. ) ;
#1247 = DIRECTION ( 'NONE',  ( 0.000000000000000000, -0.000000000000000000, 1.000000000000000000 ) ) ;
#1248 = ADVANCED_FACE ( 'NONE', ( #1460 ), #186, .F. ) ;
#1249 = LINE ( 'NONE', #111, #54 ) ;
#1250 = ORIENTED_EDGE ( 'NONE', *, *, #743, .F. ) ;
#1251 = EDGE_CURVE ( 'NONE', #962, #1358, #1064, .T. ) ;
#1252 = CARTESIAN_POINT ( 'NONE',  ( 21.50000000000000000, 1.500000000000003553, 0.000000000000000000 ) ) ;
#1253 = CARTESIAN_POINT ( 'NONE',  ( 22.50000000000000000, 1.499999999999996447, 5.000000000000000000 ) ) ;
#1254 = ORIENTED_EDGE ( 'NONE', *, *, #1235, .T. ) ;
#1255 = EDGE_CURVE ( 'NONE', #1169, #365, #615, .T. ) ;
#1256 = ADVANCED_FACE ( 'NONE', ( #63 ), #1594, .F. ) ;
#1257 = CARTESIAN_POINT ( 'NONE',  ( 1.499999999999992895, 10.50000000000000000, 0.000000000000000000 ) ) ;
#1258 = AXIS2_PLACEMENT_3D ( 'NONE', #606, #1376, #1368 ) ;
#1259 = VERTEX_POINT ( 'NONE', #920 ) ;
#1260 = CARTESIAN_POINT ( 'NONE',  ( -12.50000000000000000, -10.00000000000000533, 0.000000000000000000 ) ) ;
#1261 = VERTEX_POINT ( 'NONE', #1426 ) ;
#1262 = DIRECTION ( 'NONE',  ( 0.000000000000000000, 0.000000000000000000, 1.000000000000000000 ) ) ;
#1263 = EDGE_LOOP ( 'NONE', ( #866, #143, #911, #898 ) ) ;
#1264 = CYLINDRICAL_SURFACE ( 'NONE', #849, 1.399999999999998579 ) ;
#1265 = DIRECTION ( 'NONE',  ( 0.000000000000000000, 0.000000000000000000, 1.000000000000000000 ) ) ;
#1266 = ORIENTED_EDGE ( 'NONE', *, *, #669, .T. ) ;
#1267 = LINE ( 'NONE', #642, #484 ) ;
#1268 = DIRECTION ( 'NONE',  ( 0.000000000000000000, 0.000000000000000000, 1.000000000000000000 ) ) ;
#1269 = ORIENTED_EDGE ( 'NONE', *, *, #836, .F. ) ;
#1270 = DIRECTION ( 'NONE',  ( 1.000000000000000000, 0.000000000000000000, 0.000000000000000000 ) ) ;
#1271 = VECTOR ( 'NONE', #148, 1000.000000000000000 ) ;
#1272 = EDGE_CURVE ( 'NONE', #831, #580, #1229, .T. ) ;
#1273 = DIRECTION ( 'NONE',  ( -0.000000000000000000, 0.000000000000000000, -1.000000000000000000 ) ) ;
#1274 = ORIENTED_EDGE ( 'NONE', *, *, #1234, .F. ) ;
#1275 = EDGE_CURVE ( 'NONE', #376, #242, #1433, .T. ) ;
#1276 = DIRECTION ( 'NONE',  ( 1.000000000000000000, 0.000000000000000000, 0.000000000000000000 ) ) ;
#1277 = DIRECTION ( 'NONE',  ( 1.000000000000000000, 0.000000000000000000, 0.000000000000000000 ) ) ;
#1278 = ORIENTED_EDGE ( 'NONE', *, *, #486, .F. ) ;
#1279 = AXIS2_PLACEMENT_3D ( 'NONE', #927, #1063, #823 ) ;
#1280 = ORIENTED_EDGE ( 'NONE', *, *, #228, .T. ) ;
#1281 = CARTESIAN_POINT ( 'NONE',  ( -2.499999999999998668, -3.500000000000010214, 0.000000000000000000 ) ) ;
#1282 = AXIS2_PLACEMENT_3D ( 'NONE', #241, #397, #1142 ) ;
#1283 = CIRCLE ( 'NONE', #1203, 5.999999999999998224 ) ;
#1284 = AXIS2_PLACEMENT_3D ( 'NONE', #347, #1350, #717 ) ;
#1285 = EDGE_LOOP ( 'NONE', ( #337, #1065, #841, #757 ) ) ;
#1286 = DIRECTION ( 'NONE',  ( 1.000000000000000000, 0.000000000000000000, 0.000000000000000000 ) ) ;
#1287 = FACE_OUTER_BOUND ( 'NONE', #157, .T. ) ;
#1288 = ORIENTED_EDGE ( 'NONE', *, *, #1318, .F. ) ;
#1289 = ADVANCED_FACE ( 'NONE', ( #1166 ), #39, .F. ) ;
#1290 = CIRCLE ( 'NONE', #708, 1.399999999999998579 ) ;
#1291 = AXIS2_PLACEMENT_3D ( 'NONE', #320, #61, #453 ) ;
#1292 = ORIENTED_EDGE ( 'NONE', *, *, #857, .T. ) ;
#1293 = CARTESIAN_POINT ( 'NONE',  ( 21.49999999999999289, 2.500000000000003553, 5.000000000000000000 ) ) ;
#1294 = EDGE_CURVE ( 'NONE', #376, #892, #47, .T. ) ;
#1295 = ADVANCED_FACE ( 'NONE', ( #954 ), #559, .F. ) ;
#1296 = CARTESIAN_POINT ( 'NONE',  ( 12.50000000000000000, -10.00000000000000000, 4.500000000000002665 ) ) ;
#1297 = DIRECTION ( 'NONE',  ( 1.000000000000000000, 0.000000000000000000, 0.000000000000000000 ) ) ;
#1298 = DIRECTION ( 'NONE',  ( 1.000000000000000000, 0.000000000000000000, 0.000000000000000000 ) ) ;
#1299 = ORIENTED_EDGE ( 'NONE', *, *, #361, .T. ) ;
#1300 = ORIENTED_EDGE ( 'NONE', *, *, #307, .F. ) ;
#1301 = LINE ( 'NONE', #667, #1005 ) ;
#1302 = CARTESIAN_POINT ( 'NONE',  ( 13.89999999999999858, 10.00000000000000000, 4.500000000000002665 ) ) ;
#1303 = CARTESIAN_POINT ( 'NONE',  ( 13.89999999999999858, -10.00000000000000000, 0.000000000000000000 ) ) ;
#1304 = DIRECTION ( 'NONE',  ( 0.000000000000000000, 0.000000000000000000, -1.000000000000000000 ) ) ;
#1305 = ORIENTED_EDGE ( 'NONE', *, *, #1501, .F. ) ;
#1306 = ORIENTED_EDGE ( 'NONE', *, *, #538, .F. ) ;
#1307 = CARTESIAN_POINT ( 'NONE',  ( -2.500000000000000000, 9.499999999999992895, 0.000000000000000000 ) ) ;
#1308 = VECTOR ( 'NONE', #46, 1000.000000000000000 ) ;
#1309 = EDGE_CURVE ( 'NONE', #231, #675, #928, .T. ) ;
#1310 = EDGE_CURVE ( 'NONE', #1002, #892, #461, .T. ) ;
#1311 = ORIENTED_EDGE ( 'NONE', *, *, #1174, .T. ) ;
#1312 = PLANE ( 'NONE',  #169 ) ;
#1313 = CARTESIAN_POINT ( 'NONE',  ( 30.00000000000000000, -8.999999999999998224, 5.000000000000000000 ) ) ;
#1314 = EDGE_LOOP ( 'NONE', ( #441, #121, #540, #544 ) ) ;
#1315 = ORIENTED_EDGE ( 'NONE', *, *, #513, .F. ) ;
#1316 = CARTESIAN_POINT ( 'NONE',  ( -11.10000000000000142, 9.999999999999991118, 4.500000000000002665 ) ) ;
#1317 = FACE_OUTER_BOUND ( 'NONE', #287, .T. ) ;
#1318 = EDGE_CURVE ( 'NONE', #91, #1002, #56, .T. ) ;
#1319 = FACE_BOUND ( 'NONE', #748, .T. ) ;
#1320 = DIRECTION ( 'NONE',  ( -1.000000000000000000, 0.000000000000000000, 0.000000000000000000 ) ) ;
#1321 = EDGE_LOOP ( 'NONE', ( #29, #1575 ) ) ;
#1322 = CARTESIAN_POINT ( 'NONE',  ( -2.499999999999998668, -9.499999999999991118, 5.000000000000000000 ) ) ;
#1323 = EDGE_CURVE ( 'NONE', #938, #1392, #943, .T. ) ;
#1324 = CIRCLE ( 'NONE', #822, 1.899999999999999023 ) ;
#1325 = CARTESIAN_POINT ( 'NONE',  ( 24.00000000000000000, -8.999999999999998224, 5.000000000000000000 ) ) ;
#1326 = ORIENTED_EDGE ( 'NONE', *, *, #871, .T. ) ;
#1327 = DIRECTION ( 'NONE',  ( -1.000000000000000000, 0.000000000000000000, 0.000000000000000000 ) ) ;
#1328 = EDGE_CURVE ( 'NONE', #50, #1415, #1212, .T. ) ;
#1329 = ORIENTED_EDGE ( 'NONE', *, *, #1025, .F. ) ;
#1330 = LINE ( 'NONE', #1596, #1432 ) ;
#1331 = EDGE_CURVE ( 'NONE', #732, #741, #457, .T. ) ;
#1332 = CARTESIAN_POINT ( 'NONE',  ( 11.10000000000000142, -10.00000000000000000, 4.500000000000002665 ) ) ;
#1333 = DIRECTION ( 'NONE',  ( 0.000000000000000000, 0.000000000000000000, 1.000000000000000000 ) ) ;
#1334 = UNCERTAINTY_MEASURE_WITH_UNIT (LENGTH_MEASURE( 1.000000000000000082E-05 ), #933, 'distance_accuracy_value', 'NONE');
#1335 = DIRECTION ( 'NONE',  ( 0.000000000000000000, 1.000000000000000000, 0.000000000000000000 ) ) ;
#1336 = EDGE_LOOP ( 'NONE', ( #656, #496, #1110, #1088 ) ) ;
#1337 = ORIENTED_EDGE ( 'NONE', *, *, #1310, .F. ) ;
#1338 = DIRECTION ( 'NONE',  ( 0.000000000000000000, 0.000000000000000000, 1.000000000000000000 ) ) ;
#1339 = CONICAL_SURFACE ( 'NONE', #623, 1.399999999999998579, 0.7853981633974500554 ) ;
#1340 = CIRCLE ( 'NONE', #1562, 5.999999999999998224 ) ;
#1341 = CARTESIAN_POINT ( 'NONE',  ( -21.49999999999999289, -2.500000000000003109, 0.000000000000000000 ) ) ;
#1342 = CARTESIAN_POINT ( 'NONE',  ( 21.50000000000000000, 1.500000000000003553, 5.000000000000000000 ) ) ;
#1343 = EDGE_CURVE ( 'NONE', #739, #1588, #1173, .T. ) ;
#1344 = ORIENTED_EDGE ( 'NONE', *, *, #1309, .F. ) ;
#1345 = DIRECTION ( 'NONE',  ( -1.000000000000000000, -1.156482317317871478E-16, 0.000000000000000000 ) ) ;
#1346 = CARTESIAN_POINT ( 'NONE',  ( -2.499999999999998668, -3.500000000000010214, 5.000000000000000000 ) ) ;
#1347 = CARTESIAN_POINT ( 'NONE',  ( -12.50000000000000000, 9.999999999999991118, 4.500000000000002665 ) ) ;
#1348 = VECTOR ( 'NONE', #165, 1000.000000000000000 ) ;
#1349 = VERTEX_POINT ( 'NONE', #578 ) ;
#1350 = DIRECTION ( 'NONE',  ( -0.000000000000000000, 0.000000000000000000, -1.000000000000000000 ) ) ;
#1351 = CARTESIAN_POINT ( 'NONE',  ( 24.00000000000000000, 9.000000000000003553, 5.000000000000000000 ) ) ;
#1352 = CARTESIAN_POINT ( 'NONE',  ( 2.500000000000000000, -3.500000000000006661, 0.000000000000000000 ) ) ;
#1353 = EDGE_CURVE ( 'NONE', #41, #746, #1015, .T. ) ;
#1354 = VECTOR ( 'NONE', #907, 1000.000000000000000 ) ;
#1355 = CARTESIAN_POINT ( 'NONE',  ( -14.40000000000000036, 9.999999999999991118, 5.000000000000000000 ) ) ;
#1356 = ORIENTED_EDGE ( 'NONE', *, *, #743, .T. ) ;
#1357 = DIRECTION ( 'NONE',  ( -1.000000000000000000, -1.156482317317871478E-16, 0.000000000000000000 ) ) ;
#1358 = VERTEX_POINT ( 'NONE', #243 ) ;
#1359 = FACE_OUTER_BOUND ( 'NONE', #329, .T. ) ;
#1360 = AXIS2_PLACEMENT_3D ( 'NONE', #1547, #1640, #792 ) ;
#1361 = CARTESIAN_POINT ( 'NONE',  ( -3.500000000000005773, -2.500000000000003109, 0.000000000000000000 ) ) ;
#1362 = VECTOR ( 'NONE', #613, 1000.000000000000000 ) ;
#1363 = DIRECTION ( 'NONE',  ( 1.000000000000000000, 0.000000000000000000, 0.000000000000000000 ) ) ;
#1364 = ORIENTED_EDGE ( 'NONE', *, *, #59, .F. ) ;
#1365 = ORIENTED_EDGE ( 'NONE', *, *, #1133, .T. ) ;
#1366 = DIRECTION ( 'NONE',  ( -1.156482317317871478E-16, 1.000000000000000000, 0.000000000000000000 ) ) ;
#1367 = ORIENTED_EDGE ( 'NONE', *, *, #766, .T. ) ;
#1368 = DIRECTION ( 'NONE',  ( 1.000000000000000000, 0.000000000000000000, 0.000000000000000000 ) ) ;
#1369 = EDGE_CURVE ( 'NONE', #311, #1058, #298, .T. ) ;
#1370 = CIRCLE ( 'NONE', #601, 1.899999999999999023 ) ;
#1371 = EDGE_CURVE ( 'NONE', #379, #100, #751, .T. ) ;
#1372 = VECTOR ( 'NONE', #210, 1000.000000000000000 ) ;
#1373 = ORIENTED_EDGE ( 'NONE', *, *, #1369, .T. ) ;
#1374 = DIRECTION ( 'NONE',  ( 1.000000000000000000, 0.000000000000000000, 0.000000000000000000 ) ) ;
#1375 = ORIENTED_EDGE ( 'NONE', *, *, #774, .T. ) ;
#1376 = DIRECTION ( 'NONE',  ( 0.000000000000000000, 0.000000000000000000, 1.000000000000000000 ) ) ;
#1377 = EDGE_CURVE ( 'NONE', #1259, #630, #1103, .T. ) ;
#1378 = CARTESIAN_POINT ( 'NONE',  ( 30.00000000000000000, 15.00000000000000355, 0.000000000000000000 ) ) ;
#1379 = AXIS2_PLACEMENT_3D ( 'NONE', #409, #192, #662 ) ;
#1380 = ORIENTED_EDGE ( 'NONE', *, *, #1621, .T. ) ;
#1381 = DIRECTION ( 'NONE',  ( -0.000000000000000000, -0.000000000000000000, -1.000000000000000000 ) ) ;
#1382 = EDGE_LOOP ( 'NONE', ( #794, #597, #753, #1527 ) ) ;
#1383 = DIRECTION ( 'NONE',  ( 1.000000000000000000, 0.000000000000000000, 0.000000000000000000 ) ) ;
#1384 = VERTEX_POINT ( 'NONE', #986 ) ;
#1385 = VECTOR ( 'NONE', #1239, 1000.000000000000000 ) ;
#1386 = DIRECTION ( 'NONE',  ( -0.000000000000000000, -0.000000000000000000, 1.000000000000000000 ) ) ;
#1387 = ORIENTED_EDGE ( 'NONE', *, *, #833, .F. ) ;
#1388 = CARTESIAN_POINT ( 'NONE',  ( -30.00000000000000000, -9.000000000000003553, 0.000000000000000000 ) ) ;
#1389 = ORIENTED_EDGE ( 'NONE', *, *, #929, .T. ) ;
#1390 = CARTESIAN_POINT ( 'NONE',  ( 12.50000000000000000, -10.00000000000000000, 0.000000000000000000 ) ) ;
#1391 = EDGE_CURVE ( 'NONE', #296, #546, #756, .T. ) ;
#1392 = VERTEX_POINT ( 'NONE', #598 ) ;
#1393 = CARTESIAN_POINT ( 'NONE',  ( 1.499999999999999778, -9.500000000000000000, 0.000000000000000000 ) ) ;
#1394 = EDGE_CURVE ( 'NONE', #1158, #1002, #474, .T. ) ;
#1395 = DIRECTION ( 'NONE',  ( -0.7071067811865487940, 8.659560562354948882E-17, 0.7071067811865463515 ) ) ;
#1396 = AXIS2_PLACEMENT_3D ( 'NONE', #767, #141, #639 ) ;
#1397 = ORIENTED_EDGE ( 'NONE', *, *, #549, .T. ) ;
#1398 = LINE ( 'NONE', #780, #859 ) ;
#1399 = DIRECTION ( 'NONE',  ( 1.000000000000000000, 0.000000000000000000, 0.000000000000000000 ) ) ;
#1400 = ORIENTED_EDGE ( 'NONE', *, *, #1328, .T. ) ;
#1401 = ORIENTED_EDGE ( 'NONE', *, *, #228, .F. ) ;
#1402 = LINE ( 'NONE', #1281, #718 ) ;
#1403 = DIRECTION ( 'NONE',  ( 0.000000000000000000, 0.000000000000000000, -1.000000000000000000 ) ) ;
#1404 = EDGE_CURVE ( 'NONE', #1013, #873, #1155, .T. ) ;
#1405 = VERTEX_POINT ( 'NONE', #1609 ) ;
#1406 = DIRECTION ( 'NONE',  ( 1.000000000000000000, 0.000000000000000000, 0.000000000000000000 ) ) ;
#1407 = DIRECTION ( 'NONE',  ( 1.000000000000000000, -2.409338161078900660E-17, 0.000000000000000000 ) ) ;
#1408 = VERTEX_POINT ( 'NONE', #856 ) ;
#1409 = AXIS2_PLACEMENT_3D ( 'NONE', #564, #277, #1069 ) ;
#1410 = VERTEX_POINT ( 'NONE', #466 ) ;
#1411 = CARTESIAN_POINT ( 'NONE',  ( -12.50000000000000000, -10.00000000000000533, 0.000000000000000000 ) ) ;
#1412 = AXIS2_PLACEMENT_3D ( 'NONE', #1260, #1152, #899 ) ;
#1413 = PLANE ( 'NONE',  #183 ) ;
#1414 = VECTOR ( 'NONE', #581, 1000.000000000000000 ) ;
#1415 = VERTEX_POINT ( 'NONE', #1253 ) ;
#1416 = LINE ( 'NONE', #1444, #878 ) ;
#1417 = CARTESIAN_POINT ( 'NONE',  ( -12.50000000000000000, 9.999999999999991118, 4.500000000000002665 ) ) ;
#1418 = ORIENTED_EDGE ( 'NONE', *, *, #1255, .F. ) ;
#1419 = EDGE_CURVE ( 'NONE', #499, #1455, #1642, .T. ) ;
#1420 = CONICAL_SURFACE ( 'NONE', #992, 1.399999999999998579, 0.7853981633974500554 ) ;
#1421 = AXIS2_PLACEMENT_3D ( 'NONE', #596, #1366, #1357 ) ;
#1422 = VERTEX_POINT ( 'NONE', #1120 ) ;
#1423 = CARTESIAN_POINT ( 'NONE',  ( 12.50000000000000000, -10.00000000000000000, 4.500000000000002665 ) ) ;
#1424 = PRESENTATION_STYLE_ASSIGNMENT (( #1573 ) ) ;
#1425 = CARTESIAN_POINT ( 'NONE',  ( 13.89999999999999858, -10.00000000000000000, 4.500000000000002665 ) ) ;
#1426 = CARTESIAN_POINT ( 'NONE',  ( 3.500000000000007550, -2.499999999999999556, 0.000000000000000000 ) ) ;
#1427 = CARTESIAN_POINT ( 'NONE',  ( 21.49999999999999289, -2.500000000000000444, 5.000000000000000000 ) ) ;
#1428 = ORIENTED_EDGE ( 'NONE', *, *, #1272, .T. ) ;
#1429 = ORIENTED_EDGE ( 'NONE', *, *, #1391, .T. ) ;
#1430 = CARTESIAN_POINT ( 'NONE',  ( 1.499999999999992895, 10.50000000000000000, 5.000000000000000000 ) ) ;
#1431 = EDGE_CURVE ( 'NONE', #746, #176, #1511, .T. ) ;
#1432 = VECTOR ( 'NONE', #77, 1000.000000000000000 ) ;
#1433 = LINE ( 'NONE', #302, #68 ) ;
#1434 = CYLINDRICAL_SURFACE ( 'NONE', #497, 1.000000000000000000 ) ;
#1435 = EDGE_LOOP ( 'NONE', ( #1474, #106, #618, #1178 ) ) ;
#1436 = ORIENTED_EDGE ( 'NONE', *, *, #1112, .T. ) ;
#1437 = DIRECTION ( 'NONE',  ( 1.000000000000000000, 0.000000000000000000, 0.000000000000000000 ) ) ;
#1438 = CIRCLE ( 'NONE', #722, 1.000000000000000888 ) ;
#1439 = FACE_OUTER_BOUND ( 'NONE', #768, .T. ) ;
#1440 = CIRCLE ( 'NONE', #96, 1.000000000000000000 ) ;
#1441 = VECTOR ( 'NONE', #151, 1000.000000000000000 ) ;
#1442 = ORIENTED_EDGE ( 'NONE', *, *, #536, .T. ) ;
#1443 = ORIENTED_EDGE ( 'NONE', *, *, #953, .T. ) ;
#1444 = CARTESIAN_POINT ( 'NONE',  ( -21.49999999999999289, -2.500000000000003109, 5.000000000000000000 ) ) ;
#1445 = ADVANCED_FACE ( 'NONE', ( #1359 ), #1484, .T. ) ;
#1446 = VERTEX_POINT ( 'NONE', #220 ) ;
#1447 = LINE ( 'NONE', #827, #125 ) ;
#1448 = VECTOR ( 'NONE', #57, 1000.000000000000000 ) ;
#1449 = EDGE_CURVE ( 'NONE', #319, #595, #467, .T. ) ;
#1450 = CARTESIAN_POINT ( 'NONE',  ( -3.500000000000006661, 2.499999999999998668, 0.000000000000000000 ) ) ;
#1451 = EDGE_CURVE ( 'NONE', #1349, #826, #916, .T. ) ;
#1452 = DIRECTION ( 'NONE',  ( -0.000000000000000000, -0.000000000000000000, 1.000000000000000000 ) ) ;
#1453 = CARTESIAN_POINT ( 'NONE',  ( 1.499999999999992895, 10.50000000000000000, 0.000000000000000000 ) ) ;
#1454 = PRODUCT_DEFINITION_FORMATION_WITH_SPECIFIED_SOURCE ( 'Symmetric', '', #469, .NOT_KNOWN. ) ;
#1455 = VERTEX_POINT ( 'NONE', #332 ) ;
#1456 = DIRECTION ( 'NONE',  ( 1.000000000000000000, -8.673617379884038430E-16, 0.000000000000000000 ) ) ;
#1457 = AXIS2_PLACEMENT_3D ( 'NONE', #1325, #1592, #1077 ) ;
#1458 = DIRECTION ( 'NONE',  ( -1.000000000000000000, 0.000000000000000000, -0.000000000000000000 ) ) ;
#1459 = CARTESIAN_POINT ( 'NONE',  ( 30.00000000000000000, -8.999999999999998224, 5.000000000000000000 ) ) ;
#1460 = FACE_OUTER_BOUND ( 'NONE', #554, .T. ) ;
#1461 = ORIENTED_EDGE ( 'NONE', *, *, #1404, .T. ) ;
#1462 = DIRECTION ( 'NONE',  ( 1.000000000000000000, 0.000000000000000000, 0.000000000000000000 ) ) ;
#1463 = DIRECTION ( 'NONE',  ( 1.000000000000000000, 1.156482317317871478E-16, -0.000000000000000000 ) ) ;
#1464 = AXIS2_PLACEMENT_3D ( 'NONE', #1616, #869, #1096 ) ;
#1465 = DIRECTION ( 'NONE',  ( 1.000000000000000000, 0.000000000000000000, 0.000000000000000000 ) ) ;
#1466 = PRODUCT_DEFINITION_CONTEXT ( 'detailed design', #645, 'design' ) ;
#1467 = CARTESIAN_POINT ( 'NONE',  ( -3.500000000000005773, -2.500000000000003109, 0.000000000000000000 ) ) ;
#1468 = VERTEX_POINT ( 'NONE', #848 ) ;
#1469 = CARTESIAN_POINT ( 'NONE',  ( -2.499999999999999112, 3.500000000000005773, 0.000000000000000000 ) ) ;
#1470 = EDGE_CURVE ( 'NONE', #1384, #1013, #1111, .T. ) ;
#1471 = AXIS2_PLACEMENT_3D ( 'NONE', #1011, #1143, #781 ) ;
#1472 = CARTESIAN_POINT ( 'NONE',  ( 3.500000000000007550, -2.499999999999999556, 0.000000000000000000 ) ) ;
#1473 = DIRECTION ( 'NONE',  ( -0.000000000000000000, -0.000000000000000000, 1.000000000000000000 ) ) ;
#1474 = ORIENTED_EDGE ( 'NONE', *, *, #266, .F. ) ;
#1475 = DIRECTION ( 'NONE',  ( 0.000000000000000000, -0.000000000000000000, 1.000000000000000000 ) ) ;
#1476 = CARTESIAN_POINT ( 'NONE',  ( -30.00000000000000000, 8.999999999999998224, 5.000000000000000000 ) ) ;
#1477 = EDGE_CURVE ( 'NONE', #389, #734, #480, .T. ) ;
#1478 = EDGE_CURVE ( 'NONE', #896, #319, #726, .T. ) ;
#1479 = PLANE ( 'NONE',  #1107 ) ;
#1480 = PLANE ( 'NONE',  #67 ) ;
#1481 = ORIENTED_EDGE ( 'NONE', *, *, #1251, .F. ) ;
#1482 = CARTESIAN_POINT ( 'NONE',  ( 0.000000000000000000, 0.000000000000000000, 0.000000000000000000 ) ) ;
#1483 = ORIENTED_EDGE ( 'NONE', *, *, #1556, .F. ) ;
#1484 = CYLINDRICAL_SURFACE ( 'NONE', #839, 5.999999999999998224 ) ;
#1485 = EDGE_CURVE ( 'NONE', #499, #1128, #491, .T. ) ;
#1486 = CARTESIAN_POINT ( 'NONE',  ( -21.49999999999999289, -2.500000000000003109, 0.000000000000000000 ) ) ;
#1487 = VECTOR ( 'NONE', #55, 1000.000000000000000 ) ;
#1488 = ADVANCED_BREP_SHAPE_REPRESENTATION ( 'Tail-Lock', ( #511, #525 ), #443 ) ;
#1489 = EDGE_CURVE ( 'NONE', #580, #379, #358, .T. ) ;
#1490 = DIRECTION ( 'NONE',  ( 0.000000000000000000, 0.000000000000000000, 1.000000000000000000 ) ) ;
#1491 = AXIS2_PLACEMENT_3D ( 'NONE', #448, #410, #807 ) ;
#1492 = ORIENTED_EDGE ( 'NONE', *, *, #28, .T. ) ;
#1493 = PLANE ( 'NONE',  #989 ) ;
#1494 = ORIENTED_EDGE ( 'NONE', *, *, #12, .F. ) ;
#1495 = CARTESIAN_POINT ( 'NONE',  ( -13.89999999999999858, -10.00000000000000533, 0.000000000000000000 ) ) ;
#1496 = VECTOR ( 'NONE', #1608, 1000.000000000000000 ) ;
#1497 = EDGE_CURVE ( 'NONE', #1128, #477, #1075, .T. ) ;
#1498 = CIRCLE ( 'NONE', #840, 0.9999999999999995559 ) ;
#1499 = CARTESIAN_POINT ( 'NONE',  ( 21.49999999999999289, -2.500000000000000444, 0.000000000000000000 ) ) ;
#1500 = ADVANCED_FACE ( 'NONE', ( #635 ), #1339, .F. ) ;
#1501 = EDGE_CURVE ( 'NONE', #622, #311, #130, .T. ) ;
#1502 = ORIENTED_EDGE ( 'NONE', *, *, #1628, .T. ) ;
#1503 = FACE_BOUND ( 'NONE', #1130, .T. ) ;
#1504 = ORIENTED_EDGE ( 'NONE', *, *, #945, .T. ) ;
#1505 = DIRECTION ( 'NONE',  ( -1.000000000000000000, -9.637352644315602638E-17, 0.000000000000000000 ) ) ;
#1506 = LINE ( 'NONE', #1378, #1192 ) ;
#1507 = EDGE_LOOP ( 'NONE', ( #930, #1607, #725, #1266 ) ) ;
#1508 = AXIS2_PLACEMENT_3D ( 'NONE', #1034, #433, #1437 ) ;
#1509 = CARTESIAN_POINT ( 'NONE',  ( -3.500000000000006661, 2.499999999999998668, 5.000000000000000000 ) ) ;
#1510 = ORIENTED_EDGE ( 'NONE', *, *, #75, .T. ) ;
#1511 = LINE ( 'NONE', #1476, #573 ) ;
#1512 = ORIENTED_EDGE ( 'NONE', *, *, #354, .T. ) ;
#1513 = CARTESIAN_POINT ( 'NONE',  ( 10.60000000000000142, -10.00000000000000000, 5.000000000000000000 ) ) ;
#1514 = CONICAL_SURFACE ( 'NONE', #698, 1.399999999999998579, 0.7853981633974500554 ) ;
#1515 = ORIENTED_EDGE ( 'NONE', *, *, #380, .F. ) ;
#1516 = LINE ( 'NONE', #762, #545 ) ;
#1517 = ORIENTED_EDGE ( 'NONE', *, *, #1331, .T. ) ;
#1518 = CYLINDRICAL_SURFACE ( 'NONE', #1180, 1.000000000000000888 ) ;
#1519 = ORIENTED_EDGE ( 'NONE', *, *, #1470, .F. ) ;
#1520 = FACE_OUTER_BOUND ( 'NONE', #574, .T. ) ;
#1521 = AXIS2_PLACEMENT_3D ( 'NONE', #1194, #74, #168 ) ;
#1522 = ADVANCED_FACE ( 'NONE', ( #1287 ), #517, .F. ) ;
#1523 = DIRECTION ( 'NONE',  ( 1.000000000000000000, -2.409338161078900660E-17, 0.000000000000000000 ) ) ;
#1524 = ORIENTED_EDGE ( 'NONE', *, *, #1583, .F. ) ;
#1525 = FACE_OUTER_BOUND ( 'NONE', #931, .T. ) ;
#1526 = CARTESIAN_POINT ( 'NONE',  ( 1.499999999999992895, 10.50000000000000000, 5.000000000000000000 ) ) ;
#1527 = ORIENTED_EDGE ( 'NONE', *, *, #1377, .F. ) ;
#1528 = ORIENTED_EDGE ( 'NONE', *, *, #528, .T. ) ;
#1529 = DIRECTION ( 'NONE',  ( -0.000000000000000000, -0.000000000000000000, 1.000000000000000000 ) ) ;
#1530 = ADVANCED_FACE ( 'NONE', ( #1040 ), #890, .T. ) ;
#1531 = EDGE_CURVE ( 'NONE', #630, #146, #1290, .T. ) ;
#1532 = CARTESIAN_POINT ( 'NONE',  ( 11.10000000000000142, 10.00000000000000000, 4.500000000000002665 ) ) ;
#1533 = AXIS2_PLACEMENT_3D ( 'NONE', #1132, #1265, #9 ) ;
#1534 = ORIENTED_EDGE ( 'NONE', *, *, #1272, .F. ) ;
#1535 = ORIENTED_EDGE ( 'NONE', *, *, #1024, .T. ) ;
#1536 = CYLINDRICAL_SURFACE ( 'NONE', #514, 0.9999999999999995559 ) ;
#1537 = EDGE_CURVE ( 'NONE', #146, #630, #1560, .T. ) ;
#1538 = CARTESIAN_POINT ( 'NONE',  ( 22.50000000000000000, -1.499999999999992895, 0.000000000000000000 ) ) ;
#1539 = ORIENTED_EDGE ( 'NONE', *, *, #614, .T. ) ;
#1540 = VECTOR ( 'NONE', #957, 1000.000000000000000 ) ;
#1541 = ORIENTED_EDGE ( 'NONE', *, *, #950, .F. ) ;
#1542 = CARTESIAN_POINT ( 'NONE',  ( 24.00000000000000000, -14.99999999999999645, 0.000000000000000000 ) ) ;
#1543 = ADVANCED_FACE ( 'NONE', ( #162 ), #326, .F. ) ;
#1544 = DIRECTION ( 'NONE',  ( 1.000000000000000000, 0.000000000000000000, 0.000000000000000000 ) ) ;
#1545 = EDGE_CURVE ( 'NONE', #1422, #1588, #543, .T. ) ;
#1546 = CARTESIAN_POINT ( 'NONE',  ( -2.499999999999998668, -3.500000000000010214, 5.000000000000000000 ) ) ;
#1547 = CARTESIAN_POINT ( 'NONE',  ( 1.499999999999992895, 10.50000000000000000, 0.000000000000000000 ) ) ;
#1548 = DIRECTION ( 'NONE',  ( 0.000000000000000000, 0.000000000000000000, 1.000000000000000000 ) ) ;
#1549 = ORIENTED_EDGE ( 'NONE', *, *, #1053, .T. ) ;
#1550 = ORIENTED_EDGE ( 'NONE', *, *, #350, .F. ) ;
#1551 = DIRECTION ( 'NONE',  ( 1.000000000000000000, 0.000000000000000000, 0.000000000000000000 ) ) ;
#1552 = AXIS2_PLACEMENT_3D ( 'NONE', #673, #1176, #817 ) ;
#1553 = CARTESIAN_POINT ( 'NONE',  ( -3.499999999999999112, 3.499999999999998668, 5.000000000000000000 ) ) ;
#1554 = ORIENTED_EDGE ( 'NONE', *, *, #495, .F. ) ;
#1555 = VERTEX_POINT ( 'NONE', #1427 ) ;
#1556 = EDGE_CURVE ( 'NONE', #892, #488, #411, .T. ) ;
#1557 = CARTESIAN_POINT ( 'NONE',  ( 21.50000000000000000, -1.500000000000000222, 5.000000000000000000 ) ) ;
#1558 = CARTESIAN_POINT ( 'NONE',  ( 13.89999999999999858, 10.00000000000000000, 0.000000000000000000 ) ) ;
#1559 = VERTEX_POINT ( 'NONE', #1538 ) ;
#1560 = CIRCLE ( 'NONE', #124, 1.399999999999998579 ) ;
#1561 = ADVANCED_FACE ( 'NONE', ( #763 ), #1518, .F. ) ;
#1562 = AXIS2_PLACEMENT_3D ( 'NONE', #290, #1179, #1456 ) ;
#1563 = ORIENTED_EDGE ( 'NONE', *, *, #997, .F. ) ;
#1564 = LINE ( 'NONE', #568, #276 ) ;
#1565 = CARTESIAN_POINT ( 'NONE',  ( -22.50000000000000000, 1.499999999999989786, 0.000000000000000000 ) ) ;
#1566 = AXIS2_PLACEMENT_3D ( 'NONE', #918, #426, #804 ) ;
#1567 = CARTESIAN_POINT ( 'NONE',  ( 30.00000000000000000, -14.99999999999999645, 5.000000000000000000 ) ) ;
#1568 = CARTESIAN_POINT ( 'NONE',  ( -2.499999999999998668, -3.500000000000010214, 0.000000000000000000 ) ) ;
#1569 = APPLICATION_PROTOCOL_DEFINITION ( 'draft international standard', 'automotive_design', 1998, #982 ) ;
#1570 = ORIENTED_EDGE ( 'NONE', *, *, #908, .T. ) ;
#1571 = ORIENTED_EDGE ( 'NONE', *, *, #1353, .T. ) ;
#1572 = FACE_OUTER_BOUND ( 'NONE', #1196, .T. ) ;
#1573 = SURFACE_STYLE_USAGE ( .BOTH. , #435 ) ;
#1574 = ADVANCED_FACE ( 'NONE', ( #375 ), #1420, .F. ) ;
#1575 = ORIENTED_EDGE ( 'NONE', *, *, #1118, .T. ) ;
#1576 = LINE ( 'NONE', #1567, #1091 ) ;
#1577 = DIRECTION ( 'NONE',  ( 0.000000000000000000, 0.000000000000000000, -1.000000000000000000 ) ) ;
#1578 = ADVANCED_FACE ( 'NONE', ( #138 ), #275, .F. ) ;
#1579 = CARTESIAN_POINT ( 'NONE',  ( -24.00000000000000000, 8.999999999999998224, 5.000000000000000000 ) ) ;
#1580 = ORIENTED_EDGE ( 'NONE', *, *, #1431, .T. ) ;
#1581 = DIRECTION ( 'NONE',  ( 0.7071067811865487940, 0.000000000000000000, 0.7071067811865463515 ) ) ;
#1582 = AXIS2_PLACEMENT_3D ( 'NONE', #447, #1473, #82 ) ;
#1583 = EDGE_CURVE ( 'NONE', #365, #91, #145, .T. ) ;
#1584 = DIRECTION ( 'NONE',  ( 0.000000000000000000, -0.000000000000000000, 1.000000000000000000 ) ) ;
#1585 = CIRCLE ( 'NONE', #988, 1.000000000000000000 ) ;
#1586 = AXIS2_PLACEMENT_3D ( 'NONE', #128, #634, #144 ) ;
#1587 = LINE ( 'NONE', #1546, #1354 ) ;
#1588 = VERTEX_POINT ( 'NONE', #21 ) ;
#1589 = DIRECTION ( 'NONE',  ( -0.000000000000000000, -0.000000000000000000, 1.000000000000000000 ) ) ;
#1590 = AXIS2_PLACEMENT_3D ( 'NONE', #629, #1262, #286 ) ;
#1591 = EDGE_CURVE ( 'NONE', #1058, #1555, #1031, .T. ) ;
#1592 = DIRECTION ( 'NONE',  ( 0.000000000000000000, -0.000000000000000000, 1.000000000000000000 ) ) ;
#1593 = DIRECTION ( 'NONE',  ( 1.000000000000000000, 0.000000000000000000, 0.000000000000000000 ) ) ;
#1594 = PLANE ( 'NONE',  #777 ) ;
#1595 = EDGE_LOOP ( 'NONE', ( #1154, #1329, #22, #1510 ) ) ;
#1596 = CARTESIAN_POINT ( 'NONE',  ( -30.00000000000000000, -15.00000000000000355, 5.000000000000000000 ) ) ;
#1597 = AXIS2_PLACEMENT_3D ( 'NONE', #327, #1458, #88 ) ;
#1598 = LINE ( 'NONE', #455, #1540 ) ;
#1599 = CARTESIAN_POINT ( 'NONE',  ( 12.50000000000000000, 10.00000000000000000, 0.000000000000000000 ) ) ;
#1600 = DIRECTION ( 'NONE',  ( 0.000000000000000000, -0.000000000000000000, 1.000000000000000000 ) ) ;
#1601 = DIRECTION ( 'NONE',  ( 1.000000000000000000, 0.000000000000000000, 0.000000000000000000 ) ) ;
#1602 = ORIENTED_EDGE ( 'NONE', *, *, #486, .T. ) ;
#1603 = CYLINDRICAL_SURFACE ( 'NONE', #1126, 1.000000000000000000 ) ;
#1604 = DIRECTION ( 'NONE',  ( -0.000000000000000000, -0.000000000000000000, 1.000000000000000000 ) ) ;
#1605 = AXIS2_PLACEMENT_3D ( 'NONE', #516, #267, #1286 ) ;
#1606 = CARTESIAN_POINT ( 'NONE',  ( -30.00000000000000000, -9.000000000000003553, 5.000000000000000000 ) ) ;
#1607 = ORIENTED_EDGE ( 'NONE', *, *, #908, .F. ) ;
#1608 = DIRECTION ( 'NONE',  ( -0.000000000000000000, -0.000000000000000000, 1.000000000000000000 ) ) ;
#1609 = CARTESIAN_POINT ( 'NONE',  ( 3.500000000000006217, 2.500000000000000444, 5.000000000000000000 ) ) ;
#1610 = DIRECTION ( 'NONE',  ( 1.000000000000000000, 0.000000000000000000, 0.000000000000000000 ) ) ;
#1611 = PLANE ( 'NONE',  #775 ) ;
#1612 = ORIENTED_EDGE ( 'NONE', *, *, #593, .F. ) ;
#1613 = CARTESIAN_POINT ( 'NONE',  ( -13.89999999999999858, 9.999999999999991118, 4.500000000000002665 ) ) ;
#1614 = ORIENTED_EDGE ( 'NONE', *, *, #538, .T. ) ;
#1615 = ADVANCED_FACE ( 'NONE', ( #268 ), #31, .T. ) ;
#1616 = CARTESIAN_POINT ( 'NONE',  ( 3.499999999999999556, -3.499999999999999556, 5.000000000000000000 ) ) ;
#1617 = CONICAL_SURFACE ( 'NONE', #1566, 1.399999999999998579, 0.7853981633974500554 ) ;
#1618 = DIRECTION ( 'NONE',  ( 0.000000000000000000, -0.000000000000000000, -1.000000000000000000 ) ) ;
#1619 = CIRCLE ( 'NONE', #870, 1.399999999999998579 ) ;
#1620 = CARTESIAN_POINT ( 'NONE',  ( 2.499999999999999556, 9.499999999999994671, 0.000000000000000000 ) ) ;
#1621 = EDGE_CURVE ( 'NONE', #560, #41, #710, .T. ) ;
#1622 = ORIENTED_EDGE ( 'NONE', *, *, #605, .T. ) ;
#1623 = EDGE_CURVE ( 'NONE', #260, #896, #683, .T. ) ;
#1624 = FACE_OUTER_BOUND ( 'NONE', #602, .T. ) ;
#1625 = EDGE_LOOP ( 'NONE', ( #1602, #1305, #1387, #1292 ) ) ;
#1626 = CARTESIAN_POINT ( 'NONE',  ( -11.10000000000000142, 9.999999999999991118, 0.000000000000000000 ) ) ;
#1627 = ADVANCED_FACE ( 'NONE', ( #960 ), #1434, .T. ) ;
#1628 = EDGE_CURVE ( 'NONE', #873, #524, #674, .T. ) ;
#1629 = CARTESIAN_POINT ( 'NONE',  ( -13.89999999999999858, -10.00000000000000533, 0.000000000000000000 ) ) ;
#1630 = CIRCLE ( 'NONE', #906, 1.000000000000000000 ) ;
#1631 = ORIENTED_EDGE ( 'NONE', *, *, #1394, .F. ) ;
#1632 = DIRECTION ( 'NONE',  ( 0.000000000000000000, 0.000000000000000000, 1.000000000000000000 ) ) ;
#1633 = ORIENTED_EDGE ( 'NONE', *, *, #843, .T. ) ;
#1634 = CARTESIAN_POINT ( 'NONE',  ( 24.00000000000000000, -8.999999999999998224, 5.000000000000000000 ) ) ;
#1635 = VECTOR ( 'NONE', #1245, 1000.000000000000000 ) ;
#1636 = AXIS2_PLACEMENT_3D ( 'NONE', #6, #382, #40 ) ;
#1637 = CIRCLE ( 'NONE', #624, 0.9999999999999997780 ) ;
#1638 = CARTESIAN_POINT ( 'NONE',  ( 22.50000000000000000, -1.499999999999992895, 0.000000000000000000 ) ) ;
#1639 = ORIENTED_EDGE ( 'NONE', *, *, #1235, .F. ) ;
#1640 = DIRECTION ( 'NONE',  ( 0.000000000000000000, 1.000000000000000000, 0.000000000000000000 ) ) ;
#1641 = EDGE_LOOP ( 'NONE', ( #1168, #1519, #800, #233 ) ) ;
#1642 = LINE ( 'NONE', #500, #439 ) ;
#1643 = ORIENTED_EDGE ( 'NONE', *, *, #688, .F. ) ;
ENDSEC;
END-ISO-10303-21;
